Sample	0	1	2	3	4	5	6	7	8	9	10	11	12	13	14	15	16	17	18	19	20	21	22	23	24	25	26	27	28	29	30	31	32	33	34	35	36	37	38	39	40	41	42	43	44	45	46	47	48	49	50	51	52	53	54	55	56	57	58	59	60	61	62	63	64	65	66	67	68	69	70	71	72	73	74	75	76	77	78	79	80	81	82	83	84	85	86	87	88	89	90	91	92	93	94	95	96	97	98	99	100
PID-2861-10_S205_R1_001	(0.0, 0.0)	(1.0, 0.0)	(2.0, 0.0)	(3.0, 0.0)	(4.0, 0.0)	(5.0, 0.0)	(6.0, 0.0)	(7.0, 1.0)	(8.0, 3.5)	(9.0, 11.5)	(10.0, 27.5)	(11.0, 44.0)	(12.0, 71.5)	(13.0, 137.0)	(14.0, 241.0)	(15.0, 423.5)	(16.0, 639.5)	(17.0, 913.0)	(18.0, 1269.0)	(19.0, 1627.5)	(20.0, 2122.0)	(21.0, 2682.0)	(22.0, 3238.5)	(23.0, 3957.5)	(24.0, 4861.5)	(25.0, 5871.0)	(26.0, 7017.0)	(27.0, 8260.5)	(28.0, 9955.5)	(29.0, 12023.5)	(30.0, 14281.0)	(31.0, 17075.0)	(32.0, 20189.0)	(33.0, 23680.5)	(34.0, 27913.0)	(35.0, 32265.5)	(36.0, 36883.0)	(37.0, 41671.0)	(38.0, 46004.0)	(39.0, 49640.5)	(40.0, 52128.5)	(41.0, 53446.5)	(42.0, 52437.0)	(43.0, 49379.5)	(44.0, 45377.5)	(45.0, 40182.0)	(46.0, 34602.0)	(47.0, 28669.0)	(48.0, 22465.5)	(49.0, 16965.0)	(50.0, 12585.5)	(51.0, 9143.0)	(52.0, 6393.0)	(53.0, 4455.5)	(54.0, 2948.5)	(55.0, 1986.5)	(56.0, 1431.0)	(57.0, 947.5)	(58.0, 637.0)	(59.0, 459.0)	(60.0, 330.5)	(61.0, 245.5)	(62.0, 196.5)	(63.0, 163.5)	(64.0, 139.5)	(65.0, 106.5)	(66.0, 80.5)	(67.0, 72.5)	(68.0, 48.5)	(69.0, 18.5)	(70.0, 21.5)	(71.0, 22.0)	(72.0, 10.5)	(73.0, 4.0)	(74.0, 4.0)	(75.0, 4.0)	(76.0, 2.0)	(77.0, 2.0)	(78.0, 1.5)	(79.0, 0.5)	(80.0, 1.0)	(81.0, 1.0)	(82.0, 1.0)	(83.0, 1.5)	(84.0, 0.5)	(85.0, 0.0)	(86.0, 0.0)	(87.0, 0.0)	(88.0, 0.0)	(89.0, 0.0)	(90.0, 0.0)	(91.0, 1.0)	(92.0, 1.0)	(93.0, 0.0)	(94.0, 0.5)	(95.0, 0.5)	(96.0, 0.0)	(97.0, 0.0)	(98.0, 0.5)	(99.0, 0.5)	(100.0, 0.0)
PID-2861-10_S205_R2_001	(0.0, 0.0)	(1.0, 0.5)	(2.0, 0.5)	(3.0, 0.0)	(4.0, 0.0)	(5.0, 0.0)	(6.0, 0.5)	(7.0, 0.5)	(8.0, 1.5)	(9.0, 14.5)	(10.0, 30.0)	(11.0, 41.5)	(12.0, 71.0)	(13.0, 139.0)	(14.0, 240.0)	(15.0, 414.0)	(16.0, 612.5)	(17.0, 871.5)	(18.0, 1205.5)	(19.0, 1492.0)	(20.0, 2004.0)	(21.0, 2601.0)	(22.0, 3088.5)	(23.0, 3786.0)	(24.0, 4623.0)	(25.0, 5640.0)	(26.0, 6734.5)	(27.0, 7985.5)	(28.0, 9730.5)	(29.0, 11697.5)	(30.0, 13920.5)	(31.0, 16666.5)	(32.0, 19808.5)	(33.0, 23302.5)	(34.0, 27306.5)	(35.0, 31928.5)	(36.0, 36614.0)	(37.0, 41382.0)	(38.0, 45917.0)	(39.0, 49321.0)	(40.0, 51877.5)	(41.0, 53048.0)	(42.0, 52180.0)	(43.0, 49554.5)	(44.0, 45586.0)	(45.0, 40808.0)	(46.0, 34791.5)	(47.0, 28041.5)	(48.0, 22242.5)	(49.0, 17281.0)	(50.0, 13019.0)	(51.0, 9533.5)	(52.0, 6741.0)	(53.0, 4657.0)	(54.0, 3089.5)	(55.0, 2132.5)	(56.0, 1539.0)	(57.0, 1084.5)	(58.0, 755.0)	(59.0, 510.5)	(60.0, 390.0)	(61.0, 340.0)	(62.0, 267.0)	(63.0, 214.5)	(64.0, 182.0)	(65.0, 151.5)	(66.0, 149.5)	(67.0, 123.5)	(68.0, 78.5)	(69.0, 57.5)	(70.0, 60.0)	(71.0, 52.0)	(72.0, 43.5)	(73.0, 43.5)	(74.0, 34.0)	(75.0, 34.0)	(76.0, 36.0)	(77.0, 27.5)	(78.0, 18.0)	(79.0, 29.5)	(80.0, 34.0)	(81.0, 23.5)	(82.0, 21.5)	(83.0, 25.0)	(84.0, 20.5)	(85.0, 20.0)	(86.0, 25.5)	(87.0, 28.0)	(88.0, 26.5)	(89.0, 26.5)	(90.0, 33.5)	(91.0, 35.0)	(92.0, 31.5)	(93.0, 29.5)	(94.0, 33.0)	(95.0, 38.0)	(96.0, 50.5)	(97.0, 76.0)	(98.0, 113.5)	(99.0, 204.0)	(100.0, 1183.5)
PID-2861-11_S206_R1_001	(0.0, 0.0)	(1.0, 0.0)	(2.0, 0.0)	(3.0, 0.0)	(4.0, 0.0)	(5.0, 0.5)	(6.0, 1.0)	(7.0, 2.0)	(8.0, 5.0)	(9.0, 14.0)	(10.0, 40.0)	(11.0, 70.0)	(12.0, 106.5)	(13.0, 200.5)	(14.0, 360.0)	(15.0, 632.5)	(16.0, 935.0)	(17.0, 1356.0)	(18.0, 1835.0)	(19.0, 2287.0)	(20.0, 2981.0)	(21.0, 3723.0)	(22.0, 4503.5)	(23.0, 5431.5)	(24.0, 6636.0)	(25.0, 8094.0)	(26.0, 9438.5)	(27.0, 11018.0)	(28.0, 13072.0)	(29.0, 15421.0)	(30.0, 17971.5)	(31.0, 20889.0)	(32.0, 24374.0)	(33.0, 28077.0)	(34.0, 32352.5)	(35.0, 36774.0)	(36.0, 41064.0)	(37.0, 45521.0)	(38.0, 49079.5)	(39.0, 51889.0)	(40.0, 53996.0)	(41.0, 54042.5)	(42.0, 51955.0)	(43.0, 48176.0)	(44.0, 43488.0)	(45.0, 38496.0)	(46.0, 32640.5)	(47.0, 26308.5)	(48.0, 20502.0)	(49.0, 15594.0)	(50.0, 11527.5)	(51.0, 8352.5)	(52.0, 5939.5)	(53.0, 4075.5)	(54.0, 2652.0)	(55.0, 1751.5)	(56.0, 1266.5)	(57.0, 896.5)	(58.0, 648.0)	(59.0, 461.0)	(60.0, 339.5)	(61.0, 286.0)	(62.0, 211.5)	(63.0, 164.0)	(64.0, 144.0)	(65.0, 105.5)	(66.0, 86.5)	(67.0, 73.0)	(68.0, 47.5)	(69.0, 26.5)	(70.0, 19.5)	(71.0, 16.0)	(72.0, 9.5)	(73.0, 3.5)	(74.0, 0.5)	(75.0, 0.5)	(76.0, 1.5)	(77.0, 1.5)	(78.0, 1.5)	(79.0, 1.0)	(80.0, 0.0)	(81.0, 1.0)	(82.0, 1.0)	(83.0, 1.5)	(84.0, 1.5)	(85.0, 1.0)	(86.0, 1.0)	(87.0, 0.5)	(88.0, 1.0)	(89.0, 0.5)	(90.0, 0.0)	(91.0, 0.0)	(92.0, 0.5)	(93.0, 1.0)	(94.0, 0.5)	(95.0, 0.0)	(96.0, 0.5)	(97.0, 1.0)	(98.0, 1.0)	(99.0, 0.5)	(100.0, 0.0)
PID-2861-11_S206_R2_001	(0.0, 0.0)	(1.0, 0.0)	(2.0, 0.0)	(3.0, 0.0)	(4.0, 0.0)	(5.0, 0.0)	(6.0, 0.5)	(7.0, 3.0)	(8.0, 7.5)	(9.0, 18.0)	(10.0, 39.0)	(11.0, 63.0)	(12.0, 106.0)	(13.0, 200.5)	(14.0, 351.5)	(15.0, 607.5)	(16.0, 917.5)	(17.0, 1276.0)	(18.0, 1681.5)	(19.0, 2182.5)	(20.0, 2969.0)	(21.0, 3755.5)	(22.0, 4476.0)	(23.0, 5334.5)	(24.0, 6527.0)	(25.0, 7836.0)	(26.0, 9123.0)	(27.0, 10897.0)	(28.0, 13118.5)	(29.0, 15476.5)	(30.0, 17985.5)	(31.0, 20999.0)	(32.0, 24543.0)	(33.0, 28145.5)	(34.0, 32090.5)	(35.0, 36636.0)	(36.0, 40981.5)	(37.0, 45310.5)	(38.0, 48934.0)	(39.0, 51584.0)	(40.0, 53151.0)	(41.0, 53180.0)	(42.0, 51582.5)	(43.0, 48099.5)	(44.0, 43733.0)	(45.0, 38405.0)	(46.0, 32356.5)	(47.0, 26242.5)	(48.0, 20502.0)	(49.0, 15536.0)	(50.0, 11500.5)	(51.0, 8372.5)	(52.0, 5931.5)	(53.0, 4145.5)	(54.0, 2774.5)	(55.0, 1903.0)	(56.0, 1425.0)	(57.0, 995.5)	(58.0, 663.5)	(59.0, 474.0)	(60.0, 374.5)	(61.0, 303.5)	(62.0, 255.0)	(63.0, 219.5)	(64.0, 173.5)	(65.0, 147.0)	(66.0, 124.0)	(67.0, 103.0)	(68.0, 83.0)	(69.0, 62.0)	(70.0, 49.5)	(71.0, 37.5)	(72.0, 37.5)	(73.0, 34.5)	(74.0, 30.5)	(75.0, 23.0)	(76.0, 25.5)	(77.0, 26.0)	(78.0, 25.5)	(79.0, 26.0)	(80.0, 24.5)	(81.0, 25.0)	(82.0, 19.0)	(83.0, 25.5)	(84.0, 30.5)	(85.0, 25.5)	(86.0, 24.0)	(87.0, 22.0)	(88.0, 19.0)	(89.0, 21.0)	(90.0, 22.0)	(91.0, 21.0)	(92.0, 20.0)	(93.0, 24.5)	(94.0, 34.0)	(95.0, 37.5)	(96.0, 44.0)	(97.0, 64.0)	(98.0, 107.0)	(99.0, 202.0)	(100.0, 1244.5)
PID-2861-12_S207_R1_001	(0.0, 0.0)	(1.0, 0.0)	(2.0, 0.0)	(3.0, 0.0)	(4.0, 0.5)	(5.0, 1.0)	(6.0, 1.5)	(7.0, 4.5)	(8.0, 7.0)	(9.0, 12.0)	(10.0, 22.5)	(11.0, 43.5)	(12.0, 75.0)	(13.0, 152.0)	(14.0, 270.0)	(15.0, 468.5)	(16.0, 736.0)	(17.0, 1055.0)	(18.0, 1448.5)	(19.0, 1834.0)	(20.0, 2482.0)	(21.0, 3218.5)	(22.0, 3887.5)	(23.0, 4697.0)	(24.0, 5721.5)	(25.0, 6930.5)	(26.0, 8198.0)	(27.0, 9646.5)	(28.0, 11456.5)	(29.0, 13391.5)	(30.0, 15656.5)	(31.0, 18446.5)	(32.0, 21415.0)	(33.0, 24712.5)	(34.0, 28224.5)	(35.0, 32192.0)	(36.0, 36204.0)	(37.0, 39904.5)	(38.0, 43105.0)	(39.0, 45446.5)	(40.0, 46968.5)	(41.0, 46858.5)	(42.0, 45210.5)	(43.0, 42289.5)	(44.0, 38175.5)	(45.0, 33140.5)	(46.0, 27824.5)	(47.0, 22640.5)	(48.0, 17499.5)	(49.0, 13158.5)	(50.0, 9754.5)	(51.0, 7085.5)	(52.0, 4965.0)	(53.0, 3418.5)	(54.0, 2303.5)	(55.0, 1495.0)	(56.0, 1086.5)	(57.0, 771.5)	(58.0, 541.0)	(59.0, 370.0)	(60.0, 263.5)	(61.0, 220.0)	(62.0, 188.5)	(63.0, 149.0)	(64.0, 109.5)	(65.0, 89.0)	(66.0, 72.0)	(67.0, 56.0)	(68.0, 37.5)	(69.0, 19.5)	(70.0, 11.5)	(71.0, 11.0)	(72.0, 8.5)	(73.0, 4.5)	(74.0, 2.5)	(75.0, 0.5)	(76.0, 1.0)	(77.0, 2.5)	(78.0, 2.0)	(79.0, 0.5)	(80.0, 0.0)	(81.0, 0.0)	(82.0, 0.0)	(83.0, 0.0)	(84.0, 0.0)	(85.0, 0.0)	(86.0, 0.0)	(87.0, 0.5)	(88.0, 1.0)	(89.0, 0.5)	(90.0, 0.0)	(91.0, 0.0)	(92.0, 0.0)	(93.0, 0.0)	(94.0, 0.0)	(95.0, 0.5)	(96.0, 1.0)	(97.0, 1.5)	(98.0, 1.0)	(99.0, 0.0)	(100.0, 0.0)
PID-2861-12_S207_R2_001	(0.0, 0.0)	(1.0, 0.0)	(2.0, 0.0)	(3.0, 0.5)	(4.0, 0.5)	(5.0, 0.0)	(6.0, 2.0)	(7.0, 3.0)	(8.0, 5.0)	(9.0, 9.5)	(10.0, 19.5)	(11.0, 44.0)	(12.0, 77.0)	(13.0, 139.5)	(14.0, 238.5)	(15.0, 439.5)	(16.0, 700.5)	(17.0, 1019.0)	(18.0, 1453.5)	(19.0, 1886.5)	(20.0, 2495.0)	(21.0, 3216.0)	(22.0, 3895.0)	(23.0, 4658.5)	(24.0, 5674.5)	(25.0, 6911.0)	(26.0, 8159.0)	(27.0, 9606.5)	(28.0, 11499.0)	(29.0, 13567.0)	(30.0, 15643.0)	(31.0, 18392.0)	(32.0, 21618.0)	(33.0, 24865.0)	(34.0, 28378.0)	(35.0, 31984.0)	(36.0, 35969.5)	(37.0, 39945.0)	(38.0, 42846.5)	(39.0, 44978.5)	(40.0, 46564.5)	(41.0, 46786.5)	(42.0, 45037.0)	(43.0, 41637.5)	(44.0, 37446.0)	(45.0, 32925.5)	(46.0, 27744.5)	(47.0, 22243.0)	(48.0, 17403.0)	(49.0, 13405.5)	(50.0, 10012.5)	(51.0, 7120.5)	(52.0, 4920.5)	(53.0, 3423.5)	(54.0, 2347.0)	(55.0, 1614.0)	(56.0, 1155.0)	(57.0, 841.0)	(58.0, 598.0)	(59.0, 400.5)	(60.0, 307.5)	(61.0, 257.0)	(62.0, 197.5)	(63.0, 166.0)	(64.0, 135.5)	(65.0, 112.5)	(66.0, 92.0)	(67.0, 77.5)	(68.0, 65.0)	(69.0, 45.5)	(70.0, 33.5)	(71.0, 35.5)	(72.0, 34.0)	(73.0, 32.5)	(74.0, 33.0)	(75.0, 27.5)	(76.0, 26.5)	(77.0, 23.0)	(78.0, 26.0)	(79.0, 23.0)	(80.0, 18.5)	(81.0, 20.5)	(82.0, 20.0)	(83.0, 14.5)	(84.0, 20.5)	(85.0, 22.0)	(86.0, 16.5)	(87.0, 18.0)	(88.0, 18.5)	(89.0, 18.0)	(90.0, 18.0)	(91.0, 16.0)	(92.0, 17.5)	(93.0, 19.5)	(94.0, 24.0)	(95.0, 29.0)	(96.0, 33.5)	(97.0, 51.5)	(98.0, 78.5)	(99.0, 143.5)	(100.0, 822.0)
PID-2861-13_S208_R1_001	(0.0, 0.0)	(1.0, 0.0)	(2.0, 0.0)	(3.0, 0.0)	(4.0, 0.0)	(5.0, 0.5)	(6.0, 3.0)	(7.0, 9.0)	(8.0, 9.0)	(9.0, 22.0)	(10.0, 39.0)	(11.0, 54.5)	(12.0, 100.5)	(13.0, 210.5)	(14.0, 363.0)	(15.0, 609.0)	(16.0, 895.0)	(17.0, 1315.5)	(18.0, 1852.5)	(19.0, 2282.5)	(20.0, 2940.0)	(21.0, 3713.0)	(22.0, 4565.0)	(23.0, 5498.5)	(24.0, 6657.0)	(25.0, 7948.0)	(26.0, 9279.5)	(27.0, 10932.0)	(28.0, 12877.0)	(29.0, 15082.0)	(30.0, 17669.5)	(31.0, 20813.5)	(32.0, 24310.5)	(33.0, 28242.0)	(34.0, 32660.5)	(35.0, 37329.5)	(36.0, 42309.5)	(37.0, 47120.0)	(38.0, 51215.0)	(39.0, 54760.0)	(40.0, 57071.0)	(41.0, 57760.0)	(42.0, 56409.5)	(43.0, 53234.5)	(44.0, 48715.0)	(45.0, 43139.5)	(46.0, 36688.5)	(47.0, 29668.0)	(48.0, 23508.5)	(49.0, 18218.5)	(50.0, 13724.0)	(51.0, 10193.5)	(52.0, 7347.5)	(53.0, 5140.0)	(54.0, 3423.5)	(55.0, 2295.0)	(56.0, 1646.5)	(57.0, 1168.5)	(58.0, 776.0)	(59.0, 537.5)	(60.0, 420.5)	(61.0, 318.0)	(62.0, 231.5)	(63.0, 180.5)	(64.0, 154.5)	(65.0, 125.5)	(66.0, 120.0)	(67.0, 93.5)	(68.0, 51.0)	(69.0, 29.0)	(70.0, 17.0)	(71.0, 17.0)	(72.0, 14.0)	(73.0, 6.5)	(74.0, 3.5)	(75.0, 2.0)	(76.0, 2.5)	(77.0, 1.0)	(78.0, 1.0)	(79.0, 1.5)	(80.0, 0.5)	(81.0, 0.0)	(82.0, 0.0)	(83.0, 0.5)	(84.0, 1.5)	(85.0, 2.0)	(86.0, 2.5)	(87.0, 1.5)	(88.0, 0.0)	(89.0, 0.0)	(90.0, 0.0)	(91.0, 0.0)	(92.0, 0.0)	(93.0, 0.0)	(94.0, 0.0)	(95.0, 0.0)	(96.0, 0.5)	(97.0, 1.0)	(98.0, 0.5)	(99.0, 0.0)	(100.0, 0.0)
PID-2861-13_S208_R2_001	(0.0, 0.0)	(1.0, 0.0)	(2.0, 0.0)	(3.0, 0.0)	(4.0, 0.5)	(5.0, 0.5)	(6.0, 0.5)	(7.0, 1.5)	(8.0, 6.0)	(9.0, 17.0)	(10.0, 33.0)	(11.0, 56.5)	(12.0, 96.0)	(13.0, 185.0)	(14.0, 335.5)	(15.0, 553.5)	(16.0, 810.0)	(17.0, 1223.0)	(18.0, 1762.0)	(19.0, 2185.5)	(20.0, 2840.5)	(21.0, 3600.5)	(22.0, 4330.5)	(23.0, 5240.5)	(24.0, 6282.0)	(25.0, 7597.5)	(26.0, 9059.0)	(27.0, 10653.0)	(28.0, 12620.0)	(29.0, 14872.5)	(30.0, 17391.5)	(31.0, 20497.0)	(32.0, 24054.5)	(33.0, 27879.0)	(34.0, 32186.5)	(35.0, 36836.0)	(36.0, 41765.0)	(37.0, 46427.0)	(38.0, 50755.0)	(39.0, 54391.5)	(40.0, 56929.0)	(41.0, 57808.5)	(42.0, 56141.5)	(43.0, 52755.5)	(44.0, 48166.0)	(45.0, 42760.5)	(46.0, 36866.5)	(47.0, 30247.0)	(48.0, 24119.5)	(49.0, 18803.0)	(50.0, 14138.0)	(51.0, 10485.0)	(52.0, 7578.5)	(53.0, 5443.5)	(54.0, 3705.0)	(55.0, 2554.0)	(56.0, 1850.0)	(57.0, 1293.0)	(58.0, 909.5)	(59.0, 631.0)	(60.0, 485.5)	(61.0, 396.0)	(62.0, 325.0)	(63.0, 261.5)	(64.0, 218.5)	(65.0, 197.0)	(66.0, 154.5)	(67.0, 106.0)	(68.0, 85.5)	(69.0, 75.0)	(70.0, 66.0)	(71.0, 63.5)	(72.0, 55.0)	(73.0, 47.5)	(74.0, 44.0)	(75.0, 40.5)	(76.0, 37.5)	(77.0, 37.5)	(78.0, 40.5)	(79.0, 31.5)	(80.0, 25.5)	(81.0, 30.5)	(82.0, 27.0)	(83.0, 29.5)	(84.0, 36.5)	(85.0, 34.5)	(86.0, 31.5)	(87.0, 30.0)	(88.0, 32.5)	(89.0, 35.0)	(90.0, 33.0)	(91.0, 37.0)	(92.0, 41.5)	(93.0, 39.0)	(94.0, 44.5)	(95.0, 45.5)	(96.0, 40.0)	(97.0, 57.5)	(98.0, 121.5)	(99.0, 236.0)	(100.0, 1399.5)
PID-2861-14_S209_R1_001	(0.0, 0.0)	(1.0, 0.0)	(2.0, 0.0)	(3.0, 0.0)	(4.0, 0.5)	(5.0, 0.5)	(6.0, 2.5)	(7.0, 5.5)	(8.0, 9.5)	(9.0, 23.0)	(10.0, 46.5)	(11.0, 62.5)	(12.0, 111.5)	(13.0, 235.5)	(14.0, 419.0)	(15.0, 675.0)	(16.0, 972.5)	(17.0, 1385.5)	(18.0, 1961.5)	(19.0, 2481.0)	(20.0, 3174.0)	(21.0, 4059.0)	(22.0, 4932.5)	(23.0, 5899.5)	(24.0, 7071.5)	(25.0, 8376.5)	(26.0, 9899.0)	(27.0, 11638.5)	(28.0, 13778.5)	(29.0, 16356.5)	(30.0, 18981.0)	(31.0, 21889.0)	(32.0, 25541.5)	(33.0, 29638.5)	(34.0, 34075.5)	(35.0, 38758.0)	(36.0, 43620.0)	(37.0, 48484.5)	(38.0, 52220.5)	(39.0, 55226.0)	(40.0, 57295.5)	(41.0, 57417.5)	(42.0, 55450.0)	(43.0, 51709.0)	(44.0, 47096.5)	(45.0, 41711.0)	(46.0, 35573.0)	(47.0, 28946.0)	(48.0, 22569.5)	(49.0, 17240.0)	(50.0, 13144.5)	(51.0, 9845.0)	(52.0, 6981.0)	(53.0, 4880.5)	(54.0, 3362.0)	(55.0, 2381.0)	(56.0, 1762.5)	(57.0, 1265.0)	(58.0, 883.0)	(59.0, 599.0)	(60.0, 461.0)	(61.0, 365.0)	(62.0, 276.0)	(63.0, 215.0)	(64.0, 166.0)	(65.0, 137.5)	(66.0, 121.5)	(67.0, 87.5)	(68.0, 52.0)	(69.0, 31.0)	(70.0, 29.5)	(71.0, 32.0)	(72.0, 20.5)	(73.0, 5.5)	(74.0, 1.0)	(75.0, 0.5)	(76.0, 0.5)	(77.0, 1.0)	(78.0, 1.0)	(79.0, 2.0)	(80.0, 1.5)	(81.0, 0.0)	(82.0, 0.5)	(83.0, 0.5)	(84.0, 0.5)	(85.0, 1.0)	(86.0, 2.0)	(87.0, 1.5)	(88.0, 0.5)	(89.0, 1.0)	(90.0, 1.0)	(91.0, 0.5)	(92.0, 0.0)	(93.0, 0.5)	(94.0, 0.5)	(95.0, 0.0)	(96.0, 0.0)	(97.0, 0.0)	(98.0, 1.0)	(99.0, 1.0)	(100.0, 0.0)
PID-2861-14_S209_R2_001	(0.0, 0.0)	(1.0, 0.0)	(2.0, 0.0)	(3.0, 0.0)	(4.0, 0.0)	(5.0, 0.0)	(6.0, 0.0)	(7.0, 3.0)	(8.0, 9.0)	(9.0, 29.5)	(10.0, 47.0)	(11.0, 67.5)	(12.0, 103.5)	(13.0, 228.0)	(14.0, 423.0)	(15.0, 674.5)	(16.0, 990.5)	(17.0, 1442.5)	(18.0, 1934.0)	(19.0, 2430.5)	(20.0, 3196.0)	(21.0, 3983.0)	(22.0, 4903.5)	(23.0, 5905.0)	(24.0, 6945.0)	(25.0, 8244.0)	(26.0, 9786.5)	(27.0, 11597.5)	(28.0, 13664.5)	(29.0, 15902.0)	(30.0, 18642.5)	(31.0, 22077.5)	(32.0, 25583.5)	(33.0, 29613.5)	(34.0, 34071.0)	(35.0, 38444.5)	(36.0, 43177.0)	(37.0, 48016.5)	(38.0, 51763.0)	(39.0, 54540.0)	(40.0, 56791.0)	(41.0, 57009.5)	(42.0, 54954.5)	(43.0, 51571.0)	(44.0, 46761.0)	(45.0, 41301.5)	(46.0, 35186.5)	(47.0, 28422.5)	(48.0, 22578.0)	(49.0, 17581.0)	(50.0, 13221.0)	(51.0, 9731.5)	(52.0, 6993.0)	(53.0, 5002.0)	(54.0, 3455.0)	(55.0, 2410.5)	(56.0, 1796.0)	(57.0, 1303.0)	(58.0, 949.0)	(59.0, 686.0)	(60.0, 523.0)	(61.0, 426.5)	(62.0, 347.0)	(63.0, 283.0)	(64.0, 239.0)	(65.0, 203.0)	(66.0, 184.0)	(67.0, 168.5)	(68.0, 130.0)	(69.0, 83.0)	(70.0, 63.5)	(71.0, 69.0)	(72.0, 69.0)	(73.0, 54.5)	(74.0, 45.0)	(75.0, 42.5)	(76.0, 39.0)	(77.0, 34.5)	(78.0, 38.0)	(79.0, 41.0)	(80.0, 41.0)	(81.0, 36.0)	(82.0, 33.0)	(83.0, 32.5)	(84.0, 39.5)	(85.0, 44.0)	(86.0, 46.0)	(87.0, 48.5)	(88.0, 37.5)	(89.0, 32.0)	(90.0, 37.0)	(91.0, 39.0)	(92.0, 43.0)	(93.0, 43.5)	(94.0, 45.0)	(95.0, 56.5)	(96.0, 65.0)	(97.0, 86.5)	(98.0, 154.0)	(99.0, 293.0)	(100.0, 1928.5)
PID-2861-15_S210_R1_001	(0.0, 0.0)	(1.0, 0.0)	(2.0, 0.0)	(3.0, 0.0)	(4.0, 0.0)	(5.0, 0.0)	(6.0, 2.5)	(7.0, 7.5)	(8.0, 8.5)	(9.0, 16.5)	(10.0, 33.5)	(11.0, 48.5)	(12.0, 84.0)	(13.0, 143.0)	(14.0, 204.0)	(15.0, 321.0)	(16.0, 468.5)	(17.0, 713.5)	(18.0, 998.5)	(19.0, 1205.5)	(20.0, 1613.5)	(21.0, 2161.0)	(22.0, 2682.0)	(23.0, 3224.0)	(24.0, 3973.0)	(25.0, 4796.0)	(26.0, 5612.0)	(27.0, 6404.0)	(28.0, 7371.0)	(29.0, 8791.5)	(30.0, 10395.5)	(31.0, 12101.0)	(32.0, 13933.5)	(33.0, 15929.5)	(34.0, 17934.5)	(35.0, 20135.0)	(36.0, 22405.0)	(37.0, 24624.5)	(38.0, 26593.5)	(39.0, 28412.5)	(40.0, 29660.5)	(41.0, 29878.0)	(42.0, 28986.5)	(43.0, 27246.5)	(44.0, 24949.5)	(45.0, 22280.5)	(46.0, 19342.5)	(47.0, 16013.0)	(48.0, 13012.5)	(49.0, 10500.5)	(50.0, 8586.0)	(51.0, 6933.0)	(52.0, 5395.5)	(53.0, 4200.0)	(54.0, 3066.5)	(55.0, 2339.5)	(56.0, 1895.0)	(57.0, 1401.0)	(58.0, 1047.5)	(59.0, 824.0)	(60.0, 719.5)	(61.0, 574.5)	(62.0, 444.5)	(63.0, 356.0)	(64.0, 314.5)	(65.0, 284.5)	(66.0, 221.5)	(67.0, 170.5)	(68.0, 112.0)	(69.0, 62.0)	(70.0, 56.0)	(71.0, 52.5)	(72.0, 35.0)	(73.0, 11.0)	(74.0, 5.0)	(75.0, 2.0)	(76.0, 1.5)	(77.0, 2.0)	(78.0, 1.5)	(79.0, 0.5)	(80.0, 0.0)	(81.0, 1.0)	(82.0, 1.0)	(83.0, 0.0)	(84.0, 1.0)	(85.0, 1.0)	(86.0, 0.0)	(87.0, 0.0)	(88.0, 0.0)	(89.0, 0.0)	(90.0, 0.0)	(91.0, 0.0)	(92.0, 0.0)	(93.0, 0.0)	(94.0, 0.0)	(95.0, 0.0)	(96.0, 0.0)	(97.0, 0.0)	(98.0, 0.0)	(99.0, 0.0)	(100.0, 0.0)
PID-2861-15_S210_R2_001	(0.0, 0.0)	(1.0, 0.0)	(2.0, 0.0)	(3.0, 0.0)	(4.0, 0.0)	(5.0, 0.0)	(6.0, 2.0)	(7.0, 5.0)	(8.0, 5.0)	(9.0, 19.5)	(10.0, 35.5)	(11.0, 39.0)	(12.0, 69.0)	(13.0, 135.5)	(14.0, 202.5)	(15.0, 324.0)	(16.0, 488.0)	(17.0, 733.5)	(18.0, 1024.5)	(19.0, 1238.0)	(20.0, 1600.5)	(21.0, 2129.0)	(22.0, 2655.5)	(23.0, 3187.0)	(24.0, 3954.5)	(25.0, 4765.5)	(26.0, 5527.0)	(27.0, 6405.0)	(28.0, 7458.0)	(29.0, 8766.5)	(30.0, 10278.5)	(31.0, 12062.0)	(32.0, 13971.0)	(33.0, 15856.5)	(34.0, 17899.0)	(35.0, 20103.0)	(36.0, 22539.5)	(37.0, 24965.5)	(38.0, 26578.0)	(39.0, 28082.0)	(40.0, 29552.5)	(41.0, 29699.5)	(42.0, 28666.0)	(43.0, 27010.0)	(44.0, 24789.0)	(45.0, 22350.0)	(46.0, 19345.0)	(47.0, 15851.5)	(48.0, 12748.5)	(49.0, 10297.0)	(50.0, 8527.5)	(51.0, 6811.5)	(52.0, 5247.5)	(53.0, 4085.0)	(54.0, 3020.5)	(55.0, 2448.5)	(56.0, 2035.5)	(57.0, 1500.0)	(58.0, 1124.0)	(59.0, 886.5)	(60.0, 716.5)	(61.0, 532.0)	(62.0, 466.0)	(63.0, 427.0)	(64.0, 336.5)	(65.0, 280.5)	(66.0, 221.0)	(67.0, 161.0)	(68.0, 123.0)	(69.0, 93.0)	(70.0, 82.5)	(71.0, 78.5)	(72.0, 56.5)	(73.0, 29.5)	(74.0, 21.0)	(75.0, 18.0)	(76.0, 16.0)	(77.0, 12.0)	(78.0, 11.5)	(79.0, 14.5)	(80.0, 17.5)	(81.0, 18.5)	(82.0, 18.5)	(83.0, 16.0)	(84.0, 13.0)	(85.0, 13.5)	(86.0, 12.5)	(87.0, 14.0)	(88.0, 14.0)	(89.0, 13.0)	(90.0, 17.0)	(91.0, 14.5)	(92.0, 9.5)	(93.0, 16.0)	(94.0, 22.5)	(95.0, 22.0)	(96.0, 24.0)	(97.0, 29.5)	(98.0, 51.5)	(99.0, 105.5)	(100.0, 573.5)
PID-2861-16_S211_R1_001	(0.0, 0.0)	(1.0, 0.0)	(2.0, 0.0)	(3.0, 0.0)	(4.0, 0.0)	(5.0, 0.5)	(6.0, 3.5)	(7.0, 5.0)	(8.0, 5.5)	(9.0, 19.5)	(10.0, 42.5)	(11.0, 63.5)	(12.0, 107.5)	(13.0, 218.5)	(14.0, 347.5)	(15.0, 584.0)	(16.0, 839.5)	(17.0, 1185.0)	(18.0, 1639.0)	(19.0, 1991.5)	(20.0, 2557.0)	(21.0, 3266.5)	(22.0, 3940.5)	(23.0, 4745.0)	(24.0, 5675.0)	(25.0, 6653.5)	(26.0, 7933.5)	(27.0, 9471.5)	(28.0, 11212.5)	(29.0, 13071.0)	(30.0, 15244.5)	(31.0, 17909.0)	(32.0, 20825.5)	(33.0, 24060.0)	(34.0, 27508.5)	(35.0, 31241.0)	(36.0, 35175.0)	(37.0, 38920.0)	(38.0, 42188.5)	(39.0, 44490.5)	(40.0, 45824.0)	(41.0, 45742.5)	(42.0, 44111.0)	(43.0, 41125.5)	(44.0, 37090.5)	(45.0, 32527.5)	(46.0, 27326.5)	(47.0, 21709.5)	(48.0, 16650.0)	(49.0, 12654.0)	(50.0, 9403.0)	(51.0, 6787.0)	(52.0, 4768.0)	(53.0, 3245.5)	(54.0, 2099.5)	(55.0, 1421.0)	(56.0, 996.5)	(57.0, 688.5)	(58.0, 459.0)	(59.0, 337.5)	(60.0, 282.0)	(61.0, 209.5)	(62.0, 156.5)	(63.0, 129.5)	(64.0, 95.5)	(65.0, 79.0)	(66.0, 74.5)	(67.0, 48.5)	(68.0, 30.0)	(69.0, 18.0)	(70.0, 11.5)	(71.0, 10.0)	(72.0, 8.0)	(73.0, 5.0)	(74.0, 2.5)	(75.0, 1.5)	(76.0, 1.5)	(77.0, 0.5)	(78.0, 0.0)	(79.0, 0.0)	(80.0, 1.0)	(81.0, 1.0)	(82.0, 0.5)	(83.0, 1.0)	(84.0, 0.5)	(85.0, 0.5)	(86.0, 0.5)	(87.0, 0.0)	(88.0, 0.0)	(89.0, 0.0)	(90.0, 0.0)	(91.0, 0.0)	(92.0, 0.0)	(93.0, 0.5)	(94.0, 1.0)	(95.0, 0.5)	(96.0, 0.5)	(97.0, 0.5)	(98.0, 0.0)	(99.0, 0.5)	(100.0, 0.5)
PID-2861-16_S211_R2_001	(0.0, 0.0)	(1.0, 0.0)	(2.0, 0.0)	(3.0, 0.0)	(4.0, 0.0)	(5.0, 0.0)	(6.0, 1.5)	(7.0, 1.5)	(8.0, 1.5)	(9.0, 13.0)	(10.0, 32.5)	(11.0, 62.5)	(12.0, 105.5)	(13.0, 206.0)	(14.0, 361.5)	(15.0, 564.0)	(16.0, 833.0)	(17.0, 1199.0)	(18.0, 1592.0)	(19.0, 2026.0)	(20.0, 2650.5)	(21.0, 3327.5)	(22.0, 3993.0)	(23.0, 4696.0)	(24.0, 5657.0)	(25.0, 6783.5)	(26.0, 7980.0)	(27.0, 9527.5)	(28.0, 11254.5)	(29.0, 13128.5)	(30.0, 15357.5)	(31.0, 18024.5)	(32.0, 20979.5)	(33.0, 24030.0)	(34.0, 27479.0)	(35.0, 31358.0)	(36.0, 35211.0)	(37.0, 38764.5)	(38.0, 41824.0)	(39.0, 44147.0)	(40.0, 45462.5)	(41.0, 45417.5)	(42.0, 43844.0)	(43.0, 40705.5)	(44.0, 36537.5)	(45.0, 32071.0)	(46.0, 26957.0)	(47.0, 21537.0)	(48.0, 16849.0)	(49.0, 12819.0)	(50.0, 9397.0)	(51.0, 6707.5)	(52.0, 4729.0)	(53.0, 3254.0)	(54.0, 2121.5)	(55.0, 1481.0)	(56.0, 1062.5)	(57.0, 744.5)	(58.0, 550.5)	(59.0, 380.0)	(60.0, 291.5)	(61.0, 250.0)	(62.0, 194.0)	(63.0, 149.0)	(64.0, 115.0)	(65.0, 95.5)	(66.0, 85.5)	(67.0, 74.5)	(68.0, 62.0)	(69.0, 48.0)	(70.0, 38.0)	(71.0, 33.5)	(72.0, 35.5)	(73.0, 34.5)	(74.0, 29.0)	(75.0, 26.5)	(76.0, 24.0)	(77.0, 23.5)	(78.0, 24.0)	(79.0, 22.0)	(80.0, 19.0)	(81.0, 17.5)	(82.0, 20.0)	(83.0, 21.5)	(84.0, 15.5)	(85.0, 13.5)	(86.0, 15.5)	(87.0, 15.0)	(88.0, 13.5)	(89.0, 14.5)	(90.0, 18.0)	(91.0, 19.5)	(92.0, 20.0)	(93.0, 17.5)	(94.0, 22.5)	(95.0, 29.0)	(96.0, 27.5)	(97.0, 30.0)	(98.0, 55.0)	(99.0, 113.5)	(100.0, 691.0)
PID-2861-17_S212_R1_001	(0.0, 0.0)	(1.0, 0.0)	(2.0, 0.0)	(3.0, 0.0)	(4.0, 0.0)	(5.0, 0.0)	(6.0, 1.5)	(7.0, 2.5)	(8.0, 2.5)	(9.0, 5.5)	(10.0, 16.0)	(11.0, 29.5)	(12.0, 49.0)	(13.0, 119.0)	(14.0, 246.0)	(15.0, 431.5)	(16.0, 684.5)	(17.0, 1028.0)	(18.0, 1484.0)	(19.0, 2009.0)	(20.0, 2582.5)	(21.0, 3280.5)	(22.0, 4209.5)	(23.0, 5254.5)	(24.0, 6231.5)	(25.0, 7345.5)	(26.0, 9012.5)	(27.0, 10833.5)	(28.0, 12960.0)	(29.0, 15357.5)	(30.0, 18010.0)	(31.0, 21462.5)	(32.0, 25587.0)	(33.0, 30047.5)	(34.0, 34711.5)	(35.0, 39827.0)	(36.0, 45358.5)	(37.0, 50161.5)	(38.0, 54007.5)	(39.0, 57054.5)	(40.0, 58690.5)	(41.0, 58606.0)	(42.0, 56464.0)	(43.0, 52598.0)	(44.0, 47523.0)	(45.0, 41482.5)	(46.0, 34737.0)	(47.0, 27864.0)	(48.0, 21659.5)	(49.0, 16522.5)	(50.0, 12245.5)	(51.0, 8738.5)	(52.0, 6056.0)	(53.0, 4198.0)	(54.0, 2752.0)	(55.0, 1780.5)	(56.0, 1268.5)	(57.0, 837.5)	(58.0, 528.5)	(59.0, 354.0)	(60.0, 271.0)	(61.0, 203.5)	(62.0, 135.5)	(63.0, 86.5)	(64.0, 62.0)	(65.0, 46.0)	(66.0, 42.5)	(67.0, 35.0)	(68.0, 18.5)	(69.0, 12.5)	(70.0, 11.0)	(71.0, 9.0)	(72.0, 5.5)	(73.0, 3.5)	(74.0, 3.5)	(75.0, 3.5)	(76.0, 4.0)	(77.0, 3.5)	(78.0, 5.0)	(79.0, 4.5)	(80.0, 2.0)	(81.0, 0.5)	(82.0, 1.5)	(83.0, 2.0)	(84.0, 1.0)	(85.0, 0.5)	(86.0, 0.0)	(87.0, 0.0)	(88.0, 0.0)	(89.0, 0.0)	(90.0, 0.0)	(91.0, 0.0)	(92.0, 0.0)	(93.0, 0.0)	(94.0, 0.0)	(95.0, 0.0)	(96.0, 0.0)	(97.0, 0.0)	(98.0, 1.0)	(99.0, 1.0)	(100.0, 0.0)
PID-2861-17_S212_R2_001	(0.0, 1.0)	(1.0, 0.5)	(2.0, 0.0)	(3.0, 0.0)	(4.0, 0.5)	(5.0, 1.0)	(6.0, 0.5)	(7.0, 0.5)	(8.0, 1.5)	(9.0, 6.5)	(10.0, 16.0)	(11.0, 24.5)	(12.0, 50.5)	(13.0, 120.0)	(14.0, 219.0)	(15.0, 381.5)	(16.0, 629.0)	(17.0, 950.0)	(18.0, 1384.5)	(19.0, 1923.5)	(20.0, 2591.5)	(21.0, 3324.5)	(22.0, 4223.5)	(23.0, 5118.0)	(24.0, 6141.5)	(25.0, 7420.0)	(26.0, 8833.5)	(27.0, 10686.5)	(28.0, 12875.0)	(29.0, 15370.5)	(30.0, 18258.0)	(31.0, 21578.5)	(32.0, 25666.5)	(33.0, 29870.5)	(34.0, 34354.0)	(35.0, 39585.0)	(36.0, 45120.0)	(37.0, 50039.0)	(38.0, 54021.0)	(39.0, 56856.5)	(40.0, 58177.5)	(41.0, 58101.5)	(42.0, 56039.5)	(43.0, 52233.0)	(44.0, 47000.5)	(45.0, 41146.5)	(46.0, 34693.5)	(47.0, 27833.5)	(48.0, 21780.0)	(49.0, 16518.5)	(50.0, 12096.0)	(51.0, 8697.0)	(52.0, 6084.0)	(53.0, 4181.5)	(54.0, 2723.0)	(55.0, 1786.5)	(56.0, 1283.0)	(57.0, 874.0)	(58.0, 603.5)	(59.0, 421.5)	(60.0, 311.5)	(61.0, 221.0)	(62.0, 164.0)	(63.0, 135.0)	(64.0, 107.5)	(65.0, 84.0)	(66.0, 80.0)	(67.0, 71.5)	(68.0, 60.0)	(69.0, 51.0)	(70.0, 43.0)	(71.0, 38.5)	(72.0, 44.5)	(73.0, 37.0)	(74.0, 25.0)	(75.0, 30.0)	(76.0, 26.5)	(77.0, 26.0)	(78.0, 30.5)	(79.0, 30.5)	(80.0, 32.0)	(81.0, 29.0)	(82.0, 29.5)	(83.0, 25.5)	(84.0, 21.5)	(85.0, 25.5)	(86.0, 29.5)	(87.0, 24.5)	(88.0, 19.0)	(89.0, 22.5)	(90.0, 23.0)	(91.0, 27.0)	(92.0, 29.0)	(93.0, 30.5)	(94.0, 33.0)	(95.0, 32.0)	(96.0, 40.0)	(97.0, 56.0)	(98.0, 87.5)	(99.0, 165.0)	(100.0, 1539.0)
PID-2861-18_S213_R1_001	(0.0, 0.0)	(1.0, 0.0)	(2.0, 0.0)	(3.0, 0.0)	(4.0, 0.0)	(5.0, 0.0)	(6.0, 0.0)	(7.0, 2.5)	(8.0, 6.5)	(9.0, 14.5)	(10.0, 20.5)	(11.0, 48.5)	(12.0, 82.5)	(13.0, 173.0)	(14.0, 326.0)	(15.0, 567.5)	(16.0, 885.0)	(17.0, 1319.0)	(18.0, 1880.0)	(19.0, 2414.5)	(20.0, 3066.0)	(21.0, 3855.5)	(22.0, 4765.5)	(23.0, 5721.0)	(24.0, 6862.0)	(25.0, 8192.5)	(26.0, 9788.0)	(27.0, 11734.5)	(28.0, 13968.5)	(29.0, 16782.0)	(30.0, 19930.0)	(31.0, 23589.0)	(32.0, 27991.0)	(33.0, 32619.0)	(34.0, 37293.0)	(35.0, 42815.0)	(36.0, 48765.0)	(37.0, 53820.0)	(38.0, 57725.0)	(39.0, 60457.5)	(40.0, 62556.5)	(41.0, 62704.0)	(42.0, 60241.5)	(43.0, 56079.5)	(44.0, 50486.0)	(45.0, 44010.0)	(46.0, 36953.5)	(47.0, 29643.5)	(48.0, 23060.0)	(49.0, 17701.5)	(50.0, 13156.5)	(51.0, 9382.5)	(52.0, 6523.0)	(53.0, 4452.5)	(54.0, 2929.0)	(55.0, 1931.5)	(56.0, 1305.5)	(57.0, 925.5)	(58.0, 650.5)	(59.0, 429.0)	(60.0, 300.5)	(61.0, 212.0)	(62.0, 136.0)	(63.0, 97.5)	(64.0, 70.5)	(65.0, 57.5)	(66.0, 48.5)	(67.0, 33.5)	(68.0, 19.5)	(69.0, 11.5)	(70.0, 13.0)	(71.0, 14.5)	(72.0, 11.5)	(73.0, 5.0)	(74.0, 0.5)	(75.0, 0.0)	(76.0, 0.5)	(77.0, 1.5)	(78.0, 2.0)	(79.0, 1.5)	(80.0, 1.5)	(81.0, 1.0)	(82.0, 1.0)	(83.0, 1.0)	(84.0, 0.5)	(85.0, 1.0)	(86.0, 1.5)	(87.0, 1.0)	(88.0, 0.0)	(89.0, 0.0)	(90.0, 0.5)	(91.0, 0.5)	(92.0, 1.0)	(93.0, 1.5)	(94.0, 0.5)	(95.0, 0.0)	(96.0, 0.0)	(97.0, 0.0)	(98.0, 1.0)	(99.0, 2.0)	(100.0, 1.0)
PID-2861-18_S213_R2_001	(0.0, 0.0)	(1.0, 0.0)	(2.0, 0.5)	(3.0, 0.5)	(4.0, 0.0)	(5.0, 0.0)	(6.0, 0.5)	(7.0, 1.5)	(8.0, 5.0)	(9.0, 11.0)	(10.0, 20.5)	(11.0, 40.5)	(12.0, 70.5)	(13.0, 161.0)	(14.0, 313.0)	(15.0, 549.5)	(16.0, 880.5)	(17.0, 1290.5)	(18.0, 1797.5)	(19.0, 2307.5)	(20.0, 2991.5)	(21.0, 3819.0)	(22.0, 4693.0)	(23.0, 5692.5)	(24.0, 6884.5)	(25.0, 8281.5)	(26.0, 9780.5)	(27.0, 11703.0)	(28.0, 13998.5)	(29.0, 16508.5)	(30.0, 19564.5)	(31.0, 23462.5)	(32.0, 27809.5)	(33.0, 32264.0)	(34.0, 37038.0)	(35.0, 42355.5)	(36.0, 48242.5)	(37.0, 53374.0)	(38.0, 57221.0)	(39.0, 60314.0)	(40.0, 62080.0)	(41.0, 61905.0)	(42.0, 59720.5)	(43.0, 55746.5)	(44.0, 50267.0)	(45.0, 44354.5)	(46.0, 37442.5)	(47.0, 29705.0)	(48.0, 23053.5)	(49.0, 17586.0)	(50.0, 13187.5)	(51.0, 9614.0)	(52.0, 6652.0)	(53.0, 4488.5)	(54.0, 2953.5)	(55.0, 1939.0)	(56.0, 1366.0)	(57.0, 1010.0)	(58.0, 740.5)	(59.0, 504.5)	(60.0, 369.5)	(61.0, 279.0)	(62.0, 215.5)	(63.0, 148.0)	(64.0, 105.0)	(65.0, 112.0)	(66.0, 105.5)	(67.0, 75.5)	(68.0, 57.5)	(69.0, 51.5)	(70.0, 49.0)	(71.0, 47.5)	(72.0, 45.0)	(73.0, 37.0)	(74.0, 39.0)	(75.0, 36.0)	(76.0, 28.5)	(77.0, 28.0)	(78.0, 30.5)	(79.0, 30.0)	(80.0, 26.0)	(81.0, 27.0)	(82.0, 33.5)	(83.0, 29.5)	(84.0, 26.5)	(85.0, 28.5)	(86.0, 27.5)	(87.0, 27.0)	(88.0, 28.5)	(89.0, 28.5)	(90.0, 30.0)	(91.0, 28.5)	(92.0, 30.0)	(93.0, 35.5)	(94.0, 34.0)	(95.0, 35.5)	(96.0, 38.0)	(97.0, 48.5)	(98.0, 83.5)	(99.0, 152.5)	(100.0, 1650.5)
PID-2861-19_S214_R1_001	(0.0, 0.0)	(1.0, 0.0)	(2.0, 0.0)	(3.0, 0.0)	(4.0, 0.0)	(5.0, 0.0)	(6.0, 1.0)	(7.0, 1.5)	(8.0, 2.0)	(9.0, 9.0)	(10.0, 28.5)	(11.0, 48.5)	(12.0, 65.0)	(13.0, 144.0)	(14.0, 299.0)	(15.0, 526.0)	(16.0, 885.5)	(17.0, 1429.0)	(18.0, 2071.5)	(19.0, 2671.5)	(20.0, 3309.5)	(21.0, 4171.0)	(22.0, 5305.0)	(23.0, 6565.5)	(24.0, 7979.0)	(25.0, 9426.5)	(26.0, 11134.0)	(27.0, 13289.0)	(28.0, 15975.0)	(29.0, 19269.5)	(30.0, 22841.0)	(31.0, 27115.0)	(32.0, 32549.0)	(33.0, 37723.0)	(34.0, 42719.0)	(35.0, 49139.0)	(36.0, 56012.0)	(37.0, 61581.0)	(38.0, 66091.0)	(39.0, 69314.0)	(40.0, 70982.5)	(41.0, 70636.5)	(42.0, 68065.5)	(43.0, 63473.0)	(44.0, 57230.0)	(45.0, 49988.5)	(46.0, 41807.5)	(47.0, 33482.5)	(48.0, 26203.0)	(49.0, 20104.0)	(50.0, 14794.0)	(51.0, 10611.0)	(52.0, 7394.5)	(53.0, 5061.0)	(54.0, 3336.0)	(55.0, 2206.5)	(56.0, 1513.5)	(57.0, 1044.0)	(58.0, 720.5)	(59.0, 497.5)	(60.0, 349.5)	(61.0, 210.5)	(62.0, 123.5)	(63.0, 84.5)	(64.0, 58.0)	(65.0, 48.5)	(66.0, 46.5)	(67.0, 36.0)	(68.0, 21.0)	(69.0, 11.0)	(70.0, 9.5)	(71.0, 6.0)	(72.0, 5.5)	(73.0, 4.5)	(74.0, 1.5)	(75.0, 0.5)	(76.0, 1.5)	(77.0, 2.5)	(78.0, 3.0)	(79.0, 2.5)	(80.0, 1.0)	(81.0, 2.0)	(82.0, 3.5)	(83.0, 2.5)	(84.0, 1.5)	(85.0, 1.0)	(86.0, 0.0)	(87.0, 0.5)	(88.0, 1.0)	(89.0, 0.5)	(90.0, 0.0)	(91.0, 0.0)	(92.0, 0.0)	(93.0, 0.0)	(94.0, 0.0)	(95.0, 0.0)	(96.0, 0.5)	(97.0, 3.0)	(98.0, 4.0)	(99.0, 1.5)	(100.0, 0.0)
PID-2861-19_S214_R2_001	(0.0, 0.0)	(1.0, 0.0)	(2.0, 0.0)	(3.0, 0.5)	(4.0, 0.5)	(5.0, 0.0)	(6.0, 1.0)	(7.0, 1.0)	(8.0, 1.5)	(9.0, 10.0)	(10.0, 26.0)	(11.0, 46.5)	(12.0, 63.0)	(13.0, 134.0)	(14.0, 283.5)	(15.0, 518.0)	(16.0, 896.5)	(17.0, 1400.5)	(18.0, 1945.5)	(19.0, 2621.0)	(20.0, 3365.5)	(21.0, 4147.5)	(22.0, 5267.5)	(23.0, 6552.0)	(24.0, 7982.5)	(25.0, 9394.5)	(26.0, 10970.5)	(27.0, 13197.5)	(28.0, 15907.0)	(29.0, 18958.0)	(30.0, 22748.0)	(31.0, 27173.0)	(32.0, 32461.5)	(33.0, 37902.0)	(34.0, 42891.5)	(35.0, 48833.5)	(36.0, 55671.0)	(37.0, 61555.0)	(38.0, 65934.5)	(39.0, 68409.5)	(40.0, 70019.0)	(41.0, 70105.5)	(42.0, 67423.0)	(43.0, 62913.0)	(44.0, 56918.5)	(45.0, 49491.0)	(46.0, 41299.0)	(47.0, 33217.0)	(48.0, 25915.0)	(49.0, 20045.5)	(50.0, 14875.5)	(51.0, 10685.0)	(52.0, 7522.5)	(53.0, 5222.5)	(54.0, 3452.0)	(55.0, 2245.0)	(56.0, 1585.5)	(57.0, 1124.0)	(58.0, 822.5)	(59.0, 606.5)	(60.0, 431.0)	(61.0, 292.0)	(62.0, 204.5)	(63.0, 153.5)	(64.0, 120.0)	(65.0, 109.5)	(66.0, 107.5)	(67.0, 87.5)	(68.0, 75.0)	(69.0, 61.0)	(70.0, 49.5)	(71.0, 50.0)	(72.0, 45.5)	(73.0, 41.0)	(74.0, 40.0)	(75.0, 36.0)	(76.0, 35.5)	(77.0, 39.5)	(78.0, 37.5)	(79.0, 33.0)	(80.0, 27.5)	(81.0, 25.0)	(82.0, 32.5)	(83.0, 34.0)	(84.0, 31.5)	(85.0, 28.0)	(86.0, 23.0)	(87.0, 31.0)	(88.0, 32.5)	(89.0, 26.5)	(90.0, 28.0)	(91.0, 31.0)	(92.0, 37.0)	(93.0, 36.5)	(94.0, 36.5)	(95.0, 36.0)	(96.0, 39.5)	(97.0, 67.5)	(98.0, 122.5)	(99.0, 226.0)	(100.0, 2139.0)
PID-2861-1_S196_R1_001	(0.0, 0.0)	(1.0, 0.0)	(2.0, 0.0)	(3.0, 0.0)	(4.0, 0.0)	(5.0, 1.5)	(6.0, 3.5)	(7.0, 5.5)	(8.0, 12.0)	(9.0, 14.0)	(10.0, 23.5)	(11.0, 68.5)	(12.0, 122.5)	(13.0, 217.0)	(14.0, 372.0)	(15.0, 612.0)	(16.0, 922.5)	(17.0, 1347.5)	(18.0, 1815.5)	(19.0, 2299.0)	(20.0, 2996.5)	(21.0, 3752.5)	(22.0, 4575.5)	(23.0, 5567.5)	(24.0, 6867.0)	(25.0, 8326.5)	(26.0, 9836.5)	(27.0, 11874.0)	(28.0, 14016.5)	(29.0, 16347.0)	(30.0, 19370.5)	(31.0, 22865.0)	(32.0, 27040.5)	(33.0, 31923.5)	(34.0, 37329.0)	(35.0, 43458.5)	(36.0, 49059.5)	(37.0, 54007.0)	(38.0, 58505.0)	(39.0, 61805.0)	(40.0, 63621.0)	(41.0, 63052.5)	(42.0, 60653.0)	(43.0, 56617.0)	(44.0, 51039.0)	(45.0, 44484.0)	(46.0, 37417.0)	(47.0, 30323.0)	(48.0, 23475.0)	(49.0, 17667.5)	(50.0, 12985.0)	(51.0, 9413.5)	(52.0, 6671.0)	(53.0, 4468.0)	(54.0, 2974.0)	(55.0, 1988.0)	(56.0, 1396.0)	(57.0, 962.0)	(58.0, 613.5)	(59.0, 400.0)	(60.0, 272.5)	(61.0, 210.0)	(62.0, 148.5)	(63.0, 97.5)	(64.0, 65.5)	(65.0, 47.5)	(66.0, 51.5)	(67.0, 46.5)	(68.0, 23.0)	(69.0, 11.5)	(70.0, 14.0)	(71.0, 14.0)	(72.0, 9.5)	(73.0, 4.0)	(74.0, 1.5)	(75.0, 0.5)	(76.0, 0.0)	(77.0, 0.0)	(78.0, 1.0)	(79.0, 1.0)	(80.0, 0.5)	(81.0, 0.5)	(82.0, 0.5)	(83.0, 0.5)	(84.0, 0.5)	(85.0, 0.5)	(86.0, 1.0)	(87.0, 1.0)	(88.0, 0.0)	(89.0, 0.0)	(90.0, 0.0)	(91.0, 0.0)	(92.0, 1.0)	(93.0, 1.0)	(94.0, 0.0)	(95.0, 0.0)	(96.0, 1.5)	(97.0, 1.5)	(98.0, 0.0)	(99.0, 0.5)	(100.0, 0.5)
PID-2861-1_S196_R2_001	(0.0, 0.0)	(1.0, 0.0)	(2.0, 0.0)	(3.0, 0.0)	(4.0, 0.0)	(5.0, 0.5)	(6.0, 1.0)	(7.0, 3.0)	(8.0, 4.0)	(9.0, 8.0)	(10.0, 24.0)	(11.0, 69.0)	(12.0, 131.5)	(13.0, 227.0)	(14.0, 383.0)	(15.0, 671.5)	(16.0, 993.0)	(17.0, 1316.0)	(18.0, 1753.0)	(19.0, 2298.0)	(20.0, 2885.5)	(21.0, 3619.0)	(22.0, 4536.0)	(23.0, 5554.5)	(24.0, 6837.0)	(25.0, 8316.5)	(26.0, 9821.5)	(27.0, 11749.0)	(28.0, 13854.5)	(29.0, 16186.0)	(30.0, 19336.0)	(31.0, 22883.5)	(32.0, 26930.0)	(33.0, 31683.0)	(34.0, 36857.5)	(35.0, 42918.5)	(36.0, 48843.5)	(37.0, 53622.5)	(38.0, 57977.5)	(39.0, 61324.0)	(40.0, 62992.5)	(41.0, 62737.0)	(42.0, 60423.0)	(43.0, 56362.5)	(44.0, 51047.5)	(45.0, 44582.0)	(46.0, 37353.0)	(47.0, 30166.5)	(48.0, 23470.0)	(49.0, 17667.0)	(50.0, 12947.0)	(51.0, 9461.0)	(52.0, 6730.5)	(53.0, 4620.5)	(54.0, 3161.0)	(55.0, 2129.0)	(56.0, 1451.0)	(57.0, 960.0)	(58.0, 681.0)	(59.0, 491.0)	(60.0, 353.5)	(61.0, 280.0)	(62.0, 222.0)	(63.0, 172.0)	(64.0, 141.0)	(65.0, 101.0)	(66.0, 80.5)	(67.0, 92.5)	(68.0, 83.0)	(69.0, 57.0)	(70.0, 46.0)	(71.0, 45.5)	(72.0, 54.0)	(73.0, 54.0)	(74.0, 45.0)	(75.0, 42.0)	(76.0, 34.5)	(77.0, 30.5)	(78.0, 31.0)	(79.0, 37.0)	(80.0, 37.5)	(81.0, 31.5)	(82.0, 37.0)	(83.0, 34.5)	(84.0, 28.0)	(85.0, 27.0)	(86.0, 31.5)	(87.0, 37.0)	(88.0, 36.5)	(89.0, 35.0)	(90.0, 32.5)	(91.0, 39.5)	(92.0, 44.5)	(93.0, 34.5)	(94.0, 37.0)	(95.0, 48.5)	(96.0, 59.5)	(97.0, 81.5)	(98.0, 118.0)	(99.0, 216.5)	(100.0, 1327.5)
PID-2861-20_S215_R1_001	(0.0, 0.0)	(1.0, 0.0)	(2.0, 0.0)	(3.0, 0.0)	(4.0, 0.0)	(5.0, 0.0)	(6.0, 1.0)	(7.0, 3.5)	(8.0, 6.5)	(9.0, 10.5)	(10.0, 19.5)	(11.0, 42.0)	(12.0, 71.5)	(13.0, 140.0)	(14.0, 280.5)	(15.0, 501.0)	(16.0, 832.0)	(17.0, 1266.5)	(18.0, 1728.0)	(19.0, 2174.0)	(20.0, 2774.0)	(21.0, 3545.5)	(22.0, 4427.5)	(23.0, 5425.0)	(24.0, 6551.5)	(25.0, 7732.0)	(26.0, 9013.5)	(27.0, 10842.0)	(28.0, 13182.0)	(29.0, 15857.5)	(30.0, 19191.5)	(31.0, 23069.0)	(32.0, 27794.5)	(33.0, 32594.0)	(34.0, 37609.5)	(35.0, 43813.0)	(36.0, 50409.5)	(37.0, 56474.0)	(38.0, 61281.0)	(39.0, 64745.0)	(40.0, 67054.0)	(41.0, 67462.5)	(42.0, 65640.5)	(43.0, 61699.0)	(44.0, 55882.5)	(45.0, 48862.5)	(46.0, 40983.5)	(47.0, 33055.0)	(48.0, 25923.5)	(49.0, 19960.5)	(50.0, 14938.5)	(51.0, 10733.5)	(52.0, 7465.5)	(53.0, 5042.5)	(54.0, 3265.5)	(55.0, 2198.0)	(56.0, 1546.0)	(57.0, 1039.5)	(58.0, 681.5)	(59.0, 490.5)	(60.0, 373.5)	(61.0, 235.5)	(62.0, 135.0)	(63.0, 88.5)	(64.0, 61.5)	(65.0, 45.5)	(66.0, 46.0)	(67.0, 35.0)	(68.0, 15.5)	(69.0, 9.0)	(70.0, 10.5)	(71.0, 8.5)	(72.0, 6.0)	(73.0, 3.5)	(74.0, 1.5)	(75.0, 2.5)	(76.0, 2.5)	(77.0, 1.0)	(78.0, 2.5)	(79.0, 2.5)	(80.0, 3.5)	(81.0, 4.0)	(82.0, 1.5)	(83.0, 1.0)	(84.0, 1.0)	(85.0, 1.5)	(86.0, 1.5)	(87.0, 0.5)	(88.0, 1.0)	(89.0, 1.5)	(90.0, 1.0)	(91.0, 0.5)	(92.0, 0.0)	(93.0, 0.0)	(94.0, 0.5)	(95.0, 0.5)	(96.0, 0.5)	(97.0, 1.0)	(98.0, 1.0)	(99.0, 1.0)	(100.0, 0.5)
PID-2861-20_S215_R2_001	(0.0, 0.0)	(1.0, 0.0)	(2.0, 0.0)	(3.0, 0.0)	(4.0, 0.5)	(5.0, 0.5)	(6.0, 1.0)	(7.0, 1.5)	(8.0, 3.5)	(9.0, 8.0)	(10.0, 16.5)	(11.0, 48.5)	(12.0, 71.5)	(13.0, 128.0)	(14.0, 269.5)	(15.0, 481.5)	(16.0, 795.5)	(17.0, 1188.5)	(18.0, 1627.5)	(19.0, 2115.0)	(20.0, 2707.5)	(21.0, 3467.0)	(22.0, 4457.5)	(23.0, 5366.5)	(24.0, 6238.0)	(25.0, 7406.5)	(26.0, 8903.0)	(27.0, 10776.0)	(28.0, 13100.5)	(29.0, 15896.5)	(30.0, 19013.0)	(31.0, 22782.5)	(32.0, 27614.0)	(33.0, 32391.5)	(34.0, 37434.5)	(35.0, 43615.0)	(36.0, 50066.5)	(37.0, 55808.0)	(38.0, 60649.5)	(39.0, 64461.5)	(40.0, 66807.0)	(41.0, 67123.5)	(42.0, 64913.5)	(43.0, 61057.5)	(44.0, 55639.5)	(45.0, 48513.5)	(46.0, 40703.5)	(47.0, 32805.0)	(48.0, 25777.5)	(49.0, 19902.5)	(50.0, 14821.0)	(51.0, 10723.5)	(52.0, 7498.0)	(53.0, 5130.5)	(54.0, 3391.0)	(55.0, 2260.5)	(56.0, 1591.0)	(57.0, 1127.5)	(58.0, 819.5)	(59.0, 592.0)	(60.0, 406.0)	(61.0, 273.0)	(62.0, 200.0)	(63.0, 162.0)	(64.0, 132.0)	(65.0, 107.0)	(66.0, 105.5)	(67.0, 93.5)	(68.0, 81.5)	(69.0, 73.5)	(70.0, 58.5)	(71.0, 50.5)	(72.0, 56.5)	(73.0, 58.5)	(74.0, 60.5)	(75.0, 57.0)	(76.0, 51.0)	(77.0, 51.5)	(78.0, 41.0)	(79.0, 38.0)	(80.0, 38.0)	(81.0, 38.0)	(82.0, 33.0)	(83.0, 32.0)	(84.0, 37.0)	(85.0, 41.5)	(86.0, 39.5)	(87.0, 37.5)	(88.0, 43.0)	(89.0, 45.0)	(90.0, 43.5)	(91.0, 36.0)	(92.0, 41.5)	(93.0, 43.5)	(94.0, 39.0)	(95.0, 51.5)	(96.0, 70.0)	(97.0, 95.5)	(98.0, 153.0)	(99.0, 288.5)	(100.0, 2560.0)
PID-2861-21_S216_R1_001	(0.0, 0.0)	(1.0, 0.0)	(2.0, 0.0)	(3.0, 0.5)	(4.0, 0.5)	(5.0, 0.0)	(6.0, 0.5)	(7.0, 1.5)	(8.0, 5.5)	(9.0, 14.0)	(10.0, 22.5)	(11.0, 45.5)	(12.0, 72.0)	(13.0, 138.0)	(14.0, 299.0)	(15.0, 558.0)	(16.0, 866.0)	(17.0, 1349.0)	(18.0, 2004.5)	(19.0, 2603.0)	(20.0, 3340.5)	(21.0, 4188.0)	(22.0, 5153.5)	(23.0, 6246.0)	(24.0, 7503.5)	(25.0, 9139.0)	(26.0, 10991.0)	(27.0, 13016.0)	(28.0, 15705.0)	(29.0, 18643.5)	(30.0, 21914.0)	(31.0, 25734.5)	(32.0, 30422.0)	(33.0, 35574.5)	(34.0, 40705.0)	(35.0, 46626.5)	(36.0, 52973.5)	(37.0, 58402.5)	(38.0, 62908.5)	(39.0, 66261.5)	(40.0, 68165.0)	(41.0, 68024.5)	(42.0, 65638.5)	(43.0, 61198.0)	(44.0, 54962.0)	(45.0, 48188.5)	(46.0, 40467.5)	(47.0, 32480.0)	(48.0, 25380.0)	(49.0, 19508.0)	(50.0, 14553.5)	(51.0, 10477.0)	(52.0, 7383.0)	(53.0, 5062.5)	(54.0, 3356.0)	(55.0, 2238.0)	(56.0, 1625.5)	(57.0, 1163.0)	(58.0, 766.0)	(59.0, 549.0)	(60.0, 428.0)	(61.0, 286.5)	(62.0, 182.0)	(63.0, 131.0)	(64.0, 88.5)	(65.0, 70.5)	(66.0, 70.0)	(67.0, 56.5)	(68.0, 27.5)	(69.0, 11.5)	(70.0, 11.0)	(71.0, 9.5)	(72.0, 10.5)	(73.0, 7.5)	(74.0, 3.0)	(75.0, 2.0)	(76.0, 3.0)	(77.0, 5.5)	(78.0, 4.0)	(79.0, 3.0)	(80.0, 3.5)	(81.0, 2.5)	(82.0, 1.5)	(83.0, 0.5)	(84.0, 1.5)	(85.0, 3.0)	(86.0, 1.5)	(87.0, 0.0)	(88.0, 0.0)	(89.0, 0.5)	(90.0, 0.5)	(91.0, 0.5)	(92.0, 0.5)	(93.0, 0.0)	(94.0, 0.0)	(95.0, 0.0)	(96.0, 0.5)	(97.0, 1.0)	(98.0, 1.5)	(99.0, 1.0)	(100.0, 0.0)
PID-2861-21_S216_R2_001	(0.0, 0.0)	(1.0, 0.0)	(2.0, 0.0)	(3.0, 0.0)	(4.0, 0.0)	(5.0, 0.0)	(6.0, 0.0)	(7.0, 0.0)	(8.0, 2.0)	(9.0, 11.0)	(10.0, 18.0)	(11.0, 38.0)	(12.0, 67.5)	(13.0, 156.0)	(14.0, 296.5)	(15.0, 518.5)	(16.0, 849.0)	(17.0, 1327.0)	(18.0, 1929.0)	(19.0, 2499.5)	(20.0, 3180.0)	(21.0, 4070.0)	(22.0, 5110.5)	(23.0, 6211.0)	(24.0, 7490.0)	(25.0, 9122.5)	(26.0, 10952.0)	(27.0, 12917.0)	(28.0, 15459.0)	(29.0, 18382.5)	(30.0, 21651.0)	(31.0, 25762.5)	(32.0, 30504.0)	(33.0, 35459.0)	(34.0, 40693.0)	(35.0, 46464.0)	(36.0, 52543.0)	(37.0, 58047.0)	(38.0, 62424.5)	(39.0, 65569.0)	(40.0, 67887.0)	(41.0, 67755.5)	(42.0, 64911.0)	(43.0, 60642.0)	(44.0, 54755.0)	(45.0, 47695.5)	(46.0, 39823.5)	(47.0, 32044.0)	(48.0, 25203.0)	(49.0, 19485.5)	(50.0, 14469.5)	(51.0, 10381.5)	(52.0, 7342.5)	(53.0, 5032.5)	(54.0, 3394.5)	(55.0, 2330.5)	(56.0, 1668.5)	(57.0, 1197.0)	(58.0, 805.0)	(59.0, 560.5)	(60.0, 458.5)	(61.0, 334.5)	(62.0, 231.0)	(63.0, 203.0)	(64.0, 159.5)	(65.0, 116.5)	(66.0, 109.5)	(67.0, 90.0)	(68.0, 63.0)	(69.0, 55.5)	(70.0, 47.0)	(71.0, 43.5)	(72.0, 50.0)	(73.0, 44.5)	(74.0, 42.5)	(75.0, 39.0)	(76.0, 38.0)	(77.0, 38.5)	(78.0, 35.0)	(79.0, 32.0)	(80.0, 29.5)	(81.0, 32.0)	(82.0, 30.5)	(83.0, 34.5)	(84.0, 42.0)	(85.0, 35.0)	(86.0, 29.5)	(87.0, 32.0)	(88.0, 36.0)	(89.0, 39.5)	(90.0, 40.0)	(91.0, 44.5)	(92.0, 43.0)	(93.0, 40.5)	(94.0, 44.5)	(95.0, 54.5)	(96.0, 66.0)	(97.0, 98.0)	(98.0, 176.0)	(99.0, 351.5)	(100.0, 2823.0)
PID-2861-22_S217_R1_001	(0.0, 0.0)	(1.0, 0.0)	(2.0, 0.0)	(3.0, 0.0)	(4.0, 0.0)	(5.0, 0.5)	(6.0, 3.0)	(7.0, 3.0)	(8.0, 4.5)	(9.0, 11.0)	(10.0, 28.0)	(11.0, 61.5)	(12.0, 97.5)	(13.0, 179.5)	(14.0, 352.5)	(15.0, 587.5)	(16.0, 935.5)	(17.0, 1471.5)	(18.0, 2034.5)	(19.0, 2487.5)	(20.0, 3260.5)	(21.0, 4181.5)	(22.0, 5110.5)	(23.0, 6165.5)	(24.0, 7420.0)	(25.0, 8869.0)	(26.0, 10503.0)	(27.0, 12454.5)	(28.0, 14760.0)	(29.0, 17616.5)	(30.0, 20952.5)	(31.0, 24777.5)	(32.0, 29103.5)	(33.0, 33798.0)	(34.0, 38729.5)	(35.0, 44058.5)	(36.0, 49935.0)	(37.0, 55387.0)	(38.0, 59468.5)	(39.0, 62042.5)	(40.0, 63370.0)	(41.0, 63094.5)	(42.0, 60827.5)	(43.0, 56652.5)	(44.0, 50990.5)	(45.0, 44445.5)	(46.0, 37108.0)	(47.0, 29661.5)	(48.0, 22971.0)	(49.0, 17413.0)	(50.0, 12970.0)	(51.0, 9440.5)	(52.0, 6654.5)	(53.0, 4557.0)	(54.0, 2926.5)	(55.0, 1897.0)	(56.0, 1379.5)	(57.0, 957.0)	(58.0, 640.0)	(59.0, 465.0)	(60.0, 324.0)	(61.0, 203.5)	(62.0, 134.5)	(63.0, 96.5)	(64.0, 78.5)	(65.0, 61.0)	(66.0, 51.5)	(67.0, 53.0)	(68.0, 35.5)	(69.0, 19.5)	(70.0, 15.5)	(71.0, 7.0)	(72.0, 2.5)	(73.0, 2.0)	(74.0, 0.5)	(75.0, 1.0)	(76.0, 1.5)	(77.0, 1.0)	(78.0, 0.5)	(79.0, 0.0)	(80.0, 0.0)	(81.0, 0.0)	(82.0, 0.0)	(83.0, 0.0)	(84.0, 1.0)	(85.0, 1.0)	(86.0, 0.0)	(87.0, 0.5)	(88.0, 0.5)	(89.0, 0.5)	(90.0, 0.5)	(91.0, 0.0)	(92.0, 0.5)	(93.0, 1.0)	(94.0, 0.5)	(95.0, 0.5)	(96.0, 1.0)	(97.0, 0.5)	(98.0, 0.0)	(99.0, 0.0)	(100.0, 0.0)
PID-2861-22_S217_R2_001	(0.0, 0.0)	(1.0, 0.0)	(2.0, 0.0)	(3.0, 0.0)	(4.0, 0.0)	(5.0, 0.5)	(6.0, 1.5)	(7.0, 3.0)	(8.0, 6.5)	(9.0, 11.5)	(10.0, 29.5)	(11.0, 50.5)	(12.0, 72.5)	(13.0, 160.0)	(14.0, 338.0)	(15.0, 613.5)	(16.0, 950.5)	(17.0, 1390.5)	(18.0, 1957.5)	(19.0, 2480.5)	(20.0, 3199.5)	(21.0, 4142.0)	(22.0, 5018.5)	(23.0, 6042.0)	(24.0, 7329.0)	(25.0, 8670.5)	(26.0, 10149.0)	(27.0, 12194.5)	(28.0, 14702.5)	(29.0, 17393.0)	(30.0, 20510.0)	(31.0, 24299.5)	(32.0, 28814.5)	(33.0, 33504.5)	(34.0, 38324.5)	(35.0, 43757.0)	(36.0, 49641.0)	(37.0, 54837.5)	(38.0, 58606.0)	(39.0, 61493.5)	(40.0, 63260.5)	(41.0, 63106.0)	(42.0, 60644.0)	(43.0, 56207.0)	(44.0, 50622.5)	(45.0, 44194.5)	(46.0, 37026.0)	(47.0, 29759.0)	(48.0, 23105.5)	(49.0, 17570.5)	(50.0, 13266.0)	(51.0, 9694.5)	(52.0, 6684.0)	(53.0, 4479.0)	(54.0, 2927.5)	(55.0, 1985.5)	(56.0, 1448.0)	(57.0, 1014.0)	(58.0, 700.5)	(59.0, 519.5)	(60.0, 407.0)	(61.0, 292.5)	(62.0, 211.0)	(63.0, 157.0)	(64.0, 116.0)	(65.0, 102.5)	(66.0, 105.5)	(67.0, 93.5)	(68.0, 74.0)	(69.0, 59.0)	(70.0, 56.5)	(71.0, 57.0)	(72.0, 49.5)	(73.0, 39.0)	(74.0, 42.5)	(75.0, 41.5)	(76.0, 37.0)	(77.0, 34.5)	(78.0, 30.5)	(79.0, 32.0)	(80.0, 38.0)	(81.0, 35.5)	(82.0, 31.5)	(83.0, 34.0)	(84.0, 34.5)	(85.0, 34.5)	(86.0, 32.5)	(87.0, 30.0)	(88.0, 36.0)	(89.0, 35.5)	(90.0, 31.5)	(91.0, 39.5)	(92.0, 47.0)	(93.0, 40.0)	(94.0, 33.0)	(95.0, 49.0)	(96.0, 61.5)	(97.0, 84.0)	(98.0, 149.0)	(99.0, 283.5)	(100.0, 2225.5)
PID-2861-23_S218_R1_001	(0.0, 0.0)	(1.0, 0.0)	(2.0, 0.0)	(3.0, 0.0)	(4.0, 0.0)	(5.0, 0.0)	(6.0, 1.0)	(7.0, 1.5)	(8.0, 2.5)	(9.0, 8.5)	(10.0, 22.5)	(11.0, 44.0)	(12.0, 68.5)	(13.0, 153.5)	(14.0, 313.0)	(15.0, 486.0)	(16.0, 758.0)	(17.0, 1167.5)	(18.0, 1598.5)	(19.0, 2077.0)	(20.0, 2694.5)	(21.0, 3349.0)	(22.0, 4128.0)	(23.0, 5000.0)	(24.0, 5938.0)	(25.0, 7048.5)	(26.0, 8339.5)	(27.0, 9898.5)	(28.0, 11763.5)	(29.0, 14125.5)	(30.0, 16801.0)	(31.0, 19819.5)	(32.0, 23673.0)	(33.0, 27600.5)	(34.0, 31607.5)	(35.0, 36536.0)	(36.0, 42044.0)	(37.0, 46728.0)	(38.0, 50129.0)	(39.0, 52445.0)	(40.0, 53727.0)	(41.0, 53327.0)	(42.0, 51468.0)	(43.0, 48025.5)	(44.0, 43005.0)	(45.0, 37572.5)	(46.0, 31474.0)	(47.0, 25019.5)	(48.0, 19468.0)	(49.0, 15091.5)	(50.0, 11216.0)	(51.0, 7987.5)	(52.0, 5546.5)	(53.0, 3780.0)	(54.0, 2452.0)	(55.0, 1585.5)	(56.0, 1074.5)	(57.0, 730.0)	(58.0, 512.0)	(59.0, 372.0)	(60.0, 260.0)	(61.0, 156.5)	(62.0, 97.0)	(63.0, 68.5)	(64.0, 36.5)	(65.0, 32.5)	(66.0, 29.5)	(67.0, 19.0)	(68.0, 13.0)	(69.0, 7.5)	(70.0, 7.0)	(71.0, 9.0)	(72.0, 6.5)	(73.0, 4.0)	(74.0, 2.5)	(75.0, 1.5)	(76.0, 3.0)	(77.0, 2.5)	(78.0, 1.5)	(79.0, 3.5)	(80.0, 3.5)	(81.0, 1.5)	(82.0, 1.0)	(83.0, 0.5)	(84.0, 0.5)	(85.0, 1.0)	(86.0, 0.5)	(87.0, 0.0)	(88.0, 0.0)	(89.0, 0.0)	(90.0, 0.5)	(91.0, 0.5)	(92.0, 0.0)	(93.0, 0.0)	(94.0, 0.0)	(95.0, 0.0)	(96.0, 0.0)	(97.0, 0.0)	(98.0, 0.0)	(99.0, 0.5)	(100.0, 0.5)
PID-2861-23_S218_R2_001	(0.0, 0.0)	(1.0, 0.5)	(2.0, 0.5)	(3.0, 0.0)	(4.0, 0.0)	(5.0, 1.0)	(6.0, 1.0)	(7.0, 1.5)	(8.0, 6.5)	(9.0, 13.5)	(10.0, 18.5)	(11.0, 38.5)	(12.0, 66.0)	(13.0, 138.0)	(14.0, 265.0)	(15.0, 469.0)	(16.0, 732.0)	(17.0, 1067.5)	(18.0, 1515.5)	(19.0, 2011.5)	(20.0, 2586.0)	(21.0, 3263.5)	(22.0, 4083.5)	(23.0, 4878.0)	(24.0, 5766.0)	(25.0, 6917.5)	(26.0, 8192.5)	(27.0, 9743.0)	(28.0, 11678.0)	(29.0, 14024.5)	(30.0, 16534.5)	(31.0, 19432.0)	(32.0, 23452.5)	(33.0, 27590.0)	(34.0, 31749.0)	(35.0, 36403.5)	(36.0, 41337.0)	(37.0, 45920.0)	(38.0, 49380.0)	(39.0, 51688.5)	(40.0, 53180.5)	(41.0, 52949.0)	(42.0, 50882.5)	(43.0, 47706.0)	(44.0, 43144.0)	(45.0, 37506.5)	(46.0, 31419.0)	(47.0, 25208.5)	(48.0, 19636.0)	(49.0, 15244.0)	(50.0, 11385.0)	(51.0, 8094.0)	(52.0, 5618.5)	(53.0, 3877.5)	(54.0, 2525.5)	(55.0, 1646.0)	(56.0, 1172.5)	(57.0, 837.5)	(58.0, 573.0)	(59.0, 403.5)	(60.0, 320.0)	(61.0, 223.0)	(62.0, 145.5)	(63.0, 126.0)	(64.0, 94.0)	(65.0, 75.0)	(66.0, 76.0)	(67.0, 71.0)	(68.0, 55.0)	(69.0, 41.5)	(70.0, 51.0)	(71.0, 48.5)	(72.0, 37.5)	(73.0, 39.0)	(74.0, 33.5)	(75.0, 37.5)	(76.0, 34.0)	(77.0, 27.5)	(78.0, 32.0)	(79.0, 27.0)	(80.0, 30.5)	(81.0, 32.5)	(82.0, 25.5)	(83.0, 27.5)	(84.0, 27.0)	(85.0, 18.0)	(86.0, 17.5)	(87.0, 27.5)	(88.0, 30.5)	(89.0, 25.5)	(90.0, 25.0)	(91.0, 29.5)	(92.0, 25.5)	(93.0, 28.0)	(94.0, 35.0)	(95.0, 37.0)	(96.0, 42.5)	(97.0, 75.0)	(98.0, 126.5)	(99.0, 229.0)	(100.0, 2123.5)
PID-2861-24_S219_R1_001	(0.0, 0.0)	(1.0, 0.0)	(2.0, 0.0)	(3.0, 0.0)	(4.0, 0.0)	(5.0, 1.5)	(6.0, 4.0)	(7.0, 5.0)	(8.0, 3.5)	(9.0, 12.0)	(10.0, 22.5)	(11.0, 40.0)	(12.0, 73.5)	(13.0, 153.0)	(14.0, 311.5)	(15.0, 500.5)	(16.0, 785.0)	(17.0, 1194.5)	(18.0, 1645.5)	(19.0, 2195.5)	(20.0, 2776.5)	(21.0, 3437.5)	(22.0, 4283.0)	(23.0, 5129.5)	(24.0, 6087.5)	(25.0, 7240.5)	(26.0, 8692.5)	(27.0, 10469.5)	(28.0, 12547.0)	(29.0, 15123.0)	(30.0, 18034.0)	(31.0, 21454.0)	(32.0, 25711.0)	(33.0, 30543.5)	(34.0, 35551.5)	(35.0, 40986.5)	(36.0, 47096.5)	(37.0, 52789.5)	(38.0, 57332.0)	(39.0, 60314.0)	(40.0, 62084.0)	(41.0, 62191.0)	(42.0, 60438.5)	(43.0, 56812.5)	(44.0, 51271.5)	(45.0, 45163.0)	(46.0, 38252.0)	(47.0, 30870.5)	(48.0, 24392.5)	(49.0, 18896.0)	(50.0, 14095.5)	(51.0, 10288.0)	(52.0, 7234.5)	(53.0, 4852.5)	(54.0, 3235.0)	(55.0, 2119.5)	(56.0, 1418.0)	(57.0, 991.5)	(58.0, 637.5)	(59.0, 438.5)	(60.0, 323.5)	(61.0, 193.5)	(62.0, 122.5)	(63.0, 95.5)	(64.0, 60.0)	(65.0, 37.0)	(66.0, 33.5)	(67.0, 30.5)	(68.0, 18.5)	(69.0, 10.5)	(70.0, 8.5)	(71.0, 7.5)	(72.0, 7.0)	(73.0, 5.0)	(74.0, 5.0)	(75.0, 3.0)	(76.0, 1.5)	(77.0, 1.5)	(78.0, 1.5)	(79.0, 2.0)	(80.0, 1.0)	(81.0, 0.0)	(82.0, 0.0)	(83.0, 0.5)	(84.0, 0.5)	(85.0, 0.0)	(86.0, 0.0)	(87.0, 0.5)	(88.0, 0.5)	(89.0, 0.0)	(90.0, 0.0)	(91.0, 0.5)	(92.0, 1.0)	(93.0, 1.0)	(94.0, 0.5)	(95.0, 0.5)	(96.0, 1.0)	(97.0, 1.0)	(98.0, 0.5)	(99.0, 0.0)	(100.0, 0.0)
PID-2861-24_S219_R2_001	(0.0, 0.0)	(1.0, 0.0)	(2.0, 0.0)	(3.0, 0.0)	(4.0, 0.0)	(5.0, 1.0)	(6.0, 1.5)	(7.0, 2.5)	(8.0, 4.5)	(9.0, 9.0)	(10.0, 28.5)	(11.0, 52.5)	(12.0, 75.5)	(13.0, 149.0)	(14.0, 289.0)	(15.0, 495.0)	(16.0, 796.0)	(17.0, 1175.0)	(18.0, 1687.5)	(19.0, 2222.0)	(20.0, 2802.0)	(21.0, 3445.0)	(22.0, 4243.5)	(23.0, 5190.0)	(24.0, 6149.5)	(25.0, 7323.0)	(26.0, 8720.0)	(27.0, 10340.5)	(28.0, 12467.5)	(29.0, 15032.5)	(30.0, 17733.0)	(31.0, 21205.0)	(32.0, 25676.0)	(33.0, 30409.5)	(34.0, 35215.5)	(35.0, 40567.0)	(36.0, 46726.5)	(37.0, 52226.5)	(38.0, 56383.5)	(39.0, 59570.5)	(40.0, 61818.0)	(41.0, 62153.0)	(42.0, 60016.5)	(43.0, 56348.5)	(44.0, 51299.5)	(45.0, 45036.5)	(46.0, 37969.5)	(47.0, 30900.5)	(48.0, 24454.5)	(49.0, 18594.0)	(50.0, 13791.5)	(51.0, 10152.5)	(52.0, 7142.0)	(53.0, 4855.5)	(54.0, 3231.0)	(55.0, 2109.5)	(56.0, 1459.0)	(57.0, 1031.0)	(58.0, 718.5)	(59.0, 542.5)	(60.0, 412.5)	(61.0, 291.0)	(62.0, 206.0)	(63.0, 150.5)	(64.0, 111.0)	(65.0, 104.5)	(66.0, 99.5)	(67.0, 80.0)	(68.0, 62.0)	(69.0, 51.5)	(70.0, 54.5)	(71.0, 52.5)	(72.0, 40.0)	(73.0, 35.0)	(74.0, 40.0)	(75.0, 33.0)	(76.0, 31.5)	(77.0, 34.5)	(78.0, 31.0)	(79.0, 29.5)	(80.0, 27.0)	(81.0, 28.0)	(82.0, 31.0)	(83.0, 28.0)	(84.0, 25.0)	(85.0, 29.0)	(86.0, 31.5)	(87.0, 30.0)	(88.0, 29.5)	(89.0, 34.0)	(90.0, 34.0)	(91.0, 31.0)	(92.0, 35.5)	(93.0, 39.5)	(94.0, 34.5)	(95.0, 37.5)	(96.0, 54.0)	(97.0, 73.0)	(98.0, 110.5)	(99.0, 222.5)	(100.0, 2202.5)
PID-2861-25_S220_R1_001	(0.0, 0.0)	(1.0, 0.0)	(2.0, 0.0)	(3.0, 0.0)	(4.0, 0.5)	(5.0, 0.5)	(6.0, 0.0)	(7.0, 1.0)	(8.0, 3.0)	(9.0, 11.5)	(10.0, 27.0)	(11.0, 52.0)	(12.0, 90.0)	(13.0, 176.5)	(14.0, 319.5)	(15.0, 554.0)	(16.0, 827.5)	(17.0, 1232.0)	(18.0, 1733.0)	(19.0, 2192.0)	(20.0, 3000.0)	(21.0, 3990.0)	(22.0, 4881.0)	(23.0, 5759.0)	(24.0, 7012.5)	(25.0, 8606.0)	(26.0, 10149.5)	(27.0, 12093.5)	(28.0, 14599.0)	(29.0, 17198.0)	(30.0, 20052.5)	(31.0, 23915.5)	(32.0, 28204.0)	(33.0, 32693.0)	(34.0, 37541.5)	(35.0, 42707.5)	(36.0, 48338.0)	(37.0, 53664.0)	(38.0, 57660.0)	(39.0, 60648.5)	(40.0, 62656.5)	(41.0, 62457.0)	(42.0, 60110.0)	(43.0, 56146.5)	(44.0, 50793.5)	(45.0, 44379.5)	(46.0, 37205.5)	(47.0, 29717.0)	(48.0, 22949.0)	(49.0, 17559.0)	(50.0, 13058.5)	(51.0, 9308.5)	(52.0, 6480.0)	(53.0, 4437.5)	(54.0, 2934.0)	(55.0, 1971.0)	(56.0, 1376.0)	(57.0, 886.5)	(58.0, 586.5)	(59.0, 395.5)	(60.0, 288.5)	(61.0, 222.5)	(62.0, 156.5)	(63.0, 107.0)	(64.0, 81.5)	(65.0, 73.5)	(66.0, 74.0)	(67.0, 64.0)	(68.0, 43.0)	(69.0, 19.0)	(70.0, 14.5)	(71.0, 14.0)	(72.0, 11.0)	(73.0, 5.5)	(74.0, 1.5)	(75.0, 1.5)	(76.0, 2.5)	(77.0, 3.0)	(78.0, 3.0)	(79.0, 3.0)	(80.0, 1.5)	(81.0, 0.0)	(82.0, 1.0)	(83.0, 1.0)	(84.0, 1.5)	(85.0, 2.0)	(86.0, 0.5)	(87.0, 0.0)	(88.0, 0.0)	(89.0, 0.0)	(90.0, 1.0)	(91.0, 1.0)	(92.0, 0.5)	(93.0, 1.0)	(94.0, 0.5)	(95.0, 0.0)	(96.0, 0.5)	(97.0, 1.0)	(98.0, 1.5)	(99.0, 1.5)	(100.0, 0.5)
PID-2861-25_S220_R2_001	(0.0, 0.0)	(1.0, 0.0)	(2.0, 0.0)	(3.0, 0.0)	(4.0, 0.0)	(5.0, 0.0)	(6.0, 0.0)	(7.0, 0.5)	(8.0, 2.5)	(9.0, 12.5)	(10.0, 27.5)	(11.0, 46.0)	(12.0, 81.0)	(13.0, 148.0)	(14.0, 273.0)	(15.0, 534.5)	(16.0, 824.5)	(17.0, 1192.0)	(18.0, 1664.0)	(19.0, 2171.0)	(20.0, 2895.5)	(21.0, 3693.5)	(22.0, 4556.0)	(23.0, 5617.5)	(24.0, 6974.5)	(25.0, 8544.5)	(26.0, 10062.5)	(27.0, 11989.0)	(28.0, 14274.0)	(29.0, 16936.5)	(30.0, 20146.5)	(31.0, 23640.5)	(32.0, 27699.0)	(33.0, 32164.0)	(34.0, 37071.0)	(35.0, 42558.5)	(36.0, 47681.5)	(37.0, 52530.5)	(38.0, 57139.5)	(39.0, 60575.0)	(40.0, 62502.0)	(41.0, 62249.5)	(42.0, 59939.0)	(43.0, 55898.5)	(44.0, 50534.0)	(45.0, 44360.0)	(46.0, 37459.0)	(47.0, 30015.0)	(48.0, 23128.0)	(49.0, 17604.0)	(50.0, 13089.5)	(51.0, 9355.5)	(52.0, 6474.0)	(53.0, 4502.5)	(54.0, 3006.0)	(55.0, 2014.5)	(56.0, 1438.5)	(57.0, 998.0)	(58.0, 710.0)	(59.0, 518.0)	(60.0, 388.5)	(61.0, 308.5)	(62.0, 241.0)	(63.0, 187.5)	(64.0, 158.5)	(65.0, 135.5)	(66.0, 110.0)	(67.0, 94.0)	(68.0, 82.5)	(69.0, 72.5)	(70.0, 68.5)	(71.0, 61.0)	(72.0, 50.0)	(73.0, 57.0)	(74.0, 59.5)	(75.0, 52.5)	(76.0, 55.5)	(77.0, 53.0)	(78.0, 42.5)	(79.0, 39.0)	(80.0, 38.0)	(81.0, 39.5)	(82.0, 36.5)	(83.0, 32.0)	(84.0, 36.0)	(85.0, 39.0)	(86.0, 42.5)	(87.0, 40.0)	(88.0, 36.5)	(89.0, 34.0)	(90.0, 36.5)	(91.0, 41.0)	(92.0, 41.5)	(93.0, 46.0)	(94.0, 51.0)	(95.0, 44.5)	(96.0, 50.0)	(97.0, 95.5)	(98.0, 162.0)	(99.0, 291.0)	(100.0, 1833.5)
PID-2861-26_S221_R1_001	(0.0, 0.0)	(1.0, 0.0)	(2.0, 0.0)	(3.0, 0.0)	(4.0, 0.0)	(5.0, 0.5)	(6.0, 1.5)	(7.0, 4.0)	(8.0, 3.0)	(9.0, 7.0)	(10.0, 32.0)	(11.0, 55.0)	(12.0, 96.0)	(13.0, 188.0)	(14.0, 356.0)	(15.0, 624.5)	(16.0, 944.5)	(17.0, 1386.5)	(18.0, 2008.0)	(19.0, 2631.5)	(20.0, 3402.0)	(21.0, 4375.5)	(22.0, 5483.5)	(23.0, 6703.5)	(24.0, 8157.0)	(25.0, 10094.5)	(26.0, 12057.0)	(27.0, 14032.0)	(28.0, 16788.0)	(29.0, 20144.5)	(30.0, 23919.5)	(31.0, 28329.5)	(32.0, 33215.5)	(33.0, 38809.5)	(34.0, 44859.5)	(35.0, 50708.5)	(36.0, 57176.5)	(37.0, 63942.0)	(38.0, 68692.0)	(39.0, 72523.0)	(40.0, 75694.0)	(41.0, 76135.0)	(42.0, 73611.5)	(43.0, 68524.5)	(44.0, 61889.0)	(45.0, 54030.5)	(46.0, 45387.5)	(47.0, 36529.5)	(48.0, 28303.5)	(49.0, 21556.0)	(50.0, 16018.0)	(51.0, 11439.0)	(52.0, 7915.5)	(53.0, 5432.5)	(54.0, 3549.0)	(55.0, 2353.0)	(56.0, 1726.0)	(57.0, 1181.0)	(58.0, 747.5)	(59.0, 519.0)	(60.0, 401.5)	(61.0, 296.0)	(62.0, 208.0)	(63.0, 146.5)	(64.0, 110.0)	(65.0, 94.5)	(66.0, 87.5)	(67.0, 74.5)	(68.0, 44.5)	(69.0, 23.0)	(70.0, 17.0)	(71.0, 14.0)	(72.0, 10.5)	(73.0, 5.0)	(74.0, 1.5)	(75.0, 2.0)	(76.0, 1.5)	(77.0, 1.0)	(78.0, 1.5)	(79.0, 1.5)	(80.0, 2.5)	(81.0, 2.0)	(82.0, 1.5)	(83.0, 1.0)	(84.0, 0.0)	(85.0, 0.5)	(86.0, 0.5)	(87.0, 1.5)	(88.0, 1.5)	(89.0, 0.0)	(90.0, 0.0)	(91.0, 0.0)	(92.0, 0.5)	(93.0, 1.0)	(94.0, 0.5)	(95.0, 0.0)	(96.0, 0.0)	(97.0, 0.0)	(98.0, 0.0)	(99.0, 1.5)	(100.0, 1.5)
PID-2861-26_S221_R2_001	(0.0, 0.0)	(1.0, 0.0)	(2.0, 0.0)	(3.0, 0.5)	(4.0, 0.5)	(5.0, 0.0)	(6.0, 0.0)	(7.0, 1.5)	(8.0, 5.0)	(9.0, 12.0)	(10.0, 21.5)	(11.0, 50.5)	(12.0, 84.5)	(13.0, 183.5)	(14.0, 341.5)	(15.0, 598.5)	(16.0, 891.5)	(17.0, 1314.0)	(18.0, 1924.0)	(19.0, 2513.0)	(20.0, 3398.0)	(21.0, 4464.0)	(22.0, 5438.0)	(23.0, 6500.0)	(24.0, 8038.5)	(25.0, 9936.0)	(26.0, 11713.5)	(27.0, 13903.0)	(28.0, 16966.0)	(29.0, 20206.0)	(30.0, 23748.5)	(31.0, 27971.5)	(32.0, 32713.5)	(33.0, 38192.5)	(34.0, 44093.5)	(35.0, 50572.0)	(36.0, 57401.0)	(37.0, 63288.5)	(38.0, 68397.5)	(39.0, 72979.0)	(40.0, 75556.5)	(41.0, 75402.5)	(42.0, 72654.0)	(43.0, 67678.0)	(44.0, 60992.5)	(45.0, 53591.5)	(46.0, 45401.5)	(47.0, 36507.5)	(48.0, 28359.5)	(49.0, 21571.0)	(50.0, 16064.0)	(51.0, 11553.5)	(52.0, 8056.5)	(53.0, 5528.5)	(54.0, 3740.0)	(55.0, 2549.5)	(56.0, 1823.5)	(57.0, 1299.0)	(58.0, 901.5)	(59.0, 612.5)	(60.0, 465.0)	(61.0, 383.0)	(62.0, 299.5)	(63.0, 240.0)	(64.0, 214.0)	(65.0, 162.0)	(66.0, 136.5)	(67.0, 135.0)	(68.0, 99.0)	(69.0, 78.5)	(70.0, 65.5)	(71.0, 60.5)	(72.0, 62.0)	(73.0, 57.5)	(74.0, 55.5)	(75.0, 51.5)	(76.0, 46.5)	(77.0, 43.0)	(78.0, 40.0)	(79.0, 41.0)	(80.0, 44.5)	(81.0, 43.0)	(82.0, 38.0)	(83.0, 36.5)	(84.0, 40.0)	(85.0, 37.5)	(86.0, 34.0)	(87.0, 40.0)	(88.0, 40.5)	(89.0, 44.5)	(90.0, 42.0)	(91.0, 37.5)	(92.0, 45.5)	(93.0, 46.0)	(94.0, 50.5)	(95.0, 59.5)	(96.0, 70.0)	(97.0, 96.5)	(98.0, 155.5)	(99.0, 296.0)	(100.0, 2155.0)
PID-2861-27_S222_R1_001	(0.0, 0.0)	(1.0, 0.0)	(2.0, 0.0)	(3.0, 0.0)	(4.0, 0.0)	(5.0, 0.5)	(6.0, 2.0)	(7.0, 3.5)	(8.0, 8.0)	(9.0, 17.0)	(10.0, 32.5)	(11.0, 60.0)	(12.0, 107.0)	(13.0, 222.5)	(14.0, 417.5)	(15.0, 688.5)	(16.0, 998.5)	(17.0, 1512.5)	(18.0, 2182.5)	(19.0, 2727.0)	(20.0, 3538.0)	(21.0, 4659.5)	(22.0, 5702.0)	(23.0, 6895.5)	(24.0, 8593.0)	(25.0, 10494.0)	(26.0, 12595.0)	(27.0, 14855.5)	(28.0, 17553.0)	(29.0, 20907.5)	(30.0, 24354.0)	(31.0, 28727.0)	(32.0, 33774.0)	(33.0, 39291.0)	(34.0, 45564.5)	(35.0, 51984.5)	(36.0, 58583.0)	(37.0, 64866.5)	(38.0, 70420.0)	(39.0, 74637.0)	(40.0, 76993.0)	(41.0, 76959.0)	(42.0, 74119.0)	(43.0, 68924.0)	(44.0, 62611.0)	(45.0, 54943.5)	(46.0, 46047.0)	(47.0, 37035.0)	(48.0, 28690.0)	(49.0, 21705.0)	(50.0, 15891.5)	(51.0, 11292.5)	(52.0, 7879.0)	(53.0, 5443.5)	(54.0, 3558.5)	(55.0, 2387.0)	(56.0, 1739.0)	(57.0, 1137.5)	(58.0, 713.0)	(59.0, 505.0)	(60.0, 390.5)	(61.0, 288.5)	(62.0, 207.5)	(63.0, 155.5)	(64.0, 111.0)	(65.0, 96.5)	(66.0, 80.0)	(67.0, 51.5)	(68.0, 34.5)	(69.0, 30.0)	(70.0, 25.5)	(71.0, 16.0)	(72.0, 11.5)	(73.0, 9.0)	(74.0, 3.5)	(75.0, 1.5)	(76.0, 1.5)	(77.0, 3.0)	(78.0, 2.5)	(79.0, 0.5)	(80.0, 0.5)	(81.0, 1.0)	(82.0, 2.0)	(83.0, 2.5)	(84.0, 2.5)	(85.0, 4.0)	(86.0, 3.5)	(87.0, 3.0)	(88.0, 2.0)	(89.0, 0.0)	(90.0, 0.0)	(91.0, 0.0)	(92.0, 0.0)	(93.0, 0.0)	(94.0, 0.5)	(95.0, 0.5)	(96.0, 0.0)	(97.0, 0.0)	(98.0, 0.5)	(99.0, 1.0)	(100.0, 1.0)
PID-2861-27_S222_R2_001	(0.0, 0.0)	(1.0, 0.0)	(2.0, 0.5)	(3.0, 0.5)	(4.0, 1.0)	(5.0, 1.0)	(6.0, 0.5)	(7.0, 0.5)	(8.0, 5.0)	(9.0, 14.5)	(10.0, 25.0)	(11.0, 49.0)	(12.0, 100.5)	(13.0, 217.0)	(14.0, 386.5)	(15.0, 684.5)	(16.0, 1047.0)	(17.0, 1547.5)	(18.0, 2143.0)	(19.0, 2683.5)	(20.0, 3567.5)	(21.0, 4629.5)	(22.0, 5722.5)	(23.0, 6930.0)	(24.0, 8484.0)	(25.0, 10340.5)	(26.0, 12156.5)	(27.0, 14509.5)	(28.0, 17453.5)	(29.0, 20610.5)	(30.0, 24540.0)	(31.0, 28942.5)	(32.0, 33742.0)	(33.0, 39529.5)	(34.0, 45176.5)	(35.0, 51260.5)	(36.0, 57905.0)	(37.0, 64195.5)	(38.0, 70113.5)	(39.0, 74182.5)	(40.0, 76288.5)	(41.0, 76362.0)	(42.0, 73679.0)	(43.0, 68901.0)	(44.0, 62513.5)	(45.0, 54413.5)	(46.0, 45616.0)	(47.0, 36721.0)	(48.0, 28704.0)	(49.0, 21791.5)	(50.0, 16076.0)	(51.0, 11633.5)	(52.0, 7968.5)	(53.0, 5475.0)	(54.0, 3580.5)	(55.0, 2413.0)	(56.0, 1785.0)	(57.0, 1226.5)	(58.0, 834.5)	(59.0, 606.0)	(60.0, 448.0)	(61.0, 362.5)	(62.0, 283.5)	(63.0, 206.0)	(64.0, 178.0)	(65.0, 162.5)	(66.0, 144.0)	(67.0, 118.0)	(68.0, 94.5)	(69.0, 76.5)	(70.0, 68.0)	(71.0, 69.0)	(72.0, 62.0)	(73.0, 50.5)	(74.0, 44.0)	(75.0, 39.0)	(76.0, 45.5)	(77.0, 50.0)	(78.0, 44.5)	(79.0, 42.0)	(80.0, 38.0)	(81.0, 33.0)	(82.0, 34.5)	(83.0, 35.5)	(84.0, 32.5)	(85.0, 39.0)	(86.0, 34.5)	(87.0, 23.5)	(88.0, 28.5)	(89.0, 30.5)	(90.0, 40.0)	(91.0, 49.0)	(92.0, 44.0)	(93.0, 46.5)	(94.0, 45.0)	(95.0, 52.5)	(96.0, 69.5)	(97.0, 87.0)	(98.0, 129.5)	(99.0, 254.5)	(100.0, 2022.5)
PID-2861-28_S223_R1_001	(0.0, 0.0)	(1.0, 0.0)	(2.0, 0.0)	(3.0, 0.5)	(4.0, 1.5)	(5.0, 1.0)	(6.0, 2.5)	(7.0, 3.5)	(8.0, 2.0)	(9.0, 5.5)	(10.0, 19.0)	(11.0, 36.5)	(12.0, 69.5)	(13.0, 149.0)	(14.0, 283.0)	(15.0, 477.0)	(16.0, 749.5)	(17.0, 1131.5)	(18.0, 1604.5)	(19.0, 2111.0)	(20.0, 2718.0)	(21.0, 3463.0)	(22.0, 4326.0)	(23.0, 5311.0)	(24.0, 6461.0)	(25.0, 7875.5)	(26.0, 9382.0)	(27.0, 11070.5)	(28.0, 13353.0)	(29.0, 15912.0)	(30.0, 18896.5)	(31.0, 22525.0)	(32.0, 26661.0)	(33.0, 31108.0)	(34.0, 35924.0)	(35.0, 41359.0)	(36.0, 47098.5)	(37.0, 52543.0)	(38.0, 57197.5)	(39.0, 60665.5)	(40.0, 62913.0)	(41.0, 63303.5)	(42.0, 61200.0)	(43.0, 57151.5)	(44.0, 51536.0)	(45.0, 45183.0)	(46.0, 38030.0)	(47.0, 30563.0)	(48.0, 23835.0)	(49.0, 18020.5)	(50.0, 13376.0)	(51.0, 9425.5)	(52.0, 6481.0)	(53.0, 4499.5)	(54.0, 2866.0)	(55.0, 1906.0)	(56.0, 1397.0)	(57.0, 931.5)	(58.0, 594.5)	(59.0, 432.0)	(60.0, 327.0)	(61.0, 236.0)	(62.0, 165.0)	(63.0, 127.5)	(64.0, 102.0)	(65.0, 78.5)	(66.0, 65.5)	(67.0, 51.0)	(68.0, 31.5)	(69.0, 20.5)	(70.0, 17.5)	(71.0, 17.0)	(72.0, 11.5)	(73.0, 4.5)	(74.0, 2.5)	(75.0, 1.0)	(76.0, 0.5)	(77.0, 0.5)	(78.0, 0.5)	(79.0, 1.5)	(80.0, 2.0)	(81.0, 1.5)	(82.0, 0.5)	(83.0, 1.5)	(84.0, 2.0)	(85.0, 1.0)	(86.0, 1.0)	(87.0, 1.5)	(88.0, 1.0)	(89.0, 0.0)	(90.0, 0.0)	(91.0, 0.0)	(92.0, 0.5)	(93.0, 0.5)	(94.0, 0.0)	(95.0, 0.0)	(96.0, 0.5)	(97.0, 0.5)	(98.0, 0.5)	(99.0, 0.5)	(100.0, 0.0)
PID-2861-28_S223_R2_001	(0.0, 0.0)	(1.0, 0.0)	(2.0, 0.0)	(3.0, 0.0)	(4.0, 0.0)	(5.0, 0.0)	(6.0, 0.5)	(7.0, 1.5)	(8.0, 4.0)	(9.0, 9.5)	(10.0, 17.0)	(11.0, 39.0)	(12.0, 73.0)	(13.0, 139.0)	(14.0, 264.0)	(15.0, 477.0)	(16.0, 762.0)	(17.0, 1116.0)	(18.0, 1524.0)	(19.0, 1920.0)	(20.0, 2616.0)	(21.0, 3442.5)	(22.0, 4300.5)	(23.0, 5256.5)	(24.0, 6307.5)	(25.0, 7734.0)	(26.0, 9245.0)	(27.0, 11035.0)	(28.0, 13328.5)	(29.0, 15924.0)	(30.0, 19016.5)	(31.0, 22545.5)	(32.0, 26535.0)	(33.0, 30983.0)	(34.0, 35810.0)	(35.0, 41124.5)	(36.0, 46732.5)	(37.0, 52192.5)	(38.0, 56591.5)	(39.0, 60173.0)	(40.0, 62451.5)	(41.0, 62479.0)	(42.0, 60310.0)	(43.0, 56550.0)	(44.0, 51408.5)	(45.0, 45005.5)	(46.0, 38132.5)	(47.0, 30925.5)	(48.0, 24051.5)	(49.0, 18115.5)	(50.0, 13216.0)	(51.0, 9456.0)	(52.0, 6693.5)	(53.0, 4655.5)	(54.0, 3153.5)	(55.0, 2142.0)	(56.0, 1503.5)	(57.0, 1029.5)	(58.0, 697.5)	(59.0, 462.0)	(60.0, 362.5)	(61.0, 303.0)	(62.0, 227.0)	(63.0, 188.0)	(64.0, 156.0)	(65.0, 121.0)	(66.0, 110.0)	(67.0, 102.5)	(68.0, 80.5)	(69.0, 69.0)	(70.0, 65.0)	(71.0, 55.0)	(72.0, 50.5)	(73.0, 45.5)	(74.0, 36.0)	(75.0, 28.5)	(76.0, 25.5)	(77.0, 28.5)	(78.0, 25.0)	(79.0, 22.0)	(80.0, 29.0)	(81.0, 33.0)	(82.0, 33.5)	(83.0, 31.0)	(84.0, 28.5)	(85.0, 28.5)	(86.0, 28.5)	(87.0, 28.0)	(88.0, 32.5)	(89.0, 35.5)	(90.0, 35.0)	(91.0, 37.0)	(92.0, 35.0)	(93.0, 32.0)	(94.0, 33.0)	(95.0, 36.0)	(96.0, 47.0)	(97.0, 71.5)	(98.0, 121.5)	(99.0, 226.5)	(100.0, 1402.0)
PID-2861-29_S224_R1_001	(0.0, 0.0)	(1.0, 0.0)	(2.0, 0.0)	(3.0, 0.0)	(4.0, 0.0)	(5.0, 0.5)	(6.0, 2.0)	(7.0, 2.5)	(8.0, 3.5)	(9.0, 9.5)	(10.0, 24.0)	(11.0, 39.5)	(12.0, 63.5)	(13.0, 160.0)	(14.0, 292.5)	(15.0, 517.5)	(16.0, 794.0)	(17.0, 1160.0)	(18.0, 1638.5)	(19.0, 2106.0)	(20.0, 2851.0)	(21.0, 3596.5)	(22.0, 4386.0)	(23.0, 5325.0)	(24.0, 6471.5)	(25.0, 7866.5)	(26.0, 9293.0)	(27.0, 10975.5)	(28.0, 13170.5)	(29.0, 15711.0)	(30.0, 18508.0)	(31.0, 21755.5)	(32.0, 25263.0)	(33.0, 29070.0)	(34.0, 33484.5)	(35.0, 38305.5)	(36.0, 43092.0)	(37.0, 47690.5)	(38.0, 51504.5)	(39.0, 54298.0)	(40.0, 56063.0)	(41.0, 55731.5)	(42.0, 53507.0)	(43.0, 50035.5)	(44.0, 45030.5)	(45.0, 39201.0)	(46.0, 33202.0)	(47.0, 26647.0)	(48.0, 20461.0)	(49.0, 15526.0)	(50.0, 11546.5)	(51.0, 8352.0)	(52.0, 5727.5)	(53.0, 3894.0)	(54.0, 2611.5)	(55.0, 1749.0)	(56.0, 1224.0)	(57.0, 815.5)	(58.0, 558.0)	(59.0, 376.5)	(60.0, 244.0)	(61.0, 203.0)	(62.0, 167.0)	(63.0, 110.0)	(64.0, 84.5)	(65.0, 70.5)	(66.0, 60.5)	(67.0, 49.0)	(68.0, 28.0)	(69.0, 11.0)	(70.0, 12.0)	(71.0, 11.0)	(72.0, 6.0)	(73.0, 4.5)	(74.0, 2.5)	(75.0, 1.0)	(76.0, 0.0)	(77.0, 1.0)	(78.0, 1.5)	(79.0, 2.0)	(80.0, 2.0)	(81.0, 1.0)	(82.0, 0.5)	(83.0, 0.0)	(84.0, 0.5)	(85.0, 0.5)	(86.0, 0.0)	(87.0, 0.0)	(88.0, 0.0)	(89.0, 0.0)	(90.0, 0.5)	(91.0, 0.5)	(92.0, 0.5)	(93.0, 1.0)	(94.0, 0.5)	(95.0, 0.0)	(96.0, 0.0)	(97.0, 0.5)	(98.0, 0.5)	(99.0, 0.5)	(100.0, 0.5)
PID-2861-29_S224_R2_001	(0.0, 0.0)	(1.0, 0.0)	(2.0, 0.0)	(3.0, 0.0)	(4.0, 0.0)	(5.0, 0.0)	(6.0, 1.0)	(7.0, 4.0)	(8.0, 4.5)	(9.0, 8.0)	(10.0, 25.5)	(11.0, 43.5)	(12.0, 76.0)	(13.0, 163.0)	(14.0, 280.5)	(15.0, 509.0)	(16.0, 795.0)	(17.0, 1140.5)	(18.0, 1619.0)	(19.0, 2112.0)	(20.0, 2805.0)	(21.0, 3570.0)	(22.0, 4302.5)	(23.0, 5139.0)	(24.0, 6222.0)	(25.0, 7655.0)	(26.0, 9137.0)	(27.0, 10872.5)	(28.0, 13087.0)	(29.0, 15406.5)	(30.0, 18002.0)	(31.0, 21321.5)	(32.0, 25257.5)	(33.0, 29270.0)	(34.0, 33358.5)	(35.0, 37972.0)	(36.0, 42899.0)	(37.0, 47295.0)	(38.0, 50652.0)	(39.0, 53277.0)	(40.0, 55386.5)	(41.0, 55756.5)	(42.0, 53544.0)	(43.0, 49667.0)	(44.0, 45110.0)	(45.0, 39593.0)	(46.0, 33095.0)	(47.0, 26513.5)	(48.0, 20628.5)	(49.0, 15763.0)	(50.0, 11709.5)	(51.0, 8322.5)	(52.0, 5741.5)	(53.0, 3990.0)	(54.0, 2663.5)	(55.0, 1825.5)	(56.0, 1311.5)	(57.0, 905.0)	(58.0, 632.0)	(59.0, 458.0)	(60.0, 354.0)	(61.0, 281.0)	(62.0, 214.5)	(63.0, 148.0)	(64.0, 136.5)	(65.0, 119.0)	(66.0, 101.5)	(67.0, 90.0)	(68.0, 56.5)	(69.0, 52.5)	(70.0, 54.0)	(71.0, 40.5)	(72.0, 41.0)	(73.0, 43.0)	(74.0, 41.5)	(75.0, 37.0)	(76.0, 32.0)	(77.0, 31.5)	(78.0, 35.0)	(79.0, 31.5)	(80.0, 29.5)	(81.0, 31.5)	(82.0, 29.5)	(83.0, 29.5)	(84.0, 25.5)	(85.0, 22.5)	(86.0, 22.5)	(87.0, 24.0)	(88.0, 33.0)	(89.0, 30.5)	(90.0, 28.5)	(91.0, 27.0)	(92.0, 24.5)	(93.0, 35.5)	(94.0, 45.0)	(95.0, 44.5)	(96.0, 49.0)	(97.0, 81.0)	(98.0, 120.0)	(99.0, 222.5)	(100.0, 1565.0)
PID-2861-2_S197_R1_001	(0.0, 0.0)	(1.0, 0.0)	(2.0, 0.0)	(3.0, 0.0)	(4.0, 0.0)	(5.0, 0.5)	(6.0, 3.5)	(7.0, 6.0)	(8.0, 4.5)	(9.0, 9.5)	(10.0, 29.0)	(11.0, 62.0)	(12.0, 104.5)	(13.0, 175.5)	(14.0, 345.5)	(15.0, 583.0)	(16.0, 907.5)	(17.0, 1292.0)	(18.0, 1696.0)	(19.0, 2246.5)	(20.0, 2832.0)	(21.0, 3520.0)	(22.0, 4546.0)	(23.0, 5558.0)	(24.0, 6692.5)	(25.0, 8163.5)	(26.0, 9718.5)	(27.0, 11564.5)	(28.0, 13642.0)	(29.0, 16124.0)	(30.0, 19038.5)	(31.0, 22168.5)	(32.0, 26293.5)	(33.0, 30906.0)	(34.0, 36099.0)	(35.0, 42046.5)	(36.0, 47514.5)	(37.0, 52192.5)	(38.0, 56176.5)	(39.0, 59272.5)	(40.0, 61231.0)	(41.0, 61005.5)	(42.0, 58364.0)	(43.0, 54169.5)	(44.0, 48746.0)	(45.0, 42660.0)	(46.0, 35994.5)	(47.0, 29091.5)	(48.0, 22553.5)	(49.0, 17010.0)	(50.0, 12469.0)	(51.0, 8977.5)	(52.0, 6425.5)	(53.0, 4382.5)	(54.0, 2930.5)	(55.0, 2039.5)	(56.0, 1379.5)	(57.0, 876.5)	(58.0, 602.0)	(59.0, 406.0)	(60.0, 287.0)	(61.0, 198.5)	(62.0, 130.5)	(63.0, 84.0)	(64.0, 64.0)	(65.0, 56.5)	(66.0, 51.5)	(67.0, 42.0)	(68.0, 25.5)	(69.0, 10.0)	(70.0, 4.5)	(71.0, 4.5)	(72.0, 4.5)	(73.0, 2.0)	(74.0, 1.5)	(75.0, 1.5)	(76.0, 0.5)	(77.0, 1.0)	(78.0, 1.5)	(79.0, 4.0)	(80.0, 4.0)	(81.0, 0.5)	(82.0, 0.5)	(83.0, 1.0)	(84.0, 1.5)	(85.0, 1.0)	(86.0, 0.5)	(87.0, 0.5)	(88.0, 0.0)	(89.0, 0.5)	(90.0, 1.0)	(91.0, 1.0)	(92.0, 0.5)	(93.0, 0.0)	(94.0, 0.5)	(95.0, 0.5)	(96.0, 0.5)	(97.0, 0.5)	(98.0, 0.0)	(99.0, 0.5)	(100.0, 0.5)
PID-2861-2_S197_R2_001	(0.0, 0.0)	(1.0, 0.5)	(2.0, 0.5)	(3.0, 0.0)	(4.0, 0.0)	(5.0, 1.5)	(6.0, 3.5)	(7.0, 4.5)	(8.0, 4.5)	(9.0, 9.5)	(10.0, 19.5)	(11.0, 55.0)	(12.0, 111.0)	(13.0, 201.0)	(14.0, 343.5)	(15.0, 572.0)	(16.0, 882.0)	(17.0, 1202.0)	(18.0, 1619.0)	(19.0, 2104.0)	(20.0, 2696.5)	(21.0, 3496.0)	(22.0, 4455.5)	(23.0, 5421.5)	(24.0, 6619.5)	(25.0, 8054.0)	(26.0, 9536.0)	(27.0, 11461.0)	(28.0, 13524.0)	(29.0, 15777.0)	(30.0, 18712.0)	(31.0, 21986.0)	(32.0, 26196.5)	(33.0, 30802.0)	(34.0, 35888.0)	(35.0, 41939.0)	(36.0, 47274.0)	(37.0, 51599.0)	(38.0, 55493.0)	(39.0, 58780.5)	(40.0, 60433.5)	(41.0, 59997.0)	(42.0, 57847.0)	(43.0, 54024.5)	(44.0, 48865.5)	(45.0, 42721.5)	(46.0, 35777.5)	(47.0, 28979.5)	(48.0, 22710.5)	(49.0, 17216.5)	(50.0, 12714.0)	(51.0, 9308.0)	(52.0, 6615.5)	(53.0, 4435.0)	(54.0, 3057.5)	(55.0, 2132.0)	(56.0, 1470.0)	(57.0, 979.5)	(58.0, 652.5)	(59.0, 465.0)	(60.0, 352.0)	(61.0, 248.0)	(62.0, 187.0)	(63.0, 148.0)	(64.0, 108.0)	(65.0, 98.0)	(66.0, 91.5)	(67.0, 79.0)	(68.0, 65.5)	(69.0, 54.5)	(70.0, 51.0)	(71.0, 41.5)	(72.0, 35.5)	(73.0, 37.0)	(74.0, 37.5)	(75.0, 33.0)	(76.0, 28.5)	(77.0, 29.5)	(78.0, 31.0)	(79.0, 31.0)	(80.0, 28.5)	(81.0, 27.5)	(82.0, 25.5)	(83.0, 34.5)	(84.0, 40.5)	(85.0, 34.5)	(86.0, 36.0)	(87.0, 36.5)	(88.0, 27.5)	(89.0, 23.5)	(90.0, 30.0)	(91.0, 32.0)	(92.0, 32.5)	(93.0, 31.5)	(94.0, 32.0)	(95.0, 39.0)	(96.0, 49.5)	(97.0, 76.5)	(98.0, 127.5)	(99.0, 243.5)	(100.0, 1980.5)
PID-2861-30_S225_R1_001	(0.0, 0.0)	(1.0, 0.0)	(2.0, 0.0)	(3.0, 0.0)	(4.0, 0.0)	(5.0, 0.0)	(6.0, 1.5)	(7.0, 2.0)	(8.0, 4.0)	(9.0, 11.0)	(10.0, 24.0)	(11.0, 44.5)	(12.0, 79.5)	(13.0, 196.0)	(14.0, 353.5)	(15.0, 593.5)	(16.0, 855.0)	(17.0, 1241.0)	(18.0, 1745.5)	(19.0, 2145.0)	(20.0, 2885.5)	(21.0, 3619.5)	(22.0, 4265.0)	(23.0, 5030.5)	(24.0, 6020.0)	(25.0, 7397.5)	(26.0, 8777.5)	(27.0, 10246.0)	(28.0, 12050.0)	(29.0, 14319.5)	(30.0, 16828.0)	(31.0, 19440.5)	(32.0, 22497.0)	(33.0, 25945.0)	(34.0, 29789.5)	(35.0, 33913.5)	(36.0, 37577.0)	(37.0, 41367.0)	(38.0, 44824.5)	(39.0, 47162.5)	(40.0, 48484.0)	(41.0, 48398.5)	(42.0, 46758.5)	(43.0, 43145.0)	(44.0, 38924.5)	(45.0, 34330.5)	(46.0, 28777.0)	(47.0, 23039.0)	(48.0, 17992.5)	(49.0, 13657.0)	(50.0, 10033.5)	(51.0, 7254.5)	(52.0, 4966.5)	(53.0, 3442.0)	(54.0, 2287.5)	(55.0, 1542.5)	(56.0, 1132.5)	(57.0, 758.0)	(58.0, 535.0)	(59.0, 368.0)	(60.0, 258.5)	(61.0, 196.5)	(62.0, 131.5)	(63.0, 100.0)	(64.0, 77.0)	(65.0, 52.0)	(66.0, 46.5)	(67.0, 39.5)	(68.0, 21.0)	(69.0, 10.5)	(70.0, 13.0)	(71.0, 16.5)	(72.0, 12.0)	(73.0, 4.5)	(74.0, 1.5)	(75.0, 1.0)	(76.0, 0.5)	(77.0, 0.0)	(78.0, 1.5)	(79.0, 2.5)	(80.0, 1.0)	(81.0, 0.0)	(82.0, 0.0)	(83.0, 0.0)	(84.0, 0.0)	(85.0, 1.0)	(86.0, 1.0)	(87.0, 0.5)	(88.0, 0.5)	(89.0, 0.0)	(90.0, 0.5)	(91.0, 1.0)	(92.0, 0.5)	(93.0, 0.0)	(94.0, 0.0)	(95.0, 0.0)	(96.0, 0.0)	(97.0, 0.0)	(98.0, 0.0)	(99.0, 0.0)	(100.0, 0.0)
PID-2861-30_S225_R2_001	(0.0, 0.0)	(1.0, 0.0)	(2.0, 0.0)	(3.0, 0.0)	(4.0, 0.0)	(5.0, 0.0)	(6.0, 0.5)	(7.0, 0.5)	(8.0, 2.0)	(9.0, 13.0)	(10.0, 23.0)	(11.0, 44.5)	(12.0, 83.5)	(13.0, 168.5)	(14.0, 315.0)	(15.0, 531.5)	(16.0, 846.5)	(17.0, 1269.0)	(18.0, 1684.0)	(19.0, 2083.0)	(20.0, 2719.5)	(21.0, 3498.5)	(22.0, 4209.0)	(23.0, 4977.0)	(24.0, 6069.5)	(25.0, 7404.5)	(26.0, 8746.0)	(27.0, 10301.5)	(28.0, 12031.5)	(29.0, 14193.5)	(30.0, 16674.0)	(31.0, 19295.0)	(32.0, 22407.5)	(33.0, 25990.5)	(34.0, 29651.5)	(35.0, 33616.5)	(36.0, 37887.5)	(37.0, 41760.5)	(38.0, 44837.0)	(39.0, 47351.0)	(40.0, 48507.0)	(41.0, 47995.0)	(42.0, 46129.5)	(43.0, 42934.5)	(44.0, 38916.5)	(45.0, 33933.0)	(46.0, 28407.5)	(47.0, 22827.0)	(48.0, 17733.5)	(49.0, 13395.0)	(50.0, 9980.0)	(51.0, 7166.5)	(52.0, 4983.0)	(53.0, 3472.0)	(54.0, 2274.5)	(55.0, 1561.0)	(56.0, 1161.5)	(57.0, 817.0)	(58.0, 554.0)	(59.0, 400.5)	(60.0, 308.5)	(61.0, 239.0)	(62.0, 170.5)	(63.0, 143.5)	(64.0, 120.5)	(65.0, 106.5)	(66.0, 93.0)	(67.0, 73.0)	(68.0, 62.5)	(69.0, 48.0)	(70.0, 48.5)	(71.0, 44.0)	(72.0, 35.5)	(73.0, 31.5)	(74.0, 29.0)	(75.0, 31.5)	(76.0, 30.0)	(77.0, 33.0)	(78.0, 31.0)	(79.0, 22.5)	(80.0, 28.0)	(81.0, 28.0)	(82.0, 21.0)	(83.0, 21.5)	(84.0, 19.5)	(85.0, 17.5)	(86.0, 19.5)	(87.0, 22.5)	(88.0, 21.5)	(89.0, 19.0)	(90.0, 18.5)	(91.0, 23.5)	(92.0, 24.0)	(93.0, 24.5)	(94.0, 27.5)	(95.0, 34.0)	(96.0, 37.0)	(97.0, 53.5)	(98.0, 89.0)	(99.0, 174.5)	(100.0, 966.0)
PID-2861-31_S226_R1_001	(0.0, 0.0)	(1.0, 0.0)	(2.0, 0.0)	(3.0, 0.0)	(4.0, 1.0)	(5.0, 1.0)	(6.0, 0.0)	(7.0, 1.5)	(8.0, 5.0)	(9.0, 17.0)	(10.0, 38.5)	(11.0, 57.5)	(12.0, 88.0)	(13.0, 167.5)	(14.0, 280.5)	(15.0, 457.5)	(16.0, 654.5)	(17.0, 920.0)	(18.0, 1291.0)	(19.0, 1602.5)	(20.0, 1980.0)	(21.0, 2410.0)	(22.0, 2892.0)	(23.0, 3501.0)	(24.0, 4193.5)	(25.0, 4979.0)	(26.0, 5857.0)	(27.0, 6822.0)	(28.0, 8002.5)	(29.0, 9531.0)	(30.0, 11166.5)	(31.0, 12990.0)	(32.0, 15176.0)	(33.0, 17650.0)	(34.0, 20224.0)	(35.0, 22633.5)	(36.0, 25515.0)	(37.0, 28355.5)	(38.0, 30573.0)	(39.0, 32282.0)	(40.0, 33176.0)	(41.0, 33378.0)	(42.0, 31989.0)	(43.0, 29599.0)	(44.0, 26671.0)	(45.0, 23009.5)	(46.0, 19374.5)	(47.0, 15672.0)	(48.0, 12054.5)	(49.0, 9039.5)	(50.0, 6680.0)	(51.0, 4829.0)	(52.0, 3350.5)	(53.0, 2268.5)	(54.0, 1508.5)	(55.0, 982.5)	(56.0, 674.5)	(57.0, 435.5)	(58.0, 276.0)	(59.0, 189.0)	(60.0, 155.0)	(61.0, 122.5)	(62.0, 85.5)	(63.0, 55.0)	(64.0, 47.0)	(65.0, 39.0)	(66.0, 26.5)	(67.0, 20.0)	(68.0, 17.0)	(69.0, 12.0)	(70.0, 9.5)	(71.0, 6.0)	(72.0, 4.0)	(73.0, 3.0)	(74.0, 2.0)	(75.0, 1.0)	(76.0, 1.5)	(77.0, 1.0)	(78.0, 0.5)	(79.0, 0.5)	(80.0, 0.5)	(81.0, 0.5)	(82.0, 0.0)	(83.0, 0.0)	(84.0, 0.0)	(85.0, 0.0)	(86.0, 0.0)	(87.0, 0.0)	(88.0, 0.0)	(89.0, 0.0)	(90.0, 0.5)	(91.0, 0.5)	(92.0, 0.0)	(93.0, 0.5)	(94.0, 0.5)	(95.0, 0.0)	(96.0, 0.0)	(97.0, 0.0)	(98.0, 0.0)	(99.0, 0.0)	(100.0, 0.0)
PID-2861-31_S226_R2_001	(0.0, 0.0)	(1.0, 0.0)	(2.0, 0.0)	(3.0, 0.0)	(4.0, 0.0)	(5.0, 0.0)	(6.0, 0.5)	(7.0, 2.5)	(8.0, 5.0)	(9.0, 15.5)	(10.0, 28.5)	(11.0, 39.0)	(12.0, 59.5)	(13.0, 136.0)	(14.0, 251.5)	(15.0, 402.5)	(16.0, 623.0)	(17.0, 893.5)	(18.0, 1175.5)	(19.0, 1443.5)	(20.0, 1842.0)	(21.0, 2304.5)	(22.0, 2761.5)	(23.0, 3334.5)	(24.0, 3956.5)	(25.0, 4697.5)	(26.0, 5618.0)	(27.0, 6722.5)	(28.0, 7945.0)	(29.0, 9351.0)	(30.0, 10953.5)	(31.0, 12793.0)	(32.0, 14957.5)	(33.0, 17285.0)	(34.0, 19806.5)	(35.0, 22637.5)	(36.0, 25588.5)	(37.0, 28193.5)	(38.0, 30316.5)	(39.0, 31870.0)	(40.0, 32924.0)	(41.0, 33071.5)	(42.0, 31788.5)	(43.0, 29483.0)	(44.0, 26576.0)	(45.0, 23221.5)	(46.0, 19467.5)	(47.0, 15699.0)	(48.0, 12325.5)	(49.0, 9283.0)	(50.0, 6870.0)	(51.0, 4972.5)	(52.0, 3385.5)	(53.0, 2325.5)	(54.0, 1565.0)	(55.0, 1055.5)	(56.0, 738.5)	(57.0, 507.0)	(58.0, 366.0)	(59.0, 259.5)	(60.0, 187.0)	(61.0, 155.0)	(62.0, 125.5)	(63.0, 105.5)	(64.0, 88.5)	(65.0, 68.5)	(66.0, 74.0)	(67.0, 73.0)	(68.0, 49.0)	(69.0, 32.5)	(70.0, 31.5)	(71.0, 31.5)	(72.0, 29.0)	(73.0, 31.5)	(74.0, 27.5)	(75.0, 23.0)	(76.0, 30.5)	(77.0, 28.5)	(78.0, 20.0)	(79.0, 21.5)	(80.0, 22.5)	(81.0, 19.5)	(82.0, 20.0)	(83.0, 23.0)	(84.0, 19.5)	(85.0, 17.5)	(86.0, 18.5)	(87.0, 13.5)	(88.0, 11.0)	(89.0, 17.5)	(90.0, 21.5)	(91.0, 23.0)	(92.0, 27.0)	(93.0, 26.0)	(94.0, 32.5)	(95.0, 37.0)	(96.0, 36.0)	(97.0, 60.0)	(98.0, 97.0)	(99.0, 189.0)	(100.0, 1179.0)
PID-2861-32_S227_R1_001	(0.0, 0.0)	(1.0, 0.0)	(2.0, 0.0)	(3.0, 0.0)	(4.0, 1.0)	(5.0, 1.0)	(6.0, 0.0)	(7.0, 0.5)	(8.0, 5.0)	(9.0, 11.0)	(10.0, 26.0)	(11.0, 46.0)	(12.0, 66.0)	(13.0, 131.0)	(14.0, 240.5)	(15.0, 399.5)	(16.0, 615.5)	(17.0, 951.5)	(18.0, 1387.0)	(19.0, 1771.0)	(20.0, 2335.0)	(21.0, 2976.5)	(22.0, 3657.5)	(23.0, 4486.0)	(24.0, 5381.0)	(25.0, 6571.0)	(26.0, 7879.5)	(27.0, 9460.0)	(28.0, 11422.0)	(29.0, 13395.5)	(30.0, 15739.5)	(31.0, 18416.0)	(32.0, 21325.5)	(33.0, 24878.0)	(34.0, 28850.0)	(35.0, 32904.5)	(36.0, 37174.5)	(37.0, 41281.5)	(38.0, 44493.0)	(39.0, 46933.0)	(40.0, 48388.0)	(41.0, 48418.5)	(42.0, 46865.5)	(43.0, 43788.5)	(44.0, 39430.5)	(45.0, 34483.0)	(46.0, 29193.5)	(47.0, 23400.0)	(48.0, 18105.5)	(49.0, 13841.0)	(50.0, 10172.5)	(51.0, 7176.5)	(52.0, 4996.5)	(53.0, 3448.5)	(54.0, 2325.0)	(55.0, 1559.0)	(56.0, 1063.0)	(57.0, 705.5)	(58.0, 497.5)	(59.0, 333.5)	(60.0, 231.0)	(61.0, 179.0)	(62.0, 135.0)	(63.0, 108.5)	(64.0, 82.0)	(65.0, 58.5)	(66.0, 61.0)	(67.0, 51.5)	(68.0, 27.5)	(69.0, 17.5)	(70.0, 16.0)	(71.0, 10.5)	(72.0, 5.0)	(73.0, 1.5)	(74.0, 2.0)	(75.0, 1.5)	(76.0, 1.0)	(77.0, 3.0)	(78.0, 3.5)	(79.0, 2.5)	(80.0, 1.5)	(81.0, 0.0)	(82.0, 1.5)	(83.0, 2.0)	(84.0, 0.5)	(85.0, 0.0)	(86.0, 1.0)	(87.0, 2.5)	(88.0, 1.5)	(89.0, 0.0)	(90.0, 0.5)	(91.0, 0.5)	(92.0, 0.0)	(93.0, 0.0)	(94.0, 0.5)	(95.0, 0.5)	(96.0, 1.0)	(97.0, 1.0)	(98.0, 0.5)	(99.0, 0.5)	(100.0, 0.0)
PID-2861-32_S227_R2_001	(0.0, 0.0)	(1.0, 0.0)	(2.0, 0.0)	(3.0, 0.0)	(4.0, 0.0)	(5.0, 1.0)	(6.0, 1.0)	(7.0, 1.5)	(8.0, 2.5)	(9.0, 12.5)	(10.0, 24.5)	(11.0, 49.0)	(12.0, 78.5)	(13.0, 120.5)	(14.0, 226.0)	(15.0, 401.5)	(16.0, 614.0)	(17.0, 957.0)	(18.0, 1347.0)	(19.0, 1729.0)	(20.0, 2277.0)	(21.0, 2858.5)	(22.0, 3580.5)	(23.0, 4485.0)	(24.0, 5556.0)	(25.0, 6679.0)	(26.0, 7875.5)	(27.0, 9409.0)	(28.0, 11228.0)	(29.0, 13274.0)	(30.0, 15501.0)	(31.0, 18238.5)	(32.0, 21551.0)	(33.0, 25192.0)	(34.0, 28879.5)	(35.0, 32793.5)	(36.0, 37063.0)	(37.0, 40975.5)	(38.0, 44163.5)	(39.0, 46858.0)	(40.0, 48460.0)	(41.0, 48115.5)	(42.0, 46194.0)	(43.0, 43229.5)	(44.0, 39275.0)	(45.0, 34352.5)	(46.0, 28821.5)	(47.0, 23236.0)	(48.0, 18152.5)	(49.0, 13718.5)	(50.0, 10072.5)	(51.0, 7220.0)	(52.0, 4987.0)	(53.0, 3486.5)	(54.0, 2378.0)	(55.0, 1558.0)	(56.0, 1071.5)	(57.0, 731.5)	(58.0, 539.0)	(59.0, 410.0)	(60.0, 298.5)	(61.0, 233.0)	(62.0, 188.0)	(63.0, 144.0)	(64.0, 126.0)	(65.0, 110.5)	(66.0, 92.5)	(67.0, 77.5)	(68.0, 64.5)	(69.0, 53.0)	(70.0, 39.5)	(71.0, 35.5)	(72.0, 31.0)	(73.0, 22.5)	(74.0, 19.0)	(75.0, 22.5)	(76.0, 27.0)	(77.0, 25.5)	(78.0, 25.0)	(79.0, 30.5)	(80.0, 27.0)	(81.0, 17.5)	(82.0, 18.5)	(83.0, 25.0)	(84.0, 24.0)	(85.0, 19.0)	(86.0, 16.0)	(87.0, 17.5)	(88.0, 21.5)	(89.0, 22.5)	(90.0, 21.0)	(91.0, 25.5)	(92.0, 27.5)	(93.0, 26.0)	(94.0, 25.5)	(95.0, 28.5)	(96.0, 44.0)	(97.0, 61.0)	(98.0, 93.0)	(99.0, 178.0)	(100.0, 1060.0)
PID-2861-33_S228_R1_001	(0.0, 0.0)	(1.0, 0.0)	(2.0, 0.0)	(3.0, 0.0)	(4.0, 0.5)	(5.0, 1.5)	(6.0, 1.0)	(7.0, 1.5)	(8.0, 4.5)	(9.0, 13.5)	(10.0, 31.0)	(11.0, 59.0)	(12.0, 105.5)	(13.0, 220.0)	(14.0, 425.0)	(15.0, 721.5)	(16.0, 1103.0)	(17.0, 1649.0)	(18.0, 2298.5)	(19.0, 2927.5)	(20.0, 3764.5)	(21.0, 4789.5)	(22.0, 5988.5)	(23.0, 7190.0)	(24.0, 8636.5)	(25.0, 10471.5)	(26.0, 12373.5)	(27.0, 14772.5)	(28.0, 17709.0)	(29.0, 20848.0)	(30.0, 24516.5)	(31.0, 29095.0)	(32.0, 34165.0)	(33.0, 39687.0)	(34.0, 45945.0)	(35.0, 52908.0)	(36.0, 59808.5)	(37.0, 65696.0)	(38.0, 71091.0)	(39.0, 75863.5)	(40.0, 78624.0)	(41.0, 78889.0)	(42.0, 76121.5)	(43.0, 70765.5)	(44.0, 64178.0)	(45.0, 56249.0)	(46.0, 47213.0)	(47.0, 37831.5)	(48.0, 29245.0)	(49.0, 22307.0)	(50.0, 16629.5)	(51.0, 11874.0)	(52.0, 8189.0)	(53.0, 5604.5)	(54.0, 3757.5)	(55.0, 2605.5)	(56.0, 1823.5)	(57.0, 1227.0)	(58.0, 871.0)	(59.0, 611.5)	(60.0, 433.0)	(61.0, 327.5)	(62.0, 277.5)	(63.0, 228.5)	(64.0, 176.5)	(65.0, 133.5)	(66.0, 115.0)	(67.0, 98.0)	(68.0, 63.5)	(69.0, 34.0)	(70.0, 29.5)	(71.0, 26.0)	(72.0, 16.0)	(73.0, 6.5)	(74.0, 5.0)	(75.0, 3.0)	(76.0, 2.0)	(77.0, 2.5)	(78.0, 2.0)	(79.0, 1.0)	(80.0, 2.0)	(81.0, 1.5)	(82.0, 0.0)	(83.0, 0.5)	(84.0, 0.5)	(85.0, 0.5)	(86.0, 1.0)	(87.0, 0.5)	(88.0, 0.0)	(89.0, 0.0)	(90.0, 0.0)	(91.0, 0.0)	(92.0, 0.5)	(93.0, 1.0)	(94.0, 1.5)	(95.0, 1.0)	(96.0, 0.5)	(97.0, 0.5)	(98.0, 0.5)	(99.0, 1.0)	(100.0, 1.0)
PID-2861-33_S228_R2_001	(0.0, 0.0)	(1.0, 0.0)	(2.0, 0.0)	(3.0, 0.0)	(4.0, 0.0)	(5.0, 0.0)	(6.0, 1.5)	(7.0, 3.0)	(8.0, 6.0)	(9.0, 12.5)	(10.0, 38.5)	(11.0, 72.0)	(12.0, 117.5)	(13.0, 236.5)	(14.0, 418.5)	(15.0, 701.0)	(16.0, 1046.0)	(17.0, 1493.5)	(18.0, 2121.5)	(19.0, 2750.0)	(20.0, 3637.0)	(21.0, 4735.0)	(22.0, 5777.0)	(23.0, 6950.5)	(24.0, 8455.0)	(25.0, 10345.0)	(26.0, 12305.0)	(27.0, 14555.0)	(28.0, 17449.0)	(29.0, 20691.0)	(30.0, 24445.0)	(31.0, 28943.5)	(32.0, 34101.5)	(33.0, 39726.5)	(34.0, 45754.5)	(35.0, 52150.5)	(36.0, 59053.0)	(37.0, 65849.5)	(38.0, 70968.0)	(39.0, 75189.5)	(40.0, 78264.5)	(41.0, 78221.0)	(42.0, 75472.5)	(43.0, 70507.0)	(44.0, 63616.0)	(45.0, 55715.5)	(46.0, 47027.0)	(47.0, 37868.5)	(48.0, 29483.5)	(49.0, 22411.5)	(50.0, 16689.0)	(51.0, 12043.0)	(52.0, 8305.5)	(53.0, 5727.0)	(54.0, 3860.0)	(55.0, 2626.0)	(56.0, 1911.0)	(57.0, 1341.5)	(58.0, 939.5)	(59.0, 700.0)	(60.0, 520.0)	(61.0, 411.5)	(62.0, 348.0)	(63.0, 286.5)	(64.0, 248.5)	(65.0, 223.5)	(66.0, 202.0)	(67.0, 161.5)	(68.0, 107.5)	(69.0, 85.5)	(70.0, 92.5)	(71.0, 79.0)	(72.0, 53.5)	(73.0, 47.0)	(74.0, 47.0)	(75.0, 43.5)	(76.0, 45.0)	(77.0, 40.5)	(78.0, 36.5)	(79.0, 43.5)	(80.0, 41.5)	(81.0, 33.0)	(82.0, 33.0)	(83.0, 35.5)	(84.0, 38.0)	(85.0, 41.0)	(86.0, 40.0)	(87.0, 43.5)	(88.0, 46.5)	(89.0, 42.5)	(90.0, 38.0)	(91.0, 32.0)	(92.0, 37.5)	(93.0, 51.0)	(94.0, 53.0)	(95.0, 49.5)	(96.0, 63.5)	(97.0, 103.5)	(98.0, 158.0)	(99.0, 275.5)	(100.0, 2234.0)
PID-2861-34_S229_R1_001	(0.0, 0.0)	(1.0, 0.0)	(2.0, 0.0)	(3.0, 0.0)	(4.0, 0.5)	(5.0, 0.5)	(6.0, 0.0)	(7.0, 2.0)	(8.0, 5.5)	(9.0, 7.0)	(10.0, 18.0)	(11.0, 37.0)	(12.0, 58.5)	(13.0, 142.5)	(14.0, 278.5)	(15.0, 471.5)	(16.0, 745.0)	(17.0, 1118.0)	(18.0, 1525.5)	(19.0, 1946.5)	(20.0, 2611.5)	(21.0, 3427.0)	(22.0, 4235.0)	(23.0, 5035.5)	(24.0, 6124.0)	(25.0, 7508.5)	(26.0, 8917.0)	(27.0, 10510.0)	(28.0, 12449.0)	(29.0, 14852.5)	(30.0, 17541.5)	(31.0, 20709.0)	(32.0, 24529.5)	(33.0, 28592.5)	(34.0, 32872.5)	(35.0, 37648.0)	(36.0, 42454.5)	(37.0, 47233.0)	(38.0, 51514.0)	(39.0, 54575.5)	(40.0, 56517.5)	(41.0, 56347.5)	(42.0, 54242.5)	(43.0, 50701.0)	(44.0, 45432.0)	(45.0, 39599.5)	(46.0, 33621.0)	(47.0, 26954.0)	(48.0, 20875.0)	(49.0, 15973.0)	(50.0, 11796.0)	(51.0, 8429.0)	(52.0, 5827.5)	(53.0, 4014.5)	(54.0, 2705.0)	(55.0, 1793.0)	(56.0, 1223.0)	(57.0, 869.5)	(58.0, 612.0)	(59.0, 412.0)	(60.0, 318.0)	(61.0, 241.5)	(62.0, 178.0)	(63.0, 126.0)	(64.0, 100.0)	(65.0, 92.5)	(66.0, 79.5)	(67.0, 66.0)	(68.0, 40.0)	(69.0, 18.5)	(70.0, 15.5)	(71.0, 13.0)	(72.0, 10.0)	(73.0, 5.5)	(74.0, 3.5)	(75.0, 4.0)	(76.0, 0.5)	(77.0, 0.5)	(78.0, 1.5)	(79.0, 1.0)	(80.0, 0.0)	(81.0, 0.5)	(82.0, 1.0)	(83.0, 0.5)	(84.0, 2.0)	(85.0, 3.5)	(86.0, 3.0)	(87.0, 1.5)	(88.0, 0.0)	(89.0, 0.0)	(90.0, 0.0)	(91.0, 0.0)	(92.0, 0.0)	(93.0, 0.0)	(94.0, 0.0)	(95.0, 0.0)	(96.0, 0.0)	(97.0, 0.0)	(98.0, 0.5)	(99.0, 1.0)	(100.0, 0.5)
PID-2861-34_S229_R2_001	(0.0, 0.0)	(1.0, 0.0)	(2.0, 0.0)	(3.0, 0.0)	(4.0, 0.0)	(5.0, 0.0)	(6.0, 0.0)	(7.0, 0.5)	(8.0, 1.5)	(9.0, 7.0)	(10.0, 22.0)	(11.0, 41.5)	(12.0, 70.0)	(13.0, 136.5)	(14.0, 250.5)	(15.0, 428.5)	(16.0, 669.5)	(17.0, 987.0)	(18.0, 1402.0)	(19.0, 1887.5)	(20.0, 2543.0)	(21.0, 3230.5)	(22.0, 3981.5)	(23.0, 4888.5)	(24.0, 6033.0)	(25.0, 7367.0)	(26.0, 8672.0)	(27.0, 10321.5)	(28.0, 12452.0)	(29.0, 14569.0)	(30.0, 17001.5)	(31.0, 20376.5)	(32.0, 24155.5)	(33.0, 28143.5)	(34.0, 32577.5)	(35.0, 37175.0)	(36.0, 41794.5)	(37.0, 46561.0)	(38.0, 50456.0)	(39.0, 53836.5)	(40.0, 56495.5)	(41.0, 56511.5)	(42.0, 54305.0)	(43.0, 50869.5)	(44.0, 46106.0)	(45.0, 40168.5)	(46.0, 33768.0)	(47.0, 27335.0)	(48.0, 21294.0)	(49.0, 16045.5)	(50.0, 11901.5)	(51.0, 8583.0)	(52.0, 5980.0)	(53.0, 4171.0)	(54.0, 2793.0)	(55.0, 1883.0)	(56.0, 1369.5)	(57.0, 973.5)	(58.0, 677.5)	(59.0, 455.0)	(60.0, 356.5)	(61.0, 304.5)	(62.0, 239.5)	(63.0, 196.0)	(64.0, 161.5)	(65.0, 137.0)	(66.0, 119.0)	(67.0, 103.5)	(68.0, 78.5)	(69.0, 66.5)	(70.0, 65.5)	(71.0, 62.0)	(72.0, 53.5)	(73.0, 39.5)	(74.0, 37.5)	(75.0, 36.0)	(76.0, 28.0)	(77.0, 27.0)	(78.0, 26.5)	(79.0, 31.0)	(80.0, 26.5)	(81.0, 20.5)	(82.0, 28.0)	(83.0, 32.5)	(84.0, 25.0)	(85.0, 20.0)	(86.0, 26.0)	(87.0, 28.0)	(88.0, 27.0)	(89.0, 32.5)	(90.0, 34.5)	(91.0, 31.5)	(92.0, 29.5)	(93.0, 24.5)	(94.0, 31.5)	(95.0, 40.0)	(96.0, 42.5)	(97.0, 60.0)	(98.0, 108.0)	(99.0, 209.0)	(100.0, 1168.5)
PID-2861-35_S230_R1_001	(0.0, 0.0)	(1.0, 0.0)	(2.0, 0.0)	(3.0, 0.0)	(4.0, 0.5)	(5.0, 1.5)	(6.0, 2.0)	(7.0, 5.0)	(8.0, 8.0)	(9.0, 13.5)	(10.0, 32.0)	(11.0, 51.0)	(12.0, 89.5)	(13.0, 192.5)	(14.0, 341.5)	(15.0, 588.5)	(16.0, 836.5)	(17.0, 1224.5)	(18.0, 1751.0)	(19.0, 2201.0)	(20.0, 2917.0)	(21.0, 3807.0)	(22.0, 4682.5)	(23.0, 5494.5)	(24.0, 6603.0)	(25.0, 8050.5)	(26.0, 9408.5)	(27.0, 11043.0)	(28.0, 13216.0)	(29.0, 15575.5)	(30.0, 17964.5)	(31.0, 20714.5)	(32.0, 24308.5)	(33.0, 28218.5)	(34.0, 32275.0)	(35.0, 36872.0)	(36.0, 41294.5)	(37.0, 45798.5)	(38.0, 49610.0)	(39.0, 52006.0)	(40.0, 53751.0)	(41.0, 53992.5)	(42.0, 52240.0)	(43.0, 48622.0)	(44.0, 44035.5)	(45.0, 38920.5)	(46.0, 32575.5)	(47.0, 26140.0)	(48.0, 20334.0)	(49.0, 15420.0)	(50.0, 11481.5)	(51.0, 8216.5)	(52.0, 5847.5)	(53.0, 4120.5)	(54.0, 2775.5)	(55.0, 1918.0)	(56.0, 1406.5)	(57.0, 989.5)	(58.0, 663.0)	(59.0, 435.0)	(60.0, 334.5)	(61.0, 274.5)	(62.0, 221.5)	(63.0, 175.0)	(64.0, 137.0)	(65.0, 113.5)	(66.0, 90.5)	(67.0, 62.0)	(68.0, 34.5)	(69.0, 28.5)	(70.0, 29.5)	(71.0, 23.5)	(72.0, 14.5)	(73.0, 5.5)	(74.0, 2.5)	(75.0, 1.0)	(76.0, 1.5)	(77.0, 1.5)	(78.0, 1.0)	(79.0, 0.5)	(80.0, 0.5)	(81.0, 0.5)	(82.0, 1.0)	(83.0, 1.0)	(84.0, 0.0)	(85.0, 0.0)	(86.0, 0.0)	(87.0, 0.5)	(88.0, 0.5)	(89.0, 0.0)	(90.0, 0.0)	(91.0, 0.0)	(92.0, 0.5)	(93.0, 0.5)	(94.0, 0.5)	(95.0, 0.5)	(96.0, 1.0)	(97.0, 2.0)	(98.0, 1.5)	(99.0, 0.5)	(100.0, 0.0)
PID-2861-35_S230_R2_001	(0.0, 0.0)	(1.0, 0.0)	(2.0, 0.0)	(3.0, 0.0)	(4.0, 0.5)	(5.0, 0.5)	(6.0, 0.5)	(7.0, 0.5)	(8.0, 4.5)	(9.0, 16.5)	(10.0, 34.0)	(11.0, 47.5)	(12.0, 78.0)	(13.0, 171.0)	(14.0, 308.0)	(15.0, 525.5)	(16.0, 829.0)	(17.0, 1269.5)	(18.0, 1769.0)	(19.0, 2159.5)	(20.0, 2802.5)	(21.0, 3636.5)	(22.0, 4472.0)	(23.0, 5298.5)	(24.0, 6389.0)	(25.0, 7809.0)	(26.0, 9258.5)	(27.0, 10872.0)	(28.0, 12750.0)	(29.0, 15098.5)	(30.0, 17859.5)	(31.0, 20889.5)	(32.0, 24351.0)	(33.0, 27742.0)	(34.0, 31967.5)	(35.0, 36594.5)	(36.0, 40668.5)	(37.0, 45107.5)	(38.0, 48898.5)	(39.0, 51547.5)	(40.0, 53574.0)	(41.0, 53951.0)	(42.0, 51902.0)	(43.0, 48353.0)	(44.0, 43984.0)	(45.0, 38597.5)	(46.0, 32482.0)	(47.0, 26388.0)	(48.0, 20656.0)	(49.0, 15778.0)	(50.0, 11899.5)	(51.0, 8740.5)	(52.0, 6192.5)	(53.0, 4314.5)	(54.0, 2965.5)	(55.0, 2087.0)	(56.0, 1539.5)	(57.0, 1081.0)	(58.0, 730.5)	(59.0, 519.5)	(60.0, 408.0)	(61.0, 325.0)	(62.0, 263.0)	(63.0, 212.5)	(64.0, 172.5)	(65.0, 155.0)	(66.0, 135.0)	(67.0, 116.0)	(68.0, 101.0)	(69.0, 68.0)	(70.0, 57.0)	(71.0, 53.5)	(72.0, 45.5)	(73.0, 39.5)	(74.0, 33.5)	(75.0, 30.5)	(76.0, 32.0)	(77.0, 36.5)	(78.0, 34.5)	(79.0, 30.5)	(80.0, 27.0)	(81.0, 25.5)	(82.0, 31.5)	(83.0, 35.0)	(84.0, 32.0)	(85.0, 30.5)	(86.0, 31.0)	(87.0, 27.5)	(88.0, 29.5)	(89.0, 34.0)	(90.0, 30.5)	(91.0, 31.5)	(92.0, 38.5)	(93.0, 33.0)	(94.0, 34.5)	(95.0, 39.5)	(96.0, 43.0)	(97.0, 72.5)	(98.0, 116.0)	(99.0, 209.5)	(100.0, 1261.5)
PID-2861-36_S231_R1_001	(0.0, 0.0)	(1.0, 0.0)	(2.0, 0.0)	(3.0, 0.0)	(4.0, 0.5)	(5.0, 1.0)	(6.0, 2.0)	(7.0, 4.5)	(8.0, 12.5)	(9.0, 29.0)	(10.0, 57.0)	(11.0, 115.5)	(12.0, 194.5)	(13.0, 442.0)	(14.0, 783.0)	(15.0, 1202.5)	(16.0, 1656.0)	(17.0, 2301.0)	(18.0, 3180.0)	(19.0, 3914.0)	(20.0, 5098.5)	(21.0, 6478.0)	(22.0, 7754.0)	(23.0, 8910.0)	(24.0, 10679.0)	(25.0, 13130.5)	(26.0, 15096.0)	(27.0, 17099.0)	(28.0, 19678.0)	(29.0, 22604.5)	(30.0, 25868.0)	(31.0, 29088.0)	(32.0, 32818.5)	(33.0, 37333.0)	(34.0, 41444.0)	(35.0, 45542.0)	(36.0, 49411.5)	(37.0, 53418.0)	(38.0, 57007.0)	(39.0, 59250.0)	(40.0, 61028.5)	(41.0, 61144.0)	(42.0, 58016.5)	(43.0, 53226.5)	(44.0, 47928.0)	(45.0, 42037.0)	(46.0, 35702.0)	(47.0, 28782.0)	(48.0, 22452.0)	(49.0, 17683.5)	(50.0, 14096.0)	(51.0, 11005.0)	(52.0, 8366.0)	(53.0, 6457.0)	(54.0, 5039.0)	(55.0, 4241.5)	(56.0, 3786.0)	(57.0, 3063.5)	(58.0, 2273.0)	(59.0, 1785.0)	(60.0, 1661.5)	(61.0, 1440.0)	(62.0, 1183.0)	(63.0, 989.0)	(64.0, 816.5)	(65.0, 695.5)	(66.0, 602.0)	(67.0, 482.0)	(68.0, 290.5)	(69.0, 157.5)	(70.0, 138.5)	(71.0, 124.5)	(72.0, 85.0)	(73.0, 40.5)	(74.0, 15.5)	(75.0, 4.0)	(76.0, 1.5)	(77.0, 0.5)	(78.0, 0.0)	(79.0, 1.0)	(80.0, 1.5)	(81.0, 1.0)	(82.0, 1.5)	(83.0, 1.0)	(84.0, 0.5)	(85.0, 1.0)	(86.0, 1.0)	(87.0, 1.0)	(88.0, 0.5)	(89.0, 0.5)	(90.0, 0.5)	(91.0, 0.0)	(92.0, 1.0)	(93.0, 1.0)	(94.0, 0.0)	(95.0, 1.0)	(96.0, 2.0)	(97.0, 1.0)	(98.0, 1.0)	(99.0, 1.5)	(100.0, 0.5)
PID-2861-36_S231_R2_001	(0.0, 0.0)	(1.0, 0.0)	(2.0, 0.0)	(3.0, 0.0)	(4.0, 0.0)	(5.0, 0.5)	(6.0, 3.5)	(7.0, 6.0)	(8.0, 11.5)	(9.0, 26.5)	(10.0, 64.0)	(11.0, 116.0)	(12.0, 198.0)	(13.0, 430.0)	(14.0, 703.0)	(15.0, 1187.5)	(16.0, 1691.5)	(17.0, 2185.0)	(18.0, 2969.0)	(19.0, 3780.0)	(20.0, 4978.0)	(21.0, 6410.5)	(22.0, 7613.0)	(23.0, 8728.5)	(24.0, 10561.5)	(25.0, 12797.5)	(26.0, 14840.0)	(27.0, 17080.5)	(28.0, 19421.0)	(29.0, 22333.5)	(30.0, 25809.5)	(31.0, 29003.5)	(32.0, 32505.5)	(33.0, 36952.5)	(34.0, 41277.0)	(35.0, 45245.0)	(36.0, 49246.5)	(37.0, 53321.0)	(38.0, 56707.5)	(39.0, 58781.5)	(40.0, 60413.0)	(41.0, 60391.0)	(42.0, 57385.0)	(43.0, 53114.5)	(44.0, 47677.0)	(45.0, 41628.5)	(46.0, 35582.0)	(47.0, 28705.0)	(48.0, 22627.0)	(49.0, 18011.5)	(50.0, 14257.5)	(51.0, 11149.5)	(52.0, 8537.0)	(53.0, 6623.5)	(54.0, 5222.0)	(55.0, 4425.5)	(56.0, 3855.0)	(57.0, 3058.5)	(58.0, 2364.5)	(59.0, 1898.5)	(60.0, 1670.5)	(61.0, 1443.0)	(62.0, 1241.0)	(63.0, 1077.0)	(64.0, 874.5)	(65.0, 728.5)	(66.0, 650.5)	(67.0, 545.0)	(68.0, 350.0)	(69.0, 225.5)	(70.0, 208.0)	(71.0, 173.5)	(72.0, 108.0)	(73.0, 72.0)	(74.0, 64.0)	(75.0, 56.5)	(76.0, 51.0)	(77.0, 43.0)	(78.0, 36.5)	(79.0, 35.5)	(80.0, 38.0)	(81.0, 37.5)	(82.0, 34.0)	(83.0, 36.5)	(84.0, 30.5)	(85.0, 30.0)	(86.0, 36.5)	(87.0, 37.0)	(88.0, 41.0)	(89.0, 41.0)	(90.0, 38.0)	(91.0, 35.5)	(92.0, 37.5)	(93.0, 41.5)	(94.0, 42.5)	(95.0, 49.0)	(96.0, 59.5)	(97.0, 78.5)	(98.0, 127.5)	(99.0, 238.5)	(100.0, 1972.0)
PID-2861-37_S232_R1_001	(0.0, 0.0)	(1.0, 0.0)	(2.0, 0.0)	(3.0, 0.0)	(4.0, 0.0)	(5.0, 0.0)	(6.0, 0.5)	(7.0, 1.5)	(8.0, 3.0)	(9.0, 8.0)	(10.0, 13.5)	(11.0, 27.5)	(12.0, 41.0)	(13.0, 80.0)	(14.0, 176.0)	(15.0, 338.0)	(16.0, 511.0)	(17.0, 706.5)	(18.0, 978.0)	(19.0, 1254.5)	(20.0, 1560.5)	(21.0, 1971.5)	(22.0, 2436.0)	(23.0, 2962.0)	(24.0, 3536.5)	(25.0, 4207.0)	(26.0, 4950.5)	(27.0, 5844.5)	(28.0, 6972.0)	(29.0, 8223.5)	(30.0, 9505.5)	(31.0, 11063.0)	(32.0, 12889.0)	(33.0, 14908.5)	(34.0, 17087.0)	(35.0, 19316.5)	(36.0, 21628.0)	(37.0, 23811.5)	(38.0, 25668.5)	(39.0, 27092.0)	(40.0, 28012.5)	(41.0, 27975.0)	(42.0, 26765.0)	(43.0, 24768.5)	(44.0, 22376.0)	(45.0, 19484.0)	(46.0, 16356.0)	(47.0, 13168.0)	(48.0, 10039.5)	(49.0, 7521.0)	(50.0, 5610.5)	(51.0, 4065.5)	(52.0, 2848.0)	(53.0, 1970.5)	(54.0, 1318.5)	(55.0, 891.5)	(56.0, 655.0)	(57.0, 456.0)	(58.0, 296.5)	(59.0, 213.5)	(60.0, 166.0)	(61.0, 118.0)	(62.0, 91.0)	(63.0, 75.0)	(64.0, 48.5)	(65.0, 31.5)	(66.0, 29.0)	(67.0, 26.5)	(68.0, 15.5)	(69.0, 12.0)	(70.0, 9.5)	(71.0, 2.0)	(72.0, 2.5)	(73.0, 2.0)	(74.0, 2.5)	(75.0, 2.0)	(76.0, 0.5)	(77.0, 0.5)	(78.0, 0.5)	(79.0, 0.5)	(80.0, 0.5)	(81.0, 1.0)	(82.0, 0.5)	(83.0, 0.0)	(84.0, 0.5)	(85.0, 0.5)	(86.0, 0.5)	(87.0, 0.5)	(88.0, 0.0)	(89.0, 0.0)	(90.0, 0.0)	(91.0, 0.0)	(92.0, 0.0)	(93.0, 0.0)	(94.0, 0.5)	(95.0, 1.0)	(96.0, 0.5)	(97.0, 0.5)	(98.0, 0.5)	(99.0, 0.0)	(100.0, 0.0)
PID-2861-37_S232_R2_001	(0.0, 0.0)	(1.0, 0.0)	(2.0, 0.0)	(3.0, 0.0)	(4.0, 0.0)	(5.0, 0.5)	(6.0, 0.5)	(7.0, 0.0)	(8.0, 1.5)	(9.0, 5.5)	(10.0, 13.5)	(11.0, 21.5)	(12.0, 46.0)	(13.0, 102.5)	(14.0, 167.0)	(15.0, 290.5)	(16.0, 462.5)	(17.0, 682.0)	(18.0, 924.5)	(19.0, 1184.5)	(20.0, 1608.0)	(21.0, 2020.5)	(22.0, 2421.5)	(23.0, 2909.0)	(24.0, 3480.0)	(25.0, 4201.5)	(26.0, 4919.0)	(27.0, 5791.0)	(28.0, 6935.5)	(29.0, 8156.0)	(30.0, 9598.5)	(31.0, 11212.5)	(32.0, 12841.0)	(33.0, 14887.0)	(34.0, 17139.0)	(35.0, 19418.5)	(36.0, 21805.0)	(37.0, 24000.0)	(38.0, 25783.0)	(39.0, 27141.0)	(40.0, 27855.0)	(41.0, 27689.0)	(42.0, 26608.0)	(43.0, 24752.5)	(44.0, 22291.5)	(45.0, 19197.0)	(46.0, 16096.5)	(47.0, 12943.0)	(48.0, 9941.0)	(49.0, 7541.0)	(50.0, 5552.0)	(51.0, 3967.0)	(52.0, 2773.5)	(53.0, 1953.5)	(54.0, 1320.0)	(55.0, 908.5)	(56.0, 658.5)	(57.0, 457.0)	(58.0, 322.0)	(59.0, 235.0)	(60.0, 180.5)	(61.0, 141.5)	(62.0, 116.5)	(63.0, 87.5)	(64.0, 74.0)	(65.0, 63.0)	(66.0, 45.5)	(67.0, 42.5)	(68.0, 37.5)	(69.0, 27.0)	(70.0, 22.0)	(71.0, 18.0)	(72.0, 14.5)	(73.0, 16.5)	(74.0, 15.0)	(75.0, 13.5)	(76.0, 14.0)	(77.0, 12.5)	(78.0, 12.0)	(79.0, 8.5)	(80.0, 7.5)	(81.0, 9.0)	(82.0, 9.0)	(83.0, 11.5)	(84.0, 13.0)	(85.0, 9.5)	(86.0, 7.5)	(87.0, 10.5)	(88.0, 10.0)	(89.0, 11.5)	(90.0, 10.5)	(91.0, 9.5)	(92.0, 11.0)	(93.0, 9.0)	(94.0, 9.0)	(95.0, 8.5)	(96.0, 9.0)	(97.0, 17.5)	(98.0, 34.0)	(99.0, 56.0)	(100.0, 387.0)
PID-2861-38_S233_R1_001	(0.0, 0.0)	(1.0, 0.0)	(2.0, 0.0)	(3.0, 0.0)	(4.0, 0.0)	(5.0, 0.0)	(6.0, 2.5)	(7.0, 3.5)	(8.0, 5.5)	(9.0, 14.0)	(10.0, 31.0)	(11.0, 59.0)	(12.0, 92.0)	(13.0, 206.5)	(14.0, 404.0)	(15.0, 705.0)	(16.0, 1070.0)	(17.0, 1554.0)	(18.0, 2160.0)	(19.0, 2748.5)	(20.0, 3688.0)	(21.0, 4835.0)	(22.0, 5884.0)	(23.0, 6927.0)	(24.0, 8421.0)	(25.0, 10374.5)	(26.0, 12227.5)	(27.0, 14296.0)	(28.0, 16951.5)	(29.0, 19951.5)	(30.0, 23332.5)	(31.0, 27276.0)	(32.0, 31608.5)	(33.0, 36620.5)	(34.0, 41985.0)	(35.0, 47072.0)	(36.0, 52410.0)	(37.0, 58100.0)	(38.0, 62799.0)	(39.0, 66239.0)	(40.0, 68190.5)	(41.0, 68208.0)	(42.0, 65855.5)	(43.0, 61027.5)	(44.0, 54858.5)	(45.0, 47535.5)	(46.0, 39884.5)	(47.0, 32208.5)	(48.0, 25077.5)	(49.0, 19215.0)	(50.0, 14292.0)	(51.0, 10193.0)	(52.0, 7063.0)	(53.0, 5043.5)	(54.0, 3504.0)	(55.0, 2456.5)	(56.0, 1820.5)	(57.0, 1232.0)	(58.0, 801.5)	(59.0, 563.5)	(60.0, 470.0)	(61.0, 360.0)	(62.0, 257.5)	(63.0, 200.0)	(64.0, 143.0)	(65.0, 117.0)	(66.0, 103.0)	(67.0, 84.0)	(68.0, 50.0)	(69.0, 28.0)	(70.0, 26.0)	(71.0, 20.5)	(72.0, 7.5)	(73.0, 3.5)	(74.0, 2.5)	(75.0, 1.0)	(76.0, 0.0)	(77.0, 0.5)	(78.0, 2.0)	(79.0, 1.5)	(80.0, 0.0)	(81.0, 0.0)	(82.0, 0.5)	(83.0, 1.0)	(84.0, 0.5)	(85.0, 1.5)	(86.0, 1.5)	(87.0, 0.0)	(88.0, 0.0)	(89.0, 0.0)	(90.0, 0.0)	(91.0, 0.0)	(92.0, 0.5)	(93.0, 1.5)	(94.0, 1.0)	(95.0, 0.0)	(96.0, 0.5)	(97.0, 1.5)	(98.0, 1.0)	(99.0, 0.0)	(100.0, 0.0)
PID-2861-38_S233_R2_001	(0.0, 0.0)	(1.0, 0.0)	(2.0, 0.0)	(3.0, 0.0)	(4.0, 0.0)	(5.0, 1.0)	(6.0, 2.0)	(7.0, 1.5)	(8.0, 2.5)	(9.0, 8.5)	(10.0, 23.5)	(11.0, 44.5)	(12.0, 80.5)	(13.0, 168.5)	(14.0, 347.5)	(15.0, 679.0)	(16.0, 1026.5)	(17.0, 1507.0)	(18.0, 2135.5)	(19.0, 2770.0)	(20.0, 3706.5)	(21.0, 4744.5)	(22.0, 5820.0)	(23.0, 6911.5)	(24.0, 8238.5)	(25.0, 10129.5)	(26.0, 11914.5)	(27.0, 13985.5)	(28.0, 16766.5)	(29.0, 19837.5)	(30.0, 23384.5)	(31.0, 27183.5)	(32.0, 31577.5)	(33.0, 36414.5)	(34.0, 41553.0)	(35.0, 47199.0)	(36.0, 52662.0)	(37.0, 57889.5)	(38.0, 62042.0)	(39.0, 65546.5)	(40.0, 67913.5)	(41.0, 67627.0)	(42.0, 64975.5)	(43.0, 60542.5)	(44.0, 54652.0)	(45.0, 47803.5)	(46.0, 40194.5)	(47.0, 32199.5)	(48.0, 25063.5)	(49.0, 18925.0)	(50.0, 14114.5)	(51.0, 10378.0)	(52.0, 7368.0)	(53.0, 5163.0)	(54.0, 3519.0)	(55.0, 2549.0)	(56.0, 1931.0)	(57.0, 1383.0)	(58.0, 939.5)	(59.0, 642.0)	(60.0, 539.0)	(61.0, 454.5)	(62.0, 335.5)	(63.0, 250.5)	(64.0, 207.0)	(65.0, 170.0)	(66.0, 152.5)	(67.0, 130.5)	(68.0, 87.0)	(69.0, 68.0)	(70.0, 62.0)	(71.0, 59.0)	(72.0, 56.0)	(73.0, 49.0)	(74.0, 41.0)	(75.0, 34.5)	(76.0, 35.5)	(77.0, 40.5)	(78.0, 41.0)	(79.0, 40.0)	(80.0, 38.5)	(81.0, 33.5)	(82.0, 30.0)	(83.0, 30.5)	(84.0, 29.5)	(85.0, 26.5)	(86.0, 28.0)	(87.0, 30.0)	(88.0, 29.0)	(89.0, 31.0)	(90.0, 35.5)	(91.0, 33.5)	(92.0, 38.5)	(93.0, 40.5)	(94.0, 39.5)	(95.0, 45.0)	(96.0, 51.5)	(97.0, 84.0)	(98.0, 135.5)	(99.0, 251.5)	(100.0, 1520.5)
PID-2861-39_S234_R1_001	(0.0, 0.0)	(1.0, 0.0)	(2.0, 0.0)	(3.0, 0.0)	(4.0, 0.0)	(5.0, 0.5)	(6.0, 1.0)	(7.0, 1.0)	(8.0, 6.5)	(9.0, 18.0)	(10.0, 41.0)	(11.0, 82.5)	(12.0, 147.5)	(13.0, 299.5)	(14.0, 507.0)	(15.0, 792.0)	(16.0, 1142.0)	(17.0, 1626.5)	(18.0, 2254.0)	(19.0, 2843.0)	(20.0, 3613.5)	(21.0, 4453.0)	(22.0, 5278.5)	(23.0, 6340.0)	(24.0, 7674.0)	(25.0, 9125.5)	(26.0, 10701.5)	(27.0, 12676.0)	(28.0, 15110.0)	(29.0, 17821.5)	(30.0, 21067.0)	(31.0, 25193.0)	(32.0, 29628.0)	(33.0, 34180.0)	(34.0, 39108.5)	(35.0, 44892.0)	(36.0, 51129.0)	(37.0, 56829.0)	(38.0, 61299.5)	(39.0, 64469.0)	(40.0, 66565.5)	(41.0, 66605.5)	(42.0, 64044.0)	(43.0, 59480.0)	(44.0, 53800.5)	(45.0, 47074.0)	(46.0, 39393.0)	(47.0, 31560.0)	(48.0, 24293.0)	(49.0, 18312.5)	(50.0, 13618.0)	(51.0, 9842.5)	(52.0, 6900.0)	(53.0, 4705.5)	(54.0, 3079.0)	(55.0, 2079.0)	(56.0, 1517.5)	(57.0, 1025.0)	(58.0, 691.0)	(59.0, 494.5)	(60.0, 364.0)	(61.0, 261.5)	(62.0, 185.5)	(63.0, 150.0)	(64.0, 125.0)	(65.0, 99.5)	(66.0, 74.5)	(67.0, 51.0)	(68.0, 34.5)	(69.0, 24.0)	(70.0, 24.0)	(71.0, 19.0)	(72.0, 13.5)	(73.0, 7.0)	(74.0, 4.5)	(75.0, 3.0)	(76.0, 0.5)	(77.0, 1.0)	(78.0, 2.5)	(79.0, 3.5)	(80.0, 3.0)	(81.0, 1.5)	(82.0, 0.0)	(83.0, 0.5)	(84.0, 2.5)	(85.0, 3.0)	(86.0, 1.5)	(87.0, 0.5)	(88.0, 0.5)	(89.0, 0.5)	(90.0, 0.0)	(91.0, 0.5)	(92.0, 1.0)	(93.0, 0.5)	(94.0, 0.0)	(95.0, 0.0)	(96.0, 0.0)	(97.0, 0.0)	(98.0, 1.0)	(99.0, 1.0)	(100.0, 0.0)
PID-2861-39_S234_R2_001	(0.0, 0.0)	(1.0, 0.0)	(2.0, 0.0)	(3.0, 0.0)	(4.0, 0.0)	(5.0, 0.0)	(6.0, 1.5)	(7.0, 4.0)	(8.0, 8.0)	(9.0, 15.5)	(10.0, 38.0)	(11.0, 80.5)	(12.0, 126.0)	(13.0, 251.5)	(14.0, 462.5)	(15.0, 800.5)	(16.0, 1141.0)	(17.0, 1582.0)	(18.0, 2210.5)	(19.0, 2751.0)	(20.0, 3433.0)	(21.0, 4338.5)	(22.0, 5281.5)	(23.0, 6308.0)	(24.0, 7548.0)	(25.0, 8927.5)	(26.0, 10628.0)	(27.0, 12491.5)	(28.0, 14686.0)	(29.0, 17555.5)	(30.0, 20839.0)	(31.0, 24656.5)	(32.0, 29090.0)	(33.0, 33948.0)	(34.0, 38962.5)	(35.0, 44611.5)	(36.0, 50704.5)	(37.0, 56268.0)	(38.0, 60650.0)	(39.0, 63791.0)	(40.0, 65942.5)	(41.0, 65816.0)	(42.0, 63382.5)	(43.0, 59228.5)	(44.0, 53604.0)	(45.0, 46931.0)	(46.0, 39517.5)	(47.0, 31644.0)	(48.0, 24403.5)	(49.0, 18681.5)	(50.0, 13911.0)	(51.0, 10114.0)	(52.0, 7063.5)	(53.0, 4789.0)	(54.0, 3272.5)	(55.0, 2283.5)	(56.0, 1588.5)	(57.0, 1055.5)	(58.0, 749.5)	(59.0, 554.0)	(60.0, 443.0)	(61.0, 363.0)	(62.0, 278.5)	(63.0, 216.5)	(64.0, 174.5)	(65.0, 153.0)	(66.0, 130.0)	(67.0, 109.5)	(68.0, 88.0)	(69.0, 84.5)	(70.0, 77.5)	(71.0, 59.5)	(72.0, 54.5)	(73.0, 54.0)	(74.0, 54.5)	(75.0, 49.0)	(76.0, 38.0)	(77.0, 36.5)	(78.0, 35.5)	(79.0, 37.0)	(80.0, 45.0)	(81.0, 42.5)	(82.0, 38.5)	(83.0, 40.0)	(84.0, 39.0)	(85.0, 32.0)	(86.0, 31.5)	(87.0, 32.0)	(88.0, 37.5)	(89.0, 44.0)	(90.0, 42.5)	(91.0, 35.5)	(92.0, 29.0)	(93.0, 39.0)	(94.0, 48.5)	(95.0, 48.0)	(96.0, 61.5)	(97.0, 103.5)	(98.0, 169.5)	(99.0, 317.0)	(100.0, 2286.5)
PID-2861-3_S198_R1_001	(0.0, 0.0)	(1.0, 0.0)	(2.0, 0.0)	(3.0, 0.0)	(4.0, 0.0)	(5.0, 0.5)	(6.0, 1.5)	(7.0, 3.5)	(8.0, 6.5)	(9.0, 9.0)	(10.0, 18.0)	(11.0, 47.5)	(12.0, 95.0)	(13.0, 149.0)	(14.0, 260.0)	(15.0, 459.0)	(16.0, 714.0)	(17.0, 1041.5)	(18.0, 1445.5)	(19.0, 1920.0)	(20.0, 2539.0)	(21.0, 3135.0)	(22.0, 3941.5)	(23.0, 4945.5)	(24.0, 6086.5)	(25.0, 7529.5)	(26.0, 8780.0)	(27.0, 10480.0)	(28.0, 12609.5)	(29.0, 14682.0)	(30.0, 17370.0)	(31.0, 20707.0)	(32.0, 24537.5)	(33.0, 28671.5)	(34.0, 33508.5)	(35.0, 39196.0)	(36.0, 44092.0)	(37.0, 48207.5)	(38.0, 52519.0)	(39.0, 55655.0)	(40.0, 56783.5)	(41.0, 56275.0)	(42.0, 54262.5)	(43.0, 50362.5)	(44.0, 44995.0)	(45.0, 39364.0)	(46.0, 33362.0)	(47.0, 26837.5)	(48.0, 20675.0)	(49.0, 15569.5)	(50.0, 11408.5)	(51.0, 8124.5)	(52.0, 5741.0)	(53.0, 4022.5)	(54.0, 2704.5)	(55.0, 1846.5)	(56.0, 1270.5)	(57.0, 796.5)	(58.0, 513.0)	(59.0, 342.0)	(60.0, 241.0)	(61.0, 172.0)	(62.0, 111.5)	(63.0, 78.0)	(64.0, 57.0)	(65.0, 37.0)	(66.0, 27.0)	(67.0, 23.5)	(68.0, 18.5)	(69.0, 7.5)	(70.0, 4.5)	(71.0, 3.5)	(72.0, 5.5)	(73.0, 6.0)	(74.0, 4.0)	(75.0, 2.5)	(76.0, 3.5)	(77.0, 3.5)	(78.0, 1.5)	(79.0, 0.5)	(80.0, 1.0)	(81.0, 1.5)	(82.0, 1.0)	(83.0, 1.0)	(84.0, 1.0)	(85.0, 1.5)	(86.0, 1.0)	(87.0, 0.5)	(88.0, 1.0)	(89.0, 0.5)	(90.0, 0.0)	(91.0, 0.0)	(92.0, 0.0)	(93.0, 0.0)	(94.0, 0.0)	(95.0, 0.0)	(96.0, 0.5)	(97.0, 1.0)	(98.0, 1.0)	(99.0, 0.5)	(100.0, 0.5)
PID-2861-3_S198_R2_001	(0.0, 0.0)	(1.0, 0.5)	(2.0, 0.5)	(3.0, 0.0)	(4.0, 0.0)	(5.0, 0.5)	(6.0, 4.0)	(7.0, 5.0)	(8.0, 3.0)	(9.0, 7.5)	(10.0, 14.5)	(11.0, 47.5)	(12.0, 79.5)	(13.0, 125.5)	(14.0, 254.0)	(15.0, 449.5)	(16.0, 705.5)	(17.0, 1019.5)	(18.0, 1369.5)	(19.0, 1859.0)	(20.0, 2415.0)	(21.0, 3064.5)	(22.0, 3904.0)	(23.0, 4868.5)	(24.0, 6067.0)	(25.0, 7350.0)	(26.0, 8753.0)	(27.0, 10679.5)	(28.0, 12612.0)	(29.0, 14591.0)	(30.0, 17296.0)	(31.0, 20340.5)	(32.0, 24260.0)	(33.0, 28424.5)	(34.0, 33057.5)	(35.0, 38705.5)	(36.0, 44002.0)	(37.0, 48330.5)	(38.0, 52429.0)	(39.0, 55427.0)	(40.0, 56431.0)	(41.0, 55992.5)	(42.0, 53954.0)	(43.0, 50225.0)	(44.0, 45024.5)	(45.0, 39287.5)	(46.0, 33058.0)	(47.0, 26608.5)	(48.0, 20739.0)	(49.0, 15812.5)	(50.0, 11682.0)	(51.0, 8496.0)	(52.0, 5999.0)	(53.0, 3975.0)	(54.0, 2664.5)	(55.0, 1852.0)	(56.0, 1288.0)	(57.0, 843.0)	(58.0, 545.5)	(59.0, 371.5)	(60.0, 258.5)	(61.0, 201.0)	(62.0, 154.5)	(63.0, 117.5)	(64.0, 90.5)	(65.0, 77.5)	(66.0, 67.5)	(67.0, 51.5)	(68.0, 54.5)	(69.0, 52.5)	(70.0, 40.0)	(71.0, 31.0)	(72.0, 26.0)	(73.0, 31.5)	(74.0, 32.0)	(75.0, 29.0)	(76.0, 26.5)	(77.0, 26.5)	(78.0, 24.5)	(79.0, 24.5)	(80.0, 29.0)	(81.0, 28.5)	(82.0, 31.5)	(83.0, 30.0)	(84.0, 22.5)	(85.0, 24.5)	(86.0, 28.5)	(87.0, 24.0)	(88.0, 24.5)	(89.0, 22.5)	(90.0, 19.5)	(91.0, 19.0)	(92.0, 17.5)	(93.0, 19.0)	(94.0, 26.0)	(95.0, 32.0)	(96.0, 33.0)	(97.0, 36.5)	(98.0, 60.0)	(99.0, 107.0)	(100.0, 1042.5)
PID-2861-40_S235_R1_001	(0.0, 0.0)	(1.0, 0.0)	(2.0, 0.0)	(3.0, 0.0)	(4.0, 0.5)	(5.0, 0.5)	(6.0, 2.0)	(7.0, 4.5)	(8.0, 5.5)	(9.0, 15.0)	(10.0, 42.0)	(11.0, 80.0)	(12.0, 132.0)	(13.0, 241.5)	(14.0, 433.5)	(15.0, 753.0)	(16.0, 1115.0)	(17.0, 1523.0)	(18.0, 2115.0)	(19.0, 2704.5)	(20.0, 3451.0)	(21.0, 4372.0)	(22.0, 5221.5)	(23.0, 6074.0)	(24.0, 7382.5)	(25.0, 8954.0)	(26.0, 10350.5)	(27.0, 12308.0)	(28.0, 14592.0)	(29.0, 16880.5)	(30.0, 19865.0)	(31.0, 23391.0)	(32.0, 27274.5)	(33.0, 31488.0)	(34.0, 36341.5)	(35.0, 41683.0)	(36.0, 46766.5)	(37.0, 51446.5)	(38.0, 55687.5)	(39.0, 58790.0)	(40.0, 60170.5)	(41.0, 60151.5)	(42.0, 57827.0)	(43.0, 53538.0)	(44.0, 48239.0)	(45.0, 41943.5)	(46.0, 35243.5)	(47.0, 28584.5)	(48.0, 22161.0)	(49.0, 16575.0)	(50.0, 12183.5)	(51.0, 8810.0)	(52.0, 6217.5)	(53.0, 4193.0)	(54.0, 2771.5)	(55.0, 1894.0)	(56.0, 1352.5)	(57.0, 916.0)	(58.0, 614.0)	(59.0, 429.0)	(60.0, 321.5)	(61.0, 260.0)	(62.0, 212.5)	(63.0, 145.5)	(64.0, 100.5)	(65.0, 80.0)	(66.0, 76.0)	(67.0, 60.5)	(68.0, 29.0)	(69.0, 19.5)	(70.0, 20.0)	(71.0, 19.5)	(72.0, 14.5)	(73.0, 6.0)	(74.0, 3.5)	(75.0, 2.5)	(76.0, 4.0)	(77.0, 2.5)	(78.0, 0.5)	(79.0, 1.5)	(80.0, 2.0)	(81.0, 2.0)	(82.0, 1.0)	(83.0, 0.0)	(84.0, 1.0)	(85.0, 3.0)	(86.0, 3.0)	(87.0, 1.5)	(88.0, 1.5)	(89.0, 1.0)	(90.0, 1.0)	(91.0, 1.0)	(92.0, 0.0)	(93.0, 0.0)	(94.0, 0.0)	(95.0, 0.0)	(96.0, 0.0)	(97.0, 0.5)	(98.0, 0.5)	(99.0, 0.0)	(100.0, 0.5)
PID-2861-40_S235_R2_001	(0.0, 0.0)	(1.0, 0.0)	(2.0, 0.0)	(3.0, 0.0)	(4.0, 0.0)	(5.0, 0.0)	(6.0, 1.5)	(7.0, 4.5)	(8.0, 7.0)	(9.0, 19.5)	(10.0, 40.0)	(11.0, 76.0)	(12.0, 131.0)	(13.0, 266.5)	(14.0, 485.0)	(15.0, 777.5)	(16.0, 1108.0)	(17.0, 1563.0)	(18.0, 2086.5)	(19.0, 2569.0)	(20.0, 3256.5)	(21.0, 4149.0)	(22.0, 5059.0)	(23.0, 6038.5)	(24.0, 7256.5)	(25.0, 8697.0)	(26.0, 10345.0)	(27.0, 12329.0)	(28.0, 14508.0)	(29.0, 17032.5)	(30.0, 20011.5)	(31.0, 23342.0)	(32.0, 27054.5)	(33.0, 31193.0)	(34.0, 35761.0)	(35.0, 40996.5)	(36.0, 46306.0)	(37.0, 50744.0)	(38.0, 54929.0)	(39.0, 58096.5)	(40.0, 59604.5)	(41.0, 59653.0)	(42.0, 57185.0)	(43.0, 52976.0)	(44.0, 48052.5)	(45.0, 42153.0)	(46.0, 35526.0)	(47.0, 28436.5)	(48.0, 22182.5)	(49.0, 16873.5)	(50.0, 12307.0)	(51.0, 8918.0)	(52.0, 6278.0)	(53.0, 4336.0)	(54.0, 2901.5)	(55.0, 1994.5)	(56.0, 1450.5)	(57.0, 1012.0)	(58.0, 728.0)	(59.0, 516.5)	(60.0, 374.5)	(61.0, 313.5)	(62.0, 261.5)	(63.0, 219.5)	(64.0, 175.0)	(65.0, 149.5)	(66.0, 136.0)	(67.0, 110.0)	(68.0, 84.0)	(69.0, 67.0)	(70.0, 64.5)	(71.0, 67.0)	(72.0, 53.0)	(73.0, 47.0)	(74.0, 44.0)	(75.0, 38.5)	(76.0, 39.0)	(77.0, 36.0)	(78.0, 32.0)	(79.0, 36.5)	(80.0, 35.5)	(81.0, 31.5)	(82.0, 38.0)	(83.0, 35.5)	(84.0, 31.0)	(85.0, 29.5)	(86.0, 32.0)	(87.0, 39.5)	(88.0, 37.0)	(89.0, 29.5)	(90.0, 31.0)	(91.0, 38.5)	(92.0, 41.5)	(93.0, 34.5)	(94.0, 30.0)	(95.0, 32.5)	(96.0, 57.0)	(97.0, 86.0)	(98.0, 128.5)	(99.0, 250.0)	(100.0, 2064.0)
PID-2861-4_S199_R1_001	(0.0, 0.0)	(1.0, 0.0)	(2.0, 0.0)	(3.0, 0.0)	(4.0, 0.0)	(5.0, 2.0)	(6.0, 3.0)	(7.0, 3.0)	(8.0, 7.0)	(9.0, 10.5)	(10.0, 25.5)	(11.0, 66.0)	(12.0, 122.5)	(13.0, 211.5)	(14.0, 355.0)	(15.0, 558.5)	(16.0, 806.0)	(17.0, 1123.5)	(18.0, 1540.0)	(19.0, 2035.0)	(20.0, 2574.0)	(21.0, 3193.5)	(22.0, 3966.5)	(23.0, 4862.0)	(24.0, 6069.0)	(25.0, 7284.0)	(26.0, 8512.0)	(27.0, 10350.5)	(28.0, 12164.5)	(29.0, 14177.0)	(30.0, 17091.0)	(31.0, 20166.0)	(32.0, 23688.0)	(33.0, 27815.0)	(34.0, 32985.0)	(35.0, 38747.0)	(36.0, 44146.0)	(37.0, 48717.5)	(38.0, 52626.0)	(39.0, 56057.5)	(40.0, 58035.0)	(41.0, 58340.5)	(42.0, 56557.0)	(43.0, 52972.5)	(44.0, 48307.5)	(45.0, 42939.0)	(46.0, 36744.0)	(47.0, 29834.0)	(48.0, 23474.5)	(49.0, 17937.5)	(50.0, 13241.0)	(51.0, 9783.0)	(52.0, 7011.5)	(53.0, 4839.0)	(54.0, 3293.5)	(55.0, 2245.0)	(56.0, 1537.5)	(57.0, 1007.0)	(58.0, 651.5)	(59.0, 438.0)	(60.0, 300.0)	(61.0, 198.0)	(62.0, 141.5)	(63.0, 101.0)	(64.0, 59.0)	(65.0, 39.5)	(66.0, 37.0)	(67.0, 37.0)	(68.0, 27.5)	(69.0, 12.0)	(70.0, 8.0)	(71.0, 7.0)	(72.0, 6.5)	(73.0, 4.5)	(74.0, 2.0)	(75.0, 1.5)	(76.0, 1.0)	(77.0, 2.0)	(78.0, 2.0)	(79.0, 1.5)	(80.0, 1.0)	(81.0, 0.0)	(82.0, 0.5)	(83.0, 0.5)	(84.0, 0.5)	(85.0, 0.5)	(86.0, 1.0)	(87.0, 1.5)	(88.0, 1.0)	(89.0, 0.5)	(90.0, 0.0)	(91.0, 0.0)	(92.0, 0.0)	(93.0, 0.0)	(94.0, 0.0)	(95.0, 0.0)	(96.0, 0.0)	(97.0, 0.0)	(98.0, 1.0)	(99.0, 1.0)	(100.0, 0.0)
PID-2861-4_S199_R2_001	(0.0, 0.0)	(1.0, 0.0)	(2.0, 0.0)	(3.0, 0.5)	(4.0, 0.5)	(5.0, 0.5)	(6.0, 2.0)	(7.0, 7.0)	(8.0, 10.5)	(9.0, 11.0)	(10.0, 27.0)	(11.0, 63.0)	(12.0, 100.5)	(13.0, 161.5)	(14.0, 291.0)	(15.0, 531.0)	(16.0, 798.0)	(17.0, 1110.5)	(18.0, 1542.0)	(19.0, 1974.0)	(20.0, 2451.0)	(21.0, 3059.5)	(22.0, 3819.5)	(23.0, 4735.5)	(24.0, 5838.5)	(25.0, 7084.5)	(26.0, 8468.5)	(27.0, 10206.5)	(28.0, 12112.5)	(29.0, 14133.0)	(30.0, 16743.5)	(31.0, 19784.0)	(32.0, 23360.5)	(33.0, 27574.5)	(34.0, 32300.5)	(35.0, 37796.5)	(36.0, 43272.5)	(37.0, 48008.5)	(38.0, 52158.5)	(39.0, 55985.0)	(40.0, 58053.5)	(41.0, 57950.5)	(42.0, 56114.0)	(43.0, 52798.5)	(44.0, 48564.0)	(45.0, 43000.0)	(46.0, 36589.5)	(47.0, 29908.5)	(48.0, 23680.0)	(49.0, 18222.0)	(50.0, 13633.5)	(51.0, 10133.5)	(52.0, 7297.0)	(53.0, 5029.5)	(54.0, 3429.0)	(55.0, 2364.5)	(56.0, 1630.5)	(57.0, 1089.5)	(58.0, 743.5)	(59.0, 535.5)	(60.0, 380.0)	(61.0, 266.5)	(62.0, 217.0)	(63.0, 175.0)	(64.0, 121.0)	(65.0, 101.0)	(66.0, 92.5)	(67.0, 87.5)	(68.0, 72.0)	(69.0, 59.5)	(70.0, 62.0)	(71.0, 48.0)	(72.0, 40.0)	(73.0, 43.0)	(74.0, 40.5)	(75.0, 42.0)	(76.0, 40.0)	(77.0, 36.0)	(78.0, 37.0)	(79.0, 31.5)	(80.0, 29.5)	(81.0, 29.5)	(82.0, 32.0)	(83.0, 27.0)	(84.0, 25.5)	(85.0, 32.0)	(86.0, 29.5)	(87.0, 32.5)	(88.0, 37.0)	(89.0, 36.5)	(90.0, 34.5)	(91.0, 30.5)	(92.0, 31.5)	(93.0, 32.0)	(94.0, 41.5)	(95.0, 45.0)	(96.0, 46.0)	(97.0, 72.0)	(98.0, 116.0)	(99.0, 218.0)	(100.0, 1567.0)
PID-2861-5_S200_R1_001	(0.0, 0.0)	(1.0, 0.0)	(2.0, 0.0)	(3.0, 0.0)	(4.0, 0.0)	(5.0, 0.0)	(6.0, 3.0)	(7.0, 6.0)	(8.0, 4.5)	(9.0, 8.0)	(10.0, 27.5)	(11.0, 64.0)	(12.0, 108.0)	(13.0, 193.5)	(14.0, 353.5)	(15.0, 596.5)	(16.0, 908.0)	(17.0, 1306.5)	(18.0, 1761.0)	(19.0, 2216.5)	(20.0, 2785.5)	(21.0, 3513.0)	(22.0, 4364.5)	(23.0, 5253.0)	(24.0, 6351.5)	(25.0, 7697.5)	(26.0, 9094.0)	(27.0, 10866.0)	(28.0, 12680.0)	(29.0, 14751.5)	(30.0, 17637.0)	(31.0, 20532.0)	(32.0, 23778.0)	(33.0, 27646.5)	(34.0, 32041.5)	(35.0, 37183.5)	(36.0, 41860.0)	(37.0, 45713.5)	(38.0, 49529.0)	(39.0, 52434.0)	(40.0, 53796.0)	(41.0, 53364.5)	(42.0, 51709.0)	(43.0, 48469.0)	(44.0, 43633.5)	(45.0, 38217.5)	(46.0, 32438.0)	(47.0, 26406.0)	(48.0, 20509.0)	(49.0, 15545.0)	(50.0, 11581.5)	(51.0, 8518.0)	(52.0, 6006.5)	(53.0, 4236.5)	(54.0, 2919.0)	(55.0, 1964.0)	(56.0, 1366.0)	(57.0, 921.0)	(58.0, 606.5)	(59.0, 395.5)	(60.0, 301.0)	(61.0, 214.5)	(62.0, 152.5)	(63.0, 117.5)	(64.0, 79.5)	(65.0, 53.0)	(66.0, 45.5)	(67.0, 42.0)	(68.0, 26.5)	(69.0, 17.5)	(70.0, 10.0)	(71.0, 7.5)	(72.0, 6.0)	(73.0, 3.0)	(74.0, 1.0)	(75.0, 0.0)	(76.0, 0.0)	(77.0, 0.0)	(78.0, 1.0)	(79.0, 2.0)	(80.0, 1.5)	(81.0, 1.0)	(82.0, 1.0)	(83.0, 1.0)	(84.0, 1.0)	(85.0, 1.0)	(86.0, 1.0)	(87.0, 0.5)	(88.0, 0.5)	(89.0, 0.5)	(90.0, 0.0)	(91.0, 0.0)	(92.0, 0.0)	(93.0, 0.5)	(94.0, 1.0)	(95.0, 1.0)	(96.0, 0.5)	(97.0, 0.0)	(98.0, 0.0)	(99.0, 0.0)	(100.0, 0.0)
PID-2861-5_S200_R2_001	(0.0, 0.0)	(1.0, 0.0)	(2.0, 0.0)	(3.0, 0.0)	(4.0, 0.0)	(5.0, 0.0)	(6.0, 1.0)	(7.0, 4.0)	(8.0, 4.5)	(9.0, 9.0)	(10.0, 27.0)	(11.0, 63.0)	(12.0, 111.5)	(13.0, 186.0)	(14.0, 327.0)	(15.0, 549.0)	(16.0, 864.5)	(17.0, 1274.5)	(18.0, 1655.5)	(19.0, 2081.0)	(20.0, 2724.0)	(21.0, 3373.5)	(22.0, 4168.5)	(23.0, 5129.0)	(24.0, 6230.0)	(25.0, 7574.5)	(26.0, 9019.0)	(27.0, 10791.0)	(28.0, 12606.0)	(29.0, 14614.5)	(30.0, 17350.0)	(31.0, 20157.0)	(32.0, 23473.5)	(33.0, 27590.5)	(34.0, 31999.0)	(35.0, 37026.5)	(36.0, 41504.0)	(37.0, 45417.5)	(38.0, 49044.5)	(39.0, 51728.5)	(40.0, 53379.0)	(41.0, 53276.5)	(42.0, 51034.5)	(43.0, 47715.0)	(44.0, 43621.5)	(45.0, 38268.5)	(46.0, 32268.5)	(47.0, 26317.5)	(48.0, 20776.5)	(49.0, 15860.5)	(50.0, 11912.5)	(51.0, 8847.5)	(52.0, 6239.0)	(53.0, 4227.5)	(54.0, 2893.0)	(55.0, 2004.0)	(56.0, 1412.5)	(57.0, 951.5)	(58.0, 678.0)	(59.0, 470.5)	(60.0, 358.5)	(61.0, 289.5)	(62.0, 208.0)	(63.0, 185.0)	(64.0, 152.0)	(65.0, 117.0)	(66.0, 102.5)	(67.0, 88.5)	(68.0, 69.0)	(69.0, 59.5)	(70.0, 58.5)	(71.0, 53.0)	(72.0, 53.5)	(73.0, 46.5)	(74.0, 41.5)	(75.0, 39.0)	(76.0, 31.0)	(77.0, 33.5)	(78.0, 37.0)	(79.0, 35.5)	(80.0, 32.5)	(81.0, 22.5)	(82.0, 19.5)	(83.0, 25.5)	(84.0, 33.5)	(85.0, 30.5)	(86.0, 26.0)	(87.0, 29.5)	(88.0, 26.0)	(89.0, 27.5)	(90.0, 29.5)	(91.0, 30.5)	(92.0, 33.5)	(93.0, 29.0)	(94.0, 25.0)	(95.0, 26.0)	(96.0, 40.5)	(97.0, 79.5)	(98.0, 139.5)	(99.0, 250.5)	(100.0, 1639.5)
PID-2861-6_S201_R1_001	(0.0, 0.0)	(1.0, 0.0)	(2.0, 0.0)	(3.0, 0.0)	(4.0, 0.0)	(5.0, 0.5)	(6.0, 2.0)	(7.0, 5.0)	(8.0, 6.5)	(9.0, 12.5)	(10.0, 28.0)	(11.0, 60.5)	(12.0, 109.5)	(13.0, 180.5)	(14.0, 345.0)	(15.0, 637.5)	(16.0, 911.5)	(17.0, 1328.5)	(18.0, 1775.0)	(19.0, 2244.5)	(20.0, 2985.5)	(21.0, 3679.5)	(22.0, 4545.0)	(23.0, 5610.5)	(24.0, 6746.5)	(25.0, 8241.5)	(26.0, 9833.0)	(27.0, 11682.0)	(28.0, 13806.5)	(29.0, 16011.0)	(30.0, 18769.0)	(31.0, 21768.5)	(32.0, 25416.0)	(33.0, 30024.5)	(34.0, 34718.0)	(35.0, 39904.5)	(36.0, 44338.0)	(37.0, 47918.5)	(38.0, 51616.5)	(39.0, 54485.0)	(40.0, 55994.5)	(41.0, 55898.5)	(42.0, 53849.5)	(43.0, 50196.0)	(44.0, 45256.5)	(45.0, 39945.5)	(46.0, 34345.0)	(47.0, 27972.0)	(48.0, 22190.5)	(49.0, 17186.0)	(50.0, 13062.5)	(51.0, 9732.5)	(52.0, 7022.0)	(53.0, 5045.0)	(54.0, 3508.5)	(55.0, 2463.0)	(56.0, 1729.0)	(57.0, 1152.5)	(58.0, 783.5)	(59.0, 519.0)	(60.0, 372.0)	(61.0, 275.5)	(62.0, 206.5)	(63.0, 149.5)	(64.0, 97.0)	(65.0, 70.0)	(66.0, 52.0)	(67.0, 40.5)	(68.0, 31.5)	(69.0, 20.5)	(70.0, 15.5)	(71.0, 11.0)	(72.0, 7.5)	(73.0, 4.0)	(74.0, 3.5)	(75.0, 4.0)	(76.0, 1.5)	(77.0, 0.5)	(78.0, 1.0)	(79.0, 0.5)	(80.0, 0.0)	(81.0, 0.5)	(82.0, 0.5)	(83.0, 0.0)	(84.0, 0.0)	(85.0, 0.0)	(86.0, 1.0)	(87.0, 1.0)	(88.0, 0.0)	(89.0, 0.0)	(90.0, 0.5)	(91.0, 0.5)	(92.0, 0.0)	(93.0, 0.0)	(94.0, 0.5)	(95.0, 1.0)	(96.0, 0.5)	(97.0, 0.0)	(98.0, 0.5)	(99.0, 0.5)	(100.0, 0.0)
PID-2861-6_S201_R2_001	(0.0, 0.0)	(1.0, 0.0)	(2.0, 0.0)	(3.0, 0.0)	(4.0, 0.0)	(5.0, 1.5)	(6.0, 3.0)	(7.0, 8.5)	(8.0, 10.0)	(9.0, 11.5)	(10.0, 21.0)	(11.0, 43.0)	(12.0, 83.5)	(13.0, 167.5)	(14.0, 317.0)	(15.0, 581.5)	(16.0, 922.0)	(17.0, 1317.5)	(18.0, 1708.0)	(19.0, 2194.0)	(20.0, 2825.5)	(21.0, 3507.5)	(22.0, 4484.0)	(23.0, 5474.0)	(24.0, 6620.5)	(25.0, 8193.5)	(26.0, 9800.5)	(27.0, 11698.0)	(28.0, 13814.0)	(29.0, 15816.0)	(30.0, 18443.5)	(31.0, 21599.0)	(32.0, 25137.5)	(33.0, 29306.0)	(34.0, 33873.0)	(35.0, 38957.5)	(36.0, 43765.0)	(37.0, 47757.0)	(38.0, 51319.0)	(39.0, 54226.0)	(40.0, 55653.0)	(41.0, 55488.5)	(42.0, 53791.5)	(43.0, 50171.5)	(44.0, 45294.0)	(45.0, 40088.5)	(46.0, 34441.5)	(47.0, 28330.5)	(48.0, 22476.0)	(49.0, 17266.5)	(50.0, 13117.5)	(51.0, 9954.0)	(52.0, 7143.0)	(53.0, 4969.0)	(54.0, 3520.5)	(55.0, 2567.5)	(56.0, 1848.5)	(57.0, 1252.5)	(58.0, 853.5)	(59.0, 603.0)	(60.0, 473.0)	(61.0, 345.0)	(62.0, 243.5)	(63.0, 183.5)	(64.0, 140.0)	(65.0, 121.5)	(66.0, 121.5)	(67.0, 114.0)	(68.0, 81.0)	(69.0, 53.5)	(70.0, 54.5)	(71.0, 50.0)	(72.0, 43.0)	(73.0, 45.0)	(74.0, 39.0)	(75.0, 28.0)	(76.0, 25.5)	(77.0, 28.0)	(78.0, 28.0)	(79.0, 26.5)	(80.0, 29.5)	(81.0, 34.0)	(82.0, 29.5)	(83.0, 29.0)	(84.0, 32.0)	(85.0, 30.0)	(86.0, 27.0)	(87.0, 26.0)	(88.0, 27.0)	(89.0, 32.0)	(90.0, 26.0)	(91.0, 30.5)	(92.0, 38.0)	(93.0, 29.5)	(94.0, 26.5)	(95.0, 37.5)	(96.0, 47.5)	(97.0, 60.0)	(98.0, 120.5)	(99.0, 237.5)	(100.0, 1546.0)
PID-2861-7_S202_R1_001	(0.0, 0.0)	(1.0, 0.0)	(2.0, 0.0)	(3.0, 0.0)	(4.0, 0.0)	(5.0, 0.0)	(6.0, 1.5)	(7.0, 4.0)	(8.0, 7.0)	(9.0, 9.0)	(10.0, 20.0)	(11.0, 55.5)	(12.0, 95.0)	(13.0, 152.0)	(14.0, 280.5)	(15.0, 473.5)	(16.0, 764.0)	(17.0, 1120.5)	(18.0, 1463.5)	(19.0, 1942.0)	(20.0, 2463.5)	(21.0, 3054.0)	(22.0, 3963.0)	(23.0, 5060.0)	(24.0, 6226.0)	(25.0, 7524.0)	(26.0, 8979.0)	(27.0, 10839.5)	(28.0, 12987.5)	(29.0, 15221.0)	(30.0, 17985.0)	(31.0, 21146.5)	(32.0, 25251.5)	(33.0, 30148.5)	(34.0, 35441.5)	(35.0, 41715.0)	(36.0, 47830.5)	(37.0, 52646.5)	(38.0, 56949.5)	(39.0, 60832.0)	(40.0, 62745.5)	(41.0, 62407.5)	(42.0, 60620.0)	(43.0, 56816.0)	(44.0, 51200.0)	(45.0, 44910.0)	(46.0, 38290.5)	(47.0, 31311.5)	(48.0, 24452.0)	(49.0, 18608.0)	(50.0, 13558.5)	(51.0, 9715.0)	(52.0, 6908.5)	(53.0, 4616.0)	(54.0, 3048.0)	(55.0, 2082.5)	(56.0, 1400.0)	(57.0, 910.5)	(58.0, 647.0)	(59.0, 447.0)	(60.0, 296.0)	(61.0, 192.5)	(62.0, 141.0)	(63.0, 91.0)	(64.0, 61.0)	(65.0, 47.0)	(66.0, 36.5)	(67.0, 31.0)	(68.0, 28.0)	(69.0, 18.5)	(70.0, 10.5)	(71.0, 7.5)	(72.0, 4.5)	(73.0, 2.0)	(74.0, 1.0)	(75.0, 1.0)	(76.0, 3.0)	(77.0, 3.0)	(78.0, 1.5)	(79.0, 1.5)	(80.0, 2.5)	(81.0, 3.0)	(82.0, 1.5)	(83.0, 1.0)	(84.0, 1.5)	(85.0, 0.5)	(86.0, 0.5)	(87.0, 1.0)	(88.0, 0.5)	(89.0, 0.5)	(90.0, 0.5)	(91.0, 0.0)	(92.0, 0.0)	(93.0, 0.0)	(94.0, 0.0)	(95.0, 0.0)	(96.0, 0.0)	(97.0, 0.5)	(98.0, 1.0)	(99.0, 1.0)	(100.0, 0.5)
PID-2861-7_S202_R2_001	(0.0, 0.0)	(1.0, 0.0)	(2.0, 0.0)	(3.0, 0.0)	(4.0, 0.0)	(5.0, 0.0)	(6.0, 2.5)	(7.0, 5.5)	(8.0, 7.0)	(9.0, 9.5)	(10.0, 15.5)	(11.0, 36.5)	(12.0, 73.0)	(13.0, 131.5)	(14.0, 249.5)	(15.0, 475.5)	(16.0, 744.0)	(17.0, 1085.0)	(18.0, 1425.0)	(19.0, 1834.0)	(20.0, 2412.0)	(21.0, 3091.5)	(22.0, 3963.0)	(23.0, 4839.0)	(24.0, 5938.0)	(25.0, 7246.5)	(26.0, 8848.5)	(27.0, 10810.5)	(28.0, 12704.5)	(29.0, 14936.0)	(30.0, 17877.0)	(31.0, 21120.0)	(32.0, 25129.0)	(33.0, 29826.0)	(34.0, 35204.0)	(35.0, 41389.5)	(36.0, 46915.0)	(37.0, 51740.0)	(38.0, 56606.0)	(39.0, 60322.0)	(40.0, 62310.5)	(41.0, 62090.0)	(42.0, 60076.5)	(43.0, 56830.5)	(44.0, 51440.0)	(45.0, 45024.0)	(46.0, 38250.0)	(47.0, 31172.0)	(48.0, 24394.5)	(49.0, 18455.0)	(50.0, 13648.0)	(51.0, 9947.0)	(52.0, 7003.5)	(53.0, 4849.5)	(54.0, 3351.0)	(55.0, 2262.0)	(56.0, 1596.5)	(57.0, 1061.0)	(58.0, 705.5)	(59.0, 509.5)	(60.0, 374.0)	(61.0, 298.0)	(62.0, 240.5)	(63.0, 182.0)	(64.0, 134.5)	(65.0, 112.0)	(66.0, 94.5)	(67.0, 89.0)	(68.0, 79.0)	(69.0, 62.5)	(70.0, 49.0)	(71.0, 49.0)	(72.0, 57.5)	(73.0, 50.0)	(74.0, 47.0)	(75.0, 46.0)	(76.0, 39.0)	(77.0, 33.0)	(78.0, 35.0)	(79.0, 37.0)	(80.0, 32.0)	(81.0, 27.5)	(82.0, 30.0)	(83.0, 32.5)	(84.0, 34.0)	(85.0, 33.0)	(86.0, 34.5)	(87.0, 35.5)	(88.0, 33.0)	(89.0, 34.5)	(90.0, 34.5)	(91.0, 32.5)	(92.0, 28.0)	(93.0, 27.5)	(94.0, 36.5)	(95.0, 47.0)	(96.0, 60.5)	(97.0, 90.5)	(98.0, 140.0)	(99.0, 259.0)	(100.0, 1667.5)
PID-2861-8_S203_R1_001	(0.0, 0.0)	(1.0, 0.0)	(2.0, 0.0)	(3.0, 0.0)	(4.0, 0.0)	(5.0, 0.5)	(6.0, 4.0)	(7.0, 6.0)	(8.0, 4.5)	(9.0, 10.5)	(10.0, 25.5)	(11.0, 55.0)	(12.0, 83.5)	(13.0, 125.5)	(14.0, 267.0)	(15.0, 524.0)	(16.0, 819.0)	(17.0, 1102.5)	(18.0, 1452.0)	(19.0, 1901.0)	(20.0, 2434.5)	(21.0, 3099.0)	(22.0, 4059.5)	(23.0, 5141.0)	(24.0, 6170.0)	(25.0, 7469.0)	(26.0, 8996.0)	(27.0, 10768.5)	(28.0, 12865.5)	(29.0, 15105.5)	(30.0, 18059.5)	(31.0, 21511.5)	(32.0, 25702.0)	(33.0, 30529.0)	(34.0, 36020.5)	(35.0, 42458.5)	(36.0, 48330.5)	(37.0, 53215.5)	(38.0, 57822.5)	(39.0, 61642.0)	(40.0, 63681.5)	(41.0, 63828.0)	(42.0, 61839.5)	(43.0, 57730.5)	(44.0, 52153.0)	(45.0, 45676.5)	(46.0, 38412.5)	(47.0, 31201.0)	(48.0, 24511.0)	(49.0, 18335.0)	(50.0, 13430.5)	(51.0, 9787.5)	(52.0, 6813.5)	(53.0, 4571.5)	(54.0, 3083.0)	(55.0, 2173.0)	(56.0, 1460.5)	(57.0, 868.5)	(58.0, 555.5)	(59.0, 399.0)	(60.0, 299.5)	(61.0, 204.5)	(62.0, 146.5)	(63.0, 103.5)	(64.0, 60.0)	(65.0, 34.0)	(66.0, 39.5)	(67.0, 42.5)	(68.0, 27.0)	(69.0, 16.0)	(70.0, 9.0)	(71.0, 5.5)	(72.0, 4.5)	(73.0, 2.0)	(74.0, 1.5)	(75.0, 3.5)	(76.0, 3.0)	(77.0, 0.5)	(78.0, 0.5)	(79.0, 1.5)	(80.0, 1.5)	(81.0, 1.0)	(82.0, 1.0)	(83.0, 1.0)	(84.0, 1.0)	(85.0, 0.5)	(86.0, 0.0)	(87.0, 0.0)	(88.0, 0.5)	(89.0, 1.0)	(90.0, 0.5)	(91.0, 0.0)	(92.0, 0.5)	(93.0, 0.5)	(94.0, 0.0)	(95.0, 0.0)	(96.0, 0.5)	(97.0, 2.0)	(98.0, 1.5)	(99.0, 0.5)	(100.0, 0.5)
PID-2861-8_S203_R2_001	(0.0, 0.0)	(1.0, 0.0)	(2.0, 0.0)	(3.0, 0.0)	(4.0, 0.0)	(5.0, 1.0)	(6.0, 3.0)	(7.0, 3.5)	(8.0, 4.0)	(9.0, 8.5)	(10.0, 24.0)	(11.0, 49.0)	(12.0, 82.5)	(13.0, 136.5)	(14.0, 264.5)	(15.0, 475.0)	(16.0, 691.0)	(17.0, 1008.0)	(18.0, 1390.5)	(19.0, 1795.5)	(20.0, 2350.0)	(21.0, 2990.5)	(22.0, 3807.5)	(23.0, 4810.5)	(24.0, 6032.5)	(25.0, 7367.5)	(26.0, 8854.0)	(27.0, 10747.0)	(28.0, 12758.5)	(29.0, 14926.0)	(30.0, 17663.0)	(31.0, 20979.0)	(32.0, 25227.0)	(33.0, 30025.0)	(34.0, 35620.5)	(35.0, 41630.5)	(36.0, 47163.0)	(37.0, 52519.0)	(38.0, 57211.5)	(39.0, 61017.0)	(40.0, 63144.5)	(41.0, 62902.0)	(42.0, 60979.5)	(43.0, 57328.5)	(44.0, 52019.5)	(45.0, 45781.5)	(46.0, 38793.5)	(47.0, 31442.5)	(48.0, 24397.0)	(49.0, 18430.0)	(50.0, 13791.0)	(51.0, 10229.0)	(52.0, 7238.5)	(53.0, 4924.0)	(54.0, 3381.5)	(55.0, 2332.5)	(56.0, 1606.0)	(57.0, 1075.5)	(58.0, 734.0)	(59.0, 539.5)	(60.0, 410.5)	(61.0, 290.5)	(62.0, 220.0)	(63.0, 177.5)	(64.0, 149.5)	(65.0, 133.5)	(66.0, 123.0)	(67.0, 115.5)	(68.0, 102.5)	(69.0, 80.0)	(70.0, 63.0)	(71.0, 65.5)	(72.0, 64.0)	(73.0, 51.0)	(74.0, 48.5)	(75.0, 46.5)	(76.0, 49.5)	(77.0, 58.5)	(78.0, 53.0)	(79.0, 48.0)	(80.0, 47.0)	(81.0, 41.5)	(82.0, 40.5)	(83.0, 43.0)	(84.0, 43.5)	(85.0, 40.0)	(86.0, 33.5)	(87.0, 40.5)	(88.0, 48.0)	(89.0, 52.0)	(90.0, 49.0)	(91.0, 41.5)	(92.0, 45.5)	(93.0, 50.5)	(94.0, 45.5)	(95.0, 48.5)	(96.0, 79.5)	(97.0, 120.0)	(98.0, 186.5)	(99.0, 343.5)	(100.0, 2521.0)
PID-2861-9_S204_R1_001	(0.0, 0.0)	(1.0, 0.0)	(2.0, 0.0)	(3.0, 0.0)	(4.0, 0.5)	(5.0, 1.0)	(6.0, 0.5)	(7.0, 2.0)	(8.0, 6.5)	(9.0, 21.5)	(10.0, 33.5)	(11.0, 59.5)	(12.0, 110.0)	(13.0, 196.5)	(14.0, 351.5)	(15.0, 626.5)	(16.0, 914.5)	(17.0, 1330.0)	(18.0, 1860.5)	(19.0, 2304.0)	(20.0, 3049.0)	(21.0, 3937.0)	(22.0, 4768.0)	(23.0, 5838.5)	(24.0, 7162.0)	(25.0, 8612.5)	(26.0, 10253.0)	(27.0, 12424.5)	(28.0, 14854.0)	(29.0, 17615.5)	(30.0, 20907.0)	(31.0, 24859.5)	(32.0, 29296.0)	(33.0, 33914.0)	(34.0, 39129.0)	(35.0, 44999.0)	(36.0, 50969.0)	(37.0, 56292.5)	(38.0, 60606.0)	(39.0, 64495.5)	(40.0, 67072.5)	(41.0, 66849.5)	(42.0, 64502.0)	(43.0, 60272.5)	(44.0, 54246.0)	(45.0, 47221.5)	(46.0, 39700.5)	(47.0, 31907.5)	(48.0, 24936.5)	(49.0, 18988.0)	(50.0, 14055.0)	(51.0, 10234.5)	(52.0, 7020.0)	(53.0, 4754.5)	(54.0, 3159.0)	(55.0, 2153.0)	(56.0, 1539.5)	(57.0, 1009.0)	(58.0, 710.0)	(59.0, 495.5)	(60.0, 374.0)	(61.0, 287.5)	(62.0, 223.5)	(63.0, 193.5)	(64.0, 150.0)	(65.0, 122.0)	(66.0, 105.0)	(67.0, 77.5)	(68.0, 51.0)	(69.0, 29.5)	(70.0, 26.0)	(71.0, 27.0)	(72.0, 14.5)	(73.0, 6.0)	(74.0, 4.5)	(75.0, 2.0)	(76.0, 1.0)	(77.0, 1.5)	(78.0, 2.5)	(79.0, 3.5)	(80.0, 2.0)	(81.0, 1.0)	(82.0, 1.0)	(83.0, 1.0)	(84.0, 0.5)	(85.0, 0.0)	(86.0, 0.5)	(87.0, 0.5)	(88.0, 0.0)	(89.0, 0.5)	(90.0, 0.5)	(91.0, 0.0)	(92.0, 0.0)	(93.0, 0.5)	(94.0, 0.5)	(95.0, 0.0)	(96.0, 0.5)	(97.0, 1.0)	(98.0, 2.0)	(99.0, 2.5)	(100.0, 1.0)
PID-2861-9_S204_R2_001	(0.0, 0.0)	(1.0, 0.0)	(2.0, 0.0)	(3.0, 0.0)	(4.0, 1.0)	(5.0, 1.5)	(6.0, 2.0)	(7.0, 4.5)	(8.0, 5.5)	(9.0, 15.0)	(10.0, 33.5)	(11.0, 55.0)	(12.0, 90.0)	(13.0, 194.5)	(14.0, 342.5)	(15.0, 588.0)	(16.0, 881.0)	(17.0, 1248.5)	(18.0, 1729.0)	(19.0, 2231.5)	(20.0, 2948.5)	(21.0, 3827.5)	(22.0, 4756.0)	(23.0, 5788.0)	(24.0, 7136.0)	(25.0, 8689.0)	(26.0, 10280.0)	(27.0, 12144.0)	(28.0, 14497.0)	(29.0, 17433.0)	(30.0, 20849.0)	(31.0, 24727.5)	(32.0, 29228.5)	(33.0, 33938.5)	(34.0, 39183.5)	(35.0, 44791.5)	(36.0, 50341.0)	(37.0, 55718.5)	(38.0, 60450.0)	(39.0, 64091.0)	(40.0, 65840.5)	(41.0, 66233.5)	(42.0, 64285.0)	(43.0, 59949.0)	(44.0, 54178.5)	(45.0, 47231.5)	(46.0, 39693.0)	(47.0, 32120.0)	(48.0, 25127.5)	(49.0, 18940.5)	(50.0, 14131.0)	(51.0, 10231.5)	(52.0, 7088.5)	(53.0, 4890.0)	(54.0, 3271.5)	(55.0, 2249.5)	(56.0, 1608.5)	(57.0, 1129.0)	(58.0, 810.0)	(59.0, 564.0)	(60.0, 423.5)	(61.0, 343.5)	(62.0, 284.5)	(63.0, 250.5)	(64.0, 224.0)	(65.0, 191.5)	(66.0, 170.5)	(67.0, 133.0)	(68.0, 94.5)	(69.0, 84.5)	(70.0, 78.0)	(71.0, 66.0)	(72.0, 54.0)	(73.0, 46.0)	(74.0, 45.0)	(75.0, 47.0)	(76.0, 45.0)	(77.0, 41.0)	(78.0, 41.0)	(79.0, 37.0)	(80.0, 37.5)	(81.0, 35.5)	(82.0, 30.0)	(83.0, 33.0)	(84.0, 36.5)	(85.0, 33.5)	(86.0, 35.0)	(87.0, 30.0)	(88.0, 26.0)	(89.0, 31.5)	(90.0, 34.0)	(91.0, 36.0)	(92.0, 37.0)	(93.0, 40.5)	(94.0, 42.0)	(95.0, 44.0)	(96.0, 51.5)	(97.0, 78.5)	(98.0, 124.0)	(99.0, 237.5)	(100.0, 1470.5)
