Sample	0	1	2	3	4	5	6	7	8	9	10	11	12	13	14	15	16	17	18	19	20	21	22	23	24	25	26	27	28	29	30	31	32	33	34	35	36	37	38	39	40	41	42	43	44	45	46	47	48	49	50	51	52	53	54	55	56	57	58	59	60	61	62	63	64	65	66	67	68	69	70	71	72	73	74	75	76	77	78	79	80	81	82	83	84	85	86	87	88	89	90	91	92	93	94	95	96	97	98	99	100
PID-2861-10_S205_R1_001	(0.0, 0.0)	(1.0, 0.0)	(2.0, 0.0)	(3.0, 0.0)	(4.0, 0.0)	(5.0, 0.0)	(6.0, 0.0)	(7.0, 0.0001229826237850854)	(8.0, 0.0004304391832477989)	(9.0, 0.0014143001735284822)	(10.0, 0.0033820221540898487)	(11.0, 0.005411235446543758)	(12.0, 0.008793257600633606)	(13.0, 0.0168486194585567)	(14.0, 0.029638812332205583)	(15.0, 0.05208314117298367)	(16.0, 0.07864738791056212)	(17.0, 0.11228313551578298)	(18.0, 0.15606494958327338)	(19.0, 0.2001542202102265)	(20.0, 0.26096912767195124)	(21.0, 0.32983939699159903)	(22.0, 0.3982792271279991)	(23.0, 0.48670373362947555)	(24.0, 0.5978800255311927)	(25.0, 0.7220309842422364)	(26.0, 0.8629690710999443)	(27.0, 1.015897963776698)	(28.0, 1.2243535110924177)	(29.0, 1.4786815770799744)	(30.0, 1.7563148502748045)	(31.0, 2.0999283011303334)	(32.0, 2.4828961915970895)	(33.0, 2.912290022542715)	(34.0, 3.4328139777130886)	(35.0, 3.968095847737673)	(36.0, 4.535968113065305)	(37.0, 5.124808915748294)	(38.0, 5.657692624609069)	(39.0, 6.104918936003532)	(40.0, 6.410899703980824)	(41.0, 6.572990802129568)	(42.0, 6.448839843418523)	(43.0, 6.072820471195625)	(44.0, 5.580644010807713)	(45.0, 4.941687788932302)	(46.0, 4.255444748211525)	(47.0, 3.525788841294614)	(48.0, 2.7628661346438363)	(49.0, 2.086400212513974)	(50.0, 1.5477978116471924)	(51.0, 1.1244301292670358)	(52.0, 0.786227913858051)	(53.0, 0.547949080274448)	(54.0, 0.36261426623032433)	(55.0, 0.24430498214907215)	(56.0, 0.17598813463645724)	(57.0, 0.11652603603636842)	(58.0, 0.0783399313510994)	(59.0, 0.0564490243173542)	(60.0, 0.04064575716097073)	(61.0, 0.030192234139238466)	(62.0, 0.024166085573769282)	(63.0, 0.020107658988861465)	(64.0, 0.017156076018019415)	(65.0, 0.013097649433111596)	(66.0, 0.009900101214699374)	(67.0, 0.008916240224418693)	(68.0, 0.005964657253576642)	(69.0, 0.0022751785400240802)	(70.0, 0.002644126411379336)	(71.0, 0.002705617723271879)	(72.0, 0.0012913175497433968)	(73.0, 0.0004919304951403416)	(74.0, 0.0004919304951403416)	(75.0, 0.0004919304951403416)	(76.0, 0.0002459652475701708)	(77.0, 0.0002459652475701708)	(78.0, 0.00018447393567762812)	(79.0, 6.14913118925427e-05)	(80.0, 0.0001229826237850854)	(81.0, 0.0001229826237850854)	(82.0, 0.0001229826237850854)	(83.0, 0.00018447393567762812)	(84.0, 6.14913118925427e-05)	(85.0, 0.0)	(86.0, 0.0)	(87.0, 0.0)	(88.0, 0.0)	(89.0, 0.0)	(90.0, 0.0)	(91.0, 0.0001229826237850854)	(92.0, 0.0001229826237850854)	(93.0, 0.0)	(94.0, 6.14913118925427e-05)	(95.0, 6.14913118925427e-05)	(96.0, 0.0)	(97.0, 0.0)	(98.0, 6.14913118925427e-05)	(99.0, 6.14913118925427e-05)	(100.0, 0.0)
PID-2861-10_S205_R2_001	(0.0, 0.0)	(1.0, 6.157062982444367e-05)	(2.0, 6.157062982444367e-05)	(3.0, 0.0)	(4.0, 0.0)	(5.0, 0.0)	(6.0, 6.157062982444367e-05)	(7.0, 6.157062982444367e-05)	(8.0, 0.00018471188947333098)	(9.0, 0.0017855482649088662)	(10.0, 0.0036942377894666196)	(11.0, 0.005110362275428824)	(12.0, 0.008743029435071001)	(13.0, 0.017116635091195338)	(14.0, 0.029553902315732957)	(15.0, 0.05098048149463936)	(16.0, 0.07542402153494349)	(17.0, 0.10731760778400531)	(18.0, 0.14844678850673365)	(19.0, 0.1837267593961399)	(20.0, 0.24677508433637022)	(21.0, 0.3202904163467559)	(22.0, 0.3803217804255885)	(23.0, 0.46621280903068746)	(24.0, 0.5692820433568061)	(25.0, 0.6945167044197245)	(26.0, 0.8292948131054316)	(27.0, 0.9833445289261897)	(28.0, 1.1982260270134981)	(29.0, 1.4404448847428595)	(30.0, 1.714187904942336)	(31.0, 2.0523338039381804)	(32.0, 2.4392436417549845)	(33.0, 2.8694992029681967)	(34.0, 3.362556806602342)	(35.0, 3.931715708699499)	(36.0, 4.508694080784361)	(37.0, 5.095831606790256)	(38.0, 5.65427721929796)	(39.0, 6.073450067142772)	(40.0, 6.388260697435152)	(41.0, 6.532397541854175)	(42.0, 6.425510928478941)	(43.0, 6.1022035512707875)	(44.0, 5.613517462354178)	(45.0, 5.0251485237517945)	(46.0, 4.284269135074263)	(47.0, 3.4530656324442734)	(48.0, 2.738969467740376)	(49.0, 2.128004107992422)	(50.0, 1.6031760593688642)	(51.0, 1.1739671988626674)	(52.0, 0.8300952312931495)	(53.0, 0.5734688461848683)	(54.0, 0.38044492168523736)	(55.0, 0.26259873620125224)	(56.0, 0.1895143985996376)	(57.0, 0.13354669608921832)	(58.0, 0.09297165103490992)	(59.0, 0.06286361305075698)	(60.0, 0.04802509126306606)	(61.0, 0.041868028280621694)	(62.0, 0.032878716326252916)	(63.0, 0.02641380019468633)	(64.0, 0.022411709256097492)	(65.0, 0.018655900836806433)	(66.0, 0.018409618317508654)	(67.0, 0.015207945566637585)	(68.0, 0.009666588882437654)	(69.0, 0.007080622429811021)	(70.0, 0.007388475578933239)	(71.0, 0.00640334550174214)	(72.0, 0.005356644794726599)	(73.0, 0.005356644794726599)	(74.0, 0.004186802828062169)	(75.0, 0.004186802828062169)	(76.0, 0.0044330853473599436)	(77.0, 0.0033863846403444013)	(78.0, 0.0022165426736799718)	(79.0, 0.0036326671596421762)	(80.0, 0.004186802828062169)	(81.0, 0.0028938196017488523)	(82.0, 0.002647537082451078)	(83.0, 0.0030785314912221834)	(84.0, 0.00252439582280219)	(85.0, 0.0024628251929777467)	(86.0, 0.0031401021210466272)	(87.0, 0.003447955270168845)	(88.0, 0.003263243380695514)	(89.0, 0.003263243380695514)	(90.0, 0.004125232198237725)	(91.0, 0.004309944087711057)	(92.0, 0.0038789496789399507)	(93.0, 0.0036326671596421762)	(94.0, 0.004063661568413281)	(95.0, 0.004679367866657718)	(96.0, 0.006218633612268811)	(97.0, 0.009358735733315436)	(98.0, 0.013976532970148711)	(99.0, 0.025120816968373018)	(100.0, 0.14573768079445815)
PID-2861-11_S206_R1_001	(0.0, 0.0)	(1.0, 0.0)	(2.0, 0.0)	(3.0, 0.0)	(4.0, 0.0)	(5.0, 5.810730559910376e-05)	(6.0, 0.00011621461119820752)	(7.0, 0.00023242922239641504)	(8.0, 0.0005810730559910375)	(9.0, 0.0016270045567749053)	(10.0, 0.0046485844479283)	(11.0, 0.008135022783874525)	(12.0, 0.0123768560926091)	(13.0, 0.023301029545240604)	(14.0, 0.0418372600313547)	(15.0, 0.07350574158286625)	(16.0, 0.10866066147032401)	(17.0, 0.1575870127847694)	(18.0, 0.21325381154871076)	(19.0, 0.26578281581030055)	(20.0, 0.34643575598185655)	(21.0, 0.4326669974909265)	(22.0, 0.5233725015311275)	(23.0, 0.6312196607230641)	(24.0, 0.7712001599113051)	(25.0, 0.9406410630382914)	(26.0, 1.0968916077942816)	(27.0, 1.2804525861818503)	(28.0, 1.5191573975829684)	(29.0, 1.792145519287558)	(30.0, 2.088550885148586)	(31.0, 2.427607013319357)	(32.0, 2.83261493334511)	(33.0, 3.2629576386120718)	(34.0, 3.759833208790008)	(35.0, 4.273676112202883)	(36.0, 4.772236794243193)	(37.0, 5.290205316353604)	(38.0, 5.703755010302426)	(39.0, 6.030259960463789)	(40.0, 6.275124146258412)	(41.0, 6.280528125679129)	(42.0, 6.037930124802871)	(43.0, 5.598755109084845)	(44.0, 5.053941011787648)	(45.0, 4.473797672686196)	(46.0, 3.7933030168150923)	(47.0, 3.057432098708042)	(48.0, 2.3826319587856504)	(49.0, 1.8122506470248478)	(50.0, 1.339663930587337)	(51.0, 0.9706825400330281)	(52.0, 0.6902566832117535)	(53.0, 0.47363264793829474)	(54.0, 0.3082011488976463)	(55.0, 0.20354989151366043)	(56.0, 0.14718580508252982)	(57.0, 0.10418639893919303)	(58.0, 0.07530706805643847)	(59.0, 0.05357493576237366)	(60.0, 0.03945486050179145)	(61.0, 0.033237378802687345)	(62.0, 0.024579390268420886)	(63.0, 0.01905919623650603)	(64.0, 0.016734904012541883)	(65.0, 0.012260641481410891)	(66.0, 0.010052563868644948)	(67.0, 0.008483666617469148)	(68.0, 0.005520194031914856)	(69.0, 0.0030796871967524986)	(70.0, 0.0022661849183650464)	(71.0, 0.0018594337791713203)	(72.0, 0.0011040388063829714)	(73.0, 0.0004067511391937263)	(74.0, 5.810730559910376e-05)	(75.0, 5.810730559910376e-05)	(76.0, 0.00017432191679731126)	(77.0, 0.00017432191679731126)	(78.0, 0.00017432191679731126)	(79.0, 0.00011621461119820752)	(80.0, 0.0)	(81.0, 0.00011621461119820752)	(82.0, 0.00011621461119820752)	(83.0, 0.00017432191679731126)	(84.0, 0.00017432191679731126)	(85.0, 0.00011621461119820752)	(86.0, 0.00011621461119820752)	(87.0, 5.810730559910376e-05)	(88.0, 0.00011621461119820752)	(89.0, 5.810730559910376e-05)	(90.0, 0.0)	(91.0, 0.0)	(92.0, 5.810730559910376e-05)	(93.0, 0.00011621461119820752)	(94.0, 5.810730559910376e-05)	(95.0, 0.0)	(96.0, 5.810730559910376e-05)	(97.0, 0.00011621461119820752)	(98.0, 0.00011621461119820752)	(99.0, 5.810730559910376e-05)	(100.0, 0.0)
PID-2861-11_S206_R2_001	(0.0, 0.0)	(1.0, 0.0)	(2.0, 0.0)	(3.0, 0.0)	(4.0, 0.0)	(5.0, 0.0)	(6.0, 5.818235980669493e-05)	(7.0, 0.0003490941588401696)	(8.0, 0.0008727353971004239)	(9.0, 0.0020945649530410173)	(10.0, 0.004538224064922204)	(11.0, 0.007330977335643561)	(12.0, 0.012334660279019326)	(13.0, 0.023331126282484668)	(14.0, 0.04090219894410654)	(15.0, 0.07069156716513433)	(16.0, 0.10676463024528518)	(17.0, 0.14848138222668547)	(18.0, 0.19566727602991504)	(19.0, 0.2539660005562233)	(20.0, 0.3454868525321545)	(21.0, 0.43700770450808557)	(22.0, 0.520848484989533)	(23.0, 0.6207475967776281)	(24.0, 0.7595125249165956)	(25.0, 0.9118339428905229)	(26.0, 1.0615953370329556)	(27.0, 1.2680263496271094)	(28.0, 1.5265305742482547)	(29.0, 1.8009185830966283)	(30.0, 2.092877664606623)	(31.0, 2.4435427471615734)	(32.0, 2.8559393134714273)	(33.0, 3.275143215878664)	(34.0, 3.7342020347534874)	(35.0, 4.26313786775615)	(36.0, 4.768800756836137)	(37.0, 5.272543628042501)	(38.0, 5.694191189561619)	(39.0, 6.002557696537102)	(40.0, 6.184901212171284)	(41.0, 6.188275789040072)	(42.0, 6.002383149457683)	(43.0, 5.597084831044246)	(44.0, 5.088978282852379)	(45.0, 4.468987056752238)	(46.0, 3.765155050170649)	(47.0, 3.0537011544543833)	(48.0, 2.385709481513719)	(49.0, 1.8078422839136248)	(50.0, 1.33825245791379)	(51.0, 0.9742636149631065)	(52.0, 0.690217334386822)	(53.0, 0.4823899451573076)	(54.0, 0.32285391456735013)	(55.0, 0.22144206142428088)	(56.0, 0.16581972544908055)	(57.0, 0.1158410783751296)	(58.0, 0.07720799146348417)	(59.0, 0.05515687709674679)	(60.0, 0.0435785874952145)	(61.0, 0.03531669240266382)	(62.0, 0.029673003501414413)	(63.0, 0.025542055955139076)	(64.0, 0.02018927885292314)	(65.0, 0.017105613783168307)	(66.0, 0.014429225232060342)	(67.0, 0.011985566120179156)	(68.0, 0.009658271727911357)	(69.0, 0.007214612616030171)	(70.0, 0.005760053620862798)	(71.0, 0.0043636769855021195)	(72.0, 0.0043636769855021195)	(73.0, 0.00401458282666195)	(74.0, 0.0035491239482083907)	(75.0, 0.0026763885511079666)	(76.0, 0.0029673003501414414)	(77.0, 0.003025482709948136)	(78.0, 0.0029673003501414414)	(79.0, 0.003025482709948136)	(80.0, 0.0028509356305280514)	(81.0, 0.0029091179903347466)	(82.0, 0.0022109296726544074)	(83.0, 0.0029673003501414414)	(84.0, 0.0035491239482083907)	(85.0, 0.0029673003501414414)	(86.0, 0.0027927532707213566)	(87.0, 0.002560023831494577)	(88.0, 0.0022109296726544074)	(89.0, 0.002443659111881187)	(90.0, 0.002560023831494577)	(91.0, 0.002443659111881187)	(92.0, 0.002327294392267797)	(93.0, 0.0028509356305280514)	(94.0, 0.003956400466855255)	(95.0, 0.0043636769855021195)	(96.0, 0.005120047662989154)	(97.0, 0.007447342055256951)	(98.0, 0.012451024998632714)	(99.0, 0.02350567336190475)	(100.0, 0.14481589355886368)
PID-2861-12_S207_R1_001	(0.0, 0.0)	(1.0, 0.0)	(2.0, 0.0)	(3.0, 0.0)	(4.0, 6.685564529068835e-05)	(5.0, 0.0001337112905813767)	(6.0, 0.00020056693587206502)	(7.0, 0.0006017008076161951)	(8.0, 0.0009359790340696367)	(9.0, 0.0016045354869765201)	(10.0, 0.003008504038080976)	(11.0, 0.005816441140289886)	(12.0, 0.010028346793603251)	(13.0, 0.020324116168369256)	(14.0, 0.03610204845697171)	(15.0, 0.06264373963737498)	(16.0, 0.09841150986789325)	(17.0, 0.14106541156335242)	(18.0, 0.19368080440712415)	(19.0, 0.24522650692624487)	(20.0, 0.33187142322297697)	(21.0, 0.43034978873616087)	(22.0, 0.5198026421351019)	(23.0, 0.6280419318607263)	(24.0, 0.7650291490613468)	(25.0, 0.9266860993742312)	(26.0, 1.0961651601861262)	(27.0, 1.2898459645932503)	(28.0, 1.531863400545542)	(29.0, 1.790594747820506)	(30.0, 2.093450820987324)	(31.0, 2.466505321709365)	(32.0, 2.863427287800182)	(33.0, 3.3043402684922714)	(34.0, 3.7739343210140666)	(35.0, 4.304433866395678)	(36.0, 4.840883564208162)	(37.0, 5.335682195004546)	(38.0, 5.7636251805102425)	(39.0, 6.076710167406536)	(40.0, 6.280218751671391)	(41.0, 6.26551050970744)	(42.0, 6.045154302829331)	(43.0, 5.6545836230411295)	(44.0, 5.104495373589346)	(45.0, 4.431259025512115)	(46.0, 3.7204498047815155)	(47.0, 3.0272904744076587)	(48.0, 2.3398807295288013)	(49.0, 1.759440017115045)	(50.0, 1.304286783976039)	(51.0, 0.9474113494143446)	(52.0, 0.6638765577365353)	(53.0, 0.45709204685243626)	(54.0, 0.3080039578542012)	(55.0, 0.19989837941915817)	(56.0, 0.14527731721666579)	(57.0, 0.10315826068353212)	(58.0, 0.07233780820452479)	(59.0, 0.04947317751510938)	(60.0, 0.03523292506819276)	(61.0, 0.029416483927902873)	(62.0, 0.025204578274589506)	(63.0, 0.019922982296625126)	(64.0, 0.014641386318660748)	(65.0, 0.011900304861742525)	(66.0, 0.009627212921859122)	(67.0, 0.007487832272557094)	(68.0, 0.005014173396801626)	(69.0, 0.0026073701663368457)	(70.0, 0.001537679841685832)	(71.0, 0.0014708241963951436)	(72.0, 0.001136545969941702)	(73.0, 0.0006017008076161951)	(74.0, 0.00033427822645344175)	(75.0, 6.685564529068835e-05)	(76.0, 0.0001337112905813767)	(77.0, 0.00033427822645344175)	(78.0, 0.0002674225811627534)	(79.0, 6.685564529068835e-05)	(80.0, 0.0)	(81.0, 0.0)	(82.0, 0.0)	(83.0, 0.0)	(84.0, 0.0)	(85.0, 0.0)	(86.0, 0.0)	(87.0, 6.685564529068835e-05)	(88.0, 0.0001337112905813767)	(89.0, 6.685564529068835e-05)	(90.0, 0.0)	(91.0, 0.0)	(92.0, 0.0)	(93.0, 0.0)	(94.0, 0.0)	(95.0, 6.685564529068835e-05)	(96.0, 0.0001337112905813767)	(97.0, 0.00020056693587206502)	(98.0, 0.0001337112905813767)	(99.0, 0.0)	(100.0, 0.0)
PID-2861-12_S207_R2_001	(0.0, 0.0)	(1.0, 0.0)	(2.0, 0.0)	(3.0, 6.692051850017734e-05)	(4.0, 6.692051850017734e-05)	(5.0, 0.0)	(6.0, 0.00026768207400070936)	(7.0, 0.000401523111001064)	(8.0, 0.0006692051850017734)	(9.0, 0.0012714898515033695)	(10.0, 0.002609900221506916)	(11.0, 0.005889005628015606)	(12.0, 0.01030575984902731)	(13.0, 0.018670824661549477)	(14.0, 0.03192108732458459)	(15.0, 0.05882313576165588)	(16.0, 0.09375564641874845)	(17.0, 0.13638401670336142)	(18.0, 0.19453794728001553)	(19.0, 0.2524911163011691)	(20.0, 0.33393338731588496)	(21.0, 0.43043277499314064)	(22.0, 0.5213108391163815)	(23.0, 0.6234984708661523)	(24.0, 0.7594809644585125)	(25.0, 0.9249754067094511)	(26.0, 1.0920090208858937)	(27.0, 1.2857439219439073)	(28.0, 1.5390380844670786)	(29.0, 1.8158213489838122)	(30.0, 2.0936753417965486)	(31.0, 2.4616043525105233)	(32.0, 2.8933755378736676)	(33.0, 3.3279573850138187)	(34.0, 3.798140947996065)	(35.0, 4.280771727419344)	(36.0, 4.8141951803842575)	(37.0, 5.346280222979168)	(38.0, 5.734619991835697)	(39.0, 6.019969082720452)	(40.0, 6.2322409674030155)	(41.0, 6.261953677617093)	(42.0, 6.0277987833849735)	(43.0, 5.572806178102268)	(44.0, 5.011811471515281)	(45.0, 4.406783063755178)	(46.0, 3.7133526510563404)	(47.0, 2.977026185998889)	(48.0, 2.3292355669171725)	(49.0, 1.7942060215082545)	(50.0, 1.3400833829660512)	(51.0, 0.9530151039610255)	(52.0, 0.6585648225602452)	(53.0, 0.45820479017071425)	(54.0, 0.31412491383983243)	(55.0, 0.21601943371857246)	(56.0, 0.15458639773540964)	(57.0, 0.11256031211729829)	(58.0, 0.0800369401262121)	(59.0, 0.05360333531864205)	(60.0, 0.04115611887760906)	(61.0, 0.034397146509091155)	(62.0, 0.02643360480757005)	(63.0, 0.022217612142058876)	(64.0, 0.01813546051354806)	(65.0, 0.0150571166625399)	(66.0, 0.012313375404032632)	(67.0, 0.010372680367527488)	(68.0, 0.008699667405023054)	(69.0, 0.006089767183516138)	(70.0, 0.004483674739511882)	(71.0, 0.004751356813512591)	(72.0, 0.004550595258012059)	(73.0, 0.004349833702511527)	(74.0, 0.004416754221011704)	(75.0, 0.003680628517509754)	(76.0, 0.003546787480509399)	(77.0, 0.003078343851008158)	(78.0, 0.0034798669620092217)	(79.0, 0.003078343851008158)	(80.0, 0.0024760591845065616)	(81.0, 0.0027437412585072708)	(82.0, 0.0026768207400070937)	(83.0, 0.001940695036505143)	(84.0, 0.0027437412585072708)	(85.0, 0.002944502814007803)	(86.0, 0.002208377110505852)	(87.0, 0.002409138666006384)	(88.0, 0.0024760591845065616)	(89.0, 0.002409138666006384)	(90.0, 0.002409138666006384)	(91.0, 0.002141456592005675)	(92.0, 0.002342218147506207)	(93.0, 0.002609900221506916)	(94.0, 0.003212184888008512)	(95.0, 0.003881390073010286)	(96.0, 0.004483674739511882)	(97.0, 0.006892813405518266)	(98.0, 0.010506521404527841)	(99.0, 0.019206188809550898)	(100.0, 0.11001733241429155)
PID-2861-13_S208_R1_001	(0.0, 0.0)	(1.0, 0.0)	(2.0, 0.0)	(3.0, 0.0)	(4.0, 0.0)	(5.0, 5.457603697199049e-05)	(6.0, 0.0003274562218319429)	(7.0, 0.0009823686654958288)	(8.0, 0.0009823686654958288)	(9.0, 0.0024013456267675815)	(10.0, 0.004256930883815258)	(11.0, 0.005948788029946963)	(12.0, 0.010969783431370088)	(13.0, 0.022976511565207993)	(14.0, 0.039622202841665094)	(15.0, 0.06647361303188441)	(16.0, 0.09769110617986299)	(17.0, 0.14358955327330697)	(18.0, 0.20220421698122476)	(19.0, 0.24913960877713656)	(20.0, 0.32090709739530404)	(21.0, 0.40528165055400134)	(22.0, 0.4982792175542731)	(23.0, 0.6001726785809793)	(24.0, 0.7266253562450814)	(25.0, 0.8675406837067609)	(26.0, 1.0128766701631713)	(27.0, 1.1932504723556)	(28.0, 1.405551256176643)	(29.0, 1.646231579223121)	(30.0, 1.928662570553172)	(31.0, 2.271836691033048)	(32.0, 2.6535414936151493)	(33.0, 3.0826728723259107)	(34.0, 3.5649613110473903)	(35.0, 4.074592344291838)	(36.0, 4.618169672532863)	(37.0, 5.1432457242403835)	(38.0, 5.590223467040985)	(39.0, 5.977167569172398)	(40.0, 6.229418012056938)	(41.0, 6.304623791004341)	(42.0, 6.157213915142995)	(43.0, 5.810656080370856)	(44.0, 5.3173432821810325)	(45.0, 4.708765893906367)	(46.0, 4.004625864893746)	(47.0, 3.238323729770028)	(48.0, 2.5660015303120765)	(49.0, 1.9885870591484174)	(50.0, 1.498003062807195)	(51.0, 1.11264166574797)	(52.0, 0.8019948633034003)	(53.0, 0.5610416600720621)	(54.0, 0.3736821251472189)	(55.0, 0.2505040097014363)	(56.0, 0.17971888974876465)	(57.0, 0.12754419840354175)	(58.0, 0.08470200938052924)	(59.0, 0.05866923974488978)	(60.0, 0.045898447093444)	(61.0, 0.03471035951418595)	(62.0, 0.025268705118031594)	(63.0, 0.019701949346888563)	(64.0, 0.016863995424345062)	(65.0, 0.013698585279969613)	(66.0, 0.013098248873277717)	(67.0, 0.010205718913762221)	(68.0, 0.005566755771143029)	(69.0, 0.0031654101443754487)	(70.0, 0.0018555852570476766)	(71.0, 0.0018555852570476766)	(72.0, 0.0015281290352157338)	(73.0, 0.0007094884806358763)	(74.0, 0.00038203225880393345)	(75.0, 0.00021830414788796197)	(76.0, 0.00027288018485995246)	(77.0, 0.00010915207394398099)	(78.0, 0.00010915207394398099)	(79.0, 0.00016372811091597145)	(80.0, 5.457603697199049e-05)	(81.0, 0.0)	(82.0, 0.0)	(83.0, 5.457603697199049e-05)	(84.0, 0.00016372811091597145)	(85.0, 0.00021830414788796197)	(86.0, 0.00027288018485995246)	(87.0, 0.00016372811091597145)	(88.0, 0.0)	(89.0, 0.0)	(90.0, 0.0)	(91.0, 0.0)	(92.0, 0.0)	(93.0, 0.0)	(94.0, 0.0)	(95.0, 0.0)	(96.0, 5.457603697199049e-05)	(97.0, 0.00010915207394398099)	(98.0, 5.457603697199049e-05)	(99.0, 0.0)	(100.0, 0.0)
PID-2861-13_S208_R2_001	(0.0, 0.0)	(1.0, 0.0)	(2.0, 0.0)	(3.0, 0.0)	(4.0, 5.465048283701586e-05)	(5.0, 5.465048283701586e-05)	(6.0, 5.465048283701586e-05)	(7.0, 0.0001639514485110476)	(8.0, 0.0006558057940441904)	(9.0, 0.0018581164164585395)	(10.0, 0.0036069318672430468)	(11.0, 0.006175504560582793)	(12.0, 0.010492892704707046)	(13.0, 0.02022067864969587)	(14.0, 0.036670473983637646)	(15.0, 0.06049808450057656)	(16.0, 0.08853378219596571)	(17.0, 0.1336750810193408)	(18.0, 0.19258830151764392)	(19.0, 0.23887726048059635)	(20.0, 0.3104693929970871)	(21.0, 0.3935381269093512)	(22.0, 0.4733278318513944)	(23.0, 0.5727917106147633)	(24.0, 0.6866286663642673)	(25.0, 0.8304140867084561)	(26.0, 0.9901574480410534)	(27.0, 1.16438318732546)	(28.0, 1.3793781868062804)	(29.0, 1.6255786119870368)	(30.0, 1.9009077445199227)	(31.0, 2.2403418934206285)	(32.0, 2.6291800788059962)	(33.0, 3.0472016220263307)	(34.0, 3.518015531667222)	(35.0, 4.026210371568633)	(36.0, 4.564954831375935)	(37.0, 5.0745159333482714)	(38.0, 5.54757051278548)	(39.0, 5.945043474459097)	(40.0, 6.222394674856952)	(41.0, 6.318524874167264)	(42.0, 6.1363201643886525)	(43.0, 5.766227094616381)	(44.0, 5.264590312655412)	(45.0, 4.673763942704434)	(46.0, 4.02954405102169)	(47.0, 3.306026308742438)	(48.0, 2.6362846415748082)	(49.0, 2.0551860575688186)	(50.0, 1.5452970526994605)	(51.0, 1.1460206250922227)	(52.0, 0.8283373683606494)	(53.0, 0.5949798066465917)	(54.0, 0.40496007782228755)	(55.0, 0.27915466633147706)	(56.0, 0.2022067864969587)	(57.0, 0.14132614861652304)	(58.0, 0.09940922828053186)	(59.0, 0.06896890934031402)	(60.0, 0.0530656188347424)	(61.0, 0.043283182406916566)	(62.0, 0.035522813844060315)	(63.0, 0.028582202523759297)	(64.0, 0.023882260999775935)	(65.0, 0.02153229023778425)	(66.0, 0.016886999196637904)	(67.0, 0.011585902361447364)	(68.0, 0.009345232565129714)	(69.0, 0.00819757242555238)	(70.0, 0.0072138637344860935)	(71.0, 0.006940611320301015)	(72.0, 0.006011553112071745)	(73.0, 0.005191795869516507)	(74.0, 0.004809242489657396)	(75.0, 0.004426689109798285)	(76.0, 0.00409878621277619)	(77.0, 0.00409878621277619)	(78.0, 0.004426689109798285)	(79.0, 0.003442980418731999)	(80.0, 0.002787174624687809)	(81.0, 0.0033336794530579674)	(82.0, 0.002951126073198857)	(83.0, 0.0032243784873839357)	(84.0, 0.003989485247102158)	(85.0, 0.003770883315754095)	(86.0, 0.003442980418731999)	(87.0, 0.0032790289702209516)	(88.0, 0.003552281384406031)	(89.0, 0.0038255337985911107)	(90.0, 0.0036069318672430468)	(91.0, 0.004044135729939174)	(92.0, 0.004535990075472317)	(93.0, 0.004262737661287238)	(94.0, 0.004863892972494412)	(95.0, 0.004973193938168443)	(96.0, 0.004372038626961269)	(97.0, 0.006284805526256825)	(98.0, 0.013280067329394856)	(99.0, 0.025795027899071486)	(100.0, 0.1529667014608074)
PID-2861-14_S209_R1_001	(0.0, 0.0)	(1.0, 0.0)	(2.0, 0.0)	(3.0, 0.0)	(4.0, 5.410418084647073e-05)	(5.0, 5.410418084647073e-05)	(6.0, 0.00027052090423235366)	(7.0, 0.0005951459893111781)	(8.0, 0.0010279794360829439)	(9.0, 0.0024887923189376537)	(10.0, 0.005031688818721778)	(11.0, 0.006763022605808841)	(12.0, 0.012065232328762972)	(13.0, 0.025483069178687714)	(14.0, 0.04533930354934247)	(15.0, 0.07304064414273548)	(16.0, 0.10523263174638557)	(17.0, 0.1499226851255704)	(18.0, 0.21225070146070468)	(19.0, 0.2684649453601878)	(20.0, 0.3434533400133962)	(21.0, 0.4392177401116494)	(22.0, 0.5337377440504337)	(23.0, 0.6383752298075082)	(24.0, 0.7651954297116356)	(25.0, 0.9064073417209242)	(26.0, 1.0711545723984275)	(27.0, 1.2593830175632992)	(28.0, 1.490948911586194)	(29.0, 1.769910068030597)	(30.0, 2.053902913293722)	(31.0, 2.3685728290967956)	(32.0, 2.7638038701802645)	(33.0, 3.2071335280362456)	(34.0, 3.6872540288678266)	(35.0, 4.193939682495025)	(36.0, 4.720048737046106)	(37.0, 5.24642831250142)	(38.0, 5.65069475178625)	(39.0, 5.975914982854385)	(40.0, 6.199852187377927)	(41.0, 6.213053607504467)	(42.0, 6.0001536558736035)	(43.0, 5.59534617478031)	(44.0, 5.096235106471617)	(45.0, 4.513478974574281)	(46.0, 3.8492960505030065)	(47.0, 3.132199237563883)	(48.0, 2.4422086192288424)	(49.0, 1.865512155586311)	(50.0, 1.422344810272869)	(51.0, 1.0653113208670086)	(52.0, 0.7554025729784243)	(53.0, 0.5281109092424008)	(54.0, 0.3637965120116692)	(55.0, 0.25764410919089364)	(56.0, 0.1907172374838093)	(57.0, 0.13688357754157093)	(58.0, 0.09554798337486732)	(59.0, 0.06481680865407194)	(60.0, 0.049884054740446014)	(61.0, 0.03949605201792364)	(62.0, 0.029865507827251846)	(63.0, 0.023264797763982412)	(64.0, 0.017962588041028283)	(65.0, 0.01487864973277945)	(66.0, 0.013147315945692389)	(67.0, 0.009468231648132376)	(68.0, 0.0056268348080329555)	(69.0, 0.003354459212481185)	(70.0, 0.0031921466699417734)	(71.0, 0.0034626675741741266)	(72.0, 0.0022182714147053)	(73.0, 0.0005951459893111781)	(74.0, 0.00010820836169294146)	(75.0, 5.410418084647073e-05)	(76.0, 5.410418084647073e-05)	(77.0, 0.00010820836169294146)	(78.0, 0.00010820836169294146)	(79.0, 0.00021641672338588292)	(80.0, 0.00016231254253941217)	(81.0, 0.0)	(82.0, 5.410418084647073e-05)	(83.0, 5.410418084647073e-05)	(84.0, 5.410418084647073e-05)	(85.0, 0.00010820836169294146)	(86.0, 0.00021641672338588292)	(87.0, 0.00016231254253941217)	(88.0, 5.410418084647073e-05)	(89.0, 0.00010820836169294146)	(90.0, 0.00010820836169294146)	(91.0, 5.410418084647073e-05)	(92.0, 0.0)	(93.0, 5.410418084647073e-05)	(94.0, 5.410418084647073e-05)	(95.0, 0.0)	(96.0, 0.0)	(97.0, 0.0)	(98.0, 0.00010820836169294146)	(99.0, 0.00010820836169294146)	(100.0, 0.0)
PID-2861-14_S209_R2_001	(0.0, 0.0)	(1.0, 0.0)	(2.0, 0.0)	(3.0, 0.0)	(4.0, 0.0)	(5.0, 0.0)	(6.0, 0.0)	(7.0, 0.00032523639265139216)	(8.0, 0.0009757091779541764)	(9.0, 0.003198157861072023)	(10.0, 0.005095370151538477)	(11.0, 0.007317818834656323)	(12.0, 0.011220655546473028)	(13.0, 0.024717965841505804)	(14.0, 0.04585833136384629)	(15.0, 0.07312398228112134)	(16.0, 0.10738221564040129)	(17.0, 0.15638449879987773)	(18.0, 0.20966906112926412)	(19.0, 0.2634956841130695)	(20.0, 0.3464851703046164)	(21.0, 0.431805517310165)	(22.0, 0.5315988837887005)	(23.0, 0.6401736328688235)	(24.0, 0.7529222489879728)	(25.0, 0.8937496070060256)	(26.0, 1.060975318894283)	(27.0, 1.25730968792484)	(28.0, 1.4813975624616493)	(29.0, 1.7239697053141458)	(30.0, 2.0210731500011927)	(31.0, 2.3934688195870364)	(32.0, 2.77356175046563)	(33.0, 3.2104626379273333)	(34.0, 3.69370971134186)	(35.0, 4.167850165762148)	(36.0, 4.68091057516972)	(37.0, 5.205571082581857)	(38.0, 5.611737130938003)	(39.0, 5.912797618402308)	(40.0, 6.156833325021736)	(41.0, 6.180521375619846)	(42.0, 5.957734446653642)	(43.0, 5.590922001808314)	(44.0, 5.069459652257248)	(45.0, 4.477583623697157)	(46.0, 3.8146434433427365)	(47.0, 3.081343790044731)	(48.0, 2.447729091094377)	(49.0, 1.9059936730680416)	(50.0, 1.433316782414685)	(51.0, 1.0550126516956742)	(52.0, 0.758126031270395)	(53.0, 0.5422774786807545)	(54.0, 0.3745639122035199)	(55.0, 0.2613274414953936)	(56.0, 0.1947081870673001)	(57.0, 0.141261006541588)	(58.0, 0.1028831122087237)	(59.0, 0.074370721786285)	(60.0, 0.05669954445222603)	(61.0, 0.04623777382193958)	(62.0, 0.03761900941667769)	(63.0, 0.030680633040114657)	(64.0, 0.025910499281227573)	(65.0, 0.022007662569410866)	(66.0, 0.01994783208261872)	(67.0, 0.018267444053919855)	(68.0, 0.014093577014893659)	(69.0, 0.008998206863355182)	(70.0, 0.0068841703111211325)	(71.0, 0.0074804370309820185)	(72.0, 0.0074804370309820185)	(73.0, 0.005908461133166957)	(74.0, 0.004878545889770882)	(75.0, 0.0046075155625613885)	(76.0, 0.004228073104468098)	(77.0, 0.0037402185154910093)	(78.0, 0.004119660973584301)	(79.0, 0.0044448973662356926)	(80.0, 0.0044448973662356926)	(81.0, 0.0039028367118167056)	(82.0, 0.0035776003191653138)	(83.0, 0.0035233942537234147)	(84.0, 0.004282279169909997)	(85.0, 0.0047701337588870844)	(86.0, 0.00498695802065468)	(87.0, 0.005257988347864172)	(88.0, 0.004065454908142401)	(89.0, 0.0034691881882815156)	(90.0, 0.004011248842700503)	(91.0, 0.004228073104468098)	(92.0, 0.004661721628003287)	(93.0, 0.004715927693445186)	(94.0, 0.004878545889770882)	(95.0, 0.0061252853949345515)	(96.0, 0.007046788507446829)	(97.0, 0.009377649321448474)	(98.0, 0.016695468156104794)	(99.0, 0.03176475434895263)	(100.0, 0.2090727944094032)
PID-2861-15_S210_R1_001	(0.0, 0.0)	(1.0, 0.0)	(2.0, 0.0)	(3.0, 0.0)	(4.0, 0.0)	(5.0, 0.0)	(6.0, 0.0004957012785127376)	(7.0, 0.0014871038355382127)	(8.0, 0.0016853843469433075)	(9.0, 0.0032716284381840675)	(10.0, 0.006642397132070684)	(11.0, 0.009616604803147109)	(12.0, 0.016655562958027982)	(13.0, 0.028354113130928588)	(14.0, 0.04044922432663939)	(15.0, 0.06364804416103549)	(16.0, 0.09289441959328702)	(17.0, 0.1414731448875353)	(18.0, 0.19798309063798736)	(19.0, 0.23902715649884204)	(20.0, 0.3199256051521208)	(21.0, 0.42848418514641035)	(22.0, 0.5317883315884648)	(23.0, 0.6392563687700263)	(24.0, 0.7877684718124426)	(25.0, 0.9509533326988358)	(26.0, 1.1127502300053933)	(27.0, 1.2697883950382285)	(28.0, 1.4615256495669553)	(29.0, 1.7431831160178928)	(30.0, 2.0612250563116654)	(31.0, 2.3993924685130548)	(32.0, 2.7627415056628917)	(33.0, 3.1585094064274606)	(34.0, 3.556061831794677)	(35.0, 3.9923780971415885)	(36.0, 4.4424748580311535)	(37.0, 4.882558453094762)	(38.0, 5.272972780051394)	(39.0, 5.633645030297262)	(40.0, 5.881099108530821)	(41.0, 5.924225119761429)	(42.0, 5.747458043843786)	(43.0, 5.4024499539989215)	(44.0, 4.946999619301418)	(45.0, 4.417788934361219)	(46.0, 3.8352407918530504)	(47.0, 3.175065829129786)	(48.0, 2.580125154658799)	(49.0, 2.0820445100092)	(50.0, 1.7024364709241457)	(51.0, 1.374678785571524)	(52.0, 1.0698224992861902)	(53.0, 0.8327781479013991)	(54.0, 0.6080271882237239)	(55.0, 0.4638772564322198)	(56.0, 0.37574156911265505)	(57.0, 0.2777909964785381)	(58.0, 0.20769883569683703)	(59.0, 0.16338314139779828)	(60.0, 0.14266282795596588)	(61.0, 0.11391215380222709)	(62.0, 0.08813568731956473)	(63.0, 0.07058786206021382)	(64.0, 0.06235922083690238)	(65.0, 0.056410805494749534)	(66.0, 0.043919133276228546)	(67.0, 0.0338068271945687)	(68.0, 0.02220741727737064)	(69.0, 0.012293391707115891)	(70.0, 0.01110370863868532)	(71.0, 0.010409726848767488)	(72.0, 0.006939817899178326)	(73.0, 0.002181085625456045)	(74.0, 0.0009914025570254752)	(75.0, 0.00039656102281019007)	(76.0, 0.0002974207671076425)	(77.0, 0.00039656102281019007)	(78.0, 0.0002974207671076425)	(79.0, 9.914025570254752e-05)	(80.0, 0.0)	(81.0, 0.00019828051140509504)	(82.0, 0.00019828051140509504)	(83.0, 0.0)	(84.0, 0.00019828051140509504)	(85.0, 0.00019828051140509504)	(86.0, 0.0)	(87.0, 0.0)	(88.0, 0.0)	(89.0, 0.0)	(90.0, 0.0)	(91.0, 0.0)	(92.0, 0.0)	(93.0, 0.0)	(94.0, 0.0)	(95.0, 0.0)	(96.0, 0.0)	(97.0, 0.0)	(98.0, 0.0)	(99.0, 0.0)	(100.0, 0.0)
PID-2861-15_S210_R2_001	(0.0, 0.0)	(1.0, 0.0)	(2.0, 0.0)	(3.0, 0.0)	(4.0, 0.0)	(5.0, 0.0)	(6.0, 0.0003969573221259049)	(7.0, 0.0009923933053147622)	(8.0, 0.0009923933053147622)	(9.0, 0.003870333890727573)	(10.0, 0.007045992467734813)	(11.0, 0.007740667781455146)	(12.0, 0.013695027613343722)	(13.0, 0.02689385857403006)	(14.0, 0.040191928865247875)	(15.0, 0.06430708618439661)	(16.0, 0.0968575865987208)	(17.0, 0.14558409788967563)	(18.0, 0.2033413882589948)	(19.0, 0.24571658239593516)	(20.0, 0.31766509703125545)	(21.0, 0.4225610694030258)	(22.0, 0.5270600844526703)	(23.0, 0.6325514928076296)	(24.0, 0.7848838651734455)	(25.0, 0.9458500592954999)	(26.0, 1.0969915596949382)	(27.0, 1.2712558241082106)	(28.0, 1.4802538542074994)	(29.0, 1.739963182208373)	(30.0, 2.040062917735557)	(31.0, 2.3940496097413324)	(32.0, 2.772945373710509)	(33.0, 3.147176889144706)	(34.0, 3.5525695543657863)	(35.0, 3.9900165233485336)	(36.0, 4.473609781028417)	(37.0, 4.95511901276714)	(38.0, 5.275165853731151)	(39.0, 5.573677759969831)	(40.0, 5.865540631062903)	(41.0, 5.894716994239157)	(42.0, 5.6895892980305955)	(43.0, 5.360908635310347)	(44.0, 4.920087529089528)	(45.0, 4.435998074756988)	(46.0, 3.839569698262815)	(47.0, 3.1461844958393907)	(48.0, 2.5303052105610497)	(49.0, 2.0437347729652213)	(50.0, 1.692526782214327)	(51.0, 1.3519373998303008)	(52.0, 1.041516773927843)	(53.0, 0.8107853304421607)	(54.0, 0.599504795740648)	(55.0, 0.4859750016126391)	(56.0, 0.40400331459363975)	(57.0, 0.2977179915944287)	(58.0, 0.22309001503475856)	(59.0, 0.17595133303230737)	(60.0, 0.14220996065160543)	(61.0, 0.10559064768549073)	(62.0, 0.09249105605533585)	(63.0, 0.0847503882738807)	(64.0, 0.0667880694476835)	(65.0, 0.05567326442815816)	(66.0, 0.0438637840949125)	(67.0, 0.03195506443113535)	(68.0, 0.024412875310743154)	(69.0, 0.01845851547885458)	(70.0, 0.01637448953769358)	(71.0, 0.01558057489344177)	(72.0, 0.011214044350056815)	(73.0, 0.0058551205013570974)	(74.0, 0.004168051882322002)	(75.0, 0.003572615899133144)	(76.0, 0.0031756585770072393)	(77.0, 0.0023817439327554297)	(78.0, 0.0022825046022239533)	(79.0, 0.0028779405854128105)	(80.0, 0.003473376568601668)	(81.0, 0.0036718552296646206)	(82.0, 0.0036718552296646206)	(83.0, 0.0031756585770072393)	(84.0, 0.002580222593818382)	(85.0, 0.002679461924349858)	(86.0, 0.0024809832632869057)	(87.0, 0.0027787012548813345)	(88.0, 0.0027787012548813345)	(89.0, 0.002580222593818382)	(90.0, 0.0033741372380701917)	(91.0, 0.0028779405854128105)	(92.0, 0.0018855472800980483)	(93.0, 0.0031756585770072393)	(94.0, 0.00446576987391643)	(95.0, 0.004366530543384954)	(96.0, 0.0047634878655108594)	(97.0, 0.0058551205013570974)	(98.0, 0.010221651044742052)	(99.0, 0.020939498742141485)	(100.0, 0.11382751211960324)
PID-2861-16_S211_R1_001	(0.0, 0.0)	(1.0, 0.0)	(2.0, 0.0)	(3.0, 0.0)	(4.0, 0.0)	(5.0, 6.856077226853884e-05)	(6.0, 0.0004799254058797719)	(7.0, 0.0006856077226853884)	(8.0, 0.0007541684949539272)	(9.0, 0.0026738701184730145)	(10.0, 0.0058276656428258005)	(11.0, 0.008707218078104432)	(12.0, 0.01474056603773585)	(13.0, 0.029961057481351472)	(14.0, 0.04764973672663449)	(15.0, 0.08007898200965335)	(16.0, 0.11511353663887669)	(17.0, 0.16248903027643705)	(18.0, 0.22474221149627027)	(19.0, 0.2730775559455902)	(20.0, 0.3506197893813076)	(21.0, 0.44790752523036426)	(22.0, 0.5403274462483546)	(23.0, 0.6506417288284335)	(24.0, 0.7781647652479158)	(25.0, 0.9123381965774462)	(26.0, 1.0878537735849056)	(27.0, 1.2987467090829312)	(28.0, 1.5374753181219833)	(29.0, 1.7923157086441421)	(30.0, 2.0903493856954802)	(31.0, 2.455709741114524)	(32.0, 2.8556247257569107)	(33.0, 3.2991443615620883)	(34.0, 3.7720080078982012)	(35.0, 4.283814172882843)	(36.0, 4.8232503290917075)	(37.0, 5.336770513383063)	(38.0, 5.784952281702501)	(39.0, 6.100606077226854)	(40.0, 6.283457656867047)	(41.0, 6.272282250987275)	(42.0, 6.048568451075033)	(43.0, 5.639192079859588)	(44.0, 5.08590664765248)	(45.0, 4.4602210399297935)	(46.0, 3.7470518867924527)	(47.0, 2.9768401711276873)	(48.0, 2.283073716542343)	(49.0, 1.7351360245721807)	(50.0, 1.2893538832821412)	(51.0, 0.9306439227731462)	(52.0, 0.6537955243527863)	(53.0, 0.44502797279508555)	(54.0, 0.28788668275559454)	(55.0, 0.19484971478718735)	(56.0, 0.13664161913119788)	(57.0, 0.09440818341377798)	(58.0, 0.06293878894251866)	(59.0, 0.04627852128126371)	(60.0, 0.03866827555945591)	(61.0, 0.02872696358051777)	(62.0, 0.021459521720052655)	(63.0, 0.017757240017551558)	(64.0, 0.013095107503290918)	(65.0, 0.010832602018429135)	(66.0, 0.010215555068012286)	(67.0, 0.006650394910048266)	(68.0, 0.00411364633611233)	(69.0, 0.002468187801667398)	(70.0, 0.001576897762176393)	(71.0, 0.0013712154453707768)	(72.0, 0.0010969723562966214)	(73.0, 0.0006856077226853884)	(74.0, 0.0003428038613426942)	(75.0, 0.00020568231680561652)	(76.0, 0.00020568231680561652)	(77.0, 6.856077226853884e-05)	(78.0, 0.0)	(79.0, 0.0)	(80.0, 0.00013712154453707768)	(81.0, 0.00013712154453707768)	(82.0, 6.856077226853884e-05)	(83.0, 0.00013712154453707768)	(84.0, 6.856077226853884e-05)	(85.0, 6.856077226853884e-05)	(86.0, 6.856077226853884e-05)	(87.0, 0.0)	(88.0, 0.0)	(89.0, 0.0)	(90.0, 0.0)	(91.0, 0.0)	(92.0, 0.0)	(93.0, 6.856077226853884e-05)	(94.0, 0.00013712154453707768)	(95.0, 6.856077226853884e-05)	(96.0, 6.856077226853884e-05)	(97.0, 6.856077226853884e-05)	(98.0, 0.0)	(99.0, 6.856077226853884e-05)	(100.0, 6.856077226853884e-05)
PID-2861-16_S211_R2_001	(0.0, 0.0)	(1.0, 0.0)	(2.0, 0.0)	(3.0, 0.0)	(4.0, 0.0)	(5.0, 0.0)	(6.0, 0.00020585605583914134)	(7.0, 0.00020585605583914134)	(8.0, 0.00020585605583914134)	(9.0, 0.0017840858172725581)	(10.0, 0.004460214543181395)	(11.0, 0.008577335659964222)	(12.0, 0.014478542594019607)	(13.0, 0.028270898335242076)	(14.0, 0.04961130945723306)	(15.0, 0.07740187699551715)	(16.0, 0.11431872967600316)	(17.0, 0.16454760730075363)	(18.0, 0.21848189393060868)	(19.0, 0.2780429127534002)	(20.0, 0.36374765066776277)	(21.0, 0.4566573505364952)	(22.0, 0.5479888206437942)	(23.0, 0.6444666921470719)	(24.0, 0.7763518052546817)	(25.0, 0.9309497031898768)	(26.0, 1.0951542170642319)	(27.0, 1.307529048004946)	(28.0, 1.5445379869610774)	(29.0, 1.8017208193894445)	(30.0, 2.107622918366409)	(31.0, 2.473634985648402)	(32.0, 2.87917141565151)	(33.0, 3.2978140145430443)	(34.0, 3.77114570560251)	(35.0, 4.30348946600253)	(36.0, 4.832265054768003)	(37.0, 5.319938051050929)	(38.0, 5.739815786277498)	(39.0, 6.058618198087048)	(40.0, 6.239153959057975)	(41.0, 6.232978277382801)	(42.0, 6.017035274807542)	(43.0, 5.586315787306778)	(44.0, 5.014310426815085)	(45.0, 4.401339711211401)	(46.0, 3.6995077981704885)	(47.0, 2.9556812497383915)	(48.0, 2.312312456555795)	(49.0, 1.7592458532013018)	(50.0, 1.2896195711469407)	(51.0, 0.9205196630273603)	(52.0, 0.6489955253755328)	(53.0, 0.44657040380037727)	(54.0, 0.29114908164182557)	(55.0, 0.2032485457985122)	(56.0, 0.14581470621939177)	(57.0, 0.10217322238149382)	(58.0, 0.07554917249296488)	(59.0, 0.052150200812582474)	(60.0, 0.040004693518073134)	(61.0, 0.03430934263985689)	(62.0, 0.02662404988852895)	(63.0, 0.020448368213354707)	(64.0, 0.015782297614334168)	(65.0, 0.013106168888425333)	(66.0, 0.011733795182831056)	(67.0, 0.010224184106677353)	(68.0, 0.008508716974684508)	(69.0, 0.006587393786852523)	(70.0, 0.005215020081258247)	(71.0, 0.004597451913740823)	(72.0, 0.004871926654859678)	(73.0, 0.00473468928430025)	(74.0, 0.003979883746223399)	(75.0, 0.0036367903198248302)	(76.0, 0.0032936968934262614)	(77.0, 0.003225078208146548)	(78.0, 0.0032936968934262614)	(79.0, 0.003019222152307406)	(80.0, 0.0026075100406291237)	(81.0, 0.002401653984789982)	(82.0, 0.002744747411188551)	(83.0, 0.0029506034670276926)	(84.0, 0.002127179243671127)	(85.0, 0.0018527045025522719)	(86.0, 0.002127179243671127)	(87.0, 0.0020585605583914135)	(88.0, 0.0018527045025522719)	(89.0, 0.0019899418731116995)	(90.0, 0.0024702726700696963)	(91.0, 0.0026761287259088372)	(92.0, 0.002744747411188551)	(93.0, 0.002401653984789982)	(94.0, 0.0030878408375871204)	(95.0, 0.003979883746223399)	(96.0, 0.0037740276903842577)	(97.0, 0.004117121116782827)	(98.0, 0.007548055380768515)	(99.0, 0.015576441558495026)	(100.0, 0.09483102305656445)
PID-2861-17_S212_R1_001	(0.0, 0.0)	(1.0, 0.0)	(2.0, 0.0)	(3.0, 0.0)	(4.0, 0.0)	(5.0, 0.0)	(6.0, 0.00016388338058637476)	(7.0, 0.0002731389676439579)	(8.0, 0.0002731389676439579)	(9.0, 0.0006009057288167074)	(10.0, 0.0017480893929213304)	(11.0, 0.0032230398181987033)	(12.0, 0.005353523765821574)	(13.0, 0.013001414859852397)	(14.0, 0.026876874416165458)	(15.0, 0.04714378581534713)	(16.0, 0.07478544934091567)	(17.0, 0.11231474349519548)	(18.0, 0.1621352911934534)	(19.0, 0.21949447439868455)	(20.0, 0.2821525535762085)	(21.0, 0.3584129533424016)	(22.0, 0.4599113937188963)	(23.0, 0.5740834821940707)	(24.0, 0.6808261907493295)	(25.0, 0.802536914731477)	(26.0, 0.9846659783564683)	(27.0, 1.1836204023883272)	(28.0, 1.4159524082662778)	(29.0, 1.6778926782368333)	(30.0, 1.9676931229070727)	(31.0, 2.3448980372233788)	(32.0, 2.79552270604238)	(33.0, 3.28285725211273)	(34.0, 3.792425310149298)	(35.0, 4.351322265742364)	(36.0, 4.955669545551386)	(37.0, 5.480424130188958)	(38.0, 5.900621118012422)	(39.0, 6.233522891776879)	(40.0, 6.412265032203085)	(41.0, 6.403032935096718)	(42.0, 6.169007467619375)	(43.0, 5.746625368054759)	(44.0, 5.1921532637375245)	(45.0, 4.532194890116193)	(46.0, 3.795211327619266)	(47.0, 3.044297677772497)	(48.0, 2.3664213878737224)	(49.0, 1.8051754371589175)	(50.0, 1.3378892913136347)	(51.0, 0.9547299475026904)	(52.0, 0.6616518352207236)	(53.0, 0.45865495446773413)	(54.0, 0.30067137558246887)	(55.0, 0.1945295727560268)	(56.0, 0.13859071218254423)	(57.0, 0.09150155416072589)	(58.0, 0.0577415777599327)	(59.0, 0.03867647781838444)	(60.0, 0.029608264092605037)	(61.0, 0.022233511966218172)	(62.0, 0.014804132046302518)	(63.0, 0.009450608280480943)	(64.0, 0.0067738463975701565)	(65.0, 0.005025757004648825)	(66.0, 0.004643362449947284)	(67.0, 0.0038239455470154104)	(68.0, 0.0020212283605652885)	(69.0, 0.0013656948382197893)	(70.0, 0.0012018114576334148)	(71.0, 0.0009833002835182485)	(72.0, 0.0006009057288167074)	(73.0, 0.00038239455470154103)	(74.0, 0.00038239455470154103)	(75.0, 0.00038239455470154103)	(76.0, 0.0004370223482303326)	(77.0, 0.00038239455470154103)	(78.0, 0.0005462779352879158)	(79.0, 0.0004916501417591242)	(80.0, 0.0002185111741151663)	(81.0, 5.4627793528791576e-05)	(82.0, 0.00016388338058637476)	(83.0, 0.0002185111741151663)	(84.0, 0.00010925558705758315)	(85.0, 5.4627793528791576e-05)	(86.0, 0.0)	(87.0, 0.0)	(88.0, 0.0)	(89.0, 0.0)	(90.0, 0.0)	(91.0, 0.0)	(92.0, 0.0)	(93.0, 0.0)	(94.0, 0.0)	(95.0, 0.0)	(96.0, 0.0)	(97.0, 0.0)	(98.0, 0.00010925558705758315)	(99.0, 0.00010925558705758315)	(100.0, 0.0)
PID-2861-17_S212_R2_001	(0.0, 0.00010942649029304961)	(1.0, 5.471324514652481e-05)	(2.0, 0.0)	(3.0, 0.0)	(4.0, 5.471324514652481e-05)	(5.0, 0.00010942649029304961)	(6.0, 5.471324514652481e-05)	(7.0, 5.471324514652481e-05)	(8.0, 0.00016413973543957441)	(9.0, 0.0007112721869048226)	(10.0, 0.0017508238446887938)	(11.0, 0.0026809490121797153)	(12.0, 0.005526037759799006)	(13.0, 0.013131178835165954)	(14.0, 0.023964401374177866)	(15.0, 0.04174620604679843)	(16.0, 0.06882926239432821)	(17.0, 0.10395516577839713)	(18.0, 0.1515009758107272)	(19.0, 0.21048185407868095)	(20.0, 0.2835787495944381)	(21.0, 0.36378836697924344)	(22.0, 0.46216278175269504)	(23.0, 0.5600447773198279)	(24.0, 0.6720427901347642)	(25.0, 0.8119445579744281)	(26.0, 0.9666189020036537)	(27.0, 1.1693861885166748)	(28.0, 1.4088660625230138)	(29.0, 1.681939869049319)	(30.0, 1.9979088597705)	(31.0, 2.3612595207885714)	(32.0, 2.808595013106558)	(33.0, 3.2686239782985385)	(34.0, 3.759237647527426)	(35.0, 4.331647618250369)	(36.0, 4.937323242022399)	(37.0, 5.475592147773909)	(38.0, 5.9113284321208335)	(39.0, 6.2216072453467754)	(40.0, 6.366159639023894)	(41.0, 6.357843225761623)	(42.0, 6.132205802777354)	(43.0, 5.71567386747686)	(44.0, 5.143099757018478)	(45.0, 4.502517082842966)	(46.0, 3.796387940981917)	(47.0, 3.0457222175715963)	(48.0, 2.3833089585826204)	(49.0, 1.80756147990574)	(50.0, 1.323622826584728)	(51.0, 0.9516821860786525)	(52.0, 0.6657507669429138)	(53.0, 0.4575668691603869)	(54.0, 0.2979683330679741)	(55.0, 0.19549042490853313)	(56.0, 0.14039418704598267)	(57.0, 0.09563875251612536)	(58.0, 0.06603888689185544)	(59.0, 0.046123265658520415)	(60.0, 0.03408635172628495)	(61.0, 0.024183254354763963)	(62.0, 0.017945944408060136)	(63.0, 0.014772576189561699)	(64.0, 0.011763347706502832)	(65.0, 0.009191825184616169)	(66.0, 0.00875411922344397)	(67.0, 0.007823994055953047)	(68.0, 0.006565589417582977)	(69.0, 0.00558075100494553)	(70.0, 0.004705339082601134)	(71.0, 0.00421291987628241)	(72.0, 0.004869478818040707)	(73.0, 0.004048780140842836)	(74.0, 0.0027356622573262404)	(75.0, 0.0032827947087914885)	(76.0, 0.002899801992765815)	(77.0, 0.0028450887476192902)	(78.0, 0.003337507953938013)	(79.0, 0.003337507953938013)	(80.0, 0.0035016476893775877)	(81.0, 0.0031733682184984387)	(82.0, 0.0032280814636449634)	(83.0, 0.002790375502472765)	(84.0, 0.002352669541300567)	(85.0, 0.002790375502472765)	(86.0, 0.0032280814636449634)	(87.0, 0.0026809490121797153)	(88.0, 0.0020791033155679426)	(89.0, 0.002462096031593616)	(90.0, 0.002516809276740141)	(91.0, 0.0029545152379123396)	(92.0, 0.0031733682184984387)	(93.0, 0.003337507953938013)	(94.0, 0.0036110741796706375)	(95.0, 0.0035016476893775877)	(96.0, 0.004377059611721985)	(97.0, 0.006127883456410778)	(98.0, 0.00957481790064184)	(99.0, 0.018055370898353188)	(100.0, 0.16840736856100336)
PID-2861-18_S213_R1_001	(0.0, 0.0)	(1.0, 0.0)	(2.0, 0.0)	(3.0, 0.0)	(4.0, 0.0)	(5.0, 0.0)	(6.0, 0.0)	(7.0, 0.0002541541495748001)	(8.0, 0.0006608007888944802)	(9.0, 0.0014740940675338405)	(10.0, 0.002084064026513361)	(11.0, 0.004930590501751122)	(12.0, 0.008387086935968404)	(13.0, 0.01758746715057617)	(14.0, 0.03314170110455394)	(15.0, 0.05769299195347963)	(16.0, 0.08997056894947925)	(17.0, 0.13409172931566454)	(18.0, 0.1911239204802497)	(19.0, 0.24546207765934197)	(20.0, 0.31169464903853483)	(21.0, 0.3919565294742567)	(22.0, 0.48446863991948397)	(23.0, 0.5816063558869725)	(24.0, 0.6976023097529114)	(25.0, 0.83286314815662)	(26.0, 0.9950643264152573)	(27.0, 1.1929487472741969)	(28.0, 1.4200608953342382)	(29.0, 1.706085975265718)	(30.0, 2.0261168804103065)	(31.0, 2.398096893727984)	(32.0, 2.845611520299292)	(33.0, 3.316101681992162)	(34.0, 3.7912682800372086)	(35.0, 4.352643965618026)	(36.0, 4.957530841606051)	(37.0, 5.471430532046297)	(38.0, 5.868419313682134)	(39.0, 6.146209799167391)	(40.0, 6.359597623150393)	(41.0, 6.374592717975307)	(42.0, 6.124250880644128)	(43.0, 5.701135052432002)	(44.0, 5.132490558173344)	(45.0, 4.474129649114781)	(46.0, 3.7567541465249503)	(47.0, 3.0136074131682347)	(48.0, 2.344317875677956)	(49.0, 1.7995638714793296)	(50.0, 1.337511627552343)	(51.0, 0.9538405233542248)	(52.0, 0.6631390070705684)	(53.0, 0.45264854039271896)	(54.0, 0.2977670016418358)	(55.0, 0.19635949596149058)	(56.0, 0.1327192969079606)	(57.0, 0.094087866172591)	(58.0, 0.06613090971936299)	(59.0, 0.0436128520670357)	(60.0, 0.030549328778890973)	(61.0, 0.02155227188394305)	(62.0, 0.013825985736869127)	(63.0, 0.009912011833417203)	(64.0, 0.007167147018009363)	(65.0, 0.005845545440220402)	(66.0, 0.004930590501751122)	(67.0, 0.0034056656043023217)	(68.0, 0.001982402366683441)	(69.0, 0.0011691090880440805)	(70.0, 0.0013216015777889605)	(71.0, 0.0014740940675338405)	(72.0, 0.0011691090880440805)	(73.0, 0.0005083082991496002)	(74.0, 5.083082991496002e-05)	(75.0, 0.0)	(76.0, 5.083082991496002e-05)	(77.0, 0.00015249248974488007)	(78.0, 0.0002033233196598401)	(79.0, 0.00015249248974488007)	(80.0, 0.00015249248974488007)	(81.0, 0.00010166165982992005)	(82.0, 0.00010166165982992005)	(83.0, 0.00010166165982992005)	(84.0, 5.083082991496002e-05)	(85.0, 0.00010166165982992005)	(86.0, 0.00015249248974488007)	(87.0, 0.00010166165982992005)	(88.0, 0.0)	(89.0, 0.0)	(90.0, 5.083082991496002e-05)	(91.0, 5.083082991496002e-05)	(92.0, 0.00010166165982992005)	(93.0, 0.00015249248974488007)	(94.0, 5.083082991496002e-05)	(95.0, 0.0)	(96.0, 0.0)	(97.0, 0.0)	(98.0, 0.00010166165982992005)	(99.0, 0.0002033233196598401)	(100.0, 0.00010166165982992005)
PID-2861-18_S213_R2_001	(0.0, 0.0)	(1.0, 0.0)	(2.0, 5.0911182895879e-05)	(3.0, 5.0911182895879e-05)	(4.0, 0.0)	(5.0, 0.0)	(6.0, 5.0911182895879e-05)	(7.0, 0.000152733548687637)	(8.0, 0.00050911182895879)	(9.0, 0.0011200460237093379)	(10.0, 0.0020873584987310388)	(11.0, 0.004123805814566199)	(12.0, 0.007178476788318938)	(13.0, 0.016393400892473035)	(14.0, 0.03187040049282025)	(15.0, 0.055951390002571016)	(16.0, 0.08965459307964291)	(17.0, 0.13140176305426368)	(18.0, 0.18302570251068498)	(19.0, 0.23495510906448155)	(20.0, 0.304601607266044)	(21.0, 0.38885961495872373)	(22.0, 0.47785236266072023)	(23.0, 0.5796238172695823)	(24.0, 0.7009960772933579)	(25.0, 0.8432419223044437)	(26.0, 0.995873648626289)	(27.0, 1.1916271468609436)	(28.0, 1.4253603875359242)	(29.0, 1.6809345256732369)	(30.0, 1.992103675532849)	(31.0, 2.389007257389122)	(32.0, 2.831629081485894)	(33.0, 3.2851968099052797)	(34.0, 3.771296784195132)	(35.0, 4.312737214292806)	(36.0, 4.912165481708885)	(37.0, 5.434666951769291)	(38.0, 5.826377592970184)	(39.0, 6.141314170364091)	(40.0, 6.321132468352336)	(41.0, 6.303313554338779)	(42.0, 6.080882596266683)	(43.0, 5.676240514610237)	(44.0, 5.118304861254299)	(45.0, 4.51628012351053)	(46.0, 3.8124839311578986)	(47.0, 3.024633375844171)	(48.0, 2.3473619097802927)	(49.0, 1.790648124813856)	(50.0, 1.3427824488788085)	(51.0, 0.9789202247219613)	(52.0, 0.6773223772467741)	(53.0, 0.4570296888563057)	(54.0, 0.3007323573659572)	(55.0, 0.19743356727021877)	(56.0, 0.1390893516715414)	(57.0, 0.10284058944967558)	(58.0, 0.0753994618687968)	(59.0, 0.051369383541941906)	(60.0, 0.03762336416005457)	(61.0, 0.02840844005590048)	(62.0, 0.021942719828123847)	(63.0, 0.015069710137180184)	(64.0, 0.010691348408134588)	(65.0, 0.011404104968676894)	(66.0, 0.010742259591030468)	(67.0, 0.0076875886172777285)	(68.0, 0.005854786033026084)	(69.0, 0.0052438518382755366)	(70.0, 0.0049892959237961415)	(71.0, 0.004836562375108504)	(72.0, 0.004582006460629109)	(73.0, 0.003767427534295046)	(74.0, 0.003971072265878561)	(75.0, 0.003665605168503288)	(76.0, 0.0029019374250651027)	(77.0, 0.0028510262421692235)	(78.0, 0.003105582156648619)	(79.0, 0.0030546709737527397)	(80.0, 0.0026473815105857077)	(81.0, 0.002749203876377466)	(82.0, 0.0034110492540238924)	(83.0, 0.003003759790856861)	(84.0, 0.0026982926934815865)	(85.0, 0.0029019374250651027)	(86.0, 0.0028001150592733446)	(87.0, 0.002749203876377466)	(88.0, 0.0029019374250651027)	(89.0, 0.0029019374250651027)	(90.0, 0.0030546709737527397)	(91.0, 0.0029019374250651027)	(92.0, 0.0030546709737527397)	(93.0, 0.0036146939856074086)	(94.0, 0.0034619604369197717)	(95.0, 0.0036146939856074086)	(96.0, 0.0038692499000868032)	(97.0, 0.004938384740900263)	(98.0, 0.008502167543611792)	(99.0, 0.015527910783243093)	(100.0, 0.16805781473929654)
PID-2861-19_S214_R1_001	(0.0, 0.0)	(1.0, 0.0)	(2.0, 0.0)	(3.0, 0.0)	(4.0, 0.0)	(5.0, 0.0)	(6.0, 8.929448427970605e-05)	(7.0, 0.00013394172641955908)	(8.0, 0.0001785889685594121)	(9.0, 0.0008036503585173543)	(10.0, 0.0025448928019716223)	(11.0, 0.004330782487565743)	(12.0, 0.005804141478180892)	(13.0, 0.012858405736277669)	(14.0, 0.026699050799632106)	(15.0, 0.04696889873112538)	(16.0, 0.0790702658296797)	(17.0, 0.12760181803569995)	(18.0, 0.18497352418541108)	(19.0, 0.23855021475323468)	(20.0, 0.29552009572368715)	(21.0, 0.3724472939306539)	(22.0, 0.4737072391038406)	(23.0, 0.58626293653841)	(24.0, 0.7124806900677745)	(25.0, 0.841734456062649)	(26.0, 0.9942047879702471)	(27.0, 1.1866344015930137)	(28.0, 1.426479386368304)	(29.0, 1.7206600648277954)	(30.0, 2.039575315432766)	(31.0, 2.421219941244229)	(32.0, 2.906446168820152)	(33.0, 3.368455830483351)	(34.0, 3.8145710739447627)	(35.0, 4.387841663020476)	(36.0, 5.0015626534748945)	(37.0, 5.498843636428577)	(38.0, 5.901561760530051)	(39.0, 6.189357883363544)	(40.0, 6.338345730384234)	(41.0, 6.307449838823456)	(42.0, 6.077873719740332)	(43.0, 5.6677888006857815)	(44.0, 5.1103233353275765)	(45.0, 4.463697327416086)	(46.0, 3.7331791515238106)	(47.0, 2.9898025698952573)	(48.0, 2.3397833715811376)	(49.0, 1.7951763119592103)	(50.0, 1.3210226004339711)	(51.0, 0.9475037726919608)	(52.0, 0.6602880640062864)	(53.0, 0.4519193849395923)	(54.0, 0.2978863995570994)	(55.0, 0.1970282795631714)	(56.0, 0.1351472019573351)	(57.0, 0.09322344158801311)	(58.0, 0.0643366759235282)	(59.0, 0.044424005929153756)	(60.0, 0.03120842225575726)	(61.0, 0.018796488940878122)	(62.0, 0.011027868808543697)	(63.0, 0.00754538392163516)	(64.0, 0.005179080088222951)	(65.0, 0.004330782487565743)	(66.0, 0.004152193519006331)	(67.0, 0.0032146014340694172)	(68.0, 0.0018751841698738268)	(69.0, 0.0009822393270767665)	(70.0, 0.0008482976006572074)	(71.0, 0.0005357669056782363)	(72.0, 0.0004911196635383832)	(73.0, 0.00040182517925867715)	(74.0, 0.00013394172641955908)	(75.0, 4.4647242139853024e-05)	(76.0, 0.00013394172641955908)	(77.0, 0.0002232362106992651)	(78.0, 0.00026788345283911816)	(79.0, 0.0002232362106992651)	(80.0, 8.929448427970605e-05)	(81.0, 0.0001785889685594121)	(82.0, 0.0003125306949789711)	(83.0, 0.0002232362106992651)	(84.0, 0.00013394172641955908)	(85.0, 8.929448427970605e-05)	(86.0, 0.0)	(87.0, 4.4647242139853024e-05)	(88.0, 8.929448427970605e-05)	(89.0, 4.4647242139853024e-05)	(90.0, 0.0)	(91.0, 0.0)	(92.0, 0.0)	(93.0, 0.0)	(94.0, 0.0)	(95.0, 0.0)	(96.0, 4.4647242139853024e-05)	(97.0, 0.00026788345283911816)	(98.0, 0.0003571779371188242)	(99.0, 0.00013394172641955908)	(100.0, 0.0)
PID-2861-19_S214_R2_001	(0.0, 0.0)	(1.0, 0.0)	(2.0, 0.0)	(3.0, 4.472677975683839e-05)	(4.0, 4.472677975683839e-05)	(5.0, 0.0)	(6.0, 8.945355951367678e-05)	(7.0, 8.945355951367678e-05)	(8.0, 0.00013418033927051516)	(9.0, 0.0008945355951367678)	(10.0, 0.0023257925473555963)	(11.0, 0.0041595905173859695)	(12.0, 0.005635574249361637)	(13.0, 0.011986776974832688)	(14.0, 0.025360084122127365)	(15.0, 0.04633694382808457)	(16.0, 0.08019511610401123)	(17.0, 0.12527971009890432)	(18.0, 0.17403190003385818)	(19.0, 0.23445777948534682)	(20.0, 0.3010559545432792)	(21.0, 0.37100863808297446)	(22.0, 0.4711966247382925)	(23.0, 0.5860997219336103)	(24.0, 0.7140630388179249)	(25.0, 0.8403714648512365)	(26.0, 0.9813502746447911)	(27.0, 1.1805633516817493)	(28.0, 1.4229377711840565)	(29.0, 1.6958605812602845)	(30.0, 2.0348895718171196)	(31.0, 2.430721572665139)	(32.0, 2.903796722153219)	(33.0, 3.390468812687377)	(34.0, 3.8367973478808675)	(35.0, 4.368330398511135)	(36.0, 4.9799691116859)	(37.0, 5.506313855864374)	(38.0, 5.898075719754522)	(39.0, 6.1194732795508715)	(40.0, 6.263448783588134)	(41.0, 6.271186516486067)	(42.0, 6.03122734309063)	(43.0, 5.627791789683948)	(44.0, 5.091562427179212)	(45.0, 4.427146113891378)	(46.0, 3.694342554355337)	(47.0, 2.9713788863658013)	(48.0, 2.3181889947969334)	(49.0, 1.7931413272314078)	(50.0, 1.330666424545699)	(51.0, 0.9558112834036363)	(52.0, 0.6729144014416335)	(53.0, 0.467171214560177)	(54.0, 0.3087936874412123)	(55.0, 0.20082324110820438)	(56.0, 0.14182861860893453)	(57.0, 0.10054580089337269)	(58.0, 0.07357555269999916)	(59.0, 0.05425358384504496)	(60.0, 0.03855448415039469)	(61.0, 0.026120439377993618)	(62.0, 0.018293252920546902)	(63.0, 0.013731121385349385)	(64.0, 0.010734427141641214)	(65.0, 0.009795164766747607)	(66.0, 0.009616257647720254)	(67.0, 0.007827186457446718)	(68.0, 0.006709016963525758)	(69.0, 0.005456667130334283)	(70.0, 0.004427951195927001)	(71.0, 0.004472677975683839)	(72.0, 0.004070136957872293)	(73.0, 0.003667595940060748)	(74.0, 0.003578142380547071)	(75.0, 0.003220328142492364)	(76.0, 0.0031756013627355258)	(77.0, 0.0035334156007902325)	(78.0, 0.003354508481762879)	(79.0, 0.0029519674639513337)	(80.0, 0.0024599728866261114)	(81.0, 0.0022363389878419194)	(82.0, 0.002907240684194495)	(83.0, 0.00304142102346501)	(84.0, 0.0028177871246808186)	(85.0, 0.0025046996663829497)	(86.0, 0.002057431868814566)	(87.0, 0.00277306034492398)	(88.0, 0.002907240684194495)	(89.0, 0.0023705193271124345)	(90.0, 0.0025046996663829497)	(91.0, 0.00277306034492398)	(92.0, 0.003309781702006041)	(93.0, 0.0032650549222492022)	(94.0, 0.0032650549222492022)	(95.0, 0.003220328142492364)	(96.0, 0.0035334156007902325)	(97.0, 0.006038115267173183)	(98.0, 0.010958061040425406)	(99.0, 0.020216504450090954)	(100.0, 0.19134116379975463)
PID-2861-1_S196_R1_001	(0.0, 0.0)	(1.0, 0.0)	(2.0, 0.0)	(3.0, 0.0)	(4.0, 0.0)	(5.0, 0.00015172818401594157)	(6.0, 0.00035403242937053034)	(7.0, 0.000556336674725119)	(8.0, 0.0012138254721275326)	(9.0, 0.0014161297174821214)	(10.0, 0.002377074882916418)	(11.0, 0.006928920403394665)	(12.0, 0.01239113502796856)	(13.0, 0.02195001062097288)	(14.0, 0.03762858963595351)	(15.0, 0.06190509907850416)	(16.0, 0.09331283316980407)	(17.0, 0.13630248530765418)	(18.0, 0.18364167872062795)	(19.0, 0.23254873003509977)	(20.0, 0.30310233560251265)	(21.0, 0.3795733403465472)	(22.0, 0.46282153730996045)	(23.0, 0.5631644430058365)	(24.0, 0.6946116264249805)	(25.0, 0.8422431494724917)	(26.0, 0.9949828547152062)	(27.0, 1.2010803046701934)	(28.0, 1.4177987275062967)	(29.0, 1.6535337494057314)	(30.0, 1.9593671923205307)	(31.0, 2.312843285016336)	(32.0, 2.735203973255379)	(33.0, 3.229129788288607)	(34.0, 3.7759075874207224)	(35.0, 4.395919523371198)	(36.0, 4.962472562486724)	(37.0, 5.462922689432638)	(38.0, 5.917904937235107)	(39.0, 6.251706942070179)	(40.0, 6.435399196852146)	(41.0, 6.377894215110104)	(42.0, 6.135179696745936)	(43.0, 5.726929729620376)	(44.0, 5.162703189326428)	(45.0, 4.499651025176763)	(46.0, 3.784808974216324)	(47.0, 3.0672358159435973)	(48.0, 2.3745460798494857)	(49.0, 1.7871051274010987)	(50.0, 1.3134603129646676)	(51.0, 0.9521955068227107)	(52.0, 0.6747858103802309)	(53.0, 0.4519476841221513)	(54.0, 0.30082641284227346)	(55.0, 0.2010904198824612)	(56.0, 0.14120836325750297)	(57.0, 0.09730834201555719)	(58.0, 0.0620568272625201)	(59.0, 0.04046084907091775)	(60.0, 0.02756395342956272)	(61.0, 0.02124194576223182)	(62.0, 0.015021090217578215)	(63.0, 0.009862331961036202)	(64.0, 0.006625464035362782)	(65.0, 0.0048047258271714825)	(66.0, 0.0052093343178806605)	(67.0, 0.004703573704494189)	(68.0, 0.002326498821577771)	(69.0, 0.0011632494107888854)	(70.0, 0.0014161297174821214)	(71.0, 0.0014161297174821214)	(72.0, 0.0009609451654342966)	(73.0, 0.0004046084907091776)	(74.0, 0.00015172818401594157)	(75.0, 5.05760613386472e-05)	(76.0, 0.0)	(77.0, 0.0)	(78.0, 0.0001011521226772944)	(79.0, 0.0001011521226772944)	(80.0, 5.05760613386472e-05)	(81.0, 5.05760613386472e-05)	(82.0, 5.05760613386472e-05)	(83.0, 5.05760613386472e-05)	(84.0, 5.05760613386472e-05)	(85.0, 5.05760613386472e-05)	(86.0, 0.0001011521226772944)	(87.0, 0.0001011521226772944)	(88.0, 0.0)	(89.0, 0.0)	(90.0, 0.0)	(91.0, 0.0)	(92.0, 0.0001011521226772944)	(93.0, 0.0001011521226772944)	(94.0, 0.0)	(95.0, 0.0)	(96.0, 0.00015172818401594157)	(97.0, 0.00015172818401594157)	(98.0, 0.0)	(99.0, 5.05760613386472e-05)	(100.0, 5.05760613386472e-05)
PID-2861-1_S196_R2_001	(0.0, 0.0)	(1.0, 0.0)	(2.0, 0.0)	(3.0, 0.0)	(4.0, 0.0)	(5.0, 5.063660337766399e-05)	(6.0, 0.00010127320675532798)	(7.0, 0.00030381962026598396)	(8.0, 0.0004050928270213119)	(9.0, 0.0008101856540426238)	(10.0, 0.0024305569621278717)	(11.0, 0.006987851266117631)	(12.0, 0.013317426688325631)	(13.0, 0.022989017933459453)	(14.0, 0.03878763818729062)	(15.0, 0.06800495833620274)	(16.0, 0.10056429430804069)	(17.0, 0.1332755400900116)	(18.0, 0.17753193144208995)	(19.0, 0.2327258291237437)	(20.0, 0.29222383809249886)	(21.0, 0.366507735247532)	(22.0, 0.4593752658421677)	(23.0, 0.5625220269224693)	(24.0, 0.6924049145861774)	(25.0, 0.8422386239806852)	(26.0, 0.9946548001474539)	(27.0, 1.1898589061683484)	(28.0, 1.4030896429916915)	(29.0, 1.6392081245417387)	(30.0, 1.9582187258210217)	(31.0, 2.317485426785548)	(32.0, 2.7272874579209825)	(33.0, 3.2086390096290565)	(34.0, 3.732677217984501)	(35.0, 4.346494124128545)	(36.0, 4.946537874153862)	(37.0, 5.4305225292375745)	(38.0, 5.871567344657028)	(39.0, 6.210478131063733)	(40.0, 6.379452476534999)	(41.0, 6.353577172209011)	(42.0, 6.119230971777183)	(43.0, 5.708011115747174)	(44.0, 5.169744021842606)	(45.0, 4.514962103566032)	(46.0, 3.7828580919317663)	(47.0, 3.055058191584602)	(48.0, 2.3768821625475476)	(49.0, 1.7891937437463794)	(50.0, 1.3111842078612315)	(51.0, 0.958145809112158)	(52.0, 0.681619318066735)	(53.0, 0.46793285181299293)	(54.0, 0.32012460655359176)	(55.0, 0.21561065718209327)	(56.0, 0.1469474230019809)	(57.0, 0.09722227848511486)	(58.0, 0.06896705380037835)	(59.0, 0.049725144516866035)	(60.0, 0.03580007858800844)	(61.0, 0.028356497891491833)	(62.0, 0.02248265189968281)	(63.0, 0.017418991561916414)	(64.0, 0.014279522152501245)	(65.0, 0.010228593882288127)	(66.0, 0.008152493143803903)	(67.0, 0.009367771624867838)	(68.0, 0.008405676160692222)	(69.0, 0.005772572785053695)	(70.0, 0.0046585675107450875)	(71.0, 0.004607930907367423)	(72.0, 0.005468753164787711)	(73.0, 0.005468753164787711)	(74.0, 0.0045572943039897595)	(75.0, 0.004253474683723776)	(76.0, 0.0034939256330588156)	(77.0, 0.0030888328060375034)	(78.0, 0.0031394694094151673)	(79.0, 0.003747108649947135)	(80.0, 0.0037977452533247994)	(81.0, 0.0031901060127928317)	(82.0, 0.003747108649947135)	(83.0, 0.0034939256330588156)	(84.0, 0.0028356497891491835)	(85.0, 0.0027343765823938555)	(86.0, 0.0031901060127928317)	(87.0, 0.003747108649947135)	(88.0, 0.0036964720465694715)	(89.0, 0.003544562236436479)	(90.0, 0.0032913792195481593)	(91.0, 0.004000291666835455)	(92.0, 0.004506657700612095)	(93.0, 0.0034939256330588156)	(94.0, 0.003747108649947135)	(95.0, 0.004911750527633407)	(96.0, 0.006025755801942015)	(97.0, 0.00825376635055923)	(98.0, 0.011950238397128703)	(99.0, 0.021925649262528508)	(100.0, 0.13444018196769789)
PID-2861-20_S215_R1_001	(0.0, 0.0)	(1.0, 0.0)	(2.0, 0.0)	(3.0, 0.0)	(4.0, 0.0)	(5.0, 0.0)	(6.0, 9.629810812736771e-05)	(7.0, 0.00033704337844578706)	(8.0, 0.0006259377028278902)	(9.0, 0.0010111301353373612)	(10.0, 0.0018778131084836707)	(11.0, 0.004044520541349445)	(12.0, 0.006885314731106792)	(13.0, 0.01348173513783148)	(14.0, 0.027011619329726646)	(15.0, 0.04824535217181123)	(16.0, 0.08012002596196995)	(17.0, 0.12196155394331124)	(18.0, 0.16640313084409145)	(19.0, 0.20935208706889744)	(20.0, 0.26713095194531805)	(21.0, 0.3414249423655823)	(22.0, 0.42635987373392065)	(23.0, 0.52241723659097)	(24.0, 0.6308970553964497)	(25.0, 0.7445769720408073)	(26.0, 0.867982997606029)	(27.0, 1.044064088316921)	(28.0, 1.2694016613349615)	(29.0, 1.5270472496297338)	(30.0, 1.8481051421263779)	(31.0, 2.221501056390246)	(32.0, 2.6765577663461224)	(33.0, 3.1387405363034233)	(34.0, 3.6217236976162366)	(35.0, 4.219109011384362)	(36.0, 4.8543394816465435)	(37.0, 5.438339358384965)	(38.0, 5.901244364153222)	(39.0, 6.2348210107064235)	(40.0, 6.457173342372516)	(41.0, 6.496511119542546)	(42.0, 6.321055966534482)	(43.0, 5.9414969733504615)	(44.0, 5.381379027427627)	(45.0, 4.705366308373506)	(46.0, 3.9466335144379756)	(47.0, 3.18313396415014)	(48.0, 2.4963840060398175)	(49.0, 1.9221583872763237)	(50.0, 1.4385492882606827)	(51.0, 1.0336157435851014)	(52.0, 0.7189135262248638)	(53.0, 0.48558321023225176)	(54.0, 0.3144614720899193)	(55.0, 0.21166324166395425)	(56.0, 0.1488768751649105)	(57.0, 0.10010188339839876)	(58.0, 0.0656271606888011)	(59.0, 0.04723422203647387)	(60.0, 0.035967343385571844)	(61.0, 0.0226782044639951)	(62.0, 0.013000244597194644)	(63.0, 0.008522382569272043)	(64.0, 0.005922333649833115)	(65.0, 0.004381563919795232)	(66.0, 0.004429712973858915)	(67.0, 0.00337043378445787)	(68.0, 0.0014926206759741999)	(69.0, 0.0008666829731463095)	(70.0, 0.0010111301353373612)	(71.0, 0.0008185339190826256)	(72.0, 0.0005777886487642064)	(73.0, 0.00033704337844578706)	(74.0, 0.0001444471621910516)	(75.0, 0.00024074527031841931)	(76.0, 0.00024074527031841931)	(77.0, 9.629810812736771e-05)	(78.0, 0.00024074527031841931)	(79.0, 0.00024074527031841931)	(80.0, 0.00033704337844578706)	(81.0, 0.00038519243250947086)	(82.0, 0.0001444471621910516)	(83.0, 9.629810812736771e-05)	(84.0, 9.629810812736771e-05)	(85.0, 0.0001444471621910516)	(86.0, 0.0001444471621910516)	(87.0, 4.814905406368386e-05)	(88.0, 9.629810812736771e-05)	(89.0, 0.0001444471621910516)	(90.0, 9.629810812736771e-05)	(91.0, 4.814905406368386e-05)	(92.0, 0.0)	(93.0, 0.0)	(94.0, 4.814905406368386e-05)	(95.0, 4.814905406368386e-05)	(96.0, 4.814905406368386e-05)	(97.0, 9.629810812736771e-05)	(98.0, 9.629810812736771e-05)	(99.0, 9.629810812736771e-05)	(100.0, 4.814905406368386e-05)
PID-2861-20_S215_R2_001	(0.0, 0.0)	(1.0, 0.0)	(2.0, 0.0)	(3.0, 0.0)	(4.0, 4.825914776275417e-05)	(5.0, 4.825914776275417e-05)	(6.0, 9.651829552550833e-05)	(7.0, 0.0001447774432882625)	(8.0, 0.00033781403433927917)	(9.0, 0.0007721463642040667)	(10.0, 0.0015925518761708878)	(11.0, 0.0046811373329871545)	(12.0, 0.0069010581300738465)	(13.0, 0.012354341827265067)	(14.0, 0.026011680644124496)	(15.0, 0.04647355929553226)	(16.0, 0.07678030409054189)	(17.0, 0.11471199423206667)	(18.0, 0.15708352596776481)	(19.0, 0.20413619503645014)	(20.0, 0.26132328513531383)	(21.0, 0.33462893058693743)	(22.0, 0.4302303023049534)	(23.0, 0.5179654329376405)	(24.0, 0.602081127488121)	(25.0, 0.7148627558096775)	(26.0, 0.8593023850636008)	(27.0, 1.040081152582878)	(28.0, 1.264437930531922)	(29.0, 1.5343030848212433)	(30.0, 1.8351023528264903)	(31.0, 2.1989280678098937)	(32.0, 2.6652562126413875)	(33.0, 3.1263723695145034)	(34.0, 3.6131141338496415)	(35.0, 4.209645459345046)	(36.0, 4.832333242927863)	(37.0, 5.386493036687569)	(38.0, 5.853786364474318)	(39.0, 6.221714107017555)	(40.0, 6.4480977691726356)	(41.0, 6.4786458097064585)	(42.0, 6.265340376595086)	(43.0, 5.893165829048725)	(44.0, 5.370229703891521)	(45.0, 4.682440329976749)	(46.0, 3.9286324419225283)	(47.0, 3.1662826847143015)	(48.0, 2.488000362908791)	(49.0, 1.9209553766964298)	(50.0, 1.430497657983559)	(51.0, 1.0350139420677886)	(52.0, 0.7236941798502615)	(53.0, 0.4951871151936205)	(54.0, 0.32729354012699874)	(55.0, 0.2181796070354116)	(56.0, 0.15356060818108377)	(57.0, 0.10882437820501066)	(58.0, 0.07909674318315409)	(59.0, 0.05713883095110093)	(60.0, 0.039186427983356385)	(61.0, 0.026349494678463776)	(62.0, 0.019303659105101668)	(63.0, 0.01563596387513235)	(64.0, 0.012740415009367102)	(65.0, 0.010327457621229393)	(66.0, 0.01018268017794113)	(67.0, 0.00902446063163503)	(68.0, 0.00786624108532893)	(69.0, 0.0070940947211248625)	(70.0, 0.005646320288242238)	(71.0, 0.004874173924038171)	(72.0, 0.005453283697191221)	(73.0, 0.005646320288242238)	(74.0, 0.005839356879293254)	(75.0, 0.005501542844953975)	(76.0, 0.004922433071800926)	(77.0, 0.004970692219563679)	(78.0, 0.003957250116545841)	(79.0, 0.003667695229969317)	(80.0, 0.003667695229969317)	(81.0, 0.003667695229969317)	(82.0, 0.0031851037523417756)	(83.0, 0.0030885854568162667)	(84.0, 0.003571176934443808)	(85.0, 0.004005509264308596)	(86.0, 0.0038124726732575794)	(87.0, 0.0036194360822065625)	(88.0, 0.004150286707596858)	(89.0, 0.004343323298647875)	(90.0, 0.004198545855359613)	(91.0, 0.0034746586389183)	(92.0, 0.004005509264308596)	(93.0, 0.004198545855359613)	(94.0, 0.003764213525494825)	(95.0, 0.004970692219563679)	(96.0, 0.006756280686785584)	(97.0, 0.009217497222686047)	(98.0, 0.014767299215402775)	(99.0, 0.02784552825910916)	(100.0, 0.24708683654530136)
PID-2861-21_S216_R1_001	(0.0, 0.0)	(1.0, 0.0)	(2.0, 0.0)	(3.0, 4.64664581871576e-05)	(4.0, 4.64664581871576e-05)	(5.0, 0.0)	(6.0, 4.64664581871576e-05)	(7.0, 0.0001393993745614728)	(8.0, 0.0005111310400587336)	(9.0, 0.0013010608292404128)	(10.0, 0.002090990618422092)	(11.0, 0.004228447695031341)	(12.0, 0.006691169978950695)	(13.0, 0.012824742459655498)	(14.0, 0.027786941995920245)	(15.0, 0.05185656733686789)	(16.0, 0.08047990558015697)	(17.0, 0.1253665041889512)	(18.0, 0.18628403087231482)	(19.0, 0.2419043813223425)	(20.0, 0.31044240714839993)	(21.0, 0.3892030537756321)	(22.0, 0.4789297845350334)	(23.0, 0.5804589956739727)	(24.0, 0.6973221380146741)	(25.0, 0.8493139227448666)	(26.0, 1.0214256838700984)	(27.0, 1.2096148395280866)	(28.0, 1.4595114516586203)	(29.0, 1.7325948264245457)	(30.0, 2.036531929426743)	(31.0, 2.3915821364348147)	(32.0, 2.827205181939417)	(33.0, 3.3060420335580756)	(34.0, 3.7828343610165)	(35.0, 4.333136625327008)	(36.0, 4.922981845554786)	(37.0, 5.427514648550943)	(38.0, 5.846270369733608)	(39.0, 6.157874438336687)	(40.0, 6.334772244655196)	(41.0, 6.321715169904604)	(42.0, 6.0999772314354885)	(43.0, 5.687308616275342)	(44.0, 5.107778949765112)	(45.0, 4.4782978407036875)	(46.0, 3.7607627933776007)	(47.0, 3.0184611238377577)	(48.0, 2.3586374175801197)	(49.0, 1.812935332630141)	(50.0, 1.3524991984535963)	(51.0, 0.9736581648537003)	(52.0, 0.6861237215915692)	(53.0, 0.47047288914497065)	(54.0, 0.31188286735220183)	(55.0, 0.20798386684571743)	(56.0, 0.15106245556644934)	(57.0, 0.10808098174332859)	(58.0, 0.07118661394272545)	(59.0, 0.05102017108949905)	(60.0, 0.03977528820820691)	(61.0, 0.026625280541241306)	(62.0, 0.016913790780125365)	(63.0, 0.012174212045035292)	(64.0, 0.008224563099126895)	(65.0, 0.006551770604389222)	(66.0, 0.006505304146202064)	(67.0, 0.005250709775148809)	(68.0, 0.002555655200293668)	(69.0, 0.0010687285383046247)	(70.0, 0.0010222620801174673)	(71.0, 0.0008828627055559945)	(72.0, 0.0009757956219303097)	(73.0, 0.000696996872807364)	(74.0, 0.0002787987491229456)	(75.0, 0.0001858658327486304)	(76.0, 0.0002787987491229456)	(77.0, 0.0005111310400587336)	(78.0, 0.0003717316654972608)	(79.0, 0.0002787987491229456)	(80.0, 0.0003252652073101032)	(81.0, 0.00023233229093578802)	(82.0, 0.0001393993745614728)	(83.0, 4.64664581871576e-05)	(84.0, 0.0001393993745614728)	(85.0, 0.0002787987491229456)	(86.0, 0.0001393993745614728)	(87.0, 0.0)	(88.0, 0.0)	(89.0, 4.64664581871576e-05)	(90.0, 4.64664581871576e-05)	(91.0, 4.64664581871576e-05)	(92.0, 4.64664581871576e-05)	(93.0, 0.0)	(94.0, 0.0)	(95.0, 0.0)	(96.0, 4.64664581871576e-05)	(97.0, 9.29329163743152e-05)	(98.0, 0.0001393993745614728)	(99.0, 9.29329163743152e-05)	(100.0, 0.0)
PID-2861-21_S216_R2_001	(0.0, 0.0)	(1.0, 0.0)	(2.0, 0.0)	(3.0, 0.0)	(4.0, 0.0)	(5.0, 0.0)	(6.0, 0.0)	(7.0, 0.0)	(8.0, 0.00018631332964743464)	(9.0, 0.0010247233130608905)	(10.0, 0.0016768199668269117)	(11.0, 0.0035399532633012577)	(12.0, 0.006288074875600918)	(13.0, 0.014532439712499902)	(14.0, 0.027620951120232183)	(15.0, 0.048301730711097425)	(16.0, 0.079090008435336)	(17.0, 0.12361889422107288)	(18.0, 0.1796992064449507)	(19.0, 0.23284508372688142)	(20.0, 0.29623819413942104)	(21.0, 0.3791476258325295)	(22.0, 0.4760771355816073)	(23.0, 0.5785960452201083)	(24.0, 0.6977434195296427)	(25.0, 0.8498216748543612)	(26.0, 1.020251793149352)	(27.0, 1.2033046395279565)	(28.0, 1.440108881509846)	(29.0, 1.7124523911219836)	(30.0, 2.0169349500983036)	(31.0, 2.3999485775210174)	(32.0, 2.841650903782673)	(33.0, 3.303242177984192)	(34.0, 3.7908241616715284)	(35.0, 4.328431274369201)	(36.0, 4.894730639832579)	(37.0, 5.407464923022319)	(38.0, 5.815258223288142)	(39.0, 6.108189355826321)	(40.0, 6.324126504887698)	(41.0, 6.311876403463379)	(42.0, 6.0468922703723145)	(43.0, 5.649206468239865)	(44.0, 5.100793182422642)	(45.0, 4.443153707099609)	(46.0, 3.7098244416073065)	(47.0, 2.985112167611198)	(48.0, 2.3478274235521472)	(49.0, 1.8152041924225437)	(50.0, 1.3479303616667777)	(51.0, 0.9671059158674213)	(52.0, 0.6840028114681443)	(53.0, 0.4688109157253574)	(54.0, 0.31622029874410845)	(55.0, 0.2171016073716732)	(56.0, 0.15543189525837234)	(57.0, 0.11150852779398962)	(58.0, 0.07499111518309244)	(59.0, 0.052214310633693556)	(60.0, 0.04271233082167439)	(61.0, 0.03116090438353344)	(62.0, 0.0215191895742787)	(63.0, 0.018910802959214615)	(64.0, 0.014858488039382913)	(65.0, 0.010852751451963068)	(66.0, 0.010200654798197045)	(67.0, 0.008384099834134559)	(68.0, 0.005868869883894191)	(69.0, 0.005170194897716311)	(70.0, 0.004378363246714714)	(71.0, 0.0040523149198317026)	(72.0, 0.004657833241185866)	(73.0, 0.004145471584655421)	(74.0, 0.003959158255007986)	(75.0, 0.0036331099281249756)	(76.0, 0.0035399532633012577)	(77.0, 0.003586531595713117)	(78.0, 0.0032604832688301055)	(79.0, 0.002981013274358954)	(80.0, 0.0027481216122996607)	(81.0, 0.002981013274358954)	(82.0, 0.002841278277123378)	(83.0, 0.0032139049364182473)	(84.0, 0.003912579922596127)	(85.0, 0.0032604832688301055)	(86.0, 0.0027481216122996607)	(87.0, 0.002981013274358954)	(88.0, 0.0033536399336538234)	(89.0, 0.003679688260536834)	(90.0, 0.0037262665929486925)	(91.0, 0.004145471584655421)	(92.0, 0.004005736587419845)	(93.0, 0.0037728449253605512)	(94.0, 0.004145471584655421)	(95.0, 0.005077038232892593)	(96.0, 0.006148339878365343)	(97.0, 0.009129353152724297)	(98.0, 0.01639557300897425)	(99.0, 0.03274456768553664)	(100.0, 0.262981264797354)
PID-2861-22_S217_R1_001	(0.0, 0.0)	(1.0, 0.0)	(2.0, 0.0)	(3.0, 0.0)	(4.0, 0.0)	(5.0, 4.968356537214482e-05)	(6.0, 0.00029810139223286885)	(7.0, 0.00029810139223286885)	(8.0, 0.00044715208834930333)	(9.0, 0.0010930384381871857)	(10.0, 0.002782279660840109)	(11.0, 0.006111078540773812)	(12.0, 0.009688295247568238)	(13.0, 0.017836399968599988)	(14.0, 0.03502691358736209)	(15.0, 0.05837818931227016)	(16.0, 0.09295795081128294)	(17.0, 0.1462187328902222)	(18.0, 0.20216242749925722)	(19.0, 0.24717573772642046)	(20.0, 0.3239865297917563)	(21.0, 0.415503657207247)	(22.0, 0.507815721668692)	(23.0, 0.6126480446039176)	(24.0, 0.737304110122629)	(25.0, 0.8812870825711047)	(26.0, 1.0436529742072738)	(27.0, 1.237567929854755)	(28.0, 1.4666588497857147)	(29.0, 1.750501058756778)	(30.0, 2.0819898069197285)	(31.0, 2.4620690820166358)	(32.0, 2.891931289616433)	(33.0, 3.3584102848955006)	(34.0, 3.8484392901609645)	(35.0, 4.377966729897284)	(36.0, 4.961897673716102)	(37.0, 5.503647270533969)	(38.0, 5.909214214666787)	(39.0, 6.164985209202588)	(40.0, 6.296895075265634)	(41.0, 6.269519430745582)	(42.0, 6.044254145348277)	(43.0, 5.6293963744908675)	(44.0, 5.0667796802167)	(45.0, 4.416421809495325)	(46.0, 3.6873154876590992)	(47.0, 2.9473781485717465)	(48.0, 2.282562360327077)	(49.0, 1.7302798476503152)	(50.0, 1.2887916857534365)	(51.0, 0.9380753977914661)	(52.0, 0.6612385715378752)	(53.0, 0.4528160148017278)	(54.0, 0.2907979081231636)	(55.0, 0.1884994470219174)	(56.0, 0.13707695686174753)	(57.0, 0.09509434412228517)	(58.0, 0.06359496367634536)	(59.0, 0.04620571579609467)	(60.0, 0.03219495036114983)	(61.0, 0.02022121110646294)	(62.0, 0.013364879085106954)	(63.0, 0.009588928116823948)	(64.0, 0.007800319763426736)	(65.0, 0.006061394975401667)	(66.0, 0.005117407233330915)	(67.0, 0.005266457929447349)	(68.0, 0.0035275331414222817)	(69.0, 0.0019376590495136477)	(70.0, 0.0015401905265364892)	(71.0, 0.0006955699152100273)	(72.0, 0.00024841782686072406)	(73.0, 0.00019873426148857927)	(74.0, 4.968356537214482e-05)	(75.0, 9.936713074428963e-05)	(76.0, 0.00014905069611643442)	(77.0, 9.936713074428963e-05)	(78.0, 4.968356537214482e-05)	(79.0, 0.0)	(80.0, 0.0)	(81.0, 0.0)	(82.0, 0.0)	(83.0, 0.0)	(84.0, 9.936713074428963e-05)	(85.0, 9.936713074428963e-05)	(86.0, 0.0)	(87.0, 4.968356537214482e-05)	(88.0, 4.968356537214482e-05)	(89.0, 4.968356537214482e-05)	(90.0, 4.968356537214482e-05)	(91.0, 0.0)	(92.0, 4.968356537214482e-05)	(93.0, 9.936713074428963e-05)	(94.0, 4.968356537214482e-05)	(95.0, 4.968356537214482e-05)	(96.0, 9.936713074428963e-05)	(97.0, 4.968356537214482e-05)	(98.0, 0.0)	(99.0, 0.0)	(100.0, 0.0)
PID-2861-22_S217_R2_001	(0.0, 0.0)	(1.0, 0.0)	(2.0, 0.0)	(3.0, 0.0)	(4.0, 0.0)	(5.0, 4.978433426396849e-05)	(6.0, 0.00014935300279190545)	(7.0, 0.0002987060055838109)	(8.0, 0.0006471963454315903)	(9.0, 0.0011450396880712753)	(10.0, 0.0029372757215741408)	(11.0, 0.005028217760660818)	(12.0, 0.00721872846827543)	(13.0, 0.015930986964469915)	(14.0, 0.0336542099624427)	(15.0, 0.06108537814188933)	(16.0, 0.09464001943580409)	(17.0, 0.13845023358809636)	(18.0, 0.19490566864343664)	(19.0, 0.24698008228354768)	(20.0, 0.31856995495513435)	(21.0, 0.41241342504271494)	(22.0, 0.49968536300745175)	(23.0, 0.6015938952457952)	(24.0, 0.7297387716412501)	(25.0, 0.8633101404714776)	(26.0, 1.0105224168900324)	(27.0, 1.2141901283639276)	(28.0, 1.4639083490319935)	(29.0, 1.7317978517064077)	(30.0, 2.0421533915079877)	(31.0, 2.4194688608946047)	(32.0, 2.86902139929824)	(33.0, 3.3359984546942645)	(34.0, 3.8159194369989207)	(35.0, 4.356826228776938)	(36.0, 4.942688274395319)	(37.0, 5.4600968604007445)	(38.0, 5.835321387748275)	(39.0, 6.122825918122692)	(40.0, 6.298763755411557)	(41.0, 6.283380396123992)	(42.0, 6.03824233420821)	(43.0, 5.596456151949754)	(44.0, 5.04041492255549)	(45.0, 4.400387521257911)	(46.0, 3.6866295209153943)	(47.0, 2.9630640067228766)	(48.0, 2.300583870672248)	(49.0, 1.7494712903701166)	(50.0, 1.3208779566916118)	(51.0, 0.965268457044085)	(52.0, 0.6655169804407308)	(53.0, 0.4459680663366297)	(54.0, 0.2914872771155355)	(55.0, 0.19769359136221887)	(56.0, 0.14417543202845273)	(57.0, 0.1009626298873281)	(58.0, 0.06974785230381986)	(59.0, 0.05172592330026325)	(60.0, 0.04052444809087035)	(61.0, 0.029123835544421564)	(62.0, 0.021008989059394703)	(63.0, 0.015632280958886108)	(64.0, 0.01154996554924069)	(65.0, 0.010205788524113541)	(66.0, 0.010504494529697352)	(67.0, 0.009309670507362108)	(68.0, 0.0073680814710673365)	(69.0, 0.0058745514431482815)	(70.0, 0.005625629771828439)	(71.0, 0.005675414106092408)	(72.0, 0.0049286490921328805)	(73.0, 0.003883178072589542)	(74.0, 0.004231668412437321)	(75.0, 0.004132099743909385)	(76.0, 0.0036840407355336682)	(77.0, 0.0034351190642138256)	(78.0, 0.0030368443901020777)	(79.0, 0.0031861973928939834)	(80.0, 0.0037836094040616048)	(81.0, 0.0035346877327417626)	(82.0, 0.0031364130586300147)	(83.0, 0.003385334729949857)	(84.0, 0.0034351190642138256)	(85.0, 0.0034351190642138256)	(86.0, 0.003235981727157952)	(87.0, 0.002987060055838109)	(88.0, 0.0035844720670057313)	(89.0, 0.0035346877327417626)	(90.0, 0.0031364130586300147)	(91.0, 0.003932962406853511)	(92.0, 0.004679727420813038)	(93.0, 0.003982746741117479)	(94.0, 0.0032857660614219204)	(95.0, 0.004878864757868912)	(96.0, 0.006123473114468125)	(97.0, 0.008363768156346707)	(98.0, 0.014835731610662609)	(99.0, 0.028227717527670136)	(100.0, 0.22159007180892376)
PID-2861-23_S218_R1_001	(0.0, 0.0)	(1.0, 0.0)	(2.0, 0.0)	(3.0, 0.0)	(4.0, 0.0)	(5.0, 0.0)	(6.0, 0.0001189660423328765)	(7.0, 0.00017844906349931476)	(8.0, 0.00029741510583219125)	(9.0, 0.0010112113598294502)	(10.0, 0.002676735952489721)	(11.0, 0.005234505862646567)	(12.0, 0.008149173899802041)	(13.0, 0.018261287498096544)	(14.0, 0.037236371250190345)	(15.0, 0.05781749657377798)	(16.0, 0.0901762600883204)	(17.0, 0.1388928544236333)	(18.0, 0.1901672186691031)	(19.0, 0.24709246992538453)	(20.0, 0.32055400106593573)	(21.0, 0.3984172757728034)	(22.0, 0.4910918227501142)	(23.0, 0.5948302116643825)	(24.0, 0.7064203593726207)	(25.0, 0.83853214938328)	(26.0, 0.9921173100350236)	(27.0, 1.177585370031978)	(28.0, 1.3994570389827927)	(29.0, 1.680454830973047)	(30.0, 1.9987484772346582)	(31.0, 2.357847476016446)	(32.0, 2.8162831201461853)	(33.0, 3.2835222514085576)	(34.0, 3.7602191830363942)	(35.0, 4.346543322673976)	(36.0, 5.001808283843459)	(37.0, 5.559045226130653)	(38.0, 5.9636487361047665)	(39.0, 6.239174090147708)	(40.0, 6.391688556418456)	(41.0, 6.344102139485305)	(42.0, 6.122944266788489)	(43.0, 5.713403666057561)	(44.0, 5.116134650525354)	(45.0, 4.469851625552002)	(46.0, 3.7443372163849546)	(47.0, 2.976470896147404)	(48.0, 2.3160309121364397)	(49.0, 1.7953760278666058)	(50.0, 1.334323130805543)	(51.0, 0.950241263133851)	(52.0, 0.6598451537992995)	(53.0, 0.44969164001827316)	(54.0, 0.29170473580021317)	(55.0, 0.1886206601187757)	(56.0, 0.1278290124866758)	(57.0, 0.08684521090299985)	(58.0, 0.06091061367443277)	(59.0, 0.04425536774783006)	(60.0, 0.03093117100654789)	(61.0, 0.018618185625095172)	(62.0, 0.011539706106289021)	(63.0, 0.008149173899802041)	(64.0, 0.0043422605451499926)	(65.0, 0.0038663963758184864)	(66.0, 0.0035094982488198573)	(67.0, 0.0022603548043246538)	(68.0, 0.0015465585503273945)	(69.0, 0.0008922453174965737)	(70.0, 0.0008327622963301355)	(71.0, 0.0010706943809958886)	(72.0, 0.0007732792751636973)	(73.0, 0.000475864169331506)	(74.0, 0.00029741510583219125)	(75.0, 0.00017844906349931476)	(76.0, 0.0003568981269986295)	(77.0, 0.00029741510583219125)	(78.0, 0.00017844906349931476)	(79.0, 0.00041638114816506774)	(80.0, 0.00041638114816506774)	(81.0, 0.00017844906349931476)	(82.0, 0.0001189660423328765)	(83.0, 5.948302116643825e-05)	(84.0, 5.948302116643825e-05)	(85.0, 0.0001189660423328765)	(86.0, 5.948302116643825e-05)	(87.0, 0.0)	(88.0, 0.0)	(89.0, 0.0)	(90.0, 5.948302116643825e-05)	(91.0, 5.948302116643825e-05)	(92.0, 0.0)	(93.0, 0.0)	(94.0, 0.0)	(95.0, 0.0)	(96.0, 0.0)	(97.0, 0.0)	(98.0, 0.0)	(99.0, 5.948302116643825e-05)	(100.0, 5.948302116643825e-05)
PID-2861-23_S218_R2_001	(0.0, 0.0)	(1.0, 5.962264825916773e-05)	(2.0, 5.962264825916773e-05)	(3.0, 0.0)	(4.0, 0.0)	(5.0, 0.00011924529651833547)	(6.0, 0.00011924529651833547)	(7.0, 0.00017886794477750317)	(8.0, 0.0007750944273691805)	(9.0, 0.0016098115029975284)	(10.0, 0.002206037985589206)	(11.0, 0.004590943915955915)	(12.0, 0.007870189570210141)	(13.0, 0.016455850919530293)	(14.0, 0.03160000357735889)	(15.0, 0.05592604406709933)	(16.0, 0.08728755705142156)	(17.0, 0.1272943540333231)	(18.0, 0.18071624687353738)	(19.0, 0.23986191394663176)	(20.0, 0.3083683367964155)	(21.0, 0.3891570251875877)	(22.0, 0.4869381683326228)	(23.0, 0.5816785564164403)	(24.0, 0.6875683797247223)	(25.0, 0.8248793386655856)	(26.0, 0.9769170917264633)	(27.0, 1.1618069239781423)	(28.0, 1.3925465727411215)	(29.0, 1.6723556610213957)	(30.0, 1.9716613552824176)	(31.0, 2.317174601944295)	(32.0, 2.7966003165962623)	(33.0, 3.2899777309408753)	(34.0, 3.785918919160632)	(35.0, 4.340946151805225)	(36.0, 4.929242822178432)	(37.0, 5.475744016121964)	(38.0, 5.888332742075405)	(39.0, 6.163610509087982)	(40.0, 6.341524491493339)	(41.0, 6.313919205349344)	(42.0, 6.067498800094204)	(43.0, 5.688716115703711)	(44.0, 5.144719072987065)	(45.0, 4.472473713864948)	(46.0, 3.7465679713095814)	(47.0, 3.005995057282459)	(48.0, 2.3415006424340348)	(49.0, 1.8177753001255057)	(50.0, 1.3576077008612493)	(51.0, 0.9651714300194072)	(52.0, 0.6699796984882678)	(53.0, 0.4623736372498457)	(54.0, 0.3011539963570562)	(55.0, 0.19627775806918016)	(56.0, 0.13981511016774834)	(57.0, 0.09986793583410594)	(58.0, 0.06832755490500622)	(59.0, 0.048115477145148355)	(60.0, 0.038158494885867346)	(61.0, 0.026591701123588805)	(62.0, 0.017350190643417807)	(63.0, 0.015024907361310267)	(64.0, 0.011209057872723534)	(65.0, 0.008943397238875158)	(66.0, 0.009062642535393494)	(67.0, 0.008466416052801816)	(68.0, 0.00655849130850845)	(69.0, 0.004948679805510921)	(70.0, 0.006081510122435108)	(71.0, 0.00578339688113927)	(72.0, 0.004471698619437579)	(73.0, 0.004650566564215083)	(74.0, 0.003994717433364238)	(75.0, 0.004471698619437579)	(76.0, 0.004054340081623405)	(77.0, 0.003279245654254225)	(78.0, 0.003815849488586735)	(79.0, 0.003219623005995057)	(80.0, 0.0036369815438092312)	(81.0, 0.0038754721368459023)	(82.0, 0.003040755061217554)	(83.0, 0.003279245654254225)	(84.0, 0.003219623005995057)	(85.0, 0.002146415337330038)	(86.0, 0.0020867926890708703)	(87.0, 0.003279245654254225)	(88.0, 0.0036369815438092312)	(89.0, 0.003040755061217554)	(90.0, 0.0029811324129583863)	(91.0, 0.003517736247290896)	(92.0, 0.003040755061217554)	(93.0, 0.003338868302513393)	(94.0, 0.004173585378141741)	(95.0, 0.004412075971178412)	(96.0, 0.005067925102029257)	(97.0, 0.008943397238875158)	(98.0, 0.015084530009569434)	(99.0, 0.02730717290269882)	(100.0, 0.25321738715668535)
PID-2861-24_S219_R1_001	(0.0, 0.0)	(1.0, 0.0)	(2.0, 0.0)	(3.0, 0.0)	(4.0, 0.0)	(5.0, 0.0001547660195727426)	(6.0, 0.0004127093855273136)	(7.0, 0.000515886731909142)	(8.0, 0.00036112071233639943)	(9.0, 0.0012381281565819408)	(10.0, 0.002321490293591139)	(11.0, 0.004127093855273136)	(12.0, 0.007583534959064388)	(13.0, 0.015786133996419746)	(14.0, 0.03213974339793955)	(15.0, 0.051640261864105114)	(16.0, 0.0809942169097353)	(17.0, 0.12324534025309403)	(18.0, 0.16977832347129865)	(19.0, 0.22652586398130428)	(20.0, 0.28647190222914654)	(21.0, 0.35467212818753513)	(22.0, 0.44190857455337107)	(23.0, 0.5292481982655888)	(24.0, 0.6280920960993804)	(25.0, 0.7470555764776285)	(26.0, 0.8968690834240434)	(27.0, 1.0802152279445525)	(28.0, 1.294566165052801)	(29.0, 1.5603510093323911)	(30.0, 1.8607002646498936)	(31.0, 2.2135667892757467)	(32.0, 2.6527927528231903)	(33.0, 3.151397279213376)	(34.0, 3.6681094298935726)	(35.0, 4.22887830747881)	(36.0, 4.859291893871782)	(37.0, 5.446680526823531)	(38.0, 5.915363622762986)	(39.0, 6.2230384696735985)	(40.0, 6.405662372769434)	(41.0, 6.41670234883229)	(42.0, 6.235884049298137)	(43.0, 5.861762991317626)	(44.0, 5.290057315015915)	(45.0, 4.659798494642517)	(46.0, 3.9467398537977005)	(47.0, 3.185136271480234)	(48.0, 2.5167534216187493)	(49.0, 1.9496391372310296)	(50.0, 1.4543362859250624)	(51.0, 1.0614885395762508)	(52.0, 0.7464365123993376)	(53.0, 0.5006680733178224)	(54.0, 0.3337787155452149)	(55.0, 0.2186843856562853)	(56.0, 0.14630547716943268)	(57.0, 0.10230033893758286)	(58.0, 0.06577555831841561)	(59.0, 0.045243266388431756)	(60.0, 0.03337787155452149)	(61.0, 0.019964816524883796)	(62.0, 0.012639224931773978)	(63.0, 0.009853436579464612)	(64.0, 0.006190640782909705)	(65.0, 0.0038175618161276513)	(66.0, 0.003456441103791252)	(67.0, 0.0031469090646457664)	(68.0, 0.0019087809080638256)	(69.0, 0.0010833621370091983)	(70.0, 0.0008770074442455416)	(71.0, 0.0007738300978637131)	(72.0, 0.0007222414246727989)	(73.0, 0.000515886731909142)	(74.0, 0.000515886731909142)	(75.0, 0.0003095320391454852)	(76.0, 0.0001547660195727426)	(77.0, 0.0001547660195727426)	(78.0, 0.0001547660195727426)	(79.0, 0.0002063546927636568)	(80.0, 0.0001031773463818284)	(81.0, 0.0)	(82.0, 0.0)	(83.0, 5.15886731909142e-05)	(84.0, 5.15886731909142e-05)	(85.0, 0.0)	(86.0, 0.0)	(87.0, 5.15886731909142e-05)	(88.0, 5.15886731909142e-05)	(89.0, 0.0)	(90.0, 0.0)	(91.0, 5.15886731909142e-05)	(92.0, 0.0001031773463818284)	(93.0, 0.0001031773463818284)	(94.0, 5.15886731909142e-05)	(95.0, 5.15886731909142e-05)	(96.0, 0.0001031773463818284)	(97.0, 0.0001031773463818284)	(98.0, 5.15886731909142e-05)	(99.0, 0.0)	(100.0, 0.0)
PID-2861-24_S219_R2_001	(0.0, 0.0)	(1.0, 0.0)	(2.0, 0.0)	(3.0, 0.0)	(4.0, 0.0)	(5.0, 0.00010339593612612651)	(6.0, 0.00015509390418918975)	(7.0, 0.00025848984031531623)	(8.0, 0.00046528171256756925)	(9.0, 0.0009305634251351385)	(10.0, 0.002946784179594605)	(11.0, 0.005428286646621641)	(12.0, 0.00780639317752255)	(13.0, 0.015405994482792847)	(14.0, 0.02988142554045056)	(15.0, 0.05118098838243261)	(16.0, 0.0823031651563967)	(17.0, 0.12149022494819864)	(18.0, 0.1744806422128385)	(19.0, 0.22974577007225308)	(20.0, 0.28971541302540643)	(21.0, 0.3561989999545058)	(22.0, 0.43876065495121774)	(23.0, 0.5366249084945965)	(24.0, 0.6358333092076148)	(25.0, 0.7571684402516243)	(26.0, 0.9016125630198231)	(27.0, 1.0691656775122111)	(28.0, 1.2890888336524822)	(29.0, 1.5542994098159966)	(30.0, 1.8335201353246011)	(31.0, 2.1925108255545127)	(32.0, 2.654794055974424)	(33.0, 3.144218719627444)	(34.0, 3.6411395886496076)	(35.0, 4.194462940828574)	(36.0, 4.83133020939745)	(37.0, 5.400007858091146)	(38.0, 5.829824764567453)	(39.0, 6.159347613001419)	(40.0, 6.391729979444888)	(41.0, 6.4263676180471405)	(42.0, 6.20546220051367)	(43.0, 5.82620590680304)	(44.0, 5.304159825302227)	(45.0, 4.656591077344296)	(46.0, 3.92589199674096)	(47.0, 3.194986124265372)	(48.0, 2.5284959199963604)	(49.0, 1.9225440363291963)	(50.0, 1.4259850530834737)	(51.0, 1.0497272415204992)	(52.0, 0.7384537758127955)	(53.0, 0.5020389678604072)	(54.0, 0.3340722696235147)	(55.0, 0.21811372725806383)	(56.0, 0.15085467080801856)	(57.0, 0.10660121014603643)	(58.0, 0.07428998010662188)	(59.0, 0.05609229534842363)	(60.0, 0.04265082365202718)	(61.0, 0.03008821741270281)	(62.0, 0.021299562841982058)	(63.0, 0.015561088386982039)	(64.0, 0.011476948910000041)	(65.0, 0.01080487532518022)	(66.0, 0.010287895644549587)	(67.0, 0.00827167489009012)	(68.0, 0.006410548039819843)	(69.0, 0.0053248907104955145)	(70.0, 0.0056350785188738935)	(71.0, 0.005428286646621641)	(72.0, 0.00413583744504506)	(73.0, 0.0036188577644144277)	(74.0, 0.00413583744504506)	(75.0, 0.0034120658921621746)	(76.0, 0.0032569719879729847)	(77.0, 0.0035671597963513645)	(78.0, 0.0032052740199099215)	(79.0, 0.003050180115720732)	(80.0, 0.0027916902754054154)	(81.0, 0.0028950862115315417)	(82.0, 0.0032052740199099215)	(83.0, 0.0028950862115315417)	(84.0, 0.0025848984031531623)	(85.0, 0.0029984821476576684)	(86.0, 0.0032569719879729847)	(87.0, 0.003101878083783795)	(88.0, 0.003050180115720732)	(89.0, 0.003515461828288301)	(90.0, 0.003515461828288301)	(91.0, 0.0032052740199099215)	(92.0, 0.003670555732477491)	(93.0, 0.004084139476981997)	(94.0, 0.0035671597963513645)	(95.0, 0.003877347604729744)	(96.0, 0.005583380550810831)	(97.0, 0.007547903337207234)	(98.0, 0.011425250941936978)	(99.0, 0.023005595788063146)	(100.0, 0.22772954931779363)
PID-2861-25_S220_R1_001	(0.0, 0.0)	(1.0, 0.0)	(2.0, 0.0)	(3.0, 0.0)	(4.0, 5.068187393187951e-05)	(5.0, 5.068187393187951e-05)	(6.0, 0.0)	(7.0, 0.00010136374786375902)	(8.0, 0.00030409124359127707)	(9.0, 0.0011656831004332286)	(10.0, 0.0027368211923214933)	(11.0, 0.005270914888915469)	(12.0, 0.009122737307738311)	(13.0, 0.017890701497953465)	(14.0, 0.032385717442471006)	(15.0, 0.0561555163165225)	(16.0, 0.08387850135726058)	(17.0, 0.1248801373681511)	(18.0, 0.1756633750478944)	(19.0, 0.22218933531735977)	(20.0, 0.30409124359127704)	(21.0, 0.40444135397639847)	(22.0, 0.4947564533230077)	(23.0, 0.5837538239473882)	(24.0, 0.71081328189461)	(25.0, 0.8723364141155101)	(26.0, 1.028791358943222)	(27.0, 1.2258424847903695)	(28.0, 1.4798093550630178)	(29.0, 1.7432537357609275)	(30.0, 2.0325965540380277)	(31.0, 2.424164712035729)	(32.0, 2.8588631447494595)	(33.0, 3.3138850089098733)	(34.0, 3.805347140427309)	(35.0, 4.328992261891488)	(36.0, 4.8997208442383835)	(37.0, 5.439584165360764)	(38.0, 5.844633701824345)	(39.0, 6.1475592623151885)	(40.0, 6.351097668025616)	(41.0, 6.330875600326796)	(42.0, 6.092974884090554)	(43.0, 5.691219669432545)	(44.0, 5.148619527117844)	(45.0, 4.498472448319693)	(46.0, 3.771288921145086)	(47.0, 3.0122264952673268)	(48.0, 2.3261966497254054)	(49.0, 1.7798460487397443)	(50.0, 1.323658501478897)	(51.0, 0.9435444469898007)	(52.0, 0.6568370861571584)	(53.0, 0.44980163114543065)	(54.0, 0.29740123623226894)	(55.0, 0.19978794703946903)	(56.0, 0.1394765170605324)	(57.0, 0.08985896248122237)	(58.0, 0.05944983812209466)	(59.0, 0.04008936228011669)	(60.0, 0.029243441258694474)	(61.0, 0.022553433899686382)	(62.0, 0.015863426540678287)	(63.0, 0.010845921021422214)	(64.0, 0.00826114545089636)	(65.0, 0.007450235467986287)	(66.0, 0.007500917341918167)	(67.0, 0.0064872798632805775)	(68.0, 0.004358641158141638)	(69.0, 0.0019259112094114213)	(70.0, 0.0014697743440245056)	(71.0, 0.0014190924700926261)	(72.0, 0.0011150012265013492)	(73.0, 0.0005575006132506746)	(74.0, 0.00015204562179563854)	(75.0, 0.00015204562179563854)	(76.0, 0.00025340936965939756)	(77.0, 0.00030409124359127707)	(78.0, 0.00030409124359127707)	(79.0, 0.00030409124359127707)	(80.0, 0.00015204562179563854)	(81.0, 0.0)	(82.0, 0.00010136374786375902)	(83.0, 0.00010136374786375902)	(84.0, 0.00015204562179563854)	(85.0, 0.00020272749572751805)	(86.0, 5.068187393187951e-05)	(87.0, 0.0)	(88.0, 0.0)	(89.0, 0.0)	(90.0, 0.00010136374786375902)	(91.0, 0.00010136374786375902)	(92.0, 5.068187393187951e-05)	(93.0, 0.00010136374786375902)	(94.0, 5.068187393187951e-05)	(95.0, 0.0)	(96.0, 5.068187393187951e-05)	(97.0, 0.00010136374786375902)	(98.0, 0.00015204562179563854)	(99.0, 0.00015204562179563854)	(100.0, 5.068187393187951e-05)
PID-2861-25_S220_R2_001	(0.0, 0.0)	(1.0, 0.0)	(2.0, 0.0)	(3.0, 0.0)	(4.0, 0.0)	(5.0, 0.0)	(6.0, 0.0)	(7.0, 5.076629179144598e-05)	(8.0, 0.0002538314589572299)	(9.0, 0.0012691572947861494)	(10.0, 0.002792146048529529)	(11.0, 0.004670498844813031)	(12.0, 0.008224139270214249)	(13.0, 0.015026822370268011)	(14.0, 0.027718395318129502)	(15.0, 0.054269165925055755)	(16.0, 0.08371361516409442)	(17.0, 0.12102683963080721)	(18.0, 0.16895021908193222)	(19.0, 0.22042723895845845)	(20.0, 0.2939875957642637)	(21.0, 0.3750105974634115)	(22.0, 0.4625824508036558)	(23.0, 0.5703592882768956)	(24.0, 0.70813900419888)	(25.0, 0.8675451604240204)	(26.0, 1.0216716223028504)	(27.0, 1.2172741445752917)	(28.0, 1.4492760980622)	(29.0, 1.7196066018516496)	(30.0, 2.045526195152733)	(31.0, 2.400281042191357)	(32.0, 2.8123510326625247)	(33.0, 3.2656940183601373)	(34.0, 3.7639144060013883)	(35.0, 4.321074458412507)	(36.0, 4.841225884107663)	(37.0, 5.333557381901106)	(38.0, 5.801521059634656)	(39.0, 6.15033625053368)	(40.0, 6.345989539097914)	(41.0, 6.320352561743234)	(42.0, 6.085761527374961)	(43.0, 5.675519123408286)	(44.0, 5.130847578777862)	(45.0, 4.503985407737088)	(46.0, 3.8033090484315504)	(47.0, 3.0475004962405023)	(48.0, 2.3482455931051254)	(49.0, 1.7873796013932302)	(50.0, 1.3290107528082644)	(51.0, 0.9498880857097457)	(52.0, 0.6573219461156425)	(53.0, 0.4571504575819711)	(54.0, 0.30520694625017325)	(55.0, 0.20453738962773585)	(56.0, 0.1460546214839901)	(57.0, 0.10132951841572617)	(58.0, 0.07208813434385329)	(59.0, 0.052593878295938035)	(60.0, 0.039445408721953526)	(61.0, 0.031322802035322166)	(62.0, 0.024469352643476962)	(63.0, 0.019037359421792244)	(64.0, 0.016092914497888376)	(65.0, 0.01375766507548186)	(66.0, 0.011168584194118116)	(67.0, 0.009544062856791845)	(68.0, 0.008376438145588588)	(69.0, 0.007361112309759667)	(70.0, 0.0069549819754281)	(71.0, 0.006193487598556409)	(72.0, 0.005076629179144598)	(73.0, 0.005787357264224842)	(74.0, 0.006041188723182072)	(75.0, 0.005330460638101829)	(76.0, 0.005635058388850504)	(77.0, 0.005381226929893275)	(78.0, 0.004315134802272909)	(79.0, 0.003959770759732787)	(80.0, 0.0038582381761498945)	(81.0, 0.004010537051524233)	(82.0, 0.003705939300775557)	(83.0, 0.0032490426746525428)	(84.0, 0.0036551730089841106)	(85.0, 0.003959770759732787)	(86.0, 0.004315134802272909)	(87.0, 0.0040613033433156785)	(88.0, 0.003705939300775557)	(89.0, 0.0034521078418183267)	(90.0, 0.003705939300775557)	(91.0, 0.00416283592689857)	(92.0, 0.004213602218690016)	(93.0, 0.004670498844813031)	(94.0, 0.00517816176272749)	(95.0, 0.004518199969438692)	(96.0, 0.005076629179144598)	(97.0, 0.009696361732166182)	(98.0, 0.016448278540428497)	(99.0, 0.02954598182262156)	(100.0, 0.18615999199923242)
PID-2861-26_S221_R1_001	(0.0, 0.0)	(1.0, 0.0)	(2.0, 0.0)	(3.0, 0.0)	(4.0, 0.0)	(5.0, 4.216384871611081e-05)	(6.0, 0.00012649154614833243)	(7.0, 0.00033731078972888646)	(8.0, 0.00025298309229666486)	(9.0, 0.0005902938820255513)	(10.0, 0.0026984863178310917)	(11.0, 0.004638023358772189)	(12.0, 0.008095458953493275)	(13.0, 0.01585360711725766)	(14.0, 0.030020660285870894)	(15.0, 0.0526626470464224)	(16.0, 0.07964751022473332)	(17.0, 0.11692035248977525)	(18.0, 0.169330016443901)	(19.0, 0.22190833579289118)	(20.0, 0.28688282666441794)	(21.0, 0.36897584011468565)	(22.0, 0.46241092886958723)	(23.0, 0.5652907197368976)	(24.0, 0.6878610279546317)	(25.0, 0.8512459417295611)	(26.0, 1.016739047940296)	(27.0, 1.1832862503689336)	(28.0, 1.4156933844921364)	(29.0, 1.6987393009233884)	(30.0, 2.0170763587300247)	(31.0, 2.3889615044061223)	(32.0, 2.800986634059957)	(33.0, 3.2727157734958046)	(34.0, 3.782898342960746)	(35.0, 4.27613104524181)	(36.0, 4.82156259223342)	(37.0, 5.3920816292111144)	(38.0, 5.792638192014167)	(39.0, 6.1156976008770085)	(40.0, 6.383100729434584)	(41.0, 6.420289244002192)	(42.0, 6.207488299531981)	(43.0, 5.77851330269427)	(44.0, 5.218956866382764)	(45.0, 4.5562676561116495)	(46.0, 3.827423367204959)	(47.0, 3.0804486233503394)	(48.0, 2.3867689842728845)	(49.0, 1.817767845848969)	(50.0, 1.3507610574693258)	(51.0, 0.964624530927183)	(52.0, 0.6674958890247501)	(53.0, 0.45811021630054394)	(54.0, 0.29927899818695447)	(55.0, 0.19842307205801746)	(56.0, 0.1455496057680145)	(57.0, 0.09959101066745372)	(58.0, 0.06303495383058566)	(59.0, 0.043766074967323015)	(60.0, 0.03385757051903698)	(61.0, 0.024960998439937595)	(62.0, 0.017540161065902095)	(63.0, 0.012354007673820465)	(64.0, 0.009276046717544378)	(65.0, 0.007968967407344941)	(66.0, 0.007378673525319392)	(67.0, 0.0062824134587005104)	(68.0, 0.0037525825357338618)	(69.0, 0.0019395370409410972)	(70.0, 0.0014335708563477676)	(71.0, 0.0011805877640511026)	(72.0, 0.000885440823038327)	(73.0, 0.00042163848716110806)	(74.0, 0.00012649154614833243)	(75.0, 0.00016865539486444323)	(76.0, 0.00012649154614833243)	(77.0, 8.432769743222162e-05)	(78.0, 0.00012649154614833243)	(79.0, 0.00012649154614833243)	(80.0, 0.00021081924358055403)	(81.0, 0.00016865539486444323)	(82.0, 0.00012649154614833243)	(83.0, 8.432769743222162e-05)	(84.0, 0.0)	(85.0, 4.216384871611081e-05)	(86.0, 4.216384871611081e-05)	(87.0, 0.00012649154614833243)	(88.0, 0.00012649154614833243)	(89.0, 0.0)	(90.0, 0.0)	(91.0, 0.0)	(92.0, 4.216384871611081e-05)	(93.0, 8.432769743222162e-05)	(94.0, 4.216384871611081e-05)	(95.0, 0.0)	(96.0, 0.0)	(97.0, 0.0)	(98.0, 0.0)	(99.0, 0.00012649154614833243)	(100.0, 0.00012649154614833243)
PID-2861-26_S221_R2_001	(0.0, 0.0)	(1.0, 0.0)	(2.0, 0.0)	(3.0, 4.223352860709177e-05)	(4.0, 4.223352860709177e-05)	(5.0, 0.0)	(6.0, 0.0)	(7.0, 0.0001267005858212753)	(8.0, 0.00042233528607091774)	(9.0, 0.0010136046865702024)	(10.0, 0.0018160417301049461)	(11.0, 0.0042655863893162685)	(12.0, 0.007137466334598509)	(13.0, 0.01549970499880268)	(14.0, 0.028845500038643678)	(15.0, 0.05055353374268885)	(16.0, 0.07530238150644462)	(17.0, 0.11098971317943718)	(18.0, 0.16251461808008913)	(19.0, 0.21226571477924325)	(20.0, 0.28701906041379566)	(21.0, 0.37706094340411533)	(22.0, 0.4593318571307301)	(23.0, 0.5490358718921929)	(24.0, 0.6789884394162143)	(25.0, 0.8392646804801276)	(26.0, 0.9894048746783389)	(27.0, 1.1743454964487938)	(28.0, 1.433068092695838)	(29.0, 1.7067413580697928)	(30.0, 2.0059659082510377)	(31.0, 2.362670290866535)	(32.0, 2.7632130761761933)	(33.0, 3.2260080826527053)	(34.0, 3.7244481872736017)	(35.0, 4.271668017435689)	(36.0, 4.848493551151349)	(37.0, 5.3457933504998545)	(38.0, 5.7773355458071185)	(39.0, 6.1643213684339)	(40.0, 6.382035208403458)	(41.0, 6.369027281592474)	(42.0, 6.136869574839291)	(43.0, 5.716561498141513)	(44.0, 5.15185698713609)	(45.0, 4.526716296693918)	(46.0, 3.834931098109754)	(47.0, 3.0836810912468056)	(48.0, 2.3954435090656383)	(49.0, 1.822038891167153)	(50.0, 1.3568788070886444)	(51.0, 0.9758901455240695)	(52.0, 0.6805088464460697)	(53.0, 0.4669761258086137)	(54.0, 0.31590679398104643)	(55.0, 0.21534876236756093)	(56.0, 0.15402567883006368)	(57.0, 0.10972270732122441)	(58.0, 0.07614705207858646)	(59.0, 0.05173607254368742)	(60.0, 0.03927718160459535)	(61.0, 0.03235088291303229)	(62.0, 0.02529788363564797)	(63.0, 0.02027209373140405)	(64.0, 0.01807595024383528)	(65.0, 0.013683663268697735)	(66.0, 0.011529753309736053)	(67.0, 0.011403052723914777)	(68.0, 0.00836223866420417)	(69.0, 0.006630663991313407)	(70.0, 0.005532592247529022)	(71.0, 0.005110256961458104)	(72.0, 0.005236957547279379)	(73.0, 0.0048568557898155534)	(74.0, 0.0046879216753871866)	(75.0, 0.004350053446530452)	(76.0, 0.003927718160459535)	(77.0, 0.0036320834602098923)	(78.0, 0.003378682288567342)	(79.0, 0.0034631493457815254)	(80.0, 0.0037587840460311674)	(81.0, 0.0036320834602098923)	(82.0, 0.0032097481741389746)	(83.0, 0.003083047588317699)	(84.0, 0.003378682288567342)	(85.0, 0.0031675146455318825)	(86.0, 0.0028718799452822404)	(87.0, 0.003378682288567342)	(88.0, 0.0034209158171744337)	(89.0, 0.0037587840460311674)	(90.0, 0.003547616402995709)	(91.0, 0.0031675146455318825)	(92.0, 0.003843251103245351)	(93.0, 0.0038854846318524426)	(94.0, 0.0042655863893162685)	(95.0, 0.00502578990424392)	(96.0, 0.005912694004992848)	(97.0, 0.008151071021168712)	(98.0, 0.01313462739680554)	(99.0, 0.025002248935398326)	(100.0, 0.18202650829656553)
PID-2861-27_S222_R1_001	(0.0, 0.0)	(1.0, 0.0)	(2.0, 0.0)	(3.0, 0.0)	(4.0, 0.0)	(5.0, 4.1421880611370386e-05)	(6.0, 0.00016568752244548154)	(7.0, 0.0002899531642795927)	(8.0, 0.0006627500897819262)	(9.0, 0.0014083439407865932)	(10.0, 0.0026924222397390753)	(11.0, 0.004970625673364447)	(12.0, 0.008864282450833262)	(13.0, 0.018432736872059825)	(14.0, 0.03458727031049427)	(15.0, 0.057037929601857024)	(16.0, 0.08271949558090667)	(17.0, 0.12530118884939542)	(18.0, 0.18080650886863173)	(19.0, 0.2259149368544141)	(20.0, 0.29310122720605686)	(21.0, 0.38601050541736065)	(22.0, 0.4723751264920679)	(23.0, 0.571249155511409)	(24.0, 0.7118764401870115)	(25.0, 0.8693624302714417)	(26.0, 1.04341717260042)	(27.0, 1.2306854948444257)	(28.0, 1.4541565407427688)	(29.0, 1.7320559377644529)	(30.0, 2.017576960818629)	(31.0, 2.3798527286456745)	(32.0, 2.797965191536847)	(33.0, 3.2550142222027083)	(34.0, 3.7747345582335723)	(35.0, 4.306591505283568)	(36.0, 4.853236063711823)	(37.0, 5.373784837354915)	(38.0, 5.8338576653054055)	(39.0, 6.183209806381703)	(40.0, 6.378389707822481)	(41.0, 6.375573019940907)	(42.0, 6.140296738068324)	(43.0, 5.709923398516185)	(44.0, 5.186930733917023)	(45.0, 4.551726194741658)	(46.0, 3.814706673023545)	(47.0, 3.0681186968842047)	(48.0, 2.3767875094804327)	(49.0, 1.7981238373395887)	(50.0, 1.316511631471185)	(51.0, 0.9355131736078002)	(52.0, 0.6527259946739746)	(53.0, 0.4509600142159894)	(54.0, 0.29479952431112305)	(55.0, 0.19774805803868226)	(56.0, 0.14406530076634622)	(57.0, 0.09423477839086764)	(58.0, 0.05906760175181417)	(59.0, 0.04183609941748409)	(60.0, 0.03235048875748027)	(61.0, 0.023900425112760713)	(62.0, 0.017190080453718712)	(63.0, 0.01288220487013619)	(64.0, 0.009195657495724227)	(65.0, 0.007994422957994485)	(66.0, 0.006627500897819261)	(67.0, 0.00426645370297115)	(68.0, 0.0028581097621845565)	(69.0, 0.0024853128366822234)	(70.0, 0.00211251591117989)	(71.0, 0.0013255001795638524)	(72.0, 0.0009527032540615191)	(73.0, 0.000745593851004667)	(74.0, 0.0002899531642795927)	(75.0, 0.00012426564183411117)	(76.0, 0.00012426564183411117)	(77.0, 0.00024853128366822234)	(78.0, 0.00020710940305685192)	(79.0, 4.1421880611370386e-05)	(80.0, 4.1421880611370386e-05)	(81.0, 8.284376122274077e-05)	(82.0, 0.00016568752244548154)	(83.0, 0.00020710940305685192)	(84.0, 0.00020710940305685192)	(85.0, 0.0003313750448909631)	(86.0, 0.0002899531642795927)	(87.0, 0.00024853128366822234)	(88.0, 0.00016568752244548154)	(89.0, 0.0)	(90.0, 0.0)	(91.0, 0.0)	(92.0, 0.0)	(93.0, 0.0)	(94.0, 4.1421880611370386e-05)	(95.0, 4.1421880611370386e-05)	(96.0, 0.0)	(97.0, 0.0)	(98.0, 4.1421880611370386e-05)	(99.0, 8.284376122274077e-05)	(100.0, 8.284376122274077e-05)
PID-2861-27_S222_R2_001	(0.0, 0.0)	(1.0, 0.0)	(2.0, 4.1485358365045436e-05)	(3.0, 4.1485358365045436e-05)	(4.0, 8.297071673009087e-05)	(5.0, 8.297071673009087e-05)	(6.0, 4.1485358365045436e-05)	(7.0, 4.1485358365045436e-05)	(8.0, 0.0004148535836504543)	(9.0, 0.0012030753925863177)	(10.0, 0.0020742679182522714)	(11.0, 0.004065565119774452)	(12.0, 0.008338557031374132)	(13.0, 0.018004645530429717)	(14.0, 0.03206818201618012)	(15.0, 0.05679345560174719)	(16.0, 0.08687034041640514)	(17.0, 0.1283971841398156)	(18.0, 0.17780624595258473)	(19.0, 0.22265191834519885)	(20.0, 0.29599803193459917)	(21.0, 0.38411293310195566)	(22.0, 0.474799926487945)	(23.0, 0.5749870669395297)	(24.0, 0.7039235607380909)	(25.0, 0.8579586963475047)	(26.0, 1.0086335179293497)	(27.0, 1.2038636143952535)	(28.0, 1.448129404448641)	(29.0, 1.7100679571655377)	(30.0, 2.03610138855643)	(31.0, 2.4013799689606548)	(32.0, 2.799597923906726)	(33.0, 3.2797909469821267)	(34.0, 3.74832658435695)	(35.0, 4.253120424942823)	(36.0, 4.804419352255911)	(37.0, 5.326346645846549)	(38.0, 5.817367347455226)	(39.0, 6.154975193829966)	(40.0, 6.329711523263537)	(41.0, 6.335809870943199)	(42.0, 6.113199437956364)	(43.0, 5.716765353419991)	(44.0, 5.186789900306535)	(45.0, 4.5147270947928)	(46.0, 3.784792214359825)	(47.0, 3.0467676890456667)	(48.0, 2.3815914530205284)	(49.0, 1.8080563736237751)	(50.0, 1.3338372421529407)	(51.0, 0.965239833079512)	(52.0, 0.661152156263729)	(53.0, 0.4542646740972475)	(54.0, 0.2970766512520903)	(55.0, 0.20020833946970928)	(56.0, 0.1481027293632122)	(57.0, 0.10176358406945646)	(58.0, 0.06923906311126082)	(59.0, 0.05028025433843507)	(60.0, 0.03717088109508071)	(61.0, 0.030076884814657937)	(62.0, 0.02352219819298076)	(63.0, 0.01709196764639872)	(64.0, 0.014768787577956174)	(65.0, 0.013482741468639765)	(66.0, 0.011947783209133086)	(67.0, 0.009790544574150723)	(68.0, 0.007840732730993586)	(69.0, 0.006347259829851951)	(70.0, 0.005642008737646179)	(71.0, 0.00572497945437627)	(72.0, 0.005144184437265634)	(73.0, 0.004190021194869589)	(74.0, 0.0036507115361239977)	(75.0, 0.0032358579524735436)	(76.0, 0.0037751676112191346)	(77.0, 0.004148535836504543)	(78.0, 0.0036921968944890436)	(79.0, 0.003484770102663816)	(80.0, 0.0031528872357434526)	(81.0, 0.0027380336520929985)	(82.0, 0.002862489727188135)	(83.0, 0.002945460443918226)	(84.0, 0.0026965482937279534)	(85.0, 0.0032358579524735436)	(86.0, 0.002862489727188135)	(87.0, 0.0019498118431571351)	(88.0, 0.00236466542680759)	(89.0, 0.0025306068602677714)	(90.0, 0.0033188286692036346)	(91.0, 0.004065565119774452)	(92.0, 0.0036507115361239977)	(93.0, 0.003858138327949225)	(94.0, 0.0037336822528540887)	(95.0, 0.004355962628329771)	(96.0, 0.005766464812741315)	(97.0, 0.007218452355517905)	(98.0, 0.010744707816546767)	(99.0, 0.021116047407808123)	(100.0, 0.16780827458660877)
PID-2861-28_S223_R1_001	(0.0, 0.0)	(1.0, 0.0)	(2.0, 0.0)	(3.0, 5.126007516777422e-05)	(4.0, 0.00015378022550332267)	(5.0, 0.00010252015033554844)	(6.0, 0.00025630037583887114)	(7.0, 0.00035882052617441956)	(8.0, 0.00020504030067109688)	(9.0, 0.0005638608268455164)	(10.0, 0.0019478828563754206)	(11.0, 0.0037419854872475186)	(12.0, 0.007125150448320617)	(13.0, 0.015275502399996718)	(14.0, 0.029013202544960214)	(15.0, 0.04890211171005661)	(16.0, 0.07683885267649357)	(17.0, 0.11600155010467307)	(18.0, 0.16449358121338747)	(19.0, 0.21642003735834278)	(20.0, 0.2786497686120207)	(21.0, 0.3550272806120043)	(22.0, 0.4435021703515826)	(23.0, 0.5444845184320978)	(24.0, 0.6623826913179786)	(25.0, 0.8073974439676118)	(26.0, 0.9618440504481155)	(27.0, 1.134949324289689)	(28.0, 1.3689515674305783)	(29.0, 1.631300632139247)	(30.0, 1.9372720208156915)	(31.0, 2.309266386308229)	(32.0, 2.7332897280960573)	(33.0, 3.189196836638241)	(34.0, 3.6829338806542427)	(35.0, 4.240130897727949)	(36.0, 4.828545300578829)	(37.0, 5.386716259080723)	(38.0, 5.863896298817533)	(39.0, 6.219436180181215)	(40.0, 6.4498502180603605)	(41.0, 6.489884336766391)	(42.0, 6.274233200535566)	(43.0, 5.859180371902097)	(44.0, 5.2834784676928255)	(45.0, 4.632167952611085)	(46.0, 3.8988413172609078)	(47.0, 3.1333233547053676)	(48.0, 2.4435677832477976)	(49.0, 1.847464369121751)	(50.0, 1.371309530888296)	(51.0, 0.9663036769877118)	(52.0, 0.6644330943246896)	(53.0, 0.46128941643480026)	(54.0, 0.29382275086168186)	(55.0, 0.19540340653955535)	(56.0, 0.1432206500187612)	(57.0, 0.09549752003756337)	(58.0, 0.06094822937448356)	(59.0, 0.04428870494495693)	(60.0, 0.033524089159724345)	(61.0, 0.024194755479189433)	(62.0, 0.016915824805365492)	(63.0, 0.013071319167782426)	(64.0, 0.010457055334225942)	(65.0, 0.008047831801340553)	(66.0, 0.006715069846978424)	(67.0, 0.005228527667112971)	(68.0, 0.0032293847355697766)	(69.0, 0.0021016630818787435)	(70.0, 0.001794102630872098)	(71.0, 0.0017428425557043238)	(72.0, 0.0011789817288588072)	(73.0, 0.000461340676509968)	(74.0, 0.00025630037583887114)	(75.0, 0.00010252015033554844)	(76.0, 5.126007516777422e-05)	(77.0, 5.126007516777422e-05)	(78.0, 5.126007516777422e-05)	(79.0, 0.00015378022550332267)	(80.0, 0.00020504030067109688)	(81.0, 0.00015378022550332267)	(82.0, 5.126007516777422e-05)	(83.0, 0.00015378022550332267)	(84.0, 0.00020504030067109688)	(85.0, 0.00010252015033554844)	(86.0, 0.00010252015033554844)	(87.0, 0.00015378022550332267)	(88.0, 0.00010252015033554844)	(89.0, 0.0)	(90.0, 0.0)	(91.0, 0.0)	(92.0, 5.126007516777422e-05)	(93.0, 5.126007516777422e-05)	(94.0, 0.0)	(95.0, 0.0)	(96.0, 5.126007516777422e-05)	(97.0, 5.126007516777422e-05)	(98.0, 5.126007516777422e-05)	(99.0, 5.126007516777422e-05)	(100.0, 0.0)
PID-2861-28_S223_R2_001	(0.0, 0.0)	(1.0, 0.0)	(2.0, 0.0)	(3.0, 0.0)	(4.0, 0.0)	(5.0, 0.0)	(6.0, 5.1326060088445066e-05)	(7.0, 0.0001539781802653352)	(8.0, 0.00041060848070756053)	(9.0, 0.0009751951416804563)	(10.0, 0.0017450860430071322)	(11.0, 0.004003432686898715)	(12.0, 0.00749360477291298)	(13.0, 0.014268644704587729)	(14.0, 0.027100159726698998)	(15.0, 0.048965061324376585)	(16.0, 0.07822091557479029)	(17.0, 0.1145597661174094)	(18.0, 0.15644183114958057)	(19.0, 0.19709207073962906)	(20.0, 0.2685379463827446)	(21.0, 0.3533799237089443)	(22.0, 0.441455442820716)	(23.0, 0.539590869709823)	(24.0, 0.6474782480157345)	(25.0, 0.7939114974480682)	(26.0, 0.9490188510353492)	(27.0, 1.1327661461519827)	(28.0, 1.3681987837776801)	(29.0, 1.6346323616967986)	(30.0, 1.9520840433438311)	(31.0, 2.3143433754480762)	(32.0, 2.7238740088937794)	(33.0, 3.1804706394405873)	(34.0, 3.6759724235344358)	(35.0, 4.221517116214518)	(36.0, 4.797190206166518)	(37.0, 5.357670782332338)	(38.0, 5.809237458990478)	(39.0, 6.176886027404009)	(40.0, 6.410778883227055)	(41.0, 6.413601816531919)	(42.0, 6.190949367868244)	(43.0, 5.804977396003137)	(44.0, 5.277191520113656)	(45.0, 4.619909994621029)	(46.0, 3.914381972645263)	(47.0, 3.1745681425304157)	(48.0, 2.468937468434473)	(49.0, 1.8595944830644533)	(50.0, 1.35665042025778)	(51.0, 0.9706784483926731)	(52.0, 0.6871019664040141)	(53.0, 0.477896945483512)	(54.0, 0.32371346097782305)	(55.0, 0.21988084141889866)	(56.0, 0.1543374626859543)	(57.0, 0.10568035772210839)	(58.0, 0.07159985382338087)	(59.0, 0.04742527952172324)	(60.0, 0.037211393564122675)	(61.0, 0.031103592413597708)	(62.0, 0.02330203128015406)	(63.0, 0.019298598593255348)	(64.0, 0.01601373074759486)	(65.0, 0.012420906541403706)	(66.0, 0.011291733219457915)	(67.0, 0.010521842318131238)	(68.0, 0.008263495674239655)	(69.0, 0.00708299629220542)	(70.0, 0.006672387811497859)	(71.0, 0.005645866609728958)	(72.0, 0.005183932068932952)	(73.0, 0.0046706714680485005)	(74.0, 0.0036954763263680446)	(75.0, 0.002925585425041369)	(76.0, 0.0026176290645106987)	(77.0, 0.002925585425041369)	(78.0, 0.002566303004422253)	(79.0, 0.002258346643891583)	(80.0, 0.002976911485129814)	(81.0, 0.0033875199658373748)	(82.0, 0.0034388460259258194)	(83.0, 0.0031822157254835946)	(84.0, 0.002925585425041369)	(85.0, 0.002925585425041369)	(86.0, 0.002925585425041369)	(87.0, 0.002874259364952924)	(88.0, 0.0033361939057489293)	(89.0, 0.0036441502662795996)	(90.0, 0.003592824206191155)	(91.0, 0.003798128446544935)	(92.0, 0.003592824206191155)	(93.0, 0.0032848678456604843)	(94.0, 0.0033875199658373748)	(95.0, 0.0036954763263680446)	(96.0, 0.004824649648313837)	(97.0, 0.007339626592647645)	(98.0, 0.012472232601492151)	(99.0, 0.023250705220065615)	(100.0, 0.143918272488)
PID-2861-29_S224_R1_001	(0.0, 0.0)	(1.0, 0.0)	(2.0, 0.0)	(3.0, 0.0)	(4.0, 0.0)	(5.0, 5.663995903798162e-05)	(6.0, 0.0002265598361519265)	(7.0, 0.0002831997951899081)	(8.0, 0.00039647971326587137)	(9.0, 0.001076159221721651)	(10.0, 0.002718718033823118)	(11.0, 0.004474556764000548)	(12.0, 0.007193274797823667)	(13.0, 0.01812478689215412)	(14.0, 0.03313437603721925)	(15.0, 0.058622357604310976)	(16.0, 0.08994425495231483)	(17.0, 0.13140470496811738)	(18.0, 0.1856091457674658)	(19.0, 0.2385675074679786)	(20.0, 0.3229610464345712)	(21.0, 0.4074112253602018)	(22.0, 0.49684572068117483)	(23.0, 0.6032155637545042)	(24.0, 0.7330909898285961)	(25.0, 0.891116475544565)	(26.0, 1.0527102786799265)	(27.0, 1.2433037408427348)	(28.0, 1.491953161019474)	(29.0, 1.7797407928914586)	(30.0, 2.0965847237499275)	(31.0, 2.4644612577016183)	(32.0, 2.8617905703530595)	(33.0, 3.2930472184682515)	(34.0, 3.793121416814591)	(35.0, 4.3392439018588105)	(36.0, 4.881458229729408)	(37.0, 5.402375933001726)	(38.0, 5.834425540543449)	(39.0, 6.150872991688653)	(40.0, 6.350812047092727)	(41.0, 6.313259754250546)	(42.0, 6.061268576490566)	(43.0, 5.668017340889859)	(44.0, 5.101051350919663)	(45.0, 4.440686068495835)	(46.0, 3.761119839958132)	(47.0, 3.0185699769701926)	(48.0, 2.317820403752284)	(49.0, 1.7587840080474055)	(50.0, 1.3079865740641097)	(51.0, 0.946113875770445)	(52.0, 0.6488107307800796)	(53.0, 0.4411120009878009)	(54.0, 0.29583050605537803)	(55.0, 0.1981265767148597)	(56.0, 0.138654619724979)	(57.0, 0.09237977319094802)	(58.0, 0.0632101942863875)	(59.0, 0.04264988915560016)	(60.0, 0.027640300010535034)	(61.0, 0.022995823369420538)	(62.0, 0.01891774631868586)	(63.0, 0.012460790988355957)	(64.0, 0.009572153077418894)	(65.0, 0.00798623422435541)	(66.0, 0.006853435043595776)	(67.0, 0.0055507159857221995)	(68.0, 0.003171837706126971)	(69.0, 0.0012460790988355957)	(70.0, 0.001359359016911559)	(71.0, 0.0012460790988355957)	(72.0, 0.0006796795084557795)	(73.0, 0.0005097596313418346)	(74.0, 0.0002831997951899081)	(75.0, 0.00011327991807596324)	(76.0, 0.0)	(77.0, 0.00011327991807596324)	(78.0, 0.00016991987711394488)	(79.0, 0.0002265598361519265)	(80.0, 0.0002265598361519265)	(81.0, 0.00011327991807596324)	(82.0, 5.663995903798162e-05)	(83.0, 0.0)	(84.0, 5.663995903798162e-05)	(85.0, 5.663995903798162e-05)	(86.0, 0.0)	(87.0, 0.0)	(88.0, 0.0)	(89.0, 0.0)	(90.0, 5.663995903798162e-05)	(91.0, 5.663995903798162e-05)	(92.0, 5.663995903798162e-05)	(93.0, 0.00011327991807596324)	(94.0, 5.663995903798162e-05)	(95.0, 0.0)	(96.0, 0.0)	(97.0, 5.663995903798162e-05)	(98.0, 5.663995903798162e-05)	(99.0, 5.663995903798162e-05)	(100.0, 5.663995903798162e-05)
PID-2861-29_S224_R2_001	(0.0, 0.0)	(1.0, 0.0)	(2.0, 0.0)	(3.0, 0.0)	(4.0, 0.0)	(5.0, 0.0)	(6.0, 0.00011346107916236223)	(7.0, 0.0004538443166494489)	(8.0, 0.0005105748562306301)	(9.0, 0.0009076886332988978)	(10.0, 0.002893257518640237)	(11.0, 0.004935556943562757)	(12.0, 0.008623042016339531)	(13.0, 0.018494155903465044)	(14.0, 0.031825832705042606)	(15.0, 0.05775168929364238)	(16.0, 0.09020155793407798)	(17.0, 0.12940236078467413)	(18.0, 0.18369348716386447)	(19.0, 0.23962979919090904)	(20.0, 0.31825832705042606)	(21.0, 0.40505605260963323)	(22.0, 0.4881662930960635)	(23.0, 0.5830764858153795)	(24.0, 0.7059548345482178)	(25.0, 0.868544560987883)	(26.0, 1.0366938803065038)	(27.0, 1.2336055831927835)	(28.0, 1.4848651429978346)	(29.0, 1.7480381161149336)	(30.0, 2.042526347080845)	(31.0, 2.4191603993603064)	(32.0, 2.8657432069433644)	(33.0, 3.321005787082343)	(34.0, 3.78489140923766)	(35.0, 4.308344097953219)	(36.0, 4.867366834986178)	(37.0, 5.366141738983922)	(38.0, 5.747030581731972)	(39.0, 6.0448659145331725)	(40.0, 6.284212061026176)	(41.0, 6.32619266031625)	(42.0, 6.0751600226695235)	(43.0, 5.635271418757045)	(44.0, 5.118229281014161)	(45.0, 4.492264507275408)	(46.0, 3.7549944148783787)	(47.0, 3.0082503223712913)	(48.0, 2.3405318715007892)	(49.0, 1.788486990836316)	(50.0, 1.3285725064516807)	(51.0, 0.9442798313287598)	(52.0, 0.6514367860107029)	(53.0, 0.45270970585782533)	(54.0, 0.3022035843489518)	(55.0, 0.20712320001089224)	(56.0, 0.14880420532143807)	(57.0, 0.10268227664193783)	(58.0, 0.07170740203061293)	(59.0, 0.05196517425636191)	(60.0, 0.04016522202347623)	(61.0, 0.03188256324462379)	(62.0, 0.0243374014803267)	(63.0, 0.01679223971602961)	(64.0, 0.015487437305662446)	(65.0, 0.013501868420321106)	(66.0, 0.011516299534979766)	(67.0, 0.010211497124612601)	(68.0, 0.006410550972673467)	(69.0, 0.005956706656024017)	(70.0, 0.006126898274767561)	(71.0, 0.004595173706075671)	(72.0, 0.004651904245656852)	(73.0, 0.004878826403981577)	(74.0, 0.004708634785238032)	(75.0, 0.004198059929007403)	(76.0, 0.0036307545331955913)	(77.0, 0.0035740239936144108)	(78.0, 0.003971137770682678)	(79.0, 0.0035740239936144108)	(80.0, 0.003347101835289686)	(81.0, 0.0035740239936144108)	(82.0, 0.003347101835289686)	(83.0, 0.003347101835289686)	(84.0, 0.002893257518640237)	(85.0, 0.0025528742811531504)	(86.0, 0.0025528742811531504)	(87.0, 0.002723065899896694)	(88.0, 0.003744215612357954)	(89.0, 0.0034605629144520483)	(90.0, 0.003233640756127324)	(91.0, 0.0030634491373837803)	(92.0, 0.002779796439477875)	(93.0, 0.004027868310263859)	(94.0, 0.005105748562306301)	(95.0, 0.005049018022725119)	(96.0, 0.00555959287895575)	(97.0, 0.009190347412151342)	(98.0, 0.013615329499483467)	(99.0, 0.0252450901136256)	(100.0, 0.1775665888890969)
PID-2861-2_S197_R1_001	(0.0, 0.0)	(1.0, 0.0)	(2.0, 0.0)	(3.0, 0.0)	(4.0, 0.0)	(5.0, 5.241974798681958e-05)	(6.0, 0.00036693823590773706)	(7.0, 0.0006290369758418349)	(8.0, 0.00047177773188137624)	(9.0, 0.0009959752117495722)	(10.0, 0.0030403453832355356)	(11.0, 0.006500048750365628)	(12.0, 0.010955727329245291)	(13.0, 0.01839933154337367)	(14.0, 0.036222045858892334)	(15.0, 0.06112142615263162)	(16.0, 0.09514184259607754)	(17.0, 0.1354526287979418)	(18.0, 0.177807785171292)	(19.0, 0.23552192770478036)	(20.0, 0.2969054525973461)	(21.0, 0.3690350258272098)	(22.0, 0.47660034869616363)	(23.0, 0.5826979186214865)	(24.0, 0.7016383268035801)	(25.0, 0.8558572253808032)	(26.0, 1.018882641619812)	(27.0, 1.21241635118715)	(28.0, 1.4302204040723854)	(29.0, 1.6904320330789577)	(30.0, 1.995986744094129)	(31.0, 2.3241343664916196)	(32.0, 2.7565972873828812)	(33.0, 3.240169462561292)	(34.0, 3.7846009651524)	(35.0, 4.408133867455619)	(36.0, 4.9813962314394775)	(37.0, 5.471835393604161)	(38.0, 5.88951594556314)	(39.0, 6.214099025097527)	(40.0, 6.419427177961899)	(41.0, 6.395785871619844)	(42.0, 6.118852343005476)	(43.0, 5.679103077144046)	(44.0, 5.110506070731014)	(45.0, 4.472452898235446)	(46.0, 3.7736452378231546)	(47.0, 3.0499381971171236)	(48.0, 2.3644975724414707)	(49.0, 1.7833198265116021)	(50.0, 1.3072436752953065)	(51.0, 0.9411965751033455)	(52.0, 0.6736461813786184)	(53.0, 0.45945909110447364)	(54.0, 0.3072321429507495)	(55.0, 0.21382015203823707)	(56.0, 0.14462608469563523)	(57.0, 0.09189181822089472)	(58.0, 0.06311337657613078)	(59.0, 0.0425648353652975)	(60.0, 0.030088935344434437)	(61.0, 0.020810639950767373)	(62.0, 0.013681554224559911)	(63.0, 0.008806517661785689)	(64.0, 0.006709727742312906)	(65.0, 0.005923431522510613)	(66.0, 0.005399234042642417)	(67.0, 0.004403258830892844)	(68.0, 0.0026734071473277984)	(69.0, 0.0010483949597363915)	(70.0, 0.00047177773188137624)	(71.0, 0.00047177773188137624)	(72.0, 0.00047177773188137624)	(73.0, 0.0002096789919472783)	(74.0, 0.00015725924396045872)	(75.0, 0.00015725924396045872)	(76.0, 5.241974798681958e-05)	(77.0, 0.00010483949597363916)	(78.0, 0.00015725924396045872)	(79.0, 0.0004193579838945566)	(80.0, 0.0004193579838945566)	(81.0, 5.241974798681958e-05)	(82.0, 5.241974798681958e-05)	(83.0, 0.00010483949597363916)	(84.0, 0.00015725924396045872)	(85.0, 0.00010483949597363916)	(86.0, 5.241974798681958e-05)	(87.0, 5.241974798681958e-05)	(88.0, 0.0)	(89.0, 5.241974798681958e-05)	(90.0, 0.00010483949597363916)	(91.0, 0.00010483949597363916)	(92.0, 5.241974798681958e-05)	(93.0, 0.0)	(94.0, 5.241974798681958e-05)	(95.0, 5.241974798681958e-05)	(96.0, 5.241974798681958e-05)	(97.0, 5.241974798681958e-05)	(98.0, 0.0)	(99.0, 5.241974798681958e-05)	(100.0, 5.241974798681958e-05)
PID-2861-2_S197_R2_001	(0.0, 0.0)	(1.0, 5.251976712735256e-05)	(2.0, 5.251976712735256e-05)	(3.0, 0.0)	(4.0, 0.0)	(5.0, 0.00015755930138205767)	(6.0, 0.0003676383698914679)	(7.0, 0.00047267790414617304)	(8.0, 0.00047267790414617304)	(9.0, 0.0009978755754196987)	(10.0, 0.0020482709179667495)	(11.0, 0.005777174384008781)	(12.0, 0.011659388302272268)	(13.0, 0.02111294638519573)	(14.0, 0.036081080016491206)	(15.0, 0.060082613593691325)	(16.0, 0.0926448692126499)	(17.0, 0.12625752017415554)	(18.0, 0.17005900595836757)	(19.0, 0.22100318007189956)	(20.0, 0.28323910411781233)	(21.0, 0.3672182117544491)	(22.0, 0.46800364487183865)	(23.0, 0.5694718349618838)	(24.0, 0.6953091969990205)	(25.0, 0.845988408887395)	(26.0, 1.0016569986528678)	(27.0, 1.2038581020931753)	(28.0, 1.420554661260632)	(29.0, 1.6572087319364825)	(30.0, 1.9654997649740422)	(31.0, 2.3093992001239467)	(32.0, 2.7516681591033825)	(33.0, 3.2354277341134265)	(34.0, 3.7696588053328575)	(35.0, 4.405253027108078)	(36.0, 4.96563894235693)	(37.0, 5.419934928008529)	(38.0, 5.828958874396351)	(39.0, 6.174276343258693)	(40.0, 6.347906693381722)	(41.0, 6.302056936679542)	(42.0, 6.076221938031927)	(43.0, 5.674708318343316)	(44.0, 5.132809361123293)	(45.0, 4.487446462662384)	(46.0, 3.758051936797712)	(47.0, 3.043993182934227)	(48.0, 2.3855003426914805)	(49.0, 1.8084131414961304)	(50.0, 1.3354726385143207)	(51.0, 0.9777079848427952)	(52.0, 0.6948890388620016)	(53.0, 0.4658503344196172)	(54.0, 0.32115837598376085)	(55.0, 0.22394428703103128)	(56.0, 0.1544081153544165)	(57.0, 0.10288622380248366)	(58.0, 0.06853829610119509)	(59.0, 0.04884338342843788)	(60.0, 0.036973916057656195)	(61.0, 0.02604980449516687)	(62.0, 0.019642392905629857)	(63.0, 0.015545851069696356)	(64.0, 0.011344269699508153)	(65.0, 0.010293874356961101)	(66.0, 0.009611117384305517)	(67.0, 0.008298123206121704)	(68.0, 0.006880089493683185)	(69.0, 0.005724654616881429)	(70.0, 0.0053570162469899615)	(71.0, 0.004359140671570262)	(72.0, 0.0037289034660420313)	(73.0, 0.003886462767424089)	(74.0, 0.003938982534551442)	(75.0, 0.003466304630405269)	(76.0, 0.0029936267262590955)	(77.0, 0.0030986662605138014)	(78.0, 0.0032562255618958586)	(79.0, 0.0032562255618958586)	(80.0, 0.0029936267262590955)	(81.0, 0.0028885871920043904)	(82.0, 0.0026785081234949808)	(83.0, 0.0036238639317873267)	(84.0, 0.004254101137315557)	(85.0, 0.0036238639317873267)	(86.0, 0.0037814232331693843)	(87.0, 0.003833943000296737)	(88.0, 0.0028885871920043904)	(89.0, 0.00246842905498557)	(90.0, 0.003151186027641153)	(91.0, 0.0033612650961505636)	(92.0, 0.003413784863277916)	(93.0, 0.0033087453290232107)	(94.0, 0.0033612650961505636)	(95.0, 0.004096541835933499)	(96.0, 0.005199456945607903)	(97.0, 0.008035524370484942)	(98.0, 0.013392540617474902)	(99.0, 0.025577126591020696)	(100.0, 0.20803079759144347)
PID-2861-30_S225_R1_001	(0.0, 0.0)	(1.0, 0.0)	(2.0, 0.0)	(3.0, 0.0)	(4.0, 0.0)	(5.0, 0.0)	(6.0, 0.00019278471088719524)	(7.0, 0.000257046281182927)	(8.0, 0.000514092562365854)	(9.0, 0.0014137545465060985)	(10.0, 0.0030845553741951238)	(11.0, 0.005719279756320125)	(12.0, 0.010217589677021348)	(13.0, 0.025190535555926846)	(14.0, 0.045432930199082344)	(15.0, 0.07627848394103358)	(16.0, 0.10988728520570129)	(17.0, 0.1594972174740062)	(18.0, 0.22433714190239953)	(19.0, 0.2756821365686892)	(20.0, 0.3708535221766679)	(21.0, 0.4651895073708021)	(22.0, 0.5481511946225918)	(23.0, 0.6465356587453571)	(24.0, 0.7737093063606103)	(25.0, 0.9507499325253512)	(26.0, 1.1281118665415708)	(27.0, 1.316848098500135)	(28.0, 1.548703844127135)	(29.0, 1.8403871116994615)	(30.0, 2.1627874098731477)	(31.0, 2.498554114668346)	(32.0, 2.891385093886154)	(33.0, 3.3345328826455205)	(34.0, 3.8286400966494014)	(35.0, 4.358669528448597)	(36.0, 4.829514054005424)	(37.0, 5.31661675684707)	(38.0, 5.760985515442055)	(39.0, 6.061472618144896)	(40.0, 6.2313159484365155)	(41.0, 6.220327219915946)	(42.0, 6.009549269345945)	(43.0, 5.545130900818692)	(44.0, 5.002698985952421)	(45.0, 4.412263678075237)	(46.0, 3.698510416800545)	(47.0, 2.9610446360867275)	(48.0, 2.312452607091907)	(49.0, 1.755240531057617)	(50.0, 1.289536931124449)	(51.0, 0.9323711234207719)	(52.0, 0.6383101777475034)	(53.0, 0.4423766499158173)	(54.0, 0.29399668410297275)	(55.0, 0.19824694436233245)	(56.0, 0.1455524567198324)	(57.0, 0.09742054056832933)	(58.0, 0.06875988021643298)	(59.0, 0.047296515737658563)	(60.0, 0.03322323184289332)	(61.0, 0.025254797126222576)	(62.0, 0.016900792987777448)	(63.0, 0.012852314059146348)	(64.0, 0.00989628182554269)	(65.0, 0.006683203310756102)	(66.0, 0.0059763260375030524)	(67.0, 0.005076664053362808)	(68.0, 0.0026989859524207335)	(69.0, 0.0013494929762103668)	(70.0, 0.0016708008276890255)	(71.0, 0.0021206318197591477)	(72.0, 0.0015422776870975619)	(73.0, 0.0005783541326615857)	(74.0, 0.00019278471088719524)	(75.0, 0.0001285231405914635)	(76.0, 6.426157029573175e-05)	(77.0, 0.0)	(78.0, 0.00019278471088719524)	(79.0, 0.00032130785147865875)	(80.0, 0.0001285231405914635)	(81.0, 0.0)	(82.0, 0.0)	(83.0, 0.0)	(84.0, 0.0)	(85.0, 0.0001285231405914635)	(86.0, 0.0001285231405914635)	(87.0, 6.426157029573175e-05)	(88.0, 6.426157029573175e-05)	(89.0, 0.0)	(90.0, 6.426157029573175e-05)	(91.0, 0.0001285231405914635)	(92.0, 6.426157029573175e-05)	(93.0, 0.0)	(94.0, 0.0)	(95.0, 0.0)	(96.0, 0.0)	(97.0, 0.0)	(98.0, 0.0)	(99.0, 0.0)	(100.0, 0.0)
PID-2861-30_S225_R2_001	(0.0, 0.0)	(1.0, 0.0)	(2.0, 0.0)	(3.0, 0.0)	(4.0, 0.0)	(5.0, 0.0)	(6.0, 6.433135278541891e-05)	(7.0, 6.433135278541891e-05)	(8.0, 0.00025732541114167564)	(9.0, 0.0016726151724208917)	(10.0, 0.00295924222812927)	(11.0, 0.005725490397902283)	(12.0, 0.010743335915164957)	(13.0, 0.021679665888686174)	(14.0, 0.040528752254813914)	(15.0, 0.06838422801090031)	(16.0, 0.10891298026571422)	(17.0, 0.1632729733693932)	(18.0, 0.21666799618129093)	(19.0, 0.2680044157040552)	(20.0, 0.34989822779989344)	(21.0, 0.4501264754395762)	(22.0, 0.5415413277476564)	(23.0, 0.6403542856260599)	(24.0, 0.7809182914622002)	(25.0, 0.9526830033992687)	(26.0, 1.1252840229225476)	(27.0, 1.3254188614379858)	(28.0, 1.5480053420755353)	(29.0, 1.8261741115196868)	(30.0, 2.1453219526881497)	(31.0, 2.4825469039893155)	(32.0, 2.8830095750785487)	(33.0, 3.3440080491388606)	(34.0, 3.815042214233698)	(35.0, 4.32518984182207)	(36.0, 4.874708257315119)	(37.0, 5.373018915990973)	(38.0, 5.768849729679656)	(39.0, 6.092307771484742)	(40.0, 6.24104185912463)	(41.0, 6.175166553872361)	(42.0, 5.935146276629964)	(43.0, 5.5240689323311365)	(44.0, 5.00710218134751)	(45.0, 4.36591158813524)	(46.0, 3.6549858085035756)	(47.0, 2.936983580065515)	(48.0, 2.2816400892404527)	(49.0, 1.7234369411213726)	(50.0, 1.2840538015969616)	(51.0, 0.9220612794734092)	(52.0, 0.6411262618594848)	(53.0, 0.4467169137419489)	(54.0, 0.2926433238208706)	(55.0, 0.20084248339607785)	(56.0, 0.14944173252052814)	(57.0, 0.10511743045137449)	(58.0, 0.07127913888624415)	(59.0, 0.05152941358112055)	(60.0, 0.039692444668603465)	(61.0, 0.03075038663143024)	(62.0, 0.02193699129982785)	(63.0, 0.01846309824941523)	(64.0, 0.015503856021285959)	(65.0, 0.013702578143294229)	(66.0, 0.011965631618087917)	(67.0, 0.009392377506671162)	(68.0, 0.008041419098177365)	(69.0, 0.006175809867400216)	(70.0, 0.006240141220185635)	(71.0, 0.005661159045116864)	(72.0, 0.004567526047764742)	(73.0, 0.004052875225481391)	(74.0, 0.003731218461554297)	(75.0, 0.004052875225481391)	(76.0, 0.003859881167125135)	(77.0, 0.004245869283837648)	(78.0, 0.0039885438726959726)	(79.0, 0.002894910875343851)	(80.0, 0.0036025557559834593)	(81.0, 0.0036025557559834593)	(82.0, 0.0027019168169875943)	(83.0, 0.002766248169773013)	(84.0, 0.0025089227586313372)	(85.0, 0.002251597347489662)	(86.0, 0.0025089227586313372)	(87.0, 0.002894910875343851)	(88.0, 0.002766248169773013)	(89.0, 0.002444591405845919)	(90.0, 0.0023802600530605)	(91.0, 0.003023573580914689)	(92.0, 0.003087904933700108)	(93.0, 0.0031522362864855272)	(94.0, 0.00353822440319804)	(95.0, 0.004374531989408487)	(96.0, 0.004760520106121)	(97.0, 0.006883454748039824)	(98.0, 0.011450980795804566)	(99.0, 0.0224516421221112)	(100.0, 0.12428817358142934)
PID-2861-31_S226_R1_001	(0.0, 0.0)	(1.0, 0.0)	(2.0, 0.0)	(3.0, 0.0)	(4.0, 0.0001893634547468684)	(5.0, 0.0001893634547468684)	(6.0, 0.0)	(7.0, 0.0002840451821203026)	(8.0, 0.0009468172737343419)	(9.0, 0.003219178730696763)	(10.0, 0.007290493007754434)	(11.0, 0.010888398647944934)	(12.0, 0.01666398401772442)	(13.0, 0.03171837867010046)	(14.0, 0.05311644905649659)	(15.0, 0.0866337805466923)	(16.0, 0.12393838113182536)	(17.0, 0.17421437836711895)	(18.0, 0.24446822007820712)	(19.0, 0.30345493623185665)	(20.0, 0.37493964039879946)	(21.0, 0.45636592593995284)	(22.0, 0.5476391111279434)	(23.0, 0.6629614550687862)	(24.0, 0.7940956474809926)	(25.0, 0.9428406411846578)	(26.0, 1.1091017544524082)	(27.0, 1.2918374882831363)	(28.0, 1.5153810466118145)	(29.0, 1.8048230871924027)	(30.0, 2.1145270174309063)	(31.0, 2.4598312771618205)	(32.0, 2.873779789238475)	(33.0, 3.3422649762822276)	(34.0, 3.829686508800666)	(35.0, 4.285957753013246)	(36.0, 4.831608547866347)	(37.0, 5.369495441074827)	(38.0, 5.7894089019760075)	(39.0, 6.113031046138405)	(40.0, 6.282321974682106)	(41.0, 6.3205733925409735)	(42.0, 6.057547553897574)	(43.0, 5.604968897052558)	(44.0, 5.050512701553727)	(45.0, 4.357158411998068)	(46.0, 3.6688222539932016)	(47.0, 2.967704062792922)	(48.0, 2.2826817652461253)	(49.0, 1.711750949184317)	(50.0, 1.2649478777090808)	(51.0, 0.9144361229726274)	(52.0, 0.6344622551293826)	(53.0, 0.429570997093271)	(54.0, 0.285654771485651)	(55.0, 0.18604959428879822)	(56.0, 0.12772565022676272)	(57.0, 0.0824677845422612)	(58.0, 0.052264313510135676)	(59.0, 0.03578969294715813)	(60.0, 0.0293513354857646)	(61.0, 0.02319702320649138)	(62.0, 0.016190575380857247)	(63.0, 0.010414990011077761)	(64.0, 0.008900082373102816)	(65.0, 0.007385174735127868)	(66.0, 0.005018131550792012)	(67.0, 0.0037872690949373677)	(68.0, 0.003219178730696763)	(69.0, 0.0022723614569624207)	(70.0, 0.0017989528200952499)	(71.0, 0.0011361807284812103)	(72.0, 0.0007574538189874736)	(73.0, 0.0005680903642406052)	(74.0, 0.0003787269094937368)	(75.0, 0.0001893634547468684)	(76.0, 0.0002840451821203026)	(77.0, 0.0001893634547468684)	(78.0, 9.46817273734342e-05)	(79.0, 9.46817273734342e-05)	(80.0, 9.46817273734342e-05)	(81.0, 9.46817273734342e-05)	(82.0, 0.0)	(83.0, 0.0)	(84.0, 0.0)	(85.0, 0.0)	(86.0, 0.0)	(87.0, 0.0)	(88.0, 0.0)	(89.0, 0.0)	(90.0, 9.46817273734342e-05)	(91.0, 9.46817273734342e-05)	(92.0, 0.0)	(93.0, 9.46817273734342e-05)	(94.0, 9.46817273734342e-05)	(95.0, 0.0)	(96.0, 0.0)	(97.0, 0.0)	(98.0, 0.0)	(99.0, 0.0)	(100.0, 0.0)
PID-2861-31_S226_R2_001	(0.0, 0.0)	(1.0, 0.0)	(2.0, 0.0)	(3.0, 0.0)	(4.0, 0.0)	(5.0, 0.0)	(6.0, 9.486972963075753e-05)	(7.0, 0.0004743486481537876)	(8.0, 0.0009486972963075752)	(9.0, 0.0029409616185534834)	(10.0, 0.005407574588953179)	(11.0, 0.007399838911199087)	(12.0, 0.011289497826060145)	(13.0, 0.025804566459566046)	(14.0, 0.04771947400427103)	(15.0, 0.0763701323527598)	(16.0, 0.11820768311992388)	(17.0, 0.1695322068501637)	(18.0, 0.22303873436191096)	(19.0, 0.27388890944399696)	(20.0, 0.3495000839597107)	(21.0, 0.4372545838681614)	(22.0, 0.5239655167506738)	(23.0, 0.632686226907522)	(24.0, 0.7507041705681843)	(25.0, 0.8913011098809669)	(26.0, 1.0659562821311914)	(27.0, 1.275523514885535)	(28.0, 1.507480003832737)	(29.0, 1.7742536835544271)	(30.0, 2.0783111670210053)	(31.0, 2.427336902332562)	(32.0, 2.8380279619041113)	(33.0, 3.279646553335288)	(34.0, 3.758074599863198)	(35.0, 4.295227009032547)	(36.0, 4.855148153313278)	(37.0, 5.3494194446895245)	(38.0, 5.752236316701722)	(39.0, 6.046996566664484)	(40.0, 6.246981956726121)	(41.0, 6.274968526967195)	(42.0, 6.031532800734672)	(43.0, 5.594088477407248)	(44.0, 5.042515869334023)	(45.0, 4.406034853241271)	(46.0, 3.693752923173544)	(47.0, 2.9787197709465247)	(48.0, 2.338633705127804)	(49.0, 1.7613514003246442)	(50.0, 1.3035100851266084)	(51.0, 0.9434794611778836)	(52.0, 0.6423629393298592)	(53.0, 0.44123911251265324)	(54.0, 0.296942253744271)	(55.0, 0.20026999925052913)	(56.0, 0.14012259066462887)	(57.0, 0.09619790584558813)	(58.0, 0.06944464208971451)	(59.0, 0.04923738967836316)	(60.0, 0.03548127888190331)	(61.0, 0.029409616185534834)	(62.0, 0.02381230213732014)	(63.0, 0.02001751295208984)	(64.0, 0.016791942144644082)	(65.0, 0.012997152959413779)	(66.0, 0.014040719985352113)	(67.0, 0.013850980526090599)	(68.0, 0.009297233503814237)	(69.0, 0.006166532425999239)	(70.0, 0.005976792966737724)	(71.0, 0.005976792966737724)	(72.0, 0.005502444318583937)	(73.0, 0.005976792966737724)	(74.0, 0.005217835129691664)	(75.0, 0.004364007563014846)	(76.0, 0.005787053507476209)	(77.0, 0.005407574588953179)	(78.0, 0.003794789185230301)	(79.0, 0.004079398374122574)	(80.0, 0.004269137833384088)	(81.0, 0.0036999194555995436)	(82.0, 0.003794789185230301)	(83.0, 0.004364007563014846)	(84.0, 0.0036999194555995436)	(85.0, 0.0033204405370765135)	(86.0, 0.003510179996338028)	(87.0, 0.0025614827000304532)	(88.0, 0.0020871340518766653)	(89.0, 0.0033204405370765135)	(90.0, 0.004079398374122574)	(91.0, 0.004364007563014846)	(92.0, 0.0051229654000609064)	(93.0, 0.004933225940799391)	(94.0, 0.006166532425999239)	(95.0, 0.007020359992676056)	(96.0, 0.006830620533414542)	(97.0, 0.011384367555690902)	(98.0, 0.01840472754836696)	(99.0, 0.03586075780042634)	(100.0, 0.22370282246932627)
PID-2861-32_S227_R1_001	(0.0, 0.0)	(1.0, 0.0)	(2.0, 0.0)	(3.0, 0.0)	(4.0, 0.00013081865003002288)	(5.0, 0.00013081865003002288)	(6.0, 0.0)	(7.0, 6.540932501501144e-05)	(8.0, 0.0006540932501501144)	(9.0, 0.0014390051503302516)	(10.0, 0.003401284900780595)	(11.0, 0.006017657901381052)	(12.0, 0.00863403090198151)	(13.0, 0.017137243153932998)	(14.0, 0.0314618853322205)	(15.0, 0.05226205068699414)	(16.0, 0.08051887909347909)	(17.0, 0.12447394550356677)	(18.0, 0.18144546759164173)	(19.0, 0.23167982920317054)	(20.0, 0.30546154782010343)	(21.0, 0.3893817118143631)	(22.0, 0.47846921248480867)	(23.0, 0.5868524640346827)	(24.0, 0.7039351558115531)	(25.0, 0.8596093493472803)	(26.0, 1.0307855529115653)	(27.0, 1.2375444292840165)	(28.0, 1.4942106206429213)	(29.0, 1.7523812264771714)	(30.0, 2.059020142147545)	(31.0, 2.409156258952901)	(32.0, 2.7897731212152532)	(33.0, 3.2545063754469092)	(34.0, 3.77411805336616)	(35.0, 4.304522269912888)	(36.0, 4.863117905541086)	(37.0, 5.40039010121439)	(38.0, 5.820514195785808)	(39.0, 6.1397117018590635)	(40.0, 6.330052837652747)	(41.0, 6.334042806478663)	(42.0, 6.130881442982037)	(43.0, 5.728352456839657)	(44.0, 5.158244780008817)	(45.0, 4.511019508985279)	(46.0, 3.8190542596514727)	(47.0, 3.0611564107025355)	(48.0, 2.368537068118579)	(49.0, 1.8106609350655465)	(50.0, 1.3307527174304077)	(51.0, 0.9388200419404592)	(52.0, 0.6536353848750094)	(53.0, 0.45112811462853386)	(54.0, 0.3041533613198032)	(55.0, 0.20394627539680565)	(56.0, 0.1390602249819143)	(57.0, 0.09229255759618114)	(58.0, 0.06508227838993638)	(59.0, 0.04362801978501263)	(60.0, 0.030219108156935282)	(61.0, 0.023416538355374095)	(62.0, 0.017660517754053088)	(63.0, 0.014193823528257482)	(64.0, 0.010727129302461877)	(65.0, 0.007652891026756339)	(66.0, 0.007979937651831396)	(67.0, 0.006737160476546178)	(68.0, 0.0035975128758256297)	(69.0, 0.0022893263755254007)	(70.0, 0.002093098400480366)	(71.0, 0.0013735958253152402)	(72.0, 0.0006540932501501144)	(73.0, 0.0001962279750450343)	(74.0, 0.00026163730006004577)	(75.0, 0.0001962279750450343)	(76.0, 0.00013081865003002288)	(77.0, 0.0003924559500900686)	(78.0, 0.0004578652751050801)	(79.0, 0.0003270466250750572)	(80.0, 0.0001962279750450343)	(81.0, 0.0)	(82.0, 0.0001962279750450343)	(83.0, 0.00026163730006004577)	(84.0, 6.540932501501144e-05)	(85.0, 0.0)	(86.0, 0.00013081865003002288)	(87.0, 0.0003270466250750572)	(88.0, 0.0001962279750450343)	(89.0, 0.0)	(90.0, 6.540932501501144e-05)	(91.0, 6.540932501501144e-05)	(92.0, 0.0)	(93.0, 0.0)	(94.0, 6.540932501501144e-05)	(95.0, 6.540932501501144e-05)	(96.0, 0.00013081865003002288)	(97.0, 0.00013081865003002288)	(98.0, 6.540932501501144e-05)	(99.0, 6.540932501501144e-05)	(100.0, 0.0)
PID-2861-32_S227_R2_001	(0.0, 0.0)	(1.0, 0.0)	(2.0, 0.0)	(3.0, 0.0)	(4.0, 0.0)	(5.0, 0.0001309798009499965)	(6.0, 0.0001309798009499965)	(7.0, 0.00019646970142499475)	(8.0, 0.00032744950237499127)	(9.0, 0.0016372475118749561)	(10.0, 0.003209005123274914)	(11.0, 0.006418010246549828)	(12.0, 0.010281914374574725)	(13.0, 0.015783066014474576)	(14.0, 0.029601435014699206)	(15.0, 0.05258839008142359)	(16.0, 0.08042159778329785)	(17.0, 0.12534766950914664)	(18.0, 0.17642979187964528)	(19.0, 0.22646407584254394)	(20.0, 0.298241006763142)	(21.0, 0.374405761015565)	(22.0, 0.46897317730146243)	(23.0, 0.5874444072607343)	(24.0, 0.7277237740781806)	(25.0, 0.8748140905450267)	(26.0, 1.0315314223816974)	(27.0, 1.232388947138517)	(28.0, 1.4706412050665607)	(29.0, 1.7386258778102535)	(30.0, 2.0303178945258957)	(31.0, 2.388875099626511)	(32.0, 2.8227456902733743)	(33.0, 3.299643145532312)	(34.0, 3.782631161535424)	(35.0, 4.29528610245371)	(36.0, 4.85450436260972)	(37.0, 5.366962833826581)	(38.0, 5.78452643925517)	(39.0, 6.137451512914936)	(40.0, 6.347281154036829)	(41.0, 6.302158612609557)	(42.0, 6.0504809250841385)	(43.0, 5.662191305167873)	(44.0, 5.144231682311112)	(45.0, 4.499483612134755)	(46.0, 3.775034333080324)	(47.0, 3.0434466548741184)	(48.0, 2.3776108367448114)	(49.0, 1.796846399332527)	(50.0, 1.3192940450688397)	(51.0, 0.9456741628589748)	(52.0, 0.6531962673376325)	(53.0, 0.45666107601216277)	(54.0, 0.3114699666590917)	(55.0, 0.20406652988009455)	(56.0, 0.14034485671792124)	(57.0, 0.09581172439492244)	(58.0, 0.0705981127120481)	(59.0, 0.05370171838949856)	(60.0, 0.039097470583573955)	(61.0, 0.030518293621349186)	(62.0, 0.024624202578599343)	(63.0, 0.018861091336799495)	(64.0, 0.01650345491969956)	(65.0, 0.014473268004974612)	(66.0, 0.012115631587874676)	(67.0, 0.010150934573624728)	(68.0, 0.008448197161274774)	(69.0, 0.006941929450349815)	(70.0, 0.005173702137524861)	(71.0, 0.004649782933724876)	(72.0, 0.0040603738294498915)	(73.0, 0.0029470455213749212)	(74.0, 0.0024886162180499335)	(75.0, 0.0029470455213749212)	(76.0, 0.0035364546256499057)	(77.0, 0.0033399849242249104)	(78.0, 0.0032744950237499123)	(79.0, 0.003994883928974893)	(80.0, 0.0035364546256499057)	(81.0, 0.0022921465166249387)	(82.0, 0.0024231263175749354)	(83.0, 0.0032744950237499123)	(84.0, 0.003143515222799916)	(85.0, 0.0024886162180499335)	(86.0, 0.002095676815199944)	(87.0, 0.0022921465166249387)	(88.0, 0.002816065720424925)	(89.0, 0.0029470455213749212)	(90.0, 0.0027505758199499264)	(91.0, 0.0033399849242249104)	(92.0, 0.0036019445261249038)	(93.0, 0.0034054748246999085)	(94.0, 0.0033399849242249104)	(95.0, 0.0037329243270749)	(96.0, 0.005763111241799845)	(97.0, 0.007989767857949786)	(98.0, 0.012181121488349675)	(99.0, 0.023314404569099376)	(100.0, 0.13883858900699628)
PID-2861-33_S228_R1_001	(0.0, 0.0)	(1.0, 0.0)	(2.0, 0.0)	(3.0, 0.0)	(4.0, 4.060114048603625e-05)	(5.0, 0.00012180342145810875)	(6.0, 8.12022809720725e-05)	(7.0, 0.00012180342145810875)	(8.0, 0.0003654102643743263)	(9.0, 0.0010962307931229789)	(10.0, 0.0025172707101342477)	(11.0, 0.004790934577352278)	(12.0, 0.008566840642553648)	(13.0, 0.017864501813855953)	(14.0, 0.03451096941313082)	(15.0, 0.058587445721350315)	(16.0, 0.08956611591219597)	(17.0, 0.13390256132294756)	(18.0, 0.18664344281430864)	(19.0, 0.23771967754574225)	(20.0, 0.305685986719367)	(21.0, 0.3889183247157413)	(22.0, 0.4862798596012562)	(23.0, 0.5838444001892014)	(24.0, 0.7013034996153041)	(25.0, 0.8503096851990571)	(26.0, 1.0047564236079392)	(27.0, 1.1995606956599412)	(28.0, 1.438011193734432)	(29.0, 1.6929051537057678)	(30.0, 1.9907957214518157)	(31.0, 2.3625803648824495)	(32.0, 2.7742759294108574)	(33.0, 3.2226749249386413)	(34.0, 3.7308387992618717)	(35.0, 4.296250281670412)	(36.0, 4.856586621518198)	(37.0, 5.334665050741275)	(38.0, 5.772751356585607)	(39.0, 6.160289242524822)	(40.0, 6.384448139148229)	(41.0, 6.405966743605827)	(42.0, 6.181239431015618)	(43.0, 5.746320014129197)	(44.0, 5.211399988225669)	(45.0, 4.567547102398106)	(46.0, 3.8338032915344593)	(47.0, 3.0720040925949608)	(48.0, 2.37476070702826)	(49.0, 1.8113792816440215)	(50.0, 1.3503533314250797)	(51.0, 0.964195884262389)	(52.0, 0.6649654788803018)	(53.0, 0.4550981837079804)	(54.0, 0.3051175707525624)	(55.0, 0.21157254307273493)	(56.0, 0.14807235935257423)	(57.0, 0.09963519875273295)	(58.0, 0.07072718672667516)	(59.0, 0.04965519481442234)	(60.0, 0.0351605876609074)	(61.0, 0.026593747018353743)	(62.0, 0.022533632969750122)	(63.0, 0.018554721202118568)	(64.0, 0.014332202591570798)	(65.0, 0.01084050450977168)	(66.0, 0.009338262311788338)	(67.0, 0.007957823535263106)	(68.0, 0.005156344841726604)	(69.0, 0.0027608775530504654)	(70.0, 0.002395467288676139)	(71.0, 0.002111259305273885)	(72.0, 0.00129923649555316)	(73.0, 0.0005278148263184713)	(74.0, 0.0004060114048603625)	(75.0, 0.0002436068429162175)	(76.0, 0.000162404561944145)	(77.0, 0.00020300570243018124)	(78.0, 0.000162404561944145)	(79.0, 8.12022809720725e-05)	(80.0, 0.000162404561944145)	(81.0, 0.00012180342145810875)	(82.0, 0.0)	(83.0, 4.060114048603625e-05)	(84.0, 4.060114048603625e-05)	(85.0, 4.060114048603625e-05)	(86.0, 8.12022809720725e-05)	(87.0, 4.060114048603625e-05)	(88.0, 0.0)	(89.0, 0.0)	(90.0, 0.0)	(91.0, 0.0)	(92.0, 4.060114048603625e-05)	(93.0, 8.12022809720725e-05)	(94.0, 0.00012180342145810875)	(95.0, 8.12022809720725e-05)	(96.0, 4.060114048603625e-05)	(97.0, 4.060114048603625e-05)	(98.0, 4.060114048603625e-05)	(99.0, 8.12022809720725e-05)	(100.0, 8.12022809720725e-05)
PID-2861-33_S228_R2_001	(0.0, 0.0)	(1.0, 0.0)	(2.0, 0.0)	(3.0, 0.0)	(4.0, 0.0)	(5.0, 0.0)	(6.0, 0.00012200666807109897)	(7.0, 0.00024401333614219794)	(8.0, 0.00048802667228439587)	(9.0, 0.001016722233925825)	(10.0, 0.003131504480491541)	(11.0, 0.005856320067412751)	(12.0, 0.009557188998902753)	(13.0, 0.019236384665876606)	(14.0, 0.03403986039183662)	(15.0, 0.05701778287856026)	(16.0, 0.08507931653491302)	(17.0, 0.12147797250945755)	(18.0, 0.172558097541891)	(19.0, 0.22367889146368147)	(20.0, 0.295825501183058)	(21.0, 0.3851343822111024)	(22.0, 0.46988834763115916)	(23.0, 0.5653382309521157)	(24.0, 0.6877109190274279)	(25.0, 0.8414393207970127)	(26.0, 1.000861367076582)	(27.0, 1.1838713691832303)	(28.0, 1.4192629007817374)	(29.0, 1.6829599793727394)	(30.0, 1.988302000665343)	(31.0, 2.354199998210569)	(32.0, 2.7737402608177213)	(33.0, 3.2312652660843426)	(34.0, 3.7215693961727325)	(35.0, 4.241805828827898)	(36.0, 4.8032398464017385)	(37.0, 5.356052059431888)	(38.0, 5.772379479779835)	(39.0, 6.1157469126212645)	(40.0, 6.365860582167017)	(41.0, 6.362322388792956)	(42.0, 6.138765503997345)	(43.0, 5.73488276379265)	(44.0, 5.174384130674022)	(45.0, 4.531775009943543)	(46.0, 3.8250717195863806)	(47.0, 3.080139673233608)	(48.0, 2.3981223987161644)	(49.0, 1.8229016276502898)	(50.0, 1.3574461889590472)	(51.0, 0.9795508690534968)	(52.0, 0.675550921109675)	(53.0, 0.4658214586954559)	(54.0, 0.31396382583629473)	(55.0, 0.2135930069031373)	(56.0, 0.1554364951225801)	(57.0, 0.10911463014491951)	(58.0, 0.076416843101865)	(59.0, 0.056936445099846196)	(60.0, 0.04229564493131431)	(61.0, 0.03347049594083815)	(62.0, 0.028305546992494966)	(63.0, 0.023303273601579903)	(64.0, 0.020212438010445397)	(65.0, 0.01817899354259375)	(66.0, 0.01643023130024133)	(67.0, 0.013136051262321657)	(68.0, 0.008743811211762093)	(69.0, 0.006954380080052642)	(70.0, 0.007523744531051104)	(71.0, 0.0064256845184112125)	(72.0, 0.00435157116120253)	(73.0, 0.0038228755995611016)	(74.0, 0.0038228755995611016)	(75.0, 0.0035381933740618707)	(76.0, 0.003660200042132969)	(77.0, 0.0032941800379196725)	(78.0, 0.0029688289230634084)	(79.0, 0.0035381933740618707)	(80.0, 0.0033755178166337387)	(81.0, 0.0026841466975641775)	(82.0, 0.0026841466975641775)	(83.0, 0.0028874911443493422)	(84.0, 0.0030908355911345078)	(85.0, 0.0033348489272767056)	(86.0, 0.0032535111485626394)	(87.0, 0.0035381933740618707)	(88.0, 0.0037822067102040685)	(89.0, 0.0034568555953478045)	(90.0, 0.0030908355911345078)	(91.0, 0.0026028089188501117)	(92.0, 0.0030501667017774747)	(93.0, 0.004148226714417365)	(94.0, 0.004310902271845498)	(95.0, 0.004026220046346267)	(96.0, 0.00516494894834319)	(97.0, 0.00841846009690583)	(98.0, 0.012851369036822425)	(99.0, 0.02240855803572518)	(100.0, 0.1817085976472234)
PID-2861-34_S229_R1_001	(0.0, 0.0)	(1.0, 0.0)	(2.0, 0.0)	(3.0, 0.0)	(4.0, 5.6884762847423684e-05)	(5.0, 5.6884762847423684e-05)	(6.0, 0.0)	(7.0, 0.00022753905138969474)	(8.0, 0.0006257323913216606)	(9.0, 0.0007963866798639316)	(10.0, 0.002047851462507253)	(11.0, 0.004209472450709352)	(12.0, 0.006655517253148571)	(13.0, 0.01621215741151575)	(14.0, 0.03168481290601499)	(15.0, 0.053642331365120546)	(16.0, 0.0847582966426613)	(17.0, 0.12719432972683936)	(18.0, 0.17355541144748968)	(19.0, 0.22145238176502044)	(20.0, 0.2971091163520939)	(21.0, 0.389888164556242)	(22.0, 0.48181394131767863)	(23.0, 0.572886446636404)	(24.0, 0.6967245753552453)	(25.0, 0.8542384836797615)	(26.0, 1.0144828606209542)	(27.0, 1.195717715052846)	(28.0, 1.416316825375155)	(29.0, 1.6897618803827206)	(30.0, 1.9956881349761653)	(31.0, 2.3560531076145943)	(32.0, 2.7907095805317588)	(33.0, 3.2529551634299234)	(34.0, 3.7398887334038706)	(35.0, 4.283195103359614)	(36.0, 4.830028328611898)	(37.0, 5.373676007144726)	(38.0, 5.860723346644368)	(39.0, 6.209028749559143)	(40.0, 6.429969168458537)	(41.0, 6.410628349090413)	(42.0, 6.171143497502759)	(43.0, 5.768228722254457)	(44.0, 5.168777091368306)	(45.0, 4.5052163327531085)	(46.0, 3.8250452233864642)	(47.0, 3.0665437955789163)	(48.0, 2.374938848879939)	(49.0, 1.8172406339237974)	(50.0, 1.3420253250964198)	(51.0, 0.9589633320818686)	(52.0, 0.6629919109867232)	(53.0, 0.45672776090196476)	(54.0, 0.30774656700456215)	(55.0, 0.20398875957086132)	(56.0, 0.13914012992479835)	(57.0, 0.0989226025916698)	(58.0, 0.0696269497252466)	(59.0, 0.04687304458627712)	(60.0, 0.036178709170961464)	(61.0, 0.02747534045530564)	(62.0, 0.020250975573682835)	(63.0, 0.014334960237550771)	(64.0, 0.011376952569484738)	(65.0, 0.010523681126773382)	(66.0, 0.009044677292740366)	(67.0, 0.007508788695859927)	(68.0, 0.004550781027793895)	(69.0, 0.002104736225354676)	(70.0, 0.0017634276482701345)	(71.0, 0.0014790038340330158)	(72.0, 0.0011376952569484738)	(73.0, 0.0006257323913216606)	(74.0, 0.0003981933399319658)	(75.0, 0.0004550781027793895)	(76.0, 5.6884762847423684e-05)	(77.0, 5.6884762847423684e-05)	(78.0, 0.00017065428854227106)	(79.0, 0.00011376952569484737)	(80.0, 0.0)	(81.0, 5.6884762847423684e-05)	(82.0, 0.00011376952569484737)	(83.0, 5.6884762847423684e-05)	(84.0, 0.00022753905138969474)	(85.0, 0.0003981933399319658)	(86.0, 0.0003413085770845421)	(87.0, 0.00017065428854227106)	(88.0, 0.0)	(89.0, 0.0)	(90.0, 0.0)	(91.0, 0.0)	(92.0, 0.0)	(93.0, 0.0)	(94.0, 0.0)	(95.0, 0.0)	(96.0, 0.0)	(97.0, 0.0)	(98.0, 5.6884762847423684e-05)	(99.0, 0.00011376952569484737)	(100.0, 5.6884762847423684e-05)
PID-2861-34_S229_R2_001	(0.0, 0.0)	(1.0, 0.0)	(2.0, 0.0)	(3.0, 0.0)	(4.0, 0.0)	(5.0, 0.0)	(6.0, 0.0)	(7.0, 5.695153253726481e-05)	(8.0, 0.00017085459761179443)	(9.0, 0.0007973214555217073)	(10.0, 0.0025058674316396517)	(11.0, 0.00472697720059298)	(12.0, 0.007973214555217075)	(13.0, 0.015547768382673292)	(14.0, 0.028532717801169668)	(15.0, 0.048807463384435944)	(16.0, 0.07625810206739758)	(17.0, 0.11242232522856074)	(18.0, 0.15969209723449052)	(19.0, 0.21499203532817468)	(20.0, 0.2896554944845288)	(21.0, 0.36796385172326795)	(22.0, 0.4535050535942397)	(23.0, 0.5568151336168381)	(24.0, 0.6871771915946372)	(25.0, 0.8391238804040597)	(26.0, 0.9877673803263209)	(27.0, 1.1756504861667576)	(28.0, 1.4183209663080427)	(29.0, 1.6594537550708222)	(30.0, 1.9365229608646155)	(31.0, 2.320945805491153)	(32.0, 2.7513854884078004)	(33.0, 3.2056309119250246)	(34.0, 3.7106771024654885)	(35.0, 4.234346444145639)	(36.0, 4.760521653257428)	(37.0, 5.303440612935174)	(38.0, 5.747093051400467)	(39.0, 6.132142362884914)	(40.0, 6.435010612918088)	(41.0, 6.436833061959281)	(42.0, 6.185505948872331)	(43.0, 5.794191968808785)	(44.0, 5.2516147183262625)	(45.0, 4.575315269446243)	(46.0, 3.8462787014367166)	(47.0, 3.113540283812267)	(48.0, 2.4254518676970336)	(49.0, 1.827631630653365)	(50.0, 1.3556173289845144)	(51.0, 0.9776300075346878)	(52.0, 0.6811403291456871)	(53.0, 0.4750896844258631)	(54.0, 0.3181312607531612)	(55.0, 0.21447947153533925)	(56.0, 0.1559902476195683)	(57.0, 0.11088463385005459)	(58.0, 0.07716932658799383)	(59.0, 0.05182589460891098)	(60.0, 0.04060644269906981)	(61.0, 0.03468348331519427)	(62.0, 0.027279784085349847)	(63.0, 0.022325000754607804)	(64.0, 0.018395345009536535)	(65.0, 0.01560471991521056)	(66.0, 0.013554464743869026)	(67.0, 0.011788967235213816)	(68.0, 0.008941390608350575)	(69.0, 0.00757455382745622)	(70.0, 0.007460650762381691)	(71.0, 0.007061990034620836)	(72.0, 0.006093813981487335)	(73.0, 0.0044991710704439195)	(74.0, 0.004271364940294861)	(75.0, 0.004100510342683066)	(76.0, 0.003189285822086829)	(77.0, 0.0030753827570123)	(78.0, 0.003018431224475035)	(79.0, 0.003530995017310418)	(80.0, 0.003018431224475035)	(81.0, 0.0023350128340278572)	(82.0, 0.003189285822086829)	(83.0, 0.0037018496149222127)	(84.0, 0.0028475766268632407)	(85.0, 0.0022780613014905925)	(86.0, 0.00296147969193777)	(87.0, 0.003189285822086829)	(88.0, 0.0030753827570123)	(89.0, 0.0037018496149222127)	(90.0, 0.003929655745071272)	(91.0, 0.003587946549847683)	(92.0, 0.0033601404196986237)	(93.0, 0.0027906250943259756)	(94.0, 0.003587946549847683)	(95.0, 0.004556122602981185)	(96.0, 0.0048408802656675085)	(97.0, 0.006834183904471778)	(98.0, 0.0123015310280492)	(99.0, 0.02380574060057669)	(100.0, 0.13309573153958787)
PID-2861-35_S230_R1_001	(0.0, 0.0)	(1.0, 0.0)	(2.0, 0.0)	(3.0, 0.0)	(4.0, 5.796120308910028e-05)	(5.0, 0.00017388360926730084)	(6.0, 0.00023184481235640113)	(7.0, 0.0005796120308910028)	(8.0, 0.0009273792494256045)	(9.0, 0.0015649524834057075)	(10.0, 0.003709516997702418)	(11.0, 0.005912042715088229)	(12.0, 0.010375055352948949)	(13.0, 0.022315063189303607)	(14.0, 0.03958750170985549)	(15.0, 0.06822033603587102)	(16.0, 0.09696909276806477)	(17.0, 0.14194698636520658)	(18.0, 0.20298013321802919)	(19.0, 0.25514521599821943)	(20.0, 0.338145658821811)	(21.0, 0.44131660032040954)	(22.0, 0.5428066669294241)	(23.0, 0.636935660746123)	(24.0, 0.7654356479946582)	(25.0, 0.9332333309376037)	(26.0, 1.0906559585276)	(27.0, 1.2801311314258688)	(28.0, 1.5320305200510986)	(29.0, 1.8055494374285628)	(30.0, 2.082488065788284)	(31.0, 2.4012746827783356)	(32.0, 2.817899810582788)	(33.0, 3.2711564187395528)	(34.0, 3.741395659401423)	(35.0, 4.274290960602611)	(36.0, 4.786957801925703)	(37.0, 5.309072319352318)	(38.0, 5.75091057050053)	(39.0, 6.028660655703498)	(40.0, 6.230945254484458)	(41.0, 6.258940515576494)	(42.0, 6.055786498749197)	(43.0, 5.636379233196467)	(44.0, 5.10470111726015)	(45.0, 4.511758009658655)	(46.0, 3.776230342457972)	(47.0, 3.0302116974981628)	(48.0, 2.35716620722753)	(49.0, 1.7875235032678527)	(50.0, 1.3309631065350098)	(51.0, 0.952476450363185)	(52.0, 0.6778562701270278)	(53.0, 0.4776582746572754)	(54.0, 0.32174263834759564)	(55.0, 0.22233917504978867)	(56.0, 0.1630448642896391)	(57.0, 0.11470522091332946)	(58.0, 0.07685655529614698)	(59.0, 0.050426246687517245)	(60.0, 0.038776044866608086)	(61.0, 0.03182070049591606)	(62.0, 0.025676812968471425)	(63.0, 0.020286421081185096)	(64.0, 0.015881369646413478)	(65.0, 0.013157193101225763)	(66.0, 0.01049097775912715)	(67.0, 0.007187189183048434)	(68.0, 0.003999323013147919)	(69.0, 0.003303788576078716)	(70.0, 0.0034197109822569167)	(71.0, 0.002724176545187713)	(72.0, 0.0016808748895839082)	(73.0, 0.0006375732339801031)	(74.0, 0.0002898060154455014)	(75.0, 0.00011592240617820056)	(76.0, 0.00017388360926730084)	(77.0, 0.00017388360926730084)	(78.0, 0.00011592240617820056)	(79.0, 5.796120308910028e-05)	(80.0, 5.796120308910028e-05)	(81.0, 5.796120308910028e-05)	(82.0, 0.00011592240617820056)	(83.0, 0.00011592240617820056)	(84.0, 0.0)	(85.0, 0.0)	(86.0, 0.0)	(87.0, 5.796120308910028e-05)	(88.0, 5.796120308910028e-05)	(89.0, 0.0)	(90.0, 0.0)	(91.0, 0.0)	(92.0, 5.796120308910028e-05)	(93.0, 5.796120308910028e-05)	(94.0, 5.796120308910028e-05)	(95.0, 5.796120308910028e-05)	(96.0, 0.00011592240617820056)	(97.0, 0.00023184481235640113)	(98.0, 0.00017388360926730084)	(99.0, 5.796120308910028e-05)	(100.0, 0.0)
PID-2861-35_S230_R2_001	(0.0, 0.0)	(1.0, 0.0)	(2.0, 0.0)	(3.0, 0.0)	(4.0, 5.803665479043254e-05)	(5.0, 5.803665479043254e-05)	(6.0, 5.803665479043254e-05)	(7.0, 5.803665479043254e-05)	(8.0, 0.0005223298931138928)	(9.0, 0.001915209608084274)	(10.0, 0.003946492525749413)	(11.0, 0.005513482205091092)	(12.0, 0.009053718147307478)	(13.0, 0.01984853593832793)	(14.0, 0.03575057935090644)	(15.0, 0.0609965241847446)	(16.0, 0.09622477364253716)	(17.0, 0.14735506651290822)	(18.0, 0.20533368464855034)	(19.0, 0.25066031203987815)	(20.0, 0.32529545010037436)	(21.0, 0.42210059029081587)	(22.0, 0.5190798404456286)	(23.0, 0.6150144308142137)	(24.0, 0.741592374912147)	(25.0, 0.9064164745169754)	(26.0, 1.0746647367544393)	(27.0, 1.261949021763165)	(28.0, 1.4799346971560299)	(29.0, 1.7525328647066913)	(30.0, 2.0730112724594596)	(31.0, 2.4247134004894813)	(32.0, 2.826501161603646)	(33.0, 3.220105754392359)	(34.0, 3.7105735240263047)	(35.0, 4.247644727456967)	(36.0, 4.720527390689411)	(37.0, 5.235776811918872)	(38.0, 5.675810728539931)	(39.0, 5.983288925619642)	(40.0, 6.218511487485266)	(41.0, 6.262271125197253)	(42.0, 6.02443691386606)	(43.0, 5.612492738163569)	(44.0, 5.10536844860477)	(45.0, 4.4801395665474395)	(46.0, 3.7702932418056596)	(47.0, 3.0629424932198677)	(48.0, 2.397610282702349)	(49.0, 1.8314046785668892)	(50.0, 1.381214347357504)	(51.0, 1.0145387623915512)	(52.0, 0.7187839695795071)	(53.0, 0.5007982941866423)	(54.0, 0.34421539956205544)	(55.0, 0.24224499709526542)	(56.0, 0.17869486009974178)	(57.0, 0.12547524765691515)	(58.0, 0.08479155264882195)	(59.0, 0.06030008432725941)	(60.0, 0.04735791030899296)	(61.0, 0.03772382561378115)	(62.0, 0.03052728041976752)	(63.0, 0.024665578285933833)	(64.0, 0.020022645902699227)	(65.0, 0.01799136298503409)	(66.0, 0.015669896793416786)	(67.0, 0.01346450391138035)	(68.0, 0.011723404267667372)	(69.0, 0.007892985051498826)	(70.0, 0.0066161786461093105)	(71.0, 0.006209922062576282)	(72.0, 0.005281335585929361)	(73.0, 0.004584895728444171)	(74.0, 0.0038884558709589806)	(75.0, 0.003540235942216385)	(76.0, 0.0037143459065876825)	(77.0, 0.0042366757997015754)	(78.0, 0.004004529180539846)	(79.0, 0.003540235942216385)	(80.0, 0.0031339793586833576)	(81.0, 0.00295986939431206)	(82.0, 0.00365630925179725)	(83.0, 0.004062565835330278)	(84.0, 0.0037143459065876825)	(85.0, 0.003540235942216385)	(86.0, 0.0035982725970068173)	(87.0, 0.00319201601347379)	(88.0, 0.00342416263263552)	(89.0, 0.003946492525749413)	(90.0, 0.003540235942216385)	(91.0, 0.00365630925179725)	(92.0, 0.004468822418863305)	(93.0, 0.003830419216168548)	(94.0, 0.004004529180539846)	(95.0, 0.004584895728444171)	(96.0, 0.004991152311977199)	(97.0, 0.00841531494461272)	(98.0, 0.01346450391138035)	(99.0, 0.024317358357191236)	(100.0, 0.1464264800362613)
PID-2861-36_S231_R1_001	(0.0, 0.0)	(1.0, 0.0)	(2.0, 0.0)	(3.0, 0.0)	(4.0, 4.67962360851392e-05)	(5.0, 9.35924721702784e-05)	(6.0, 0.0001871849443405568)	(7.0, 0.00042116612476625283)	(8.0, 0.00116990590212848)	(9.0, 0.0027141816929380736)	(10.0, 0.005334770913705869)	(11.0, 0.010809930535667155)	(12.0, 0.01820373583711915)	(13.0, 0.04136787269926306)	(14.0, 0.073282905709328)	(15.0, 0.11254494778475978)	(16.0, 0.15498913391398103)	(17.0, 0.2153562784638106)	(18.0, 0.2976240615014853)	(19.0, 0.36632093607446964)	(20.0, 0.47718121936016444)	(21.0, 0.6062920347190635)	(22.0, 0.7257160292083388)	(23.0, 0.8339089270371806)	(24.0, 0.9994740103064029)	(25.0, 1.2289159558318405)	(26.0, 1.4128719598825228)	(27.0, 1.6003376816395902)	(28.0, 1.8417126673667386)	(29.0, 2.1156110371730583)	(30.0, 2.421050070100762)	(31.0, 2.722417830489058)	(32.0, 3.0715645479202816)	(33.0, 3.4940877635330034)	(34.0, 3.8788464166250183)	(35.0, 4.2623883675788194)	(36.0, 4.624544438641711)	(37.0, 4.999522678391932)	(38.0, 5.335426061011061)	(39.0, 5.545353976088995)	(40.0, 5.711808187843835)	(41.0, 5.722618118379502)	(42.0, 5.429907661666957)	(43.0, 4.981599719971324)	(44.0, 4.485700006177104)	(45.0, 3.934346752621993)	(46.0, 3.3414384414232794)	(47.0, 2.6937785340049527)	(48.0, 2.1013381851670907)	(49.0, 1.6550424816231182)	(50.0, 1.3192794877122442)	(51.0, 1.0299851562339137)	(52.0, 0.782994622176549)	(53.0, 0.6043265928034877)	(54.0, 0.4716124672660329)	(55.0, 0.39697247071023584)	(56.0, 0.35434109963667404)	(57.0, 0.28672053849364787)	(58.0, 0.2127356892430428)	(59.0, 0.16706256282394694)	(60.0, 0.15550389251091756)	(61.0, 0.1347731599252009)	(62.0, 0.11071989457743935)	(63.0, 0.09256295497640533)	(64.0, 0.07641825352703231)	(65.0, 0.06509356439442864)	(66.0, 0.0563426682465076)	(67.0, 0.045111571586074185)	(68.0, 0.027188613165465874)	(69.0, 0.014740814366818848)	(70.0, 0.01296255739558356)	(71.0, 0.01165226278519966)	(72.0, 0.007955360134473663)	(73.0, 0.0037904951228962752)	(74.0, 0.0014506833186393152)	(75.0, 0.0003743698886811136)	(76.0, 0.00014038870825541758)	(77.0, 4.67962360851392e-05)	(78.0, 0.0)	(79.0, 9.35924721702784e-05)	(80.0, 0.00014038870825541758)	(81.0, 9.35924721702784e-05)	(82.0, 0.00014038870825541758)	(83.0, 9.35924721702784e-05)	(84.0, 4.67962360851392e-05)	(85.0, 9.35924721702784e-05)	(86.0, 9.35924721702784e-05)	(87.0, 9.35924721702784e-05)	(88.0, 4.67962360851392e-05)	(89.0, 4.67962360851392e-05)	(90.0, 4.67962360851392e-05)	(91.0, 0.0)	(92.0, 9.35924721702784e-05)	(93.0, 9.35924721702784e-05)	(94.0, 0.0)	(95.0, 9.35924721702784e-05)	(96.0, 0.0001871849443405568)	(97.0, 9.35924721702784e-05)	(98.0, 9.35924721702784e-05)	(99.0, 0.00014038870825541758)	(100.0, 4.67962360851392e-05)
PID-2861-36_S231_R2_001	(0.0, 0.0)	(1.0, 0.0)	(2.0, 0.0)	(3.0, 0.0)	(4.0, 0.0)	(5.0, 4.687586427374755e-05)	(6.0, 0.00032813104991623283)	(7.0, 0.0005625103712849705)	(8.0, 0.0010781448782961937)	(9.0, 0.00248442080650862)	(10.0, 0.006000110627039686)	(11.0, 0.01087520051150943)	(12.0, 0.01856284225240403)	(13.0, 0.04031324327542289)	(14.0, 0.06590746516888905)	(15.0, 0.11133017765015044)	(16.0, 0.15858104883808796)	(17.0, 0.20484752687627678)	(18.0, 0.27834888205751296)	(19.0, 0.3543815339095314)	(20.0, 0.46669610470943057)	(21.0, 0.6009954558537173)	(22.0, 0.7137319094320802)	(23.0, 0.8183119626268109)	(24.0, 0.9901588810543694)	(25.0, 1.1997877460865685)	(26.0, 1.3912756516448272)	(27.0, 1.60132639945549)	(28.0, 1.8207523201209022)	(29.0, 2.0938042295154817)	(30.0, 2.4196852379465743)	(31.0, 2.719128258927274)	(32.0, 3.0474468123006018)	(33.0, 3.464360749151312)	(34.0, 3.869790099254955)	(35.0, 4.241796958131416)	(36.0, 4.616944499914217)	(37.0, 4.998935917880986)	(38.0, 5.316426146607078)	(39.0, 5.510867231614583)	(40.0, 5.663823176739821)	(41.0, 5.661760638711776)	(42.0, 5.379942942698006)	(43.0, 4.979576185935928)	(44.0, 4.469801161958924)	(45.0, 3.9027438318393997)	(46.0, 3.3358740051769704)	(47.0, 2.6911433679558465)	(48.0, 2.1213203618441714)	(49.0, 1.688609258733208)	(50.0, 1.3366652697659112)	(51.0, 1.0452848974402966)	(52.0, 0.8003585066099655)	(53.0, 0.6209645740343338)	(54.0, 0.4895715264750194)	(55.0, 0.4148982746869395)	(56.0, 0.3614129135505936)	(57.0, 0.28673966176251375)	(58.0, 0.22167596215055216)	(59.0, 0.17798765664741942)	(60.0, 0.15661226253859054)	(61.0, 0.13528374429403542)	(62.0, 0.11634589512744141)	(63.0, 0.10097061164565221)	(64.0, 0.08198588661478445)	(65.0, 0.06829813424685018)	(66.0, 0.06098549942014556)	(67.0, 0.05109469205838483)	(68.0, 0.032813104991623286)	(69.0, 0.021141014787460145)	(70.0, 0.01950035953787898)	(71.0, 0.0162659249029904)	(72.0, 0.010125186683129471)	(73.0, 0.006750124455419646)	(74.0, 0.006000110627039686)	(75.0, 0.0052969726629334725)	(76.0, 0.0047813381559222495)	(77.0, 0.004031324327542289)	(78.0, 0.003421938091983571)	(79.0, 0.003328186363436076)	(80.0, 0.0035625656848048133)	(81.0, 0.003515689820531066)	(82.0, 0.003187558770614833)	(83.0, 0.003421938091983571)	(84.0, 0.0028594277206986005)	(85.0, 0.002812551856424853)	(86.0, 0.003421938091983571)	(87.0, 0.0034688139562573184)	(88.0, 0.003843820870447299)	(89.0, 0.003843820870447299)	(90.0, 0.0035625656848048133)	(91.0, 0.003328186363436076)	(92.0, 0.003515689820531066)	(93.0, 0.003890696734721046)	(94.0, 0.003984448463268541)	(95.0, 0.00459383469882726)	(96.0, 0.0055782278485759585)	(97.0, 0.007359510690978365)	(98.0, 0.011953345389805624)	(99.0, 0.02235978725857758)	(100.0, 0.18487840869566033)
PID-2861-37_S232_R1_001	(0.0, 0.0)	(1.0, 0.0)	(2.0, 0.0)	(3.0, 0.0)	(4.0, 0.0)	(5.0, 0.0)	(6.0, 0.00011230756099423638)	(7.0, 0.00033692268298270915)	(8.0, 0.0006738453659654183)	(9.0, 0.0017969209759077821)	(10.0, 0.003032304146844382)	(11.0, 0.006176915854683001)	(12.0, 0.009209220001527383)	(13.0, 0.017969209759077818)	(14.0, 0.03953226146997121)	(15.0, 0.07591991123210379)	(16.0, 0.11477832733610958)	(17.0, 0.158690583684856)	(18.0, 0.21967358930472633)	(19.0, 0.28177967053453906)	(20.0, 0.35051189786301173)	(21.0, 0.44282871300027404)	(22.0, 0.5471624371639197)	(23.0, 0.6653099913298562)	(24.0, 0.794351378912234)	(25.0, 0.9449558182055049)	(26.0, 1.1119571614039343)	(27.0, 1.312763080461629)	(28.0, 1.5660166305036318)	(29.0, 1.8471224556722055)	(30.0, 2.135079042061428)	(31.0, 2.4849170945584738)	(32.0, 2.8950643073094255)	(33.0, 3.348674546165146)	(34.0, 3.837998589417034)	(35.0, 4.338778003890334)	(36.0, 4.8579758583666885)	(37.0, 5.348422977228519)	(38.0, 5.7655332587611134)	(39.0, 6.085272884911704)	(40.0, 6.292031104702094)	(41.0, 6.283608037627525)	(42.0, 6.011823740021473)	(43.0, 5.5633796489714875)	(44.0, 5.025987969614067)	(45.0, 4.376401036823403)	(46.0, 3.6738049352434605)	(47.0, 2.9577319263442092)	(48.0, 2.255023517203272)	(49.0, 1.6893303324753035)	(50.0, 1.2602031419163264)	(51.0, 0.913172778444136)	(52.0, 0.6397038674231704)	(53.0, 0.4426040978782856)	(54.0, 0.29615503834180135)	(55.0, 0.20024438125272348)	(56.0, 0.14712290490244967)	(57.0, 0.10242449562674358)	(58.0, 0.06659838366958216)	(59.0, 0.04795532854453893)	(60.0, 0.03728611025008648)	(61.0, 0.026504584394639784)	(62.0, 0.02043997610095102)	(63.0, 0.016846134149135456)	(64.0, 0.010893833416440929)	(65.0, 0.007075376342636892)	(66.0, 0.00651383853766571)	(67.0, 0.005952300732694527)	(68.0, 0.003481534390821328)	(69.0, 0.002695381463861673)	(70.0, 0.002133843658890491)	(71.0, 0.00044923024397694553)	(72.0, 0.0005615378049711818)	(73.0, 0.00044923024397694553)	(74.0, 0.0005615378049711818)	(75.0, 0.00044923024397694553)	(76.0, 0.00011230756099423638)	(77.0, 0.00011230756099423638)	(78.0, 0.00011230756099423638)	(79.0, 0.00011230756099423638)	(80.0, 0.00011230756099423638)	(81.0, 0.00022461512198847277)	(82.0, 0.00011230756099423638)	(83.0, 0.0)	(84.0, 0.00011230756099423638)	(85.0, 0.00011230756099423638)	(86.0, 0.00011230756099423638)	(87.0, 0.00011230756099423638)	(88.0, 0.0)	(89.0, 0.0)	(90.0, 0.0)	(91.0, 0.0)	(92.0, 0.0)	(93.0, 0.0)	(94.0, 0.00011230756099423638)	(95.0, 0.00022461512198847277)	(96.0, 0.00011230756099423638)	(97.0, 0.00011230756099423638)	(98.0, 0.00011230756099423638)	(99.0, 0.0)	(100.0, 0.0)
PID-2861-37_S232_R2_001	(0.0, 0.0)	(1.0, 0.0)	(2.0, 0.0)	(3.0, 0.0)	(4.0, 0.0)	(5.0, 0.0001123965530225119)	(6.0, 0.0001123965530225119)	(7.0, 0.0)	(8.0, 0.00033718965906753574)	(9.0, 0.001236362083247631)	(10.0, 0.003034706931607821)	(11.0, 0.004833051779968012)	(12.0, 0.010340482878071097)	(13.0, 0.02304129336961494)	(14.0, 0.037540448709518975)	(15.0, 0.06530239730607941)	(16.0, 0.1039668115458235)	(17.0, 0.15330889832270625)	(18.0, 0.2078212265386245)	(19.0, 0.2662674341103307)	(20.0, 0.3614673145203983)	(21.0, 0.4541944707639706)	(22.0, 0.5443365062880252)	(23.0, 0.6539231454849742)	(24.0, 0.7822800090366828)	(25.0, 0.9444682350481676)	(26.0, 1.105757288635472)	(27.0, 1.3017768771067328)	(28.0, 1.5590525869752627)	(29.0, 1.8334125729032142)	(30.0, 2.157676628373161)	(31.0, 2.5204927015298297)	(32.0, 2.886568274724151)	(33.0, 3.3464949696922694)	(34.0, 3.852729044505663)	(35.0, 4.365144929735295)	(36.0, 4.901613677311744)	(37.0, 5.395034545080572)	(38.0, 5.795840653158849)	(39.0, 6.101109691167991)	(40.0, 6.2616119688841385)	(41.0, 6.224296313280664)	(42.0, 5.9812949656459935)	(43.0, 5.564191357379452)	(44.0, 5.0109755234026485)	(45.0, 4.315353256746322)	(46.0, 3.6183822314537255)	(47.0, 2.9094971715407434)	(48.0, 2.2346682671935816)	(49.0, 1.6951648126855245)	(50.0, 1.2480513247619722)	(51.0, 0.8917542516806095)	(52.0, 0.6234636796158736)	(53.0, 0.439133332658954)	(54.0, 0.29672689997943147)	(55.0, 0.20422453684190411)	(56.0, 0.14802626033064817)	(57.0, 0.1027304494625759)	(58.0, 0.07238338014649766)	(59.0, 0.0528263799205806)	(60.0, 0.04057515564112679)	(61.0, 0.031808224505370866)	(62.0, 0.026188396854245274)	(63.0, 0.01966939677893958)	(64.0, 0.016634689847331765)	(65.0, 0.014161965680836499)	(66.0, 0.010228086325048584)	(67.0, 0.009553707006913513)	(68.0, 0.008429741476688393)	(69.0, 0.006069413863215642)	(70.0, 0.004945448332990524)	(71.0, 0.004046275908810428)	(72.0, 0.0032595000376528455)	(73.0, 0.0037090862497428934)	(74.0, 0.0033718965906753572)	(75.0, 0.003034706931607821)	(76.0, 0.003147103484630333)	(77.0, 0.0028099138255627976)	(78.0, 0.002697517272540286)	(79.0, 0.0019107414013827023)	(80.0, 0.0016859482953376786)	(81.0, 0.002023137954405214)	(82.0, 0.002023137954405214)	(83.0, 0.002585120719517774)	(84.0, 0.0029223103785853094)	(85.0, 0.0021355345074277263)	(86.0, 0.0016859482953376786)	(87.0, 0.00236032761347275)	(88.0, 0.002247931060450238)	(89.0, 0.002585120719517774)	(90.0, 0.00236032761347275)	(91.0, 0.0021355345074277263)	(92.0, 0.002472724166495262)	(93.0, 0.002023137954405214)	(94.0, 0.002023137954405214)	(95.0, 0.0019107414013827023)	(96.0, 0.002023137954405214)	(97.0, 0.003933879355787917)	(98.0, 0.007642965605530809)	(99.0, 0.012588413938521332)	(100.0, 0.08699493203942421)
PID-2861-38_S233_R1_001	(0.0, 0.0)	(1.0, 0.0)	(2.0, 0.0)	(3.0, 0.0)	(4.0, 0.0)	(5.0, 0.0)	(6.0, 0.00022915324210589995)	(7.0, 0.00032081453894826)	(8.0, 0.0005041371326329799)	(9.0, 0.00128325815579304)	(10.0, 0.0028415002021131594)	(11.0, 0.005408016513699239)	(12.0, 0.008432839309497118)	(13.0, 0.01892805779794734)	(14.0, 0.03703116392431344)	(15.0, 0.06462121427386379)	(16.0, 0.09807758762132518)	(17.0, 0.14244165529302744)	(18.0, 0.19798840117949754)	(19.0, 0.2519310743712264)	(20.0, 0.3380468627546236)	(21.0, 0.4431823702328105)	(22.0, 0.539335070620446)	(23.0, 0.6349378032270276)	(24.0, 0.7718797807095135)	(25.0, 0.9509401240910635)	(26.0, 1.1207885071399568)	(27.0, 1.3103898996583783)	(28.0, 1.5537964734232654)	(29.0, 1.8287803639503453)	(30.0, 2.1386872085743645)	(31.0, 2.500153532672211)	(32.0, 2.8972761012417356)	(33.0, 3.3566825210156437)	(34.0, 3.8483995479264843)	(35.0, 4.314680564963568)	(36.0, 4.803968567508086)	(37.0, 5.325521346541115)	(38.0, 5.756237780403365)	(39.0, 6.071552641541083)	(40.0, 6.2504296623289495)	(41.0, 6.252033735023691)	(42.0, 6.036400534202039)	(43.0, 5.593859793047124)	(44.0, 5.0284012528266055)	(45.0, 4.357165576050003)	(46.0, 3.655864993909107)	(47.0, 2.9522728793471518)	(48.0, 2.2986361715642825)	(49.0, 1.761271818825947)	(50.0, 1.3100232544710089)	(51.0, 0.9343035987141753)	(52.0, 0.6474037395975886)	(53.0, 0.46229375062444256)	(54.0, 0.3211811841356294)	(55.0, 0.2251659756932573)	(56.0, 0.16686939090151634)	(57.0, 0.1129267177097875)	(58.0, 0.07346652941915152)	(59.0, 0.051651140770669846)	(60.0, 0.043080809515909195)	(61.0, 0.032998066863249596)	(62.0, 0.023602783936907696)	(63.0, 0.018332259368471996)	(64.0, 0.013107565448457478)	(65.0, 0.010724371730556119)	(66.0, 0.009441113574763078)	(67.0, 0.007699548934758238)	(68.0, 0.004583064842117999)	(69.0, 0.00256651631158608)	(70.0, 0.0023831937179013595)	(71.0, 0.0018790565852683796)	(72.0, 0.0006874597263176999)	(73.0, 0.00032081453894826)	(74.0, 0.00022915324210589995)	(75.0, 9.166129684236e-05)	(76.0, 0.0)	(77.0, 4.583064842118e-05)	(78.0, 0.00018332259368472)	(79.0, 0.00013749194526354)	(80.0, 0.0)	(81.0, 0.0)	(82.0, 4.583064842118e-05)	(83.0, 9.166129684236e-05)	(84.0, 4.583064842118e-05)	(85.0, 0.00013749194526354)	(86.0, 0.00013749194526354)	(87.0, 0.0)	(88.0, 0.0)	(89.0, 0.0)	(90.0, 0.0)	(91.0, 0.0)	(92.0, 4.583064842118e-05)	(93.0, 0.00013749194526354)	(94.0, 9.166129684236e-05)	(95.0, 0.0)	(96.0, 4.583064842118e-05)	(97.0, 0.00013749194526354)	(98.0, 9.166129684236e-05)	(99.0, 0.0)	(100.0, 0.0)
PID-2861-38_S233_R2_001	(0.0, 0.0)	(1.0, 0.0)	(2.0, 0.0)	(3.0, 0.0)	(4.0, 0.0)	(5.0, 9.177486158056502e-05)	(6.0, 0.00018354972316113005)	(7.0, 0.00013766229237084754)	(8.0, 0.00022943715395141255)	(9.0, 0.0007800863234348026)	(10.0, 0.0021567092471432778)	(11.0, 0.004083981340335143)	(12.0, 0.007387876357235484)	(13.0, 0.015464064176325204)	(14.0, 0.03189176439924635)	(15.0, 0.062315131013203656)	(16.0, 0.09420689541244999)	(17.0, 0.13830471640191147)	(18.0, 0.19598521690529658)	(19.0, 0.2542163665781651)	(20.0, 0.3401635244483643)	(21.0, 0.4354258307689907)	(22.0, 0.5341296943988885)	(23.0, 0.6343019558140751)	(24.0, 0.7560871971314849)	(25.0, 0.9296334603803333)	(26.0, 1.093451588301642)	(27.0, 1.2835173266349922)	(28.0, 1.5387432166905433)	(29.0, 1.8205838166044586)	(30.0, 2.1461092506307224)	(31.0, 2.494761949775289)	(32.0, 2.898020691560292)	(33.0, 3.341935697025485)	(34.0, 3.813520823257218)	(35.0, 4.331681691741088)	(36.0, 4.833047760555715)	(37.0, 5.312800849468119)	(38.0, 5.693895962181415)	(39.0, 6.015520964590506)	(40.0, 6.232752061951703)	(41.0, 6.206458564108871)	(42.0, 5.963117518628003)	(43.0, 5.556279557241358)	(44.0, 5.01567973510104)	(45.0, 4.38715959556654)	(46.0, 3.6888446738000207)	(47.0, 2.9551046554634035)	(48.0, 2.3001992432244913)	(49.0, 1.736839255412193)	(50.0, 1.295356283778885)	(51.0, 0.9524395134831039)	(52.0, 0.676197180125603)	(53.0, 0.47383361034045723)	(54.0, 0.3229557379020083)	(55.0, 0.23393412216886023)	(56.0, 0.17721725771207106)	(57.0, 0.12692463356592143)	(58.0, 0.08622248245494084)	(59.0, 0.05891946113472274)	(60.0, 0.04946665039192455)	(61.0, 0.041711674588366804)	(62.0, 0.03079046606027956)	(63.0, 0.022989602825931536)	(64.0, 0.01899739634717696)	(65.0, 0.015601726468696054)	(66.0, 0.013995666391036166)	(67.0, 0.011976619436263736)	(68.0, 0.007984412957509157)	(69.0, 0.006240690587478421)	(70.0, 0.005690041417995032)	(71.0, 0.005414716833253336)	(72.0, 0.005139392248511641)	(73.0, 0.004496968217447686)	(74.0, 0.0037627693248031657)	(75.0, 0.003166232724529493)	(76.0, 0.003258007586110058)	(77.0, 0.0037168818940128833)	(78.0, 0.0037627693248031657)	(79.0, 0.003670994463222601)	(80.0, 0.0035333321708517535)	(81.0, 0.003074457862948928)	(82.0, 0.002753245847416951)	(83.0, 0.0027991332782072334)	(84.0, 0.002707358416626668)	(85.0, 0.002432033831884973)	(86.0, 0.0025696961242558207)	(87.0, 0.002753245847416951)	(88.0, 0.0026614709858363856)	(89.0, 0.002845020708997516)	(90.0, 0.003258007586110058)	(91.0, 0.003074457862948928)	(92.0, 0.0035333321708517535)	(93.0, 0.0037168818940128833)	(94.0, 0.0036251070324323184)	(95.0, 0.004129868771125426)	(96.0, 0.0047264053713990985)	(97.0, 0.007709088372767461)	(98.0, 0.01243549374416656)	(99.0, 0.023081377687512103)	(100.0, 0.1395436770332491)
PID-2861-39_S234_R1_001	(0.0, 0.0)	(1.0, 0.0)	(2.0, 0.0)	(3.0, 0.0)	(4.0, 0.0)	(5.0, 4.77602359737739e-05)	(6.0, 9.55204719475478e-05)	(7.0, 9.55204719475478e-05)	(8.0, 0.0006208830676590607)	(9.0, 0.0017193684950558602)	(10.0, 0.00391633934984946)	(11.0, 0.007880438935672694)	(12.0, 0.0140892696122633)	(13.0, 0.02860838134829057)	(14.0, 0.04842887927740674)	(15.0, 0.07565221378245786)	(16.0, 0.10908437896409957)	(17.0, 0.1553640476226865)	(18.0, 0.21530314376977275)	(19.0, 0.2715647017468784)	(20.0, 0.34516322538246397)	(21.0, 0.42535266158243035)	(22.0, 0.504204811175131)	(23.0, 0.6055997921474531)	(24.0, 0.7330241017254818)	(25.0, 0.8716720667573474)	(26.0, 1.0222123305466826)	(27.0, 1.210817502407116)	(28.0, 1.4433143311274472)	(29.0, 1.7023180908132232)	(30.0, 2.0123297825189894)	(31.0, 2.4064472497745717)	(32.0, 2.830080542861946)	(33.0, 3.264889731167184)	(34.0, 3.735662377160673)	(35.0, 4.2881050266693155)	(36.0, 4.883866210206171)	(37.0, 5.428332900307193)	(38.0, 5.855357170148706)	(39.0, 6.158109305986459)	(40.0, 6.3583679754244935)	(41.0, 6.362188794302395)	(42.0, 6.117513105408752)	(43.0, 5.681557671440143)	(44.0, 5.139049151014046)	(45.0, 4.496530696458865)	(46.0, 3.7628379514297503)	(47.0, 3.0146260946646084)	(48.0, 2.320478825021779)	(49.0, 1.7492186425394691)	(50.0, 1.300797786981706)	(51.0, 0.9401602451437393)	(52.0, 0.6590912564380799)	(53.0, 0.44947158074918614)	(54.0, 0.2941075331264997)	(55.0, 0.19858706117895186)	(56.0, 0.1449523161804038)	(57.0, 0.0979084837462365)	(58.0, 0.06600464611575553)	(59.0, 0.047234873378062384)	(60.0, 0.0347694517889074)	(61.0, 0.024978603414283748)	(62.0, 0.017719047546270118)	(63.0, 0.014328070792132169)	(64.0, 0.011940058993443475)	(65.0, 0.009504286958781007)	(66.0, 0.007116275160092311)	(67.0, 0.004871544069324938)	(68.0, 0.0032954562821903986)	(69.0, 0.0022924913267411474)	(70.0, 0.0022924913267411474)	(71.0, 0.001814888967003408)	(72.0, 0.0012895263712918953)	(73.0, 0.0006686433036328346)	(74.0, 0.00042984212376396505)	(75.0, 0.0002865614158426434)	(76.0, 4.77602359737739e-05)	(77.0, 9.55204719475478e-05)	(78.0, 0.0002388011798688695)	(79.0, 0.0003343216518164173)	(80.0, 0.0002865614158426434)	(81.0, 0.0001432807079213217)	(82.0, 0.0)	(83.0, 4.77602359737739e-05)	(84.0, 0.0002388011798688695)	(85.0, 0.0002865614158426434)	(86.0, 0.0001432807079213217)	(87.0, 4.77602359737739e-05)	(88.0, 4.77602359737739e-05)	(89.0, 4.77602359737739e-05)	(90.0, 0.0)	(91.0, 4.77602359737739e-05)	(92.0, 9.55204719475478e-05)	(93.0, 4.77602359737739e-05)	(94.0, 0.0)	(95.0, 0.0)	(96.0, 0.0)	(97.0, 0.0)	(98.0, 9.55204719475478e-05)	(99.0, 9.55204719475478e-05)	(100.0, 0.0)
PID-2861-39_S234_R2_001	(0.0, 0.0)	(1.0, 0.0)	(2.0, 0.0)	(3.0, 0.0)	(4.0, 0.0)	(5.0, 0.0)	(6.0, 0.00014356512401155413)	(7.0, 0.0003828403306974777)	(8.0, 0.0007656806613949554)	(9.0, 0.0014835062814527258)	(10.0, 0.003636983141626038)	(11.0, 0.007704661655286738)	(12.0, 0.012059470416970546)	(13.0, 0.024071085792603905)	(14.0, 0.044265913236895854)	(15.0, 0.07661592118083271)	(16.0, 0.10920520433145552)	(17.0, 0.1514133507908524)	(18.0, 0.2115671377516936)	(19.0, 0.2632984374371902)	(20.0, 0.3285727138211102)	(21.0, 0.41523819368275167)	(22.0, 0.505492801644682)	(23.0, 0.6037392015099223)	(24.0, 0.7224197040261403)	(25.0, 0.8544517630754329)	(26.0, 1.017206758663198)	(27.0, 1.1955624977268855)	(28.0, 1.405598274155789)	(29.0, 1.6802383563898922)	(30.0, 1.9945024128511841)	(31.0, 2.35987565346059)	(32.0, 2.784206304997406)	(33.0, 3.249165886629493)	(34.0, 3.7291040962001185)	(35.0, 4.269770353227631)	(36.0, 4.852931886962564)	(37.0, 5.385414931921418)	(38.0, 5.804816514200505)	(39.0, 6.105441883880699)	(40.0, 6.311362126754605)	(41.0, 6.299254801296297)	(42.0, 6.0663443151082195)	(43.0, 5.668764631678889)	(44.0, 5.130443271676898)	(45.0, 4.491769889990831)	(46.0, 3.7822231920843934)	(47.0, 3.0286498561477457)	(48.0, 2.335661002543974)	(49.0, 1.7880079094812322)	(50.0, 1.3314229600831529)	(51.0, 0.9680117761685724)	(52.0, 0.6760481689704083)	(53.0, 0.45835558592755515)	(54.0, 0.3132112455518739)	(55.0, 0.21855397378692257)	(56.0, 0.1520354663282358)	(57.0, 0.10102199226279691)	(58.0, 0.07173470696443987)	(59.0, 0.05302338580160065)	(60.0, 0.04239956662474565)	(61.0, 0.0347427600107961)	(62.0, 0.02665525802481188)	(63.0, 0.02072123289900098)	(64.0, 0.016701409426677465)	(65.0, 0.01464364264917852)	(66.0, 0.012442310747668025)	(67.0, 0.01048025405284345)	(68.0, 0.008422487275344509)	(69.0, 0.008087501985984215)	(70.0, 0.00741753140726363)	(71.0, 0.00569474991912498)	(72.0, 0.005216199505753133)	(73.0, 0.0051683444644159485)	(74.0, 0.005216199505753133)	(75.0, 0.004689794051044101)	(76.0, 0.003636983141626038)	(77.0, 0.003493418017614484)	(78.0, 0.0033977079349401143)	(79.0, 0.0035412730589516684)	(80.0, 0.004306953720346624)	(81.0, 0.004067678513660701)	(82.0, 0.003684838182963223)	(83.0, 0.003828403306974777)	(84.0, 0.0037326932243004073)	(85.0, 0.0030627226455798217)	(86.0, 0.0030148676042426365)	(87.0, 0.0030627226455798217)	(88.0, 0.003589128100288853)	(89.0, 0.004211243637672254)	(90.0, 0.004067678513660701)	(91.0, 0.0033977079349401143)	(92.0, 0.002775592397556713)	(93.0, 0.0037326932243004073)	(94.0, 0.004641939009706917)	(95.0, 0.004594083968369732)	(96.0, 0.005886170084473719)	(97.0, 0.009905993556797233)	(98.0, 0.016222859013305616)	(99.0, 0.030340096207775103)	(100.0, 0.21884110403494567)
PID-2861-3_S198_R1_001	(0.0, 0.0)	(1.0, 0.0)	(2.0, 0.0)	(3.0, 0.0)	(4.0, 0.0)	(5.0, 5.672532632662102e-05)	(6.0, 0.00017017597897986308)	(7.0, 0.0003970772842863472)	(8.0, 0.0007374292422460733)	(9.0, 0.0010210558738791785)	(10.0, 0.002042111747758357)	(11.0, 0.005388906001028998)	(12.0, 0.010777812002057996)	(13.0, 0.016904147245333064)	(14.0, 0.02949716968984293)	(15.0, 0.0520738495678381)	(16.0, 0.08100376599441482)	(17.0, 0.11815885473835161)	(18.0, 0.1639929184102614)	(19.0, 0.21782525309422476)	(20.0, 0.2880512070865816)	(21.0, 0.3556677960679139)	(22.0, 0.4471657474327535)	(23.0, 0.5610702026966086)	(24.0, 0.6905173973739578)	(25.0, 0.854226689152586)	(26.0, 0.9960967302954652)	(27.0, 1.1889628398059766)	(28.0, 1.4305560046310557)	(29.0, 1.6656824822549)	(30.0, 1.9706378365868145)	(31.0, 2.349222664490683)	(32.0, 2.783795389478927)	(33.0, 3.25280038754743)	(34.0, 3.8015611944311614)	(35.0, 4.446811781396475)	(36.0, 5.0022661767867485)	(37.0, 5.469172337781166)	(38.0, 5.958314826695619)	(39.0, 6.314096073416186)	(40.0, 6.442125134935369)	(41.0, 6.384435478061197)	(42.0, 6.156116039596546)	(43.0, 5.713658494248903)	(44.0, 5.104712116132626)	(45.0, 4.46587149104222)	(46.0, 3.7849406738174616)	(47.0, 3.0447318905813834)	(48.0, 2.3455922436057794)	(49.0, 1.7663699364846523)	(50.0, 1.294301770794512)	(51.0, 0.9217298274812651)	(52.0, 0.6513201968822626)	(53.0, 0.45635525029766616)	(54.0, 0.30682729010069315)	(55.0, 0.20948663012421145)	(56.0, 0.14413905419594403)	(57.0, 0.09036344483830729)	(58.0, 0.05820018481111317)	(59.0, 0.03880012320740878)	(60.0, 0.027341607289431333)	(61.0, 0.019513512256357633)	(62.0, 0.012649747770836488)	(63.0, 0.008849150906952881)	(64.0, 0.006466687201234797)	(65.0, 0.004197674148169956)	(66.0, 0.003063167621637535)	(67.0, 0.002666090337351188)	(68.0, 0.002098837074084978)	(69.0, 0.0008508798948993155)	(70.0, 0.0005105279369395893)	(71.0, 0.0003970772842863472)	(72.0, 0.0006239785895928312)	(73.0, 0.0006807039159194523)	(74.0, 0.0004538026106129682)	(75.0, 0.0002836266316331051)	(76.0, 0.0003970772842863472)	(77.0, 0.0003970772842863472)	(78.0, 0.00017017597897986308)	(79.0, 5.672532632662102e-05)	(80.0, 0.00011345065265324204)	(81.0, 0.00017017597897986308)	(82.0, 0.00011345065265324204)	(83.0, 0.00011345065265324204)	(84.0, 0.00011345065265324204)	(85.0, 0.00017017597897986308)	(86.0, 0.00011345065265324204)	(87.0, 5.672532632662102e-05)	(88.0, 0.00011345065265324204)	(89.0, 5.672532632662102e-05)	(90.0, 0.0)	(91.0, 0.0)	(92.0, 0.0)	(93.0, 0.0)	(94.0, 0.0)	(95.0, 0.0)	(96.0, 5.672532632662102e-05)	(97.0, 0.00011345065265324204)	(98.0, 0.00011345065265324204)	(99.0, 5.672532632662102e-05)	(100.0, 5.672532632662102e-05)
PID-2861-3_S198_R2_001	(0.0, 0.0)	(1.0, 5.678814218160734e-05)	(2.0, 5.678814218160734e-05)	(3.0, 0.0)	(4.0, 0.0)	(5.0, 5.678814218160734e-05)	(6.0, 0.00045430513745285873)	(7.0, 0.0005678814218160734)	(8.0, 0.00034072885308964406)	(9.0, 0.0008518221327241101)	(10.0, 0.001646856123266613)	(11.0, 0.005394873507252698)	(12.0, 0.009029314606875567)	(13.0, 0.014253823687583442)	(14.0, 0.028848376228256534)	(15.0, 0.051052539821265)	(16.0, 0.08012806861824796)	(17.0, 0.11579102190829738)	(18.0, 0.15554272143542253)	(19.0, 0.2111383126312161)	(20.0, 0.2742867267371635)	(21.0, 0.3480545234310714)	(22.0, 0.4434018141539901)	(23.0, 0.5529461404223107)	(24.0, 0.6890673172316235)	(25.0, 0.8347856900696279)	(26.0, 0.9941332170312182)	(27.0, 1.2129379288569513)	(28.0, 1.4324240983888636)	(29.0, 1.6571915651436655)	(30.0, 1.9644154143461612)	(31.0, 2.310198412089968)	(32.0, 2.7553606586515884)	(33.0, 3.2283490948821956)	(34.0, 3.7545480203369697)	(35.0, 4.396026874420406)	(36.0, 4.997583664550173)	(37.0, 5.489198611416348)	(38.0, 5.954691012878983)	(39.0, 6.295192713399899)	(40.0, 6.4092233029005685)	(41.0, 6.359420102207299)	(42.0, 6.127894846532885)	(43.0, 5.704368882142457)	(44.0, 5.113715415311559)	(45.0, 4.462128271919797)	(46.0, 3.7546048084791512)	(47.0, 3.022094562478598)	(48.0, 2.3554585614087094)	(49.0, 1.7959249964933321)	(50.0, 1.326798153931074)	(51.0, 0.964944111949872)	(52.0, 0.6813441298949249)	(53.0, 0.45146573034377835)	(54.0, 0.30262400968578557)	(55.0, 0.2103432786406736)	(56.0, 0.14628625425982053)	(57.0, 0.09574480771818998)	(58.0, 0.06195586312013361)	(59.0, 0.042193589640934254)	(60.0, 0.029359469507890996)	(61.0, 0.02282883315700615)	(62.0, 0.01754753593411667)	(63.0, 0.013345213412677725)	(64.0, 0.010278653734870928)	(65.0, 0.008802162038149139)	(66.0, 0.007666399194516992)	(67.0, 0.005849178644705556)	(68.0, 0.0061899074977952)	(69.0, 0.005962754929068771)	(70.0, 0.004543051374528587)	(71.0, 0.0035208648152596556)	(72.0, 0.0029529833934435817)	(73.0, 0.0035776529574412627)	(74.0, 0.00363444109962287)	(75.0, 0.003293712246533226)	(76.0, 0.0030097715356251892)	(77.0, 0.0030097715356251892)	(78.0, 0.00278261896689876)	(79.0, 0.00278261896689876)	(80.0, 0.003293712246533226)	(81.0, 0.0032369241043516185)	(82.0, 0.0035776529574412627)	(83.0, 0.0034072885308964406)	(84.0, 0.0025554663981723303)	(85.0, 0.00278261896689876)	(86.0, 0.0032369241043516185)	(87.0, 0.0027258308247171525)	(88.0, 0.00278261896689876)	(89.0, 0.0025554663981723303)	(90.0, 0.0022147375450826865)	(91.0, 0.002157949402901079)	(92.0, 0.0019875849763562573)	(93.0, 0.002157949402901079)	(94.0, 0.0029529833934435817)	(95.0, 0.00363444109962287)	(96.0, 0.003748017383986085)	(97.0, 0.004145534379257336)	(98.0, 0.006814577061792881)	(99.0, 0.012152662426863971)	(100.0, 0.11840327644865131)
PID-2861-40_S235_R1_001	(0.0, 0.0)	(1.0, 0.0)	(2.0, 0.0)	(3.0, 0.0)	(4.0, 5.226296003817286e-05)	(5.0, 5.226296003817286e-05)	(6.0, 0.00020905184015269145)	(7.0, 0.00047036664034355574)	(8.0, 0.0005748925604199015)	(9.0, 0.001567888801145186)	(10.0, 0.0043900886432065205)	(11.0, 0.008362073606107658)	(12.0, 0.013797421450077637)	(13.0, 0.025243009698437496)	(14.0, 0.04531198635309588)	(15.0, 0.07870801781748833)	(16.0, 0.1165464008851255)	(17.0, 0.15919297627627454)	(18.0, 0.22107232096147122)	(19.0, 0.28269035084647703)	(20.0, 0.3607189501834691)	(21.0, 0.4569873225737835)	(22.0, 0.5457820916786392)	(23.0, 0.634890438543724)	(24.0, 0.7716626049636224)	(25.0, 0.9359250883635997)	(26.0, 1.0818955357502165)	(27.0, 1.2865050242996632)	(28.0, 1.525242225754037)	(29.0, 1.764449793848754)	(30.0, 2.076407402316608)	(31.0, 2.444965796505803)	(32.0, 2.8508922071222917)	(33.0, 3.291312171363974)	(34.0, 3.7986287244545185)	(35.0, 4.356953926542319)	(36.0, 4.888311441250423)	(37.0, 5.377492747207721)	(38.0, 5.820787174251503)	(39.0, 6.145078841288366)	(40.0, 6.289376873953762)	(41.0, 6.2873908814723105)	(42.0, 6.044420380254845)	(43.0, 5.596108709047398)	(44.0, 5.0422258585628414)	(45.0, 4.384182928722207)	(46.0, 3.6838592642106907)	(47.0, 2.9878211624223048)	(48.0, 2.3163989148118977)	(49.0, 1.7325171252654303)	(50.0, 1.2734915472501582)	(51.0, 0.9208733558726059)	(52.0, 0.6498899080746796)	(53.0, 0.4382771828801177)	(54.0, 0.2896935874915922)	(55.0, 0.19797209262459883)	(56.0, 0.1413713069032576)	(57.0, 0.09574574278993268)	(58.0, 0.06417891492687627)	(59.0, 0.044841619712752315)	(60.0, 0.033605083304545154)	(61.0, 0.02717673921984989)	(62.0, 0.02221175801622347)	(63.0, 0.015208521371108303)	(64.0, 0.010504854967672747)	(65.0, 0.008362073606107658)	(66.0, 0.007943969925802275)	(67.0, 0.006323818164618918)	(68.0, 0.003031251682214026)	(69.0, 0.002038255441488742)	(70.0, 0.0020905184015269146)	(71.0, 0.002038255441488742)	(72.0, 0.001515625841107013)	(73.0, 0.0006271555204580743)	(74.0, 0.00036584072026721006)	(75.0, 0.0002613148001908643)	(76.0, 0.0004181036803053829)	(77.0, 0.0002613148001908643)	(78.0, 5.226296003817286e-05)	(79.0, 0.00015678888011451858)	(80.0, 0.00020905184015269145)	(81.0, 0.00020905184015269145)	(82.0, 0.00010452592007634573)	(83.0, 0.0)	(84.0, 0.00010452592007634573)	(85.0, 0.00031357776022903716)	(86.0, 0.00031357776022903716)	(87.0, 0.00015678888011451858)	(88.0, 0.00015678888011451858)	(89.0, 0.00010452592007634573)	(90.0, 0.00010452592007634573)	(91.0, 0.00010452592007634573)	(92.0, 0.0)	(93.0, 0.0)	(94.0, 0.0)	(95.0, 0.0)	(96.0, 0.0)	(97.0, 5.226296003817286e-05)	(98.0, 5.226296003817286e-05)	(99.0, 0.0)	(100.0, 5.226296003817286e-05)
PID-2861-40_S235_R2_001	(0.0, 0.0)	(1.0, 0.0)	(2.0, 0.0)	(3.0, 0.0)	(4.0, 0.0)	(5.0, 0.0)	(6.0, 0.00015710014086645963)	(7.0, 0.0004713004225993789)	(8.0, 0.0007331339907101451)	(9.0, 0.002042301831263975)	(10.0, 0.004189337089772257)	(11.0, 0.007959740470567288)	(12.0, 0.013720078969004141)	(13.0, 0.027911458360607662)	(14.0, 0.050795712213488615)	(15.0, 0.08143023968244825)	(16.0, 0.11604463738669152)	(17.0, 0.16369834678285095)	(18.0, 0.21852629594524536)	(19.0, 0.2690601745906232)	(20.0, 0.3410644058210839)	(21.0, 0.43453898963662735)	(22.0, 0.5298464084289461)	(23.0, 0.6324328004147444)	(24.0, 0.7599981147983096)	(25.0, 0.9108666167437331)	(26.0, 1.08346730484235)	(27.0, 1.291258424495054)	(28.0, 1.5194725624603977)	(29.0, 1.783872099538649)	(30.0, 2.095872979299438)	(31.0, 2.4446876587366004)	(32.0, 2.8335105073810882)	(33.0, 3.2669497960316507)	(34.0, 3.745372091683642)	(35.0, 4.293703950021208)	(36.0, 4.8497860819748535)	(37.0, 5.314593032085085)	(38.0, 5.7529024251025085)	(39.0, 6.084645555898848)	(40.0, 6.2425835641832625)	(41.0, 6.247663135404611)	(42.0, 5.989181036965663)	(43.0, 5.548358041694377)	(44.0, 5.032703012657034)	(45.0, 4.414828158629249)	(46.0, 3.7207597362812304)	(47.0, 2.9782521038327197)	(48.0, 2.3232492498468273)	(49.0, 1.7672194846068043)	(50.0, 1.2889542890956793)	(51.0, 0.9340127041647247)	(52.0, 0.6575164562397557)	(53.0, 0.45412414053131267)	(54.0, 0.30388403914935513)	(55.0, 0.20889082063876915)	(56.0, 0.15191583621786647)	(57.0, 0.1059902283712381)	(58.0, 0.07624593503385507)	(59.0, 0.054094815171684275)	(60.0, 0.039222668502992754)	(61.0, 0.032833929441090065)	(62.0, 0.02738779122438613)	(63.0, 0.022988987280125262)	(64.0, 0.018328349767753625)	(65.0, 0.01565764737302381)	(66.0, 0.014243746105225673)	(67.0, 0.011520676996873707)	(68.0, 0.00879760788852174)	(69.0, 0.00701713962536853)	(70.0, 0.0067553060572577645)	(71.0, 0.00701713962536853)	(72.0, 0.005550871643948241)	(73.0, 0.0049224710804824014)	(74.0, 0.004608270798749483)	(75.0, 0.0040322369489057975)	(76.0, 0.00408460366252795)	(77.0, 0.0037704033807950312)	(78.0, 0.0033514696718178055)	(79.0, 0.0038227700944171846)	(80.0, 0.003718036667172878)	(81.0, 0.003299102958195652)	(82.0, 0.003979870235283644)	(83.0, 0.003718036667172878)	(84.0, 0.003246736244573499)	(85.0, 0.0030896361037070393)	(86.0, 0.0033514696718178055)	(87.0, 0.0041369703761501035)	(88.0, 0.0038751368080393376)	(89.0, 0.0030896361037070393)	(90.0, 0.003246736244573499)	(91.0, 0.0040322369489057975)	(92.0, 0.004346437230638716)	(93.0, 0.003613303239928572)	(94.0, 0.0031420028173291927)	(95.0, 0.003403836385439959)	(96.0, 0.0059698053529254665)	(97.0, 0.009007074743010351)	(98.0, 0.013458245400893375)	(99.0, 0.026183356811076607)	(100.0, 0.21616979383224846)
PID-2861-4_S199_R1_001	(0.0, 0.0)	(1.0, 0.0)	(2.0, 0.0)	(3.0, 0.0)	(4.0, 0.0)	(5.0, 0.00021923886842050455)	(6.0, 0.0003288583026307568)	(7.0, 0.0003288583026307568)	(8.0, 0.0007673360394717659)	(9.0, 0.001151004059207649)	(10.0, 0.002795295572361433)	(11.0, 0.00723488265787665)	(12.0, 0.0134283806907559)	(13.0, 0.023184510335468353)	(14.0, 0.03891489914463955)	(15.0, 0.06122245400642589)	(16.0, 0.08835326397346333)	(17.0, 0.12315743433521842)	(18.0, 0.1688139286837885)	(19.0, 0.22307554861786336)	(20.0, 0.28216042365718935)	(21.0, 0.35006966315044064)	(22.0, 0.43480548579496564)	(23.0, 0.5329696891302466)	(24.0, 0.6652803462220209)	(25.0, 0.7984679587874774)	(26.0, 0.9330806239976672)	(27.0, 1.1346159537932161)	(28.0, 1.3334656074506137)	(29.0, 1.5540747187987465)	(30.0, 1.8735057500874217)	(31.0, 2.2105855102839476)	(32.0, 2.5966651575724558)	(33.0, 3.0490645625581667)	(34.0, 3.615797037425171)	(35.0, 4.247424217344645)	(36.0, 4.839259542645796)	(37.0, 5.340384786137965)	(38.0, 5.768832344748736)	(39.0, 6.144991433241216)	(40.0, 6.361763864391991)	(41.0, 6.395252601543222)	(42.0, 6.199746340629238)	(43.0, 5.806815478702588)	(44.0, 5.295440818111762)	(45.0, 4.706948885554022)	(46.0, 4.0278564906215095)	(47.0, 3.2703862002286663)	(48.0, 2.5732614083685665)	(49.0, 1.9662986011464)	(50.0, 1.4514709283779503)	(51.0, 1.072406924878898)	(52.0, 0.7685966629651837)	(53.0, 0.5304484421434107)	(54.0, 0.3610316065714658)	(55.0, 0.24609562980201635)	(56.0, 0.16853988009826287)	(57.0, 0.11038677024972404)	(58.0, 0.07141706138797936)	(59.0, 0.048013312184090495)	(60.0, 0.03288583026307568)	(61.0, 0.021704647973629948)	(62.0, 0.015511149940750694)	(63.0, 0.01107156285523548)	(64.0, 0.006467546618404884)	(65.0, 0.0043299676513049645)	(66.0, 0.004055919065779334)	(67.0, 0.004055919065779334)	(68.0, 0.003014534440781937)	(69.0, 0.0013154332105230271)	(70.0, 0.0008769554736820182)	(71.0, 0.0007673360394717659)	(72.0, 0.0007125263223666398)	(73.0, 0.0004932874539461352)	(74.0, 0.00021923886842050455)	(75.0, 0.0001644291513153784)	(76.0, 0.00010961943421025228)	(77.0, 0.00021923886842050455)	(78.0, 0.00021923886842050455)	(79.0, 0.0001644291513153784)	(80.0, 0.00010961943421025228)	(81.0, 0.0)	(82.0, 5.480971710512614e-05)	(83.0, 5.480971710512614e-05)	(84.0, 5.480971710512614e-05)	(85.0, 5.480971710512614e-05)	(86.0, 0.00010961943421025228)	(87.0, 0.0001644291513153784)	(88.0, 0.00010961943421025228)	(89.0, 5.480971710512614e-05)	(90.0, 0.0)	(91.0, 0.0)	(92.0, 0.0)	(93.0, 0.0)	(94.0, 0.0)	(95.0, 0.0)	(96.0, 0.0)	(97.0, 0.0)	(98.0, 0.00010961943421025228)	(99.0, 0.00010961943421025228)	(100.0, 0.0)
PID-2861-4_S199_R2_001	(0.0, 0.0)	(1.0, 0.0)	(2.0, 0.0)	(3.0, 5.4895166700152714e-05)	(4.0, 5.4895166700152714e-05)	(5.0, 5.4895166700152714e-05)	(6.0, 0.00021958066680061086)	(7.0, 0.0007685323338021381)	(8.0, 0.001152798500703207)	(9.0, 0.0012076936674033597)	(10.0, 0.0029643390018082466)	(11.0, 0.006916791004219242)	(12.0, 0.011033928506730696)	(13.0, 0.017731138844149327)	(14.0, 0.03194898701948888)	(15.0, 0.05829866703556219)	(16.0, 0.08761268605344374)	(17.0, 0.12192216524103919)	(18.0, 0.16929669410327097)	(19.0, 0.2167261181322029)	(20.0, 0.2690961071641486)	(21.0, 0.3359035250382345)	(22.0, 0.41934417842246663)	(23.0, 0.5199121238171464)	(24.0, 0.6410108615576833)	(25.0, 0.7778096169744638)	(26.0, 0.9297594384004866)	(27.0, 1.1205750378502175)	(28.0, 1.3298354133111996)	(29.0, 1.5516667819465166)	(30.0, 1.8382744472880141)	(31.0, 2.1720919559916427)	(32.0, 2.5647570833978355)	(33.0, 3.0274135483467224)	(34.0, 3.546282663996566)	(35.0, 4.149690336364644)	(36.0, 4.750902202064717)	(37.0, 5.270869221048564)	(38.0, 5.726499104659831)	(39.0, 6.1466118154161)	(40.0, 6.3737131200546315)	(41.0, 6.3624047157143995)	(42.0, 6.160774768424739)	(43.0, 5.796764918036026)	(44.0, 5.331857751252434)	(45.0, 4.720984336213134)	(46.0, 4.017173403950476)	(47.0, 3.283664186503035)	(48.0, 2.599835094919233)	(49.0, 2.0005994552203656)	(50.0, 1.496826510413064)	(51.0, 1.112560343511995)	(52.0, 0.8011400628220289)	(53.0, 0.5521904818368362)	(54.0, 0.37647105322964736)	(55.0, 0.2595992433250222)	(56.0, 0.179013138609198)	(57.0, 0.11961656823963276)	(58.0, 0.08162911288312709)	(59.0, 0.05879272353586356)	(60.0, 0.04172032669211607)	(61.0, 0.0292591238511814)	(62.0, 0.023824502347866282)	(63.0, 0.019213308345053453)	(64.0, 0.013284630341436957)	(65.0, 0.011088823673430849)	(66.0, 0.010155605839528254)	(67.0, 0.009606654172526726)	(68.0, 0.00790490400482199)	(69.0, 0.006532524837318174)	(70.0, 0.006807000670818937)	(71.0, 0.005269936003214661)	(72.0, 0.004391613336012218)	(73.0, 0.004720984336213134)	(74.0, 0.00444650850271237)	(75.0, 0.004611194002812828)	(76.0, 0.004391613336012218)	(77.0, 0.003952452002410995)	(78.0, 0.004062242335811301)	(79.0, 0.003458395502109621)	(80.0, 0.0032388148353090103)	(81.0, 0.0032388148353090103)	(82.0, 0.0035132906688097737)	(83.0, 0.0029643390018082466)	(84.0, 0.0027996535017077886)	(85.0, 0.0035132906688097737)	(86.0, 0.0032388148353090103)	(87.0, 0.0035681858355099266)	(88.0, 0.004062242335811301)	(89.0, 0.004007347169111148)	(90.0, 0.0037877665023105375)	(91.0, 0.003348605168709316)	(92.0, 0.003458395502109621)	(93.0, 0.0035132906688097737)	(94.0, 0.004556298836112676)	(95.0, 0.004940565003013745)	(96.0, 0.00505035533641405)	(97.0, 0.00790490400482199)	(98.0, 0.012735678674435431)	(99.0, 0.023934292681266584)	(100.0, 0.17204145243827862)
PID-2861-5_S200_R1_001	(0.0, 0.0)	(1.0, 0.0)	(2.0, 0.0)	(3.0, 0.0)	(4.0, 0.0)	(5.0, 0.0)	(6.0, 0.0003500738655856386)	(7.0, 0.0007001477311712772)	(8.0, 0.0005251107983784579)	(9.0, 0.0009335303082283694)	(10.0, 0.0032090104345350204)	(11.0, 0.007468242465826955)	(12.0, 0.012602659161082988)	(13.0, 0.022579764330273686)	(14.0, 0.04125037049484108)	(15.0, 0.0696063536072778)	(16.0, 0.10595568998391994)	(17.0, 0.1524571684625456)	(18.0, 0.20549335909876987)	(19.0, 0.2586462410235226)	(20.0, 0.3250435841962654)	(21.0, 0.4099364966007828)	(22.0, 0.5092991287828398)	(23.0, 0.6129793386404532)	(24.0, 0.7411647190890611)	(25.0, 0.8982311934484843)	(26.0, 1.061190577878599)	(27.0, 1.267967541151183)	(28.0, 1.4796455385419656)	(29.0, 1.721371542728849)	(30.0, 2.058084255777969)	(31.0, 2.3959055360681103)	(32.0, 2.7746854586317715)	(33.0, 3.2261057083044524)	(34.0, 3.738963921387413)	(35.0, 4.338990527001197)	(36.0, 4.884697337804943)	(37.0, 5.334367218149697)	(38.0, 5.779602829530364)	(39.0, 6.118591022705791)	(40.0, 6.277524557681671)	(41.0, 6.227172266681603)	(42.0, 6.033989838522595)	(43.0, 5.655910063690105)	(44.0, 5.09164933801032)	(45.0, 4.4596493193397135)	(46.0, 3.7852320172889815)	(47.0, 3.0813501648847907)	(48.0, 2.393221636431954)	(49.0, 1.8139660801762505)	(50.0, 1.3514601580933576)	(51.0, 0.9939763956861565)	(52.0, 0.7009062245467127)	(53.0, 0.49436264385118595)	(54.0, 0.34062187121482634)	(55.0, 0.22918169067006472)	(56.0, 0.1594003001299941)	(57.0, 0.10747267673479105)	(58.0, 0.07077326649256327)	(59.0, 0.046151404613040015)	(60.0, 0.0351240778470924)	(61.0, 0.02503028138937316)	(62.0, 0.017795421500603294)	(63.0, 0.013711226402104176)	(64.0, 0.009276957438019422)	(65.0, 0.006184638292012949)	(66.0, 0.005309453628048852)	(67.0, 0.00490103411819894)	(68.0, 0.0030923191460064743)	(69.0, 0.0020420975492495583)	(70.0, 0.001166912885285462)	(71.0, 0.0008751846639640965)	(72.0, 0.0007001477311712772)	(73.0, 0.0003500738655856386)	(74.0, 0.00011669128852854617)	(75.0, 0.0)	(76.0, 0.0)	(77.0, 0.0)	(78.0, 0.00011669128852854617)	(79.0, 0.00023338257705709235)	(80.0, 0.0001750369327928193)	(81.0, 0.00011669128852854617)	(82.0, 0.00011669128852854617)	(83.0, 0.00011669128852854617)	(84.0, 0.00011669128852854617)	(85.0, 0.00011669128852854617)	(86.0, 0.00011669128852854617)	(87.0, 5.8345644264273086e-05)	(88.0, 5.8345644264273086e-05)	(89.0, 5.8345644264273086e-05)	(90.0, 0.0)	(91.0, 0.0)	(92.0, 0.0)	(93.0, 5.8345644264273086e-05)	(94.0, 0.00011669128852854617)	(95.0, 0.00011669128852854617)	(96.0, 5.8345644264273086e-05)	(97.0, 0.0)	(98.0, 0.0)	(99.0, 0.0)	(100.0, 0.0)
PID-2861-5_S200_R2_001	(0.0, 0.0)	(1.0, 0.0)	(2.0, 0.0)	(3.0, 0.0)	(4.0, 0.0)	(5.0, 0.0)	(6.0, 0.00011689248346263591)	(7.0, 0.00046756993385054364)	(8.0, 0.0005260161755818616)	(9.0, 0.0010520323511637232)	(10.0, 0.003156097053491169)	(11.0, 0.007364226458146062)	(12.0, 0.013033511906083902)	(13.0, 0.021742001924050278)	(14.0, 0.03822384209228194)	(15.0, 0.0641739734209871)	(16.0, 0.10105355195344874)	(17.0, 0.14897947017312946)	(18.0, 0.19351550637239373)	(19.0, 0.2432532580857453)	(20.0, 0.3184151249522202)	(21.0, 0.3943367929612023)	(22.0, 0.4872663173139977)	(23.0, 0.5995415476798595)	(24.0, 0.7282401719722217)	(25.0, 0.8854021159877357)	(26.0, 1.0542533083495131)	(27.0, 1.261386789045304)	(28.0, 1.473546646529988)	(29.0, 1.7083251995646924)	(30.0, 2.028084588076733)	(31.0, 2.356201789156352)	(32.0, 2.7438757105601836)	(33.0, 3.2251220649758556)	(34.0, 3.7404425783208866)	(35.0, 4.328119538929289)	(36.0, 4.8515056336332405)	(37.0, 5.308964367664266)	(38.0, 5.732933405183246)	(39.0, 6.046672830796961)	(40.0, 6.239603874752042)	(41.0, 6.2276223951971215)	(42.0, 5.965549447273892)	(43.0, 5.577524848419673)	(44.0, 5.099025467365372)	(45.0, 4.473300003389882)	(46.0, 3.7719451026140667)	(47.0, 3.0763179335279203)	(48.0, 2.428616682661455)	(49.0, 1.8539732339591368)	(50.0, 1.3924817092486501)	(51.0, 1.034206247435671)	(52.0, 0.7292922043233854)	(53.0, 0.4941629738382932)	(54.0, 0.3381699546574057)	(55.0, 0.23425253685912234)	(56.0, 0.16511063289097322)	(57.0, 0.11122319801469807)	(58.0, 0.07925310378766715)	(59.0, 0.05499791346917019)	(60.0, 0.04190595532135497)	(61.0, 0.03384037396243309)	(62.0, 0.02431363656022827)	(63.0, 0.021625109440587643)	(64.0, 0.017767657486320657)	(65.0, 0.0136764205651284)	(66.0, 0.011981479554920179)	(67.0, 0.010344984786443277)	(68.0, 0.008065581358921877)	(69.0, 0.006955102766026836)	(70.0, 0.0068382102825642)	(71.0, 0.006195301623519703)	(72.0, 0.006253747865251021)	(73.0, 0.005435500481012569)	(74.0, 0.00485103806369939)	(75.0, 0.0045588068550428)	(76.0, 0.003623666987341713)	(77.0, 0.003915898195998303)	(78.0, 0.004325021888117528)	(79.0, 0.004149683162923574)	(80.0, 0.003799005712535667)	(81.0, 0.0026300808779093077)	(82.0, 0.0022794034275214)	(83.0, 0.0029807583282972154)	(84.0, 0.003915898195998303)	(85.0, 0.0035652207456103946)	(86.0, 0.0030392045700285337)	(87.0, 0.0034483282621477593)	(88.0, 0.0030392045700285337)	(89.0, 0.003214543295222487)	(90.0, 0.0034483282621477593)	(91.0, 0.0035652207456103946)	(92.0, 0.003915898195998303)	(93.0, 0.0033898820204164414)	(94.0, 0.0029223120865658975)	(95.0, 0.0030392045700285337)	(96.0, 0.004734145580236754)	(97.0, 0.009292952435279554)	(98.0, 0.016306501443037708)	(99.0, 0.029281567107390293)	(100.0, 0.19164522663699157)
PID-2861-6_S201_R1_001	(0.0, 0.0)	(1.0, 0.0)	(2.0, 0.0)	(3.0, 0.0)	(4.0, 0.0)	(5.0, 5.5007376489187194e-05)	(6.0, 0.00022002950595674878)	(7.0, 0.0005500737648918719)	(8.0, 0.0007150958943594336)	(9.0, 0.00137518441222968)	(10.0, 0.0030804130833944833)	(11.0, 0.006655892555191651)	(12.0, 0.012046615451131996)	(13.0, 0.01985766291259658)	(14.0, 0.03795508977753917)	(15.0, 0.07013440502371368)	(16.0, 0.10027844733978826)	(17.0, 0.14615459933177039)	(18.0, 0.19527618653661455)	(19.0, 0.24692811305996135)	(20.0, 0.3284490450169368)	(21.0, 0.4047992835839286)	(22.0, 0.5000170522867117)	(23.0, 0.6172377715851696)	(24.0, 0.7422145309686029)	(25.0, 0.9066865866712727)	(26.0, 1.0817750660363554)	(27.0, 1.2851923442933697)	(28.0, 1.5189186869959261)	(29.0, 1.7614462099367525)	(30.0, 2.064866898651109)	(31.0, 2.394856150209743)	(32.0, 2.796134961698364)	(33.0, 3.3031379507992025)	(34.0, 3.8194921939032027)	(35.0, 4.390083710225541)	(36.0, 4.877834117555164)	(37.0, 5.271741940594234)	(38.0, 5.678576497108262)	(39.0, 5.99415381602673)	(40.0, 6.160221085647585)	(41.0, 6.149659669361662)	(42.0, 5.924239440508972)	(43.0, 5.522300540502481)	(44.0, 4.9788826681658005)	(45.0, 4.394594315097654)	(46.0, 3.7784566910422686)	(47.0, 3.0773326703110886)	(48.0, 2.441282375966617)	(49.0, 1.8907135446863423)	(50.0, 1.4370677107800156)	(51.0, 1.0707185833620287)	(52.0, 0.7725235954141451)	(53.0, 0.5550244287758989)	(54.0, 0.3859867608246266)	(55.0, 0.27096633658573616)	(56.0, 0.19021550789960934)	(57.0, 0.1267920028075765)	(58.0, 0.08619655895855634)	(59.0, 0.05709765679577631)	(60.0, 0.04092548810795527)	(61.0, 0.03030906444554215)	(62.0, 0.022718046490034314)	(63.0, 0.016447205570266972)	(64.0, 0.010671431038902317)	(65.0, 0.007701032708486208)	(66.0, 0.005720767154875469)	(67.0, 0.004455597495624163)	(68.0, 0.0034654647188187932)	(69.0, 0.002255302436056675)	(70.0, 0.0017052286711648035)	(71.0, 0.0012101622827621185)	(72.0, 0.000825110647337808)	(73.0, 0.00044005901191349756)	(74.0, 0.0003850516354243104)	(75.0, 0.00044005901191349756)	(76.0, 0.0001650221294675616)	(77.0, 5.5007376489187194e-05)	(78.0, 0.00011001475297837439)	(79.0, 5.5007376489187194e-05)	(80.0, 0.0)	(81.0, 5.5007376489187194e-05)	(82.0, 5.5007376489187194e-05)	(83.0, 0.0)	(84.0, 0.0)	(85.0, 0.0)	(86.0, 0.00011001475297837439)	(87.0, 0.00011001475297837439)	(88.0, 0.0)	(89.0, 0.0)	(90.0, 5.5007376489187194e-05)	(91.0, 5.5007376489187194e-05)	(92.0, 0.0)	(93.0, 0.0)	(94.0, 5.5007376489187194e-05)	(95.0, 0.00011001475297837439)	(96.0, 5.5007376489187194e-05)	(97.0, 0.0)	(98.0, 5.5007376489187194e-05)	(99.0, 5.5007376489187194e-05)	(100.0, 0.0)
PID-2861-6_S201_R2_001	(0.0, 0.0)	(1.0, 0.0)	(2.0, 0.0)	(3.0, 0.0)	(4.0, 0.0)	(5.0, 0.000165275323898316)	(6.0, 0.000330550647796632)	(7.0, 0.0009365601687571241)	(8.0, 0.00110183549265544)	(9.0, 0.0012671108165537561)	(10.0, 0.002313854534576424)	(11.0, 0.0047378926184183925)	(12.0, 0.009200326363672925)	(13.0, 0.01845574450197862)	(14.0, 0.03492818511717745)	(15.0, 0.06407173389791385)	(16.0, 0.10158923242283156)	(17.0, 0.14516682615735424)	(18.0, 0.18819350214554917)	(19.0, 0.24174270708860354)	(20.0, 0.31132361844979456)	(21.0, 0.3864687990488956)	(22.0, 0.4940630349066993)	(23.0, 0.6031447486795879)	(24.0, 0.729470187912534)	(25.0, 0.9027889109072348)	(26.0, 1.0798538745769641)	(27.0, 1.2889271593083338)	(28.0, 1.5220755495542249)	(29.0, 1.742663015183844)	(30.0, 2.032170290879061)	(31.0, 2.3798544805864847)	(32.0, 2.7697389696626122)	(33.0, 3.2290390947760326)	(34.0, 3.732247364271772)	(35.0, 4.29247562051243)	(36.0, 4.822183033606533)	(37.0, 5.262035762274586)	(38.0, 5.654509564758453)	(39.0, 5.974813142473389)	(40.0, 6.13204506727532)	(41.0, 6.113919873421138)	(42.0, 5.926938390317511)	(43.0, 5.528073941976242)	(44.0, 4.99065368043355)	(45.0, 4.417093214731761)	(46.0, 3.7948867120292338)	(47.0, 3.1215550424674947)	(48.0, 2.476485453292367)	(49.0, 1.9024842533935156)	(50.0, 1.4453327074907736)	(51.0, 1.096767049389225)	(52.0, 0.7870410924037807)	(53.0, 0.5475020563004882)	(54.0, 0.3879011851893477)	(55.0, 0.28289626273928425)	(56.0, 0.20367429081735808)	(57.0, 0.13800489545509387)	(58.0, 0.09404165929814182)	(59.0, 0.06644068020712304)	(60.0, 0.05211681880260231)	(61.0, 0.03801332449661268)	(62.0, 0.026829694246159965)	(63.0, 0.020218681290227324)	(64.0, 0.01542569689717616)	(65.0, 0.013387301235763597)	(66.0, 0.013387301235763597)	(67.0, 0.012560924616272017)	(68.0, 0.008924867490509065)	(69.0, 0.005894819885706604)	(70.0, 0.006005003434972148)	(71.0, 0.0055091774632772)	(72.0, 0.0047378926184183925)	(73.0, 0.00495825971694948)	(74.0, 0.004297158421356216)	(75.0, 0.0030851393794352326)	(76.0, 0.002809680506271372)	(77.0, 0.0030851393794352326)	(78.0, 0.0030851393794352326)	(79.0, 0.002919864055536916)	(80.0, 0.0032504147033335486)	(81.0, 0.0037462406750284963)	(82.0, 0.0032504147033335486)	(83.0, 0.003195322928700776)	(84.0, 0.003525873576497408)	(85.0, 0.0033055064779663203)	(86.0, 0.0029749558301696882)	(87.0, 0.0028647722809041444)	(88.0, 0.0029749558301696882)	(89.0, 0.003525873576497408)	(90.0, 0.0028647722809041444)	(91.0, 0.003360598252599092)	(92.0, 0.004186974872090672)	(93.0, 0.0032504147033335486)	(94.0, 0.002919864055536916)	(95.0, 0.0041318830974579005)	(96.0, 0.00523371859011334)	(97.0, 0.006611012955932641)	(98.0, 0.013277117686498054)	(99.0, 0.026168592950566703)	(100.0, 0.17034376716453103)
PID-2861-7_S202_R1_001	(0.0, 0.0)	(1.0, 0.0)	(2.0, 0.0)	(3.0, 0.0)	(4.0, 0.0)	(5.0, 0.0)	(6.0, 0.0001549042691616581)	(7.0, 0.0004130780510977549)	(8.0, 0.0007228865894210711)	(9.0, 0.0009294256149699486)	(10.0, 0.002065390255488775)	(11.0, 0.00573145795898135)	(12.0, 0.00981060371357168)	(13.0, 0.015696965941714686)	(14.0, 0.028967098333230062)	(15.0, 0.04889811429869674)	(16.0, 0.07889790775967119)	(17.0, 0.1157134890637586)	(18.0, 0.15113493194539107)	(19.0, 0.20054939380796002)	(20.0, 0.2544044447198298)	(21.0, 0.31538509201313586)	(22.0, 0.4092570791251007)	(23.0, 0.5225437346386599)	(24.0, 0.6429559865336556)	(25.0, 0.776999814114877)	(26.0, 0.9272569552016854)	(27.0, 1.1193898837185285)	(28.0, 1.341212797158023)	(29.0, 1.5718652539397318)	(30.0, 1.8573021872482807)	(31.0, 2.1837887518846686)	(32.0, 2.6077101018237396)	(33.0, 3.113420905880166)	(34.0, 3.66002643699527)	(35.0, 4.3078877253857115)	(36.0, 4.939432430757792)	(37.0, 5.436778404279488)	(38.0, 5.881147117747899)	(39.0, 6.282091001094657)	(40.0, 6.479697213788545)	(41.0, 6.444792118470785)	(42.0, 6.260197864386476)	(43.0, 5.867360637792511)	(44.0, 5.287399054051263)	(45.0, 4.637833818700043)	(46.0, 3.954241278889646)	(47.0, 3.233523349236838)	(48.0, 2.5251461263605757)	(49.0, 1.9216390937067558)	(50.0, 1.4001796889522276)	(51.0, 1.0032633166036724)	(52.0, 0.71343742900221)	(53.0, 0.47669207096680916)	(54.0, 0.3147654749364892)	(55.0, 0.21505876035276864)	(56.0, 0.14457731788421424)	(57.0, 0.09402689138112647)	(58.0, 0.06681537476506186)	(59.0, 0.046161472210174116)	(60.0, 0.03056777578123386)	(61.0, 0.019879381209079453)	(62.0, 0.01456100130119586)	(63.0, 0.009397525662473925)	(64.0, 0.006299440279240762)	(65.0, 0.004853667100398621)	(66.0, 0.003769337216267013)	(67.0, 0.0032013548960076006)	(68.0, 0.0028915463576842846)	(69.0, 0.0019104859863271163)	(70.0, 0.0010843298841316067)	(71.0, 0.0007745213458082904)	(72.0, 0.0004647128074849743)	(73.0, 0.00020653902554887746)	(74.0, 0.00010326951277443873)	(75.0, 0.00010326951277443873)	(76.0, 0.0003098085383233162)	(77.0, 0.0003098085383233162)	(78.0, 0.0001549042691616581)	(79.0, 0.0001549042691616581)	(80.0, 0.00025817378193609687)	(81.0, 0.0003098085383233162)	(82.0, 0.0001549042691616581)	(83.0, 0.00010326951277443873)	(84.0, 0.0001549042691616581)	(85.0, 5.1634756387219366e-05)	(86.0, 5.1634756387219366e-05)	(87.0, 0.00010326951277443873)	(88.0, 5.1634756387219366e-05)	(89.0, 5.1634756387219366e-05)	(90.0, 5.1634756387219366e-05)	(91.0, 0.0)	(92.0, 0.0)	(93.0, 0.0)	(94.0, 0.0)	(95.0, 0.0)	(96.0, 0.0)	(97.0, 5.1634756387219366e-05)	(98.0, 0.00010326951277443873)	(99.0, 0.00010326951277443873)	(100.0, 5.1634756387219366e-05)
PID-2861-7_S202_R2_001	(0.0, 0.0)	(1.0, 0.0)	(2.0, 0.0)	(3.0, 0.0)	(4.0, 0.0)	(5.0, 0.0)	(6.0, 0.00025857245251834055)	(7.0, 0.0005688593955403492)	(8.0, 0.0007240028670513535)	(9.0, 0.000982575319569694)	(10.0, 0.0016031492056137115)	(11.0, 0.0037751578067677723)	(12.0, 0.007550315613535545)	(13.0, 0.013600911002464711)	(14.0, 0.025805530761330384)	(15.0, 0.049180480468988375)	(16.0, 0.07695116186945815)	(17.0, 0.11222044439295978)	(18.0, 0.1473862979354541)	(19.0, 0.18968875116745462)	(20.0, 0.24947070218969497)	(21.0, 0.3197506947841799)	(22.0, 0.4098890517320734)	(23.0, 0.5004928390945)	(24.0, 0.6141612892215624)	(25.0, 0.7494981108696619)	(26.0, 0.9151913384434145)	(27.0, 1.1181189991798082)	(28.0, 1.314013489207703)	(29.0, 1.5448152603255736)	(30.0, 1.8489998934681495)	(31.0, 2.184420078874941)	(32.0, 2.5990668637333516)	(33.0, 3.08487278752481)	(34.0, 3.641113847382264)	(35.0, 4.280873809403142)	(36.0, 4.852370643959179)	(37.0, 5.351415477319576)	(38.0, 5.854700898901274)	(39.0, 6.239042992324535)	(40.0, 6.444711521057624)	(41.0, 6.421905430745506)	(42.0, 6.213651177487234)	(43.0, 5.877920705137421)	(44.0, 5.320386783017375)	(45.0, 4.656786440874306)	(46.0, 3.9561585235306103)	(47.0, 3.2240881959606846)	(48.0, 2.5230982771834634)	(49.0, 1.90878184449039)	(50.0, 1.4115987327881245)	(51.0, 1.0288080740799734)	(52.0, 0.7243648684848792)	(53.0, 0.501578843395077)	(54.0, 0.34659051535558366)	(55.0, 0.23395635503859455)	(56.0, 0.16512436817821227)	(57.0, 0.10973814884878373)	(58.0, 0.0729691461006757)	(59.0, 0.0526970658232378)	(60.0, 0.03868243889674374)	(61.0, 0.03082183634018619)	(62.0, 0.02487466993226436)	(63.0, 0.018824074543335192)	(64.0, 0.01391119794548672)	(65.0, 0.011584045872821656)	(66.0, 0.009774038705193272)	(67.0, 0.009205179309652924)	(68.0, 0.00817088949957956)	(69.0, 0.006464311312958514)	(70.0, 0.005068020069359475)	(71.0, 0.005068020069359475)	(72.0, 0.005947166407921833)	(73.0, 0.005171449050366811)	(74.0, 0.004861162107344802)	(75.0, 0.004757733126337466)	(76.0, 0.004033730259286113)	(77.0, 0.003413156373242095)	(78.0, 0.0036200143352567676)	(79.0, 0.0038268722972714404)	(80.0, 0.003309727392234759)	(81.0, 0.002844296977701746)	(82.0, 0.0031028694302200864)	(83.0, 0.0033614418827384272)	(84.0, 0.003516585354249431)	(85.0, 0.003413156373242095)	(86.0, 0.0035682998447530995)	(87.0, 0.0036717288257604357)	(88.0, 0.003413156373242095)	(89.0, 0.0035682998447530995)	(90.0, 0.0035682998447530995)	(91.0, 0.0033614418827384272)	(92.0, 0.002896011468205414)	(93.0, 0.002844296977701746)	(94.0, 0.0037751578067677723)	(95.0, 0.004861162107344802)	(96.0, 0.006257453350943841)	(97.0, 0.009360322781163928)	(98.0, 0.01448005734102707)	(99.0, 0.026788106080900084)	(100.0, 0.17246782582973313)
PID-2861-8_S203_R1_001	(0.0, 0.0)	(1.0, 0.0)	(2.0, 0.0)	(3.0, 0.0)	(4.0, 0.0)	(5.0, 5.1056356005759154e-05)	(6.0, 0.00040845084804607323)	(7.0, 0.0006126762720691099)	(8.0, 0.00045950720405183245)	(9.0, 0.0010721834761209424)	(10.0, 0.002603874156293717)	(11.0, 0.005616199160633508)	(12.0, 0.008526411452961779)	(13.0, 0.012815145357445549)	(14.0, 0.027264094107075393)	(15.0, 0.05350706109403559)	(16.0, 0.08363031113743351)	(17.0, 0.11257926499269894)	(18.0, 0.1482676578407246)	(19.0, 0.19411626553389633)	(20.0, 0.24859339739204137)	(21.0, 0.31644729452369524)	(22.0, 0.4145265544107586)	(23.0, 0.5249614524512156)	(24.0, 0.630035433111068)	(25.0, 0.7626798460140303)	(26.0, 0.9186059572556188)	(27.0, 1.099600739296035)	(28.0, 1.3137310963841888)	(29.0, 1.54246357128999)	(30.0, 1.844104522572015)	(31.0, 2.1965976044357762)	(32.0, 2.624500924120044)	(33.0, 3.117398984999643)	(34.0, 3.678150943010895)	(35.0, 4.335552582941051)	(36.0, 4.935158427872686)	(37.0, 5.433979026048953)	(38.0, 5.904412290286018)	(39.0, 6.294431793814012)	(40.0, 6.502690669961504)	(41.0, 6.517650182271191)	(42.0, 6.314599054436288)	(43.0, 5.895017920780958)	(44.0, 5.325484269536715)	(45.0, 4.664151290194116)	(46.0, 3.922404550142447)	(47.0, 3.1860187274713825)	(48.0, 2.502884684114325)	(49.0, 1.8722365747311884)	(50.0, 1.3714247786706968)	(51.0, 0.9994281688127354)	(52.0, 0.6957449632904801)	(53.0, 0.46680826296065603)	(54.0, 0.31481349113151097)	(55.0, 0.22189092320102932)	(56.0, 0.1491356158928225)	(57.0, 0.08868489038200365)	(58.0, 0.05672361152239842)	(59.0, 0.04074297209259581)	(60.0, 0.030582757247449733)	(61.0, 0.020882049606355493)	(62.0, 0.014959512309687433)	(63.0, 0.010568665693192146)	(64.0, 0.006126762720691098)	(65.0, 0.0034718322083916228)	(66.0, 0.004033452124454974)	(67.0, 0.004339790260489528)	(68.0, 0.0027570432243109945)	(69.0, 0.001633803392184293)	(70.0, 0.0009190144081036649)	(71.0, 0.0005616199160633507)	(72.0, 0.00045950720405183245)	(73.0, 0.00020422542402303662)	(74.0, 0.00015316906801727748)	(75.0, 0.0003573944920403141)	(76.0, 0.00030633813603455495)	(77.0, 5.1056356005759154e-05)	(78.0, 5.1056356005759154e-05)	(79.0, 0.00015316906801727748)	(80.0, 0.00015316906801727748)	(81.0, 0.00010211271201151831)	(82.0, 0.00010211271201151831)	(83.0, 0.00010211271201151831)	(84.0, 0.00010211271201151831)	(85.0, 5.1056356005759154e-05)	(86.0, 0.0)	(87.0, 0.0)	(88.0, 5.1056356005759154e-05)	(89.0, 0.00010211271201151831)	(90.0, 5.1056356005759154e-05)	(91.0, 0.0)	(92.0, 5.1056356005759154e-05)	(93.0, 5.1056356005759154e-05)	(94.0, 0.0)	(95.0, 0.0)	(96.0, 5.1056356005759154e-05)	(97.0, 0.00020422542402303662)	(98.0, 0.00015316906801727748)	(99.0, 5.1056356005759154e-05)	(100.0, 5.1056356005759154e-05)
PID-2861-8_S203_R2_001	(0.0, 0.0)	(1.0, 0.0)	(2.0, 0.0)	(3.0, 0.0)	(4.0, 0.0)	(5.0, 0.0001023524167708529)	(6.0, 0.00030705725031255867)	(7.0, 0.00035823345869798515)	(8.0, 0.0004094096670834116)	(9.0, 0.0008699955425522497)	(10.0, 0.0024564580025004694)	(11.0, 0.005015268421771792)	(12.0, 0.008444074383595365)	(13.0, 0.013971104889221422)	(14.0, 0.02707221423589059)	(15.0, 0.04861739796615513)	(16.0, 0.07072551998865935)	(17.0, 0.10317123610501973)	(18.0, 0.14232103551987094)	(19.0, 0.18377376431206638)	(20.0, 0.24052817941150434)	(21.0, 0.3060849023532356)	(22.0, 0.38970682685502245)	(23.0, 0.4923663008761878)	(24.0, 0.6174409541701701)	(25.0, 0.7540814305592588)	(26.0, 0.9062282980891315)	(27.0, 1.0999814230363563)	(28.0, 1.3058633093709267)	(29.0, 1.5277121727217502)	(30.0, 1.8078507374235748)	(31.0, 2.147251351435723)	(32.0, 2.582044417878306)	(33.0, 3.073131313544858)	(34.0, 3.6458442615861655)	(35.0, 4.260982286378991)	(36.0, 4.8272470321637355)	(37.0, 5.375446576388423)	(38.0, 5.85573529208565)	(39.0, 6.245237414107131)	(40.0, 6.462992180787121)	(41.0, 6.438171719720189)	(42.0, 6.241399198478224)	(43.0, 5.8677105248478405)	(44.0, 5.324321544211382)	(45.0, 4.685847168394802)	(46.0, 3.970608480000082)	(47.0, 3.2182158643175427)	(48.0, 2.4970919119584982)	(49.0, 1.886355041086819)	(50.0, 1.4115421796868322)	(51.0, 1.0469628711490544)	(52.0, 0.7408779687958187)	(53.0, 0.5039833001796796)	(54.0, 0.3461046973106391)	(55.0, 0.23873701211801437)	(56.0, 0.16437798133398976)	(57.0, 0.11008002423705228)	(58.0, 0.07512667390980603)	(59.0, 0.05521912884787514)	(60.0, 0.04201566708443511)	(61.0, 0.029733377071932764)	(62.0, 0.022517531689587637)	(63.0, 0.01816755397682639)	(64.0, 0.01530168630724251)	(65.0, 0.013664047638908862)	(66.0, 0.012589347262814908)	(67.0, 0.011821704137033508)	(68.0, 0.010491122719012421)	(69.0, 0.008188193341668232)	(70.0, 0.006448202256563733)	(71.0, 0.006704083298490865)	(72.0, 0.006550554673334585)	(73.0, 0.005219973255313498)	(74.0, 0.004964092213386366)	(75.0, 0.00475938737984466)	(76.0, 0.005066444630157219)	(77.0, 0.005987616381094895)	(78.0, 0.005424678088855204)	(79.0, 0.004912916005000939)	(80.0, 0.0048105635882300865)	(81.0, 0.004247625295990395)	(82.0, 0.004145272879219543)	(83.0, 0.004401153921146674)	(84.0, 0.004452330129532101)	(85.0, 0.004094096670834116)	(86.0, 0.0034288059618235722)	(87.0, 0.004145272879219543)	(88.0, 0.004912916005000939)	(89.0, 0.005322325672084351)	(90.0, 0.005015268421771792)	(91.0, 0.004247625295990395)	(92.0, 0.0046570349630738065)	(93.0, 0.005168797046928071)	(94.0, 0.0046570349630738065)	(95.0, 0.004964092213386366)	(96.0, 0.008137017133282805)	(97.0, 0.012282290012502348)	(98.0, 0.019088725727764065)	(99.0, 0.03515805516078797)	(100.0, 0.2580304426793202)
PID-2861-9_S204_R1_001	(0.0, 0.0)	(1.0, 0.0)	(2.0, 0.0)	(3.0, 0.0)	(4.0, 4.787694476149621e-05)	(5.0, 9.575388952299242e-05)	(6.0, 4.787694476149621e-05)	(7.0, 0.00019150777904598483)	(8.0, 0.0006224002818994507)	(9.0, 0.0020587086247443372)	(10.0, 0.003207755299020246)	(11.0, 0.005697356426618049)	(12.0, 0.010532927847529166)	(13.0, 0.018815639291268012)	(14.0, 0.03365749216733183)	(15.0, 0.059989811786154756)	(16.0, 0.08756693196877657)	(17.0, 0.12735267306557993)	(18.0, 0.1781501114575274)	(19.0, 0.22061696146097454)	(20.0, 0.2919536091556039)	(21.0, 0.3769830630520212)	(22.0, 0.4565545452456279)	(23.0, 0.5590590839799913)	(24.0, 0.6857893567636717)	(25.0, 0.8246803735167723)	(26.0, 0.9817646292792412)	(27.0, 1.1896942003784194)	(28.0, 1.4223282749745294)	(29.0, 1.686752640892273)	(30.0, 2.0019265682572023)	(31.0, 2.3803938165968304)	(32.0, 2.805205947465586)	(33.0, 3.2473974092827653)	(34.0, 3.746753943145171)	(35.0, 4.308829274645136)	(36.0, 4.880479995097401)	(37.0, 5.390225825973051)	(38.0, 5.803260228430479)	(39.0, 6.175694981730158)	(40.0, 6.42245275503091)	(41.0, 6.401099637667282)	(42.0, 6.176317382012058)	(43.0, 5.771326306274561)	(44.0, 5.194265491064247)	(45.0, 4.521642294109987)	(46.0, 3.801477291007561)	(47.0, 3.055267229954881)	(48.0, 2.3877668660901006)	(49.0, 1.8181748542625802)	(50.0, 1.3458209172456586)	(51.0, 0.979993182323066)	(52.0, 0.6721923044514068)	(53.0, 0.45526186773706745)	(54.0, 0.30248653700313305)	(55.0, 0.2061581241430027)	(56.0, 0.14741311292064682)	(57.0, 0.09661567452869936)	(58.0, 0.06798526156132463)	(59.0, 0.04744605225864275)	(60.0, 0.035811954681599166)	(61.0, 0.02752924323786032)	(62.0, 0.021400994308388807)	(63.0, 0.018528377622699037)	(64.0, 0.014363083428448864)	(65.0, 0.011681974521805076)	(66.0, 0.010054158399914205)	(67.0, 0.007420926438031913)	(68.0, 0.004883448365672613)	(69.0, 0.0028247397409282764)	(70.0, 0.0024896011275978027)	(71.0, 0.0025853550171207954)	(72.0, 0.0013884313980833901)	(73.0, 0.0005745233371379546)	(74.0, 0.0004308925028534659)	(75.0, 0.00019150777904598483)	(76.0, 9.575388952299242e-05)	(77.0, 0.00014363083428448864)	(78.0, 0.00023938472380748106)	(79.0, 0.00033513861333047345)	(80.0, 0.00019150777904598483)	(81.0, 9.575388952299242e-05)	(82.0, 9.575388952299242e-05)	(83.0, 9.575388952299242e-05)	(84.0, 4.787694476149621e-05)	(85.0, 0.0)	(86.0, 4.787694476149621e-05)	(87.0, 4.787694476149621e-05)	(88.0, 0.0)	(89.0, 4.787694476149621e-05)	(90.0, 4.787694476149621e-05)	(91.0, 0.0)	(92.0, 0.0)	(93.0, 4.787694476149621e-05)	(94.0, 4.787694476149621e-05)	(95.0, 0.0)	(96.0, 4.787694476149621e-05)	(97.0, 9.575388952299242e-05)	(98.0, 0.00019150777904598483)	(99.0, 0.00023938472380748106)	(100.0, 9.575388952299242e-05)
PID-2861-9_S204_R2_001	(0.0, 0.0)	(1.0, 0.0)	(2.0, 0.0)	(3.0, 0.0)	(4.0, 9.587383003966781e-05)	(5.0, 0.0001438107450595017)	(6.0, 0.00019174766007933562)	(7.0, 0.00043143223517850513)	(8.0, 0.0005273060652181728)	(9.0, 0.001438107450595017)	(10.0, 0.0032117733063288714)	(11.0, 0.005273060652181728)	(12.0, 0.008628644703570101)	(13.0, 0.018647459942715387)	(14.0, 0.032836786788586224)	(15.0, 0.05637381206332466)	(16.0, 0.08446484426494733)	(17.0, 0.11969847680452525)	(18.0, 0.1657658521385856)	(19.0, 0.2139424517335187)	(20.0, 0.28268398787196053)	(21.0, 0.3669570844768285)	(22.0, 0.45597593566866)	(23.0, 0.5549177282695972)	(24.0, 0.6841556511630694)	(25.0, 0.8330477092146735)	(26.0, 0.985582972807785)	(27.0, 1.1642917920017257)	(28.0, 1.389882914085064)	(29.0, 1.6713684790815289)	(30.0, 1.998873482497034)	(31.0, 2.3707201323058853)	(32.0, 2.8022482413144303)	(33.0, 3.2538139808012656)	(34.0, 3.7566722193593227)	(35.0, 4.29433265822178)	(36.0, 4.826384478026917)	(37.0, 5.34194599906523)	(38.0, 5.795573025897919)	(39.0, 6.144649641072348)	(40.0, 6.312380906726747)	(41.0, 6.350059321932338)	(42.0, 6.163249164100044)	(43.0, 5.747540237048045)	(44.0, 5.194300300804142)	(45.0, 4.52826480351857)	(46.0, 3.805519935764534)	(47.0, 3.0794674208741295)	(48.0, 2.4090696643217524)	(49.0, 1.815898277866328)	(50.0, 1.3547930922905456)	(51.0, 0.980933092050861)	(52.0, 0.6796016442361852)	(53.0, 0.46882302889397554)	(54.0, 0.3136512349747732)	(55.0, 0.2156681806742327)	(56.0, 0.15421305561880566)	(57.0, 0.10824155411478494)	(58.0, 0.07765780233213092)	(59.0, 0.05407284014237264)	(60.0, 0.04060256702179931)	(61.0, 0.03293266061862589)	(62.0, 0.02727610464628549)	(63.0, 0.024016394424936784)	(64.0, 0.021475737928885588)	(65.0, 0.018359838452596384)	(66.0, 0.016346488021763358)	(67.0, 0.012751219395275817)	(68.0, 0.009060076938748607)	(69.0, 0.008101338638351928)	(70.0, 0.007478158743094088)	(71.0, 0.006327672782618075)	(72.0, 0.005177186822142061)	(73.0, 0.004410196181824719)	(74.0, 0.0043143223517850505)	(75.0, 0.004506070011864386)	(76.0, 0.0043143223517850505)	(77.0, 0.00393082703162638)	(78.0, 0.00393082703162638)	(79.0, 0.0035473317114677085)	(80.0, 0.0035952686264875424)	(81.0, 0.003403520966408207)	(82.0, 0.002876214901190034)	(83.0, 0.0031638363913090374)	(84.0, 0.0034993947964478745)	(85.0, 0.0032117733063288714)	(86.0, 0.0033555840513883727)	(87.0, 0.002876214901190034)	(88.0, 0.0024927195810313624)	(89.0, 0.0030200256462495356)	(90.0, 0.003259710221348705)	(91.0, 0.003451457881428041)	(92.0, 0.0035473317114677085)	(93.0, 0.0038828901166065456)	(94.0, 0.004026700861666048)	(95.0, 0.004218448521745383)	(96.0, 0.004937502247042891)	(97.0, 0.007526095658113922)	(98.0, 0.011888354924918807)	(99.0, 0.0227700346344211)	(100.0, 0.14098246707333148)
