Sample	0	1	2	3	4	5	6	7	8	9	10	11	12	13	14	15	16	17	18	19	20	21	22	23	24	25	26	27	28	29	30	31	32	33	34	35
PID-2861-10_S205_R1_001 - nextera_transposase_sequence	(1, 0.0)	(2, 0.0)	(3, 0.0001229826237850854)	(4, 0.0001229826237850854)	(5, 0.0001229826237850854)	(6, 0.0001229826237850854)	(7, 0.0001229826237850854)	(8, 0.0001229826237850854)	(9, 0.00036894787135525624)	(10, 0.0004919304951403416)	(15, 0.0005165270198973587)	(20, 0.0006641061684394612)	(25, 0.000910071416009632)	(30, 0.002459652475701708)	(35, 0.007526536575647227)	(40, 0.017807883924080368)	(45, 0.04105159981946151)	(50, 0.06577110720026368)	(55, 0.10409249277169627)	(60, 0.1392901196989877)	(65, 0.19259078884744374)	(70, 0.23455246008291492)	(75, 0.2996348645899821)	(80, 0.3562314680558784)	(85, 0.44190116378456895)	(90, 0.5214217283240051)	(95, 0.629351278957796)	(100, 0.7397896751168027)	(105, 0.8784156886473511)	(110, 1.0117288528303834)	(115, 1.172098194246135)	(120, 1.334607433315747)	(125, 1.516375751270103)	(130, 1.715017285207773)	(135, 1.9378863960311048)	(140, 2.0503663037449438)
PID-2861-10_S205_R1_001 - polyg	(1, 0.0)	(2, 0.0)	(3, 0.0)	(4, 0.0)	(5, 0.0001229826237850854)	(6, 0.0001229826237850854)	(7, 0.00036894787135525624)	(8, 0.00036894787135525624)	(9, 0.00036894787135525624)	(10, 0.00036894787135525624)	(15, 0.00036894787135525624)	(20, 0.00036894787135525624)	(25, 0.0004919304951403416)	(30, 0.0006641061684394612)	(35, 0.0012790192873648881)	(40, 0.0015249845349350588)	(45, 0.0018447393567762808)	(50, 0.0018693358815332981)	(55, 0.0022136872281315377)	(60, 0.0025088455252157424)	(65, 0.0028040038222999475)	(70, 0.003246741267926254)	(75, 0.003812461337337648)	(80, 0.005804779842656031)	(85, 0.009740223803778763)	(90, 0.021472766112875914)	(95, 0.03549278522437564)	(100, 0.05128375411838062)	(105, 0.06798479442839521)	(110, 0.10524852943527607)	(115, 0.1717821289030073)	(120, 0.23888144844014988)	(125, 0.3162129222762116)	(130, 0.3765236009804175)	(135, 0.4347681716050339)	(140, 0.460815891322715)
PID-2861-10_S205_R2_001 - nextera_transposase_sequence	(1, 0.0)	(2, 0.0)	(3, 0.0001229826237850854)	(4, 0.0001229826237850854)	(5, 0.0001229826237850854)	(6, 0.0001229826237850854)	(7, 0.0001229826237850854)	(8, 0.0001229826237850854)	(9, 0.00036894787135525624)	(10, 0.00036894787135525624)	(15, 0.0003935443961122733)	(20, 0.00059031659416841)	(25, 0.000910071416009632)	(30, 0.002484249000458725)	(35, 0.007772501823217398)	(40, 0.018373603993491756)	(45, 0.041937074710714124)	(50, 0.06717310911141365)	(55, 0.10574045993041643)	(60, 0.14103647295673594)	(65, 0.19320570196636916)	(70, 0.23445407398388682)	(75, 0.2996348645899821)	(80, 0.35687097769956083)	(85, 0.443499937893775)	(90, 0.5237092051264077)	(95, 0.6308270704432171)	(100, 0.7396912890177748)	(105, 0.8795471287861737)	(110, 1.013967136583272)	(115, 1.1744840571475657)	(120, 1.334902591612831)	(125, 1.513227396101205)	(130, 1.709335487988902)	(135, 1.9303598594554576)	(140, 2.042126467951343)
PID-2861-10_S205_R2_001 - polyg	(1, 0.44187656725981184)	(2, 0.44199954988359696)	(3, 0.44433621973551357)	(4, 0.4456890285971495)	(5, 0.4504853509247678)	(6, 0.45626553424266686)	(7, 0.4592171172135089)	(8, 0.4633985264222018)	(9, 0.4670880051357544)	(10, 0.47316334675073757)	(15, 0.478156441276412)	(20, 0.48068988332638485)	(25, 0.48206728871277776)	(30, 0.4831249392773295)	(35, 0.4837890454457689)	(40, 0.4841333967923672)	(45, 0.4848958890598348)	(50, 0.485240240406433)	(55, 0.48541241607973207)	(60, 0.48563378480254527)	(65, 0.48602732919865754)	(70, 0.48632248749574175)	(75, 0.48674062841661103)	(80, 0.4872817519612654)	(85, 0.488118033803004)	(90, 0.48838859557533115)	(95, 0.48883133302095744)	(100, 0.4894216496151259)	(105, 0.4903563175558925)	(110, 0.4944885337150714)	(115, 0.5022118424887747)	(120, 0.5217906761953603)	(125, 0.5464609905266484)	(130, 0.5818799861767531)	(135, 0.6184550184904375)	(140, 0.640739469920295)
PID-2861-11_S206_R1_001 - nextera_transposase_sequence	(1, 0.0)	(2, 0.0)	(3, 0.0)	(4, 0.0)	(5, 0.0)	(6, 0.0)	(7, 0.0001162146111982075)	(8, 0.0001162146111982075)	(9, 0.0001162146111982075)	(10, 0.0001162146111982075)	(15, 0.00032540091135498106)	(20, 0.000418372600313547)	(25, 0.0005113442892721129)	(30, 0.0010459315007838677)	(35, 0.00339346664698766)	(40, 0.009250683051377318)	(45, 0.02398669575131003)	(50, 0.039071352284837366)	(55, 0.06338344894750238)	(60, 0.0847436944857329)	(65, 0.12504692164927128)	(70, 0.1609107506650381)	(75, 0.21713537956273088)	(80, 0.26710766237796013)	(85, 0.3358834692850593)	(90, 0.39387456027296486)	(95, 0.47659612052384903)	(100, 0.5546226104823255)	(105, 0.6590763030272744)	(110, 0.7540933691429288)	(115, 0.8828359154283032)	(120, 1.0114157612579997)	(125, 1.1579159001344603)	(130, 1.3163861439643358)	(135, 1.4997030716683888)	(140, 1.5850510821323522)
PID-2861-11_S206_R1_001 - polyg	(1, 0.0)	(2, 0.0)	(3, 0.000232429222396415)	(4, 0.000232429222396415)	(5, 0.000697287667189245)	(6, 0.000697287667189245)	(7, 0.0008135022783874525)	(8, 0.0008135022783874525)	(9, 0.0008135022783874525)	(10, 0.0009994456563045845)	(15, 0.0010459315007838677)	(20, 0.0010459315007838677)	(25, 0.001069174423023509)	(30, 0.0013713324121388487)	(35, 0.0018129479346920372)	(40, 0.0020221342348488106)	(45, 0.0024172639129227164)	(50, 0.0025334785241209238)	(55, 0.002719421902038056)	(60, 0.0029750940466741122)	(65, 0.003486438335946225)	(70, 0.003904810936259772)	(75, 0.00432318353657332)	(80, 0.005229657503919338)	(85, 0.00773989310580062)	(90, 0.014619798088734504)	(95, 0.023754266528913614)	(100, 0.033237378802687345)	(105, 0.041581587886718646)	(110, 0.0646850525929223)	(115, 0.11284438747345948)	(120, 0.16648905200255207)	(125, 0.22998871556125264)	(130, 0.27749724861907993)	(135, 0.3179166903938165)	(140, 0.34085745464434264)
PID-2861-11_S206_R2_001 - nextera_transposase_sequence	(1, 0.0)	(2, 0.0)	(3, 0.0)	(4, 0.0)	(5, 0.0)	(6, 0.0)	(7, 0.0001162146111982075)	(8, 0.0001162146111982075)	(9, 0.0001162146111982075)	(10, 0.0001162146111982075)	(15, 0.00032540091135498106)	(20, 0.000418372600313547)	(25, 0.0005113442892721129)	(30, 0.0011389031897424335)	(35, 0.003974539702978697)	(40, 0.010226885785442261)	(45, 0.025125598941052464)	(50, 0.04011728378562123)	(55, 0.06424343707036911)	(60, 0.08585935475323571)	(65, 0.12539556548286587)	(70, 0.16095723650951738)	(75, 0.21797212476335798)	(80, 0.267828192967389)	(85, 0.33579049759610075)	(90, 0.39287511461666036)	(95, 0.475294516878429)	(100, 0.5523448041028407)	(105, 0.6573330838593012)	(110, 0.7540003974539703)	(115, 0.8812553967160074)	(120, 1.0078131083108555)	(125, 1.151338153140642)	(130, 1.3066241166236867)	(135, 1.488778898215757)	(140, 1.5745917671245135)
PID-2861-11_S206_R2_001 - polyg	(1, 0.40965650447368146)	(2, 0.4107024359744653)	(3, 0.4120970113088438)	(4, 0.41360780125442054)	(5, 0.4165131665343757)	(6, 0.42034824870391657)	(7, 0.42209146787188967)	(8, 0.42546169159663766)	(9, 0.4269724815422144)	(10, 0.43185349521253913)	(15, 0.43636262212702953)	(20, 0.4382685417506801)	(25, 0.43940744494042255)	(30, 0.44052310520792537)	(35, 0.4409182348859993)	(40, 0.44163876547542824)	(45, 0.4419874093090228)	(50, 0.4421733526869399)	(55, 0.4423592960648571)	(60, 0.44282415450964996)	(65, 0.44312631249876516)	(70, 0.44349819925459955)	(75, 0.44389332893267336)	(80, 0.4441025152328302)	(85, 0.44454413075538335)	(90, 0.44489277458897797)	(95, 0.44526466134481224)	(100, 0.44568303394512576)	(105, 0.44621762115663743)	(110, 0.4480305690913296)	(115, 0.45244672431686145)	(120, 0.46481195894835076)	(125, 0.47950148580380414)	(130, 0.5006757879641175)	(135, 0.5235700663701645)	(140, 0.5377250060141061)
PID-2861-12_S207_R1_001 - nextera_transposase_sequence	(1, 0.0)	(2, 0.0)	(3, 0.0)	(4, 0.0001337112905813767)	(5, 0.0001337112905813767)	(6, 0.0001337112905813767)	(7, 0.0001337112905813767)	(8, 0.0001337112905813767)	(9, 0.0001337112905813767)	(10, 0.0001337112905813767)	(15, 0.00034764935551157944)	(20, 0.0005348451623255068)	(25, 0.0005883296785580575)	(30, 0.0016312777450927956)	(35, 0.00516125581644114)	(40, 0.013103706476974914)	(45, 0.03035246296197251)	(50, 0.04891159009466759)	(55, 0.07608172434080333)	(60, 0.10242284858533454)	(65, 0.14325827672888697)	(70, 0.17952077873455635)	(75, 0.23220302722361877)	(80, 0.2832272557094721)	(85, 0.36168904102262395)	(90, 0.4261646253409637)	(95, 0.517970797454137)	(100, 0.6059528266566828)	(105, 0.7208108252660855)	(110, 0.8255067657913034)	(115, 0.9632561373482377)	(120, 1.1013799005188)	(125, 1.2545328127507085)	(130, 1.4209498850082902)	(135, 1.601674065358079)	(140, 1.687837621008718)
PID-2861-12_S207_R1_001 - polyg	(1, 0.0)	(2, 0.0)	(3, 0.0)	(4, 0.0)	(5, 0.0002674225811627534)	(6, 0.0004011338717441301)	(7, 0.0004011338717441301)	(8, 0.0005348451623255068)	(9, 0.0006685564529068835)	(10, 0.0008022677434882601)	(15, 0.0009359790340696368)	(20, 0.0010162058084184629)	(25, 0.0012034016152323902)	(30, 0.0012034016152323902)	(35, 0.001417339680162593)	(40, 0.0019254425843718242)	(45, 0.002540514521046157)	(50, 0.0026207412953949834)	(55, 0.002674225811627534)	(60, 0.0027811948440926355)	(65, 0.003075359683371664)	(70, 0.003075359683371664)	(75, 0.0032625554901855912)	(80, 0.004358988072952879)	(85, 0.0071134406589292406)	(90, 0.01708830293629994)	(95, 0.02815959779643793)	(100, 0.0413167887896454)	(105, 0.054286783976038935)	(110, 0.0838102369364069)	(115, 0.13232069315933037)	(120, 0.18527036422955556)	(125, 0.24784724822163984)	(130, 0.30331069155479484)	(135, 0.3575974755308338)	(140, 0.3829491362250628)
PID-2861-12_S207_R2_001 - nextera_transposase_sequence	(1, 0.0)	(2, 0.0)	(3, 0.0)	(4, 0.0001337112905813767)	(5, 0.0001337112905813767)	(6, 0.0001337112905813767)	(7, 0.0001337112905813767)	(8, 0.0001337112905813767)	(9, 0.0001337112905813767)	(10, 0.0001337112905813767)	(15, 0.00034764935551157944)	(20, 0.00040113387174413003)	(25, 0.0004546183879766808)	(30, 0.001497566454511419)	(35, 0.004974060009627213)	(40, 0.013638551639300422)	(45, 0.03174306038401883)	(50, 0.050435898807295286)	(55, 0.07824784724822165)	(60, 0.1048563940739156)	(65, 0.14603947157297964)	(70, 0.18313098358025354)	(75, 0.23567952077873455)	(80, 0.2872385944269134)	(85, 0.3657538642562978)	(90, 0.4310317163181259)	(95, 0.5237738674653688)	(100, 0.6138150505428678)	(105, 0.729502059153875)	(110, 0.8344119377440231)	(115, 0.9712520725250041)	(120, 1.108386372145264)	(125, 1.259533615018452)	(130, 1.424426378563406)	(135, 1.6044820024602877)	(140, 1.6895758677862758)
PID-2861-12_S207_R2_001 - polyg	(1, 0.336150184521581)	(2, 0.33695245226506926)	(3, 0.3385569877520458)	(4, 0.3401615232390223)	(5, 0.34270203776006847)	(6, 0.34564368615285873)	(7, 0.3484516232550677)	(8, 0.35045729261378833)	(9, 0.35179440551960206)	(10, 0.3571695994009734)	(15, 0.3616088142482751)	(20, 0.363052896186554)	(25, 0.3636679681232283)	(30, 0.3642562978017863)	(35, 0.36476440070599564)	(40, 0.36521901909397225)	(45, 0.3653259881264374)	(50, 0.36570037974006525)	(55, 0.3661282558699256)	(60, 0.3666363587741349)	(65, 0.36687703909718133)	(70, 0.36714446167834414)	(75, 0.36757233780820453)	(80, 0.3680269561961812)	(85, 0.36837460555169277)	(90, 0.368588543616623)	(95, 0.36893619297213454)	(100, 0.36931058458576244)	(105, 0.3698989142643205)	(110, 0.372278975236669)	(115, 0.3776809113761566)	(120, 0.39450179173129374)	(125, 0.41100176498903573)	(130, 0.4382521260095202)	(135, 0.46387120928491204)	(140, 0.4844360057763277)
PID-2861-13_S208_R1_001 - nextera_transposase_sequence	(1, 0.0)	(2, 0.0)	(3, 0.0)	(4, 0.00010915207394398097)	(5, 0.00010915207394398097)	(6, 0.00010915207394398097)	(7, 0.00010915207394398097)	(8, 0.00010915207394398097)	(9, 0.00010915207394398097)	(10, 0.0003274562218319429)	(15, 0.0003274562218319429)	(20, 0.00048026912535351627)	(25, 0.0006985732732414782)	(30, 0.0014189769612717527)	(35, 0.00475903042395757)	(40, 0.010937037809186891)	(45, 0.02388247377894304)	(50, 0.03905461205715639)	(55, 0.06426874113821601)	(60, 0.09057439095871542)	(65, 0.12661640577501793)	(70, 0.16091198740821674)	(75, 0.21177685386611186)	(80, 0.25323281155003585)	(85, 0.31577694991993693)	(90, 0.37334375371799255)	(95, 0.45435642299921525)	(100, 0.536002174309313)	(105, 0.6429057155300479)	(110, 0.7445699572014718)	(115, 0.8768622708215768)	(120, 1.008586993657173)	(125, 1.154064877809711)	(130, 1.3110037297263666)	(135, 1.4956890388395823)	(140, 1.5889267404025311)
PID-2861-13_S208_R1_001 - polyg	(1, 0.0)	(2, 0.0)	(3, 0.0)	(4, 0.00010915207394398097)	(5, 0.0003274562218319429)	(6, 0.0004366082957759239)	(7, 0.0004366082957759239)	(8, 0.0004366082957759239)	(9, 0.0004366082957759239)	(10, 0.0006985732732414782)	(15, 0.0007640645176078668)	(20, 0.0008295557619742554)	(25, 0.0008732165915518477)	(30, 0.0012006728133837907)	(35, 0.0015281290352157336)	(40, 0.0017464331831036953)	(45, 0.0019647373309916575)	(50, 0.002052058990146843)	(55, 0.0022048718936684155)	(60, 0.002510497700711562)	(65, 0.0026633106042331356)	(70, 0.0029689364112762823)	(75, 0.0032745622183194293)	(80, 0.004693539179591181)	(85, 0.008644844256363294)	(90, 0.017311518927515382)	(95, 0.03086820651135782)	(100, 0.04662976598886867)	(105, 0.06566588768469897)	(110, 0.09454752645027632)	(115, 0.13423522053630782)	(120, 0.18114878191743083)	(125, 0.23568115805984374)	(130, 0.2868953111543596)	(135, 0.3403579969721215)	(140, 0.36893400993065567)
PID-2861-13_S208_R2_001 - nextera_transposase_sequence	(1, 0.0)	(2, 0.0)	(3, 0.0)	(4, 0.0)	(5, 0.0)	(6, 0.0)	(7, 0.0)	(8, 0.0)	(9, 0.0)	(10, 0.00021830414788796192)	(15, 0.00021830414788796192)	(20, 0.0004147778809871277)	(25, 0.0006330820288750896)	(30, 0.0013098248873277716)	(35, 0.004802691253535162)	(40, 0.011111681127497264)	(45, 0.02420993000077498)	(50, 0.03925108579025556)	(55, 0.06466168860441433)	(60, 0.09031242598124986)	(65, 0.12646359287149636)	(70, 0.1615668998518806)	(75, 0.21295569626470687)	(80, 0.2550883968070835)	(85, 0.3171522660516311)	(90, 0.3741951398947556)	(95, 0.4558408912048534)	(100, 0.5375957945888951)	(105, 0.6444338445652635)	(110, 0.7464037120437307)	(115, 0.8781720957089044)	(120, 1.0086306544867507)	(125, 1.1521438013082967)	(130, 1.3065066642798746)	(135, 1.4881793761522366)	(140, 1.5810677910785644)
PID-2861-13_S208_R2_001 - polyg	(1, 0.48441690416338756)	(2, 0.48463520831127554)	(3, 0.4867090977162112)	(4, 0.48834637882537085)	(5, 0.4909660286000264)	(6, 0.49456804704017776)	(7, 0.4967510885190574)	(8, 0.4993707382937129)	(9, 0.5013354756247046)	(10, 0.5069677226402141)	(15, 0.5120542092860036)	(20, 0.5136696599803744)	(25, 0.514586537401504)	(30, 0.5147175198902367)	(35, 0.5154379235782669)	(40, 0.5162674793402412)	(45, 0.5166822572212283)	(50, 0.5169442221986938)	(55, 0.5173808304944699)	(60, 0.5176209650571465)	(65, 0.5179484212789786)	(70, 0.5182758775008105)	(75, 0.5184505208191208)	(80, 0.518756146626164)	(85, 0.5192582461663063)	(90, 0.519607532802927)	(95, 0.519825836950815)	(100, 0.5202624452465908)	(105, 0.5208518664458884)	(110, 0.5234060249761776)	(115, 0.5283396987184454)	(120, 0.5399098185565074)	(125, 0.5534446757255611)	(130, 0.5763011200094307)	(135, 0.6030652085404948)	(140, 0.6200929320757559)
PID-2861-14_S209_R1_001 - nextera_transposase_sequence	(1, 0.0)	(2, 0.0)	(3, 0.0)	(4, 0.0)	(5, 0.0)	(6, 0.0)	(7, 0.0)	(8, 0.0)	(9, 0.0)	(10, 0.00012985003403152975)	(15, 0.0002597000680630595)	(20, 0.000367908429756001)	(25, 0.0006276084978190605)	(30, 0.00266192569764636)	(35, 0.006903693476009666)	(40, 0.016772296062405927)	(45, 0.03391250055456785)	(50, 0.05397433081243921)	(55, 0.08699952280112494)	(60, 0.11840158936441654)	(65, 0.1689348942750202)	(70, 0.20949138823753466)	(75, 0.26649555317737617)	(80, 0.3193228753558703)	(85, 0.3960426037961658)	(90, 0.4625041795479704)	(95, 0.5595887216588775)	(100, 0.6487307700215226)	(105, 0.7668726593178761)	(110, 0.8779377217595112)	(115, 1.0162929330201063)	(120, 1.1584570786122927)	(125, 1.326764364389494)	(130, 1.4959806004049157)	(135, 1.682055699172098)	(140, 1.774292506679161)
PID-2861-14_S209_R1_001 - polyg	(1, 0.0)	(2, 0.0)	(3, 0.00021641672338588292)	(4, 0.00021641672338588292)	(5, 0.0007574585318505902)	(6, 0.0007574585318505902)	(7, 0.0007574585318505902)	(8, 0.0007574585318505902)	(9, 0.0007574585318505902)	(10, 0.0007574585318505902)	(15, 0.0009089502382207083)	(20, 0.0010820836169294146)	(25, 0.0010820836169294146)	(30, 0.0011253669616065913)	(35, 0.0013850670296696507)	(40, 0.00177461713176424)	(45, 0.0021641672338588293)	(50, 0.0023156589402289476)	(55, 0.0026186423529691834)	(60, 0.0030298341274023607)	(65, 0.0032462508507882437)	(70, 0.0035059509188513035)	(75, 0.004371617812394835)	(80, 0.0076178686631830795)	(85, 0.013179778454200269)	(90, 0.026424481925416306)	(95, 0.04319677798782223)	(100, 0.06672127581986771)	(105, 0.09585096678760754)	(110, 0.1343515018779561)	(115, 0.18802284927765509)	(120, 0.238123320741487)	(125, 0.29913119506396735)	(130, 0.3674755963092292)	(135, 0.4393259484733423)	(140, 0.4770906667041789)
PID-2861-14_S209_R2_001 - nextera_transposase_sequence	(1, 0.0)	(2, 0.0)	(3, 0.0)	(4, 0.0)	(5, 0.0)	(6, 0.0)	(7, 0.0)	(8, 0.0)	(9, 0.0)	(10, 0.00012985003403152975)	(15, 0.00028134174040164776)	(20, 0.00047611679144894247)	(25, 0.000735816859512002)	(30, 0.0028567007486936546)	(35, 0.007488018629151549)	(40, 0.017010354458130397)	(45, 0.03469160075875703)	(50, 0.05499148941235286)	(55, 0.08933682341369246)	(60, 0.12099859004504714)	(65, 0.17176995335137527)	(70, 0.21284584745001583)	(75, 0.2697850873728417)	(80, 0.32272061791302864)	(85, 0.40132317184678123)	(90, 0.46815265602834194)	(95, 0.566708831858273)	(100, 0.6568680388208319)	(105, 0.778234537295635)	(110, 0.8905548167329081)	(115, 1.0283906278573771)	(120, 1.1709876068963354)	(125, 1.338991909260796)	(130, 1.5066499448678399)	(135, 1.6940019023029986)	(140, 1.7869528849972354)
PID-2861-14_S209_R2_001 - polyg	(1, 0.6296644566912264)	(2, 0.6300972901379981)	(3, 0.6320450406484711)	(4, 0.6346420413291016)	(5, 0.6398360426903629)	(6, 0.643298710264537)	(7, 0.6470860029237899)	(8, 0.65076508722135)	(9, 0.6540113380721382)	(10, 0.6610448815821793)	(15, 0.6684896168666536)	(20, 0.6712813925983316)	(25, 0.6725366095939698)	(30, 0.6733806348151747)	(35, 0.6741597350193639)	(40, 0.674570926793797)	(45, 0.67483062686186)	(50, 0.6751336102746004)	(55, 0.6754798770320178)	(60, 0.6760642021851597)	(65, 0.6763888272702384)	(70, 0.6764537522872542)	(75, 0.6765836023212858)	(80, 0.6769515107510419)	(85, 0.6772761358361207)	(90, 0.6778604609892624)	(95, 0.6781418027296641)	(100, 0.6784447861424043)	(105, 0.6797865698273968)	(110, 0.6835522208143112)	(115, 0.6908238227200768)	(120, 0.7075311937654669)	(125, 0.7255370651511724)	(130, 0.7548398894976209)	(135, 0.7880598565373541)	(140, 0.8076672116761151)
PID-2861-15_S210_R1_001 - nextera_transposase_sequence	(1, 0.0)	(2, 0.0)	(3, 0.0)	(4, 0.000198280511405095)	(5, 0.000198280511405095)	(6, 0.000198280511405095)	(7, 0.000198280511405095)	(8, 0.000198280511405095)	(9, 0.000594841534215285)	(10, 0.000713809841058342)	(15, 0.001070714761587513)	(20, 0.00118968306843057)	(25, 0.00118968306843057)	(30, 0.0013483074775546458)	(35, 0.0026966149551092924)	(40, 0.005948415342152851)	(45, 0.016576250753465943)	(50, 0.029623108403921194)	(55, 0.052266742806383035)	(60, 0.07534659433393612)	(65, 0.11008533993210876)	(70, 0.14228609498429617)	(75, 0.1930062498017195)	(80, 0.23615208908346816)	(85, 0.30872275625773293)	(90, 0.37601916182862216)	(95, 0.46956790710954593)	(100, 0.561451096094667)	(105, 0.6829970495859903)	(110, 0.7936375749500334)	(115, 0.9282700421940928)	(120, 1.064211160813426)	(125, 1.2221614161987246)	(130, 1.404579486691412)	(135, 1.607420449858824)	(140, 1.7002553852986897)
PID-2861-15_S210_R1_001 - polyg	(1, 0.0)	(2, 0.0)	(3, 0.0)	(4, 0.0)	(5, 0.0)	(6, 0.0)	(7, 0.0)	(8, 0.0)	(9, 0.0)	(10, 0.0)	(15, 0.000118968306843057)	(20, 0.000317248818248152)	(25, 0.00039656102281018996)	(30, 0.00039656102281018996)	(35, 0.00039656102281018996)	(40, 0.000594841534215285)	(45, 0.000872434250182418)	(50, 0.0013483074775546462)	(55, 0.001705212398083817)	(60, 0.0017845246026458553)	(65, 0.0019828051140509504)	(70, 0.0019828051140509504)	(75, 0.002458678341423178)	(80, 0.0030138637733574444)	(85, 0.003925954125820882)	(90, 0.0061466958535579454)	(95, 0.00991402557025475)	(100, 0.015069318866787224)	(105, 0.021057390311221093)	(110, 0.040845785349449576)	(115, 0.07915358015291393)	(120, 0.1308651375273627)	(125, 0.18717680276640972)	(130, 0.23107610799149772)	(135, 0.27243742267060056)	(140, 0.2863170584689572)
PID-2861-15_S210_R2_001 - nextera_transposase_sequence	(1, 0.0)	(2, 0.0)	(3, 0.0)	(4, 0.000198280511405095)	(5, 0.000198280511405095)	(6, 0.000198280511405095)	(7, 0.000198280511405095)	(8, 0.000198280511405095)	(9, 0.000594841534215285)	(10, 0.000713809841058342)	(15, 0.000872434250182418)	(20, 0.0009914025570254752)	(25, 0.0009914025570254752)	(30, 0.001150026966149551)	(35, 0.002498334443704197)	(40, 0.005829447035309793)	(45, 0.01641762634434187)	(50, 0.028869642460581834)	(55, 0.051870181783572854)	(60, 0.07546556264077917)	(65, 0.11068018146632404)	(70, 0.14403096348466102)	(75, 0.19550458424542366)	(80, 0.23801592589067605)	(85, 0.3099124393261635)	(90, 0.37669331556739954)	(95, 0.4702420608483234)	(100, 0.561292471685543)	(105, 0.6847419180863551)	(110, 0.7949065702230259)	(115, 0.9291821325465562)	(120, 1.064330129120269)	(125, 1.2163716252656958)	(130, 1.3949430538371246)	(135, 1.596713302242949)	(140, 1.6895482376828146)
PID-2861-15_S210_R2_001 - polyg	(1, 0.3469908949589163)	(2, 0.3473874559817265)	(3, 0.34798229751594173)	(4, 0.34897370007296724)	(5, 0.3539307128580946)	(6, 0.35888772564322197)	(7, 0.3604739697344627)	(8, 0.36344817740553914)	(9, 0.367215507122236)	(10, 0.37197423939595825)	(15, 0.37657434726055644)	(20, 0.3785174962723264)	(25, 0.37907268170426067)	(30, 0.3792709622156658)	(35, 0.38034167697725324)	(40, 0.3806985818977825)	(45, 0.3812934234319977)	(50, 0.3814917039434028)	(55, 0.3814917039434028)	(60, 0.3817692966593699)	(65, 0.3823641381935852)	(70, 0.3834348529551727)	(75, 0.38387107008026394)	(80, 0.38446591161447924)	(85, 0.38506075314869453)	(90, 0.3854969702737857)	(95, 0.3859728435011579)	(100, 0.38605215570572)	(105, 0.38625043621712507)	(110, 0.38716252656958855)	(115, 0.3891849877859205)	(120, 0.3974334570603725)	(125, 0.4088147584150249)	(130, 0.4286428095555344)	(135, 0.45231750261730275)	(140, 0.4691316899844548)
PID-2861-16_S211_R1_001 - nextera_transposase_sequence	(1, 0.0)	(2, 0.0)	(3, 0.0)	(4, 0.0)	(5, 0.0)	(6, 0.0)	(7, 0.0)	(8, 0.0)	(9, 0.0)	(10, 0.00027424308907415536)	(15, 0.0004936375603334797)	(20, 0.0008227292672224661)	(25, 0.0010969723562966212)	(30, 0.0018374286967968406)	(35, 0.0042781921895568235)	(40, 0.009653356735410267)	(45, 0.02435278630978499)	(50, 0.03861342694164107)	(55, 0.06507788503729706)	(60, 0.09203598069328653)	(65, 0.12683742869679684)	(70, 0.15796401930671347)	(75, 0.2057097411145239)	(80, 0.25027424308907414)	(85, 0.31362439666520403)	(90, 0.36833589293549795)	(95, 0.4456450197455024)	(100, 0.518346862659061)	(105, 0.6116992101799034)	(110, 0.6983600263273366)	(115, 0.8198222904782799)	(120, 0.9438898639754278)	(125, 1.091076129881527)	(130, 1.2442134708205352)	(135, 1.4241169372531812)	(140, 1.504360465116279)
PID-2861-16_S211_R1_001 - polyg	(1, 0.0)	(2, 0.0)	(3, 0.00013712154453707768)	(4, 0.00027424308907415536)	(5, 0.000411364633611233)	(6, 0.000411364633611233)	(7, 0.000411364633611233)	(8, 0.0005484861781483107)	(9, 0.0006856077226853883)	(10, 0.0008501535761298815)	(15, 0.0010969723562966214)	(20, 0.001124396665204037)	(25, 0.001234093900833699)	(30, 0.0012889425186485303)	(35, 0.0015083369899078544)	(40, 0.0016180342255375166)	(45, 0.001892277314611672)	(50, 0.002056823168056165)	(55, 0.002440763492759982)	(60, 0.002660157964019307)	(65, 0.0029892496709082927)	(70, 0.0034280386134269416)	(75, 0.0038942518648530057)	(80, 0.004936375603334796)	(85, 0.007514260640631857)	(90, 0.017030495831505045)	(95, 0.029261737604212374)	(100, 0.04535980693286529)	(105, 0.06494076349275998)	(110, 0.09255704256252742)	(115, 0.13369350592365073)	(120, 0.17795634050021938)	(125, 0.2324758666081615)	(130, 0.2875987275120667)	(135, 0.34318780166739804)	(140, 0.37159938569548046)
PID-2861-16_S211_R2_001 - nextera_transposase_sequence	(1, 0.0)	(2, 0.0)	(3, 0.0)	(4, 0.0)	(5, 0.0)	(6, 0.0)	(7, 0.0)	(8, 0.0)	(9, 0.0)	(10, 0.00027424308907415536)	(15, 0.0004936375603334797)	(20, 0.0008227292672224661)	(25, 0.0009050021939447126)	(30, 0.0015631856077226852)	(35, 0.0038119789381307586)	(40, 0.009296840719613866)	(45, 0.02399627029398859)	(50, 0.0391893374286968)	(55, 0.06647652479157526)	(60, 0.0940928038613427)	(65, 0.13032031592803864)	(70, 0.16207766564282577)	(75, 0.2107832382623958)	(80, 0.2564995612110575)	(85, 0.3205353225098727)	(90, 0.3773310662571303)	(95, 0.4553258007898201)	(100, 0.5299473453268977)	(105, 0.6273584905660378)	(110, 0.7168165862220272)	(115, 0.8381417288284336)	(120, 0.9611397542781923)	(125, 1.107311320754717)	(130, 1.2610245721807811)	(135, 1.442765467310224)	(140, 1.523420359806933)
PID-2861-16_S211_R2_001 - polyg	(1, 0.30057042562527425)	(2, 0.3008446687143484)	(3, 0.3013931548924967)	(4, 0.30194164107064503)	(5, 0.3031757349714787)	(6, 0.3048211935059236)	(7, 0.30728938130759104)	(8, 0.3094833260201843)	(9, 0.310717419921018)	(10, 0.31551667397981575)	(15, 0.31941092584466874)	(20, 0.3205901711276876)	(25, 0.32144032470381745)	(30, 0.32193396226415094)	(35, 0.32245502413339183)	(40, 0.3230309346204476)	(45, 0.32330517770952166)	(50, 0.3237988152698552)	(55, 0.32407305835892936)	(60, 0.3242924528301887)	(65, 0.3242924528301887)	(70, 0.3245392716103554)	(75, 0.32503290917068894)	(80, 0.32525230364194824)	(85, 0.3258007898200966)	(90, 0.3260476086002633)	(95, 0.32656867046950416)	(100, 0.32708973233874505)	(105, 0.32791246160596754)	(110, 0.3301612549363756)	(115, 0.3336715664765248)	(120, 0.3463690215006582)	(125, 0.36024572180781045)	(130, 0.3831724440544098)	(135, 0.41188569548047393)	(140, 0.42877906976744184)
PID-2861-17_S212_R1_001 - nextera_transposase_sequence	(1, 0.0)	(2, 0.0)	(3, 0.00010925558705758315)	(4, 0.00010925558705758315)	(5, 0.00010925558705758315)	(6, 0.00010925558705758315)	(7, 0.00010925558705758315)	(8, 0.00010925558705758315)	(9, 0.0006555335223454989)	(10, 0.0007429379919915654)	(15, 0.0012236625750449315)	(20, 0.0017262382755098137)	(25, 0.0025128785023244126)	(30, 0.004173563425599676)	(35, 0.009876705070005518)	(40, 0.022157033055277865)	(45, 0.046084006620888567)	(50, 0.06874361537663132)	(55, 0.10540979039315623)	(60, 0.13879829779795366)	(65, 0.19493381842813987)	(70, 0.24324663902500313)	(75, 0.3158579021834729)	(80, 0.3768225197616043)	(85, 0.4703016000480725)	(90, 0.5492715383732936)	(95, 0.6611711106376703)	(100, 0.7608340571515975)	(105, 0.884817297344543)	(110, 0.9987708746456022)	(115, 1.1513353764128111)	(120, 1.2998574214588898)	(125, 1.4752344898037222)	(130, 1.6571887444894213)	(135, 1.8471405081477354)	(140, 1.9387403923368132)
PID-2861-17_S212_R1_001 - polyg	(1, 0.0)	(2, 0.0)	(3, 0.0)	(4, 0.00010925558705758315)	(5, 0.0002185111741151663)	(6, 0.0002185111741151663)	(7, 0.00032776676117274946)	(8, 0.00032776676117274946)	(9, 0.00032776676117274946)	(10, 0.00032776676117274946)	(15, 0.0004151712308188159)	(20, 0.0007210868745800489)	(25, 0.0008521935790491486)	(30, 0.0009614491661067316)	(35, 0.0011581092228103815)	(40, 0.001901047214801947)	(45, 0.003146560907258395)	(50, 0.003605434372900244)	(55, 0.004326521247480293)	(60, 0.005156863709117925)	(65, 0.005593886057348258)	(70, 0.005856099466286457)	(75, 0.006708293045335606)	(80, 0.008806000316841204)	(85, 0.014421737491600977)	(90, 0.027969430286741294)	(95, 0.045909197681596445)	(100, 0.06518188323855412)	(105, 0.08320905510305533)	(110, 0.122191448565201)	(115, 0.18798516309127758)	(120, 0.2602905106059861)	(125, 0.3372282950119362)	(130, 0.4070644662591434)	(135, 0.47650731739294316)	(140, 0.5076014574695313)
PID-2861-17_S212_R2_001 - nextera_transposase_sequence	(1, 0.0)	(2, 0.0)	(3, 0.00010925558705758315)	(4, 0.00010925558705758315)	(5, 0.00010925558705758315)	(6, 0.00010925558705758315)	(7, 0.00010925558705758315)	(8, 0.00010925558705758315)	(9, 0.0005462779352879158)	(10, 0.0007866402268145986)	(15, 0.0012018114576334148)	(20, 0.0014858759839831309)	(25, 0.002119558388917113)	(30, 0.003933201134072994)	(35, 0.009833002835182483)	(40, 0.022419246464216065)	(45, 0.04671768902582256)	(50, 0.070295044712849)	(55, 0.10794452001289216)	(60, 0.1421633698793272)	(65, 0.199719213141262)	(70, 0.24899348290423204)	(75, 0.32389911339091104)	(80, 0.3865899692445522)	(85, 0.4821449056851145)	(90, 0.5626007199943188)	(95, 0.6771879797003119)	(100, 0.7786864200768066)	(105, 0.9068432236953518)	(110, 1.0248392577175416)	(115, 1.1792392533473182)	(120, 1.3268872536969358)	(125, 1.5030728133859945)	(130, 1.688501395740125)	(135, 1.8831074474070917)	(140, 1.9766520810457944)
PID-2861-17_S212_R2_001 - polyg	(1, 0.4502422742643002)	(2, 0.45057004102547293)	(3, 0.45166259689604876)	(4, 0.45242738600545185)	(5, 0.45494026450777625)	(6, 0.45767165418421585)	(7, 0.4597475103383099)	(8, 0.46204187766651916)	(9, 0.4643362449947284)	(10, 0.4679853816024517)	(15, 0.47121934697935614)	(20, 0.4732733520160387)	(25, 0.4742129500647339)	(30, 0.4748029302348448)	(35, 0.4753929104049558)	(40, 0.47576437940095156)	(45, 0.4761576995143589)	(50, 0.4763762106884741)	(55, 0.47646361515812014)	(60, 0.4766165729800008)	(65, 0.4767695308018814)	(70, 0.4769006375063505)	(75, 0.47694433974117356)	(80, 0.4771191486804656)	(85, 0.47770912885057654)	(90, 0.47823355566845305)	(95, 0.4783865134903336)	(100, 0.4786705780166833)	(105, 0.479544622713144)	(110, 0.48356522831686305)	(115, 0.4933982311520456)	(120, 0.514397154984513)	(125, 0.538083766258597)	(130, 0.5728707451777315)	(135, 0.605625570177595)	(140, 0.6294214370387365)
PID-2861-18_S213_R1_001 - nextera_transposase_sequence	(1, 0.0)	(2, 0.0)	(3, 0.0)	(4, 0.00010166165982992005)	(5, 0.00010166165982992005)	(6, 0.00010166165982992005)	(7, 0.00010166165982992005)	(8, 0.00010166165982992005)	(9, 0.00030498497948976014)	(10, 0.00030498497948976014)	(15, 0.00032531731145574416)	(20, 0.0005693052950475522)	(25, 0.0012199399179590406)	(30, 0.002521209163782017)	(35, 0.007624624487244003)	(40, 0.018014446121861833)	(45, 0.04019702029675039)	(50, 0.06447382466413529)	(55, 0.1036338960306205)	(60, 0.1403540875611876)	(65, 0.19681697343072524)	(70, 0.24480127687044745)	(75, 0.3175300283127723)	(80, 0.3812108920302342)	(85, 0.47016484438141426)	(90, 0.5482206667988268)	(95, 0.6600891572756707)	(100, 0.7656139601791278)	(105, 0.8895598558437664)	(110, 1.006877411287494)	(115, 1.1598375446675917)	(120, 1.3167624827810562)	(125, 1.4980455545897697)	(130, 1.694984522012291)	(135, 1.9169729224169043)	(140, 2.0245919555128578)
PID-2861-18_S213_R1_001 - polyg	(1, 0.0)	(2, 0.0)	(3, 0.0)	(4, 0.0002033233196598401)	(5, 0.0006099699589795203)	(6, 0.0008132932786393604)	(7, 0.0008132932786393604)	(8, 0.0008132932786393604)	(9, 0.0008132932786393604)	(10, 0.0009962842663332164)	(15, 0.0011386105900951043)	(20, 0.0012199399179590406)	(25, 0.0012809369138569923)	(30, 0.0014639279015508486)	(35, 0.0018095775449725765)	(40, 0.002053565528564385)	(45, 0.0025008768318160327)	(50, 0.002765197147373825)	(55, 0.0030091851309656335)	(60, 0.0033751671063533455)	(65, 0.00370048441780909)	(70, 0.004290122044822625)	(75, 0.00481876267593821)	(80, 0.0075636274913460505)	(85, 0.014456288027814629)	(90, 0.02856692641220753)	(95, 0.04796397110775628)	(100, 0.07384702970045391)	(105, 0.10080770188734871)	(110, 0.14551849988054755)	(115, 0.20653582811046559)	(120, 0.27416116422932835)	(125, 0.3494314571674012)	(130, 0.4205742867163792)	(135, 0.49523460969547245)	(140, 0.5343336840660597)
PID-2861-18_S213_R2_001 - nextera_transposase_sequence	(1, 0.0)	(2, 0.0)	(3, 0.0)	(4, 0.00010166165982992005)	(5, 0.00010166165982992005)	(6, 0.00010166165982992005)	(7, 0.00010166165982992005)	(8, 0.00010166165982992005)	(9, 0.00030498497948976014)	(10, 0.00044731130325164817)	(15, 0.0006506346229114883)	(20, 0.0008946226065032965)	(25, 0.0012606045818910085)	(30, 0.002927855803101697)	(35, 0.008315923774087458)	(40, 0.01882773940050119)	(45, 0.04101031357538974)	(50, 0.06463648331986316)	(55, 0.10430486298549795)	(60, 0.14157402747914666)	(65, 0.19799624868475227)	(70, 0.24640753109576022)	(75, 0.3198479141568944)	(80, 0.3840777508374379)	(85, 0.47417031377871305)	(90, 0.5531410911345949)	(95, 0.6656195515704184)	(100, 0.7706360461747259)	(105, 0.8950089208106501)	(110, 1.0112081979962486)	(115, 1.164290325368142)	(120, 1.3205442965267296)	(125, 1.4996721411470486)	(130, 1.6967737672252974)	(135, 1.9194941315806866)	(140, 2.0265235270496262)
PID-2861-18_S213_R2_001 - polyg	(1, 0.4392800321250845)	(2, 0.4396866787644042)	(3, 0.4406016337028735)	(4, 0.4419232352806624)	(5, 0.44609136333368915)	(6, 0.448836228149097)	(7, 0.45269937122263393)	(8, 0.455139251058552)	(9, 0.4578841158739599)	(10, 0.46258088455810215)	(15, 0.46727765324224446)	(20, 0.46939221576670687)	(25, 0.47089680833218966)	(30, 0.47162877228296507)	(35, 0.47209641591818274)	(40, 0.4722997392378425)	(45, 0.4725843918853663)	(50, 0.4729300415287881)	(55, 0.4732350265082778)	(60, 0.47339768516400565)	(65, 0.4736213408156315)	(70, 0.4738449964672573)	(75, 0.4742109784426451)	(80, 0.4745362957541007)	(85, 0.4749226100614544)	(90, 0.4751665980450463)	(95, 0.47545125069257005)	(100, 0.47585789733188977)	(105, 0.4766711906105291)	(110, 0.48045300435620214)	(115, 0.48858593714259574)	(120, 0.5067020449242875)	(125, 0.5293522627343936)	(130, 0.5651981639904236)	(135, 0.6022233405004803)	(140, 0.6265408095317972)
PID-2861-19_S214_R1_001 - nextera_transposase_sequence	(1, 0.0)	(2, 0.0)	(3, 0.0)	(4, 0.0)	(5, 8.929448427970605e-05)	(6, 8.929448427970605e-05)	(7, 8.929448427970605e-05)	(8, 8.929448427970605e-05)	(9, 0.0006250613899579423)	(10, 0.000696496977381707)	(15, 0.0009108037396530017)	(20, 0.0013036994704837082)	(25, 0.0020716320352891803)	(30, 0.0036610738554679473)	(35, 0.009304485261945371)	(40, 0.021502111814553214)	(45, 0.04293278804168267)	(50, 0.06807811481484789)	(55, 0.10820705605014777)	(60, 0.1457107394476243)	(65, 0.20050183500165195)	(70, 0.252131905812178)	(75, 0.3212101188509586)	(80, 0.384573484895838)	(85, 0.4766718159819268)	(90, 0.5590191893846718)	(95, 0.6726553500790257)	(100, 0.7755761726598148)	(105, 0.9051067515559563)	(110, 1.0350659439766405)	(115, 1.1914027270535499)	(120, 1.3474894855744761)	(125, 1.5299359758547715)	(130, 1.7279911419871592)	(135, 1.9444945485717349)	(140, 2.0505585369991697)
PID-2861-19_S214_R1_001 - polyg	(1, 0.0)	(2, 0.0)	(3, 0.0002678834528391181)	(4, 0.0002678834528391181)	(5, 0.0009822393270767665)	(6, 0.0010715338113564724)	(7, 0.0010715338113564724)	(8, 0.0010715338113564724)	(9, 0.0010715338113564724)	(10, 0.0012501227799158845)	(15, 0.001375135057907473)	(20, 0.0015001473358990615)	(25, 0.00162515961389065)	(30, 0.0019466197572975917)	(35, 0.0023573743849842396)	(40, 0.0027859879095268286)	(45, 0.0031431658466456527)	(50, 0.0033931904026288295)	(55, 0.004107546276866478)	(60, 0.004625454285688774)	(65, 0.004982632222807598)	(70, 0.005411245747350186)	(75, 0.006375626177571011)	(80, 0.008768718356267134)	(85, 0.014358553072176733)	(90, 0.0271276643241747)	(95, 0.0439864629561832)	(100, 0.06622078954183)	(105, 0.08711569886328122)	(110, 0.12678030878032662)	(115, 0.1955906383662681)	(120, 0.2637759065622517)	(125, 0.3375510094741448)	(130, 0.3978605041566582)	(135, 0.46763521417282056)	(140, 0.5034423023689827)
PID-2861-19_S214_R2_001 - nextera_transposase_sequence	(1, 0.0)	(2, 0.0)	(3, 0.0)	(4, 0.0)	(5, 8.929448427970605e-05)	(6, 8.929448427970605e-05)	(7, 8.929448427970605e-05)	(8, 8.929448427970605e-05)	(9, 0.0003571779371188242)	(10, 0.0003571779371188242)	(15, 0.0005000491119663539)	(20, 0.0009108037396530017)	(25, 0.001785889685594121)	(30, 0.0035896382680441832)	(35, 0.009233049674521605)	(40, 0.02169855967996857)	(45, 0.043361401566225255)	(50, 0.06827456268026325)	(55, 0.10854637509041068)	(60, 0.14626436525015848)	(65, 0.2008232951450589)	(70, 0.2527748260989918)	(75, 0.32337104537052747)	(80, 0.3878416630204752)	(85, 0.48122583468019187)	(90, 0.5643589995445981)	(95, 0.6794774486779952)	(100, 0.7823982712587844)	(105, 0.912500334854316)	(110, 1.042798846315263)	(115, 1.1999749975444014)	(120, 1.354740197697988)	(125, 1.5334720374322477)	(130, 1.7280268597808714)	(135, 1.9448517265088536)	(140, 2.0505585369991697)
PID-2861-19_S214_R2_001 - polyg	(1, 0.493619909098215)	(2, 0.4949593263624106)	(3, 0.49620944914232645)	(4, 0.4971023939851235)	(5, 0.49995981748207413)	(6, 0.5036208913375421)	(7, 0.5078177320986883)	(8, 0.5100500942056809)	(9, 0.5129075177026315)	(10, 0.5175686897820322)	(15, 0.521569082677763)	(20, 0.5229442177356705)	(25, 0.5239264570627472)	(30, 0.5242836349998662)	(35, 0.5246586718338409)	(40, 0.5250872853583834)	(45, 0.5254444632955023)	(50, 0.525801641232621)	(55, 0.5261766780665958)	(60, 0.5266052915911384)	(65, 0.5269088928376895)	(70, 0.5274089419496557)	(75, 0.5277839787836305)	(80, 0.5282661689987409)	(85, 0.5287840770075632)	(90, 0.5292841261195296)	(95, 0.52976631633464)	(100, 0.5301770709623266)	(105, 0.5313557581548187)	(110, 0.5354990222253971)	(115, 0.5447499307967747)	(120, 0.5645911652037253)	(125, 0.5874684120761862)	(130, 0.6240255739402978)	(135, 0.6617971407906135)	(140, 0.6878354124065756)
PID-2861-1_S196_R1_001 - nextera_transposase_sequence	(1, 0.0)	(2, 0.0)	(3, 0.0)	(4, 0.0)	(5, 0.0)	(6, 0.00020230424535458877)	(7, 0.00020230424535458877)	(8, 0.00020230424535458877)	(9, 0.00030345636803188314)	(10, 0.00048553018885101303)	(15, 0.0005057606133864719)	(20, 0.0006069127360637663)	(25, 0.001153134198521156)	(30, 0.0028929507085706193)	(35, 0.008314704484073598)	(40, 0.020109041988246125)	(45, 0.04262550449621185)	(50, 0.06684132266515613)	(55, 0.10317516513084027)	(60, 0.13689928283145023)	(65, 0.19129889440729914)	(70, 0.23542145031913492)	(75, 0.30978849091148175)	(80, 0.3700346951780783)	(85, 0.463620639079111)	(90, 0.5481028919391873)	(95, 0.6620608733474272)	(100, 0.7616350229109558)	(105, 0.8890866974843468)	(110, 1.01024671002721)	(115, 1.1584143393249107)	(120, 1.3123881004642883)	(125, 1.4954734425101912)	(130, 1.6816338090854839)	(135, 1.8957526223687804)	(140, 1.9969452058951458)
PID-2861-1_S196_R1_001 - polyg	(1, 0.0)	(2, 0.0)	(3, 0.0)	(4, 0.0)	(5, 0.00010115212267729439)	(6, 0.00020230424535458877)	(7, 0.00020230424535458877)	(8, 0.00040460849070917754)	(9, 0.00040460849070917754)	(10, 0.0005259910379219307)	(15, 0.0006878344342056018)	(20, 0.0009103691040956496)	(25, 0.0010115212267729438)	(30, 0.001173364623056615)	(35, 0.001476820991088498)	(40, 0.0018611990572622167)	(45, 0.0021646554252941)	(50, 0.0023871900951841474)	(55, 0.0027513377368224073)	(60, 0.00341894174649255)	(65, 0.003540324293705303)	(70, 0.0038033198126662692)	(75, 0.004754149765832836)	(80, 0.007080648587410606)	(85, 0.013756688684112034)	(90, 0.02919250260466716)	(95, 0.04891716652673957)	(100, 0.0758034007343644)	(105, 0.10056544036576606)	(110, 0.14588159132519393)	(115, 0.20323484488321988)	(120, 0.2662526173111743)	(125, 0.34379583455558815)	(130, 0.41634213693974365)	(135, 0.5016942980548447)	(140, 0.545311093353294)
PID-2861-1_S196_R2_001 - nextera_transposase_sequence	(1, 0.0)	(2, 0.0)	(3, 0.0)	(4, 0.0)	(5, 0.0)	(6, 0.00010115212267729439)	(7, 0.00010115212267729439)	(8, 0.00010115212267729439)	(9, 0.00020230424535458877)	(10, 0.0003843780661737187)	(15, 0.0004046084907091775)	(20, 0.0005057606133864719)	(25, 0.0010519820758438617)	(30, 0.002791798585893325)	(35, 0.00827424363500268)	(40, 0.020372037507207088)	(45, 0.04331333893041746)	(50, 0.06811583941089003)	(55, 0.10499590333903157)	(60, 0.13910439910581524)	(65, 0.19421207554040523)	(70, 0.23827394017863462)	(75, 0.31423918430928277)	(80, 0.37418193220784735)	(85, 0.4672014242218873)	(90, 0.5510969947704354)	(95, 0.665843962735558)	(100, 0.7660857163087569)	(105, 0.8942049948918177)	(110, 1.0168013675766985)	(115, 1.1651308402706833)	(120, 1.3171827110791918)	(125, 1.49454284298156)	(130, 1.678113715216314)	(135, 1.8903713294423483)	(140, 1.9912806870252173)
PID-2861-1_S196_R2_001 - polyg	(1, 0.4161398326943891)	(2, 0.41664559330777556)	(3, 0.41856748363864416)	(4, 0.4200847654788036)	(5, 0.42392854614054076)	(6, 0.42757002255692333)	(7, 0.4315149553413378)	(8, 0.434650671144334)	(9, 0.43819099543803924)	(10, 0.442014545675241)	(15, 0.44632362610129367)	(20, 0.4482050555830915)	(25, 0.4499448720931409)	(30, 0.45069339780095286)	(35, 0.4509968541689847)	(40, 0.4512800801124811)	(45, 0.4516442277541194)	(50, 0.4520286058202931)	(55, 0.45253436643367956)	(60, 0.45291874449985337)	(65, 0.4531008183206725)	(70, 0.4531615095942788)	(75, 0.45332335299056253)	(80, 0.4536875006322008)	(85, 0.4542539525191936)	(90, 0.45463833058536735)	(95, 0.45484063483072196)	(100, 0.45522501289689565)	(105, 0.4564995296426296)	(110, 0.4604646928515795)	(115, 0.46869847563751127)	(120, 0.4898797301261366)	(125, 0.5131042574928435)	(130, 0.5474150575049818)	(135, 0.5802692669505671)	(140, 0.6054966063462842)
PID-2861-20_S215_R1_001 - nextera_transposase_sequence	(1, 0.0)	(2, 0.0)	(3, 0.0)	(4, 0.0)	(5, 0.0)	(6, 0.0)	(7, 0.0)	(8, 0.0)	(9, 0.0002888943243821032)	(10, 0.0003081539460075767)	(15, 0.00048149054063683863)	(20, 0.000847423351520836)	(25, 0.0014252120002850423)	(30, 0.0029467221086974527)	(35, 0.006914204163545002)	(40, 0.015041764489494841)	(45, 0.03487917476373259)	(50, 0.053233594172808874)	(55, 0.0851853064494695)	(60, 0.11546143164471392)	(65, 0.16478532262755166)	(70, 0.20836984636599828)	(75, 0.27793559967720877)	(80, 0.3380063595270607)	(85, 0.42330722370628304)	(90, 0.49564636253156164)	(95, 0.6033846859044607)	(100, 0.6989316687884349)	(105, 0.8184568805961238)	(110, 0.9350161106734897)	(115, 1.076478031512593)	(120, 1.218055510081449)	(125, 1.3852482854121848)	(130, 1.5670205943134041)	(135, 1.7608686859737954)	(140, 1.859805362263853)
PID-2861-20_S215_R1_001 - polyg	(1, 0.0)	(2, 0.0)	(3, 9.629810812736773e-05)	(4, 0.00019259621625473546)	(5, 0.0003851924325094709)	(6, 0.0003851924325094709)	(7, 0.0005777886487642064)	(8, 0.0006740867568915741)	(9, 0.0007703848650189418)	(10, 0.0008281637298953625)	(15, 0.0010592791894010452)	(20, 0.0013096542705322012)	(25, 0.0015407697300378837)	(30, 0.0017526255679180928)	(35, 0.002157077622053037)	(40, 0.002696347027566297)	(45, 0.003408953027708818)	(50, 0.00396748205484755)	(55, 0.00456453032523723)	(60, 0.0049882420009976485)	(65, 0.005585290271387329)	(70, 0.005874184595769433)	(75, 0.006374934758031745)	(80, 0.008454973893582888)	(85, 0.01274986951606349)	(90, 0.024228604004845722)	(95, 0.04092669595413128)	(100, 0.05980112514709536)	(105, 0.08006224709709353)	(110, 0.11686738402337346)	(115, 0.17227731543986086)	(120, 0.2348518261010244)	(125, 0.3105613987107609)	(130, 0.38392129748218967)	(135, 0.45329445457714534)	(140, 0.4871721290163534)
PID-2861-20_S215_R2_001 - nextera_transposase_sequence	(1, 0.0)	(2, 0.0)	(3, 0.0)	(4, 0.0)	(5, 0.0)	(6, 0.0)	(7, 0.0)	(8, 0.0)	(9, 0.0)	(10, 9.629810812736774e-05)	(15, 0.0003851924325094709)	(20, 0.000847423351520836)	(25, 0.001482990865161463)	(30, 0.0030237605951993463)	(35, 0.006991242650046897)	(40, 0.015099543354371261)	(45, 0.03520658833136564)	(50, 0.05406175790270425)	(55, 0.08578235471985916)	(60, 0.1156155086177177)	(65, 0.16493939960055545)	(70, 0.20869725993363133)	(75, 0.27851338832597294)	(80, 0.3376404267161767)	(85, 0.4217857135978707)	(90, 0.4929885347472463)	(95, 0.5997060981739952)	(100, 0.6956575331121044)	(105, 0.8168005531363332)	(110, 0.9337642352678339)	(115, 1.0738779825931541)	(120, 1.2122391043505558)	(125, 1.372979906436758)	(130, 1.550129906147864)	(135, 1.7411853526725616)	(140, 1.8378493936108131)
PID-2861-20_S215_R2_001 - polyg	(1, 0.6804424320279804)	(2, 0.6810202206767446)	(3, 0.6823683941905277)	(4, 0.6838128658124383)	(5, 0.688724069326934)	(6, 0.6932500804089203)	(7, 0.6969094085177603)	(8, 0.7003761404103455)	(9, 0.7029761893297845)	(10, 0.708657777709299)	(15, 0.7152060490619602)	(20, 0.7176520210083952)	(25, 0.718903896414051)	(30, 0.7198090986304482)	(35, 0.7205987431170927)	(40, 0.7214461664686136)	(45, 0.7218120992794975)	(50, 0.7220046954957523)	(55, 0.7223513686850108)	(60, 0.7228906380905242)	(65, 0.7230639746851534)	(70, 0.7234299074960374)	(75, 0.7235454652257902)	(80, 0.724065475009678)	(85, 0.7244891866854384)	(90, 0.7248743791179478)	(95, 0.7251054945774535)	(100, 0.7253173504153337)	(105, 0.7262803314966073)	(110, 0.7296700249026908)	(115, 0.7355056902552094)	(120, 0.752781570853259)	(125, 0.7715597019380958)	(130, 0.7995439321599087)	(135, 0.8303978460039174)	(140, 0.8503122947646571)
PID-2861-21_S216_R1_001 - nextera_transposase_sequence	(1, 0.0)	(2, 0.0001858658327486304)	(3, 0.0002787987491229456)	(4, 0.0003717316654972608)	(5, 0.000464664581871576)	(6, 0.000464664581871576)	(7, 0.000464664581871576)	(8, 0.000464664581871576)	(9, 0.0007434633309945216)	(10, 0.0008363962473688367)	(15, 0.000929329163743152)	(20, 0.0011895413295912346)	(25, 0.001858658327486304)	(30, 0.0034385179058496625)	(35, 0.008847213638834808)	(40, 0.021244464683168453)	(45, 0.04812066409862041)	(50, 0.07386308193430573)	(55, 0.11220720323034819)	(60, 0.15229846335422775)	(65, 0.2134854954950769)	(70, 0.2611414950118257)	(75, 0.3308225957092873)	(80, 0.39713952483399856)	(85, 0.4858161136383702)	(90, 0.564697573056889)	(95, 0.6709384830560061)	(100, 0.7741683665645954)	(105, 0.9046833543206836)	(110, 1.0280982672657744)	(115, 1.1824970145300615)	(120, 1.336988694710723)	(125, 1.516962580561222)	(130, 1.705319015468684)	(135, 1.9232652909497279)	(140, 2.0248223819635798)
PID-2861-21_S216_R1_001 - polyg	(1, 0.0)	(2, 0.0)	(3, 0.0)	(4, 0.0)	(5, 0.0001858658327486304)	(6, 0.0002787987491229456)	(7, 0.000464664581871576)	(8, 0.000464664581871576)	(9, 0.000464664581871576)	(10, 0.00048325116514643903)	(15, 0.0005575974982458912)	(20, 0.0005947706647956173)	(25, 0.0007248767477196585)	(30, 0.0009850889135677413)	(35, 0.0016170327449130846)	(40, 0.0024720155755567847)	(45, 0.003326998406200484)	(50, 0.0038288361546217863)	(55, 0.004330673903043089)	(60, 0.004813925068189527)	(65, 0.0050555506507627464)	(70, 0.005371522566435419)	(75, 0.00592912006468131)	(80, 0.00825244297403919)	(85, 0.013847004539772964)	(90, 0.03131839281814422)	(95, 0.05386391833055308)	(100, 0.0786026606693958)	(105, 0.10430790533853138)	(110, 0.15216835727130373)	(115, 0.22129186047051935)	(120, 0.285396986185522)	(125, 0.36563526618310577)	(130, 0.4376396897899252)	(135, 0.5111310400587337)	(140, 0.548397139524834)
PID-2861-21_S216_R2_001 - nextera_transposase_sequence	(1, 0.0)	(2, 0.0)	(3, 9.29329163743152e-05)	(4, 0.0001858658327486304)	(5, 0.0002787987491229456)	(6, 0.0002787987491229456)	(7, 0.0002787987491229456)	(8, 0.0002787987491229456)	(9, 0.0005575974982458912)	(10, 0.0006505304146202064)	(15, 0.0007806364975442477)	(20, 0.0009479157470180151)	(25, 0.0013010608292404128)	(30, 0.0030296130738026754)	(35, 0.008828627055559944)	(40, 0.02159760976539085)	(45, 0.0485295689306674)	(50, 0.07449502576565106)	(55, 0.11298783972789242)	(60, 0.15259584868662554)	(65, 0.21376429424419982)	(70, 0.2622009302584929)	(75, 0.3316218187901064)	(80, 0.3962287822535303)	(85, 0.4840875613938079)	(90, 0.5628389147294026)	(95, 0.6699533941424384)	(100, 0.772569920402957)	(105, 0.9014678754141323)	(110, 1.0230241300317366)	(115, 1.175248247052865)	(120, 1.3269333531590222)	(125, 1.5031899223545484)	(130, 1.6873643760251664)	(135, 1.903005915180127)	(140, 2.0038195428629844)
PID-2861-21_S216_R2_001 - polyg	(1, 0.6670724737348345)	(2, 0.667815937065829)	(3, 0.6690240649786952)	(4, 0.6708827233061815)	(5, 0.674600039961154)	(6, 0.6784102895325009)	(7, 0.6802689478599873)	(8, 0.6840791974313342)	(9, 0.6872389165880609)	(10, 0.6952125608129771)	(15, 0.7020710100414016)	(20, 0.705286488947953)	(25, 0.7064760302775441)	(30, 0.7075168789409365)	(35, 0.7084833812712293)	(40, 0.7092826043520486)	(45, 0.7098773750168441)	(50, 0.7102305200990665)	(55, 0.7106208383478385)	(60, 0.71112267609626)	(65, 0.7116245138446811)	(70, 0.7118475528439795)	(75, 0.7121821113429271)	(80, 0.7124980832585998)	(85, 0.7131114405066703)	(90, 0.7137619709212905)	(95, 0.7140221830871385)	(100, 0.7142823952529866)	(105, 0.7153975902494785)	(110, 0.7195238117364979)	(115, 0.727794841293812)	(120, 0.7513068691365139)	(125, 0.7770864601387488)	(130, 0.81290280610941)	(135, 0.8507450896570312)	(140, 0.8798888522320163)
PID-2861-22_S217_R1_001 - nextera_transposase_sequence	(1, 0.0)	(2, 0.0)	(3, 0.0)	(4, 0.0)	(5, 0.0)	(6, 0.0)	(7, 0.0)	(8, 0.0)	(9, 0.00019873426148857924)	(10, 0.0003974685229771585)	(15, 0.0003974685229771585)	(20, 0.0005962027844657378)	(25, 0.000993671307442896)	(30, 0.002027089467183508)	(35, 0.0067569648906116945)	(40, 0.014388360531773137)	(45, 0.03223469721344755)	(50, 0.0506772366795877)	(55, 0.08239522481316494)	(60, 0.11264257941172673)	(65, 0.16055740985662317)	(70, 0.20101970549569792)	(75, 0.2635613775861538)	(80, 0.31749785615415416)	(85, 0.3979852320570288)	(90, 0.46966868017595936)	(95, 0.5702679633414782)	(100, 0.6608510397279724)	(105, 0.7835098259187236)	(110, 0.8986167101729088)	(115, 1.044169683287144)	(120, 1.1854101229270775)	(125, 1.348749812444541)	(130, 1.513917857167699)	(135, 1.7046630013444375)	(140, 1.7982469650794093)
PID-2861-22_S217_R1_001 - polyg	(1, 0.0)	(2, 0.0)	(3, 0.0)	(4, 9.936713074428962e-05)	(5, 0.00029810139223286885)	(6, 0.00029810139223286885)	(7, 0.00029810139223286885)	(8, 0.00029810139223286885)	(9, 0.00029810139223286885)	(10, 0.00047696222757259016)	(15, 0.0007154433413588853)	(20, 0.0008943041766986065)	(25, 0.0008943041766986065)	(30, 0.0009340510289963225)	(35, 0.0011924055689314756)	(40, 0.0013911398304200548)	(45, 0.0013911398304200548)	(50, 0.0014308866827177705)	(55, 0.0016892412226529236)	(60, 0.001868102057992645)	(65, 0.0021860768763743714)	(70, 0.0027822796608401095)	(75, 0.003636836985241)	(80, 0.004312533474302169)	(85, 0.0048689894064701915)	(90, 0.006041521549252809)	(95, 0.008207724999478323)	(100, 0.01148684031403988)	(105, 0.01772709612478127)	(110, 0.03279115314561557)	(115, 0.07066990338533877)	(120, 0.12560005326078208)	(125, 0.1894136246247649)	(130, 0.2356590872731573)	(135, 0.27586302837229687)	(140, 0.2891583504658828)
PID-2861-22_S217_R2_001 - nextera_transposase_sequence	(1, 0.0)	(2, 0.0)	(3, 0.0)	(4, 9.936713074428962e-05)	(5, 9.936713074428962e-05)	(6, 9.936713074428962e-05)	(7, 9.936713074428962e-05)	(8, 9.936713074428962e-05)	(9, 0.00029810139223286885)	(10, 0.0004968356537214481)	(15, 0.0005962027844657377)	(20, 0.000775063619805459)	(25, 0.0012321524212291913)	(30, 0.0021065831717789396)	(35, 0.006876205447504842)	(40, 0.014706335350154864)	(45, 0.032493051753382705)	(50, 0.05121381918560688)	(55, 0.08348826325135214)	(60, 0.11343751645768103)	(65, 0.1618293091301501)	(70, 0.20264932643990424)	(75, 0.2654493530702953)	(80, 0.3201012749796546)	(85, 0.40168168932071635)	(90, 0.4733253905873491)	(95, 0.5747394842249712)	(100, 0.6666342067372902)	(105, 0.7920553991627326)	(110, 0.9087124106565285)	(115, 1.052218420877432)	(120, 1.1906964542826735)	(125, 1.3493857620813041)	(130, 1.5099232985117785)	(135, 1.698561859516738)	(140, 1.791688734450286)
PID-2861-22_S217_R2_001 - polyg	(1, 0.588750249659916)	(2, 0.5893464524443818)	(3, 0.591135060797779)	(4, 0.5941160747201076)	(5, 0.5995812669110435)	(6, 0.602462913702628)	(7, 0.6067357003246324)	(8, 0.6109091198158926)	(9, 0.6134926652152441)	(10, 0.619236085372264)	(15, 0.6243833027448182)	(20, 0.626807860734979)	(25, 0.6280400131562082)	(30, 0.6286163425145249)	(35, 0.6290535578897998)	(40, 0.6295305201173724)	(45, 0.6299081152142006)	(50, 0.6303254571633268)	(55, 0.6304645711463688)	(60, 0.6306633054078573)	(65, 0.6307626725386017)	(70, 0.6308819130954948)	(75, 0.6311402676354299)	(80, 0.6314582424538117)	(85, 0.6318557109767889)	(90, 0.6320743186644263)	(95, 0.6322730529259148)	(100, 0.6325512808919987)	(105, 0.6331276102503157)	(110, 0.6361284975987933)	(115, 0.6428059687848096)	(120, 0.6572539495950293)	(125, 0.6761933247148908)	(130, 0.7036981465049102)	(135, 0.7344025899048957)	(140, 0.7547927251336239)
PID-2861-23_S218_R1_001 - nextera_transposase_sequence	(1, 0.0)	(2, 0.0001189660423328765)	(3, 0.0001189660423328765)	(4, 0.0001189660423328765)	(5, 0.0001189660423328765)	(6, 0.0001189660423328765)	(7, 0.0001189660423328765)	(8, 0.000237932084665753)	(9, 0.0003568981269986295)	(10, 0.0007613826709304097)	(15, 0.0009755215471295873)	(20, 0.0013324196741282168)	(25, 0.0015941449672605451)	(30, 0.0028075985990558853)	(35, 0.00830382975483478)	(40, 0.01972456981879092)	(45, 0.041566735191107054)	(50, 0.061291305009897976)	(55, 0.09524421349170094)	(60, 0.12422434140398964)	(65, 0.1688604004872849)	(70, 0.20628711740520783)	(75, 0.26196322521699406)	(80, 0.31254758641693314)	(85, 0.3846172148621897)	(90, 0.4528323435358611)	(95, 0.5490044921577585)	(100, 0.6407986904218059)	(105, 0.7634050936500685)	(110, 0.8730441982640474)	(115, 1.0116872239987817)	(120, 1.1527095705801735)	(125, 1.3128378635602254)	(130, 1.4785099741129892)	(135, 1.6781825795644891)	(140, 1.7736647251408557)
PID-2861-23_S218_R1_001 - polyg	(1, 0.0)	(2, 0.0)	(3, 0.000237932084665753)	(4, 0.000237932084665753)	(5, 0.0003568981269986295)	(6, 0.0003568981269986295)	(7, 0.0003568981269986295)	(8, 0.0003568981269986295)	(9, 0.0003568981269986295)	(10, 0.0003568981269986295)	(15, 0.000475864169331506)	(20, 0.0005710370031978072)	(25, 0.0005948302116643825)	(30, 0.0006186234201309578)	(35, 0.0007851758793969851)	(40, 0.0011420740063956144)	(45, 0.0015941449672605453)	(50, 0.0019510430942591746)	(55, 0.0032120831429876657)	(60, 0.004140018273184103)	(65, 0.004877607735647937)	(70, 0.005543817572712045)	(75, 0.0063289934521090305)	(80, 0.008018311253235875)	(85, 0.012324881985686004)	(90, 0.022080097456981876)	(95, 0.03357221714633775)	(100, 0.04694400030455307)	(105, 0.061243718592964826)	(110, 0.09641008070656312)	(115, 0.1521099817268159)	(120, 0.2156140551241054)	(125, 0.27992709760925844)	(130, 0.33277181361352215)	(135, 0.3794302954164764)	(140, 0.4029379853814527)
PID-2861-23_S218_R2_001 - nextera_transposase_sequence	(1, 0.0)	(2, 0.0)	(3, 0.0)	(4, 0.0001189660423328765)	(5, 0.0001189660423328765)	(6, 0.0001189660423328765)	(7, 0.0001189660423328765)	(8, 0.000237932084665753)	(9, 0.0005948302116643825)	(10, 0.0007613826709304097)	(15, 0.0010231079640627377)	(20, 0.0018796634688594486)	(25, 0.002974151058321913)	(30, 0.004187604690117253)	(35, 0.009660042637429572)	(40, 0.02055733211512106)	(45, 0.04299432769910157)	(50, 0.06269510430942592)	(55, 0.09671939241662861)	(60, 0.12555676107811786)	(65, 0.17071627074767778)	(70, 0.20911850921273029)	(75, 0.2660080706563119)	(80, 0.31664001827318405)	(85, 0.3883051621745089)	(90, 0.4571389142683113)	(95, 0.5534300289325415)	(100, 0.6443676716917922)	(105, 0.7672120070047205)	(110, 0.8781835312928278)	(115, 1.0150182731841022)	(120, 1.1508299071113142)	(125, 1.3058664534795188)	(130, 1.469444761687224)	(135, 1.6672852900867976)	(140, 1.761887086949901)
PID-2861-23_S218_R2_001 - polyg	(1, 0.6509821836455002)	(2, 0.6516959798994975)	(3, 0.6538373686614892)	(4, 0.656097723465814)	(5, 0.6600236028627988)	(6, 0.665615006852444)	(7, 0.6689460560377646)	(8, 0.6720391731384193)	(9, 0.6745374600274098)	(10, 0.6812471448149839)	(15, 0.6855299223389676)	(20, 0.6873857925993605)	(25, 0.6889085579412212)	(30, 0.6896937338206183)	(35, 0.6900268387391503)	(40, 0.6904551164915487)	(45, 0.6907882214100807)	(50, 0.6908358078270138)	(55, 0.6908358078270138)	(60, 0.6909071874524136)	(65, 0.6913116719963454)	(70, 0.6917161565402772)	(75, 0.6920730546672758)	(80, 0.6923585731688746)	(85, 0.6925965052535404)	(90, 0.6931199558398051)	(95, 0.6937147860514695)	(100, 0.6945713415562661)	(105, 0.6950947921425309)	(110, 0.6997582610019796)	(115, 0.707633813004416)	(120, 0.7280721790772041)	(125, 0.7472019186843307)	(130, 0.7774192934368814)	(135, 0.8075177021470992)	(140, 0.8282415867214862)
PID-2861-24_S219_R1_001 - nextera_transposase_sequence	(1, 0.0)	(2, 0.0)	(3, 0.0)	(4, 0.0)	(5, 0.0)	(6, 0.0)	(7, 0.0)	(8, 0.0)	(9, 0.0002063546927636568)	(10, 0.0005571576704618734)	(15, 0.0007428768939491645)	(20, 0.0010524089330946498)	(25, 0.0017746503577674485)	(30, 0.003198497737836681)	(35, 0.008109739425611714)	(40, 0.017787774516227216)	(45, 0.03580253919449446)	(50, 0.053012520570983435)	(55, 0.08326411853013552)	(60, 0.10905845512559262)	(65, 0.15371361063964797)	(70, 0.1942623077677065)	(75, 0.25581791261910536)	(80, 0.3050541423125138)	(85, 0.38767856129508205)	(90, 0.4562708611697216)	(95, 0.5507194040476474)	(100, 0.6402773407070744)	(105, 0.7464674656032522)	(110, 0.8480558808508004)	(115, 0.9862722540638977)	(120, 1.1257886618414061)	(125, 1.2880247212921931)	(130, 1.461837279007021)	(135, 1.6498057686454364)	(140, 1.7411177201933543)
PID-2861-24_S219_R1_001 - polyg	(1, 0.0)	(2, 0.0)	(3, 0.0)	(4, 0.0)	(5, 0.0001031773463818284)	(6, 0.0003095320391454852)	(7, 0.0003095320391454852)	(8, 0.0003095320391454852)	(9, 0.0003095320391454852)	(10, 0.0007428768939491645)	(15, 0.0008254187710546272)	(20, 0.0008666897096073587)	(25, 0.0010730444023710156)	(30, 0.0011349508102001125)	(35, 0.0011349508102001125)	(40, 0.0012793990951346721)	(45, 0.0017540148884910831)	(50, 0.002084182396912934)	(55, 0.00257943365954571)	(60, 0.0029096011679675612)	(65, 0.003363581492047606)	(70, 0.004209635732378599)	(75, 0.0049112416877750325)	(80, 0.006850975799753406)	(85, 0.010420911984564667)	(90, 0.018097306555372703)	(95, 0.026681661774340826)	(100, 0.037535918613709175)	(105, 0.04915368781630305)	(110, 0.07647504913821121)	(115, 0.12992091456399832)	(120, 0.1915590612925026)	(125, 0.2560655382504218)	(130, 0.30325885648547)	(135, 0.35274271181019495)	(140, 0.37474012205880075)
PID-2861-24_S219_R2_001 - nextera_transposase_sequence	(1, 0.0)	(2, 0.0)	(3, 0.0)	(4, 0.0)	(5, 0.0)	(6, 0.0)	(7, 0.0)	(8, 0.0)	(9, 0.000515886731909142)	(10, 0.0007016059553964332)	(15, 0.0007428768939491645)	(20, 0.0011762217487528439)	(25, 0.0016302020728328887)	(30, 0.0028064238215857328)	(35, 0.00759385269370257)	(40, 0.017416336069252636)	(45, 0.0363184259264036)	(50, 0.0538792102805908)	(55, 0.08485304966441568)	(60, 0.11108073111467646)	(65, 0.15682956650037916)	(70, 0.1978941503603469)	(75, 0.2607910607147095)	(80, 0.31035745791653985)	(85, 0.393146960653319)	(90, 0.4627503985225004)	(95, 0.5575084734395717)	(100, 0.6476648387080133)	(105, 0.7575693480739369)	(110, 0.8621086354280054)	(115, 0.997910658735768)	(120, 1.1343936525296505)	(125, 1.2950820517847101)	(130, 1.4684612646447346)	(135, 1.65779169525539)	(140, 1.7493719079039005)
PID-2861-24_S219_R2_001 - polyg	(1, 0.6061669099932419)	(2, 0.6065796193787693)	(3, 0.6077145701889693)	(4, 0.6094685850774604)	(5, 0.6133893242399698)	(6, 0.616897354016952)	(7, 0.6204053837939342)	(8, 0.6226752854143345)	(9, 0.6240165909172982)	(10, 0.6295881676219169)	(15, 0.6356756310584448)	(20, 0.6376566361089758)	(25, 0.6386677741035178)	(30, 0.6393281091203615)	(35, 0.6394931928745725)	(40, 0.6395550992824016)	(45, 0.6397408185058888)	(50, 0.6399678086679289)	(55, 0.6402979761763508)	(60, 0.6405249663383907)	(65, 0.640710685561878)	(70, 0.6409789466624708)	(75, 0.6412472077630634)	(80, 0.6414741979251035)	(85, 0.6419281782491836)	(90, 0.6421964393497763)	(95, 0.6427123260816854)	(100, 0.6433313901599764)	(105, 0.6441361734617548)	(110, 0.6478092869929479)	(115, 0.6551761495246103)	(120, 0.6727162984095212)	(125, 0.68924530929989)	(130, 0.7179492470633148)	(135, 0.744424554144892)	(140, 0.7619647030298028)
PID-2861-25_S220_R1_001 - nextera_transposase_sequence	(1, 0.0)	(2, 0.0)	(3, 0.0)	(4, 0.0)	(5, 0.0)	(6, 0.0)	(7, 0.0)	(8, 0.0)	(9, 0.0005068187393187951)	(10, 0.0009122737307738311)	(15, 0.001135273976074101)	(20, 0.0012974559726561155)	(25, 0.0019867294581296766)	(30, 0.003182821682922033)	(35, 0.008007736081236963)	(40, 0.01911720284710495)	(45, 0.03963322541472977)	(50, 0.06152779495330172)	(55, 0.09972165514836612)	(60, 0.1325837822057968)	(65, 0.18543484034196073)	(70, 0.23149452737125284)	(75, 0.3018612411382744)	(80, 0.36196994362148344)	(85, 0.45060240475355434)	(90, 0.525854851167609)	(95, 0.631638058438228)	(100, 0.7274268001694801)	(105, 0.8541314849991789)	(110, 0.97297034299465)	(115, 1.117373138201361)	(120, 1.2631544803790193)	(125, 1.4345808507662086)	(130, 1.6142176847303624)	(135, 1.8226620958373965)	(140, 1.924390753193465)
PID-2861-25_S220_R1_001 - polyg	(1, 0.0)	(2, 0.0)	(3, 0.0)	(4, 0.00020272749572751802)	(5, 0.0005068187393187951)	(6, 0.0005068187393187951)	(7, 0.000608182487182554)	(8, 0.000608182487182554)	(9, 0.0007095462350463131)	(10, 0.000810909982910072)	(15, 0.0010136374786375902)	(20, 0.0011960922247923563)	(25, 0.0013177287222288672)	(30, 0.001439365219665378)	(35, 0.0018245474615476622)	(40, 0.0022908207017209537)	(45, 0.0028381849401852522)	(50, 0.002980094187194515)	(55, 0.003912640667541098)	(60, 0.004439732156432645)	(65, 0.004764096149596673)	(70, 0.004926278146178688)	(75, 0.005777733628234264)	(80, 0.0078050085855094434)	(85, 0.012325831740233096)	(90, 0.02483411822662096)	(95, 0.04036304439934883)	(100, 0.05725024479345109)	(105, 0.0752524464140547)	(110, 0.11133794065355289)	(115, 0.17385910033591948)	(120, 0.2446515418439687)	(125, 0.3198837155084507)	(130, 0.3863175158583584)	(135, 0.45114976899201853)	(140, 0.4857350797631332)
PID-2861-25_S220_R2_001 - nextera_transposase_sequence	(1, 0.0)	(2, 0.0)	(3, 0.0)	(4, 0.0)	(5, 0.0)	(6, 0.0)	(7, 0.0)	(8, 0.0)	(9, 0.0005068187393187951)	(10, 0.0009122737307738311)	(15, 0.001135273976074101)	(20, 0.0012974559726561155)	(25, 0.002047547706847932)	(30, 0.0032639126812130403)	(35, 0.007906372333373202)	(40, 0.019056384598386693)	(45, 0.03975486191216628)	(50, 0.06209543194133878)	(55, 0.10020820113811216)	(60, 0.13309060094511557)	(65, 0.18628629582401632)	(70, 0.2324270738515994)	(75, 0.3025910601228934)	(80, 0.3623551258633657)	(85, 0.45220395196980173)	(90, 0.5279023988744569)	(95, 0.631719149436519)	(100, 0.7272240726737527)	(105, 0.8540706667504606)	(110, 0.9733960707356777)	(115, 1.116237864225287)	(120, 1.259606749203788)	(125, 1.4260865686952255)	(130, 1.5984657583123343)	(135, 1.8049031672116658)	(140, 1.906246642325852)
PID-2861-25_S220_R2_001 - polyg	(1, 0.5605415256865873)	(2, 0.5613524356694974)	(3, 0.5632783468789089)	(4, 0.5650015305925927)	(5, 0.5693601717507344)	(6, 0.5751379053789687)	(7, 0.5795979102849741)	(8, 0.5836524601995244)	(9, 0.5863892813918459)	(10, 0.5922278332687985)	(15, 0.5981677488936147)	(20, 0.6005599333431993)	(25, 0.601330297826964)	(30, 0.6020803895611558)	(35, 0.602546662801329)	(40, 0.6027899357962021)	(45, 0.6031953907876572)	(50, 0.6034183910329574)	(55, 0.6038846642731307)	(60, 0.6041279372680037)	(65, 0.6042293010158675)	(70, 0.6042901192645858)	(75, 0.6045739377586042)	(80, 0.604756392504759)	(85, 0.6056483934859601)	(90, 0.6061754849748516)	(95, 0.6063984852201518)	(100, 0.607128304204771)	(105, 0.6079189414381083)	(110, 0.6114666726133399)	(115, 0.6190689537031218)	(120, 0.6383888840459543)	(125, 0.6588846338640064)	(130, 0.6924765799060559)	(135, 0.7262509806942605)	(140, 0.7480644592345416)
PID-2861-26_S221_R1_001 - nextera_transposase_sequence	(1, 0.0)	(2, 0.0)	(3, 0.0)	(4, 0.0)	(5, 0.0)	(6, 0.0)	(7, 0.0)	(8, 0.0)	(9, 0.00033731078972888646)	(10, 0.0005565628030526626)	(15, 0.0006408905004848842)	(20, 0.0007252181979171058)	(25, 0.0010793945271324367)	(30, 0.0024286376860479823)	(35, 0.008044862335033941)	(40, 0.020339840620651854)	(45, 0.04526710798161656)	(50, 0.06737783024834507)	(55, 0.10657334401484168)	(60, 0.1407935236328372)	(65, 0.18970358814352573)	(70, 0.23083863895096343)	(75, 0.2934772526036177)	(80, 0.3476493654340768)	(85, 0.42256609183286253)	(90, 0.49891638908799596)	(95, 0.6098410422903402)	(100, 0.712467850065354)	(105, 0.8443395033098622)	(110, 0.9722814858540287)	(115, 1.121153602900873)	(120, 1.274511953451111)	(125, 1.4594594594594592)	(130, 1.6527216764346249)	(135, 1.8706244465994857)	(140, 1.976388244718978)
PID-2861-26_S221_R1_001 - polyg	(1, 0.0)	(2, 0.0)	(3, 0.0)	(4, 8.432769743222162e-05)	(5, 0.0005902938820255513)	(6, 0.0006746215794577729)	(7, 0.0006746215794577729)	(8, 0.0006746215794577729)	(9, 0.0006746215794577729)	(10, 0.0006746215794577729)	(15, 0.0006746215794577729)	(20, 0.0008264114348357719)	(25, 0.0009950668297002152)	(30, 0.001197453303537547)	(35, 0.0013323776194291014)	(40, 0.0018214782645359872)	(45, 0.002023864738373319)	(50, 0.0022262512122106504)	(55, 0.0027490829362904244)	(60, 0.0032044525024244215)	(65, 0.0034237045157481973)	(70, 0.0038116119239364173)	(75, 0.004587426740312856)	(80, 0.007117257663279505)	(85, 0.014673019353206562)	(90, 0.032617953366783324)	(95, 0.0547961377914576)	(100, 0.08051608550828518)	(105, 0.11009824176750853)	(110, 0.15153687228570223)	(115, 0.20311169203524898)	(120, 0.2590378209722983)	(125, 0.32555550870683475)	(130, 0.38954336551840446)	(135, 0.4618796643757642)	(140, 0.5050385799215752)
PID-2861-26_S221_R2_001 - nextera_transposase_sequence	(1, 0.0)	(2, 0.0)	(3, 0.0)	(4, 0.0)	(5, 0.0)	(6, 0.0)	(7, 0.0)	(8, 0.0)	(9, 0.00033731078972888646)	(10, 0.0005565628030526626)	(15, 0.0006408905004848842)	(20, 0.0007252181979171058)	(25, 0.001045663448159548)	(30, 0.002394906607075094)	(35, 0.00843276974322216)	(40, 0.02106505881856896)	(45, 0.04659948560104567)	(50, 0.0686427457098284)	(55, 0.10778766285786565)	(60, 0.1423114221866172)	(65, 0.19133954547371085)	(70, 0.23250832736012145)	(75, 0.2957372348948012)	(80, 0.3496563646329637)	(85, 0.4242526457815069)	(90, 0.49945608635156213)	(95, 0.6104819327908252)	(100, 0.7131256061053253)	(105, 0.8455200910739131)	(110, 0.9743728127503479)	(115, 1.121423451532656)	(120, 1.2717966015937934)	(125, 1.4522072774802883)	(130, 1.6405110258464393)	(135, 1.8559008306278197)	(140, 1.9609562760888815)
PID-2861-26_S221_R2_001 - polyg	(1, 0.5130497111776363)	(2, 0.5133870219673652)	(3, 0.5141459712442552)	(4, 0.5156638697980351)	(5, 0.5207235316439685)	(6, 0.5252772273053085)	(7, 0.5284816798077329)	(8, 0.5306741999409706)	(9, 0.533878652443395)	(10, 0.5409284479487289)	(15, 0.5462410928869588)	(20, 0.548450478559683)	(25, 0.54993464603449)	(30, 0.5507441919298394)	(35, 0.5515031412067294)	(40, 0.5519585107728633)	(45, 0.5522283594046465)	(50, 0.5524813424969431)	(55, 0.5527005945102669)	(60, 0.5528523843656449)	(65, 0.553122232997428)	(70, 0.5534426782476705)	(75, 0.5534932748661296)	(80, 0.5536281991820212)	(85, 0.5541172998271282)	(90, 0.5544040139983979)	(95, 0.5545220727748028)	(100, 0.5547581903276131)	(105, 0.5557532571573133)	(110, 0.5596829278576548)	(115, 0.5691444955095502)	(120, 0.5919804359741957)	(125, 0.614462200109626)	(130, 0.649002824977864)	(135, 0.6839144917148038)	(140, 0.7071720706666105)
PID-2861-27_S222_R1_001 - nextera_transposase_sequence	(1, 0.0)	(2, 0.0)	(3, 0.0)	(4, 0.00024853118072193337)	(5, 0.00024853118072193337)	(6, 0.00024853118072193337)	(7, 0.00024853118072193337)	(8, 0.00024853118072193337)	(9, 0.0004970623614438667)	(10, 0.0004970623614438667)	(15, 0.0006130435791141023)	(20, 0.0008947122505989601)	(25, 0.001474618338950138)	(30, 0.0030155116594261246)	(35, 0.008764866306793517)	(40, 0.020810344199116555)	(45, 0.04150470718056288)	(50, 0.06503232562223923)	(55, 0.10120189678997127)	(60, 0.13659273692477458)	(65, 0.19025890321533073)	(70, 0.23492824076375288)	(75, 0.30236303446630414)	(80, 0.3619442428580423)	(85, 0.4471075941187581)	(90, 0.5197449738710885)	(95, 0.6206154957534306)	(100, 0.718023149851047)	(105, 0.8432994336802828)	(110, 0.9618322381392636)	(115, 1.1135025333611688)	(120, 1.2659349908706212)	(125, 1.4382499428378286)	(130, 1.6243500909624125)	(135, 1.8262733909262923)	(140, 1.9232999638801351)
PID-2861-27_S222_R1_001 - polyg	(1, 0.0)	(2, 0.0)	(3, 0.0)	(4, 0.0)	(5, 0.00016568745381462225)	(6, 0.00024853118072193337)	(7, 0.00024853118072193337)	(8, 0.00024853118072193337)	(9, 0.00024853118072193337)	(10, 0.00024853118072193337)	(15, 0.00024853118072193337)	(20, 0.00024853118072193337)	(25, 0.00029823741686632)	(30, 0.0005467685975882534)	(35, 0.0012923621397540534)	(40, 0.0017894245011979202)	(45, 0.001988249445775467)	(50, 0.002369330589549098)	(55, 0.0029160991871373517)	(60, 0.0031314928770963604)	(65, 0.003313749076292445)	(70, 0.0036616927293031515)	(75, 0.004639248706809423)	(80, 0.00767132911161701)	(85, 0.013636077448943412)	(90, 0.026957348735639042)	(95, 0.044023156478545135)	(100, 0.0649660506407134)	(105, 0.08753268185026494)	(110, 0.12736394574730012)	(115, 0.18977840959926834)	(120, 0.25376690426247545)	(125, 0.32883988958588073)	(130, 0.39973755107315767)	(135, 0.46740430721104936)	(140, 0.5014530789699543)
PID-2861-27_S222_R2_001 - nextera_transposase_sequence	(1, 0.0)	(2, 0.0)	(3, 0.0)	(4, 0.00024853118072193337)	(5, 0.00024853118072193337)	(6, 0.00024853118072193337)	(7, 0.00024853118072193337)	(8, 0.00024853118072193337)	(9, 0.0004970623614438667)	(10, 0.0004970623614438667)	(15, 0.0006130435791141023)	(20, 0.0008947122505989601)	(25, 0.001474618338950138)	(30, 0.0034297302939626808)	(35, 0.009344772395144696)	(40, 0.021622212722808204)	(45, 0.04304560050103886)	(50, 0.06660635643347815)	(55, 0.10310730250883944)	(60, 0.1383821614259725)	(65, 0.19277735251331296)	(70, 0.23762894626093126)	(75, 0.30478207129199764)	(80, 0.3655396606058196)	(85, 0.4518793927886192)	(90, 0.5244504975594237)	(95, 0.6250559195156624)	(100, 0.7216517050895872)	(105, 0.8484191760031546)	(110, 0.968260911347271)	(115, 1.1202128752406613)	(120, 1.2716677767726072)	(125, 1.4415636919141208)	(130, 1.6257418655744549)	(135, 1.8265219221070144)	(140, 1.9238798699684863)
PID-2861-27_S222_R2_001 - polyg	(1, 0.47900242897807294)	(2, 0.4794994913395168)	(3, 0.48065930351621916)	(4, 0.48215049060055076)	(5, 0.4853813959499359)	(6, 0.48786670775715524)	(7, 0.48861230129932104)	(8, 0.4909319256527257)	(9, 0.49350008118685235)	(10, 0.49794050494908426)	(15, 0.5017844538775835)	(20, 0.5034578971611111)	(25, 0.5043857469024731)	(30, 0.5052970278984535)	(35, 0.5056946777876086)	(40, 0.5059266402229491)	(45, 0.5063242901121041)	(50, 0.5065396838020632)	(55, 0.5068876274550739)	(60, 0.5072687085988475)	(65, 0.507500671034188)	(70, 0.507500671034188)	(75, 0.5076000835064768)	(80, 0.5078651834325801)	(85, 0.5082296958309724)	(90, 0.5085113645024572)	(95, 0.5089918581185195)	(100, 0.5094889204799634)	(105, 0.510764713874336)	(110, 0.5154205313265269)	(115, 0.5239865726887428)	(120, 0.5435873984750127)	(125, 0.5662203046660901)	(130, 0.598943576794478)	(135, 0.6345166731284774)	(140, 0.6563708482866261)
PID-2861-28_S223_R1_001 - nextera_transposase_sequence	(1, 0.0)	(2, 0.0)	(3, 0.0)	(4, 0.0)	(5, 0.0)	(6, 0.0)	(7, 0.0)	(8, 0.0)	(9, 0.00010252015033554845)	(10, 0.00010252015033554845)	(15, 0.0002050403006710969)	(20, 0.00032806448107375503)	(25, 0.0008816732928857166)	(30, 0.0018658667361069817)	(35, 0.006540785591407991)	(40, 0.014824413738520306)	(45, 0.03635364530898548)	(50, 0.05587348193287391)	(55, 0.09070982901689327)	(60, 0.12331123682359768)	(65, 0.1694453044745945)	(70, 0.21338544090841055)	(75, 0.28517005017336156)	(80, 0.34149462076771187)	(85, 0.42615576091480784)	(90, 0.5061214781765356)	(95, 0.6097078380755738)	(100, 0.7033497433920637)	(105, 0.8224371500218368)	(110, 0.9396176818553688)	(115, 1.0945256290123822)	(120, 1.2422571656459076)	(125, 1.4155162197129847)	(130, 1.603087086766904)	(135, 1.8056669038299478)	(140, 1.902158869325766)
PID-2861-28_S223_R1_001 - polyg	(1, 0.0)	(2, 0.0)	(3, 0.0)	(4, 0.0)	(5, 0.00030756045100664535)	(6, 0.00030756045100664535)	(7, 0.00030756045100664535)	(8, 0.0004100806013421938)	(9, 0.0004100806013421938)	(10, 0.0005536088118119617)	(15, 0.0007176410523488391)	(20, 0.0007586491124830586)	(25, 0.0008201612026843876)	(30, 0.00133276195436213)	(35, 0.0018248586759727625)	(40, 0.002337459427650505)	(45, 0.0024809876381202724)	(50, 0.0026450198786571503)	(55, 0.0028910682394624665)	(60, 0.0031576206303348927)	(65, 0.0035266931715428667)	(70, 0.003854757652616622)	(75, 0.004490382584697023)	(80, 0.006622801711676429)	(85, 0.011687297138252523)	(90, 0.02456382802039741)	(95, 0.04389912837368184)	(100, 0.06296787633609387)	(105, 0.08685507136427664)	(110, 0.12478752698842958)	(115, 0.1773188520203646)	(120, 0.24188604270169303)	(125, 0.317217849168254)	(130, 0.3838149388262263)	(135, 0.45906472917251884)	(140, 0.4996832127354632)
PID-2861-28_S223_R2_001 - nextera_transposase_sequence	(1, 0.0)	(2, 0.0)	(3, 0.0)	(4, 0.0)	(5, 0.0)	(6, 0.0)	(7, 0.0)	(8, 0.0)	(9, 0.00010252015033554845)	(10, 0.00010252015033554845)	(15, 0.00028705642093953567)	(20, 0.0004305846314093035)	(25, 0.0010046974732883748)	(30, 0.0020914110668451883)	(35, 0.006950866192750186)	(40, 0.015357518520265156)	(45, 0.03627162918871704)	(50, 0.0554428973014646)	(55, 0.09070982901689326)	(60, 0.12376232548507408)	(65, 0.16973236089553403)	(70, 0.21387753763002118)	(75, 0.28678986854866323)	(80, 0.343380991533886)	(85, 0.428247171981653)	(90, 0.508438433574119)	(95, 0.6117992491424189)	(100, 0.7053591383386404)	(105, 0.8254922505018362)	(110, 0.9456048586349647)	(115, 1.100594821912247)	(120, 1.246952588531276)	(125, 1.418591824223051)	(130, 1.6045223688716017)	(135, 1.8061795045816254)	(140, 1.9018513088747593)
PID-2861-28_S223_R2_001 - polyg	(1, 0.44934581892070885)	(2, 0.4498584196723866)	(3, 0.450678580875071)	(4, 0.45160126222809094)	(5, 0.45375418538513745)	(6, 0.45693231004553947)	(7, 0.4593927936535926)	(8, 0.46216083771265243)	(9, 0.46390368026835677)	(10, 0.4680454943419129)	(15, 0.47198226811479793)	(20, 0.4738686388809721)	(25, 0.4747503121738578)	(30, 0.47536543307587104)	(35, 0.4758575297974817)	(40, 0.476103578158287)	(45, 0.47639063457922654)	(50, 0.4766161789099648)	(55, 0.4768007151805687)	(60, 0.47739533205251494)	(65, 0.4775798683231189)	(70, 0.4777439005636558)	(75, 0.4780104529545282)	(80, 0.4782154932551993)	(85, 0.47833851743560196)	(90, 0.4786460778866086)	(95, 0.47903565445788365)	(100, 0.4795687592396286)	(105, 0.4802453922318432)	(110, 0.4835465410726479)	(115, 0.4902718629346598)	(120, 0.506367526537341)	(125, 0.5274661734763969)	(130, 0.5563768558710215)	(135, 0.5905980820530276)	(140, 0.6135830997582575)
PID-2861-29_S224_R1_001 - nextera_transposase_sequence	(1, 0.0)	(2, 0.0)	(3, 0.0)	(4, 0.0)	(5, 0.0)	(6, 0.0)	(7, 0.00011327991807596324)	(8, 0.0002265598361519265)	(9, 0.000453119672303853)	(10, 0.0005663995903798162)	(15, 0.0005890555739950089)	(20, 0.0006796795084557795)	(25, 0.0008156154101469354)	(30, 0.0017445107383698341)	(35, 0.007703034429165501)	(40, 0.019144306154837788)	(45, 0.03735971698145268)	(50, 0.0576368223170501)	(55, 0.09504185126573315)	(60, 0.12632976463831422)	(65, 0.1753573131815911)	(70, 0.22168879967466007)	(75, 0.28940753470047087)	(80, 0.3447787586560017)	(85, 0.43209491950895423)	(90, 0.5081284005215407)	(95, 0.6101709507243684)	(100, 0.7057338896132511)	(105, 0.8239301561337111)	(110, 0.9419451747852495)	(115, 1.0924941859082047)	(120, 1.2439947483429978)	(125, 1.4191255016884372)	(130, 1.6051990951200144)	(135, 1.8106888665098118)	(140, 1.9044619826930942)
PID-2861-29_S224_R1_001 - polyg	(1, 0.0)	(2, 0.0)	(3, 0.0)	(4, 0.00011327991807596324)	(5, 0.00033983975422788976)	(6, 0.000453119672303853)	(7, 0.000453119672303853)	(8, 0.000453119672303853)	(9, 0.000453119672303853)	(10, 0.0006570235248405867)	(15, 0.001087487213529247)	(20, 0.001223423115220403)	(25, 0.0014726389349875222)	(30, 0.0015632628694482928)	(35, 0.0016991987711394488)	(40, 0.001812478689215412)	(45, 0.0020616945089825312)	(50, 0.002333566312364843)	(55, 0.002854653935514274)	(60, 0.0030585577880510076)	(65, 0.0031491817225117783)	(70, 0.003171837706126971)	(75, 0.0035796454112004385)	(80, 0.005641339920182969)	(85, 0.011849079430745757)	(90, 0.023516910992569966)	(95, 0.03948937944128079)	(100, 0.059925076662184565)	(105, 0.0829209000316051)	(110, 0.1198501533243691)	(115, 0.18104396506900447)	(120, 0.2474033410779038)	(125, 0.3167759629076236)	(130, 0.3827728431786798)	(135, 0.4560422941902128)	(140, 0.48846300674355353)
PID-2861-29_S224_R2_001 - nextera_transposase_sequence	(1, 0.0)	(2, 0.0)	(3, 0.0)	(4, 0.0)	(5, 0.0)	(6, 0.0)	(7, 0.00011327991807596324)	(8, 0.0002265598361519265)	(9, 0.000453119672303853)	(10, 0.0005663995903798162)	(15, 0.0005890555739950089)	(20, 0.0006796795084557795)	(25, 0.0008835833609925134)	(30, 0.0019937265581369532)	(35, 0.007997562216163006)	(40, 0.01975601771244799)	(45, 0.03817533239159961)	(50, 0.05870165354696415)	(55, 0.09658245815156627)	(60, 0.12827817922922077)	(65, 0.17750963162503441)	(70, 0.22390908606894894)	(75, 0.29117470142245594)	(80, 0.3458209339023006)	(85, 0.43293319090271637)	(90, 0.508400272324923)	(95, 0.6113717178559737)	(100, 0.7071159046137778)	(105, 0.8266941861347645)	(110, 0.9454115402783743)	(115, 1.0949410321386457)	(120, 1.244447868015302)	(125, 1.4178341106223713)	(130, 1.5997163470851377)	(135, 1.8015358491292741)	(140, 1.8946066298204853)
PID-2861-29_S224_R2_001 - polyg	(1, 0.49763868010770657)	(2, 0.4980917997800104)	(3, 0.499451158796922)	(4, 0.5005839579776816)	(5, 0.5048885948645682)	(6, 0.5097596313418347)	(7, 0.5121385096214298)	(8, 0.514970507573329)	(9, 0.5181423452794559)	(10, 0.5238969651177149)	(15, 0.5282016020046015)	(20, 0.5299914247102016)	(25, 0.5309656320056548)	(30, 0.5315320315960348)	(35, 0.5321663991372602)	(40, 0.5323703029897968)	(45, 0.5326195188095639)	(50, 0.5329140465965615)	(55, 0.5330726384818678)	(60, 0.5333445102852501)	(65, 0.5335937261050173)	(70, 0.533684350039478)	(75, 0.5341827816790122)	(80, 0.5344999654496251)	(85, 0.5351796449580808)	(90, 0.5355194847123086)	(95, 0.5359726043846125)	(100, 0.5361538522535341)	(105, 0.5369014997128353)	(110, 0.5409795767635701)	(115, 0.5505177458655661)	(120, 0.5671472378391176)	(125, 0.5866313837481834)	(130, 0.6188481924489871)	(135, 0.6525149841011635)	(140, 0.6734491129616015)
PID-2861-2_S197_R1_001 - nextera_transposase_sequence	(1, 0.0)	(2, 0.0)	(3, 0.0)	(4, 0.0)	(5, 0.0)	(6, 0.0)	(7, 0.0)	(8, 0.0)	(9, 0.0007338764718154741)	(10, 0.0007338764718154741)	(15, 0.0007338764718154741)	(20, 0.0010064591613469357)	(25, 0.0015306566412151318)	(30, 0.0027048589961198902)	(35, 0.008471031274670044)	(40, 0.02050660541244382)	(45, 0.04275354645805005)	(50, 0.06579726767305594)	(55, 0.10242818756624546)	(60, 0.14082041099179213)	(65, 0.1948127514182163)	(70, 0.24106793704178586)	(75, 0.3126104090941972)	(80, 0.38155286164646235)	(85, 0.47150514919184483)	(90, 0.5456266728452077)	(95, 0.6477403419235321)	(100, 0.7450733299854587)	(105, 0.8753468876823028)	(110, 0.9908380764468637)	(115, 1.1468392464556387)	(120, 1.3017920215046774)	(125, 1.4811723991155739)	(130, 1.6691286474971143)	(135, 1.8771721433072037)	(140, 1.9788454865024392)
PID-2861-2_S197_R1_001 - polyg	(1, 0.0)	(2, 0.0)	(3, 0.00010483949597363916)	(4, 0.00010483949597363916)	(5, 0.0002096789919472783)	(6, 0.0002096789919472783)	(7, 0.0002096789919472783)	(8, 0.0002096789919472783)	(9, 0.0003145184879209175)	(10, 0.0005661332782576514)	(15, 0.0007758122702049297)	(20, 0.0008387159677891132)	(25, 0.0010483949597363915)	(30, 0.0012161381532942144)	(35, 0.0015516245404098596)	(40, 0.0018032393307465936)	(45, 0.0024322763065884284)	(50, 0.002893570088872441)	(55, 0.0036064786614931873)	(60, 0.0039000292502193766)	(65, 0.004151644040556111)	(70, 0.004864552613176856)	(75, 0.0058919796737185205)	(80, 0.007758122702049297)	(85, 0.013775909770936184)	(90, 0.02715342945717254)	(95, 0.04367613402261807)	(100, 0.06378434935036206)	(105, 0.08397643627488496)	(110, 0.12681385432971393)	(115, 0.1880610878775139)	(120, 0.2552841726958114)	(125, 0.3377089844302864)	(130, 0.4073643455551723)	(135, 0.47108579120795013)	(140, 0.5044876546251517)
PID-2861-2_S197_R2_001 - nextera_transposase_sequence	(1, 0.0)	(2, 0.0)	(3, 0.0)	(4, 0.0)	(5, 0.0)	(6, 0.0)	(7, 0.0)	(8, 0.0)	(9, 0.0007338764718154741)	(10, 0.0007338764718154741)	(15, 0.0007338764718154741)	(20, 0.0010693628589311193)	(25, 0.001635496137188771)	(30, 0.002788730592898802)	(35, 0.008659742367422594)	(40, 0.020422733815664906)	(45, 0.042795482256439504)	(50, 0.0667408231368187)	(55, 0.10427336269538152)	(60, 0.14264461822173344)	(65, 0.1964063117570156)	(70, 0.24322763065884284)	(75, 0.31470719901367006)	(80, 0.3830206145900933)	(85, 0.4728261268411126)	(90, 0.5478492701598487)	(95, 0.6518710180648936)	(100, 0.7486798086469519)	(105, 0.8797711144123903)	(110, 0.9955558537656775)	(115, 1.1501102387300164)	(120, 1.3036162287346187)	(125, 1.4784256043210646)	(130, 1.6622302086620486)	(135, 1.8669398085001767)	(140, 1.968361536905075)
PID-2861-2_S197_R2_001 - polyg	(1, 0.5551251311804193)	(2, 0.5559638471482085)	(3, 0.5574316000918395)	(4, 0.5599477479952067)	(5, 0.5649800438019414)	(6, 0.5688591051529661)	(7, 0.5721091295281489)	(8, 0.5744155984395689)	(9, 0.5772462648308572)	(10, 0.5829075976134337)	(15, 0.5876044070330527)	(20, 0.5894495821621889)	(25, 0.5900366833396411)	(30, 0.5903512018275621)	(35, 0.5907076561138724)	(40, 0.5912318535937408)	(45, 0.5914834683840773)	(50, 0.5917141152752194)	(55, 0.592049601662335)	(60, 0.5921544411583086)	(65, 0.592594767041398)	(70, 0.5929931571260978)	(75, 0.5930770287228767)	(80, 0.593202836118045)	(85, 0.5940205841866396)	(90, 0.594293166876171)	(95, 0.5947754285576498)	(100, 0.5956351124246335)	(105, 0.5967673789811487)	(110, 0.600604504533784)	(115, 0.6098513480786589)	(120, 0.6298756918096241)	(125, 0.6522065044520092)	(130, 0.6863632122402208)	(135, 0.7228683247382419)	(140, 0.7478201247799681)
PID-2861-30_S225_R1_001 - nextera_transposase_sequence	(1, 0.0)	(2, 0.0)	(3, 0.0)	(4, 0.0)	(5, 0.0)	(6, 0.0)	(7, 0.0)	(8, 0.0)	(9, 0.0)	(10, 0.0)	(15, 0.0)	(20, 0.0)	(25, 0.00010281851247317078)	(30, 0.0008739573560219517)	(35, 0.004909583970593906)	(40, 0.011592787281350008)	(45, 0.027478247458454896)	(50, 0.04590846581927076)	(55, 0.07328389476525249)	(60, 0.10022234503322322)	(65, 0.14173531944426593)	(70, 0.1785443469096611)	(75, 0.22692045702828798)	(80, 0.27223771640083794)	(85, 0.3394553189301734)	(90, 0.4028429318698832)	(95, 0.48810518333826003)	(100, 0.5674553703394296)	(105, 0.6844885421620162)	(110, 0.7913169766216408)	(115, 0.9245183595306334)	(120, 1.0562288740087653)	(125, 1.2168313904918582)	(130, 1.3843484519387714)	(135, 1.5715809631524156)	(140, 1.6655313789247754)
PID-2861-30_S225_R1_001 - polyg	(1, 0.0)	(2, 0.0)	(3, 0.0)	(4, 0.0)	(5, 0.0)	(6, 0.0)	(7, 0.0)	(8, 0.00012852314059146348)	(9, 0.00012852314059146348)	(10, 0.00020563702494634157)	(15, 0.00043697867801097584)	(20, 0.0006683203310756102)	(25, 0.0008225480997853663)	(30, 0.0010538897528500006)	(35, 0.0011567082653231714)	(40, 0.0013366406621512204)	(45, 0.0017993239682804886)	(50, 0.0020820748775817084)	(55, 0.002313416530646343)	(60, 0.002364825786882928)	(65, 0.002519053555592684)	(70, 0.0025961674399475627)	(75, 0.0030331461179585384)	(80, 0.004986697854948783)	(85, 0.00999910033801586)	(90, 0.019689745138612207)	(95, 0.0355752053157171)	(100, 0.05539347359492077)	(105, 0.0760599946020281)	(110, 0.10875628156849641)	(115, 0.15571863714061718)	(120, 0.20085596411633916)	(125, 0.25295924531211844)	(130, 0.310794658578277)	(135, 0.37181744573110387)	(140, 0.4060046011284332)
PID-2861-30_S225_R2_001 - nextera_transposase_sequence	(1, 0.0)	(2, 0.0)	(3, 0.0)	(4, 0.0)	(5, 0.0)	(6, 0.0)	(7, 0.0)	(8, 0.0)	(9, 0.0)	(10, 0.0)	(15, 0.0)	(20, 0.0)	(25, 0.00020563702494634157)	(30, 0.0011310036372048787)	(35, 0.005012402483067076)	(40, 0.011772719678178056)	(45, 0.028583546467541476)	(50, 0.047656380531314664)	(55, 0.07580294832084518)	(60, 0.10310126338247201)	(65, 0.14517973961211714)	(70, 0.18224581335869522)	(75, 0.2318043363707636)	(80, 0.2771730049995501)	(85, 0.34572724819103684)	(90, 0.4113254591489198)	(95, 0.49848985309805033)	(100, 0.5803333890266942)	(105, 0.7005025254797126)	(110, 0.8102098782885859)	(115, 0.94564756384387)	(120, 1.076741167247163)	(125, 1.2356471782744483)	(130, 1.4053234284832983)	(135, 1.5954862673024277)	(140, 1.690336345058928)
PID-2861-30_S225_R2_001 - polyg	(1, 0.3922526250851466)	(2, 0.3928952407881039)	(3, 0.39405194905342705)	(4, 0.39520865731875027)	(5, 0.3982932126929454)	(6, 0.40150629120773196)	(7, 0.4035626614571954)	(8, 0.4060046011284332)	(9, 0.40818949451848807)	(10, 0.412482167414243)	(15, 0.416877658822471)	(20, 0.4187283920469881)	(25, 0.42009073733725766)	(30, 0.42129885485881735)	(35, 0.42189006130553813)	(40, 0.42214710758672097)	(45, 0.4225583816366136)	(50, 0.4227126094053234)	(55, 0.42307247419897953)	(60, 0.4232781112239259)	(65, 0.4233552251082807)	(70, 0.4233552251082807)	(75, 0.423380929736399)	(80, 0.42348374824887214)	(85, 0.42348374824887214)	(90, 0.4236893852738185)	(95, 0.4237407945300552)	(100, 0.42376649915817344)	(105, 0.42464045651419535)	(110, 0.4272623285822613)	(115, 0.4330201652807588)	(120, 0.44625804876167957)	(125, 0.46396853753518325)	(130, 0.4916010127623479)	(135, 0.517254231624404)	(140, 0.5360700194069943)
PID-2861-31_S226_R1_001 - nextera_transposase_sequence	(1, 0.0)	(2, 0.0)	(3, 0.0)	(4, 0.0003787269094937368)	(5, 0.0003787269094937368)	(6, 0.0003787269094937368)	(7, 0.0003787269094937368)	(8, 0.0003787269094937368)	(9, 0.0003787269094937368)	(10, 0.0003787269094937368)	(15, 0.0004923449823418578)	(20, 0.0007195811280380999)	(25, 0.0010225626556330893)	(30, 0.0023859795298105417)	(35, 0.008256246626963462)	(40, 0.02128445231354801)	(45, 0.04476552070215969)	(50, 0.06699679028944203)	(55, 0.10683886116818316)	(60, 0.13736425007337832)	(65, 0.17201776229205526)	(70, 0.19701373831864188)	(75, 0.243142675894979)	(80, 0.29392995445808917)	(85, 0.3674787202817728)	(90, 0.4220532679398203)	(95, 0.49779864983856764)	(100, 0.5735061590463657)	(105, 0.6939791889563234)	(110, 0.7917664769876063)	(115, 0.8946665782970544)	(120, 0.9964304988780215)	(125, 1.1102758078718389)	(130, 1.2397246655367982)	(135, 1.390230739369609)	(140, 1.4624539610100646)
PID-2861-31_S226_R1_001 - polyg	(1, 0.0)	(2, 0.0)	(3, 0.0)	(4, 0.0)	(5, 0.0)	(6, 0.0001893634547468684)	(7, 0.0001893634547468684)	(8, 0.0001893634547468684)	(9, 0.0001893634547468684)	(10, 0.0001893634547468684)	(15, 0.0001893634547468684)	(20, 0.0001893634547468684)	(25, 0.0001893634547468684)	(30, 0.0001893634547468684)	(35, 0.0003029815275949894)	(40, 0.0006438357461393525)	(45, 0.0007953265099368473)	(50, 0.0011740534194305842)	(55, 0.0015527803289243209)	(60, 0.0019693799293674314)	(65, 0.0028783245121523997)	(70, 0.003446414876393005)	(75, 0.0035979056401904998)	(80, 0.004355359459177974)	(85, 0.007120065898482253)	(90, 0.01473247677930636)	(95, 0.02276148726057358)	(100, 0.032759877671208235)	(105, 0.0430233769184885)	(110, 0.0710870409119744)	(115, 0.11562532546843785)	(120, 0.16728367592338356)	(125, 0.2337881212304837)	(130, 0.2777583154227066)	(135, 0.3070339055265724)	(140, 0.3175625136104983)
PID-2861-31_S226_R2_001 - nextera_transposase_sequence	(1, 0.0)	(2, 0.0)	(3, 0.0)	(4, 0.0003787269094937368)	(5, 0.0003787269094937368)	(6, 0.0003787269094937368)	(7, 0.0003787269094937368)	(8, 0.0003787269094937368)	(9, 0.0003787269094937368)	(10, 0.0003787269094937368)	(15, 0.0004923449823418578)	(20, 0.0007195811280380999)	(25, 0.0010225626556330893)	(30, 0.0023102341479117943)	(35, 0.008180501245064715)	(40, 0.021246579622598634)	(45, 0.044008066883172214)	(50, 0.06623933647045457)	(55, 0.10585417120349942)	(60, 0.13653105087249212)	(65, 0.17160116269161216)	(70, 0.1967107567910469)	(75, 0.24265033091263719)	(80, 0.29286951911150666)	(85, 0.36516848613386105)	(90, 0.4190234526638704)	(95, 0.49446585303502283)	(100, 0.5706657072251626)	(105, 0.6904949013889808)	(110, 0.7880549532745675)	(115, 0.8886826931270534)	(120, 0.9887423426152987)	(125, 1.0994063455693688)	(130, 1.2233257903557193)	(135, 1.370953539676378)	(140, 1.4412452540784153)
PID-2861-31_S226_R2_001 - polyg	(1, 0.6567124610621397)	(2, 0.6580380052453677)	(3, 0.6610678205213176)	(4, 0.6646657261615081)	(5, 0.6690210856206861)	(6, 0.674891352717839)	(7, 0.6798148025412576)	(8, 0.6843595254551824)	(9, 0.6868212503668917)	(10, 0.6943957885567664)	(15, 0.70204607212854)	(20, 0.7042426882036036)	(25, 0.7053031235501861)	(30, 0.7059469592963254)	(35, 0.7064014315877178)	(40, 0.706628667733414)	(45, 0.7071967580976547)	(50, 0.7078784665347435)	(55, 0.7081435753713891)	(60, 0.7084086842080347)	(65, 0.7085980476627816)	(70, 0.7089010291903766)	(75, 0.7091661380270222)	(80, 0.7095827376274653)	(85, 0.7099235918460096)	(90, 0.710075082609807)	(95, 0.7103023187555034)	(100, 0.7106810456649972)	(105, 0.7115521175568327)	(110, 0.7159074770160107)	(115, 0.7257165039718985)	(120, 0.7467737201397503)	(125, 0.7685883901265894)	(130, 0.8047189372922918)	(135, 0.8386907410738802)	(140, 0.8570589961843263)
PID-2861-32_S227_R1_001 - nextera_transposase_sequence	(1, 0.0)	(2, 0.0003924559500900686)	(3, 0.0003924559500900686)	(4, 0.0003924559500900686)	(5, 0.0003924559500900686)	(6, 0.0003924559500900686)	(7, 0.0003924559500900686)	(8, 0.0003924559500900686)	(9, 0.001177367850270206)	(10, 0.001360513960312238)	(15, 0.0014390051503302516)	(20, 0.0015698238003602747)	(25, 0.0016483149903782884)	(30, 0.0025902092705944535)	(35, 0.0053635646512309385)	(40, 0.012270789372816147)	(45, 0.02522183572578841)	(50, 0.045551053940453966)	(55, 0.07556085225734122)	(60, 0.10515203089413241)	(65, 0.1475111097738538)	(70, 0.1892422591334311)	(75, 0.24968047544730165)	(80, 0.30540922036009144)	(85, 0.38541790671845344)	(90, 0.4574989828849961)	(95, 0.5509034990064323)	(100, 0.6358048028759172)	(105, 0.749564700942025)	(110, 0.8587459462570821)	(115, 0.9969950956088102)	(120, 1.1365785951908447)	(125, 1.2947645068071485)	(130, 1.4656136637463584)	(135, 1.6650336138521253)	(140, 1.7563711953030872)
PID-2861-32_S227_R1_001 - polyg	(1, 0.0)	(2, 0.0)	(3, 0.0)	(4, 0.0)	(5, 0.0)	(6, 0.00013081865003002288)	(7, 0.00026163730006004577)	(8, 0.00026163730006004577)	(9, 0.0003924559500900686)	(10, 0.0005756020601321006)	(15, 0.0007849119001801374)	(20, 0.0009157305502101601)	(25, 0.0010203854702341784)	(30, 0.0016483149903782882)	(35, 0.00217158959049838)	(40, 0.0023808994305464164)	(45, 0.0031658113307265535)	(50, 0.0036629222008406404)	(55, 0.004186196800960732)	(60, 0.004892617511122856)	(65, 0.005128091081176897)	(70, 0.005520547031266965)	(75, 0.005991494171375048)	(80, 0.007535154241729318)	(85, 0.01046549200240183)	(90, 0.019021031714365328)	(95, 0.03382970289776392)	(100, 0.05575490864279575)	(105, 0.07768011438782758)	(110, 0.11370757060609589)	(115, 0.16166568770710227)	(120, 0.21619090103961583)	(125, 0.2790885079740508)	(130, 0.342954172918708)	(135, 0.4140933548050344)	(140, 0.4534174410040593)
PID-2861-32_S227_R2_001 - nextera_transposase_sequence	(1, 0.0)	(2, 0.0003924559500900686)	(3, 0.0003924559500900686)	(4, 0.0003924559500900686)	(5, 0.0003924559500900686)	(6, 0.0003924559500900686)	(7, 0.0003924559500900686)	(8, 0.0003924559500900686)	(9, 0.001177367850270206)	(10, 0.001360513960312238)	(15, 0.0014390051503302516)	(20, 0.0015698238003602747)	(25, 0.0016483149903782884)	(30, 0.0025902092705944535)	(35, 0.005075763621164887)	(40, 0.011669023582678042)	(45, 0.02469856112566832)	(50, 0.04508010680034589)	(55, 0.07563934344735922)	(60, 0.10541366819419244)	(65, 0.14795589318395586)	(70, 0.18987018865357522)	(75, 0.24845078013701943)	(80, 0.3036824141796951)	(85, 0.3833509720479791)	(90, 0.45488260988439555)	(95, 0.5483917809258559)	(100, 0.6333715759853586)	(105, 0.7474454388115388)	(110, 0.8539056562059713)	(115, 0.9885965382768831)	(120, 1.1233920752678184)	(125, 1.2786214853934434)	(130, 1.4455460828317528)	(135, 1.6440503023873094)	(140, 1.7350477553481936)
PID-2861-32_S227_R2_001 - polyg	(1, 0.40841582539373145)	(2, 0.40906991864388154)	(3, 0.41011646784412176)	(4, 0.41260202219469216)	(5, 0.41691903764568294)	(6, 0.4201895038964335)	(7, 0.4224134209469439)	(8, 0.4243757006973942)	(9, 0.42738452964808477)	(10, 0.43175387255908754)	(15, 0.43601856055006627)	(20, 0.4383994599806127)	(25, 0.4390797169607688)	(30, 0.43986462886094896)	(35, 0.44051872211109905)	(40, 0.4408850143311831)	(45, 0.4410943241712312)	(50, 0.44122514282126113)	(55, 0.4413559614712912)	(60, 0.4415652713113392)	(65, 0.4418792360714113)	(70, 0.44195772726142935)	(75, 0.44237634694152533)	(80, 0.4428472940816334)	(85, 0.44368453344182557)	(90, 0.4440508256619096)	(95, 0.44444328161199975)	(100, 0.44480957383208375)	(105, 0.44554215827225196)	(110, 0.44734745564266626)	(115, 0.45234472807381315)	(120, 0.46338582213634705)	(125, 0.4808108663203462)	(130, 0.509067694726831)	(135, 0.53795245265346)	(140, 0.560427096728618)
PID-2861-33_S228_R1_001 - nextera_transposase_sequence	(1, 0.0)	(2, 0.0)	(3, 0.0)	(4, 8.120224800303372e-05)	(5, 8.120224800303372e-05)	(6, 8.120224800303372e-05)	(7, 8.120224800303372e-05)	(8, 8.120224800303372e-05)	(9, 0.00024360674400910115)	(10, 0.00032480899201213487)	(15, 0.0003410494416127416)	(20, 0.00043849213921638204)	(25, 0.0009094651776339775)	(30, 0.0024847887888928316)	(35, 0.00838007199391308)	(40, 0.02104762268238634)	(45, 0.041981562217568436)	(50, 0.06674824785849372)	(55, 0.10195754259260911)	(60, 0.1358026395602736)	(65, 0.18691133445338304)	(70, 0.2352591529143893)	(75, 0.3144313447173471)	(80, 0.3806111768398196)	(85, 0.46852073052790394)	(90, 0.5529223471022572)	(95, 0.6623342560615448)	(100, 0.7622617424540781)	(105, 0.8942641168078097)	(110, 1.017853938268427)	(115, 1.1751102117511023)	(120, 1.3369300515715479)	(125, 1.5232892107385099)	(130, 1.714017050848036)	(135, 1.922934194510241)	(140, 2.023641222483603)
PID-2861-33_S228_R1_001 - polyg	(1, 0.0)	(2, 0.0)	(3, 8.120224800303372e-05)	(4, 8.120224800303372e-05)	(5, 0.0004872134880182023)	(6, 0.0004872134880182023)	(7, 0.0004872134880182023)	(8, 0.0006496179840242697)	(9, 0.0006496179840242697)	(10, 0.0007633011312285169)	(15, 0.0009581865264357978)	(20, 0.001006907875237618)	(25, 0.001136831472042472)	(30, 0.001315476417649146)	(35, 0.0016240449600606742)	(40, 0.001818930355267955)	(45, 0.002224941595283124)	(50, 0.002484788788892832)	(55, 0.0028745595793073933)	(60, 0.003134406772917101)	(65, 0.003280570819322562)	(70, 0.0038002652065419777)	(75, 0.004596047236971708)	(80, 0.006106409049828136)	(85, 0.01057253268999499)	(90, 0.022298137301633058)	(95, 0.03634612620615789)	(100, 0.0541943803172247)	(105, 0.07163662318827635)	(110, 0.10639118533357476)	(115, 0.16773136347506645)	(120, 0.24066722263139134)	(125, 0.3247115493145312)	(130, 0.38597052520801983)	(135, 0.4459465055830606)	(140, 0.47714440926582613)
PID-2861-33_S228_R2_001 - nextera_transposase_sequence	(1, 0.0)	(2, 0.0)	(3, 0.0)	(4, 8.120224800303372e-05)	(5, 8.120224800303372e-05)	(6, 8.120224800303372e-05)	(7, 8.120224800303372e-05)	(8, 8.120224800303372e-05)	(9, 0.00024360674400910115)	(10, 0.00032480899201213487)	(15, 0.0003410494416127416)	(20, 0.00043849213921638204)	(25, 0.0009419460768351911)	(30, 0.002501029238493438)	(35, 0.008250148397108225)	(40, 0.021047622682386337)	(45, 0.042079004915172066)	(50, 0.06708929730010646)	(55, 0.10307813361505098)	(60, 0.136322333947493)	(65, 0.18694381535258422)	(70, 0.23589253044881295)	(75, 0.3151296840501732)	(80, 0.38041629144461236)	(85, 0.46707533051344985)	(90, 0.550372596514962)	(95, 0.6607589324502859)	(100, 0.7599068772619901)	(105, 0.8935332965757823)	(110, 1.0164085382539731)	(115, 1.170985137552548)	(120, 1.330969806568125)	(125, 1.5141295971637678)	(130, 1.70100845071795)	(135, 1.9046961696087592)	(140, 2.003503064978851)
PID-2861-33_S228_R2_001 - polyg	(1, 0.48664507228218107)	(2, 0.4870510835221962)	(3, 0.4881067127462357)	(4, 0.4898931622023024)	(5, 0.4951713083224996)	(6, 0.5006930611867059)	(7, 0.5031291286267969)	(8, 0.5061336118029092)	(9, 0.5092192972270244)	(10, 0.5145461646960234)	(15, 0.5204252074514432)	(20, 0.5233160074803511)	(25, 0.5246964456964027)	(30, 0.5254759872772319)	(35, 0.5259307198660488)	(40, 0.5260931243620548)	(45, 0.5263692120052651)	(50, 0.5265478569508717)	(55, 0.526791463694881)	(60, 0.5271325131364937)	(65, 0.5273598794309022)	(70, 0.5275547648261094)	(75, 0.5278470929189203)	(80, 0.5282693446085363)	(85, 0.5289839243909629)	(90, 0.5293899356309779)	(95, 0.5298771491189962)	(100, 0.5304293244054168)	(105, 0.5316148772262611)	(110, 0.535707470525614)	(115, 0.5457278279291884)	(120, 0.5652326078995171)	(125, 0.5877581114955587)	(130, 0.6217331320600279)	(135, 0.6563090492597198)	(140, 0.6782823775693406)
PID-2861-34_S229_R1_001 - nextera_transposase_sequence	(1, 0.0)	(2, 0.0)	(3, 0.0)	(4, 0.0)	(5, 0.0)	(6, 0.0)	(7, 0.00011376952569484738)	(8, 0.00011376952569484738)	(9, 0.0003413085770845421)	(10, 0.0003413085770845421)	(15, 0.0003413085770845421)	(20, 0.0003413085770845421)	(25, 0.0005688476284742369)	(30, 0.0019340819368124055)	(35, 0.007326757454748171)	(40, 0.019067772506456422)	(45, 0.04000136523430834)	(50, 0.06448456716383949)	(55, 0.10391708476967358)	(60, 0.13818446590896163)	(65, 0.18578563545968577)	(70, 0.2250816296346861)	(75, 0.2831951033596141)	(80, 0.333230940760208)	(85, 0.4004004687304459)	(90, 0.4645437273172008)	(95, 0.5623855194147696)	(100, 0.661137467717897)	(105, 0.800664414030058)	(110, 0.9190529824681161)	(115, 1.0588757295470836)	(120, 1.1954446681911783)	(125, 1.3569973946778617)	(130, 1.5381867412994754)	(135, 1.740650989226026)	(140, 1.8411322343197152)
PID-2861-34_S229_R1_001 - polyg	(1, 0.0)	(2, 0.0)	(3, 0.0)	(4, 0.00022753905138969476)	(5, 0.0005688476284742369)	(6, 0.0005688476284742369)	(7, 0.0005688476284742369)	(8, 0.0005688476284742369)	(9, 0.0005688476284742369)	(10, 0.0007053710593080537)	(15, 0.0009556640158367181)	(20, 0.0011376952569484738)	(25, 0.0011376952569484738)	(30, 0.0015927733597278636)	(35, 0.002207128798480039)	(40, 0.0024119139447307644)	(45, 0.00261669909098149)	(50, 0.002707714711537367)	(55, 0.00304902328862191)	(60, 0.0032993162451505744)	(65, 0.0032993162451505744)	(70, 0.0036406248222351162)	(75, 0.004254980260987292)	(80, 0.0072812496444702324)	(85, 0.012673925162405997)	(90, 0.02778251817468173)	(95, 0.04637245867321979)	(100, 0.07194784804942148)	(105, 0.09656757340978646)	(110, 0.13686473941090138)	(115, 0.18853885798150108)	(120, 0.24480926539017256)	(125, 0.30704119594525414)	(130, 0.36119549017600144)	(135, 0.4179664834977303)	(140, 0.4499584741231214)
PID-2861-34_S229_R2_001 - nextera_transposase_sequence	(1, 0.0)	(2, 0.0)	(3, 0.0)	(4, 0.0)	(5, 0.0)	(6, 0.0)	(7, 0.00011376952569484738)	(8, 0.00011376952569484738)	(9, 0.0003413085770845421)	(10, 0.0003413085770845421)	(15, 0.0003413085770845421)	(20, 0.0003413085770845421)	(25, 0.0005688476284742369)	(30, 0.002047851462507253)	(35, 0.007736327747249622)	(40, 0.019500096704096838)	(45, 0.040683982388477424)	(50, 0.06546298508481518)	(55, 0.10487274878551031)	(60, 0.13882157525285277)	(65, 0.18526229564148947)	(70, 0.22503612182440813)	(75, 0.28339988850586484)	(80, 0.3327076009420117)	(85, 0.3998316211019717)	(90, 0.4644754656017839)	(95, 0.5633184295254674)	(100, 0.661979362208039)	(105, 0.8033038670261783)	(110, 0.922761869005768)	(115, 1.0613559052072312)	(120, 1.1966278712584046)	(125, 1.3534022776659045)	(130, 1.5278564683663833)	(135, 1.7294788218027919)	(140, 1.8287313560189769)
PID-2861-34_S229_R2_001 - polyg	(1, 0.4118456830153475)	(2, 0.4123007611181269)	(3, 0.41343845637507537)	(4, 0.4145761516320238)	(5, 0.4181030069285641)	(6, 0.42106101459663015)	(7, 0.42424656131608585)	(8, 0.42709079945845707)	(9, 0.4287973423438798)	(10, 0.43355290851792444)	(15, 0.4378761504943286)	(20, 0.43994675586197474)	(25, 0.44085691206753364)	(30, 0.4414940214114248)	(35, 0.4422449002810107)	(40, 0.4425634549529563)	(45, 0.44276824009920707)	(50, 0.44310954867629154)	(55, 0.44313230258143055)	(60, 0.44313230258143055)	(65, 0.44313230258143055)	(70, 0.4433143338225423)	(75, 0.4433598416328202)	(80, 0.4434736111585151)	(85, 0.4439969509767113)	(90, 0.44415622831268414)	(95, 0.44424724393324)	(100, 0.4445885525103246)	(105, 0.4457034938621341)	(110, 0.4498902124077045)	(115, 0.45844568073995695)	(120, 0.4779912852543318)	(125, 0.49953923342093587)	(130, 0.5362640363152327)	(135, 0.5714870814703573)	(140, 0.594104463178493)
PID-2861-35_S230_R1_001 - nextera_transposase_sequence	(1, 0.0)	(2, 0.0)	(3, 0.0)	(4, 0.0)	(5, 0.0)	(6, 0.0)	(7, 0.0)	(8, 0.0)	(9, 0.0006955344370692034)	(10, 0.0006955344370692034)	(15, 0.0006955344370692034)	(20, 0.0006955344370692034)	(25, 0.0010664861368394451)	(30, 0.0019938653862650495)	(35, 0.004289129028593421)	(40, 0.012890571567015901)	(45, 0.027195396489405853)	(50, 0.04354045576053213)	(55, 0.07119954187465079)	(60, 0.0950795575473601)	(65, 0.12844202604544622)	(70, 0.16335785478632023)	(75, 0.21862965805208626)	(80, 0.2679662341215284)	(85, 0.33879482429640895)	(90, 0.4017175063699362)	(95, 0.4915110021955703)	(100, 0.5759025138933004)	(105, 0.6900628994975924)	(110, 0.7954595511948123)	(115, 0.9299759113239962)	(120, 1.0574673736387812)	(125, 1.2179967217143535)	(130, 1.388217182946423)	(135, 1.5793500462530399)	(140, 1.6712533298711174)
PID-2861-35_S230_R1_001 - polyg	(1, 0.0)	(2, 0.0)	(3, 0.0)	(4, 0.0)	(5, 0.0003477672185346017)	(6, 0.0003477672185346017)	(7, 0.00046368962471280225)	(8, 0.0005796120308910028)	(9, 0.0005796120308910028)	(10, 0.0007419033995404835)	(15, 0.000834641324483044)	(20, 0.0009737482118968848)	(25, 0.0011592240617820057)	(30, 0.001414253355374047)	(35, 0.0015765447240235274)	(40, 0.0017620205739086487)	(45, 0.0021329722736788902)	(50, 0.002457555010977852)	(55, 0.002828506710748094)	(60, 0.0031994584105183355)	(65, 0.0034776721853460165)	(70, 0.003755885960173698)	(75, 0.004358682472300341)	(80, 0.005262877240490306)	(85, 0.0083232287635948)	(90, 0.017017409226959844)	(95, 0.028053222295124535)	(100, 0.042728998917284725)	(105, 0.05684834798978955)	(110, 0.08211943253663727)	(115, 0.12526575211616353)	(120, 0.178126369333423)	(125, 0.239518875645398)	(130, 0.2880671793528284)	(135, 0.33853979500281695)	(140, 0.36457596743044074)
PID-2861-35_S230_R2_001 - nextera_transposase_sequence	(1, 0.0)	(2, 0.0)	(3, 0.0)	(4, 0.0)	(5, 0.0)	(6, 0.0)	(7, 0.0)	(8, 0.0)	(9, 0.0006955344370692034)	(10, 0.0006955344370692034)	(15, 0.0006955344370692034)	(20, 0.0006955344370692034)	(25, 0.0010664861368394451)	(30, 0.0019938653862650495)	(35, 0.004405051434771621)	(40, 0.0127746491608377)	(45, 0.027009920639520735)	(50, 0.04340134887311829)	(55, 0.07099088154353002)	(60, 0.09561280061577983)	(65, 0.12934622081363617)	(70, 0.16405338922338944)	(75, 0.21835144427725858)	(80, 0.26676064109727515)	(85, 0.3373342019785636)	(90, 0.39967727202119996)	(95, 0.4898649040278399)	(100, 0.5737231726571502)	(105, 0.6860751687250621)	(110, 0.7916572962721672)	(115, 0.9236001789841952)	(120, 1.0481008432195824)	(125, 1.204109217454205)	(130, 1.3708751909821644)	(135, 1.56196168532631)	(140, 1.6539808913505656)
PID-2861-35_S230_R2_001 - polyg	(1, 0.4509381600332002)	(2, 0.4517496168764476)	(3, 0.45325660815676416)	(4, 0.4551113666556154)	(5, 0.459516418090387)	(6, 0.46345777990044584)	(7, 0.46623991764872263)	(8, 0.46879021058464304)	(9, 0.4724997275823455)	(10, 0.4772757307168873)	(15, 0.481935811445251)	(20, 0.4842310750875794)	(25, 0.4858076198116029)	(30, 0.4864104163237296)	(35, 0.4867349990610285)	(40, 0.48729142661068386)	(45, 0.48768556279168973)	(50, 0.4877551162353967)	(55, 0.4879869610477531)	(60, 0.48826517482258075)	(65, 0.4883579127475233)	(70, 0.4887288644472935)	(75, 0.4890534471845925)	(80, 0.4895171368093053)	(85, 0.49032859365255277)	(90, 0.49065317638985173)	(95, 0.4908850212022081)	(100, 0.4911400504958001)	(105, 0.4918819538953406)	(110, 0.4934584986193641)	(115, 0.4988372982660326)	(120, 0.5129798318197731)	(125, 0.5277947153293472)	(130, 0.5524398188828326)	(135, 0.5785919137166345)	(140, 0.5939864092570997)
PID-2861-36_S231_R1_001 - nextera_transposase_sequence	(1, 0.0)	(2, 0.0)	(3, 0.0)	(4, 0.0)	(5, 0.0)	(6, 0.0)	(7, 0.0)	(8, 0.0)	(9, 9.35924721702784e-05)	(10, 9.35924721702784e-05)	(15, 0.00016846644990650112)	(20, 0.0004866808552854477)	(25, 0.0006364288107578931)	(30, 0.0011418281604773967)	(35, 0.004455001675305251)	(40, 0.012522672776383251)	(45, 0.030286523994302088)	(50, 0.04881783348401721)	(55, 0.08062055552747782)	(60, 0.10521665721382698)	(65, 0.14926127461716)	(70, 0.1864174860687605)	(75, 0.24568023944698075)	(80, 0.29942103696715466)	(85, 0.3725167577321421)	(90, 0.4398659007058744)	(95, 0.5349558524308773)	(100, 0.6232135536874498)	(105, 0.7467743354466513)	(110, 0.8718700337494456)	(115, 1.0182673787181948)	(120, 1.1643652277759995)	(125, 1.3352089264756257)	(130, 1.5204471473950407)	(135, 1.719499617206789)	(140, 1.8198120288788933)
PID-2861-36_S231_R1_001 - polyg	(1, 0.0)	(2, 0.0)	(3, 9.35924721702784e-05)	(4, 9.35924721702784e-05)	(5, 0.0003743698886811136)	(6, 0.0006551473051919488)	(7, 0.000935924721702784)	(8, 0.0010295171938730623)	(9, 0.0011231096660433409)	(10, 0.0014038870825541759)	(15, 0.001572353532460677)	(20, 0.001684664499065011)	(25, 0.001684664499065011)	(30, 0.0019092864322736794)	(35, 0.002190063848784515)	(40, 0.0022649378265207376)	(45, 0.0023585302986910157)	(50, 0.0026580262096359063)	(55, 0.003051114592751076)	(60, 0.0034816399647343566)	(65, 0.0038747283478495257)	(70, 0.00438012769756903)	(75, 0.004941682530590699)	(80, 0.006420443590881099)	(85, 0.011100067199395018)	(90, 0.022424756331998703)	(95, 0.03872856498406121)	(100, 0.05798989575670449)	(105, 0.07886101705067658)	(110, 0.11133760489376318)	(115, 0.16157804395476866)	(120, 0.211444113127093)	(125, 0.27838144922327607)	(130, 0.3400214513946215)	(135, 0.4056110558915525)	(140, 0.43688966009085956)
PID-2861-36_S231_R2_001 - nextera_transposase_sequence	(1, 0.0)	(2, 0.0)	(3, 0.0)	(4, 0.0)	(5, 0.0)	(6, 0.0)	(7, 0.0)	(8, 0.0)	(9, 9.35924721702784e-05)	(10, 9.35924721702784e-05)	(15, 0.00024334042764272384)	(20, 0.0005802733274557261)	(25, 0.0007674582717962829)	(30, 0.001460042565856343)	(35, 0.00467962360851392)	(40, 0.012934479653932476)	(45, 0.030979108288362152)	(50, 0.049547854766945384)	(55, 0.0814254507881422)	(60, 0.10671413676855143)	(65, 0.15150749394924667)	(70, 0.18909423077283047)	(75, 0.24959240478369846)	(80, 0.303576542731515)	(85, 0.3769530409130133)	(90, 0.4440588434591029)	(95, 0.5388305807787268)	(100, 0.6270508450464313)	(105, 0.7516972994828082)	(110, 0.8772609601464534)	(115, 1.0244444818814333)	(120, 1.1695128137453648)	(125, 1.338316196551679)	(130, 1.5223938708161824)	(135, 1.7213527481557604)	(140, 1.8217774707944692)
PID-2861-36_S231_R2_001 - polyg	(1, 0.5198125904337262)	(2, 0.5205613302110884)	(3, 0.5210292925719399)	(4, 0.5222459947101534)	(5, 0.5263640634856457)	(6, 0.5297333924837757)	(7, 0.5318860193436922)	(8, 0.5350681633974816)	(9, 0.5369400128408872)	(10, 0.542274783754593)	(15, 0.5479464875681119)	(20, 0.5501739884057646)	(25, 0.5514655645217144)	(30, 0.5522143042990766)	(35, 0.5528507331098345)	(40, 0.5531689475152134)	(45, 0.553655628370499)	(50, 0.5541235907313502)	(55, 0.5542920571812567)	(60, 0.5545915530922017)	(65, 0.5549284859920147)	(70, 0.555377729858432)	(75, 0.5556210702860747)	(80, 0.5561077511413601)	(85, 0.5565757135022116)	(90, 0.5568003354354202)	(95, 0.5573057347851398)	(100, 0.5576988231682549)	(105, 0.5582416595068425)	(110, 0.5606001898055336)	(115, 0.5667398559799038)	(120, 0.5819767104492252)	(125, 0.5999090281170505)	(130, 0.6283611396568152)	(135, 0.6561393853969537)	(140, 0.6733042447929828)
PID-2861-37_S232_R1_001 - nextera_transposase_sequence	(1, 0.0)	(2, 0.0)	(3, 0.0)	(4, 0.0)	(5, 0.0)	(6, 0.0)	(7, 0.0)	(8, 0.0)	(9, 0.0)	(10, 0.0)	(15, 0.0)	(20, 0.0)	(25, 0.0)	(30, 0.0)	(35, 0.00013476907319308364)	(40, 0.0017969209759077821)	(45, 0.007052914830438043)	(50, 0.011275679123821334)	(55, 0.019811053759383298)	(60, 0.027178429760605204)	(65, 0.04519256254408072)	(70, 0.05651316469229974)	(75, 0.07924421503753319)	(80, 0.10112172791921044)	(85, 0.13148969241205197)	(90, 0.15817396890428254)	(95, 0.19653823173991367)	(100, 0.23117388355053614)	(105, 0.28022982619281855)	(110, 0.327084540639614)	(115, 0.39671522845604057)	(120, 0.4615391526619138)	(125, 0.5371895257476315)	(130, 0.6150411270288361)	(135, 0.7167468542652164)	(140, 0.7623437240288765)
PID-2861-37_S232_R1_001 - polyg	(1, 0.0)	(2, 0.0)	(3, 0.0)	(4, 0.0)	(5, 0.0)	(6, 0.0)	(7, 0.00022461512198847274)	(8, 0.00022461512198847274)	(9, 0.0004492302439769455)	(10, 0.0008086144391585018)	(15, 0.0008984604879538908)	(20, 0.0008984604879538908)	(25, 0.0008984604879538908)	(30, 0.0014375367807262257)	(35, 0.0017969209759077817)	(40, 0.0017969209759077817)	(45, 0.002021536097896255)	(50, 0.002021536097896255)	(55, 0.002021536097896255)	(60, 0.0021563051710893387)	(65, 0.0023809202930778115)	(70, 0.0024707663418732004)	(75, 0.0024707663418732004)	(80, 0.002695381463861673)	(85, 0.002785227512657062)	(90, 0.0037286110250086477)	(95, 0.005121224781337179)	(100, 0.007142760879233434)	(105, 0.009209220001527383)	(110, 0.017609825563896266)	(115, 0.037465802347677254)	(120, 0.056333472594708965)	(125, 0.07928913806193089)	(130, 0.0997740371872796)	(135, 0.11832724626352745)	(140, 0.1271321590454756)
PID-2861-37_S232_R2_001 - nextera_transposase_sequence	(1, 0.0)	(2, 0.0)	(3, 0.0)	(4, 0.0)	(5, 0.0)	(6, 0.0)	(7, 0.0)	(8, 0.0)	(9, 0.0)	(10, 0.0)	(15, 0.0)	(20, 0.0)	(25, 0.0)	(30, 0.0)	(35, 0.00013476907319308364)	(40, 0.0017969209759077821)	(45, 0.007412299025619601)	(50, 0.012803061953342947)	(55, 0.02318028058921039)	(60, 0.032614115712726245)	(65, 0.0535482450820519)	(70, 0.06774392079172338)	(75, 0.09281096840563693)	(80, 0.11796786206834589)	(85, 0.15377151251330845)	(90, 0.18490316842091076)	(95, 0.22951173164782146)	(100, 0.26899907009339497)	(105, 0.3274888478591933)	(110, 0.38233986064877834)	(115, 0.4625274591986631)	(120, 0.5414122900410148)	(125, 0.6346275656662309)	(130, 0.7311671450968765)	(135, 0.8502580827751647)	(140, 0.9056481718575221)
PID-2861-37_S232_R2_001 - polyg	(1, 0.2670673800442941)	(2, 0.26729199516628255)	(3, 0.26729199516628255)	(4, 0.267965840532248)	(5, 0.26841507077622495)	(6, 0.2704366068741212)	(7, 0.27178429760605205)	(8, 0.27313198833798286)	(9, 0.27403044882593675)	(10, 0.27560275467985607)	(15, 0.2772649065825708)	(20, 0.27766921380215004)	(25, 0.27829813614371773)	(30, 0.278702443363297)	(35, 0.27897198150968316)	(40, 0.2790618275584785)	(45, 0.2791965966316716)	(50, 0.279286442680467)	(55, 0.2794212117536601)	(60, 0.2795559808268532)	(65, 0.2796458268756486)	(70, 0.2796458268756486)	(75, 0.2796458268756486)	(80, 0.27987044199763705)	(85, 0.2802747492172163)	(90, 0.28058921038800017)	(95, 0.28076890248559094)	(100, 0.28076890248559094)	(105, 0.2809935176075794)	(110, 0.2810384406319771)	(115, 0.28193690111993097)	(120, 0.28651904960849583)	(125, 0.29190981253621917)	(130, 0.3001307260009973)	(135, 0.30965440717330855)	(140, 0.31423655566187336)
PID-2861-38_S233_R1_001 - nextera_transposase_sequence	(1, 0.0)	(2, 0.0)	(3, 0.0)	(4, 9.166129684235998e-05)	(5, 9.166129684235998e-05)	(6, 9.166129684235998e-05)	(7, 9.166129684235998e-05)	(8, 9.166129684235998e-05)	(9, 0.00027498389052707994)	(10, 0.0004949710029487439)	(15, 0.0006782935966334638)	(20, 0.0010082742652659598)	(25, 0.0013932517120038717)	(30, 0.0021265420867427514)	(35, 0.006892929522545471)	(40, 0.01640737213478244)	(45, 0.035876231584099694)	(50, 0.0552534297365746)	(55, 0.086418270662977)	(60, 0.11835306648285522)	(65, 0.16665856991877892)	(70, 0.20746617927299757)	(75, 0.26464449624326175)	(80, 0.31775305163372514)	(85, 0.39518851520615084)	(90, 0.4599563875549624)	(95, 0.5574840073952336)	(100, 0.6503918978746495)	(105, 0.7690382805074003)	(110, 0.8772169430407535)	(115, 1.0230317340575799)	(120, 1.1620819213674398)	(125, 1.3252573620062091)	(130, 1.5019070132808052)	(135, 1.693754107571865)	(140, 1.7855620624891726)
PID-2861-38_S233_R1_001 - polyg	(1, 0.0)	(2, 0.0)	(3, 0.0)	(4, 9.166129684235998e-05)	(5, 0.00018332259368471996)	(6, 0.0003666451873694399)	(7, 0.0003666451873694399)	(8, 0.0004583064842117999)	(9, 0.0005499677810541599)	(10, 0.0007332903747388798)	(15, 0.0008249516715812397)	(20, 0.0009166129684235998)	(25, 0.000989942005897488)	(30, 0.0011549323402137359)	(35, 0.0014115839713723436)	(40, 0.0017598968993733117)	(45, 0.0021082098273742795)	(50, 0.0021082098273742795)	(55, 0.0022182033835851113)	(60, 0.0023098646804274718)	(65, 0.0025115195334806635)	(70, 0.003061487314534823)	(75, 0.0036297873549574556)	(80, 0.0052980229574884075)	(85, 0.011879304070769854)	(90, 0.024345240441330813)	(95, 0.04066095127927089)	(100, 0.061486397921855084)	(105, 0.08401674468570716)	(110, 0.12315611843739487)	(115, 0.1749997479314337)	(120, 0.2276866613564222)	(125, 0.2887147527940655)	(130, 0.3516677314653983)	(135, 0.41555565536452316)	(140, 0.44978198360546046)
PID-2861-38_S233_R2_001 - nextera_transposase_sequence	(1, 0.0)	(2, 0.0)	(3, 0.0)	(4, 9.166129684235998e-05)	(5, 9.166129684235998e-05)	(6, 9.166129684235998e-05)	(7, 9.166129684235998e-05)	(8, 9.166129684235998e-05)	(9, 0.00018332259368471996)	(10, 0.0004033097061063839)	(15, 0.0005866322997911039)	(20, 0.0009166129684235998)	(25, 0.0013199226745299838)	(30, 0.0020715453086373355)	(35, 0.007167913413072552)	(40, 0.01697567217520507)	(45, 0.03712282522115579)	(50, 0.05628003626120903)	(55, 0.08823316434045572)	(60, 0.12025962145717631)	(65, 0.16821681196509905)	(70, 0.2095560568410034)	(75, 0.2669543609236892)	(80, 0.32050289053899594)	(85, 0.3975533766646837)	(90, 0.4631462006850765)	(95, 0.5615904334937711)	(100, 0.6535450464860267)	(105, 0.7720447710438296)	(110, 0.8822399821077148)	(115, 1.0281097699026467)	(120, 1.1659866926129243)	(125, 1.3273289073148464)	(130, 1.499560484081641)	(135, 1.6895926846952218)	(140, 1.7820789332091629)
PID-2861-38_S233_R2_001 - polyg	(1, 0.4089010452137679)	(2, 0.4092676904011373)	(3, 0.41082593244745746)	(4, 0.4121091906032505)	(5, 0.4159589650706296)	(6, 0.4217336267716983)	(7, 0.42576672383276215)	(8, 0.4278749336601364)	(9, 0.4315413855338308)	(10, 0.4364910955633182)	(15, 0.44054252488375056)	(20, 0.442889054082915)	(25, 0.44386066382944406)	(30, 0.44450229290734045)	(35, 0.4451072574665001)	(40, 0.4453272445789217)	(45, 0.44549223491323797)	(50, 0.4457122220256597)	(55, 0.4459688736568183)	(60, 0.4460605349536606)	(65, 0.4464088478816616)	(70, 0.4467204962909256)	(75, 0.4470688092189266)	(80, 0.4472887963313482)	(85, 0.44758211248124374)	(90, 0.44793042540924477)	(95, 0.44849872544966746)	(100, 0.44897536419324763)	(105, 0.44965365778988114)	(110, 0.452715145104416)	(115, 0.46056135211412197)	(120, 0.4776653501049063)	(125, 0.4963825869201163)	(130, 0.5256775373909346)	(135, 0.5561640847207034)	(140, 0.5789327508563457)
PID-2861-39_S234_R1_001 - nextera_transposase_sequence	(1, 0.0)	(2, 0.0)	(3, 0.0)	(4, 9.55204719475478e-05)	(5, 9.55204719475478e-05)	(6, 9.55204719475478e-05)	(7, 9.55204719475478e-05)	(8, 9.55204719475478e-05)	(9, 0.00028656141584264337)	(10, 0.0003820818877901912)	(15, 0.0008787883419174396)	(20, 0.001127141568981064)	(25, 0.0015092234567712554)	(30, 0.0023689077042991853)	(35, 0.006495392092433249)	(40, 0.016123855664746067)	(45, 0.03687090217175345)	(50, 0.05855404930384681)	(55, 0.09200531857987804)	(60, 0.12045131512585776)	(65, 0.16781036511745198)	(70, 0.2092471458482982)	(75, 0.2686608793996729)	(80, 0.3204902874784124)	(85, 0.3992373645519708)	(90, 0.469464015527808)	(95, 0.5669522091974752)	(100, 0.6526149684400361)	(105, 0.7653673335269215)	(110, 0.8750630435114853)	(115, 1.0137205605905457)	(120, 1.1514610811389097)	(125, 1.316023750210145)	(130, 1.482783390136174)	(135, 1.6758493680365576)	(140, 1.7692301814124802)
PID-2861-39_S234_R1_001 - polyg	(1, 0.0)	(2, 0.0)	(3, 9.55204719475478e-05)	(4, 9.55204719475478e-05)	(5, 0.000477602359737739)	(6, 0.000477602359737739)	(7, 0.000477602359737739)	(8, 0.000477602359737739)	(9, 0.000477602359737739)	(10, 0.0006304351148538154)	(15, 0.0008596842475279302)	(20, 0.0009934129082544972)	(25, 0.001088933380202045)	(30, 0.00129907841848665)	(35, 0.001910409438950956)	(40, 0.0022924913267411474)	(45, 0.002846510064036924)	(50, 0.0032285919518271157)	(55, 0.0035915697452277976)	(60, 0.0041073802937445555)	(65, 0.004623190842261314)	(70, 0.0048333358805459185)	(75, 0.005521083278568263)	(80, 0.007297764056792652)	(85, 0.012761535052192385)	(90, 0.02601977655851202)	(95, 0.04372927205758738)	(100, 0.06478198407482691)	(105, 0.08463113814552735)	(110, 0.11926686127370818)	(115, 0.1750508168910761)	(120, 0.23012792101603213)	(125, 0.2912419189680732)	(130, 0.3505410279531109)	(135, 0.4220667573474347)	(140, 0.4571609787409638)
PID-2861-39_S234_R2_001 - nextera_transposase_sequence	(1, 0.0)	(2, 0.0)	(3, 0.0)	(4, 0.00028656141584264337)	(5, 0.00028656141584264337)	(6, 0.00028656141584264337)	(7, 0.00028656141584264337)	(8, 0.00028656141584264337)	(9, 0.000477602359737739)	(10, 0.0004967064541272486)	(15, 0.0008214760587489111)	(20, 0.001127141568981064)	(25, 0.001566535739939784)	(30, 0.0024835322706362427)	(35, 0.006915682169002462)	(40, 0.016716082590820865)	(45, 0.03782610689122893)	(50, 0.05908896394675307)	(55, 0.09225367180694166)	(60, 0.12014564961562561)	(65, 0.16714172181381912)	(70, 0.20871223120539195)	(75, 0.2677438828689765)	(80, 0.3192485213430943)	(85, 0.3977281410951995)	(90, 0.46694227506839264)	(95, 0.5631887026027419)	(100, 0.6480490898809433)	(105, 0.760591309929544)	(110, 0.8687013800797787)	(115, 1.0037673274136112)	(120, 1.138508505142822)	(125, 1.2982569424279014)	(130, 1.461291283947976)	(135, 1.6546629273585913)	(140, 1.7469739114487017)
PID-2861-39_S234_R2_001 - polyg	(1, 0.6077012425302991)	(2, 0.6081788448900368)	(3, 0.6095161314973025)	(4, 0.6114265409362535)	(5, 0.6158204826458407)	(6, 0.620596506243218)	(7, 0.6233665999296969)	(8, 0.6267098164478611)	(9, 0.6303395943818679)	(10, 0.6385734590637465)	(15, 0.6453172043832434)	(20, 0.6469983646895202)	(25, 0.6484120676743441)	(30, 0.6491762314499244)	(35, 0.6496729379040517)	(40, 0.6498257706591677)	(45, 0.6500550197918418)	(50, 0.6504562057740214)	(55, 0.6508000794730326)	(60, 0.6512012654552124)	(65, 0.6515451391542235)	(70, 0.6519463251364032)	(75, 0.6521182619859088)	(80, 0.6524812397793096)	(85, 0.6526531766288152)	(90, 0.6532071953661109)	(95, 0.6541815041799758)	(100, 0.654563586067766)	(105, 0.6554232703152939)	(110, 0.6582315721905518)	(115, 0.6654147116810074)	(120, 0.6833725604071464)	(125, 0.7032790267610153)	(130, 0.7347052620317587)	(135, 0.7640682551084349)	(140, 0.783458910913787)
PID-2861-3_S198_R1_001 - nextera_transposase_sequence	(1, 0.0)	(2, 0.0)	(3, 0.0)	(4, 0.00034035176489407686)	(5, 0.00034035176489407686)	(6, 0.00034035176489407686)	(7, 0.00034035176489407686)	(8, 0.00034035176489407686)	(9, 0.00045380235319210247)	(10, 0.0004538023531921025)	(15, 0.0004764924708517076)	(20, 0.0006807035297881537)	(25, 0.0009983651770226255)	(30, 0.0026093635308545894)	(35, 0.008418033651713501)	(40, 0.02010344424641014)	(45, 0.04274818167069605)	(50, 0.067344269213708)	(55, 0.10439723135184317)	(60, 0.14033837772465768)	(65, 0.1899162848108949)	(70, 0.2374067010724484)	(75, 0.3059535465221155)	(80, 0.3661958089083671)	(85, 0.4587261087242368)	(90, 0.5424753330058394)	(95, 0.6517963198898167)	(100, 0.7522000905335695)	(105, 0.882259844958426)	(110, 1.0024267080836948)	(115, 1.1511604293424065)	(120, 1.3080172127232566)	(125, 1.4871783817634987)	(130, 1.672874304689707)	(135, 1.8852311158659514)	(140, 1.9879946587463029)
PID-2861-3_S198_R1_001 - polyg	(1, 0.0)	(2, 0.0)	(3, 0.0)	(4, 0.00022690117659605123)	(5, 0.00034035176489407686)	(6, 0.00034035176489407686)	(7, 0.00034035176489407686)	(8, 0.00034035176489407686)	(9, 0.00034035176489407686)	(10, 0.0006580134121285487)	(15, 0.0006807035297881537)	(20, 0.0006807035297881537)	(25, 0.0007033936474477589)	(30, 0.0009302948240438102)	(35, 0.001452167530214728)	(40, 0.0017017588244703844)	(45, 0.0019740402363856457)	(50, 0.0025186030602161688)	(55, 0.0028362647074506404)	(60, 0.003290067060642743)	(65, 0.0038119397668136606)	(70, 0.004787614826176681)	(75, 0.005695219532560886)	(80, 0.0075784992983081115)	(85, 0.010414764005758751)	(90, 0.017380630127257525)	(95, 0.02736428189748378)	(100, 0.04081952166962962)	(105, 0.055023535324542426)	(110, 0.08742502334245854)	(115, 0.15163805631914107)	(120, 0.2248590660066868)	(125, 0.29996335545997976)	(130, 0.3715052964407147)	(135, 0.43406195082824606)	(140, 0.45981523437189786)
PID-2861-3_S198_R2_001 - nextera_transposase_sequence	(1, 0.0)	(2, 0.0)	(3, 0.0)	(4, 0.00034035176489407686)	(5, 0.00034035176489407686)	(6, 0.00034035176489407686)	(7, 0.00034035176489407686)	(8, 0.00034035176489407686)	(9, 0.00045380235319210247)	(10, 0.0004538023531921025)	(15, 0.0004764924708517076)	(20, 0.0006807035297881537)	(25, 0.00093029482404381)	(30, 0.0025186030602161688)	(35, 0.00903066682852284)	(40, 0.02173713271790171)	(45, 0.04583403767240235)	(50, 0.07145118051009654)	(55, 0.1097974793548292)	(60, 0.14780342643466776)	(65, 0.20096637211112262)	(70, 0.25063503966799816)	(75, 0.323220726061075)	(80, 0.38682112586094813)	(85, 0.48300453462001425)	(90, 0.5712010219628995)	(95, 0.6868979319092259)	(100, 0.7959012571459689)	(105, 0.9363530854589246)	(110, 1.06532371423612)	(115, 1.2244268192652714)	(120, 1.3899512275920904)	(125, 1.5800036531089432)	(130, 1.7776345779241036)	(135, 2.009572960640587)	(140, 2.120391495290099)
PID-2861-3_S198_R2_001 - polyg	(1, 0.3404652154823749)	(2, 0.3406921166589709)	(3, 0.34103246842386503)	(4, 0.34171317195365314)	(5, 0.34477633783769984)	(6, 0.3467049978387663)	(7, 0.34783950372174655)	(8, 0.3494278119579189)	(9, 0.3503354166643031)	(10, 0.3533078220777114)	(15, 0.3558264251379275)	(20, 0.3565751990206945)	(25, 0.3568247903149502)	(30, 0.35730128278580187)	(35, 0.35748280372707875)	(40, 0.3576189444330364)	(45, 0.3578231554919728)	(50, 0.35789122584495164)	(55, 0.35807274678622847)	(60, 0.3582542677275053)	(65, 0.35868537996303773)	(70, 0.35902573172793184)	(75, 0.3593887736104856)	(80, 0.35979719572835844)	(85, 0.3599560265519757)	(90, 0.35997871666963527)	(95, 0.36018292772857174)	(100, 0.360341758552189)	(105, 0.3613855039645308)	(110, 0.3657193164375154)	(115, 0.37556682750178394)	(120, 0.3969409183371321)	(125, 0.4210832035269519)	(130, 0.454346916015933)	(135, 0.4927839753313041)	(140, 0.5174481332272949)
PID-2861-40_S235_R1_001 - nextera_transposase_sequence	(1, 0.0)	(2, 0.0)	(3, 0.0)	(4, 0.00010452586544803444)	(5, 0.00010452586544803444)	(6, 0.00010452586544803444)	(7, 0.00010452586544803444)	(8, 0.0003135775963441033)	(9, 0.0006271551926882067)	(10, 0.0007107758850466341)	(15, 0.0008362069235842755)	(20, 0.00094073278903231)	(25, 0.001107974173749165)	(30, 0.0023413793860359716)	(35, 0.0063133622730612805)	(40, 0.013149353873362732)	(45, 0.031315949288231115)	(50, 0.04791465672137899)	(55, 0.0774118559508143)	(60, 0.10287435677395551)	(65, 0.14248965977876055)	(70, 0.17727586779986643)	(75, 0.22976875742786929)	(80, 0.2758228537442733)	(85, 0.34677501121039905)	(90, 0.4079226424974992)	(95, 0.49938277476452936)	(100, 0.5829407516036881)	(105, 0.6939054103633214)	(110, 0.8013370948708113)	(115, 0.9400011079741738)	(120, 1.074567707151973)	(125, 1.229015125937989)	(130, 1.3922845277678186)	(135, 1.5731351801660078)	(140, 1.6584073811985145)
PID-2861-40_S235_R1_001 - polyg	(1, 0.0)	(2, 0.0)	(3, 0.0)	(4, 0.00010452586544803444)	(5, 0.0003135775963441033)	(6, 0.0003135775963441033)	(7, 0.0003135775963441033)	(8, 0.0003135775963441033)	(9, 0.0003135775963441033)	(10, 0.0003135775963441033)	(15, 0.00041810346179213775)	(20, 0.0006062500195985997)	(25, 0.000752586231225848)	(30, 0.0010243534813907374)	(35, 0.001505172462451696)	(40, 0.002111422482050296)	(45, 0.002613146636200861)	(50, 0.0028431035401865366)	(55, 0.0032193966557994614)	(60, 0.003386638040516316)	(65, 0.0035747845983227777)	(70, 0.004034698406294129)	(75, 0.004661853598982336)	(80, 0.0063969829654197076)	(85, 0.009595474448129563)	(90, 0.015992457413549273)	(95, 0.025734268073306078)	(100, 0.03811013054235336)	(105, 0.05019332058814614)	(110, 0.07590668348836263)	(115, 0.12752155584660202)	(120, 0.181394186898519)	(125, 0.240953025030809)	(130, 0.29150173356147846)	(135, 0.3359670367230723)	(140, 0.3577920374286219)
PID-2861-40_S235_R2_001 - nextera_transposase_sequence	(1, 0.0)	(2, 0.0)	(3, 0.0)	(4, 0.00010452586544803444)	(5, 0.00010452586544803444)	(6, 0.00010452586544803444)	(7, 0.00010452586544803444)	(8, 0.0003135775963441033)	(9, 0.0006271551926882067)	(10, 0.0007107758850466341)	(15, 0.0008362069235842755)	(20, 0.0010452586544803446)	(25, 0.0012125000391971996)	(30, 0.002425000078394399)	(35, 0.006480603657778136)	(40, 0.013400215950438017)	(45, 0.031232328595872695)	(50, 0.04822823431772309)	(55, 0.0780181059704129)	(60, 0.10306250333176196)	(65, 0.1430122891060007)	(70, 0.17853017818524283)	(75, 0.2309185419477977)	(80, 0.2769308279180224)	(85, 0.3476948388263418)	(90, 0.4085916080363667)	(95, 0.5004280334190097)	(100, 0.5848222171817526)	(105, 0.6958704966337446)	(110, 0.8032394656219655)	(115, 0.9407745993784893)	(120, 1.072999819170253)	(125, 1.2233289188576157)	(130, 1.3841315102628722)	(135, 1.5633306539869822)	(140, 1.6486864757118473)
PID-2861-40_S235_R2_001 - polyg	(1, 0.6044730798859832)	(2, 0.6054138126750155)	(3, 0.6066681230603919)	(4, 0.6082360110421124)	(5, 0.6117898904673456)	(6, 0.616075450950715)	(7, 0.6197338562413962)	(8, 0.6232877356666294)	(9, 0.6263189857646224)	(10, 0.6316707100755617)	(15, 0.6358308395203934)	(20, 0.6376913999253686)	(25, 0.6386948482336696)	(30, 0.6390711413492826)	(35, 0.6394056241187163)	(40, 0.6397401068881501)	(45, 0.6400536844844942)	(50, 0.6403672620808383)	(55, 0.6406390293310031)	(60, 0.640910796581168)	(65, 0.6413707103891394)	(70, 0.6418724345432899)	(75, 0.6422278224858132)	(80, 0.642499589735978)	(85, 0.6430013138901287)	(90, 0.6433148914864729)	(95, 0.6434612276981)	(100, 0.6438584259868024)	(105, 0.644631917391118)	(110, 0.6476840726622006)	(115, 0.6533075642233049)	(120, 0.6678993750398504)	(125, 0.6846653238577153)	(130, 0.7114866609316808)	(135, 0.7382034721401984)	(140, 0.7549903261311528)
PID-2861-4_S199_R1_001 - nextera_transposase_sequence	(1, 0.0)	(2, 0.0)	(3, 0.0)	(4, 0.0)	(5, 0.0)	(6, 0.0)	(7, 0.0)	(8, 0.0)	(9, 0.00010961943421025226)	(10, 0.00010961943421025225)	(15, 0.00010961943421025225)	(20, 0.00010961943421025225)	(25, 0.0005480971710512614)	(30, 0.0020389214763106922)	(35, 0.007761055942085861)	(40, 0.017341794492061906)	(45, 0.04281735100252453)	(50, 0.06732825649193694)	(55, 0.10183645438132435)	(60, 0.13160909271282886)	(65, 0.18063090369165372)	(70, 0.22197935427576082)	(75, 0.28277429248876673)	(80, 0.33786902012283954)	(85, 0.41519456901475155)	(90, 0.48482483362510376)	(95, 0.5872970807248475)	(100, 0.6885854379351206)	(105, 0.8244258408084653)	(110, 0.9428367536423797)	(115, 1.0906037509578)	(120, 1.2341613619995462)	(125, 1.4045099627622784)	(130, 1.586017821927614)	(135, 1.788528764687634)	(140, 1.9000336531663025)
PID-2861-4_S199_R1_001 - polyg	(1, 0.0)	(2, 0.0)	(3, 0.0)	(4, 0.0)	(5, 0.00010961943421025226)	(6, 0.00010961943421025226)	(7, 0.00010961943421025226)	(8, 0.00021923886842050452)	(9, 0.00021923886842050452)	(10, 0.00026308664210460543)	(15, 0.000438477736841009)	(20, 0.0005261732842092109)	(25, 0.0005700210578933119)	(30, 0.0007015643789456145)	(35, 0.0008331076999979172)	(40, 0.0010304226815763713)	(45, 0.001600443739469683)	(50, 0.0018635303815742886)	(55, 0.0023239320052573483)	(60, 0.002696638081572206)	(65, 0.0030254963842029623)	(70, 0.00337627857367577)	(75, 0.0041874623868316365)	(80, 0.005283656728934159)	(85, 0.00874763084997813)	(90, 0.01832836939995418)	(95, 0.03214041811044597)	(100, 0.04698288950251412)	(105, 0.05956720054985108)	(110, 0.09256265024713702)	(115, 0.15342336012066907)	(120, 0.21838383683366458)	(125, 0.290688815638747)	(130, 0.34308690519124757)	(135, 0.3931391388516487)	(140, 0.41578651395948685)
PID-2861-4_S199_R2_001 - nextera_transposase_sequence	(1, 0.0)	(2, 0.0)	(3, 0.0)	(4, 0.0)	(5, 0.0)	(6, 0.0)	(7, 0.0)	(8, 0.0)	(9, 0.00010961943421025226)	(10, 0.00015346720789435317)	(15, 0.0002192388684205045)	(20, 0.0002192388684205045)	(25, 0.0006577166052615136)	(30, 0.0021923886842050455)	(35, 0.007980294810506366)	(40, 0.01784604388942907)	(45, 0.04402316477883731)	(50, 0.06859984192877586)	(55, 0.10385345197079299)	(60, 0.13386725305756006)	(65, 0.1830206073574372)	(70, 0.22432521016786025)	(75, 0.28577786498612767)	(80, 0.34142068979125173)	(85, 0.4196231941568457)	(90, 0.4891876871066717)	(95, 0.5918353253011521)	(100, 0.6920494120561645)	(105, 0.8298410408584518)	(110, 0.9498085496581516)	(115, 1.0980359485972548)	(120, 1.2393134754074278)	(125, 1.408280871299111)	(130, 1.5871797879302427)	(135, 1.7892522529534216)	(140, 1.9005817503373539)
PID-2861-4_S199_R2_001 - polyg	(1, 0.5109361828539858)	(2, 0.5113746605908268)	(3, 0.5120323771960883)	(4, 0.5126900938013499)	(5, 0.515759437959237)	(6, 0.5192672598539649)	(7, 0.5212404096697495)	(8, 0.5246386121302673)	(9, 0.5263925230776314)	(10, 0.5317857992407757)	(15, 0.5368282932144475)	(20, 0.5385822041618115)	(25, 0.5396564746170719)	(30, 0.540116876240755)	(35, 0.5407088211854904)	(40, 0.5409499839407529)	(45, 0.5413665377907518)	(50, 0.5416515483196985)	(55, 0.5422434932644338)	(60, 0.5424846560196965)	(65, 0.5425942754539066)	(70, 0.542725818774959)	(75, 0.5432300681723261)	(80, 0.5433835353802206)	(85, 0.5439097086644297)	(90, 0.5443701102881128)	(95, 0.5445674252696912)	(100, 0.5448743596854799)	(105, 0.5461897928960029)	(110, 0.5504211030565187)	(115, 0.5586206367354455)	(120, 0.5796894919906561)	(125, 0.6045511796695413)	(130, 0.6385551281615616)	(135, 0.6690512547588536)	(140, 0.6899447189193277)
PID-2861-5_S200_R1_001 - nextera_transposase_sequence	(1, 0.0)	(2, 0.0)	(3, 0.0)	(4, 0.00011669128852854619)	(5, 0.00011669128852854619)	(6, 0.00011669128852854619)	(7, 0.00011669128852854619)	(8, 0.00011669128852854619)	(9, 0.00011669128852854619)	(10, 0.00021004431935138312)	(15, 0.00023338257705709237)	(20, 0.00025672083476280163)	(25, 0.0005601181849370217)	(30, 0.0020537666781024126)	(35, 0.006814771250067098)	(40, 0.01710694289828487)	(45, 0.03554416648579517)	(50, 0.05643190713240494)	(55, 0.08908212966269216)	(60, 0.11764815709448026)	(65, 0.1581400342138858)	(70, 0.19027681507464742)	(75, 0.23788686079429427)	(80, 0.28045584284950786)	(85, 0.344822757601854)	(90, 0.4009279291263789)	(95, 0.48954329363495697)	(100, 0.578322025947475)	(105, 0.6928195182516844)	(110, 0.8000354741517126)	(115, 0.9268555665245367)	(120, 1.0562662055026943)	(125, 1.2027137726060197)	(130, 1.3608071303044942)	(135, 1.5426354960896749)	(140, 1.6318109787831898)
PID-2861-5_S200_R1_001 - polyg	(1, 0.0)	(2, 0.0)	(3, 0.0)	(4, 0.0)	(5, 0.00011669128852854619)	(6, 0.00011669128852854619)	(7, 0.00011669128852854619)	(8, 0.00023338257705709237)	(9, 0.00023338257705709237)	(10, 0.0005134416695256033)	(15, 0.0007935007619941141)	(20, 0.0008168390196998233)	(25, 0.0008401772774055325)	(30, 0.0010268833390512065)	(35, 0.001260265916108299)	(40, 0.0017503693279281927)	(45, 0.0022171344820423777)	(50, 0.002403840543688051)	(55, 0.0025672083476280163)	(60, 0.0027072378938622715)	(65, 0.0028005909246851084)	(70, 0.002823929182390818)	(75, 0.0032673560787992934)	(80, 0.00553116707625309)	(85, 0.01038552467904061)	(90, 0.0227314630053608)	(95, 0.038018021802600346)	(100, 0.05584845068976221)	(105, 0.0737488943500412)	(110, 0.10495214490257446)	(115, 0.15228213152975276)	(120, 0.20070901626909943)	(125, 0.2540836116420565)	(130, 0.29798287438649557)	(135, 0.3463164060950194)	(140, 0.3734121232913478)
PID-2861-5_S200_R2_001 - nextera_transposase_sequence	(1, 0.0)	(2, 0.0)	(3, 0.0)	(4, 0.00011669128852854619)	(5, 0.00011669128852854619)	(6, 0.00011669128852854619)	(7, 0.00011669128852854619)	(8, 0.00011669128852854619)	(9, 0.00011669128852854619)	(10, 0.00021004431935138312)	(15, 0.00023338257705709237)	(20, 0.00023338257705709237)	(25, 0.00044342689640847557)	(30, 0.0020771049358081226)	(35, 0.007328212919592701)	(40, 0.017970458433396112)	(45, 0.03673441762878634)	(50, 0.05722540789439905)	(55, 0.08987563042468627)	(60, 0.11890842301058857)	(65, 0.15902688800670275)	(70, 0.19109365409434725)	(75, 0.239193803225814)	(80, 0.28206618263120187)	(85, 0.3463630826104308)	(90, 0.402538268908073)	(95, 0.4916203985707651)	(100, 0.5815893820262742)	(105, 0.6969037133501835)	(110, 0.8046331109197375)	(115, 0.9296328191915162)	(120, 1.0577598539958597)	(125, 1.2016635510092628)	(130, 1.357236376875521)	(135, 1.5379445062908275)	(140, 1.6276100923961623)
PID-2861-5_S200_R2_001 - polyg	(1, 0.5451817000053678)	(2, 0.5457651564480105)	(3, 0.5475155257759388)	(4, 0.5496159689694525)	(5, 0.5545170030876515)	(6, 0.5593013459173218)	(7, 0.5635022323043496)	(8, 0.5661861319405062)	(9, 0.5696868705963625)	(10, 0.5759648619191984)	(15, 0.5814726907377457)	(20, 0.5844599877240765)	(25, 0.585300165001482)	(30, 0.5860003127326532)	(35, 0.586817151752353)	(40, 0.5874239464527016)	(45, 0.5878907116068157)	(50, 0.5883808150186355)	(55, 0.5887308888842212)	(60, 0.5890342862343954)	(65, 0.5891509775229241)	(70, 0.5896177426770383)	(75, 0.5898277869963895)	(80, 0.5903879051813267)	(85, 0.5906913025315008)	(90, 0.5909480233662636)	(95, 0.5912747589741434)	(100, 0.591648171097435)	(105, 0.5926517161787803)	(110, 0.5964091756693997)	(115, 0.604390859804752)	(120, 0.6216144939915655)	(125, 0.6407518653102471)	(130, 0.6714883507086661)	(135, 0.7002877607175114)	(140, 0.719751867644073)
PID-2861-6_S201_R1_001 - nextera_transposase_sequence	(1, 0.0)	(2, 0.0)	(3, 0.0)	(4, 0.0)	(5, 0.0)	(6, 0.0)	(7, 0.0)	(8, 0.0)	(9, 0.0003300442589351232)	(10, 0.00044005901191349766)	(15, 0.00044005901191349766)	(20, 0.000726097369657271)	(25, 0.00090212097442267)	(30, 0.0014081888381231925)	(35, 0.004136554711986878)	(40, 0.013267779209191954)	(45, 0.030540095426796737)	(50, 0.04803244115035826)	(55, 0.07679029757890533)	(60, 0.10539413335328267)	(65, 0.1496200640505892)	(70, 0.1860789531876225)	(75, 0.23769787528507572)	(80, 0.2875785642854707)	(85, 0.35765796193269517)	(90, 0.4213345009565783)	(95, 0.5085762000684292)	(100, 0.5914173090611451)	(105, 0.7035003393955129)	(110, 0.815363340223924)	(115, 0.9490972739444359)	(120, 1.0881559217091012)	(125, 1.2476993164783399)	(130, 1.4185522278537552)	(135, 1.6056653197193742)	(140, 1.697527638456317)
PID-2861-6_S201_R1_001 - polyg	(1, 0.0)	(2, 0.0)	(3, 0.0001100147529783744)	(4, 0.0002200295059567488)	(5, 0.0002200295059567488)	(6, 0.0002200295059567488)	(7, 0.0002200295059567488)	(8, 0.0002200295059567488)	(9, 0.0002200295059567488)	(10, 0.00041805606131782276)	(15, 0.0006380855672745715)	(20, 0.000726097369657271)	(25, 0.0008581150732313204)	(30, 0.0009681298262096948)	(35, 0.001276171134549143)	(40, 0.0015402065416972417)	(45, 0.0016502212946756163)	(50, 0.001672224245271291)	(55, 0.0020242714548020886)	(60, 0.002112283257184788)	(65, 0.002398321614928562)	(70, 0.002948395379820434)	(75, 0.003322445539946907)	(80, 0.004576613723900376)	(85, 0.007459000251933785)	(90, 0.017910401784879355)	(95, 0.03021005116786161)	(100, 0.04374186578420166)	(105, 0.05896790759640867)	(110, 0.09030010924464972)	(115, 0.14064286020755384)	(120, 0.19562823374614538)	(125, 0.25604833608186855)	(130, 0.31015359159663314)	(135, 0.36421484121020625)	(140, 0.3931927271447101)
PID-2861-6_S201_R2_001 - nextera_transposase_sequence	(1, 0.0)	(2, 0.0)	(3, 0.0)	(4, 0.0)	(5, 0.0)	(6, 0.0)	(7, 0.0)	(8, 0.0)	(9, 0.0003300442589351232)	(10, 0.00044005901191349766)	(15, 0.00044005901191349766)	(20, 0.000726097369657271)	(25, 0.0009901327768053695)	(30, 0.001474197689910217)	(35, 0.004114551761391203)	(40, 0.013773847072892476)	(45, 0.031002157389305906)	(50, 0.04840649131048473)	(55, 0.07764841265213665)	(60, 0.10658229268544912)	(65, 0.1504781791238205)	(70, 0.1875091449763413)	(75, 0.24066827361549184)	(80, 0.2913190658867354)	(85, 0.3610024104232378)	(90, 0.4242828963363987)	(95, 0.5109745216833577)	(100, 0.5941456749350087)	(105, 0.708164964921796)	(110, 0.8212821339341605)	(115, 0.9526617519409353)	(120, 1.0904662315216471)	(125, 1.2473912751700003)	(130, 1.4157138472269133)	(135, 1.6029809597467017)	(140, 1.6942271958669657)
PID-2861-6_S201_R2_001 - polyg	(1, 0.48450497211676086)	(2, 0.48549510489356623)	(3, 0.48659525242334994)	(4, 0.4876953999531337)	(5, 0.49044576877759305)	(6, 0.4934161671080092)	(7, 0.4975967277211874)	(8, 0.501007185063517)	(9, 0.5032074801230845)	(10, 0.509940383005361)	(15, 0.5155951413084494)	(20, 0.5171793537513382)	(25, 0.5179494570221868)	(30, 0.5183015042317176)	(35, 0.5186755543918439)	(40, 0.5195776753662666)	(45, 0.5199077196252018)	(50, 0.5202377638841369)	(55, 0.5205898110936676)	(60, 0.5208318435502199)	(65, 0.5211838907597508)	(70, 0.5217119615740471)	(75, 0.5219319910800039)	(80, 0.5221300176353648)	(85, 0.5225480736966827)	(90, 0.5228781179556178)	(95, 0.5231861592639573)	(100, 0.523538206473488)	(105, 0.524022271386593)	(110, 0.5260025369402036)	(115, 0.5316132893421007)	(120, 0.5487535878561314)	(125, 0.5653218096546747)	(130, 0.5913733031599537)	(135, 0.619977138934331)	(140, 0.6383055967805282)
PID-2861-7_S202_R1_001 - nextera_transposase_sequence	(1, 0.0)	(2, 0.0)	(3, 0.0)	(4, 0.00010326951277443873)	(5, 0.00010326951277443873)	(6, 0.00010326951277443873)	(7, 0.00010326951277443873)	(8, 0.00010326951277443873)	(9, 0.0004130780510977549)	(10, 0.0004130780510977549)	(15, 0.0004130780510977549)	(20, 0.0005163475638721936)	(25, 0.0005989631740917447)	(30, 0.0020860441580436624)	(35, 0.00797240638618667)	(40, 0.018898320837722287)	(45, 0.04174153706342813)	(50, 0.0662577193960799)	(55, 0.10229877935435902)	(60, 0.13208170683850712)	(65, 0.1824152673647686)	(70, 0.222814300762129)	(75, 0.290703678460045)	(80, 0.34452774851808254)	(85, 0.42429312018505894)	(90, 0.4917694198318772)	(95, 0.5888634157424045)	(100, 0.6795753557634715)	(105, 0.7968895222752339)	(110, 0.9138525724435633)	(115, 1.0611148976599127)	(120, 1.2092859945886776)	(125, 1.3829233533676188)	(130, 1.5667430861061198)	(135, 1.7715471838403865)	(140, 1.8705206848834086)
PID-2861-7_S202_R1_001 - polyg	(1, 0.0)	(2, 0.0)	(3, 0.00020653902554887746)	(4, 0.00020653902554887746)	(5, 0.00030980853832331617)	(6, 0.00030980853832331617)	(7, 0.00030980853832331617)	(8, 0.00030980853832331617)	(9, 0.00030980853832331617)	(10, 0.00039242414854286713)	(15, 0.0004956936613173059)	(20, 0.0005989631740917447)	(25, 0.0007228865894210711)	(30, 0.0008261561021955098)	(35, 0.0011153107379639382)	(40, 0.0017349278146105707)	(45, 0.002313237086147428)	(50, 0.0028502385525745093)	(55, 0.0035524712394406923)	(60, 0.003820971972654233)	(65, 0.00394489538798356)	(70, 0.004791705392733958)	(75, 0.005431976371935477)	(80, 0.007579982237643802)	(85, 0.013817460809219903)	(90, 0.027800152838878905)	(95, 0.04698762831236962)	(100, 0.06972757502530103)	(105, 0.09075324782617675)	(110, 0.12989239316768905)	(115, 0.18731024227027698)	(120, 0.24561620918272506)	(125, 0.3180287915401615)	(130, 0.38048619286614205)	(135, 0.4452774851808249)	(140, 0.47824111365842575)
PID-2861-7_S202_R2_001 - nextera_transposase_sequence	(1, 0.0)	(2, 0.0)	(3, 0.0)	(4, 0.0)	(5, 0.0)	(6, 0.0)	(7, 0.0)	(8, 0.0)	(9, 0.00030980853832331617)	(10, 0.00030980853832331617)	(15, 0.00030980853832331617)	(20, 0.0004130780510977549)	(25, 0.0004956936613173059)	(30, 0.0018795051324947847)	(35, 0.007435404919759589)	(40, 0.018443934981514757)	(45, 0.04172088316087325)	(50, 0.06617510378586033)	(55, 0.10231943325691391)	(60, 0.13253609269471467)	(65, 0.1840882334717145)	(70, 0.22444595906396514)	(75, 0.2921081438337774)	(80, 0.34628333023524793)	(85, 0.4268542041018651)	(90, 0.49418592643079906)	(95, 0.5909288059978933)	(100, 0.6821570935828325)	(105, 0.8000908771712416)	(110, 0.9189953941797302)	(115, 1.0639857901150422)	(120, 1.2107111138649647)	(125, 1.382159158973088)	(130, 1.5634797695024474)	(135, 1.7672098643038603)	(140, 1.8654604787574611)
PID-2861-7_S202_R2_001 - polyg	(1, 0.5135592870272838)	(2, 0.5141789041039304)	(3, 0.5154181382572237)	(4, 0.5171737199743892)	(5, 0.5202718053576223)	(6, 0.5242993163558254)	(7, 0.5282235578412541)	(8, 0.5317347212755851)	(9, 0.5344197286077205)	(10, 0.5406365532767416)	(15, 0.5456347976950244)	(20, 0.5478034574632876)	(25, 0.5493111923497945)	(30, 0.5503645413800938)	(35, 0.5509015428465209)	(40, 0.5516863911436066)	(45, 0.5520375074870396)	(50, 0.5527603940764607)	(55, 0.5533387033479975)	(60, 0.5535245884709916)	(65, 0.5536898196914307)	(70, 0.5540615899374186)	(75, 0.5542681289629676)	(80, 0.5547018609166202)	(85, 0.5554040936034864)	(90, 0.5556932482392548)	(95, 0.5559617489724684)	(100, 0.5561476340954623)	(105, 0.556767251172109)	(110, 0.5609186855856414)	(115, 0.5696759402689138)	(120, 0.5895863023318256)	(125, 0.6130904434392879)	(130, 0.6471487287522978)	(135, 0.6781295825846294)	(140, 0.6991346014829503)
PID-2861-8_S203_R1_001 - nextera_transposase_sequence	(1, 0.0)	(2, 0.0)	(3, 0.0)	(4, 0.0)	(5, 0.0)	(6, 0.0)	(7, 0.0)	(8, 0.0)	(9, 0.00020422542402303662)	(10, 0.00020422542402303662)	(15, 0.00020422542402303662)	(20, 0.00028591559363225124)	(25, 0.0005718311872645026)	(30, 0.001878873901011937)	(35, 0.0057387344150473295)	(40, 0.014540850190440208)	(45, 0.032635222758881255)	(50, 0.053261990585207954)	(55, 0.09137045470790658)	(60, 0.12216764865058052)	(65, 0.16832259447978679)	(70, 0.20873880589394575)	(75, 0.27127263072979957)	(80, 0.3276184252177553)	(85, 0.40416211414158953)	(90, 0.47206706762924916)	(95, 0.5673790730208005)	(100, 0.6582389641686492)	(105, 0.7775066117981028)	(110, 0.8921791873870377)	(115, 1.0329313496237147)	(120, 1.171825060501782)	(125, 1.3391265278614535)	(130, 1.5161899704894262)	(135, 1.7111639828042193)	(140, 1.8045358466675516)
PID-2861-8_S203_R1_001 - polyg	(1, 0.0)	(2, 0.0)	(3, 0.00010211271201151831)	(4, 0.00010211271201151831)	(5, 0.0005105635600575916)	(6, 0.0006126762720691099)	(7, 0.0008169016960921465)	(8, 0.0008169016960921465)	(9, 0.0008169016960921465)	(10, 0.0008985918657013611)	(15, 0.0011028172897243975)	(20, 0.0012866201713451308)	(25, 0.001327465256149738)	(30, 0.0013683103409543452)	(35, 0.001531690680172775)	(40, 0.0017154935617935078)	(45, 0.0019401415282188478)	(50, 0.0021852120370464924)	(55, 0.0024915501730810473)	(60, 0.00312464898755246)	(65, 0.003635212547610052)	(70, 0.003819015429230785)	(75, 0.00412535356526534)	(80, 0.005207748312587434)	(85, 0.00763803085846157)	(90, 0.013254230019095078)	(95, 0.020749303080740522)	(100, 0.03134860258753612)	(105, 0.042090859891147844)	(110, 0.06692467145234911)	(115, 0.1216775076329252)	(120, 0.18586555840336563)	(125, 0.2601627676629464)	(130, 0.3120360253647977)	(135, 0.35806843593959015)	(140, 0.37894027427474447)
PID-2861-8_S203_R2_001 - nextera_transposase_sequence	(1, 0.0)	(2, 0.0)	(3, 0.0)	(4, 0.0)	(5, 0.0)	(6, 0.0)	(7, 0.0)	(8, 0.0)	(9, 0.00020422542402303662)	(10, 0.00020422542402303662)	(15, 0.00020422542402303662)	(20, 0.00028591559363225124)	(25, 0.0005514086448621989)	(30, 0.0019809866130234555)	(35, 0.006147185263093402)	(40, 0.015010568665693192)	(45, 0.03310494123413423)	(50, 0.053895089399679366)	(55, 0.09208524369198721)	(60, 0.12249440932901737)	(65, 0.1672197771900624)	(70, 0.20763598860422133)	(75, 0.26984305276163834)	(80, 0.326250114876801)	(85, 0.4017522541381176)	(90, 0.46965720762577734)	(95, 0.5634375223371558)	(100, 0.6517650182271192)	(105, 0.7718904126374693)	(110, 0.8855214385638869)	(115, 1.0219848668960798)	(120, 1.155303223698318)	(125, 1.317784971051046)	(130, 1.4892934821455923)	(135, 1.6807139720823847)	(140, 1.7732893567920271)
PID-2861-8_S203_R2_001 - polyg	(1, 0.7344967374988512)	(2, 0.7351094137709203)	(3, 0.7369474425871276)	(4, 0.7405213875075308)	(5, 0.7456270231081067)	(6, 0.7521622366768439)	(7, 0.7570636468533968)	(8, 0.7633946349981109)	(9, 0.7677854816146062)	(10, 0.7776699921373211)	(15, 0.7859615443526564)	(20, 0.7880242211352891)	(25, 0.7893721089338411)	(30, 0.7901481655451288)	(35, 0.7904749262235656)	(40, 0.790903799614014)	(45, 0.7911488701228417)	(50, 0.7912918279196577)	(55, 0.7916185885980946)	(60, 0.7921904197853591)	(65, 0.7924967579213936)	(70, 0.7930890116510604)	(75, 0.7933545047022903)	(80, 0.7937425330079341)	(85, 0.7942939416527963)	(90, 0.7944368994496125)	(95, 0.7947023925008424)	(100, 0.7948861953824633)	(105, 0.7957847872481645)	(110, 0.7991340842021423)	(115, 0.8049545087867989)	(120, 0.8202305705037218)	(125, 0.8385495910385885)	(130, 0.8725735466808263)	(135, 0.9059235584237882)	(140, 0.9275918759126324)
PID-2861-9_S204_R1_001 - nextera_transposase_sequence	(1, 0.0)	(2, 0.0)	(3, 0.0)	(4, 0.0)	(5, 0.0)	(6, 0.0)	(7, 0.0)	(8, 0.0)	(9, 0.00019150777904598483)	(10, 0.0003064124464735757)	(15, 0.0004213171139011666)	(20, 0.0008043326719931364)	(25, 0.0011107451184667121)	(30, 0.0022789425706472195)	(35, 0.008234834498977349)	(40, 0.019629547352213447)	(45, 0.0454830975234214)	(50, 0.0681767693403706)	(55, 0.10734011015527452)	(60, 0.14116038393479544)	(65, 0.19401653095148724)	(70, 0.23825482791110972)	(75, 0.3080785641512758)	(80, 0.36840351455076104)	(85, 0.457933401254759)	(90, 0.5360877258834253)	(95, 0.6473154439533333)	(100, 0.7453865776027822)	(105, 0.8733520755613092)	(110, 0.9967405376006374)	(115, 1.149046674275909)	(120, 1.2998782010525267)	(125, 1.479684854798802)	(130, 1.675137694093134)	(135, 1.8786338601073975)	(140, 1.9778923419869314)
PID-2861-9_S204_R1_001 - polyg	(1, 0.0)	(2, 0.0)	(3, 0.0)	(4, 0.00019150777904598483)	(5, 0.0007660311161839393)	(6, 0.0007660311161839393)	(7, 0.0007660311161839393)	(8, 0.0007660311161839393)	(9, 0.0007660311161839393)	(10, 0.0008426342278023333)	(15, 0.0011298958963713106)	(20, 0.001187348230085106)	(25, 0.001340554453321894)	(30, 0.0015512130102724772)	(35, 0.001627816121890871)	(40, 0.002049133235792038)	(45, 0.002489601127597803)	(50, 0.002700259684548386)	(55, 0.003121576798449553)	(60, 0.00340883846701853)	(65, 0.0036961001355875073)	(70, 0.004462131251771447)	(75, 0.005094106922623197)	(80, 0.007698612717648591)	(85, 0.015148265322537402)	(90, 0.03272867943895881)	(95, 0.054407360026964294)	(100, 0.08104609209226078)	(105, 0.11155328129428618)	(110, 0.1542595160215408)	(115, 0.21175015129114544)	(120, 0.2720176493569169)	(125, 0.3431244877166911)	(130, 0.41534207119493194)	(135, 0.49908842297174105)	(140, 0.5403391985782462)
PID-2861-9_S204_R2_001 - nextera_transposase_sequence	(1, 0.0)	(2, 0.0)	(3, 0.0)	(4, 0.0)	(5, 0.0)	(6, 0.0)	(7, 0.0)	(8, 0.0)	(9, 0.00019150777904598483)	(10, 0.0003064124464735757)	(15, 0.0004213171139011666)	(20, 0.0008043326719931364)	(25, 0.001149046674275909)	(30, 0.0023555456822656135)	(35, 0.008177382165263553)	(40, 0.019629547352213447)	(45, 0.04569375608037198)	(50, 0.06848318178684418)	(55, 0.10714860237622852)	(60, 0.1416391533824104)	(65, 0.19474426051186197)	(70, 0.23925066836214887)	(75, 0.3086339367105092)	(80, 0.3686716254414254)	(85, 0.4574929333629532)	(90, 0.5358962181043794)	(95, 0.6463196035022942)	(100, 0.7433374443669901)	(105, 0.872413687443984)	(110, 0.9966447837111143)	(115, 1.1464613192587882)	(120, 1.2948032449078082)	(125, 1.4692859823966051)	(130, 1.6585339696498473)	(135, 1.858199980083191)	(140, 1.9550071623909364)
PID-2861-9_S204_R2_001 - polyg	(1, 0.417199696651678)	(2, 0.41767846609929293)	(3, 0.4198808055583218)	(4, 0.4210298522325977)	(5, 0.42581754670874733)	(6, 0.430030717847759)	(7, 0.4337651195391557)	(8, 0.4376910290095984)	(9, 0.4399891223581502)	(10, 0.4471132117386608)	(15, 0.4536436270041289)	(20, 0.45617152968753594)	(25, 0.4573205763618118)	(30, 0.4580866074779958)	(35, 0.4585845277035153)	(40, 0.45889094014998894)	(45, 0.4591973525964625)	(50, 0.4594846142650314)	(55, 0.45990593137893254)	(60, 0.4602123438254061)	(65, 0.4608060179404488)	(70, 0.46111243038692235)	(75, 0.46118903349854073)	(80, 0.46162950139034653)	(85, 0.4619742153926293)	(90, 0.4624529848402442)	(95, 0.46283600039833617)	(100, 0.4635828807366155)	(105, 0.4643489118527994)	(110, 0.46844717832438354)	(115, 0.47702672682564373)	(120, 0.49970124786468817)	(125, 0.5227204829060156)	(130, 0.5583983821422827)	(135, 0.5938847735995036)	(140, 0.6166550485280712)
