window_start	window_end	window_mid	raw_count	norm_position	log2_ratio
1	1000	501	421.0	0.998198	0.368948
1001	2000	1501	458.0	0.999099	0.490476
2001	3000	2501	410.0	1.000000	0.330752
3001	4000	3501	358.0	-0.999690	0.135088
4001	5000	4501	410.0	-0.999380	0.330752
5001	6000	5501	436.0	-0.999070	0.419456
6001	7000	6501	383.0	-0.998760	0.232472
7001	8000	7501	285.0	-0.998450	-0.193910
8001	9000	8501	249.0	-0.998140	-0.388726
9001	10000	9501	373.0	-0.997830	0.194304
10001	11000	10501	295.0	-0.997520	-0.144157
11001	12000	11501	319.0	-0.997210	-0.031316
12001	13000	12501	367.0	-0.996900	0.170908
13001	14000	13501	393.0	-0.996590	0.269657
14001	15000	14501	383.0	-0.996280	0.232472
15001	16000	15501	363.0	-0.995970	0.155098
16001	17000	16501	314.0	-0.995660	-0.054107
17001	18000	17501	295.0	-0.995350	-0.144157
18001	19000	18501	250.0	-0.995040	-0.382944
19001	20000	19501	293.0	-0.994730	-0.153971
20001	21000	20501	419.0	-0.994420	0.362078
21001	22000	21501	393.0	-0.994110	0.269657
22001	23000	22501	449.0	-0.993800	0.461843
23001	24000	23501	370.0	-0.993490	0.182653
24001	25000	24501	300.0	-0.993180	-0.119909
25001	26000	25501	278.0	-0.992870	-0.229787
26001	27000	26501	374.0	-0.992560	0.198166
27001	28000	27501	379.0	-0.992250	0.217326
28001	29000	28501	421.0	-0.991940	0.368948
29001	30000	29501	320.0	-0.991631	-0.026800
30001	31000	30501	384.0	-0.991321	0.236234
31001	32000	31501	318.0	-0.991011	-0.035845
32001	33000	32501	290.0	-0.990701	-0.168819
33001	34000	33501	347.0	-0.990391	0.090064
34001	35000	34501	277.0	-0.990081	-0.234986
35001	36000	35501	263.0	-0.989771	-0.309809
36001	37000	36501	290.0	-0.989461	-0.168819
37001	38000	37501	312.0	-0.989151	-0.063326
38001	39000	38501	297.0	-0.988841	-0.134409
39001	40000	39501	387.0	-0.988531	0.247462
40001	41000	40501	382.0	-0.988221	0.228701
41001	42000	41501	330.0	-0.987911	0.017594
42001	43000	42501	307.0	-0.987601	-0.086633
43001	44000	43501	351.0	-0.987291	0.106599
44001	45000	44501	326.0	-0.986981	0.000000
45001	46000	45501	329.0	-0.986671	0.013216
46001	47000	46501	355.0	-0.986361	0.122947
47001	48000	47501	327.0	-0.986051	0.004419
48001	49000	48501	351.0	-0.985741	0.106599
49001	50000	49501	276.0	-0.985431	-0.240204
50001	51000	50501	256.0	-0.985121	-0.348728
51001	52000	51501	289.0	-0.984811	-0.173802
52001	53000	52501	330.0	-0.984501	0.017594
53001	54000	53501	300.0	-0.984191	-0.119909
54001	55000	54501	264.0	-0.983881	-0.304334
55001	56000	55501	325.0	-0.983571	-0.004432
56001	57000	56501	320.0	-0.983261	-0.026800
57001	58000	57501	261.0	-0.982951	-0.320822
58001	59000	58501	330.0	-0.982641	0.017594
59001	60000	59501	303.0	-0.982331	-0.105554
60001	61000	60501	271.0	-0.982021	-0.266579
61001	62000	61501	331.0	-0.981711	0.021959
62001	63000	62501	352.0	-0.981401	0.110703
63001	64000	63501	315.0	-0.981091	-0.049520
64001	65000	64501	418.0	-0.980781	0.358631
65001	66000	65501	333.0	-0.980471	0.030650
66001	67000	66501	435.0	-0.980161	0.416143
67001	68000	67501	341.0	-0.979851	0.064900
68001	69000	68501	457.0	-0.979541	0.487322
69001	70000	69501	533.0	-0.979231	0.709264
70001	71000	70501	445.0	-0.978921	0.448933
71001	72000	71501	369.0	-0.978611	0.178749
72001	73000	72501	350.0	-0.978301	0.102483
73001	74000	73501	446.0	-0.977991	0.452172
74001	75000	74501	372.0	-0.977681	0.190431
75001	76000	75501	275.0	-0.977371	-0.245440
76001	77000	76501	276.0	-0.977061	-0.240204
77001	78000	77501	283.0	-0.976751	-0.204070
78001	79000	78501	267.0	-0.976441	-0.288032
79001	80000	79501	269.0	-0.976131	-0.277266
80001	81000	80501	262.0	-0.975821	-0.315305
81001	82000	81501	327.0	-0.975511	0.004419
82001	83000	82501	243.0	-0.975201	-0.423916
83001	84000	83501	282.0	-0.974892	-0.209177
84001	85000	84501	291.0	-0.974582	-0.163853
85001	86000	85501	285.0	-0.974272	-0.193910
86001	87000	86501	272.0	-0.973962	-0.261265
87001	88000	87501	305.0	-0.973652	-0.096063
88001	89000	88501	312.0	-0.973342	-0.063326
89001	90000	89501	280.0	-0.973032	-0.219445
90001	91000	90501	311.0	-0.972722	-0.067957
91001	92000	91501	391.0	-0.972412	0.262297
92001	93000	92501	289.0	-0.972102	-0.173802
93001	94000	93501	282.0	-0.971792	-0.209177
94001	95000	94501	363.0	-0.971482	0.155098
95001	96000	95501	363.0	-0.971172	0.155098
96001	97000	96501	290.0	-0.970862	-0.168819
97001	98000	97501	359.0	-0.970552	0.139112
98001	99000	98501	274.0	-0.970242	-0.250696
99001	100000	99501	289.0	-0.969932	-0.173802
100001	101000	100501	299.0	-0.969622	-0.124726
101001	102000	101501	365.0	-0.969312	0.163024
102001	103000	102501	352.0	-0.969002	0.110703
103001	104000	103501	295.0	-0.968692	-0.144157
104001	105000	104501	271.0	-0.968382	-0.266579
105001	106000	105501	274.0	-0.968072	-0.250696
106001	107000	106501	268.0	-0.967762	-0.282639
107001	108000	107501	327.0	-0.967452	0.004419
108001	109000	108501	321.0	-0.967142	-0.022299
109001	110000	109501	290.0	-0.966832	-0.168819
110001	111000	110501	321.0	-0.966522	-0.022299
111001	112000	111501	296.0	-0.966212	-0.139275
112001	113000	112501	306.0	-0.965902	-0.091340
113001	114000	113501	276.0	-0.965592	-0.240204
114001	115000	114501	261.0	-0.965282	-0.320822
115001	116000	115501	306.0	-0.964972	-0.091340
116001	117000	116501	297.0	-0.964662	-0.134409
117001	118000	117501	270.0	-0.964352	-0.271913
118001	119000	118501	302.0	-0.964042	-0.110323
119001	120000	119501	359.0	-0.963732	0.139112
120001	121000	120501	334.0	-0.963422	0.034976
121001	122000	121501	474.0	-0.963112	0.540015
122001	123000	122501	311.0	-0.962802	-0.067957
123001	124000	123501	317.0	-0.962492	-0.040389
124001	125000	124501	379.0	-0.962182	0.217326
125001	126000	125501	360.0	-0.961872	0.143125
126001	127000	126501	348.0	-0.961562	0.094215
127001	128000	127501	434.0	-0.961252	0.412823
128001	129000	128501	424.0	-0.960942	0.379192
129001	130000	129501	347.0	-0.960632	0.090064
130001	131000	130501	315.0	-0.960322	-0.049520
131001	132000	131501	345.0	-0.960012	0.081724
132001	133000	132501	332.0	-0.959702	0.026311
133001	134000	133501	298.0	-0.959392	-0.129560
134001	135000	134501	298.0	-0.959082	-0.129560
135001	136000	135501	334.0	-0.958772	0.034976
136001	137000	136501	304.0	-0.958462	-0.100801
137001	138000	137501	342.0	-0.958153	0.069124
138001	139000	138501	338.0	-0.957843	0.052151
139001	140000	139501	391.0	-0.957533	0.262297
140001	141000	140501	291.0	-0.957223	-0.163853
141001	142000	141501	470.0	-0.956913	0.527789
142001	143000	142501	404.0	-0.956603	0.309483
143001	144000	143501	271.0	-0.956293	-0.266579
144001	145000	144501	277.0	-0.955983	-0.234986
145001	146000	145501	377.0	-0.955673	0.209693
146001	147000	146501	279.0	-0.955363	-0.224607
147001	148000	147501	254.0	-0.955053	-0.360043
148001	149000	148501	268.0	-0.954743	-0.282639
149001	150000	149501	254.0	-0.954433	-0.360043
150001	151000	150501	296.0	-0.954123	-0.139275
151001	152000	151501	381.0	-0.953813	0.224919
152001	153000	152501	305.0	-0.953503	-0.096063
153001	154000	153501	349.0	-0.953193	0.098355
154001	155000	154501	394.0	-0.952883	0.273324
155001	156000	155501	349.0	-0.952573	0.098355
156001	157000	156501	288.0	-0.952263	-0.178803
157001	158000	157501	299.0	-0.951953	-0.124726
158001	159000	158501	257.0	-0.951643	-0.343104
159001	160000	159501	272.0	-0.951333	-0.261265
160001	161000	160501	215.0	-0.951023	-0.600535
161001	162000	161501	226.0	-0.950713	-0.528549
162001	163000	162501	243.0	-0.950403	-0.423916
163001	164000	163501	297.0	-0.950093	-0.134409
164001	165000	164501	278.0	-0.949783	-0.229787
165001	166000	165501	260.0	-0.949473	-0.326360
166001	167000	166501	269.0	-0.949163	-0.277266
167001	168000	167501	328.0	-0.948853	0.008824
168001	169000	168501	311.0	-0.948543	-0.067957
169001	170000	169501	354.0	-0.948233	0.118877
170001	171000	170501	330.0	-0.947923	0.017594
171001	172000	171501	302.0	-0.947613	-0.110323
172001	173000	172501	296.0	-0.947303	-0.139275
173001	174000	173501	289.0	-0.946993	-0.173802
174001	175000	174501	245.0	-0.946683	-0.412090
175001	176000	175501	243.0	-0.946373	-0.423916
176001	177000	176501	355.0	-0.946063	0.122947
177001	178000	177501	361.0	-0.945753	0.147127
178001	179000	178501	295.0	-0.945443	-0.144157
179001	180000	179501	352.0	-0.945133	0.110703
180001	181000	180501	297.0	-0.944823	-0.134409
181001	182000	181501	271.0	-0.944513	-0.266579
182001	183000	182501	296.0	-0.944203	-0.139275
183001	184000	183501	277.0	-0.943893	-0.234986
184001	185000	184501	349.0	-0.943583	0.098355
185001	186000	185501	399.0	-0.943273	0.291517
186001	187000	186501	308.0	-0.942963	-0.081942
187001	188000	187501	361.0	-0.942653	0.147127
188001	189000	188501	412.0	-0.942343	0.337772
189001	190000	189501	345.0	-0.942033	0.081724
190001	191000	190501	253.0	-0.941723	-0.365735
191001	192000	191501	280.0	-0.941414	-0.219445
192001	193000	192501	332.0	-0.941104	0.026311
193001	194000	193501	304.0	-0.940794	-0.100801
194001	195000	194501	251.0	-0.940484	-0.377185
195001	196000	195501	215.0	-0.940174	-0.600535
196001	197000	196501	308.0	-0.939864	-0.081942
197001	198000	197501	259.0	-0.939554	-0.331920
198001	199000	198501	281.0	-0.939244	-0.214302
199001	200000	199501	293.0	-0.938934	-0.153971
200001	201000	200501	223.0	-0.938624	-0.547828
201001	202000	201501	229.0	-0.938314	-0.509524
202001	203000	202501	225.0	-0.938004	-0.534947
203001	204000	203501	341.0	-0.937694	0.064900
204001	205000	204501	459.0	-0.937384	0.493622
205001	206000	205501	407.0	-0.937074	0.320157
206001	207000	206501	286.0	-0.936764	-0.188857
207001	208000	207501	261.0	-0.936454	-0.320822
208001	209000	208501	289.0	-0.936144	-0.173802
209001	210000	209501	393.0	-0.935834	0.269657
210001	211000	210501	342.0	-0.935524	0.069124
211001	212000	211501	362.0	-0.935214	0.151118
212001	213000	212501	299.0	-0.934904	-0.124726
213001	214000	213501	321.0	-0.934594	-0.022299
214001	215000	214501	270.0	-0.934284	-0.271913
215001	216000	215501	274.0	-0.933974	-0.250696
216001	217000	216501	298.0	-0.933664	-0.129560
217001	218000	217501	293.0	-0.933354	-0.153971
218001	219000	218501	308.0	-0.933044	-0.081942
219001	220000	219501	257.0	-0.932734	-0.343104
220001	221000	220501	282.0	-0.932424	-0.209177
221001	222000	221501	286.0	-0.932114	-0.188857
222001	223000	222501	299.0	-0.931804	-0.124726
223001	224000	223501	307.0	-0.931494	-0.086633
224001	225000	224501	320.0	-0.931184	-0.026800
225001	226000	225501	360.0	-0.930874	0.143125
226001	227000	226501	273.0	-0.930564	-0.255971
227001	228000	227501	252.0	-0.930254	-0.371448
228001	229000	228501	306.0	-0.929944	-0.091340
229001	230000	229501	318.0	-0.929634	-0.035845
230001	231000	230501	357.0	-0.929324	0.131052
231001	232000	231501	289.0	-0.929014	-0.173802
232001	233000	232501	260.0	-0.928704	-0.326360
233001	234000	233501	289.0	-0.928394	-0.173802
234001	235000	234501	321.0	-0.928084	-0.022299
235001	236000	235501	293.0	-0.927774	-0.153971
236001	237000	236501	365.0	-0.927464	0.163024
237001	238000	237501	347.0	-0.927154	0.090064
238001	239000	238501	311.0	-0.926844	-0.067957
239001	240000	239501	382.0	-0.926534	0.228701
240001	241000	240501	511.0	-0.926224	0.648451
241001	242000	241501	332.0	-0.925914	0.026311
242001	243000	242501	255.0	-0.925604	-0.354375
243001	244000	243501	275.0	-0.925294	-0.245440
244001	245000	244501	310.0	-0.924985	-0.072604
245001	246000	245501	334.0	-0.924675	0.034976
246001	247000	246501	332.0	-0.924365	0.026311
247001	248000	247501	294.0	-0.924055	-0.149056
248001	249000	248501	361.0	-0.923745	0.147127
249001	250000	249501	384.0	-0.923435	0.236234
250001	251000	250501	320.0	-0.923125	-0.026800
251001	252000	251501	318.0	-0.922815	-0.035845
252001	253000	252501	333.0	-0.922505	0.030650
253001	254000	253501	421.0	-0.922195	0.368948
254001	255000	254501	397.0	-0.921885	0.284267
255001	256000	255501	372.0	-0.921575	0.190431
256001	257000	256501	378.0	-0.921265	0.213514
257001	258000	257501	400.0	-0.920955	0.295128
258001	259000	258501	368.0	-0.920645	0.174834
259001	260000	259501	327.0	-0.920335	0.004419
260001	261000	260501	274.0	-0.920025	-0.250696
261001	262000	261501	258.0	-0.919715	-0.337501
262001	263000	262501	268.0	-0.919405	-0.282639
263001	264000	263501	325.0	-0.919095	-0.004432
264001	265000	264501	362.0	-0.918785	0.151118
265001	266000	265501	432.0	-0.918475	0.406159
266001	267000	266501	335.0	-0.918165	0.039289
267001	268000	267501	268.0	-0.917855	-0.282639
268001	269000	268501	253.0	-0.917545	-0.365735
269001	270000	269501	258.0	-0.917235	-0.337501
270001	271000	270501	239.0	-0.916925	-0.447861
271001	272000	271501	252.0	-0.916615	-0.371448
272001	273000	272501	255.0	-0.916305	-0.354375
273001	274000	273501	274.0	-0.915995	-0.250696
274001	275000	274501	367.0	-0.915685	0.170908
275001	276000	275501	323.0	-0.915375	-0.013338
276001	277000	276501	255.0	-0.915065	-0.354375
277001	278000	277501	247.0	-0.914755	-0.400361
278001	279000	278501	392.0	-0.914445	0.265982
279001	280000	279501	401.0	-0.914135	0.298730
280001	281000	280501	344.0	-0.913825	0.077537
281001	282000	281501	320.0	-0.913515	-0.026800
282001	283000	282501	291.0	-0.913205	-0.163853
283001	284000	283501	303.0	-0.912895	-0.105554
284001	285000	284501	310.0	-0.912585	-0.072604
285001	286000	285501	271.0	-0.912275	-0.266579
286001	287000	286501	249.0	-0.911965	-0.388726
287001	288000	287501	253.0	-0.911655	-0.365735
288001	289000	288501	296.0	-0.911345	-0.139275
289001	290000	289501	454.0	-0.911035	0.477820
290001	291000	290501	454.0	-0.910725	0.477820
291001	292000	291501	348.0	-0.910415	0.094215
292001	293000	292501	308.0	-0.910105	-0.081942
293001	294000	293501	272.0	-0.909795	-0.261265
294001	295000	294501	300.0	-0.909485	-0.119909
295001	296000	295501	320.0	-0.909175	-0.026800
296001	297000	296501	329.0	-0.908865	0.013216
297001	298000	297501	279.0	-0.908555	-0.224607
298001	299000	298501	275.0	-0.908246	-0.245440
299001	300000	299501	234.0	-0.907936	-0.478363
300001	301000	300501	281.0	-0.907626	-0.214302
301001	302000	301501	253.0	-0.907316	-0.365735
302001	303000	302501	321.0	-0.907006	-0.022299
303001	304000	303501	387.0	-0.906696	0.247462
304001	305000	304501	361.0	-0.906386	0.147127
305001	306000	305501	376.0	-0.906076	0.205861
306001	307000	306501	399.0	-0.905766	0.291517
307001	308000	307501	312.0	-0.905456	-0.063326
308001	309000	308501	342.0	-0.905146	0.069124
309001	310000	309501	357.0	-0.904836	0.131052
310001	311000	310501	380.0	-0.904526	0.221127
311001	312000	311501	373.0	-0.904216	0.194304
312001	313000	312501	403.0	-0.903906	0.305908
313001	314000	313501	454.0	-0.903596	0.477820
314001	315000	314501	491.0	-0.903286	0.590851
315001	316000	315501	462.0	-0.902976	0.503021
316001	317000	316501	421.0	-0.902666	0.368948
317001	318000	317501	369.0	-0.902356	0.178749
318001	319000	318501	314.0	-0.902046	-0.054107
319001	320000	319501	348.0	-0.901736	0.094215
320001	321000	320501	397.0	-0.901426	0.284267
321001	322000	321501	406.0	-0.901116	0.316608
322001	323000	322501	334.0	-0.900806	0.034976
323001	324000	323501	322.0	-0.900496	-0.017811
324001	325000	324501	334.0	-0.900186	0.034976
325001	326000	325501	353.0	-0.899876	0.114796
326001	327000	326501	399.0	-0.899566	0.291517
327001	328000	327501	395.0	-0.899256	0.276981
328001	329000	328501	398.0	-0.898946	0.287896
329001	330000	329501	363.0	-0.898636	0.155098
330001	331000	330501	381.0	-0.898326	0.224919
331001	332000	331501	348.0	-0.898016	0.094215
332001	333000	332501	263.0	-0.897706	-0.309809
333001	334000	333501	302.0	-0.897396	-0.110323
334001	335000	334501	337.0	-0.897086	0.047877
335001	336000	335501	311.0	-0.896776	-0.067957
336001	337000	336501	332.0	-0.896466	0.026311
337001	338000	337501	318.0	-0.896156	-0.035845
338001	339000	338501	327.0	-0.895846	0.004419
339001	340000	339501	312.0	-0.895536	-0.063326
340001	341000	340501	302.0	-0.895226	-0.110323
341001	342000	341501	295.0	-0.894916	-0.144157
342001	343000	342501	402.0	-0.894606	0.302324
343001	344000	343501	325.0	-0.894296	-0.004432
344001	345000	344501	344.0	-0.893986	0.077537
345001	346000	345501	296.0	-0.893676	-0.139275
346001	347000	346501	350.0	-0.893366	0.102483
347001	348000	347501	331.0	-0.893056	0.021959
348001	349000	348501	432.0	-0.892746	0.406159
349001	350000	349501	463.0	-0.892436	0.506140
350001	351000	350501	326.0	-0.892126	0.000000
351001	352000	351501	244.0	-0.891816	-0.417991
352001	353000	352501	306.0	-0.891507	-0.091340
353001	354000	353501	313.0	-0.891197	-0.058709
354001	355000	354501	294.0	-0.890887	-0.149056
355001	356000	355501	292.0	-0.890577	-0.158904
356001	357000	356501	270.0	-0.890267	-0.271913
357001	358000	357501	336.0	-0.889957	0.043589
358001	359000	358501	318.0	-0.889647	-0.035845
359001	360000	359501	340.0	-0.889337	0.060663
360001	361000	360501	276.0	-0.889027	-0.240204
361001	362000	361501	312.0	-0.888717	-0.063326
362001	363000	362501	335.0	-0.888407	0.039289
363001	364000	363501	294.0	-0.888097	-0.149056
364001	365000	364501	294.0	-0.887787	-0.149056
365001	366000	365501	250.0	-0.887477	-0.382944
366001	367000	366501	266.0	-0.887167	-0.293446
367001	368000	367501	262.0	-0.886857	-0.315305
368001	369000	368501	296.0	-0.886547	-0.139275
369001	370000	369501	262.0	-0.886237	-0.315305
370001	371000	370501	269.0	-0.885927	-0.277266
371001	372000	371501	262.0	-0.885617	-0.315305
372001	373000	372501	275.0	-0.885307	-0.245440
373001	374000	373501	401.0	-0.884997	0.298730
374001	375000	374501	349.0	-0.884687	0.098355
375001	376000	375501	248.0	-0.884377	-0.394532
376001	377000	376501	362.0	-0.884067	0.151118
377001	378000	377501	312.0	-0.883757	-0.063326
378001	379000	378501	366.0	-0.883447	0.166972
379001	380000	379501	305.0	-0.883137	-0.096063
380001	381000	380501	297.0	-0.882827	-0.134409
381001	382000	381501	289.0	-0.882517	-0.173802
382001	383000	382501	354.0	-0.882207	0.118877
383001	384000	383501	361.0	-0.881897	0.147127
384001	385000	384501	435.0	-0.881587	0.416143
385001	386000	385501	485.0	-0.881277	0.573113
386001	387000	386501	436.0	-0.880967	0.419456
387001	388000	387501	414.0	-0.880657	0.344759
388001	389000	388501	335.0	-0.880347	0.039289
389001	390000	389501	328.0	-0.880037	0.008824
390001	391000	390501	372.0	-0.879727	0.190431
391001	392000	391501	230.0	-0.879417	-0.503238
392001	393000	392501	440.0	-0.879107	0.432632
393001	394000	393501	472.0	-0.878797	0.533915
394001	395000	394501	311.0	-0.878487	-0.067957
395001	396000	395501	354.0	-0.878177	0.118877
396001	397000	396501	343.0	-0.877867	0.073337
397001	398000	397501	328.0	-0.877557	0.008824
398001	399000	398501	295.0	-0.877247	-0.144157
399001	400000	399501	366.0	-0.876937	0.166972
400001	401000	400501	314.0	-0.876627	-0.054107
401001	402000	401501	268.0	-0.876317	-0.282639
402001	403000	402501	292.0	-0.876007	-0.158904
403001	404000	403501	312.0	-0.875697	-0.063326
404001	405000	404501	353.0	-0.875387	0.114796
405001	406000	405501	406.0	-0.875077	0.316608
406001	407000	406501	409.0	-0.874768	0.327229
407001	408000	407501	422.0	-0.874458	0.372371
408001	409000	408501	370.0	-0.874148	0.182653
409001	410000	409501	257.0	-0.873838	-0.343104
410001	411000	410501	272.0	-0.873528	-0.261265
411001	412000	411501	205.0	-0.873218	-0.669248
412001	413000	412501	92.0	-0.872908	-1.825166
413001	414000	413501	22.0	-0.872598	-3.889297
414001	415000	414501	99.0	-0.872288	-1.719372
415001	416000	415501	283.0	-0.871978	-0.204070
416001	417000	416501	321.0	-0.871668	-0.022299
417001	418000	417501	367.0	-0.871358	0.170908
418001	419000	418501	369.0	-0.871048	0.178749
419001	420000	419501	359.0	-0.870738	0.139112
420001	421000	420501	367.0	-0.870428	0.170908
421001	422000	421501	307.0	-0.870118	-0.086633
422001	423000	422501	282.0	-0.869808	-0.209177
423001	424000	423501	303.0	-0.869498	-0.105554
424001	425000	424501	300.0	-0.869188	-0.119909
425001	426000	425501	319.0	-0.868878	-0.031316
426001	427000	426501	362.0	-0.868568	0.151118
427001	428000	427501	357.0	-0.868258	0.131052
428001	429000	428501	337.0	-0.867948	0.047877
429001	430000	429501	298.0	-0.867638	-0.129560
430001	431000	430501	321.0	-0.867328	-0.022299
431001	432000	431501	246.0	-0.867018	-0.406214
432001	433000	432501	229.0	-0.866708	-0.509524
433001	434000	433501	324.0	-0.866398	-0.008878
434001	435000	434501	350.0	-0.866088	0.102483
435001	436000	435501	413.0	-0.865778	0.341270
436001	437000	436501	394.0	-0.865468	0.273324
437001	438000	437501	360.0	-0.865158	0.143125
438001	439000	438501	304.0	-0.864848	-0.100801
439001	440000	439501	323.0	-0.864538	-0.013338
440001	441000	440501	308.0	-0.864228	-0.081942
441001	442000	441501	342.0	-0.863918	0.069124
442001	443000	442501	358.0	-0.863608	0.135088
443001	444000	443501	470.0	-0.863298	0.527789
444001	445000	444501	370.0	-0.862988	0.182653
445001	446000	445501	317.0	-0.862678	-0.040389
446001	447000	446501	361.0	-0.862368	0.147127
447001	448000	447501	406.0	-0.862058	0.316608
448001	449000	448501	371.0	-0.861748	0.186547
449001	450000	449501	283.0	-0.861438	-0.204070
450001	451000	450501	280.0	-0.861128	-0.219445
451001	452000	451501	269.0	-0.860818	-0.277266
452001	453000	452501	434.0	-0.860508	0.412823
453001	454000	453501	327.0	-0.860198	0.004419
454001	455000	454501	270.0	-0.859888	-0.271913
455001	456000	455501	287.0	-0.859578	-0.183821
456001	457000	456501	254.0	-0.859268	-0.360043
457001	458000	457501	313.0	-0.858958	-0.058709
458001	459000	458501	363.0	-0.858648	0.155098
459001	460000	459501	291.0	-0.858338	-0.163853
460001	461000	460501	305.0	-0.858029	-0.096063
461001	462000	461501	319.0	-0.857719	-0.031316
462001	463000	462501	346.0	-0.857409	0.085900
463001	464000	463501	294.0	-0.857099	-0.149056
464001	465000	464501	369.0	-0.856789	0.178749
465001	466000	465501	350.0	-0.856479	0.102483
466001	467000	466501	233.0	-0.856169	-0.484542
467001	468000	467501	288.0	-0.855859	-0.178803
468001	469000	468501	332.0	-0.855549	0.026311
469001	470000	469501	316.0	-0.855239	-0.044947
470001	471000	470501	316.0	-0.854929	-0.044947
471001	472000	471501	289.0	-0.854619	-0.173802
472001	473000	472501	264.0	-0.854309	-0.304334
473001	474000	473501	324.0	-0.853999	-0.008878
474001	475000	474501	383.0	-0.853689	0.232472
475001	476000	475501	316.0	-0.853379	-0.044947
476001	477000	476501	377.0	-0.853069	0.209693
477001	478000	477501	368.0	-0.852759	0.174834
478001	479000	478501	340.0	-0.852449	0.060663
479001	480000	479501	365.0	-0.852139	0.163024
480001	481000	480501	512.0	-0.851829	0.651272
481001	482000	481501	354.0	-0.851519	0.118877
482001	483000	482501	349.0	-0.851209	0.098355
483001	484000	483501	312.0	-0.850899	-0.063326
484001	485000	484501	329.0	-0.850589	0.013216
485001	486000	485501	320.0	-0.850279	-0.026800
486001	487000	486501	399.0	-0.849969	0.291517
487001	488000	487501	423.0	-0.849659	0.375786
488001	489000	488501	339.0	-0.849349	0.056413
489001	490000	489501	300.0	-0.849039	-0.119909
490001	491000	490501	378.0	-0.848729	0.213514
491001	492000	491501	385.0	-0.848419	0.239986
492001	493000	492501	353.0	-0.848109	0.114796
493001	494000	493501	282.0	-0.847799	-0.209177
494001	495000	494501	298.0	-0.847489	-0.129560
495001	496000	495501	328.0	-0.847179	0.008824
496001	497000	496501	378.0	-0.846869	0.213514
497001	498000	497501	297.0	-0.846559	-0.134409
498001	499000	498501	335.0	-0.846249	0.039289
499001	500000	499501	335.0	-0.845939	0.039289
500001	501000	500501	350.0	-0.845629	0.102483
501001	502000	501501	267.0	-0.845319	-0.288032
502001	503000	502501	277.0	-0.845009	-0.234986
503001	504000	503501	301.0	-0.844699	-0.115108
504001	505000	504501	306.0	-0.844389	-0.091340
505001	506000	505501	319.0	-0.844079	-0.031316
506001	507000	506501	371.0	-0.843769	0.186547
507001	508000	507501	414.0	-0.843459	0.344759
508001	509000	508501	405.0	-0.843149	0.313050
509001	510000	509501	344.0	-0.842839	0.077537
510001	511000	510501	341.0	-0.842529	0.064900
511001	512000	511501	305.0	-0.842219	-0.096063
512001	513000	512501	293.0	-0.841909	-0.153971
513001	514000	513501	301.0	-0.841600	-0.115108
514001	515000	514501	488.0	-0.841290	0.582009
515001	516000	515501	333.0	-0.840980	0.030650
516001	517000	516501	266.0	-0.840670	-0.293446
517001	518000	517501	324.0	-0.840360	-0.008878
518001	519000	518501	347.0	-0.840050	0.090064
519001	520000	519501	401.0	-0.839740	0.298730
520001	521000	520501	278.0	-0.839430	-0.229787
521001	522000	521501	251.0	-0.839120	-0.377185
522001	523000	522501	267.0	-0.838810	-0.288032
523001	524000	523501	281.0	-0.838500	-0.214302
524001	525000	524501	236.0	-0.838190	-0.466085
525001	526000	525501	295.0	-0.837880	-0.144157
526001	527000	526501	252.0	-0.837570	-0.371448
527001	528000	527501	277.0	-0.837260	-0.234986
528001	529000	528501	329.0	-0.836950	0.013216
529001	530000	529501	360.0	-0.836640	0.143125
530001	531000	530501	321.0	-0.836330	-0.022299
531001	532000	531501	360.0	-0.836020	0.143125
532001	533000	532501	336.0	-0.835710	0.043589
533001	534000	533501	303.0	-0.835400	-0.105554
534001	535000	534501	368.0	-0.835090	0.174834
535001	536000	535501	264.0	-0.834780	-0.304334
536001	537000	536501	306.0	-0.834470	-0.091340
537001	538000	537501	270.0	-0.834160	-0.271913
538001	539000	538501	273.0	-0.833850	-0.255971
539001	540000	539501	303.0	-0.833540	-0.105554
540001	541000	540501	243.0	-0.833230	-0.423916
541001	542000	541501	298.0	-0.832920	-0.129560
542001	543000	542501	292.0	-0.832610	-0.158904
543001	544000	543501	288.0	-0.832300	-0.178803
544001	545000	544501	290.0	-0.831990	-0.168819
545001	546000	545501	245.0	-0.831680	-0.412090
546001	547000	546501	264.0	-0.831370	-0.304334
547001	548000	547501	295.0	-0.831060	-0.144157
548001	549000	548501	248.0	-0.830750	-0.394532
549001	550000	549501	349.0	-0.830440	0.098355
550001	551000	550501	315.0	-0.830130	-0.049520
551001	552000	551501	324.0	-0.829820	-0.008878
552001	553000	552501	245.0	-0.829510	-0.412090
553001	554000	553501	250.0	-0.829200	-0.382944
554001	555000	554501	285.0	-0.828890	-0.193910
555001	556000	555501	347.0	-0.828580	0.090064
556001	557000	556501	337.0	-0.828270	0.047877
557001	558000	557501	328.0	-0.827960	0.008824
558001	559000	558501	342.0	-0.827650	0.069124
559001	560000	559501	331.0	-0.827340	0.021959
560001	561000	560501	375.0	-0.827030	0.202019
561001	562000	561501	319.0	-0.826720	-0.031316
562001	563000	562501	363.0	-0.826410	0.155098
563001	564000	563501	342.0	-0.826100	0.069124
564001	565000	564501	268.0	-0.825790	-0.282639
565001	566000	565501	300.0	-0.825480	-0.119909
566001	567000	566501	352.0	-0.825170	0.110703
567001	568000	567501	260.0	-0.824861	-0.326360
568001	569000	568501	338.0	-0.824551	0.052151
569001	570000	569501	357.0	-0.824241	0.131052
570001	571000	570501	359.0	-0.823931	0.139112
571001	572000	571501	315.0	-0.823621	-0.049520
572001	573000	572501	362.0	-0.823311	0.151118
573001	574000	573501	395.0	-0.823001	0.276981
574001	575000	574501	289.0	-0.822691	-0.173802
575001	576000	575501	289.0	-0.822381	-0.173802
576001	577000	576501	283.0	-0.822071	-0.204070
577001	578000	577501	314.0	-0.821761	-0.054107
578001	579000	578501	296.0	-0.821451	-0.139275
579001	580000	579501	350.0	-0.821141	0.102483
580001	581000	580501	252.0	-0.820831	-0.371448
581001	582000	581501	262.0	-0.820521	-0.315305
582001	583000	582501	294.0	-0.820211	-0.149056
583001	584000	583501	318.0	-0.819901	-0.035845
584001	585000	584501	337.0	-0.819591	0.047877
585001	586000	585501	274.0	-0.819281	-0.250696
586001	587000	586501	258.0	-0.818971	-0.337501
587001	588000	587501	249.0	-0.818661	-0.388726
588001	589000	588501	254.0	-0.818351	-0.360043
589001	590000	589501	321.0	-0.818041	-0.022299
590001	591000	590501	332.0	-0.817731	0.026311
591001	592000	591501	285.0	-0.817421	-0.193910
592001	593000	592501	304.0	-0.817111	-0.100801
593001	594000	593501	284.0	-0.816801	-0.198981
594001	595000	594501	328.0	-0.816491	0.008824
595001	596000	595501	317.0	-0.816181	-0.040389
596001	597000	596501	302.0	-0.815871	-0.110323
597001	598000	597501	329.0	-0.815561	0.013216
598001	599000	598501	438.0	-0.815251	0.426059
599001	600000	599501	340.0	-0.814941	0.060663
600001	601000	600501	376.0	-0.814631	0.205861
601001	602000	601501	433.0	-0.814321	0.409495
602001	603000	602501	269.0	-0.814011	-0.277266
603001	604000	603501	370.0	-0.813701	0.182653
604001	605000	604501	532.0	-0.813391	0.706554
605001	606000	605501	503.0	-0.813081	0.625686
606001	607000	606501	475.0	-0.812771	0.543056
607001	608000	607501	553.0	-0.812461	0.762408
608001	609000	608501	491.0	-0.812151	0.590851
609001	610000	609501	462.0	-0.811841	0.503021
610001	611000	610501	502.0	-0.811531	0.622815
611001	612000	611501	425.0	-0.811221	0.382591
612001	613000	612501	379.0	-0.810911	0.217326
613001	614000	613501	310.0	-0.810601	-0.072604
614001	615000	614501	464.0	-0.810291	0.509253
615001	616000	615501	431.0	-0.809981	0.402816
616001	617000	616501	366.0	-0.809671	0.166972
617001	618000	617501	315.0	-0.809361	-0.049520
618001	619000	618501	388.0	-0.809051	0.251185
619001	620000	619501	376.0	-0.808741	0.205861
620001	621000	620501	354.0	-0.808431	0.118877
621001	622000	621501	338.0	-0.808122	0.052151
622001	623000	622501	327.0	-0.807812	0.004419
623001	624000	623501	340.0	-0.807502	0.060663
624001	625000	624501	315.0	-0.807192	-0.049520
625001	626000	625501	347.0	-0.806882	0.090064
626001	627000	626501	267.0	-0.806572	-0.288032
627001	628000	627501	270.0	-0.806262	-0.271913
628001	629000	628501	352.0	-0.805952	0.110703
629001	630000	629501	317.0	-0.805642	-0.040389
630001	631000	630501	355.0	-0.805332	0.122947
631001	632000	631501	391.0	-0.805022	0.262297
632001	633000	632501	403.0	-0.804712	0.305908
633001	634000	633501	349.0	-0.804402	0.098355
634001	635000	634501	290.0	-0.804092	-0.168819
635001	636000	635501	305.0	-0.803782	-0.096063
636001	637000	636501	393.0	-0.803472	0.269657
637001	638000	637501	350.0	-0.803162	0.102483
638001	639000	638501	364.0	-0.802852	0.159066
639001	640000	639501	328.0	-0.802542	0.008824
640001	641000	640501	328.0	-0.802232	0.008824
641001	642000	641501	294.0	-0.801922	-0.149056
642001	643000	642501	387.0	-0.801612	0.247462
643001	644000	643501	297.0	-0.801302	-0.134409
644001	645000	644501	355.0	-0.800992	0.122947
645001	646000	645501	376.0	-0.800682	0.205861
646001	647000	646501	301.0	-0.800372	-0.115108
647001	648000	647501	321.0	-0.800062	-0.022299
648001	649000	648501	300.0	-0.799752	-0.119909
649001	650000	649501	322.0	-0.799442	-0.017811
650001	651000	650501	425.0	-0.799132	0.382591
651001	652000	651501	351.0	-0.798822	0.106599
652001	653000	652501	311.0	-0.798512	-0.067957
653001	654000	653501	332.0	-0.798202	0.026311
654001	655000	654501	304.0	-0.797892	-0.100801
655001	656000	655501	274.0	-0.797582	-0.250696
656001	657000	656501	286.0	-0.797272	-0.188857
657001	658000	657501	388.0	-0.796962	0.251185
658001	659000	658501	326.0	-0.796652	0.000000
659001	660000	659501	317.0	-0.796342	-0.040389
660001	661000	660501	277.0	-0.796032	-0.234986
661001	662000	661501	244.0	-0.795722	-0.417991
662001	663000	662501	306.0	-0.795412	-0.091340
663001	664000	663501	317.0	-0.795102	-0.040389
664001	665000	664501	301.0	-0.794792	-0.115108
665001	666000	665501	334.0	-0.794482	0.034976
666001	667000	666501	354.0	-0.794172	0.118877
667001	668000	667501	358.0	-0.793862	0.135088
668001	669000	668501	454.0	-0.793552	0.477820
669001	670000	669501	386.0	-0.793242	0.243729
670001	671000	670501	349.0	-0.792932	0.098355
671001	672000	671501	326.0	-0.792622	0.000000
672001	673000	672501	396.0	-0.792312	0.280628
673001	674000	673501	347.0	-0.792002	0.090064
674001	675000	674501	378.0	-0.791692	0.213514
675001	676000	675501	421.0	-0.791383	0.368948
676001	677000	676501	306.0	-0.791073	-0.091340
677001	678000	677501	289.0	-0.790763	-0.173802
678001	679000	678501	300.0	-0.790453	-0.119909
679001	680000	679501	312.0	-0.790143	-0.063326
680001	681000	680501	303.0	-0.789833	-0.105554
681001	682000	681501	359.0	-0.789523	0.139112
682001	683000	682501	328.0	-0.789213	0.008824
683001	684000	683501	330.0	-0.788903	0.017594
684001	685000	684501	429.0	-0.788593	0.396106
685001	686000	685501	428.0	-0.788283	0.392739
686001	687000	686501	366.0	-0.787973	0.166972
687001	688000	687501	356.0	-0.787663	0.127005
688001	689000	688501	344.0	-0.787353	0.077537
689001	690000	689501	333.0	-0.787043	0.030650
690001	691000	690501	313.0	-0.786733	-0.058709
691001	692000	691501	362.0	-0.786423	0.151118
692001	693000	692501	343.0	-0.786113	0.073337
693001	694000	693501	445.0	-0.785803	0.448933
694001	695000	694501	405.0	-0.785493	0.313050
695001	696000	695501	275.0	-0.785183	-0.245440
696001	697000	696501	287.0	-0.784873	-0.183821
697001	698000	697501	328.0	-0.784563	0.008824
698001	699000	698501	278.0	-0.784253	-0.229787
699001	700000	699501	273.0	-0.783943	-0.255971
700001	701000	700501	356.0	-0.783633	0.127005
701001	702000	701501	338.0	-0.783323	0.052151
702001	703000	702501	295.0	-0.783013	-0.144157
703001	704000	703501	302.0	-0.782703	-0.110323
704001	705000	704501	391.0	-0.782393	0.262297
705001	706000	705501	330.0	-0.782083	0.017594
706001	707000	706501	321.0	-0.781773	-0.022299
707001	708000	707501	269.0	-0.781463	-0.277266
708001	709000	708501	247.0	-0.781153	-0.400361
709001	710000	709501	243.0	-0.780843	-0.423916
710001	711000	710501	312.0	-0.780533	-0.063326
711001	712000	711501	288.0	-0.780223	-0.178803
712001	713000	712501	291.0	-0.779913	-0.163853
713001	714000	713501	276.0	-0.779603	-0.240204
714001	715000	714501	311.0	-0.779293	-0.067957
715001	716000	715501	302.0	-0.778983	-0.110323
716001	717000	716501	317.0	-0.778673	-0.040389
717001	718000	717501	419.0	-0.778363	0.362078
718001	719000	718501	338.0	-0.778053	0.052151
719001	720000	719501	379.0	-0.777743	0.217326
720001	721000	720501	321.0	-0.777433	-0.022299
721001	722000	721501	339.0	-0.777123	0.056413
722001	723000	722501	305.0	-0.776813	-0.096063
723001	724000	723501	330.0	-0.776503	0.017594
724001	725000	724501	384.0	-0.776193	0.236234
725001	726000	725501	335.0	-0.775883	0.039289
726001	727000	726501	333.0	-0.775573	0.030650
727001	728000	727501	353.0	-0.775263	0.114796
728001	729000	728501	348.0	-0.774954	0.094215
729001	730000	729501	318.0	-0.774644	-0.035845
730001	731000	730501	291.0	-0.774334	-0.163853
731001	732000	731501	304.0	-0.774024	-0.100801
732001	733000	732501	274.0	-0.773714	-0.250696
733001	734000	733501	286.0	-0.773404	-0.188857
734001	735000	734501	351.0	-0.773094	0.106599
735001	736000	735501	364.0	-0.772784	0.159066
736001	737000	736501	374.0	-0.772474	0.198166
737001	738000	737501	331.0	-0.772164	0.021959
738001	739000	738501	441.0	-0.771854	0.435907
739001	740000	739501	316.0	-0.771544	-0.044947
740001	741000	740501	372.0	-0.771234	0.190431
741001	742000	741501	315.0	-0.770924	-0.049520
742001	743000	742501	277.0	-0.770614	-0.234986
743001	744000	743501	323.0	-0.770304	-0.013338
744001	745000	744501	276.0	-0.769994	-0.240204
745001	746000	745501	321.0	-0.769684	-0.022299
746001	747000	746501	390.0	-0.769374	0.258602
747001	748000	747501	380.0	-0.769064	0.221127
748001	749000	748501	365.0	-0.768754	0.163024
749001	750000	749501	420.0	-0.768444	0.365517
750001	751000	750501	478.0	-0.768134	0.552139
751001	752000	751501	371.0	-0.767824	0.186547
752001	753000	752501	341.0	-0.767514	0.064900
753001	754000	753501	347.0	-0.767204	0.090064
754001	755000	754501	336.0	-0.766894	0.043589
755001	756000	755501	262.0	-0.766584	-0.315305
756001	757000	756501	290.0	-0.766274	-0.168819
757001	758000	757501	311.0	-0.765964	-0.067957
758001	759000	758501	258.0	-0.765654	-0.337501
759001	760000	759501	291.0	-0.765344	-0.163853
760001	761000	760501	300.0	-0.765034	-0.119909
761001	762000	761501	316.0	-0.764724	-0.044947
762001	763000	762501	343.0	-0.764414	0.073337
763001	764000	763501	341.0	-0.764104	0.064900
764001	765000	764501	321.0	-0.763794	-0.022299
765001	766000	765501	410.0	-0.763484	0.330752
766001	767000	766501	367.0	-0.763174	0.170908
767001	768000	767501	301.0	-0.762864	-0.115108
768001	769000	768501	352.0	-0.762554	0.110703
769001	770000	769501	236.0	-0.762244	-0.466085
770001	771000	770501	278.0	-0.761934	-0.229787
771001	772000	771501	257.0	-0.761624	-0.343104
772001	773000	772501	308.0	-0.761314	-0.081942
773001	774000	773501	283.0	-0.761004	-0.204070
774001	775000	774501	316.0	-0.760694	-0.044947
775001	776000	775501	289.0	-0.760384	-0.173802
776001	777000	776501	287.0	-0.760074	-0.183821
777001	778000	777501	356.0	-0.759764	0.127005
778001	779000	778501	327.0	-0.759454	0.004419
779001	780000	779501	263.0	-0.759144	-0.309809
780001	781000	780501	361.0	-0.758834	0.147127
781001	782000	781501	267.0	-0.758524	-0.288032
782001	783000	782501	305.0	-0.758215	-0.096063
783001	784000	783501	272.0	-0.757905	-0.261265
784001	785000	784501	258.0	-0.757595	-0.337501
785001	786000	785501	330.0	-0.757285	0.017594
786001	787000	786501	342.0	-0.756975	0.069124
787001	788000	787501	278.0	-0.756665	-0.229787
788001	789000	788501	269.0	-0.756355	-0.277266
789001	790000	789501	261.0	-0.756045	-0.320822
790001	791000	790501	297.0	-0.755735	-0.134409
791001	792000	791501	307.0	-0.755425	-0.086633
792001	793000	792501	288.0	-0.755115	-0.178803
793001	794000	793501	307.0	-0.754805	-0.086633
794001	795000	794501	253.0	-0.754495	-0.365735
795001	796000	795501	271.0	-0.754185	-0.266579
796001	797000	796501	287.0	-0.753875	-0.183821
797001	798000	797501	235.0	-0.753565	-0.472211
798001	799000	798501	263.0	-0.753255	-0.309809
799001	800000	799501	248.0	-0.752945	-0.394532
800001	801000	800501	288.0	-0.752635	-0.178803
801001	802000	801501	276.0	-0.752325	-0.240204
802001	803000	802501	292.0	-0.752015	-0.158904
803001	804000	803501	319.0	-0.751705	-0.031316
804001	805000	804501	302.0	-0.751395	-0.110323
805001	806000	805501	319.0	-0.751085	-0.031316
806001	807000	806501	301.0	-0.750775	-0.115108
807001	808000	807501	349.0	-0.750465	0.098355
808001	809000	808501	353.0	-0.750155	0.114796
809001	810000	809501	363.0	-0.749845	0.155098
810001	811000	810501	418.0	-0.749535	0.358631
811001	812000	811501	398.0	-0.749225	0.287896
812001	813000	812501	264.0	-0.748915	-0.304334
813001	814000	813501	336.0	-0.748605	0.043589
814001	815000	814501	276.0	-0.748295	-0.240204
815001	816000	815501	303.0	-0.747985	-0.105554
816001	817000	816501	399.0	-0.747675	0.291517
817001	818000	817501	317.0	-0.747365	-0.040389
818001	819000	818501	303.0	-0.747055	-0.105554
819001	820000	819501	350.0	-0.746745	0.102483
820001	821000	820501	387.0	-0.746435	0.247462
821001	822000	821501	322.0	-0.746125	-0.017811
822001	823000	822501	354.0	-0.745815	0.118877
823001	824000	823501	353.0	-0.745505	0.114796
824001	825000	824501	340.0	-0.745195	0.060663
825001	826000	825501	347.0	-0.744885	0.090064
826001	827000	826501	369.0	-0.744575	0.178749
827001	828000	827501	299.0	-0.744265	-0.124726
828001	829000	828501	329.0	-0.743955	0.013216
829001	830000	829501	326.0	-0.743645	0.000000
830001	831000	830501	306.0	-0.743335	-0.091340
831001	832000	831501	258.0	-0.743025	-0.337501
832001	833000	832501	258.0	-0.742715	-0.337501
833001	834000	833501	302.0	-0.742405	-0.110323
834001	835000	834501	303.0	-0.742095	-0.105554
835001	836000	835501	318.0	-0.741785	-0.035845
836001	837000	836501	277.0	-0.741476	-0.234986
837001	838000	837501	269.0	-0.741166	-0.277266
838001	839000	838501	272.0	-0.740856	-0.261265
839001	840000	839501	311.0	-0.740546	-0.067957
840001	841000	840501	341.0	-0.740236	0.064900
841001	842000	841501	244.0	-0.739926	-0.417991
842001	843000	842501	289.0	-0.739616	-0.173802
843001	844000	843501	452.0	-0.739306	0.471451
844001	845000	844501	448.0	-0.738996	0.458627
845001	846000	845501	446.0	-0.738686	0.452172
846001	847000	846501	405.0	-0.738376	0.313050
847001	848000	847501	329.0	-0.738066	0.013216
848001	849000	848501	411.0	-0.737756	0.334266
849001	850000	849501	337.0	-0.737446	0.047877
850001	851000	850501	352.0	-0.737136	0.110703
851001	852000	851501	291.0	-0.736826	-0.163853
852001	853000	852501	347.0	-0.736516	0.090064
853001	854000	853501	415.0	-0.736206	0.348239
854001	855000	854501	269.0	-0.735896	-0.277266
855001	856000	855501	329.0	-0.735586	0.013216
856001	857000	856501	303.0	-0.735276	-0.105554
857001	858000	857501	330.0	-0.734966	0.017594
858001	859000	858501	293.0	-0.734656	-0.153971
859001	860000	859501	308.0	-0.734346	-0.081942
860001	861000	860501	302.0	-0.734036	-0.110323
861001	862000	861501	329.0	-0.733726	0.013216
862001	863000	862501	335.0	-0.733416	0.039289
863001	864000	863501	336.0	-0.733106	0.043589
864001	865000	864501	381.0	-0.732796	0.224919
865001	866000	865501	284.0	-0.732486	-0.198981
866001	867000	866501	280.0	-0.732176	-0.219445
867001	868000	867501	407.0	-0.731866	0.320157
868001	869000	868501	346.0	-0.731556	0.085900
869001	870000	869501	436.0	-0.731246	0.419456
870001	871000	870501	435.0	-0.730936	0.416143
871001	872000	871501	326.0	-0.730626	0.000000
872001	873000	872501	388.0	-0.730316	0.251185
873001	874000	873501	356.0	-0.730006	0.127005
874001	875000	874501	272.0	-0.729696	-0.261265
875001	876000	875501	346.0	-0.729386	0.085900
876001	877000	876501	328.0	-0.729076	0.008824
877001	878000	877501	372.0	-0.728766	0.190431
878001	879000	878501	381.0	-0.728456	0.224919
879001	880000	879501	411.0	-0.728146	0.334266
880001	881000	880501	405.0	-0.727836	0.313050
881001	882000	881501	400.0	-0.727526	0.295128
882001	883000	882501	337.0	-0.727216	0.047877
883001	884000	883501	346.0	-0.726906	0.085900
884001	885000	884501	437.0	-0.726596	0.422761
885001	886000	885501	327.0	-0.726286	0.004419
886001	887000	886501	390.0	-0.725976	0.258602
887001	888000	887501	411.0	-0.725666	0.334266
888001	889000	888501	425.0	-0.725356	0.382591
889001	890000	889501	399.0	-0.725046	0.291517
890001	891000	890501	384.0	-0.724737	0.236234
891001	892000	891501	455.0	-0.724427	0.480995
892001	893000	892501	425.0	-0.724117	0.382591
893001	894000	893501	349.0	-0.723807	0.098355
894001	895000	894501	368.0	-0.723497	0.174834
895001	896000	895501	468.0	-0.723187	0.521637
896001	897000	896501	407.0	-0.722877	0.320157
897001	898000	897501	306.0	-0.722567	-0.091340
898001	899000	898501	349.0	-0.722257	0.098355
899001	900000	899501	273.0	-0.721947	-0.255971
900001	901000	900501	260.0	-0.721637	-0.326360
901001	902000	901501	323.0	-0.721327	-0.013338
902001	903000	902501	346.0	-0.721017	0.085900
903001	904000	903501	404.0	-0.720707	0.309483
904001	905000	904501	411.0	-0.720397	0.334266
905001	906000	905501	355.0	-0.720087	0.122947
906001	907000	906501	283.0	-0.719777	-0.204070
907001	908000	907501	246.0	-0.719467	-0.406214
908001	909000	908501	295.0	-0.719157	-0.144157
909001	910000	909501	259.0	-0.718847	-0.331920
910001	911000	910501	271.0	-0.718537	-0.266579
911001	912000	911501	307.0	-0.718227	-0.086633
912001	913000	912501	273.0	-0.717917	-0.255971
913001	914000	913501	250.0	-0.717607	-0.382944
914001	915000	914501	316.0	-0.717297	-0.044947
915001	916000	915501	393.0	-0.716987	0.269657
916001	917000	916501	365.0	-0.716677	0.163024
917001	918000	917501	311.0	-0.716367	-0.067957
918001	919000	918501	357.0	-0.716057	0.131052
919001	920000	919501	255.0	-0.715747	-0.354375
920001	921000	920501	295.0	-0.715437	-0.144157
921001	922000	921501	327.0	-0.715127	0.004419
922001	923000	922501	299.0	-0.714817	-0.124726
923001	924000	923501	346.0	-0.714507	0.085900
924001	925000	924501	356.0	-0.714197	0.127005
925001	926000	925501	353.0	-0.713887	0.114796
926001	927000	926501	312.0	-0.713577	-0.063326
927001	928000	927501	346.0	-0.713267	0.085900
928001	929000	928501	345.0	-0.712957	0.081724
929001	930000	929501	334.0	-0.712647	0.034976
930001	931000	930501	411.0	-0.712337	0.334266
931001	932000	931501	317.0	-0.712027	-0.040389
932001	933000	932501	314.0	-0.711717	-0.054107
933001	934000	933501	264.0	-0.711407	-0.304334
934001	935000	934501	250.0	-0.711097	-0.382944
935001	936000	935501	332.0	-0.710787	0.026311
936001	937000	936501	251.0	-0.710477	-0.377185
937001	938000	937501	315.0	-0.710167	-0.049520
938001	939000	938501	355.0	-0.709857	0.122947
939001	940000	939501	364.0	-0.709547	0.159066
940001	941000	940501	311.0	-0.709237	-0.067957
941001	942000	941501	282.0	-0.708927	-0.209177
942001	943000	942501	316.0	-0.708617	-0.044947
943001	944000	943501	389.0	-0.708308	0.254898
944001	945000	944501	356.0	-0.707998	0.127005
945001	946000	945501	402.0	-0.707688	0.302324
946001	947000	946501	345.0	-0.707378	0.081724
947001	948000	947501	250.0	-0.707068	-0.382944
948001	949000	948501	349.0	-0.706758	0.098355
949001	950000	949501	402.0	-0.706448	0.302324
950001	951000	950501	398.0	-0.706138	0.287896
951001	952000	951501	345.0	-0.705828	0.081724
952001	953000	952501	316.0	-0.705518	-0.044947
953001	954000	953501	269.0	-0.705208	-0.277266
954001	955000	954501	230.0	-0.704898	-0.503238
955001	956000	955501	262.0	-0.704588	-0.315305
956001	957000	956501	268.0	-0.704278	-0.282639
957001	958000	957501	264.0	-0.703968	-0.304334
958001	959000	958501	378.0	-0.703658	0.213514
959001	960000	959501	363.0	-0.703348	0.155098
960001	961000	960501	330.0	-0.703038	0.017594
961001	962000	961501	269.0	-0.702728	-0.277266
962001	963000	962501	352.0	-0.702418	0.110703
963001	964000	963501	387.0	-0.702108	0.247462
964001	965000	964501	239.0	-0.701798	-0.447861
965001	966000	965501	366.0	-0.701488	0.166972
966001	967000	966501	420.0	-0.701178	0.365517
967001	968000	967501	281.0	-0.700868	-0.214302
968001	969000	968501	329.0	-0.700558	0.013216
969001	970000	969501	353.0	-0.700248	0.114796
970001	971000	970501	394.0	-0.699938	0.273324
971001	972000	971501	298.0	-0.699628	-0.129560
972001	973000	972501	268.0	-0.699318	-0.282639
973001	974000	973501	321.0	-0.699008	-0.022299
974001	975000	974501	259.0	-0.698698	-0.331920
975001	976000	975501	299.0	-0.698388	-0.124726
976001	977000	976501	271.0	-0.698078	-0.266579
977001	978000	977501	189.0	-0.697768	-0.786486
978001	979000	978501	242.0	-0.697458	-0.429865
979001	980000	979501	275.0	-0.697148	-0.245440
980001	981000	980501	261.0	-0.696838	-0.320822
981001	982000	981501	313.0	-0.696528	-0.058709
982001	983000	982501	320.0	-0.696218	-0.026800
983001	984000	983501	312.0	-0.695908	-0.063326
984001	985000	984501	264.0	-0.695598	-0.304334
985001	986000	985501	286.0	-0.695288	-0.188857
986001	987000	986501	337.0	-0.694978	0.047877
987001	988000	987501	331.0	-0.694668	0.021959
988001	989000	988501	315.0	-0.694358	-0.049520
989001	990000	989501	312.0	-0.694048	-0.063326
990001	991000	990501	354.0	-0.693738	0.118877
991001	992000	991501	373.0	-0.693428	0.194304
992001	993000	992501	433.0	-0.693118	0.409495
993001	994000	993501	288.0	-0.692808	-0.178803
994001	995000	994501	325.0	-0.692498	-0.004432
995001	996000	995501	251.0	-0.692188	-0.377185
996001	997000	996501	254.0	-0.691878	-0.360043
997001	998000	997501	330.0	-0.691569	0.017594
998001	999000	998501	307.0	-0.691259	-0.086633
999001	1000000	999501	327.0	-0.690949	0.004419
1000001	1001000	1000501	265.0	-0.690639	-0.298880
1001001	1002000	1001501	271.0	-0.690329	-0.266579
1002001	1003000	1002501	239.0	-0.690019	-0.447861
1003001	1004000	1003501	351.0	-0.689709	0.106599
1004001	1005000	1004501	336.0	-0.689399	0.043589
1005001	1006000	1005501	324.0	-0.689089	-0.008878
1006001	1007000	1006501	256.0	-0.688779	-0.348728
1007001	1008000	1007501	235.0	-0.688469	-0.472211
1008001	1009000	1008501	246.0	-0.688159	-0.406214
1009001	1010000	1009501	252.0	-0.687849	-0.371448
1010001	1011000	1010501	294.0	-0.687539	-0.149056
1011001	1012000	1011501	299.0	-0.687229	-0.124726
1012001	1013000	1012501	322.0	-0.686919	-0.017811
1013001	1014000	1013501	198.0	-0.686609	-0.719372
1014001	1015000	1014501	417.0	-0.686299	0.355175
1015001	1016000	1015501	492.0	-0.685989	0.593786
1016001	1017000	1016501	295.0	-0.685679	-0.144157
1017001	1018000	1017501	285.0	-0.685369	-0.193910
1018001	1019000	1018501	256.0	-0.685059	-0.348728
1019001	1020000	1019501	359.0	-0.684749	0.139112
1020001	1021000	1020501	437.0	-0.684439	0.422761
1021001	1022000	1021501	380.0	-0.684129	0.221127
1022001	1023000	1022501	415.0	-0.683819	0.348239
1023001	1024000	1023501	355.0	-0.683509	0.122947
1024001	1025000	1024501	369.0	-0.683199	0.178749
1025001	1026000	1025501	327.0	-0.682889	0.004419
1026001	1027000	1026501	309.0	-0.682579	-0.077265
1027001	1028000	1027501	294.0	-0.682269	-0.149056
1028001	1029000	1028501	387.0	-0.681959	0.247462
1029001	1030000	1029501	294.0	-0.681649	-0.149056
1030001	1031000	1030501	318.0	-0.681339	-0.035845
1031001	1032000	1031501	303.0	-0.681029	-0.105554
1032001	1033000	1032501	276.0	-0.680719	-0.240204
1033001	1034000	1033501	254.0	-0.680409	-0.360043
1034001	1035000	1034501	239.0	-0.680099	-0.447861
1035001	1036000	1035501	282.0	-0.679789	-0.209177
1036001	1037000	1036501	223.0	-0.679479	-0.547828
1037001	1038000	1037501	237.0	-0.679169	-0.459985
1038001	1039000	1038501	322.0	-0.678859	-0.017811
1039001	1040000	1039501	394.0	-0.678549	0.273324
1040001	1041000	1040501	342.0	-0.678239	0.069124
1041001	1042000	1041501	272.0	-0.677929	-0.261265
1042001	1043000	1042501	263.0	-0.677619	-0.309809
1043001	1044000	1043501	262.0	-0.677309	-0.315305
1044001	1045000	1044501	280.0	-0.676999	-0.219445
1045001	1046000	1045501	240.0	-0.676689	-0.441838
1046001	1047000	1046501	284.0	-0.676379	-0.198981
1047001	1048000	1047501	317.0	-0.676069	-0.040389
1048001	1049000	1048501	311.0	-0.675759	-0.067957
1049001	1050000	1049501	262.0	-0.675449	-0.315305
1050001	1051000	1050501	263.0	-0.675139	-0.309809
1051001	1052000	1051501	355.0	-0.674830	0.122947
1052001	1053000	1052501	243.0	-0.674520	-0.423916
1053001	1054000	1053501	333.0	-0.674210	0.030650
1054001	1055000	1054501	344.0	-0.673900	0.077537
1055001	1056000	1055501	318.0	-0.673590	-0.035845
1056001	1057000	1056501	307.0	-0.673280	-0.086633
1057001	1058000	1057501	218.0	-0.672970	-0.580544
1058001	1059000	1058501	316.0	-0.672660	-0.044947
1059001	1060000	1059501	376.0	-0.672350	0.205861
1060001	1061000	1060501	463.0	-0.672040	0.506140
1061001	1062000	1061501	453.0	-0.671730	0.474639
1062001	1063000	1062501	355.0	-0.671420	0.122947
1063001	1064000	1063501	342.0	-0.671110	0.069124
1064001	1065000	1064501	332.0	-0.670800	0.026311
1065001	1066000	1065501	442.0	-0.670490	0.439174
1066001	1067000	1066501	347.0	-0.670180	0.090064
1067001	1068000	1067501	359.0	-0.669870	0.139112
1068001	1069000	1068501	321.0	-0.669560	-0.022299
1069001	1070000	1069501	314.0	-0.669250	-0.054107
1070001	1071000	1070501	320.0	-0.668940	-0.026800
1071001	1072000	1071501	275.0	-0.668630	-0.245440
1072001	1073000	1072501	302.0	-0.668320	-0.110323
1073001	1074000	1073501	292.0	-0.668010	-0.158904
1074001	1075000	1074501	291.0	-0.667700	-0.163853
1075001	1076000	1075501	263.0	-0.667390	-0.309809
1076001	1077000	1076501	300.0	-0.667080	-0.119909
1077001	1078000	1077501	314.0	-0.666770	-0.054107
1078001	1079000	1078501	302.0	-0.666460	-0.110323
1079001	1080000	1079501	310.0	-0.666150	-0.072604
1080001	1081000	1080501	308.0	-0.665840	-0.081942
1081001	1082000	1081501	318.0	-0.665530	-0.035845
1082001	1083000	1082501	295.0	-0.665220	-0.144157
1083001	1084000	1083501	309.0	-0.664910	-0.077265
1084001	1085000	1084501	331.0	-0.664600	0.021959
1085001	1086000	1085501	306.0	-0.664290	-0.091340
1086001	1087000	1086501	281.0	-0.663980	-0.214302
1087001	1088000	1087501	333.0	-0.663670	0.030650
1088001	1089000	1088501	297.0	-0.663360	-0.134409
1089001	1090000	1089501	264.0	-0.663050	-0.304334
1090001	1091000	1090501	240.0	-0.662740	-0.441838
1091001	1092000	1091501	257.0	-0.662430	-0.343104
1092001	1093000	1092501	255.0	-0.662120	-0.354375
1093001	1094000	1093501	265.0	-0.661810	-0.298880
1094001	1095000	1094501	292.0	-0.661500	-0.158904
1095001	1096000	1095501	322.0	-0.661190	-0.017811
1096001	1097000	1096501	361.0	-0.660880	0.147127
1097001	1098000	1097501	307.0	-0.660570	-0.086633
1098001	1099000	1098501	468.0	-0.660260	0.521637
1099001	1100000	1099501	403.0	-0.659950	0.305908
1100001	1101000	1100501	326.0	-0.659640	0.000000
1101001	1102000	1101501	460.0	-0.659330	0.496762
1102001	1103000	1102501	386.0	-0.659020	0.243729
1103001	1104000	1103501	447.0	-0.658710	0.455403
1104001	1105000	1104501	316.0	-0.658400	-0.044947
1105001	1106000	1105501	270.0	-0.658091	-0.271913
1106001	1107000	1106501	300.0	-0.657781	-0.119909
1107001	1108000	1107501	214.0	-0.657471	-0.607261
1108001	1109000	1108501	269.0	-0.657161	-0.277266
1109001	1110000	1109501	226.0	-0.656851	-0.528549
1110001	1111000	1110501	233.0	-0.656541	-0.484542
1111001	1112000	1111501	222.0	-0.656231	-0.554312
1112001	1113000	1112501	298.0	-0.655921	-0.129560
1113001	1114000	1113501	270.0	-0.655611	-0.271913
1114001	1115000	1114501	210.0	-0.655301	-0.634483
1115001	1116000	1115501	328.0	-0.654991	0.008824
1116001	1117000	1116501	250.0	-0.654681	-0.382944
1117001	1118000	1117501	260.0	-0.654371	-0.326360
1118001	1119000	1118501	359.0	-0.654061	0.139112
1119001	1120000	1119501	336.0	-0.653751	0.043589
1120001	1121000	1120501	285.0	-0.653441	-0.193910
1121001	1122000	1121501	235.0	-0.653131	-0.472211
1122001	1123000	1122501	278.0	-0.652821	-0.229787
1123001	1124000	1123501	328.0	-0.652511	0.008824
1124001	1125000	1124501	340.0	-0.652201	0.060663
1125001	1126000	1125501	267.0	-0.651891	-0.288032
1126001	1127000	1126501	283.0	-0.651581	-0.204070
1127001	1128000	1127501	266.0	-0.651271	-0.293446
1128001	1129000	1128501	358.0	-0.650961	0.135088
1129001	1130000	1129501	399.0	-0.650651	0.291517
1130001	1131000	1130501	338.0	-0.650341	0.052151
1131001	1132000	1131501	382.0	-0.650031	0.228701
1132001	1133000	1132501	395.0	-0.649721	0.276981
1133001	1134000	1133501	410.0	-0.649411	0.330752
1134001	1135000	1134501	370.0	-0.649101	0.182653
1135001	1136000	1135501	395.0	-0.648791	0.276981
1136001	1137000	1136501	378.0	-0.648481	0.213514
1137001	1138000	1137501	354.0	-0.648171	0.118877
1138001	1139000	1138501	323.0	-0.647861	-0.013338
1139001	1140000	1139501	383.0	-0.647551	0.232472
1140001	1141000	1140501	299.0	-0.647241	-0.124726
1141001	1142000	1141501	309.0	-0.646931	-0.077265
1142001	1143000	1142501	366.0	-0.646621	0.166972
1143001	1144000	1143501	374.0	-0.646311	0.198166
1144001	1145000	1144501	342.0	-0.646001	0.069124
1145001	1146000	1145501	386.0	-0.645691	0.243729
1146001	1147000	1146501	295.0	-0.645381	-0.144157
1147001	1148000	1147501	347.0	-0.645071	0.090064
1148001	1149000	1148501	364.0	-0.644761	0.159066
1149001	1150000	1149501	382.0	-0.644451	0.228701
1150001	1151000	1150501	343.0	-0.644141	0.073337
1151001	1152000	1151501	335.0	-0.643831	0.039289
1152001	1153000	1152501	332.0	-0.643521	0.026311
1153001	1154000	1153501	286.0	-0.643211	-0.188857
1154001	1155000	1154501	332.0	-0.642901	0.026311
1155001	1156000	1155501	376.0	-0.642591	0.205861
1156001	1157000	1156501	368.0	-0.642281	0.174834
1157001	1158000	1157501	375.0	-0.641971	0.202019
1158001	1159000	1158501	354.0	-0.641662	0.118877
1159001	1160000	1159501	304.0	-0.641352	-0.100801
1160001	1161000	1160501	297.0	-0.641042	-0.134409
1161001	1162000	1161501	378.0	-0.640732	0.213514
1162001	1163000	1162501	473.0	-0.640422	0.536968
1163001	1164000	1163501	396.0	-0.640112	0.280628
1164001	1165000	1164501	288.0	-0.639802	-0.178803
1165001	1166000	1165501	282.0	-0.639492	-0.209177
1166001	1167000	1166501	310.0	-0.639182	-0.072604
1167001	1168000	1167501	239.0	-0.638872	-0.447861
1168001	1169000	1168501	304.0	-0.638562	-0.100801
1169001	1170000	1169501	378.0	-0.638252	0.213514
1170001	1171000	1170501	410.0	-0.637942	0.330752
1171001	1172000	1171501	277.0	-0.637632	-0.234986
1172001	1173000	1172501	254.0	-0.637322	-0.360043
1173001	1174000	1173501	205.0	-0.637012	-0.669248
1174001	1175000	1174501	244.0	-0.636702	-0.417991
1175001	1176000	1175501	299.0	-0.636392	-0.124726
1176001	1177000	1176501	275.0	-0.636082	-0.245440
1177001	1178000	1177501	299.0	-0.635772	-0.124726
1178001	1179000	1178501	300.0	-0.635462	-0.119909
1179001	1180000	1179501	450.0	-0.635152	0.465053
1180001	1181000	1180501	424.0	-0.634842	0.379192
1181001	1182000	1181501	367.0	-0.634532	0.170908
1182001	1183000	1182501	374.0	-0.634222	0.198166
1183001	1184000	1183501	323.0	-0.633912	-0.013338
1184001	1185000	1184501	235.0	-0.633602	-0.472211
1185001	1186000	1185501	255.0	-0.633292	-0.354375
1186001	1187000	1186501	244.0	-0.632982	-0.417991
1187001	1188000	1187501	280.0	-0.632672	-0.219445
1188001	1189000	1188501	264.0	-0.632362	-0.304334
1189001	1190000	1189501	311.0	-0.632052	-0.067957
1190001	1191000	1190501	369.0	-0.631742	0.178749
1191001	1192000	1191501	364.0	-0.631432	0.159066
1192001	1193000	1192501	438.0	-0.631122	0.426059
1193001	1194000	1193501	450.0	-0.630812	0.465053
1194001	1195000	1194501	491.0	-0.630502	0.590851
1195001	1196000	1195501	493.0	-0.630192	0.596716
1196001	1197000	1196501	356.0	-0.629882	0.127005
1197001	1198000	1197501	265.0	-0.629572	-0.298880
1198001	1199000	1198501	304.0	-0.629262	-0.100801
1199001	1200000	1199501	306.0	-0.628952	-0.091340
1200001	1201000	1200501	306.0	-0.628642	-0.091340
1201001	1202000	1201501	229.0	-0.628332	-0.509524
1202001	1203000	1202501	249.0	-0.628022	-0.388726
1203001	1204000	1203501	377.0	-0.627712	0.209693
1204001	1205000	1204501	365.0	-0.627402	0.163024
1205001	1206000	1205501	325.0	-0.627092	-0.004432
1206001	1207000	1206501	388.0	-0.626782	0.251185
1207001	1208000	1207501	327.0	-0.626472	0.004419
1208001	1209000	1208501	351.0	-0.626162	0.106599
1209001	1210000	1209501	357.0	-0.625852	0.131052
1210001	1211000	1210501	343.0	-0.625542	0.073337
1211001	1212000	1211501	394.0	-0.625232	0.273324
1212001	1213000	1212501	327.0	-0.624923	0.004419
1213001	1214000	1213501	414.0	-0.624613	0.344759
1214001	1215000	1214501	430.0	-0.624303	0.399465
1215001	1216000	1215501	417.0	-0.623993	0.355175
1216001	1217000	1216501	434.0	-0.623683	0.412823
1217001	1218000	1217501	388.0	-0.623373	0.251185
1218001	1219000	1218501	387.0	-0.623063	0.247462
1219001	1220000	1219501	338.0	-0.622753	0.052151
1220001	1221000	1220501	285.0	-0.622443	-0.193910
1221001	1222000	1221501	340.0	-0.622133	0.060663
1222001	1223000	1222501	398.0	-0.621823	0.287896
1223001	1224000	1223501	369.0	-0.621513	0.178749
1224001	1225000	1224501	375.0	-0.621203	0.202019
1225001	1226000	1225501	255.0	-0.620893	-0.354375
1226001	1227000	1226501	268.0	-0.620583	-0.282639
1227001	1228000	1227501	296.0	-0.620273	-0.139275
1228001	1229000	1228501	337.0	-0.619963	0.047877
1229001	1230000	1229501	314.0	-0.619653	-0.054107
1230001	1231000	1230501	340.0	-0.619343	0.060663
1231001	1232000	1231501	343.0	-0.619033	0.073337
1232001	1233000	1232501	354.0	-0.618723	0.118877
1233001	1234000	1233501	334.0	-0.618413	0.034976
1234001	1235000	1234501	278.0	-0.618103	-0.229787
1235001	1236000	1235501	346.0	-0.617793	0.085900
1236001	1237000	1236501	276.0	-0.617483	-0.240204
1237001	1238000	1237501	334.0	-0.617173	0.034976
1238001	1239000	1238501	315.0	-0.616863	-0.049520
1239001	1240000	1239501	268.0	-0.616553	-0.282639
1240001	1241000	1240501	334.0	-0.616243	0.034976
1241001	1242000	1241501	303.0	-0.615933	-0.105554
1242001	1243000	1242501	263.0	-0.615623	-0.309809
1243001	1244000	1243501	354.0	-0.615313	0.118877
1244001	1245000	1244501	434.0	-0.615003	0.412823
1245001	1246000	1245501	406.0	-0.614693	0.316608
1246001	1247000	1246501	335.0	-0.614383	0.039289
1247001	1248000	1247501	229.0	-0.614073	-0.509524
1248001	1249000	1248501	364.0	-0.613763	0.159066
1249001	1250000	1249501	440.0	-0.613453	0.432632
1250001	1251000	1250501	547.0	-0.613143	0.746669
1251001	1252000	1251501	449.0	-0.612833	0.461843
1252001	1253000	1252501	601.0	-0.612523	0.882493
1253001	1254000	1253501	580.0	-0.612213	0.831181
1254001	1255000	1254501	358.0	-0.611903	0.135088
1255001	1256000	1255501	463.0	-0.611593	0.506140
1256001	1257000	1256501	441.0	-0.611283	0.435907
1257001	1258000	1257501	331.0	-0.610973	0.021959
1258001	1259000	1258501	354.0	-0.610663	0.118877
1259001	1260000	1259501	421.0	-0.610353	0.368948
1260001	1261000	1260501	362.0	-0.610043	0.151118
1261001	1262000	1261501	377.0	-0.609733	0.209693
1262001	1263000	1262501	276.0	-0.609423	-0.240204
1263001	1264000	1263501	248.0	-0.609113	-0.394532
1264001	1265000	1264501	271.0	-0.608803	-0.266579
1265001	1266000	1265501	260.0	-0.608493	-0.326360
1266001	1267000	1266501	236.0	-0.608184	-0.466085
1267001	1268000	1267501	306.0	-0.607874	-0.091340
1268001	1269000	1268501	256.0	-0.607564	-0.348728
1269001	1270000	1269501	221.0	-0.607254	-0.560826
1270001	1271000	1270501	261.0	-0.606944	-0.320822
1271001	1272000	1271501	214.0	-0.606634	-0.607261
1272001	1273000	1272501	221.0	-0.606324	-0.560826
1273001	1274000	1273501	243.0	-0.606014	-0.423916
1274001	1275000	1274501	345.0	-0.605704	0.081724
1275001	1276000	1275501	295.0	-0.605394	-0.144157
1276001	1277000	1276501	268.0	-0.605084	-0.282639
1277001	1278000	1277501	292.0	-0.604774	-0.158904
1278001	1279000	1278501	305.0	-0.604464	-0.096063
1279001	1280000	1279501	309.0	-0.604154	-0.077265
1280001	1281000	1280501	373.0	-0.603844	0.194304
1281001	1282000	1281501	293.0	-0.603534	-0.153971
1282001	1283000	1282501	317.0	-0.603224	-0.040389
1283001	1284000	1283501	297.0	-0.602914	-0.134409
1284001	1285000	1284501	338.0	-0.602604	0.052151
1285001	1286000	1285501	254.0	-0.602294	-0.360043
1286001	1287000	1286501	247.0	-0.601984	-0.400361
1287001	1288000	1287501	278.0	-0.601674	-0.229787
1288001	1289000	1288501	302.0	-0.601364	-0.110323
1289001	1290000	1289501	285.0	-0.601054	-0.193910
1290001	1291000	1290501	364.0	-0.600744	0.159066
1291001	1292000	1291501	253.0	-0.600434	-0.365735
1292001	1293000	1292501	314.0	-0.600124	-0.054107
1293001	1294000	1293501	377.0	-0.599814	0.209693
1294001	1295000	1294501	335.0	-0.599504	0.039289
1295001	1296000	1295501	313.0	-0.599194	-0.058709
1296001	1297000	1296501	307.0	-0.598884	-0.086633
1297001	1298000	1297501	297.0	-0.598574	-0.134409
1298001	1299000	1298501	312.0	-0.598264	-0.063326
1299001	1300000	1299501	330.0	-0.597954	0.017594
1300001	1301000	1300501	341.0	-0.597644	0.064900
1301001	1302000	1301501	258.0	-0.597334	-0.337501
1302001	1303000	1302501	361.0	-0.597024	0.147127
1303001	1304000	1303501	335.0	-0.596714	0.039289
1304001	1305000	1304501	330.0	-0.596404	0.017594
1305001	1306000	1305501	340.0	-0.596094	0.060663
1306001	1307000	1306501	309.0	-0.595784	-0.077265
1307001	1308000	1307501	239.0	-0.595474	-0.447861
1308001	1309000	1308501	263.0	-0.595164	-0.309809
1309001	1310000	1309501	351.0	-0.594854	0.106599
1310001	1311000	1310501	296.0	-0.594544	-0.139275
1311001	1312000	1311501	281.0	-0.594234	-0.214302
1312001	1313000	1312501	326.0	-0.593924	0.000000
1313001	1314000	1313501	278.0	-0.593614	-0.229787
1314001	1315000	1314501	399.0	-0.593304	0.291517
1315001	1316000	1315501	283.0	-0.592994	-0.204070
1316001	1317000	1316501	349.0	-0.592684	0.098355
1317001	1318000	1317501	364.0	-0.592374	0.159066
1318001	1319000	1318501	345.0	-0.592064	0.081724
1319001	1320000	1319501	338.0	-0.591754	0.052151
1320001	1321000	1320501	295.0	-0.591445	-0.144157
1321001	1322000	1321501	303.0	-0.591135	-0.105554
1322001	1323000	1322501	340.0	-0.590825	0.060663
1323001	1324000	1323501	440.0	-0.590515	0.432632
1324001	1325000	1324501	377.0	-0.590205	0.209693
1325001	1326000	1325501	329.0	-0.589895	0.013216
1326001	1327000	1326501	357.0	-0.589585	0.131052
1327001	1328000	1327501	331.0	-0.589275	0.021959
1328001	1329000	1328501	250.0	-0.588965	-0.382944
1329001	1330000	1329501	267.0	-0.588655	-0.288032
1330001	1331000	1330501	286.0	-0.588345	-0.188857
1331001	1332000	1331501	298.0	-0.588035	-0.129560
1332001	1333000	1332501	275.0	-0.587725	-0.245440
1333001	1334000	1333501	288.0	-0.587415	-0.178803
1334001	1335000	1334501	260.0	-0.587105	-0.326360
1335001	1336000	1335501	314.0	-0.586795	-0.054107
1336001	1337000	1336501	375.0	-0.586485	0.202019
1337001	1338000	1337501	344.0	-0.586175	0.077537
1338001	1339000	1338501	367.0	-0.585865	0.170908
1339001	1340000	1339501	364.0	-0.585555	0.159066
1340001	1341000	1340501	313.0	-0.585245	-0.058709
1341001	1342000	1341501	315.0	-0.584935	-0.049520
1342001	1343000	1342501	316.0	-0.584625	-0.044947
1343001	1344000	1343501	291.0	-0.584315	-0.163853
1344001	1345000	1344501	351.0	-0.584005	0.106599
1345001	1346000	1345501	427.0	-0.583695	0.389364
1346001	1347000	1346501	428.0	-0.583385	0.392739
1347001	1348000	1347501	500.0	-0.583075	0.617056
1348001	1349000	1348501	357.0	-0.582765	0.131052
1349001	1350000	1349501	430.0	-0.582455	0.399465
1350001	1351000	1350501	368.0	-0.582145	0.174834
1351001	1352000	1351501	260.0	-0.581835	-0.326360
1352001	1353000	1352501	313.0	-0.581525	-0.058709
1353001	1354000	1353501	311.0	-0.581215	-0.067957
1354001	1355000	1354501	334.0	-0.580905	0.034976
1355001	1356000	1355501	341.0	-0.580595	0.064900
1356001	1357000	1356501	274.0	-0.580285	-0.250696
1357001	1358000	1357501	270.0	-0.579975	-0.271913
1358001	1359000	1358501	259.0	-0.579665	-0.331920
1359001	1360000	1359501	361.0	-0.579355	0.147127
1360001	1361000	1360501	309.0	-0.579045	-0.077265
1361001	1362000	1361501	324.0	-0.578735	-0.008878
1362001	1363000	1362501	340.0	-0.578425	0.060663
1363001	1364000	1363501	398.0	-0.578115	0.287896
1364001	1365000	1364501	332.0	-0.577805	0.026311
1365001	1366000	1365501	343.0	-0.577495	0.073337
1366001	1367000	1366501	334.0	-0.577185	0.034976
1367001	1368000	1367501	288.0	-0.576875	-0.178803
1368001	1369000	1368501	277.0	-0.576565	-0.234986
1369001	1370000	1369501	297.0	-0.576255	-0.134409
1370001	1371000	1370501	301.0	-0.575945	-0.115108
1371001	1372000	1371501	257.0	-0.575635	-0.343104
1372001	1373000	1372501	303.0	-0.575325	-0.105554
1373001	1374000	1373501	305.0	-0.575015	-0.096063
1374001	1375000	1374501	282.0	-0.574706	-0.209177
1375001	1376000	1375501	386.0	-0.574396	0.243729
1376001	1377000	1376501	381.0	-0.574086	0.224919
1377001	1378000	1377501	312.0	-0.573776	-0.063326
1378001	1379000	1378501	243.0	-0.573466	-0.423916
1379001	1380000	1379501	358.0	-0.573156	0.135088
1380001	1381000	1380501	359.0	-0.572846	0.139112
1381001	1382000	1381501	324.0	-0.572536	-0.008878
1382001	1383000	1382501	277.0	-0.572226	-0.234986
1383001	1384000	1383501	287.0	-0.571916	-0.183821
1384001	1385000	1384501	254.0	-0.571606	-0.360043
1385001	1386000	1385501	304.0	-0.571296	-0.100801
1386001	1387000	1386501	248.0	-0.570986	-0.394532
1387001	1388000	1387501	264.0	-0.570676	-0.304334
1388001	1389000	1388501	263.0	-0.570366	-0.309809
1389001	1390000	1389501	237.0	-0.570056	-0.459985
1390001	1391000	1390501	230.0	-0.569746	-0.503238
1391001	1392000	1391501	218.0	-0.569436	-0.580544
1392001	1393000	1392501	316.0	-0.569126	-0.044947
1393001	1394000	1393501	233.0	-0.568816	-0.484542
1394001	1395000	1394501	333.0	-0.568506	0.030650
1395001	1396000	1395501	371.0	-0.568196	0.186547
1396001	1397000	1396501	346.0	-0.567886	0.085900
1397001	1398000	1397501	291.0	-0.567576	-0.163853
1398001	1399000	1398501	269.0	-0.567266	-0.277266
1399001	1400000	1399501	257.0	-0.566956	-0.343104
1400001	1401000	1400501	318.0	-0.566646	-0.035845
1401001	1402000	1401501	271.0	-0.566336	-0.266579
1402001	1403000	1402501	287.0	-0.566026	-0.183821
1403001	1404000	1403501	328.0	-0.565716	0.008824
1404001	1405000	1404501	289.0	-0.565406	-0.173802
1405001	1406000	1405501	237.0	-0.565096	-0.459985
1406001	1407000	1406501	228.0	-0.564786	-0.515838
1407001	1408000	1407501	232.0	-0.564476	-0.490747
1408001	1409000	1408501	245.0	-0.564166	-0.412090
1409001	1410000	1409501	255.0	-0.563856	-0.354375
1410001	1411000	1410501	235.0	-0.563546	-0.472211
1411001	1412000	1411501	244.0	-0.563236	-0.417991
1412001	1413000	1412501	275.0	-0.562926	-0.245440
1413001	1414000	1413501	241.0	-0.562616	-0.435839
1414001	1415000	1414501	200.0	-0.562306	-0.704872
1415001	1416000	1415501	233.0	-0.561996	-0.484542
1416001	1417000	1416501	249.0	-0.561686	-0.388726
1417001	1418000	1417501	230.0	-0.561376	-0.503238
1418001	1419000	1418501	310.0	-0.561066	-0.072604
1419001	1420000	1419501	274.0	-0.560756	-0.250696
1420001	1421000	1420501	232.0	-0.560446	-0.490747
1421001	1422000	1421501	291.0	-0.560136	-0.163853
1422001	1423000	1422501	323.0	-0.559826	-0.013338
1423001	1424000	1423501	266.0	-0.559516	-0.293446
1424001	1425000	1424501	264.0	-0.559206	-0.304334
1425001	1426000	1425501	283.0	-0.558896	-0.204070
1426001	1427000	1426501	388.0	-0.558586	0.251185
1427001	1428000	1427501	366.0	-0.558277	0.166972
1428001	1429000	1428501	300.0	-0.557967	-0.119909
1429001	1430000	1429501	282.0	-0.557657	-0.209177
1430001	1431000	1430501	334.0	-0.557347	0.034976
1431001	1432000	1431501	309.0	-0.557037	-0.077265
1432001	1433000	1432501	460.0	-0.556727	0.496762
1433001	1434000	1433501	387.0	-0.556417	0.247462
1434001	1435000	1434501	277.0	-0.556107	-0.234986
1435001	1436000	1435501	288.0	-0.555797	-0.178803
1436001	1437000	1436501	309.0	-0.555487	-0.077265
1437001	1438000	1437501	231.0	-0.555177	-0.496979
1438001	1439000	1438501	261.0	-0.554867	-0.320822
1439001	1440000	1439501	239.0	-0.554557	-0.447861
1440001	1441000	1440501	274.0	-0.554247	-0.250696
1441001	1442000	1441501	271.0	-0.553937	-0.266579
1442001	1443000	1442501	292.0	-0.553627	-0.158904
1443001	1444000	1443501	254.0	-0.553317	-0.360043
1444001	1445000	1444501	343.0	-0.553007	0.073337
1445001	1446000	1445501	374.0	-0.552697	0.198166
1446001	1447000	1446501	324.0	-0.552387	-0.008878
1447001	1448000	1447501	317.0	-0.552077	-0.040389
1448001	1449000	1448501	381.0	-0.551767	0.224919
1449001	1450000	1449501	464.0	-0.551457	0.509253
1450001	1451000	1450501	487.0	-0.551147	0.579050
1451001	1452000	1451501	475.0	-0.550837	0.543056
1452001	1453000	1452501	401.0	-0.550527	0.298730
1453001	1454000	1453501	399.0	-0.550217	0.291517
1454001	1455000	1454501	407.0	-0.549907	0.320157
1455001	1456000	1455501	334.0	-0.549597	0.034976
1456001	1457000	1456501	335.0	-0.549287	0.039289
1457001	1458000	1457501	305.0	-0.548977	-0.096063
1458001	1459000	1458501	248.0	-0.548667	-0.394532
1459001	1460000	1459501	308.0	-0.548357	-0.081942
1460001	1461000	1460501	329.0	-0.548047	0.013216
1461001	1462000	1461501	361.0	-0.547737	0.147127
1462001	1463000	1462501	442.0	-0.547427	0.439174
1463001	1464000	1463501	363.0	-0.547117	0.155098
1464001	1465000	1464501	478.0	-0.546807	0.552139
1465001	1466000	1465501	427.0	-0.546497	0.389364
1466001	1467000	1466501	435.0	-0.546187	0.416143
1467001	1468000	1467501	334.0	-0.545877	0.034976
1468001	1469000	1468501	367.0	-0.545567	0.170908
1469001	1470000	1469501	265.0	-0.545257	-0.298880
1470001	1471000	1470501	313.0	-0.544947	-0.058709
1471001	1472000	1471501	275.0	-0.544637	-0.245440
1472001	1473000	1472501	329.0	-0.544327	0.013216
1473001	1474000	1473501	410.0	-0.544017	0.330752
1474001	1475000	1474501	349.0	-0.543707	0.098355
1475001	1476000	1475501	315.0	-0.543397	-0.049520
1476001	1477000	1476501	382.0	-0.543087	0.228701
1477001	1478000	1477501	336.0	-0.542777	0.043589
1478001	1479000	1478501	336.0	-0.542467	0.043589
1479001	1480000	1479501	257.0	-0.542157	-0.343104
1480001	1481000	1480501	307.0	-0.541847	-0.086633
1481001	1482000	1481501	370.0	-0.541538	0.182653
1482001	1483000	1482501	330.0	-0.541228	0.017594
1483001	1484000	1483501	351.0	-0.540918	0.106599
1484001	1485000	1484501	327.0	-0.540608	0.004419
1485001	1486000	1485501	332.0	-0.540298	0.026311
1486001	1487000	1486501	285.0	-0.539988	-0.193910
1487001	1488000	1487501	258.0	-0.539678	-0.337501
1488001	1489000	1488501	286.0	-0.539368	-0.188857
1489001	1490000	1489501	318.0	-0.539058	-0.035845
1490001	1491000	1490501	318.0	-0.538748	-0.035845
1491001	1492000	1491501	335.0	-0.538438	0.039289
1492001	1493000	1492501	334.0	-0.538128	0.034976
1493001	1494000	1493501	316.0	-0.537818	-0.044947
1494001	1495000	1494501	282.0	-0.537508	-0.209177
1495001	1496000	1495501	316.0	-0.537198	-0.044947
1496001	1497000	1496501	389.0	-0.536888	0.254898
1497001	1498000	1497501	308.0	-0.536578	-0.081942
1498001	1499000	1498501	252.0	-0.536268	-0.371448
1499001	1500000	1499501	336.0	-0.535958	0.043589
1500001	1501000	1500501	314.0	-0.535648	-0.054107
1501001	1502000	1501501	258.0	-0.535338	-0.337501
1502001	1503000	1502501	269.0	-0.535028	-0.277266
1503001	1504000	1503501	299.0	-0.534718	-0.124726
1504001	1505000	1504501	287.0	-0.534408	-0.183821
1505001	1506000	1505501	326.0	-0.534098	0.000000
1506001	1507000	1506501	405.0	-0.533788	0.313050
1507001	1508000	1507501	567.0	-0.533478	0.798477
1508001	1509000	1508501	508.0	-0.533168	0.639957
1509001	1510000	1509501	384.0	-0.532858	0.236234
1510001	1511000	1510501	391.0	-0.532548	0.262297
1511001	1512000	1511501	290.0	-0.532238	-0.168819
1512001	1513000	1512501	404.0	-0.531928	0.309483
1513001	1514000	1513501	385.0	-0.531618	0.239986
1514001	1515000	1514501	277.0	-0.531308	-0.234986
1515001	1516000	1515501	354.0	-0.530998	0.118877
1516001	1517000	1516501	344.0	-0.530688	0.077537
1517001	1518000	1517501	340.0	-0.530378	0.060663
1518001	1519000	1518501	396.0	-0.530068	0.280628
1519001	1520000	1519501	281.0	-0.529758	-0.214302
1520001	1521000	1520501	299.0	-0.529448	-0.124726
1521001	1522000	1521501	250.0	-0.529138	-0.382944
1522001	1523000	1522501	294.0	-0.528828	-0.149056
1523001	1524000	1523501	285.0	-0.528518	-0.193910
1524001	1525000	1524501	295.0	-0.528208	-0.144157
1525001	1526000	1525501	349.0	-0.527898	0.098355
1526001	1527000	1526501	332.0	-0.527588	0.026311
1527001	1528000	1527501	375.0	-0.527278	0.202019
1528001	1529000	1528501	464.0	-0.526968	0.509253
1529001	1530000	1529501	413.0	-0.526658	0.341270
1530001	1531000	1530501	290.0	-0.526348	-0.168819
1531001	1532000	1531501	313.0	-0.526038	-0.058709
1532001	1533000	1532501	245.0	-0.525728	-0.412090
1533001	1534000	1533501	285.0	-0.525418	-0.193910
1534001	1535000	1534501	386.0	-0.525108	0.243729
1535001	1536000	1535501	341.0	-0.524799	0.064900
1536001	1537000	1536501	345.0	-0.524489	0.081724
1537001	1538000	1537501	326.0	-0.524179	0.000000
1538001	1539000	1538501	344.0	-0.523869	0.077537
1539001	1540000	1539501	337.0	-0.523559	0.047877
1540001	1541000	1540501	320.0	-0.523249	-0.026800
1541001	1542000	1541501	383.0	-0.522939	0.232472
1542001	1543000	1542501	525.0	-0.522629	0.687445
1543001	1544000	1543501	545.0	-0.522319	0.741384
1544001	1545000	1544501	405.0	-0.522009	0.313050
1545001	1546000	1545501	326.0	-0.521699	0.000000
1546001	1547000	1546501	316.0	-0.521389	-0.044947
1547001	1548000	1547501	300.0	-0.521079	-0.119909
1548001	1549000	1548501	340.0	-0.520769	0.060663
1549001	1550000	1549501	324.0	-0.520459	-0.008878
1550001	1551000	1550501	367.0	-0.520149	0.170908
1551001	1552000	1551501	362.0	-0.519839	0.151118
1552001	1553000	1552501	312.0	-0.519529	-0.063326
1553001	1554000	1553501	328.0	-0.519219	0.008824
1554001	1555000	1554501	344.0	-0.518909	0.077537
1555001	1556000	1555501	305.0	-0.518599	-0.096063
1556001	1557000	1556501	420.0	-0.518289	0.365517
1557001	1558000	1557501	430.0	-0.517979	0.399465
1558001	1559000	1558501	386.0	-0.517669	0.243729
1559001	1560000	1559501	410.0	-0.517359	0.330752
1560001	1561000	1560501	403.0	-0.517049	0.305908
1561001	1562000	1561501	430.0	-0.516739	0.399465
1562001	1563000	1562501	387.0	-0.516429	0.247462
1563001	1564000	1563501	327.0	-0.516119	0.004419
1564001	1565000	1564501	279.0	-0.515809	-0.224607
1565001	1566000	1565501	316.0	-0.515499	-0.044947
1566001	1567000	1566501	329.0	-0.515189	0.013216
1567001	1568000	1567501	311.0	-0.514879	-0.067957
1568001	1569000	1568501	299.0	-0.514569	-0.124726
1569001	1570000	1569501	313.0	-0.514259	-0.058709
1570001	1571000	1570501	327.0	-0.513949	0.004419
1571001	1572000	1571501	340.0	-0.513639	0.060663
1572001	1573000	1572501	304.0	-0.513329	-0.100801
1573001	1574000	1573501	327.0	-0.513019	0.004419
1574001	1575000	1574501	253.0	-0.512709	-0.365735
1575001	1576000	1575501	255.0	-0.512399	-0.354375
1576001	1577000	1576501	281.0	-0.512089	-0.214302
1577001	1578000	1577501	331.0	-0.511779	0.021959
1578001	1579000	1578501	323.0	-0.511469	-0.013338
1579001	1580000	1579501	262.0	-0.511159	-0.315305
1580001	1581000	1580501	352.0	-0.510849	0.110703
1581001	1582000	1581501	340.0	-0.510539	0.060663
1582001	1583000	1582501	371.0	-0.510229	0.186547
1583001	1584000	1583501	245.0	-0.509919	-0.412090
1584001	1585000	1584501	304.0	-0.509609	-0.100801
1585001	1586000	1585501	343.0	-0.509299	0.073337
1586001	1587000	1586501	317.0	-0.508989	-0.040389
1587001	1588000	1587501	320.0	-0.508679	-0.026800
1588001	1589000	1588501	368.0	-0.508369	0.174834
1589001	1590000	1589501	317.0	-0.508060	-0.040389
1590001	1591000	1590501	323.0	-0.507750	-0.013338
1591001	1592000	1591501	326.0	-0.507440	0.000000
1592001	1593000	1592501	316.0	-0.507130	-0.044947
1593001	1594000	1593501	385.0	-0.506820	0.239986
1594001	1595000	1594501	444.0	-0.506510	0.445688
1595001	1596000	1595501	348.0	-0.506200	0.094215
1596001	1597000	1596501	315.0	-0.505890	-0.049520
1597001	1598000	1597501	384.0	-0.505580	0.236234
1598001	1599000	1598501	462.0	-0.505270	0.503021
1599001	1600000	1599501	365.0	-0.504960	0.163024
1600001	1601000	1600501	358.0	-0.504650	0.135088
1601001	1602000	1601501	385.0	-0.504340	0.239986
1602001	1603000	1602501	363.0	-0.504030	0.155098
1603001	1604000	1603501	427.0	-0.503720	0.389364
1604001	1605000	1604501	545.0	-0.503410	0.741384
1605001	1606000	1605501	368.0	-0.503100	0.174834
1606001	1607000	1606501	366.0	-0.502790	0.166972
1607001	1608000	1607501	362.0	-0.502480	0.151118
1608001	1609000	1608501	363.0	-0.502170	0.155098
1609001	1610000	1609501	307.0	-0.501860	-0.086633
1610001	1611000	1610501	369.0	-0.501550	0.178749
1611001	1612000	1611501	402.0	-0.501240	0.302324
1612001	1613000	1612501	477.0	-0.500930	0.549117
1613001	1614000	1613501	443.0	-0.500620	0.442435
1614001	1615000	1614501	300.0	-0.500310	-0.119909
1615001	1616000	1615501	291.0	-0.500000	-0.163853
1616001	1617000	1616501	333.0	-0.499690	0.030650
1617001	1618000	1617501	404.0	-0.499380	0.309483
1618001	1619000	1618501	289.0	-0.499070	-0.173802
1619001	1620000	1619501	314.0	-0.498760	-0.054107
1620001	1621000	1620501	329.0	-0.498450	0.013216
1621001	1622000	1621501	347.0	-0.498140	0.090064
1622001	1623000	1622501	289.0	-0.497830	-0.173802
1623001	1624000	1623501	294.0	-0.497520	-0.149056
1624001	1625000	1624501	289.0	-0.497210	-0.173802
1625001	1626000	1625501	307.0	-0.496900	-0.086633
1626001	1627000	1626501	273.0	-0.496590	-0.255971
1627001	1628000	1627501	242.0	-0.496280	-0.429865
1628001	1629000	1628501	287.0	-0.495970	-0.183821
1629001	1630000	1629501	288.0	-0.495660	-0.178803
1630001	1631000	1630501	331.0	-0.495350	0.021959
1631001	1632000	1631501	310.0	-0.495040	-0.072604
1632001	1633000	1632501	313.0	-0.494730	-0.058709
1633001	1634000	1633501	349.0	-0.494420	0.098355
1634001	1635000	1634501	338.0	-0.494110	0.052151
1635001	1636000	1635501	352.0	-0.493800	0.110703
1636001	1637000	1636501	286.0	-0.493490	-0.188857
1637001	1638000	1637501	227.0	-0.493180	-0.522180
1638001	1639000	1638501	321.0	-0.492870	-0.022299
1639001	1640000	1639501	319.0	-0.492560	-0.031316
1640001	1641000	1640501	285.0	-0.492250	-0.193910
1641001	1642000	1641501	381.0	-0.491940	0.224919
1642001	1643000	1642501	334.0	-0.491631	0.034976
1643001	1644000	1643501	316.0	-0.491321	-0.044947
1644001	1645000	1644501	369.0	-0.491011	0.178749
1645001	1646000	1645501	361.0	-0.490701	0.147127
1646001	1647000	1646501	407.0	-0.490391	0.320157
1647001	1648000	1647501	384.0	-0.490081	0.236234
1648001	1649000	1648501	398.0	-0.489771	0.287896
1649001	1650000	1649501	438.0	-0.489461	0.426059
1650001	1651000	1650501	372.0	-0.489151	0.190431
1651001	1652000	1651501	286.0	-0.488841	-0.188857
1652001	1653000	1652501	353.0	-0.488531	0.114796
1653001	1654000	1653501	437.0	-0.488221	0.422761
1654001	1655000	1654501	301.0	-0.487911	-0.115108
1655001	1656000	1655501	290.0	-0.487601	-0.168819
1656001	1657000	1656501	243.0	-0.487291	-0.423916
1657001	1658000	1657501	324.0	-0.486981	-0.008878
1658001	1659000	1658501	285.0	-0.486671	-0.193910
1659001	1660000	1659501	295.0	-0.486361	-0.144157
1660001	1661000	1660501	319.0	-0.486051	-0.031316
1661001	1662000	1661501	352.0	-0.485741	0.110703
1662001	1663000	1662501	362.0	-0.485431	0.151118
1663001	1664000	1663501	275.0	-0.485121	-0.245440
1664001	1665000	1664501	358.0	-0.484811	0.135088
1665001	1666000	1665501	325.0	-0.484501	-0.004432
1666001	1667000	1666501	358.0	-0.484191	0.135088
1667001	1668000	1667501	445.0	-0.483881	0.448933
1668001	1669000	1668501	445.0	-0.483571	0.448933
1669001	1670000	1669501	367.0	-0.483261	0.170908
1670001	1671000	1670501	322.0	-0.482951	-0.017811
1671001	1672000	1671501	349.0	-0.482641	0.098355
1672001	1673000	1672501	309.0	-0.482331	-0.077265
1673001	1674000	1673501	303.0	-0.482021	-0.105554
1674001	1675000	1674501	285.0	-0.481711	-0.193910
1675001	1676000	1675501	264.0	-0.481401	-0.304334
1676001	1677000	1676501	274.0	-0.481091	-0.250696
1677001	1678000	1677501	290.0	-0.480781	-0.168819
1678001	1679000	1678501	294.0	-0.480471	-0.149056
1679001	1680000	1679501	269.0	-0.480161	-0.277266
1680001	1681000	1680501	304.0	-0.479851	-0.100801
1681001	1682000	1681501	339.0	-0.479541	0.056413
1682001	1683000	1682501	312.0	-0.479231	-0.063326
1683001	1684000	1683501	320.0	-0.478921	-0.026800
1684001	1685000	1684501	259.0	-0.478611	-0.331920
1685001	1686000	1685501	293.0	-0.478301	-0.153971
1686001	1687000	1686501	314.0	-0.477991	-0.054107
1687001	1688000	1687501	262.0	-0.477681	-0.315305
1688001	1689000	1688501	270.0	-0.477371	-0.271913
1689001	1690000	1689501	375.0	-0.477061	0.202019
1690001	1691000	1690501	419.0	-0.476751	0.362078
1691001	1692000	1691501	401.0	-0.476441	0.298730
1692001	1693000	1692501	244.0	-0.476131	-0.417991
1693001	1694000	1693501	315.0	-0.475821	-0.049520
1694001	1695000	1694501	379.0	-0.475511	0.217326
1695001	1696000	1695501	388.0	-0.475201	0.251185
1696001	1697000	1696501	386.0	-0.474892	0.243729
1697001	1698000	1697501	346.0	-0.474582	0.085900
1698001	1699000	1698501	291.0	-0.474272	-0.163853
1699001	1700000	1699501	438.0	-0.473962	0.426059
1700001	1701000	1700501	381.0	-0.473652	0.224919
1701001	1702000	1701501	346.0	-0.473342	0.085900
1702001	1703000	1702501	297.0	-0.473032	-0.134409
1703001	1704000	1703501	310.0	-0.472722	-0.072604
1704001	1705000	1704501	369.0	-0.472412	0.178749
1705001	1706000	1705501	302.0	-0.472102	-0.110323
1706001	1707000	1706501	378.0	-0.471792	0.213514
1707001	1708000	1707501	310.0	-0.471482	-0.072604
1708001	1709000	1708501	281.0	-0.471172	-0.214302
1709001	1710000	1709501	355.0	-0.470862	0.122947
1710001	1711000	1710501	320.0	-0.470552	-0.026800
1711001	1712000	1711501	374.0	-0.470242	0.198166
1712001	1713000	1712501	369.0	-0.469932	0.178749
1713001	1714000	1713501	317.0	-0.469622	-0.040389
1714001	1715000	1714501	369.0	-0.469312	0.178749
1715001	1716000	1715501	379.0	-0.469002	0.217326
1716001	1717000	1716501	313.0	-0.468692	-0.058709
1717001	1718000	1717501	389.0	-0.468382	0.254898
1718001	1719000	1718501	295.0	-0.468072	-0.144157
1719001	1720000	1719501	268.0	-0.467762	-0.282639
1720001	1721000	1720501	289.0	-0.467452	-0.173802
1721001	1722000	1721501	301.0	-0.467142	-0.115108
1722001	1723000	1722501	315.0	-0.466832	-0.049520
1723001	1724000	1723501	406.0	-0.466522	0.316608
1724001	1725000	1724501	382.0	-0.466212	0.228701
1725001	1726000	1725501	289.0	-0.465902	-0.173802
1726001	1727000	1726501	296.0	-0.465592	-0.139275
1727001	1728000	1727501	363.0	-0.465282	0.155098
1728001	1729000	1728501	325.0	-0.464972	-0.004432
1729001	1730000	1729501	338.0	-0.464662	0.052151
1730001	1731000	1730501	377.0	-0.464352	0.209693
1731001	1732000	1731501	400.0	-0.464042	0.295128
1732001	1733000	1732501	366.0	-0.463732	0.166972
1733001	1734000	1733501	448.0	-0.463422	0.458627
1734001	1735000	1734501	349.0	-0.463112	0.098355
1735001	1736000	1735501	346.0	-0.462802	0.085900
1736001	1737000	1736501	294.0	-0.462492	-0.149056
1737001	1738000	1737501	300.0	-0.462182	-0.119909
1738001	1739000	1738501	296.0	-0.461872	-0.139275
1739001	1740000	1739501	362.0	-0.461562	0.151118
1740001	1741000	1740501	317.0	-0.461252	-0.040389
1741001	1742000	1741501	312.0	-0.460942	-0.063326
1742001	1743000	1742501	314.0	-0.460632	-0.054107
1743001	1744000	1743501	408.0	-0.460322	0.323697
1744001	1745000	1744501	471.0	-0.460012	0.530855
1745001	1746000	1745501	383.0	-0.459702	0.232472
1746001	1747000	1746501	274.0	-0.459392	-0.250696
1747001	1748000	1747501	291.0	-0.459082	-0.163853
1748001	1749000	1748501	315.0	-0.458772	-0.049520
1749001	1750000	1749501	365.0	-0.458462	0.163024
1750001	1751000	1750501	443.0	-0.458153	0.442435
1751001	1752000	1751501	402.0	-0.457843	0.302324
1752001	1753000	1752501	393.0	-0.457533	0.269657
1753001	1754000	1753501	332.0	-0.457223	0.026311
1754001	1755000	1754501	381.0	-0.456913	0.224919
1755001	1756000	1755501	314.0	-0.456603	-0.054107
1756001	1757000	1756501	364.0	-0.456293	0.159066
1757001	1758000	1757501	342.0	-0.455983	0.069124
1758001	1759000	1758501	324.0	-0.455673	-0.008878
1759001	1760000	1759501	498.0	-0.455363	0.611274
1760001	1761000	1760501	528.0	-0.455053	0.695666
1761001	1762000	1761501	488.0	-0.454743	0.582009
1762001	1763000	1762501	425.0	-0.454433	0.382591
1763001	1764000	1763501	412.0	-0.454123	0.337772
1764001	1765000	1764501	424.0	-0.453813	0.379192
1765001	1766000	1765501	332.0	-0.453503	0.026311
1766001	1767000	1766501	288.0	-0.453193	-0.178803
1767001	1768000	1767501	396.0	-0.452883	0.280628
1768001	1769000	1768501	347.0	-0.452573	0.090064
1769001	1770000	1769501	339.0	-0.452263	0.056413
1770001	1771000	1770501	473.0	-0.451953	0.536968
1771001	1772000	1771501	450.0	-0.451643	0.465053
1772001	1773000	1772501	374.0	-0.451333	0.198166
1773001	1774000	1773501	274.0	-0.451023	-0.250696
1774001	1775000	1774501	304.0	-0.450713	-0.100801
1775001	1776000	1775501	369.0	-0.450403	0.178749
1776001	1777000	1776501	339.0	-0.450093	0.056413
1777001	1778000	1777501	314.0	-0.449783	-0.054107
1778001	1779000	1778501	275.0	-0.449473	-0.245440
1779001	1780000	1779501	267.0	-0.449163	-0.288032
1780001	1781000	1780501	323.0	-0.448853	-0.013338
1781001	1782000	1781501	384.0	-0.448543	0.236234
1782001	1783000	1782501	316.0	-0.448233	-0.044947
1783001	1784000	1783501	309.0	-0.447923	-0.077265
1784001	1785000	1784501	434.0	-0.447613	0.412823
1785001	1786000	1785501	452.0	-0.447303	0.471451
1786001	1787000	1786501	444.0	-0.446993	0.445688
1787001	1788000	1787501	321.0	-0.446683	-0.022299
1788001	1789000	1788501	389.0	-0.446373	0.254898
1789001	1790000	1789501	277.0	-0.446063	-0.234986
1790001	1791000	1790501	229.0	-0.445753	-0.509524
1791001	1792000	1791501	265.0	-0.445443	-0.298880
1792001	1793000	1792501	240.0	-0.445133	-0.441838
1793001	1794000	1793501	282.0	-0.444823	-0.209177
1794001	1795000	1794501	314.0	-0.444513	-0.054107
1795001	1796000	1795501	306.0	-0.444203	-0.091340
1796001	1797000	1796501	278.0	-0.443893	-0.229787
1797001	1798000	1797501	321.0	-0.443583	-0.022299
1798001	1799000	1798501	261.0	-0.443273	-0.320822
1799001	1800000	1799501	277.0	-0.442963	-0.234986
1800001	1801000	1800501	311.0	-0.442653	-0.067957
1801001	1802000	1801501	325.0	-0.442343	-0.004432
1802001	1803000	1802501	308.0	-0.442033	-0.081942
1803001	1804000	1803501	330.0	-0.441723	0.017594
1804001	1805000	1804501	310.0	-0.441414	-0.072604
1805001	1806000	1805501	339.0	-0.441104	0.056413
1806001	1807000	1806501	342.0	-0.440794	0.069124
1807001	1808000	1807501	327.0	-0.440484	0.004419
1808001	1809000	1808501	300.0	-0.440174	-0.119909
1809001	1810000	1809501	298.0	-0.439864	-0.129560
1810001	1811000	1810501	349.0	-0.439554	0.098355
1811001	1812000	1811501	356.0	-0.439244	0.127005
1812001	1813000	1812501	356.0	-0.438934	0.127005
1813001	1814000	1813501	317.0	-0.438624	-0.040389
1814001	1815000	1814501	310.0	-0.438314	-0.072604
1815001	1816000	1815501	269.0	-0.438004	-0.277266
1816001	1817000	1816501	323.0	-0.437694	-0.013338
1817001	1818000	1817501	353.0	-0.437384	0.114796
1818001	1819000	1818501	302.0	-0.437074	-0.110323
1819001	1820000	1819501	340.0	-0.436764	0.060663
1820001	1821000	1820501	358.0	-0.436454	0.135088
1821001	1822000	1821501	319.0	-0.436144	-0.031316
1822001	1823000	1822501	329.0	-0.435834	0.013216
1823001	1824000	1823501	364.0	-0.435524	0.159066
1824001	1825000	1824501	305.0	-0.435214	-0.096063
1825001	1826000	1825501	243.0	-0.434904	-0.423916
1826001	1827000	1826501	296.0	-0.434594	-0.139275
1827001	1828000	1827501	344.0	-0.434284	0.077537
1828001	1829000	1828501	361.0	-0.433974	0.147127
1829001	1830000	1829501	349.0	-0.433664	0.098355
1830001	1831000	1830501	328.0	-0.433354	0.008824
1831001	1832000	1831501	369.0	-0.433044	0.178749
1832001	1833000	1832501	352.0	-0.432734	0.110703
1833001	1834000	1833501	324.0	-0.432424	-0.008878
1834001	1835000	1834501	260.0	-0.432114	-0.326360
1835001	1836000	1835501	308.0	-0.431804	-0.081942
1836001	1837000	1836501	352.0	-0.431494	0.110703
1837001	1838000	1837501	294.0	-0.431184	-0.149056
1838001	1839000	1838501	319.0	-0.430874	-0.031316
1839001	1840000	1839501	335.0	-0.430564	0.039289
1840001	1841000	1840501	312.0	-0.430254	-0.063326
1841001	1842000	1841501	315.0	-0.429944	-0.049520
1842001	1843000	1842501	352.0	-0.429634	0.110703
1843001	1844000	1843501	336.0	-0.429324	0.043589
1844001	1845000	1844501	379.0	-0.429014	0.217326
1845001	1846000	1845501	284.0	-0.428704	-0.198981
1846001	1847000	1846501	363.0	-0.428394	0.155098
1847001	1848000	1847501	315.0	-0.428084	-0.049520
1848001	1849000	1848501	316.0	-0.427774	-0.044947
1849001	1850000	1849501	319.0	-0.427464	-0.031316
1850001	1851000	1850501	276.0	-0.427154	-0.240204
1851001	1852000	1851501	404.0	-0.426844	0.309483
1852001	1853000	1852501	361.0	-0.426534	0.147127
1853001	1854000	1853501	360.0	-0.426224	0.143125
1854001	1855000	1854501	270.0	-0.425914	-0.271913
1855001	1856000	1855501	296.0	-0.425604	-0.139275
1856001	1857000	1856501	310.0	-0.425294	-0.072604
1857001	1858000	1857501	312.0	-0.424985	-0.063326
1858001	1859000	1858501	291.0	-0.424675	-0.163853
1859001	1860000	1859501	309.0	-0.424365	-0.077265
1860001	1861000	1860501	347.0	-0.424055	0.090064
1861001	1862000	1861501	314.0	-0.423745	-0.054107
1862001	1863000	1862501	288.0	-0.423435	-0.178803
1863001	1864000	1863501	281.0	-0.423125	-0.214302
1864001	1865000	1864501	265.0	-0.422815	-0.298880
1865001	1866000	1865501	210.0	-0.422505	-0.634483
1866001	1867000	1866501	272.0	-0.422195	-0.261265
1867001	1868000	1867501	291.0	-0.421885	-0.163853
1868001	1869000	1868501	256.0	-0.421575	-0.348728
1869001	1870000	1869501	247.0	-0.421265	-0.400361
1870001	1871000	1870501	264.0	-0.420955	-0.304334
1871001	1872000	1871501	365.0	-0.420645	0.163024
1872001	1873000	1872501	345.0	-0.420335	0.081724
1873001	1874000	1873501	364.0	-0.420025	0.159066
1874001	1875000	1874501	426.0	-0.419715	0.385981
1875001	1876000	1875501	455.0	-0.419405	0.480995
1876001	1877000	1876501	522.0	-0.419095	0.679178
1877001	1878000	1877501	511.0	-0.418785	0.648451
1878001	1879000	1878501	472.0	-0.418475	0.533915
1879001	1880000	1879501	430.0	-0.418165	0.399465
1880001	1881000	1880501	378.0	-0.417855	0.213514
1881001	1882000	1881501	401.0	-0.417545	0.298730
1882001	1883000	1882501	434.0	-0.417235	0.412823
1883001	1884000	1883501	485.0	-0.416925	0.573113
1884001	1885000	1884501	463.0	-0.416615	0.506140
1885001	1886000	1885501	396.0	-0.416305	0.280628
1886001	1887000	1886501	406.0	-0.415995	0.316608
1887001	1888000	1887501	436.0	-0.415685	0.419456
1888001	1889000	1888501	386.0	-0.415375	0.243729
1889001	1890000	1889501	381.0	-0.415065	0.224919
1890001	1891000	1890501	454.0	-0.414755	0.477820
1891001	1892000	1891501	441.0	-0.414445	0.435907
1892001	1893000	1892501	338.0	-0.414135	0.052151
1893001	1894000	1893501	295.0	-0.413825	-0.144157
1894001	1895000	1894501	313.0	-0.413515	-0.058709
1895001	1896000	1895501	316.0	-0.413205	-0.044947
1896001	1897000	1896501	416.0	-0.412895	0.351712
1897001	1898000	1897501	429.0	-0.412585	0.396106
1898001	1899000	1898501	402.0	-0.412275	0.302324
1899001	1900000	1899501	354.0	-0.411965	0.118877
1900001	1901000	1900501	357.0	-0.411655	0.131052
1901001	1902000	1901501	393.0	-0.411345	0.269657
1902001	1903000	1902501	612.0	-0.411035	0.908660
1903001	1904000	1903501	425.0	-0.410725	0.382591
1904001	1905000	1904501	388.0	-0.410415	0.251185
1905001	1906000	1905501	378.0	-0.410105	0.213514
1906001	1907000	1906501	444.0	-0.409795	0.445688
1907001	1908000	1907501	422.0	-0.409485	0.372371
1908001	1909000	1908501	412.0	-0.409175	0.337772
1909001	1910000	1909501	425.0	-0.408865	0.382591
1910001	1911000	1910501	299.0	-0.408555	-0.124726
1911001	1912000	1911501	387.0	-0.408246	0.247462
1912001	1913000	1912501	356.0	-0.407936	0.127005
1913001	1914000	1913501	314.0	-0.407626	-0.054107
1914001	1915000	1914501	346.0	-0.407316	0.085900
1915001	1916000	1915501	363.0	-0.407006	0.155098
1916001	1917000	1916501	289.0	-0.406696	-0.173802
1917001	1918000	1917501	330.0	-0.406386	0.017594
1918001	1919000	1918501	359.0	-0.406076	0.139112
1919001	1920000	1919501	345.0	-0.405766	0.081724
1920001	1921000	1920501	268.0	-0.405456	-0.282639
1921001	1922000	1921501	282.0	-0.405146	-0.209177
1922001	1923000	1922501	351.0	-0.404836	0.106599
1923001	1924000	1923501	331.0	-0.404526	0.021959
1924001	1925000	1924501	326.0	-0.404216	0.000000
1925001	1926000	1925501	318.0	-0.403906	-0.035845
1926001	1927000	1926501	328.0	-0.403596	0.008824
1927001	1928000	1927501	313.0	-0.403286	-0.058709
1928001	1929000	1928501	307.0	-0.402976	-0.086633
1929001	1930000	1929501	300.0	-0.402666	-0.119909
1930001	1931000	1930501	349.0	-0.402356	0.098355
1931001	1932000	1931501	248.0	-0.402046	-0.394532
1932001	1933000	1932501	258.0	-0.401736	-0.337501
1933001	1934000	1933501	292.0	-0.401426	-0.158904
1934001	1935000	1934501	294.0	-0.401116	-0.149056
1935001	1936000	1935501	268.0	-0.400806	-0.282639
1936001	1937000	1936501	327.0	-0.400496	0.004419
1937001	1938000	1937501	457.0	-0.400186	0.487322
1938001	1939000	1938501	429.0	-0.399876	0.396106
1939001	1940000	1939501	394.0	-0.399566	0.273324
1940001	1941000	1940501	408.0	-0.399256	0.323697
1941001	1942000	1941501	333.0	-0.398946	0.030650
1942001	1943000	1942501	289.0	-0.398636	-0.173802
1943001	1944000	1943501	272.0	-0.398326	-0.261265
1944001	1945000	1944501	370.0	-0.398016	0.182653
1945001	1946000	1945501	327.0	-0.397706	0.004419
1946001	1947000	1946501	331.0	-0.397396	0.021959
1947001	1948000	1947501	363.0	-0.397086	0.155098
1948001	1949000	1948501	383.0	-0.396776	0.232472
1949001	1950000	1949501	331.0	-0.396466	0.021959
1950001	1951000	1950501	331.0	-0.396156	0.021959
1951001	1952000	1951501	307.0	-0.395846	-0.086633
1952001	1953000	1952501	361.0	-0.395536	0.147127
1953001	1954000	1953501	402.0	-0.395226	0.302324
1954001	1955000	1954501	312.0	-0.394916	-0.063326
1955001	1956000	1955501	327.0	-0.394606	0.004419
1956001	1957000	1956501	342.0	-0.394296	0.069124
1957001	1958000	1957501	449.0	-0.393986	0.461843
1958001	1959000	1958501	519.0	-0.393676	0.670863
1959001	1960000	1959501	392.0	-0.393366	0.265982
1960001	1961000	1960501	396.0	-0.393056	0.280628
1961001	1962000	1961501	384.0	-0.392746	0.236234
1962001	1963000	1962501	318.0	-0.392436	-0.035845
1963001	1964000	1963501	317.0	-0.392126	-0.040389
1964001	1965000	1964501	359.0	-0.391816	0.139112
1965001	1966000	1965501	425.0	-0.391507	0.382591
1966001	1967000	1966501	418.0	-0.391197	0.358631
1967001	1968000	1967501	432.0	-0.390887	0.406159
1968001	1969000	1968501	404.0	-0.390577	0.309483
1969001	1970000	1969501	419.0	-0.390267	0.362078
1970001	1971000	1970501	540.0	-0.389957	0.728087
1971001	1972000	1971501	635.0	-0.389647	0.961885
1972001	1973000	1972501	548.0	-0.389337	0.749304
1973001	1974000	1973501	558.0	-0.389027	0.775393
1974001	1975000	1974501	421.0	-0.388717	0.368948
1975001	1976000	1975501	448.0	-0.388407	0.458627
1976001	1977000	1976501	392.0	-0.388097	0.265982
1977001	1978000	1977501	407.0	-0.387787	0.320157
1978001	1979000	1978501	469.0	-0.387477	0.524716
1979001	1980000	1979501	450.0	-0.387167	0.465053
1980001	1981000	1980501	436.0	-0.386857	0.419456
1981001	1982000	1981501	439.0	-0.386547	0.429349
1982001	1983000	1982501	363.0	-0.386237	0.155098
1983001	1984000	1983501	363.0	-0.385927	0.155098
1984001	1985000	1984501	381.0	-0.385617	0.224919
1985001	1986000	1985501	428.0	-0.385307	0.392739
1986001	1987000	1986501	353.0	-0.384997	0.114796
1987001	1988000	1987501	342.0	-0.384687	0.069124
1988001	1989000	1988501	414.0	-0.384377	0.344759
1989001	1990000	1989501	568.0	-0.384067	0.801019
1990001	1991000	1990501	549.0	-0.383757	0.751934
1991001	1992000	1991501	388.0	-0.383447	0.251185
1992001	1993000	1992501	351.0	-0.383137	0.106599
1993001	1994000	1993501	307.0	-0.382827	-0.086633
1994001	1995000	1994501	352.0	-0.382517	0.110703
1995001	1996000	1995501	411.0	-0.382207	0.334266
1996001	1997000	1996501	433.0	-0.381897	0.409495
1997001	1998000	1997501	562.0	-0.381587	0.785698
1998001	1999000	1998501	548.0	-0.381277	0.749304
1999001	2000000	1999501	680.0	-0.380967	1.060663
2000001	2001000	2000501	616.0	-0.380657	0.918058
2001001	2002000	2001501	471.0	-0.380347	0.530855
2002001	2003000	2002501	370.0	-0.380037	0.182653
2003001	2004000	2003501	404.0	-0.379727	0.309483
2004001	2005000	2004501	454.0	-0.379417	0.477820
2005001	2006000	2005501	475.0	-0.379107	0.543056
2006001	2007000	2006501	378.0	-0.378797	0.213514
2007001	2008000	2007501	272.0	-0.378487	-0.261265
2008001	2009000	2008501	326.0	-0.378177	0.000000
2009001	2010000	2009501	268.0	-0.377867	-0.282639
2010001	2011000	2010501	344.0	-0.377557	0.077537
2011001	2012000	2011501	317.0	-0.377247	-0.040389
2012001	2013000	2012501	384.0	-0.376937	0.236234
2013001	2014000	2013501	274.0	-0.376627	-0.250696
2014001	2015000	2014501	308.0	-0.376317	-0.081942
2015001	2016000	2015501	266.0	-0.376007	-0.293446
2016001	2017000	2016501	266.0	-0.375697	-0.293446
2017001	2018000	2017501	261.0	-0.375387	-0.320822
2018001	2019000	2018501	246.0	-0.375077	-0.406214
2019001	2020000	2019501	301.0	-0.374768	-0.115108
2020001	2021000	2020501	353.0	-0.374458	0.114796
2021001	2022000	2021501	365.0	-0.374148	0.163024
2022001	2023000	2022501	412.0	-0.373838	0.337772
2023001	2024000	2023501	337.0	-0.373528	0.047877
2024001	2025000	2024501	335.0	-0.373218	0.039289
2025001	2026000	2025501	375.0	-0.372908	0.202019
2026001	2027000	2026501	431.0	-0.372598	0.402816
2027001	2028000	2027501	356.0	-0.372288	0.127005
2028001	2029000	2028501	364.0	-0.371978	0.159066
2029001	2030000	2029501	332.0	-0.371668	0.026311
2030001	2031000	2030501	359.0	-0.371358	0.139112
2031001	2032000	2031501	457.0	-0.371048	0.487322
2032001	2033000	2032501	402.0	-0.370738	0.302324
2033001	2034000	2033501	288.0	-0.370428	-0.178803
2034001	2035000	2034501	236.0	-0.370118	-0.466085
2035001	2036000	2035501	318.0	-0.369808	-0.035845
2036001	2037000	2036501	326.0	-0.369498	0.000000
2037001	2038000	2037501	342.0	-0.369188	0.069124
2038001	2039000	2038501	283.0	-0.368878	-0.204070
2039001	2040000	2039501	346.0	-0.368568	0.085900
2040001	2041000	2040501	317.0	-0.368258	-0.040389
2041001	2042000	2041501	331.0	-0.367948	0.021959
2042001	2043000	2042501	346.0	-0.367638	0.085900
2043001	2044000	2043501	370.0	-0.367328	0.182653
2044001	2045000	2044501	297.0	-0.367018	-0.134409
2045001	2046000	2045501	364.0	-0.366708	0.159066
2046001	2047000	2046501	394.0	-0.366398	0.273324
2047001	2048000	2047501	290.0	-0.366088	-0.168819
2048001	2049000	2048501	302.0	-0.365778	-0.110323
2049001	2050000	2049501	273.0	-0.365468	-0.255971
2050001	2051000	2050501	319.0	-0.365158	-0.031316
2051001	2052000	2051501	364.0	-0.364848	0.159066
2052001	2053000	2052501	294.0	-0.364538	-0.149056
2053001	2054000	2053501	330.0	-0.364228	0.017594
2054001	2055000	2054501	360.0	-0.363918	0.143125
2055001	2056000	2055501	402.0	-0.363608	0.302324
2056001	2057000	2056501	311.0	-0.363298	-0.067957
2057001	2058000	2057501	337.0	-0.362988	0.047877
2058001	2059000	2058501	368.0	-0.362678	0.174834
2059001	2060000	2059501	331.0	-0.362368	0.021959
2060001	2061000	2060501	360.0	-0.362058	0.143125
2061001	2062000	2061501	412.0	-0.361748	0.337772
2062001	2063000	2062501	434.0	-0.361438	0.412823
2063001	2064000	2063501	358.0	-0.361128	0.135088
2064001	2065000	2064501	282.0	-0.360818	-0.209177
2065001	2066000	2065501	308.0	-0.360508	-0.081942
2066001	2067000	2066501	357.0	-0.360198	0.131052
2067001	2068000	2067501	336.0	-0.359888	0.043589
2068001	2069000	2068501	345.0	-0.359578	0.081724
2069001	2070000	2069501	325.0	-0.359268	-0.004432
2070001	2071000	2070501	264.0	-0.358958	-0.304334
2071001	2072000	2071501	295.0	-0.358648	-0.144157
2072001	2073000	2072501	338.0	-0.358338	0.052151
2073001	2074000	2073501	394.0	-0.358029	0.273324
2074001	2075000	2074501	365.0	-0.357719	0.163024
2075001	2076000	2075501	453.0	-0.357409	0.474639
2076001	2077000	2076501	327.0	-0.357099	0.004419
2077001	2078000	2077501	304.0	-0.356789	-0.100801
2078001	2079000	2078501	304.0	-0.356479	-0.100801
2079001	2080000	2079501	364.0	-0.356169	0.159066
2080001	2081000	2080501	314.0	-0.355859	-0.054107
2081001	2082000	2081501	353.0	-0.355549	0.114796
2082001	2083000	2082501	330.0	-0.355239	0.017594
2083001	2084000	2083501	359.0	-0.354929	0.139112
2084001	2085000	2084501	380.0	-0.354619	0.221127
2085001	2086000	2085501	358.0	-0.354309	0.135088
2086001	2087000	2086501	318.0	-0.353999	-0.035845
2087001	2088000	2087501	279.0	-0.353689	-0.224607
2088001	2089000	2088501	386.0	-0.353379	0.243729
2089001	2090000	2089501	349.0	-0.353069	0.098355
2090001	2091000	2090501	378.0	-0.352759	0.213514
2091001	2092000	2091501	419.0	-0.352449	0.362078
2092001	2093000	2092501	286.0	-0.352139	-0.188857
2093001	2094000	2093501	298.0	-0.351829	-0.129560
2094001	2095000	2094501	247.0	-0.351519	-0.400361
2095001	2096000	2095501	301.0	-0.351209	-0.115108
2096001	2097000	2096501	298.0	-0.350899	-0.129560
2097001	2098000	2097501	381.0	-0.350589	0.224919
2098001	2099000	2098501	359.0	-0.350279	0.139112
2099001	2100000	2099501	275.0	-0.349969	-0.245440
2100001	2101000	2100501	286.0	-0.349659	-0.188857
2101001	2102000	2101501	367.0	-0.349349	0.170908
2102001	2103000	2102501	300.0	-0.349039	-0.119909
2103001	2104000	2103501	345.0	-0.348729	0.081724
2104001	2105000	2104501	247.0	-0.348419	-0.400361
2105001	2106000	2105501	273.0	-0.348109	-0.255971
2106001	2107000	2106501	381.0	-0.347799	0.224919
2107001	2108000	2107501	343.0	-0.347489	0.073337
2108001	2109000	2108501	382.0	-0.347179	0.228701
2109001	2110000	2109501	392.0	-0.346869	0.265982
2110001	2111000	2110501	310.0	-0.346559	-0.072604
2111001	2112000	2111501	373.0	-0.346249	0.194304
2112001	2113000	2112501	420.0	-0.345939	0.365517
2113001	2114000	2113501	342.0	-0.345629	0.069124
2114001	2115000	2114501	267.0	-0.345319	-0.288032
2115001	2116000	2115501	258.0	-0.345009	-0.337501
2116001	2117000	2116501	302.0	-0.344699	-0.110323
2117001	2118000	2117501	306.0	-0.344389	-0.091340
2118001	2119000	2118501	288.0	-0.344079	-0.178803
2119001	2120000	2119501	306.0	-0.343769	-0.091340
2120001	2121000	2120501	341.0	-0.343459	0.064900
2121001	2122000	2121501	240.0	-0.343149	-0.441838
2122001	2123000	2122501	340.0	-0.342839	0.060663
2123001	2124000	2123501	300.0	-0.342529	-0.119909
2124001	2125000	2124501	319.0	-0.342219	-0.031316
2125001	2126000	2125501	367.0	-0.341909	0.170908
2126001	2127000	2126501	340.0	-0.341600	0.060663
2127001	2128000	2127501	254.0	-0.341290	-0.360043
2128001	2129000	2128501	397.0	-0.340980	0.284267
2129001	2130000	2129501	383.0	-0.340670	0.232472
2130001	2131000	2130501	350.0	-0.340360	0.102483
2131001	2132000	2131501	449.0	-0.340050	0.461843
2132001	2133000	2132501	284.0	-0.339740	-0.198981
2133001	2134000	2133501	354.0	-0.339430	0.118877
2134001	2135000	2134501	203.0	-0.339120	-0.683392
2135001	2136000	2135501	260.0	-0.338810	-0.326360
2136001	2137000	2136501	336.0	-0.338500	0.043589
2137001	2138000	2137501	261.0	-0.338190	-0.320822
2138001	2139000	2138501	330.0	-0.337880	0.017594
2139001	2140000	2139501	348.0	-0.337570	0.094215
2140001	2141000	2140501	297.0	-0.337260	-0.134409
2141001	2142000	2141501	333.0	-0.336950	0.030650
2142001	2143000	2142501	349.0	-0.336640	0.098355
2143001	2144000	2143501	388.0	-0.336330	0.251185
2144001	2145000	2144501	337.0	-0.336020	0.047877
2145001	2146000	2145501	329.0	-0.335710	0.013216
2146001	2147000	2146501	318.0	-0.335400	-0.035845
2147001	2148000	2147501	318.0	-0.335090	-0.035845
2148001	2149000	2148501	370.0	-0.334780	0.182653
2149001	2150000	2149501	321.0	-0.334470	-0.022299
2150001	2151000	2150501	359.0	-0.334160	0.139112
2151001	2152000	2151501	345.0	-0.333850	0.081724
2152001	2153000	2152501	369.0	-0.333540	0.178749
2153001	2154000	2153501	357.0	-0.333230	0.131052
2154001	2155000	2154501	395.0	-0.332920	0.276981
2155001	2156000	2155501	347.0	-0.332610	0.090064
2156001	2157000	2156501	323.0	-0.332300	-0.013338
2157001	2158000	2157501	252.0	-0.331990	-0.371448
2158001	2159000	2158501	289.0	-0.331680	-0.173802
2159001	2160000	2159501	366.0	-0.331370	0.166972
2160001	2161000	2160501	392.0	-0.331060	0.265982
2161001	2162000	2161501	363.0	-0.330750	0.155098
2162001	2163000	2162501	314.0	-0.330440	-0.054107
2163001	2164000	2163501	378.0	-0.330130	0.213514
2164001	2165000	2164501	436.0	-0.329820	0.419456
2165001	2166000	2165501	357.0	-0.329510	0.131052
2166001	2167000	2166501	299.0	-0.329200	-0.124726
2167001	2168000	2167501	321.0	-0.328890	-0.022299
2168001	2169000	2168501	348.0	-0.328580	0.094215
2169001	2170000	2169501	364.0	-0.328270	0.159066
2170001	2171000	2170501	307.0	-0.327960	-0.086633
2171001	2172000	2171501	294.0	-0.327650	-0.149056
2172001	2173000	2172501	388.0	-0.327340	0.251185
2173001	2174000	2173501	372.0	-0.327030	0.190431
2174001	2175000	2174501	383.0	-0.326720	0.232472
2175001	2176000	2175501	305.0	-0.326410	-0.096063
2176001	2177000	2176501	298.0	-0.326100	-0.129560
2177001	2178000	2177501	350.0	-0.325790	0.102483
2178001	2179000	2178501	316.0	-0.325480	-0.044947
2179001	2180000	2179501	303.0	-0.325170	-0.105554
2180001	2181000	2180501	287.0	-0.324861	-0.183821
2181001	2182000	2181501	282.0	-0.324551	-0.209177
2182001	2183000	2182501	384.0	-0.324241	0.236234
2183001	2184000	2183501	298.0	-0.323931	-0.129560
2184001	2185000	2184501	321.0	-0.323621	-0.022299
2185001	2186000	2185501	263.0	-0.323311	-0.309809
2186001	2187000	2186501	327.0	-0.323001	0.004419
2187001	2188000	2187501	319.0	-0.322691	-0.031316
2188001	2189000	2188501	314.0	-0.322381	-0.054107
2189001	2190000	2189501	295.0	-0.322071	-0.144157
2190001	2191000	2190501	290.0	-0.321761	-0.168819
2191001	2192000	2191501	274.0	-0.321451	-0.250696
2192001	2193000	2192501	327.0	-0.321141	0.004419
2193001	2194000	2193501	346.0	-0.320831	0.085900
2194001	2195000	2194501	369.0	-0.320521	0.178749
2195001	2196000	2195501	328.0	-0.320211	0.008824
2196001	2197000	2196501	334.0	-0.319901	0.034976
2197001	2198000	2197501	328.0	-0.319591	0.008824
2198001	2199000	2198501	327.0	-0.319281	0.004419
2199001	2200000	2199501	325.0	-0.318971	-0.004432
2200001	2201000	2200501	357.0	-0.318661	0.131052
2201001	2202000	2201501	354.0	-0.318351	0.118877
2202001	2203000	2202501	341.0	-0.318041	0.064900
2203001	2204000	2203501	377.0	-0.317731	0.209693
2204001	2205000	2204501	320.0	-0.317421	-0.026800
2205001	2206000	2205501	315.0	-0.317111	-0.049520
2206001	2207000	2206501	205.0	-0.316801	-0.669248
2207001	2208000	2207501	347.0	-0.316491	0.090064
2208001	2209000	2208501	283.0	-0.316181	-0.204070
2209001	2210000	2209501	316.0	-0.315871	-0.044947
2210001	2211000	2210501	280.0	-0.315561	-0.219445
2211001	2212000	2211501	392.0	-0.315251	0.265982
2212001	2213000	2212501	332.0	-0.314941	0.026311
2213001	2214000	2213501	327.0	-0.314631	0.004419
2214001	2215000	2214501	218.0	-0.314321	-0.580544
2215001	2216000	2215501	208.0	-0.314011	-0.648288
2216001	2217000	2216501	289.0	-0.313701	-0.173802
2217001	2218000	2217501	330.0	-0.313391	0.017594
2218001	2219000	2218501	348.0	-0.313081	0.094215
2219001	2220000	2219501	355.0	-0.312771	0.122947
2220001	2221000	2220501	275.0	-0.312461	-0.245440
2221001	2222000	2221501	375.0	-0.312151	0.202019
2222001	2223000	2222501	461.0	-0.311841	0.499895
2223001	2224000	2223501	455.0	-0.311531	0.480995
2224001	2225000	2224501	389.0	-0.311221	0.254898
2225001	2226000	2225501	458.0	-0.310911	0.490476
2226001	2227000	2226501	430.0	-0.310601	0.399465
2227001	2228000	2227501	343.0	-0.310291	0.073337
2228001	2229000	2228501	312.0	-0.309981	-0.063326
2229001	2230000	2229501	303.0	-0.309671	-0.105554
2230001	2231000	2230501	299.0	-0.309361	-0.124726
2231001	2232000	2231501	300.0	-0.309051	-0.119909
2232001	2233000	2232501	338.0	-0.308741	0.052151
2233001	2234000	2233501	351.0	-0.308431	0.106599
2234001	2235000	2234501	322.0	-0.308122	-0.017811
2235001	2236000	2235501	366.0	-0.307812	0.166972
2236001	2237000	2236501	333.0	-0.307502	0.030650
2237001	2238000	2237501	325.0	-0.307192	-0.004432
2238001	2239000	2238501	388.0	-0.306882	0.251185
2239001	2240000	2239501	316.0	-0.306572	-0.044947
2240001	2241000	2240501	357.0	-0.306262	0.131052
2241001	2242000	2241501	335.0	-0.305952	0.039289
2242001	2243000	2242501	363.0	-0.305642	0.155098
2243001	2244000	2243501	364.0	-0.305332	0.159066
2244001	2245000	2244501	283.0	-0.305022	-0.204070
2245001	2246000	2245501	303.0	-0.304712	-0.105554
2246001	2247000	2246501	328.0	-0.304402	0.008824
2247001	2248000	2247501	313.0	-0.304092	-0.058709
2248001	2249000	2248501	326.0	-0.303782	0.000000
2249001	2250000	2249501	326.0	-0.303472	0.000000
2250001	2251000	2250501	376.0	-0.303162	0.205861
2251001	2252000	2251501	453.0	-0.302852	0.474639
2252001	2253000	2252501	248.0	-0.302542	-0.394532
2253001	2254000	2253501	297.0	-0.302232	-0.134409
2254001	2255000	2254501	275.0	-0.301922	-0.245440
2255001	2256000	2255501	303.0	-0.301612	-0.105554
2256001	2257000	2256501	319.0	-0.301302	-0.031316
2257001	2258000	2257501	396.0	-0.300992	0.280628
2258001	2259000	2258501	380.0	-0.300682	0.221127
2259001	2260000	2259501	388.0	-0.300372	0.251185
2260001	2261000	2260501	313.0	-0.300062	-0.058709
2261001	2262000	2261501	315.0	-0.299752	-0.049520
2262001	2263000	2262501	274.0	-0.299442	-0.250696
2263001	2264000	2263501	308.0	-0.299132	-0.081942
2264001	2265000	2264501	242.0	-0.298822	-0.429865
2265001	2266000	2265501	271.0	-0.298512	-0.266579
2266001	2267000	2266501	289.0	-0.298202	-0.173802
2267001	2268000	2267501	301.0	-0.297892	-0.115108
2268001	2269000	2268501	311.0	-0.297582	-0.067957
2269001	2270000	2269501	311.0	-0.297272	-0.067957
2270001	2271000	2270501	284.0	-0.296962	-0.198981
2271001	2272000	2271501	295.0	-0.296652	-0.144157
2272001	2273000	2272501	292.0	-0.296342	-0.158904
2273001	2274000	2273501	243.0	-0.296032	-0.423916
2274001	2275000	2274501	307.0	-0.295722	-0.086633
2275001	2276000	2275501	389.0	-0.295412	0.254898
2276001	2277000	2276501	414.0	-0.295102	0.344759
2277001	2278000	2277501	384.0	-0.294792	0.236234
2278001	2279000	2278501	451.0	-0.294482	0.468255
2279001	2280000	2279501	424.0	-0.294172	0.379192
2280001	2281000	2280501	331.0	-0.293862	0.021959
2281001	2282000	2281501	498.0	-0.293552	0.611274
2282001	2283000	2282501	324.0	-0.293242	-0.008878
2283001	2284000	2283501	327.0	-0.292932	0.004419
2284001	2285000	2284501	315.0	-0.292622	-0.049520
2285001	2286000	2285501	255.0	-0.292312	-0.354375
2286001	2287000	2286501	345.0	-0.292002	0.081724
2287001	2288000	2287501	394.0	-0.291692	0.273324
2288001	2289000	2288501	339.0	-0.291383	0.056413
2289001	2290000	2289501	301.0	-0.291073	-0.115108
2290001	2291000	2290501	317.0	-0.290763	-0.040389
2291001	2292000	2291501	326.0	-0.290453	0.000000
2292001	2293000	2292501	332.0	-0.290143	0.026311
2293001	2294000	2293501	288.0	-0.289833	-0.178803
2294001	2295000	2294501	271.0	-0.289523	-0.266579
2295001	2296000	2295501	365.0	-0.289213	0.163024
2296001	2297000	2296501	310.0	-0.288903	-0.072604
2297001	2298000	2297501	385.0	-0.288593	0.239986
2298001	2299000	2298501	362.0	-0.288283	0.151118
2299001	2300000	2299501	367.0	-0.287973	0.170908
2300001	2301000	2300501	334.0	-0.287663	0.034976
2301001	2302000	2301501	336.0	-0.287353	0.043589
2302001	2303000	2302501	360.0	-0.287043	0.143125
2303001	2304000	2303501	417.0	-0.286733	0.355175
2304001	2305000	2304501	455.0	-0.286423	0.480995
2305001	2306000	2305501	400.0	-0.286113	0.295128
2306001	2307000	2306501	408.0	-0.285803	0.323697
2307001	2308000	2307501	398.0	-0.285493	0.287896
2308001	2309000	2308501	343.0	-0.285183	0.073337
2309001	2310000	2309501	384.0	-0.284873	0.236234
2310001	2311000	2310501	416.0	-0.284563	0.351712
2311001	2312000	2311501	404.0	-0.284253	0.309483
2312001	2313000	2312501	437.0	-0.283943	0.422761
2313001	2314000	2313501	468.0	-0.283633	0.521637
2314001	2315000	2314501	412.0	-0.283323	0.337772
2315001	2316000	2315501	360.0	-0.283013	0.143125
2316001	2317000	2316501	307.0	-0.282703	-0.086633
2317001	2318000	2317501	347.0	-0.282393	0.090064
2318001	2319000	2318501	340.0	-0.282083	0.060663
2319001	2320000	2319501	311.0	-0.281773	-0.067957
2320001	2321000	2320501	331.0	-0.281463	0.021959
2321001	2322000	2321501	322.0	-0.281153	-0.017811
2322001	2323000	2322501	409.0	-0.280843	0.327229
2323001	2324000	2323501	282.0	-0.280533	-0.209177
2324001	2325000	2324501	304.0	-0.280223	-0.100801
2325001	2326000	2325501	319.0	-0.279913	-0.031316
2326001	2327000	2326501	329.0	-0.279603	0.013216
2327001	2328000	2327501	359.0	-0.279293	0.139112
2328001	2329000	2328501	298.0	-0.278983	-0.129560
2329001	2330000	2329501	278.0	-0.278673	-0.229787
2330001	2331000	2330501	256.0	-0.278363	-0.348728
2331001	2332000	2331501	302.0	-0.278053	-0.110323
2332001	2333000	2332501	303.0	-0.277743	-0.105554
2333001	2334000	2333501	328.0	-0.277433	0.008824
2334001	2335000	2334501	297.0	-0.277123	-0.134409
2335001	2336000	2335501	299.0	-0.276813	-0.124726
2336001	2337000	2336501	337.0	-0.276503	0.047877
2337001	2338000	2337501	297.0	-0.276193	-0.134409
2338001	2339000	2338501	316.0	-0.275883	-0.044947
2339001	2340000	2339501	416.0	-0.275573	0.351712
2340001	2341000	2340501	403.0	-0.275263	0.305908
2341001	2342000	2341501	370.0	-0.274954	0.182653
2342001	2343000	2342501	417.0	-0.274644	0.355175
2343001	2344000	2343501	480.0	-0.274334	0.558162
2344001	2345000	2344501	355.0	-0.274024	0.122947
2345001	2346000	2345501	458.0	-0.273714	0.490476
2346001	2347000	2346501	357.0	-0.273404	0.131052
2347001	2348000	2347501	322.0	-0.273094	-0.017811
2348001	2349000	2348501	368.0	-0.272784	0.174834
2349001	2350000	2349501	358.0	-0.272474	0.135088
2350001	2351000	2350501	337.0	-0.272164	0.047877
2351001	2352000	2351501	265.0	-0.271854	-0.298880
2352001	2353000	2352501	216.0	-0.271544	-0.593841
2353001	2354000	2353501	238.0	-0.271234	-0.453910
2354001	2355000	2354501	240.0	-0.270924	-0.441838
2355001	2356000	2355501	276.0	-0.270614	-0.240204
2356001	2357000	2356501	286.0	-0.270304	-0.188857
2357001	2358000	2357501	252.0	-0.269994	-0.371448
2358001	2359000	2358501	329.0	-0.269684	0.013216
2359001	2360000	2359501	335.0	-0.269374	0.039289
2360001	2361000	2360501	285.0	-0.269064	-0.193910
2361001	2362000	2361501	401.0	-0.268754	0.298730
2362001	2363000	2362501	371.0	-0.268444	0.186547
2363001	2364000	2363501	439.0	-0.268134	0.429349
2364001	2365000	2364501	426.0	-0.267824	0.385981
2365001	2366000	2365501	318.0	-0.267514	-0.035845
2366001	2367000	2366501	412.0	-0.267204	0.337772
2367001	2368000	2367501	356.0	-0.266894	0.127005
2368001	2369000	2368501	313.0	-0.266584	-0.058709
2369001	2370000	2369501	321.0	-0.266274	-0.022299
2370001	2371000	2370501	312.0	-0.265964	-0.063326
2371001	2372000	2371501	308.0	-0.265654	-0.081942
2372001	2373000	2372501	315.0	-0.265344	-0.049520
2373001	2374000	2373501	234.0	-0.265034	-0.478363
2374001	2375000	2374501	261.0	-0.264724	-0.320822
2375001	2376000	2375501	304.0	-0.264414	-0.100801
2376001	2377000	2376501	364.0	-0.264104	0.159066
2377001	2378000	2377501	315.0	-0.263794	-0.049520
2378001	2379000	2378501	276.0	-0.263484	-0.240204
2379001	2380000	2379501	292.0	-0.263174	-0.158904
2380001	2381000	2380501	403.0	-0.262864	0.305908
2381001	2382000	2381501	309.0	-0.262554	-0.077265
2382001	2383000	2382501	351.0	-0.262244	0.106599
2383001	2384000	2383501	326.0	-0.261934	0.000000
2384001	2385000	2384501	343.0	-0.261624	0.073337
2385001	2386000	2385501	336.0	-0.261314	0.043589
2386001	2387000	2386501	331.0	-0.261004	0.021959
2387001	2388000	2387501	310.0	-0.260694	-0.072604
2388001	2389000	2388501	343.0	-0.260384	0.073337
2389001	2390000	2389501	353.0	-0.260074	0.114796
2390001	2391000	2390501	372.0	-0.259764	0.190431
2391001	2392000	2391501	305.0	-0.259454	-0.096063
2392001	2393000	2392501	306.0	-0.259144	-0.091340
2393001	2394000	2393501	329.0	-0.258834	0.013216
2394001	2395000	2394501	294.0	-0.258524	-0.149056
2395001	2396000	2395501	330.0	-0.258215	0.017594
2396001	2397000	2396501	321.0	-0.257905	-0.022299
2397001	2398000	2397501	318.0	-0.257595	-0.035845
2398001	2399000	2398501	303.0	-0.257285	-0.105554
2399001	2400000	2399501	405.0	-0.256975	0.313050
2400001	2401000	2400501	348.0	-0.256665	0.094215
2401001	2402000	2401501	323.0	-0.256355	-0.013338
2402001	2403000	2402501	345.0	-0.256045	0.081724
2403001	2404000	2403501	361.0	-0.255735	0.147127
2404001	2405000	2404501	294.0	-0.255425	-0.149056
2405001	2406000	2405501	300.0	-0.255115	-0.119909
2406001	2407000	2406501	301.0	-0.254805	-0.115108
2407001	2408000	2407501	251.0	-0.254495	-0.377185
2408001	2409000	2408501	291.0	-0.254185	-0.163853
2409001	2410000	2409501	316.0	-0.253875	-0.044947
2410001	2411000	2410501	271.0	-0.253565	-0.266579
2411001	2412000	2411501	292.0	-0.253255	-0.158904
2412001	2413000	2412501	308.0	-0.252945	-0.081942
2413001	2414000	2413501	265.0	-0.252635	-0.298880
2414001	2415000	2414501	251.0	-0.252325	-0.377185
2415001	2416000	2415501	322.0	-0.252015	-0.017811
2416001	2417000	2416501	353.0	-0.251705	0.114796
2417001	2418000	2417501	304.0	-0.251395	-0.100801
2418001	2419000	2418501	388.0	-0.251085	0.251185
2419001	2420000	2419501	343.0	-0.250775	0.073337
2420001	2421000	2420501	285.0	-0.250465	-0.193910
2421001	2422000	2421501	373.0	-0.250155	0.194304
2422001	2423000	2422501	311.0	-0.249845	-0.067957
2423001	2424000	2423501	393.0	-0.249535	0.269657
2424001	2425000	2424501	481.0	-0.249225	0.561165
2425001	2426000	2425501	366.0	-0.248915	0.166972
2426001	2427000	2426501	333.0	-0.248605	0.030650
2427001	2428000	2427501	489.0	-0.248295	0.584963
2428001	2429000	2428501	365.0	-0.247985	0.163024
2429001	2430000	2429501	290.0	-0.247675	-0.168819
2430001	2431000	2430501	310.0	-0.247365	-0.072604
2431001	2432000	2431501	326.0	-0.247055	0.000000
2432001	2433000	2432501	326.0	-0.246745	0.000000
2433001	2434000	2433501	249.0	-0.246435	-0.388726
2434001	2435000	2434501	304.0	-0.246125	-0.100801
2435001	2436000	2435501	429.0	-0.245815	0.396106
2436001	2437000	2436501	379.0	-0.245505	0.217326
2437001	2438000	2437501	355.0	-0.245195	0.122947
2438001	2439000	2438501	327.0	-0.244885	0.004419
2439001	2440000	2439501	320.0	-0.244575	-0.026800
2440001	2441000	2440501	356.0	-0.244265	0.127005
2441001	2442000	2441501	343.0	-0.243955	0.073337
2442001	2443000	2442501	349.0	-0.243645	0.098355
2443001	2444000	2443501	377.0	-0.243335	0.209693
2444001	2445000	2444501	379.0	-0.243025	0.217326
2445001	2446000	2445501	382.0	-0.242715	0.228701
2446001	2447000	2446501	418.0	-0.242405	0.358631
2447001	2448000	2447501	249.0	-0.242095	-0.388726
2448001	2449000	2448501	245.0	-0.241785	-0.412090
2449001	2450000	2449501	315.0	-0.241476	-0.049520
2450001	2451000	2450501	293.0	-0.241166	-0.153971
2451001	2452000	2451501	266.0	-0.240856	-0.293446
2452001	2453000	2452501	286.0	-0.240546	-0.188857
2453001	2454000	2453501	347.0	-0.240236	0.090064
2454001	2455000	2454501	279.0	-0.239926	-0.224607
2455001	2456000	2455501	363.0	-0.239616	0.155098
2456001	2457000	2456501	381.0	-0.239306	0.224919
2457001	2458000	2457501	448.0	-0.238996	0.458627
2458001	2459000	2458501	330.0	-0.238686	0.017594
2459001	2460000	2459501	312.0	-0.238376	-0.063326
2460001	2461000	2460501	328.0	-0.238066	0.008824
2461001	2462000	2461501	359.0	-0.237756	0.139112
2462001	2463000	2462501	408.0	-0.237446	0.323697
2463001	2464000	2463501	393.0	-0.237136	0.269657
2464001	2465000	2464501	278.0	-0.236826	-0.229787
2465001	2466000	2465501	295.0	-0.236516	-0.144157
2466001	2467000	2466501	335.0	-0.236206	0.039289
2467001	2468000	2467501	306.0	-0.235896	-0.091340
2468001	2469000	2468501	307.0	-0.235586	-0.086633
2469001	2470000	2469501	285.0	-0.235276	-0.193910
2470001	2471000	2470501	255.0	-0.234966	-0.354375
2471001	2472000	2471501	247.0	-0.234656	-0.400361
2472001	2473000	2472501	307.0	-0.234346	-0.086633
2473001	2474000	2473501	388.0	-0.234036	0.251185
2474001	2475000	2474501	270.0	-0.233726	-0.271913
2475001	2476000	2475501	360.0	-0.233416	0.143125
2476001	2477000	2476501	376.0	-0.233106	0.205861
2477001	2478000	2477501	364.0	-0.232796	0.159066
2478001	2479000	2478501	322.0	-0.232486	-0.017811
2479001	2480000	2479501	344.0	-0.232176	0.077537
2480001	2481000	2480501	345.0	-0.231866	0.081724
2481001	2482000	2481501	379.0	-0.231556	0.217326
2482001	2483000	2482501	319.0	-0.231246	-0.031316
2483001	2484000	2483501	355.0	-0.230936	0.122947
2484001	2485000	2484501	332.0	-0.230626	0.026311
2485001	2486000	2485501	318.0	-0.230316	-0.035845
2486001	2487000	2486501	307.0	-0.230006	-0.086633
2487001	2488000	2487501	338.0	-0.229696	0.052151
2488001	2489000	2488501	302.0	-0.229386	-0.110323
2489001	2490000	2489501	286.0	-0.229076	-0.188857
2490001	2491000	2490501	280.0	-0.228766	-0.219445
2491001	2492000	2491501	279.0	-0.228456	-0.224607
2492001	2493000	2492501	320.0	-0.228146	-0.026800
2493001	2494000	2493501	241.0	-0.227836	-0.435839
2494001	2495000	2494501	272.0	-0.227526	-0.261265
2495001	2496000	2495501	347.0	-0.227216	0.090064
2496001	2497000	2496501	350.0	-0.226906	0.102483
2497001	2498000	2497501	319.0	-0.226596	-0.031316
2498001	2499000	2498501	305.0	-0.226286	-0.096063
2499001	2500000	2499501	432.0	-0.225976	0.406159
2500001	2501000	2500501	378.0	-0.225666	0.213514
2501001	2502000	2501501	384.0	-0.225356	0.236234
2502001	2503000	2502501	338.0	-0.225046	0.052151
2503001	2504000	2503501	316.0	-0.224737	-0.044947
2504001	2505000	2504501	339.0	-0.224427	0.056413
2505001	2506000	2505501	348.0	-0.224117	0.094215
2506001	2507000	2506501	280.0	-0.223807	-0.219445
2507001	2508000	2507501	404.0	-0.223497	0.309483
2508001	2509000	2508501	341.0	-0.223187	0.064900
2509001	2510000	2509501	324.0	-0.222877	-0.008878
2510001	2511000	2510501	298.0	-0.222567	-0.129560
2511001	2512000	2511501	305.0	-0.222257	-0.096063
2512001	2513000	2512501	341.0	-0.221947	0.064900
2513001	2514000	2513501	300.0	-0.221637	-0.119909
2514001	2515000	2514501	278.0	-0.221327	-0.229787
2515001	2516000	2515501	324.0	-0.221017	-0.008878
2516001	2517000	2516501	284.0	-0.220707	-0.198981
2517001	2518000	2517501	307.0	-0.220397	-0.086633
2518001	2519000	2518501	343.0	-0.220087	0.073337
2519001	2520000	2519501	361.0	-0.219777	0.147127
2520001	2521000	2520501	293.0	-0.219467	-0.153971
2521001	2522000	2521501	343.0	-0.219157	0.073337
2522001	2523000	2522501	285.0	-0.218847	-0.193910
2523001	2524000	2523501	311.0	-0.218537	-0.067957
2524001	2525000	2524501	422.0	-0.218227	0.372371
2525001	2526000	2525501	311.0	-0.217917	-0.067957
2526001	2527000	2526501	278.0	-0.217607	-0.229787
2527001	2528000	2527501	351.0	-0.217297	0.106599
2528001	2529000	2528501	329.0	-0.216987	0.013216
2529001	2530000	2529501	394.0	-0.216677	0.273324
2530001	2531000	2530501	373.0	-0.216367	0.194304
2531001	2532000	2531501	307.0	-0.216057	-0.086633
2532001	2533000	2532501	309.0	-0.215747	-0.077265
2533001	2534000	2533501	315.0	-0.215437	-0.049520
2534001	2535000	2534501	308.0	-0.215127	-0.081942
2535001	2536000	2535501	293.0	-0.214817	-0.153971
2536001	2537000	2536501	302.0	-0.214507	-0.110323
2537001	2538000	2537501	416.0	-0.214197	0.351712
2538001	2539000	2538501	380.0	-0.213887	0.221127
2539001	2540000	2539501	364.0	-0.213577	0.159066
2540001	2541000	2540501	297.0	-0.213267	-0.134409
2541001	2542000	2541501	316.0	-0.212957	-0.044947
2542001	2543000	2542501	297.0	-0.212647	-0.134409
2543001	2544000	2543501	274.0	-0.212337	-0.250696
2544001	2545000	2544501	328.0	-0.212027	0.008824
2545001	2546000	2545501	426.0	-0.211717	0.385981
2546001	2547000	2546501	360.0	-0.211407	0.143125
2547001	2548000	2547501	305.0	-0.211097	-0.096063
2548001	2549000	2548501	339.0	-0.210787	0.056413
2549001	2550000	2549501	301.0	-0.210477	-0.115108
2550001	2551000	2550501	273.0	-0.210167	-0.255971
2551001	2552000	2551501	356.0	-0.209857	0.127005
2552001	2553000	2552501	326.0	-0.209547	0.000000
2553001	2554000	2553501	360.0	-0.209237	0.143125
2554001	2555000	2554501	367.0	-0.208927	0.170908
2555001	2556000	2555501	362.0	-0.208617	0.151118
2556001	2557000	2556501	256.0	-0.208308	-0.348728
2557001	2558000	2557501	391.0	-0.207998	0.262297
2558001	2559000	2558501	276.0	-0.207688	-0.240204
2559001	2560000	2559501	282.0	-0.207378	-0.209177
2560001	2561000	2560501	351.0	-0.207068	0.106599
2561001	2562000	2561501	338.0	-0.206758	0.052151
2562001	2563000	2562501	328.0	-0.206448	0.008824
2563001	2564000	2563501	333.0	-0.206138	0.030650
2564001	2565000	2564501	303.0	-0.205828	-0.105554
2565001	2566000	2565501	305.0	-0.205518	-0.096063
2566001	2567000	2566501	341.0	-0.205208	0.064900
2567001	2568000	2567501	289.0	-0.204898	-0.173802
2568001	2569000	2568501	284.0	-0.204588	-0.198981
2569001	2570000	2569501	249.0	-0.204278	-0.388726
2570001	2571000	2570501	291.0	-0.203968	-0.163853
2571001	2572000	2571501	281.0	-0.203658	-0.214302
2572001	2573000	2572501	328.0	-0.203348	0.008824
2573001	2574000	2573501	240.0	-0.203038	-0.441838
2574001	2575000	2574501	294.0	-0.202728	-0.149056
2575001	2576000	2575501	481.0	-0.202418	0.561165
2576001	2577000	2576501	380.0	-0.202108	0.221127
2577001	2578000	2577501	345.0	-0.201798	0.081724
2578001	2579000	2578501	349.0	-0.201488	0.098355
2579001	2580000	2579501	340.0	-0.201178	0.060663
2580001	2581000	2580501	339.0	-0.200868	0.056413
2581001	2582000	2581501	333.0	-0.200558	0.030650
2582001	2583000	2582501	357.0	-0.200248	0.131052
2583001	2584000	2583501	315.0	-0.199938	-0.049520
2584001	2585000	2584501	280.0	-0.199628	-0.219445
2585001	2586000	2585501	292.0	-0.199318	-0.158904
2586001	2587000	2586501	291.0	-0.199008	-0.163853
2587001	2588000	2587501	310.0	-0.198698	-0.072604
2588001	2589000	2588501	327.0	-0.198388	0.004419
2589001	2590000	2589501	315.0	-0.198078	-0.049520
2590001	2591000	2590501	357.0	-0.197768	0.131052
2591001	2592000	2591501	326.0	-0.197458	0.000000
2592001	2593000	2592501	350.0	-0.197148	0.102483
2593001	2594000	2593501	309.0	-0.196838	-0.077265
2594001	2595000	2594501	273.0	-0.196528	-0.255971
2595001	2596000	2595501	327.0	-0.196218	0.004419
2596001	2597000	2596501	402.0	-0.195908	0.302324
2597001	2598000	2597501	344.0	-0.195598	0.077537
2598001	2599000	2598501	354.0	-0.195288	0.118877
2599001	2600000	2599501	298.0	-0.194978	-0.129560
2600001	2601000	2600501	241.0	-0.194668	-0.435839
2601001	2602000	2601501	265.0	-0.194358	-0.298880
2602001	2603000	2602501	320.0	-0.194048	-0.026800
2603001	2604000	2603501	367.0	-0.193738	0.170908
2604001	2605000	2604501	313.0	-0.193428	-0.058709
2605001	2606000	2605501	312.0	-0.193118	-0.063326
2606001	2607000	2606501	253.0	-0.192808	-0.365735
2607001	2608000	2607501	309.0	-0.192498	-0.077265
2608001	2609000	2608501	293.0	-0.192188	-0.153971
2609001	2610000	2609501	339.0	-0.191878	0.056413
2610001	2611000	2610501	340.0	-0.191569	0.060663
2611001	2612000	2611501	351.0	-0.191259	0.106599
2612001	2613000	2612501	290.0	-0.190949	-0.168819
2613001	2614000	2613501	305.0	-0.190639	-0.096063
2614001	2615000	2614501	338.0	-0.190329	0.052151
2615001	2616000	2615501	366.0	-0.190019	0.166972
2616001	2617000	2616501	317.0	-0.189709	-0.040389
2617001	2618000	2617501	356.0	-0.189399	0.127005
2618001	2619000	2618501	494.0	-0.189089	0.599639
2619001	2620000	2619501	492.0	-0.188779	0.593786
2620001	2621000	2620501	423.0	-0.188469	0.375786
2621001	2622000	2621501	511.0	-0.188159	0.648451
2622001	2623000	2622501	494.0	-0.187849	0.599639
2623001	2624000	2623501	335.0	-0.187539	0.039289
2624001	2625000	2624501	309.0	-0.187229	-0.077265
2625001	2626000	2625501	396.0	-0.186919	0.280628
2626001	2627000	2626501	403.0	-0.186609	0.305908
2627001	2628000	2627501	323.0	-0.186299	-0.013338
2628001	2629000	2628501	302.0	-0.185989	-0.110323
2629001	2630000	2629501	319.0	-0.185679	-0.031316
2630001	2631000	2630501	307.0	-0.185369	-0.086633
2631001	2632000	2631501	312.0	-0.185059	-0.063326
2632001	2633000	2632501	286.0	-0.184749	-0.188857
2633001	2634000	2633501	313.0	-0.184439	-0.058709
2634001	2635000	2634501	468.0	-0.184129	0.521637
2635001	2636000	2635501	509.0	-0.183819	0.642794
2636001	2637000	2636501	522.0	-0.183509	0.679178
2637001	2638000	2637501	468.0	-0.183199	0.521637
2638001	2639000	2638501	472.0	-0.182889	0.533915
2639001	2640000	2639501	330.0	-0.182579	0.017594
2640001	2641000	2640501	351.0	-0.182269	0.106599
2641001	2642000	2641501	341.0	-0.181959	0.064900
2642001	2643000	2642501	337.0	-0.181649	0.047877
2643001	2644000	2643501	303.0	-0.181339	-0.105554
2644001	2645000	2644501	329.0	-0.181029	0.013216
2645001	2646000	2645501	298.0	-0.180719	-0.129560
2646001	2647000	2646501	296.0	-0.180409	-0.139275
2647001	2648000	2647501	287.0	-0.180099	-0.183821
2648001	2649000	2648501	304.0	-0.179789	-0.100801
2649001	2650000	2649501	344.0	-0.179479	0.077537
2650001	2651000	2650501	337.0	-0.179169	0.047877
2651001	2652000	2651501	342.0	-0.178859	0.069124
2652001	2653000	2652501	311.0	-0.178549	-0.067957
2653001	2654000	2653501	324.0	-0.178239	-0.008878
2654001	2655000	2654501	306.0	-0.177929	-0.091340
2655001	2656000	2655501	400.0	-0.177619	0.295128
2656001	2657000	2656501	319.0	-0.177309	-0.031316
2657001	2658000	2657501	343.0	-0.176999	0.073337
2658001	2659000	2658501	420.0	-0.176689	0.365517
2659001	2660000	2659501	427.0	-0.176379	0.389364
2660001	2661000	2660501	413.0	-0.176069	0.341270
2661001	2662000	2661501	393.0	-0.175759	0.269657
2662001	2663000	2662501	272.0	-0.175449	-0.261265
2663001	2664000	2663501	288.0	-0.175139	-0.178803
2664001	2665000	2664501	389.0	-0.174830	0.254898
2665001	2666000	2665501	347.0	-0.174520	0.090064
2666001	2667000	2666501	319.0	-0.174210	-0.031316
2667001	2668000	2667501	430.0	-0.173900	0.399465
2668001	2669000	2668501	438.0	-0.173590	0.426059
2669001	2670000	2669501	342.0	-0.173280	0.069124
2670001	2671000	2670501	401.0	-0.172970	0.298730
2671001	2672000	2671501	340.0	-0.172660	0.060663
2672001	2673000	2672501	322.0	-0.172350	-0.017811
2673001	2674000	2673501	329.0	-0.172040	0.013216
2674001	2675000	2674501	286.0	-0.171730	-0.188857
2675001	2676000	2675501	339.0	-0.171420	0.056413
2676001	2677000	2676501	347.0	-0.171110	0.090064
2677001	2678000	2677501	298.0	-0.170800	-0.129560
2678001	2679000	2678501	342.0	-0.170490	0.069124
2679001	2680000	2679501	362.0	-0.170180	0.151118
2680001	2681000	2680501	362.0	-0.169870	0.151118
2681001	2682000	2681501	459.0	-0.169560	0.493622
2682001	2683000	2682501	383.0	-0.169250	0.232472
2683001	2684000	2683501	251.0	-0.168940	-0.377185
2684001	2685000	2684501	272.0	-0.168630	-0.261265
2685001	2686000	2685501	307.0	-0.168320	-0.086633
2686001	2687000	2686501	283.0	-0.168010	-0.204070
2687001	2688000	2687501	252.0	-0.167700	-0.371448
2688001	2689000	2688501	319.0	-0.167390	-0.031316
2689001	2690000	2689501	298.0	-0.167080	-0.129560
2690001	2691000	2690501	316.0	-0.166770	-0.044947
2691001	2692000	2691501	299.0	-0.166460	-0.124726
2692001	2693000	2692501	372.0	-0.166150	0.190431
2693001	2694000	2693501	456.0	-0.165840	0.484162
2694001	2695000	2694501	310.0	-0.165530	-0.072604
2695001	2696000	2695501	284.0	-0.165220	-0.198981
2696001	2697000	2696501	306.0	-0.164910	-0.091340
2697001	2698000	2697501	328.0	-0.164600	0.008824
2698001	2699000	2698501	283.0	-0.164290	-0.204070
2699001	2700000	2699501	424.0	-0.163980	0.379192
2700001	2701000	2700501	368.0	-0.163670	0.174834
2701001	2702000	2701501	368.0	-0.163360	0.174834
2702001	2703000	2702501	328.0	-0.163050	0.008824
2703001	2704000	2703501	363.0	-0.162740	0.155098
2704001	2705000	2704501	286.0	-0.162430	-0.188857
2705001	2706000	2705501	292.0	-0.162120	-0.158904
2706001	2707000	2706501	334.0	-0.161810	0.034976
2707001	2708000	2707501	341.0	-0.161500	0.064900
2708001	2709000	2708501	362.0	-0.161190	0.151118
2709001	2710000	2709501	337.0	-0.160880	0.047877
2710001	2711000	2710501	300.0	-0.160570	-0.119909
2711001	2712000	2711501	267.0	-0.160260	-0.288032
2712001	2713000	2712501	382.0	-0.159950	0.228701
2713001	2714000	2713501	366.0	-0.159640	0.166972
2714001	2715000	2714501	294.0	-0.159330	-0.149056
2715001	2716000	2715501	372.0	-0.159020	0.190431
2716001	2717000	2716501	394.0	-0.158710	0.273324
2717001	2718000	2717501	395.0	-0.158400	0.276981
2718001	2719000	2718501	371.0	-0.158091	0.186547
2719001	2720000	2719501	374.0	-0.157781	0.198166
2720001	2721000	2720501	397.0	-0.157471	0.284267
2721001	2722000	2721501	409.0	-0.157161	0.327229
2722001	2723000	2722501	436.0	-0.156851	0.419456
2723001	2724000	2723501	349.0	-0.156541	0.098355
2724001	2725000	2724501	430.0	-0.156231	0.399465
2725001	2726000	2725501	333.0	-0.155921	0.030650
2726001	2727000	2726501	303.0	-0.155611	-0.105554
2727001	2728000	2727501	341.0	-0.155301	0.064900
2728001	2729000	2728501	334.0	-0.154991	0.034976
2729001	2730000	2729501	308.0	-0.154681	-0.081942
2730001	2731000	2730501	320.0	-0.154371	-0.026800
2731001	2732000	2731501	392.0	-0.154061	0.265982
2732001	2733000	2732501	354.0	-0.153751	0.118877
2733001	2734000	2733501	328.0	-0.153441	0.008824
2734001	2735000	2734501	363.0	-0.153131	0.155098
2735001	2736000	2735501	450.0	-0.152821	0.465053
2736001	2737000	2736501	396.0	-0.152511	0.280628
2737001	2738000	2737501	413.0	-0.152201	0.341270
2738001	2739000	2738501	352.0	-0.151891	0.110703
2739001	2740000	2739501	319.0	-0.151581	-0.031316
2740001	2741000	2740501	287.0	-0.151271	-0.183821
2741001	2742000	2741501	283.0	-0.150961	-0.204070
2742001	2743000	2742501	345.0	-0.150651	0.081724
2743001	2744000	2743501	329.0	-0.150341	0.013216
2744001	2745000	2744501	302.0	-0.150031	-0.110323
2745001	2746000	2745501	306.0	-0.149721	-0.091340
2746001	2747000	2746501	315.0	-0.149411	-0.049520
2747001	2748000	2747501	231.0	-0.149101	-0.496979
2748001	2749000	2748501	224.0	-0.148791	-0.541373
2749001	2750000	2749501	251.0	-0.148481	-0.377185
2750001	2751000	2750501	283.0	-0.148171	-0.204070
2751001	2752000	2751501	266.0	-0.147861	-0.293446
2752001	2753000	2752501	253.0	-0.147551	-0.365735
2753001	2754000	2753501	263.0	-0.147241	-0.309809
2754001	2755000	2754501	321.0	-0.146931	-0.022299
2755001	2756000	2755501	286.0	-0.146621	-0.188857
2756001	2757000	2756501	375.0	-0.146311	0.202019
2757001	2758000	2757501	355.0	-0.146001	0.122947
2758001	2759000	2758501	299.0	-0.145691	-0.124726
2759001	2760000	2759501	297.0	-0.145381	-0.134409
2760001	2761000	2760501	332.0	-0.145071	0.026311
2761001	2762000	2761501	385.0	-0.144761	0.239986
2762001	2763000	2762501	300.0	-0.144451	-0.119909
2763001	2764000	2763501	354.0	-0.144141	0.118877
2764001	2765000	2764501	263.0	-0.143831	-0.309809
2765001	2766000	2765501	268.0	-0.143521	-0.282639
2766001	2767000	2766501	397.0	-0.143211	0.284267
2767001	2768000	2767501	369.0	-0.142901	0.178749
2768001	2769000	2768501	283.0	-0.142591	-0.204070
2769001	2770000	2769501	308.0	-0.142281	-0.081942
2770001	2771000	2770501	256.0	-0.141971	-0.348728
2771001	2772000	2771501	346.0	-0.141662	0.085900
2772001	2773000	2772501	348.0	-0.141352	0.094215
2773001	2774000	2773501	327.0	-0.141042	0.004419
2774001	2775000	2774501	290.0	-0.140732	-0.168819
2775001	2776000	2775501	357.0	-0.140422	0.131052
2776001	2777000	2776501	230.0	-0.140112	-0.503238
2777001	2778000	2777501	320.0	-0.139802	-0.026800
2778001	2779000	2778501	264.0	-0.139492	-0.304334
2779001	2780000	2779501	255.0	-0.139182	-0.354375
2780001	2781000	2780501	272.0	-0.138872	-0.261265
2781001	2782000	2781501	325.0	-0.138562	-0.004432
2782001	2783000	2782501	285.0	-0.138252	-0.193910
2783001	2784000	2783501	254.0	-0.137942	-0.360043
2784001	2785000	2784501	363.0	-0.137632	0.155098
2785001	2786000	2785501	366.0	-0.137322	0.166972
2786001	2787000	2786501	390.0	-0.137012	0.258602
2787001	2788000	2787501	367.0	-0.136702	0.170908
2788001	2789000	2788501	324.0	-0.136392	-0.008878
2789001	2790000	2789501	363.0	-0.136082	0.155098
2790001	2791000	2790501	387.0	-0.135772	0.247462
2791001	2792000	2791501	349.0	-0.135462	0.098355
2792001	2793000	2792501	317.0	-0.135152	-0.040389
2793001	2794000	2793501	350.0	-0.134842	0.102483
2794001	2795000	2794501	315.0	-0.134532	-0.049520
2795001	2796000	2795501	266.0	-0.134222	-0.293446
2796001	2797000	2796501	263.0	-0.133912	-0.309809
2797001	2798000	2797501	280.0	-0.133602	-0.219445
2798001	2799000	2798501	516.0	-0.133292	0.662499
2799001	2800000	2799501	382.0	-0.132982	0.228701
2800001	2801000	2800501	349.0	-0.132672	0.098355
2801001	2802000	2801501	393.0	-0.132362	0.269657
2802001	2803000	2802501	316.0	-0.132052	-0.044947
2803001	2804000	2803501	312.0	-0.131742	-0.063326
2804001	2805000	2804501	317.0	-0.131432	-0.040389
2805001	2806000	2805501	368.0	-0.131122	0.174834
2806001	2807000	2806501	259.0	-0.130812	-0.331920
2807001	2808000	2807501	288.0	-0.130502	-0.178803
2808001	2809000	2808501	280.0	-0.130192	-0.219445
2809001	2810000	2809501	281.0	-0.129882	-0.214302
2810001	2811000	2810501	342.0	-0.129572	0.069124
2811001	2812000	2811501	293.0	-0.129262	-0.153971
2812001	2813000	2812501	277.0	-0.128952	-0.234986
2813001	2814000	2813501	320.0	-0.128642	-0.026800
2814001	2815000	2814501	388.0	-0.128332	0.251185
2815001	2816000	2815501	319.0	-0.128022	-0.031316
2816001	2817000	2816501	304.0	-0.127712	-0.100801
2817001	2818000	2817501	402.0	-0.127402	0.302324
2818001	2819000	2818501	371.0	-0.127092	0.186547
2819001	2820000	2819501	333.0	-0.126782	0.030650
2820001	2821000	2820501	350.0	-0.126472	0.102483
2821001	2822000	2821501	320.0	-0.126162	-0.026800
2822001	2823000	2822501	378.0	-0.125852	0.213514
2823001	2824000	2823501	323.0	-0.125542	-0.013338
2824001	2825000	2824501	355.0	-0.125232	0.122947
2825001	2826000	2825501	334.0	-0.124923	0.034976
2826001	2827000	2826501	313.0	-0.124613	-0.058709
2827001	2828000	2827501	299.0	-0.124303	-0.124726
2828001	2829000	2828501	425.0	-0.123993	0.382591
2829001	2830000	2829501	355.0	-0.123683	0.122947
2830001	2831000	2830501	356.0	-0.123373	0.127005
2831001	2832000	2831501	488.0	-0.123063	0.582009
2832001	2833000	2832501	430.0	-0.122753	0.399465
2833001	2834000	2833501	331.0	-0.122443	0.021959
2834001	2835000	2834501	328.0	-0.122133	0.008824
2835001	2836000	2835501	294.0	-0.121823	-0.149056
2836001	2837000	2836501	337.0	-0.121513	0.047877
2837001	2838000	2837501	380.0	-0.121203	0.221127
2838001	2839000	2838501	394.0	-0.120893	0.273324
2839001	2840000	2839501	344.0	-0.120583	0.077537
2840001	2841000	2840501	346.0	-0.120273	0.085900
2841001	2842000	2841501	335.0	-0.119963	0.039289
2842001	2843000	2842501	271.0	-0.119653	-0.266579
2843001	2844000	2843501	295.0	-0.119343	-0.144157
2844001	2845000	2844501	294.0	-0.119033	-0.149056
2845001	2846000	2845501	324.0	-0.118723	-0.008878
2846001	2847000	2846501	351.0	-0.118413	0.106599
2847001	2848000	2847501	342.0	-0.118103	0.069124
2848001	2849000	2848501	335.0	-0.117793	0.039289
2849001	2850000	2849501	318.0	-0.117483	-0.035845
2850001	2851000	2850501	330.0	-0.117173	0.017594
2851001	2852000	2851501	392.0	-0.116863	0.265982
2852001	2853000	2852501	390.0	-0.116553	0.258602
2853001	2854000	2853501	298.0	-0.116243	-0.129560
2854001	2855000	2854501	323.0	-0.115933	-0.013338
2855001	2856000	2855501	413.0	-0.115623	0.341270
2856001	2857000	2856501	367.0	-0.115313	0.170908
2857001	2858000	2857501	429.0	-0.115003	0.396106
2858001	2859000	2858501	376.0	-0.114693	0.205861
2859001	2860000	2859501	398.0	-0.114383	0.287896
2860001	2861000	2860501	285.0	-0.114073	-0.193910
2861001	2862000	2861501	350.0	-0.113763	0.102483
2862001	2863000	2862501	369.0	-0.113453	0.178749
2863001	2864000	2863501	321.0	-0.113143	-0.022299
2864001	2865000	2864501	323.0	-0.112833	-0.013338
2865001	2866000	2865501	335.0	-0.112523	0.039289
2866001	2867000	2866501	320.0	-0.112213	-0.026800
2867001	2868000	2867501	297.0	-0.111903	-0.134409
2868001	2869000	2868501	265.0	-0.111593	-0.298880
2869001	2870000	2869501	295.0	-0.111283	-0.144157
2870001	2871000	2870501	293.0	-0.110973	-0.153971
2871001	2872000	2871501	308.0	-0.110663	-0.081942
2872001	2873000	2872501	210.0	-0.110353	-0.634483
2873001	2874000	2873501	273.0	-0.110043	-0.255971
2874001	2875000	2874501	220.0	-0.109733	-0.567368
2875001	2876000	2875501	134.0	-0.109423	-1.282639
2876001	2877000	2876501	266.0	-0.109113	-0.293446
2877001	2878000	2877501	197.0	-0.108803	-0.726676
2878001	2879000	2878501	228.0	-0.108493	-0.515838
2879001	2880000	2879501	253.0	-0.108184	-0.365735
2880001	2881000	2880501	261.0	-0.107874	-0.320822
2881001	2882000	2881501	326.0	-0.107564	0.000000
2882001	2883000	2882501	351.0	-0.107254	0.106599
2883001	2884000	2883501	413.0	-0.106944	0.341270
2884001	2885000	2884501	407.0	-0.106634	0.320157
2885001	2886000	2885501	365.0	-0.106324	0.163024
2886001	2887000	2886501	347.0	-0.106014	0.090064
2887001	2888000	2887501	295.0	-0.105704	-0.144157
2888001	2889000	2888501	296.0	-0.105394	-0.139275
2889001	2890000	2889501	320.0	-0.105084	-0.026800
2890001	2891000	2890501	307.0	-0.104774	-0.086633
2891001	2892000	2891501	241.0	-0.104464	-0.435839
2892001	2893000	2892501	323.0	-0.104154	-0.013338
2893001	2894000	2893501	359.0	-0.103844	0.139112
2894001	2895000	2894501	311.0	-0.103534	-0.067957
2895001	2896000	2895501	287.0	-0.103224	-0.183821
2896001	2897000	2896501	291.0	-0.102914	-0.163853
2897001	2898000	2897501	332.0	-0.102604	0.026311
2898001	2899000	2898501	299.0	-0.102294	-0.124726
2899001	2900000	2899501	313.0	-0.101984	-0.058709
2900001	2901000	2900501	305.0	-0.101674	-0.096063
2901001	2902000	2901501	438.0	-0.101364	0.426059
2902001	2903000	2902501	273.0	-0.101054	-0.255971
2903001	2904000	2903501	268.0	-0.100744	-0.282639
2904001	2905000	2904501	389.0	-0.100434	0.254898
2905001	2906000	2905501	445.0	-0.100124	0.448933
2906001	2907000	2906501	404.0	-0.099814	0.309483
2907001	2908000	2907501	404.0	-0.099504	0.309483
2908001	2909000	2908501	355.0	-0.099194	0.122947
2909001	2910000	2909501	341.0	-0.098884	0.064900
2910001	2911000	2910501	299.0	-0.098574	-0.124726
2911001	2912000	2911501	260.0	-0.098264	-0.326360
2912001	2913000	2912501	302.0	-0.097954	-0.110323
2913001	2914000	2913501	296.0	-0.097644	-0.139275
2914001	2915000	2914501	272.0	-0.097334	-0.261265
2915001	2916000	2915501	343.0	-0.097024	0.073337
2916001	2917000	2916501	378.0	-0.096714	0.213514
2917001	2918000	2917501	389.0	-0.096404	0.254898
2918001	2919000	2918501	356.0	-0.096094	0.127005
2919001	2920000	2919501	307.0	-0.095784	-0.086633
2920001	2921000	2920501	277.0	-0.095474	-0.234986
2921001	2922000	2921501	315.0	-0.095164	-0.049520
2922001	2923000	2922501	412.0	-0.094854	0.337772
2923001	2924000	2923501	422.0	-0.094544	0.372371
2924001	2925000	2924501	348.0	-0.094234	0.094215
2925001	2926000	2925501	358.0	-0.093924	0.135088
2926001	2927000	2926501	365.0	-0.093614	0.163024
2927001	2928000	2927501	286.0	-0.093304	-0.188857
2928001	2929000	2928501	275.0	-0.092994	-0.245440
2929001	2930000	2929501	382.0	-0.092684	0.228701
2930001	2931000	2930501	294.0	-0.092374	-0.149056
2931001	2932000	2931501	360.0	-0.092064	0.143125
2932001	2933000	2932501	270.0	-0.091754	-0.271913
2933001	2934000	2933501	300.0	-0.091445	-0.119909
2934001	2935000	2934501	309.0	-0.091135	-0.077265
2935001	2936000	2935501	339.0	-0.090825	0.056413
2936001	2937000	2936501	377.0	-0.090515	0.209693
2937001	2938000	2937501	315.0	-0.090205	-0.049520
2938001	2939000	2938501	282.0	-0.089895	-0.209177
2939001	2940000	2939501	319.0	-0.089585	-0.031316
2940001	2941000	2940501	342.0	-0.089275	0.069124
2941001	2942000	2941501	345.0	-0.088965	0.081724
2942001	2943000	2942501	283.0	-0.088655	-0.204070
2943001	2944000	2943501	320.0	-0.088345	-0.026800
2944001	2945000	2944501	289.0	-0.088035	-0.173802
2945001	2946000	2945501	300.0	-0.087725	-0.119909
2946001	2947000	2946501	349.0	-0.087415	0.098355
2947001	2948000	2947501	318.0	-0.087105	-0.035845
2948001	2949000	2948501	297.0	-0.086795	-0.134409
2949001	2950000	2949501	242.0	-0.086485	-0.429865
2950001	2951000	2950501	274.0	-0.086175	-0.250696
2951001	2952000	2951501	332.0	-0.085865	0.026311
2952001	2953000	2952501	405.0	-0.085555	0.313050
2953001	2954000	2953501	196.0	-0.085245	-0.734018
2954001	2955000	2954501	161.0	-0.084935	-1.017811
2955001	2956000	2955501	233.0	-0.084625	-0.484542
2956001	2957000	2956501	206.0	-0.084315	-0.662228
2957001	2958000	2957501	196.0	-0.084005	-0.734018
2958001	2959000	2958501	217.0	-0.083695	-0.587177
2959001	2960000	2959501	315.0	-0.083385	-0.049520
2960001	2961000	2960501	426.0	-0.083075	0.385981
2961001	2962000	2961501	367.0	-0.082765	0.170908
2962001	2963000	2962501	394.0	-0.082455	0.273324
2963001	2964000	2963501	417.0	-0.082145	0.355175
2964001	2965000	2964501	261.0	-0.081835	-0.320822
2965001	2966000	2965501	227.0	-0.081525	-0.522180
2966001	2967000	2966501	365.0	-0.081215	0.163024
2967001	2968000	2967501	350.0	-0.080905	0.102483
2968001	2969000	2968501	459.0	-0.080595	0.493622
2969001	2970000	2969501	451.0	-0.080285	0.468255
2970001	2971000	2970501	408.0	-0.079975	0.323697
2971001	2972000	2971501	507.0	-0.079665	0.637114
2972001	2973000	2972501	351.0	-0.079355	0.106599
2973001	2974000	2973501	383.0	-0.079045	0.232472
2974001	2975000	2974501	322.0	-0.078735	-0.017811
2975001	2976000	2975501	295.0	-0.078425	-0.144157
2976001	2977000	2976501	388.0	-0.078115	0.251185
2977001	2978000	2977501	351.0	-0.077805	0.106599
2978001	2979000	2978501	325.0	-0.077495	-0.004432
2979001	2980000	2979501	342.0	-0.077185	0.069124
2980001	2981000	2980501	432.0	-0.076875	0.406159
2981001	2982000	2981501	419.0	-0.076565	0.362078
2982001	2983000	2982501	466.0	-0.076255	0.515458
2983001	2984000	2983501	357.0	-0.075945	0.131052
2984001	2985000	2984501	403.0	-0.075635	0.305908
2985001	2986000	2985501	373.0	-0.075325	0.194304
2986001	2987000	2986501	470.0	-0.075015	0.527789
2987001	2988000	2987501	432.0	-0.074706	0.406159
2988001	2989000	2988501	474.0	-0.074396	0.540015
2989001	2990000	2989501	454.0	-0.074086	0.477820
2990001	2991000	2990501	494.0	-0.073776	0.599639
2991001	2992000	2991501	471.0	-0.073466	0.530855
2992001	2993000	2992501	391.0	-0.073156	0.262297
2993001	2994000	2993501	340.0	-0.072846	0.060663
2994001	2995000	2994501	363.0	-0.072536	0.155098
2995001	2996000	2995501	356.0	-0.072226	0.127005
2996001	2997000	2996501	357.0	-0.071916	0.131052
2997001	2998000	2997501	327.0	-0.071606	0.004419
2998001	2999000	2998501	259.0	-0.071296	-0.331920
2999001	3000000	2999501	295.0	-0.070986	-0.144157
3000001	3001000	3000501	285.0	-0.070676	-0.193910
3001001	3002000	3001501	284.0	-0.070366	-0.198981
3002001	3003000	3002501	331.0	-0.070056	0.021959
3003001	3004000	3003501	336.0	-0.069746	0.043589
3004001	3005000	3004501	349.0	-0.069436	0.098355
3005001	3006000	3005501	241.0	-0.069126	-0.435839
3006001	3007000	3006501	368.0	-0.068816	0.174834
3007001	3008000	3007501	314.0	-0.068506	-0.054107
3008001	3009000	3008501	340.0	-0.068196	0.060663
3009001	3010000	3009501	369.0	-0.067886	0.178749
3010001	3011000	3010501	323.0	-0.067576	-0.013338
3011001	3012000	3011501	297.0	-0.067266	-0.134409
3012001	3013000	3012501	283.0	-0.066956	-0.204070
3013001	3014000	3013501	293.0	-0.066646	-0.153971
3014001	3015000	3014501	270.0	-0.066336	-0.271913
3015001	3016000	3015501	305.0	-0.066026	-0.096063
3016001	3017000	3016501	400.0	-0.065716	0.295128
3017001	3018000	3017501	467.0	-0.065406	0.518551
3018001	3019000	3018501	385.0	-0.065096	0.239986
3019001	3020000	3019501	271.0	-0.064786	-0.266579
3020001	3021000	3020501	404.0	-0.064476	0.309483
3021001	3022000	3021501	436.0	-0.064166	0.419456
3022001	3023000	3022501	392.0	-0.063856	0.265982
3023001	3024000	3023501	300.0	-0.063546	-0.119909
3024001	3025000	3024501	287.0	-0.063236	-0.183821
3025001	3026000	3025501	301.0	-0.062926	-0.115108
3026001	3027000	3026501	317.0	-0.062616	-0.040389
3027001	3028000	3027501	256.0	-0.062306	-0.348728
3028001	3029000	3028501	324.0	-0.061996	-0.008878
3029001	3030000	3029501	347.0	-0.061686	0.090064
3030001	3031000	3030501	403.0	-0.061376	0.305908
3031001	3032000	3031501	331.0	-0.061066	0.021959
3032001	3033000	3032501	295.0	-0.060756	-0.144157
3033001	3034000	3033501	324.0	-0.060446	-0.008878
3034001	3035000	3034501	281.0	-0.060136	-0.214302
3035001	3036000	3035501	347.0	-0.059826	0.090064
3036001	3037000	3036501	409.0	-0.059516	0.327229
3037001	3038000	3037501	360.0	-0.059206	0.143125
3038001	3039000	3038501	330.0	-0.058896	0.017594
3039001	3040000	3039501	298.0	-0.058586	-0.129560
3040001	3041000	3040501	361.0	-0.058277	0.147127
3041001	3042000	3041501	334.0	-0.057967	0.034976
3042001	3043000	3042501	347.0	-0.057657	0.090064
3043001	3044000	3043501	319.0	-0.057347	-0.031316
3044001	3045000	3044501	291.0	-0.057037	-0.163853
3045001	3046000	3045501	280.0	-0.056727	-0.219445
3046001	3047000	3046501	282.0	-0.056417	-0.209177
3047001	3048000	3047501	355.0	-0.056107	0.122947
3048001	3049000	3048501	296.0	-0.055797	-0.139275
3049001	3050000	3049501	352.0	-0.055487	0.110703
3050001	3051000	3050501	395.0	-0.055177	0.276981
3051001	3052000	3051501	454.0	-0.054867	0.477820
3052001	3053000	3052501	291.0	-0.054557	-0.163853
3053001	3054000	3053501	357.0	-0.054247	0.131052
3054001	3055000	3054501	302.0	-0.053937	-0.110323
3055001	3056000	3055501	339.0	-0.053627	0.056413
3056001	3057000	3056501	293.0	-0.053317	-0.153971
3057001	3058000	3057501	294.0	-0.053007	-0.149056
3058001	3059000	3058501	308.0	-0.052697	-0.081942
3059001	3060000	3059501	279.0	-0.052387	-0.224607
3060001	3061000	3060501	338.0	-0.052077	0.052151
3061001	3062000	3061501	350.0	-0.051767	0.102483
3062001	3063000	3062501	333.0	-0.051457	0.030650
3063001	3064000	3063501	350.0	-0.051147	0.102483
3064001	3065000	3064501	289.0	-0.050837	-0.173802
3065001	3066000	3065501	334.0	-0.050527	0.034976
3066001	3067000	3066501	291.0	-0.050217	-0.163853
3067001	3068000	3067501	259.0	-0.049907	-0.331920
3068001	3069000	3068501	280.0	-0.049597	-0.219445
3069001	3070000	3069501	318.0	-0.049287	-0.035845
3070001	3071000	3070501	337.0	-0.048977	0.047877
3071001	3072000	3071501	412.0	-0.048667	0.337772
3072001	3073000	3072501	384.0	-0.048357	0.236234
3073001	3074000	3073501	366.0	-0.048047	0.166972
3074001	3075000	3074501	418.0	-0.047737	0.358631
3075001	3076000	3075501	416.0	-0.047427	0.351712
3076001	3077000	3076501	533.0	-0.047117	0.709264
3077001	3078000	3077501	484.0	-0.046807	0.570135
3078001	3079000	3078501	411.0	-0.046497	0.334266
3079001	3080000	3079501	354.0	-0.046187	0.118877
3080001	3081000	3080501	373.0	-0.045877	0.194304
3081001	3082000	3081501	358.0	-0.045567	0.135088
3082001	3083000	3082501	350.0	-0.045257	0.102483
3083001	3084000	3083501	389.0	-0.044947	0.254898
3084001	3085000	3084501	299.0	-0.044637	-0.124726
3085001	3086000	3085501	311.0	-0.044327	-0.067957
3086001	3087000	3086501	329.0	-0.044017	0.013216
3087001	3088000	3087501	357.0	-0.043707	0.131052
3088001	3089000	3088501	408.0	-0.043397	0.323697
3089001	3090000	3089501	328.0	-0.043087	0.008824
3090001	3091000	3090501	304.0	-0.042777	-0.100801
3091001	3092000	3091501	342.0	-0.042467	0.069124
3092001	3093000	3092501	297.0	-0.042157	-0.134409
3093001	3094000	3093501	299.0	-0.041847	-0.124726
3094001	3095000	3094501	318.0	-0.041538	-0.035845
3095001	3096000	3095501	289.0	-0.041228	-0.173802
3096001	3097000	3096501	264.0	-0.040918	-0.304334
3097001	3098000	3097501	354.0	-0.040608	0.118877
3098001	3099000	3098501	338.0	-0.040298	0.052151
3099001	3100000	3099501	462.0	-0.039988	0.503021
3100001	3101000	3100501	428.0	-0.039678	0.392739
3101001	3102000	3101501	474.0	-0.039368	0.540015
3102001	3103000	3102501	477.0	-0.039058	0.549117
3103001	3104000	3103501	438.0	-0.038748	0.426059
3104001	3105000	3104501	416.0	-0.038438	0.351712
3105001	3106000	3105501	261.0	-0.038128	-0.320822
3106001	3107000	3106501	343.0	-0.037818	0.073337
3107001	3108000	3107501	399.0	-0.037508	0.291517
3108001	3109000	3108501	289.0	-0.037198	-0.173802
3109001	3110000	3109501	308.0	-0.036888	-0.081942
3110001	3111000	3110501	322.0	-0.036578	-0.017811
3111001	3112000	3111501	282.0	-0.036268	-0.209177
3112001	3113000	3112501	286.0	-0.035958	-0.188857
3113001	3114000	3113501	321.0	-0.035648	-0.022299
3114001	3115000	3114501	290.0	-0.035338	-0.168819
3115001	3116000	3115501	331.0	-0.035028	0.021959
3116001	3117000	3116501	317.0	-0.034718	-0.040389
3117001	3118000	3117501	350.0	-0.034408	0.102483
3118001	3119000	3118501	372.0	-0.034098	0.190431
3119001	3120000	3119501	350.0	-0.033788	0.102483
3120001	3121000	3120501	323.0	-0.033478	-0.013338
3121001	3122000	3121501	312.0	-0.033168	-0.063326
3122001	3123000	3122501	328.0	-0.032858	0.008824
3123001	3124000	3123501	352.0	-0.032548	0.110703
3124001	3125000	3124501	355.0	-0.032238	0.122947
3125001	3126000	3125501	332.0	-0.031928	0.026311
3126001	3127000	3126501	266.0	-0.031618	-0.293446
3127001	3128000	3127501	270.0	-0.031308	-0.271913
3128001	3129000	3128501	276.0	-0.030998	-0.240204
3129001	3130000	3129501	269.0	-0.030688	-0.277266
3130001	3131000	3130501	267.0	-0.030378	-0.288032
3131001	3132000	3131501	354.0	-0.030068	0.118877
3132001	3133000	3132501	311.0	-0.029758	-0.067957
3133001	3134000	3133501	339.0	-0.029448	0.056413
3134001	3135000	3134501	290.0	-0.029138	-0.168819
3135001	3136000	3135501	347.0	-0.028828	0.090064
3136001	3137000	3136501	300.0	-0.028518	-0.119909
3137001	3138000	3137501	277.0	-0.028208	-0.234986
3138001	3139000	3138501	408.0	-0.027898	0.323697
3139001	3140000	3139501	305.0	-0.027588	-0.096063
3140001	3141000	3140501	238.0	-0.027278	-0.453910
3141001	3142000	3141501	274.0	-0.026968	-0.250696
3142001	3143000	3142501	275.0	-0.026658	-0.245440
3143001	3144000	3143501	253.0	-0.026348	-0.365735
3144001	3145000	3144501	274.0	-0.026038	-0.250696
3145001	3146000	3145501	357.0	-0.025728	0.131052
3146001	3147000	3146501	265.0	-0.025418	-0.298880
3147001	3148000	3147501	423.0	-0.025108	0.375786
3148001	3149000	3148501	338.0	-0.024799	0.052151
3149001	3150000	3149501	271.0	-0.024489	-0.266579
3150001	3151000	3150501	329.0	-0.024179	0.013216
3151001	3152000	3151501	377.0	-0.023869	0.209693
3152001	3153000	3152501	374.0	-0.023559	0.198166
3153001	3154000	3153501	287.0	-0.023249	-0.183821
3154001	3155000	3154501	283.0	-0.022939	-0.204070
3155001	3156000	3155501	362.0	-0.022629	0.151118
3156001	3157000	3156501	290.0	-0.022319	-0.168819
3157001	3158000	3157501	282.0	-0.022009	-0.209177
3158001	3159000	3158501	365.0	-0.021699	0.163024
3159001	3160000	3159501	356.0	-0.021389	0.127005
3160001	3161000	3160501	324.0	-0.021079	-0.008878
3161001	3162000	3161501	316.0	-0.020769	-0.044947
3162001	3163000	3162501	346.0	-0.020459	0.085900
3163001	3164000	3163501	329.0	-0.020149	0.013216
3164001	3165000	3164501	321.0	-0.019839	-0.022299
3165001	3166000	3165501	298.0	-0.019529	-0.129560
3166001	3167000	3166501	304.0	-0.019219	-0.100801
3167001	3168000	3167501	284.0	-0.018909	-0.198981
3168001	3169000	3168501	323.0	-0.018599	-0.013338
3169001	3170000	3169501	381.0	-0.018289	0.224919
3170001	3171000	3170501	341.0	-0.017979	0.064900
3171001	3172000	3171501	234.0	-0.017669	-0.478363
3172001	3173000	3172501	299.0	-0.017359	-0.124726
3173001	3174000	3173501	243.0	-0.017049	-0.423916
3174001	3175000	3174501	259.0	-0.016739	-0.331920
3175001	3176000	3175501	314.0	-0.016429	-0.054107
3176001	3177000	3176501	341.0	-0.016119	0.064900
3177001	3178000	3177501	286.0	-0.015809	-0.188857
3178001	3179000	3178501	247.0	-0.015499	-0.400361
3179001	3180000	3179501	332.0	-0.015189	0.026311
3180001	3181000	3180501	273.0	-0.014879	-0.255971
3181001	3182000	3181501	313.0	-0.014569	-0.058709
3182001	3183000	3182501	254.0	-0.014259	-0.360043
3183001	3184000	3183501	262.0	-0.013949	-0.315305
3184001	3185000	3184501	240.0	-0.013639	-0.441838
3185001	3186000	3185501	296.0	-0.013329	-0.139275
3186001	3187000	3186501	327.0	-0.013019	0.004419
3187001	3188000	3187501	323.0	-0.012709	-0.013338
3188001	3189000	3188501	329.0	-0.012399	0.013216
3189001	3190000	3189501	294.0	-0.012089	-0.149056
3190001	3191000	3190501	267.0	-0.011779	-0.288032
3191001	3192000	3191501	315.0	-0.011469	-0.049520
3192001	3193000	3192501	332.0	-0.011159	0.026311
3193001	3194000	3193501	287.0	-0.010849	-0.183821
3194001	3195000	3194501	324.0	-0.010539	-0.008878
3195001	3196000	3195501	331.0	-0.010229	0.021959
3196001	3197000	3196501	318.0	-0.009919	-0.035845
3197001	3198000	3197501	310.0	-0.009609	-0.072604
3198001	3199000	3198501	319.0	-0.009299	-0.031316
3199001	3200000	3199501	222.0	-0.008989	-0.554312
3200001	3201000	3200501	302.0	-0.008679	-0.110323
3201001	3202000	3201501	356.0	-0.008369	0.127005
3202001	3203000	3202501	482.0	-0.008060	0.564161
3203001	3204000	3203501	368.0	-0.007750	0.174834
3204001	3205000	3204501	423.0	-0.007440	0.375786
3205001	3206000	3205501	269.0	-0.007130	-0.277266
3206001	3207000	3206501	272.0	-0.006820	-0.261265
3207001	3208000	3207501	364.0	-0.006510	0.159066
3208001	3209000	3208501	291.0	-0.006200	-0.163853
3209001	3210000	3209501	358.0	-0.005890	0.135088
3210001	3211000	3210501	459.0	-0.005580	0.493622
3211001	3212000	3211501	359.0	-0.005270	0.139112
3212001	3213000	3212501	312.0	-0.004960	-0.063326
3213001	3214000	3213501	351.0	-0.004650	0.106599
3214001	3215000	3214501	402.0	-0.004340	0.302324
3215001	3216000	3215501	320.0	-0.004030	-0.026800
3216001	3217000	3216501	325.0	-0.003720	-0.004432
3217001	3218000	3217501	328.0	-0.003410	0.008824
3218001	3219000	3218501	310.0	-0.003100	-0.072604
3219001	3220000	3219501	326.0	-0.002790	0.000000
3220001	3221000	3220501	344.0	-0.002480	0.077537
3221001	3222000	3221501	293.0	-0.002170	-0.153971
3222001	3223000	3222501	334.0	-0.001860	0.034976
3223001	3224000	3223501	249.0	-0.001550	-0.388726
3224001	3225000	3224501	363.0	-0.001240	0.155098
3225001	3226000	3225501	298.0	-0.000930	-0.129560
3226001	3227000	3226501	291.0	-0.000620	-0.163853
3227001	3228000	3227501	345.0	-0.000310	0.081724
3228001	3229000	3228501	398.0	0.000000	0.287896
3229001	3230000	3229501	283.0	0.000901	-0.204070
3230001	3231000	3230501	307.0	0.001802	-0.086633
3231001	3232000	3231501	325.0	0.002703	-0.004432
3232001	3233000	3232501	345.0	0.003604	0.081724
3233001	3234000	3233501	331.0	0.004505	0.021959
3234001	3235000	3234501	331.0	0.005406	0.021959
3235001	3236000	3235501	453.0	0.006307	0.474639
3236001	3237000	3236501	353.0	0.007209	0.114796
3237001	3238000	3237501	307.0	0.008110	-0.086633
3238001	3239000	3238501	332.0	0.009011	0.026311
3239001	3240000	3239501	333.0	0.009912	0.030650
3240001	3241000	3240501	343.0	0.010813	0.073337
3241001	3242000	3241501	347.0	0.011714	0.090064
3242001	3243000	3242501	313.0	0.012615	-0.058709
3243001	3244000	3243501	326.0	0.013516	0.000000
3244001	3245000	3244501	298.0	0.014417	-0.129560
3245001	3246000	3245501	237.0	0.015318	-0.459985
3246001	3247000	3246501	295.0	0.016219	-0.144157
3247001	3248000	3247501	264.0	0.017120	-0.304334
3248001	3249000	3248501	299.0	0.018021	-0.124726
3249001	3250000	3249501	438.0	0.018922	0.426059
3250001	3251000	3250501	319.0	0.019824	-0.031316
3251001	3252000	3251501	420.0	0.020725	0.365517
3252001	3253000	3252501	406.0	0.021626	0.316608
3253001	3254000	3253501	421.0	0.022527	0.368948
3254001	3255000	3254501	310.0	0.023428	-0.072604
3255001	3256000	3255501	259.0	0.024329	-0.331920
3256001	3257000	3256501	297.0	0.025230	-0.134409
3257001	3258000	3257501	355.0	0.026131	0.122947
3258001	3259000	3258501	387.0	0.027032	0.247462
3259001	3260000	3259501	368.0	0.027933	0.174834
3260001	3261000	3260501	417.0	0.028834	0.355175
3261001	3262000	3261501	403.0	0.029735	0.305908
3262001	3263000	3262501	282.0	0.030636	-0.209177
3263001	3264000	3263501	315.0	0.031537	-0.049520
3264001	3265000	3264501	337.0	0.032438	0.047877
3265001	3266000	3265501	296.0	0.033340	-0.139275
3266001	3267000	3266501	303.0	0.034241	-0.105554
3267001	3268000	3267501	402.0	0.035142	0.302324
3268001	3269000	3268501	386.0	0.036043	0.243729
3269001	3270000	3269501	333.0	0.036944	0.030650
3270001	3271000	3270501	251.0	0.037845	-0.377185
3271001	3272000	3271501	263.0	0.038746	-0.309809
3272001	3273000	3272501	284.0	0.039647	-0.198981
3273001	3274000	3273501	364.0	0.040548	0.159066
3274001	3275000	3274501	355.0	0.041449	0.122947
3275001	3276000	3275501	285.0	0.042350	-0.193910
3276001	3277000	3276501	319.0	0.043251	-0.031316
3277001	3278000	3277501	255.0	0.044152	-0.354375
3278001	3279000	3278501	266.0	0.045053	-0.293446
3279001	3280000	3279501	317.0	0.045955	-0.040389
3280001	3281000	3280501	383.0	0.046856	0.232472
3281001	3282000	3281501	365.0	0.047757	0.163024
3282001	3283000	3282501	398.0	0.048658	0.287896
3283001	3284000	3283501	335.0	0.049559	0.039289
3284001	3285000	3284501	403.0	0.050460	0.305908
3285001	3286000	3285501	406.0	0.051361	0.316608
3286001	3287000	3286501	324.0	0.052262	-0.008878
3287001	3288000	3287501	382.0	0.053163	0.228701
3288001	3289000	3288501	334.0	0.054064	0.034976
3289001	3290000	3289501	309.0	0.054965	-0.077265
3290001	3291000	3290501	375.0	0.055866	0.202019
3291001	3292000	3291501	247.0	0.056767	-0.400361
3292001	3293000	3292501	294.0	0.057668	-0.149056
3293001	3294000	3293501	345.0	0.058569	0.081724
3294001	3295000	3294501	365.0	0.059471	0.163024
3295001	3296000	3295501	296.0	0.060372	-0.139275
3296001	3297000	3296501	307.0	0.061273	-0.086633
3297001	3298000	3297501	305.0	0.062174	-0.096063
3298001	3299000	3298501	342.0	0.063075	0.069124
3299001	3300000	3299501	309.0	0.063976	-0.077265
3300001	3301000	3300501	349.0	0.064877	0.098355
3301001	3302000	3301501	344.0	0.065778	0.077537
3302001	3303000	3302501	319.0	0.066679	-0.031316
3303001	3304000	3303501	360.0	0.067580	0.143125
3304001	3305000	3304501	322.0	0.068481	-0.017811
3305001	3306000	3305501	398.0	0.069382	0.287896
3306001	3307000	3306501	513.0	0.070283	0.654087
3307001	3308000	3307501	477.0	0.071184	0.549117
3308001	3309000	3308501	528.0	0.072086	0.695666
3309001	3310000	3309501	571.0	0.072987	0.808619
3310001	3311000	3310501	514.0	0.073888	0.656896
3311001	3312000	3311501	339.0	0.074789	0.056413
3312001	3313000	3312501	385.0	0.075690	0.239986
3313001	3314000	3313501	324.0	0.076591	-0.008878
3314001	3315000	3314501	388.0	0.077492	0.251185
3315001	3316000	3315501	434.0	0.078393	0.412823
3316001	3317000	3316501	498.0	0.079294	0.611274
3317001	3318000	3317501	482.0	0.080195	0.564161
3318001	3319000	3318501	444.0	0.081096	0.445688
3319001	3320000	3319501	323.0	0.081997	-0.013338
3320001	3321000	3320501	394.0	0.082898	0.273324
3321001	3322000	3321501	376.0	0.083799	0.205861
3322001	3323000	3322501	323.0	0.084700	-0.013338
3323001	3324000	3323501	358.0	0.085602	0.135088
3324001	3325000	3324501	375.0	0.086503	0.202019
3325001	3326000	3325501	417.0	0.087404	0.355175
3326001	3327000	3326501	287.0	0.088305	-0.183821
3327001	3328000	3327501	254.0	0.089206	-0.360043
3328001	3329000	3328501	299.0	0.090107	-0.124726
3329001	3330000	3329501	252.0	0.091008	-0.371448
3330001	3331000	3330501	336.0	0.091909	0.043589
3331001	3332000	3331501	336.0	0.092810	0.043589
3332001	3333000	3332501	281.0	0.093711	-0.214302
3333001	3334000	3333501	345.0	0.094612	0.081724
3334001	3335000	3334501	331.0	0.095513	0.021959
3335001	3336000	3335501	273.0	0.096414	-0.255971
3336001	3337000	3336501	255.0	0.097315	-0.354375
3337001	3338000	3337501	243.0	0.098217	-0.423916
3338001	3339000	3338501	312.0	0.099118	-0.063326
3339001	3340000	3339501	374.0	0.100019	0.198166
3340001	3341000	3340501	322.0	0.100920	-0.017811
3341001	3342000	3341501	383.0	0.101821	0.232472
3342001	3343000	3342501	477.0	0.102722	0.549117
3343001	3344000	3343501	393.0	0.103623	0.269657
3344001	3345000	3344501	284.0	0.104524	-0.198981
3345001	3346000	3345501	304.0	0.105425	-0.100801
3346001	3347000	3346501	421.0	0.106326	0.368948
3347001	3348000	3347501	368.0	0.107227	0.174834
3348001	3349000	3348501	307.0	0.108128	-0.086633
3349001	3350000	3349501	316.0	0.109029	-0.044947
3350001	3351000	3350501	279.0	0.109930	-0.224607
3351001	3352000	3351501	295.0	0.110831	-0.144157
3352001	3353000	3352501	311.0	0.111733	-0.067957
3353001	3354000	3353501	307.0	0.112634	-0.086633
3354001	3355000	3354501	283.0	0.113535	-0.204070
3355001	3356000	3355501	248.0	0.114436	-0.394532
3356001	3357000	3356501	253.0	0.115337	-0.365735
3357001	3358000	3357501	278.0	0.116238	-0.229787
3358001	3359000	3358501	360.0	0.117139	0.143125
3359001	3360000	3359501	305.0	0.118040	-0.096063
3360001	3361000	3360501	290.0	0.118941	-0.168819
3361001	3362000	3361501	295.0	0.119842	-0.144157
3362001	3363000	3362501	252.0	0.120743	-0.371448
3363001	3364000	3363501	317.0	0.121644	-0.040389
3364001	3365000	3364501	274.0	0.122545	-0.250696
3365001	3366000	3365501	254.0	0.123446	-0.360043
3366001	3367000	3366501	279.0	0.124348	-0.224607
3367001	3368000	3367501	273.0	0.125249	-0.255971
3368001	3369000	3368501	237.0	0.126150	-0.459985
3369001	3370000	3369501	273.0	0.127051	-0.255971
3370001	3371000	3370501	402.0	0.127952	0.302324
3371001	3372000	3371501	432.0	0.128853	0.406159
3372001	3373000	3372501	396.0	0.129754	0.280628
3373001	3374000	3373501	322.0	0.130655	-0.017811
3374001	3375000	3374501	266.0	0.131556	-0.293446
3375001	3376000	3375501	313.0	0.132457	-0.058709
3376001	3377000	3376501	286.0	0.133358	-0.188857
3377001	3378000	3377501	253.0	0.134259	-0.365735
3378001	3379000	3378501	305.0	0.135160	-0.096063
3379001	3380000	3379501	297.0	0.136061	-0.134409
3380001	3381000	3380501	329.0	0.136962	0.013216
3381001	3382000	3381501	306.0	0.137864	-0.091340
3382001	3383000	3382501	252.0	0.138765	-0.371448
3383001	3384000	3383501	209.0	0.139666	-0.641369
3384001	3385000	3384501	282.0	0.140567	-0.209177
3385001	3386000	3385501	327.0	0.141468	0.004419
3386001	3387000	3386501	343.0	0.142369	0.073337
3387001	3388000	3387501	356.0	0.143270	0.127005
3388001	3389000	3388501	373.0	0.144171	0.194304
3389001	3390000	3389501	334.0	0.145072	0.034976
3390001	3391000	3390501	331.0	0.145973	0.021959
3391001	3392000	3391501	354.0	0.146874	0.118877
3392001	3393000	3392501	377.0	0.147775	0.209693
3393001	3394000	3393501	344.0	0.148676	0.077537
3394001	3395000	3394501	297.0	0.149577	-0.134409
3395001	3396000	3395501	338.0	0.150479	0.052151
3396001	3397000	3396501	289.0	0.151380	-0.173802
3397001	3398000	3397501	323.0	0.152281	-0.013338
3398001	3399000	3398501	421.0	0.153182	0.368948
3399001	3400000	3399501	349.0	0.154083	0.098355
3400001	3401000	3400501	300.0	0.154984	-0.119909
3401001	3402000	3401501	317.0	0.155885	-0.040389
3402001	3403000	3402501	328.0	0.156786	0.008824
3403001	3404000	3403501	329.0	0.157687	0.013216
3404001	3405000	3404501	369.0	0.158588	0.178749
3405001	3406000	3405501	360.0	0.159489	0.143125
3406001	3407000	3406501	304.0	0.160390	-0.100801
3407001	3408000	3407501	342.0	0.161291	0.069124
3408001	3409000	3408501	316.0	0.162192	-0.044947
3409001	3410000	3409501	357.0	0.163093	0.131052
3410001	3411000	3410501	377.0	0.163995	0.209693
3411001	3412000	3411501	328.0	0.164896	0.008824
3412001	3413000	3412501	288.0	0.165797	-0.178803
3413001	3414000	3413501	277.0	0.166698	-0.234986
3414001	3415000	3414501	291.0	0.167599	-0.163853
3415001	3416000	3415501	275.0	0.168500	-0.245440
3416001	3417000	3416501	308.0	0.169401	-0.081942
3417001	3418000	3417501	310.0	0.170302	-0.072604
3418001	3419000	3418501	293.0	0.171203	-0.153971
3419001	3420000	3419501	397.0	0.172104	0.284267
3420001	3421000	3420501	375.0	0.173005	0.202019
3421001	3422000	3421501	343.0	0.173906	0.073337
3422001	3423000	3422501	397.0	0.174807	0.284267
3423001	3424000	3423501	453.0	0.175708	0.474639
3424001	3425000	3424501	318.0	0.176610	-0.035845
3425001	3426000	3425501	278.0	0.177511	-0.229787
3426001	3427000	3426501	317.0	0.178412	-0.040389
3427001	3428000	3427501	295.0	0.179313	-0.144157
3428001	3429000	3428501	279.0	0.180214	-0.224607
3429001	3430000	3429501	381.0	0.181115	0.224919
3430001	3431000	3430501	371.0	0.182016	0.186547
3431001	3432000	3431501	395.0	0.182917	0.276981
3432001	3433000	3432501	394.0	0.183818	0.273324
3433001	3434000	3433501	306.0	0.184719	-0.091340
3434001	3435000	3434501	323.0	0.185620	-0.013338
3435001	3436000	3435501	366.0	0.186521	0.166972
3436001	3437000	3436501	258.0	0.187422	-0.337501
3437001	3438000	3437501	278.0	0.188323	-0.229787
3438001	3439000	3438501	394.0	0.189224	0.273324
3439001	3440000	3439501	325.0	0.190126	-0.004432
3440001	3441000	3440501	388.0	0.191027	0.251185
3441001	3442000	3441501	398.0	0.191928	0.287896
3442001	3443000	3442501	308.0	0.192829	-0.081942
3443001	3444000	3443501	396.0	0.193730	0.280628
3444001	3445000	3444501	443.0	0.194631	0.442435
3445001	3446000	3445501	294.0	0.195532	-0.149056
3446001	3447000	3446501	341.0	0.196433	0.064900
3447001	3448000	3447501	358.0	0.197334	0.135088
3448001	3449000	3448501	303.0	0.198235	-0.105554
3449001	3450000	3449501	308.0	0.199136	-0.081942
3450001	3451000	3450501	344.0	0.200037	0.077537
3451001	3452000	3451501	385.0	0.200938	0.239986
3452001	3453000	3452501	374.0	0.201839	0.198166
3453001	3454000	3453501	364.0	0.202741	0.159066
3454001	3455000	3454501	403.0	0.203642	0.305908
3455001	3456000	3455501	321.0	0.204543	-0.022299
3456001	3457000	3456501	328.0	0.205444	0.008824
3457001	3458000	3457501	338.0	0.206345	0.052151
3458001	3459000	3458501	321.0	0.207246	-0.022299
3459001	3460000	3459501	310.0	0.208147	-0.072604
3460001	3461000	3460501	302.0	0.209048	-0.110323
3461001	3462000	3461501	416.0	0.209949	0.351712
3462001	3463000	3462501	327.0	0.210850	0.004419
3463001	3464000	3463501	360.0	0.211751	0.143125
3464001	3465000	3464501	367.0	0.212652	0.170908
3465001	3466000	3465501	418.0	0.213553	0.358631
3466001	3467000	3466501	471.0	0.214454	0.530855
3467001	3468000	3467501	357.0	0.215355	0.131052
3468001	3469000	3468501	315.0	0.216257	-0.049520
3469001	3470000	3469501	304.0	0.217158	-0.100801
3470001	3471000	3470501	329.0	0.218059	0.013216
3471001	3472000	3471501	364.0	0.218960	0.159066
3472001	3473000	3472501	357.0	0.219861	0.131052
3473001	3474000	3473501	298.0	0.220762	-0.129560
3474001	3475000	3474501	283.0	0.221663	-0.204070
3475001	3476000	3475501	270.0	0.222564	-0.271913
3476001	3477000	3476501	316.0	0.223465	-0.044947
3477001	3478000	3477501	338.0	0.224366	0.052151
3478001	3479000	3478501	334.0	0.225267	0.034976
3479001	3480000	3479501	336.0	0.226168	0.043589
3480001	3481000	3480501	252.0	0.227069	-0.371448
3481001	3482000	3481501	294.0	0.227970	-0.149056
3482001	3483000	3482501	300.0	0.228872	-0.119909
3483001	3484000	3483501	371.0	0.229773	0.186547
3484001	3485000	3484501	306.0	0.230674	-0.091340
3485001	3486000	3485501	361.0	0.231575	0.147127
3486001	3487000	3486501	364.0	0.232476	0.159066
3487001	3488000	3487501	481.0	0.233377	0.561165
3488001	3489000	3488501	295.0	0.234278	-0.144157
3489001	3490000	3489501	373.0	0.235179	0.194304
3490001	3491000	3490501	373.0	0.236080	0.194304
3491001	3492000	3491501	354.0	0.236981	0.118877
3492001	3493000	3492501	336.0	0.237882	0.043589
3493001	3494000	3493501	368.0	0.238783	0.174834
3494001	3495000	3494501	357.0	0.239684	0.131052
3495001	3496000	3495501	360.0	0.240585	0.143125
3496001	3497000	3496501	319.0	0.241486	-0.031316
3497001	3498000	3497501	305.0	0.242388	-0.096063
3498001	3499000	3498501	312.0	0.243289	-0.063326
3499001	3500000	3499501	317.0	0.244190	-0.040389
3500001	3501000	3500501	287.0	0.245091	-0.183821
3501001	3502000	3501501	321.0	0.245992	-0.022299
3502001	3503000	3502501	308.0	0.246893	-0.081942
3503001	3504000	3503501	270.0	0.247794	-0.271913
3504001	3505000	3504501	326.0	0.248695	0.000000
3505001	3506000	3505501	332.0	0.249596	0.026311
3506001	3507000	3506501	320.0	0.250497	-0.026800
3507001	3508000	3507501	275.0	0.251398	-0.245440
3508001	3509000	3508501	292.0	0.252299	-0.158904
3509001	3510000	3509501	290.0	0.253200	-0.168819
3510001	3511000	3510501	353.0	0.254101	0.114796
3511001	3512000	3511501	390.0	0.255003	0.258602
3512001	3513000	3512501	329.0	0.255904	0.013216
3513001	3514000	3513501	359.0	0.256805	0.139112
3514001	3515000	3514501	335.0	0.257706	0.039289
3515001	3516000	3515501	416.0	0.258607	0.351712
3516001	3517000	3516501	378.0	0.259508	0.213514
3517001	3518000	3517501	286.0	0.260409	-0.188857
3518001	3519000	3518501	300.0	0.261310	-0.119909
3519001	3520000	3519501	281.0	0.262211	-0.214302
3520001	3521000	3520501	415.0	0.263112	0.348239
3521001	3522000	3521501	459.0	0.264013	0.493622
3522001	3523000	3522501	383.0	0.264914	0.232472
3523001	3524000	3523501	261.0	0.265815	-0.320822
3524001	3525000	3524501	345.0	0.266716	0.081724
3525001	3526000	3525501	350.0	0.267617	0.102483
3526001	3527000	3526501	316.0	0.268519	-0.044947
3527001	3528000	3527501	317.0	0.269420	-0.040389
3528001	3529000	3528501	303.0	0.270321	-0.105554
3529001	3530000	3529501	275.0	0.271222	-0.245440
3530001	3531000	3530501	343.0	0.272123	0.073337
3531001	3532000	3531501	312.0	0.273024	-0.063326
3532001	3533000	3532501	266.0	0.273925	-0.293446
3533001	3534000	3533501	305.0	0.274826	-0.096063
3534001	3535000	3534501	315.0	0.275727	-0.049520
3535001	3536000	3535501	330.0	0.276628	0.017594
3536001	3537000	3536501	298.0	0.277529	-0.129560
3537001	3538000	3537501	372.0	0.278430	0.190431
3538001	3539000	3538501	282.0	0.279331	-0.209177
3539001	3540000	3539501	327.0	0.280232	0.004419
3540001	3541000	3540501	297.0	0.281134	-0.134409
3541001	3542000	3541501	349.0	0.282035	0.098355
3542001	3543000	3542501	282.0	0.282936	-0.209177
3543001	3544000	3543501	302.0	0.283837	-0.110323
3544001	3545000	3544501	339.0	0.284738	0.056413
3545001	3546000	3545501	384.0	0.285639	0.236234
3546001	3547000	3546501	306.0	0.286540	-0.091340
3547001	3548000	3547501	443.0	0.287441	0.442435
3548001	3549000	3548501	422.0	0.288342	0.372371
3549001	3550000	3549501	363.0	0.289243	0.155098
3550001	3551000	3550501	313.0	0.290144	-0.058709
3551001	3552000	3551501	344.0	0.291045	0.077537
3552001	3553000	3552501	396.0	0.291946	0.280628
3553001	3554000	3553501	389.0	0.292847	0.254898
3554001	3555000	3554501	342.0	0.293748	0.069124
3555001	3556000	3555501	335.0	0.294650	0.039289
3556001	3557000	3556501	449.0	0.295551	0.461843
3557001	3558000	3557501	259.0	0.296452	-0.331920
3558001	3559000	3558501	238.0	0.297353	-0.453910
3559001	3560000	3559501	242.0	0.298254	-0.429865
3560001	3561000	3560501	317.0	0.299155	-0.040389
3561001	3562000	3561501	382.0	0.300056	0.228701
3562001	3563000	3562501	472.0	0.300957	0.533915
3563001	3564000	3563501	469.0	0.301858	0.524716
3564001	3565000	3564501	419.0	0.302759	0.362078
3565001	3566000	3565501	316.0	0.303660	-0.044947
3566001	3567000	3566501	324.0	0.304561	-0.008878
3567001	3568000	3567501	381.0	0.305462	0.224919
3568001	3569000	3568501	311.0	0.306363	-0.067957
3569001	3570000	3569501	295.0	0.307265	-0.144157
3570001	3571000	3570501	341.0	0.308166	0.064900
3571001	3572000	3571501	385.0	0.309067	0.239986
3572001	3573000	3572501	355.0	0.309968	0.122947
3573001	3574000	3573501	331.0	0.310869	0.021959
3574001	3575000	3574501	331.0	0.311770	0.021959
3575001	3576000	3575501	277.0	0.312671	-0.234986
3576001	3577000	3576501	321.0	0.313572	-0.022299
3577001	3578000	3577501	330.0	0.314473	0.017594
3578001	3579000	3578501	324.0	0.315374	-0.008878
3579001	3580000	3579501	312.0	0.316275	-0.063326
3580001	3581000	3580501	273.0	0.317176	-0.255971
3581001	3582000	3581501	304.0	0.318077	-0.100801
3582001	3583000	3582501	329.0	0.318978	0.013216
3583001	3584000	3583501	325.0	0.319879	-0.004432
3584001	3585000	3584501	348.0	0.320781	0.094215
3585001	3586000	3585501	312.0	0.321682	-0.063326
3586001	3587000	3586501	321.0	0.322583	-0.022299
3587001	3588000	3587501	314.0	0.323484	-0.054107
3588001	3589000	3588501	345.0	0.324385	0.081724
3589001	3590000	3589501	344.0	0.325286	0.077537
3590001	3591000	3590501	295.0	0.326187	-0.144157
3591001	3592000	3591501	309.0	0.327088	-0.077265
3592001	3593000	3592501	293.0	0.327989	-0.153971
3593001	3594000	3593501	303.0	0.328890	-0.105554
3594001	3595000	3594501	346.0	0.329791	0.085900
3595001	3596000	3595501	332.0	0.330692	0.026311
3596001	3597000	3596501	275.0	0.331593	-0.245440
3597001	3598000	3597501	311.0	0.332494	-0.067957
3598001	3599000	3598501	358.0	0.333396	0.135088
3599001	3600000	3599501	454.0	0.334297	0.477820
3600001	3601000	3600501	343.0	0.335198	0.073337
3601001	3602000	3601501	334.0	0.336099	0.034976
3602001	3603000	3602501	289.0	0.337000	-0.173802
3603001	3604000	3603501	306.0	0.337901	-0.091340
3604001	3605000	3604501	289.0	0.338802	-0.173802
3605001	3606000	3605501	288.0	0.339703	-0.178803
3606001	3607000	3606501	273.0	0.340604	-0.255971
3607001	3608000	3607501	344.0	0.341505	0.077537
3608001	3609000	3608501	311.0	0.342406	-0.067957
3609001	3610000	3609501	334.0	0.343307	0.034976
3610001	3611000	3610501	315.0	0.344208	-0.049520
3611001	3612000	3611501	331.0	0.345109	0.021959
3612001	3613000	3612501	280.0	0.346010	-0.219445
3613001	3614000	3613501	282.0	0.346912	-0.209177
3614001	3615000	3614501	323.0	0.347813	-0.013338
3615001	3616000	3615501	308.0	0.348714	-0.081942
3616001	3617000	3616501	286.0	0.349615	-0.188857
3617001	3618000	3617501	317.0	0.350516	-0.040389
3618001	3619000	3618501	335.0	0.351417	0.039289
3619001	3620000	3619501	263.0	0.352318	-0.309809
3620001	3621000	3620501	303.0	0.353219	-0.105554
3621001	3622000	3621501	329.0	0.354120	0.013216
3622001	3623000	3622501	286.0	0.355021	-0.188857
3623001	3624000	3623501	244.0	0.355922	-0.417991
3624001	3625000	3624501	302.0	0.356823	-0.110323
3625001	3626000	3625501	355.0	0.357724	0.122947
3626001	3627000	3626501	325.0	0.358625	-0.004432
3627001	3628000	3627501	348.0	0.359527	0.094215
3628001	3629000	3628501	383.0	0.360428	0.232472
3629001	3630000	3629501	370.0	0.361329	0.182653
3630001	3631000	3630501	329.0	0.362230	0.013216
3631001	3632000	3631501	281.0	0.363131	-0.214302
3632001	3633000	3632501	251.0	0.364032	-0.377185
3633001	3634000	3633501	255.0	0.364933	-0.354375
3634001	3635000	3634501	270.0	0.365834	-0.271913
3635001	3636000	3635501	274.0	0.366735	-0.250696
3636001	3637000	3636501	466.0	0.367636	0.515458
3637001	3638000	3637501	392.0	0.368537	0.265982
3638001	3639000	3638501	330.0	0.369438	0.017594
3639001	3640000	3639501	312.0	0.370339	-0.063326
3640001	3641000	3640501	316.0	0.371240	-0.044947
3641001	3642000	3641501	303.0	0.372141	-0.105554
3642001	3643000	3642501	335.0	0.373043	0.039289
3643001	3644000	3643501	385.0	0.373944	0.239986
3644001	3645000	3644501	272.0	0.374845	-0.261265
3645001	3646000	3645501	299.0	0.375746	-0.124726
3646001	3647000	3646501	308.0	0.376647	-0.081942
3647001	3648000	3647501	309.0	0.377548	-0.077265
3648001	3649000	3648501	303.0	0.378449	-0.105554
3649001	3650000	3649501	337.0	0.379350	0.047877
3650001	3651000	3650501	319.0	0.380251	-0.031316
3651001	3652000	3651501	368.0	0.381152	0.174834
3652001	3653000	3652501	356.0	0.382053	0.127005
3653001	3654000	3653501	295.0	0.382954	-0.144157
3654001	3655000	3654501	295.0	0.383855	-0.144157
3655001	3656000	3655501	294.0	0.384756	-0.149056
3656001	3657000	3656501	297.0	0.385658	-0.134409
3657001	3658000	3657501	306.0	0.386559	-0.091340
3658001	3659000	3658501	288.0	0.387460	-0.178803
3659001	3660000	3659501	289.0	0.388361	-0.173802
3660001	3661000	3660501	336.0	0.389262	0.043589
3661001	3662000	3661501	330.0	0.390163	0.017594
3662001	3663000	3662501	364.0	0.391064	0.159066
3663001	3664000	3663501	269.0	0.391965	-0.277266
3664001	3665000	3664501	301.0	0.392866	-0.115108
3665001	3666000	3665501	277.0	0.393767	-0.234986
3666001	3667000	3666501	277.0	0.394668	-0.234986
3667001	3668000	3667501	311.0	0.395569	-0.067957
3668001	3669000	3668501	301.0	0.396470	-0.115108
3669001	3670000	3669501	336.0	0.397371	0.043589
3670001	3671000	3670501	393.0	0.398272	0.269657
3671001	3672000	3671501	427.0	0.399174	0.389364
3672001	3673000	3672501	404.0	0.400075	0.309483
3673001	3674000	3673501	320.0	0.400976	-0.026800
3674001	3675000	3674501	267.0	0.401877	-0.288032
3675001	3676000	3675501	333.0	0.402778	0.030650
3676001	3677000	3676501	310.0	0.403679	-0.072604
3677001	3678000	3677501	274.0	0.404580	-0.250696
3678001	3679000	3678501	279.0	0.405481	-0.224607
3679001	3680000	3679501	262.0	0.406382	-0.315305
3680001	3681000	3680501	483.0	0.407283	0.567151
3681001	3682000	3681501	273.0	0.408184	-0.255971
3682001	3683000	3682501	390.0	0.409085	0.258602
3683001	3684000	3683501	274.0	0.409986	-0.250696
3684001	3685000	3684501	317.0	0.410887	-0.040389
3685001	3686000	3685501	286.0	0.411789	-0.188857
3686001	3687000	3686501	365.0	0.412690	0.163024
3687001	3688000	3687501	327.0	0.413591	0.004419
3688001	3689000	3688501	269.0	0.414492	-0.277266
3689001	3690000	3689501	301.0	0.415393	-0.115108
3690001	3691000	3690501	298.0	0.416294	-0.129560
3691001	3692000	3691501	337.0	0.417195	0.047877
3692001	3693000	3692501	310.0	0.418096	-0.072604
3693001	3694000	3693501	305.0	0.418997	-0.096063
3694001	3695000	3694501	373.0	0.419898	0.194304
3695001	3696000	3695501	370.0	0.420799	0.182653
3696001	3697000	3696501	432.0	0.421700	0.406159
3697001	3698000	3697501	360.0	0.422601	0.143125
3698001	3699000	3698501	298.0	0.423502	-0.129560
3699001	3700000	3699501	355.0	0.424403	0.122947
3700001	3701000	3700501	259.0	0.425305	-0.331920
3701001	3702000	3701501	300.0	0.426206	-0.119909
3702001	3703000	3702501	286.0	0.427107	-0.188857
3703001	3704000	3703501	323.0	0.428008	-0.013338
3704001	3705000	3704501	363.0	0.428909	0.155098
3705001	3706000	3705501	339.0	0.429810	0.056413
3706001	3707000	3706501	281.0	0.430711	-0.214302
3707001	3708000	3707501	264.0	0.431612	-0.304334
3708001	3709000	3708501	379.0	0.432513	0.217326
3709001	3710000	3709501	409.0	0.433414	0.327229
3710001	3711000	3710501	333.0	0.434315	0.030650
3711001	3712000	3711501	347.0	0.435216	0.090064
3712001	3713000	3712501	303.0	0.436117	-0.105554
3713001	3714000	3713501	342.0	0.437018	0.069124
3714001	3715000	3714501	332.0	0.437920	0.026311
3715001	3716000	3715501	322.0	0.438821	-0.017811
3716001	3717000	3716501	428.0	0.439722	0.392739
3717001	3718000	3717501	419.0	0.440623	0.362078
3718001	3719000	3718501	293.0	0.441524	-0.153971
3719001	3720000	3719501	452.0	0.442425	0.471451
3720001	3721000	3720501	382.0	0.443326	0.228701
3721001	3722000	3721501	347.0	0.444227	0.090064
3722001	3723000	3722501	297.0	0.445128	-0.134409
3723001	3724000	3723501	360.0	0.446029	0.143125
3724001	3725000	3724501	292.0	0.446930	-0.158904
3725001	3726000	3725501	349.0	0.447831	0.098355
3726001	3727000	3726501	361.0	0.448732	0.147127
3727001	3728000	3727501	311.0	0.449633	-0.067957
3728001	3729000	3728501	353.0	0.450534	0.114796
3729001	3730000	3729501	347.0	0.451436	0.090064
3730001	3731000	3730501	315.0	0.452337	-0.049520
3731001	3732000	3731501	226.0	0.453238	-0.528549
3732001	3733000	3732501	333.0	0.454139	0.030650
3733001	3734000	3733501	324.0	0.455040	-0.008878
3734001	3735000	3734501	366.0	0.455941	0.166972
3735001	3736000	3735501	389.0	0.456842	0.254898
3736001	3737000	3736501	353.0	0.457743	0.114796
3737001	3738000	3737501	351.0	0.458644	0.106599
3738001	3739000	3738501	327.0	0.459545	0.004419
3739001	3740000	3739501	325.0	0.460446	-0.004432
3740001	3741000	3740501	343.0	0.461347	0.073337
3741001	3742000	3741501	290.0	0.462248	-0.168819
3742001	3743000	3742501	349.0	0.463149	0.098355
3743001	3744000	3743501	395.0	0.464051	0.276981
3744001	3745000	3744501	372.0	0.464952	0.190431
3745001	3746000	3745501	324.0	0.465853	-0.008878
3746001	3747000	3746501	293.0	0.466754	-0.153971
3747001	3748000	3747501	366.0	0.467655	0.166972
3748001	3749000	3748501	270.0	0.468556	-0.271913
3749001	3750000	3749501	401.0	0.469457	0.298730
3750001	3751000	3750501	309.0	0.470358	-0.077265
3751001	3752000	3751501	341.0	0.471259	0.064900
3752001	3753000	3752501	362.0	0.472160	0.151118
3753001	3754000	3753501	323.0	0.473061	-0.013338
3754001	3755000	3754501	276.0	0.473962	-0.240204
3755001	3756000	3755501	298.0	0.474863	-0.129560
3756001	3757000	3756501	255.0	0.475764	-0.354375
3757001	3758000	3757501	339.0	0.476665	0.056413
3758001	3759000	3758501	425.0	0.477567	0.382591
3759001	3760000	3759501	278.0	0.478468	-0.229787
3760001	3761000	3760501	277.0	0.479369	-0.234986
3761001	3762000	3761501	323.0	0.480270	-0.013338
3762001	3763000	3762501	308.0	0.481171	-0.081942
3763001	3764000	3763501	373.0	0.482072	0.194304
3764001	3765000	3764501	277.0	0.482973	-0.234986
3765001	3766000	3765501	287.0	0.483874	-0.183821
3766001	3767000	3766501	347.0	0.484775	0.090064
3767001	3768000	3767501	302.0	0.485676	-0.110323
3768001	3769000	3768501	330.0	0.486577	0.017594
3769001	3770000	3769501	287.0	0.487478	-0.183821
3770001	3771000	3770501	255.0	0.488379	-0.354375
3771001	3772000	3771501	267.0	0.489280	-0.288032
3772001	3773000	3772501	257.0	0.490182	-0.343104
3773001	3774000	3773501	301.0	0.491083	-0.115108
3774001	3775000	3774501	245.0	0.491984	-0.412090
3775001	3776000	3775501	248.0	0.492885	-0.394532
3776001	3777000	3776501	322.0	0.493786	-0.017811
3777001	3778000	3777501	341.0	0.494687	0.064900
3778001	3779000	3778501	296.0	0.495588	-0.139275
3779001	3780000	3779501	305.0	0.496489	-0.096063
3780001	3781000	3780501	303.0	0.497390	-0.105554
3781001	3782000	3781501	273.0	0.498291	-0.255971
3782001	3783000	3782501	326.0	0.499192	0.000000
3783001	3784000	3783501	328.0	0.500093	0.008824
3784001	3785000	3784501	305.0	0.500994	-0.096063
3785001	3786000	3785501	261.0	0.501895	-0.320822
3786001	3787000	3786501	295.0	0.502796	-0.144157
3787001	3788000	3787501	285.0	0.503698	-0.193910
3788001	3789000	3788501	329.0	0.504599	0.013216
3789001	3790000	3789501	252.0	0.505500	-0.371448
3790001	3791000	3790501	236.0	0.506401	-0.466085
3791001	3792000	3791501	262.0	0.507302	-0.315305
3792001	3793000	3792501	293.0	0.508203	-0.153971
3793001	3794000	3793501	291.0	0.509104	-0.163853
3794001	3795000	3794501	363.0	0.510005	0.155098
3795001	3796000	3795501	360.0	0.510906	0.143125
3796001	3797000	3796501	296.0	0.511807	-0.139275
3797001	3798000	3797501	288.0	0.512708	-0.178803
3798001	3799000	3798501	321.0	0.513609	-0.022299
3799001	3800000	3799501	387.0	0.514510	0.247462
3800001	3801000	3800501	304.0	0.515411	-0.100801
3801001	3802000	3801501	299.0	0.516313	-0.124726
3802001	3803000	3802501	290.0	0.517214	-0.168819
3803001	3804000	3803501	369.0	0.518115	0.178749
3804001	3805000	3804501	349.0	0.519016	0.098355
3805001	3806000	3805501	330.0	0.519917	0.017594
3806001	3807000	3806501	314.0	0.520818	-0.054107
3807001	3808000	3807501	411.0	0.521719	0.334266
3808001	3809000	3808501	436.0	0.522620	0.419456
3809001	3810000	3809501	493.0	0.523521	0.596716
3810001	3811000	3810501	430.0	0.524422	0.399465
3811001	3812000	3811501	348.0	0.525323	0.094215
3812001	3813000	3812501	323.0	0.526224	-0.013338
3813001	3814000	3813501	334.0	0.527125	0.034976
3814001	3815000	3814501	307.0	0.528026	-0.086633
3815001	3816000	3815501	292.0	0.528927	-0.158904
3816001	3817000	3816501	254.0	0.529829	-0.360043
3817001	3818000	3817501	289.0	0.530730	-0.173802
3818001	3819000	3818501	396.0	0.531631	0.280628
3819001	3820000	3819501	319.0	0.532532	-0.031316
3820001	3821000	3820501	372.0	0.533433	0.190431
3821001	3822000	3821501	390.0	0.534334	0.258602
3822001	3823000	3822501	346.0	0.535235	0.085900
3823001	3824000	3823501	334.0	0.536136	0.034976
3824001	3825000	3824501	336.0	0.537037	0.043589
3825001	3826000	3825501	359.0	0.537938	0.139112
3826001	3827000	3826501	266.0	0.538839	-0.293446
3827001	3828000	3827501	268.0	0.539740	-0.282639
3828001	3829000	3828501	274.0	0.540641	-0.250696
3829001	3830000	3829501	326.0	0.541542	0.000000
3830001	3831000	3830501	325.0	0.542444	-0.004432
3831001	3832000	3831501	249.0	0.543345	-0.388726
3832001	3833000	3832501	211.0	0.544246	-0.627629
3833001	3834000	3833501	303.0	0.545147	-0.105554
3834001	3835000	3834501	344.0	0.546048	0.077537
3835001	3836000	3835501	346.0	0.546949	0.085900
3836001	3837000	3836501	348.0	0.547850	0.094215
3837001	3838000	3837501	340.0	0.548751	0.060663
3838001	3839000	3838501	315.0	0.549652	-0.049520
3839001	3840000	3839501	346.0	0.550553	0.085900
3840001	3841000	3840501	329.0	0.551454	0.013216
3841001	3842000	3841501	309.0	0.552355	-0.077265
3842001	3843000	3842501	342.0	0.553256	0.069124
3843001	3844000	3843501	314.0	0.554157	-0.054107
3844001	3845000	3844501	250.0	0.555058	-0.382944
3845001	3846000	3845501	277.0	0.555960	-0.234986
3846001	3847000	3846501	307.0	0.556861	-0.086633
3847001	3848000	3847501	339.0	0.557762	0.056413
3848001	3849000	3848501	293.0	0.558663	-0.153971
3849001	3850000	3849501	324.0	0.559564	-0.008878
3850001	3851000	3850501	323.0	0.560465	-0.013338
3851001	3852000	3851501	326.0	0.561366	0.000000
3852001	3853000	3852501	289.0	0.562267	-0.173802
3853001	3854000	3853501	335.0	0.563168	0.039289
3854001	3855000	3854501	382.0	0.564069	0.228701
3855001	3856000	3855501	343.0	0.564970	0.073337
3856001	3857000	3856501	320.0	0.565871	-0.026800
3857001	3858000	3857501	393.0	0.566772	0.269657
3858001	3859000	3858501	434.0	0.567673	0.412823
3859001	3860000	3859501	294.0	0.568574	-0.149056
3860001	3861000	3860501	282.0	0.569476	-0.209177
3861001	3862000	3861501	239.0	0.570377	-0.447861
3862001	3863000	3862501	266.0	0.571278	-0.293446
3863001	3864000	3863501	278.0	0.572179	-0.229787
3864001	3865000	3864501	355.0	0.573080	0.122947
3865001	3866000	3865501	284.0	0.573981	-0.198981
3866001	3867000	3866501	325.0	0.574882	-0.004432
3867001	3868000	3867501	265.0	0.575783	-0.298880
3868001	3869000	3868501	301.0	0.576684	-0.115108
3869001	3870000	3869501	356.0	0.577585	0.127005
3870001	3871000	3870501	320.0	0.578486	-0.026800
3871001	3872000	3871501	348.0	0.579387	0.094215
3872001	3873000	3872501	319.0	0.580288	-0.031316
3873001	3874000	3873501	315.0	0.581189	-0.049520
3874001	3875000	3874501	377.0	0.582091	0.209693
3875001	3876000	3875501	370.0	0.582992	0.182653
3876001	3877000	3876501	316.0	0.583893	-0.044947
3877001	3878000	3877501	349.0	0.584794	0.098355
3878001	3879000	3878501	378.0	0.585695	0.213514
3879001	3880000	3879501	344.0	0.586596	0.077537
3880001	3881000	3880501	335.0	0.587497	0.039289
3881001	3882000	3881501	421.0	0.588398	0.368948
3882001	3883000	3882501	405.0	0.589299	0.313050
3883001	3884000	3883501	381.0	0.590200	0.224919
3884001	3885000	3884501	389.0	0.591101	0.254898
3885001	3886000	3885501	422.0	0.592002	0.372371
3886001	3887000	3886501	372.0	0.592903	0.190431
3887001	3888000	3887501	289.0	0.593804	-0.173802
3888001	3889000	3888501	399.0	0.594705	0.291517
3889001	3890000	3889501	319.0	0.595607	-0.031316
3890001	3891000	3890501	230.0	0.596508	-0.503238
3891001	3892000	3891501	454.0	0.597409	0.477820
3892001	3893000	3892501	388.0	0.598310	0.251185
3893001	3894000	3893501	436.0	0.599211	0.419456
3894001	3895000	3894501	290.0	0.600112	-0.168819
3895001	3896000	3895501	331.0	0.601013	0.021959
3896001	3897000	3896501	313.0	0.601914	-0.058709
3897001	3898000	3897501	313.0	0.602815	-0.058709
3898001	3899000	3898501	310.0	0.603716	-0.072604
3899001	3900000	3899501	469.0	0.604617	0.524716
3900001	3901000	3900501	403.0	0.605518	0.305908
3901001	3902000	3901501	442.0	0.606419	0.439174
3902001	3903000	3902501	414.0	0.607320	0.344759
3903001	3904000	3903501	362.0	0.608222	0.151118
3904001	3905000	3904501	395.0	0.609123	0.276981
3905001	3906000	3905501	350.0	0.610024	0.102483
3906001	3907000	3906501	389.0	0.610925	0.254898
3907001	3908000	3907501	432.0	0.611826	0.406159
3908001	3909000	3908501	406.0	0.612727	0.316608
3909001	3910000	3909501	326.0	0.613628	0.000000
3910001	3911000	3910501	314.0	0.614529	-0.054107
3911001	3912000	3911501	262.0	0.615430	-0.315305
3912001	3913000	3912501	336.0	0.616331	0.043589
3913001	3914000	3913501	308.0	0.617232	-0.081942
3914001	3915000	3914501	282.0	0.618133	-0.209177
3915001	3916000	3915501	359.0	0.619034	0.139112
3916001	3917000	3916501	379.0	0.619935	0.217326
3917001	3918000	3917501	357.0	0.620836	0.131052
3918001	3919000	3918501	346.0	0.621738	0.085900
3919001	3920000	3919501	321.0	0.622639	-0.022299
3920001	3921000	3920501	360.0	0.623540	0.143125
3921001	3922000	3921501	365.0	0.624441	0.163024
3922001	3923000	3922501	346.0	0.625342	0.085900
3923001	3924000	3923501	266.0	0.626243	-0.293446
3924001	3925000	3924501	230.0	0.627144	-0.503238
3925001	3926000	3925501	340.0	0.628045	0.060663
3926001	3927000	3926501	401.0	0.628946	0.298730
3927001	3928000	3927501	274.0	0.629847	-0.250696
3928001	3929000	3928501	301.0	0.630748	-0.115108
3929001	3930000	3929501	307.0	0.631649	-0.086633
3930001	3931000	3930501	340.0	0.632550	0.060663
3931001	3932000	3931501	353.0	0.633451	0.114796
3932001	3933000	3932501	346.0	0.634353	0.085900
3933001	3934000	3933501	273.0	0.635254	-0.255971
3934001	3935000	3934501	247.0	0.636155	-0.400361
3935001	3936000	3935501	293.0	0.637056	-0.153971
3936001	3937000	3936501	260.0	0.637957	-0.326360
3937001	3938000	3937501	252.0	0.638858	-0.371448
3938001	3939000	3938501	298.0	0.639759	-0.129560
3939001	3940000	3939501	326.0	0.640660	0.000000
3940001	3941000	3940501	433.0	0.641561	0.409495
3941001	3942000	3941501	479.0	0.642462	0.555154
3942001	3943000	3942501	415.0	0.643363	0.348239
3943001	3944000	3943501	494.0	0.644264	0.599639
3944001	3945000	3944501	460.0	0.645165	0.496762
3945001	3946000	3945501	345.0	0.646066	0.081724
3946001	3947000	3946501	266.0	0.646967	-0.293446
3947001	3948000	3947501	292.0	0.647869	-0.158904
3948001	3949000	3948501	317.0	0.648770	-0.040389
3949001	3950000	3949501	285.0	0.649671	-0.193910
3950001	3951000	3950501	399.0	0.650572	0.291517
3951001	3952000	3951501	460.0	0.651473	0.496762
3952001	3953000	3952501	412.0	0.652374	0.337772
3953001	3954000	3953501	377.0	0.653275	0.209693
3954001	3955000	3954501	454.0	0.654176	0.477820
3955001	3956000	3955501	376.0	0.655077	0.205861
3956001	3957000	3956501	345.0	0.655978	0.081724
3957001	3958000	3957501	311.0	0.656879	-0.067957
3958001	3959000	3958501	328.0	0.657780	0.008824
3959001	3960000	3959501	313.0	0.658681	-0.058709
3960001	3961000	3960501	337.0	0.659582	0.047877
3961001	3962000	3961501	378.0	0.660484	0.213514
3962001	3963000	3962501	301.0	0.661385	-0.115108
3963001	3964000	3963501	311.0	0.662286	-0.067957
3964001	3965000	3964501	323.0	0.663187	-0.013338
3965001	3966000	3965501	342.0	0.664088	0.069124
3966001	3967000	3966501	428.0	0.664989	0.392739
3967001	3968000	3967501	311.0	0.665890	-0.067957
3968001	3969000	3968501	301.0	0.666791	-0.115108
3969001	3970000	3969501	285.0	0.667692	-0.193910
3970001	3971000	3970501	328.0	0.668593	0.008824
3971001	3972000	3971501	305.0	0.669494	-0.096063
3972001	3973000	3972501	341.0	0.670395	0.064900
3973001	3974000	3973501	316.0	0.671296	-0.044947
3974001	3975000	3974501	303.0	0.672197	-0.105554
3975001	3976000	3975501	481.0	0.673098	0.561165
3976001	3977000	3976501	401.0	0.674000	0.298730
3977001	3978000	3977501	402.0	0.674901	0.302324
3978001	3979000	3978501	468.0	0.675802	0.521637
3979001	3980000	3979501	307.0	0.676703	-0.086633
3980001	3981000	3980501	313.0	0.677604	-0.058709
3981001	3982000	3981501	333.0	0.678505	0.030650
3982001	3983000	3982501	295.0	0.679406	-0.144157
3983001	3984000	3983501	278.0	0.680307	-0.229787
3984001	3985000	3984501	339.0	0.681208	0.056413
3985001	3986000	3985501	288.0	0.682109	-0.178803
3986001	3987000	3986501	281.0	0.683010	-0.214302
3987001	3988000	3987501	310.0	0.683911	-0.072604
3988001	3989000	3988501	309.0	0.684812	-0.077265
3989001	3990000	3989501	311.0	0.685713	-0.067957
3990001	3991000	3990501	241.0	0.686615	-0.435839
3991001	3992000	3991501	267.0	0.687516	-0.288032
3992001	3993000	3992501	330.0	0.688417	0.017594
3993001	3994000	3993501	343.0	0.689318	0.073337
3994001	3995000	3994501	353.0	0.690219	0.114796
3995001	3996000	3995501	328.0	0.691120	0.008824
3996001	3997000	3996501	256.0	0.692021	-0.348728
3997001	3998000	3997501	379.0	0.692922	0.217326
3998001	3999000	3998501	357.0	0.693823	0.131052
3999001	4000000	3999501	366.0	0.694724	0.166972
4000001	4001000	4000501	333.0	0.695625	0.030650
4001001	4002000	4001501	357.0	0.696526	0.131052
4002001	4003000	4002501	280.0	0.697427	-0.219445
4003001	4004000	4003501	362.0	0.698328	0.151118
4004001	4005000	4004501	326.0	0.699229	0.000000
4005001	4006000	4005501	325.0	0.700131	-0.004432
4006001	4007000	4006501	349.0	0.701032	0.098355
4007001	4008000	4007501	308.0	0.701933	-0.081942
4008001	4009000	4008501	289.0	0.702834	-0.173802
4009001	4010000	4009501	344.0	0.703735	0.077537
4010001	4011000	4010501	275.0	0.704636	-0.245440
4011001	4012000	4011501	285.0	0.705537	-0.193910
4012001	4013000	4012501	407.0	0.706438	0.320157
4013001	4014000	4013501	486.0	0.707339	0.576084
4014001	4015000	4014501	312.0	0.708240	-0.063326
4015001	4016000	4015501	385.0	0.709141	0.239986
4016001	4017000	4016501	347.0	0.710042	0.090064
4017001	4018000	4017501	336.0	0.710943	0.043589
4018001	4019000	4018501	457.0	0.711844	0.487322
4019001	4020000	4019501	390.0	0.712746	0.258602
4020001	4021000	4020501	358.0	0.713647	0.135088
4021001	4022000	4021501	389.0	0.714548	0.254898
4022001	4023000	4022501	319.0	0.715449	-0.031316
4023001	4024000	4023501	336.0	0.716350	0.043589
4024001	4025000	4024501	374.0	0.717251	0.198166
4025001	4026000	4025501	292.0	0.718152	-0.158904
4026001	4027000	4026501	273.0	0.719053	-0.255971
4027001	4028000	4027501	303.0	0.719954	-0.105554
4028001	4029000	4028501	322.0	0.720855	-0.017811
4029001	4030000	4029501	359.0	0.721756	0.139112
4030001	4031000	4030501	348.0	0.722657	0.094215
4031001	4032000	4031501	251.0	0.723558	-0.377185
4032001	4033000	4032501	264.0	0.724459	-0.304334
4033001	4034000	4033501	276.0	0.725360	-0.240204
4034001	4035000	4034501	296.0	0.726262	-0.139275
4035001	4036000	4035501	312.0	0.727163	-0.063326
4036001	4037000	4036501	260.0	0.728064	-0.326360
4037001	4038000	4037501	318.0	0.728965	-0.035845
4038001	4039000	4038501	333.0	0.729866	0.030650
4039001	4040000	4039501	314.0	0.730767	-0.054107
4040001	4041000	4040501	289.0	0.731668	-0.173802
4041001	4042000	4041501	529.0	0.732569	0.698396
4042001	4043000	4042501	389.0	0.733470	0.254898
4043001	4044000	4043501	315.0	0.734371	-0.049520
4044001	4045000	4044501	369.0	0.735272	0.178749
4045001	4046000	4045501	351.0	0.736173	0.106599
4046001	4047000	4046501	281.0	0.737074	-0.214302
4047001	4048000	4047501	291.0	0.737975	-0.163853
4048001	4049000	4048501	363.0	0.738877	0.155098
4049001	4050000	4049501	363.0	0.739778	0.155098
4050001	4051000	4050501	344.0	0.740679	0.077537
4051001	4052000	4051501	338.0	0.741580	0.052151
4052001	4053000	4052501	315.0	0.742481	-0.049520
4053001	4054000	4053501	358.0	0.743382	0.135088
4054001	4055000	4054501	390.0	0.744283	0.258602
4055001	4056000	4055501	327.0	0.745184	0.004419
4056001	4057000	4056501	325.0	0.746085	-0.004432
4057001	4058000	4057501	381.0	0.746986	0.224919
4058001	4059000	4058501	395.0	0.747887	0.276981
4059001	4060000	4059501	308.0	0.748788	-0.081942
4060001	4061000	4060501	312.0	0.749689	-0.063326
4061001	4062000	4061501	326.0	0.750590	0.000000
4062001	4063000	4062501	330.0	0.751491	0.017594
4063001	4064000	4063501	332.0	0.752393	0.026311
4064001	4065000	4064501	316.0	0.753294	-0.044947
4065001	4066000	4065501	339.0	0.754195	0.056413
4066001	4067000	4066501	290.0	0.755096	-0.168819
4067001	4068000	4067501	296.0	0.755997	-0.139275
4068001	4069000	4068501	336.0	0.756898	0.043589
4069001	4070000	4069501	338.0	0.757799	0.052151
4070001	4071000	4070501	358.0	0.758700	0.135088
4071001	4072000	4071501	391.0	0.759601	0.262297
4072001	4073000	4072501	338.0	0.760502	0.052151
4073001	4074000	4073501	348.0	0.761403	0.094215
4074001	4075000	4074501	356.0	0.762304	0.127005
4075001	4076000	4075501	312.0	0.763205	-0.063326
4076001	4077000	4076501	311.0	0.764106	-0.067957
4077001	4078000	4077501	352.0	0.765008	0.110703
4078001	4079000	4078501	338.0	0.765909	0.052151
4079001	4080000	4079501	367.0	0.766810	0.170908
4080001	4081000	4080501	343.0	0.767711	0.073337
4081001	4082000	4081501	355.0	0.768612	0.122947
4082001	4083000	4082501	291.0	0.769513	-0.163853
4083001	4084000	4083501	382.0	0.770414	0.228701
4084001	4085000	4084501	311.0	0.771315	-0.067957
4085001	4086000	4085501	323.0	0.772216	-0.013338
4086001	4087000	4086501	337.0	0.773117	0.047877
4087001	4088000	4087501	276.0	0.774018	-0.240204
4088001	4089000	4088501	314.0	0.774919	-0.054107
4089001	4090000	4089501	239.0	0.775820	-0.447861
4090001	4091000	4090501	266.0	0.776721	-0.293446
4091001	4092000	4091501	340.0	0.777622	0.060663
4092001	4093000	4092501	298.0	0.778524	-0.129560
4093001	4094000	4093501	300.0	0.779425	-0.119909
4094001	4095000	4094501	238.0	0.780326	-0.453910
4095001	4096000	4095501	299.0	0.781227	-0.124726
4096001	4097000	4096501	339.0	0.782128	0.056413
4097001	4098000	4097501	298.0	0.783029	-0.129560
4098001	4099000	4098501	301.0	0.783930	-0.115108
4099001	4100000	4099501	301.0	0.784831	-0.115108
4100001	4101000	4100501	287.0	0.785732	-0.183821
4101001	4102000	4101501	281.0	0.786633	-0.214302
4102001	4103000	4102501	258.0	0.787534	-0.337501
4103001	4104000	4103501	222.0	0.788435	-0.554312
4104001	4105000	4104501	308.0	0.789336	-0.081942
4105001	4106000	4105501	308.0	0.790237	-0.081942
4106001	4107000	4106501	288.0	0.791139	-0.178803
4107001	4108000	4107501	271.0	0.792040	-0.266579
4108001	4109000	4108501	272.0	0.792941	-0.261265
4109001	4110000	4109501	303.0	0.793842	-0.105554
4110001	4111000	4110501	276.0	0.794743	-0.240204
4111001	4112000	4111501	246.0	0.795644	-0.406214
4112001	4113000	4112501	351.0	0.796545	0.106599
4113001	4114000	4113501	302.0	0.797446	-0.110323
4114001	4115000	4114501	309.0	0.798347	-0.077265
4115001	4116000	4115501	378.0	0.799248	0.213514
4116001	4117000	4116501	303.0	0.800149	-0.105554
4117001	4118000	4117501	316.0	0.801050	-0.044947
4118001	4119000	4118501	296.0	0.801951	-0.139275
4119001	4120000	4119501	288.0	0.802852	-0.178803
4120001	4121000	4120501	316.0	0.803753	-0.044947
4121001	4122000	4121501	405.0	0.804655	0.313050
4122001	4123000	4122501	362.0	0.805556	0.151118
4123001	4124000	4123501	346.0	0.806457	0.085900
4124001	4125000	4124501	271.0	0.807358	-0.266579
4125001	4126000	4125501	314.0	0.808259	-0.054107
4126001	4127000	4126501	273.0	0.809160	-0.255971
4127001	4128000	4127501	286.0	0.810061	-0.188857
4128001	4129000	4128501	383.0	0.810962	0.232472
4129001	4130000	4129501	330.0	0.811863	0.017594
4130001	4131000	4130501	305.0	0.812764	-0.096063
4131001	4132000	4131501	299.0	0.813665	-0.124726
4132001	4133000	4132501	374.0	0.814566	0.198166
4133001	4134000	4133501	333.0	0.815467	0.030650
4134001	4135000	4134501	267.0	0.816368	-0.288032
4135001	4136000	4135501	314.0	0.817270	-0.054107
4136001	4137000	4136501	413.0	0.818171	0.341270
4137001	4138000	4137501	404.0	0.819072	0.309483
4138001	4139000	4138501	401.0	0.819973	0.298730
4139001	4140000	4139501	301.0	0.820874	-0.115108
4140001	4141000	4140501	283.0	0.821775	-0.204070
4141001	4142000	4141501	318.0	0.822676	-0.035845
4142001	4143000	4142501	324.0	0.823577	-0.008878
4143001	4144000	4143501	313.0	0.824478	-0.058709
4144001	4145000	4144501	309.0	0.825379	-0.077265
4145001	4146000	4145501	304.0	0.826280	-0.100801
4146001	4147000	4146501	326.0	0.827181	0.000000
4147001	4148000	4147501	297.0	0.828082	-0.134409
4148001	4149000	4148501	288.0	0.828983	-0.178803
4149001	4150000	4149501	326.0	0.829884	0.000000
4150001	4151000	4150501	425.0	0.830786	0.382591
4151001	4152000	4151501	287.0	0.831687	-0.183821
4152001	4153000	4152501	293.0	0.832588	-0.153971
4153001	4154000	4153501	309.0	0.833489	-0.077265
4154001	4155000	4154501	373.0	0.834390	0.194304
4155001	4156000	4155501	469.0	0.835291	0.524716
4156001	4157000	4156501	305.0	0.836192	-0.096063
4157001	4158000	4157501	250.0	0.837093	-0.382944
4158001	4159000	4158501	299.0	0.837994	-0.124726
4159001	4160000	4159501	318.0	0.838895	-0.035845
4160001	4161000	4160501	293.0	0.839796	-0.153971
4161001	4162000	4161501	387.0	0.840697	0.247462
4162001	4163000	4162501	372.0	0.841598	0.190431
4163001	4164000	4163501	350.0	0.842499	0.102483
4164001	4165000	4164501	334.0	0.843401	0.034976
4165001	4166000	4165501	331.0	0.844302	0.021959
4166001	4167000	4166501	310.0	0.845203	-0.072604
4167001	4168000	4167501	326.0	0.846104	0.000000
4168001	4169000	4168501	318.0	0.847005	-0.035845
4169001	4170000	4169501	304.0	0.847906	-0.100801
4170001	4171000	4170501	327.0	0.848807	0.004419
4171001	4172000	4171501	324.0	0.849708	-0.008878
4172001	4173000	4172501	354.0	0.850609	0.118877
4173001	4174000	4173501	356.0	0.851510	0.127005
4174001	4175000	4174501	367.0	0.852411	0.170908
4175001	4176000	4175501	379.0	0.853312	0.217326
4176001	4177000	4176501	434.0	0.854213	0.412823
4177001	4178000	4177501	391.0	0.855114	0.262297
4178001	4179000	4178501	334.0	0.856015	0.034976
4179001	4180000	4179501	346.0	0.856917	0.085900
4180001	4181000	4180501	372.0	0.857818	0.190431
4181001	4182000	4181501	270.0	0.858719	-0.271913
4182001	4183000	4182501	257.0	0.859620	-0.343104
4183001	4184000	4183501	314.0	0.860521	-0.054107
4184001	4185000	4184501	278.0	0.861422	-0.229787
4185001	4186000	4185501	354.0	0.862323	0.118877
4186001	4187000	4186501	290.0	0.863224	-0.168819
4187001	4188000	4187501	328.0	0.864125	0.008824
4188001	4189000	4188501	405.0	0.865026	0.313050
4189001	4190000	4189501	367.0	0.865927	0.170908
4190001	4191000	4190501	405.0	0.866828	0.313050
4191001	4192000	4191501	375.0	0.867729	0.202019
4192001	4193000	4192501	400.0	0.868630	0.295128
4193001	4194000	4193501	318.0	0.869532	-0.035845
4194001	4195000	4194501	343.0	0.870433	0.073337
4195001	4196000	4195501	323.0	0.871334	-0.013338
4196001	4197000	4196501	253.0	0.872235	-0.365735
4197001	4198000	4197501	269.0	0.873136	-0.277266
4198001	4199000	4198501	301.0	0.874037	-0.115108
4199001	4200000	4199501	317.0	0.874938	-0.040389
4200001	4201000	4200501	305.0	0.875839	-0.096063
4201001	4202000	4201501	300.0	0.876740	-0.119909
4202001	4203000	4202501	315.0	0.877641	-0.049520
4203001	4204000	4203501	319.0	0.878542	-0.031316
4204001	4205000	4204501	429.0	0.879443	0.396106
4205001	4206000	4205501	413.0	0.880344	0.341270
4206001	4207000	4206501	442.0	0.881245	0.439174
4207001	4208000	4207501	367.0	0.882146	0.170908
4208001	4209000	4208501	338.0	0.883048	0.052151
4209001	4210000	4209501	275.0	0.883949	-0.245440
4210001	4211000	4210501	379.0	0.884850	0.217326
4211001	4212000	4211501	352.0	0.885751	0.110703
4212001	4213000	4212501	390.0	0.886652	0.258602
4213001	4214000	4213501	455.0	0.887553	0.480995
4214001	4215000	4214501	432.0	0.888454	0.406159
4215001	4216000	4215501	428.0	0.889355	0.392739
4216001	4217000	4216501	364.0	0.890256	0.159066
4217001	4218000	4217501	269.0	0.891157	-0.277266
4218001	4219000	4218501	295.0	0.892058	-0.144157
4219001	4220000	4219501	257.0	0.892959	-0.343104
4220001	4221000	4220501	306.0	0.893860	-0.091340
4221001	4222000	4221501	268.0	0.894761	-0.282639
4222001	4223000	4222501	285.0	0.895663	-0.193910
4223001	4224000	4223501	376.0	0.896564	0.205861
4224001	4225000	4224501	360.0	0.897465	0.143125
4225001	4226000	4225501	325.0	0.898366	-0.004432
4226001	4227000	4226501	361.0	0.899267	0.147127
4227001	4228000	4227501	404.0	0.900168	0.309483
4228001	4229000	4228501	273.0	0.901069	-0.255971
4229001	4230000	4229501	249.0	0.901970	-0.388726
4230001	4231000	4230501	223.0	0.902871	-0.547828
4231001	4232000	4231501	256.0	0.903772	-0.348728
4232001	4233000	4232501	248.0	0.904673	-0.394532
4233001	4234000	4233501	294.0	0.905574	-0.149056
4234001	4235000	4234501	300.0	0.906475	-0.119909
4235001	4236000	4235501	344.0	0.907376	0.077537
4236001	4237000	4236501	284.0	0.908277	-0.198981
4237001	4238000	4237501	330.0	0.909179	0.017594
4238001	4239000	4238501	314.0	0.910080	-0.054107
4239001	4240000	4239501	264.0	0.910981	-0.304334
4240001	4241000	4240501	319.0	0.911882	-0.031316
4241001	4242000	4241501	290.0	0.912783	-0.168819
4242001	4243000	4242501	266.0	0.913684	-0.293446
4243001	4244000	4243501	317.0	0.914585	-0.040389
4244001	4245000	4244501	348.0	0.915486	0.094215
4245001	4246000	4245501	276.0	0.916387	-0.240204
4246001	4247000	4246501	316.0	0.917288	-0.044947
4247001	4248000	4247501	293.0	0.918189	-0.153971
4248001	4249000	4248501	258.0	0.919090	-0.337501
4249001	4250000	4249501	292.0	0.919991	-0.158904
4250001	4251000	4250501	315.0	0.920892	-0.049520
4251001	4252000	4251501	308.0	0.921794	-0.081942
4252001	4253000	4252501	238.0	0.922695	-0.453910
4253001	4254000	4253501	326.0	0.923596	0.000000
4254001	4255000	4254501	380.0	0.924497	0.221127
4255001	4256000	4255501	355.0	0.925398	0.122947
4256001	4257000	4256501	332.0	0.926299	0.026311
4257001	4258000	4257501	335.0	0.927200	0.039289
4258001	4259000	4258501	355.0	0.928101	0.122947
4259001	4260000	4259501	450.0	0.929002	0.465053
4260001	4261000	4260501	461.0	0.929903	0.499895
4261001	4262000	4261501	374.0	0.930804	0.198166
4262001	4263000	4262501	330.0	0.931705	0.017594
4263001	4264000	4263501	285.0	0.932606	-0.193910
4264001	4265000	4264501	281.0	0.933507	-0.214302
4265001	4266000	4265501	251.0	0.934408	-0.377185
4266001	4267000	4266501	370.0	0.935310	0.182653
4267001	4268000	4267501	429.0	0.936211	0.396106
4268001	4269000	4268501	375.0	0.937112	0.202019
4269001	4270000	4269501	371.0	0.938013	0.186547
4270001	4271000	4270501	372.0	0.938914	0.190431
4271001	4272000	4271501	407.0	0.939815	0.320157
4272001	4273000	4272501	422.0	0.940716	0.372371
4273001	4274000	4273501	287.0	0.941617	-0.183821
4274001	4275000	4274501	335.0	0.942518	0.039289
4275001	4276000	4275501	451.0	0.943419	0.468255
4276001	4277000	4276501	323.0	0.944320	-0.013338
4277001	4278000	4277501	311.0	0.945221	-0.067957
4278001	4279000	4278501	253.0	0.946122	-0.365735
4279001	4280000	4279501	324.0	0.947023	-0.008878
4280001	4281000	4280501	239.0	0.947925	-0.447861
4281001	4282000	4281501	229.0	0.948826	-0.509524
4282001	4283000	4282501	315.0	0.949727	-0.049520
4283001	4284000	4283501	282.0	0.950628	-0.209177
4284001	4285000	4284501	379.0	0.951529	0.217326
4285001	4286000	4285501	264.0	0.952430	-0.304334
4286001	4287000	4286501	266.0	0.953331	-0.293446
4287001	4288000	4287501	314.0	0.954232	-0.054107
4288001	4289000	4288501	316.0	0.955133	-0.044947
4289001	4290000	4289501	262.0	0.956034	-0.315305
4290001	4291000	4290501	337.0	0.956935	0.047877
4291001	4292000	4291501	294.0	0.957836	-0.149056
4292001	4293000	4292501	498.0	0.958737	0.611274
4293001	4294000	4293501	341.0	0.959638	0.064900
4294001	4295000	4294501	330.0	0.960539	0.017594
4295001	4296000	4295501	363.0	0.961441	0.155098
4296001	4297000	4296501	257.0	0.962342	-0.343104
4297001	4298000	4297501	284.0	0.963243	-0.198981
4298001	4299000	4298501	333.0	0.964144	0.030650
4299001	4300000	4299501	270.0	0.965045	-0.271913
4300001	4301000	4300501	218.0	0.965946	-0.580544
4301001	4302000	4301501	221.0	0.966847	-0.560826
4302001	4303000	4302501	255.0	0.967748	-0.354375
4303001	4304000	4303501	329.0	0.968649	0.013216
4304001	4305000	4304501	381.0	0.969550	0.224919
4305001	4306000	4305501	286.0	0.970451	-0.188857
4306001	4307000	4306501	371.0	0.971352	0.186547
4307001	4308000	4307501	317.0	0.972253	-0.040389
4308001	4309000	4308501	293.0	0.973154	-0.153971
4309001	4310000	4309501	286.0	0.974056	-0.188857
4310001	4311000	4310501	358.0	0.974957	0.135088
4311001	4312000	4311501	418.0	0.975858	0.358631
4312001	4313000	4312501	386.0	0.976759	0.243729
4313001	4314000	4313501	363.0	0.977660	0.155098
4314001	4315000	4314501	457.0	0.978561	0.487322
4315001	4316000	4315501	451.0	0.979462	0.468255
4316001	4317000	4316501	459.0	0.980363	0.493622
4317001	4318000	4317501	318.0	0.981264	-0.035845
4318001	4319000	4318501	405.0	0.982165	0.313050
4319001	4320000	4319501	345.0	0.983066	0.081724
4320001	4321000	4320501	335.0	0.983967	0.039289
4321001	4322000	4321501	311.0	0.984868	-0.067957
4322001	4323000	4322501	387.0	0.985769	0.247462
4323001	4324000	4323501	403.0	0.986670	0.305908
4324001	4325000	4324501	467.0	0.987572	0.518551
4325001	4326000	4325501	336.0	0.988473	0.043589
4326001	4327000	4326501	506.0	0.989374	0.634265
4327001	4328000	4327501	359.0	0.990275	0.139112
4328001	4329000	4328501	363.0	0.991176	0.155098
4329001	4330000	4329501	341.0	0.992077	0.064900
4330001	4331000	4330501	340.0	0.992978	0.060663
4331001	4332000	4331501	397.0	0.993879	0.284267
4332001	4333000	4332501	283.0	0.994780	-0.204070
4333001	4334000	4333501	454.0	0.995681	0.477820
4334001	4335000	4334501	392.0	0.996582	0.265982
