window_start	window_end	window_mid	raw_count	norm_position	log2_ratio
1	1000	501	316.0	0.998198	-0.143302
1001	2000	1501	421.0	0.999099	0.270593
2001	3000	2501	347.0	1.000000	-0.008291
3001	4000	3501	322.0	-0.999690	-0.116166
4001	5000	4501	334.0	-0.999380	-0.063379
5001	6000	5501	383.0	-0.999070	0.134117
6001	7000	6501	322.0	-0.998760	-0.116166
7001	8000	7501	243.0	-0.998450	-0.522271
8001	9000	8501	227.0	-0.998140	-0.620535
9001	10000	9501	328.0	-0.997830	-0.089531
10001	11000	10501	284.0	-0.997520	-0.297336
11001	12000	11501	320.0	-0.997210	-0.125155
12001	13000	12501	283.0	-0.996900	-0.302425
13001	14000	13501	314.0	-0.996590	-0.152462
14001	15000	14501	297.0	-0.996280	-0.232764
15001	16000	15501	301.0	-0.995970	-0.213464
16001	17000	16501	284.0	-0.995660	-0.297336
17001	18000	17501	282.0	-0.995350	-0.307532
18001	19000	18501	272.0	-0.995040	-0.359620
19001	20000	19501	275.0	-0.994730	-0.343795
20001	21000	20501	398.0	-0.994420	0.189541
21001	22000	21501	343.0	-0.994110	-0.025018
22001	23000	22501	376.0	-0.993800	0.107506
23001	24000	23501	325.0	-0.993490	-0.102787
24001	25000	24501	249.0	-0.993180	-0.487081
25001	26000	25501	238.0	-0.992870	-0.552265
26001	27000	26501	309.0	-0.992560	-0.175620
27001	28000	27501	328.0	-0.992250	-0.089531
28001	29000	28501	386.0	-0.991940	0.145374
29001	30000	29501	255.0	-0.991631	-0.452730
30001	31000	30501	356.0	-0.991321	0.028650
31001	32000	31501	334.0	-0.991011	-0.063379
32001	33000	32501	264.0	-0.990701	-0.402689
33001	34000	33501	331.0	-0.990391	-0.076396
34001	35000	34501	246.0	-0.990081	-0.504569
35001	36000	35501	228.0	-0.989771	-0.614193
36001	37000	36501	240.0	-0.989461	-0.540193
37001	38000	37501	288.0	-0.989151	-0.277158
38001	39000	38501	280.0	-0.988841	-0.317800
39001	40000	39501	309.0	-0.988531	-0.175620
40001	41000	40501	321.0	-0.988221	-0.120654
41001	42000	41501	264.0	-0.987911	-0.402689
42001	43000	42501	253.0	-0.987601	-0.464090
43001	44000	43501	306.0	-0.987291	-0.189695
44001	45000	44501	283.0	-0.986981	-0.302425
45001	46000	45501	312.0	-0.986671	-0.161681
46001	47000	46501	253.0	-0.986361	-0.464090
47001	48000	47501	260.0	-0.986051	-0.424715
48001	49000	48501	370.0	-0.985741	0.084298
49001	50000	49501	264.0	-0.985431	-0.402689
50001	51000	50501	263.0	-0.985121	-0.408164
51001	52000	51501	272.0	-0.984811	-0.359620
52001	53000	52501	349.0	-0.984501	0.000000
53001	54000	53501	291.0	-0.984191	-0.262208
54001	55000	54501	271.0	-0.983881	-0.364934
55001	56000	55501	306.0	-0.983571	-0.189695
56001	57000	56501	395.0	-0.983261	0.178626
57001	58000	57501	292.0	-0.982951	-0.257259
58001	59000	58501	375.0	-0.982641	0.103664
59001	60000	59501	319.0	-0.982331	-0.129671
60001	61000	60501	269.0	-0.982021	-0.375621
61001	62000	61501	285.0	-0.981711	-0.292265
62001	63000	62501	307.0	-0.981401	-0.184988
63001	64000	63501	297.0	-0.981091	-0.232764
64001	65000	64501	409.0	-0.980781	0.228874
65001	66000	65501	371.0	-0.980471	0.088192
66001	67000	66501	344.0	-0.980161	-0.020818
67001	68000	67501	311.0	-0.979851	-0.166312
68001	69000	68501	390.0	-0.979541	0.160247
69001	70000	69501	435.0	-0.979231	0.317788
70001	71000	70501	363.0	-0.978921	0.056743
71001	72000	71501	333.0	-0.978611	-0.067705
72001	73000	72501	271.0	-0.978301	-0.364934
73001	74000	73501	387.0	-0.977991	0.149107
74001	75000	74501	372.0	-0.977681	0.092076
75001	76000	75501	272.0	-0.977371	-0.359620
76001	77000	76501	306.0	-0.977061	-0.189695
77001	78000	77501	285.0	-0.976751	-0.292265
78001	79000	78501	311.0	-0.976441	-0.166312
79001	80000	79501	276.0	-0.976131	-0.338559
80001	81000	80501	289.0	-0.975821	-0.272158
81001	82000	81501	317.0	-0.975511	-0.138744
82001	83000	82501	247.0	-0.975201	-0.498716
83001	84000	83501	298.0	-0.974892	-0.227915
84001	85000	84501	341.0	-0.974582	-0.033455
85001	86000	85501	295.0	-0.974272	-0.242512
86001	87000	86501	337.0	-0.973962	-0.050478
87001	88000	87501	293.0	-0.973652	-0.252326
88001	89000	88501	293.0	-0.973342	-0.252326
89001	90000	89501	343.0	-0.973032	-0.025018
90001	91000	90501	404.0	-0.972722	0.211128
91001	92000	91501	357.0	-0.972412	0.032697
92001	93000	92501	294.0	-0.972102	-0.247411
93001	94000	93501	290.0	-0.971792	-0.267174
94001	95000	94501	367.0	-0.971482	0.072553
95001	96000	95501	370.0	-0.971172	0.084298
96001	97000	96501	293.0	-0.970862	-0.252326
97001	98000	97501	316.0	-0.970552	-0.143302
98001	99000	98501	316.0	-0.970242	-0.143302
99001	100000	99501	322.0	-0.969932	-0.116166
100001	101000	100501	383.0	-0.969622	0.134117
101001	102000	101501	298.0	-0.969312	-0.227915
102001	103000	102501	385.0	-0.969002	0.141631
103001	104000	103501	298.0	-0.968692	-0.227915
104001	105000	104501	303.0	-0.968382	-0.203909
105001	106000	105501	291.0	-0.968072	-0.262208
106001	107000	106501	255.0	-0.967762	-0.452730
107001	108000	107501	264.0	-0.967452	-0.402689
108001	109000	108501	262.0	-0.967142	-0.413660
109001	110000	109501	226.0	-0.966832	-0.626904
110001	111000	110501	241.0	-0.966522	-0.534194
111001	112000	111501	246.0	-0.966212	-0.504569
112001	113000	112501	252.0	-0.965902	-0.469803
113001	114000	113501	220.0	-0.965592	-0.665724
114001	115000	114501	226.0	-0.965282	-0.626904
115001	116000	115501	268.0	-0.964972	-0.380994
116001	117000	116501	255.0	-0.964662	-0.452730
117001	118000	117501	195.0	-0.964352	-0.839753
118001	119000	118501	220.0	-0.964042	-0.665724
119001	120000	119501	268.0	-0.963732	-0.380994
120001	121000	120501	289.0	-0.963422	-0.272158
121001	122000	121501	337.0	-0.963112	-0.050478
122001	123000	122501	302.0	-0.962802	-0.208678
123001	124000	123501	262.0	-0.962492	-0.413660
124001	125000	124501	361.0	-0.962182	0.048772
125001	126000	125501	292.0	-0.961872	-0.257259
126001	127000	126501	270.0	-0.961562	-0.370268
127001	128000	127501	401.0	-0.961252	0.200375
128001	129000	128501	409.0	-0.960942	0.228874
129001	130000	129501	315.0	-0.960632	-0.147875
130001	131000	130501	291.0	-0.960322	-0.262208
131001	132000	131501	301.0	-0.960012	-0.213464
132001	133000	132501	264.0	-0.959702	-0.402689
133001	134000	133501	237.0	-0.959392	-0.558340
134001	135000	134501	276.0	-0.959082	-0.338559
135001	136000	135501	289.0	-0.958772	-0.272158
136001	137000	136501	301.0	-0.958462	-0.213464
137001	138000	137501	339.0	-0.958153	-0.041942
138001	139000	138501	306.0	-0.957843	-0.189695
139001	140000	139501	375.0	-0.957533	0.103664
140001	141000	140501	262.0	-0.957223	-0.413660
141001	142000	141501	294.0	-0.956913	-0.247411
142001	143000	142501	329.0	-0.956603	-0.085139
143001	144000	143501	271.0	-0.956293	-0.364934
144001	145000	144501	281.0	-0.955983	-0.312657
145001	146000	145501	332.0	-0.955673	-0.072044
146001	147000	146501	259.0	-0.955363	-0.430275
147001	148000	147501	287.0	-0.955053	-0.282176
148001	149000	148501	242.0	-0.954743	-0.528220
149001	150000	149501	320.0	-0.954433	-0.125155
150001	151000	150501	324.0	-0.954123	-0.107233
151001	152000	151501	451.0	-0.953813	0.369900
152001	153000	152501	293.0	-0.953503	-0.252326
153001	154000	153501	366.0	-0.953193	0.068617
154001	155000	154501	403.0	-0.952883	0.207553
155001	156000	155501	398.0	-0.952573	0.189541
156001	157000	156501	298.0	-0.952263	-0.227915
157001	158000	157501	379.0	-0.951953	0.118971
158001	159000	158501	294.0	-0.951643	-0.247411
159001	160000	159501	238.0	-0.951333	-0.552265
160001	161000	160501	208.0	-0.951023	-0.746644
161001	162000	161501	291.0	-0.950713	-0.262208
162001	163000	162501	274.0	-0.950403	-0.349051
163001	164000	163501	424.0	-0.950093	0.280837
164001	165000	164501	320.0	-0.949783	-0.125155
165001	166000	165501	294.0	-0.949473	-0.247411
166001	167000	166501	345.0	-0.949163	-0.016631
167001	168000	167501	406.0	-0.948853	0.218253
168001	169000	168501	358.0	-0.948543	0.036733
169001	170000	169501	361.0	-0.948233	0.048772
170001	171000	170501	289.0	-0.947923	-0.272158
171001	172000	171501	323.0	-0.947613	-0.111693
172001	173000	172501	277.0	-0.947303	-0.333341
173001	174000	173501	307.0	-0.946993	-0.184988
174001	175000	174501	276.0	-0.946683	-0.338559
175001	176000	175501	299.0	-0.946373	-0.223082
176001	177000	176501	272.0	-0.946063	-0.359620
177001	178000	177501	354.0	-0.945753	0.020522
178001	179000	178501	284.0	-0.945443	-0.297336
179001	180000	179501	281.0	-0.945133	-0.312657
180001	181000	180501	273.0	-0.944823	-0.354326
181001	182000	181501	258.0	-0.944513	-0.435856
182001	183000	182501	306.0	-0.944203	-0.189695
183001	184000	183501	334.0	-0.943893	-0.063379
184001	185000	184501	334.0	-0.943583	-0.063379
185001	186000	185501	382.0	-0.943273	0.130346
186001	187000	186501	406.0	-0.942963	0.218253
187001	188000	187501	416.0	-0.942653	0.253356
188001	189000	188501	492.0	-0.942343	0.495431
189001	190000	189501	350.0	-0.942033	0.004128
190001	191000	190501	267.0	-0.941723	-0.386387
191001	192000	191501	295.0	-0.941414	-0.242512
192001	193000	192501	324.0	-0.941104	-0.107233
193001	194000	193501	362.0	-0.940794	0.052763
194001	195000	194501	329.0	-0.940484	-0.085139
195001	196000	195501	266.0	-0.940174	-0.391801
196001	197000	196501	281.0	-0.939864	-0.312657
197001	198000	197501	299.0	-0.939554	-0.223082
198001	199000	198501	276.0	-0.939244	-0.338559
199001	200000	199501	274.0	-0.938934	-0.349051
200001	201000	200501	311.0	-0.938624	-0.166312
201001	202000	201501	285.0	-0.938314	-0.292265
202001	203000	202501	304.0	-0.938004	-0.199156
203001	204000	203501	421.0	-0.937694	0.270593
204001	205000	204501	484.0	-0.937384	0.471780
205001	206000	205501	442.0	-0.937074	0.340819
206001	207000	206501	334.0	-0.936764	-0.063379
207001	208000	207501	280.0	-0.936454	-0.317800
208001	209000	208501	294.0	-0.936144	-0.247411
209001	210000	209501	350.0	-0.935834	0.004128
210001	211000	210501	314.0	-0.935524	-0.152462
211001	212000	211501	354.0	-0.935214	0.020522
212001	213000	212501	359.0	-0.934904	0.040757
213001	214000	213501	310.0	-0.934594	-0.170959
214001	215000	214501	300.0	-0.934284	-0.218265
215001	216000	215501	333.0	-0.933974	-0.067705
216001	217000	216501	357.0	-0.933664	0.032697
217001	218000	217501	340.0	-0.933354	-0.037692
218001	219000	218501	333.0	-0.933044	-0.067705
219001	220000	219501	309.0	-0.932734	-0.175620
220001	221000	220501	302.0	-0.932424	-0.208678
221001	222000	221501	289.0	-0.932114	-0.272158
222001	223000	222501	334.0	-0.931804	-0.063379
223001	224000	223501	325.0	-0.931494	-0.102787
224001	225000	224501	358.0	-0.931184	0.036733
225001	226000	225501	351.0	-0.930874	0.008244
226001	227000	226501	354.0	-0.930564	0.020522
227001	228000	227501	270.0	-0.930254	-0.370268
228001	229000	228501	342.0	-0.929944	-0.029231
229001	230000	229501	374.0	-0.929634	0.099811
230001	231000	230501	376.0	-0.929324	0.107506
231001	232000	231501	292.0	-0.929014	-0.257259
232001	233000	232501	299.0	-0.928704	-0.223082
233001	234000	233501	305.0	-0.928394	-0.194418
234001	235000	234501	317.0	-0.928084	-0.138744
235001	236000	235501	323.0	-0.927774	-0.111693
236001	237000	236501	323.0	-0.927464	-0.111693
237001	238000	237501	332.0	-0.927154	-0.072044
238001	239000	238501	317.0	-0.926844	-0.138744
239001	240000	239501	470.0	-0.926534	0.429434
240001	241000	240501	445.0	-0.926224	0.350578
241001	242000	241501	360.0	-0.925914	0.044770
242001	243000	242501	301.0	-0.925604	-0.213464
243001	244000	243501	341.0	-0.925294	-0.033455
244001	245000	244501	383.0	-0.924985	0.134117
245001	246000	245501	372.0	-0.924675	0.092076
246001	247000	246501	346.0	-0.924365	-0.012455
247001	248000	247501	368.0	-0.924055	0.076479
248001	249000	248501	393.0	-0.923745	0.171302
249001	250000	249501	410.0	-0.923435	0.232397
250001	251000	250501	336.0	-0.923125	-0.054766
251001	252000	251501	360.0	-0.922815	0.044770
252001	253000	252501	352.0	-0.922505	0.012348
253001	254000	253501	419.0	-0.922195	0.263723
254001	255000	254501	427.0	-0.921885	0.291009
255001	256000	255501	391.0	-0.921575	0.163942
256001	257000	256501	398.0	-0.921265	0.189541
257001	258000	257501	431.0	-0.920955	0.304461
258001	259000	258501	431.0	-0.920645	0.304461
259001	260000	259501	414.0	-0.920335	0.246404
260001	261000	260501	286.0	-0.920025	-0.287212
261001	262000	261501	247.0	-0.919715	-0.498716
262001	263000	262501	331.0	-0.919405	-0.076396
263001	264000	263501	298.0	-0.919095	-0.227915
264001	265000	264501	387.0	-0.918785	0.149107
265001	266000	265501	414.0	-0.918475	0.246404
266001	267000	266501	320.0	-0.918165	-0.125155
267001	268000	267501	215.0	-0.917855	-0.698890
268001	269000	268501	196.0	-0.917545	-0.832373
269001	270000	269501	195.0	-0.917235	-0.839753
270001	271000	270501	204.0	-0.916925	-0.774658
271001	272000	271501	232.0	-0.916615	-0.589102
272001	273000	272501	216.0	-0.916305	-0.692196
273001	274000	273501	284.0	-0.915995	-0.297336
274001	275000	274501	298.0	-0.915685	-0.227915
275001	276000	275501	278.0	-0.915375	-0.328142
276001	277000	276501	204.0	-0.915065	-0.774658
277001	278000	277501	241.0	-0.914755	-0.534194
278001	279000	278501	279.0	-0.914445	-0.322962
279001	280000	279501	342.0	-0.914135	-0.029231
280001	281000	280501	267.0	-0.913825	-0.386387
281001	282000	281501	251.0	-0.913515	-0.475540
282001	283000	282501	268.0	-0.913205	-0.380994
283001	284000	283501	269.0	-0.912895	-0.375621
284001	285000	284501	328.0	-0.912585	-0.089531
285001	286000	285501	227.0	-0.912275	-0.620535
286001	287000	286501	233.0	-0.911965	-0.582897
287001	288000	287501	230.0	-0.911655	-0.601593
288001	289000	288501	232.0	-0.911345	-0.589102
289001	290000	289501	342.0	-0.911035	-0.029231
290001	291000	290501	379.0	-0.910725	0.118971
291001	292000	291501	262.0	-0.910415	-0.413660
292001	293000	292501	293.0	-0.910105	-0.252326
293001	294000	293501	259.0	-0.909795	-0.430275
294001	295000	294501	263.0	-0.909485	-0.408164
295001	296000	295501	317.0	-0.909175	-0.138744
296001	297000	296501	298.0	-0.908865	-0.227915
297001	298000	297501	277.0	-0.908555	-0.333341
298001	299000	298501	233.0	-0.908246	-0.582897
299001	300000	299501	215.0	-0.907936	-0.698890
300001	301000	300501	250.0	-0.907626	-0.481299
301001	302000	301501	245.0	-0.907316	-0.510445
302001	303000	302501	305.0	-0.907006	-0.194418
303001	304000	303501	427.0	-0.906696	0.291009
304001	305000	304501	307.0	-0.906386	-0.184988
305001	306000	305501	382.0	-0.906076	0.130346
306001	307000	306501	457.0	-0.905766	0.388967
307001	308000	307501	391.0	-0.905456	0.163942
308001	309000	308501	450.0	-0.905146	0.366698
309001	310000	309501	401.0	-0.904836	0.200375
310001	311000	310501	480.0	-0.904526	0.459807
311001	312000	311501	387.0	-0.904216	0.149107
312001	313000	312501	447.0	-0.903906	0.357048
313001	314000	313501	397.0	-0.903596	0.185912
314001	315000	314501	556.0	-0.903286	0.671858
315001	316000	315501	403.0	-0.902976	0.207553
316001	317000	316501	451.0	-0.902666	0.369900
317001	318000	317501	405.0	-0.902356	0.214695
318001	319000	318501	340.0	-0.902046	-0.037692
319001	320000	319501	375.0	-0.901736	0.103664
320001	321000	320501	431.0	-0.901426	0.304461
321001	322000	321501	516.0	-0.901116	0.564144
322001	323000	322501	388.0	-0.900806	0.152830
323001	324000	323501	341.0	-0.900496	-0.033455
324001	325000	324501	375.0	-0.900186	0.103664
325001	326000	325501	410.0	-0.899876	0.232397
326001	327000	326501	426.0	-0.899566	0.287626
327001	328000	327501	362.0	-0.899256	0.052763
328001	329000	328501	391.0	-0.898946	0.163942
329001	330000	329501	333.0	-0.898636	-0.067705
330001	331000	330501	418.0	-0.898326	0.260276
331001	332000	331501	431.0	-0.898016	0.304461
332001	333000	332501	389.0	-0.897706	0.156543
333001	334000	333501	325.0	-0.897396	-0.102787
334001	335000	334501	395.0	-0.897086	0.178626
335001	336000	335501	374.0	-0.896776	0.099811
336001	337000	336501	431.0	-0.896466	0.304461
337001	338000	337501	357.0	-0.896156	0.032697
338001	339000	338501	328.0	-0.895846	-0.089531
339001	340000	339501	311.0	-0.895536	-0.166312
340001	341000	340501	275.0	-0.895226	-0.343795
341001	342000	341501	308.0	-0.894916	-0.180297
342001	343000	342501	389.0	-0.894606	0.156543
343001	344000	343501	352.0	-0.894296	0.012348
344001	345000	344501	420.0	-0.893986	0.267162
345001	346000	345501	349.0	-0.893676	0.000000
346001	347000	346501	377.0	-0.893366	0.111337
347001	348000	347501	387.0	-0.893056	0.149107
348001	349000	348501	434.0	-0.892746	0.314468
349001	350000	349501	449.0	-0.892436	0.363488
350001	351000	350501	396.0	-0.892126	0.182273
351001	352000	351501	314.0	-0.891816	-0.152462
352001	353000	352501	313.0	-0.891507	-0.157064
353001	354000	353501	373.0	-0.891197	0.095949
354001	355000	354501	363.0	-0.890887	0.056743
355001	356000	355501	332.0	-0.890577	-0.072044
356001	357000	356501	329.0	-0.890267	-0.085139
357001	358000	357501	447.0	-0.889957	0.357048
358001	359000	358501	309.0	-0.889647	-0.175620
359001	360000	359501	350.0	-0.889337	0.004128
360001	361000	360501	368.0	-0.889027	0.076479
361001	362000	361501	383.0	-0.888717	0.134117
362001	363000	362501	306.0	-0.888407	-0.189695
363001	364000	363501	360.0	-0.888097	0.044770
364001	365000	364501	358.0	-0.887787	0.036733
365001	366000	365501	315.0	-0.887477	-0.147875
366001	367000	366501	277.0	-0.887167	-0.333341
367001	368000	367501	299.0	-0.886857	-0.223082
368001	369000	368501	299.0	-0.886547	-0.223082
369001	370000	369501	296.0	-0.886237	-0.237630
370001	371000	370501	299.0	-0.885927	-0.223082
371001	372000	371501	261.0	-0.885617	-0.419177
372001	373000	372501	268.0	-0.885307	-0.380994
373001	374000	373501	363.0	-0.884997	0.056743
374001	375000	374501	309.0	-0.884687	-0.175620
375001	376000	375501	317.0	-0.884377	-0.138744
376001	377000	376501	368.0	-0.884067	0.076479
377001	378000	377501	357.0	-0.883757	0.032697
378001	379000	378501	348.0	-0.883447	-0.004140
379001	380000	379501	367.0	-0.883137	0.072553
380001	381000	380501	302.0	-0.882827	-0.208678
381001	382000	381501	317.0	-0.882517	-0.138744
382001	383000	382501	404.0	-0.882207	0.211128
383001	384000	383501	442.0	-0.881897	0.340819
384001	385000	384501	429.0	-0.881587	0.297751
385001	386000	385501	404.0	-0.881277	0.211128
386001	387000	386501	394.0	-0.880967	0.174969
387001	388000	387501	350.0	-0.880657	0.004128
388001	389000	388501	282.0	-0.880347	-0.307532
389001	390000	389501	267.0	-0.880037	-0.386387
390001	391000	390501	281.0	-0.879727	-0.312657
391001	392000	391501	221.0	-0.879417	-0.659181
392001	393000	392501	389.0	-0.879107	0.156543
393001	394000	393501	380.0	-0.878797	0.122772
394001	395000	394501	251.0	-0.878487	-0.475540
395001	396000	395501	298.0	-0.878177	-0.227915
396001	397000	396501	314.0	-0.877867	-0.152462
397001	398000	397501	286.0	-0.877557	-0.287212
398001	399000	398501	296.0	-0.877247	-0.237630
399001	400000	399501	355.0	-0.876937	0.024592
400001	401000	400501	328.0	-0.876627	-0.089531
401001	402000	401501	246.0	-0.876317	-0.504569
402001	403000	402501	295.0	-0.876007	-0.242512
403001	404000	403501	291.0	-0.875697	-0.262208
404001	405000	404501	285.0	-0.875387	-0.292265
405001	406000	405501	348.0	-0.875077	-0.004140
406001	407000	406501	389.0	-0.874768	0.156543
407001	408000	407501	363.0	-0.874458	0.056743
408001	409000	408501	332.0	-0.874148	-0.072044
409001	410000	409501	237.0	-0.873838	-0.558340
410001	411000	410501	236.0	-0.873528	-0.564440
411001	412000	411501	173.0	-0.873218	-1.012455
412001	413000	412501	74.0	-0.872908	-2.237630
413001	414000	413501	33.0	-0.872598	-3.402689
414001	415000	414501	99.0	-0.872288	-1.817727
415001	416000	415501	234.0	-0.871978	-0.576719
416001	417000	416501	267.0	-0.871668	-0.386387
417001	418000	417501	295.0	-0.871358	-0.242512
418001	419000	418501	361.0	-0.871048	0.048772
419001	420000	419501	347.0	-0.870738	-0.008291
420001	421000	420501	306.0	-0.870428	-0.189695
421001	422000	421501	326.0	-0.870118	-0.098355
422001	423000	422501	311.0	-0.869808	-0.166312
423001	424000	423501	302.0	-0.869498	-0.208678
424001	425000	424501	238.0	-0.869188	-0.552265
425001	426000	425501	313.0	-0.868878	-0.157064
426001	427000	426501	388.0	-0.868568	0.152830
427001	428000	427501	312.0	-0.868258	-0.161681
428001	429000	428501	262.0	-0.867948	-0.413660
429001	430000	429501	218.0	-0.867638	-0.678899
430001	431000	430501	266.0	-0.867328	-0.391801
431001	432000	431501	220.0	-0.867018	-0.665724
432001	433000	432501	269.0	-0.866708	-0.375621
433001	434000	433501	268.0	-0.866398	-0.380994
434001	435000	434501	254.0	-0.866088	-0.458399
435001	436000	435501	337.0	-0.865778	-0.050478
436001	437000	436501	354.0	-0.865468	0.020522
437001	438000	437501	287.0	-0.865158	-0.282176
438001	439000	438501	271.0	-0.864848	-0.364934
439001	440000	439501	308.0	-0.864538	-0.180297
440001	441000	440501	331.0	-0.864228	-0.076396
441001	442000	441501	299.0	-0.863918	-0.223082
442001	443000	442501	396.0	-0.863608	0.182273
443001	444000	443501	501.0	-0.863298	0.521584
444001	445000	444501	345.0	-0.862988	-0.016631
445001	446000	445501	375.0	-0.862678	0.103664
446001	447000	446501	475.0	-0.862368	0.444700
447001	448000	447501	406.0	-0.862058	0.218253
448001	449000	448501	369.0	-0.861748	0.080394
449001	450000	449501	285.0	-0.861438	-0.292265
450001	451000	450501	252.0	-0.861128	-0.469803
451001	452000	451501	281.0	-0.860818	-0.312657
452001	453000	452501	403.0	-0.860508	0.207553
453001	454000	453501	354.0	-0.860198	0.020522
454001	455000	454501	280.0	-0.859888	-0.317800
455001	456000	455501	328.0	-0.859578	-0.089531
456001	457000	456501	349.0	-0.859268	0.000000
457001	458000	457501	361.0	-0.858958	0.048772
458001	459000	458501	350.0	-0.858648	0.004128
459001	460000	459501	396.0	-0.858338	0.182273
460001	461000	460501	393.0	-0.858029	0.171302
461001	462000	461501	348.0	-0.857719	-0.004140
462001	463000	462501	353.0	-0.857409	0.016441
463001	464000	463501	342.0	-0.857099	-0.029231
464001	465000	464501	394.0	-0.856789	0.174969
465001	466000	465501	340.0	-0.856479	-0.037692
466001	467000	466501	295.0	-0.856169	-0.242512
467001	468000	467501	328.0	-0.855859	-0.089531
468001	469000	468501	366.0	-0.855549	0.068617
469001	470000	469501	368.0	-0.855239	0.076479
470001	471000	470501	409.0	-0.854929	0.228874
471001	472000	471501	320.0	-0.854619	-0.125155
472001	473000	472501	338.0	-0.854309	-0.046204
473001	474000	473501	409.0	-0.853999	0.228874
474001	475000	474501	421.0	-0.853689	0.270593
475001	476000	475501	383.0	-0.853379	0.134117
476001	477000	476501	406.0	-0.853069	0.218253
477001	478000	477501	387.0	-0.852759	0.149107
478001	479000	478501	359.0	-0.852449	0.040757
479001	480000	479501	387.0	-0.852139	0.149107
480001	481000	480501	494.0	-0.851829	0.501284
481001	482000	481501	435.0	-0.851519	0.317788
482001	483000	482501	389.0	-0.851209	0.156543
483001	484000	483501	365.0	-0.850899	0.064669
484001	485000	484501	334.0	-0.850589	-0.063379
485001	486000	485501	342.0	-0.850279	-0.029231
486001	487000	486501	383.0	-0.849969	0.134117
487001	488000	487501	354.0	-0.849659	0.020522
488001	489000	488501	301.0	-0.849349	-0.213464
489001	490000	489501	356.0	-0.849039	0.028650
490001	491000	490501	398.0	-0.848729	0.189541
491001	492000	491501	395.0	-0.848419	0.178626
492001	493000	492501	447.0	-0.848109	0.357048
493001	494000	493501	330.0	-0.847799	-0.080761
494001	495000	494501	342.0	-0.847489	-0.029231
495001	496000	495501	427.0	-0.847179	0.291009
496001	497000	496501	403.0	-0.846869	0.207553
497001	498000	497501	319.0	-0.846559	-0.129671
498001	499000	498501	394.0	-0.846249	0.174969
499001	500000	499501	366.0	-0.845939	0.068617
500001	501000	500501	343.0	-0.845629	-0.025018
501001	502000	501501	332.0	-0.845319	-0.072044
502001	503000	502501	299.0	-0.845009	-0.223082
503001	504000	503501	310.0	-0.844699	-0.170959
504001	505000	504501	322.0	-0.844389	-0.116166
505001	506000	505501	397.0	-0.844079	0.185912
506001	507000	506501	336.0	-0.843769	-0.054766
507001	508000	507501	386.0	-0.843459	0.145374
508001	509000	508501	411.0	-0.843149	0.235911
509001	510000	509501	361.0	-0.842839	0.048772
510001	511000	510501	390.0	-0.842529	0.160247
511001	512000	511501	303.0	-0.842219	-0.203909
512001	513000	512501	336.0	-0.841909	-0.054766
513001	514000	513501	294.0	-0.841600	-0.247411
514001	515000	514501	469.0	-0.841290	0.426361
515001	516000	515501	414.0	-0.840980	0.246404
516001	517000	516501	326.0	-0.840670	-0.098355
517001	518000	517501	339.0	-0.840360	-0.041942
518001	519000	518501	339.0	-0.840050	-0.041942
519001	520000	519501	426.0	-0.839740	0.287626
520001	521000	520501	338.0	-0.839430	-0.046204
521001	522000	521501	337.0	-0.839120	-0.050478
522001	523000	522501	328.0	-0.838810	-0.089531
523001	524000	523501	316.0	-0.838500	-0.143302
524001	525000	524501	303.0	-0.838190	-0.203909
525001	526000	525501	340.0	-0.837880	-0.037692
526001	527000	526501	301.0	-0.837570	-0.213464
527001	528000	527501	288.0	-0.837260	-0.277158
528001	529000	528501	353.0	-0.836950	0.016441
529001	530000	529501	379.0	-0.836640	0.118971
530001	531000	530501	313.0	-0.836330	-0.157064
531001	532000	531501	310.0	-0.836020	-0.170959
532001	533000	532501	300.0	-0.835710	-0.218265
533001	534000	533501	325.0	-0.835400	-0.102787
534001	535000	534501	384.0	-0.835090	0.137879
535001	536000	535501	341.0	-0.834780	-0.033455
536001	537000	536501	395.0	-0.834470	0.178626
537001	538000	537501	292.0	-0.834160	-0.257259
538001	539000	538501	272.0	-0.833850	-0.359620
539001	540000	539501	303.0	-0.833540	-0.203909
540001	541000	540501	291.0	-0.833230	-0.262208
541001	542000	541501	316.0	-0.832920	-0.143302
542001	543000	542501	275.0	-0.832610	-0.343795
543001	544000	543501	322.0	-0.832300	-0.116166
544001	545000	544501	349.0	-0.831990	0.000000
545001	546000	545501	325.0	-0.831680	-0.102787
546001	547000	546501	337.0	-0.831370	-0.050478
547001	548000	547501	274.0	-0.831060	-0.349051
548001	549000	548501	295.0	-0.830750	-0.242512
549001	550000	549501	408.0	-0.830440	0.225342
550001	551000	550501	392.0	-0.830130	0.167627
551001	552000	551501	378.0	-0.829820	0.115159
552001	553000	552501	307.0	-0.829510	-0.184988
553001	554000	553501	272.0	-0.829200	-0.359620
554001	555000	554501	367.0	-0.828890	0.072553
555001	556000	555501	391.0	-0.828580	0.163942
556001	557000	556501	356.0	-0.828270	0.028650
557001	558000	557501	369.0	-0.827960	0.080394
558001	559000	558501	386.0	-0.827650	0.145374
559001	560000	559501	357.0	-0.827340	0.032697
560001	561000	560501	421.0	-0.827030	0.270593
561001	562000	561501	377.0	-0.826720	0.111337
562001	563000	562501	409.0	-0.826410	0.228874
563001	564000	563501	389.0	-0.826100	0.156543
564001	565000	564501	332.0	-0.825790	-0.072044
565001	566000	565501	329.0	-0.825480	-0.085139
566001	567000	566501	341.0	-0.825170	-0.033455
567001	568000	567501	279.0	-0.824861	-0.322962
568001	569000	568501	312.0	-0.824551	-0.161681
569001	570000	569501	333.0	-0.824241	-0.067705
570001	571000	570501	380.0	-0.823931	0.122772
571001	572000	571501	375.0	-0.823621	0.103664
572001	573000	572501	397.0	-0.823311	0.185912
573001	574000	573501	370.0	-0.823001	0.084298
574001	575000	574501	355.0	-0.822691	0.024592
575001	576000	575501	370.0	-0.822381	0.084298
576001	577000	576501	356.0	-0.822071	0.028650
577001	578000	577501	331.0	-0.821761	-0.076396
578001	579000	578501	320.0	-0.821451	-0.125155
579001	580000	579501	335.0	-0.821141	-0.059066
580001	581000	580501	264.0	-0.820831	-0.402689
581001	582000	581501	240.0	-0.820521	-0.540193
582001	583000	582501	251.0	-0.820211	-0.475540
583001	584000	583501	255.0	-0.819901	-0.452730
584001	585000	584501	288.0	-0.819591	-0.277158
585001	586000	585501	269.0	-0.819281	-0.375621
586001	587000	586501	225.0	-0.818971	-0.633302
587001	588000	587501	229.0	-0.818661	-0.607879
588001	589000	588501	215.0	-0.818351	-0.698890
589001	590000	589501	286.0	-0.818041	-0.287212
590001	591000	590501	356.0	-0.817731	0.028650
591001	592000	591501	331.0	-0.817421	-0.076396
592001	593000	592501	260.0	-0.817111	-0.424715
593001	594000	593501	267.0	-0.816801	-0.386387
594001	595000	594501	307.0	-0.816491	-0.184988
595001	596000	595501	324.0	-0.816181	-0.107233
596001	597000	596501	281.0	-0.815871	-0.312657
597001	598000	597501	305.0	-0.815561	-0.194418
598001	599000	598501	408.0	-0.815251	0.225342
599001	600000	599501	289.0	-0.814941	-0.272158
600001	601000	600501	281.0	-0.814631	-0.312657
601001	602000	601501	403.0	-0.814321	0.207553
602001	603000	602501	312.0	-0.814011	-0.161681
603001	604000	603501	355.0	-0.813701	0.024592
604001	605000	604501	462.0	-0.813391	0.404666
605001	606000	605501	462.0	-0.813081	0.404666
606001	607000	606501	452.0	-0.812771	0.373096
607001	608000	607501	469.0	-0.812461	0.426361
608001	609000	608501	467.0	-0.812151	0.420196
609001	610000	609501	360.0	-0.811841	0.044770
610001	611000	610501	430.0	-0.811531	0.301110
611001	612000	611501	314.0	-0.811221	-0.152462
612001	613000	612501	293.0	-0.810911	-0.252326
613001	614000	613501	283.0	-0.810601	-0.302425
614001	615000	614501	413.0	-0.810291	0.242915
615001	616000	615501	404.0	-0.809981	0.211128
616001	617000	616501	328.0	-0.809671	-0.089531
617001	618000	617501	244.0	-0.809361	-0.516346
618001	619000	618501	289.0	-0.809051	-0.272158
619001	620000	619501	319.0	-0.808741	-0.129671
620001	621000	620501	308.0	-0.808431	-0.180297
621001	622000	621501	310.0	-0.808122	-0.170959
622001	623000	622501	275.0	-0.807812	-0.343795
623001	624000	623501	304.0	-0.807502	-0.199156
624001	625000	624501	330.0	-0.807192	-0.080761
625001	626000	625501	302.0	-0.806882	-0.208678
626001	627000	626501	299.0	-0.806572	-0.223082
627001	628000	627501	273.0	-0.806262	-0.354326
628001	629000	628501	297.0	-0.805952	-0.232764
629001	630000	629501	281.0	-0.805642	-0.312657
630001	631000	630501	344.0	-0.805332	-0.020818
631001	632000	631501	348.0	-0.805022	-0.004140
632001	633000	632501	321.0	-0.804712	-0.120654
633001	634000	633501	306.0	-0.804402	-0.189695
634001	635000	634501	252.0	-0.804092	-0.469803
635001	636000	635501	265.0	-0.803782	-0.397235
636001	637000	636501	358.0	-0.803472	0.036733
637001	638000	637501	325.0	-0.803162	-0.102787
638001	639000	638501	313.0	-0.802852	-0.157064
639001	640000	639501	273.0	-0.802542	-0.354326
640001	641000	640501	269.0	-0.802232	-0.375621
641001	642000	641501	282.0	-0.801922	-0.307532
642001	643000	642501	325.0	-0.801612	-0.102787
643001	644000	643501	256.0	-0.801302	-0.447083
644001	645000	644501	325.0	-0.800992	-0.102787
645001	646000	645501	310.0	-0.800682	-0.170959
646001	647000	646501	240.0	-0.800372	-0.540193
647001	648000	647501	259.0	-0.800062	-0.430275
648001	649000	648501	280.0	-0.799752	-0.317800
649001	650000	649501	262.0	-0.799442	-0.413660
650001	651000	650501	323.0	-0.799132	-0.111693
651001	652000	651501	300.0	-0.798822	-0.218265
652001	653000	652501	251.0	-0.798512	-0.475540
653001	654000	653501	298.0	-0.798202	-0.227915
654001	655000	654501	306.0	-0.797892	-0.189695
655001	656000	655501	303.0	-0.797582	-0.203909
656001	657000	656501	247.0	-0.797272	-0.498716
657001	658000	657501	333.0	-0.796962	-0.067705
658001	659000	658501	274.0	-0.796652	-0.349051
659001	660000	659501	241.0	-0.796342	-0.534194
660001	661000	660501	272.0	-0.796032	-0.359620
661001	662000	661501	280.0	-0.795722	-0.317800
662001	663000	662501	265.0	-0.795412	-0.397235
663001	664000	663501	261.0	-0.795102	-0.419177
664001	665000	664501	265.0	-0.794792	-0.397235
665001	666000	665501	314.0	-0.794482	-0.152462
666001	667000	666501	305.0	-0.794172	-0.194418
667001	668000	667501	335.0	-0.793862	-0.059066
668001	669000	668501	388.0	-0.793552	0.152830
669001	670000	669501	331.0	-0.793242	-0.076396
670001	671000	670501	349.0	-0.792932	0.000000
671001	672000	671501	270.0	-0.792622	-0.370268
672001	673000	672501	330.0	-0.792312	-0.080761
673001	674000	673501	274.0	-0.792002	-0.349051
674001	675000	674501	350.0	-0.791692	0.004128
675001	676000	675501	366.0	-0.791383	0.068617
676001	677000	676501	333.0	-0.791073	-0.067705
677001	678000	677501	239.0	-0.790763	-0.546216
678001	679000	678501	244.0	-0.790453	-0.516346
679001	680000	679501	292.0	-0.790143	-0.257259
680001	681000	680501	253.0	-0.789833	-0.464090
681001	682000	681501	323.0	-0.789523	-0.111693
682001	683000	682501	282.0	-0.789213	-0.307532
683001	684000	683501	290.0	-0.788903	-0.267174
684001	685000	684501	400.0	-0.788593	0.196773
685001	686000	685501	391.0	-0.788283	0.163942
686001	687000	686501	358.0	-0.787973	0.036733
687001	688000	687501	300.0	-0.787663	-0.218265
688001	689000	688501	307.0	-0.787353	-0.184988
689001	690000	689501	313.0	-0.787043	-0.157064
690001	691000	690501	288.0	-0.786733	-0.277158
691001	692000	691501	292.0	-0.786423	-0.257259
692001	693000	692501	285.0	-0.786113	-0.292265
693001	694000	693501	392.0	-0.785803	0.167627
694001	695000	694501	358.0	-0.785493	0.036733
695001	696000	695501	286.0	-0.785183	-0.287212
696001	697000	696501	263.0	-0.784873	-0.408164
697001	698000	697501	410.0	-0.784563	0.232397
698001	699000	698501	261.0	-0.784253	-0.419177
699001	700000	699501	265.0	-0.783943	-0.397235
700001	701000	700501	380.0	-0.783633	0.122772
701001	702000	701501	290.0	-0.783323	-0.267174
702001	703000	702501	320.0	-0.783013	-0.125155
703001	704000	703501	357.0	-0.782703	0.032697
704001	705000	704501	412.0	-0.782393	0.239417
705001	706000	705501	396.0	-0.782083	0.182273
706001	707000	706501	339.0	-0.781773	-0.041942
707001	708000	707501	324.0	-0.781463	-0.107233
708001	709000	708501	268.0	-0.781153	-0.380994
709001	710000	709501	275.0	-0.780843	-0.343795
710001	711000	710501	344.0	-0.780533	-0.020818
711001	712000	711501	311.0	-0.780223	-0.166312
712001	713000	712501	355.0	-0.779913	0.024592
713001	714000	713501	303.0	-0.779603	-0.203909
714001	715000	714501	327.0	-0.779293	-0.093936
715001	716000	715501	320.0	-0.778983	-0.125155
716001	717000	716501	357.0	-0.778673	0.032697
717001	718000	717501	463.0	-0.778363	0.407785
718001	719000	718501	418.0	-0.778053	0.260276
719001	720000	719501	381.0	-0.777743	0.126564
720001	721000	720501	332.0	-0.777433	-0.072044
721001	722000	721501	369.0	-0.777123	0.080394
722001	723000	722501	366.0	-0.776813	0.068617
723001	724000	723501	367.0	-0.776503	0.072553
724001	725000	724501	377.0	-0.776193	0.111337
725001	726000	725501	396.0	-0.775883	0.182273
726001	727000	726501	339.0	-0.775573	-0.041942
727001	728000	727501	409.0	-0.775263	0.228874
728001	729000	728501	346.0	-0.774954	-0.012455
729001	730000	729501	317.0	-0.774644	-0.138744
730001	731000	730501	316.0	-0.774334	-0.143302
731001	732000	731501	362.0	-0.774024	0.052763
732001	733000	732501	309.0	-0.773714	-0.175620
733001	734000	733501	364.0	-0.773404	0.060711
734001	735000	734501	413.0	-0.773094	0.242915
735001	736000	735501	422.0	-0.772784	0.274016
736001	737000	736501	411.0	-0.772474	0.235911
737001	738000	737501	403.0	-0.772164	0.207553
738001	739000	738501	411.0	-0.771854	0.235911
739001	740000	739501	378.0	-0.771544	0.115159
740001	741000	740501	398.0	-0.771234	0.189541
741001	742000	741501	372.0	-0.770924	0.092076
742001	743000	742501	281.0	-0.770614	-0.312657
743001	744000	743501	365.0	-0.770304	0.064669
744001	745000	744501	296.0	-0.769994	-0.237630
745001	746000	745501	384.0	-0.769684	0.137879
746001	747000	746501	375.0	-0.769374	0.103664
747001	748000	747501	410.0	-0.769064	0.232397
748001	749000	748501	408.0	-0.768754	0.225342
749001	750000	749501	406.0	-0.768444	0.218253
750001	751000	750501	590.0	-0.768134	0.757488
751001	752000	751501	455.0	-0.767824	0.382640
752001	753000	752501	325.0	-0.767514	-0.102787
753001	754000	753501	408.0	-0.767204	0.225342
754001	755000	754501	461.0	-0.766894	0.401540
755001	756000	755501	343.0	-0.766584	-0.025018
756001	757000	756501	308.0	-0.766274	-0.180297
757001	758000	757501	322.0	-0.765964	-0.116166
758001	759000	758501	341.0	-0.765654	-0.033455
759001	760000	759501	324.0	-0.765344	-0.107233
760001	761000	760501	307.0	-0.765034	-0.184988
761001	762000	761501	381.0	-0.764724	0.126564
762001	763000	762501	404.0	-0.764414	0.211128
763001	764000	763501	328.0	-0.764104	-0.089531
764001	765000	764501	379.0	-0.763794	0.118971
765001	766000	765501	357.0	-0.763484	0.032697
766001	767000	766501	314.0	-0.763174	-0.152462
767001	768000	767501	286.0	-0.762864	-0.287212
768001	769000	768501	313.0	-0.762554	-0.157064
769001	770000	769501	255.0	-0.762244	-0.452730
770001	771000	770501	235.0	-0.761934	-0.570566
771001	772000	771501	267.0	-0.761624	-0.386387
772001	773000	772501	281.0	-0.761314	-0.312657
773001	774000	773501	283.0	-0.761004	-0.302425
774001	775000	774501	255.0	-0.760694	-0.452730
775001	776000	775501	220.0	-0.760384	-0.665724
776001	777000	776501	270.0	-0.760074	-0.370268
777001	778000	777501	312.0	-0.759764	-0.161681
778001	779000	778501	269.0	-0.759454	-0.375621
779001	780000	779501	255.0	-0.759144	-0.452730
780001	781000	780501	260.0	-0.758834	-0.424715
781001	782000	781501	264.0	-0.758524	-0.402689
782001	783000	782501	340.0	-0.758215	-0.037692
783001	784000	783501	288.0	-0.757905	-0.277158
784001	785000	784501	253.0	-0.757595	-0.464090
785001	786000	785501	277.0	-0.757285	-0.333341
786001	787000	786501	269.0	-0.756975	-0.375621
787001	788000	787501	249.0	-0.756665	-0.487081
788001	789000	788501	249.0	-0.756355	-0.487081
789001	790000	789501	247.0	-0.756045	-0.498716
790001	791000	790501	268.0	-0.755735	-0.380994
791001	792000	791501	266.0	-0.755425	-0.391801
792001	793000	792501	257.0	-0.755115	-0.441459
793001	794000	793501	239.0	-0.754805	-0.546216
794001	795000	794501	292.0	-0.754495	-0.257259
795001	796000	795501	259.0	-0.754185	-0.430275
796001	797000	796501	228.0	-0.753875	-0.614193
797001	798000	797501	207.0	-0.753565	-0.753596
798001	799000	798501	253.0	-0.753255	-0.464090
799001	800000	799501	275.0	-0.752945	-0.343795
800001	801000	800501	294.0	-0.752635	-0.247411
801001	802000	801501	241.0	-0.752325	-0.534194
802001	803000	802501	252.0	-0.752015	-0.469803
803001	804000	803501	275.0	-0.751705	-0.343795
804001	805000	804501	274.0	-0.751395	-0.349051
805001	806000	805501	381.0	-0.751085	0.126564
806001	807000	806501	389.0	-0.750775	0.156543
807001	808000	807501	408.0	-0.750465	0.225342
808001	809000	808501	411.0	-0.750155	0.235911
809001	810000	809501	404.0	-0.749845	0.211128
810001	811000	810501	397.0	-0.749535	0.185912
811001	812000	811501	412.0	-0.749225	0.239417
812001	813000	812501	385.0	-0.748915	0.141631
813001	814000	813501	341.0	-0.748605	-0.033455
814001	815000	814501	306.0	-0.748295	-0.189695
815001	816000	815501	279.0	-0.747985	-0.322962
816001	817000	816501	387.0	-0.747675	0.149107
817001	818000	817501	373.0	-0.747365	0.095949
818001	819000	818501	363.0	-0.747055	0.056743
819001	820000	819501	407.0	-0.746745	0.221802
820001	821000	820501	437.0	-0.746435	0.324406
821001	822000	821501	341.0	-0.746125	-0.033455
822001	823000	822501	357.0	-0.745815	0.032697
823001	824000	823501	340.0	-0.745505	-0.037692
824001	825000	824501	370.0	-0.745195	0.084298
825001	826000	825501	364.0	-0.744885	0.060711
826001	827000	826501	370.0	-0.744575	0.084298
827001	828000	827501	343.0	-0.744265	-0.025018
828001	829000	828501	391.0	-0.743955	0.163942
829001	830000	829501	358.0	-0.743645	0.036733
830001	831000	830501	327.0	-0.743335	-0.093936
831001	832000	831501	352.0	-0.743025	0.012348
832001	833000	832501	359.0	-0.742715	0.040757
833001	834000	833501	371.0	-0.742405	0.088192
834001	835000	834501	365.0	-0.742095	0.064669
835001	836000	835501	310.0	-0.741785	-0.170959
836001	837000	836501	343.0	-0.741476	-0.025018
837001	838000	837501	297.0	-0.741166	-0.232764
838001	839000	838501	298.0	-0.740856	-0.227915
839001	840000	839501	359.0	-0.740546	0.040757
840001	841000	840501	366.0	-0.740236	0.068617
841001	842000	841501	337.0	-0.739926	-0.050478
842001	843000	842501	317.0	-0.739616	-0.138744
843001	844000	843501	459.0	-0.739306	0.395267
844001	845000	844501	527.0	-0.738996	0.594576
845001	846000	845501	475.0	-0.738686	0.444700
846001	847000	846501	484.0	-0.738376	0.471780
847001	848000	847501	395.0	-0.738066	0.178626
848001	849000	848501	360.0	-0.737756	0.044770
849001	850000	849501	366.0	-0.737446	0.068617
850001	851000	850501	355.0	-0.737136	0.024592
851001	852000	851501	310.0	-0.736826	-0.170959
852001	853000	852501	406.0	-0.736516	0.218253
853001	854000	853501	416.0	-0.736206	0.253356
854001	855000	854501	329.0	-0.735896	-0.085139
855001	856000	855501	308.0	-0.735586	-0.180297
856001	857000	856501	299.0	-0.735276	-0.223082
857001	858000	857501	317.0	-0.734966	-0.138744
858001	859000	858501	267.0	-0.734656	-0.386387
859001	860000	859501	341.0	-0.734346	-0.033455
860001	861000	860501	360.0	-0.734036	0.044770
861001	862000	861501	390.0	-0.733726	0.160247
862001	863000	862501	417.0	-0.733416	0.256820
863001	864000	863501	378.0	-0.733106	0.115159
864001	865000	864501	412.0	-0.732796	0.239417
865001	866000	865501	317.0	-0.732486	-0.138744
866001	867000	866501	339.0	-0.732176	-0.041942
867001	868000	867501	374.0	-0.731866	0.099811
868001	869000	868501	371.0	-0.731556	0.088192
869001	870000	869501	464.0	-0.731246	0.410898
870001	871000	870501	413.0	-0.730936	0.242915
871001	872000	871501	356.0	-0.730626	0.028650
872001	873000	872501	385.0	-0.730316	0.141631
873001	874000	873501	316.0	-0.730006	-0.143302
874001	875000	874501	326.0	-0.729696	-0.098355
875001	876000	875501	411.0	-0.729386	0.235911
876001	877000	876501	392.0	-0.729076	0.167627
877001	878000	877501	423.0	-0.728766	0.277431
878001	879000	878501	435.0	-0.728456	0.317788
879001	880000	879501	349.0	-0.728146	0.000000
880001	881000	880501	475.0	-0.727836	0.444700
881001	882000	881501	413.0	-0.727526	0.242915
882001	883000	882501	347.0	-0.727216	-0.008291
883001	884000	883501	390.0	-0.726906	0.160247
884001	885000	884501	481.0	-0.726596	0.462810
885001	886000	885501	366.0	-0.726286	0.068617
886001	887000	886501	416.0	-0.725976	0.253356
887001	888000	887501	396.0	-0.725666	0.182273
888001	889000	888501	430.0	-0.725356	0.301110
889001	890000	889501	384.0	-0.725046	0.137879
890001	891000	890501	448.0	-0.724737	0.360272
891001	892000	891501	475.0	-0.724427	0.444700
892001	893000	892501	413.0	-0.724117	0.242915
893001	894000	893501	371.0	-0.723807	0.088192
894001	895000	894501	444.0	-0.723497	0.347333
895001	896000	895501	465.0	-0.723187	0.414004
896001	897000	896501	416.0	-0.722877	0.253356
897001	898000	897501	312.0	-0.722567	-0.161681
898001	899000	898501	386.0	-0.722257	0.145374
899001	900000	899501	335.0	-0.721947	-0.059066
900001	901000	900501	313.0	-0.721637	-0.157064
901001	902000	901501	330.0	-0.721327	-0.080761
902001	903000	902501	408.0	-0.721017	0.225342
903001	904000	903501	462.0	-0.720707	0.404666
904001	905000	904501	432.0	-0.720397	0.307804
905001	906000	905501	371.0	-0.720087	0.088192
906001	907000	906501	315.0	-0.719777	-0.147875
907001	908000	907501	288.0	-0.719467	-0.277158
908001	909000	908501	349.0	-0.719157	0.000000
909001	910000	909501	307.0	-0.718847	-0.184988
910001	911000	910501	302.0	-0.718537	-0.208678
911001	912000	911501	321.0	-0.718227	-0.120654
912001	913000	912501	337.0	-0.717917	-0.050478
913001	914000	913501	322.0	-0.717607	-0.116166
914001	915000	914501	331.0	-0.717297	-0.076396
915001	916000	915501	422.0	-0.716987	0.274016
916001	917000	916501	333.0	-0.716677	-0.067705
917001	918000	917501	374.0	-0.716367	0.099811
918001	919000	918501	393.0	-0.716057	0.171302
919001	920000	919501	267.0	-0.715747	-0.386387
920001	921000	920501	315.0	-0.715437	-0.147875
921001	922000	921501	382.0	-0.715127	0.130346
922001	923000	922501	303.0	-0.714817	-0.203909
923001	924000	923501	322.0	-0.714507	-0.116166
924001	925000	924501	394.0	-0.714197	0.174969
925001	926000	925501	347.0	-0.713887	-0.008291
926001	927000	926501	355.0	-0.713577	0.024592
927001	928000	927501	380.0	-0.713267	0.122772
928001	929000	928501	415.0	-0.712957	0.249884
929001	930000	929501	392.0	-0.712647	0.167627
930001	931000	930501	438.0	-0.712337	0.327704
931001	932000	931501	317.0	-0.712027	-0.138744
932001	933000	932501	358.0	-0.711717	0.036733
933001	934000	933501	314.0	-0.711407	-0.152462
934001	935000	934501	317.0	-0.711097	-0.138744
935001	936000	935501	297.0	-0.710787	-0.232764
936001	937000	936501	319.0	-0.710477	-0.129671
937001	938000	937501	376.0	-0.710167	0.107506
938001	939000	938501	345.0	-0.709857	-0.016631
939001	940000	939501	342.0	-0.709547	-0.029231
940001	941000	940501	349.0	-0.709237	0.000000
941001	942000	941501	328.0	-0.708927	-0.089531
942001	943000	942501	334.0	-0.708617	-0.063379
943001	944000	943501	382.0	-0.708308	0.130346
944001	945000	944501	408.0	-0.707998	0.225342
945001	946000	945501	432.0	-0.707688	0.307804
946001	947000	946501	353.0	-0.707378	0.016441
947001	948000	947501	321.0	-0.707068	-0.120654
948001	949000	948501	356.0	-0.706758	0.028650
949001	950000	949501	374.0	-0.706448	0.099811
950001	951000	950501	429.0	-0.706138	0.297751
951001	952000	951501	373.0	-0.705828	0.095949
952001	953000	952501	343.0	-0.705518	-0.025018
953001	954000	953501	340.0	-0.705208	-0.037692
954001	955000	954501	265.0	-0.704898	-0.397235
955001	956000	955501	253.0	-0.704588	-0.464090
956001	957000	956501	269.0	-0.704278	-0.375621
957001	958000	957501	315.0	-0.703968	-0.147875
958001	959000	958501	354.0	-0.703658	0.020522
959001	960000	959501	353.0	-0.703348	0.016441
960001	961000	960501	366.0	-0.703038	0.068617
961001	962000	961501	333.0	-0.702728	-0.067705
962001	963000	962501	381.0	-0.702418	0.126564
963001	964000	963501	417.0	-0.702108	0.256820
964001	965000	964501	298.0	-0.701798	-0.227915
965001	966000	965501	436.0	-0.701488	0.321101
966001	967000	966501	445.0	-0.701178	0.350578
967001	968000	967501	315.0	-0.700868	-0.147875
968001	969000	968501	320.0	-0.700558	-0.125155
969001	970000	969501	326.0	-0.700248	-0.098355
970001	971000	970501	338.0	-0.699938	-0.046204
971001	972000	971501	337.0	-0.699628	-0.050478
972001	973000	972501	297.0	-0.699318	-0.232764
973001	974000	973501	334.0	-0.699008	-0.063379
974001	975000	974501	321.0	-0.698698	-0.120654
975001	976000	975501	298.0	-0.698388	-0.227915
976001	977000	976501	249.0	-0.698078	-0.487081
977001	978000	977501	222.0	-0.697768	-0.652667
978001	979000	978501	293.0	-0.697458	-0.252326
979001	980000	979501	387.0	-0.697148	0.149107
980001	981000	980501	306.0	-0.696838	-0.189695
981001	982000	981501	320.0	-0.696528	-0.125155
982001	983000	982501	330.0	-0.696218	-0.080761
983001	984000	983501	320.0	-0.695908	-0.125155
984001	985000	984501	328.0	-0.695598	-0.089531
985001	986000	985501	302.0	-0.695288	-0.208678
986001	987000	986501	325.0	-0.694978	-0.102787
987001	988000	987501	322.0	-0.694668	-0.116166
988001	989000	988501	335.0	-0.694358	-0.059066
989001	990000	989501	369.0	-0.694048	0.080394
990001	991000	990501	299.0	-0.693738	-0.223082
991001	992000	991501	376.0	-0.693428	0.107506
992001	993000	992501	383.0	-0.693118	0.134117
993001	994000	993501	330.0	-0.692808	-0.080761
994001	995000	994501	408.0	-0.692498	0.225342
995001	996000	995501	261.0	-0.692188	-0.419177
996001	997000	996501	267.0	-0.691878	-0.386387
997001	998000	997501	290.0	-0.691569	-0.267174
998001	999000	998501	285.0	-0.691259	-0.292265
999001	1000000	999501	362.0	-0.690949	0.052763
1000001	1001000	1000501	319.0	-0.690639	-0.129671
1001001	1002000	1001501	265.0	-0.690329	-0.397235
1002001	1003000	1002501	261.0	-0.690019	-0.419177
1003001	1004000	1003501	385.0	-0.689709	0.141631
1004001	1005000	1004501	366.0	-0.689399	0.068617
1005001	1006000	1005501	315.0	-0.689089	-0.147875
1006001	1007000	1006501	300.0	-0.688779	-0.218265
1007001	1008000	1007501	321.0	-0.688469	-0.120654
1008001	1009000	1008501	272.0	-0.688159	-0.359620
1009001	1010000	1009501	308.0	-0.687849	-0.180297
1010001	1011000	1010501	320.0	-0.687539	-0.125155
1011001	1012000	1011501	336.0	-0.687229	-0.054766
1012001	1013000	1012501	391.0	-0.686919	0.163942
1013001	1014000	1013501	272.0	-0.686609	-0.359620
1014001	1015000	1014501	503.0	-0.686299	0.527331
1015001	1016000	1015501	620.0	-0.685989	0.829041
1016001	1017000	1016501	385.0	-0.685679	0.141631
1017001	1018000	1017501	305.0	-0.685369	-0.194418
1018001	1019000	1018501	336.0	-0.685059	-0.054766
1019001	1020000	1019501	423.0	-0.684749	0.277431
1020001	1021000	1020501	534.0	-0.684439	0.613613
1021001	1022000	1021501	392.0	-0.684129	0.167627
1022001	1023000	1022501	364.0	-0.683819	0.060711
1023001	1024000	1023501	422.0	-0.683509	0.274016
1024001	1025000	1024501	441.0	-0.683199	0.337552
1025001	1026000	1025501	359.0	-0.682889	0.040757
1026001	1027000	1026501	359.0	-0.682579	0.040757
1027001	1028000	1027501	349.0	-0.682269	0.000000
1028001	1029000	1028501	428.0	-0.681959	0.294384
1029001	1030000	1029501	295.0	-0.681649	-0.242512
1030001	1031000	1030501	347.0	-0.681339	-0.008291
1031001	1032000	1031501	351.0	-0.681029	0.008244
1032001	1033000	1032501	359.0	-0.680719	0.040757
1033001	1034000	1033501	295.0	-0.680409	-0.242512
1034001	1035000	1034501	266.0	-0.680099	-0.391801
1035001	1036000	1035501	253.0	-0.679789	-0.464090
1036001	1037000	1036501	278.0	-0.679479	-0.328142
1037001	1038000	1037501	294.0	-0.679169	-0.247411
1038001	1039000	1038501	348.0	-0.678859	-0.004140
1039001	1040000	1039501	344.0	-0.678549	-0.020818
1040001	1041000	1040501	349.0	-0.678239	0.000000
1041001	1042000	1041501	302.0	-0.677929	-0.208678
1042001	1043000	1042501	284.0	-0.677619	-0.297336
1043001	1044000	1043501	278.0	-0.677309	-0.328142
1044001	1045000	1044501	284.0	-0.676999	-0.297336
1045001	1046000	1045501	223.0	-0.676689	-0.646183
1046001	1047000	1046501	304.0	-0.676379	-0.199156
1047001	1048000	1047501	237.0	-0.676069	-0.558340
1048001	1049000	1048501	248.0	-0.675759	-0.492887
1049001	1050000	1049501	219.0	-0.675449	-0.672296
1050001	1051000	1050501	269.0	-0.675139	-0.375621
1051001	1052000	1051501	268.0	-0.674830	-0.380994
1052001	1053000	1052501	220.0	-0.674520	-0.665724
1053001	1054000	1053501	249.0	-0.674210	-0.487081
1054001	1055000	1054501	302.0	-0.673900	-0.208678
1055001	1056000	1055501	270.0	-0.673590	-0.370268
1056001	1057000	1056501	263.0	-0.673280	-0.408164
1057001	1058000	1057501	246.0	-0.672970	-0.504569
1058001	1059000	1058501	266.0	-0.672660	-0.391801
1059001	1060000	1059501	317.0	-0.672350	-0.138744
1060001	1061000	1060501	442.0	-0.672040	0.340819
1061001	1062000	1061501	375.0	-0.671730	0.103664
1062001	1063000	1062501	295.0	-0.671420	-0.242512
1063001	1064000	1063501	309.0	-0.671110	-0.175620
1064001	1065000	1064501	314.0	-0.670800	-0.152462
1065001	1066000	1065501	309.0	-0.670490	-0.175620
1066001	1067000	1066501	272.0	-0.670180	-0.359620
1067001	1068000	1067501	262.0	-0.669870	-0.413660
1068001	1069000	1068501	248.0	-0.669560	-0.492887
1069001	1070000	1069501	258.0	-0.669250	-0.435856
1070001	1071000	1070501	279.0	-0.668940	-0.322962
1071001	1072000	1071501	236.0	-0.668630	-0.564440
1072001	1073000	1072501	291.0	-0.668320	-0.262208
1073001	1074000	1073501	307.0	-0.668010	-0.184988
1074001	1075000	1074501	333.0	-0.667700	-0.067705
1075001	1076000	1075501	345.0	-0.667390	-0.016631
1076001	1077000	1076501	259.0	-0.667080	-0.430275
1077001	1078000	1077501	297.0	-0.666770	-0.232764
1078001	1079000	1078501	312.0	-0.666460	-0.161681
1079001	1080000	1079501	306.0	-0.666150	-0.189695
1080001	1081000	1080501	329.0	-0.665840	-0.085139
1081001	1082000	1081501	362.0	-0.665530	0.052763
1082001	1083000	1082501	358.0	-0.665220	0.036733
1083001	1084000	1083501	331.0	-0.664910	-0.076396
1084001	1085000	1084501	306.0	-0.664600	-0.189695
1085001	1086000	1085501	275.0	-0.664290	-0.343795
1086001	1087000	1086501	243.0	-0.663980	-0.522271
1087001	1088000	1087501	330.0	-0.663670	-0.080761
1088001	1089000	1088501	281.0	-0.663360	-0.312657
1089001	1090000	1089501	236.0	-0.663050	-0.564440
1090001	1091000	1090501	200.0	-0.662740	-0.803227
1091001	1092000	1091501	199.0	-0.662430	-0.810459
1092001	1093000	1092501	261.0	-0.662120	-0.419177
1093001	1094000	1093501	236.0	-0.661810	-0.564440
1094001	1095000	1094501	275.0	-0.661500	-0.343795
1095001	1096000	1095501	297.0	-0.661190	-0.232764
1096001	1097000	1096501	366.0	-0.660880	0.068617
1097001	1098000	1097501	304.0	-0.660570	-0.199156
1098001	1099000	1098501	519.0	-0.660260	0.572508
1099001	1100000	1099501	437.0	-0.659950	0.324406
1100001	1101000	1100501	330.0	-0.659640	-0.080761
1101001	1102000	1101501	378.0	-0.659330	0.115159
1102001	1103000	1102501	353.0	-0.659020	0.016441
1103001	1104000	1103501	418.0	-0.658710	0.260276
1104001	1105000	1104501	290.0	-0.658400	-0.267174
1105001	1106000	1105501	327.0	-0.658091	-0.093936
1106001	1107000	1106501	330.0	-0.657781	-0.080761
1107001	1108000	1107501	289.0	-0.657471	-0.272158
1108001	1109000	1108501	288.0	-0.657161	-0.277158
1109001	1110000	1109501	300.0	-0.656851	-0.218265
1110001	1111000	1110501	244.0	-0.656541	-0.516346
1111001	1112000	1111501	272.0	-0.656231	-0.359620
1112001	1113000	1112501	279.0	-0.655921	-0.322962
1113001	1114000	1113501	302.0	-0.655611	-0.208678
1114001	1115000	1114501	262.0	-0.655301	-0.413660
1115001	1116000	1115501	369.0	-0.654991	0.080394
1116001	1117000	1116501	298.0	-0.654681	-0.227915
1117001	1118000	1117501	312.0	-0.654371	-0.161681
1118001	1119000	1118501	386.0	-0.654061	0.145374
1119001	1120000	1119501	362.0	-0.653751	0.052763
1120001	1121000	1120501	327.0	-0.653441	-0.093936
1121001	1122000	1121501	268.0	-0.653131	-0.380994
1122001	1123000	1122501	264.0	-0.652821	-0.402689
1123001	1124000	1123501	323.0	-0.652511	-0.111693
1124001	1125000	1124501	378.0	-0.652201	0.115159
1125001	1126000	1125501	312.0	-0.651891	-0.161681
1126001	1127000	1126501	341.0	-0.651581	-0.033455
1127001	1128000	1127501	327.0	-0.651271	-0.093936
1128001	1129000	1128501	400.0	-0.650961	0.196773
1129001	1130000	1129501	438.0	-0.650651	0.327704
1130001	1131000	1130501	370.0	-0.650341	0.084298
1131001	1132000	1131501	423.0	-0.650031	0.277431
1132001	1133000	1132501	384.0	-0.649721	0.137879
1133001	1134000	1133501	472.0	-0.649411	0.435560
1134001	1135000	1134501	452.0	-0.649101	0.373096
1135001	1136000	1135501	468.0	-0.648791	0.423281
1136001	1137000	1136501	440.0	-0.648481	0.334276
1137001	1138000	1137501	383.0	-0.648171	0.134117
1138001	1139000	1138501	330.0	-0.647861	-0.080761
1139001	1140000	1139501	415.0	-0.647551	0.249884
1140001	1141000	1140501	327.0	-0.647241	-0.093936
1141001	1142000	1141501	365.0	-0.646931	0.064669
1142001	1143000	1142501	381.0	-0.646621	0.126564
1143001	1144000	1143501	429.0	-0.646311	0.297751
1144001	1145000	1144501	348.0	-0.646001	-0.004140
1145001	1146000	1145501	330.0	-0.645691	-0.080761
1146001	1147000	1146501	316.0	-0.645381	-0.143302
1147001	1148000	1147501	385.0	-0.645071	0.141631
1148001	1149000	1148501	426.0	-0.644761	0.287626
1149001	1150000	1149501	424.0	-0.644451	0.280837
1150001	1151000	1150501	346.0	-0.644141	-0.012455
1151001	1152000	1151501	376.0	-0.643831	0.107506
1152001	1153000	1152501	416.0	-0.643521	0.253356
1153001	1154000	1153501	328.0	-0.643211	-0.089531
1154001	1155000	1154501	429.0	-0.642901	0.297751
1155001	1156000	1155501	435.0	-0.642591	0.317788
1156001	1157000	1156501	440.0	-0.642281	0.334276
1157001	1158000	1157501	453.0	-0.641971	0.376284
1158001	1159000	1158501	415.0	-0.641662	0.249884
1159001	1160000	1159501	351.0	-0.641352	0.008244
1160001	1161000	1160501	365.0	-0.641042	0.064669
1161001	1162000	1161501	428.0	-0.640732	0.294384
1162001	1163000	1162501	411.0	-0.640422	0.235911
1163001	1164000	1163501	363.0	-0.640112	0.056743
1164001	1165000	1164501	340.0	-0.639802	-0.037692
1165001	1166000	1165501	308.0	-0.639492	-0.180297
1166001	1167000	1166501	301.0	-0.639182	-0.213464
1167001	1168000	1167501	253.0	-0.638872	-0.464090
1168001	1169000	1168501	314.0	-0.638562	-0.152462
1169001	1170000	1169501	366.0	-0.638252	0.068617
1170001	1171000	1170501	391.0	-0.637942	0.163942
1171001	1172000	1171501	319.0	-0.637632	-0.129671
1172001	1173000	1172501	259.0	-0.637322	-0.430275
1173001	1174000	1173501	270.0	-0.637012	-0.370268
1174001	1175000	1174501	230.0	-0.636702	-0.601593
1175001	1176000	1175501	347.0	-0.636392	-0.008291
1176001	1177000	1176501	284.0	-0.636082	-0.297336
1177001	1178000	1177501	362.0	-0.635772	0.052763
1178001	1179000	1178501	361.0	-0.635462	0.048772
1179001	1180000	1179501	427.0	-0.635152	0.291009
1180001	1181000	1180501	374.0	-0.634842	0.099811
1181001	1182000	1181501	367.0	-0.634532	0.072553
1182001	1183000	1182501	327.0	-0.634222	-0.093936
1183001	1184000	1183501	326.0	-0.633912	-0.098355
1184001	1185000	1184501	267.0	-0.633602	-0.386387
1185001	1186000	1185501	311.0	-0.633292	-0.166312
1186001	1187000	1186501	268.0	-0.632982	-0.380994
1187001	1188000	1187501	317.0	-0.632672	-0.138744
1188001	1189000	1188501	343.0	-0.632362	-0.025018
1189001	1190000	1189501	343.0	-0.632052	-0.025018
1190001	1191000	1190501	400.0	-0.631742	0.196773
1191001	1192000	1191501	408.0	-0.631432	0.225342
1192001	1193000	1192501	431.0	-0.631122	0.304461
1193001	1194000	1193501	418.0	-0.630812	0.260276
1194001	1195000	1194501	393.0	-0.630502	0.171302
1195001	1196000	1195501	495.0	-0.630192	0.504201
1196001	1197000	1196501	339.0	-0.629882	-0.041942
1197001	1198000	1197501	276.0	-0.629572	-0.338559
1198001	1199000	1198501	270.0	-0.629262	-0.370268
1199001	1200000	1199501	280.0	-0.628952	-0.317800
1200001	1201000	1200501	278.0	-0.628642	-0.328142
1201001	1202000	1201501	208.0	-0.628332	-0.746644
1202001	1203000	1202501	240.0	-0.628022	-0.540193
1203001	1204000	1203501	304.0	-0.627712	-0.199156
1204001	1205000	1204501	445.0	-0.627402	0.350578
1205001	1206000	1205501	389.0	-0.627092	0.156543
1206001	1207000	1206501	430.0	-0.626782	0.301110
1207001	1208000	1207501	384.0	-0.626472	0.137879
1208001	1209000	1208501	378.0	-0.626162	0.115159
1209001	1210000	1209501	379.0	-0.625852	0.118971
1210001	1211000	1210501	342.0	-0.625542	-0.029231
1211001	1212000	1211501	381.0	-0.625232	0.126564
1212001	1213000	1212501	325.0	-0.624923	-0.102787
1213001	1214000	1213501	358.0	-0.624613	0.036733
1214001	1215000	1214501	406.0	-0.624303	0.218253
1215001	1216000	1215501	424.0	-0.623993	0.280837
1216001	1217000	1216501	394.0	-0.623683	0.174969
1217001	1218000	1217501	416.0	-0.623373	0.253356
1218001	1219000	1218501	459.0	-0.623063	0.395267
1219001	1220000	1219501	384.0	-0.622753	0.137879
1220001	1221000	1220501	377.0	-0.622443	0.111337
1221001	1222000	1221501	384.0	-0.622133	0.137879
1222001	1223000	1222501	424.0	-0.621823	0.280837
1223001	1224000	1223501	434.0	-0.621513	0.314468
1224001	1225000	1224501	437.0	-0.621203	0.324406
1225001	1226000	1225501	324.0	-0.620893	-0.107233
1226001	1227000	1226501	337.0	-0.620583	-0.050478
1227001	1228000	1227501	385.0	-0.620273	0.141631
1228001	1229000	1228501	454.0	-0.619963	0.379465
1229001	1230000	1229501	372.0	-0.619653	0.092076
1230001	1231000	1230501	360.0	-0.619343	0.044770
1231001	1232000	1231501	350.0	-0.619033	0.004128
1232001	1233000	1232501	365.0	-0.618723	0.064669
1233001	1234000	1233501	337.0	-0.618413	-0.050478
1234001	1235000	1234501	304.0	-0.618103	-0.199156
1235001	1236000	1235501	297.0	-0.617793	-0.232764
1236001	1237000	1236501	294.0	-0.617483	-0.247411
1237001	1238000	1237501	366.0	-0.617173	0.068617
1238001	1239000	1238501	370.0	-0.616863	0.084298
1239001	1240000	1239501	343.0	-0.616553	-0.025018
1240001	1241000	1240501	322.0	-0.616243	-0.116166
1241001	1242000	1241501	331.0	-0.615933	-0.076396
1242001	1243000	1242501	334.0	-0.615623	-0.063379
1243001	1244000	1243501	440.0	-0.615313	0.334276
1244001	1245000	1244501	533.0	-0.615003	0.610908
1245001	1246000	1245501	410.0	-0.614693	0.232397
1246001	1247000	1246501	357.0	-0.614383	0.032697
1247001	1248000	1247501	338.0	-0.614073	-0.046204
1248001	1249000	1248501	370.0	-0.613763	0.084298
1249001	1250000	1249501	543.0	-0.613453	0.637725
1250001	1251000	1250501	480.0	-0.613143	0.459807
1251001	1252000	1251501	431.0	-0.612833	0.304461
1252001	1253000	1252501	523.0	-0.612523	0.583584
1253001	1254000	1253501	605.0	-0.612213	0.793708
1254001	1255000	1254501	404.0	-0.611903	0.211128
1255001	1256000	1255501	478.0	-0.611593	0.453784
1256001	1257000	1256501	452.0	-0.611283	0.373096
1257001	1258000	1257501	428.0	-0.610973	0.294384
1258001	1259000	1258501	366.0	-0.610663	0.068617
1259001	1260000	1259501	461.0	-0.610353	0.401540
1260001	1261000	1260501	425.0	-0.610043	0.284236
1261001	1262000	1261501	409.0	-0.609733	0.228874
1262001	1263000	1262501	287.0	-0.609423	-0.282176
1263001	1264000	1263501	237.0	-0.609113	-0.558340
1264001	1265000	1264501	280.0	-0.608803	-0.317800
1265001	1266000	1265501	284.0	-0.608493	-0.297336
1266001	1267000	1266501	249.0	-0.608184	-0.487081
1267001	1268000	1267501	256.0	-0.607874	-0.447083
1268001	1269000	1268501	215.0	-0.607564	-0.698890
1269001	1270000	1269501	221.0	-0.607254	-0.659181
1270001	1271000	1270501	214.0	-0.606944	-0.705616
1271001	1272000	1271501	203.0	-0.606634	-0.781747
1272001	1273000	1272501	251.0	-0.606324	-0.475540
1273001	1274000	1273501	284.0	-0.606014	-0.297336
1274001	1275000	1274501	397.0	-0.605704	0.185912
1275001	1276000	1275501	234.0	-0.605394	-0.576719
1276001	1277000	1276501	286.0	-0.605084	-0.287212
1277001	1278000	1277501	284.0	-0.604774	-0.297336
1278001	1279000	1278501	314.0	-0.604464	-0.152462
1279001	1280000	1279501	388.0	-0.604154	0.152830
1280001	1281000	1280501	410.0	-0.603844	0.232397
1281001	1282000	1281501	316.0	-0.603534	-0.143302
1282001	1283000	1282501	363.0	-0.603224	0.056743
1283001	1284000	1283501	320.0	-0.602914	-0.125155
1284001	1285000	1284501	400.0	-0.602604	0.196773
1285001	1286000	1285501	313.0	-0.602294	-0.157064
1286001	1287000	1286501	300.0	-0.601984	-0.218265
1287001	1288000	1287501	333.0	-0.601674	-0.067705
1288001	1289000	1288501	337.0	-0.601364	-0.050478
1289001	1290000	1289501	356.0	-0.601054	0.028650
1290001	1291000	1290501	329.0	-0.600744	-0.085139
1291001	1292000	1291501	301.0	-0.600434	-0.213464
1292001	1293000	1292501	362.0	-0.600124	0.052763
1293001	1294000	1293501	364.0	-0.599814	0.060711
1294001	1295000	1294501	368.0	-0.599504	0.076479
1295001	1296000	1295501	317.0	-0.599194	-0.138744
1296001	1297000	1296501	293.0	-0.598884	-0.252326
1297001	1298000	1297501	327.0	-0.598574	-0.093936
1298001	1299000	1298501	311.0	-0.598264	-0.166312
1299001	1300000	1299501	346.0	-0.597954	-0.012455
1300001	1301000	1300501	363.0	-0.597644	0.056743
1301001	1302000	1301501	264.0	-0.597334	-0.402689
1302001	1303000	1302501	360.0	-0.597024	0.044770
1303001	1304000	1303501	353.0	-0.596714	0.016441
1304001	1305000	1304501	310.0	-0.596404	-0.170959
1305001	1306000	1305501	361.0	-0.596094	0.048772
1306001	1307000	1306501	398.0	-0.595784	0.189541
1307001	1308000	1307501	278.0	-0.595474	-0.328142
1308001	1309000	1308501	309.0	-0.595164	-0.175620
1309001	1310000	1309501	444.0	-0.594854	0.347333
1310001	1311000	1310501	377.0	-0.594544	0.111337
1311001	1312000	1311501	323.0	-0.594234	-0.111693
1312001	1313000	1312501	340.0	-0.593924	-0.037692
1313001	1314000	1313501	362.0	-0.593614	0.052763
1314001	1315000	1314501	357.0	-0.593304	0.032697
1315001	1316000	1315501	291.0	-0.592994	-0.262208
1316001	1317000	1316501	307.0	-0.592684	-0.184988
1317001	1318000	1317501	404.0	-0.592374	0.211128
1318001	1319000	1318501	383.0	-0.592064	0.134117
1319001	1320000	1319501	314.0	-0.591754	-0.152462
1320001	1321000	1320501	353.0	-0.591445	0.016441
1321001	1322000	1321501	327.0	-0.591135	-0.093936
1322001	1323000	1322501	331.0	-0.590825	-0.076396
1323001	1324000	1323501	394.0	-0.590515	0.174969
1324001	1325000	1324501	333.0	-0.590205	-0.067705
1325001	1326000	1325501	332.0	-0.589895	-0.072044
1326001	1327000	1326501	292.0	-0.589585	-0.257259
1327001	1328000	1327501	305.0	-0.589275	-0.194418
1328001	1329000	1328501	273.0	-0.588965	-0.354326
1329001	1330000	1329501	289.0	-0.588655	-0.272158
1330001	1331000	1330501	267.0	-0.588345	-0.386387
1331001	1332000	1331501	293.0	-0.588035	-0.252326
1332001	1333000	1332501	277.0	-0.587725	-0.333341
1333001	1334000	1333501	269.0	-0.587415	-0.375621
1334001	1335000	1334501	221.0	-0.587105	-0.659181
1335001	1336000	1335501	248.0	-0.586795	-0.492887
1336001	1337000	1336501	288.0	-0.586485	-0.277158
1337001	1338000	1337501	301.0	-0.586175	-0.213464
1338001	1339000	1338501	413.0	-0.585865	0.242915
1339001	1340000	1339501	306.0	-0.585555	-0.189695
1340001	1341000	1340501	246.0	-0.585245	-0.504569
1341001	1342000	1341501	293.0	-0.584935	-0.252326
1342001	1343000	1342501	258.0	-0.584625	-0.435856
1343001	1344000	1343501	318.0	-0.584315	-0.134200
1344001	1345000	1344501	361.0	-0.584005	0.048772
1345001	1346000	1345501	403.0	-0.583695	0.207553
1346001	1347000	1346501	364.0	-0.583385	0.060711
1347001	1348000	1347501	395.0	-0.583075	0.178626
1348001	1349000	1348501	332.0	-0.582765	-0.072044
1349001	1350000	1349501	368.0	-0.582455	0.076479
1350001	1351000	1350501	280.0	-0.582145	-0.317800
1351001	1352000	1351501	259.0	-0.581835	-0.430275
1352001	1353000	1352501	292.0	-0.581525	-0.257259
1353001	1354000	1353501	287.0	-0.581215	-0.282176
1354001	1355000	1354501	277.0	-0.580905	-0.333341
1355001	1356000	1355501	276.0	-0.580595	-0.338559
1356001	1357000	1356501	236.0	-0.580285	-0.564440
1357001	1358000	1357501	297.0	-0.579975	-0.232764
1358001	1359000	1358501	297.0	-0.579665	-0.232764
1359001	1360000	1359501	315.0	-0.579355	-0.147875
1360001	1361000	1360501	235.0	-0.579045	-0.570566
1361001	1362000	1361501	274.0	-0.578735	-0.349051
1362001	1363000	1362501	317.0	-0.578425	-0.138744
1363001	1364000	1363501	308.0	-0.578115	-0.180297
1364001	1365000	1364501	293.0	-0.577805	-0.252326
1365001	1366000	1365501	260.0	-0.577495	-0.424715
1366001	1367000	1366501	332.0	-0.577185	-0.072044
1367001	1368000	1367501	280.0	-0.576875	-0.317800
1368001	1369000	1368501	286.0	-0.576565	-0.287212
1369001	1370000	1369501	348.0	-0.576255	-0.004140
1370001	1371000	1370501	372.0	-0.575945	0.092076
1371001	1372000	1371501	288.0	-0.575635	-0.277158
1372001	1373000	1372501	377.0	-0.575325	0.111337
1373001	1374000	1373501	380.0	-0.575015	0.122772
1374001	1375000	1374501	373.0	-0.574706	0.095949
1375001	1376000	1375501	424.0	-0.574396	0.280837
1376001	1377000	1376501	422.0	-0.574086	0.274016
1377001	1378000	1377501	323.0	-0.573776	-0.111693
1378001	1379000	1378501	332.0	-0.573466	-0.072044
1379001	1380000	1379501	406.0	-0.573156	0.218253
1380001	1381000	1380501	343.0	-0.572846	-0.025018
1381001	1382000	1381501	461.0	-0.572536	0.401540
1382001	1383000	1382501	348.0	-0.572226	-0.004140
1383001	1384000	1383501	291.0	-0.571916	-0.262208
1384001	1385000	1384501	272.0	-0.571606	-0.359620
1385001	1386000	1385501	335.0	-0.571296	-0.059066
1386001	1387000	1386501	353.0	-0.570986	0.016441
1387001	1388000	1387501	307.0	-0.570676	-0.184988
1388001	1389000	1388501	287.0	-0.570366	-0.282176
1389001	1390000	1389501	275.0	-0.570056	-0.343795
1390001	1391000	1390501	306.0	-0.569746	-0.189695
1391001	1392000	1391501	247.0	-0.569436	-0.498716
1392001	1393000	1392501	272.0	-0.569126	-0.359620
1393001	1394000	1393501	272.0	-0.568816	-0.359620
1394001	1395000	1394501	300.0	-0.568506	-0.218265
1395001	1396000	1395501	366.0	-0.568196	0.068617
1396001	1397000	1396501	249.0	-0.567886	-0.487081
1397001	1398000	1397501	251.0	-0.567576	-0.475540
1398001	1399000	1398501	248.0	-0.567266	-0.492887
1399001	1400000	1399501	201.0	-0.566956	-0.796032
1400001	1401000	1400501	277.0	-0.566646	-0.333341
1401001	1402000	1401501	247.0	-0.566336	-0.498716
1402001	1403000	1402501	316.0	-0.566026	-0.143302
1403001	1404000	1403501	317.0	-0.565716	-0.138744
1404001	1405000	1404501	316.0	-0.565406	-0.143302
1405001	1406000	1405501	284.0	-0.565096	-0.297336
1406001	1407000	1406501	262.0	-0.564786	-0.413660
1407001	1408000	1407501	292.0	-0.564476	-0.257259
1408001	1409000	1408501	276.0	-0.564166	-0.338559
1409001	1410000	1409501	265.0	-0.563856	-0.397235
1410001	1411000	1410501	264.0	-0.563546	-0.402689
1411001	1412000	1411501	275.0	-0.563236	-0.343795
1412001	1413000	1412501	318.0	-0.562926	-0.134200
1413001	1414000	1413501	277.0	-0.562616	-0.333341
1414001	1415000	1414501	198.0	-0.562306	-0.817727
1415001	1416000	1415501	269.0	-0.561996	-0.375621
1416001	1417000	1416501	295.0	-0.561686	-0.242512
1417001	1418000	1417501	244.0	-0.561376	-0.516346
1418001	1419000	1418501	367.0	-0.561066	0.072553
1419001	1420000	1419501	317.0	-0.560756	-0.138744
1420001	1421000	1420501	224.0	-0.560446	-0.639728
1421001	1422000	1421501	291.0	-0.560136	-0.262208
1422001	1423000	1422501	350.0	-0.559826	0.004128
1423001	1424000	1423501	344.0	-0.559516	-0.020818
1424001	1425000	1424501	314.0	-0.559206	-0.152462
1425001	1426000	1425501	304.0	-0.558896	-0.199156
1426001	1427000	1426501	311.0	-0.558586	-0.166312
1427001	1428000	1427501	353.0	-0.558277	0.016441
1428001	1429000	1428501	317.0	-0.557967	-0.138744
1429001	1430000	1429501	317.0	-0.557657	-0.138744
1430001	1431000	1430501	357.0	-0.557347	0.032697
1431001	1432000	1431501	314.0	-0.557037	-0.152462
1432001	1433000	1432501	411.0	-0.556727	0.235911
1433001	1434000	1433501	446.0	-0.556417	0.353817
1434001	1435000	1434501	385.0	-0.556107	0.141631
1435001	1436000	1435501	378.0	-0.555797	0.115159
1436001	1437000	1436501	382.0	-0.555487	0.130346
1437001	1438000	1437501	257.0	-0.555177	-0.441459
1438001	1439000	1438501	318.0	-0.554867	-0.134200
1439001	1440000	1439501	318.0	-0.554557	-0.134200
1440001	1441000	1440501	307.0	-0.554247	-0.184988
1441001	1442000	1441501	323.0	-0.553937	-0.111693
1442001	1443000	1442501	362.0	-0.553627	0.052763
1443001	1444000	1443501	363.0	-0.553317	0.056743
1444001	1445000	1444501	381.0	-0.553007	0.126564
1445001	1446000	1445501	405.0	-0.552697	0.214695
1446001	1447000	1446501	271.0	-0.552387	-0.364934
1447001	1448000	1447501	319.0	-0.552077	-0.129671
1448001	1449000	1448501	348.0	-0.551767	-0.004140
1449001	1450000	1449501	442.0	-0.551457	0.340819
1450001	1451000	1450501	513.0	-0.551147	0.555732
1451001	1452000	1451501	446.0	-0.550837	0.353817
1452001	1453000	1452501	348.0	-0.550527	-0.004140
1453001	1454000	1453501	316.0	-0.550217	-0.143302
1454001	1455000	1454501	351.0	-0.549907	0.008244
1455001	1456000	1455501	307.0	-0.549597	-0.184988
1456001	1457000	1456501	324.0	-0.549287	-0.107233
1457001	1458000	1457501	268.0	-0.548977	-0.380994
1458001	1459000	1458501	226.0	-0.548667	-0.626904
1459001	1460000	1459501	326.0	-0.548357	-0.098355
1460001	1461000	1460501	350.0	-0.548047	0.004128
1461001	1462000	1461501	293.0	-0.547737	-0.252326
1462001	1463000	1462501	384.0	-0.547427	0.137879
1463001	1464000	1463501	241.0	-0.547117	-0.534194
1464001	1465000	1464501	401.0	-0.546807	0.200375
1465001	1466000	1465501	411.0	-0.546497	0.235911
1466001	1467000	1466501	396.0	-0.546187	0.182273
1467001	1468000	1467501	379.0	-0.545877	0.118971
1468001	1469000	1468501	332.0	-0.545567	-0.072044
1469001	1470000	1469501	289.0	-0.545257	-0.272158
1470001	1471000	1470501	313.0	-0.544947	-0.157064
1471001	1472000	1471501	342.0	-0.544637	-0.029231
1472001	1473000	1472501	378.0	-0.544327	0.115159
1473001	1474000	1473501	357.0	-0.544017	0.032697
1474001	1475000	1474501	430.0	-0.543707	0.301110
1475001	1476000	1475501	305.0	-0.543397	-0.194418
1476001	1477000	1476501	395.0	-0.543087	0.178626
1477001	1478000	1477501	327.0	-0.542777	-0.093936
1478001	1479000	1478501	318.0	-0.542467	-0.134200
1479001	1480000	1479501	312.0	-0.542157	-0.161681
1480001	1481000	1480501	333.0	-0.541847	-0.067705
1481001	1482000	1481501	377.0	-0.541538	0.111337
1482001	1483000	1482501	386.0	-0.541228	0.145374
1483001	1484000	1483501	355.0	-0.540918	0.024592
1484001	1485000	1484501	322.0	-0.540608	-0.116166
1485001	1486000	1485501	362.0	-0.540298	0.052763
1486001	1487000	1486501	315.0	-0.539988	-0.147875
1487001	1488000	1487501	339.0	-0.539678	-0.041942
1488001	1489000	1488501	364.0	-0.539368	0.060711
1489001	1490000	1489501	381.0	-0.539058	0.126564
1490001	1491000	1490501	359.0	-0.538748	0.040757
1491001	1492000	1491501	351.0	-0.538438	0.008244
1492001	1493000	1492501	384.0	-0.538128	0.137879
1493001	1494000	1493501	448.0	-0.537818	0.360272
1494001	1495000	1494501	358.0	-0.537508	0.036733
1495001	1496000	1495501	395.0	-0.537198	0.178626
1496001	1497000	1496501	389.0	-0.536888	0.156543
1497001	1498000	1497501	386.0	-0.536578	0.145374
1498001	1499000	1498501	348.0	-0.536268	-0.004140
1499001	1500000	1499501	359.0	-0.535958	0.040757
1500001	1501000	1500501	318.0	-0.535648	-0.134200
1501001	1502000	1501501	268.0	-0.535338	-0.380994
1502001	1503000	1502501	348.0	-0.535028	-0.004140
1503001	1504000	1503501	307.0	-0.534718	-0.184988
1504001	1505000	1504501	328.0	-0.534408	-0.089531
1505001	1506000	1505501	348.0	-0.534098	-0.004140
1506001	1507000	1506501	350.0	-0.533788	0.004128
1507001	1508000	1507501	474.0	-0.533478	0.441660
1508001	1509000	1508501	393.0	-0.533168	0.171302
1509001	1510000	1509501	341.0	-0.532858	-0.033455
1510001	1511000	1510501	349.0	-0.532548	0.000000
1511001	1512000	1511501	235.0	-0.532238	-0.570566
1512001	1513000	1512501	314.0	-0.531928	-0.152462
1513001	1514000	1513501	369.0	-0.531618	0.080394
1514001	1515000	1514501	249.0	-0.531308	-0.487081
1515001	1516000	1515501	322.0	-0.530998	-0.116166
1516001	1517000	1516501	310.0	-0.530688	-0.170959
1517001	1518000	1517501	278.0	-0.530378	-0.328142
1518001	1519000	1518501	284.0	-0.530068	-0.297336
1519001	1520000	1519501	294.0	-0.529758	-0.247411
1520001	1521000	1520501	279.0	-0.529448	-0.322962
1521001	1522000	1521501	237.0	-0.529138	-0.558340
1522001	1523000	1522501	238.0	-0.528828	-0.552265
1523001	1524000	1523501	242.0	-0.528518	-0.528220
1524001	1525000	1524501	323.0	-0.528208	-0.111693
1525001	1526000	1525501	282.0	-0.527898	-0.307532
1526001	1527000	1526501	309.0	-0.527588	-0.175620
1527001	1528000	1527501	352.0	-0.527278	0.012348
1528001	1529000	1528501	356.0	-0.526968	0.028650
1529001	1530000	1529501	348.0	-0.526658	-0.004140
1530001	1531000	1530501	239.0	-0.526348	-0.546216
1531001	1532000	1531501	265.0	-0.526038	-0.397235
1532001	1533000	1532501	238.0	-0.525728	-0.552265
1533001	1534000	1533501	237.0	-0.525418	-0.558340
1534001	1535000	1534501	304.0	-0.525108	-0.199156
1535001	1536000	1535501	344.0	-0.524799	-0.020818
1536001	1537000	1536501	321.0	-0.524489	-0.120654
1537001	1538000	1537501	337.0	-0.524179	-0.050478
1538001	1539000	1538501	338.0	-0.523869	-0.046204
1539001	1540000	1539501	291.0	-0.523559	-0.262208
1540001	1541000	1540501	311.0	-0.523249	-0.166312
1541001	1542000	1541501	358.0	-0.522939	0.036733
1542001	1543000	1542501	438.0	-0.522629	0.327704
1543001	1544000	1543501	475.0	-0.522319	0.444700
1544001	1545000	1544501	374.0	-0.522009	0.099811
1545001	1546000	1545501	305.0	-0.521699	-0.194418
1546001	1547000	1546501	252.0	-0.521389	-0.469803
1547001	1548000	1547501	254.0	-0.521079	-0.458399
1548001	1549000	1548501	287.0	-0.520769	-0.282176
1549001	1550000	1549501	290.0	-0.520459	-0.267174
1550001	1551000	1550501	334.0	-0.520149	-0.063379
1551001	1552000	1551501	345.0	-0.519839	-0.016631
1552001	1553000	1552501	313.0	-0.519529	-0.157064
1553001	1554000	1553501	295.0	-0.519219	-0.242512
1554001	1555000	1554501	300.0	-0.518909	-0.218265
1555001	1556000	1555501	324.0	-0.518599	-0.107233
1556001	1557000	1556501	466.0	-0.518289	0.417103
1557001	1558000	1557501	455.0	-0.517979	0.382640
1558001	1559000	1558501	490.0	-0.517669	0.489555
1559001	1560000	1559501	504.0	-0.517359	0.530197
1560001	1561000	1560501	444.0	-0.517049	0.347333
1561001	1562000	1561501	471.0	-0.516739	0.432500
1562001	1563000	1562501	430.0	-0.516429	0.301110
1563001	1564000	1563501	341.0	-0.516119	-0.033455
1564001	1565000	1564501	363.0	-0.515809	0.056743
1565001	1566000	1565501	343.0	-0.515499	-0.025018
1566001	1567000	1566501	366.0	-0.515189	0.068617
1567001	1568000	1567501	365.0	-0.514879	0.064669
1568001	1569000	1568501	380.0	-0.514569	0.122772
1569001	1570000	1569501	401.0	-0.514259	0.200375
1570001	1571000	1570501	378.0	-0.513949	0.115159
1571001	1572000	1571501	314.0	-0.513639	-0.152462
1572001	1573000	1572501	307.0	-0.513329	-0.184988
1573001	1574000	1573501	275.0	-0.513019	-0.343795
1574001	1575000	1574501	309.0	-0.512709	-0.175620
1575001	1576000	1575501	273.0	-0.512399	-0.354326
1576001	1577000	1576501	346.0	-0.512089	-0.012455
1577001	1578000	1577501	346.0	-0.511779	-0.012455
1578001	1579000	1578501	329.0	-0.511469	-0.085139
1579001	1580000	1579501	301.0	-0.511159	-0.213464
1580001	1581000	1580501	303.0	-0.510849	-0.203909
1581001	1582000	1581501	332.0	-0.510539	-0.072044
1582001	1583000	1582501	358.0	-0.510229	0.036733
1583001	1584000	1583501	303.0	-0.509919	-0.203909
1584001	1585000	1584501	369.0	-0.509609	0.080394
1585001	1586000	1585501	394.0	-0.509299	0.174969
1586001	1587000	1586501	325.0	-0.508989	-0.102787
1587001	1588000	1587501	348.0	-0.508679	-0.004140
1588001	1589000	1588501	334.0	-0.508369	-0.063379
1589001	1590000	1589501	338.0	-0.508060	-0.046204
1590001	1591000	1590501	395.0	-0.507750	0.178626
1591001	1592000	1591501	342.0	-0.507440	-0.029231
1592001	1593000	1592501	380.0	-0.507130	0.122772
1593001	1594000	1593501	357.0	-0.506820	0.032697
1594001	1595000	1594501	521.0	-0.506510	0.578056
1595001	1596000	1595501	403.0	-0.506200	0.207553
1596001	1597000	1596501	322.0	-0.505890	-0.116166
1597001	1598000	1597501	368.0	-0.505580	0.076479
1598001	1599000	1598501	392.0	-0.505270	0.167627
1599001	1600000	1599501	424.0	-0.504960	0.280837
1600001	1601000	1600501	382.0	-0.504650	0.130346
1601001	1602000	1601501	412.0	-0.504340	0.239417
1602001	1603000	1602501	424.0	-0.504030	0.280837
1603001	1604000	1603501	497.0	-0.503720	0.510019
1604001	1605000	1604501	633.0	-0.503410	0.858978
1605001	1606000	1605501	455.0	-0.503100	0.382640
1606001	1607000	1606501	339.0	-0.502790	-0.041942
1607001	1608000	1607501	440.0	-0.502480	0.334276
1608001	1609000	1608501	365.0	-0.502170	0.064669
1609001	1610000	1609501	352.0	-0.501860	0.012348
1610001	1611000	1610501	394.0	-0.501550	0.174969
1611001	1612000	1611501	388.0	-0.501240	0.152830
1612001	1613000	1612501	393.0	-0.500930	0.171302
1613001	1614000	1613501	491.0	-0.500620	0.492496
1614001	1615000	1614501	335.0	-0.500310	-0.059066
1615001	1616000	1615501	349.0	-0.500000	0.000000
1616001	1617000	1616501	378.0	-0.499690	0.115159
1617001	1618000	1617501	391.0	-0.499380	0.163942
1618001	1619000	1618501	309.0	-0.499070	-0.175620
1619001	1620000	1619501	347.0	-0.498760	-0.008291
1620001	1621000	1620501	328.0	-0.498450	-0.089531
1621001	1622000	1621501	395.0	-0.498140	0.178626
1622001	1623000	1622501	349.0	-0.497830	0.000000
1623001	1624000	1623501	337.0	-0.497520	-0.050478
1624001	1625000	1624501	379.0	-0.497210	0.118971
1625001	1626000	1625501	374.0	-0.496900	0.099811
1626001	1627000	1626501	312.0	-0.496590	-0.161681
1627001	1628000	1627501	307.0	-0.496280	-0.184988
1628001	1629000	1628501	392.0	-0.495970	0.167627
1629001	1630000	1629501	313.0	-0.495660	-0.157064
1630001	1631000	1630501	377.0	-0.495350	0.111337
1631001	1632000	1631501	308.0	-0.495040	-0.180297
1632001	1633000	1632501	273.0	-0.494730	-0.354326
1633001	1634000	1633501	346.0	-0.494420	-0.012455
1634001	1635000	1634501	304.0	-0.494110	-0.199156
1635001	1636000	1635501	318.0	-0.493800	-0.134200
1636001	1637000	1636501	309.0	-0.493490	-0.175620
1637001	1638000	1637501	299.0	-0.493180	-0.223082
1638001	1639000	1638501	373.0	-0.492870	0.095949
1639001	1640000	1639501	354.0	-0.492560	0.020522
1640001	1641000	1640501	292.0	-0.492250	-0.257259
1641001	1642000	1641501	346.0	-0.491940	-0.012455
1642001	1643000	1642501	321.0	-0.491631	-0.120654
1643001	1644000	1643501	339.0	-0.491321	-0.041942
1644001	1645000	1644501	387.0	-0.491011	0.149107
1645001	1646000	1645501	379.0	-0.490701	0.118971
1646001	1647000	1646501	387.0	-0.490391	0.149107
1647001	1648000	1647501	453.0	-0.490081	0.376284
1648001	1649000	1648501	386.0	-0.489771	0.145374
1649001	1650000	1649501	442.0	-0.489461	0.340819
1650001	1651000	1650501	448.0	-0.489151	0.360272
1651001	1652000	1651501	377.0	-0.488841	0.111337
1652001	1653000	1652501	387.0	-0.488531	0.149107
1653001	1654000	1653501	496.0	-0.488221	0.507113
1654001	1655000	1654501	367.0	-0.487911	0.072553
1655001	1656000	1655501	343.0	-0.487601	-0.025018
1656001	1657000	1656501	319.0	-0.487291	-0.129671
1657001	1658000	1657501	362.0	-0.486981	0.052763
1658001	1659000	1658501	393.0	-0.486671	0.171302
1659001	1660000	1659501	365.0	-0.486361	0.064669
1660001	1661000	1660501	391.0	-0.486051	0.163942
1661001	1662000	1661501	390.0	-0.485741	0.160247
1662001	1663000	1662501	435.0	-0.485431	0.317788
1663001	1664000	1663501	347.0	-0.485121	-0.008291
1664001	1665000	1664501	354.0	-0.484811	0.020522
1665001	1666000	1665501	355.0	-0.484501	0.024592
1666001	1667000	1666501	376.0	-0.484191	0.107506
1667001	1668000	1667501	374.0	-0.483881	0.099811
1668001	1669000	1668501	388.0	-0.483571	0.152830
1669001	1670000	1669501	344.0	-0.483261	-0.020818
1670001	1671000	1670501	298.0	-0.482951	-0.227915
1671001	1672000	1671501	346.0	-0.482641	-0.012455
1672001	1673000	1672501	316.0	-0.482331	-0.143302
1673001	1674000	1673501	312.0	-0.482021	-0.161681
1674001	1675000	1674501	295.0	-0.481711	-0.242512
1675001	1676000	1675501	289.0	-0.481401	-0.272158
1676001	1677000	1676501	313.0	-0.481091	-0.157064
1677001	1678000	1677501	285.0	-0.480781	-0.292265
1678001	1679000	1678501	319.0	-0.480471	-0.129671
1679001	1680000	1679501	332.0	-0.480161	-0.072044
1680001	1681000	1680501	347.0	-0.479851	-0.008291
1681001	1682000	1681501	359.0	-0.479541	0.040757
1682001	1683000	1682501	343.0	-0.479231	-0.025018
1683001	1684000	1683501	296.0	-0.478921	-0.237630
1684001	1685000	1684501	296.0	-0.478611	-0.237630
1685001	1686000	1685501	332.0	-0.478301	-0.072044
1686001	1687000	1686501	389.0	-0.477991	0.156543
1687001	1688000	1687501	292.0	-0.477681	-0.257259
1688001	1689000	1688501	348.0	-0.477371	-0.004140
1689001	1690000	1689501	407.0	-0.477061	0.221802
1690001	1691000	1690501	372.0	-0.476751	0.092076
1691001	1692000	1691501	413.0	-0.476441	0.242915
1692001	1693000	1692501	347.0	-0.476131	-0.008291
1693001	1694000	1693501	383.0	-0.475821	0.134117
1694001	1695000	1694501	395.0	-0.475511	0.178626
1695001	1696000	1695501	400.0	-0.475201	0.196773
1696001	1697000	1696501	404.0	-0.474892	0.211128
1697001	1698000	1697501	382.0	-0.474582	0.130346
1698001	1699000	1698501	323.0	-0.474272	-0.111693
1699001	1700000	1699501	417.0	-0.473962	0.256820
1700001	1701000	1700501	483.0	-0.473652	0.468796
1701001	1702000	1701501	360.0	-0.473342	0.044770
1702001	1703000	1702501	317.0	-0.473032	-0.138744
1703001	1704000	1703501	316.0	-0.472722	-0.143302
1704001	1705000	1704501	368.0	-0.472412	0.076479
1705001	1706000	1705501	344.0	-0.472102	-0.020818
1706001	1707000	1706501	373.0	-0.471792	0.095949
1707001	1708000	1707501	335.0	-0.471482	-0.059066
1708001	1709000	1708501	315.0	-0.471172	-0.147875
1709001	1710000	1709501	383.0	-0.470862	0.134117
1710001	1711000	1710501	390.0	-0.470552	0.160247
1711001	1712000	1711501	397.0	-0.470242	0.185912
1712001	1713000	1712501	379.0	-0.469932	0.118971
1713001	1714000	1713501	362.0	-0.469622	0.052763
1714001	1715000	1714501	402.0	-0.469312	0.203968
1715001	1716000	1715501	456.0	-0.469002	0.385807
1716001	1717000	1716501	411.0	-0.468692	0.235911
1717001	1718000	1717501	397.0	-0.468382	0.185912
1718001	1719000	1718501	353.0	-0.468072	0.016441
1719001	1720000	1719501	341.0	-0.467762	-0.033455
1720001	1721000	1720501	295.0	-0.467452	-0.242512
1721001	1722000	1721501	363.0	-0.467142	0.056743
1722001	1723000	1722501	345.0	-0.466832	-0.016631
1723001	1724000	1723501	383.0	-0.466522	0.134117
1724001	1725000	1724501	409.0	-0.466212	0.228874
1725001	1726000	1725501	340.0	-0.465902	-0.037692
1726001	1727000	1726501	330.0	-0.465592	-0.080761
1727001	1728000	1727501	363.0	-0.465282	0.056743
1728001	1729000	1728501	367.0	-0.464972	0.072553
1729001	1730000	1729501	403.0	-0.464662	0.207553
1730001	1731000	1730501	423.0	-0.464352	0.277431
1731001	1732000	1731501	449.0	-0.464042	0.363488
1732001	1733000	1732501	377.0	-0.463732	0.111337
1733001	1734000	1733501	513.0	-0.463422	0.555732
1734001	1735000	1734501	366.0	-0.463112	0.068617
1735001	1736000	1735501	399.0	-0.462802	0.193162
1736001	1737000	1736501	370.0	-0.462492	0.084298
1737001	1738000	1737501	362.0	-0.462182	0.052763
1738001	1739000	1738501	333.0	-0.461872	-0.067705
1739001	1740000	1739501	348.0	-0.461562	-0.004140
1740001	1741000	1740501	326.0	-0.461252	-0.098355
1741001	1742000	1741501	328.0	-0.460942	-0.089531
1742001	1743000	1742501	398.0	-0.460632	0.189541
1743001	1744000	1743501	392.0	-0.460322	0.167627
1744001	1745000	1744501	449.0	-0.460012	0.363488
1745001	1746000	1745501	315.0	-0.459702	-0.147875
1746001	1747000	1746501	247.0	-0.459392	-0.498716
1747001	1748000	1747501	287.0	-0.459082	-0.282176
1748001	1749000	1748501	324.0	-0.458772	-0.107233
1749001	1750000	1749501	380.0	-0.458462	0.122772
1750001	1751000	1750501	401.0	-0.458153	0.200375
1751001	1752000	1751501	399.0	-0.457843	0.193162
1752001	1753000	1752501	429.0	-0.457533	0.297751
1753001	1754000	1753501	407.0	-0.457223	0.221802
1754001	1755000	1754501	422.0	-0.456913	0.274016
1755001	1756000	1755501	353.0	-0.456603	0.016441
1756001	1757000	1756501	400.0	-0.456293	0.196773
1757001	1758000	1757501	392.0	-0.455983	0.167627
1758001	1759000	1758501	344.0	-0.455673	-0.020818
1759001	1760000	1759501	574.0	-0.455363	0.717824
1760001	1761000	1760501	554.0	-0.455053	0.666659
1761001	1762000	1761501	476.0	-0.454743	0.447735
1762001	1763000	1762501	395.0	-0.454433	0.178626
1763001	1764000	1763501	432.0	-0.454123	0.307804
1764001	1765000	1764501	477.0	-0.453813	0.450762
1765001	1766000	1765501	369.0	-0.453503	0.080394
1766001	1767000	1766501	297.0	-0.453193	-0.232764
1767001	1768000	1767501	421.0	-0.452883	0.270593
1768001	1769000	1768501	357.0	-0.452573	0.032697
1769001	1770000	1769501	429.0	-0.452263	0.297751
1770001	1771000	1770501	499.0	-0.451953	0.515813
1771001	1772000	1771501	485.0	-0.451643	0.474758
1772001	1773000	1772501	382.0	-0.451333	0.130346
1773001	1774000	1773501	318.0	-0.451023	-0.134200
1774001	1775000	1774501	313.0	-0.450713	-0.157064
1775001	1776000	1775501	390.0	-0.450403	0.160247
1776001	1777000	1776501	395.0	-0.450093	0.178626
1777001	1778000	1777501	325.0	-0.449783	-0.102787
1778001	1779000	1778501	354.0	-0.449473	0.020522
1779001	1780000	1779501	309.0	-0.449163	-0.175620
1780001	1781000	1780501	357.0	-0.448853	0.032697
1781001	1782000	1781501	340.0	-0.448543	-0.037692
1782001	1783000	1782501	224.0	-0.448233	-0.639728
1783001	1784000	1783501	249.0	-0.447923	-0.487081
1784001	1785000	1784501	332.0	-0.447613	-0.072044
1785001	1786000	1785501	357.0	-0.447303	0.032697
1786001	1787000	1786501	419.0	-0.446993	0.263723
1787001	1788000	1787501	339.0	-0.446683	-0.041942
1788001	1789000	1788501	382.0	-0.446373	0.130346
1789001	1790000	1789501	252.0	-0.446063	-0.469803
1790001	1791000	1790501	227.0	-0.445753	-0.620535
1791001	1792000	1791501	192.0	-0.445443	-0.862121
1792001	1793000	1792501	244.0	-0.445133	-0.516346
1793001	1794000	1793501	245.0	-0.444823	-0.510445
1794001	1795000	1794501	286.0	-0.444513	-0.287212
1795001	1796000	1795501	229.0	-0.444203	-0.607879
1796001	1797000	1796501	271.0	-0.443893	-0.364934
1797001	1798000	1797501	310.0	-0.443583	-0.170959
1798001	1799000	1798501	302.0	-0.443273	-0.208678
1799001	1800000	1799501	261.0	-0.442963	-0.419177
1800001	1801000	1800501	262.0	-0.442653	-0.413660
1801001	1802000	1801501	297.0	-0.442343	-0.232764
1802001	1803000	1802501	330.0	-0.442033	-0.080761
1803001	1804000	1803501	312.0	-0.441723	-0.161681
1804001	1805000	1804501	352.0	-0.441414	0.012348
1805001	1806000	1805501	376.0	-0.441104	0.107506
1806001	1807000	1806501	352.0	-0.440794	0.012348
1807001	1808000	1807501	319.0	-0.440484	-0.129671
1808001	1809000	1808501	322.0	-0.440174	-0.116166
1809001	1810000	1809501	330.0	-0.439864	-0.080761
1810001	1811000	1810501	324.0	-0.439554	-0.107233
1811001	1812000	1811501	382.0	-0.439244	0.130346
1812001	1813000	1812501	340.0	-0.438934	-0.037692
1813001	1814000	1813501	254.0	-0.438624	-0.458399
1814001	1815000	1814501	351.0	-0.438314	0.008244
1815001	1816000	1815501	348.0	-0.438004	-0.004140
1816001	1817000	1816501	354.0	-0.437694	0.020522
1817001	1818000	1817501	354.0	-0.437384	0.020522
1818001	1819000	1818501	338.0	-0.437074	-0.046204
1819001	1820000	1819501	393.0	-0.436764	0.171302
1820001	1821000	1820501	369.0	-0.436454	0.080394
1821001	1822000	1821501	340.0	-0.436144	-0.037692
1822001	1823000	1822501	330.0	-0.435834	-0.080761
1823001	1824000	1823501	379.0	-0.435524	0.118971
1824001	1825000	1824501	346.0	-0.435214	-0.012455
1825001	1826000	1825501	263.0	-0.434904	-0.408164
1826001	1827000	1826501	330.0	-0.434594	-0.080761
1827001	1828000	1827501	377.0	-0.434284	0.111337
1828001	1829000	1828501	363.0	-0.433974	0.056743
1829001	1830000	1829501	292.0	-0.433664	-0.257259
1830001	1831000	1830501	327.0	-0.433354	-0.093936
1831001	1832000	1831501	423.0	-0.433044	0.277431
1832001	1833000	1832501	354.0	-0.432734	0.020522
1833001	1834000	1833501	354.0	-0.432424	0.020522
1834001	1835000	1834501	338.0	-0.432114	-0.046204
1835001	1836000	1835501	340.0	-0.431804	-0.037692
1836001	1837000	1836501	414.0	-0.431494	0.246404
1837001	1838000	1837501	349.0	-0.431184	0.000000
1838001	1839000	1838501	386.0	-0.430874	0.145374
1839001	1840000	1839501	368.0	-0.430564	0.076479
1840001	1841000	1840501	398.0	-0.430254	0.189541
1841001	1842000	1841501	398.0	-0.429944	0.189541
1842001	1843000	1842501	349.0	-0.429634	0.000000
1843001	1844000	1843501	357.0	-0.429324	0.032697
1844001	1845000	1844501	304.0	-0.429014	-0.199156
1845001	1846000	1845501	292.0	-0.428704	-0.257259
1846001	1847000	1846501	402.0	-0.428394	0.203968
1847001	1848000	1847501	387.0	-0.428084	0.149107
1848001	1849000	1848501	349.0	-0.427774	0.000000
1849001	1850000	1849501	334.0	-0.427464	-0.063379
1850001	1851000	1850501	394.0	-0.427154	0.174969
1851001	1852000	1851501	414.0	-0.426844	0.246404
1852001	1853000	1852501	358.0	-0.426534	0.036733
1853001	1854000	1853501	347.0	-0.426224	-0.008291
1854001	1855000	1854501	292.0	-0.425914	-0.257259
1855001	1856000	1855501	342.0	-0.425604	-0.029231
1856001	1857000	1856501	340.0	-0.425294	-0.037692
1857001	1858000	1857501	308.0	-0.424985	-0.180297
1858001	1859000	1858501	309.0	-0.424675	-0.175620
1859001	1860000	1859501	380.0	-0.424365	0.122772
1860001	1861000	1860501	335.0	-0.424055	-0.059066
1861001	1862000	1861501	325.0	-0.423745	-0.102787
1862001	1863000	1862501	336.0	-0.423435	-0.054766
1863001	1864000	1863501	322.0	-0.423125	-0.116166
1864001	1865000	1864501	305.0	-0.422815	-0.194418
1865001	1866000	1865501	243.0	-0.422505	-0.522271
1866001	1867000	1866501	297.0	-0.422195	-0.232764
1867001	1868000	1867501	307.0	-0.421885	-0.184988
1868001	1869000	1868501	269.0	-0.421575	-0.375621
1869001	1870000	1869501	287.0	-0.421265	-0.282176
1870001	1871000	1870501	272.0	-0.420955	-0.359620
1871001	1872000	1871501	342.0	-0.420645	-0.029231
1872001	1873000	1872501	377.0	-0.420335	0.111337
1873001	1874000	1873501	347.0	-0.420025	-0.008291
1874001	1875000	1874501	372.0	-0.419715	0.092076
1875001	1876000	1875501	420.0	-0.419405	0.267162
1876001	1877000	1876501	443.0	-0.419095	0.344080
1877001	1878000	1877501	345.0	-0.418785	-0.016631
1878001	1879000	1878501	419.0	-0.418475	0.263723
1879001	1880000	1879501	359.0	-0.418165	0.040757
1880001	1881000	1880501	356.0	-0.417855	0.028650
1881001	1882000	1881501	305.0	-0.417545	-0.194418
1882001	1883000	1882501	390.0	-0.417235	0.160247
1883001	1884000	1883501	408.0	-0.416925	0.225342
1884001	1885000	1884501	350.0	-0.416615	0.004128
1885001	1886000	1885501	321.0	-0.416305	-0.120654
1886001	1887000	1886501	367.0	-0.415995	0.072553
1887001	1888000	1887501	385.0	-0.415685	0.141631
1888001	1889000	1888501	352.0	-0.415375	0.012348
1889001	1890000	1889501	347.0	-0.415065	-0.008291
1890001	1891000	1890501	353.0	-0.414755	0.016441
1891001	1892000	1891501	350.0	-0.414445	0.004128
1892001	1893000	1892501	316.0	-0.414135	-0.143302
1893001	1894000	1893501	275.0	-0.413825	-0.343795
1894001	1895000	1894501	335.0	-0.413515	-0.059066
1895001	1896000	1895501	304.0	-0.413205	-0.199156
1896001	1897000	1896501	371.0	-0.412895	0.088192
1897001	1898000	1897501	388.0	-0.412585	0.152830
1898001	1899000	1898501	275.0	-0.412275	-0.343795
1899001	1900000	1899501	282.0	-0.411965	-0.307532
1900001	1901000	1900501	340.0	-0.411655	-0.037692
1901001	1902000	1901501	396.0	-0.411345	0.182273
1902001	1903000	1902501	532.0	-0.411035	0.608199
1903001	1904000	1903501	335.0	-0.410725	-0.059066
1904001	1905000	1904501	337.0	-0.410415	-0.050478
1905001	1906000	1905501	379.0	-0.410105	0.118971
1906001	1907000	1906501	343.0	-0.409795	-0.025018
1907001	1908000	1907501	387.0	-0.409485	0.149107
1908001	1909000	1908501	393.0	-0.409175	0.171302
1909001	1910000	1909501	429.0	-0.408865	0.297751
1910001	1911000	1910501	400.0	-0.408555	0.196773
1911001	1912000	1911501	422.0	-0.408246	0.274016
1912001	1913000	1912501	395.0	-0.407936	0.178626
1913001	1914000	1913501	352.0	-0.407626	0.012348
1914001	1915000	1914501	362.0	-0.407316	0.052763
1915001	1916000	1915501	331.0	-0.407006	-0.076396
1916001	1917000	1916501	348.0	-0.406696	-0.004140
1917001	1918000	1917501	409.0	-0.406386	0.228874
1918001	1919000	1918501	415.0	-0.406076	0.249884
1919001	1920000	1919501	367.0	-0.405766	0.072553
1920001	1921000	1920501	285.0	-0.405456	-0.292265
1921001	1922000	1921501	294.0	-0.405146	-0.247411
1922001	1923000	1922501	366.0	-0.404836	0.068617
1923001	1924000	1923501	303.0	-0.404526	-0.203909
1924001	1925000	1924501	366.0	-0.404216	0.068617
1925001	1926000	1925501	391.0	-0.403906	0.163942
1926001	1927000	1926501	374.0	-0.403596	0.099811
1927001	1928000	1927501	400.0	-0.403286	0.196773
1928001	1929000	1928501	376.0	-0.402976	0.107506
1929001	1930000	1929501	356.0	-0.402666	0.028650
1930001	1931000	1930501	361.0	-0.402356	0.048772
1931001	1932000	1931501	287.0	-0.402046	-0.282176
1932001	1933000	1932501	304.0	-0.401736	-0.199156
1933001	1934000	1933501	337.0	-0.401426	-0.050478
1934001	1935000	1934501	315.0	-0.401116	-0.147875
1935001	1936000	1935501	322.0	-0.400806	-0.116166
1936001	1937000	1936501	361.0	-0.400496	0.048772
1937001	1938000	1937501	480.0	-0.400186	0.459807
1938001	1939000	1938501	465.0	-0.399876	0.414004
1939001	1940000	1939501	405.0	-0.399566	0.214695
1940001	1941000	1940501	400.0	-0.399256	0.196773
1941001	1942000	1941501	347.0	-0.398946	-0.008291
1942001	1943000	1942501	324.0	-0.398636	-0.107233
1943001	1944000	1943501	339.0	-0.398326	-0.041942
1944001	1945000	1944501	370.0	-0.398016	0.084298
1945001	1946000	1945501	382.0	-0.397706	0.130346
1946001	1947000	1946501	372.0	-0.397396	0.092076
1947001	1948000	1947501	348.0	-0.397086	-0.004140
1948001	1949000	1948501	311.0	-0.396776	-0.166312
1949001	1950000	1949501	380.0	-0.396466	0.122772
1950001	1951000	1950501	412.0	-0.396156	0.239417
1951001	1952000	1951501	362.0	-0.395846	0.052763
1952001	1953000	1952501	359.0	-0.395536	0.040757
1953001	1954000	1953501	445.0	-0.395226	0.350578
1954001	1955000	1954501	355.0	-0.394916	0.024592
1955001	1956000	1955501	325.0	-0.394606	-0.102787
1956001	1957000	1956501	372.0	-0.394296	0.092076
1957001	1958000	1957501	374.0	-0.393986	0.099811
1958001	1959000	1958501	451.0	-0.393676	0.369900
1959001	1960000	1959501	330.0	-0.393366	-0.080761
1960001	1961000	1960501	316.0	-0.393056	-0.143302
1961001	1962000	1961501	421.0	-0.392746	0.270593
1962001	1963000	1962501	270.0	-0.392436	-0.370268
1963001	1964000	1963501	336.0	-0.392126	-0.054766
1964001	1965000	1964501	326.0	-0.391816	-0.098355
1965001	1966000	1965501	356.0	-0.391507	0.028650
1966001	1967000	1966501	353.0	-0.391197	0.016441
1967001	1968000	1967501	422.0	-0.390887	0.274016
1968001	1969000	1968501	423.0	-0.390577	0.277431
1969001	1970000	1969501	371.0	-0.390267	0.088192
1970001	1971000	1970501	444.0	-0.389957	0.347333
1971001	1972000	1971501	458.0	-0.389647	0.392121
1972001	1973000	1972501	454.0	-0.389337	0.379465
1973001	1974000	1973501	542.0	-0.389027	0.635066
1974001	1975000	1974501	406.0	-0.388717	0.218253
1975001	1976000	1975501	377.0	-0.388407	0.111337
1976001	1977000	1976501	341.0	-0.388097	-0.033455
1977001	1978000	1977501	335.0	-0.387787	-0.059066
1978001	1979000	1978501	430.0	-0.387477	0.301110
1979001	1980000	1979501	369.0	-0.387167	0.080394
1980001	1981000	1980501	417.0	-0.386857	0.256820
1981001	1982000	1981501	371.0	-0.386547	0.088192
1982001	1983000	1982501	339.0	-0.386237	-0.041942
1983001	1984000	1983501	362.0	-0.385927	0.052763
1984001	1985000	1984501	333.0	-0.385617	-0.067705
1985001	1986000	1985501	408.0	-0.385307	0.225342
1986001	1987000	1986501	306.0	-0.384997	-0.189695
1987001	1988000	1987501	305.0	-0.384687	-0.194418
1988001	1989000	1988501	390.0	-0.384377	0.160247
1989001	1990000	1989501	466.0	-0.384067	0.417103
1990001	1991000	1990501	437.0	-0.383757	0.324406
1991001	1992000	1991501	318.0	-0.383447	-0.134200
1992001	1993000	1992501	350.0	-0.383137	0.004128
1993001	1994000	1993501	258.0	-0.382827	-0.435856
1994001	1995000	1994501	300.0	-0.382517	-0.218265
1995001	1996000	1995501	425.0	-0.382207	0.284236
1996001	1997000	1996501	389.0	-0.381897	0.156543
1997001	1998000	1997501	478.0	-0.381587	0.453784
1998001	1999000	1998501	460.0	-0.381277	0.398407
1999001	2000000	1999501	622.0	-0.380967	0.833688
2000001	2001000	2000501	510.0	-0.380657	0.547270
2001001	2002000	2001501	377.0	-0.380347	0.111337
2002001	2003000	2002501	311.0	-0.380037	-0.166312
2003001	2004000	2003501	368.0	-0.379727	0.076479
2004001	2005000	2004501	394.0	-0.379417	0.174969
2005001	2006000	2005501	381.0	-0.379107	0.126564
2006001	2007000	2006501	398.0	-0.378797	0.189541
2007001	2008000	2007501	311.0	-0.378487	-0.166312
2008001	2009000	2008501	372.0	-0.378177	0.092076
2009001	2010000	2009501	295.0	-0.377867	-0.242512
2010001	2011000	2010501	364.0	-0.377557	0.060711
2011001	2012000	2011501	326.0	-0.377247	-0.098355
2012001	2013000	2012501	441.0	-0.376937	0.337552
2013001	2014000	2013501	333.0	-0.376627	-0.067705
2014001	2015000	2014501	332.0	-0.376317	-0.072044
2015001	2016000	2015501	274.0	-0.376007	-0.349051
2016001	2017000	2016501	224.0	-0.375697	-0.639728
2017001	2018000	2017501	314.0	-0.375387	-0.152462
2018001	2019000	2018501	289.0	-0.375077	-0.272158
2019001	2020000	2019501	368.0	-0.374768	0.076479
2020001	2021000	2020501	427.0	-0.374458	0.291009
2021001	2022000	2021501	353.0	-0.374148	0.016441
2022001	2023000	2022501	368.0	-0.373838	0.076479
2023001	2024000	2023501	354.0	-0.373528	0.020522
2024001	2025000	2024501	325.0	-0.373218	-0.102787
2025001	2026000	2025501	340.0	-0.372908	-0.037692
2026001	2027000	2026501	460.0	-0.372598	0.398407
2027001	2028000	2027501	333.0	-0.372288	-0.067705
2028001	2029000	2028501	389.0	-0.371978	0.156543
2029001	2030000	2029501	360.0	-0.371668	0.044770
2030001	2031000	2030501	359.0	-0.371358	0.040757
2031001	2032000	2031501	486.0	-0.371048	0.477729
2032001	2033000	2032501	453.0	-0.370738	0.376284
2033001	2034000	2033501	320.0	-0.370428	-0.125155
2034001	2035000	2034501	324.0	-0.370118	-0.107233
2035001	2036000	2035501	392.0	-0.369808	0.167627
2036001	2037000	2036501	312.0	-0.369498	-0.161681
2037001	2038000	2037501	410.0	-0.369188	0.232397
2038001	2039000	2038501	358.0	-0.368878	0.036733
2039001	2040000	2039501	408.0	-0.368568	0.225342
2040001	2041000	2040501	401.0	-0.368258	0.200375
2041001	2042000	2041501	430.0	-0.367948	0.301110
2042001	2043000	2042501	389.0	-0.367638	0.156543
2043001	2044000	2043501	336.0	-0.367328	-0.054766
2044001	2045000	2044501	326.0	-0.367018	-0.098355
2045001	2046000	2045501	305.0	-0.366708	-0.194418
2046001	2047000	2046501	352.0	-0.366398	0.012348
2047001	2048000	2047501	381.0	-0.366088	0.126564
2048001	2049000	2048501	332.0	-0.365778	-0.072044
2049001	2050000	2049501	337.0	-0.365468	-0.050478
2050001	2051000	2050501	354.0	-0.365158	0.020522
2051001	2052000	2051501	441.0	-0.364848	0.337552
2052001	2053000	2052501	345.0	-0.364538	-0.016631
2053001	2054000	2053501	376.0	-0.364228	0.107506
2054001	2055000	2054501	400.0	-0.363918	0.196773
2055001	2056000	2055501	448.0	-0.363608	0.360272
2056001	2057000	2056501	409.0	-0.363298	0.228874
2057001	2058000	2057501	379.0	-0.362988	0.118971
2058001	2059000	2058501	441.0	-0.362678	0.337552
2059001	2060000	2059501	344.0	-0.362368	-0.020818
2060001	2061000	2060501	409.0	-0.362058	0.228874
2061001	2062000	2061501	390.0	-0.361748	0.160247
2062001	2063000	2062501	414.0	-0.361438	0.246404
2063001	2064000	2063501	348.0	-0.361128	-0.004140
2064001	2065000	2064501	305.0	-0.360818	-0.194418
2065001	2066000	2065501	365.0	-0.360508	0.064669
2066001	2067000	2066501	347.0	-0.360198	-0.008291
2067001	2068000	2067501	374.0	-0.359888	0.099811
2068001	2069000	2068501	421.0	-0.359578	0.270593
2069001	2070000	2069501	336.0	-0.359268	-0.054766
2070001	2071000	2070501	294.0	-0.358958	-0.247411
2071001	2072000	2071501	347.0	-0.358648	-0.008291
2072001	2073000	2072501	375.0	-0.358338	0.103664
2073001	2074000	2073501	344.0	-0.358029	-0.020818
2074001	2075000	2074501	328.0	-0.357719	-0.089531
2075001	2076000	2075501	311.0	-0.357409	-0.166312
2076001	2077000	2076501	343.0	-0.357099	-0.025018
2077001	2078000	2077501	372.0	-0.356789	0.092076
2078001	2079000	2078501	323.0	-0.356479	-0.111693
2079001	2080000	2079501	353.0	-0.356169	0.016441
2080001	2081000	2080501	371.0	-0.355859	0.088192
2081001	2082000	2081501	443.0	-0.355549	0.344080
2082001	2083000	2082501	383.0	-0.355239	0.134117
2083001	2084000	2083501	358.0	-0.354929	0.036733
2084001	2085000	2084501	421.0	-0.354619	0.270593
2085001	2086000	2085501	363.0	-0.354309	0.056743
2086001	2087000	2086501	285.0	-0.353999	-0.292265
2087001	2088000	2087501	334.0	-0.353689	-0.063379
2088001	2089000	2088501	359.0	-0.353379	0.040757
2089001	2090000	2089501	347.0	-0.353069	-0.008291
2090001	2091000	2090501	289.0	-0.352759	-0.272158
2091001	2092000	2091501	417.0	-0.352449	0.256820
2092001	2093000	2092501	332.0	-0.352139	-0.072044
2093001	2094000	2093501	345.0	-0.351829	-0.016631
2094001	2095000	2094501	331.0	-0.351519	-0.076396
2095001	2096000	2095501	336.0	-0.351209	-0.054766
2096001	2097000	2096501	358.0	-0.350899	0.036733
2097001	2098000	2097501	367.0	-0.350589	0.072553
2098001	2099000	2098501	403.0	-0.350279	0.207553
2099001	2100000	2099501	342.0	-0.349969	-0.029231
2100001	2101000	2100501	359.0	-0.349659	0.040757
2101001	2102000	2101501	427.0	-0.349349	0.291009
2102001	2103000	2102501	318.0	-0.349039	-0.134200
2103001	2104000	2103501	334.0	-0.348729	-0.063379
2104001	2105000	2104501	304.0	-0.348419	-0.199156
2105001	2106000	2105501	281.0	-0.348109	-0.312657
2106001	2107000	2106501	369.0	-0.347799	0.080394
2107001	2108000	2107501	362.0	-0.347489	0.052763
2108001	2109000	2108501	308.0	-0.347179	-0.180297
2109001	2110000	2109501	413.0	-0.346869	0.242915
2110001	2111000	2110501	409.0	-0.346559	0.228874
2111001	2112000	2111501	433.0	-0.346249	0.311140
2112001	2113000	2112501	503.0	-0.345939	0.527331
2113001	2114000	2113501	356.0	-0.345629	0.028650
2114001	2115000	2114501	310.0	-0.345319	-0.170959
2115001	2116000	2115501	294.0	-0.345009	-0.247411
2116001	2117000	2116501	335.0	-0.344699	-0.059066
2117001	2118000	2117501	350.0	-0.344389	0.004128
2118001	2119000	2118501	326.0	-0.344079	-0.098355
2119001	2120000	2119501	327.0	-0.343769	-0.093936
2120001	2121000	2120501	358.0	-0.343459	0.036733
2121001	2122000	2121501	296.0	-0.343149	-0.237630
2122001	2123000	2122501	438.0	-0.342839	0.327704
2123001	2124000	2123501	368.0	-0.342529	0.076479
2124001	2125000	2124501	366.0	-0.342219	0.068617
2125001	2126000	2125501	417.0	-0.341909	0.256820
2126001	2127000	2126501	391.0	-0.341600	0.163942
2127001	2128000	2127501	315.0	-0.341290	-0.147875
2128001	2129000	2128501	356.0	-0.340980	0.028650
2129001	2130000	2129501	358.0	-0.340670	0.036733
2130001	2131000	2130501	382.0	-0.340360	0.130346
2131001	2132000	2131501	536.0	-0.340050	0.619006
2132001	2133000	2132501	390.0	-0.339740	0.160247
2133001	2134000	2133501	342.0	-0.339430	-0.029231
2134001	2135000	2134501	263.0	-0.339120	-0.408164
2135001	2136000	2135501	335.0	-0.338810	-0.059066
2136001	2137000	2136501	386.0	-0.338500	0.145374
2137001	2138000	2137501	333.0	-0.338190	-0.067705
2138001	2139000	2138501	334.0	-0.337880	-0.063379
2139001	2140000	2139501	347.0	-0.337570	-0.008291
2140001	2141000	2140501	353.0	-0.337260	0.016441
2141001	2142000	2141501	357.0	-0.336950	0.032697
2142001	2143000	2142501	389.0	-0.336640	0.156543
2143001	2144000	2143501	420.0	-0.336330	0.267162
2144001	2145000	2144501	435.0	-0.336020	0.317788
2145001	2146000	2145501	381.0	-0.335710	0.126564
2146001	2147000	2146501	394.0	-0.335400	0.174969
2147001	2148000	2147501	407.0	-0.335090	0.221802
2148001	2149000	2148501	405.0	-0.334780	0.214695
2149001	2150000	2149501	327.0	-0.334470	-0.093936
2150001	2151000	2150501	390.0	-0.334160	0.160247
2151001	2152000	2151501	391.0	-0.333850	0.163942
2152001	2153000	2152501	479.0	-0.333540	0.456799
2153001	2154000	2153501	382.0	-0.333230	0.130346
2154001	2155000	2154501	369.0	-0.332920	0.080394
2155001	2156000	2155501	406.0	-0.332610	0.218253
2156001	2157000	2156501	358.0	-0.332300	0.036733
2157001	2158000	2157501	287.0	-0.331990	-0.282176
2158001	2159000	2158501	263.0	-0.331680	-0.408164
2159001	2160000	2159501	403.0	-0.331370	0.207553
2160001	2161000	2160501	494.0	-0.331060	0.501284
2161001	2162000	2161501	434.0	-0.330750	0.314468
2162001	2163000	2162501	367.0	-0.330440	0.072553
2163001	2164000	2163501	414.0	-0.330130	0.246404
2164001	2165000	2164501	367.0	-0.329820	0.072553
2165001	2166000	2165501	395.0	-0.329510	0.178626
2166001	2167000	2166501	305.0	-0.329200	-0.194418
2167001	2168000	2167501	314.0	-0.328890	-0.152462
2168001	2169000	2168501	346.0	-0.328580	-0.012455
2169001	2170000	2169501	391.0	-0.328270	0.163942
2170001	2171000	2170501	381.0	-0.327960	0.126564
2171001	2172000	2171501	374.0	-0.327650	0.099811
2172001	2173000	2172501	409.0	-0.327340	0.228874
2173001	2174000	2173501	398.0	-0.327030	0.189541
2174001	2175000	2174501	423.0	-0.326720	0.277431
2175001	2176000	2175501	297.0	-0.326410	-0.232764
2176001	2177000	2176501	339.0	-0.326100	-0.041942
2177001	2178000	2177501	372.0	-0.325790	0.092076
2178001	2179000	2178501	354.0	-0.325480	0.020522
2179001	2180000	2179501	360.0	-0.325170	0.044770
2180001	2181000	2180501	325.0	-0.324861	-0.102787
2181001	2182000	2181501	359.0	-0.324551	0.040757
2182001	2183000	2182501	361.0	-0.324241	0.048772
2183001	2184000	2183501	302.0	-0.323931	-0.208678
2184001	2185000	2184501	327.0	-0.323621	-0.093936
2185001	2186000	2185501	324.0	-0.323311	-0.107233
2186001	2187000	2186501	378.0	-0.323001	0.115159
2187001	2188000	2187501	385.0	-0.322691	0.141631
2188001	2189000	2188501	335.0	-0.322381	-0.059066
2189001	2190000	2189501	382.0	-0.322071	0.130346
2190001	2191000	2190501	328.0	-0.321761	-0.089531
2191001	2192000	2191501	291.0	-0.321451	-0.262208
2192001	2193000	2192501	330.0	-0.321141	-0.080761
2193001	2194000	2193501	292.0	-0.320831	-0.257259
2194001	2195000	2194501	402.0	-0.320521	0.203968
2195001	2196000	2195501	369.0	-0.320211	0.080394
2196001	2197000	2196501	386.0	-0.319901	0.145374
2197001	2198000	2197501	381.0	-0.319591	0.126564
2198001	2199000	2198501	368.0	-0.319281	0.076479
2199001	2200000	2199501	422.0	-0.318971	0.274016
2200001	2201000	2200501	369.0	-0.318661	0.080394
2201001	2202000	2201501	414.0	-0.318351	0.246404
2202001	2203000	2202501	388.0	-0.318041	0.152830
2203001	2204000	2203501	384.0	-0.317731	0.137879
2204001	2205000	2204501	327.0	-0.317421	-0.093936
2205001	2206000	2205501	332.0	-0.317111	-0.072044
2206001	2207000	2206501	310.0	-0.316801	-0.170959
2207001	2208000	2207501	332.0	-0.316491	-0.072044
2208001	2209000	2208501	338.0	-0.316181	-0.046204
2209001	2210000	2209501	341.0	-0.315871	-0.033455
2210001	2211000	2210501	292.0	-0.315561	-0.257259
2211001	2212000	2211501	395.0	-0.315251	0.178626
2212001	2213000	2212501	412.0	-0.314941	0.239417
2213001	2214000	2213501	330.0	-0.314631	-0.080761
2214001	2215000	2214501	366.0	-0.314321	0.068617
2215001	2216000	2215501	217.0	-0.314011	-0.685532
2216001	2217000	2216501	341.0	-0.313701	-0.033455
2217001	2218000	2217501	384.0	-0.313391	0.137879
2218001	2219000	2218501	365.0	-0.313081	0.064669
2219001	2220000	2219501	420.0	-0.312771	0.267162
2220001	2221000	2220501	366.0	-0.312461	0.068617
2221001	2222000	2221501	388.0	-0.312151	0.152830
2222001	2223000	2222501	383.0	-0.311841	0.134117
2223001	2224000	2223501	411.0	-0.311531	0.235911
2224001	2225000	2224501	330.0	-0.311221	-0.080761
2225001	2226000	2225501	452.0	-0.310911	0.373096
2226001	2227000	2226501	359.0	-0.310601	0.040757
2227001	2228000	2227501	358.0	-0.310291	0.036733
2228001	2229000	2228501	401.0	-0.309981	0.200375
2229001	2230000	2229501	369.0	-0.309671	0.080394
2230001	2231000	2230501	352.0	-0.309361	0.012348
2231001	2232000	2231501	359.0	-0.309051	0.040757
2232001	2233000	2232501	419.0	-0.308741	0.263723
2233001	2234000	2233501	406.0	-0.308431	0.218253
2234001	2235000	2234501	405.0	-0.308122	0.214695
2235001	2236000	2235501	440.0	-0.307812	0.334276
2236001	2237000	2236501	421.0	-0.307502	0.270593
2237001	2238000	2237501	381.0	-0.307192	0.126564
2238001	2239000	2238501	382.0	-0.306882	0.130346
2239001	2240000	2239501	326.0	-0.306572	-0.098355
2240001	2241000	2240501	460.0	-0.306262	0.398407
2241001	2242000	2241501	413.0	-0.305952	0.242915
2242001	2243000	2242501	380.0	-0.305642	0.122772
2243001	2244000	2243501	408.0	-0.305332	0.225342
2244001	2245000	2244501	308.0	-0.305022	-0.180297
2245001	2246000	2245501	346.0	-0.304712	-0.012455
2246001	2247000	2246501	366.0	-0.304402	0.068617
2247001	2248000	2247501	317.0	-0.304092	-0.138744
2248001	2249000	2248501	376.0	-0.303782	0.107506
2249001	2250000	2249501	335.0	-0.303472	-0.059066
2250001	2251000	2250501	438.0	-0.303162	0.327704
2251001	2252000	2251501	475.0	-0.302852	0.444700
2252001	2253000	2252501	301.0	-0.302542	-0.213464
2253001	2254000	2253501	325.0	-0.302232	-0.102787
2254001	2255000	2254501	374.0	-0.301922	0.099811
2255001	2256000	2255501	350.0	-0.301612	0.004128
2256001	2257000	2256501	349.0	-0.301302	0.000000
2257001	2258000	2257501	382.0	-0.300992	0.130346
2258001	2259000	2258501	409.0	-0.300682	0.228874
2259001	2260000	2259501	409.0	-0.300372	0.228874
2260001	2261000	2260501	353.0	-0.300062	0.016441
2261001	2262000	2261501	395.0	-0.299752	0.178626
2262001	2263000	2262501	395.0	-0.299442	0.178626
2263001	2264000	2263501	338.0	-0.299132	-0.046204
2264001	2265000	2264501	324.0	-0.298822	-0.107233
2265001	2266000	2265501	347.0	-0.298512	-0.008291
2266001	2267000	2266501	325.0	-0.298202	-0.102787
2267001	2268000	2267501	341.0	-0.297892	-0.033455
2268001	2269000	2268501	379.0	-0.297582	0.118971
2269001	2270000	2269501	341.0	-0.297272	-0.033455
2270001	2271000	2270501	287.0	-0.296962	-0.282176
2271001	2272000	2271501	326.0	-0.296652	-0.098355
2272001	2273000	2272501	352.0	-0.296342	0.012348
2273001	2274000	2273501	280.0	-0.296032	-0.317800
2274001	2275000	2274501	333.0	-0.295722	-0.067705
2275001	2276000	2275501	521.0	-0.295412	0.578056
2276001	2277000	2276501	478.0	-0.295102	0.453784
2277001	2278000	2277501	448.0	-0.294792	0.360272
2278001	2279000	2278501	369.0	-0.294482	0.080394
2279001	2280000	2279501	392.0	-0.294172	0.167627
2280001	2281000	2280501	378.0	-0.293862	0.115159
2281001	2282000	2281501	508.0	-0.293552	0.541601
2282001	2283000	2282501	380.0	-0.293242	0.122772
2283001	2284000	2283501	343.0	-0.292932	-0.025018
2284001	2285000	2284501	374.0	-0.292622	0.099811
2285001	2286000	2285501	320.0	-0.292312	-0.125155
2286001	2287000	2286501	458.0	-0.292002	0.392121
2287001	2288000	2287501	419.0	-0.291692	0.263723
2288001	2289000	2288501	348.0	-0.291383	-0.004140
2289001	2290000	2289501	326.0	-0.291073	-0.098355
2290001	2291000	2290501	316.0	-0.290763	-0.143302
2291001	2292000	2291501	325.0	-0.290453	-0.102787
2292001	2293000	2292501	366.0	-0.290143	0.068617
2293001	2294000	2293501	350.0	-0.289833	0.004128
2294001	2295000	2294501	323.0	-0.289523	-0.111693
2295001	2296000	2295501	393.0	-0.289213	0.171302
2296001	2297000	2296501	354.0	-0.288903	0.020522
2297001	2298000	2297501	366.0	-0.288593	0.068617
2298001	2299000	2298501	365.0	-0.288283	0.064669
2299001	2300000	2299501	370.0	-0.287973	0.084298
2300001	2301000	2300501	404.0	-0.287663	0.211128
2301001	2302000	2301501	360.0	-0.287353	0.044770
2302001	2303000	2302501	405.0	-0.287043	0.214695
2303001	2304000	2303501	372.0	-0.286733	0.092076
2304001	2305000	2304501	357.0	-0.286423	0.032697
2305001	2306000	2305501	348.0	-0.286113	-0.004140
2306001	2307000	2306501	324.0	-0.285803	-0.107233
2307001	2308000	2307501	314.0	-0.285493	-0.152462
2308001	2309000	2308501	304.0	-0.285183	-0.199156
2309001	2310000	2309501	309.0	-0.284873	-0.175620
2310001	2311000	2310501	364.0	-0.284563	0.060711
2311001	2312000	2311501	344.0	-0.284253	-0.020818
2312001	2313000	2312501	333.0	-0.283943	-0.067705
2313001	2314000	2313501	550.0	-0.283633	0.656205
2314001	2315000	2314501	478.0	-0.283323	0.453784
2315001	2316000	2315501	454.0	-0.283013	0.379465
2316001	2317000	2316501	355.0	-0.282703	0.024592
2317001	2318000	2317501	314.0	-0.282393	-0.152462
2318001	2319000	2318501	382.0	-0.282083	0.130346
2319001	2320000	2319501	315.0	-0.281773	-0.147875
2320001	2321000	2320501	370.0	-0.281463	0.084298
2321001	2322000	2321501	382.0	-0.281153	0.130346
2322001	2323000	2322501	367.0	-0.280843	0.072553
2323001	2324000	2323501	339.0	-0.280533	-0.041942
2324001	2325000	2324501	363.0	-0.280223	0.056743
2325001	2326000	2325501	380.0	-0.279913	0.122772
2326001	2327000	2326501	456.0	-0.279603	0.385807
2327001	2328000	2327501	412.0	-0.279293	0.239417
2328001	2329000	2328501	394.0	-0.278983	0.174969
2329001	2330000	2329501	292.0	-0.278673	-0.257259
2330001	2331000	2330501	320.0	-0.278363	-0.125155
2331001	2332000	2331501	334.0	-0.278053	-0.063379
2332001	2333000	2332501	314.0	-0.277743	-0.152462
2333001	2334000	2333501	305.0	-0.277433	-0.194418
2334001	2335000	2334501	322.0	-0.277123	-0.116166
2335001	2336000	2335501	306.0	-0.276813	-0.189695
2336001	2337000	2336501	376.0	-0.276503	0.107506
2337001	2338000	2337501	317.0	-0.276193	-0.138744
2338001	2339000	2338501	354.0	-0.275883	0.020522
2339001	2340000	2339501	404.0	-0.275573	0.211128
2340001	2341000	2340501	453.0	-0.275263	0.376284
2341001	2342000	2341501	399.0	-0.274954	0.193162
2342001	2343000	2342501	444.0	-0.274644	0.347333
2343001	2344000	2343501	416.0	-0.274334	0.253356
2344001	2345000	2344501	469.0	-0.274024	0.426361
2345001	2346000	2345501	380.0	-0.273714	0.122772
2346001	2347000	2346501	403.0	-0.273404	0.207553
2347001	2348000	2347501	358.0	-0.273094	0.036733
2348001	2349000	2348501	378.0	-0.272784	0.115159
2349001	2350000	2349501	403.0	-0.272474	0.207553
2350001	2351000	2350501	307.0	-0.272164	-0.184988
2351001	2352000	2351501	271.0	-0.271854	-0.364934
2352001	2353000	2352501	194.0	-0.271544	-0.847170
2353001	2354000	2353501	186.0	-0.271234	-0.907924
2354001	2355000	2354501	251.0	-0.270924	-0.475540
2355001	2356000	2355501	262.0	-0.270614	-0.413660
2356001	2357000	2356501	294.0	-0.270304	-0.247411
2357001	2358000	2357501	276.0	-0.269994	-0.338559
2358001	2359000	2358501	330.0	-0.269684	-0.080761
2359001	2360000	2359501	351.0	-0.269374	0.008244
2360001	2361000	2360501	314.0	-0.269064	-0.152462
2361001	2362000	2361501	512.0	-0.268754	0.552917
2362001	2363000	2362501	387.0	-0.268444	0.149107
2363001	2364000	2363501	420.0	-0.268134	0.267162
2364001	2365000	2364501	446.0	-0.267824	0.353817
2365001	2366000	2365501	363.0	-0.267514	0.056743
2366001	2367000	2366501	395.0	-0.267204	0.178626
2367001	2368000	2367501	381.0	-0.266894	0.126564
2368001	2369000	2368501	332.0	-0.266584	-0.072044
2369001	2370000	2369501	346.0	-0.266274	-0.012455
2370001	2371000	2370501	377.0	-0.265964	0.111337
2371001	2372000	2371501	334.0	-0.265654	-0.063379
2372001	2373000	2372501	284.0	-0.265344	-0.297336
2373001	2374000	2373501	308.0	-0.265034	-0.180297
2374001	2375000	2374501	325.0	-0.264724	-0.102787
2375001	2376000	2375501	322.0	-0.264414	-0.116166
2376001	2377000	2376501	412.0	-0.264104	0.239417
2377001	2378000	2377501	403.0	-0.263794	0.207553
2378001	2379000	2378501	347.0	-0.263484	-0.008291
2379001	2380000	2379501	327.0	-0.263174	-0.093936
2380001	2381000	2380501	409.0	-0.262864	0.228874
2381001	2382000	2381501	332.0	-0.262554	-0.072044
2382001	2383000	2382501	371.0	-0.262244	0.088192
2383001	2384000	2383501	336.0	-0.261934	-0.054766
2384001	2385000	2384501	324.0	-0.261624	-0.107233
2385001	2386000	2385501	366.0	-0.261314	0.068617
2386001	2387000	2386501	312.0	-0.261004	-0.161681
2387001	2388000	2387501	351.0	-0.260694	0.008244
2388001	2389000	2388501	372.0	-0.260384	0.092076
2389001	2390000	2389501	322.0	-0.260074	-0.116166
2390001	2391000	2390501	396.0	-0.259764	0.182273
2391001	2392000	2391501	395.0	-0.259454	0.178626
2392001	2393000	2392501	364.0	-0.259144	0.060711
2393001	2394000	2393501	338.0	-0.258834	-0.046204
2394001	2395000	2394501	320.0	-0.258524	-0.125155
2395001	2396000	2395501	375.0	-0.258215	0.103664
2396001	2397000	2396501	378.0	-0.257905	0.115159
2397001	2398000	2397501	340.0	-0.257595	-0.037692
2398001	2399000	2398501	365.0	-0.257285	0.064669
2399001	2400000	2399501	344.0	-0.256975	-0.020818
2400001	2401000	2400501	386.0	-0.256665	0.145374
2401001	2402000	2401501	380.0	-0.256355	0.122772
2402001	2403000	2402501	397.0	-0.256045	0.185912
2403001	2404000	2403501	370.0	-0.255735	0.084298
2404001	2405000	2404501	318.0	-0.255425	-0.134200
2405001	2406000	2405501	338.0	-0.255115	-0.046204
2406001	2407000	2406501	340.0	-0.254805	-0.037692
2407001	2408000	2407501	324.0	-0.254495	-0.107233
2408001	2409000	2408501	322.0	-0.254185	-0.116166
2409001	2410000	2409501	322.0	-0.253875	-0.116166
2410001	2411000	2410501	320.0	-0.253565	-0.125155
2411001	2412000	2411501	353.0	-0.253255	0.016441
2412001	2413000	2412501	329.0	-0.252945	-0.085139
2413001	2414000	2413501	302.0	-0.252635	-0.208678
2414001	2415000	2414501	271.0	-0.252325	-0.364934
2415001	2416000	2415501	369.0	-0.252015	0.080394
2416001	2417000	2416501	323.0	-0.251705	-0.111693
2417001	2418000	2417501	329.0	-0.251395	-0.085139
2418001	2419000	2418501	376.0	-0.251085	0.107506
2419001	2420000	2419501	358.0	-0.250775	0.036733
2420001	2421000	2420501	343.0	-0.250465	-0.025018
2421001	2422000	2421501	375.0	-0.250155	0.103664
2422001	2423000	2422501	370.0	-0.249845	0.084298
2423001	2424000	2423501	386.0	-0.249535	0.145374
2424001	2425000	2424501	427.0	-0.249225	0.291009
2425001	2426000	2425501	397.0	-0.248915	0.185912
2426001	2427000	2426501	416.0	-0.248605	0.253356
2427001	2428000	2427501	439.0	-0.248295	0.330994
2428001	2429000	2428501	398.0	-0.247985	0.189541
2429001	2430000	2429501	302.0	-0.247675	-0.208678
2430001	2431000	2430501	340.0	-0.247365	-0.037692
2431001	2432000	2431501	381.0	-0.247055	0.126564
2432001	2433000	2432501	331.0	-0.246745	-0.076396
2433001	2434000	2433501	304.0	-0.246435	-0.199156
2434001	2435000	2434501	323.0	-0.246125	-0.111693
2435001	2436000	2435501	365.0	-0.245815	0.064669
2436001	2437000	2436501	429.0	-0.245505	0.297751
2437001	2438000	2437501	284.0	-0.245195	-0.297336
2438001	2439000	2438501	283.0	-0.244885	-0.302425
2439001	2440000	2439501	272.0	-0.244575	-0.359620
2440001	2441000	2440501	371.0	-0.244265	0.088192
2441001	2442000	2441501	316.0	-0.243955	-0.143302
2442001	2443000	2442501	276.0	-0.243645	-0.338559
2443001	2444000	2443501	307.0	-0.243335	-0.184988
2444001	2445000	2444501	382.0	-0.243025	0.130346
2445001	2446000	2445501	385.0	-0.242715	0.141631
2446001	2447000	2446501	389.0	-0.242405	0.156543
2447001	2448000	2447501	255.0	-0.242095	-0.452730
2448001	2449000	2448501	251.0	-0.241785	-0.475540
2449001	2450000	2449501	249.0	-0.241476	-0.487081
2450001	2451000	2450501	210.0	-0.241166	-0.732838
2451001	2452000	2451501	209.0	-0.240856	-0.739724
2452001	2453000	2452501	285.0	-0.240546	-0.292265
2453001	2454000	2453501	238.0	-0.240236	-0.552265
2454001	2455000	2454501	272.0	-0.239926	-0.359620
2455001	2456000	2455501	364.0	-0.239616	0.060711
2456001	2457000	2456501	368.0	-0.239306	0.076479
2457001	2458000	2457501	361.0	-0.238996	0.048772
2458001	2459000	2458501	287.0	-0.238686	-0.282176
2459001	2460000	2459501	276.0	-0.238376	-0.338559
2460001	2461000	2460501	296.0	-0.238066	-0.237630
2461001	2462000	2461501	352.0	-0.237756	0.012348
2462001	2463000	2462501	357.0	-0.237446	0.032697
2463001	2464000	2463501	356.0	-0.237136	0.028650
2464001	2465000	2464501	205.0	-0.236826	-0.767603
2465001	2466000	2465501	225.0	-0.236516	-0.633302
2466001	2467000	2466501	237.0	-0.236206	-0.558340
2467001	2468000	2467501	280.0	-0.235896	-0.317800
2468001	2469000	2468501	281.0	-0.235586	-0.312657
2469001	2470000	2469501	278.0	-0.235276	-0.328142
2470001	2471000	2470501	268.0	-0.234966	-0.380994
2471001	2472000	2471501	275.0	-0.234656	-0.343795
2472001	2473000	2472501	289.0	-0.234346	-0.272158
2473001	2474000	2473501	452.0	-0.234036	0.373096
2474001	2475000	2474501	295.0	-0.233726	-0.242512
2475001	2476000	2475501	405.0	-0.233416	0.214695
2476001	2477000	2476501	407.0	-0.233106	0.221802
2477001	2478000	2477501	427.0	-0.232796	0.291009
2478001	2479000	2478501	385.0	-0.232486	0.141631
2479001	2480000	2479501	373.0	-0.232176	0.095949
2480001	2481000	2480501	413.0	-0.231866	0.242915
2481001	2482000	2481501	364.0	-0.231556	0.060711
2482001	2483000	2482501	328.0	-0.231246	-0.089531
2483001	2484000	2483501	411.0	-0.230936	0.235911
2484001	2485000	2484501	402.0	-0.230626	0.203968
2485001	2486000	2485501	326.0	-0.230316	-0.098355
2486001	2487000	2486501	372.0	-0.230006	0.092076
2487001	2488000	2487501	353.0	-0.229696	0.016441
2488001	2489000	2488501	385.0	-0.229386	0.141631
2489001	2490000	2489501	354.0	-0.229076	0.020522
2490001	2491000	2490501	327.0	-0.228766	-0.093936
2491001	2492000	2491501	309.0	-0.228456	-0.175620
2492001	2493000	2492501	297.0	-0.228146	-0.232764
2493001	2494000	2493501	244.0	-0.227836	-0.516346
2494001	2495000	2494501	313.0	-0.227526	-0.157064
2495001	2496000	2495501	407.0	-0.227216	0.221802
2496001	2497000	2496501	439.0	-0.226906	0.330994
2497001	2498000	2497501	361.0	-0.226596	0.048772
2498001	2499000	2498501	358.0	-0.226286	0.036733
2499001	2500000	2499501	466.0	-0.225976	0.417103
2500001	2501000	2500501	497.0	-0.225666	0.510019
2501001	2502000	2501501	433.0	-0.225356	0.311140
2502001	2503000	2502501	322.0	-0.225046	-0.116166
2503001	2504000	2503501	390.0	-0.224737	0.160247
2504001	2505000	2504501	358.0	-0.224427	0.036733
2505001	2506000	2505501	343.0	-0.224117	-0.025018
2506001	2507000	2506501	335.0	-0.223807	-0.059066
2507001	2508000	2507501	406.0	-0.223497	0.218253
2508001	2509000	2508501	366.0	-0.223187	0.068617
2509001	2510000	2509501	353.0	-0.222877	0.016441
2510001	2511000	2510501	356.0	-0.222567	0.028650
2511001	2512000	2511501	385.0	-0.222257	0.141631
2512001	2513000	2512501	384.0	-0.221947	0.137879
2513001	2514000	2513501	303.0	-0.221637	-0.203909
2514001	2515000	2514501	330.0	-0.221327	-0.080761
2515001	2516000	2515501	378.0	-0.221017	0.115159
2516001	2517000	2516501	345.0	-0.220707	-0.016631
2517001	2518000	2517501	410.0	-0.220397	0.232397
2518001	2519000	2518501	425.0	-0.220087	0.284236
2519001	2520000	2519501	381.0	-0.219777	0.126564
2520001	2521000	2520501	401.0	-0.219467	0.200375
2521001	2522000	2521501	404.0	-0.219157	0.211128
2522001	2523000	2522501	345.0	-0.218847	-0.016631
2523001	2524000	2523501	364.0	-0.218537	0.060711
2524001	2525000	2524501	458.0	-0.218227	0.392121
2525001	2526000	2525501	413.0	-0.217917	0.242915
2526001	2527000	2526501	275.0	-0.217607	-0.343795
2527001	2528000	2527501	392.0	-0.217297	0.167627
2528001	2529000	2528501	311.0	-0.216987	-0.166312
2529001	2530000	2529501	388.0	-0.216677	0.152830
2530001	2531000	2530501	402.0	-0.216367	0.203968
2531001	2532000	2531501	349.0	-0.216057	0.000000
2532001	2533000	2532501	314.0	-0.215747	-0.152462
2533001	2534000	2533501	331.0	-0.215437	-0.076396
2534001	2535000	2534501	383.0	-0.215127	0.134117
2535001	2536000	2535501	387.0	-0.214817	0.149107
2536001	2537000	2536501	376.0	-0.214507	0.107506
2537001	2538000	2537501	469.0	-0.214197	0.426361
2538001	2539000	2538501	351.0	-0.213887	0.008244
2539001	2540000	2539501	434.0	-0.213577	0.314468
2540001	2541000	2540501	392.0	-0.213267	0.167627
2541001	2542000	2541501	396.0	-0.212957	0.182273
2542001	2543000	2542501	324.0	-0.212647	-0.107233
2543001	2544000	2543501	293.0	-0.212337	-0.252326
2544001	2545000	2544501	356.0	-0.212027	0.028650
2545001	2546000	2545501	375.0	-0.211717	0.103664
2546001	2547000	2546501	361.0	-0.211407	0.048772
2547001	2548000	2547501	410.0	-0.211097	0.232397
2548001	2549000	2548501	374.0	-0.210787	0.099811
2549001	2550000	2549501	354.0	-0.210477	0.020522
2550001	2551000	2550501	326.0	-0.210167	-0.098355
2551001	2552000	2551501	347.0	-0.209857	-0.008291
2552001	2553000	2552501	401.0	-0.209547	0.200375
2553001	2554000	2553501	423.0	-0.209237	0.277431
2554001	2555000	2554501	388.0	-0.208927	0.152830
2555001	2556000	2555501	351.0	-0.208617	0.008244
2556001	2557000	2556501	287.0	-0.208308	-0.282176
2557001	2558000	2557501	392.0	-0.207998	0.167627
2558001	2559000	2558501	389.0	-0.207688	0.156543
2559001	2560000	2559501	352.0	-0.207378	0.012348
2560001	2561000	2560501	403.0	-0.207068	0.207553
2561001	2562000	2561501	357.0	-0.206758	0.032697
2562001	2563000	2562501	369.0	-0.206448	0.080394
2563001	2564000	2563501	386.0	-0.206138	0.145374
2564001	2565000	2564501	385.0	-0.205828	0.141631
2565001	2566000	2565501	407.0	-0.205518	0.221802
2566001	2567000	2566501	396.0	-0.205208	0.182273
2567001	2568000	2567501	340.0	-0.204898	-0.037692
2568001	2569000	2568501	309.0	-0.204588	-0.175620
2569001	2570000	2569501	317.0	-0.204278	-0.138744
2570001	2571000	2570501	328.0	-0.203968	-0.089531
2571001	2572000	2571501	270.0	-0.203658	-0.370268
2572001	2573000	2572501	362.0	-0.203348	0.052763
2573001	2574000	2573501	318.0	-0.203038	-0.134200
2574001	2575000	2574501	296.0	-0.202728	-0.237630
2575001	2576000	2575501	382.0	-0.202418	0.130346
2576001	2577000	2576501	337.0	-0.202108	-0.050478
2577001	2578000	2577501	433.0	-0.201798	0.311140
2578001	2579000	2578501	355.0	-0.201488	0.024592
2579001	2580000	2579501	375.0	-0.201178	0.103664
2580001	2581000	2580501	311.0	-0.200868	-0.166312
2581001	2582000	2581501	335.0	-0.200558	-0.059066
2582001	2583000	2582501	376.0	-0.200248	0.107506
2583001	2584000	2583501	296.0	-0.199938	-0.237630
2584001	2585000	2584501	353.0	-0.199628	0.016441
2585001	2586000	2585501	332.0	-0.199318	-0.072044
2586001	2587000	2586501	347.0	-0.199008	-0.008291
2587001	2588000	2587501	338.0	-0.198698	-0.046204
2588001	2589000	2588501	364.0	-0.198388	0.060711
2589001	2590000	2589501	344.0	-0.198078	-0.020818
2590001	2591000	2590501	386.0	-0.197768	0.145374
2591001	2592000	2591501	349.0	-0.197458	0.000000
2592001	2593000	2592501	392.0	-0.197148	0.167627
2593001	2594000	2593501	304.0	-0.196838	-0.199156
2594001	2595000	2594501	345.0	-0.196528	-0.016631
2595001	2596000	2595501	401.0	-0.196218	0.200375
2596001	2597000	2596501	332.0	-0.195908	-0.072044
2597001	2598000	2597501	371.0	-0.195598	0.088192
2598001	2599000	2598501	365.0	-0.195288	0.064669
2599001	2600000	2599501	367.0	-0.194978	0.072553
2600001	2601000	2600501	378.0	-0.194668	0.115159
2601001	2602000	2601501	293.0	-0.194358	-0.252326
2602001	2603000	2602501	351.0	-0.194048	0.008244
2603001	2604000	2603501	388.0	-0.193738	0.152830
2604001	2605000	2604501	361.0	-0.193428	0.048772
2605001	2606000	2605501	351.0	-0.193118	0.008244
2606001	2607000	2606501	318.0	-0.192808	-0.134200
2607001	2608000	2607501	327.0	-0.192498	-0.093936
2608001	2609000	2608501	343.0	-0.192188	-0.025018
2609001	2610000	2609501	426.0	-0.191878	0.287626
2610001	2611000	2610501	373.0	-0.191569	0.095949
2611001	2612000	2611501	363.0	-0.191259	0.056743
2612001	2613000	2612501	334.0	-0.190949	-0.063379
2613001	2614000	2613501	332.0	-0.190639	-0.072044
2614001	2615000	2614501	353.0	-0.190329	0.016441
2615001	2616000	2615501	365.0	-0.190019	0.064669
2616001	2617000	2616501	334.0	-0.189709	-0.063379
2617001	2618000	2617501	318.0	-0.189399	-0.134200
2618001	2619000	2618501	375.0	-0.189089	0.103664
2619001	2620000	2619501	379.0	-0.188779	0.118971
2620001	2621000	2620501	308.0	-0.188469	-0.180297
2621001	2622000	2621501	377.0	-0.188159	0.111337
2622001	2623000	2622501	357.0	-0.187849	0.032697
2623001	2624000	2623501	292.0	-0.187539	-0.257259
2624001	2625000	2624501	314.0	-0.187229	-0.152462
2625001	2626000	2625501	372.0	-0.186919	0.092076
2626001	2627000	2626501	392.0	-0.186609	0.167627
2627001	2628000	2627501	358.0	-0.186299	0.036733
2628001	2629000	2628501	371.0	-0.185989	0.088192
2629001	2630000	2629501	341.0	-0.185679	-0.033455
2630001	2631000	2630501	311.0	-0.185369	-0.166312
2631001	2632000	2631501	346.0	-0.185059	-0.012455
2632001	2633000	2632501	353.0	-0.184749	0.016441
2633001	2634000	2633501	361.0	-0.184439	0.048772
2634001	2635000	2634501	405.0	-0.184129	0.214695
2635001	2636000	2635501	387.0	-0.183819	0.149107
2636001	2637000	2636501	398.0	-0.183509	0.189541
2637001	2638000	2637501	357.0	-0.183199	0.032697
2638001	2639000	2638501	417.0	-0.182889	0.256820
2639001	2640000	2639501	389.0	-0.182579	0.156543
2640001	2641000	2640501	416.0	-0.182269	0.253356
2641001	2642000	2641501	399.0	-0.181959	0.193162
2642001	2643000	2642501	406.0	-0.181649	0.218253
2643001	2644000	2643501	348.0	-0.181339	-0.004140
2644001	2645000	2644501	333.0	-0.181029	-0.067705
2645001	2646000	2645501	403.0	-0.180719	0.207553
2646001	2647000	2646501	383.0	-0.180409	0.134117
2647001	2648000	2647501	343.0	-0.180099	-0.025018
2648001	2649000	2648501	348.0	-0.179789	-0.004140
2649001	2650000	2649501	357.0	-0.179479	0.032697
2650001	2651000	2650501	393.0	-0.179169	0.171302
2651001	2652000	2651501	424.0	-0.178859	0.280837
2652001	2653000	2652501	336.0	-0.178549	-0.054766
2653001	2654000	2653501	288.0	-0.178239	-0.277158
2654001	2655000	2654501	333.0	-0.177929	-0.067705
2655001	2656000	2655501	399.0	-0.177619	0.193162
2656001	2657000	2656501	370.0	-0.177309	0.084298
2657001	2658000	2657501	376.0	-0.176999	0.107506
2658001	2659000	2658501	437.0	-0.176689	0.324406
2659001	2660000	2659501	344.0	-0.176379	-0.020818
2660001	2661000	2660501	500.0	-0.176069	0.518701
2661001	2662000	2661501	430.0	-0.175759	0.301110
2662001	2663000	2662501	378.0	-0.175449	0.115159
2663001	2664000	2663501	348.0	-0.175139	-0.004140
2664001	2665000	2664501	431.0	-0.174830	0.304461
2665001	2666000	2665501	371.0	-0.174520	0.088192
2666001	2667000	2666501	352.0	-0.174210	0.012348
2667001	2668000	2667501	475.0	-0.173900	0.444700
2668001	2669000	2668501	553.0	-0.173590	0.664052
2669001	2670000	2669501	363.0	-0.173280	0.056743
2670001	2671000	2670501	449.0	-0.172970	0.363488
2671001	2672000	2671501	420.0	-0.172660	0.267162
2672001	2673000	2672501	362.0	-0.172350	0.052763
2673001	2674000	2673501	386.0	-0.172040	0.145374
2674001	2675000	2674501	345.0	-0.171730	-0.016631
2675001	2676000	2675501	405.0	-0.171420	0.214695
2676001	2677000	2676501	400.0	-0.171110	0.196773
2677001	2678000	2677501	290.0	-0.170800	-0.267174
2678001	2679000	2678501	340.0	-0.170490	-0.037692
2679001	2680000	2679501	373.0	-0.170180	0.095949
2680001	2681000	2680501	406.0	-0.169870	0.218253
2681001	2682000	2681501	426.0	-0.169560	0.287626
2682001	2683000	2682501	428.0	-0.169250	0.294384
2683001	2684000	2683501	271.0	-0.168940	-0.364934
2684001	2685000	2684501	307.0	-0.168630	-0.184988
2685001	2686000	2685501	377.0	-0.168320	0.111337
2686001	2687000	2686501	274.0	-0.168010	-0.349051
2687001	2688000	2687501	335.0	-0.167700	-0.059066
2688001	2689000	2688501	307.0	-0.167390	-0.184988
2689001	2690000	2689501	320.0	-0.167080	-0.125155
2690001	2691000	2690501	377.0	-0.166770	0.111337
2691001	2692000	2691501	389.0	-0.166460	0.156543
2692001	2693000	2692501	368.0	-0.166150	0.076479
2693001	2694000	2693501	446.0	-0.165840	0.353817
2694001	2695000	2694501	309.0	-0.165530	-0.175620
2695001	2696000	2695501	346.0	-0.165220	-0.012455
2696001	2697000	2696501	351.0	-0.164910	0.008244
2697001	2698000	2697501	433.0	-0.164600	0.311140
2698001	2699000	2698501	326.0	-0.164290	-0.098355
2699001	2700000	2699501	408.0	-0.163980	0.225342
2700001	2701000	2700501	392.0	-0.163670	0.167627
2701001	2702000	2701501	372.0	-0.163360	0.092076
2702001	2703000	2702501	358.0	-0.163050	0.036733
2703001	2704000	2703501	401.0	-0.162740	0.200375
2704001	2705000	2704501	361.0	-0.162430	0.048772
2705001	2706000	2705501	385.0	-0.162120	0.141631
2706001	2707000	2706501	327.0	-0.161810	-0.093936
2707001	2708000	2707501	343.0	-0.161500	-0.025018
2708001	2709000	2708501	392.0	-0.161190	0.167627
2709001	2710000	2709501	379.0	-0.160880	0.118971
2710001	2711000	2710501	290.0	-0.160570	-0.267174
2711001	2712000	2711501	314.0	-0.160260	-0.152462
2712001	2713000	2712501	437.0	-0.159950	0.324406
2713001	2714000	2713501	347.0	-0.159640	-0.008291
2714001	2715000	2714501	324.0	-0.159330	-0.107233
2715001	2716000	2715501	411.0	-0.159020	0.235911
2716001	2717000	2716501	406.0	-0.158710	0.218253
2717001	2718000	2717501	405.0	-0.158400	0.214695
2718001	2719000	2718501	375.0	-0.158091	0.103664
2719001	2720000	2719501	523.0	-0.157781	0.583584
2720001	2721000	2720501	470.0	-0.157471	0.429434
2721001	2722000	2721501	446.0	-0.157161	0.353817
2722001	2723000	2722501	380.0	-0.156851	0.122772
2723001	2724000	2723501	339.0	-0.156541	-0.041942
2724001	2725000	2724501	467.0	-0.156231	0.420196
2725001	2726000	2725501	382.0	-0.155921	0.130346
2726001	2727000	2726501	356.0	-0.155611	0.028650
2727001	2728000	2727501	404.0	-0.155301	0.211128
2728001	2729000	2728501	341.0	-0.154991	-0.033455
2729001	2730000	2729501	302.0	-0.154681	-0.208678
2730001	2731000	2730501	383.0	-0.154371	0.134117
2731001	2732000	2731501	393.0	-0.154061	0.171302
2732001	2733000	2732501	440.0	-0.153751	0.334276
2733001	2734000	2733501	412.0	-0.153441	0.239417
2734001	2735000	2734501	331.0	-0.153131	-0.076396
2735001	2736000	2735501	494.0	-0.152821	0.501284
2736001	2737000	2736501	446.0	-0.152511	0.353817
2737001	2738000	2737501	477.0	-0.152201	0.450762
2738001	2739000	2738501	412.0	-0.151891	0.239417
2739001	2740000	2739501	320.0	-0.151581	-0.125155
2740001	2741000	2740501	335.0	-0.151271	-0.059066
2741001	2742000	2741501	300.0	-0.150961	-0.218265
2742001	2743000	2742501	380.0	-0.150651	0.122772
2743001	2744000	2743501	404.0	-0.150341	0.211128
2744001	2745000	2744501	314.0	-0.150031	-0.152462
2745001	2746000	2745501	340.0	-0.149721	-0.037692
2746001	2747000	2746501	309.0	-0.149411	-0.175620
2747001	2748000	2747501	343.0	-0.149101	-0.025018
2748001	2749000	2748501	281.0	-0.148791	-0.312657
2749001	2750000	2749501	296.0	-0.148481	-0.237630
2750001	2751000	2750501	318.0	-0.148171	-0.134200
2751001	2752000	2751501	339.0	-0.147861	-0.041942
2752001	2753000	2752501	364.0	-0.147551	0.060711
2753001	2754000	2753501	315.0	-0.147241	-0.147875
2754001	2755000	2754501	358.0	-0.146931	0.036733
2755001	2756000	2755501	295.0	-0.146621	-0.242512
2756001	2757000	2756501	336.0	-0.146311	-0.054766
2757001	2758000	2757501	369.0	-0.146001	0.080394
2758001	2759000	2758501	352.0	-0.145691	0.012348
2759001	2760000	2759501	344.0	-0.145381	-0.020818
2760001	2761000	2760501	339.0	-0.145071	-0.041942
2761001	2762000	2761501	391.0	-0.144761	0.163942
2762001	2763000	2762501	329.0	-0.144451	-0.085139
2763001	2764000	2763501	391.0	-0.144141	0.163942
2764001	2765000	2764501	335.0	-0.143831	-0.059066
2765001	2766000	2765501	317.0	-0.143521	-0.138744
2766001	2767000	2766501	378.0	-0.143211	0.115159
2767001	2768000	2767501	409.0	-0.142901	0.228874
2768001	2769000	2768501	306.0	-0.142591	-0.189695
2769001	2770000	2769501	348.0	-0.142281	-0.004140
2770001	2771000	2770501	327.0	-0.141971	-0.093936
2771001	2772000	2771501	344.0	-0.141662	-0.020818
2772001	2773000	2772501	377.0	-0.141352	0.111337
2773001	2774000	2773501	329.0	-0.141042	-0.085139
2774001	2775000	2774501	364.0	-0.140732	0.060711
2775001	2776000	2775501	334.0	-0.140422	-0.063379
2776001	2777000	2776501	260.0	-0.140112	-0.424715
2777001	2778000	2777501	361.0	-0.139802	0.048772
2778001	2779000	2778501	343.0	-0.139492	-0.025018
2779001	2780000	2779501	339.0	-0.139182	-0.041942
2780001	2781000	2780501	328.0	-0.138872	-0.089531
2781001	2782000	2781501	359.0	-0.138562	0.040757
2782001	2783000	2782501	347.0	-0.138252	-0.008291
2783001	2784000	2783501	379.0	-0.137942	0.118971
2784001	2785000	2784501	454.0	-0.137632	0.379465
2785001	2786000	2785501	425.0	-0.137322	0.284236
2786001	2787000	2786501	335.0	-0.137012	-0.059066
2787001	2788000	2787501	349.0	-0.136702	0.000000
2788001	2789000	2788501	336.0	-0.136392	-0.054766
2789001	2790000	2789501	412.0	-0.136082	0.239417
2790001	2791000	2790501	431.0	-0.135772	0.304461
2791001	2792000	2791501	348.0	-0.135462	-0.004140
2792001	2793000	2792501	367.0	-0.135152	0.072553
2793001	2794000	2793501	347.0	-0.134842	-0.008291
2794001	2795000	2794501	302.0	-0.134532	-0.208678
2795001	2796000	2795501	305.0	-0.134222	-0.194418
2796001	2797000	2796501	315.0	-0.133912	-0.147875
2797001	2798000	2797501	333.0	-0.133602	-0.067705
2798001	2799000	2798501	396.0	-0.133292	0.182273
2799001	2800000	2799501	342.0	-0.132982	-0.029231
2800001	2801000	2800501	322.0	-0.132672	-0.116166
2801001	2802000	2801501	374.0	-0.132362	0.099811
2802001	2803000	2802501	321.0	-0.132052	-0.120654
2803001	2804000	2803501	374.0	-0.131742	0.099811
2804001	2805000	2804501	399.0	-0.131432	0.193162
2805001	2806000	2805501	435.0	-0.131122	0.317788
2806001	2807000	2806501	295.0	-0.130812	-0.242512
2807001	2808000	2807501	340.0	-0.130502	-0.037692
2808001	2809000	2808501	285.0	-0.130192	-0.292265
2809001	2810000	2809501	268.0	-0.129882	-0.380994
2810001	2811000	2810501	327.0	-0.129572	-0.093936
2811001	2812000	2811501	315.0	-0.129262	-0.147875
2812001	2813000	2812501	346.0	-0.128952	-0.012455
2813001	2814000	2813501	374.0	-0.128642	0.099811
2814001	2815000	2814501	441.0	-0.128332	0.337552
2815001	2816000	2815501	406.0	-0.128022	0.218253
2816001	2817000	2816501	316.0	-0.127712	-0.143302
2817001	2818000	2817501	388.0	-0.127402	0.152830
2818001	2819000	2818501	382.0	-0.127092	0.130346
2819001	2820000	2819501	402.0	-0.126782	0.203968
2820001	2821000	2820501	373.0	-0.126472	0.095949
2821001	2822000	2821501	376.0	-0.126162	0.107506
2822001	2823000	2822501	459.0	-0.125852	0.395267
2823001	2824000	2823501	371.0	-0.125542	0.088192
2824001	2825000	2824501	388.0	-0.125232	0.152830
2825001	2826000	2825501	307.0	-0.124923	-0.184988
2826001	2827000	2826501	351.0	-0.124613	0.008244
2827001	2828000	2827501	312.0	-0.124303	-0.161681
2828001	2829000	2828501	418.0	-0.123993	0.260276
2829001	2830000	2829501	408.0	-0.123683	0.225342
2830001	2831000	2830501	365.0	-0.123373	0.064669
2831001	2832000	2831501	493.0	-0.123063	0.498361
2832001	2833000	2832501	426.0	-0.122753	0.287626
2833001	2834000	2833501	414.0	-0.122443	0.246404
2834001	2835000	2834501	423.0	-0.122133	0.277431
2835001	2836000	2835501	372.0	-0.121823	0.092076
2836001	2837000	2836501	363.0	-0.121513	0.056743
2837001	2838000	2837501	391.0	-0.121203	0.163942
2838001	2839000	2838501	404.0	-0.120893	0.211128
2839001	2840000	2839501	377.0	-0.120583	0.111337
2840001	2841000	2840501	404.0	-0.120273	0.211128
2841001	2842000	2841501	297.0	-0.119963	-0.232764
2842001	2843000	2842501	330.0	-0.119653	-0.080761
2843001	2844000	2843501	303.0	-0.119343	-0.203909
2844001	2845000	2844501	338.0	-0.119033	-0.046204
2845001	2846000	2845501	362.0	-0.118723	0.052763
2846001	2847000	2846501	426.0	-0.118413	0.287626
2847001	2848000	2847501	474.0	-0.118103	0.441660
2848001	2849000	2848501	413.0	-0.117793	0.242915
2849001	2850000	2849501	404.0	-0.117483	0.211128
2850001	2851000	2850501	350.0	-0.117173	0.004128
2851001	2852000	2851501	415.0	-0.116863	0.249884
2852001	2853000	2852501	446.0	-0.116553	0.353817
2853001	2854000	2853501	354.0	-0.116243	0.020522
2854001	2855000	2854501	361.0	-0.115933	0.048772
2855001	2856000	2855501	377.0	-0.115623	0.111337
2856001	2857000	2856501	405.0	-0.115313	0.214695
2857001	2858000	2857501	492.0	-0.115003	0.495431
2858001	2859000	2858501	385.0	-0.114693	0.141631
2859001	2860000	2859501	389.0	-0.114383	0.156543
2860001	2861000	2860501	316.0	-0.114073	-0.143302
2861001	2862000	2861501	369.0	-0.113763	0.080394
2862001	2863000	2862501	361.0	-0.113453	0.048772
2863001	2864000	2863501	352.0	-0.113143	0.012348
2864001	2865000	2864501	294.0	-0.112833	-0.247411
2865001	2866000	2865501	291.0	-0.112523	-0.262208
2866001	2867000	2866501	344.0	-0.112213	-0.020818
2867001	2868000	2867501	349.0	-0.111903	0.000000
2868001	2869000	2868501	357.0	-0.111593	0.032697
2869001	2870000	2869501	292.0	-0.111283	-0.257259
2870001	2871000	2870501	319.0	-0.110973	-0.129671
2871001	2872000	2871501	341.0	-0.110663	-0.033455
2872001	2873000	2872501	188.0	-0.110353	-0.892494
2873001	2874000	2873501	229.0	-0.110043	-0.607879
2874001	2875000	2874501	180.0	-0.109733	-0.955230
2875001	2876000	2875501	172.0	-0.109423	-1.020818
2876001	2877000	2876501	264.0	-0.109113	-0.402689
2877001	2878000	2877501	173.0	-0.108803	-1.012455
2878001	2879000	2878501	194.0	-0.108493	-0.847170
2879001	2880000	2879501	220.0	-0.108184	-0.665724
2880001	2881000	2880501	245.0	-0.107874	-0.510445
2881001	2882000	2881501	386.0	-0.107564	0.145374
2882001	2883000	2882501	358.0	-0.107254	0.036733
2883001	2884000	2883501	423.0	-0.106944	0.277431
2884001	2885000	2884501	500.0	-0.106634	0.518701
2885001	2886000	2885501	372.0	-0.106324	0.092076
2886001	2887000	2886501	409.0	-0.106014	0.228874
2887001	2888000	2887501	339.0	-0.105704	-0.041942
2888001	2889000	2888501	336.0	-0.105394	-0.054766
2889001	2890000	2889501	376.0	-0.105084	0.107506
2890001	2891000	2890501	334.0	-0.104774	-0.063379
2891001	2892000	2891501	288.0	-0.104464	-0.277158
2892001	2893000	2892501	373.0	-0.104154	0.095949
2893001	2894000	2893501	387.0	-0.103844	0.149107
2894001	2895000	2894501	303.0	-0.103534	-0.203909
2895001	2896000	2895501	307.0	-0.103224	-0.184988
2896001	2897000	2896501	333.0	-0.102914	-0.067705
2897001	2898000	2897501	361.0	-0.102604	0.048772
2898001	2899000	2898501	372.0	-0.102294	0.092076
2899001	2900000	2899501	337.0	-0.101984	-0.050478
2900001	2901000	2900501	362.0	-0.101674	0.052763
2901001	2902000	2901501	492.0	-0.101364	0.495431
2902001	2903000	2902501	374.0	-0.101054	0.099811
2903001	2904000	2903501	350.0	-0.100744	0.004128
2904001	2905000	2904501	364.0	-0.100434	0.060711
2905001	2906000	2905501	499.0	-0.100124	0.515813
2906001	2907000	2906501	384.0	-0.099814	0.137879
2907001	2908000	2907501	371.0	-0.099504	0.088192
2908001	2909000	2908501	396.0	-0.099194	0.182273
2909001	2910000	2909501	395.0	-0.098884	0.178626
2910001	2911000	2910501	297.0	-0.098574	-0.232764
2911001	2912000	2911501	250.0	-0.098264	-0.481299
2912001	2913000	2912501	293.0	-0.097954	-0.252326
2913001	2914000	2913501	283.0	-0.097644	-0.302425
2914001	2915000	2914501	212.0	-0.097334	-0.719163
2915001	2916000	2915501	277.0	-0.097024	-0.333341
2916001	2917000	2916501	376.0	-0.096714	0.107506
2917001	2918000	2917501	351.0	-0.096404	0.008244
2918001	2919000	2918501	360.0	-0.096094	0.044770
2919001	2920000	2919501	389.0	-0.095784	0.156543
2920001	2921000	2920501	295.0	-0.095474	-0.242512
2921001	2922000	2921501	369.0	-0.095164	0.080394
2922001	2923000	2922501	418.0	-0.094854	0.260276
2923001	2924000	2923501	436.0	-0.094544	0.321101
2924001	2925000	2924501	444.0	-0.094234	0.347333
2925001	2926000	2925501	419.0	-0.093924	0.263723
2926001	2927000	2926501	386.0	-0.093614	0.145374
2927001	2928000	2927501	346.0	-0.093304	-0.012455
2928001	2929000	2928501	375.0	-0.092994	0.103664
2929001	2930000	2929501	442.0	-0.092684	0.340819
2930001	2931000	2930501	310.0	-0.092374	-0.170959
2931001	2932000	2931501	381.0	-0.092064	0.126564
2932001	2933000	2932501	299.0	-0.091754	-0.223082
2933001	2934000	2933501	379.0	-0.091445	0.118971
2934001	2935000	2934501	322.0	-0.091135	-0.116166
2935001	2936000	2935501	362.0	-0.090825	0.052763
2936001	2937000	2936501	469.0	-0.090515	0.426361
2937001	2938000	2937501	378.0	-0.090205	0.115159
2938001	2939000	2938501	367.0	-0.089895	0.072553
2939001	2940000	2939501	377.0	-0.089585	0.111337
2940001	2941000	2940501	425.0	-0.089275	0.284236
2941001	2942000	2941501	426.0	-0.088965	0.287626
2942001	2943000	2942501	360.0	-0.088655	0.044770
2943001	2944000	2943501	357.0	-0.088345	0.032697
2944001	2945000	2944501	326.0	-0.088035	-0.098355
2945001	2946000	2945501	395.0	-0.087725	0.178626
2946001	2947000	2946501	425.0	-0.087415	0.284236
2947001	2948000	2947501	349.0	-0.087105	0.000000
2948001	2949000	2948501	339.0	-0.086795	-0.041942
2949001	2950000	2949501	325.0	-0.086485	-0.102787
2950001	2951000	2950501	363.0	-0.086175	0.056743
2951001	2952000	2951501	328.0	-0.085865	-0.089531
2952001	2953000	2952501	389.0	-0.085555	0.156543
2953001	2954000	2953501	214.0	-0.085245	-0.705616
2954001	2955000	2954501	166.0	-0.084935	-1.072044
2955001	2956000	2955501	225.0	-0.084625	-0.633302
2956001	2957000	2956501	182.0	-0.084315	-0.939289
2957001	2958000	2957501	174.0	-0.084005	-1.004140
2958001	2959000	2958501	165.0	-0.083695	-1.080761
2959001	2960000	2959501	249.0	-0.083385	-0.487081
2960001	2961000	2960501	354.0	-0.083075	0.020522
2961001	2962000	2961501	334.0	-0.082765	-0.063379
2962001	2963000	2962501	343.0	-0.082455	-0.025018
2963001	2964000	2963501	324.0	-0.082145	-0.107233
2964001	2965000	2964501	213.0	-0.081835	-0.712374
2965001	2966000	2965501	152.0	-0.081525	-1.199156
2966001	2967000	2966501	305.0	-0.081215	-0.194418
2967001	2968000	2967501	342.0	-0.080905	-0.029231
2968001	2969000	2968501	447.0	-0.080595	0.357048
2969001	2970000	2969501	468.0	-0.080285	0.423281
2970001	2971000	2970501	417.0	-0.079975	0.256820
2971001	2972000	2971501	395.0	-0.079665	0.178626
2972001	2973000	2972501	359.0	-0.079355	0.040757
2973001	2974000	2973501	379.0	-0.079045	0.118971
2974001	2975000	2974501	308.0	-0.078735	-0.180297
2975001	2976000	2975501	361.0	-0.078425	0.048772
2976001	2977000	2976501	335.0	-0.078115	-0.059066
2977001	2978000	2977501	345.0	-0.077805	-0.016631
2978001	2979000	2978501	393.0	-0.077495	0.171302
2979001	2980000	2979501	370.0	-0.077185	0.084298
2980001	2981000	2980501	372.0	-0.076875	0.092076
2981001	2982000	2981501	419.0	-0.076565	0.263723
2982001	2983000	2982501	384.0	-0.076255	0.137879
2983001	2984000	2983501	305.0	-0.075945	-0.194418
2984001	2985000	2984501	352.0	-0.075635	0.012348
2985001	2986000	2985501	346.0	-0.075325	-0.012455
2986001	2987000	2986501	354.0	-0.075015	0.020522
2987001	2988000	2987501	403.0	-0.074706	0.207553
2988001	2989000	2988501	453.0	-0.074396	0.376284
2989001	2990000	2989501	415.0	-0.074086	0.249884
2990001	2991000	2990501	425.0	-0.073776	0.284236
2991001	2992000	2991501	406.0	-0.073466	0.218253
2992001	2993000	2992501	386.0	-0.073156	0.145374
2993001	2994000	2993501	368.0	-0.072846	0.076479
2994001	2995000	2994501	401.0	-0.072536	0.200375
2995001	2996000	2995501	404.0	-0.072226	0.211128
2996001	2997000	2996501	335.0	-0.071916	-0.059066
2997001	2998000	2997501	297.0	-0.071606	-0.232764
2998001	2999000	2998501	287.0	-0.071296	-0.282176
2999001	3000000	2999501	341.0	-0.070986	-0.033455
3000001	3001000	3000501	321.0	-0.070676	-0.120654
3001001	3002000	3001501	324.0	-0.070366	-0.107233
3002001	3003000	3002501	307.0	-0.070056	-0.184988
3003001	3004000	3003501	403.0	-0.069746	0.207553
3004001	3005000	3004501	360.0	-0.069436	0.044770
3005001	3006000	3005501	293.0	-0.069126	-0.252326
3006001	3007000	3006501	464.0	-0.068816	0.410898
3007001	3008000	3007501	389.0	-0.068506	0.156543
3008001	3009000	3008501	415.0	-0.068196	0.249884
3009001	3010000	3009501	479.0	-0.067886	0.456799
3010001	3011000	3010501	382.0	-0.067576	0.130346
3011001	3012000	3011501	361.0	-0.067266	0.048772
3012001	3013000	3012501	384.0	-0.066956	0.137879
3013001	3014000	3013501	348.0	-0.066646	-0.004140
3014001	3015000	3014501	328.0	-0.066336	-0.089531
3015001	3016000	3015501	343.0	-0.066026	-0.025018
3016001	3017000	3016501	439.0	-0.065716	0.330994
3017001	3018000	3017501	553.0	-0.065406	0.664052
3018001	3019000	3018501	489.0	-0.065096	0.486607
3019001	3020000	3019501	356.0	-0.064786	0.028650
3020001	3021000	3020501	367.0	-0.064476	0.072553
3021001	3022000	3021501	375.0	-0.064166	0.103664
3022001	3023000	3022501	372.0	-0.063856	0.092076
3023001	3024000	3023501	365.0	-0.063546	0.064669
3024001	3025000	3024501	379.0	-0.063236	0.118971
3025001	3026000	3025501	321.0	-0.062926	-0.120654
3026001	3027000	3026501	318.0	-0.062616	-0.134200
3027001	3028000	3027501	291.0	-0.062306	-0.262208
3028001	3029000	3028501	339.0	-0.061996	-0.041942
3029001	3030000	3029501	392.0	-0.061686	0.167627
3030001	3031000	3030501	380.0	-0.061376	0.122772
3031001	3032000	3031501	349.0	-0.061066	0.000000
3032001	3033000	3032501	356.0	-0.060756	0.028650
3033001	3034000	3033501	424.0	-0.060446	0.280837
3034001	3035000	3034501	387.0	-0.060136	0.149107
3035001	3036000	3035501	443.0	-0.059826	0.344080
3036001	3037000	3036501	462.0	-0.059516	0.404666
3037001	3038000	3037501	389.0	-0.059206	0.156543
3038001	3039000	3038501	363.0	-0.058896	0.056743
3039001	3040000	3039501	307.0	-0.058586	-0.184988
3040001	3041000	3040501	388.0	-0.058277	0.152830
3041001	3042000	3041501	357.0	-0.057967	0.032697
3042001	3043000	3042501	450.0	-0.057657	0.366698
3043001	3044000	3043501	394.0	-0.057347	0.174969
3044001	3045000	3044501	348.0	-0.057037	-0.004140
3045001	3046000	3045501	295.0	-0.056727	-0.242512
3046001	3047000	3046501	336.0	-0.056417	-0.054766
3047001	3048000	3047501	423.0	-0.056107	0.277431
3048001	3049000	3048501	364.0	-0.055797	0.060711
3049001	3050000	3049501	386.0	-0.055487	0.145374
3050001	3051000	3050501	417.0	-0.055177	0.256820
3051001	3052000	3051501	387.0	-0.054867	0.149107
3052001	3053000	3052501	309.0	-0.054557	-0.175620
3053001	3054000	3053501	406.0	-0.054247	0.218253
3054001	3055000	3054501	351.0	-0.053937	0.008244
3055001	3056000	3055501	380.0	-0.053627	0.122772
3056001	3057000	3056501	308.0	-0.053317	-0.180297
3057001	3058000	3057501	310.0	-0.053007	-0.170959
3058001	3059000	3058501	371.0	-0.052697	0.088192
3059001	3060000	3059501	347.0	-0.052387	-0.008291
3060001	3061000	3060501	396.0	-0.052077	0.182273
3061001	3062000	3061501	374.0	-0.051767	0.099811
3062001	3063000	3062501	357.0	-0.051457	0.032697
3063001	3064000	3063501	396.0	-0.051147	0.182273
3064001	3065000	3064501	357.0	-0.050837	0.032697
3065001	3066000	3065501	387.0	-0.050527	0.149107
3066001	3067000	3066501	336.0	-0.050217	-0.054766
3067001	3068000	3067501	325.0	-0.049907	-0.102787
3068001	3069000	3068501	345.0	-0.049597	-0.016631
3069001	3070000	3069501	334.0	-0.049287	-0.063379
3070001	3071000	3070501	357.0	-0.048977	0.032697
3071001	3072000	3071501	341.0	-0.048667	-0.033455
3072001	3073000	3072501	388.0	-0.048357	0.152830
3073001	3074000	3073501	392.0	-0.048047	0.167627
3074001	3075000	3074501	440.0	-0.047737	0.334276
3075001	3076000	3075501	340.0	-0.047427	-0.037692
3076001	3077000	3076501	414.0	-0.047117	0.246404
3077001	3078000	3077501	390.0	-0.046807	0.160247
3078001	3079000	3078501	397.0	-0.046497	0.185912
3079001	3080000	3079501	380.0	-0.046187	0.122772
3080001	3081000	3080501	439.0	-0.045877	0.330994
3081001	3082000	3081501	380.0	-0.045567	0.122772
3082001	3083000	3082501	402.0	-0.045257	0.203968
3083001	3084000	3083501	416.0	-0.044947	0.253356
3084001	3085000	3084501	335.0	-0.044637	-0.059066
3085001	3086000	3085501	382.0	-0.044327	0.130346
3086001	3087000	3086501	355.0	-0.044017	0.024592
3087001	3088000	3087501	423.0	-0.043707	0.277431
3088001	3089000	3088501	411.0	-0.043397	0.235911
3089001	3090000	3089501	374.0	-0.043087	0.099811
3090001	3091000	3090501	370.0	-0.042777	0.084298
3091001	3092000	3091501	424.0	-0.042467	0.280837
3092001	3093000	3092501	336.0	-0.042157	-0.054766
3093001	3094000	3093501	339.0	-0.041847	-0.041942
3094001	3095000	3094501	347.0	-0.041538	-0.008291
3095001	3096000	3095501	337.0	-0.041228	-0.050478
3096001	3097000	3096501	387.0	-0.040918	0.149107
3097001	3098000	3097501	404.0	-0.040608	0.211128
3098001	3099000	3098501	390.0	-0.040298	0.160247
3099001	3100000	3099501	550.0	-0.039988	0.656205
3100001	3101000	3100501	383.0	-0.039678	0.134117
3101001	3102000	3101501	384.0	-0.039368	0.137879
3102001	3103000	3102501	426.0	-0.039058	0.287626
3103001	3104000	3103501	401.0	-0.038748	0.200375
3104001	3105000	3104501	370.0	-0.038438	0.084298
3105001	3106000	3105501	327.0	-0.038128	-0.093936
3106001	3107000	3106501	345.0	-0.037818	-0.016631
3107001	3108000	3107501	376.0	-0.037508	0.107506
3108001	3109000	3108501	388.0	-0.037198	0.152830
3109001	3110000	3109501	337.0	-0.036888	-0.050478
3110001	3111000	3110501	397.0	-0.036578	0.185912
3111001	3112000	3111501	344.0	-0.036268	-0.020818
3112001	3113000	3112501	296.0	-0.035958	-0.237630
3113001	3114000	3113501	382.0	-0.035648	0.130346
3114001	3115000	3114501	328.0	-0.035338	-0.089531
3115001	3116000	3115501	432.0	-0.035028	0.307804
3116001	3117000	3116501	359.0	-0.034718	0.040757
3117001	3118000	3117501	356.0	-0.034408	0.028650
3118001	3119000	3118501	332.0	-0.034098	-0.072044
3119001	3120000	3119501	350.0	-0.033788	0.004128
3120001	3121000	3120501	340.0	-0.033478	-0.037692
3121001	3122000	3121501	315.0	-0.033168	-0.147875
3122001	3123000	3122501	380.0	-0.032858	0.122772
3123001	3124000	3123501	318.0	-0.032548	-0.134200
3124001	3125000	3124501	389.0	-0.032238	0.156543
3125001	3126000	3125501	381.0	-0.031928	0.126564
3126001	3127000	3126501	327.0	-0.031618	-0.093936
3127001	3128000	3127501	318.0	-0.031308	-0.134200
3128001	3129000	3128501	324.0	-0.030998	-0.107233
3129001	3130000	3129501	324.0	-0.030688	-0.107233
3130001	3131000	3130501	294.0	-0.030378	-0.247411
3131001	3132000	3131501	374.0	-0.030068	0.099811
3132001	3133000	3132501	421.0	-0.029758	0.270593
3133001	3134000	3133501	357.0	-0.029448	0.032697
3134001	3135000	3134501	382.0	-0.029138	0.130346
3135001	3136000	3135501	334.0	-0.028828	-0.063379
3136001	3137000	3136501	326.0	-0.028518	-0.098355
3137001	3138000	3137501	365.0	-0.028208	0.064669
3138001	3139000	3138501	433.0	-0.027898	0.311140
3139001	3140000	3139501	353.0	-0.027588	0.016441
3140001	3141000	3140501	241.0	-0.027278	-0.534194
3141001	3142000	3141501	280.0	-0.026968	-0.317800
3142001	3143000	3142501	286.0	-0.026658	-0.287212
3143001	3144000	3143501	363.0	-0.026348	0.056743
3144001	3145000	3144501	318.0	-0.026038	-0.134200
3145001	3146000	3145501	419.0	-0.025728	0.263723
3146001	3147000	3146501	329.0	-0.025418	-0.085139
3147001	3148000	3147501	575.0	-0.025108	0.720335
3148001	3149000	3148501	437.0	-0.024799	0.324406
3149001	3150000	3149501	302.0	-0.024489	-0.208678
3150001	3151000	3150501	369.0	-0.024179	0.080394
3151001	3152000	3151501	401.0	-0.023869	0.200375
3152001	3153000	3152501	386.0	-0.023559	0.145374
3153001	3154000	3153501	326.0	-0.023249	-0.098355
3154001	3155000	3154501	348.0	-0.022939	-0.004140
3155001	3156000	3155501	440.0	-0.022629	0.334276
3156001	3157000	3156501	378.0	-0.022319	0.115159
3157001	3158000	3157501	375.0	-0.022009	0.103664
3158001	3159000	3158501	386.0	-0.021699	0.145374
3159001	3160000	3159501	417.0	-0.021389	0.256820
3160001	3161000	3160501	362.0	-0.021079	0.052763
3161001	3162000	3161501	353.0	-0.020769	0.016441
3162001	3163000	3162501	359.0	-0.020459	0.040757
3163001	3164000	3163501	283.0	-0.020149	-0.302425
3164001	3165000	3164501	345.0	-0.019839	-0.016631
3165001	3166000	3165501	330.0	-0.019529	-0.080761
3166001	3167000	3166501	323.0	-0.019219	-0.111693
3167001	3168000	3167501	344.0	-0.018909	-0.020818
3168001	3169000	3168501	419.0	-0.018599	0.263723
3169001	3170000	3169501	427.0	-0.018289	0.291009
3170001	3171000	3170501	345.0	-0.017979	-0.016631
3171001	3172000	3171501	294.0	-0.017669	-0.247411
3172001	3173000	3172501	366.0	-0.017359	0.068617
3173001	3174000	3173501	287.0	-0.017049	-0.282176
3174001	3175000	3174501	323.0	-0.016739	-0.111693
3175001	3176000	3175501	366.0	-0.016429	0.068617
3176001	3177000	3176501	433.0	-0.016119	0.311140
3177001	3178000	3177501	341.0	-0.015809	-0.033455
3178001	3179000	3178501	316.0	-0.015499	-0.143302
3179001	3180000	3179501	332.0	-0.015189	-0.072044
3180001	3181000	3180501	332.0	-0.014879	-0.072044
3181001	3182000	3181501	360.0	-0.014569	0.044770
3182001	3183000	3182501	330.0	-0.014259	-0.080761
3183001	3184000	3183501	328.0	-0.013949	-0.089531
3184001	3185000	3184501	296.0	-0.013639	-0.237630
3185001	3186000	3185501	311.0	-0.013329	-0.166312
3186001	3187000	3186501	326.0	-0.013019	-0.098355
3187001	3188000	3187501	384.0	-0.012709	0.137879
3188001	3189000	3188501	398.0	-0.012399	0.189541
3189001	3190000	3189501	331.0	-0.012089	-0.076396
3190001	3191000	3190501	346.0	-0.011779	-0.012455
3191001	3192000	3191501	341.0	-0.011469	-0.033455
3192001	3193000	3192501	376.0	-0.011159	0.107506
3193001	3194000	3193501	319.0	-0.010849	-0.129671
3194001	3195000	3194501	381.0	-0.010539	0.126564
3195001	3196000	3195501	406.0	-0.010229	0.218253
3196001	3197000	3196501	363.0	-0.009919	0.056743
3197001	3198000	3197501	375.0	-0.009609	0.103664
3198001	3199000	3198501	374.0	-0.009299	0.099811
3199001	3200000	3199501	280.0	-0.008989	-0.317800
3200001	3201000	3200501	359.0	-0.008679	0.040757
3201001	3202000	3201501	456.0	-0.008369	0.385807
3202001	3203000	3202501	471.0	-0.008060	0.432500
3203001	3204000	3203501	469.0	-0.007750	0.426361
3204001	3205000	3204501	436.0	-0.007440	0.321101
3205001	3206000	3205501	291.0	-0.007130	-0.262208
3206001	3207000	3206501	318.0	-0.006820	-0.134200
3207001	3208000	3207501	475.0	-0.006510	0.444700
3208001	3209000	3208501	338.0	-0.006200	-0.046204
3209001	3210000	3209501	372.0	-0.005890	0.092076
3210001	3211000	3210501	501.0	-0.005580	0.521584
3211001	3212000	3211501	353.0	-0.005270	0.016441
3212001	3213000	3212501	336.0	-0.004960	-0.054766
3213001	3214000	3213501	383.0	-0.004650	0.134117
3214001	3215000	3214501	423.0	-0.004340	0.277431
3215001	3216000	3215501	410.0	-0.004030	0.232397
3216001	3217000	3216501	351.0	-0.003720	0.008244
3217001	3218000	3217501	336.0	-0.003410	-0.054766
3218001	3219000	3218501	381.0	-0.003100	0.126564
3219001	3220000	3219501	320.0	-0.002790	-0.125155
3220001	3221000	3220501	409.0	-0.002480	0.228874
3221001	3222000	3221501	333.0	-0.002170	-0.067705
3222001	3223000	3222501	342.0	-0.001860	-0.029231
3223001	3224000	3223501	305.0	-0.001550	-0.194418
3224001	3225000	3224501	350.0	-0.001240	0.004128
3225001	3226000	3225501	353.0	-0.000930	0.016441
3226001	3227000	3226501	328.0	-0.000620	-0.089531
3227001	3228000	3227501	414.0	-0.000310	0.246404
3228001	3229000	3228501	420.0	0.000000	0.267162
3229001	3230000	3229501	372.0	0.000901	0.092076
3230001	3231000	3230501	331.0	0.001802	-0.076396
3231001	3232000	3231501	313.0	0.002703	-0.157064
3232001	3233000	3232501	316.0	0.003604	-0.143302
3233001	3234000	3233501	365.0	0.004505	0.064669
3234001	3235000	3234501	363.0	0.005406	0.056743
3235001	3236000	3235501	383.0	0.006307	0.134117
3236001	3237000	3236501	322.0	0.007209	-0.116166
3237001	3238000	3237501	356.0	0.008110	0.028650
3238001	3239000	3238501	340.0	0.009011	-0.037692
3239001	3240000	3239501	362.0	0.009912	0.052763
3240001	3241000	3240501	305.0	0.010813	-0.194418
3241001	3242000	3241501	348.0	0.011714	-0.004140
3242001	3243000	3242501	365.0	0.012615	0.064669
3243001	3244000	3243501	348.0	0.013516	-0.004140
3244001	3245000	3244501	335.0	0.014417	-0.059066
3245001	3246000	3245501	290.0	0.015318	-0.267174
3246001	3247000	3246501	393.0	0.016219	0.171302
3247001	3248000	3247501	321.0	0.017120	-0.120654
3248001	3249000	3248501	348.0	0.018021	-0.004140
3249001	3250000	3249501	500.0	0.018922	0.518701
3250001	3251000	3250501	382.0	0.019824	0.130346
3251001	3252000	3251501	516.0	0.020725	0.564144
3252001	3253000	3252501	473.0	0.021626	0.438613
3253001	3254000	3253501	535.0	0.022527	0.616312
3254001	3255000	3254501	330.0	0.023428	-0.080761
3255001	3256000	3255501	312.0	0.024329	-0.161681
3256001	3257000	3256501	371.0	0.025230	0.088192
3257001	3258000	3257501	328.0	0.026131	-0.089531
3258001	3259000	3258501	386.0	0.027032	0.145374
3259001	3260000	3259501	479.0	0.027933	0.456799
3260001	3261000	3260501	474.0	0.028834	0.441660
3261001	3262000	3261501	453.0	0.029735	0.376284
3262001	3263000	3262501	315.0	0.030636	-0.147875
3263001	3264000	3263501	368.0	0.031537	0.076479
3264001	3265000	3264501	389.0	0.032438	0.156543
3265001	3266000	3265501	282.0	0.033340	-0.307532
3266001	3267000	3266501	350.0	0.034241	0.004128
3267001	3268000	3267501	464.0	0.035142	0.410898
3268001	3269000	3268501	481.0	0.036043	0.462810
3269001	3270000	3269501	365.0	0.036944	0.064669
3270001	3271000	3270501	341.0	0.037845	-0.033455
3271001	3272000	3271501	276.0	0.038746	-0.338559
3272001	3273000	3272501	328.0	0.039647	-0.089531
3273001	3274000	3273501	444.0	0.040548	0.347333
3274001	3275000	3274501	423.0	0.041449	0.277431
3275001	3276000	3275501	386.0	0.042350	0.145374
3276001	3277000	3276501	399.0	0.043251	0.193162
3277001	3278000	3277501	367.0	0.044152	0.072553
3278001	3279000	3278501	339.0	0.045053	-0.041942
3279001	3280000	3279501	346.0	0.045955	-0.012455
3280001	3281000	3280501	372.0	0.046856	0.092076
3281001	3282000	3281501	432.0	0.047757	0.307804
3282001	3283000	3282501	413.0	0.048658	0.242915
3283001	3284000	3283501	357.0	0.049559	0.032697
3284001	3285000	3284501	335.0	0.050460	-0.059066
3285001	3286000	3285501	347.0	0.051361	-0.008291
3286001	3287000	3286501	320.0	0.052262	-0.125155
3287001	3288000	3287501	434.0	0.053163	0.314468
3288001	3289000	3288501	408.0	0.054064	0.225342
3289001	3290000	3289501	351.0	0.054965	0.008244
3290001	3291000	3290501	380.0	0.055866	0.122772
3291001	3292000	3291501	312.0	0.056767	-0.161681
3292001	3293000	3292501	288.0	0.057668	-0.277158
3293001	3294000	3293501	338.0	0.058569	-0.046204
3294001	3295000	3294501	388.0	0.059471	0.152830
3295001	3296000	3295501	409.0	0.060372	0.228874
3296001	3297000	3296501	377.0	0.061273	0.111337
3297001	3298000	3297501	313.0	0.062174	-0.157064
3298001	3299000	3298501	375.0	0.063075	0.103664
3299001	3300000	3299501	408.0	0.063976	0.225342
3300001	3301000	3300501	366.0	0.064877	0.068617
3301001	3302000	3301501	380.0	0.065778	0.122772
3302001	3303000	3302501	346.0	0.066679	-0.012455
3303001	3304000	3303501	322.0	0.067580	-0.116166
3304001	3305000	3304501	303.0	0.068481	-0.203909
3305001	3306000	3305501	346.0	0.069382	-0.012455
3306001	3307000	3306501	457.0	0.070283	0.388967
3307001	3308000	3307501	454.0	0.071184	0.379465
3308001	3309000	3308501	495.0	0.072086	0.504201
3309001	3310000	3309501	508.0	0.072987	0.541601
3310001	3311000	3310501	436.0	0.073888	0.321101
3311001	3312000	3311501	304.0	0.074789	-0.199156
3312001	3313000	3312501	314.0	0.075690	-0.152462
3313001	3314000	3313501	307.0	0.076591	-0.184988
3314001	3315000	3314501	361.0	0.077492	0.048772
3315001	3316000	3315501	317.0	0.078393	-0.138744
3316001	3317000	3316501	317.0	0.079294	-0.138744
3317001	3318000	3317501	353.0	0.080195	0.016441
3318001	3319000	3318501	348.0	0.081096	-0.004140
3319001	3320000	3319501	331.0	0.081997	-0.076396
3320001	3321000	3320501	326.0	0.082898	-0.098355
3321001	3322000	3321501	302.0	0.083799	-0.208678
3322001	3323000	3322501	374.0	0.084700	0.099811
3323001	3324000	3323501	397.0	0.085602	0.185912
3324001	3325000	3324501	347.0	0.086503	-0.008291
3325001	3326000	3325501	431.0	0.087404	0.304461
3326001	3327000	3326501	363.0	0.088305	0.056743
3327001	3328000	3327501	370.0	0.089206	0.084298
3328001	3329000	3328501	362.0	0.090107	0.052763
3329001	3330000	3329501	289.0	0.091008	-0.272158
3330001	3331000	3330501	353.0	0.091909	0.016441
3331001	3332000	3331501	396.0	0.092810	0.182273
3332001	3333000	3332501	361.0	0.093711	0.048772
3333001	3334000	3333501	331.0	0.094612	-0.076396
3334001	3335000	3334501	324.0	0.095513	-0.107233
3335001	3336000	3335501	329.0	0.096414	-0.085139
3336001	3337000	3336501	297.0	0.097315	-0.232764
3337001	3338000	3337501	297.0	0.098217	-0.232764
3338001	3339000	3338501	313.0	0.099118	-0.157064
3339001	3340000	3339501	349.0	0.100019	0.000000
3340001	3341000	3340501	315.0	0.100920	-0.147875
3341001	3342000	3341501	348.0	0.101821	-0.004140
3342001	3343000	3342501	375.0	0.102722	0.103664
3343001	3344000	3343501	371.0	0.103623	0.088192
3344001	3345000	3344501	368.0	0.104524	0.076479
3345001	3346000	3345501	296.0	0.105425	-0.237630
3346001	3347000	3346501	435.0	0.106326	0.317788
3347001	3348000	3347501	441.0	0.107227	0.337552
3348001	3349000	3348501	408.0	0.108128	0.225342
3349001	3350000	3349501	388.0	0.109029	0.152830
3350001	3351000	3350501	352.0	0.109930	0.012348
3351001	3352000	3351501	364.0	0.110831	0.060711
3352001	3353000	3352501	383.0	0.111733	0.134117
3353001	3354000	3353501	387.0	0.112634	0.149107
3354001	3355000	3354501	295.0	0.113535	-0.242512
3355001	3356000	3355501	291.0	0.114436	-0.262208
3356001	3357000	3356501	311.0	0.115337	-0.166312
3357001	3358000	3357501	347.0	0.116238	-0.008291
3358001	3359000	3358501	432.0	0.117139	0.307804
3359001	3360000	3359501	371.0	0.118040	0.088192
3360001	3361000	3360501	313.0	0.118941	-0.157064
3361001	3362000	3361501	303.0	0.119842	-0.203909
3362001	3363000	3362501	299.0	0.120743	-0.223082
3363001	3364000	3363501	293.0	0.121644	-0.252326
3364001	3365000	3364501	289.0	0.122545	-0.272158
3365001	3366000	3365501	284.0	0.123446	-0.297336
3366001	3367000	3366501	312.0	0.124348	-0.161681
3367001	3368000	3367501	267.0	0.125249	-0.386387
3368001	3369000	3368501	242.0	0.126150	-0.528220
3369001	3370000	3369501	316.0	0.127051	-0.143302
3370001	3371000	3370501	430.0	0.127952	0.301110
3371001	3372000	3371501	455.0	0.128853	0.382640
3372001	3373000	3372501	351.0	0.129754	0.008244
3373001	3374000	3373501	332.0	0.130655	-0.072044
3374001	3375000	3374501	344.0	0.131556	-0.020818
3375001	3376000	3375501	343.0	0.132457	-0.025018
3376001	3377000	3376501	295.0	0.133358	-0.242512
3377001	3378000	3377501	273.0	0.134259	-0.354326
3378001	3379000	3378501	313.0	0.135160	-0.157064
3379001	3380000	3379501	350.0	0.136061	0.004128
3380001	3381000	3380501	316.0	0.136962	-0.143302
3381001	3382000	3381501	336.0	0.137864	-0.054766
3382001	3383000	3382501	288.0	0.138765	-0.277158
3383001	3384000	3383501	317.0	0.139666	-0.138744
3384001	3385000	3384501	323.0	0.140567	-0.111693
3385001	3386000	3385501	330.0	0.141468	-0.080761
3386001	3387000	3386501	364.0	0.142369	0.060711
3387001	3388000	3387501	417.0	0.143270	0.256820
3388001	3389000	3388501	441.0	0.144171	0.337552
3389001	3390000	3389501	440.0	0.145072	0.334276
3390001	3391000	3390501	353.0	0.145973	0.016441
3391001	3392000	3391501	370.0	0.146874	0.084298
3392001	3393000	3392501	466.0	0.147775	0.417103
3393001	3394000	3393501	366.0	0.148676	0.068617
3394001	3395000	3394501	326.0	0.149577	-0.098355
3395001	3396000	3395501	404.0	0.150479	0.211128
3396001	3397000	3396501	370.0	0.151380	0.084298
3397001	3398000	3397501	415.0	0.152281	0.249884
3398001	3399000	3398501	461.0	0.153182	0.401540
3399001	3400000	3399501	389.0	0.154083	0.156543
3400001	3401000	3400501	368.0	0.154984	0.076479
3401001	3402000	3401501	334.0	0.155885	-0.063379
3402001	3403000	3402501	340.0	0.156786	-0.037692
3403001	3404000	3403501	340.0	0.157687	-0.037692
3404001	3405000	3404501	424.0	0.158588	0.280837
3405001	3406000	3405501	429.0	0.159489	0.297751
3406001	3407000	3406501	419.0	0.160390	0.263723
3407001	3408000	3407501	415.0	0.161291	0.249884
3408001	3409000	3408501	387.0	0.162192	0.149107
3409001	3410000	3409501	359.0	0.163093	0.040757
3410001	3411000	3410501	416.0	0.163995	0.253356
3411001	3412000	3411501	355.0	0.164896	0.024592
3412001	3413000	3412501	314.0	0.165797	-0.152462
3413001	3414000	3413501	250.0	0.166698	-0.481299
3414001	3415000	3414501	293.0	0.167599	-0.252326
3415001	3416000	3415501	308.0	0.168500	-0.180297
3416001	3417000	3416501	312.0	0.169401	-0.161681
3417001	3418000	3417501	390.0	0.170302	0.160247
3418001	3419000	3418501	360.0	0.171203	0.044770
3419001	3420000	3419501	448.0	0.172104	0.360272
3420001	3421000	3420501	369.0	0.173005	0.080394
3421001	3422000	3421501	372.0	0.173906	0.092076
3422001	3423000	3422501	400.0	0.174807	0.196773
3423001	3424000	3423501	413.0	0.175708	0.242915
3424001	3425000	3424501	399.0	0.176610	0.193162
3425001	3426000	3425501	371.0	0.177511	0.088192
3426001	3427000	3426501	389.0	0.178412	0.156543
3427001	3428000	3427501	343.0	0.179313	-0.025018
3428001	3429000	3428501	327.0	0.180214	-0.093936
3429001	3430000	3429501	338.0	0.181115	-0.046204
3430001	3431000	3430501	367.0	0.182016	0.072553
3431001	3432000	3431501	470.0	0.182917	0.429434
3432001	3433000	3432501	434.0	0.183818	0.314468
3433001	3434000	3433501	407.0	0.184719	0.221802
3434001	3435000	3434501	397.0	0.185620	0.185912
3435001	3436000	3435501	411.0	0.186521	0.235911
3436001	3437000	3436501	319.0	0.187422	-0.129671
3437001	3438000	3437501	368.0	0.188323	0.076479
3438001	3439000	3438501	471.0	0.189224	0.432500
3439001	3440000	3439501	473.0	0.190126	0.438613
3440001	3441000	3440501	451.0	0.191027	0.369900
3441001	3442000	3441501	448.0	0.191928	0.360272
3442001	3443000	3442501	384.0	0.192829	0.137879
3443001	3444000	3443501	441.0	0.193730	0.337552
3444001	3445000	3444501	428.0	0.194631	0.294384
3445001	3446000	3445501	361.0	0.195532	0.048772
3446001	3447000	3446501	375.0	0.196433	0.103664
3447001	3448000	3447501	426.0	0.197334	0.287626
3448001	3449000	3448501	354.0	0.198235	0.020522
3449001	3450000	3449501	413.0	0.199136	0.242915
3450001	3451000	3450501	407.0	0.200037	0.221802
3451001	3452000	3451501	405.0	0.200938	0.214695
3452001	3453000	3452501	364.0	0.201839	0.060711
3453001	3454000	3453501	375.0	0.202741	0.103664
3454001	3455000	3454501	407.0	0.203642	0.221802
3455001	3456000	3455501	393.0	0.204543	0.171302
3456001	3457000	3456501	366.0	0.205444	0.068617
3457001	3458000	3457501	376.0	0.206345	0.107506
3458001	3459000	3458501	379.0	0.207246	0.118971
3459001	3460000	3459501	298.0	0.208147	-0.227915
3460001	3461000	3460501	364.0	0.209048	0.060711
3461001	3462000	3461501	349.0	0.209949	0.000000
3462001	3463000	3462501	430.0	0.210850	0.301110
3463001	3464000	3463501	393.0	0.211751	0.171302
3464001	3465000	3464501	325.0	0.212652	-0.102787
3465001	3466000	3465501	364.0	0.213553	0.060711
3466001	3467000	3466501	515.0	0.214454	0.561345
3467001	3468000	3467501	333.0	0.215355	-0.067705
3468001	3469000	3468501	305.0	0.216257	-0.194418
3469001	3470000	3469501	347.0	0.217158	-0.008291
3470001	3471000	3470501	384.0	0.218059	0.137879
3471001	3472000	3471501	387.0	0.218960	0.149107
3472001	3473000	3472501	381.0	0.219861	0.126564
3473001	3474000	3473501	295.0	0.220762	-0.242512
3474001	3475000	3474501	334.0	0.221663	-0.063379
3475001	3476000	3475501	252.0	0.222564	-0.469803
3476001	3477000	3476501	314.0	0.223465	-0.152462
3477001	3478000	3477501	377.0	0.224366	0.111337
3478001	3479000	3478501	376.0	0.225267	0.107506
3479001	3480000	3479501	348.0	0.226168	-0.004140
3480001	3481000	3480501	315.0	0.227069	-0.147875
3481001	3482000	3481501	390.0	0.227970	0.160247
3482001	3483000	3482501	341.0	0.228872	-0.033455
3483001	3484000	3483501	389.0	0.229773	0.156543
3484001	3485000	3484501	309.0	0.230674	-0.175620
3485001	3486000	3485501	399.0	0.231575	0.193162
3486001	3487000	3486501	402.0	0.232476	0.203968
3487001	3488000	3487501	428.0	0.233377	0.294384
3488001	3489000	3488501	284.0	0.234278	-0.297336
3489001	3490000	3489501	384.0	0.235179	0.137879
3490001	3491000	3490501	401.0	0.236080	0.200375
3491001	3492000	3491501	357.0	0.236981	0.032697
3492001	3493000	3492501	363.0	0.237882	0.056743
3493001	3494000	3493501	380.0	0.238783	0.122772
3494001	3495000	3494501	335.0	0.239684	-0.059066
3495001	3496000	3495501	376.0	0.240585	0.107506
3496001	3497000	3496501	368.0	0.241486	0.076479
3497001	3498000	3497501	378.0	0.242388	0.115159
3498001	3499000	3498501	331.0	0.243289	-0.076396
3499001	3500000	3499501	321.0	0.244190	-0.120654
3500001	3501000	3500501	287.0	0.245091	-0.282176
3501001	3502000	3501501	365.0	0.245992	0.064669
3502001	3503000	3502501	289.0	0.246893	-0.272158
3503001	3504000	3503501	302.0	0.247794	-0.208678
3504001	3505000	3504501	356.0	0.248695	0.028650
3505001	3506000	3505501	382.0	0.249596	0.130346
3506001	3507000	3506501	371.0	0.250497	0.088192
3507001	3508000	3507501	337.0	0.251398	-0.050478
3508001	3509000	3508501	338.0	0.252299	-0.046204
3509001	3510000	3509501	380.0	0.253200	0.122772
3510001	3511000	3510501	357.0	0.254101	0.032697
3511001	3512000	3511501	384.0	0.255003	0.137879
3512001	3513000	3512501	366.0	0.255904	0.068617
3513001	3514000	3513501	392.0	0.256805	0.167627
3514001	3515000	3514501	360.0	0.257706	0.044770
3515001	3516000	3515501	398.0	0.258607	0.189541
3516001	3517000	3516501	394.0	0.259508	0.174969
3517001	3518000	3517501	319.0	0.260409	-0.129671
3518001	3519000	3518501	367.0	0.261310	0.072553
3519001	3520000	3519501	343.0	0.262211	-0.025018
3520001	3521000	3520501	441.0	0.263112	0.337552
3521001	3522000	3521501	559.0	0.264013	0.679621
3522001	3523000	3522501	451.0	0.264914	0.369900
3523001	3524000	3523501	339.0	0.265815	-0.041942
3524001	3525000	3524501	360.0	0.266716	0.044770
3525001	3526000	3525501	313.0	0.267617	-0.157064
3526001	3527000	3526501	389.0	0.268519	0.156543
3527001	3528000	3527501	333.0	0.269420	-0.067705
3528001	3529000	3528501	359.0	0.270321	0.040757
3529001	3530000	3529501	326.0	0.271222	-0.098355
3530001	3531000	3530501	438.0	0.272123	0.327704
3531001	3532000	3531501	362.0	0.273024	0.052763
3532001	3533000	3532501	306.0	0.273925	-0.189695
3533001	3534000	3533501	317.0	0.274826	-0.138744
3534001	3535000	3534501	339.0	0.275727	-0.041942
3535001	3536000	3535501	370.0	0.276628	0.084298
3536001	3537000	3536501	362.0	0.277529	0.052763
3537001	3538000	3537501	376.0	0.278430	0.107506
3538001	3539000	3538501	356.0	0.279331	0.028650
3539001	3540000	3539501	360.0	0.280232	0.044770
3540001	3541000	3540501	319.0	0.281134	-0.129671
3541001	3542000	3541501	368.0	0.282035	0.076479
3542001	3543000	3542501	274.0	0.282936	-0.349051
3543001	3544000	3543501	307.0	0.283837	-0.184988
3544001	3545000	3544501	352.0	0.284738	0.012348
3545001	3546000	3545501	408.0	0.285639	0.225342
3546001	3547000	3546501	322.0	0.286540	-0.116166
3547001	3548000	3547501	420.0	0.287441	0.267162
3548001	3549000	3548501	459.0	0.288342	0.395267
3549001	3550000	3549501	387.0	0.289243	0.149107
3550001	3551000	3550501	334.0	0.290144	-0.063379
3551001	3552000	3551501	462.0	0.291045	0.404666
3552001	3553000	3552501	470.0	0.291946	0.429434
3553001	3554000	3553501	395.0	0.292847	0.178626
3554001	3555000	3554501	405.0	0.293748	0.214695
3555001	3556000	3555501	407.0	0.294650	0.221802
3556001	3557000	3556501	430.0	0.295551	0.301110
3557001	3558000	3557501	277.0	0.296452	-0.333341
3558001	3559000	3558501	314.0	0.297353	-0.152462
3559001	3560000	3559501	324.0	0.298254	-0.107233
3560001	3561000	3560501	385.0	0.299155	0.141631
3561001	3562000	3561501	379.0	0.300056	0.118971
3562001	3563000	3562501	337.0	0.300957	-0.050478
3563001	3564000	3563501	468.0	0.301858	0.423281
3564001	3565000	3564501	418.0	0.302759	0.260276
3565001	3566000	3565501	355.0	0.303660	0.024592
3566001	3567000	3566501	347.0	0.304561	-0.008291
3567001	3568000	3567501	422.0	0.305462	0.274016
3568001	3569000	3568501	376.0	0.306363	0.107506
3569001	3570000	3569501	355.0	0.307265	0.024592
3570001	3571000	3570501	350.0	0.308166	0.004128
3571001	3572000	3571501	401.0	0.309067	0.200375
3572001	3573000	3572501	363.0	0.309968	0.056743
3573001	3574000	3573501	359.0	0.310869	0.040757
3574001	3575000	3574501	357.0	0.311770	0.032697
3575001	3576000	3575501	338.0	0.312671	-0.046204
3576001	3577000	3576501	386.0	0.313572	0.145374
3577001	3578000	3577501	330.0	0.314473	-0.080761
3578001	3579000	3578501	423.0	0.315374	0.277431
3579001	3580000	3579501	361.0	0.316275	0.048772
3580001	3581000	3580501	342.0	0.317176	-0.029231
3581001	3582000	3581501	389.0	0.318077	0.156543
3582001	3583000	3582501	426.0	0.318978	0.287626
3583001	3584000	3583501	367.0	0.319879	0.072553
3584001	3585000	3584501	345.0	0.320781	-0.016631
3585001	3586000	3585501	398.0	0.321682	0.189541
3586001	3587000	3586501	379.0	0.322583	0.118971
3587001	3588000	3587501	315.0	0.323484	-0.147875
3588001	3589000	3588501	333.0	0.324385	-0.067705
3589001	3590000	3589501	341.0	0.325286	-0.033455
3590001	3591000	3590501	248.0	0.326187	-0.492887
3591001	3592000	3591501	303.0	0.327088	-0.203909
3592001	3593000	3592501	302.0	0.327989	-0.208678
3593001	3594000	3593501	401.0	0.328890	0.200375
3594001	3595000	3594501	391.0	0.329791	0.163942
3595001	3596000	3595501	395.0	0.330692	0.178626
3596001	3597000	3596501	320.0	0.331593	-0.125155
3597001	3598000	3597501	323.0	0.332494	-0.111693
3598001	3599000	3598501	340.0	0.333396	-0.037692
3599001	3600000	3599501	502.0	0.334297	0.524460
3600001	3601000	3600501	374.0	0.335198	0.099811
3601001	3602000	3601501	362.0	0.336099	0.052763
3602001	3603000	3602501	341.0	0.337000	-0.033455
3603001	3604000	3603501	371.0	0.337901	0.088192
3604001	3605000	3604501	248.0	0.338802	-0.492887
3605001	3606000	3605501	344.0	0.339703	-0.020818
3606001	3607000	3606501	313.0	0.340604	-0.157064
3607001	3608000	3607501	327.0	0.341505	-0.093936
3608001	3609000	3608501	322.0	0.342406	-0.116166
3609001	3610000	3609501	364.0	0.343307	0.060711
3610001	3611000	3610501	317.0	0.344208	-0.138744
3611001	3612000	3611501	383.0	0.345109	0.134117
3612001	3613000	3612501	304.0	0.346010	-0.199156
3613001	3614000	3613501	350.0	0.346912	0.004128
3614001	3615000	3614501	413.0	0.347813	0.242915
3615001	3616000	3615501	361.0	0.348714	0.048772
3616001	3617000	3616501	327.0	0.349615	-0.093936
3617001	3618000	3617501	299.0	0.350516	-0.223082
3618001	3619000	3618501	403.0	0.351417	0.207553
3619001	3620000	3619501	293.0	0.352318	-0.252326
3620001	3621000	3620501	362.0	0.353219	0.052763
3621001	3622000	3621501	396.0	0.354120	0.182273
3622001	3623000	3622501	384.0	0.355021	0.137879
3623001	3624000	3623501	345.0	0.355922	-0.016631
3624001	3625000	3624501	373.0	0.356823	0.095949
3625001	3626000	3625501	399.0	0.357724	0.193162
3626001	3627000	3626501	385.0	0.358625	0.141631
3627001	3628000	3627501	380.0	0.359527	0.122772
3628001	3629000	3628501	449.0	0.360428	0.363488
3629001	3630000	3629501	362.0	0.361329	0.052763
3630001	3631000	3630501	359.0	0.362230	0.040757
3631001	3632000	3631501	326.0	0.363131	-0.098355
3632001	3633000	3632501	286.0	0.364032	-0.287212
3633001	3634000	3633501	312.0	0.364933	-0.161681
3634001	3635000	3634501	318.0	0.365834	-0.134200
3635001	3636000	3635501	320.0	0.366735	-0.125155
3636001	3637000	3636501	506.0	0.367636	0.535910
3637001	3638000	3637501	397.0	0.368537	0.185912
3638001	3639000	3638501	384.0	0.369438	0.137879
3639001	3640000	3639501	347.0	0.370339	-0.008291
3640001	3641000	3640501	356.0	0.371240	0.028650
3641001	3642000	3641501	357.0	0.372141	0.032697
3642001	3643000	3642501	365.0	0.373043	0.064669
3643001	3644000	3643501	367.0	0.373944	0.072553
3644001	3645000	3644501	310.0	0.374845	-0.170959
3645001	3646000	3645501	335.0	0.375746	-0.059066
3646001	3647000	3646501	321.0	0.376647	-0.120654
3647001	3648000	3647501	329.0	0.377548	-0.085139
3648001	3649000	3648501	337.0	0.378449	-0.050478
3649001	3650000	3649501	360.0	0.379350	0.044770
3650001	3651000	3650501	274.0	0.380251	-0.349051
3651001	3652000	3651501	397.0	0.381152	0.185912
3652001	3653000	3652501	341.0	0.382053	-0.033455
3653001	3654000	3653501	365.0	0.382954	0.064669
3654001	3655000	3654501	306.0	0.383855	-0.189695
3655001	3656000	3655501	332.0	0.384756	-0.072044
3656001	3657000	3656501	373.0	0.385658	0.095949
3657001	3658000	3657501	394.0	0.386559	0.174969
3658001	3659000	3658501	351.0	0.387460	0.008244
3659001	3660000	3659501	378.0	0.388361	0.115159
3660001	3661000	3660501	381.0	0.389262	0.126564
3661001	3662000	3661501	338.0	0.390163	-0.046204
3662001	3663000	3662501	324.0	0.391064	-0.107233
3663001	3664000	3663501	273.0	0.391965	-0.354326
3664001	3665000	3664501	364.0	0.392866	0.060711
3665001	3666000	3665501	342.0	0.393767	-0.029231
3666001	3667000	3666501	323.0	0.394668	-0.111693
3667001	3668000	3667501	333.0	0.395569	-0.067705
3668001	3669000	3668501	293.0	0.396470	-0.252326
3669001	3670000	3669501	345.0	0.397371	-0.016631
3670001	3671000	3670501	378.0	0.398272	0.115159
3671001	3672000	3671501	372.0	0.399174	0.092076
3672001	3673000	3672501	418.0	0.400075	0.260276
3673001	3674000	3673501	341.0	0.400976	-0.033455
3674001	3675000	3674501	286.0	0.401877	-0.287212
3675001	3676000	3675501	438.0	0.402778	0.327704
3676001	3677000	3676501	353.0	0.403679	0.016441
3677001	3678000	3677501	313.0	0.404580	-0.157064
3678001	3679000	3678501	305.0	0.405481	-0.194418
3679001	3680000	3679501	317.0	0.406382	-0.138744
3680001	3681000	3680501	381.0	0.407283	0.126564
3681001	3682000	3681501	364.0	0.408184	0.060711
3682001	3683000	3682501	474.0	0.409085	0.441660
3683001	3684000	3683501	329.0	0.409986	-0.085139
3684001	3685000	3684501	340.0	0.410887	-0.037692
3685001	3686000	3685501	299.0	0.411789	-0.223082
3686001	3687000	3686501	437.0	0.412690	0.324406
3687001	3688000	3687501	436.0	0.413591	0.321101
3688001	3689000	3688501	295.0	0.414492	-0.242512
3689001	3690000	3689501	340.0	0.415393	-0.037692
3690001	3691000	3690501	375.0	0.416294	0.103664
3691001	3692000	3691501	358.0	0.417195	0.036733
3692001	3693000	3692501	356.0	0.418096	0.028650
3693001	3694000	3693501	378.0	0.418997	0.115159
3694001	3695000	3694501	375.0	0.419898	0.103664
3695001	3696000	3695501	414.0	0.420799	0.246404
3696001	3697000	3696501	463.0	0.421700	0.407785
3697001	3698000	3697501	436.0	0.422601	0.321101
3698001	3699000	3698501	388.0	0.423502	0.152830
3699001	3700000	3699501	350.0	0.424403	0.004128
3700001	3701000	3700501	351.0	0.425305	0.008244
3701001	3702000	3701501	406.0	0.426206	0.218253
3702001	3703000	3702501	321.0	0.427107	-0.120654
3703001	3704000	3703501	374.0	0.428008	0.099811
3704001	3705000	3704501	364.0	0.428909	0.060711
3705001	3706000	3705501	371.0	0.429810	0.088192
3706001	3707000	3706501	334.0	0.430711	-0.063379
3707001	3708000	3707501	278.0	0.431612	-0.328142
3708001	3709000	3708501	410.0	0.432513	0.232397
3709001	3710000	3709501	425.0	0.433414	0.284236
3710001	3711000	3710501	353.0	0.434315	0.016441
3711001	3712000	3711501	337.0	0.435216	-0.050478
3712001	3713000	3712501	307.0	0.436117	-0.184988
3713001	3714000	3713501	353.0	0.437018	0.016441
3714001	3715000	3714501	325.0	0.437920	-0.102787
3715001	3716000	3715501	310.0	0.438821	-0.170959
3716001	3717000	3716501	360.0	0.439722	0.044770
3717001	3718000	3717501	319.0	0.440623	-0.129671
3718001	3719000	3718501	365.0	0.441524	0.064669
3719001	3720000	3719501	384.0	0.442425	0.137879
3720001	3721000	3720501	345.0	0.443326	-0.016631
3721001	3722000	3721501	441.0	0.444227	0.337552
3722001	3723000	3722501	377.0	0.445128	0.111337
3723001	3724000	3723501	384.0	0.446029	0.137879
3724001	3725000	3724501	294.0	0.446930	-0.247411
3725001	3726000	3725501	375.0	0.447831	0.103664
3726001	3727000	3726501	364.0	0.448732	0.060711
3727001	3728000	3727501	300.0	0.449633	-0.218265
3728001	3729000	3728501	322.0	0.450534	-0.116166
3729001	3730000	3729501	336.0	0.451436	-0.054766
3730001	3731000	3730501	298.0	0.452337	-0.227915
3731001	3732000	3731501	328.0	0.453238	-0.089531
3732001	3733000	3732501	399.0	0.454139	0.193162
3733001	3734000	3733501	381.0	0.455040	0.126564
3734001	3735000	3734501	369.0	0.455941	0.080394
3735001	3736000	3735501	380.0	0.456842	0.122772
3736001	3737000	3736501	394.0	0.457743	0.174969
3737001	3738000	3737501	390.0	0.458644	0.160247
3738001	3739000	3738501	379.0	0.459545	0.118971
3739001	3740000	3739501	347.0	0.460446	-0.008291
3740001	3741000	3740501	359.0	0.461347	0.040757
3741001	3742000	3741501	323.0	0.462248	-0.111693
3742001	3743000	3742501	355.0	0.463149	0.024592
3743001	3744000	3743501	439.0	0.464051	0.330994
3744001	3745000	3744501	459.0	0.464952	0.395267
3745001	3746000	3745501	434.0	0.465853	0.314468
3746001	3747000	3746501	374.0	0.466754	0.099811
3747001	3748000	3747501	431.0	0.467655	0.304461
3748001	3749000	3748501	294.0	0.468556	-0.247411
3749001	3750000	3749501	460.0	0.469457	0.398407
3750001	3751000	3750501	384.0	0.470358	0.137879
3751001	3752000	3751501	341.0	0.471259	-0.033455
3752001	3753000	3752501	369.0	0.472160	0.080394
3753001	3754000	3753501	286.0	0.473061	-0.287212
3754001	3755000	3754501	297.0	0.473962	-0.232764
3755001	3756000	3755501	308.0	0.474863	-0.180297
3756001	3757000	3756501	348.0	0.475764	-0.004140
3757001	3758000	3757501	369.0	0.476665	0.080394
3758001	3759000	3758501	473.0	0.477567	0.438613
3759001	3760000	3759501	293.0	0.478468	-0.252326
3760001	3761000	3760501	286.0	0.479369	-0.287212
3761001	3762000	3761501	417.0	0.480270	0.256820
3762001	3763000	3762501	378.0	0.481171	0.115159
3763001	3764000	3763501	443.0	0.482072	0.344080
3764001	3765000	3764501	319.0	0.482973	-0.129671
3765001	3766000	3765501	345.0	0.483874	-0.016631
3766001	3767000	3766501	393.0	0.484775	0.171302
3767001	3768000	3767501	322.0	0.485676	-0.116166
3768001	3769000	3768501	359.0	0.486577	0.040757
3769001	3770000	3769501	299.0	0.487478	-0.223082
3770001	3771000	3770501	333.0	0.488379	-0.067705
3771001	3772000	3771501	322.0	0.489280	-0.116166
3772001	3773000	3772501	320.0	0.490182	-0.125155
3773001	3774000	3773501	320.0	0.491083	-0.125155
3774001	3775000	3774501	341.0	0.491984	-0.033455
3775001	3776000	3775501	337.0	0.492885	-0.050478
3776001	3777000	3776501	314.0	0.493786	-0.152462
3777001	3778000	3777501	388.0	0.494687	0.152830
3778001	3779000	3778501	325.0	0.495588	-0.102787
3779001	3780000	3779501	293.0	0.496489	-0.252326
3780001	3781000	3780501	321.0	0.497390	-0.120654
3781001	3782000	3781501	285.0	0.498291	-0.292265
3782001	3783000	3782501	299.0	0.499192	-0.223082
3783001	3784000	3783501	306.0	0.500093	-0.189695
3784001	3785000	3784501	343.0	0.500994	-0.025018
3785001	3786000	3785501	294.0	0.501895	-0.247411
3786001	3787000	3786501	359.0	0.502796	0.040757
3787001	3788000	3787501	362.0	0.503698	0.052763
3788001	3789000	3788501	369.0	0.504599	0.080394
3789001	3790000	3789501	322.0	0.505500	-0.116166
3790001	3791000	3790501	260.0	0.506401	-0.424715
3791001	3792000	3791501	284.0	0.507302	-0.297336
3792001	3793000	3792501	326.0	0.508203	-0.098355
3793001	3794000	3793501	339.0	0.509104	-0.041942
3794001	3795000	3794501	331.0	0.510005	-0.076396
3795001	3796000	3795501	372.0	0.510906	0.092076
3796001	3797000	3796501	319.0	0.511807	-0.129671
3797001	3798000	3797501	339.0	0.512708	-0.041942
3798001	3799000	3798501	327.0	0.513609	-0.093936
3799001	3800000	3799501	468.0	0.514510	0.423281
3800001	3801000	3800501	400.0	0.515411	0.196773
3801001	3802000	3801501	361.0	0.516313	0.048772
3802001	3803000	3802501	322.0	0.517214	-0.116166
3803001	3804000	3803501	397.0	0.518115	0.185912
3804001	3805000	3804501	426.0	0.519016	0.287626
3805001	3806000	3805501	400.0	0.519917	0.196773
3806001	3807000	3806501	302.0	0.520818	-0.208678
3807001	3808000	3807501	413.0	0.521719	0.242915
3808001	3809000	3808501	382.0	0.522620	0.130346
3809001	3810000	3809501	497.0	0.523521	0.510019
3810001	3811000	3810501	518.0	0.524422	0.569725
3811001	3812000	3811501	348.0	0.525323	-0.004140
3812001	3813000	3812501	380.0	0.526224	0.122772
3813001	3814000	3813501	412.0	0.527125	0.239417
3814001	3815000	3814501	333.0	0.528026	-0.067705
3815001	3816000	3815501	348.0	0.528927	-0.004140
3816001	3817000	3816501	284.0	0.529829	-0.297336
3817001	3818000	3817501	298.0	0.530730	-0.227915
3818001	3819000	3818501	376.0	0.531631	0.107506
3819001	3820000	3819501	332.0	0.532532	-0.072044
3820001	3821000	3820501	407.0	0.533433	0.221802
3821001	3822000	3821501	415.0	0.534334	0.249884
3822001	3823000	3822501	346.0	0.535235	-0.012455
3823001	3824000	3823501	361.0	0.536136	0.048772
3824001	3825000	3824501	387.0	0.537037	0.149107
3825001	3826000	3825501	380.0	0.537938	0.122772
3826001	3827000	3826501	289.0	0.538839	-0.272158
3827001	3828000	3827501	304.0	0.539740	-0.199156
3828001	3829000	3828501	325.0	0.540641	-0.102787
3829001	3830000	3829501	383.0	0.541542	0.134117
3830001	3831000	3830501	369.0	0.542444	0.080394
3831001	3832000	3831501	289.0	0.543345	-0.272158
3832001	3833000	3832501	322.0	0.544246	-0.116166
3833001	3834000	3833501	325.0	0.545147	-0.102787
3834001	3835000	3834501	375.0	0.546048	0.103664
3835001	3836000	3835501	410.0	0.546949	0.232397
3836001	3837000	3836501	363.0	0.547850	0.056743
3837001	3838000	3837501	333.0	0.548751	-0.067705
3838001	3839000	3838501	342.0	0.549652	-0.029231
3839001	3840000	3839501	337.0	0.550553	-0.050478
3840001	3841000	3840501	387.0	0.551454	0.149107
3841001	3842000	3841501	358.0	0.552355	0.036733
3842001	3843000	3842501	389.0	0.553256	0.156543
3843001	3844000	3843501	361.0	0.554157	0.048772
3844001	3845000	3844501	300.0	0.555058	-0.218265
3845001	3846000	3845501	331.0	0.555960	-0.076396
3846001	3847000	3846501	313.0	0.556861	-0.157064
3847001	3848000	3847501	363.0	0.557762	0.056743
3848001	3849000	3848501	360.0	0.558663	0.044770
3849001	3850000	3849501	382.0	0.559564	0.130346
3850001	3851000	3850501	380.0	0.560465	0.122772
3851001	3852000	3851501	375.0	0.561366	0.103664
3852001	3853000	3852501	299.0	0.562267	-0.223082
3853001	3854000	3853501	354.0	0.563168	0.020522
3854001	3855000	3854501	399.0	0.564069	0.193162
3855001	3856000	3855501	410.0	0.564970	0.232397
3856001	3857000	3856501	351.0	0.565871	0.008244
3857001	3858000	3857501	340.0	0.566772	-0.037692
3858001	3859000	3858501	351.0	0.567673	0.008244
3859001	3860000	3859501	321.0	0.568574	-0.120654
3860001	3861000	3860501	378.0	0.569476	0.115159
3861001	3862000	3861501	291.0	0.570377	-0.262208
3862001	3863000	3862501	348.0	0.571278	-0.004140
3863001	3864000	3863501	341.0	0.572179	-0.033455
3864001	3865000	3864501	348.0	0.573080	-0.004140
3865001	3866000	3865501	340.0	0.573981	-0.037692
3866001	3867000	3866501	395.0	0.574882	0.178626
3867001	3868000	3867501	367.0	0.575783	0.072553
3868001	3869000	3868501	327.0	0.576684	-0.093936
3869001	3870000	3869501	397.0	0.577585	0.185912
3870001	3871000	3870501	322.0	0.578486	-0.116166
3871001	3872000	3871501	342.0	0.579387	-0.029231
3872001	3873000	3872501	383.0	0.580288	0.134117
3873001	3874000	3873501	398.0	0.581189	0.189541
3874001	3875000	3874501	421.0	0.582091	0.270593
3875001	3876000	3875501	396.0	0.582992	0.182273
3876001	3877000	3876501	352.0	0.583893	0.012348
3877001	3878000	3877501	396.0	0.584794	0.182273
3878001	3879000	3878501	435.0	0.585695	0.317788
3879001	3880000	3879501	364.0	0.586596	0.060711
3880001	3881000	3880501	315.0	0.587497	-0.147875
3881001	3882000	3881501	374.0	0.588398	0.099811
3882001	3883000	3882501	360.0	0.589299	0.044770
3883001	3884000	3883501	366.0	0.590200	0.068617
3884001	3885000	3884501	421.0	0.591101	0.270593
3885001	3886000	3885501	404.0	0.592002	0.211128
3886001	3887000	3886501	431.0	0.592903	0.304461
3887001	3888000	3887501	356.0	0.593804	0.028650
3888001	3889000	3888501	454.0	0.594705	0.379465
3889001	3890000	3889501	368.0	0.595607	0.076479
3890001	3891000	3890501	325.0	0.596508	-0.102787
3891001	3892000	3891501	543.0	0.597409	0.637725
3892001	3893000	3892501	391.0	0.598310	0.163942
3893001	3894000	3893501	493.0	0.599211	0.498361
3894001	3895000	3894501	356.0	0.600112	0.028650
3895001	3896000	3895501	370.0	0.601013	0.084298
3896001	3897000	3896501	356.0	0.601914	0.028650
3897001	3898000	3897501	373.0	0.602815	0.095949
3898001	3899000	3898501	357.0	0.603716	0.032697
3899001	3900000	3899501	512.0	0.604617	0.552917
3900001	3901000	3900501	357.0	0.605518	0.032697
3901001	3902000	3901501	436.0	0.606419	0.321101
3902001	3903000	3902501	350.0	0.607320	0.004128
3903001	3904000	3903501	297.0	0.608222	-0.232764
3904001	3905000	3904501	319.0	0.609123	-0.129671
3905001	3906000	3905501	319.0	0.610024	-0.129671
3906001	3907000	3906501	401.0	0.610925	0.200375
3907001	3908000	3907501	361.0	0.611826	0.048772
3908001	3909000	3908501	355.0	0.612727	0.024592
3909001	3910000	3909501	383.0	0.613628	0.134117
3910001	3911000	3910501	364.0	0.614529	0.060711
3911001	3912000	3911501	283.0	0.615430	-0.302425
3912001	3913000	3912501	392.0	0.616331	0.167627
3913001	3914000	3913501	395.0	0.617232	0.178626
3914001	3915000	3914501	343.0	0.618133	-0.025018
3915001	3916000	3915501	383.0	0.619034	0.134117
3916001	3917000	3916501	347.0	0.619935	-0.008291
3917001	3918000	3917501	366.0	0.620836	0.068617
3918001	3919000	3918501	354.0	0.621738	0.020522
3919001	3920000	3919501	393.0	0.622639	0.171302
3920001	3921000	3920501	395.0	0.623540	0.178626
3921001	3922000	3921501	493.0	0.624441	0.498361
3922001	3923000	3922501	396.0	0.625342	0.182273
3923001	3924000	3923501	281.0	0.626243	-0.312657
3924001	3925000	3924501	289.0	0.627144	-0.272158
3925001	3926000	3925501	364.0	0.628045	0.060711
3926001	3927000	3926501	421.0	0.628946	0.270593
3927001	3928000	3927501	287.0	0.629847	-0.282176
3928001	3929000	3928501	307.0	0.630748	-0.184988
3929001	3930000	3929501	311.0	0.631649	-0.166312
3930001	3931000	3930501	339.0	0.632550	-0.041942
3931001	3932000	3931501	318.0	0.633451	-0.134200
3932001	3933000	3932501	353.0	0.634353	0.016441
3933001	3934000	3933501	362.0	0.635254	0.052763
3934001	3935000	3934501	314.0	0.636155	-0.152462
3935001	3936000	3935501	262.0	0.637056	-0.413660
3936001	3937000	3936501	278.0	0.637957	-0.328142
3937001	3938000	3937501	285.0	0.638858	-0.292265
3938001	3939000	3938501	334.0	0.639759	-0.063379
3939001	3940000	3939501	350.0	0.640660	0.004128
3940001	3941000	3940501	373.0	0.641561	0.095949
3941001	3942000	3941501	416.0	0.642462	0.253356
3942001	3943000	3942501	385.0	0.643363	0.141631
3943001	3944000	3943501	417.0	0.644264	0.256820
3944001	3945000	3944501	375.0	0.645165	0.103664
3945001	3946000	3945501	367.0	0.646066	0.072553
3946001	3947000	3946501	339.0	0.646967	-0.041942
3947001	3948000	3947501	321.0	0.647869	-0.120654
3948001	3949000	3948501	321.0	0.648770	-0.120654
3949001	3950000	3949501	323.0	0.649671	-0.111693
3950001	3951000	3950501	498.0	0.650572	0.512919
3951001	3952000	3951501	458.0	0.651473	0.392121
3952001	3953000	3952501	539.0	0.652374	0.627058
3953001	3954000	3953501	372.0	0.653275	0.092076
3954001	3955000	3954501	501.0	0.654176	0.521584
3955001	3956000	3955501	415.0	0.655077	0.249884
3956001	3957000	3956501	449.0	0.655978	0.363488
3957001	3958000	3957501	321.0	0.656879	-0.120654
3958001	3959000	3958501	429.0	0.657780	0.297751
3959001	3960000	3959501	345.0	0.658681	-0.016631
3960001	3961000	3960501	367.0	0.659582	0.072553
3961001	3962000	3961501	373.0	0.660484	0.095949
3962001	3963000	3962501	300.0	0.661385	-0.218265
3963001	3964000	3963501	288.0	0.662286	-0.277158
3964001	3965000	3964501	369.0	0.663187	0.080394
3965001	3966000	3965501	402.0	0.664088	0.203968
3966001	3967000	3966501	467.0	0.664989	0.420196
3967001	3968000	3967501	399.0	0.665890	0.193162
3968001	3969000	3968501	260.0	0.666791	-0.424715
3969001	3970000	3969501	313.0	0.667692	-0.157064
3970001	3971000	3970501	336.0	0.668593	-0.054766
3971001	3972000	3971501	318.0	0.669494	-0.134200
3972001	3973000	3972501	450.0	0.670395	0.366698
3973001	3974000	3973501	425.0	0.671296	0.284236
3974001	3975000	3974501	366.0	0.672197	0.068617
3975001	3976000	3975501	400.0	0.673098	0.196773
3976001	3977000	3976501	473.0	0.674000	0.438613
3977001	3978000	3977501	402.0	0.674901	0.203968
3978001	3979000	3978501	511.0	0.675802	0.550096
3979001	3980000	3979501	343.0	0.676703	-0.025018
3980001	3981000	3980501	305.0	0.677604	-0.194418
3981001	3982000	3981501	370.0	0.678505	0.084298
3982001	3983000	3982501	369.0	0.679406	0.080394
3983001	3984000	3983501	356.0	0.680307	0.028650
3984001	3985000	3984501	329.0	0.681208	-0.085139
3985001	3986000	3985501	279.0	0.682109	-0.322962
3986001	3987000	3986501	351.0	0.683010	0.008244
3987001	3988000	3987501	295.0	0.683911	-0.242512
3988001	3989000	3988501	353.0	0.684812	0.016441
3989001	3990000	3989501	343.0	0.685713	-0.025018
3990001	3991000	3990501	309.0	0.686615	-0.175620
3991001	3992000	3991501	331.0	0.687516	-0.076396
3992001	3993000	3992501	425.0	0.688417	0.284236
3993001	3994000	3993501	366.0	0.689318	0.068617
3994001	3995000	3994501	388.0	0.690219	0.152830
3995001	3996000	3995501	290.0	0.691120	-0.267174
3996001	3997000	3996501	324.0	0.692021	-0.107233
3997001	3998000	3997501	449.0	0.692922	0.363488
3998001	3999000	3998501	399.0	0.693823	0.193162
3999001	4000000	3999501	310.0	0.694724	-0.170959
4000001	4001000	4000501	329.0	0.695625	-0.085139
4001001	4002000	4001501	318.0	0.696526	-0.134200
4002001	4003000	4002501	272.0	0.697427	-0.359620
4003001	4004000	4003501	352.0	0.698328	0.012348
4004001	4005000	4004501	341.0	0.699229	-0.033455
4005001	4006000	4005501	314.0	0.700131	-0.152462
4006001	4007000	4006501	376.0	0.701032	0.107506
4007001	4008000	4007501	340.0	0.701933	-0.037692
4008001	4009000	4008501	342.0	0.702834	-0.029231
4009001	4010000	4009501	413.0	0.703735	0.242915
4010001	4011000	4010501	376.0	0.704636	0.107506
4011001	4012000	4011501	345.0	0.705537	-0.016631
4012001	4013000	4012501	471.0	0.706438	0.432500
4013001	4014000	4013501	469.0	0.707339	0.426361
4014001	4015000	4014501	365.0	0.708240	0.064669
4015001	4016000	4015501	337.0	0.709141	-0.050478
4016001	4017000	4016501	293.0	0.710042	-0.252326
4017001	4018000	4017501	382.0	0.710943	0.130346
4018001	4019000	4018501	394.0	0.711844	0.174969
4019001	4020000	4019501	324.0	0.712746	-0.107233
4020001	4021000	4020501	356.0	0.713647	0.028650
4021001	4022000	4021501	434.0	0.714548	0.314468
4022001	4023000	4022501	392.0	0.715449	0.167627
4023001	4024000	4023501	356.0	0.716350	0.028650
4024001	4025000	4024501	381.0	0.717251	0.126564
4025001	4026000	4025501	353.0	0.718152	0.016441
4026001	4027000	4026501	310.0	0.719053	-0.170959
4027001	4028000	4027501	354.0	0.719954	0.020522
4028001	4029000	4028501	343.0	0.720855	-0.025018
4029001	4030000	4029501	344.0	0.721756	-0.020818
4030001	4031000	4030501	387.0	0.722657	0.149107
4031001	4032000	4031501	280.0	0.723558	-0.317800
4032001	4033000	4032501	304.0	0.724459	-0.199156
4033001	4034000	4033501	342.0	0.725360	-0.029231
4034001	4035000	4034501	318.0	0.726262	-0.134200
4035001	4036000	4035501	316.0	0.727163	-0.143302
4036001	4037000	4036501	271.0	0.728064	-0.364934
4037001	4038000	4037501	380.0	0.728965	0.122772
4038001	4039000	4038501	306.0	0.729866	-0.189695
4039001	4040000	4039501	350.0	0.730767	0.004128
4040001	4041000	4040501	326.0	0.731668	-0.098355
4041001	4042000	4041501	524.0	0.732569	0.586340
4042001	4043000	4042501	405.0	0.733470	0.214695
4043001	4044000	4043501	308.0	0.734371	-0.180297
4044001	4045000	4044501	417.0	0.735272	0.256820
4045001	4046000	4045501	348.0	0.736173	-0.004140
4046001	4047000	4046501	333.0	0.737074	-0.067705
4047001	4048000	4047501	312.0	0.737975	-0.161681
4048001	4049000	4048501	331.0	0.738877	-0.076396
4049001	4050000	4049501	454.0	0.739778	0.379465
4050001	4051000	4050501	375.0	0.740679	0.103664
4051001	4052000	4051501	349.0	0.741580	0.000000
4052001	4053000	4052501	336.0	0.742481	-0.054766
4053001	4054000	4053501	358.0	0.743382	0.036733
4054001	4055000	4054501	399.0	0.744283	0.193162
4055001	4056000	4055501	341.0	0.745184	-0.033455
4056001	4057000	4056501	387.0	0.746085	0.149107
4057001	4058000	4057501	442.0	0.746986	0.340819
4058001	4059000	4058501	467.0	0.747887	0.420196
4059001	4060000	4059501	392.0	0.748788	0.167627
4060001	4061000	4060501	341.0	0.749689	-0.033455
4061001	4062000	4061501	353.0	0.750590	0.016441
4062001	4063000	4062501	328.0	0.751491	-0.089531
4063001	4064000	4063501	363.0	0.752393	0.056743
4064001	4065000	4064501	361.0	0.753294	0.048772
4065001	4066000	4065501	386.0	0.754195	0.145374
4066001	4067000	4066501	347.0	0.755096	-0.008291
4067001	4068000	4067501	405.0	0.755997	0.214695
4068001	4069000	4068501	363.0	0.756898	0.056743
4069001	4070000	4069501	323.0	0.757799	-0.111693
4070001	4071000	4070501	357.0	0.758700	0.032697
4071001	4072000	4071501	370.0	0.759601	0.084298
4072001	4073000	4072501	398.0	0.760502	0.189541
4073001	4074000	4073501	402.0	0.761403	0.203968
4074001	4075000	4074501	297.0	0.762304	-0.232764
4075001	4076000	4075501	308.0	0.763205	-0.180297
4076001	4077000	4076501	275.0	0.764106	-0.343795
4077001	4078000	4077501	302.0	0.765008	-0.208678
4078001	4079000	4078501	275.0	0.765909	-0.343795
4079001	4080000	4079501	333.0	0.766810	-0.067705
4080001	4081000	4080501	311.0	0.767711	-0.166312
4081001	4082000	4081501	227.0	0.768612	-0.620535
4082001	4083000	4082501	266.0	0.769513	-0.391801
4083001	4084000	4083501	344.0	0.770414	-0.020818
4084001	4085000	4084501	247.0	0.771315	-0.498716
4085001	4086000	4085501	281.0	0.772216	-0.312657
4086001	4087000	4086501	305.0	0.773117	-0.194418
4087001	4088000	4087501	294.0	0.774018	-0.247411
4088001	4089000	4088501	280.0	0.774919	-0.317800
4089001	4090000	4089501	196.0	0.775820	-0.832373
4090001	4091000	4090501	260.0	0.776721	-0.424715
4091001	4092000	4091501	278.0	0.777622	-0.328142
4092001	4093000	4092501	286.0	0.778524	-0.287212
4093001	4094000	4093501	273.0	0.779425	-0.354326
4094001	4095000	4094501	288.0	0.780326	-0.277158
4095001	4096000	4095501	247.0	0.781227	-0.498716
4096001	4097000	4096501	244.0	0.782128	-0.516346
4097001	4098000	4097501	232.0	0.783029	-0.589102
4098001	4099000	4098501	270.0	0.783930	-0.370268
4099001	4100000	4099501	247.0	0.784831	-0.498716
4100001	4101000	4100501	258.0	0.785732	-0.435856
4101001	4102000	4101501	270.0	0.786633	-0.370268
4102001	4103000	4102501	248.0	0.787534	-0.492887
4103001	4104000	4103501	212.0	0.788435	-0.719163
4104001	4105000	4104501	257.0	0.789336	-0.441459
4105001	4106000	4105501	256.0	0.790237	-0.447083
4106001	4107000	4106501	229.0	0.791139	-0.607879
4107001	4108000	4107501	243.0	0.792040	-0.522271
4108001	4109000	4108501	225.0	0.792941	-0.633302
4109001	4110000	4109501	221.0	0.793842	-0.659181
4110001	4111000	4110501	281.0	0.794743	-0.312657
4111001	4112000	4111501	264.0	0.795644	-0.402689
4112001	4113000	4112501	415.0	0.796545	0.249884
4113001	4114000	4113501	336.0	0.797446	-0.054766
4114001	4115000	4114501	356.0	0.798347	0.028650
4115001	4116000	4115501	391.0	0.799248	0.163942
4116001	4117000	4116501	344.0	0.800149	-0.020818
4117001	4118000	4117501	298.0	0.801050	-0.227915
4118001	4119000	4118501	234.0	0.801951	-0.576719
4119001	4120000	4119501	221.0	0.802852	-0.659181
4120001	4121000	4120501	269.0	0.803753	-0.375621
4121001	4122000	4121501	437.0	0.804655	0.324406
4122001	4123000	4122501	332.0	0.805556	-0.072044
4123001	4124000	4123501	357.0	0.806457	0.032697
4124001	4125000	4124501	313.0	0.807358	-0.157064
4125001	4126000	4125501	355.0	0.808259	0.024592
4126001	4127000	4126501	322.0	0.809160	-0.116166
4127001	4128000	4127501	335.0	0.810061	-0.059066
4128001	4129000	4128501	387.0	0.810962	0.149107
4129001	4130000	4129501	375.0	0.811863	0.103664
4130001	4131000	4130501	314.0	0.812764	-0.152462
4131001	4132000	4131501	368.0	0.813665	0.076479
4132001	4133000	4132501	442.0	0.814566	0.340819
4133001	4134000	4133501	353.0	0.815467	0.016441
4134001	4135000	4134501	277.0	0.816368	-0.333341
4135001	4136000	4135501	349.0	0.817270	0.000000
4136001	4137000	4136501	410.0	0.818171	0.232397
4137001	4138000	4137501	365.0	0.819072	0.064669
4138001	4139000	4138501	401.0	0.819973	0.200375
4139001	4140000	4139501	290.0	0.820874	-0.267174
4140001	4141000	4140501	345.0	0.821775	-0.016631
4141001	4142000	4141501	368.0	0.822676	0.076479
4142001	4143000	4142501	392.0	0.823577	0.167627
4143001	4144000	4143501	404.0	0.824478	0.211128
4144001	4145000	4144501	356.0	0.825379	0.028650
4145001	4146000	4145501	309.0	0.826280	-0.175620
4146001	4147000	4146501	310.0	0.827181	-0.170959
4147001	4148000	4147501	345.0	0.828082	-0.016631
4148001	4149000	4148501	326.0	0.828983	-0.098355
4149001	4150000	4149501	359.0	0.829884	0.040757
4150001	4151000	4150501	410.0	0.830786	0.232397
4151001	4152000	4151501	371.0	0.831687	0.088192
4152001	4153000	4152501	335.0	0.832588	-0.059066
4153001	4154000	4153501	315.0	0.833489	-0.147875
4154001	4155000	4154501	443.0	0.834390	0.344080
4155001	4156000	4155501	521.0	0.835291	0.578056
4156001	4157000	4156501	327.0	0.836192	-0.093936
4157001	4158000	4157501	286.0	0.837093	-0.287212
4158001	4159000	4158501	356.0	0.837994	0.028650
4159001	4160000	4159501	360.0	0.838895	0.044770
4160001	4161000	4160501	327.0	0.839796	-0.093936
4161001	4162000	4161501	383.0	0.840697	0.134117
4162001	4163000	4162501	453.0	0.841598	0.376284
4163001	4164000	4163501	393.0	0.842499	0.171302
4164001	4165000	4164501	375.0	0.843401	0.103664
4165001	4166000	4165501	307.0	0.844302	-0.184988
4166001	4167000	4166501	300.0	0.845203	-0.218265
4167001	4168000	4167501	394.0	0.846104	0.174969
4168001	4169000	4168501	345.0	0.847005	-0.016631
4169001	4170000	4169501	362.0	0.847906	0.052763
4170001	4171000	4170501	349.0	0.848807	0.000000
4171001	4172000	4171501	375.0	0.849708	0.103664
4172001	4173000	4172501	360.0	0.850609	0.044770
4173001	4174000	4173501	410.0	0.851510	0.232397
4174001	4175000	4174501	391.0	0.852411	0.163942
4175001	4176000	4175501	396.0	0.853312	0.182273
4176001	4177000	4176501	425.0	0.854213	0.284236
4177001	4178000	4177501	369.0	0.855114	0.080394
4178001	4179000	4178501	336.0	0.856015	-0.054766
4179001	4180000	4179501	376.0	0.856917	0.107506
4180001	4181000	4180501	372.0	0.857818	0.092076
4181001	4182000	4181501	332.0	0.858719	-0.072044
4182001	4183000	4182501	323.0	0.859620	-0.111693
4183001	4184000	4183501	346.0	0.860521	-0.012455
4184001	4185000	4184501	336.0	0.861422	-0.054766
4185001	4186000	4185501	343.0	0.862323	-0.025018
4186001	4187000	4186501	378.0	0.863224	0.115159
4187001	4188000	4187501	364.0	0.864125	0.060711
4188001	4189000	4188501	383.0	0.865026	0.134117
4189001	4190000	4189501	394.0	0.865927	0.174969
4190001	4191000	4190501	321.0	0.866828	-0.120654
4191001	4192000	4191501	353.0	0.867729	0.016441
4192001	4193000	4192501	421.0	0.868630	0.270593
4193001	4194000	4193501	346.0	0.869532	-0.012455
4194001	4195000	4194501	358.0	0.870433	0.036733
4195001	4196000	4195501	337.0	0.871334	-0.050478
4196001	4197000	4196501	332.0	0.872235	-0.072044
4197001	4198000	4197501	348.0	0.873136	-0.004140
4198001	4199000	4198501	369.0	0.874037	0.080394
4199001	4200000	4199501	321.0	0.874938	-0.120654
4200001	4201000	4200501	329.0	0.875839	-0.085139
4201001	4202000	4201501	336.0	0.876740	-0.054766
4202001	4203000	4202501	318.0	0.877641	-0.134200
4203001	4204000	4203501	373.0	0.878542	0.095949
4204001	4205000	4204501	414.0	0.879443	0.246404
4205001	4206000	4205501	482.0	0.880344	0.465806
4206001	4207000	4206501	441.0	0.881245	0.337552
4207001	4208000	4207501	352.0	0.882146	0.012348
4208001	4209000	4208501	394.0	0.883048	0.174969
4209001	4210000	4209501	316.0	0.883949	-0.143302
4210001	4211000	4210501	371.0	0.884850	0.088192
4211001	4212000	4211501	285.0	0.885751	-0.292265
4212001	4213000	4212501	416.0	0.886652	0.253356
4213001	4214000	4213501	433.0	0.887553	0.311140
4214001	4215000	4214501	402.0	0.888454	0.203968
4215001	4216000	4215501	426.0	0.889355	0.287626
4216001	4217000	4216501	408.0	0.890256	0.225342
4217001	4218000	4217501	344.0	0.891157	-0.020818
4218001	4219000	4218501	298.0	0.892058	-0.227915
4219001	4220000	4219501	301.0	0.892959	-0.213464
4220001	4221000	4220501	311.0	0.893860	-0.166312
4221001	4222000	4221501	300.0	0.894761	-0.218265
4222001	4223000	4222501	301.0	0.895663	-0.213464
4223001	4224000	4223501	422.0	0.896564	0.274016
4224001	4225000	4224501	380.0	0.897465	0.122772
4225001	4226000	4225501	302.0	0.898366	-0.208678
4226001	4227000	4226501	347.0	0.899267	-0.008291
4227001	4228000	4227501	419.0	0.900168	0.263723
4228001	4229000	4228501	268.0	0.901069	-0.380994
4229001	4230000	4229501	290.0	0.901970	-0.267174
4230001	4231000	4230501	314.0	0.902871	-0.152462
4231001	4232000	4231501	290.0	0.903772	-0.267174
4232001	4233000	4232501	285.0	0.904673	-0.292265
4233001	4234000	4233501	308.0	0.905574	-0.180297
4234001	4235000	4234501	284.0	0.906475	-0.297336
4235001	4236000	4235501	330.0	0.907376	-0.080761
4236001	4237000	4236501	317.0	0.908277	-0.138744
4237001	4238000	4237501	369.0	0.909179	0.080394
4238001	4239000	4238501	308.0	0.910080	-0.180297
4239001	4240000	4239501	275.0	0.910981	-0.343795
4240001	4241000	4240501	335.0	0.911882	-0.059066
4241001	4242000	4241501	289.0	0.912783	-0.272158
4242001	4243000	4242501	351.0	0.913684	0.008244
4243001	4244000	4243501	321.0	0.914585	-0.120654
4244001	4245000	4244501	344.0	0.915486	-0.020818
4245001	4246000	4245501	302.0	0.916387	-0.208678
4246001	4247000	4246501	401.0	0.917288	0.200375
4247001	4248000	4247501	337.0	0.918189	-0.050478
4248001	4249000	4248501	302.0	0.919090	-0.208678
4249001	4250000	4249501	317.0	0.919991	-0.138744
4250001	4251000	4250501	277.0	0.920892	-0.333341
4251001	4252000	4251501	309.0	0.921794	-0.175620
4252001	4253000	4252501	306.0	0.922695	-0.189695
4253001	4254000	4253501	336.0	0.923596	-0.054766
4254001	4255000	4254501	332.0	0.924497	-0.072044
4255001	4256000	4255501	337.0	0.925398	-0.050478
4256001	4257000	4256501	312.0	0.926299	-0.161681
4257001	4258000	4257501	292.0	0.927200	-0.257259
4258001	4259000	4258501	333.0	0.928101	-0.067705
4259001	4260000	4259501	474.0	0.929002	0.441660
4260001	4261000	4260501	439.0	0.929903	0.330994
4261001	4262000	4261501	436.0	0.930804	0.321101
4262001	4263000	4262501	366.0	0.931705	0.068617
4263001	4264000	4263501	286.0	0.932606	-0.287212
4264001	4265000	4264501	298.0	0.933507	-0.227915
4265001	4266000	4265501	321.0	0.934408	-0.120654
4266001	4267000	4266501	357.0	0.935310	0.032697
4267001	4268000	4267501	443.0	0.936211	0.344080
4268001	4269000	4268501	430.0	0.937112	0.301110
4269001	4270000	4269501	400.0	0.938013	0.196773
4270001	4271000	4270501	400.0	0.938914	0.196773
4271001	4272000	4271501	425.0	0.939815	0.284236
4272001	4273000	4272501	417.0	0.940716	0.256820
4273001	4274000	4273501	322.0	0.941617	-0.116166
4274001	4275000	4274501	359.0	0.942518	0.040757
4275001	4276000	4275501	409.0	0.943419	0.228874
4276001	4277000	4276501	305.0	0.944320	-0.194418
4277001	4278000	4277501	356.0	0.945221	0.028650
4278001	4279000	4278501	269.0	0.946122	-0.375621
4279001	4280000	4279501	272.0	0.947023	-0.359620
4280001	4281000	4280501	249.0	0.947925	-0.487081
4281001	4282000	4281501	258.0	0.948826	-0.435856
4282001	4283000	4282501	313.0	0.949727	-0.157064
4283001	4284000	4283501	304.0	0.950628	-0.199156
4284001	4285000	4284501	380.0	0.951529	0.122772
4285001	4286000	4285501	252.0	0.952430	-0.469803
4286001	4287000	4286501	255.0	0.953331	-0.452730
4287001	4288000	4287501	262.0	0.954232	-0.413660
4288001	4289000	4288501	256.0	0.955133	-0.447083
4289001	4290000	4289501	222.0	0.956034	-0.652667
4290001	4291000	4290501	357.0	0.956935	0.032697
4291001	4292000	4291501	258.0	0.957836	-0.435856
4292001	4293000	4292501	413.0	0.958737	0.242915
4293001	4294000	4293501	258.0	0.959638	-0.435856
4294001	4295000	4294501	252.0	0.960539	-0.469803
4295001	4296000	4295501	300.0	0.961441	-0.218265
4296001	4297000	4296501	245.0	0.962342	-0.510445
4297001	4298000	4297501	256.0	0.963243	-0.447083
4298001	4299000	4298501	269.0	0.964144	-0.375621
4299001	4300000	4299501	265.0	0.965045	-0.397235
4300001	4301000	4300501	216.0	0.965946	-0.692196
4301001	4302000	4301501	230.0	0.966847	-0.601593
4302001	4303000	4302501	195.0	0.967748	-0.839753
4303001	4304000	4303501	273.0	0.968649	-0.354326
4304001	4305000	4304501	294.0	0.969550	-0.247411
4305001	4306000	4305501	277.0	0.970451	-0.333341
4306001	4307000	4306501	279.0	0.971352	-0.322962
4307001	4308000	4307501	289.0	0.972253	-0.272158
4308001	4309000	4308501	267.0	0.973154	-0.386387
4309001	4310000	4309501	202.0	0.974056	-0.788872
4310001	4311000	4310501	271.0	0.974957	-0.364934
4311001	4312000	4311501	381.0	0.975858	0.126564
4312001	4313000	4312501	320.0	0.976759	-0.125155
4313001	4314000	4313501	301.0	0.977660	-0.213464
4314001	4315000	4314501	408.0	0.978561	0.225342
4315001	4316000	4315501	372.0	0.979462	0.092076
4316001	4317000	4316501	377.0	0.980363	0.111337
4317001	4318000	4317501	307.0	0.981264	-0.184988
4318001	4319000	4318501	374.0	0.982165	0.099811
4319001	4320000	4319501	322.0	0.983066	-0.116166
4320001	4321000	4320501	264.0	0.983967	-0.402689
4321001	4322000	4321501	257.0	0.984868	-0.441459
4322001	4323000	4322501	339.0	0.985769	-0.041942
4323001	4324000	4323501	358.0	0.986670	0.036733
4324001	4325000	4324501	414.0	0.987572	0.246404
4325001	4326000	4325501	307.0	0.988473	-0.184988
4326001	4327000	4326501	438.0	0.989374	0.327704
4327001	4328000	4327501	324.0	0.990275	-0.107233
4328001	4329000	4328501	316.0	0.991176	-0.143302
4329001	4330000	4329501	286.0	0.992077	-0.287212
4330001	4331000	4330501	320.0	0.992978	-0.125155
4331001	4332000	4331501	320.0	0.993879	-0.125155
4332001	4333000	4332501	261.0	0.994780	-0.419177
4333001	4334000	4333501	386.0	0.995681	0.145374
4334001	4335000	4334501	344.0	0.996582	-0.020818
