window_start	window_end	window_mid	raw_count	norm_position	log2_ratio
1	1000	501	301.0	0.998198	-0.242114
1001	2000	1501	369.0	0.999099	0.051744
2001	3000	2501	345.0	1.000000	-0.045281
3001	4000	3501	322.0	-0.999690	-0.144817
4001	5000	4501	300.0	-0.999380	-0.246915
5001	6000	5501	340.0	-0.999070	-0.066342
6001	7000	6501	415.0	-0.998760	0.221234
7001	8000	7501	411.0	-0.998450	0.207261
8001	9000	8501	357.0	-0.998140	0.004047
9001	10000	9501	460.0	-0.997830	0.369757
10001	11000	10501	342.0	-0.997520	-0.057881
11001	12000	11501	421.0	-0.997210	0.241943
12001	13000	12501	362.0	-0.996900	0.024112
13001	14000	13501	402.0	-0.996590	0.175318
14001	15000	14501	338.0	-0.996280	-0.074854
15001	16000	15501	399.0	-0.995970	0.164512
16001	17000	16501	355.0	-0.995660	-0.004058
17001	18000	17501	378.0	-0.995350	0.086509
18001	19000	18501	339.0	-0.995040	-0.070592
19001	20000	19501	369.0	-0.994730	0.051744
20001	21000	20501	541.0	-0.994420	0.603751
21001	22000	21501	484.0	-0.994110	0.443130
22001	23000	22501	415.0	-0.993800	0.221234
23001	24000	23501	362.0	-0.993490	0.024112
24001	25000	24501	391.0	-0.993180	0.135291
25001	26000	25501	369.0	-0.992870	0.051744
26001	27000	26501	405.0	-0.992560	0.186045
27001	28000	27501	400.0	-0.992250	0.168123
28001	29000	28501	402.0	-0.991940	0.175318
29001	30000	29501	358.0	-0.991631	0.008082
30001	31000	30501	413.0	-0.991321	0.214265
31001	32000	31501	355.0	-0.991011	-0.004058
32001	33000	32501	324.0	-0.990701	-0.135883
33001	34000	33501	386.0	-0.990391	0.116724
34001	35000	34501	357.0	-0.990081	0.004047
35001	36000	35501	357.0	-0.989771	0.004047
36001	37000	36501	408.0	-0.989461	0.196692
37001	38000	37501	412.0	-0.989151	0.210767
38001	39000	38501	321.0	-0.988841	-0.149304
39001	40000	39501	351.0	-0.988531	-0.020406
40001	41000	40501	352.0	-0.988221	-0.016302
41001	42000	41501	379.0	-0.987911	0.090321
42001	43000	42501	406.0	-0.987601	0.189602
43001	44000	43501	378.0	-0.987291	0.086509
44001	45000	44501	357.0	-0.986981	0.004047
45001	46000	45501	352.0	-0.986671	-0.016302
46001	47000	46501	386.0	-0.986361	0.116724
47001	48000	47501	357.0	-0.986051	0.004047
48001	49000	48501	377.0	-0.985741	0.082687
49001	50000	49501	355.0	-0.985431	-0.004058
50001	51000	50501	319.0	-0.985121	-0.158321
51001	52000	51501	337.0	-0.984811	-0.079129
52001	53000	52501	394.0	-0.984501	0.146318
53001	54000	53501	333.0	-0.984191	-0.096355
54001	55000	54501	265.0	-0.983881	-0.425885
55001	56000	55501	338.0	-0.983571	-0.074854
56001	57000	56501	363.0	-0.983261	0.028092
57001	58000	57501	301.0	-0.982951	-0.242114
58001	59000	58501	419.0	-0.982641	0.235073
59001	60000	59501	310.0	-0.982331	-0.199609
60001	61000	60501	305.0	-0.982021	-0.223068
61001	62000	61501	313.0	-0.981711	-0.185715
62001	63000	62501	367.0	-0.981401	0.043903
63001	64000	63501	337.0	-0.981091	-0.079129
64001	65000	64501	503.0	-0.980781	0.498681
65001	66000	65501	348.0	-0.980471	-0.032790
66001	67000	66501	295.0	-0.980161	-0.271162
67001	68000	67501	329.0	-0.979851	-0.113790
68001	69000	68501	372.0	-0.979541	0.063425
69001	70000	69501	441.0	-0.979231	0.308901
70001	71000	70501	424.0	-0.978921	0.252187
71001	72000	71501	392.0	-0.978611	0.138976
72001	73000	72501	353.0	-0.978301	-0.012209
73001	74000	73501	396.0	-0.977991	0.153623
74001	75000	74501	359.0	-0.977681	0.012107
75001	76000	75501	316.0	-0.977371	-0.171953
76001	77000	76501	327.0	-0.977061	-0.122587
77001	78000	77501	317.0	-0.976751	-0.167394
78001	79000	78501	351.0	-0.976441	-0.020406
79001	80000	79501	332.0	-0.976131	-0.100694
80001	81000	80501	295.0	-0.975821	-0.271162
81001	82000	81501	353.0	-0.975511	-0.012209
82001	83000	82501	282.0	-0.975201	-0.336182
83001	84000	83501	305.0	-0.974892	-0.223068
84001	85000	84501	366.0	-0.974582	0.039966
85001	86000	85501	365.0	-0.974272	0.036019
86001	87000	86501	315.0	-0.973962	-0.176525
87001	88000	87501	322.0	-0.973652	-0.144817
88001	89000	88501	302.0	-0.973342	-0.237329
89001	90000	89501	378.0	-0.973032	0.086509
90001	91000	90501	353.0	-0.972722	-0.012209
91001	92000	91501	431.0	-0.972412	0.275811
92001	93000	92501	363.0	-0.972102	0.028092
93001	94000	93501	352.0	-0.971792	-0.016302
94001	95000	94501	398.0	-0.971482	0.160891
95001	96000	95501	481.0	-0.971172	0.434160
96001	97000	96501	327.0	-0.970862	-0.122587
97001	98000	97501	349.0	-0.970552	-0.028650
98001	99000	98501	326.0	-0.970242	-0.127005
99001	100000	99501	326.0	-0.969932	-0.127005
100001	101000	100501	341.0	-0.969622	-0.062106
101001	102000	101501	347.0	-0.969312	-0.036942
102001	103000	102501	403.0	-0.969002	0.178903
103001	104000	103501	371.0	-0.968692	0.059542
104001	105000	104501	333.0	-0.968382	-0.096355
105001	106000	105501	339.0	-0.968072	-0.070592
106001	107000	106501	315.0	-0.967762	-0.176525
107001	108000	107501	330.0	-0.967452	-0.109411
108001	109000	108501	321.0	-0.967142	-0.149304
109001	110000	109501	368.0	-0.966832	0.047829
110001	111000	110501	365.0	-0.966522	0.036019
111001	112000	111501	340.0	-0.966212	-0.066342
112001	113000	112501	390.0	-0.965902	0.131597
113001	114000	113501	263.0	-0.965592	-0.436814
114001	115000	114501	304.0	-0.965282	-0.227806
115001	116000	115501	336.0	-0.964972	-0.083416
116001	117000	116501	354.0	-0.964662	-0.008128
117001	118000	117501	311.0	-0.964352	-0.194963
118001	119000	118501	299.0	-0.964042	-0.251732
119001	120000	119501	337.0	-0.963732	-0.079129
120001	121000	120501	272.0	-0.963422	-0.388271
121001	122000	121501	331.0	-0.963112	-0.105046
122001	123000	122501	238.0	-0.962802	-0.580916
123001	124000	123501	201.0	-0.962492	-0.824682
124001	125000	124501	377.0	-0.962182	0.082687
125001	126000	125501	269.0	-0.961872	-0.404271
126001	127000	126501	311.0	-0.961562	-0.194963
127001	128000	127501	400.0	-0.961252	0.168123
128001	129000	128501	407.0	-0.960942	0.193152
129001	130000	129501	380.0	-0.960632	0.094122
130001	131000	130501	402.0	-0.960322	0.175318
131001	132000	131501	436.0	-0.960012	0.292451
132001	133000	132501	342.0	-0.959702	-0.057881
133001	134000	133501	341.0	-0.959392	-0.062106
134001	135000	134501	348.0	-0.959082	-0.032790
135001	136000	135501	383.0	-0.958772	0.105467
136001	137000	136501	378.0	-0.958462	0.086509
137001	138000	137501	406.0	-0.958153	0.189602
138001	139000	138501	423.0	-0.957843	0.248780
139001	140000	139501	357.0	-0.957533	0.004047
140001	141000	140501	244.0	-0.957223	-0.544996
141001	142000	141501	340.0	-0.956913	-0.066342
142001	143000	142501	400.0	-0.956603	0.168123
143001	144000	143501	346.0	-0.956293	-0.041105
144001	145000	144501	416.0	-0.955983	0.224706
145001	146000	145501	406.0	-0.955673	0.189602
146001	147000	146501	308.0	-0.955363	-0.208947
147001	148000	147501	285.0	-0.955053	-0.320915
148001	149000	148501	312.0	-0.954743	-0.190331
149001	150000	149501	351.0	-0.954433	-0.020406
150001	151000	150501	368.0	-0.954123	0.047829
151001	152000	151501	417.0	-0.953813	0.228170
152001	153000	152501	319.0	-0.953503	-0.158321
153001	154000	153501	359.0	-0.953193	0.012107
154001	155000	154501	368.0	-0.952883	0.047829
155001	156000	155501	399.0	-0.952573	0.164512
156001	157000	156501	341.0	-0.952263	-0.062106
157001	158000	157501	394.0	-0.951953	0.146318
158001	159000	158501	292.0	-0.951643	-0.285909
159001	160000	159501	334.0	-0.951333	-0.092029
160001	161000	160501	319.0	-0.951023	-0.158321
161001	162000	161501	323.0	-0.950713	-0.140343
162001	163000	162501	324.0	-0.950403	-0.135883
163001	164000	163501	359.0	-0.950093	0.012107
164001	165000	164501	352.0	-0.949783	-0.016302
165001	166000	165501	333.0	-0.949473	-0.096355
166001	167000	166501	391.0	-0.949163	0.135291
167001	168000	167501	351.0	-0.948853	-0.020406
168001	169000	168501	375.0	-0.948543	0.075013
169001	170000	169501	385.0	-0.948233	0.112981
170001	171000	170501	349.0	-0.947923	-0.028650
171001	172000	171501	359.0	-0.947613	0.012107
172001	173000	172501	306.0	-0.947303	-0.218346
173001	174000	173501	349.0	-0.946993	-0.028650
174001	175000	174501	282.0	-0.946683	-0.336182
175001	176000	175501	334.0	-0.946373	-0.092029
176001	177000	176501	386.0	-0.946063	0.116724
177001	178000	177501	409.0	-0.945753	0.200224
178001	179000	178501	350.0	-0.945443	-0.024522
179001	180000	179501	369.0	-0.945133	0.051744
180001	181000	180501	347.0	-0.944823	-0.036942
181001	182000	181501	326.0	-0.944513	-0.127005
182001	183000	182501	327.0	-0.944203	-0.122587
183001	184000	183501	310.0	-0.943893	-0.199609
184001	185000	184501	361.0	-0.943583	0.020122
185001	186000	185501	389.0	-0.943273	0.127893
186001	187000	186501	381.0	-0.942963	0.097914
187001	188000	187501	415.0	-0.942653	0.221234
188001	189000	188501	432.0	-0.942343	0.279154
189001	190000	189501	439.0	-0.942033	0.302344
190001	191000	190501	340.0	-0.941723	-0.066342
191001	192000	191501	358.0	-0.941414	0.008082
192001	193000	192501	351.0	-0.941104	-0.020406
193001	194000	193501	363.0	-0.940794	0.028092
194001	195000	194501	297.0	-0.940484	-0.261414
195001	196000	195501	256.0	-0.940174	-0.475733
196001	197000	196501	331.0	-0.939864	-0.105046
197001	198000	197501	277.0	-0.939554	-0.361991
198001	199000	198501	294.0	-0.939244	-0.276061
199001	200000	199501	318.0	-0.938934	-0.162850
200001	201000	200501	321.0	-0.938624	-0.149304
201001	202000	201501	256.0	-0.938314	-0.475733
202001	203000	202501	308.0	-0.938004	-0.208947
203001	204000	203501	425.0	-0.937694	0.255586
204001	205000	204501	518.0	-0.937384	0.541075
205001	206000	205501	420.0	-0.937074	0.238512
206001	207000	206501	357.0	-0.936764	0.004047
207001	208000	207501	289.0	-0.936454	-0.300808
208001	209000	208501	314.0	-0.936144	-0.181113
209001	210000	209501	425.0	-0.935834	0.255586
210001	211000	210501	374.0	-0.935524	0.071161
211001	212000	211501	433.0	-0.935214	0.282490
212001	213000	212501	410.0	-0.934904	0.203747
213001	214000	213501	363.0	-0.934594	0.028092
214001	215000	214501	346.0	-0.934284	-0.041105
215001	216000	215501	375.0	-0.933974	0.075013
216001	217000	216501	404.0	-0.933664	0.182478
217001	218000	217501	358.0	-0.933354	0.008082
218001	219000	218501	353.0	-0.933044	-0.012209
219001	220000	219501	398.0	-0.932734	0.160891
220001	221000	220501	362.0	-0.932424	0.024112
221001	222000	221501	330.0	-0.932114	-0.109411
222001	223000	222501	354.0	-0.931804	-0.008128
223001	224000	223501	347.0	-0.931494	-0.036942
224001	225000	224501	318.0	-0.931184	-0.162850
225001	226000	225501	370.0	-0.930874	0.055648
226001	227000	226501	341.0	-0.930564	-0.062106
227001	228000	227501	321.0	-0.930254	-0.149304
228001	229000	228501	307.0	-0.929944	-0.213639
229001	230000	229501	389.0	-0.929634	0.127893
230001	231000	230501	350.0	-0.929324	-0.024522
231001	232000	231501	370.0	-0.929014	0.055648
232001	233000	232501	312.0	-0.928704	-0.190331
233001	234000	233501	336.0	-0.928394	-0.083416
234001	235000	234501	349.0	-0.928084	-0.028650
235001	236000	235501	375.0	-0.927774	0.075013
236001	237000	236501	378.0	-0.927464	0.086509
237001	238000	237501	380.0	-0.927154	0.094122
238001	239000	238501	357.0	-0.926844	0.004047
239001	240000	239501	463.0	-0.926534	0.379135
240001	241000	240501	455.0	-0.926224	0.353989
241001	242000	241501	356.0	-0.925914	0.000000
242001	243000	242501	288.0	-0.925604	-0.305808
243001	244000	243501	375.0	-0.925294	0.075013
244001	245000	244501	379.0	-0.924985	0.090321
245001	246000	245501	441.0	-0.924675	0.308901
246001	247000	246501	406.0	-0.924365	0.189602
247001	248000	247501	378.0	-0.924055	0.086509
248001	249000	248501	396.0	-0.923745	0.153623
249001	250000	249501	430.0	-0.923435	0.272459
250001	251000	250501	346.0	-0.923125	-0.041105
251001	252000	251501	330.0	-0.922815	-0.109411
252001	253000	252501	382.0	-0.922505	0.101695
253001	254000	253501	484.0	-0.922195	0.443130
254001	255000	254501	428.0	-0.921885	0.265734
255001	256000	255501	468.0	-0.921575	0.394631
256001	257000	256501	437.0	-0.921265	0.295756
257001	258000	257501	387.0	-0.920955	0.120456
258001	259000	258501	345.0	-0.920645	-0.045281
259001	260000	259501	389.0	-0.920335	0.127893
260001	261000	260501	288.0	-0.920025	-0.305808
261001	262000	261501	300.0	-0.919715	-0.246915
262001	263000	262501	332.0	-0.919405	-0.100694
263001	264000	263501	375.0	-0.919095	0.075013
264001	265000	264501	397.0	-0.918785	0.157262
265001	266000	265501	430.0	-0.918475	0.272459
266001	267000	266501	329.0	-0.918165	-0.113790
267001	268000	267501	279.0	-0.917855	-0.351612
268001	269000	268501	288.0	-0.917545	-0.305808
269001	270000	269501	257.0	-0.917235	-0.470109
270001	271000	270501	287.0	-0.916925	-0.310827
271001	272000	271501	269.0	-0.916615	-0.404271
272001	273000	272501	257.0	-0.916305	-0.470109
273001	274000	273501	284.0	-0.915995	-0.325986
274001	275000	274501	399.0	-0.915685	0.164512
275001	276000	275501	358.0	-0.915375	0.008082
276001	277000	276501	309.0	-0.915065	-0.204270
277001	278000	277501	344.0	-0.914755	-0.049469
278001	279000	278501	432.0	-0.914445	0.279154
279001	280000	279501	411.0	-0.914135	0.207261
280001	281000	280501	331.0	-0.913825	-0.105046
281001	282000	281501	296.0	-0.913515	-0.266280
282001	283000	282501	421.0	-0.913205	0.241943
283001	284000	283501	359.0	-0.912895	0.012107
284001	285000	284501	380.0	-0.912585	0.094122
285001	286000	285501	292.0	-0.912275	-0.285909
286001	287000	286501	268.0	-0.911965	-0.409644
287001	288000	287501	319.0	-0.911655	-0.158321
288001	289000	288501	322.0	-0.911345	-0.144817
289001	290000	289501	398.0	-0.911035	0.160891
290001	291000	290501	425.0	-0.910725	0.255586
291001	292000	291501	343.0	-0.910415	-0.053669
292001	293000	292501	382.0	-0.910105	0.101695
293001	294000	293501	299.0	-0.909795	-0.251732
294001	295000	294501	345.0	-0.909485	-0.045281
295001	296000	295501	388.0	-0.909175	0.124179
296001	297000	296501	374.0	-0.908865	0.071161
297001	298000	297501	371.0	-0.908555	0.059542
298001	299000	298501	314.0	-0.908246	-0.181113
299001	300000	299501	278.0	-0.907936	-0.356792
300001	301000	300501	328.0	-0.907626	-0.118181
301001	302000	301501	289.0	-0.907316	-0.300808
302001	303000	302501	396.0	-0.907006	0.153623
303001	304000	303501	389.0	-0.906696	0.127893
304001	305000	304501	311.0	-0.906386	-0.194963
305001	306000	305501	354.0	-0.906076	-0.008128
306001	307000	306501	372.0	-0.905766	0.063425
307001	308000	307501	425.0	-0.905456	0.255586
308001	309000	308501	459.0	-0.905146	0.366617
309001	310000	309501	432.0	-0.904836	0.279154
310001	311000	310501	364.0	-0.904526	0.032061
311001	312000	311501	406.0	-0.904216	0.189602
312001	313000	312501	412.0	-0.903906	0.210767
313001	314000	313501	432.0	-0.903596	0.279154
314001	315000	314501	447.0	-0.903286	0.328398
315001	316000	315501	422.0	-0.902976	0.245366
316001	317000	316501	384.0	-0.902666	0.109229
317001	318000	317501	395.0	-0.902356	0.149975
318001	319000	318501	410.0	-0.902046	0.203747
319001	320000	319501	431.0	-0.901736	0.275811
320001	321000	320501	385.0	-0.901426	0.112981
321001	322000	321501	423.0	-0.901116	0.248780
322001	323000	322501	367.0	-0.900806	0.043903
323001	324000	323501	383.0	-0.900496	0.105467
324001	325000	324501	376.0	-0.900186	0.078855
325001	326000	325501	415.0	-0.899876	0.221234
326001	327000	326501	448.0	-0.899566	0.331621
327001	328000	327501	371.0	-0.899256	0.059542
328001	329000	328501	333.0	-0.898946	-0.096355
329001	330000	329501	269.0	-0.898636	-0.404271
330001	331000	330501	359.0	-0.898326	0.012107
331001	332000	331501	416.0	-0.898016	0.224706
332001	333000	332501	357.0	-0.897706	0.004047
333001	334000	333501	411.0	-0.897396	0.207261
334001	335000	334501	425.0	-0.897086	0.255586
335001	336000	335501	402.0	-0.896776	0.175318
336001	337000	336501	438.0	-0.896466	0.299054
337001	338000	337501	334.0	-0.896156	-0.092029
338001	339000	338501	358.0	-0.895846	0.008082
339001	340000	339501	334.0	-0.895536	-0.092029
340001	341000	340501	376.0	-0.895226	0.078855
341001	342000	341501	331.0	-0.894916	-0.105046
342001	343000	342501	389.0	-0.894606	0.127893
343001	344000	343501	386.0	-0.894296	0.116724
344001	345000	344501	413.0	-0.893986	0.214265
345001	346000	345501	344.0	-0.893676	-0.049469
346001	347000	346501	398.0	-0.893366	0.160891
347001	348000	347501	311.0	-0.893056	-0.194963
348001	349000	348501	350.0	-0.892746	-0.024522
349001	350000	349501	421.0	-0.892436	0.241943
350001	351000	350501	413.0	-0.892126	0.214265
351001	352000	351501	325.0	-0.891816	-0.131438
352001	353000	352501	456.0	-0.891507	0.357157
353001	354000	353501	355.0	-0.891197	-0.004058
354001	355000	354501	354.0	-0.890887	-0.008128
355001	356000	355501	381.0	-0.890577	0.097914
356001	357000	356501	351.0	-0.890267	-0.020406
357001	358000	357501	355.0	-0.889957	-0.004058
358001	359000	358501	328.0	-0.889647	-0.118181
359001	360000	359501	346.0	-0.889337	-0.041105
360001	361000	360501	331.0	-0.889027	-0.105046
361001	362000	361501	335.0	-0.888717	-0.087716
362001	363000	362501	329.0	-0.888407	-0.113790
363001	364000	363501	326.0	-0.888097	-0.127005
364001	365000	364501	377.0	-0.887787	0.082687
365001	366000	365501	346.0	-0.887477	-0.041105
366001	367000	366501	344.0	-0.887167	-0.049469
367001	368000	367501	293.0	-0.886857	-0.280977
368001	369000	368501	298.0	-0.886547	-0.256565
369001	370000	369501	293.0	-0.886237	-0.280977
370001	371000	370501	284.0	-0.885927	-0.325986
371001	372000	371501	312.0	-0.885617	-0.190331
372001	373000	372501	278.0	-0.885307	-0.356792
373001	374000	373501	404.0	-0.884997	0.182478
374001	375000	374501	377.0	-0.884687	0.082687
375001	376000	375501	267.0	-0.884377	-0.415037
376001	377000	376501	382.0	-0.884067	0.101695
377001	378000	377501	335.0	-0.883757	-0.087716
378001	379000	378501	367.0	-0.883447	0.043903
379001	380000	379501	317.0	-0.883137	-0.167394
380001	381000	380501	308.0	-0.882827	-0.208947
381001	382000	381501	366.0	-0.882517	0.039966
382001	383000	382501	430.0	-0.882207	0.272459
383001	384000	383501	421.0	-0.881897	0.241943
384001	385000	384501	421.0	-0.881587	0.241943
385001	386000	385501	429.0	-0.881277	0.269100
386001	387000	386501	371.0	-0.880967	0.059542
387001	388000	387501	378.0	-0.880657	0.086509
388001	389000	388501	423.0	-0.880347	0.248780
389001	390000	389501	382.0	-0.880037	0.101695
390001	391000	390501	387.0	-0.879727	0.120456
391001	392000	391501	296.0	-0.879417	-0.266280
392001	393000	392501	443.0	-0.879107	0.315429
393001	394000	393501	422.0	-0.878797	0.245366
394001	395000	394501	328.0	-0.878487	-0.118181
395001	396000	395501	367.0	-0.878177	0.043903
396001	397000	396501	355.0	-0.877867	-0.004058
397001	398000	397501	363.0	-0.877557	0.028092
398001	399000	398501	385.0	-0.877247	0.112981
399001	400000	399501	424.0	-0.876937	0.252187
400001	401000	400501	316.0	-0.876627	-0.171953
401001	402000	401501	338.0	-0.876317	-0.074854
402001	403000	402501	360.0	-0.876007	0.016120
403001	404000	403501	376.0	-0.875697	0.078855
404001	405000	404501	354.0	-0.875387	-0.008128
405001	406000	405501	401.0	-0.875077	0.171725
406001	407000	406501	455.0	-0.874768	0.353989
407001	408000	407501	508.0	-0.874458	0.512951
408001	409000	408501	468.0	-0.874148	0.394631
409001	410000	409501	348.0	-0.873838	-0.032790
410001	411000	410501	322.0	-0.873528	-0.144817
411001	412000	411501	197.0	-0.873218	-0.853682
412001	413000	412501	95.0	-0.872908	-1.905878
413001	414000	413501	56.0	-0.872598	-2.668379
414001	415000	414501	105.0	-0.872288	-1.761488
415001	416000	415501	279.0	-0.871978	-0.351612
416001	417000	416501	353.0	-0.871668	-0.012209
417001	418000	417501	418.0	-0.871358	0.231626
418001	419000	418501	407.0	-0.871048	0.193152
419001	420000	419501	449.0	-0.870738	0.334838
420001	421000	420501	372.0	-0.870428	0.063425
421001	422000	421501	363.0	-0.870118	0.028092
422001	423000	422501	392.0	-0.869808	0.138976
423001	424000	423501	366.0	-0.869498	0.039966
424001	425000	424501	323.0	-0.869188	-0.140343
425001	426000	425501	376.0	-0.868878	0.078855
426001	427000	426501	430.0	-0.868568	0.272459
427001	428000	427501	429.0	-0.868258	0.269100
428001	429000	428501	340.0	-0.867948	-0.066342
429001	430000	429501	358.0	-0.867638	0.008082
430001	431000	430501	377.0	-0.867328	0.082687
431001	432000	431501	285.0	-0.867018	-0.320915
432001	433000	432501	337.0	-0.866708	-0.079129
433001	434000	433501	365.0	-0.866398	0.036019
434001	435000	434501	356.0	-0.866088	0.000000
435001	436000	435501	353.0	-0.865778	-0.012209
436001	437000	436501	341.0	-0.865468	-0.062106
437001	438000	437501	383.0	-0.865158	0.105467
438001	439000	438501	338.0	-0.864848	-0.074854
439001	440000	439501	397.0	-0.864538	0.157262
440001	441000	440501	393.0	-0.864228	0.142652
441001	442000	441501	378.0	-0.863918	0.086509
442001	443000	442501	432.0	-0.863608	0.279154
443001	444000	443501	398.0	-0.863298	0.160891
444001	445000	444501	338.0	-0.862988	-0.074854
445001	446000	445501	426.0	-0.862678	0.258976
446001	447000	446501	411.0	-0.862368	0.207261
447001	448000	447501	452.0	-0.862058	0.344446
448001	449000	448501	430.0	-0.861748	0.272459
449001	450000	449501	354.0	-0.861438	-0.008128
450001	451000	450501	329.0	-0.861128	-0.113790
451001	452000	451501	270.0	-0.860818	-0.398918
452001	453000	452501	454.0	-0.860508	0.350815
453001	454000	453501	324.0	-0.860198	-0.135883
454001	455000	454501	328.0	-0.859888	-0.118181
455001	456000	455501	358.0	-0.859578	0.008082
456001	457000	456501	388.0	-0.859268	0.124179
457001	458000	457501	307.0	-0.858958	-0.213639
458001	459000	458501	340.0	-0.858648	-0.066342
459001	460000	459501	353.0	-0.858338	-0.012209
460001	461000	460501	365.0	-0.858029	0.036019
461001	462000	461501	341.0	-0.857719	-0.062106
462001	463000	462501	351.0	-0.857409	-0.020406
463001	464000	463501	322.0	-0.857099	-0.144817
464001	465000	464501	389.0	-0.856789	0.127893
465001	466000	465501	395.0	-0.856479	0.149975
466001	467000	466501	270.0	-0.856169	-0.398918
467001	468000	467501	306.0	-0.855859	-0.218346
468001	469000	468501	279.0	-0.855549	-0.351612
469001	470000	469501	371.0	-0.855239	0.059542
470001	471000	470501	372.0	-0.854929	0.063425
471001	472000	471501	328.0	-0.854619	-0.118181
472001	473000	472501	355.0	-0.854309	-0.004058
473001	474000	473501	395.0	-0.853999	0.149975
474001	475000	474501	378.0	-0.853689	0.086509
475001	476000	475501	359.0	-0.853379	0.012107
476001	477000	476501	401.0	-0.853069	0.171725
477001	478000	477501	399.0	-0.852759	0.164512
478001	479000	478501	347.0	-0.852449	-0.036942
479001	480000	479501	308.0	-0.852139	-0.208947
480001	481000	480501	469.0	-0.851829	0.397711
481001	482000	481501	415.0	-0.851519	0.221234
482001	483000	482501	396.0	-0.851209	0.153623
483001	484000	483501	327.0	-0.850899	-0.122587
484001	485000	484501	328.0	-0.850589	-0.118181
485001	486000	485501	412.0	-0.850279	0.210767
486001	487000	486501	445.0	-0.849969	0.321928
487001	488000	487501	429.0	-0.849659	0.269100
488001	489000	488501	419.0	-0.849349	0.235073
489001	490000	489501	317.0	-0.849039	-0.167394
490001	491000	490501	407.0	-0.848729	0.193152
491001	492000	491501	382.0	-0.848419	0.101695
492001	493000	492501	391.0	-0.848109	0.135291
493001	494000	493501	305.0	-0.847799	-0.223068
494001	495000	494501	356.0	-0.847489	0.000000
495001	496000	495501	341.0	-0.847179	-0.062106
496001	497000	496501	406.0	-0.846869	0.189602
497001	498000	497501	357.0	-0.846559	0.004047
498001	499000	498501	390.0	-0.846249	0.131597
499001	500000	499501	394.0	-0.845939	0.146318
500001	501000	500501	347.0	-0.845629	-0.036942
501001	502000	501501	307.0	-0.845319	-0.213639
502001	503000	502501	316.0	-0.845009	-0.171953
503001	504000	503501	299.0	-0.844699	-0.251732
504001	505000	504501	406.0	-0.844389	0.189602
505001	506000	505501	390.0	-0.844079	0.131597
506001	507000	506501	338.0	-0.843769	-0.074854
507001	508000	507501	333.0	-0.843459	-0.096355
508001	509000	508501	422.0	-0.843149	0.245366
509001	510000	509501	382.0	-0.842839	0.101695
510001	511000	510501	383.0	-0.842529	0.105467
511001	512000	511501	378.0	-0.842219	0.086509
512001	513000	512501	342.0	-0.841909	-0.057881
513001	514000	513501	319.0	-0.841600	-0.158321
514001	515000	514501	449.0	-0.841290	0.334838
515001	516000	515501	404.0	-0.840980	0.182478
516001	517000	516501	324.0	-0.840670	-0.135883
517001	518000	517501	358.0	-0.840360	0.008082
518001	519000	518501	367.0	-0.840050	0.043903
519001	520000	519501	390.0	-0.839740	0.131597
520001	521000	520501	343.0	-0.839430	-0.053669
521001	522000	521501	324.0	-0.839120	-0.135883
522001	523000	522501	343.0	-0.838810	-0.053669
523001	524000	523501	303.0	-0.838500	-0.232559
524001	525000	524501	334.0	-0.838190	-0.092029
525001	526000	525501	319.0	-0.837880	-0.158321
526001	527000	526501	288.0	-0.837570	-0.305808
527001	528000	527501	308.0	-0.837260	-0.208947
528001	529000	528501	365.0	-0.836950	0.036019
529001	530000	529501	393.0	-0.836640	0.142652
530001	531000	530501	332.0	-0.836330	-0.100694
531001	532000	531501	396.0	-0.836020	0.153623
532001	533000	532501	357.0	-0.835710	0.004047
533001	534000	533501	336.0	-0.835400	-0.083416
534001	535000	534501	410.0	-0.835090	0.203747
535001	536000	535501	274.0	-0.834780	-0.377701
536001	537000	536501	367.0	-0.834470	0.043903
537001	538000	537501	319.0	-0.834160	-0.158321
538001	539000	538501	289.0	-0.833850	-0.300808
539001	540000	539501	330.0	-0.833540	-0.109411
540001	541000	540501	264.0	-0.833230	-0.431339
541001	542000	541501	296.0	-0.832920	-0.266280
542001	543000	542501	379.0	-0.832610	0.090321
543001	544000	543501	324.0	-0.832300	-0.135883
544001	545000	544501	354.0	-0.831990	-0.008128
545001	546000	545501	299.0	-0.831680	-0.251732
546001	547000	546501	309.0	-0.831370	-0.204270
547001	548000	547501	313.0	-0.831060	-0.185715
548001	549000	548501	288.0	-0.830750	-0.305808
549001	550000	549501	421.0	-0.830440	0.241943
550001	551000	550501	368.0	-0.830130	0.047829
551001	552000	551501	380.0	-0.829820	0.094122
552001	553000	552501	283.0	-0.829510	-0.331075
553001	554000	553501	304.0	-0.829200	-0.227806
554001	555000	554501	346.0	-0.828890	-0.041105
555001	556000	555501	373.0	-0.828580	0.067298
556001	557000	556501	388.0	-0.828270	0.124179
557001	558000	557501	343.0	-0.827960	-0.053669
558001	559000	558501	347.0	-0.827650	-0.036942
559001	560000	559501	339.0	-0.827340	-0.070592
560001	561000	560501	401.0	-0.827030	0.171725
561001	562000	561501	366.0	-0.826720	0.039966
562001	563000	562501	396.0	-0.826410	0.153623
563001	564000	563501	368.0	-0.826100	0.047829
564001	565000	564501	334.0	-0.825790	-0.092029
565001	566000	565501	320.0	-0.825480	-0.153805
566001	567000	566501	333.0	-0.825170	-0.096355
567001	568000	567501	301.0	-0.824861	-0.242114
568001	569000	568501	346.0	-0.824551	-0.041105
569001	570000	569501	407.0	-0.824241	0.193152
570001	571000	570501	411.0	-0.823931	0.207261
571001	572000	571501	330.0	-0.823621	-0.109411
572001	573000	572501	378.0	-0.823311	0.086509
573001	574000	573501	453.0	-0.823001	0.347634
574001	575000	574501	364.0	-0.822691	0.032061
575001	576000	575501	313.0	-0.822381	-0.185715
576001	577000	576501	367.0	-0.822071	0.043903
577001	578000	577501	274.0	-0.821761	-0.377701
578001	579000	578501	340.0	-0.821451	-0.066342
579001	580000	579501	347.0	-0.821141	-0.036942
580001	581000	580501	263.0	-0.820831	-0.436814
581001	582000	581501	296.0	-0.820521	-0.266280
582001	583000	582501	351.0	-0.820211	-0.020406
583001	584000	583501	297.0	-0.819901	-0.261414
584001	585000	584501	335.0	-0.819591	-0.087716
585001	586000	585501	321.0	-0.819281	-0.149304
586001	587000	586501	332.0	-0.818971	-0.100694
587001	588000	587501	300.0	-0.818661	-0.246915
588001	589000	588501	268.0	-0.818351	-0.409644
589001	590000	589501	355.0	-0.818041	-0.004058
590001	591000	590501	371.0	-0.817731	0.059542
591001	592000	591501	279.0	-0.817421	-0.351612
592001	593000	592501	320.0	-0.817111	-0.153805
593001	594000	593501	303.0	-0.816801	-0.232559
594001	595000	594501	314.0	-0.816491	-0.181113
595001	596000	595501	324.0	-0.816181	-0.135883
596001	597000	596501	357.0	-0.815871	0.004047
597001	598000	597501	327.0	-0.815561	-0.122587
598001	599000	598501	424.0	-0.815251	0.252187
599001	600000	599501	385.0	-0.814941	0.112981
600001	601000	600501	410.0	-0.814631	0.203747
601001	602000	601501	424.0	-0.814321	0.252187
602001	603000	602501	329.0	-0.814011	-0.113790
603001	604000	603501	414.0	-0.813701	0.217754
604001	605000	604501	401.0	-0.813391	0.171725
605001	606000	605501	325.0	-0.813081	-0.131438
606001	607000	606501	326.0	-0.812771	-0.127005
607001	608000	607501	291.0	-0.812461	-0.290858
608001	609000	608501	361.0	-0.812151	0.020122
609001	610000	609501	281.0	-0.811841	-0.341307
610001	611000	610501	405.0	-0.811531	0.186045
611001	612000	611501	336.0	-0.811221	-0.083416
612001	613000	612501	355.0	-0.810911	-0.004058
613001	614000	613501	347.0	-0.810601	-0.036942
614001	615000	614501	423.0	-0.810291	0.248780
615001	616000	615501	406.0	-0.809981	0.189602
616001	617000	616501	380.0	-0.809671	0.094122
617001	618000	617501	321.0	-0.809361	-0.149304
618001	619000	618501	347.0	-0.809051	-0.036942
619001	620000	619501	371.0	-0.808741	0.059542
620001	621000	620501	438.0	-0.808431	0.299054
621001	622000	621501	431.0	-0.808122	0.275811
622001	623000	622501	313.0	-0.807812	-0.185715
623001	624000	623501	265.0	-0.807502	-0.425885
624001	625000	624501	274.0	-0.807192	-0.377701
625001	626000	625501	364.0	-0.806882	0.032061
626001	627000	626501	312.0	-0.806572	-0.190331
627001	628000	627501	320.0	-0.806262	-0.153805
628001	629000	628501	378.0	-0.805952	0.086509
629001	630000	629501	338.0	-0.805642	-0.074854
630001	631000	630501	355.0	-0.805332	-0.004058
631001	632000	631501	360.0	-0.805022	0.016120
632001	633000	632501	370.0	-0.804712	0.055648
633001	634000	633501	399.0	-0.804402	0.164512
634001	635000	634501	345.0	-0.804092	-0.045281
635001	636000	635501	348.0	-0.803782	-0.032790
636001	637000	636501	366.0	-0.803472	0.039966
637001	638000	637501	330.0	-0.803162	-0.109411
638001	639000	638501	368.0	-0.802852	0.047829
639001	640000	639501	327.0	-0.802542	-0.122587
640001	641000	640501	368.0	-0.802232	0.047829
641001	642000	641501	350.0	-0.801922	-0.024522
642001	643000	642501	456.0	-0.801612	0.357157
643001	644000	643501	354.0	-0.801302	-0.008128
644001	645000	644501	343.0	-0.800992	-0.053669
645001	646000	645501	327.0	-0.800682	-0.122587
646001	647000	646501	336.0	-0.800372	-0.083416
647001	648000	647501	320.0	-0.800062	-0.153805
648001	649000	648501	318.0	-0.799752	-0.162850
649001	650000	649501	294.0	-0.799442	-0.276061
650001	651000	650501	412.0	-0.799132	0.210767
651001	652000	651501	343.0	-0.798822	-0.053669
652001	653000	652501	378.0	-0.798512	0.086509
653001	654000	653501	349.0	-0.798202	-0.028650
654001	655000	654501	301.0	-0.797892	-0.242114
655001	656000	655501	372.0	-0.797582	0.063425
656001	657000	656501	384.0	-0.797272	0.109229
657001	658000	657501	444.0	-0.796962	0.318682
658001	659000	658501	387.0	-0.796652	0.120456
659001	660000	659501	344.0	-0.796342	-0.049469
660001	661000	660501	314.0	-0.796032	-0.181113
661001	662000	661501	340.0	-0.795722	-0.066342
662001	663000	662501	310.0	-0.795412	-0.199609
663001	664000	663501	326.0	-0.795102	-0.127005
664001	665000	664501	351.0	-0.794792	-0.020406
665001	666000	665501	385.0	-0.794482	0.112981
666001	667000	666501	384.0	-0.794172	0.109229
667001	668000	667501	390.0	-0.793862	0.131597
668001	669000	668501	396.0	-0.793552	0.153623
669001	670000	669501	381.0	-0.793242	0.097914
670001	671000	670501	384.0	-0.792932	0.109229
671001	672000	671501	406.0	-0.792622	0.189602
672001	673000	672501	447.0	-0.792312	0.328398
673001	674000	673501	401.0	-0.792002	0.171725
674001	675000	674501	399.0	-0.791692	0.164512
675001	676000	675501	509.0	-0.791383	0.515788
676001	677000	676501	424.0	-0.791073	0.252187
677001	678000	677501	344.0	-0.790763	-0.049469
678001	679000	678501	364.0	-0.790453	0.032061
679001	680000	679501	386.0	-0.790143	0.116724
680001	681000	680501	359.0	-0.789833	0.012107
681001	682000	681501	398.0	-0.789523	0.160891
682001	683000	682501	306.0	-0.789213	-0.218346
683001	684000	683501	337.0	-0.788903	-0.079129
684001	685000	684501	433.0	-0.788593	0.282490
685001	686000	685501	498.0	-0.788283	0.484269
686001	687000	686501	423.0	-0.787973	0.248780
687001	688000	687501	314.0	-0.787663	-0.181113
688001	689000	688501	316.0	-0.787353	-0.171953
689001	690000	689501	302.0	-0.787043	-0.237329
690001	691000	690501	297.0	-0.786733	-0.261414
691001	692000	691501	288.0	-0.786423	-0.305808
692001	693000	692501	337.0	-0.786113	-0.079129
693001	694000	693501	450.0	-0.785803	0.338048
694001	695000	694501	391.0	-0.785493	0.135291
695001	696000	695501	365.0	-0.785183	0.036019
696001	697000	696501	256.0	-0.784873	-0.475733
697001	698000	697501	348.0	-0.784563	-0.032790
698001	699000	698501	270.0	-0.784253	-0.398918
699001	700000	699501	254.0	-0.783943	-0.487049
700001	701000	700501	393.0	-0.783633	0.142652
701001	702000	701501	378.0	-0.783323	0.086509
702001	703000	702501	332.0	-0.783013	-0.100694
703001	704000	703501	380.0	-0.782703	0.094122
704001	705000	704501	376.0	-0.782393	0.078855
705001	706000	705501	333.0	-0.782083	-0.096355
706001	707000	706501	329.0	-0.781773	-0.113790
707001	708000	707501	237.0	-0.781463	-0.586990
708001	709000	708501	292.0	-0.781153	-0.285909
709001	710000	709501	255.0	-0.780843	-0.481380
710001	711000	710501	319.0	-0.780533	-0.158321
711001	712000	711501	316.0	-0.780223	-0.171953
712001	713000	712501	354.0	-0.779913	-0.008128
713001	714000	713501	306.0	-0.779603	-0.218346
714001	715000	714501	333.0	-0.779293	-0.096355
715001	716000	715501	319.0	-0.778983	-0.158321
716001	717000	716501	337.0	-0.778673	-0.079129
717001	718000	717501	418.0	-0.778363	0.231626
718001	719000	718501	365.0	-0.778053	0.036019
719001	720000	719501	373.0	-0.777743	0.067298
720001	721000	720501	359.0	-0.777433	0.012107
721001	722000	721501	410.0	-0.777123	0.203747
722001	723000	722501	403.0	-0.776813	0.178903
723001	724000	723501	365.0	-0.776503	0.036019
724001	725000	724501	328.0	-0.776193	-0.118181
725001	726000	725501	339.0	-0.775883	-0.070592
726001	727000	726501	348.0	-0.775573	-0.032790
727001	728000	727501	389.0	-0.775263	0.127893
728001	729000	728501	348.0	-0.774954	-0.032790
729001	730000	729501	302.0	-0.774644	-0.237329
730001	731000	730501	341.0	-0.774334	-0.062106
731001	732000	731501	351.0	-0.774024	-0.020406
732001	733000	732501	308.0	-0.773714	-0.208947
733001	734000	733501	347.0	-0.773404	-0.036942
734001	735000	734501	397.0	-0.773094	0.157262
735001	736000	735501	434.0	-0.772784	0.285818
736001	737000	736501	429.0	-0.772474	0.269100
737001	738000	737501	333.0	-0.772164	-0.096355
738001	739000	738501	422.0	-0.771854	0.245366
739001	740000	739501	352.0	-0.771544	-0.016302
740001	741000	740501	338.0	-0.771234	-0.074854
741001	742000	741501	363.0	-0.770924	0.028092
742001	743000	742501	354.0	-0.770614	-0.008128
743001	744000	743501	336.0	-0.770304	-0.083416
744001	745000	744501	331.0	-0.769994	-0.105046
745001	746000	745501	339.0	-0.769684	-0.070592
746001	747000	746501	361.0	-0.769374	0.020122
747001	748000	747501	381.0	-0.769064	0.097914
748001	749000	748501	411.0	-0.768754	0.207261
749001	750000	749501	390.0	-0.768444	0.131597
750001	751000	750501	446.0	-0.768134	0.325166
751001	752000	751501	386.0	-0.767824	0.116724
752001	753000	752501	334.0	-0.767514	-0.092029
753001	754000	753501	351.0	-0.767204	-0.020406
754001	755000	754501	372.0	-0.766894	0.063425
755001	756000	755501	327.0	-0.766584	-0.122587
756001	757000	756501	328.0	-0.766274	-0.118181
757001	758000	757501	373.0	-0.765964	0.067298
758001	759000	758501	374.0	-0.765654	0.071161
759001	760000	759501	317.0	-0.765344	-0.167394
760001	761000	760501	310.0	-0.765034	-0.199609
761001	762000	761501	348.0	-0.764724	-0.032790
762001	763000	762501	367.0	-0.764414	0.043903
763001	764000	763501	356.0	-0.764104	0.000000
764001	765000	764501	356.0	-0.763794	0.000000
765001	766000	765501	405.0	-0.763484	0.186045
766001	767000	766501	479.0	-0.763174	0.428148
767001	768000	767501	401.0	-0.762864	0.171725
768001	769000	768501	362.0	-0.762554	0.024112
769001	770000	769501	286.0	-0.762244	-0.315862
770001	771000	770501	348.0	-0.761934	-0.032790
771001	772000	771501	331.0	-0.761624	-0.105046
772001	773000	772501	327.0	-0.761314	-0.122587
773001	774000	773501	402.0	-0.761004	0.175318
774001	775000	774501	367.0	-0.760694	0.043903
775001	776000	775501	263.0	-0.760384	-0.436814
776001	777000	776501	322.0	-0.760074	-0.144817
777001	778000	777501	365.0	-0.759764	0.036019
778001	779000	778501	331.0	-0.759454	-0.105046
779001	780000	779501	346.0	-0.759144	-0.041105
780001	781000	780501	337.0	-0.758834	-0.079129
781001	782000	781501	335.0	-0.758524	-0.087716
782001	783000	782501	379.0	-0.758215	0.090321
783001	784000	783501	316.0	-0.757905	-0.171953
784001	785000	784501	375.0	-0.757595	0.075013
785001	786000	785501	363.0	-0.757285	0.028092
786001	787000	786501	363.0	-0.756975	0.028092
787001	788000	787501	319.0	-0.756665	-0.158321
788001	789000	788501	302.0	-0.756355	-0.237329
789001	790000	789501	335.0	-0.756045	-0.087716
790001	791000	790501	349.0	-0.755735	-0.028650
791001	792000	791501	362.0	-0.755425	0.024112
792001	793000	792501	322.0	-0.755115	-0.144817
793001	794000	793501	367.0	-0.754805	0.043903
794001	795000	794501	352.0	-0.754495	-0.016302
795001	796000	795501	332.0	-0.754185	-0.100694
796001	797000	796501	295.0	-0.753875	-0.271162
797001	798000	797501	301.0	-0.753565	-0.242114
798001	799000	798501	352.0	-0.753255	-0.016302
799001	800000	799501	316.0	-0.752945	-0.171953
800001	801000	800501	345.0	-0.752635	-0.045281
801001	802000	801501	291.0	-0.752325	-0.290858
802001	803000	802501	374.0	-0.752015	0.071161
803001	804000	803501	342.0	-0.751705	-0.057881
804001	805000	804501	332.0	-0.751395	-0.100694
805001	806000	805501	326.0	-0.751085	-0.127005
806001	807000	806501	366.0	-0.750775	0.039966
807001	808000	807501	374.0	-0.750465	0.071161
808001	809000	808501	317.0	-0.750155	-0.167394
809001	810000	809501	307.0	-0.749845	-0.213639
810001	811000	810501	405.0	-0.749535	0.186045
811001	812000	811501	441.0	-0.749225	0.308901
812001	813000	812501	403.0	-0.748915	0.178903
813001	814000	813501	400.0	-0.748605	0.168123
814001	815000	814501	362.0	-0.748295	0.024112
815001	816000	815501	271.0	-0.747985	-0.393584
816001	817000	816501	394.0	-0.747675	0.146318
817001	818000	817501	339.0	-0.747365	-0.070592
818001	819000	818501	350.0	-0.747055	-0.024522
819001	820000	819501	368.0	-0.746745	0.047829
820001	821000	820501	402.0	-0.746435	0.175318
821001	822000	821501	350.0	-0.746125	-0.024522
822001	823000	822501	376.0	-0.745815	0.078855
823001	824000	823501	332.0	-0.745505	-0.100694
824001	825000	824501	352.0	-0.745195	-0.016302
825001	826000	825501	348.0	-0.744885	-0.032790
826001	827000	826501	413.0	-0.744575	0.214265
827001	828000	827501	334.0	-0.744265	-0.092029
828001	829000	828501	358.0	-0.743955	0.008082
829001	830000	829501	328.0	-0.743645	-0.118181
830001	831000	830501	292.0	-0.743335	-0.285909
831001	832000	831501	370.0	-0.743025	0.055648
832001	833000	832501	410.0	-0.742715	0.203747
833001	834000	833501	341.0	-0.742405	-0.062106
834001	835000	834501	334.0	-0.742095	-0.092029
835001	836000	835501	330.0	-0.741785	-0.109411
836001	837000	836501	379.0	-0.741476	0.090321
837001	838000	837501	294.0	-0.741166	-0.276061
838001	839000	838501	329.0	-0.740856	-0.113790
839001	840000	839501	385.0	-0.740546	0.112981
840001	841000	840501	331.0	-0.740236	-0.105046
841001	842000	841501	351.0	-0.739926	-0.020406
842001	843000	842501	313.0	-0.739616	-0.185715
843001	844000	843501	364.0	-0.739306	0.032061
844001	845000	844501	391.0	-0.738996	0.135291
845001	846000	845501	395.0	-0.738686	0.149975
846001	847000	846501	372.0	-0.738376	0.063425
847001	848000	847501	301.0	-0.738066	-0.242114
848001	849000	848501	377.0	-0.737756	0.082687
849001	850000	849501	360.0	-0.737446	0.016120
850001	851000	850501	358.0	-0.737136	0.008082
851001	852000	851501	313.0	-0.736826	-0.185715
852001	853000	852501	404.0	-0.736516	0.182478
853001	854000	853501	349.0	-0.736206	-0.028650
854001	855000	854501	329.0	-0.735896	-0.113790
855001	856000	855501	337.0	-0.735586	-0.079129
856001	857000	856501	334.0	-0.735276	-0.092029
857001	858000	857501	327.0	-0.734966	-0.122587
858001	859000	858501	319.0	-0.734656	-0.158321
859001	860000	859501	341.0	-0.734346	-0.062106
860001	861000	860501	315.0	-0.734036	-0.176525
861001	862000	861501	325.0	-0.733726	-0.131438
862001	863000	862501	348.0	-0.733416	-0.032790
863001	864000	863501	397.0	-0.733106	0.157262
864001	865000	864501	356.0	-0.732796	0.000000
865001	866000	865501	278.0	-0.732486	-0.356792
866001	867000	866501	319.0	-0.732176	-0.158321
867001	868000	867501	413.0	-0.731866	0.214265
868001	869000	868501	362.0	-0.731556	0.024112
869001	870000	869501	473.0	-0.731246	0.409963
870001	871000	870501	466.0	-0.730936	0.388453
871001	872000	871501	395.0	-0.730626	0.149975
872001	873000	872501	354.0	-0.730316	-0.008128
873001	874000	873501	320.0	-0.730006	-0.153805
874001	875000	874501	305.0	-0.729696	-0.223068
875001	876000	875501	299.0	-0.729386	-0.251732
876001	877000	876501	321.0	-0.729076	-0.149304
877001	878000	877501	372.0	-0.728766	0.063425
878001	879000	878501	423.0	-0.728456	0.248780
879001	880000	879501	397.0	-0.728146	0.157262
880001	881000	880501	369.0	-0.727836	0.051744
881001	882000	881501	382.0	-0.727526	0.101695
882001	883000	882501	355.0	-0.727216	-0.004058
883001	884000	883501	384.0	-0.726906	0.109229
884001	885000	884501	444.0	-0.726596	0.318682
885001	886000	885501	338.0	-0.726286	-0.074854
886001	887000	886501	378.0	-0.725976	0.086509
887001	888000	887501	380.0	-0.725666	0.094122
888001	889000	888501	438.0	-0.725356	0.299054
889001	890000	889501	437.0	-0.725046	0.295756
890001	891000	890501	397.0	-0.724737	0.157262
891001	892000	891501	438.0	-0.724427	0.299054
892001	893000	892501	389.0	-0.724117	0.127893
893001	894000	893501	414.0	-0.723807	0.217754
894001	895000	894501	443.0	-0.723497	0.315429
895001	896000	895501	442.0	-0.723187	0.312169
896001	897000	896501	430.0	-0.722877	0.272459
897001	898000	897501	358.0	-0.722567	0.008082
898001	899000	898501	365.0	-0.722257	0.036019
899001	900000	899501	374.0	-0.721947	0.071161
900001	901000	900501	390.0	-0.721637	0.131597
901001	902000	901501	368.0	-0.721327	0.047829
902001	903000	902501	386.0	-0.721017	0.116724
903001	904000	903501	470.0	-0.720707	0.400784
904001	905000	904501	362.0	-0.720397	0.024112
905001	906000	905501	315.0	-0.720087	-0.176525
906001	907000	906501	293.0	-0.719777	-0.280977
907001	908000	907501	323.0	-0.719467	-0.140343
908001	909000	908501	382.0	-0.719157	0.101695
909001	910000	909501	317.0	-0.718847	-0.167394
910001	911000	910501	320.0	-0.718537	-0.153805
911001	912000	911501	335.0	-0.718227	-0.087716
912001	913000	912501	340.0	-0.717917	-0.066342
913001	914000	913501	326.0	-0.717607	-0.127005
914001	915000	914501	355.0	-0.717297	-0.004058
915001	916000	915501	381.0	-0.716987	0.097914
916001	917000	916501	357.0	-0.716677	0.004047
917001	918000	917501	397.0	-0.716367	0.157262
918001	919000	918501	397.0	-0.716057	0.157262
919001	920000	919501	335.0	-0.715747	-0.087716
920001	921000	920501	345.0	-0.715437	-0.045281
921001	922000	921501	413.0	-0.715127	0.214265
922001	923000	922501	358.0	-0.714817	0.008082
923001	924000	923501	351.0	-0.714507	-0.020406
924001	925000	924501	396.0	-0.714197	0.153623
925001	926000	925501	406.0	-0.713887	0.189602
926001	927000	926501	403.0	-0.713577	0.178903
927001	928000	927501	407.0	-0.713267	0.193152
928001	929000	928501	350.0	-0.712957	-0.024522
929001	930000	929501	465.0	-0.712647	0.385353
930001	931000	930501	429.0	-0.712337	0.269100
931001	932000	931501	333.0	-0.712027	-0.096355
932001	933000	932501	329.0	-0.711717	-0.113790
933001	934000	933501	338.0	-0.711407	-0.074854
934001	935000	934501	323.0	-0.711097	-0.140343
935001	936000	935501	324.0	-0.710787	-0.135883
936001	937000	936501	348.0	-0.710477	-0.032790
937001	938000	937501	358.0	-0.710167	0.008082
938001	939000	938501	404.0	-0.709857	0.182478
939001	940000	939501	373.0	-0.709547	0.067298
940001	941000	940501	339.0	-0.709237	-0.070592
941001	942000	941501	382.0	-0.708927	0.101695
942001	943000	942501	373.0	-0.708617	0.067298
943001	944000	943501	417.0	-0.708308	0.228170
944001	945000	944501	391.0	-0.707998	0.135291
945001	946000	945501	374.0	-0.707688	0.071161
946001	947000	946501	397.0	-0.707378	0.157262
947001	948000	947501	338.0	-0.707068	-0.074854
948001	949000	948501	420.0	-0.706758	0.238512
949001	950000	949501	458.0	-0.706448	0.363470
950001	951000	950501	421.0	-0.706138	0.241943
951001	952000	951501	346.0	-0.705828	-0.041105
952001	953000	952501	335.0	-0.705518	-0.087716
953001	954000	953501	354.0	-0.705208	-0.008128
954001	955000	954501	277.0	-0.704898	-0.361991
955001	956000	955501	279.0	-0.704588	-0.351612
956001	957000	956501	281.0	-0.704278	-0.341307
957001	958000	957501	346.0	-0.703968	-0.041105
958001	959000	958501	437.0	-0.703658	0.295756
959001	960000	959501	400.0	-0.703348	0.168123
960001	961000	960501	323.0	-0.703038	-0.140343
961001	962000	961501	379.0	-0.702728	0.090321
962001	963000	962501	385.0	-0.702418	0.112981
963001	964000	963501	442.0	-0.702108	0.312169
964001	965000	964501	306.0	-0.701798	-0.218346
965001	966000	965501	425.0	-0.701488	0.255586
966001	967000	966501	401.0	-0.701178	0.171725
967001	968000	967501	356.0	-0.700868	0.000000
968001	969000	968501	388.0	-0.700558	0.124179
969001	970000	969501	362.0	-0.700248	0.024112
970001	971000	970501	379.0	-0.699938	0.090321
971001	972000	971501	335.0	-0.699628	-0.087716
972001	973000	972501	328.0	-0.699318	-0.118181
973001	974000	973501	342.0	-0.699008	-0.057881
974001	975000	974501	325.0	-0.698698	-0.131438
975001	976000	975501	316.0	-0.698388	-0.171953
976001	977000	976501	272.0	-0.698078	-0.388271
977001	978000	977501	285.0	-0.697768	-0.320915
978001	979000	978501	318.0	-0.697458	-0.162850
979001	980000	979501	352.0	-0.697148	-0.016302
980001	981000	980501	370.0	-0.696838	0.055648
981001	982000	981501	333.0	-0.696528	-0.096355
982001	983000	982501	328.0	-0.696218	-0.118181
983001	984000	983501	301.0	-0.695908	-0.242114
984001	985000	984501	308.0	-0.695598	-0.208947
985001	986000	985501	321.0	-0.695288	-0.149304
986001	987000	986501	340.0	-0.694978	-0.066342
987001	988000	987501	313.0	-0.694668	-0.185715
988001	989000	988501	370.0	-0.694358	0.055648
989001	990000	989501	389.0	-0.694048	0.127893
990001	991000	990501	345.0	-0.693738	-0.045281
991001	992000	991501	437.0	-0.693428	0.295756
992001	993000	992501	425.0	-0.693118	0.255586
993001	994000	993501	327.0	-0.692808	-0.122587
994001	995000	994501	404.0	-0.692498	0.182478
995001	996000	995501	349.0	-0.692188	-0.028650
996001	997000	996501	298.0	-0.691878	-0.256565
997001	998000	997501	314.0	-0.691569	-0.181113
998001	999000	998501	338.0	-0.691259	-0.074854
999001	1000000	999501	283.0	-0.690949	-0.331075
1000001	1001000	1000501	318.0	-0.690639	-0.162850
1001001	1002000	1001501	280.0	-0.690329	-0.346450
1002001	1003000	1002501	263.0	-0.690019	-0.436814
1003001	1004000	1003501	391.0	-0.689709	0.135291
1004001	1005000	1004501	361.0	-0.689399	0.020122
1005001	1006000	1005501	357.0	-0.689089	0.004047
1006001	1007000	1006501	310.0	-0.688779	-0.199609
1007001	1008000	1007501	323.0	-0.688469	-0.140343
1008001	1009000	1008501	284.0	-0.688159	-0.325986
1009001	1010000	1009501	254.0	-0.687849	-0.487049
1010001	1011000	1010501	326.0	-0.687539	-0.127005
1011001	1012000	1011501	349.0	-0.687229	-0.028650
1012001	1013000	1012501	346.0	-0.686919	-0.041105
1013001	1014000	1013501	259.0	-0.686609	-0.458925
1014001	1015000	1014501	480.0	-0.686299	0.431157
1015001	1016000	1015501	574.0	-0.685989	0.689173
1016001	1017000	1016501	312.0	-0.685679	-0.190331
1017001	1018000	1017501	315.0	-0.685369	-0.176525
1018001	1019000	1018501	299.0	-0.685059	-0.251732
1019001	1020000	1019501	350.0	-0.684749	-0.024522
1020001	1021000	1020501	376.0	-0.684439	0.078855
1021001	1022000	1021501	377.0	-0.684129	0.082687
1022001	1023000	1022501	377.0	-0.683819	0.082687
1023001	1024000	1023501	376.0	-0.683509	0.078855
1024001	1025000	1024501	425.0	-0.683199	0.255586
1025001	1026000	1025501	382.0	-0.682889	0.101695
1026001	1027000	1026501	336.0	-0.682579	-0.083416
1027001	1028000	1027501	394.0	-0.682269	0.146318
1028001	1029000	1028501	415.0	-0.681959	0.221234
1029001	1030000	1029501	414.0	-0.681649	0.217754
1030001	1031000	1030501	356.0	-0.681339	0.000000
1031001	1032000	1031501	402.0	-0.681029	0.175318
1032001	1033000	1032501	363.0	-0.680719	0.028092
1033001	1034000	1033501	368.0	-0.680409	0.047829
1034001	1035000	1034501	293.0	-0.680099	-0.280977
1035001	1036000	1035501	327.0	-0.679789	-0.122587
1036001	1037000	1036501	303.0	-0.679479	-0.232559
1037001	1038000	1037501	303.0	-0.679169	-0.232559
1038001	1039000	1038501	349.0	-0.678859	-0.028650
1039001	1040000	1039501	422.0	-0.678549	0.245366
1040001	1041000	1040501	397.0	-0.678239	0.157262
1041001	1042000	1041501	291.0	-0.677929	-0.290858
1042001	1043000	1042501	338.0	-0.677619	-0.074854
1043001	1044000	1043501	302.0	-0.677309	-0.237329
1044001	1045000	1044501	335.0	-0.676999	-0.087716
1045001	1046000	1045501	333.0	-0.676689	-0.096355
1046001	1047000	1046501	438.0	-0.676379	0.299054
1047001	1048000	1047501	368.0	-0.676069	0.047829
1048001	1049000	1048501	399.0	-0.675759	0.164512
1049001	1050000	1049501	364.0	-0.675449	0.032061
1050001	1051000	1050501	314.0	-0.675139	-0.181113
1051001	1052000	1051501	358.0	-0.674830	0.008082
1052001	1053000	1052501	314.0	-0.674520	-0.181113
1053001	1054000	1053501	369.0	-0.674210	0.051744
1054001	1055000	1054501	366.0	-0.673900	0.039966
1055001	1056000	1055501	384.0	-0.673590	0.109229
1056001	1057000	1056501	365.0	-0.673280	0.036019
1057001	1058000	1057501	316.0	-0.672970	-0.171953
1058001	1059000	1058501	396.0	-0.672660	0.153623
1059001	1060000	1059501	389.0	-0.672350	0.127893
1060001	1061000	1060501	438.0	-0.672040	0.299054
1061001	1062000	1061501	374.0	-0.671730	0.071161
1062001	1063000	1062501	331.0	-0.671420	-0.105046
1063001	1064000	1063501	415.0	-0.671110	0.221234
1064001	1065000	1064501	336.0	-0.670800	-0.083416
1065001	1066000	1065501	422.0	-0.670490	0.245366
1066001	1067000	1066501	363.0	-0.670180	0.028092
1067001	1068000	1067501	298.0	-0.669870	-0.256565
1068001	1069000	1068501	354.0	-0.669560	-0.008128
1069001	1070000	1069501	323.0	-0.669250	-0.140343
1070001	1071000	1070501	391.0	-0.668940	0.135291
1071001	1072000	1071501	301.0	-0.668630	-0.242114
1072001	1073000	1072501	333.0	-0.668320	-0.096355
1073001	1074000	1073501	330.0	-0.668010	-0.109411
1074001	1075000	1074501	307.0	-0.667700	-0.213639
1075001	1076000	1075501	368.0	-0.667390	0.047829
1076001	1077000	1076501	286.0	-0.667080	-0.315862
1077001	1078000	1077501	315.0	-0.666770	-0.176525
1078001	1079000	1078501	337.0	-0.666460	-0.079129
1079001	1080000	1079501	289.0	-0.666150	-0.300808
1080001	1081000	1080501	336.0	-0.665840	-0.083416
1081001	1082000	1081501	358.0	-0.665530	0.008082
1082001	1083000	1082501	383.0	-0.665220	0.105467
1083001	1084000	1083501	297.0	-0.664910	-0.261414
1084001	1085000	1084501	359.0	-0.664600	0.012107
1085001	1086000	1085501	350.0	-0.664290	-0.024522
1086001	1087000	1086501	321.0	-0.663980	-0.149304
1087001	1088000	1087501	329.0	-0.663670	-0.113790
1088001	1089000	1088501	333.0	-0.663360	-0.096355
1089001	1090000	1089501	332.0	-0.663050	-0.100694
1090001	1091000	1090501	276.0	-0.662740	-0.367209
1091001	1092000	1091501	246.0	-0.662430	-0.533219
1092001	1093000	1092501	324.0	-0.662120	-0.135883
1093001	1094000	1093501	372.0	-0.661810	0.063425
1094001	1095000	1094501	295.0	-0.661500	-0.271162
1095001	1096000	1095501	428.0	-0.661190	0.265734
1096001	1097000	1096501	420.0	-0.660880	0.238512
1097001	1098000	1097501	291.0	-0.660570	-0.290858
1098001	1099000	1098501	470.0	-0.660260	0.400784
1099001	1100000	1099501	427.0	-0.659950	0.262359
1100001	1101000	1100501	329.0	-0.659640	-0.113790
1101001	1102000	1101501	429.0	-0.659330	0.269100
1102001	1103000	1102501	360.0	-0.659020	0.016120
1103001	1104000	1103501	492.0	-0.658710	0.466781
1104001	1105000	1104501	334.0	-0.658400	-0.092029
1105001	1106000	1105501	373.0	-0.658091	0.067298
1106001	1107000	1106501	350.0	-0.657781	-0.024522
1107001	1108000	1107501	309.0	-0.657471	-0.204270
1108001	1109000	1108501	297.0	-0.657161	-0.261414
1109001	1110000	1109501	292.0	-0.656851	-0.285909
1110001	1111000	1110501	265.0	-0.656541	-0.425885
1111001	1112000	1111501	304.0	-0.656231	-0.227806
1112001	1113000	1112501	337.0	-0.655921	-0.079129
1113001	1114000	1113501	341.0	-0.655611	-0.062106
1114001	1115000	1114501	344.0	-0.655301	-0.049469
1115001	1116000	1115501	388.0	-0.654991	0.124179
1116001	1117000	1116501	308.0	-0.654681	-0.208947
1117001	1118000	1117501	302.0	-0.654371	-0.237329
1118001	1119000	1118501	391.0	-0.654061	0.135291
1119001	1120000	1119501	366.0	-0.653751	0.039966
1120001	1121000	1120501	321.0	-0.653441	-0.149304
1121001	1122000	1121501	284.0	-0.653131	-0.325986
1122001	1123000	1122501	326.0	-0.652821	-0.127005
1123001	1124000	1123501	366.0	-0.652511	0.039966
1124001	1125000	1124501	371.0	-0.652201	0.059542
1125001	1126000	1125501	279.0	-0.651891	-0.351612
1126001	1127000	1126501	310.0	-0.651581	-0.199609
1127001	1128000	1127501	298.0	-0.651271	-0.256565
1128001	1129000	1128501	386.0	-0.650961	0.116724
1129001	1130000	1129501	393.0	-0.650651	0.142652
1130001	1131000	1130501	408.0	-0.650341	0.196692
1131001	1132000	1131501	425.0	-0.650031	0.255586
1132001	1133000	1132501	344.0	-0.649721	-0.049469
1133001	1134000	1133501	390.0	-0.649411	0.131597
1134001	1135000	1134501	398.0	-0.649101	0.160891
1135001	1136000	1135501	404.0	-0.648791	0.182478
1136001	1137000	1136501	441.0	-0.648481	0.308901
1137001	1138000	1137501	403.0	-0.648171	0.178903
1138001	1139000	1138501	363.0	-0.647861	0.028092
1139001	1140000	1139501	433.0	-0.647551	0.282490
1140001	1141000	1140501	432.0	-0.647241	0.279154
1141001	1142000	1141501	390.0	-0.646931	0.131597
1142001	1143000	1142501	338.0	-0.646621	-0.074854
1143001	1144000	1143501	332.0	-0.646311	-0.100694
1144001	1145000	1144501	400.0	-0.646001	0.168123
1145001	1146000	1145501	365.0	-0.645691	0.036019
1146001	1147000	1146501	349.0	-0.645381	-0.028650
1147001	1148000	1147501	399.0	-0.645071	0.164512
1148001	1149000	1148501	477.0	-0.644761	0.422112
1149001	1150000	1149501	379.0	-0.644451	0.090321
1150001	1151000	1150501	351.0	-0.644141	-0.020406
1151001	1152000	1151501	385.0	-0.643831	0.112981
1152001	1153000	1152501	393.0	-0.643521	0.142652
1153001	1154000	1153501	335.0	-0.643211	-0.087716
1154001	1155000	1154501	372.0	-0.642901	0.063425
1155001	1156000	1155501	347.0	-0.642591	-0.036942
1156001	1157000	1156501	308.0	-0.642281	-0.208947
1157001	1158000	1157501	332.0	-0.641971	-0.100694
1158001	1159000	1158501	343.0	-0.641662	-0.053669
1159001	1160000	1159501	348.0	-0.641352	-0.032790
1160001	1161000	1160501	338.0	-0.641042	-0.074854
1161001	1162000	1161501	383.0	-0.640732	0.105467
1162001	1163000	1162501	397.0	-0.640422	0.157262
1163001	1164000	1163501	324.0	-0.640112	-0.135883
1164001	1165000	1164501	349.0	-0.639802	-0.028650
1165001	1166000	1165501	351.0	-0.639492	-0.020406
1166001	1167000	1166501	349.0	-0.639182	-0.028650
1167001	1168000	1167501	325.0	-0.638872	-0.131438
1168001	1169000	1168501	334.0	-0.638562	-0.092029
1169001	1170000	1169501	413.0	-0.638252	0.214265
1170001	1171000	1170501	365.0	-0.637942	0.036019
1171001	1172000	1171501	305.0	-0.637632	-0.223068
1172001	1173000	1172501	286.0	-0.637322	-0.315862
1173001	1174000	1173501	276.0	-0.637012	-0.367209
1174001	1175000	1174501	311.0	-0.636702	-0.194963
1175001	1176000	1175501	384.0	-0.636392	0.109229
1176001	1177000	1176501	317.0	-0.636082	-0.167394
1177001	1178000	1177501	340.0	-0.635772	-0.066342
1178001	1179000	1178501	376.0	-0.635462	0.078855
1179001	1180000	1179501	512.0	-0.635152	0.524267
1180001	1181000	1180501	438.0	-0.634842	0.299054
1181001	1182000	1181501	373.0	-0.634532	0.067298
1182001	1183000	1182501	361.0	-0.634222	0.020122
1183001	1184000	1183501	370.0	-0.633912	0.055648
1184001	1185000	1184501	294.0	-0.633602	-0.276061
1185001	1186000	1185501	264.0	-0.633292	-0.431339
1186001	1187000	1186501	267.0	-0.632982	-0.415037
1187001	1188000	1187501	410.0	-0.632672	0.203747
1188001	1189000	1188501	365.0	-0.632362	0.036019
1189001	1190000	1189501	361.0	-0.632052	0.020122
1190001	1191000	1190501	399.0	-0.631742	0.164512
1191001	1192000	1191501	381.0	-0.631432	0.097914
1192001	1193000	1192501	430.0	-0.631122	0.272459
1193001	1194000	1193501	407.0	-0.630812	0.193152
1194001	1195000	1194501	338.0	-0.630502	-0.074854
1195001	1196000	1195501	428.0	-0.630192	0.265734
1196001	1197000	1196501	310.0	-0.629882	-0.199609
1197001	1198000	1197501	342.0	-0.629572	-0.057881
1198001	1199000	1198501	362.0	-0.629262	0.024112
1199001	1200000	1199501	358.0	-0.628952	0.008082
1200001	1201000	1200501	290.0	-0.628642	-0.295824
1201001	1202000	1201501	299.0	-0.628332	-0.251732
1202001	1203000	1202501	309.0	-0.628022	-0.204270
1203001	1204000	1203501	360.0	-0.627712	0.016120
1204001	1205000	1204501	391.0	-0.627402	0.135291
1205001	1206000	1205501	305.0	-0.627092	-0.223068
1206001	1207000	1206501	341.0	-0.626782	-0.062106
1207001	1208000	1207501	317.0	-0.626472	-0.167394
1208001	1209000	1208501	338.0	-0.626162	-0.074854
1209001	1210000	1209501	364.0	-0.625852	0.032061
1210001	1211000	1210501	333.0	-0.625542	-0.096355
1211001	1212000	1211501	422.0	-0.625232	0.245366
1212001	1213000	1212501	354.0	-0.624923	-0.008128
1213001	1214000	1213501	349.0	-0.624613	-0.028650
1214001	1215000	1214501	364.0	-0.624303	0.032061
1215001	1216000	1215501	384.0	-0.623993	0.109229
1216001	1217000	1216501	364.0	-0.623683	0.032061
1217001	1218000	1217501	392.0	-0.623373	0.138976
1218001	1219000	1218501	350.0	-0.623063	-0.024522
1219001	1220000	1219501	358.0	-0.622753	0.008082
1220001	1221000	1220501	344.0	-0.622443	-0.049469
1221001	1222000	1221501	337.0	-0.622133	-0.079129
1222001	1223000	1222501	381.0	-0.621823	0.097914
1223001	1224000	1223501	417.0	-0.621513	0.228170
1224001	1225000	1224501	409.0	-0.621203	0.200224
1225001	1226000	1225501	278.0	-0.620893	-0.356792
1226001	1227000	1226501	349.0	-0.620583	-0.028650
1227001	1228000	1227501	350.0	-0.620273	-0.024522
1228001	1229000	1228501	406.0	-0.619963	0.189602
1229001	1230000	1229501	340.0	-0.619653	-0.066342
1230001	1231000	1230501	361.0	-0.619343	0.020122
1231001	1232000	1231501	346.0	-0.619033	-0.041105
1232001	1233000	1232501	344.0	-0.618723	-0.049469
1233001	1234000	1233501	328.0	-0.618413	-0.118181
1234001	1235000	1234501	299.0	-0.618103	-0.251732
1235001	1236000	1235501	335.0	-0.617793	-0.087716
1236001	1237000	1236501	274.0	-0.617483	-0.377701
1237001	1238000	1237501	339.0	-0.617173	-0.070592
1238001	1239000	1238501	410.0	-0.616863	0.203747
1239001	1240000	1239501	353.0	-0.616553	-0.012209
1240001	1241000	1240501	347.0	-0.616243	-0.036942
1241001	1242000	1241501	370.0	-0.615933	0.055648
1242001	1243000	1242501	322.0	-0.615623	-0.144817
1243001	1244000	1243501	383.0	-0.615313	0.105467
1244001	1245000	1244501	441.0	-0.615003	0.308901
1245001	1246000	1245501	377.0	-0.614693	0.082687
1246001	1247000	1246501	373.0	-0.614383	0.067298
1247001	1248000	1247501	309.0	-0.614073	-0.204270
1248001	1249000	1248501	432.0	-0.613763	0.279154
1249001	1250000	1249501	395.0	-0.613453	0.149975
1250001	1251000	1250501	402.0	-0.613143	0.175318
1251001	1252000	1251501	362.0	-0.612833	0.024112
1252001	1253000	1252501	355.0	-0.612523	-0.004058
1253001	1254000	1253501	428.0	-0.612213	0.265734
1254001	1255000	1254501	311.0	-0.611903	-0.194963
1255001	1256000	1255501	374.0	-0.611593	0.071161
1256001	1257000	1256501	421.0	-0.611283	0.241943
1257001	1258000	1257501	414.0	-0.610973	0.217754
1258001	1259000	1258501	347.0	-0.610663	-0.036942
1259001	1260000	1259501	378.0	-0.610353	0.086509
1260001	1261000	1260501	402.0	-0.610043	0.175318
1261001	1262000	1261501	400.0	-0.609733	0.168123
1262001	1263000	1262501	343.0	-0.609423	-0.053669
1263001	1264000	1263501	296.0	-0.609113	-0.266280
1264001	1265000	1264501	298.0	-0.608803	-0.256565
1265001	1266000	1265501	285.0	-0.608493	-0.320915
1266001	1267000	1266501	296.0	-0.608184	-0.266280
1267001	1268000	1267501	330.0	-0.607874	-0.109411
1268001	1269000	1268501	352.0	-0.607564	-0.016302
1269001	1270000	1269501	321.0	-0.607254	-0.149304
1270001	1271000	1270501	303.0	-0.606944	-0.232559
1271001	1272000	1271501	249.0	-0.606634	-0.515731
1272001	1273000	1272501	277.0	-0.606324	-0.361991
1273001	1274000	1273501	308.0	-0.606014	-0.208947
1274001	1275000	1274501	380.0	-0.605704	0.094122
1275001	1276000	1275501	307.0	-0.605394	-0.213639
1276001	1277000	1276501	368.0	-0.605084	0.047829
1277001	1278000	1277501	391.0	-0.604774	0.135291
1278001	1279000	1278501	403.0	-0.604464	0.178903
1279001	1280000	1279501	408.0	-0.604154	0.196692
1280001	1281000	1280501	421.0	-0.603844	0.241943
1281001	1282000	1281501	357.0	-0.603534	0.004047
1282001	1283000	1282501	368.0	-0.603224	0.047829
1283001	1284000	1283501	406.0	-0.602914	0.189602
1284001	1285000	1284501	442.0	-0.602604	0.312169
1285001	1286000	1285501	326.0	-0.602294	-0.127005
1286001	1287000	1286501	306.0	-0.601984	-0.218346
1287001	1288000	1287501	328.0	-0.601674	-0.118181
1288001	1289000	1288501	379.0	-0.601364	0.090321
1289001	1290000	1289501	377.0	-0.601054	0.082687
1290001	1291000	1290501	403.0	-0.600744	0.178903
1291001	1292000	1291501	312.0	-0.600434	-0.190331
1292001	1293000	1292501	348.0	-0.600124	-0.032790
1293001	1294000	1293501	388.0	-0.599814	0.124179
1294001	1295000	1294501	346.0	-0.599504	-0.041105
1295001	1296000	1295501	344.0	-0.599194	-0.049469
1296001	1297000	1296501	356.0	-0.598884	0.000000
1297001	1298000	1297501	353.0	-0.598574	-0.012209
1298001	1299000	1298501	320.0	-0.598264	-0.153805
1299001	1300000	1299501	299.0	-0.597954	-0.251732
1300001	1301000	1300501	374.0	-0.597644	0.071161
1301001	1302000	1301501	306.0	-0.597334	-0.218346
1302001	1303000	1302501	369.0	-0.597024	0.051744
1303001	1304000	1303501	342.0	-0.596714	-0.057881
1304001	1305000	1304501	337.0	-0.596404	-0.079129
1305001	1306000	1305501	381.0	-0.596094	0.097914
1306001	1307000	1306501	392.0	-0.595784	0.138976
1307001	1308000	1307501	286.0	-0.595474	-0.315862
1308001	1309000	1308501	331.0	-0.595164	-0.105046
1309001	1310000	1309501	378.0	-0.594854	0.086509
1310001	1311000	1310501	338.0	-0.594544	-0.074854
1311001	1312000	1311501	298.0	-0.594234	-0.256565
1312001	1313000	1312501	364.0	-0.593924	0.032061
1313001	1314000	1313501	360.0	-0.593614	0.016120
1314001	1315000	1314501	396.0	-0.593304	0.153623
1315001	1316000	1315501	287.0	-0.592994	-0.310827
1316001	1317000	1316501	306.0	-0.592684	-0.218346
1317001	1318000	1317501	408.0	-0.592374	0.196692
1318001	1319000	1318501	358.0	-0.592064	0.008082
1319001	1320000	1319501	357.0	-0.591754	0.004047
1320001	1321000	1320501	323.0	-0.591445	-0.140343
1321001	1322000	1321501	320.0	-0.591135	-0.153805
1322001	1323000	1322501	319.0	-0.590825	-0.158321
1323001	1324000	1323501	415.0	-0.590515	0.221234
1324001	1325000	1324501	330.0	-0.590205	-0.109411
1325001	1326000	1325501	396.0	-0.589895	0.153623
1326001	1327000	1326501	401.0	-0.589585	0.171725
1327001	1328000	1327501	404.0	-0.589275	0.182478
1328001	1329000	1328501	368.0	-0.588965	0.047829
1329001	1330000	1329501	379.0	-0.588655	0.090321
1330001	1331000	1330501	332.0	-0.588345	-0.100694
1331001	1332000	1331501	382.0	-0.588035	0.101695
1332001	1333000	1332501	367.0	-0.587725	0.043903
1333001	1334000	1333501	342.0	-0.587415	-0.057881
1334001	1335000	1334501	332.0	-0.587105	-0.100694
1335001	1336000	1335501	388.0	-0.586795	0.124179
1336001	1337000	1336501	407.0	-0.586485	0.193152
1337001	1338000	1337501	398.0	-0.586175	0.160891
1338001	1339000	1338501	473.0	-0.585865	0.409963
1339001	1340000	1339501	440.0	-0.585555	0.305626
1340001	1341000	1340501	410.0	-0.585245	0.203747
1341001	1342000	1341501	371.0	-0.584935	0.059542
1342001	1343000	1342501	355.0	-0.584625	-0.004058
1343001	1344000	1343501	366.0	-0.584315	0.039966
1344001	1345000	1344501	454.0	-0.584005	0.350815
1345001	1346000	1345501	501.0	-0.583695	0.492933
1346001	1347000	1346501	492.0	-0.583385	0.466781
1347001	1348000	1347501	484.0	-0.583075	0.443130
1348001	1349000	1348501	446.0	-0.582765	0.325166
1349001	1350000	1349501	425.0	-0.582455	0.255586
1350001	1351000	1350501	396.0	-0.582145	0.153623
1351001	1352000	1351501	329.0	-0.581835	-0.113790
1352001	1353000	1352501	376.0	-0.581525	0.078855
1353001	1354000	1353501	391.0	-0.581215	0.135291
1354001	1355000	1354501	376.0	-0.580905	0.078855
1355001	1356000	1355501	383.0	-0.580595	0.105467
1356001	1357000	1356501	369.0	-0.580285	0.051744
1357001	1358000	1357501	366.0	-0.579975	0.039966
1358001	1359000	1358501	323.0	-0.579665	-0.140343
1359001	1360000	1359501	380.0	-0.579355	0.094122
1360001	1361000	1360501	350.0	-0.579045	-0.024522
1361001	1362000	1361501	426.0	-0.578735	0.258976
1362001	1363000	1362501	344.0	-0.578425	-0.049469
1363001	1364000	1363501	365.0	-0.578115	0.036019
1364001	1365000	1364501	392.0	-0.577805	0.138976
1365001	1366000	1365501	353.0	-0.577495	-0.012209
1366001	1367000	1366501	416.0	-0.577185	0.224706
1367001	1368000	1367501	399.0	-0.576875	0.164512
1368001	1369000	1368501	430.0	-0.576565	0.272459
1369001	1370000	1369501	380.0	-0.576255	0.094122
1370001	1371000	1370501	398.0	-0.575945	0.160891
1371001	1372000	1371501	302.0	-0.575635	-0.237329
1372001	1373000	1372501	390.0	-0.575325	0.131597
1373001	1374000	1373501	366.0	-0.575015	0.039966
1374001	1375000	1374501	377.0	-0.574706	0.082687
1375001	1376000	1375501	393.0	-0.574396	0.142652
1376001	1377000	1376501	418.0	-0.574086	0.231626
1377001	1378000	1377501	327.0	-0.573776	-0.122587
1378001	1379000	1378501	336.0	-0.573466	-0.083416
1379001	1380000	1379501	378.0	-0.573156	0.086509
1380001	1381000	1380501	364.0	-0.572846	0.032061
1381001	1382000	1381501	363.0	-0.572536	0.028092
1382001	1383000	1382501	332.0	-0.572226	-0.100694
1383001	1384000	1383501	328.0	-0.571916	-0.118181
1384001	1385000	1384501	329.0	-0.571606	-0.113790
1385001	1386000	1385501	334.0	-0.571296	-0.092029
1386001	1387000	1386501	312.0	-0.570986	-0.190331
1387001	1388000	1387501	281.0	-0.570676	-0.341307
1388001	1389000	1388501	223.0	-0.570366	-0.674834
1389001	1390000	1389501	303.0	-0.570056	-0.232559
1390001	1391000	1390501	303.0	-0.569746	-0.232559
1391001	1392000	1391501	302.0	-0.569436	-0.237329
1392001	1393000	1392501	314.0	-0.569126	-0.181113
1393001	1394000	1393501	247.0	-0.568816	-0.527366
1394001	1395000	1394501	283.0	-0.568506	-0.331075
1395001	1396000	1395501	363.0	-0.568196	0.028092
1396001	1397000	1396501	328.0	-0.567886	-0.118181
1397001	1398000	1397501	290.0	-0.567576	-0.295824
1398001	1399000	1398501	319.0	-0.567266	-0.158321
1399001	1400000	1399501	325.0	-0.566956	-0.131438
1400001	1401000	1400501	343.0	-0.566646	-0.053669
1401001	1402000	1401501	278.0	-0.566336	-0.356792
1402001	1403000	1402501	297.0	-0.566026	-0.261414
1403001	1404000	1403501	326.0	-0.565716	-0.127005
1404001	1405000	1404501	348.0	-0.565406	-0.032790
1405001	1406000	1405501	305.0	-0.565096	-0.223068
1406001	1407000	1406501	328.0	-0.564786	-0.118181
1407001	1408000	1407501	302.0	-0.564476	-0.237329
1408001	1409000	1408501	273.0	-0.564166	-0.382976
1409001	1410000	1409501	261.0	-0.563856	-0.447827
1410001	1411000	1410501	268.0	-0.563546	-0.409644
1411001	1412000	1411501	307.0	-0.563236	-0.213639
1412001	1413000	1412501	301.0	-0.562926	-0.242114
1413001	1414000	1413501	285.0	-0.562616	-0.320915
1414001	1415000	1414501	272.0	-0.562306	-0.388271
1415001	1416000	1415501	327.0	-0.561996	-0.122587
1416001	1417000	1416501	335.0	-0.561686	-0.087716
1417001	1418000	1417501	278.0	-0.561376	-0.356792
1418001	1419000	1418501	375.0	-0.561066	0.075013
1419001	1420000	1419501	321.0	-0.560756	-0.149304
1420001	1421000	1420501	231.0	-0.560446	-0.623984
1421001	1422000	1421501	323.0	-0.560136	-0.140343
1422001	1423000	1422501	381.0	-0.559826	0.097914
1423001	1424000	1423501	348.0	-0.559516	-0.032790
1424001	1425000	1424501	328.0	-0.559206	-0.118181
1425001	1426000	1425501	347.0	-0.558896	-0.036942
1426001	1427000	1426501	322.0	-0.558586	-0.144817
1427001	1428000	1427501	381.0	-0.558277	0.097914
1428001	1429000	1428501	298.0	-0.557967	-0.256565
1429001	1430000	1429501	305.0	-0.557657	-0.223068
1430001	1431000	1430501	363.0	-0.557347	0.028092
1431001	1432000	1431501	314.0	-0.557037	-0.181113
1432001	1433000	1432501	489.0	-0.556727	0.457957
1433001	1434000	1433501	393.0	-0.556417	0.142652
1434001	1435000	1434501	327.0	-0.556107	-0.122587
1435001	1436000	1435501	315.0	-0.555797	-0.176525
1436001	1437000	1436501	374.0	-0.555487	0.071161
1437001	1438000	1437501	259.0	-0.555177	-0.458925
1438001	1439000	1438501	279.0	-0.554867	-0.351612
1439001	1440000	1439501	265.0	-0.554557	-0.425885
1440001	1441000	1440501	253.0	-0.554247	-0.492740
1441001	1442000	1441501	299.0	-0.553937	-0.251732
1442001	1443000	1442501	298.0	-0.553627	-0.256565
1443001	1444000	1443501	349.0	-0.553317	-0.028650
1444001	1445000	1444501	335.0	-0.553007	-0.087716
1445001	1446000	1445501	410.0	-0.552697	0.203747
1446001	1447000	1446501	376.0	-0.552387	0.078855
1447001	1448000	1447501	365.0	-0.552077	0.036019
1448001	1449000	1448501	343.0	-0.551767	-0.053669
1449001	1450000	1449501	402.0	-0.551457	0.175318
1450001	1451000	1450501	403.0	-0.551147	0.178903
1451001	1452000	1451501	387.0	-0.550837	0.120456
1452001	1453000	1452501	332.0	-0.550527	-0.100694
1453001	1454000	1453501	343.0	-0.550217	-0.053669
1454001	1455000	1454501	385.0	-0.549907	0.112981
1455001	1456000	1455501	384.0	-0.549597	0.109229
1456001	1457000	1456501	369.0	-0.549287	0.051744
1457001	1458000	1457501	362.0	-0.548977	0.024112
1458001	1459000	1458501	283.0	-0.548667	-0.331075
1459001	1460000	1459501	368.0	-0.548357	0.047829
1460001	1461000	1460501	342.0	-0.548047	-0.057881
1461001	1462000	1461501	329.0	-0.547737	-0.113790
1462001	1463000	1462501	418.0	-0.547427	0.231626
1463001	1464000	1463501	352.0	-0.547117	-0.016302
1464001	1465000	1464501	480.0	-0.546807	0.431157
1465001	1466000	1465501	399.0	-0.546497	0.164512
1466001	1467000	1466501	405.0	-0.546187	0.186045
1467001	1468000	1467501	364.0	-0.545877	0.032061
1468001	1469000	1468501	354.0	-0.545567	-0.008128
1469001	1470000	1469501	320.0	-0.545257	-0.153805
1470001	1471000	1470501	395.0	-0.544947	0.149975
1471001	1472000	1471501	352.0	-0.544637	-0.016302
1472001	1473000	1472501	373.0	-0.544327	0.067298
1473001	1474000	1473501	366.0	-0.544017	0.039966
1474001	1475000	1474501	358.0	-0.543707	0.008082
1475001	1476000	1475501	319.0	-0.543397	-0.158321
1476001	1477000	1476501	369.0	-0.543087	0.051744
1477001	1478000	1477501	308.0	-0.542777	-0.208947
1478001	1479000	1478501	376.0	-0.542467	0.078855
1479001	1480000	1479501	325.0	-0.542157	-0.131438
1480001	1481000	1480501	362.0	-0.541847	0.024112
1481001	1482000	1481501	366.0	-0.541538	0.039966
1482001	1483000	1482501	428.0	-0.541228	0.265734
1483001	1484000	1483501	389.0	-0.540918	0.127893
1484001	1485000	1484501	355.0	-0.540608	-0.004058
1485001	1486000	1485501	389.0	-0.540298	0.127893
1486001	1487000	1486501	328.0	-0.539988	-0.118181
1487001	1488000	1487501	328.0	-0.539678	-0.118181
1488001	1489000	1488501	346.0	-0.539368	-0.041105
1489001	1490000	1489501	382.0	-0.539058	0.101695
1490001	1491000	1490501	340.0	-0.538748	-0.066342
1491001	1492000	1491501	328.0	-0.538438	-0.118181
1492001	1493000	1492501	364.0	-0.538128	0.032061
1493001	1494000	1493501	365.0	-0.537818	0.036019
1494001	1495000	1494501	366.0	-0.537508	0.039966
1495001	1496000	1495501	363.0	-0.537198	0.028092
1496001	1497000	1496501	410.0	-0.536888	0.203747
1497001	1498000	1497501	410.0	-0.536578	0.203747
1498001	1499000	1498501	347.0	-0.536268	-0.036942
1499001	1500000	1499501	408.0	-0.535958	0.196692
1500001	1501000	1500501	351.0	-0.535648	-0.020406
1501001	1502000	1501501	302.0	-0.535338	-0.237329
1502001	1503000	1502501	327.0	-0.535028	-0.122587
1503001	1504000	1503501	319.0	-0.534718	-0.158321
1504001	1505000	1504501	309.0	-0.534408	-0.204270
1505001	1506000	1505501	382.0	-0.534098	0.101695
1506001	1507000	1506501	438.0	-0.533788	0.299054
1507001	1508000	1507501	458.0	-0.533478	0.363470
1508001	1509000	1508501	405.0	-0.533168	0.186045
1509001	1510000	1509501	292.0	-0.532858	-0.285909
1510001	1511000	1510501	364.0	-0.532548	0.032061
1511001	1512000	1511501	332.0	-0.532238	-0.100694
1512001	1513000	1512501	400.0	-0.531928	0.168123
1513001	1514000	1513501	417.0	-0.531618	0.228170
1514001	1515000	1514501	379.0	-0.531308	0.090321
1515001	1516000	1515501	378.0	-0.530998	0.086509
1516001	1517000	1516501	388.0	-0.530688	0.124179
1517001	1518000	1517501	351.0	-0.530378	-0.020406
1518001	1519000	1518501	393.0	-0.530068	0.142652
1519001	1520000	1519501	365.0	-0.529758	0.036019
1520001	1521000	1520501	307.0	-0.529448	-0.213639
1521001	1522000	1521501	297.0	-0.529138	-0.261414
1522001	1523000	1522501	334.0	-0.528828	-0.092029
1523001	1524000	1523501	300.0	-0.528518	-0.246915
1524001	1525000	1524501	413.0	-0.528208	0.214265
1525001	1526000	1525501	359.0	-0.527898	0.012107
1526001	1527000	1526501	369.0	-0.527588	0.051744
1527001	1528000	1527501	405.0	-0.527278	0.186045
1528001	1529000	1528501	494.0	-0.526968	0.472634
1529001	1530000	1529501	440.0	-0.526658	0.305626
1530001	1531000	1530501	350.0	-0.526348	-0.024522
1531001	1532000	1531501	360.0	-0.526038	0.016120
1532001	1533000	1532501	298.0	-0.525728	-0.256565
1533001	1534000	1533501	319.0	-0.525418	-0.158321
1534001	1535000	1534501	456.0	-0.525108	0.357157
1535001	1536000	1535501	427.0	-0.524799	0.262359
1536001	1537000	1536501	403.0	-0.524489	0.178903
1537001	1538000	1537501	421.0	-0.524179	0.241943
1538001	1539000	1538501	360.0	-0.523869	0.016120
1539001	1540000	1539501	372.0	-0.523559	0.063425
1540001	1541000	1540501	413.0	-0.523249	0.214265
1541001	1542000	1541501	414.0	-0.522939	0.217754
1542001	1543000	1542501	471.0	-0.522629	0.403850
1543001	1544000	1543501	460.0	-0.522319	0.369757
1544001	1545000	1544501	416.0	-0.522009	0.224706
1545001	1546000	1545501	376.0	-0.521699	0.078855
1546001	1547000	1546501	358.0	-0.521389	0.008082
1547001	1548000	1547501	366.0	-0.521079	0.039966
1548001	1549000	1548501	343.0	-0.520769	-0.053669
1549001	1550000	1549501	357.0	-0.520459	0.004047
1550001	1551000	1550501	326.0	-0.520149	-0.127005
1551001	1552000	1551501	400.0	-0.519839	0.168123
1552001	1553000	1552501	408.0	-0.519529	0.196692
1553001	1554000	1553501	390.0	-0.519219	0.131597
1554001	1555000	1554501	373.0	-0.518909	0.067298
1555001	1556000	1555501	297.0	-0.518599	-0.261414
1556001	1557000	1556501	382.0	-0.518289	0.101695
1557001	1558000	1557501	441.0	-0.517979	0.308901
1558001	1559000	1558501	430.0	-0.517669	0.272459
1559001	1560000	1559501	491.0	-0.517359	0.463846
1560001	1561000	1560501	380.0	-0.517049	0.094122
1561001	1562000	1561501	411.0	-0.516739	0.207261
1562001	1563000	1562501	395.0	-0.516429	0.149975
1563001	1564000	1563501	376.0	-0.516119	0.078855
1564001	1565000	1564501	335.0	-0.515809	-0.087716
1565001	1566000	1565501	350.0	-0.515499	-0.024522
1566001	1567000	1566501	344.0	-0.515189	-0.049469
1567001	1568000	1567501	356.0	-0.514879	0.000000
1568001	1569000	1568501	350.0	-0.514569	-0.024522
1569001	1570000	1569501	339.0	-0.514259	-0.070592
1570001	1571000	1570501	327.0	-0.513949	-0.122587
1571001	1572000	1571501	346.0	-0.513639	-0.041105
1572001	1573000	1572501	324.0	-0.513329	-0.135883
1573001	1574000	1573501	336.0	-0.513019	-0.083416
1574001	1575000	1574501	325.0	-0.512709	-0.131438
1575001	1576000	1575501	274.0	-0.512399	-0.377701
1576001	1577000	1576501	377.0	-0.512089	0.082687
1577001	1578000	1577501	352.0	-0.511779	-0.016302
1578001	1579000	1578501	342.0	-0.511469	-0.057881
1579001	1580000	1579501	278.0	-0.511159	-0.356792
1580001	1581000	1580501	328.0	-0.510849	-0.118181
1581001	1582000	1581501	391.0	-0.510539	0.135291
1582001	1583000	1582501	373.0	-0.510229	0.067298
1583001	1584000	1583501	289.0	-0.509919	-0.300808
1584001	1585000	1584501	397.0	-0.509609	0.157262
1585001	1586000	1585501	384.0	-0.509299	0.109229
1586001	1587000	1586501	370.0	-0.508989	0.055648
1587001	1588000	1587501	375.0	-0.508679	0.075013
1588001	1589000	1588501	357.0	-0.508369	0.004047
1589001	1590000	1589501	422.0	-0.508060	0.245366
1590001	1591000	1590501	378.0	-0.507750	0.086509
1591001	1592000	1591501	432.0	-0.507440	0.279154
1592001	1593000	1592501	390.0	-0.507130	0.131597
1593001	1594000	1593501	335.0	-0.506820	-0.087716
1594001	1595000	1594501	385.0	-0.506510	0.112981
1595001	1596000	1595501	349.0	-0.506200	-0.028650
1596001	1597000	1596501	297.0	-0.505890	-0.261414
1597001	1598000	1597501	347.0	-0.505580	-0.036942
1598001	1599000	1598501	407.0	-0.505270	0.193152
1599001	1600000	1599501	404.0	-0.504960	0.182478
1600001	1601000	1600501	412.0	-0.504650	0.210767
1601001	1602000	1601501	392.0	-0.504340	0.138976
1602001	1603000	1602501	389.0	-0.504030	0.127893
1603001	1604000	1603501	396.0	-0.503720	0.153623
1604001	1605000	1604501	496.0	-0.503410	0.478463
1605001	1606000	1605501	486.0	-0.503100	0.449079
1606001	1607000	1606501	413.0	-0.502790	0.214265
1607001	1608000	1607501	429.0	-0.502480	0.269100
1608001	1609000	1608501	375.0	-0.502170	0.075013
1609001	1610000	1609501	352.0	-0.501860	-0.016302
1610001	1611000	1610501	395.0	-0.501550	0.149975
1611001	1612000	1611501	442.0	-0.501240	0.312169
1612001	1613000	1612501	438.0	-0.500930	0.299054
1613001	1614000	1613501	461.0	-0.500620	0.372890
1614001	1615000	1614501	330.0	-0.500310	-0.109411
1615001	1616000	1615501	332.0	-0.500000	-0.100694
1616001	1617000	1616501	369.0	-0.499690	0.051744
1617001	1618000	1617501	430.0	-0.499380	0.272459
1618001	1619000	1618501	369.0	-0.499070	0.051744
1619001	1620000	1619501	373.0	-0.498760	0.067298
1620001	1621000	1620501	359.0	-0.498450	0.012107
1621001	1622000	1621501	395.0	-0.498140	0.149975
1622001	1623000	1622501	398.0	-0.497830	0.160891
1623001	1624000	1623501	322.0	-0.497520	-0.144817
1624001	1625000	1624501	322.0	-0.497210	-0.144817
1625001	1626000	1625501	353.0	-0.496900	-0.012209
1626001	1627000	1626501	359.0	-0.496590	0.012107
1627001	1628000	1627501	335.0	-0.496280	-0.087716
1628001	1629000	1628501	373.0	-0.495970	0.067298
1629001	1630000	1629501	341.0	-0.495660	-0.062106
1630001	1631000	1630501	394.0	-0.495350	0.146318
1631001	1632000	1631501	376.0	-0.495040	0.078855
1632001	1633000	1632501	328.0	-0.494730	-0.118181
1633001	1634000	1633501	402.0	-0.494420	0.175318
1634001	1635000	1634501	374.0	-0.494110	0.071161
1635001	1636000	1635501	414.0	-0.493800	0.217754
1636001	1637000	1636501	352.0	-0.493490	-0.016302
1637001	1638000	1637501	323.0	-0.493180	-0.140343
1638001	1639000	1638501	351.0	-0.492870	-0.020406
1639001	1640000	1639501	313.0	-0.492560	-0.185715
1640001	1641000	1640501	309.0	-0.492250	-0.204270
1641001	1642000	1641501	351.0	-0.491940	-0.020406
1642001	1643000	1642501	375.0	-0.491631	0.075013
1643001	1644000	1643501	345.0	-0.491321	-0.045281
1644001	1645000	1644501	380.0	-0.491011	0.094122
1645001	1646000	1645501	377.0	-0.490701	0.082687
1646001	1647000	1646501	359.0	-0.490391	0.012107
1647001	1648000	1647501	421.0	-0.490081	0.241943
1648001	1649000	1648501	415.0	-0.489771	0.221234
1649001	1650000	1649501	405.0	-0.489461	0.186045
1650001	1651000	1650501	477.0	-0.489151	0.422112
1651001	1652000	1651501	341.0	-0.488841	-0.062106
1652001	1653000	1652501	446.0	-0.488531	0.325166
1653001	1654000	1653501	488.0	-0.488221	0.455004
1654001	1655000	1654501	384.0	-0.487911	0.109229
1655001	1656000	1655501	331.0	-0.487601	-0.105046
1656001	1657000	1656501	316.0	-0.487291	-0.171953
1657001	1658000	1657501	377.0	-0.486981	0.082687
1658001	1659000	1658501	349.0	-0.486671	-0.028650
1659001	1660000	1659501	391.0	-0.486361	0.135291
1660001	1661000	1660501	371.0	-0.486051	0.059542
1661001	1662000	1661501	356.0	-0.485741	0.000000
1662001	1663000	1662501	396.0	-0.485431	0.153623
1663001	1664000	1663501	369.0	-0.485121	0.051744
1664001	1665000	1664501	355.0	-0.484811	-0.004058
1665001	1666000	1665501	386.0	-0.484501	0.116724
1666001	1667000	1666501	378.0	-0.484191	0.086509
1667001	1668000	1667501	358.0	-0.483881	0.008082
1668001	1669000	1668501	414.0	-0.483571	0.217754
1669001	1670000	1669501	365.0	-0.483261	0.036019
1670001	1671000	1670501	342.0	-0.482951	-0.057881
1671001	1672000	1671501	389.0	-0.482641	0.127893
1672001	1673000	1672501	329.0	-0.482331	-0.113790
1673001	1674000	1673501	376.0	-0.482021	0.078855
1674001	1675000	1674501	327.0	-0.481711	-0.122587
1675001	1676000	1675501	338.0	-0.481401	-0.074854
1676001	1677000	1676501	344.0	-0.481091	-0.049469
1677001	1678000	1677501	315.0	-0.480781	-0.176525
1678001	1679000	1678501	382.0	-0.480471	0.101695
1679001	1680000	1679501	411.0	-0.480161	0.207261
1680001	1681000	1680501	422.0	-0.479851	0.245366
1681001	1682000	1681501	392.0	-0.479541	0.138976
1682001	1683000	1682501	338.0	-0.479231	-0.074854
1683001	1684000	1683501	350.0	-0.478921	-0.024522
1684001	1685000	1684501	340.0	-0.478611	-0.066342
1685001	1686000	1685501	345.0	-0.478301	-0.045281
1686001	1687000	1686501	348.0	-0.477991	-0.032790
1687001	1688000	1687501	349.0	-0.477681	-0.028650
1688001	1689000	1688501	348.0	-0.477371	-0.032790
1689001	1690000	1689501	379.0	-0.477061	0.090321
1690001	1691000	1690501	396.0	-0.476751	0.153623
1691001	1692000	1691501	488.0	-0.476441	0.455004
1692001	1693000	1692501	331.0	-0.476131	-0.105046
1693001	1694000	1693501	362.0	-0.475821	0.024112
1694001	1695000	1694501	378.0	-0.475511	0.086509
1695001	1696000	1695501	382.0	-0.475201	0.101695
1696001	1697000	1696501	369.0	-0.474892	0.051744
1697001	1698000	1697501	382.0	-0.474582	0.101695
1698001	1699000	1698501	347.0	-0.474272	-0.036942
1699001	1700000	1699501	452.0	-0.473962	0.344446
1700001	1701000	1700501	432.0	-0.473652	0.279154
1701001	1702000	1701501	359.0	-0.473342	0.012107
1702001	1703000	1702501	342.0	-0.473032	-0.057881
1703001	1704000	1703501	356.0	-0.472722	0.000000
1704001	1705000	1704501	397.0	-0.472412	0.157262
1705001	1706000	1705501	367.0	-0.472102	0.043903
1706001	1707000	1706501	405.0	-0.471792	0.186045
1707001	1708000	1707501	399.0	-0.471482	0.164512
1708001	1709000	1708501	373.0	-0.471172	0.067298
1709001	1710000	1709501	371.0	-0.470862	0.059542
1710001	1711000	1710501	402.0	-0.470552	0.175318
1711001	1712000	1711501	430.0	-0.470242	0.272459
1712001	1713000	1712501	451.0	-0.469932	0.341250
1713001	1714000	1713501	331.0	-0.469622	-0.105046
1714001	1715000	1714501	398.0	-0.469312	0.160891
1715001	1716000	1715501	435.0	-0.469002	0.289138
1716001	1717000	1716501	421.0	-0.468692	0.241943
1717001	1718000	1717501	462.0	-0.468382	0.376016
1718001	1719000	1718501	398.0	-0.468072	0.160891
1719001	1720000	1719501	365.0	-0.467762	0.036019
1720001	1721000	1720501	369.0	-0.467452	0.051744
1721001	1722000	1721501	361.0	-0.467142	0.020122
1722001	1723000	1722501	351.0	-0.466832	-0.020406
1723001	1724000	1723501	396.0	-0.466522	0.153623
1724001	1725000	1724501	416.0	-0.466212	0.224706
1725001	1726000	1725501	368.0	-0.465902	0.047829
1726001	1727000	1726501	331.0	-0.465592	-0.105046
1727001	1728000	1727501	404.0	-0.465282	0.182478
1728001	1729000	1728501	381.0	-0.464972	0.097914
1729001	1730000	1729501	424.0	-0.464662	0.252187
1730001	1731000	1730501	423.0	-0.464352	0.248780
1731001	1732000	1731501	343.0	-0.464042	-0.053669
1732001	1733000	1732501	397.0	-0.463732	0.157262
1733001	1734000	1733501	479.0	-0.463422	0.428148
1734001	1735000	1734501	436.0	-0.463112	0.292451
1735001	1736000	1735501	403.0	-0.462802	0.178903
1736001	1737000	1736501	327.0	-0.462492	-0.122587
1737001	1738000	1737501	374.0	-0.462182	0.071161
1738001	1739000	1738501	355.0	-0.461872	-0.004058
1739001	1740000	1739501	400.0	-0.461562	0.168123
1740001	1741000	1740501	323.0	-0.461252	-0.140343
1741001	1742000	1741501	360.0	-0.460942	0.016120
1742001	1743000	1742501	397.0	-0.460632	0.157262
1743001	1744000	1743501	442.0	-0.460322	0.312169
1744001	1745000	1744501	461.0	-0.460012	0.372890
1745001	1746000	1745501	380.0	-0.459702	0.094122
1746001	1747000	1746501	351.0	-0.459392	-0.020406
1747001	1748000	1747501	383.0	-0.459082	0.105467
1748001	1749000	1748501	474.0	-0.458772	0.413010
1749001	1750000	1749501	407.0	-0.458462	0.193152
1750001	1751000	1750501	433.0	-0.458153	0.282490
1751001	1752000	1751501	424.0	-0.457843	0.252187
1752001	1753000	1752501	417.0	-0.457533	0.228170
1753001	1754000	1753501	354.0	-0.457223	-0.008128
1754001	1755000	1754501	416.0	-0.456913	0.224706
1755001	1756000	1755501	382.0	-0.456603	0.101695
1756001	1757000	1756501	407.0	-0.456293	0.193152
1757001	1758000	1757501	431.0	-0.455983	0.275811
1758001	1759000	1758501	329.0	-0.455673	-0.113790
1759001	1760000	1759501	538.0	-0.455363	0.595729
1760001	1761000	1760501	534.0	-0.455053	0.584963
1761001	1762000	1761501	469.0	-0.454743	0.397711
1762001	1763000	1762501	376.0	-0.454433	0.078855
1763001	1764000	1763501	432.0	-0.454123	0.279154
1764001	1765000	1764501	375.0	-0.453813	0.075013
1765001	1766000	1765501	307.0	-0.453503	-0.213639
1766001	1767000	1766501	323.0	-0.453193	-0.140343
1767001	1768000	1767501	443.0	-0.452883	0.315429
1768001	1769000	1768501	411.0	-0.452573	0.207261
1769001	1770000	1769501	370.0	-0.452263	0.055648
1770001	1771000	1770501	388.0	-0.451953	0.124179
1771001	1772000	1771501	378.0	-0.451643	0.086509
1772001	1773000	1772501	320.0	-0.451333	-0.153805
1773001	1774000	1773501	327.0	-0.451023	-0.122587
1774001	1775000	1774501	343.0	-0.450713	-0.053669
1775001	1776000	1775501	406.0	-0.450403	0.189602
1776001	1777000	1776501	404.0	-0.450093	0.182478
1777001	1778000	1777501	328.0	-0.449783	-0.118181
1778001	1779000	1778501	328.0	-0.449473	-0.118181
1779001	1780000	1779501	349.0	-0.449163	-0.028650
1780001	1781000	1780501	318.0	-0.448853	-0.162850
1781001	1782000	1781501	370.0	-0.448543	0.055648
1782001	1783000	1782501	365.0	-0.448233	0.036019
1783001	1784000	1783501	323.0	-0.447923	-0.140343
1784001	1785000	1784501	376.0	-0.447613	0.078855
1785001	1786000	1785501	445.0	-0.447303	0.321928
1786001	1787000	1786501	402.0	-0.446993	0.175318
1787001	1788000	1787501	429.0	-0.446683	0.269100
1788001	1789000	1788501	468.0	-0.446373	0.394631
1789001	1790000	1789501	342.0	-0.446063	-0.057881
1790001	1791000	1790501	325.0	-0.445753	-0.131438
1791001	1792000	1791501	288.0	-0.445443	-0.305808
1792001	1793000	1792501	330.0	-0.445133	-0.109411
1793001	1794000	1793501	316.0	-0.444823	-0.171953
1794001	1795000	1794501	299.0	-0.444513	-0.251732
1795001	1796000	1795501	331.0	-0.444203	-0.105046
1796001	1797000	1796501	309.0	-0.443893	-0.204270
1797001	1798000	1797501	343.0	-0.443583	-0.053669
1798001	1799000	1798501	363.0	-0.443273	0.028092
1799001	1800000	1799501	344.0	-0.442963	-0.049469
1800001	1801000	1800501	295.0	-0.442653	-0.271162
1801001	1802000	1801501	379.0	-0.442343	0.090321
1802001	1803000	1802501	333.0	-0.442033	-0.096355
1803001	1804000	1803501	363.0	-0.441723	0.028092
1804001	1805000	1804501	302.0	-0.441414	-0.237329
1805001	1806000	1805501	353.0	-0.441104	-0.012209
1806001	1807000	1806501	355.0	-0.440794	-0.004058
1807001	1808000	1807501	307.0	-0.440484	-0.213639
1808001	1809000	1808501	386.0	-0.440174	0.116724
1809001	1810000	1809501	394.0	-0.439864	0.146318
1810001	1811000	1810501	351.0	-0.439554	-0.020406
1811001	1812000	1811501	389.0	-0.439244	0.127893
1812001	1813000	1812501	369.0	-0.438934	0.051744
1813001	1814000	1813501	333.0	-0.438624	-0.096355
1814001	1815000	1814501	357.0	-0.438314	0.004047
1815001	1816000	1815501	341.0	-0.438004	-0.062106
1816001	1817000	1816501	370.0	-0.437694	0.055648
1817001	1818000	1817501	412.0	-0.437384	0.210767
1818001	1819000	1818501	360.0	-0.437074	0.016120
1819001	1820000	1819501	369.0	-0.436764	0.051744
1820001	1821000	1820501	402.0	-0.436454	0.175318
1821001	1822000	1821501	378.0	-0.436144	0.086509
1822001	1823000	1822501	359.0	-0.435834	0.012107
1823001	1824000	1823501	377.0	-0.435524	0.082687
1824001	1825000	1824501	376.0	-0.435214	0.078855
1825001	1826000	1825501	336.0	-0.434904	-0.083416
1826001	1827000	1826501	321.0	-0.434594	-0.149304
1827001	1828000	1827501	356.0	-0.434284	0.000000
1828001	1829000	1828501	336.0	-0.433974	-0.083416
1829001	1830000	1829501	368.0	-0.433664	0.047829
1830001	1831000	1830501	360.0	-0.433354	0.016120
1831001	1832000	1831501	406.0	-0.433044	0.189602
1832001	1833000	1832501	405.0	-0.432734	0.186045
1833001	1834000	1833501	395.0	-0.432424	0.149975
1834001	1835000	1834501	356.0	-0.432114	0.000000
1835001	1836000	1835501	370.0	-0.431804	0.055648
1836001	1837000	1836501	419.0	-0.431494	0.235073
1837001	1838000	1837501	369.0	-0.431184	0.051744
1838001	1839000	1838501	440.0	-0.430874	0.305626
1839001	1840000	1839501	367.0	-0.430564	0.043903
1840001	1841000	1840501	296.0	-0.430254	-0.266280
1841001	1842000	1841501	370.0	-0.429944	0.055648
1842001	1843000	1842501	350.0	-0.429634	-0.024522
1843001	1844000	1843501	339.0	-0.429324	-0.070592
1844001	1845000	1844501	371.0	-0.429014	0.059542
1845001	1846000	1845501	327.0	-0.428704	-0.122587
1846001	1847000	1846501	373.0	-0.428394	0.067298
1847001	1848000	1847501	341.0	-0.428084	-0.062106
1848001	1849000	1848501	367.0	-0.427774	0.043903
1849001	1850000	1849501	424.0	-0.427464	0.252187
1850001	1851000	1850501	354.0	-0.427154	-0.008128
1851001	1852000	1851501	419.0	-0.426844	0.235073
1852001	1853000	1852501	404.0	-0.426534	0.182478
1853001	1854000	1853501	401.0	-0.426224	0.171725
1854001	1855000	1854501	366.0	-0.425914	0.039966
1855001	1856000	1855501	428.0	-0.425604	0.265734
1856001	1857000	1856501	369.0	-0.425294	0.051744
1857001	1858000	1857501	343.0	-0.424985	-0.053669
1858001	1859000	1858501	348.0	-0.424675	-0.032790
1859001	1860000	1859501	388.0	-0.424365	0.124179
1860001	1861000	1860501	341.0	-0.424055	-0.062106
1861001	1862000	1861501	340.0	-0.423745	-0.066342
1862001	1863000	1862501	312.0	-0.423435	-0.190331
1863001	1864000	1863501	393.0	-0.423125	0.142652
1864001	1865000	1864501	344.0	-0.422815	-0.049469
1865001	1866000	1865501	289.0	-0.422505	-0.300808
1866001	1867000	1866501	307.0	-0.422195	-0.213639
1867001	1868000	1867501	296.0	-0.421885	-0.266280
1868001	1869000	1868501	318.0	-0.421575	-0.162850
1869001	1870000	1869501	354.0	-0.421265	-0.008128
1870001	1871000	1870501	337.0	-0.420955	-0.079129
1871001	1872000	1871501	422.0	-0.420645	0.245366
1872001	1873000	1872501	450.0	-0.420335	0.338048
1873001	1874000	1873501	420.0	-0.420025	0.238512
1874001	1875000	1874501	475.0	-0.419715	0.416050
1875001	1876000	1875501	607.0	-0.419405	0.769819
1876001	1877000	1876501	551.0	-0.419095	0.630175
1877001	1878000	1877501	534.0	-0.418785	0.584963
1878001	1879000	1878501	611.0	-0.418475	0.779295
1879001	1880000	1879501	624.0	-0.418165	0.809669
1880001	1881000	1880501	510.0	-0.417855	0.518620
1881001	1882000	1881501	511.0	-0.417545	0.521446
1882001	1883000	1882501	573.0	-0.417235	0.686658
1883001	1884000	1883501	568.0	-0.416925	0.674014
1884001	1885000	1884501	543.0	-0.416615	0.609075
1885001	1886000	1885501	565.0	-0.416305	0.666374
1886001	1887000	1886501	631.0	-0.415995	0.825763
1887001	1888000	1887501	614.0	-0.415685	0.786361
1888001	1889000	1888501	558.0	-0.415375	0.648388
1889001	1890000	1889501	597.0	-0.415065	0.745854
1890001	1891000	1890501	562.0	-0.414755	0.658693
1891001	1892000	1891501	553.0	-0.414445	0.635402
1892001	1893000	1892501	487.0	-0.414135	0.452045
1893001	1894000	1893501	457.0	-0.413825	0.360317
1894001	1895000	1894501	431.0	-0.413515	0.275811
1895001	1896000	1895501	428.0	-0.413205	0.265734
1896001	1897000	1896501	565.0	-0.412895	0.666374
1897001	1898000	1897501	464.0	-0.412585	0.382248
1898001	1899000	1898501	393.0	-0.412275	0.142652
1899001	1900000	1899501	396.0	-0.411965	0.153623
1900001	1901000	1900501	460.0	-0.411655	0.369757
1901001	1902000	1901501	473.0	-0.411345	0.409963
1902001	1903000	1902501	513.0	-0.411035	0.527082
1903001	1904000	1903501	503.0	-0.410725	0.498681
1904001	1905000	1904501	442.0	-0.410415	0.312169
1905001	1906000	1905501	464.0	-0.410105	0.382248
1906001	1907000	1906501	466.0	-0.409795	0.388453
1907001	1908000	1907501	469.0	-0.409485	0.397711
1908001	1909000	1908501	509.0	-0.409175	0.515788
1909001	1910000	1909501	487.0	-0.408865	0.452045
1910001	1911000	1910501	432.0	-0.408555	0.279154
1911001	1912000	1911501	461.0	-0.408246	0.372890
1912001	1913000	1912501	405.0	-0.407936	0.186045
1913001	1914000	1913501	375.0	-0.407626	0.075013
1914001	1915000	1914501	418.0	-0.407316	0.231626
1915001	1916000	1915501	404.0	-0.407006	0.182478
1916001	1917000	1916501	351.0	-0.406696	-0.020406
1917001	1918000	1917501	335.0	-0.406386	-0.087716
1918001	1919000	1918501	351.0	-0.406076	-0.020406
1919001	1920000	1919501	332.0	-0.405766	-0.100694
1920001	1921000	1920501	300.0	-0.405456	-0.246915
1921001	1922000	1921501	349.0	-0.405146	-0.028650
1922001	1923000	1922501	385.0	-0.404836	0.112981
1923001	1924000	1923501	402.0	-0.404526	0.175318
1924001	1925000	1924501	397.0	-0.404216	0.157262
1925001	1926000	1925501	399.0	-0.403906	0.164512
1926001	1927000	1926501	391.0	-0.403596	0.135291
1927001	1928000	1927501	301.0	-0.403286	-0.242114
1928001	1929000	1928501	415.0	-0.402976	0.221234
1929001	1930000	1929501	362.0	-0.402666	0.024112
1930001	1931000	1930501	401.0	-0.402356	0.171725
1931001	1932000	1931501	319.0	-0.402046	-0.158321
1932001	1933000	1932501	312.0	-0.401736	-0.190331
1933001	1934000	1933501	314.0	-0.401426	-0.181113
1934001	1935000	1934501	382.0	-0.401116	0.101695
1935001	1936000	1935501	307.0	-0.400806	-0.213639
1936001	1937000	1936501	324.0	-0.400496	-0.135883
1937001	1938000	1937501	469.0	-0.400186	0.397711
1938001	1939000	1938501	372.0	-0.399876	0.063425
1939001	1940000	1939501	398.0	-0.399566	0.160891
1940001	1941000	1940501	490.0	-0.399256	0.460905
1941001	1942000	1941501	380.0	-0.398946	0.094122
1942001	1943000	1942501	374.0	-0.398636	0.071161
1943001	1944000	1943501	383.0	-0.398326	0.105467
1944001	1945000	1944501	412.0	-0.398016	0.210767
1945001	1946000	1945501	460.0	-0.397706	0.369757
1946001	1947000	1946501	424.0	-0.397396	0.252187
1947001	1948000	1947501	410.0	-0.397086	0.203747
1948001	1949000	1948501	396.0	-0.396776	0.153623
1949001	1950000	1949501	378.0	-0.396466	0.086509
1950001	1951000	1950501	367.0	-0.396156	0.043903
1951001	1952000	1951501	358.0	-0.395846	0.008082
1952001	1953000	1952501	406.0	-0.395536	0.189602
1953001	1954000	1953501	511.0	-0.395226	0.521446
1954001	1955000	1954501	343.0	-0.394916	-0.053669
1955001	1956000	1955501	356.0	-0.394606	0.000000
1956001	1957000	1956501	410.0	-0.394296	0.203747
1957001	1958000	1957501	411.0	-0.393986	0.207261
1958001	1959000	1958501	549.0	-0.393676	0.624929
1959001	1960000	1959501	452.0	-0.393366	0.344446
1960001	1961000	1960501	437.0	-0.393056	0.295756
1961001	1962000	1961501	444.0	-0.392746	0.318682
1962001	1963000	1962501	363.0	-0.392436	0.028092
1963001	1964000	1963501	387.0	-0.392126	0.120456
1964001	1965000	1964501	356.0	-0.391816	0.000000
1965001	1966000	1965501	425.0	-0.391507	0.255586
1966001	1967000	1966501	453.0	-0.391197	0.347634
1967001	1968000	1967501	469.0	-0.390887	0.397711
1968001	1969000	1968501	401.0	-0.390577	0.171725
1969001	1970000	1969501	510.0	-0.390267	0.518620
1970001	1971000	1970501	527.0	-0.389957	0.565926
1971001	1972000	1971501	449.0	-0.389647	0.334838
1972001	1973000	1972501	475.0	-0.389337	0.416050
1973001	1974000	1973501	462.0	-0.389027	0.376016
1974001	1975000	1974501	497.0	-0.388717	0.481369
1975001	1976000	1975501	442.0	-0.388407	0.312169
1976001	1977000	1976501	475.0	-0.388097	0.416050
1977001	1978000	1977501	500.0	-0.387787	0.490051
1978001	1979000	1978501	468.0	-0.387477	0.394631
1979001	1980000	1979501	416.0	-0.387167	0.224706
1980001	1981000	1980501	465.0	-0.386857	0.385353
1981001	1982000	1981501	499.0	-0.386547	0.487163
1982001	1983000	1982501	468.0	-0.386237	0.394631
1983001	1984000	1983501	486.0	-0.385927	0.449079
1984001	1985000	1984501	438.0	-0.385617	0.299054
1985001	1986000	1985501	507.0	-0.385307	0.510109
1986001	1987000	1986501	406.0	-0.384997	0.189602
1987001	1988000	1987501	366.0	-0.384687	0.039966
1988001	1989000	1988501	399.0	-0.384377	0.164512
1989001	1990000	1989501	427.0	-0.384067	0.262359
1990001	1991000	1990501	441.0	-0.383757	0.308901
1991001	1992000	1991501	420.0	-0.383447	0.238512
1992001	1993000	1992501	389.0	-0.383137	0.127893
1993001	1994000	1993501	334.0	-0.382827	-0.092029
1994001	1995000	1994501	367.0	-0.382517	0.043903
1995001	1996000	1995501	389.0	-0.382207	0.127893
1996001	1997000	1996501	424.0	-0.381897	0.252187
1997001	1998000	1997501	435.0	-0.381587	0.289138
1998001	1999000	1998501	443.0	-0.381277	0.315429
1999001	2000000	1999501	504.0	-0.380967	0.501546
2000001	2001000	2000501	459.0	-0.380657	0.366617
2001001	2002000	2001501	442.0	-0.380347	0.312169
2002001	2003000	2002501	413.0	-0.380037	0.214265
2003001	2004000	2003501	426.0	-0.379727	0.258976
2004001	2005000	2004501	441.0	-0.379417	0.308901
2005001	2006000	2005501	422.0	-0.379107	0.245366
2006001	2007000	2006501	436.0	-0.378797	0.292451
2007001	2008000	2007501	336.0	-0.378487	-0.083416
2008001	2009000	2008501	381.0	-0.378177	0.097914
2009001	2010000	2009501	308.0	-0.377867	-0.208947
2010001	2011000	2010501	414.0	-0.377557	0.217754
2011001	2012000	2011501	315.0	-0.377247	-0.176525
2012001	2013000	2012501	433.0	-0.376937	0.282490
2013001	2014000	2013501	284.0	-0.376627	-0.325986
2014001	2015000	2014501	366.0	-0.376317	0.039966
2015001	2016000	2015501	339.0	-0.376007	-0.070592
2016001	2017000	2016501	295.0	-0.375697	-0.271162
2017001	2018000	2017501	353.0	-0.375387	-0.012209
2018001	2019000	2018501	321.0	-0.375077	-0.149304
2019001	2020000	2019501	319.0	-0.374768	-0.158321
2020001	2021000	2020501	416.0	-0.374458	0.224706
2021001	2022000	2021501	332.0	-0.374148	-0.100694
2022001	2023000	2022501	378.0	-0.373838	0.086509
2023001	2024000	2023501	292.0	-0.373528	-0.285909
2024001	2025000	2024501	334.0	-0.373218	-0.092029
2025001	2026000	2025501	386.0	-0.372908	0.116724
2026001	2027000	2026501	438.0	-0.372598	0.299054
2027001	2028000	2027501	346.0	-0.372288	-0.041105
2028001	2029000	2028501	373.0	-0.371978	0.067298
2029001	2030000	2029501	412.0	-0.371668	0.210767
2030001	2031000	2030501	350.0	-0.371358	-0.024522
2031001	2032000	2031501	431.0	-0.371048	0.275811
2032001	2033000	2032501	373.0	-0.370738	0.067298
2033001	2034000	2033501	347.0	-0.370428	-0.036942
2034001	2035000	2034501	340.0	-0.370118	-0.066342
2035001	2036000	2035501	368.0	-0.369808	0.047829
2036001	2037000	2036501	355.0	-0.369498	-0.004058
2037001	2038000	2037501	368.0	-0.369188	0.047829
2038001	2039000	2038501	307.0	-0.368878	-0.213639
2039001	2040000	2039501	338.0	-0.368568	-0.074854
2040001	2041000	2040501	380.0	-0.368258	0.094122
2041001	2042000	2041501	424.0	-0.367948	0.252187
2042001	2043000	2042501	350.0	-0.367638	-0.024522
2043001	2044000	2043501	344.0	-0.367328	-0.049469
2044001	2045000	2044501	344.0	-0.367018	-0.049469
2045001	2046000	2045501	472.0	-0.366708	0.406910
2046001	2047000	2046501	395.0	-0.366398	0.149975
2047001	2048000	2047501	369.0	-0.366088	0.051744
2048001	2049000	2048501	373.0	-0.365778	0.067298
2049001	2050000	2049501	350.0	-0.365468	-0.024522
2050001	2051000	2050501	326.0	-0.365158	-0.127005
2051001	2052000	2051501	368.0	-0.364848	0.047829
2052001	2053000	2052501	320.0	-0.364538	-0.153805
2053001	2054000	2053501	362.0	-0.364228	0.024112
2054001	2055000	2054501	379.0	-0.363918	0.090321
2055001	2056000	2055501	423.0	-0.363608	0.248780
2056001	2057000	2056501	363.0	-0.363298	0.028092
2057001	2058000	2057501	385.0	-0.362988	0.112981
2058001	2059000	2058501	419.0	-0.362678	0.235073
2059001	2060000	2059501	381.0	-0.362368	0.097914
2060001	2061000	2060501	417.0	-0.362058	0.228170
2061001	2062000	2061501	416.0	-0.361748	0.224706
2062001	2063000	2062501	491.0	-0.361438	0.463846
2063001	2064000	2063501	389.0	-0.361128	0.127893
2064001	2065000	2064501	365.0	-0.360818	0.036019
2065001	2066000	2065501	365.0	-0.360508	0.036019
2066001	2067000	2066501	363.0	-0.360198	0.028092
2067001	2068000	2067501	374.0	-0.359888	0.071161
2068001	2069000	2068501	423.0	-0.359578	0.248780
2069001	2070000	2069501	363.0	-0.359268	0.028092
2070001	2071000	2070501	319.0	-0.358958	-0.158321
2071001	2072000	2071501	353.0	-0.358648	-0.012209
2072001	2073000	2072501	367.0	-0.358338	0.043903
2073001	2074000	2073501	410.0	-0.358029	0.203747
2074001	2075000	2074501	342.0	-0.357719	-0.057881
2075001	2076000	2075501	370.0	-0.357409	0.055648
2076001	2077000	2076501	313.0	-0.357099	-0.185715
2077001	2078000	2077501	332.0	-0.356789	-0.100694
2078001	2079000	2078501	400.0	-0.356479	0.168123
2079001	2080000	2079501	431.0	-0.356169	0.275811
2080001	2081000	2080501	420.0	-0.355859	0.238512
2081001	2082000	2081501	359.0	-0.355549	0.012107
2082001	2083000	2082501	314.0	-0.355239	-0.181113
2083001	2084000	2083501	374.0	-0.354929	0.071161
2084001	2085000	2084501	440.0	-0.354619	0.305626
2085001	2086000	2085501	366.0	-0.354309	0.039966
2086001	2087000	2086501	317.0	-0.353999	-0.167394
2087001	2088000	2087501	354.0	-0.353689	-0.008128
2088001	2089000	2088501	412.0	-0.353379	0.210767
2089001	2090000	2089501	474.0	-0.353069	0.413010
2090001	2091000	2090501	402.0	-0.352759	0.175318
2091001	2092000	2091501	434.0	-0.352449	0.285818
2092001	2093000	2092501	354.0	-0.352139	-0.008128
2093001	2094000	2093501	364.0	-0.351829	0.032061
2094001	2095000	2094501	346.0	-0.351519	-0.041105
2095001	2096000	2095501	341.0	-0.351209	-0.062106
2096001	2097000	2096501	368.0	-0.350899	0.047829
2097001	2098000	2097501	449.0	-0.350589	0.334838
2098001	2099000	2098501	368.0	-0.350279	0.047829
2099001	2100000	2099501	334.0	-0.349969	-0.092029
2100001	2101000	2100501	338.0	-0.349659	-0.074854
2101001	2102000	2101501	397.0	-0.349349	0.157262
2102001	2103000	2102501	350.0	-0.349039	-0.024522
2103001	2104000	2103501	390.0	-0.348729	0.131597
2104001	2105000	2104501	311.0	-0.348419	-0.194963
2105001	2106000	2105501	284.0	-0.348109	-0.325986
2106001	2107000	2106501	394.0	-0.347799	0.146318
2107001	2108000	2107501	371.0	-0.347489	0.059542
2108001	2109000	2108501	411.0	-0.347179	0.207261
2109001	2110000	2109501	394.0	-0.346869	0.146318
2110001	2111000	2110501	364.0	-0.346559	0.032061
2111001	2112000	2111501	443.0	-0.346249	0.315429
2112001	2113000	2112501	425.0	-0.345939	0.255586
2113001	2114000	2113501	363.0	-0.345629	0.028092
2114001	2115000	2114501	314.0	-0.345319	-0.181113
2115001	2116000	2115501	304.0	-0.345009	-0.227806
2116001	2117000	2116501	408.0	-0.344699	0.196692
2117001	2118000	2117501	340.0	-0.344389	-0.066342
2118001	2119000	2118501	328.0	-0.344079	-0.118181
2119001	2120000	2119501	359.0	-0.343769	0.012107
2120001	2121000	2120501	410.0	-0.343459	0.203747
2121001	2122000	2121501	299.0	-0.343149	-0.251732
2122001	2123000	2122501	376.0	-0.342839	0.078855
2123001	2124000	2123501	356.0	-0.342529	0.000000
2124001	2125000	2124501	321.0	-0.342219	-0.149304
2125001	2126000	2125501	440.0	-0.341909	0.305626
2126001	2127000	2126501	366.0	-0.341600	0.039966
2127001	2128000	2127501	323.0	-0.341290	-0.140343
2128001	2129000	2128501	390.0	-0.340980	0.131597
2129001	2130000	2129501	420.0	-0.340670	0.238512
2130001	2131000	2130501	368.0	-0.340360	0.047829
2131001	2132000	2131501	452.0	-0.340050	0.344446
2132001	2133000	2132501	358.0	-0.339740	0.008082
2133001	2134000	2133501	382.0	-0.339430	0.101695
2134001	2135000	2134501	272.0	-0.339120	-0.388271
2135001	2136000	2135501	321.0	-0.338810	-0.149304
2136001	2137000	2136501	344.0	-0.338500	-0.049469
2137001	2138000	2137501	317.0	-0.338190	-0.167394
2138001	2139000	2138501	347.0	-0.337880	-0.036942
2139001	2140000	2139501	350.0	-0.337570	-0.024522
2140001	2141000	2140501	355.0	-0.337260	-0.004058
2141001	2142000	2141501	354.0	-0.336950	-0.008128
2142001	2143000	2142501	392.0	-0.336640	0.138976
2143001	2144000	2143501	384.0	-0.336330	0.109229
2144001	2145000	2144501	324.0	-0.336020	-0.135883
2145001	2146000	2145501	377.0	-0.335710	0.082687
2146001	2147000	2146501	348.0	-0.335400	-0.032790
2147001	2148000	2147501	375.0	-0.335090	0.075013
2148001	2149000	2148501	344.0	-0.334780	-0.049469
2149001	2150000	2149501	304.0	-0.334470	-0.227806
2150001	2151000	2150501	348.0	-0.334160	-0.032790
2151001	2152000	2151501	355.0	-0.333850	-0.004058
2152001	2153000	2152501	421.0	-0.333540	0.241943
2153001	2154000	2153501	374.0	-0.333230	0.071161
2154001	2155000	2154501	357.0	-0.332920	0.004047
2155001	2156000	2155501	373.0	-0.332610	0.067298
2156001	2157000	2156501	359.0	-0.332300	0.012107
2157001	2158000	2157501	343.0	-0.331990	-0.053669
2158001	2159000	2158501	353.0	-0.331680	-0.012209
2159001	2160000	2159501	430.0	-0.331370	0.272459
2160001	2161000	2160501	360.0	-0.331060	0.016120
2161001	2162000	2161501	363.0	-0.330750	0.028092
2162001	2163000	2162501	371.0	-0.330440	0.059542
2163001	2164000	2163501	342.0	-0.330130	-0.057881
2164001	2165000	2164501	417.0	-0.329820	0.228170
2165001	2166000	2165501	379.0	-0.329510	0.090321
2166001	2167000	2166501	302.0	-0.329200	-0.237329
2167001	2168000	2167501	380.0	-0.328890	0.094122
2168001	2169000	2168501	353.0	-0.328580	-0.012209
2169001	2170000	2169501	410.0	-0.328270	0.203747
2170001	2171000	2170501	367.0	-0.327960	0.043903
2171001	2172000	2171501	389.0	-0.327650	0.127893
2172001	2173000	2172501	359.0	-0.327340	0.012107
2173001	2174000	2173501	368.0	-0.327030	0.047829
2174001	2175000	2174501	372.0	-0.326720	0.063425
2175001	2176000	2175501	331.0	-0.326410	-0.105046
2176001	2177000	2176501	341.0	-0.326100	-0.062106
2177001	2178000	2177501	366.0	-0.325790	0.039966
2178001	2179000	2178501	372.0	-0.325480	0.063425
2179001	2180000	2179501	420.0	-0.325170	0.238512
2180001	2181000	2180501	362.0	-0.324861	0.024112
2181001	2182000	2181501	296.0	-0.324551	-0.266280
2182001	2183000	2182501	370.0	-0.324241	0.055648
2183001	2184000	2183501	339.0	-0.323931	-0.070592
2184001	2185000	2184501	357.0	-0.323621	0.004047
2185001	2186000	2185501	386.0	-0.323311	0.116724
2186001	2187000	2186501	368.0	-0.323001	0.047829
2187001	2188000	2187501	393.0	-0.322691	0.142652
2188001	2189000	2188501	326.0	-0.322381	-0.127005
2189001	2190000	2189501	321.0	-0.322071	-0.149304
2190001	2191000	2190501	295.0	-0.321761	-0.271162
2191001	2192000	2191501	293.0	-0.321451	-0.280977
2192001	2193000	2192501	319.0	-0.321141	-0.158321
2193001	2194000	2193501	294.0	-0.320831	-0.276061
2194001	2195000	2194501	357.0	-0.320521	0.004047
2195001	2196000	2195501	383.0	-0.320211	0.105467
2196001	2197000	2196501	371.0	-0.319901	0.059542
2197001	2198000	2197501	343.0	-0.319591	-0.053669
2198001	2199000	2198501	315.0	-0.319281	-0.176525
2199001	2200000	2199501	403.0	-0.318971	0.178903
2200001	2201000	2200501	357.0	-0.318661	0.004047
2201001	2202000	2201501	357.0	-0.318351	0.004047
2202001	2203000	2202501	382.0	-0.318041	0.101695
2203001	2204000	2203501	447.0	-0.317731	0.328398
2204001	2205000	2204501	339.0	-0.317421	-0.070592
2205001	2206000	2205501	359.0	-0.317111	0.012107
2206001	2207000	2206501	316.0	-0.316801	-0.171953
2207001	2208000	2207501	345.0	-0.316491	-0.045281
2208001	2209000	2208501	309.0	-0.316181	-0.204270
2209001	2210000	2209501	352.0	-0.315871	-0.016302
2210001	2211000	2210501	324.0	-0.315561	-0.135883
2211001	2212000	2211501	403.0	-0.315251	0.178903
2212001	2213000	2212501	391.0	-0.314941	0.135291
2213001	2214000	2213501	408.0	-0.314631	0.196692
2214001	2215000	2214501	312.0	-0.314321	-0.190331
2215001	2216000	2215501	181.0	-0.314011	-0.975888
2216001	2217000	2216501	362.0	-0.313701	0.024112
2217001	2218000	2217501	384.0	-0.313391	0.109229
2218001	2219000	2218501	355.0	-0.313081	-0.004058
2219001	2220000	2219501	404.0	-0.312771	0.182478
2220001	2221000	2220501	362.0	-0.312461	0.024112
2221001	2222000	2221501	317.0	-0.312151	-0.167394
2222001	2223000	2222501	317.0	-0.311841	-0.167394
2223001	2224000	2223501	318.0	-0.311531	-0.162850
2224001	2225000	2224501	264.0	-0.311221	-0.431339
2225001	2226000	2225501	339.0	-0.310911	-0.070592
2226001	2227000	2226501	318.0	-0.310601	-0.162850
2227001	2228000	2227501	357.0	-0.310291	0.004047
2228001	2229000	2228501	387.0	-0.309981	0.120456
2229001	2230000	2229501	354.0	-0.309671	-0.008128
2230001	2231000	2230501	392.0	-0.309361	0.138976
2231001	2232000	2231501	389.0	-0.309051	0.127893
2232001	2233000	2232501	392.0	-0.308741	0.138976
2233001	2234000	2233501	436.0	-0.308431	0.292451
2234001	2235000	2234501	339.0	-0.308122	-0.070592
2235001	2236000	2235501	380.0	-0.307812	0.094122
2236001	2237000	2236501	406.0	-0.307502	0.189602
2237001	2238000	2237501	385.0	-0.307192	0.112981
2238001	2239000	2238501	417.0	-0.306882	0.228170
2239001	2240000	2239501	315.0	-0.306572	-0.176525
2240001	2241000	2240501	367.0	-0.306262	0.043903
2241001	2242000	2241501	355.0	-0.305952	-0.004058
2242001	2243000	2242501	402.0	-0.305642	0.175318
2243001	2244000	2243501	354.0	-0.305332	-0.008128
2244001	2245000	2244501	308.0	-0.305022	-0.208947
2245001	2246000	2245501	308.0	-0.304712	-0.208947
2246001	2247000	2246501	308.0	-0.304402	-0.208947
2247001	2248000	2247501	302.0	-0.304092	-0.237329
2248001	2249000	2248501	355.0	-0.303782	-0.004058
2249001	2250000	2249501	307.0	-0.303472	-0.213639
2250001	2251000	2250501	331.0	-0.303162	-0.105046
2251001	2252000	2251501	393.0	-0.302852	0.142652
2252001	2253000	2252501	371.0	-0.302542	0.059542
2253001	2254000	2253501	328.0	-0.302232	-0.118181
2254001	2255000	2254501	313.0	-0.301922	-0.185715
2255001	2256000	2255501	303.0	-0.301612	-0.232559
2256001	2257000	2256501	358.0	-0.301302	0.008082
2257001	2258000	2257501	400.0	-0.300992	0.168123
2258001	2259000	2258501	410.0	-0.300682	0.203747
2259001	2260000	2259501	416.0	-0.300372	0.224706
2260001	2261000	2260501	352.0	-0.300062	-0.016302
2261001	2262000	2261501	392.0	-0.299752	0.138976
2262001	2263000	2262501	349.0	-0.299442	-0.028650
2263001	2264000	2263501	349.0	-0.299132	-0.028650
2264001	2265000	2264501	362.0	-0.298822	0.024112
2265001	2266000	2265501	342.0	-0.298512	-0.057881
2266001	2267000	2266501	294.0	-0.298202	-0.276061
2267001	2268000	2267501	304.0	-0.297892	-0.227806
2268001	2269000	2268501	353.0	-0.297582	-0.012209
2269001	2270000	2269501	351.0	-0.297272	-0.020406
2270001	2271000	2270501	300.0	-0.296962	-0.246915
2271001	2272000	2271501	287.0	-0.296652	-0.310827
2272001	2273000	2272501	347.0	-0.296342	-0.036942
2273001	2274000	2273501	333.0	-0.296032	-0.096355
2274001	2275000	2274501	329.0	-0.295722	-0.113790
2275001	2276000	2275501	442.0	-0.295412	0.312169
2276001	2277000	2276501	429.0	-0.295102	0.269100
2277001	2278000	2277501	397.0	-0.294792	0.157262
2278001	2279000	2278501	425.0	-0.294482	0.255586
2279001	2280000	2279501	419.0	-0.294172	0.235073
2280001	2281000	2280501	384.0	-0.293862	0.109229
2281001	2282000	2281501	442.0	-0.293552	0.312169
2282001	2283000	2282501	376.0	-0.293242	0.078855
2283001	2284000	2283501	325.0	-0.292932	-0.131438
2284001	2285000	2284501	392.0	-0.292622	0.138976
2285001	2286000	2285501	296.0	-0.292312	-0.266280
2286001	2287000	2286501	320.0	-0.292002	-0.153805
2287001	2288000	2287501	376.0	-0.291692	0.078855
2288001	2289000	2288501	380.0	-0.291383	0.094122
2289001	2290000	2289501	337.0	-0.291073	-0.079129
2290001	2291000	2290501	331.0	-0.290763	-0.105046
2291001	2292000	2291501	269.0	-0.290453	-0.404271
2292001	2293000	2292501	381.0	-0.290143	0.097914
2293001	2294000	2293501	365.0	-0.289833	0.036019
2294001	2295000	2294501	313.0	-0.289523	-0.185715
2295001	2296000	2295501	354.0	-0.289213	-0.008128
2296001	2297000	2296501	362.0	-0.288903	0.024112
2297001	2298000	2297501	400.0	-0.288593	0.168123
2298001	2299000	2298501	351.0	-0.288283	-0.020406
2299001	2300000	2299501	300.0	-0.287973	-0.246915
2300001	2301000	2300501	376.0	-0.287663	0.078855
2301001	2302000	2301501	364.0	-0.287353	0.032061
2302001	2303000	2302501	338.0	-0.287043	-0.074854
2303001	2304000	2303501	413.0	-0.286733	0.214265
2304001	2305000	2304501	361.0	-0.286423	0.020122
2305001	2306000	2305501	300.0	-0.286113	-0.246915
2306001	2307000	2306501	335.0	-0.285803	-0.087716
2307001	2308000	2307501	392.0	-0.285493	0.138976
2308001	2309000	2308501	418.0	-0.285183	0.231626
2309001	2310000	2309501	359.0	-0.284873	0.012107
2310001	2311000	2310501	378.0	-0.284563	0.086509
2311001	2312000	2311501	363.0	-0.284253	0.028092
2312001	2313000	2312501	494.0	-0.283943	0.472634
2313001	2314000	2313501	450.0	-0.283633	0.338048
2314001	2315000	2314501	369.0	-0.283323	0.051744
2315001	2316000	2315501	407.0	-0.283013	0.193152
2316001	2317000	2316501	357.0	-0.282703	0.004047
2317001	2318000	2317501	326.0	-0.282393	-0.127005
2318001	2319000	2318501	416.0	-0.282083	0.224706
2319001	2320000	2319501	409.0	-0.281773	0.200224
2320001	2321000	2320501	359.0	-0.281463	0.012107
2321001	2322000	2321501	337.0	-0.281153	-0.079129
2322001	2323000	2322501	368.0	-0.280843	0.047829
2323001	2324000	2323501	351.0	-0.280533	-0.020406
2324001	2325000	2324501	352.0	-0.280223	-0.016302
2325001	2326000	2325501	365.0	-0.279913	0.036019
2326001	2327000	2326501	472.0	-0.279603	0.406910
2327001	2328000	2327501	435.0	-0.279293	0.289138
2328001	2329000	2328501	390.0	-0.278983	0.131597
2329001	2330000	2329501	362.0	-0.278673	0.024112
2330001	2331000	2330501	316.0	-0.278363	-0.171953
2331001	2332000	2331501	358.0	-0.278053	0.008082
2332001	2333000	2332501	324.0	-0.277743	-0.135883
2333001	2334000	2333501	365.0	-0.277433	0.036019
2334001	2335000	2334501	341.0	-0.277123	-0.062106
2335001	2336000	2335501	297.0	-0.276813	-0.261414
2336001	2337000	2336501	411.0	-0.276503	0.207261
2337001	2338000	2337501	359.0	-0.276193	0.012107
2338001	2339000	2338501	384.0	-0.275883	0.109229
2339001	2340000	2339501	336.0	-0.275573	-0.083416
2340001	2341000	2340501	248.0	-0.275263	-0.521537
2341001	2342000	2341501	243.0	-0.274954	-0.550921
2342001	2343000	2342501	293.0	-0.274644	-0.280977
2343001	2344000	2343501	434.0	-0.274334	0.285818
2344001	2345000	2344501	292.0	-0.274024	-0.285909
2345001	2346000	2345501	380.0	-0.273714	0.094122
2346001	2347000	2346501	468.0	-0.273404	0.394631
2347001	2348000	2347501	375.0	-0.273094	0.075013
2348001	2349000	2348501	455.0	-0.272784	0.353989
2349001	2350000	2349501	441.0	-0.272474	0.308901
2350001	2351000	2350501	417.0	-0.272164	0.228170
2351001	2352000	2351501	327.0	-0.271854	-0.122587
2352001	2353000	2352501	307.0	-0.271544	-0.213639
2353001	2354000	2353501	288.0	-0.271234	-0.305808
2354001	2355000	2354501	321.0	-0.270924	-0.149304
2355001	2356000	2355501	336.0	-0.270614	-0.083416
2356001	2357000	2356501	420.0	-0.270304	0.238512
2357001	2358000	2357501	357.0	-0.269994	0.004047
2358001	2359000	2358501	339.0	-0.269684	-0.070592
2359001	2360000	2359501	369.0	-0.269374	0.051744
2360001	2361000	2360501	362.0	-0.269064	0.024112
2361001	2362000	2361501	424.0	-0.268754	0.252187
2362001	2363000	2362501	448.0	-0.268444	0.331621
2363001	2364000	2363501	415.0	-0.268134	0.221234
2364001	2365000	2364501	433.0	-0.267824	0.282490
2365001	2366000	2365501	393.0	-0.267514	0.142652
2366001	2367000	2366501	418.0	-0.267204	0.231626
2367001	2368000	2367501	345.0	-0.266894	-0.045281
2368001	2369000	2368501	339.0	-0.266584	-0.070592
2369001	2370000	2369501	329.0	-0.266274	-0.113790
2370001	2371000	2370501	331.0	-0.265964	-0.105046
2371001	2372000	2371501	332.0	-0.265654	-0.100694
2372001	2373000	2372501	329.0	-0.265344	-0.113790
2373001	2374000	2373501	336.0	-0.265034	-0.083416
2374001	2375000	2374501	342.0	-0.264724	-0.057881
2375001	2376000	2375501	332.0	-0.264414	-0.100694
2376001	2377000	2376501	404.0	-0.264104	0.182478
2377001	2378000	2377501	400.0	-0.263794	0.168123
2378001	2379000	2378501	319.0	-0.263484	-0.158321
2379001	2380000	2379501	324.0	-0.263174	-0.135883
2380001	2381000	2380501	402.0	-0.262864	0.175318
2381001	2382000	2381501	354.0	-0.262554	-0.008128
2382001	2383000	2382501	372.0	-0.262244	0.063425
2383001	2384000	2383501	369.0	-0.261934	0.051744
2384001	2385000	2384501	329.0	-0.261624	-0.113790
2385001	2386000	2385501	333.0	-0.261314	-0.096355
2386001	2387000	2386501	347.0	-0.261004	-0.036942
2387001	2388000	2387501	415.0	-0.260694	0.221234
2388001	2389000	2388501	359.0	-0.260384	0.012107
2389001	2390000	2389501	333.0	-0.260074	-0.096355
2390001	2391000	2390501	356.0	-0.259764	0.000000
2391001	2392000	2391501	328.0	-0.259454	-0.118181
2392001	2393000	2392501	390.0	-0.259144	0.131597
2393001	2394000	2393501	338.0	-0.258834	-0.074854
2394001	2395000	2394501	297.0	-0.258524	-0.261414
2395001	2396000	2395501	343.0	-0.258215	-0.053669
2396001	2397000	2396501	391.0	-0.257905	0.135291
2397001	2398000	2397501	307.0	-0.257595	-0.213639
2398001	2399000	2398501	361.0	-0.257285	0.020122
2399001	2400000	2399501	449.0	-0.256975	0.334838
2400001	2401000	2400501	357.0	-0.256665	0.004047
2401001	2402000	2401501	330.0	-0.256355	-0.109411
2402001	2403000	2402501	398.0	-0.256045	0.160891
2403001	2404000	2403501	386.0	-0.255735	0.116724
2404001	2405000	2404501	367.0	-0.255425	0.043903
2405001	2406000	2405501	337.0	-0.255115	-0.079129
2406001	2407000	2406501	352.0	-0.254805	-0.016302
2407001	2408000	2407501	350.0	-0.254495	-0.024522
2408001	2409000	2408501	306.0	-0.254185	-0.218346
2409001	2410000	2409501	338.0	-0.253875	-0.074854
2410001	2411000	2410501	352.0	-0.253565	-0.016302
2411001	2412000	2411501	312.0	-0.253255	-0.190331
2412001	2413000	2412501	331.0	-0.252945	-0.105046
2413001	2414000	2413501	261.0	-0.252635	-0.447827
2414001	2415000	2414501	230.0	-0.252325	-0.630243
2415001	2416000	2415501	338.0	-0.252015	-0.074854
2416001	2417000	2416501	381.0	-0.251705	0.097914
2417001	2418000	2417501	362.0	-0.251395	0.024112
2418001	2419000	2418501	399.0	-0.251085	0.164512
2419001	2420000	2419501	398.0	-0.250775	0.160891
2420001	2421000	2420501	315.0	-0.250465	-0.176525
2421001	2422000	2421501	352.0	-0.250155	-0.016302
2422001	2423000	2422501	342.0	-0.249845	-0.057881
2423001	2424000	2423501	396.0	-0.249535	0.153623
2424001	2425000	2424501	464.0	-0.249225	0.382248
2425001	2426000	2425501	421.0	-0.248915	0.241943
2426001	2427000	2426501	384.0	-0.248605	0.109229
2427001	2428000	2427501	443.0	-0.248295	0.315429
2428001	2429000	2428501	455.0	-0.247985	0.353989
2429001	2430000	2429501	322.0	-0.247675	-0.144817
2430001	2431000	2430501	408.0	-0.247365	0.196692
2431001	2432000	2431501	390.0	-0.247055	0.131597
2432001	2433000	2432501	336.0	-0.246745	-0.083416
2433001	2434000	2433501	292.0	-0.246435	-0.285909
2434001	2435000	2434501	333.0	-0.246125	-0.096355
2435001	2436000	2435501	395.0	-0.245815	0.149975
2436001	2437000	2436501	350.0	-0.245505	-0.024522
2437001	2438000	2437501	365.0	-0.245195	0.036019
2438001	2439000	2438501	327.0	-0.244885	-0.122587
2439001	2440000	2439501	329.0	-0.244575	-0.113790
2440001	2441000	2440501	411.0	-0.244265	0.207261
2441001	2442000	2441501	354.0	-0.243955	-0.008128
2442001	2443000	2442501	407.0	-0.243645	0.193152
2443001	2444000	2443501	360.0	-0.243335	0.016120
2444001	2445000	2444501	381.0	-0.243025	0.097914
2445001	2446000	2445501	419.0	-0.242715	0.235073
2446001	2447000	2446501	421.0	-0.242405	0.241943
2447001	2448000	2447501	309.0	-0.242095	-0.204270
2448001	2449000	2448501	308.0	-0.241785	-0.208947
2449001	2450000	2449501	310.0	-0.241476	-0.199609
2450001	2451000	2450501	301.0	-0.241166	-0.242114
2451001	2452000	2451501	351.0	-0.240856	-0.020406
2452001	2453000	2452501	327.0	-0.240546	-0.122587
2453001	2454000	2453501	268.0	-0.240236	-0.409644
2454001	2455000	2454501	315.0	-0.239926	-0.176525
2455001	2456000	2455501	484.0	-0.239616	0.443130
2456001	2457000	2456501	576.0	-0.239306	0.694192
2457001	2458000	2457501	584.0	-0.238996	0.714091
2458001	2459000	2458501	480.0	-0.238686	0.431157
2459001	2460000	2459501	463.0	-0.238376	0.379135
2460001	2461000	2460501	497.0	-0.238066	0.481369
2461001	2462000	2461501	436.0	-0.237756	0.292451
2462001	2463000	2462501	511.0	-0.237446	0.521446
2463001	2464000	2463501	499.0	-0.237136	0.487163
2464001	2465000	2464501	305.0	-0.236826	-0.223068
2465001	2466000	2465501	314.0	-0.236516	-0.181113
2466001	2467000	2466501	304.0	-0.236206	-0.227806
2467001	2468000	2467501	369.0	-0.235896	0.051744
2468001	2469000	2468501	361.0	-0.235586	0.020122
2469001	2470000	2469501	377.0	-0.235276	0.082687
2470001	2471000	2470501	305.0	-0.234966	-0.223068
2471001	2472000	2471501	353.0	-0.234656	-0.012209
2472001	2473000	2472501	303.0	-0.234346	-0.232559
2473001	2474000	2473501	379.0	-0.234036	0.090321
2474001	2475000	2474501	342.0	-0.233726	-0.057881
2475001	2476000	2475501	392.0	-0.233416	0.138976
2476001	2477000	2476501	434.0	-0.233106	0.285818
2477001	2478000	2477501	353.0	-0.232796	-0.012209
2478001	2479000	2478501	359.0	-0.232486	0.012107
2479001	2480000	2479501	333.0	-0.232176	-0.096355
2480001	2481000	2480501	361.0	-0.231866	0.020122
2481001	2482000	2481501	367.0	-0.231556	0.043903
2482001	2483000	2482501	342.0	-0.231246	-0.057881
2483001	2484000	2483501	386.0	-0.230936	0.116724
2484001	2485000	2484501	358.0	-0.230626	0.008082
2485001	2486000	2485501	349.0	-0.230316	-0.028650
2486001	2487000	2486501	360.0	-0.230006	0.016120
2487001	2488000	2487501	384.0	-0.229696	0.109229
2488001	2489000	2488501	364.0	-0.229386	0.032061
2489001	2490000	2489501	291.0	-0.229076	-0.290858
2490001	2491000	2490501	330.0	-0.228766	-0.109411
2491001	2492000	2491501	360.0	-0.228456	0.016120
2492001	2493000	2492501	353.0	-0.228146	-0.012209
2493001	2494000	2493501	263.0	-0.227836	-0.436814
2494001	2495000	2494501	351.0	-0.227526	-0.020406
2495001	2496000	2495501	381.0	-0.227216	0.097914
2496001	2497000	2496501	380.0	-0.226906	0.094122
2497001	2498000	2497501	310.0	-0.226596	-0.199609
2498001	2499000	2498501	307.0	-0.226286	-0.213639
2499001	2500000	2499501	379.0	-0.225976	0.090321
2500001	2501000	2500501	332.0	-0.225666	-0.100694
2501001	2502000	2501501	426.0	-0.225356	0.258976
2502001	2503000	2502501	396.0	-0.225046	0.153623
2503001	2504000	2503501	368.0	-0.224737	0.047829
2504001	2505000	2504501	360.0	-0.224427	0.016120
2505001	2506000	2505501	378.0	-0.224117	0.086509
2506001	2507000	2506501	328.0	-0.223807	-0.118181
2507001	2508000	2507501	443.0	-0.223497	0.315429
2508001	2509000	2508501	349.0	-0.223187	-0.028650
2509001	2510000	2509501	332.0	-0.222877	-0.100694
2510001	2511000	2510501	364.0	-0.222567	0.032061
2511001	2512000	2511501	345.0	-0.222257	-0.045281
2512001	2513000	2512501	350.0	-0.221947	-0.024522
2513001	2514000	2513501	304.0	-0.221637	-0.227806
2514001	2515000	2514501	299.0	-0.221327	-0.251732
2515001	2516000	2515501	377.0	-0.221017	0.082687
2516001	2517000	2516501	388.0	-0.220707	0.124179
2517001	2518000	2517501	364.0	-0.220397	0.032061
2518001	2519000	2518501	358.0	-0.220087	0.008082
2519001	2520000	2519501	360.0	-0.219777	0.016120
2520001	2521000	2520501	387.0	-0.219467	0.120456
2521001	2522000	2521501	395.0	-0.219157	0.149975
2522001	2523000	2522501	331.0	-0.218847	-0.105046
2523001	2524000	2523501	335.0	-0.218537	-0.087716
2524001	2525000	2524501	361.0	-0.218227	0.020122
2525001	2526000	2525501	354.0	-0.217917	-0.008128
2526001	2527000	2526501	306.0	-0.217607	-0.218346
2527001	2528000	2527501	343.0	-0.217297	-0.053669
2528001	2529000	2528501	377.0	-0.216987	0.082687
2529001	2530000	2529501	375.0	-0.216677	0.075013
2530001	2531000	2530501	362.0	-0.216367	0.024112
2531001	2532000	2531501	350.0	-0.216057	-0.024522
2532001	2533000	2532501	320.0	-0.215747	-0.153805
2533001	2534000	2533501	344.0	-0.215437	-0.049469
2534001	2535000	2534501	376.0	-0.215127	0.078855
2535001	2536000	2535501	355.0	-0.214817	-0.004058
2536001	2537000	2536501	370.0	-0.214507	0.055648
2537001	2538000	2537501	417.0	-0.214197	0.228170
2538001	2539000	2538501	369.0	-0.213887	0.051744
2539001	2540000	2539501	346.0	-0.213577	-0.041105
2540001	2541000	2540501	347.0	-0.213267	-0.036942
2541001	2542000	2541501	354.0	-0.212957	-0.008128
2542001	2543000	2542501	357.0	-0.212647	0.004047
2543001	2544000	2543501	341.0	-0.212337	-0.062106
2544001	2545000	2544501	423.0	-0.212027	0.248780
2545001	2546000	2545501	419.0	-0.211717	0.235073
2546001	2547000	2546501	405.0	-0.211407	0.186045
2547001	2548000	2547501	353.0	-0.211097	-0.012209
2548001	2549000	2548501	359.0	-0.210787	0.012107
2549001	2550000	2549501	371.0	-0.210477	0.059542
2550001	2551000	2550501	326.0	-0.210167	-0.127005
2551001	2552000	2551501	371.0	-0.209857	0.059542
2552001	2553000	2552501	441.0	-0.209547	0.308901
2553001	2554000	2553501	412.0	-0.209237	0.210767
2554001	2555000	2554501	387.0	-0.208927	0.120456
2555001	2556000	2555501	378.0	-0.208617	0.086509
2556001	2557000	2556501	269.0	-0.208308	-0.404271
2557001	2558000	2557501	378.0	-0.207998	0.086509
2558001	2559000	2558501	339.0	-0.207688	-0.070592
2559001	2560000	2559501	327.0	-0.207378	-0.122587
2560001	2561000	2560501	351.0	-0.207068	-0.020406
2561001	2562000	2561501	369.0	-0.206758	0.051744
2562001	2563000	2562501	346.0	-0.206448	-0.041105
2563001	2564000	2563501	340.0	-0.206138	-0.066342
2564001	2565000	2564501	329.0	-0.205828	-0.113790
2565001	2566000	2565501	415.0	-0.205518	0.221234
2566001	2567000	2566501	405.0	-0.205208	0.186045
2567001	2568000	2567501	318.0	-0.204898	-0.162850
2568001	2569000	2568501	338.0	-0.204588	-0.074854
2569001	2570000	2569501	327.0	-0.204278	-0.122587
2570001	2571000	2570501	315.0	-0.203968	-0.176525
2571001	2572000	2571501	257.0	-0.203658	-0.470109
2572001	2573000	2572501	346.0	-0.203348	-0.041105
2573001	2574000	2573501	317.0	-0.203038	-0.167394
2574001	2575000	2574501	340.0	-0.202728	-0.066342
2575001	2576000	2575501	365.0	-0.202418	0.036019
2576001	2577000	2576501	297.0	-0.202108	-0.261414
2577001	2578000	2577501	343.0	-0.201798	-0.053669
2578001	2579000	2578501	362.0	-0.201488	0.024112
2579001	2580000	2579501	412.0	-0.201178	0.210767
2580001	2581000	2580501	376.0	-0.200868	0.078855
2581001	2582000	2581501	331.0	-0.200558	-0.105046
2582001	2583000	2582501	323.0	-0.200248	-0.140343
2583001	2584000	2583501	329.0	-0.199938	-0.113790
2584001	2585000	2584501	332.0	-0.199628	-0.100694
2585001	2586000	2585501	326.0	-0.199318	-0.127005
2586001	2587000	2586501	362.0	-0.199008	0.024112
2587001	2588000	2587501	314.0	-0.198698	-0.181113
2588001	2589000	2588501	340.0	-0.198388	-0.066342
2589001	2590000	2589501	379.0	-0.198078	0.090321
2590001	2591000	2590501	355.0	-0.197768	-0.004058
2591001	2592000	2591501	333.0	-0.197458	-0.096355
2592001	2593000	2592501	428.0	-0.197148	0.265734
2593001	2594000	2593501	375.0	-0.196838	0.075013
2594001	2595000	2594501	371.0	-0.196528	0.059542
2595001	2596000	2595501	344.0	-0.196218	-0.049469
2596001	2597000	2596501	403.0	-0.195908	0.178903
2597001	2598000	2597501	351.0	-0.195598	-0.020406
2598001	2599000	2598501	384.0	-0.195288	0.109229
2599001	2600000	2599501	352.0	-0.194978	-0.016302
2600001	2601000	2600501	330.0	-0.194668	-0.109411
2601001	2602000	2601501	303.0	-0.194358	-0.232559
2602001	2603000	2602501	348.0	-0.194048	-0.032790
2603001	2604000	2603501	378.0	-0.193738	0.086509
2604001	2605000	2604501	344.0	-0.193428	-0.049469
2605001	2606000	2605501	351.0	-0.193118	-0.020406
2606001	2607000	2606501	337.0	-0.192808	-0.079129
2607001	2608000	2607501	339.0	-0.192498	-0.070592
2608001	2609000	2608501	377.0	-0.192188	0.082687
2609001	2610000	2609501	342.0	-0.191878	-0.057881
2610001	2611000	2610501	367.0	-0.191569	0.043903
2611001	2612000	2611501	397.0	-0.191259	0.157262
2612001	2613000	2612501	347.0	-0.190949	-0.036942
2613001	2614000	2613501	322.0	-0.190639	-0.144817
2614001	2615000	2614501	367.0	-0.190329	0.043903
2615001	2616000	2615501	407.0	-0.190019	0.193152
2616001	2617000	2616501	330.0	-0.189709	-0.109411
2617001	2618000	2617501	360.0	-0.189399	0.016120
2618001	2619000	2618501	444.0	-0.189089	0.318682
2619001	2620000	2619501	498.0	-0.188779	0.484269
2620001	2621000	2620501	380.0	-0.188469	0.094122
2621001	2622000	2621501	374.0	-0.188159	0.071161
2622001	2623000	2622501	410.0	-0.187849	0.203747
2623001	2624000	2623501	311.0	-0.187539	-0.194963
2624001	2625000	2624501	338.0	-0.187229	-0.074854
2625001	2626000	2625501	364.0	-0.186919	0.032061
2626001	2627000	2626501	407.0	-0.186609	0.193152
2627001	2628000	2627501	384.0	-0.186299	0.109229
2628001	2629000	2628501	329.0	-0.185989	-0.113790
2629001	2630000	2629501	354.0	-0.185679	-0.008128
2630001	2631000	2630501	344.0	-0.185369	-0.049469
2631001	2632000	2631501	349.0	-0.185059	-0.028650
2632001	2633000	2632501	390.0	-0.184749	0.131597
2633001	2634000	2633501	385.0	-0.184439	0.112981
2634001	2635000	2634501	344.0	-0.184129	-0.049469
2635001	2636000	2635501	368.0	-0.183819	0.047829
2636001	2637000	2636501	316.0	-0.183509	-0.171953
2637001	2638000	2637501	362.0	-0.183199	0.024112
2638001	2639000	2638501	377.0	-0.182889	0.082687
2639001	2640000	2639501	325.0	-0.182579	-0.131438
2640001	2641000	2640501	374.0	-0.182269	0.071161
2641001	2642000	2641501	397.0	-0.181959	0.157262
2642001	2643000	2642501	364.0	-0.181649	0.032061
2643001	2644000	2643501	369.0	-0.181339	0.051744
2644001	2645000	2644501	358.0	-0.181029	0.008082
2645001	2646000	2645501	342.0	-0.180719	-0.057881
2646001	2647000	2646501	318.0	-0.180409	-0.162850
2647001	2648000	2647501	289.0	-0.180099	-0.300808
2648001	2649000	2648501	342.0	-0.179789	-0.057881
2649001	2650000	2649501	380.0	-0.179479	0.094122
2650001	2651000	2650501	345.0	-0.179169	-0.045281
2651001	2652000	2651501	365.0	-0.178859	0.036019
2652001	2653000	2652501	314.0	-0.178549	-0.181113
2653001	2654000	2653501	316.0	-0.178239	-0.171953
2654001	2655000	2654501	325.0	-0.177929	-0.131438
2655001	2656000	2655501	367.0	-0.177619	0.043903
2656001	2657000	2656501	359.0	-0.177309	0.012107
2657001	2658000	2657501	342.0	-0.176999	-0.057881
2658001	2659000	2658501	346.0	-0.176689	-0.041105
2659001	2660000	2659501	333.0	-0.176379	-0.096355
2660001	2661000	2660501	410.0	-0.176069	0.203747
2661001	2662000	2661501	372.0	-0.175759	0.063425
2662001	2663000	2662501	347.0	-0.175449	-0.036942
2663001	2664000	2663501	304.0	-0.175139	-0.227806
2664001	2665000	2664501	448.0	-0.174830	0.331621
2665001	2666000	2665501	383.0	-0.174520	0.105467
2666001	2667000	2666501	345.0	-0.174210	-0.045281
2667001	2668000	2667501	419.0	-0.173900	0.235073
2668001	2669000	2668501	337.0	-0.173590	-0.079129
2669001	2670000	2669501	259.0	-0.173280	-0.458925
2670001	2671000	2670501	263.0	-0.172970	-0.436814
2671001	2672000	2671501	353.0	-0.172660	-0.012209
2672001	2673000	2672501	352.0	-0.172350	-0.016302
2673001	2674000	2673501	390.0	-0.172040	0.131597
2674001	2675000	2674501	351.0	-0.171730	-0.020406
2675001	2676000	2675501	374.0	-0.171420	0.071161
2676001	2677000	2676501	362.0	-0.171110	0.024112
2677001	2678000	2677501	358.0	-0.170800	0.008082
2678001	2679000	2678501	361.0	-0.170490	0.020122
2679001	2680000	2679501	406.0	-0.170180	0.189602
2680001	2681000	2680501	327.0	-0.169870	-0.122587
2681001	2682000	2681501	339.0	-0.169560	-0.070592
2682001	2683000	2682501	401.0	-0.169250	0.171725
2683001	2684000	2683501	289.0	-0.168940	-0.300808
2684001	2685000	2684501	304.0	-0.168630	-0.227806
2685001	2686000	2685501	347.0	-0.168320	-0.036942
2686001	2687000	2686501	324.0	-0.168010	-0.135883
2687001	2688000	2687501	305.0	-0.167700	-0.223068
2688001	2689000	2688501	353.0	-0.167390	-0.012209
2689001	2690000	2689501	314.0	-0.167080	-0.181113
2690001	2691000	2690501	329.0	-0.166770	-0.113790
2691001	2692000	2691501	359.0	-0.166460	0.012107
2692001	2693000	2692501	369.0	-0.166150	0.051744
2693001	2694000	2693501	386.0	-0.165840	0.116724
2694001	2695000	2694501	329.0	-0.165530	-0.113790
2695001	2696000	2695501	322.0	-0.165220	-0.144817
2696001	2697000	2696501	412.0	-0.164910	0.210767
2697001	2698000	2697501	379.0	-0.164600	0.090321
2698001	2699000	2698501	306.0	-0.164290	-0.218346
2699001	2700000	2699501	385.0	-0.163980	0.112981
2700001	2701000	2700501	407.0	-0.163670	0.193152
2701001	2702000	2701501	389.0	-0.163360	0.127893
2702001	2703000	2702501	383.0	-0.163050	0.105467
2703001	2704000	2703501	391.0	-0.162740	0.135291
2704001	2705000	2704501	317.0	-0.162430	-0.167394
2705001	2706000	2705501	385.0	-0.162120	0.112981
2706001	2707000	2706501	347.0	-0.161810	-0.036942
2707001	2708000	2707501	338.0	-0.161500	-0.074854
2708001	2709000	2708501	392.0	-0.161190	0.138976
2709001	2710000	2709501	349.0	-0.160880	-0.028650
2710001	2711000	2710501	325.0	-0.160570	-0.131438
2711001	2712000	2711501	313.0	-0.160260	-0.185715
2712001	2713000	2712501	389.0	-0.159950	0.127893
2713001	2714000	2713501	387.0	-0.159640	0.120456
2714001	2715000	2714501	341.0	-0.159330	-0.062106
2715001	2716000	2715501	363.0	-0.159020	0.028092
2716001	2717000	2716501	345.0	-0.158710	-0.045281
2717001	2718000	2717501	337.0	-0.158400	-0.079129
2718001	2719000	2718501	342.0	-0.158091	-0.057881
2719001	2720000	2719501	363.0	-0.157781	0.028092
2720001	2721000	2720501	358.0	-0.157471	0.008082
2721001	2722000	2721501	432.0	-0.157161	0.279154
2722001	2723000	2722501	463.0	-0.156851	0.379135
2723001	2724000	2723501	371.0	-0.156541	0.059542
2724001	2725000	2724501	434.0	-0.156231	0.285818
2725001	2726000	2725501	406.0	-0.155921	0.189602
2726001	2727000	2726501	321.0	-0.155611	-0.149304
2727001	2728000	2727501	396.0	-0.155301	0.153623
2728001	2729000	2728501	386.0	-0.154991	0.116724
2729001	2730000	2729501	332.0	-0.154681	-0.100694
2730001	2731000	2730501	367.0	-0.154371	0.043903
2731001	2732000	2731501	469.0	-0.154061	0.397711
2732001	2733000	2732501	453.0	-0.153751	0.347634
2733001	2734000	2733501	411.0	-0.153441	0.207261
2734001	2735000	2734501	345.0	-0.153131	-0.045281
2735001	2736000	2735501	403.0	-0.152821	0.178903
2736001	2737000	2736501	413.0	-0.152511	0.214265
2737001	2738000	2737501	411.0	-0.152201	0.207261
2738001	2739000	2738501	365.0	-0.151891	0.036019
2739001	2740000	2739501	353.0	-0.151581	-0.012209
2740001	2741000	2740501	312.0	-0.151271	-0.190331
2741001	2742000	2741501	298.0	-0.150961	-0.256565
2742001	2743000	2742501	365.0	-0.150651	0.036019
2743001	2744000	2743501	371.0	-0.150341	0.059542
2744001	2745000	2744501	308.0	-0.150031	-0.208947
2745001	2746000	2745501	325.0	-0.149721	-0.131438
2746001	2747000	2746501	359.0	-0.149411	0.012107
2747001	2748000	2747501	301.0	-0.149101	-0.242114
2748001	2749000	2748501	308.0	-0.148791	-0.208947
2749001	2750000	2749501	310.0	-0.148481	-0.199609
2750001	2751000	2750501	307.0	-0.148171	-0.213639
2751001	2752000	2751501	346.0	-0.147861	-0.041105
2752001	2753000	2752501	320.0	-0.147551	-0.153805
2753001	2754000	2753501	341.0	-0.147241	-0.062106
2754001	2755000	2754501	380.0	-0.146931	0.094122
2755001	2756000	2755501	323.0	-0.146621	-0.140343
2756001	2757000	2756501	367.0	-0.146311	0.043903
2757001	2758000	2757501	385.0	-0.146001	0.112981
2758001	2759000	2758501	348.0	-0.145691	-0.032790
2759001	2760000	2759501	418.0	-0.145381	0.231626
2760001	2761000	2760501	368.0	-0.145071	0.047829
2761001	2762000	2761501	396.0	-0.144761	0.153623
2762001	2763000	2762501	364.0	-0.144451	0.032061
2763001	2764000	2763501	408.0	-0.144141	0.196692
2764001	2765000	2764501	340.0	-0.143831	-0.066342
2765001	2766000	2765501	308.0	-0.143521	-0.208947
2766001	2767000	2766501	418.0	-0.143211	0.231626
2767001	2768000	2767501	365.0	-0.142901	0.036019
2768001	2769000	2768501	364.0	-0.142591	0.032061
2769001	2770000	2769501	367.0	-0.142281	0.043903
2770001	2771000	2770501	344.0	-0.141971	-0.049469
2771001	2772000	2771501	390.0	-0.141662	0.131597
2772001	2773000	2772501	350.0	-0.141352	-0.024522
2773001	2774000	2773501	340.0	-0.141042	-0.066342
2774001	2775000	2774501	314.0	-0.140732	-0.181113
2775001	2776000	2775501	339.0	-0.140422	-0.070592
2776001	2777000	2776501	265.0	-0.140112	-0.425885
2777001	2778000	2777501	329.0	-0.139802	-0.113790
2778001	2779000	2778501	328.0	-0.139492	-0.118181
2779001	2780000	2779501	289.0	-0.139182	-0.300808
2780001	2781000	2780501	360.0	-0.138872	0.016120
2781001	2782000	2781501	337.0	-0.138562	-0.079129
2782001	2783000	2782501	328.0	-0.138252	-0.118181
2783001	2784000	2783501	332.0	-0.137942	-0.100694
2784001	2785000	2784501	383.0	-0.137632	0.105467
2785001	2786000	2785501	398.0	-0.137322	0.160891
2786001	2787000	2786501	357.0	-0.137012	0.004047
2787001	2788000	2787501	356.0	-0.136702	0.000000
2788001	2789000	2788501	325.0	-0.136392	-0.131438
2789001	2790000	2789501	369.0	-0.136082	0.051744
2790001	2791000	2790501	409.0	-0.135772	0.200224
2791001	2792000	2791501	361.0	-0.135462	0.020122
2792001	2793000	2792501	346.0	-0.135152	-0.041105
2793001	2794000	2793501	312.0	-0.134842	-0.190331
2794001	2795000	2794501	356.0	-0.134532	0.000000
2795001	2796000	2795501	332.0	-0.134222	-0.100694
2796001	2797000	2796501	315.0	-0.133912	-0.176525
2797001	2798000	2797501	334.0	-0.133602	-0.092029
2798001	2799000	2798501	467.0	-0.133292	0.391545
2799001	2800000	2799501	422.0	-0.132982	0.245366
2800001	2801000	2800501	329.0	-0.132672	-0.113790
2801001	2802000	2801501	413.0	-0.132362	0.214265
2802001	2803000	2802501	379.0	-0.132052	0.090321
2803001	2804000	2803501	334.0	-0.131742	-0.092029
2804001	2805000	2804501	358.0	-0.131432	0.008082
2805001	2806000	2805501	373.0	-0.131122	0.067298
2806001	2807000	2806501	280.0	-0.130812	-0.346450
2807001	2808000	2807501	321.0	-0.130502	-0.149304
2808001	2809000	2808501	293.0	-0.130192	-0.280977
2809001	2810000	2809501	257.0	-0.129882	-0.470109
2810001	2811000	2810501	313.0	-0.129572	-0.185715
2811001	2812000	2811501	317.0	-0.129262	-0.167394
2812001	2813000	2812501	309.0	-0.128952	-0.204270
2813001	2814000	2813501	312.0	-0.128642	-0.190331
2814001	2815000	2814501	303.0	-0.128332	-0.232559
2815001	2816000	2815501	357.0	-0.128022	0.004047
2816001	2817000	2816501	315.0	-0.127712	-0.176525
2817001	2818000	2817501	327.0	-0.127402	-0.122587
2818001	2819000	2818501	290.0	-0.127092	-0.295824
2819001	2820000	2819501	320.0	-0.126782	-0.153805
2820001	2821000	2820501	322.0	-0.126472	-0.144817
2821001	2822000	2821501	324.0	-0.126162	-0.135883
2822001	2823000	2822501	367.0	-0.125852	0.043903
2823001	2824000	2823501	394.0	-0.125542	0.146318
2824001	2825000	2824501	390.0	-0.125232	0.131597
2825001	2826000	2825501	306.0	-0.124923	-0.218346
2826001	2827000	2826501	297.0	-0.124613	-0.261414
2827001	2828000	2827501	280.0	-0.124303	-0.346450
2828001	2829000	2828501	369.0	-0.123993	0.051744
2829001	2830000	2829501	302.0	-0.123683	-0.237329
2830001	2831000	2830501	339.0	-0.123373	-0.070592
2831001	2832000	2831501	445.0	-0.123063	0.321928
2832001	2833000	2832501	415.0	-0.122753	0.221234
2833001	2834000	2833501	375.0	-0.122443	0.075013
2834001	2835000	2834501	349.0	-0.122133	-0.028650
2835001	2836000	2835501	299.0	-0.121823	-0.251732
2836001	2837000	2836501	320.0	-0.121513	-0.153805
2837001	2838000	2837501	304.0	-0.121203	-0.227806
2838001	2839000	2838501	377.0	-0.120893	0.082687
2839001	2840000	2839501	350.0	-0.120583	-0.024522
2840001	2841000	2840501	355.0	-0.120273	-0.004058
2841001	2842000	2841501	341.0	-0.119963	-0.062106
2842001	2843000	2842501	286.0	-0.119653	-0.315862
2843001	2844000	2843501	312.0	-0.119343	-0.190331
2844001	2845000	2844501	347.0	-0.119033	-0.036942
2845001	2846000	2845501	357.0	-0.118723	0.004047
2846001	2847000	2846501	397.0	-0.118413	0.157262
2847001	2848000	2847501	422.0	-0.118103	0.245366
2848001	2849000	2848501	407.0	-0.117793	0.193152
2849001	2850000	2849501	326.0	-0.117483	-0.127005
2850001	2851000	2850501	386.0	-0.117173	0.116724
2851001	2852000	2851501	414.0	-0.116863	0.217754
2852001	2853000	2852501	350.0	-0.116553	-0.024522
2853001	2854000	2853501	347.0	-0.116243	-0.036942
2854001	2855000	2854501	345.0	-0.115933	-0.045281
2855001	2856000	2855501	343.0	-0.115623	-0.053669
2856001	2857000	2856501	344.0	-0.115313	-0.049469
2857001	2858000	2857501	417.0	-0.115003	0.228170
2858001	2859000	2858501	386.0	-0.114693	0.116724
2859001	2860000	2859501	340.0	-0.114383	-0.066342
2860001	2861000	2860501	333.0	-0.114073	-0.096355
2861001	2862000	2861501	379.0	-0.113763	0.090321
2862001	2863000	2862501	397.0	-0.113453	0.157262
2863001	2864000	2863501	351.0	-0.113143	-0.020406
2864001	2865000	2864501	311.0	-0.112833	-0.194963
2865001	2866000	2865501	352.0	-0.112523	-0.016302
2866001	2867000	2866501	377.0	-0.112213	0.082687
2867001	2868000	2867501	349.0	-0.111903	-0.028650
2868001	2869000	2868501	312.0	-0.111593	-0.190331
2869001	2870000	2869501	292.0	-0.111283	-0.285909
2870001	2871000	2870501	306.0	-0.110973	-0.218346
2871001	2872000	2871501	311.0	-0.110663	-0.194963
2872001	2873000	2872501	226.0	-0.110353	-0.655554
2873001	2874000	2873501	259.0	-0.110043	-0.458925
2874001	2875000	2874501	240.0	-0.109733	-0.568843
2875001	2876000	2875501	206.0	-0.109423	-0.789233
2876001	2877000	2876501	310.0	-0.109113	-0.199609
2877001	2878000	2877501	215.0	-0.108803	-0.727541
2878001	2879000	2878501	228.0	-0.108493	-0.642843
2879001	2880000	2879501	305.0	-0.108184	-0.223068
2880001	2881000	2880501	322.0	-0.107874	-0.144817
2881001	2882000	2881501	364.0	-0.107564	0.032061
2882001	2883000	2882501	362.0	-0.107254	0.024112
2883001	2884000	2883501	368.0	-0.106944	0.047829
2884001	2885000	2884501	385.0	-0.106634	0.112981
2885001	2886000	2885501	345.0	-0.106324	-0.045281
2886001	2887000	2886501	343.0	-0.106014	-0.053669
2887001	2888000	2887501	295.0	-0.105704	-0.271162
2888001	2889000	2888501	334.0	-0.105394	-0.092029
2889001	2890000	2889501	325.0	-0.105084	-0.131438
2890001	2891000	2890501	279.0	-0.104774	-0.351612
2891001	2892000	2891501	272.0	-0.104464	-0.388271
2892001	2893000	2892501	362.0	-0.104154	0.024112
2893001	2894000	2893501	343.0	-0.103844	-0.053669
2894001	2895000	2894501	290.0	-0.103534	-0.295824
2895001	2896000	2895501	282.0	-0.103224	-0.336182
2896001	2897000	2896501	284.0	-0.102914	-0.325986
2897001	2898000	2897501	313.0	-0.102604	-0.185715
2898001	2899000	2898501	335.0	-0.102294	-0.087716
2899001	2900000	2899501	291.0	-0.101984	-0.290858
2900001	2901000	2900501	312.0	-0.101674	-0.190331
2901001	2902000	2901501	377.0	-0.101364	0.082687
2902001	2903000	2902501	264.0	-0.101054	-0.431339
2903001	2904000	2903501	258.0	-0.100744	-0.464506
2904001	2905000	2904501	353.0	-0.100434	-0.012209
2905001	2906000	2905501	421.0	-0.100124	0.241943
2906001	2907000	2906501	395.0	-0.099814	0.149975
2907001	2908000	2907501	386.0	-0.099504	0.116724
2908001	2909000	2908501	373.0	-0.099194	0.067298
2909001	2910000	2909501	349.0	-0.098884	-0.028650
2910001	2911000	2910501	306.0	-0.098574	-0.218346
2911001	2912000	2911501	300.0	-0.098264	-0.246915
2912001	2913000	2912501	318.0	-0.097954	-0.162850
2913001	2914000	2913501	342.0	-0.097644	-0.057881
2914001	2915000	2914501	304.0	-0.097334	-0.227806
2915001	2916000	2915501	316.0	-0.097024	-0.171953
2916001	2917000	2916501	354.0	-0.096714	-0.008128
2917001	2918000	2917501	359.0	-0.096404	0.012107
2918001	2919000	2918501	361.0	-0.096094	0.020122
2919001	2920000	2919501	319.0	-0.095784	-0.158321
2920001	2921000	2920501	305.0	-0.095474	-0.223068
2921001	2922000	2921501	372.0	-0.095164	0.063425
2922001	2923000	2922501	444.0	-0.094854	0.318682
2923001	2924000	2923501	421.0	-0.094544	0.241943
2924001	2925000	2924501	428.0	-0.094234	0.265734
2925001	2926000	2925501	385.0	-0.093924	0.112981
2926001	2927000	2926501	352.0	-0.093614	-0.016302
2927001	2928000	2927501	278.0	-0.093304	-0.356792
2928001	2929000	2928501	373.0	-0.092994	0.067298
2929001	2930000	2929501	374.0	-0.092684	0.071161
2930001	2931000	2930501	349.0	-0.092374	-0.028650
2931001	2932000	2931501	408.0	-0.092064	0.196692
2932001	2933000	2932501	357.0	-0.091754	0.004047
2933001	2934000	2933501	363.0	-0.091445	0.028092
2934001	2935000	2934501	352.0	-0.091135	-0.016302
2935001	2936000	2935501	300.0	-0.090825	-0.246915
2936001	2937000	2936501	429.0	-0.090515	0.269100
2937001	2938000	2937501	314.0	-0.090205	-0.181113
2938001	2939000	2938501	341.0	-0.089895	-0.062106
2939001	2940000	2939501	368.0	-0.089585	0.047829
2940001	2941000	2940501	396.0	-0.089275	0.153623
2941001	2942000	2941501	393.0	-0.088965	0.142652
2942001	2943000	2942501	325.0	-0.088655	-0.131438
2943001	2944000	2943501	339.0	-0.088345	-0.070592
2944001	2945000	2944501	350.0	-0.088035	-0.024522
2945001	2946000	2945501	349.0	-0.087725	-0.028650
2946001	2947000	2946501	427.0	-0.087415	0.262359
2947001	2948000	2947501	348.0	-0.087105	-0.032790
2948001	2949000	2948501	356.0	-0.086795	0.000000
2949001	2950000	2949501	305.0	-0.086485	-0.223068
2950001	2951000	2950501	337.0	-0.086175	-0.079129
2951001	2952000	2951501	334.0	-0.085865	-0.092029
2952001	2953000	2952501	388.0	-0.085555	0.124179
2953001	2954000	2953501	237.0	-0.085245	-0.586990
2954001	2955000	2954501	209.0	-0.084935	-0.768374
2955001	2956000	2955501	297.0	-0.084625	-0.261414
2956001	2957000	2956501	303.0	-0.084315	-0.232559
2957001	2958000	2957501	256.0	-0.084005	-0.475733
2958001	2959000	2958501	254.0	-0.083695	-0.487049
2959001	2960000	2959501	301.0	-0.083385	-0.242114
2960001	2961000	2960501	319.0	-0.083075	-0.158321
2961001	2962000	2961501	272.0	-0.082765	-0.388271
2962001	2963000	2962501	316.0	-0.082455	-0.171953
2963001	2964000	2963501	395.0	-0.082145	0.149975
2964001	2965000	2964501	290.0	-0.081835	-0.295824
2965001	2966000	2965501	217.0	-0.081525	-0.714182
2966001	2967000	2966501	339.0	-0.081215	-0.070592
2967001	2968000	2967501	319.0	-0.080905	-0.158321
2968001	2969000	2968501	353.0	-0.080595	-0.012209
2969001	2970000	2969501	371.0	-0.080285	0.059542
2970001	2971000	2970501	337.0	-0.079975	-0.079129
2971001	2972000	2971501	448.0	-0.079665	0.331621
2972001	2973000	2972501	419.0	-0.079355	0.235073
2973001	2974000	2973501	443.0	-0.079045	0.315429
2974001	2975000	2974501	325.0	-0.078735	-0.131438
2975001	2976000	2975501	268.0	-0.078425	-0.409644
2976001	2977000	2976501	406.0	-0.078115	0.189602
2977001	2978000	2977501	305.0	-0.077805	-0.223068
2978001	2979000	2978501	334.0	-0.077495	-0.092029
2979001	2980000	2979501	409.0	-0.077185	0.200224
2980001	2981000	2980501	448.0	-0.076875	0.331621
2981001	2982000	2981501	475.0	-0.076565	0.416050
2982001	2983000	2982501	491.0	-0.076255	0.463846
2983001	2984000	2983501	359.0	-0.075945	0.012107
2984001	2985000	2984501	441.0	-0.075635	0.308901
2985001	2986000	2985501	392.0	-0.075325	0.138976
2986001	2987000	2986501	407.0	-0.075015	0.193152
2987001	2988000	2987501	351.0	-0.074706	-0.020406
2988001	2989000	2988501	386.0	-0.074396	0.116724
2989001	2990000	2989501	345.0	-0.074086	-0.045281
2990001	2991000	2990501	418.0	-0.073776	0.231626
2991001	2992000	2991501	389.0	-0.073466	0.127893
2992001	2993000	2992501	363.0	-0.073156	0.028092
2993001	2994000	2993501	363.0	-0.072846	0.028092
2994001	2995000	2994501	398.0	-0.072536	0.160891
2995001	2996000	2995501	405.0	-0.072226	0.186045
2996001	2997000	2996501	395.0	-0.071916	0.149975
2997001	2998000	2997501	369.0	-0.071606	0.051744
2998001	2999000	2998501	283.0	-0.071296	-0.331075
2999001	3000000	2999501	302.0	-0.070986	-0.237329
3000001	3001000	3000501	302.0	-0.070676	-0.237329
3001001	3002000	3001501	289.0	-0.070366	-0.300808
3002001	3003000	3002501	344.0	-0.070056	-0.049469
3003001	3004000	3003501	359.0	-0.069746	0.012107
3004001	3005000	3004501	385.0	-0.069436	0.112981
3005001	3006000	3005501	286.0	-0.069126	-0.315862
3006001	3007000	3006501	423.0	-0.068816	0.248780
3007001	3008000	3007501	330.0	-0.068506	-0.109411
3008001	3009000	3008501	338.0	-0.068196	-0.074854
3009001	3010000	3009501	425.0	-0.067886	0.255586
3010001	3011000	3010501	360.0	-0.067576	0.016120
3011001	3012000	3011501	306.0	-0.067266	-0.218346
3012001	3013000	3012501	310.0	-0.066956	-0.199609
3013001	3014000	3013501	322.0	-0.066646	-0.144817
3014001	3015000	3014501	349.0	-0.066336	-0.028650
3015001	3016000	3015501	348.0	-0.066026	-0.032790
3016001	3017000	3016501	400.0	-0.065716	0.168123
3017001	3018000	3017501	380.0	-0.065406	0.094122
3018001	3019000	3018501	389.0	-0.065096	0.127893
3019001	3020000	3019501	331.0	-0.064786	-0.105046
3020001	3021000	3020501	394.0	-0.064476	0.146318
3021001	3022000	3021501	411.0	-0.064166	0.207261
3022001	3023000	3022501	456.0	-0.063856	0.357157
3023001	3024000	3023501	387.0	-0.063546	0.120456
3024001	3025000	3024501	320.0	-0.063236	-0.153805
3025001	3026000	3025501	306.0	-0.062926	-0.218346
3026001	3027000	3026501	320.0	-0.062616	-0.153805
3027001	3028000	3027501	335.0	-0.062306	-0.087716
3028001	3029000	3028501	319.0	-0.061996	-0.158321
3029001	3030000	3029501	368.0	-0.061686	0.047829
3030001	3031000	3030501	362.0	-0.061376	0.024112
3031001	3032000	3031501	350.0	-0.061066	-0.024522
3032001	3033000	3032501	321.0	-0.060756	-0.149304
3033001	3034000	3033501	346.0	-0.060446	-0.041105
3034001	3035000	3034501	337.0	-0.060136	-0.079129
3035001	3036000	3035501	349.0	-0.059826	-0.028650
3036001	3037000	3036501	378.0	-0.059516	0.086509
3037001	3038000	3037501	418.0	-0.059206	0.231626
3038001	3039000	3038501	392.0	-0.058896	0.138976
3039001	3040000	3039501	341.0	-0.058586	-0.062106
3040001	3041000	3040501	352.0	-0.058277	-0.016302
3041001	3042000	3041501	384.0	-0.057967	0.109229
3042001	3043000	3042501	357.0	-0.057657	0.004047
3043001	3044000	3043501	296.0	-0.057347	-0.266280
3044001	3045000	3044501	340.0	-0.057037	-0.066342
3045001	3046000	3045501	312.0	-0.056727	-0.190331
3046001	3047000	3046501	317.0	-0.056417	-0.167394
3047001	3048000	3047501	354.0	-0.056107	-0.008128
3048001	3049000	3048501	347.0	-0.055797	-0.036942
3049001	3050000	3049501	352.0	-0.055487	-0.016302
3050001	3051000	3050501	395.0	-0.055177	0.149975
3051001	3052000	3051501	395.0	-0.054867	0.149975
3052001	3053000	3052501	337.0	-0.054557	-0.079129
3053001	3054000	3053501	372.0	-0.054247	0.063425
3054001	3055000	3054501	372.0	-0.053937	0.063425
3055001	3056000	3055501	385.0	-0.053627	0.112981
3056001	3057000	3056501	297.0	-0.053317	-0.261414
3057001	3058000	3057501	309.0	-0.053007	-0.204270
3058001	3059000	3058501	386.0	-0.052697	0.116724
3059001	3060000	3059501	361.0	-0.052387	0.020122
3060001	3061000	3060501	356.0	-0.052077	0.000000
3061001	3062000	3061501	393.0	-0.051767	0.142652
3062001	3063000	3062501	316.0	-0.051457	-0.171953
3063001	3064000	3063501	314.0	-0.051147	-0.181113
3064001	3065000	3064501	382.0	-0.050837	0.101695
3065001	3066000	3065501	346.0	-0.050527	-0.041105
3066001	3067000	3066501	326.0	-0.050217	-0.127005
3067001	3068000	3067501	333.0	-0.049907	-0.096355
3068001	3069000	3068501	319.0	-0.049597	-0.158321
3069001	3070000	3069501	343.0	-0.049287	-0.053669
3070001	3071000	3070501	311.0	-0.048977	-0.194963
3071001	3072000	3071501	412.0	-0.048667	0.210767
3072001	3073000	3072501	356.0	-0.048357	0.000000
3073001	3074000	3073501	372.0	-0.048047	0.063425
3074001	3075000	3074501	365.0	-0.047737	0.036019
3075001	3076000	3075501	394.0	-0.047427	0.146318
3076001	3077000	3076501	434.0	-0.047117	0.285818
3077001	3078000	3077501	406.0	-0.046807	0.189602
3078001	3079000	3078501	423.0	-0.046497	0.248780
3079001	3080000	3079501	405.0	-0.046187	0.186045
3080001	3081000	3080501	397.0	-0.045877	0.157262
3081001	3082000	3081501	403.0	-0.045567	0.178903
3082001	3083000	3082501	356.0	-0.045257	0.000000
3083001	3084000	3083501	367.0	-0.044947	0.043903
3084001	3085000	3084501	333.0	-0.044637	-0.096355
3085001	3086000	3085501	349.0	-0.044327	-0.028650
3086001	3087000	3086501	330.0	-0.044017	-0.109411
3087001	3088000	3087501	379.0	-0.043707	0.090321
3088001	3089000	3088501	380.0	-0.043397	0.094122
3089001	3090000	3089501	294.0	-0.043087	-0.276061
3090001	3091000	3090501	327.0	-0.042777	-0.122587
3091001	3092000	3091501	357.0	-0.042467	0.004047
3092001	3093000	3092501	361.0	-0.042157	0.020122
3093001	3094000	3093501	333.0	-0.041847	-0.096355
3094001	3095000	3094501	307.0	-0.041538	-0.213639
3095001	3096000	3095501	280.0	-0.041228	-0.346450
3096001	3097000	3096501	398.0	-0.040918	0.160891
3097001	3098000	3097501	378.0	-0.040608	0.086509
3098001	3099000	3098501	323.0	-0.040298	-0.140343
3099001	3100000	3099501	393.0	-0.039988	0.142652
3100001	3101000	3100501	295.0	-0.039678	-0.271162
3101001	3102000	3101501	270.0	-0.039368	-0.398918
3102001	3103000	3102501	357.0	-0.039058	0.004047
3103001	3104000	3103501	354.0	-0.038748	-0.008128
3104001	3105000	3104501	388.0	-0.038438	0.124179
3105001	3106000	3105501	343.0	-0.038128	-0.053669
3106001	3107000	3106501	347.0	-0.037818	-0.036942
3107001	3108000	3107501	351.0	-0.037508	-0.020406
3108001	3109000	3108501	314.0	-0.037198	-0.181113
3109001	3110000	3109501	363.0	-0.036888	0.028092
3110001	3111000	3110501	304.0	-0.036578	-0.227806
3111001	3112000	3111501	307.0	-0.036268	-0.213639
3112001	3113000	3112501	304.0	-0.035958	-0.227806
3113001	3114000	3113501	302.0	-0.035648	-0.237329
3114001	3115000	3114501	343.0	-0.035338	-0.053669
3115001	3116000	3115501	357.0	-0.035028	0.004047
3116001	3117000	3116501	330.0	-0.034718	-0.109411
3117001	3118000	3117501	322.0	-0.034408	-0.144817
3118001	3119000	3118501	423.0	-0.034098	0.248780
3119001	3120000	3119501	391.0	-0.033788	0.135291
3120001	3121000	3120501	381.0	-0.033478	0.097914
3121001	3122000	3121501	318.0	-0.033168	-0.162850
3122001	3123000	3122501	329.0	-0.032858	-0.113790
3123001	3124000	3123501	329.0	-0.032548	-0.113790
3124001	3125000	3124501	383.0	-0.032238	0.105467
3125001	3126000	3125501	353.0	-0.031928	-0.012209
3126001	3127000	3126501	315.0	-0.031618	-0.176525
3127001	3128000	3127501	348.0	-0.031308	-0.032790
3128001	3129000	3128501	272.0	-0.030998	-0.388271
3129001	3130000	3129501	365.0	-0.030688	0.036019
3130001	3131000	3130501	361.0	-0.030378	0.020122
3131001	3132000	3131501	304.0	-0.030068	-0.227806
3132001	3133000	3132501	318.0	-0.029758	-0.162850
3133001	3134000	3133501	330.0	-0.029448	-0.109411
3134001	3135000	3134501	293.0	-0.029138	-0.280977
3135001	3136000	3135501	274.0	-0.028828	-0.377701
3136001	3137000	3136501	254.0	-0.028518	-0.487049
3137001	3138000	3137501	336.0	-0.028208	-0.083416
3138001	3139000	3138501	383.0	-0.027898	0.105467
3139001	3140000	3139501	312.0	-0.027588	-0.190331
3140001	3141000	3140501	234.0	-0.027278	-0.605369
3141001	3142000	3141501	286.0	-0.026968	-0.315862
3142001	3143000	3142501	240.0	-0.026658	-0.568843
3143001	3144000	3143501	275.0	-0.026348	-0.372446
3144001	3145000	3144501	316.0	-0.026038	-0.171953
3145001	3146000	3145501	384.0	-0.025728	0.109229
3146001	3147000	3146501	268.0	-0.025418	-0.409644
3147001	3148000	3147501	405.0	-0.025108	0.186045
3148001	3149000	3148501	321.0	-0.024799	-0.149304
3149001	3150000	3149501	262.0	-0.024489	-0.442310
3150001	3151000	3150501	358.0	-0.024179	0.008082
3151001	3152000	3151501	389.0	-0.023869	0.127893
3152001	3153000	3152501	388.0	-0.023559	0.124179
3153001	3154000	3153501	309.0	-0.023249	-0.204270
3154001	3155000	3154501	320.0	-0.022939	-0.153805
3155001	3156000	3155501	319.0	-0.022629	-0.158321
3156001	3157000	3156501	356.0	-0.022319	0.000000
3157001	3158000	3157501	303.0	-0.022009	-0.232559
3158001	3159000	3158501	349.0	-0.021699	-0.028650
3159001	3160000	3159501	349.0	-0.021389	-0.028650
3160001	3161000	3160501	295.0	-0.021079	-0.271162
3161001	3162000	3161501	317.0	-0.020769	-0.167394
3162001	3163000	3162501	333.0	-0.020459	-0.096355
3163001	3164000	3163501	304.0	-0.020149	-0.227806
3164001	3165000	3164501	308.0	-0.019839	-0.208947
3165001	3166000	3165501	272.0	-0.019529	-0.388271
3166001	3167000	3166501	304.0	-0.019219	-0.227806
3167001	3168000	3167501	282.0	-0.018909	-0.336182
3168001	3169000	3168501	334.0	-0.018599	-0.092029
3169001	3170000	3169501	378.0	-0.018289	0.086509
3170001	3171000	3170501	280.0	-0.017979	-0.346450
3171001	3172000	3171501	259.0	-0.017669	-0.458925
3172001	3173000	3172501	302.0	-0.017359	-0.237329
3173001	3174000	3173501	217.0	-0.017049	-0.714182
3174001	3175000	3174501	267.0	-0.016739	-0.415037
3175001	3176000	3175501	323.0	-0.016429	-0.140343
3176001	3177000	3176501	359.0	-0.016119	0.012107
3177001	3178000	3177501	302.0	-0.015809	-0.237329
3178001	3179000	3178501	277.0	-0.015499	-0.361991
3179001	3180000	3179501	263.0	-0.015189	-0.436814
3180001	3181000	3180501	297.0	-0.014879	-0.261414
3181001	3182000	3181501	307.0	-0.014569	-0.213639
3182001	3183000	3182501	300.0	-0.014259	-0.246915
3183001	3184000	3183501	286.0	-0.013949	-0.315862
3184001	3185000	3184501	306.0	-0.013639	-0.218346
3185001	3186000	3185501	278.0	-0.013329	-0.356792
3186001	3187000	3186501	299.0	-0.013019	-0.251732
3187001	3188000	3187501	315.0	-0.012709	-0.176525
3188001	3189000	3188501	381.0	-0.012399	0.097914
3189001	3190000	3189501	350.0	-0.012089	-0.024522
3190001	3191000	3190501	304.0	-0.011779	-0.227806
3191001	3192000	3191501	366.0	-0.011469	0.039966
3192001	3193000	3192501	341.0	-0.011159	-0.062106
3193001	3194000	3193501	329.0	-0.010849	-0.113790
3194001	3195000	3194501	362.0	-0.010539	0.024112
3195001	3196000	3195501	361.0	-0.010229	0.020122
3196001	3197000	3196501	368.0	-0.009919	0.047829
3197001	3198000	3197501	271.0	-0.009609	-0.393584
3198001	3199000	3198501	345.0	-0.009299	-0.045281
3199001	3200000	3199501	314.0	-0.008989	-0.181113
3200001	3201000	3200501	384.0	-0.008679	0.109229
3201001	3202000	3201501	410.0	-0.008369	0.203747
3202001	3203000	3202501	442.0	-0.008060	0.312169
3203001	3204000	3203501	422.0	-0.007750	0.245366
3204001	3205000	3204501	451.0	-0.007440	0.341250
3205001	3206000	3205501	310.0	-0.007130	-0.199609
3206001	3207000	3206501	378.0	-0.006820	0.086509
3207001	3208000	3207501	457.0	-0.006510	0.360317
3208001	3209000	3208501	355.0	-0.006200	-0.004058
3209001	3210000	3209501	358.0	-0.005890	0.008082
3210001	3211000	3210501	463.0	-0.005580	0.379135
3211001	3212000	3211501	360.0	-0.005270	0.016120
3212001	3213000	3212501	353.0	-0.004960	-0.012209
3213001	3214000	3213501	389.0	-0.004650	0.127893
3214001	3215000	3214501	382.0	-0.004340	0.101695
3215001	3216000	3215501	381.0	-0.004030	0.097914
3216001	3217000	3216501	344.0	-0.003720	-0.049469
3217001	3218000	3217501	351.0	-0.003410	-0.020406
3218001	3219000	3218501	260.0	-0.003100	-0.453366
3219001	3220000	3219501	300.0	-0.002790	-0.246915
3220001	3221000	3220501	333.0	-0.002480	-0.096355
3221001	3222000	3221501	356.0	-0.002170	0.000000
3222001	3223000	3222501	400.0	-0.001860	0.168123
3223001	3224000	3223501	289.0	-0.001550	-0.300808
3224001	3225000	3224501	426.0	-0.001240	0.258976
3225001	3226000	3225501	402.0	-0.000930	0.175318
3226001	3227000	3226501	351.0	-0.000620	-0.020406
3227001	3228000	3227501	362.0	-0.000310	0.024112
3228001	3229000	3228501	415.0	0.000000	0.221234
3229001	3230000	3229501	357.0	0.000901	0.004047
3230001	3231000	3230501	318.0	0.001802	-0.162850
3231001	3232000	3231501	329.0	0.002703	-0.113790
3232001	3233000	3232501	364.0	0.003604	0.032061
3233001	3234000	3233501	363.0	0.004505	0.028092
3234001	3235000	3234501	347.0	0.005406	-0.036942
3235001	3236000	3235501	405.0	0.006307	0.186045
3236001	3237000	3236501	399.0	0.007209	0.164512
3237001	3238000	3237501	309.0	0.008110	-0.204270
3238001	3239000	3238501	273.0	0.009011	-0.382976
3239001	3240000	3239501	386.0	0.009912	0.116724
3240001	3241000	3240501	367.0	0.010813	0.043903
3241001	3242000	3241501	365.0	0.011714	0.036019
3242001	3243000	3242501	316.0	0.012615	-0.171953
3243001	3244000	3243501	359.0	0.013516	0.012107
3244001	3245000	3244501	303.0	0.014417	-0.232559
3245001	3246000	3245501	244.0	0.015318	-0.544996
3246001	3247000	3246501	311.0	0.016219	-0.194963
3247001	3248000	3247501	324.0	0.017120	-0.135883
3248001	3249000	3248501	361.0	0.018021	0.020122
3249001	3250000	3249501	439.0	0.018922	0.302344
3250001	3251000	3250501	367.0	0.019824	0.043903
3251001	3252000	3251501	398.0	0.020725	0.160891
3252001	3253000	3252501	366.0	0.021626	0.039966
3253001	3254000	3253501	377.0	0.022527	0.082687
3254001	3255000	3254501	326.0	0.023428	-0.127005
3255001	3256000	3255501	298.0	0.024329	-0.256565
3256001	3257000	3256501	336.0	0.025230	-0.083416
3257001	3258000	3257501	358.0	0.026131	0.008082
3258001	3259000	3258501	332.0	0.027032	-0.100694
3259001	3260000	3259501	361.0	0.027933	0.020122
3260001	3261000	3260501	431.0	0.028834	0.275811
3261001	3262000	3261501	411.0	0.029735	0.207261
3262001	3263000	3262501	336.0	0.030636	-0.083416
3263001	3264000	3263501	338.0	0.031537	-0.074854
3264001	3265000	3264501	383.0	0.032438	0.105467
3265001	3266000	3265501	364.0	0.033340	0.032061
3266001	3267000	3266501	325.0	0.034241	-0.131438
3267001	3268000	3267501	404.0	0.035142	0.182478
3268001	3269000	3268501	413.0	0.036043	0.214265
3269001	3270000	3269501	359.0	0.036944	0.012107
3270001	3271000	3270501	315.0	0.037845	-0.176525
3271001	3272000	3271501	284.0	0.038746	-0.325986
3272001	3273000	3272501	285.0	0.039647	-0.320915
3273001	3274000	3273501	374.0	0.040548	0.071161
3274001	3275000	3274501	377.0	0.041449	0.082687
3275001	3276000	3275501	370.0	0.042350	0.055648
3276001	3277000	3276501	335.0	0.043251	-0.087716
3277001	3278000	3277501	269.0	0.044152	-0.404271
3278001	3279000	3278501	326.0	0.045053	-0.127005
3279001	3280000	3279501	322.0	0.045955	-0.144817
3280001	3281000	3280501	362.0	0.046856	0.024112
3281001	3282000	3281501	411.0	0.047757	0.207261
3282001	3283000	3282501	368.0	0.048658	0.047829
3283001	3284000	3283501	325.0	0.049559	-0.131438
3284001	3285000	3284501	352.0	0.050460	-0.016302
3285001	3286000	3285501	379.0	0.051361	0.090321
3286001	3287000	3286501	327.0	0.052262	-0.122587
3287001	3288000	3287501	368.0	0.053163	0.047829
3288001	3289000	3288501	349.0	0.054064	-0.028650
3289001	3290000	3289501	311.0	0.054965	-0.194963
3290001	3291000	3290501	341.0	0.055866	-0.062106
3291001	3292000	3291501	282.0	0.056767	-0.336182
3292001	3293000	3292501	294.0	0.057668	-0.276061
3293001	3294000	3293501	372.0	0.058569	0.063425
3294001	3295000	3294501	353.0	0.059471	-0.012209
3295001	3296000	3295501	316.0	0.060372	-0.171953
3296001	3297000	3296501	344.0	0.061273	-0.049469
3297001	3298000	3297501	292.0	0.062174	-0.285909
3298001	3299000	3298501	336.0	0.063075	-0.083416
3299001	3300000	3299501	318.0	0.063976	-0.162850
3300001	3301000	3300501	292.0	0.064877	-0.285909
3301001	3302000	3301501	309.0	0.065778	-0.204270
3302001	3303000	3302501	346.0	0.066679	-0.041105
3303001	3304000	3303501	338.0	0.067580	-0.074854
3304001	3305000	3304501	215.0	0.068481	-0.727541
3305001	3306000	3305501	174.0	0.069382	-1.032790
3306001	3307000	3306501	266.0	0.070283	-0.420451
3307001	3308000	3307501	248.0	0.071184	-0.521537
3308001	3309000	3308501	251.0	0.072086	-0.504190
3309001	3310000	3309501	311.0	0.072987	-0.194963
3310001	3311000	3310501	346.0	0.073888	-0.041105
3311001	3312000	3311501	233.0	0.074789	-0.611547
3312001	3313000	3312501	296.0	0.075690	-0.266280
3313001	3314000	3313501	370.0	0.076591	0.055648
3314001	3315000	3314501	405.0	0.077492	0.186045
3315001	3316000	3315501	309.0	0.078393	-0.204270
3316001	3317000	3316501	305.0	0.079294	-0.223068
3317001	3318000	3317501	346.0	0.080195	-0.041105
3318001	3319000	3318501	375.0	0.081096	0.075013
3319001	3320000	3319501	374.0	0.081997	0.071161
3320001	3321000	3320501	380.0	0.082898	0.094122
3321001	3322000	3321501	331.0	0.083799	-0.105046
3322001	3323000	3322501	335.0	0.084700	-0.087716
3323001	3324000	3323501	319.0	0.085602	-0.158321
3324001	3325000	3324501	332.0	0.086503	-0.100694
3325001	3326000	3325501	392.0	0.087404	0.138976
3326001	3327000	3326501	317.0	0.088305	-0.167394
3327001	3328000	3327501	311.0	0.089206	-0.194963
3328001	3329000	3328501	310.0	0.090107	-0.199609
3329001	3330000	3329501	312.0	0.091008	-0.190331
3330001	3331000	3330501	355.0	0.091909	-0.004058
3331001	3332000	3331501	321.0	0.092810	-0.149304
3332001	3333000	3332501	299.0	0.093711	-0.251732
3333001	3334000	3333501	335.0	0.094612	-0.087716
3334001	3335000	3334501	314.0	0.095513	-0.181113
3335001	3336000	3335501	311.0	0.096414	-0.194963
3336001	3337000	3336501	231.0	0.097315	-0.623984
3337001	3338000	3337501	281.0	0.098217	-0.341307
3338001	3339000	3338501	331.0	0.099118	-0.105046
3339001	3340000	3339501	363.0	0.100019	0.028092
3340001	3341000	3340501	340.0	0.100920	-0.066342
3341001	3342000	3341501	357.0	0.101821	0.004047
3342001	3343000	3342501	415.0	0.102722	0.221234
3343001	3344000	3343501	374.0	0.103623	0.071161
3344001	3345000	3344501	342.0	0.104524	-0.057881
3345001	3346000	3345501	349.0	0.105425	-0.028650
3346001	3347000	3346501	403.0	0.106326	0.178903
3347001	3348000	3347501	336.0	0.107227	-0.083416
3348001	3349000	3348501	331.0	0.108128	-0.105046
3349001	3350000	3349501	327.0	0.109029	-0.122587
3350001	3351000	3350501	343.0	0.109930	-0.053669
3351001	3352000	3351501	357.0	0.110831	0.004047
3352001	3353000	3352501	389.0	0.111733	0.127893
3353001	3354000	3353501	397.0	0.112634	0.157262
3354001	3355000	3354501	304.0	0.113535	-0.227806
3355001	3356000	3355501	349.0	0.114436	-0.028650
3356001	3357000	3356501	333.0	0.115337	-0.096355
3357001	3358000	3357501	317.0	0.116238	-0.167394
3358001	3359000	3358501	376.0	0.117139	0.078855
3359001	3360000	3359501	346.0	0.118040	-0.041105
3360001	3361000	3360501	322.0	0.118941	-0.144817
3361001	3362000	3361501	293.0	0.119842	-0.280977
3362001	3363000	3362501	280.0	0.120743	-0.346450
3363001	3364000	3363501	318.0	0.121644	-0.162850
3364001	3365000	3364501	326.0	0.122545	-0.127005
3365001	3366000	3365501	279.0	0.123446	-0.351612
3366001	3367000	3366501	311.0	0.124348	-0.194963
3367001	3368000	3367501	266.0	0.125249	-0.420451
3368001	3369000	3368501	253.0	0.126150	-0.492740
3369001	3370000	3369501	321.0	0.127051	-0.149304
3370001	3371000	3370501	398.0	0.127952	0.160891
3371001	3372000	3371501	416.0	0.128853	0.224706
3372001	3373000	3372501	399.0	0.129754	0.164512
3373001	3374000	3373501	326.0	0.130655	-0.127005
3374001	3375000	3374501	381.0	0.131556	0.097914
3375001	3376000	3375501	296.0	0.132457	-0.266280
3376001	3377000	3376501	233.0	0.133358	-0.611547
3377001	3378000	3377501	265.0	0.134259	-0.425885
3378001	3379000	3378501	298.0	0.135160	-0.256565
3379001	3380000	3379501	306.0	0.136061	-0.218346
3380001	3381000	3380501	295.0	0.136962	-0.271162
3381001	3382000	3381501	267.0	0.137864	-0.415037
3382001	3383000	3382501	321.0	0.138765	-0.149304
3383001	3384000	3383501	262.0	0.139666	-0.442310
3384001	3385000	3384501	305.0	0.140567	-0.223068
3385001	3386000	3385501	379.0	0.141468	0.090321
3386001	3387000	3386501	388.0	0.142369	0.124179
3387001	3388000	3387501	325.0	0.143270	-0.131438
3388001	3389000	3388501	389.0	0.144171	0.127893
3389001	3390000	3389501	372.0	0.145072	0.063425
3390001	3391000	3390501	308.0	0.145973	-0.208947
3391001	3392000	3391501	321.0	0.146874	-0.149304
3392001	3393000	3392501	418.0	0.147775	0.231626
3393001	3394000	3393501	376.0	0.148676	0.078855
3394001	3395000	3394501	324.0	0.149577	-0.135883
3395001	3396000	3395501	390.0	0.150479	0.131597
3396001	3397000	3396501	366.0	0.151380	0.039966
3397001	3398000	3397501	371.0	0.152281	0.059542
3398001	3399000	3398501	412.0	0.153182	0.210767
3399001	3400000	3399501	346.0	0.154083	-0.041105
3400001	3401000	3400501	330.0	0.154984	-0.109411
3401001	3402000	3401501	317.0	0.155885	-0.167394
3402001	3403000	3402501	388.0	0.156786	0.124179
3403001	3404000	3403501	341.0	0.157687	-0.062106
3404001	3405000	3404501	350.0	0.158588	-0.024522
3405001	3406000	3405501	365.0	0.159489	0.036019
3406001	3407000	3406501	370.0	0.160390	0.055648
3407001	3408000	3407501	390.0	0.161291	0.131597
3408001	3409000	3408501	324.0	0.162192	-0.135883
3409001	3410000	3409501	357.0	0.163093	0.004047
3410001	3411000	3410501	416.0	0.163995	0.224706
3411001	3412000	3411501	351.0	0.164896	-0.020406
3412001	3413000	3412501	348.0	0.165797	-0.032790
3413001	3414000	3413501	304.0	0.166698	-0.227806
3414001	3415000	3414501	293.0	0.167599	-0.280977
3415001	3416000	3415501	316.0	0.168500	-0.171953
3416001	3417000	3416501	307.0	0.169401	-0.213639
3417001	3418000	3417501	374.0	0.170302	0.071161
3418001	3419000	3418501	322.0	0.171203	-0.144817
3419001	3420000	3419501	331.0	0.172104	-0.105046
3420001	3421000	3420501	409.0	0.173005	0.200224
3421001	3422000	3421501	378.0	0.173906	0.086509
3422001	3423000	3422501	453.0	0.174807	0.347634
3423001	3424000	3423501	412.0	0.175708	0.210767
3424001	3425000	3424501	350.0	0.176610	-0.024522
3425001	3426000	3425501	361.0	0.177511	0.020122
3426001	3427000	3426501	388.0	0.178412	0.124179
3427001	3428000	3427501	330.0	0.179313	-0.109411
3428001	3429000	3428501	377.0	0.180214	0.082687
3429001	3430000	3429501	376.0	0.181115	0.078855
3430001	3431000	3430501	359.0	0.182016	0.012107
3431001	3432000	3431501	370.0	0.182917	0.055648
3432001	3433000	3432501	443.0	0.183818	0.315429
3433001	3434000	3433501	344.0	0.184719	-0.049469
3434001	3435000	3434501	349.0	0.185620	-0.028650
3435001	3436000	3435501	405.0	0.186521	0.186045
3436001	3437000	3436501	329.0	0.187422	-0.113790
3437001	3438000	3437501	339.0	0.188323	-0.070592
3438001	3439000	3438501	451.0	0.189224	0.341250
3439001	3440000	3439501	369.0	0.190126	0.051744
3440001	3441000	3440501	417.0	0.191027	0.228170
3441001	3442000	3441501	355.0	0.191928	-0.004058
3442001	3443000	3442501	280.0	0.192829	-0.346450
3443001	3444000	3443501	358.0	0.193730	0.008082
3444001	3445000	3444501	383.0	0.194631	0.105467
3445001	3446000	3445501	331.0	0.195532	-0.105046
3446001	3447000	3446501	350.0	0.196433	-0.024522
3447001	3448000	3447501	366.0	0.197334	0.039966
3448001	3449000	3448501	345.0	0.198235	-0.045281
3449001	3450000	3449501	367.0	0.199136	0.043903
3450001	3451000	3450501	380.0	0.200037	0.094122
3451001	3452000	3451501	401.0	0.200938	0.171725
3452001	3453000	3452501	370.0	0.201839	0.055648
3453001	3454000	3453501	377.0	0.202741	0.082687
3454001	3455000	3454501	369.0	0.203642	0.051744
3455001	3456000	3455501	403.0	0.204543	0.178903
3456001	3457000	3456501	377.0	0.205444	0.082687
3457001	3458000	3457501	351.0	0.206345	-0.020406
3458001	3459000	3458501	335.0	0.207246	-0.087716
3459001	3460000	3459501	348.0	0.208147	-0.032790
3460001	3461000	3460501	319.0	0.209048	-0.158321
3461001	3462000	3461501	378.0	0.209949	0.086509
3462001	3463000	3462501	368.0	0.210850	0.047829
3463001	3464000	3463501	416.0	0.211751	0.224706
3464001	3465000	3464501	380.0	0.212652	0.094122
3465001	3466000	3465501	414.0	0.213553	0.217754
3466001	3467000	3466501	455.0	0.214454	0.353989
3467001	3468000	3467501	342.0	0.215355	-0.057881
3468001	3469000	3468501	333.0	0.216257	-0.096355
3469001	3470000	3469501	306.0	0.217158	-0.218346
3470001	3471000	3470501	352.0	0.218059	-0.016302
3471001	3472000	3471501	365.0	0.218960	0.036019
3472001	3473000	3472501	414.0	0.219861	0.217754
3473001	3474000	3473501	277.0	0.220762	-0.361991
3474001	3475000	3474501	301.0	0.221663	-0.242114
3475001	3476000	3475501	303.0	0.222564	-0.232559
3476001	3477000	3476501	299.0	0.223465	-0.251732
3477001	3478000	3477501	351.0	0.224366	-0.020406
3478001	3479000	3478501	383.0	0.225267	0.105467
3479001	3480000	3479501	327.0	0.226168	-0.122587
3480001	3481000	3480501	309.0	0.227069	-0.204270
3481001	3482000	3481501	342.0	0.227970	-0.057881
3482001	3483000	3482501	309.0	0.228872	-0.204270
3483001	3484000	3483501	402.0	0.229773	0.175318
3484001	3485000	3484501	345.0	0.230674	-0.045281
3485001	3486000	3485501	338.0	0.231575	-0.074854
3486001	3487000	3486501	355.0	0.232476	-0.004058
3487001	3488000	3487501	497.0	0.233377	0.481369
3488001	3489000	3488501	340.0	0.234278	-0.066342
3489001	3490000	3489501	349.0	0.235179	-0.028650
3490001	3491000	3490501	369.0	0.236080	0.051744
3491001	3492000	3491501	364.0	0.236981	0.032061
3492001	3493000	3492501	366.0	0.237882	0.039966
3493001	3494000	3493501	377.0	0.238783	0.082687
3494001	3495000	3494501	300.0	0.239684	-0.246915
3495001	3496000	3495501	400.0	0.240585	0.168123
3496001	3497000	3496501	365.0	0.241486	0.036019
3497001	3498000	3497501	383.0	0.242388	0.105467
3498001	3499000	3498501	333.0	0.243289	-0.096355
3499001	3500000	3499501	335.0	0.244190	-0.087716
3500001	3501000	3500501	297.0	0.245091	-0.261414
3501001	3502000	3501501	370.0	0.245992	0.055648
3502001	3503000	3502501	341.0	0.246893	-0.062106
3503001	3504000	3503501	302.0	0.247794	-0.237329
3504001	3505000	3504501	381.0	0.248695	0.097914
3505001	3506000	3505501	394.0	0.249596	0.146318
3506001	3507000	3506501	390.0	0.250497	0.131597
3507001	3508000	3507501	327.0	0.251398	-0.122587
3508001	3509000	3508501	296.0	0.252299	-0.266280
3509001	3510000	3509501	381.0	0.253200	0.097914
3510001	3511000	3510501	399.0	0.254101	0.164512
3511001	3512000	3511501	358.0	0.255003	0.008082
3512001	3513000	3512501	345.0	0.255904	-0.045281
3513001	3514000	3513501	343.0	0.256805	-0.053669
3514001	3515000	3514501	299.0	0.257706	-0.251732
3515001	3516000	3515501	381.0	0.258607	0.097914
3516001	3517000	3516501	337.0	0.259508	-0.079129
3517001	3518000	3517501	298.0	0.260409	-0.256565
3518001	3519000	3518501	346.0	0.261310	-0.041105
3519001	3520000	3519501	357.0	0.262211	0.004047
3520001	3521000	3520501	358.0	0.263112	0.008082
3521001	3522000	3521501	383.0	0.264013	0.105467
3522001	3523000	3522501	386.0	0.264914	0.116724
3523001	3524000	3523501	337.0	0.265815	-0.079129
3524001	3525000	3524501	396.0	0.266716	0.153623
3525001	3526000	3525501	410.0	0.267617	0.203747
3526001	3527000	3526501	366.0	0.268519	0.039966
3527001	3528000	3527501	334.0	0.269420	-0.092029
3528001	3529000	3528501	314.0	0.270321	-0.181113
3529001	3530000	3529501	345.0	0.271222	-0.045281
3530001	3531000	3530501	404.0	0.272123	0.182478
3531001	3532000	3531501	390.0	0.273024	0.131597
3532001	3533000	3532501	337.0	0.273925	-0.079129
3533001	3534000	3533501	325.0	0.274826	-0.131438
3534001	3535000	3534501	422.0	0.275727	0.245366
3535001	3536000	3535501	396.0	0.276628	0.153623
3536001	3537000	3536501	391.0	0.277529	0.135291
3537001	3538000	3537501	398.0	0.278430	0.160891
3538001	3539000	3538501	313.0	0.279331	-0.185715
3539001	3540000	3539501	359.0	0.280232	0.012107
3540001	3541000	3540501	339.0	0.281134	-0.070592
3541001	3542000	3541501	393.0	0.282035	0.142652
3542001	3543000	3542501	345.0	0.282936	-0.045281
3543001	3544000	3543501	376.0	0.283837	0.078855
3544001	3545000	3544501	346.0	0.284738	-0.041105
3545001	3546000	3545501	406.0	0.285639	0.189602
3546001	3547000	3546501	318.0	0.286540	-0.162850
3547001	3548000	3547501	413.0	0.287441	0.214265
3548001	3549000	3548501	414.0	0.288342	0.217754
3549001	3550000	3549501	375.0	0.289243	0.075013
3550001	3551000	3550501	349.0	0.290144	-0.028650
3551001	3552000	3551501	394.0	0.291045	0.146318
3552001	3553000	3552501	403.0	0.291946	0.178903
3553001	3554000	3553501	365.0	0.292847	0.036019
3554001	3555000	3554501	362.0	0.293748	0.024112
3555001	3556000	3555501	328.0	0.294650	-0.118181
3556001	3557000	3556501	380.0	0.295551	0.094122
3557001	3558000	3557501	304.0	0.296452	-0.227806
3558001	3559000	3558501	283.0	0.297353	-0.331075
3559001	3560000	3559501	296.0	0.298254	-0.266280
3560001	3561000	3560501	376.0	0.299155	0.078855
3561001	3562000	3561501	367.0	0.300056	0.043903
3562001	3563000	3562501	385.0	0.300957	0.112981
3563001	3564000	3563501	360.0	0.301858	0.016120
3564001	3565000	3564501	369.0	0.302759	0.051744
3565001	3566000	3565501	350.0	0.303660	-0.024522
3566001	3567000	3566501	340.0	0.304561	-0.066342
3567001	3568000	3567501	418.0	0.305462	0.231626
3568001	3569000	3568501	367.0	0.306363	0.043903
3569001	3570000	3569501	384.0	0.307265	0.109229
3570001	3571000	3570501	357.0	0.308166	0.004047
3571001	3572000	3571501	410.0	0.309067	0.203747
3572001	3573000	3572501	427.0	0.309968	0.262359
3573001	3574000	3573501	368.0	0.310869	0.047829
3574001	3575000	3574501	327.0	0.311770	-0.122587
3575001	3576000	3575501	336.0	0.312671	-0.083416
3576001	3577000	3576501	381.0	0.313572	0.097914
3577001	3578000	3577501	353.0	0.314473	-0.012209
3578001	3579000	3578501	394.0	0.315374	0.146318
3579001	3580000	3579501	362.0	0.316275	0.024112
3580001	3581000	3580501	363.0	0.317176	0.028092
3581001	3582000	3581501	389.0	0.318077	0.127893
3582001	3583000	3582501	414.0	0.318978	0.217754
3583001	3584000	3583501	333.0	0.319879	-0.096355
3584001	3585000	3584501	396.0	0.320781	0.153623
3585001	3586000	3585501	361.0	0.321682	0.020122
3586001	3587000	3586501	325.0	0.322583	-0.131438
3587001	3588000	3587501	365.0	0.323484	0.036019
3588001	3589000	3588501	291.0	0.324385	-0.290858
3589001	3590000	3589501	359.0	0.325286	0.012107
3590001	3591000	3590501	277.0	0.326187	-0.361991
3591001	3592000	3591501	324.0	0.327088	-0.135883
3592001	3593000	3592501	319.0	0.327989	-0.158321
3593001	3594000	3593501	377.0	0.328890	0.082687
3594001	3595000	3594501	393.0	0.329791	0.142652
3595001	3596000	3595501	414.0	0.330692	0.217754
3596001	3597000	3596501	305.0	0.331593	-0.223068
3597001	3598000	3597501	329.0	0.332494	-0.113790
3598001	3599000	3598501	339.0	0.333396	-0.070592
3599001	3600000	3599501	419.0	0.334297	0.235073
3600001	3601000	3600501	346.0	0.335198	-0.041105
3601001	3602000	3601501	336.0	0.336099	-0.083416
3602001	3603000	3602501	295.0	0.337000	-0.271162
3603001	3604000	3603501	328.0	0.337901	-0.118181
3604001	3605000	3604501	290.0	0.338802	-0.295824
3605001	3606000	3605501	312.0	0.339703	-0.190331
3606001	3607000	3606501	314.0	0.340604	-0.181113
3607001	3608000	3607501	294.0	0.341505	-0.276061
3608001	3609000	3608501	311.0	0.342406	-0.194963
3609001	3610000	3609501	347.0	0.343307	-0.036942
3610001	3611000	3610501	340.0	0.344208	-0.066342
3611001	3612000	3611501	358.0	0.345109	0.008082
3612001	3613000	3612501	279.0	0.346010	-0.351612
3613001	3614000	3613501	288.0	0.346912	-0.305808
3614001	3615000	3614501	331.0	0.347813	-0.105046
3615001	3616000	3615501	351.0	0.348714	-0.020406
3616001	3617000	3616501	288.0	0.349615	-0.305808
3617001	3618000	3617501	298.0	0.350516	-0.256565
3618001	3619000	3618501	330.0	0.351417	-0.109411
3619001	3620000	3619501	267.0	0.352318	-0.415037
3620001	3621000	3620501	330.0	0.353219	-0.109411
3621001	3622000	3621501	352.0	0.354120	-0.016302
3622001	3623000	3622501	316.0	0.355021	-0.171953
3623001	3624000	3623501	265.0	0.355922	-0.425885
3624001	3625000	3624501	328.0	0.356823	-0.118181
3625001	3626000	3625501	418.0	0.357724	0.231626
3626001	3627000	3626501	331.0	0.358625	-0.105046
3627001	3628000	3627501	353.0	0.359527	-0.012209
3628001	3629000	3628501	347.0	0.360428	-0.036942
3629001	3630000	3629501	383.0	0.361329	0.105467
3630001	3631000	3630501	358.0	0.362230	0.008082
3631001	3632000	3631501	305.0	0.363131	-0.223068
3632001	3633000	3632501	292.0	0.364032	-0.285909
3633001	3634000	3633501	322.0	0.364933	-0.144817
3634001	3635000	3634501	307.0	0.365834	-0.213639
3635001	3636000	3635501	349.0	0.366735	-0.028650
3636001	3637000	3636501	419.0	0.367636	0.235073
3637001	3638000	3637501	372.0	0.368537	0.063425
3638001	3639000	3638501	374.0	0.369438	0.071161
3639001	3640000	3639501	395.0	0.370339	0.149975
3640001	3641000	3640501	375.0	0.371240	0.075013
3641001	3642000	3641501	354.0	0.372141	-0.008128
3642001	3643000	3642501	352.0	0.373043	-0.016302
3643001	3644000	3643501	362.0	0.373944	0.024112
3644001	3645000	3644501	328.0	0.374845	-0.118181
3645001	3646000	3645501	311.0	0.375746	-0.194963
3646001	3647000	3646501	312.0	0.376647	-0.190331
3647001	3648000	3647501	312.0	0.377548	-0.190331
3648001	3649000	3648501	343.0	0.378449	-0.053669
3649001	3650000	3649501	361.0	0.379350	0.020122
3650001	3651000	3650501	319.0	0.380251	-0.158321
3651001	3652000	3651501	379.0	0.381152	0.090321
3652001	3653000	3652501	316.0	0.382053	-0.171953
3653001	3654000	3653501	313.0	0.382954	-0.185715
3654001	3655000	3654501	291.0	0.383855	-0.290858
3655001	3656000	3655501	337.0	0.384756	-0.079129
3656001	3657000	3656501	286.0	0.385658	-0.315862
3657001	3658000	3657501	315.0	0.386559	-0.176525
3658001	3659000	3658501	329.0	0.387460	-0.113790
3659001	3660000	3659501	350.0	0.388361	-0.024522
3660001	3661000	3660501	324.0	0.389262	-0.135883
3661001	3662000	3661501	339.0	0.390163	-0.070592
3662001	3663000	3662501	322.0	0.391064	-0.144817
3663001	3664000	3663501	230.0	0.391965	-0.630243
3664001	3665000	3664501	278.0	0.392866	-0.356792
3665001	3666000	3665501	288.0	0.393767	-0.305808
3666001	3667000	3666501	275.0	0.394668	-0.372446
3667001	3668000	3667501	330.0	0.395569	-0.109411
3668001	3669000	3668501	330.0	0.396470	-0.109411
3669001	3670000	3669501	378.0	0.397371	0.086509
3670001	3671000	3670501	337.0	0.398272	-0.079129
3671001	3672000	3671501	398.0	0.399174	0.160891
3672001	3673000	3672501	429.0	0.400075	0.269100
3673001	3674000	3673501	320.0	0.400976	-0.153805
3674001	3675000	3674501	271.0	0.401877	-0.393584
3675001	3676000	3675501	356.0	0.402778	0.000000
3676001	3677000	3676501	343.0	0.403679	-0.053669
3677001	3678000	3677501	280.0	0.404580	-0.346450
3678001	3679000	3678501	313.0	0.405481	-0.185715
3679001	3680000	3679501	312.0	0.406382	-0.190331
3680001	3681000	3680501	487.0	0.407283	0.452045
3681001	3682000	3681501	295.0	0.408184	-0.271162
3682001	3683000	3682501	417.0	0.409085	0.228170
3683001	3684000	3683501	279.0	0.409986	-0.351612
3684001	3685000	3684501	310.0	0.410887	-0.199609
3685001	3686000	3685501	260.0	0.411789	-0.453366
3686001	3687000	3686501	388.0	0.412690	0.124179
3687001	3688000	3687501	351.0	0.413591	-0.020406
3688001	3689000	3688501	302.0	0.414492	-0.237329
3689001	3690000	3689501	267.0	0.415393	-0.415037
3690001	3691000	3690501	328.0	0.416294	-0.118181
3691001	3692000	3691501	340.0	0.417195	-0.066342
3692001	3693000	3692501	300.0	0.418096	-0.246915
3693001	3694000	3693501	355.0	0.418997	-0.004058
3694001	3695000	3694501	382.0	0.419898	0.101695
3695001	3696000	3695501	353.0	0.420799	-0.012209
3696001	3697000	3696501	426.0	0.421700	0.258976
3697001	3698000	3697501	339.0	0.422601	-0.070592
3698001	3699000	3698501	331.0	0.423502	-0.105046
3699001	3700000	3699501	378.0	0.424403	0.086509
3700001	3701000	3700501	329.0	0.425305	-0.113790
3701001	3702000	3701501	341.0	0.426206	-0.062106
3702001	3703000	3702501	326.0	0.427107	-0.127005
3703001	3704000	3703501	368.0	0.428008	0.047829
3704001	3705000	3704501	386.0	0.428909	0.116724
3705001	3706000	3705501	318.0	0.429810	-0.162850
3706001	3707000	3706501	273.0	0.430711	-0.382976
3707001	3708000	3707501	291.0	0.431612	-0.290858
3708001	3709000	3708501	364.0	0.432513	0.032061
3709001	3710000	3709501	380.0	0.433414	0.094122
3710001	3711000	3710501	341.0	0.434315	-0.062106
3711001	3712000	3711501	327.0	0.435216	-0.122587
3712001	3713000	3712501	279.0	0.436117	-0.351612
3713001	3714000	3713501	325.0	0.437018	-0.131438
3714001	3715000	3714501	314.0	0.437920	-0.181113
3715001	3716000	3715501	241.0	0.438821	-0.562844
3716001	3717000	3716501	357.0	0.439722	0.004047
3717001	3718000	3717501	344.0	0.440623	-0.049469
3718001	3719000	3718501	333.0	0.441524	-0.096355
3719001	3720000	3719501	389.0	0.442425	0.127893
3720001	3721000	3720501	326.0	0.443326	-0.127005
3721001	3722000	3721501	349.0	0.444227	-0.028650
3722001	3723000	3722501	372.0	0.445128	0.063425
3723001	3724000	3723501	355.0	0.446029	-0.004058
3724001	3725000	3724501	290.0	0.446930	-0.295824
3725001	3726000	3725501	347.0	0.447831	-0.036942
3726001	3727000	3726501	336.0	0.448732	-0.083416
3727001	3728000	3727501	338.0	0.449633	-0.074854
3728001	3729000	3728501	341.0	0.450534	-0.062106
3729001	3730000	3729501	312.0	0.451436	-0.190331
3730001	3731000	3730501	320.0	0.452337	-0.153805
3731001	3732000	3731501	290.0	0.453238	-0.295824
3732001	3733000	3732501	320.0	0.454139	-0.153805
3733001	3734000	3733501	338.0	0.455040	-0.074854
3734001	3735000	3734501	365.0	0.455941	0.036019
3735001	3736000	3735501	380.0	0.456842	0.094122
3736001	3737000	3736501	356.0	0.457743	0.000000
3737001	3738000	3737501	348.0	0.458644	-0.032790
3738001	3739000	3738501	347.0	0.459545	-0.036942
3739001	3740000	3739501	308.0	0.460446	-0.208947
3740001	3741000	3740501	357.0	0.461347	0.004047
3741001	3742000	3741501	335.0	0.462248	-0.087716
3742001	3743000	3742501	352.0	0.463149	-0.016302
3743001	3744000	3743501	357.0	0.464051	0.004047
3744001	3745000	3744501	359.0	0.464952	0.012107
3745001	3746000	3745501	374.0	0.465853	0.071161
3746001	3747000	3746501	345.0	0.466754	-0.045281
3747001	3748000	3747501	439.0	0.467655	0.302344
3748001	3749000	3748501	270.0	0.468556	-0.398918
3749001	3750000	3749501	449.0	0.469457	0.334838
3750001	3751000	3750501	359.0	0.470358	0.012107
3751001	3752000	3751501	371.0	0.471259	0.059542
3752001	3753000	3752501	392.0	0.472160	0.138976
3753001	3754000	3753501	331.0	0.473061	-0.105046
3754001	3755000	3754501	368.0	0.473962	0.047829
3755001	3756000	3755501	360.0	0.474863	0.016120
3756001	3757000	3756501	336.0	0.475764	-0.083416
3757001	3758000	3757501	339.0	0.476665	-0.070592
3758001	3759000	3758501	520.0	0.477567	0.546634
3759001	3760000	3759501	303.0	0.478468	-0.232559
3760001	3761000	3760501	272.0	0.479369	-0.388271
3761001	3762000	3761501	334.0	0.480270	-0.092029
3762001	3763000	3762501	349.0	0.481171	-0.028650
3763001	3764000	3763501	404.0	0.482072	0.182478
3764001	3765000	3764501	315.0	0.482973	-0.176525
3765001	3766000	3765501	353.0	0.483874	-0.012209
3766001	3767000	3766501	375.0	0.484775	0.075013
3767001	3768000	3767501	347.0	0.485676	-0.036942
3768001	3769000	3768501	295.0	0.486577	-0.271162
3769001	3770000	3769501	322.0	0.487478	-0.144817
3770001	3771000	3770501	304.0	0.488379	-0.227806
3771001	3772000	3771501	318.0	0.489280	-0.162850
3772001	3773000	3772501	296.0	0.490182	-0.266280
3773001	3774000	3773501	335.0	0.491083	-0.087716
3774001	3775000	3774501	269.0	0.491984	-0.404271
3775001	3776000	3775501	282.0	0.492885	-0.336182
3776001	3777000	3776501	336.0	0.493786	-0.083416
3777001	3778000	3777501	355.0	0.494687	-0.004058
3778001	3779000	3778501	332.0	0.495588	-0.100694
3779001	3780000	3779501	304.0	0.496489	-0.227806
3780001	3781000	3780501	304.0	0.497390	-0.227806
3781001	3782000	3781501	272.0	0.498291	-0.388271
3782001	3783000	3782501	314.0	0.499192	-0.181113
3783001	3784000	3783501	386.0	0.500093	0.116724
3784001	3785000	3784501	341.0	0.500994	-0.062106
3785001	3786000	3785501	312.0	0.501895	-0.190331
3786001	3787000	3786501	328.0	0.502796	-0.118181
3787001	3788000	3787501	312.0	0.503698	-0.190331
3788001	3789000	3788501	389.0	0.504599	0.127893
3789001	3790000	3789501	324.0	0.505500	-0.135883
3790001	3791000	3790501	286.0	0.506401	-0.315862
3791001	3792000	3791501	287.0	0.507302	-0.310827
3792001	3793000	3792501	330.0	0.508203	-0.109411
3793001	3794000	3793501	274.0	0.509104	-0.377701
3794001	3795000	3794501	319.0	0.510005	-0.158321
3795001	3796000	3795501	330.0	0.510906	-0.109411
3796001	3797000	3796501	276.0	0.511807	-0.367209
3797001	3798000	3797501	322.0	0.512708	-0.144817
3798001	3799000	3798501	328.0	0.513609	-0.118181
3799001	3800000	3799501	438.0	0.514510	0.299054
3800001	3801000	3800501	358.0	0.515411	0.008082
3801001	3802000	3801501	359.0	0.516313	0.012107
3802001	3803000	3802501	294.0	0.517214	-0.276061
3803001	3804000	3803501	417.0	0.518115	0.228170
3804001	3805000	3804501	442.0	0.519016	0.312169
3805001	3806000	3805501	358.0	0.519917	0.008082
3806001	3807000	3806501	339.0	0.520818	-0.070592
3807001	3808000	3807501	365.0	0.521719	0.036019
3808001	3809000	3808501	382.0	0.522620	0.101695
3809001	3810000	3809501	408.0	0.523521	0.196692
3810001	3811000	3810501	401.0	0.524422	0.171725
3811001	3812000	3811501	346.0	0.525323	-0.041105
3812001	3813000	3812501	325.0	0.526224	-0.131438
3813001	3814000	3813501	295.0	0.527125	-0.271162
3814001	3815000	3814501	300.0	0.528026	-0.246915
3815001	3816000	3815501	310.0	0.528927	-0.199609
3816001	3817000	3816501	315.0	0.529829	-0.176525
3817001	3818000	3817501	302.0	0.530730	-0.237329
3818001	3819000	3818501	407.0	0.531631	0.193152
3819001	3820000	3819501	358.0	0.532532	0.008082
3820001	3821000	3820501	384.0	0.533433	0.109229
3821001	3822000	3821501	407.0	0.534334	0.193152
3822001	3823000	3822501	400.0	0.535235	0.168123
3823001	3824000	3823501	347.0	0.536136	-0.036942
3824001	3825000	3824501	352.0	0.537037	-0.016302
3825001	3826000	3825501	323.0	0.537938	-0.140343
3826001	3827000	3826501	283.0	0.538839	-0.331075
3827001	3828000	3827501	283.0	0.539740	-0.331075
3828001	3829000	3828501	263.0	0.540641	-0.436814
3829001	3830000	3829501	380.0	0.541542	0.094122
3830001	3831000	3830501	368.0	0.542444	0.047829
3831001	3832000	3831501	305.0	0.543345	-0.223068
3832001	3833000	3832501	300.0	0.544246	-0.246915
3833001	3834000	3833501	308.0	0.545147	-0.208947
3834001	3835000	3834501	348.0	0.546048	-0.032790
3835001	3836000	3835501	376.0	0.546949	0.078855
3836001	3837000	3836501	313.0	0.547850	-0.185715
3837001	3838000	3837501	318.0	0.548751	-0.162850
3838001	3839000	3838501	342.0	0.549652	-0.057881
3839001	3840000	3839501	343.0	0.550553	-0.053669
3840001	3841000	3840501	354.0	0.551454	-0.008128
3841001	3842000	3841501	345.0	0.552355	-0.045281
3842001	3843000	3842501	340.0	0.553256	-0.066342
3843001	3844000	3843501	315.0	0.554157	-0.176525
3844001	3845000	3844501	262.0	0.555058	-0.442310
3845001	3846000	3845501	293.0	0.555960	-0.280977
3846001	3847000	3846501	268.0	0.556861	-0.409644
3847001	3848000	3847501	349.0	0.557762	-0.028650
3848001	3849000	3848501	325.0	0.558663	-0.131438
3849001	3850000	3849501	330.0	0.559564	-0.109411
3850001	3851000	3850501	381.0	0.560465	0.097914
3851001	3852000	3851501	333.0	0.561366	-0.096355
3852001	3853000	3852501	283.0	0.562267	-0.331075
3853001	3854000	3853501	355.0	0.563168	-0.004058
3854001	3855000	3854501	357.0	0.564069	0.004047
3855001	3856000	3855501	374.0	0.564970	0.071161
3856001	3857000	3856501	376.0	0.565871	0.078855
3857001	3858000	3857501	380.0	0.566772	0.094122
3858001	3859000	3858501	395.0	0.567673	0.149975
3859001	3860000	3859501	345.0	0.568574	-0.045281
3860001	3861000	3860501	344.0	0.569476	-0.049469
3861001	3862000	3861501	293.0	0.570377	-0.280977
3862001	3863000	3862501	303.0	0.571278	-0.232559
3863001	3864000	3863501	348.0	0.572179	-0.032790
3864001	3865000	3864501	325.0	0.573080	-0.131438
3865001	3866000	3865501	335.0	0.573981	-0.087716
3866001	3867000	3866501	324.0	0.574882	-0.135883
3867001	3868000	3867501	317.0	0.575783	-0.167394
3868001	3869000	3868501	338.0	0.576684	-0.074854
3869001	3870000	3869501	323.0	0.577585	-0.140343
3870001	3871000	3870501	339.0	0.578486	-0.070592
3871001	3872000	3871501	360.0	0.579387	0.016120
3872001	3873000	3872501	359.0	0.580288	0.012107
3873001	3874000	3873501	376.0	0.581189	0.078855
3874001	3875000	3874501	450.0	0.582091	0.338048
3875001	3876000	3875501	380.0	0.582992	0.094122
3876001	3877000	3876501	386.0	0.583893	0.116724
3877001	3878000	3877501	338.0	0.584794	-0.074854
3878001	3879000	3878501	410.0	0.585695	0.203747
3879001	3880000	3879501	362.0	0.586596	0.024112
3880001	3881000	3880501	398.0	0.587497	0.160891
3881001	3882000	3881501	447.0	0.588398	0.328398
3882001	3883000	3882501	342.0	0.589299	-0.057881
3883001	3884000	3883501	357.0	0.590200	0.004047
3884001	3885000	3884501	302.0	0.591101	-0.237329
3885001	3886000	3885501	434.0	0.592002	0.285818
3886001	3887000	3886501	381.0	0.592903	0.097914
3887001	3888000	3887501	344.0	0.593804	-0.049469
3888001	3889000	3888501	454.0	0.594705	0.350815
3889001	3890000	3889501	349.0	0.595607	-0.028650
3890001	3891000	3890501	319.0	0.596508	-0.158321
3891001	3892000	3891501	402.0	0.597409	0.175318
3892001	3893000	3892501	366.0	0.598310	0.039966
3893001	3894000	3893501	441.0	0.599211	0.308901
3894001	3895000	3894501	339.0	0.600112	-0.070592
3895001	3896000	3895501	368.0	0.601013	0.047829
3896001	3897000	3896501	350.0	0.601914	-0.024522
3897001	3898000	3897501	384.0	0.602815	0.109229
3898001	3899000	3898501	317.0	0.603716	-0.167394
3899001	3900000	3899501	492.0	0.604617	0.466781
3900001	3901000	3900501	400.0	0.605518	0.168123
3901001	3902000	3901501	439.0	0.606419	0.302344
3902001	3903000	3902501	373.0	0.607320	0.067298
3903001	3904000	3903501	370.0	0.608222	0.055648
3904001	3905000	3904501	442.0	0.609123	0.312169
3905001	3906000	3905501	405.0	0.610024	0.186045
3906001	3907000	3906501	367.0	0.610925	0.043903
3907001	3908000	3907501	347.0	0.611826	-0.036942
3908001	3909000	3908501	399.0	0.612727	0.164512
3909001	3910000	3909501	405.0	0.613628	0.186045
3910001	3911000	3910501	355.0	0.614529	-0.004058
3911001	3912000	3911501	274.0	0.615430	-0.377701
3912001	3913000	3912501	373.0	0.616331	0.067298
3913001	3914000	3913501	362.0	0.617232	0.024112
3914001	3915000	3914501	421.0	0.618133	0.241943
3915001	3916000	3915501	343.0	0.619034	-0.053669
3916001	3917000	3916501	348.0	0.619935	-0.032790
3917001	3918000	3917501	374.0	0.620836	0.071161
3918001	3919000	3918501	420.0	0.621738	0.238512
3919001	3920000	3919501	377.0	0.622639	0.082687
3920001	3921000	3920501	408.0	0.623540	0.196692
3921001	3922000	3921501	385.0	0.624441	0.112981
3922001	3923000	3922501	369.0	0.625342	0.051744
3923001	3924000	3923501	289.0	0.626243	-0.300808
3924001	3925000	3924501	250.0	0.627144	-0.509949
3925001	3926000	3925501	355.0	0.628045	-0.004058
3926001	3927000	3926501	367.0	0.628946	0.043903
3927001	3928000	3927501	294.0	0.629847	-0.276061
3928001	3929000	3928501	301.0	0.630748	-0.242114
3929001	3930000	3929501	287.0	0.631649	-0.310827
3930001	3931000	3930501	375.0	0.632550	0.075013
3931001	3932000	3931501	333.0	0.633451	-0.096355
3932001	3933000	3932501	359.0	0.634353	0.012107
3933001	3934000	3933501	308.0	0.635254	-0.208947
3934001	3935000	3934501	300.0	0.636155	-0.246915
3935001	3936000	3935501	288.0	0.637056	-0.305808
3936001	3937000	3936501	258.0	0.637957	-0.464506
3937001	3938000	3937501	231.0	0.638858	-0.623984
3938001	3939000	3938501	329.0	0.639759	-0.113790
3939001	3940000	3939501	385.0	0.640660	0.112981
3940001	3941000	3940501	415.0	0.641561	0.221234
3941001	3942000	3941501	457.0	0.642462	0.360317
3942001	3943000	3942501	363.0	0.643363	0.028092
3943001	3944000	3943501	419.0	0.644264	0.235073
3944001	3945000	3944501	385.0	0.645165	0.112981
3945001	3946000	3945501	380.0	0.646066	0.094122
3946001	3947000	3946501	316.0	0.646967	-0.171953
3947001	3948000	3947501	381.0	0.647869	0.097914
3948001	3949000	3948501	351.0	0.648770	-0.020406
3949001	3950000	3949501	347.0	0.649671	-0.036942
3950001	3951000	3950501	407.0	0.650572	0.193152
3951001	3952000	3951501	512.0	0.651473	0.524267
3952001	3953000	3952501	430.0	0.652374	0.272459
3953001	3954000	3953501	343.0	0.653275	-0.053669
3954001	3955000	3954501	512.0	0.654176	0.524267
3955001	3956000	3955501	423.0	0.655077	0.248780
3956001	3957000	3956501	387.0	0.655978	0.120456
3957001	3958000	3957501	355.0	0.656879	-0.004058
3958001	3959000	3958501	423.0	0.657780	0.248780
3959001	3960000	3959501	411.0	0.658681	0.207261
3960001	3961000	3960501	384.0	0.659582	0.109229
3961001	3962000	3961501	471.0	0.660484	0.403850
3962001	3963000	3962501	319.0	0.661385	-0.158321
3963001	3964000	3963501	397.0	0.662286	0.157262
3964001	3965000	3964501	401.0	0.663187	0.171725
3965001	3966000	3965501	351.0	0.664088	-0.020406
3966001	3967000	3966501	435.0	0.664989	0.289138
3967001	3968000	3967501	379.0	0.665890	0.090321
3968001	3969000	3968501	322.0	0.666791	-0.144817
3969001	3970000	3969501	304.0	0.667692	-0.227806
3970001	3971000	3970501	327.0	0.668593	-0.122587
3971001	3972000	3971501	368.0	0.669494	0.047829
3972001	3973000	3972501	410.0	0.670395	0.203747
3973001	3974000	3973501	400.0	0.671296	0.168123
3974001	3975000	3974501	366.0	0.672197	0.039966
3975001	3976000	3975501	486.0	0.673098	0.449079
3976001	3977000	3976501	386.0	0.674000	0.116724
3977001	3978000	3977501	407.0	0.674901	0.193152
3978001	3979000	3978501	410.0	0.675802	0.203747
3979001	3980000	3979501	330.0	0.676703	-0.109411
3980001	3981000	3980501	367.0	0.677604	0.043903
3981001	3982000	3981501	368.0	0.678505	0.047829
3982001	3983000	3982501	313.0	0.679406	-0.185715
3983001	3984000	3983501	360.0	0.680307	0.016120
3984001	3985000	3984501	314.0	0.681208	-0.181113
3985001	3986000	3985501	290.0	0.682109	-0.295824
3986001	3987000	3986501	334.0	0.683010	-0.092029
3987001	3988000	3987501	327.0	0.683911	-0.122587
3988001	3989000	3988501	374.0	0.684812	0.071161
3989001	3990000	3989501	341.0	0.685713	-0.062106
3990001	3991000	3990501	399.0	0.686615	0.164512
3991001	3992000	3991501	344.0	0.687516	-0.049469
3992001	3993000	3992501	341.0	0.688417	-0.062106
3993001	3994000	3993501	410.0	0.689318	0.203747
3994001	3995000	3994501	333.0	0.690219	-0.096355
3995001	3996000	3995501	308.0	0.691120	-0.208947
3996001	3997000	3996501	295.0	0.692021	-0.271162
3997001	3998000	3997501	338.0	0.692922	-0.074854
3998001	3999000	3998501	398.0	0.693823	0.160891
3999001	4000000	3999501	366.0	0.694724	0.039966
4000001	4001000	4000501	370.0	0.695625	0.055648
4001001	4002000	4001501	371.0	0.696526	0.059542
4002001	4003000	4002501	329.0	0.697427	-0.113790
4003001	4004000	4003501	323.0	0.698328	-0.140343
4004001	4005000	4004501	346.0	0.699229	-0.041105
4005001	4006000	4005501	330.0	0.700131	-0.109411
4006001	4007000	4006501	371.0	0.701032	0.059542
4007001	4008000	4007501	308.0	0.701933	-0.208947
4008001	4009000	4008501	371.0	0.702834	0.059542
4009001	4010000	4009501	411.0	0.703735	0.207261
4010001	4011000	4010501	299.0	0.704636	-0.251732
4011001	4012000	4011501	352.0	0.705537	-0.016302
4012001	4013000	4012501	394.0	0.706438	0.146318
4013001	4014000	4013501	419.0	0.707339	0.235073
4014001	4015000	4014501	318.0	0.708240	-0.162850
4015001	4016000	4015501	384.0	0.709141	0.109229
4016001	4017000	4016501	350.0	0.710042	-0.024522
4017001	4018000	4017501	398.0	0.710943	0.160891
4018001	4019000	4018501	379.0	0.711844	0.090321
4019001	4020000	4019501	374.0	0.712746	0.071161
4020001	4021000	4020501	350.0	0.713647	-0.024522
4021001	4022000	4021501	378.0	0.714548	0.086509
4022001	4023000	4022501	344.0	0.715449	-0.049469
4023001	4024000	4023501	363.0	0.716350	0.028092
4024001	4025000	4024501	347.0	0.717251	-0.036942
4025001	4026000	4025501	310.0	0.718152	-0.199609
4026001	4027000	4026501	303.0	0.719053	-0.232559
4027001	4028000	4027501	367.0	0.719954	0.043903
4028001	4029000	4028501	341.0	0.720855	-0.062106
4029001	4030000	4029501	385.0	0.721756	0.112981
4030001	4031000	4030501	407.0	0.722657	0.193152
4031001	4032000	4031501	287.0	0.723558	-0.310827
4032001	4033000	4032501	296.0	0.724459	-0.266280
4033001	4034000	4033501	281.0	0.725360	-0.341307
4034001	4035000	4034501	285.0	0.726262	-0.320915
4035001	4036000	4035501	293.0	0.727163	-0.280977
4036001	4037000	4036501	272.0	0.728064	-0.388271
4037001	4038000	4037501	321.0	0.728965	-0.149304
4038001	4039000	4038501	305.0	0.729866	-0.223068
4039001	4040000	4039501	387.0	0.730767	0.120456
4040001	4041000	4040501	356.0	0.731668	0.000000
4041001	4042000	4041501	498.0	0.732569	0.484269
4042001	4043000	4042501	374.0	0.733470	0.071161
4043001	4044000	4043501	325.0	0.734371	-0.131438
4044001	4045000	4044501	397.0	0.735272	0.157262
4045001	4046000	4045501	310.0	0.736173	-0.199609
4046001	4047000	4046501	326.0	0.737074	-0.127005
4047001	4048000	4047501	292.0	0.737975	-0.285909
4048001	4049000	4048501	388.0	0.738877	0.124179
4049001	4050000	4049501	370.0	0.739778	0.055648
4050001	4051000	4050501	341.0	0.740679	-0.062106
4051001	4052000	4051501	374.0	0.741580	0.071161
4052001	4053000	4052501	370.0	0.742481	0.055648
4053001	4054000	4053501	386.0	0.743382	0.116724
4054001	4055000	4054501	412.0	0.744283	0.210767
4055001	4056000	4055501	398.0	0.745184	0.160891
4056001	4057000	4056501	336.0	0.746085	-0.083416
4057001	4058000	4057501	346.0	0.746986	-0.041105
4058001	4059000	4058501	348.0	0.747887	-0.032790
4059001	4060000	4059501	289.0	0.748788	-0.300808
4060001	4061000	4060501	333.0	0.749689	-0.096355
4061001	4062000	4061501	350.0	0.750590	-0.024522
4062001	4063000	4062501	325.0	0.751491	-0.131438
4063001	4064000	4063501	376.0	0.752393	0.078855
4064001	4065000	4064501	312.0	0.753294	-0.190331
4065001	4066000	4065501	351.0	0.754195	-0.020406
4066001	4067000	4066501	311.0	0.755096	-0.194963
4067001	4068000	4067501	367.0	0.755997	0.043903
4068001	4069000	4068501	363.0	0.756898	0.028092
4069001	4070000	4069501	354.0	0.757799	-0.008128
4070001	4071000	4070501	427.0	0.758700	0.262359
4071001	4072000	4071501	376.0	0.759601	0.078855
4072001	4073000	4072501	404.0	0.760502	0.182478
4073001	4074000	4073501	371.0	0.761403	0.059542
4074001	4075000	4074501	376.0	0.762304	0.078855
4075001	4076000	4075501	375.0	0.763205	0.075013
4076001	4077000	4076501	292.0	0.764106	-0.285909
4077001	4078000	4077501	328.0	0.765008	-0.118181
4078001	4079000	4078501	360.0	0.765909	0.016120
4079001	4080000	4079501	394.0	0.766810	0.146318
4080001	4081000	4080501	370.0	0.767711	0.055648
4081001	4082000	4081501	353.0	0.768612	-0.012209
4082001	4083000	4082501	303.0	0.769513	-0.232559
4083001	4084000	4083501	345.0	0.770414	-0.045281
4084001	4085000	4084501	353.0	0.771315	-0.012209
4085001	4086000	4085501	377.0	0.772216	0.082687
4086001	4087000	4086501	345.0	0.773117	-0.045281
4087001	4088000	4087501	341.0	0.774018	-0.062106
4088001	4089000	4088501	361.0	0.774919	0.020122
4089001	4090000	4089501	359.0	0.775820	0.012107
4090001	4091000	4090501	347.0	0.776721	-0.036942
4091001	4092000	4091501	337.0	0.777622	-0.079129
4092001	4093000	4092501	399.0	0.778524	0.164512
4093001	4094000	4093501	357.0	0.779425	0.004047
4094001	4095000	4094501	392.0	0.780326	0.138976
4095001	4096000	4095501	371.0	0.781227	0.059542
4096001	4097000	4096501	377.0	0.782128	0.082687
4097001	4098000	4097501	349.0	0.783029	-0.028650
4098001	4099000	4098501	335.0	0.783930	-0.087716
4099001	4100000	4099501	354.0	0.784831	-0.008128
4100001	4101000	4100501	426.0	0.785732	0.258976
4101001	4102000	4101501	344.0	0.786633	-0.049469
4102001	4103000	4102501	323.0	0.787534	-0.140343
4103001	4104000	4103501	297.0	0.788435	-0.261414
4104001	4105000	4104501	399.0	0.789336	0.164512
4105001	4106000	4105501	368.0	0.790237	0.047829
4106001	4107000	4106501	306.0	0.791139	-0.218346
4107001	4108000	4107501	331.0	0.792040	-0.105046
4108001	4109000	4108501	279.0	0.792941	-0.351612
4109001	4110000	4109501	300.0	0.793842	-0.246915
4110001	4111000	4110501	298.0	0.794743	-0.256565
4111001	4112000	4111501	332.0	0.795644	-0.100694
4112001	4113000	4112501	405.0	0.796545	0.186045
4113001	4114000	4113501	329.0	0.797446	-0.113790
4114001	4115000	4114501	341.0	0.798347	-0.062106
4115001	4116000	4115501	437.0	0.799248	0.295756
4116001	4117000	4116501	382.0	0.800149	0.101695
4117001	4118000	4117501	412.0	0.801050	0.210767
4118001	4119000	4118501	342.0	0.801951	-0.057881
4119001	4120000	4119501	379.0	0.802852	0.090321
4120001	4121000	4120501	404.0	0.803753	0.182478
4121001	4122000	4121501	382.0	0.804655	0.101695
4122001	4123000	4122501	353.0	0.805556	-0.012209
4123001	4124000	4123501	429.0	0.806457	0.269100
4124001	4125000	4124501	386.0	0.807358	0.116724
4125001	4126000	4125501	400.0	0.808259	0.168123
4126001	4127000	4126501	385.0	0.809160	0.112981
4127001	4128000	4127501	363.0	0.810061	0.028092
4128001	4129000	4128501	379.0	0.810962	0.090321
4129001	4130000	4129501	393.0	0.811863	0.142652
4130001	4131000	4130501	369.0	0.812764	0.051744
4131001	4132000	4131501	413.0	0.813665	0.214265
4132001	4133000	4132501	423.0	0.814566	0.248780
4133001	4134000	4133501	323.0	0.815467	-0.140343
4134001	4135000	4134501	324.0	0.816368	-0.135883
4135001	4136000	4135501	396.0	0.817270	0.153623
4136001	4137000	4136501	338.0	0.818171	-0.074854
4137001	4138000	4137501	320.0	0.819072	-0.153805
4138001	4139000	4138501	342.0	0.819973	-0.057881
4139001	4140000	4139501	339.0	0.820874	-0.070592
4140001	4141000	4140501	314.0	0.821775	-0.181113
4141001	4142000	4141501	366.0	0.822676	0.039966
4142001	4143000	4142501	380.0	0.823577	0.094122
4143001	4144000	4143501	344.0	0.824478	-0.049469
4144001	4145000	4144501	309.0	0.825379	-0.204270
4145001	4146000	4145501	374.0	0.826280	0.071161
4146001	4147000	4146501	368.0	0.827181	0.047829
4147001	4148000	4147501	379.0	0.828082	0.090321
4148001	4149000	4148501	370.0	0.828983	0.055648
4149001	4150000	4149501	367.0	0.829884	0.043903
4150001	4151000	4150501	486.0	0.830786	0.449079
4151001	4152000	4151501	358.0	0.831687	0.008082
4152001	4153000	4152501	328.0	0.832588	-0.118181
4153001	4154000	4153501	390.0	0.833489	0.131597
4154001	4155000	4154501	380.0	0.834390	0.094122
4155001	4156000	4155501	446.0	0.835291	0.325166
4156001	4157000	4156501	335.0	0.836192	-0.087716
4157001	4158000	4157501	296.0	0.837093	-0.266280
4158001	4159000	4158501	395.0	0.837994	0.149975
4159001	4160000	4159501	400.0	0.838895	0.168123
4160001	4161000	4160501	328.0	0.839796	-0.118181
4161001	4162000	4161501	395.0	0.840697	0.149975
4162001	4163000	4162501	363.0	0.841598	0.028092
4163001	4164000	4163501	317.0	0.842499	-0.167394
4164001	4165000	4164501	373.0	0.843401	0.067298
4165001	4166000	4165501	355.0	0.844302	-0.004058
4166001	4167000	4166501	385.0	0.845203	0.112981
4167001	4168000	4167501	415.0	0.846104	0.221234
4168001	4169000	4168501	382.0	0.847005	0.101695
4169001	4170000	4169501	321.0	0.847906	-0.149304
4170001	4171000	4170501	301.0	0.848807	-0.242114
4171001	4172000	4171501	369.0	0.849708	0.051744
4172001	4173000	4172501	452.0	0.850609	0.344446
4173001	4174000	4173501	392.0	0.851510	0.138976
4174001	4175000	4174501	409.0	0.852411	0.200224
4175001	4176000	4175501	419.0	0.853312	0.235073
4176001	4177000	4176501	354.0	0.854213	-0.008128
4177001	4178000	4177501	392.0	0.855114	0.138976
4178001	4179000	4178501	369.0	0.856015	0.051744
4179001	4180000	4179501	374.0	0.856917	0.071161
4180001	4181000	4180501	390.0	0.857818	0.131597
4181001	4182000	4181501	295.0	0.858719	-0.271162
4182001	4183000	4182501	341.0	0.859620	-0.062106
4183001	4184000	4183501	372.0	0.860521	0.063425
4184001	4185000	4184501	380.0	0.861422	0.094122
4185001	4186000	4185501	447.0	0.862323	0.328398
4186001	4187000	4186501	432.0	0.863224	0.279154
4187001	4188000	4187501	364.0	0.864125	0.032061
4188001	4189000	4188501	376.0	0.865026	0.078855
4189001	4190000	4189501	278.0	0.865927	-0.356792
4190001	4191000	4190501	291.0	0.866828	-0.290858
4191001	4192000	4191501	367.0	0.867729	0.043903
4192001	4193000	4192501	463.0	0.868630	0.379135
4193001	4194000	4193501	369.0	0.869532	0.051744
4194001	4195000	4194501	440.0	0.870433	0.305626
4195001	4196000	4195501	367.0	0.871334	0.043903
4196001	4197000	4196501	308.0	0.872235	-0.208947
4197001	4198000	4197501	348.0	0.873136	-0.032790
4198001	4199000	4198501	375.0	0.874037	0.075013
4199001	4200000	4199501	370.0	0.874938	0.055648
4200001	4201000	4200501	297.0	0.875839	-0.261414
4201001	4202000	4201501	378.0	0.876740	0.086509
4202001	4203000	4202501	400.0	0.877641	0.168123
4203001	4204000	4203501	404.0	0.878542	0.182478
4204001	4205000	4204501	380.0	0.879443	0.094122
4205001	4206000	4205501	359.0	0.880344	0.012107
4206001	4207000	4206501	410.0	0.881245	0.203747
4207001	4208000	4207501	331.0	0.882146	-0.105046
4208001	4209000	4208501	456.0	0.883048	0.357157
4209001	4210000	4209501	404.0	0.883949	0.182478
4210001	4211000	4210501	461.0	0.884850	0.372890
4211001	4212000	4211501	386.0	0.885751	0.116724
4212001	4213000	4212501	391.0	0.886652	0.135291
4213001	4214000	4213501	399.0	0.887553	0.164512
4214001	4215000	4214501	373.0	0.888454	0.067298
4215001	4216000	4215501	358.0	0.889355	0.008082
4216001	4217000	4216501	402.0	0.890256	0.175318
4217001	4218000	4217501	356.0	0.891157	0.000000
4218001	4219000	4218501	342.0	0.892058	-0.057881
4219001	4220000	4219501	303.0	0.892959	-0.232559
4220001	4221000	4220501	366.0	0.893860	0.039966
4221001	4222000	4221501	353.0	0.894761	-0.012209
4222001	4223000	4222501	380.0	0.895663	0.094122
4223001	4224000	4223501	429.0	0.896564	0.269100
4224001	4225000	4224501	399.0	0.897465	0.164512
4225001	4226000	4225501	343.0	0.898366	-0.053669
4226001	4227000	4226501	410.0	0.899267	0.203747
4227001	4228000	4227501	448.0	0.900168	0.331621
4228001	4229000	4228501	317.0	0.901069	-0.167394
4229001	4230000	4229501	326.0	0.901970	-0.127005
4230001	4231000	4230501	313.0	0.902871	-0.185715
4231001	4232000	4231501	297.0	0.903772	-0.261414
4232001	4233000	4232501	316.0	0.904673	-0.171953
4233001	4234000	4233501	366.0	0.905574	0.039966
4234001	4235000	4234501	336.0	0.906475	-0.083416
4235001	4236000	4235501	369.0	0.907376	0.051744
4236001	4237000	4236501	338.0	0.908277	-0.074854
4237001	4238000	4237501	383.0	0.909179	0.105467
4238001	4239000	4238501	334.0	0.910080	-0.092029
4239001	4240000	4239501	314.0	0.910981	-0.181113
4240001	4241000	4240501	421.0	0.911882	0.241943
4241001	4242000	4241501	299.0	0.912783	-0.251732
4242001	4243000	4242501	346.0	0.913684	-0.041105
4243001	4244000	4243501	374.0	0.914585	0.071161
4244001	4245000	4244501	344.0	0.915486	-0.049469
4245001	4246000	4245501	326.0	0.916387	-0.127005
4246001	4247000	4246501	385.0	0.917288	0.112981
4247001	4248000	4247501	361.0	0.918189	0.020122
4248001	4249000	4248501	361.0	0.919090	0.020122
4249001	4250000	4249501	364.0	0.919991	0.032061
4250001	4251000	4250501	327.0	0.920892	-0.122587
4251001	4252000	4251501	371.0	0.921794	0.059542
4252001	4253000	4252501	385.0	0.922695	0.112981
4253001	4254000	4253501	392.0	0.923596	0.138976
4254001	4255000	4254501	429.0	0.924497	0.269100
4255001	4256000	4255501	406.0	0.925398	0.189602
4256001	4257000	4256501	408.0	0.926299	0.196692
4257001	4258000	4257501	351.0	0.927200	-0.020406
4258001	4259000	4258501	338.0	0.928101	-0.074854
4259001	4260000	4259501	425.0	0.929002	0.255586
4260001	4261000	4260501	340.0	0.929903	-0.066342
4261001	4262000	4261501	342.0	0.930804	-0.057881
4262001	4263000	4262501	304.0	0.931705	-0.227806
4263001	4264000	4263501	328.0	0.932606	-0.118181
4264001	4265000	4264501	345.0	0.933507	-0.045281
4265001	4266000	4265501	392.0	0.934408	0.138976
4266001	4267000	4266501	340.0	0.935310	-0.066342
4267001	4268000	4267501	394.0	0.936211	0.146318
4268001	4269000	4268501	256.0	0.937112	-0.475733
4269001	4270000	4269501	244.0	0.938013	-0.544996
4270001	4271000	4270501	252.0	0.938914	-0.498454
4271001	4272000	4271501	366.0	0.939815	0.039966
4272001	4273000	4272501	343.0	0.940716	-0.053669
4273001	4274000	4273501	327.0	0.941617	-0.122587
4274001	4275000	4274501	436.0	0.942518	0.292451
4275001	4276000	4275501	458.0	0.943419	0.363470
4276001	4277000	4276501	358.0	0.944320	0.008082
4277001	4278000	4277501	376.0	0.945221	0.078855
4278001	4279000	4278501	288.0	0.946122	-0.305808
4279001	4280000	4279501	376.0	0.947023	0.078855
4280001	4281000	4280501	298.0	0.947925	-0.256565
4281001	4282000	4281501	326.0	0.948826	-0.127005
4282001	4283000	4282501	365.0	0.949727	0.036019
4283001	4284000	4283501	320.0	0.950628	-0.153805
4284001	4285000	4284501	402.0	0.951529	0.175318
4285001	4286000	4285501	327.0	0.952430	-0.122587
4286001	4287000	4286501	293.0	0.953331	-0.280977
4287001	4288000	4287501	324.0	0.954232	-0.135883
4288001	4289000	4288501	376.0	0.955133	0.078855
4289001	4290000	4289501	343.0	0.956034	-0.053669
4290001	4291000	4290501	394.0	0.956935	0.146318
4291001	4292000	4291501	360.0	0.957836	0.016120
4292001	4293000	4292501	527.0	0.958737	0.565926
4293001	4294000	4293501	358.0	0.959638	0.008082
4294001	4295000	4294501	350.0	0.960539	-0.024522
4295001	4296000	4295501	404.0	0.961441	0.182478
4296001	4297000	4296501	331.0	0.962342	-0.105046
4297001	4298000	4297501	272.0	0.963243	-0.388271
4298001	4299000	4298501	318.0	0.964144	-0.162850
4299001	4300000	4299501	337.0	0.965045	-0.079129
4300001	4301000	4300501	314.0	0.965946	-0.181113
4301001	4302000	4301501	343.0	0.966847	-0.053669
4302001	4303000	4302501	366.0	0.967748	0.039966
4303001	4304000	4303501	353.0	0.968649	-0.012209
4304001	4305000	4304501	425.0	0.969550	0.255586
4305001	4306000	4305501	335.0	0.970451	-0.087716
4306001	4307000	4306501	355.0	0.971352	-0.004058
4307001	4308000	4307501	391.0	0.972253	0.135291
4308001	4309000	4308501	313.0	0.973154	-0.185715
4309001	4310000	4309501	297.0	0.974056	-0.261414
4310001	4311000	4310501	355.0	0.974957	-0.004058
4311001	4312000	4311501	416.0	0.975858	0.224706
4312001	4313000	4312501	337.0	0.976759	-0.079129
4313001	4314000	4313501	309.0	0.977660	-0.204270
4314001	4315000	4314501	361.0	0.978561	0.020122
4315001	4316000	4315501	299.0	0.979462	-0.251732
4316001	4317000	4316501	361.0	0.980363	0.020122
4317001	4318000	4317501	287.0	0.981264	-0.310827
4318001	4319000	4318501	385.0	0.982165	0.112981
4319001	4320000	4319501	405.0	0.983066	0.186045
4320001	4321000	4320501	353.0	0.983967	-0.012209
4321001	4322000	4321501	373.0	0.984868	0.067298
4322001	4323000	4322501	404.0	0.985769	0.182478
4323001	4324000	4323501	353.0	0.986670	-0.012209
4324001	4325000	4324501	427.0	0.987572	0.262359
4325001	4326000	4325501	407.0	0.988473	0.193152
4326001	4327000	4326501	612.0	0.989374	0.781654
4327001	4328000	4327501	379.0	0.990275	0.090321
4328001	4329000	4328501	373.0	0.991176	0.067298
4329001	4330000	4329501	434.0	0.992077	0.285818
4330001	4331000	4330501	425.0	0.992978	0.255586
4331001	4332000	4331501	440.0	0.993879	0.305626
4332001	4333000	4332501	372.0	0.994780	0.063425
4333001	4334000	4333501	516.0	0.995681	0.535494
4334001	4335000	4334501	468.0	0.996582	0.394631
