window_start	window_end	window_mid	raw_count	norm_position	log2_ratio
1	1000	501	212.0	-0.736085	0.188762
1001	2000	1501	200.0	-0.735606	0.104697
2001	3000	2501	195.0	-0.735128	0.068172
3001	4000	3501	266.0	-0.734650	0.516124
4001	5000	4501	169.0	-0.734172	-0.138279
5001	6000	5501	130.0	-0.733693	-0.516791
6001	7000	6501	151.0	-0.733215	-0.300754
7001	8000	7501	223.0	-0.732737	0.261741
8001	9000	8501	188.0	-0.732258	0.015430
9001	10000	9501	187.0	-0.731780	0.007736
10001	11000	10501	172.0	-0.731302	-0.112894
11001	12000	11501	161.0	-0.730824	-0.208242
12001	13000	12501	154.0	-0.730345	-0.272372
13001	14000	13501	191.0	-0.729867	0.038270
14001	15000	14501	141.0	-0.729389	-0.399607
15001	16000	15501	217.0	-0.728910	0.222392
16001	17000	16501	173.0	-0.728432	-0.104531
17001	18000	17501	190.0	-0.727954	0.030697
18001	19000	18501	185.0	-0.727476	-0.007777
19001	20000	19501	216.0	-0.726997	0.215729
20001	21000	20501	195.0	-0.726519	0.068172
21001	22000	21501	174.0	-0.726041	-0.096215
22001	23000	22501	203.0	-0.725562	0.126177
23001	24000	23501	253.0	-0.725084	0.443835
24001	25000	24501	181.0	-0.724606	-0.039313
25001	26000	25501	186.0	-0.724128	0.000000
26001	27000	26501	164.0	-0.723649	-0.181607
27001	28000	27501	174.0	-0.723171	-0.096215
28001	29000	28501	203.0	-0.722693	0.126177
29001	30000	29501	234.0	-0.722214	0.331206
30001	31000	30501	177.0	-0.721736	-0.071553
31001	32000	31501	194.0	-0.721258	0.060754
32001	33000	32501	198.0	-0.720779	0.090198
33001	34000	33501	189.0	-0.720301	0.023084
34001	35000	34501	172.0	-0.719823	-0.112894
35001	36000	35501	214.0	-0.719345	0.202308
36001	37000	36501	223.0	-0.718866	0.261741
37001	38000	37501	135.0	-0.718388	-0.462343
38001	39000	38501	190.0	-0.717910	0.030697
39001	40000	39501	198.0	-0.717431	0.090198
40001	41000	40501	214.0	-0.716953	0.202308
41001	42000	41501	177.0	-0.716475	-0.071553
42001	43000	42501	203.0	-0.715997	0.126177
43001	44000	43501	161.0	-0.715518	-0.208242
44001	45000	44501	133.0	-0.715040	-0.483876
45001	46000	45501	199.0	-0.714562	0.097466
46001	47000	46501	177.0	-0.714083	-0.071553
47001	48000	47501	135.0	-0.713605	-0.462343
48001	49000	48501	194.0	-0.713127	0.060754
49001	50000	49501	199.0	-0.712649	0.097466
50001	51000	50501	150.0	-0.712170	-0.310340
51001	52000	51501	141.0	-0.711692	-0.399607
52001	53000	52501	195.0	-0.711214	0.068172
53001	54000	53501	232.0	-0.710735	0.318822
54001	55000	54501	178.0	-0.710257	-0.063425
55001	56000	55501	164.0	-0.709779	-0.181607
56001	57000	56501	177.0	-0.709301	-0.071553
57001	58000	57501	190.0	-0.708822	0.030697
58001	59000	58501	152.0	-0.708344	-0.291231
59001	60000	59501	245.0	-0.707866	0.397479
60001	61000	60501	198.0	-0.707387	0.090198
61001	62000	61501	240.0	-0.706909	0.367732
62001	63000	62501	175.0	-0.706431	-0.087948
63001	64000	63501	209.0	-0.705953	0.168200
64001	65000	64501	195.0	-0.705474	0.068172
65001	66000	65501	204.0	-0.704996	0.133267
66001	67000	66501	196.0	-0.704518	0.075551
67001	68000	67501	213.0	-0.704039	0.195551
68001	69000	68501	222.0	-0.703561	0.255257
69001	70000	69501	195.0	-0.703083	0.068172
70001	71000	70501	196.0	-0.702605	0.075551
71001	72000	71501	164.0	-0.702126	-0.181607
72001	73000	72501	215.0	-0.701648	0.209034
73001	74000	73501	149.0	-0.701170	-0.319990
74001	75000	74501	178.0	-0.700691	-0.063425
75001	76000	75501	186.0	-0.700213	0.000000
76001	77000	76501	217.0	-0.699735	0.222392
77001	78000	77501	182.0	-0.699257	-0.031364
78001	79000	78501	173.0	-0.698778	-0.104531
79001	80000	79501	172.0	-0.698300	-0.112894
80001	81000	80501	175.0	-0.697822	-0.087948
81001	82000	81501	169.0	-0.697343	-0.138279
82001	83000	82501	159.0	-0.696865	-0.226276
83001	84000	83501	172.0	-0.696387	-0.112894
84001	85000	84501	166.0	-0.695909	-0.164119
85001	86000	85501	146.0	-0.695430	-0.349334
86001	87000	86501	162.0	-0.694952	-0.199309
87001	88000	87501	135.0	-0.694474	-0.462343
88001	89000	88501	184.0	-0.693995	-0.015597
89001	90000	89501	188.0	-0.693517	0.015430
90001	91000	90501	214.0	-0.693039	0.202308
91001	92000	91501	200.0	-0.692561	0.104697
92001	93000	92501	200.0	-0.692082	0.104697
93001	94000	93501	213.0	-0.691604	0.195551
94001	95000	94501	170.0	-0.691126	-0.129768
95001	96000	95501	188.0	-0.690647	0.015430
96001	97000	96501	242.0	-0.690169	0.379704
97001	98000	97501	204.0	-0.689691	0.133267
98001	99000	98501	169.0	-0.689213	-0.138279
99001	100000	99501	214.0	-0.688734	0.202308
100001	101000	100501	263.0	-0.688256	0.499760
101001	102000	101501	203.0	-0.687778	0.126177
102001	103000	102501	163.0	-0.687299	-0.190431
103001	104000	103501	188.0	-0.686821	0.015430
104001	105000	104501	193.0	-0.686343	0.053298
105001	106000	105501	209.0	-0.685864	0.168200
106001	107000	106501	175.0	-0.685386	-0.087948
107001	108000	107501	178.0	-0.684908	-0.063425
108001	109000	108501	208.0	-0.684430	0.161281
109001	110000	109501	177.0	-0.683951	-0.071553
110001	111000	110501	198.0	-0.683473	0.090198
111001	112000	111501	196.0	-0.682995	0.075551
112001	113000	112501	169.0	-0.682516	-0.138279
113001	114000	113501	129.0	-0.682038	-0.527932
114001	115000	114501	161.0	-0.681560	-0.208242
115001	116000	115501	183.0	-0.681082	-0.023459
116001	117000	116501	196.0	-0.680603	0.075551
117001	118000	117501	176.0	-0.680125	-0.079727
118001	119000	118501	210.0	-0.679647	0.175087
119001	120000	119501	268.0	-0.679168	0.526930
120001	121000	120501	238.0	-0.678690	0.355659
121001	122000	121501	237.0	-0.678212	0.349584
122001	123000	122501	198.0	-0.677734	0.090198
123001	124000	123501	169.0	-0.677255	-0.138279
124001	125000	124501	197.0	-0.676777	0.082893
125001	126000	125501	188.0	-0.676299	0.015430
126001	127000	126501	228.0	-0.675820	0.293731
127001	128000	127501	216.0	-0.675342	0.215729
128001	129000	128501	199.0	-0.674864	0.097466
129001	130000	129501	202.0	-0.674386	0.119053
130001	131000	130501	216.0	-0.673907	0.215729
131001	132000	131501	209.0	-0.673429	0.168200
132001	133000	132501	210.0	-0.672951	0.175087
133001	134000	133501	149.0	-0.672472	-0.319990
134001	135000	134501	177.0	-0.671994	-0.071553
135001	136000	135501	276.0	-0.671516	0.569366
136001	137000	136501	188.0	-0.671038	0.015430
137001	138000	137501	187.0	-0.670559	0.007736
138001	139000	138501	165.0	-0.670081	-0.172837
139001	140000	139501	183.0	-0.669603	-0.023459
140001	141000	140501	207.0	-0.669124	0.154328
141001	142000	141501	206.0	-0.668646	0.147342
142001	143000	142501	214.0	-0.668168	0.202308
143001	144000	143501	215.0	-0.667690	0.209034
144001	145000	144501	227.0	-0.667211	0.287390
145001	146000	145501	206.0	-0.666733	0.147342
146001	147000	146501	186.0	-0.666255	0.000000
147001	148000	147501	200.0	-0.665776	0.104697
148001	149000	148501	176.0	-0.665298	-0.079727
149001	150000	149501	172.0	-0.664820	-0.112894
150001	151000	150501	163.0	-0.664342	-0.190431
151001	152000	151501	199.0	-0.663863	0.097466
152001	153000	152501	164.0	-0.663385	-0.181607
153001	154000	153501	232.0	-0.662907	0.318822
154001	155000	154501	224.0	-0.662428	0.268196
155001	156000	155501	177.0	-0.661950	-0.071553
156001	157000	156501	178.0	-0.661472	-0.063425
157001	158000	157501	233.0	-0.660994	0.325027
158001	159000	158501	262.0	-0.660515	0.494264
159001	160000	159501	165.0	-0.660037	-0.172837
160001	161000	160501	164.0	-0.659559	-0.181607
161001	162000	161501	197.0	-0.659080	0.082893
162001	163000	162501	209.0	-0.658602	0.168200
163001	164000	163501	236.0	-0.658124	0.343484
164001	165000	164501	168.0	-0.657646	-0.146841
165001	166000	165501	133.0	-0.657167	-0.483876
166001	167000	166501	198.0	-0.656689	0.090198
167001	168000	167501	200.0	-0.656211	0.104697
168001	169000	168501	228.0	-0.655732	0.293731
169001	170000	169501	182.0	-0.655254	-0.031364
170001	171000	170501	183.0	-0.654776	-0.023459
171001	172000	171501	225.0	-0.654298	0.274622
172001	173000	172501	182.0	-0.653819	-0.031364
173001	174000	173501	193.0	-0.653341	0.053298
174001	175000	174501	166.0	-0.652863	-0.164119
175001	176000	175501	209.0	-0.652384	0.168200
176001	177000	176501	229.0	-0.651906	0.300045
177001	178000	177501	222.0	-0.651428	0.255257
178001	179000	178501	172.0	-0.650949	-0.112894
179001	180000	179501	250.0	-0.650471	0.426625
180001	181000	180501	159.0	-0.649993	-0.226276
181001	182000	181501	164.0	-0.649515	-0.181607
182001	183000	182501	224.0	-0.649036	0.268196
183001	184000	183501	199.0	-0.648558	0.097466
184001	185000	184501	210.0	-0.648080	0.175087
185001	186000	185501	162.0	-0.647601	-0.199309
186001	187000	186501	240.0	-0.647123	0.367732
187001	188000	187501	207.0	-0.646645	0.154328
188001	189000	188501	214.0	-0.646167	0.202308
189001	190000	189501	212.0	-0.645688	0.188762
190001	191000	190501	164.0	-0.645210	-0.181607
191001	192000	191501	195.0	-0.644732	0.068172
192001	193000	192501	204.0	-0.644253	0.133267
193001	194000	193501	244.0	-0.643775	0.391579
194001	195000	194501	243.0	-0.643297	0.385654
195001	196000	195501	286.0	-0.642819	0.620713
196001	197000	196501	187.0	-0.642340	0.007736
197001	198000	197501	189.0	-0.641862	0.023084
198001	199000	198501	170.0	-0.641384	-0.129768
199001	200000	199501	198.0	-0.640905	0.090198
200001	201000	200501	177.0	-0.640427	-0.071553
201001	202000	201501	192.0	-0.639949	0.045804
202001	203000	202501	271.0	-0.639471	0.542990
203001	204000	203501	209.0	-0.638992	0.168200
204001	205000	204501	210.0	-0.638514	0.175087
205001	206000	205501	187.0	-0.638036	0.007736
206001	207000	206501	199.0	-0.637557	0.097466
207001	208000	207501	211.0	-0.637079	0.181940
208001	209000	208501	210.0	-0.636601	0.175087
209001	210000	209501	200.0	-0.636123	0.104697
210001	211000	210501	236.0	-0.635644	0.343484
211001	212000	211501	201.0	-0.635166	0.111893
212001	213000	212501	222.0	-0.634688	0.255257
213001	214000	213501	249.0	-0.634209	0.420843
214001	215000	214501	171.0	-0.633731	-0.121306
215001	216000	215501	143.0	-0.633253	-0.379287
216001	217000	216501	177.0	-0.632775	-0.071553
217001	218000	217501	167.0	-0.632296	-0.155455
218001	219000	218501	211.0	-0.631818	0.181940
219001	220000	219501	230.0	-0.631340	0.306331
220001	221000	220501	181.0	-0.630861	-0.039313
221001	222000	221501	175.0	-0.630383	-0.087948
222001	223000	222501	150.0	-0.629905	-0.310340
223001	224000	223501	182.0	-0.629427	-0.031364
224001	225000	224501	215.0	-0.628948	0.209034
225001	226000	225501	206.0	-0.628470	0.147342
226001	227000	226501	226.0	-0.627992	0.281020
227001	228000	227501	185.0	-0.627513	-0.007777
228001	229000	228501	156.0	-0.627035	-0.253757
229001	230000	229501	190.0	-0.626557	0.030697
230001	231000	230501	192.0	-0.626079	0.045804
231001	232000	231501	200.0	-0.625600	0.104697
232001	233000	232501	178.0	-0.625122	-0.063425
233001	234000	233501	226.0	-0.624644	0.281020
234001	235000	234501	226.0	-0.624165	0.281020
235001	236000	235501	228.0	-0.623687	0.293731
236001	237000	236501	177.0	-0.623209	-0.071553
237001	238000	237501	169.0	-0.622731	-0.138279
238001	239000	238501	162.0	-0.622252	-0.199309
239001	240000	239501	196.0	-0.621774	0.075551
240001	241000	240501	218.0	-0.621296	0.229026
241001	242000	241501	265.0	-0.620817	0.510690
242001	243000	242501	179.0	-0.620339	-0.055343
243001	244000	243501	149.0	-0.619861	-0.319990
244001	245000	244501	144.0	-0.619383	-0.369234
245001	246000	245501	157.0	-0.618904	-0.244538
246001	247000	246501	190.0	-0.618426	0.030697
247001	248000	247501	227.0	-0.617948	0.287390
248001	249000	248501	200.0	-0.617469	0.104697
249001	250000	249501	144.0	-0.616991	-0.369234
250001	251000	250501	204.0	-0.616513	0.133267
251001	252000	251501	229.0	-0.616034	0.300045
252001	253000	252501	179.0	-0.615556	-0.055343
253001	254000	253501	192.0	-0.615078	0.045804
254001	255000	254501	167.0	-0.614600	-0.155455
255001	256000	255501	170.0	-0.614121	-0.129768
256001	257000	256501	195.0	-0.613643	0.068172
257001	258000	257501	234.0	-0.613165	0.331206
258001	259000	258501	203.0	-0.612686	0.126177
259001	260000	259501	256.0	-0.612208	0.460841
260001	261000	260501	227.0	-0.611730	0.287390
261001	262000	261501	199.0	-0.611252	0.097466
262001	263000	262501	250.0	-0.610773	0.426625
263001	264000	263501	229.0	-0.610295	0.300045
264001	265000	264501	192.0	-0.609817	0.045804
265001	266000	265501	157.0	-0.609338	-0.244538
266001	267000	266501	145.0	-0.608860	-0.359250
267001	268000	267501	192.0	-0.608382	0.045804
268001	269000	268501	166.0	-0.607904	-0.164119
269001	270000	269501	183.0	-0.607425	-0.023459
270001	271000	270501	195.0	-0.606947	0.068172
271001	272000	271501	199.0	-0.606469	0.097466
272001	273000	272501	167.0	-0.605990	-0.155455
273001	274000	273501	188.0	-0.605512	0.015430
274001	275000	274501	169.0	-0.605034	-0.138279
275001	276000	275501	179.0	-0.604556	-0.055343
276001	277000	276501	223.0	-0.604077	0.261741
277001	278000	277501	203.0	-0.603599	0.126177
278001	279000	278501	152.0	-0.603121	-0.291231
279001	280000	279501	228.0	-0.602642	0.293731
280001	281000	280501	202.0	-0.602164	0.119053
281001	282000	281501	226.0	-0.601686	0.281020
282001	283000	282501	246.0	-0.601208	0.403356
283001	284000	283501	189.0	-0.600729	0.023084
284001	285000	284501	193.0	-0.600251	0.053298
285001	286000	285501	137.0	-0.599773	-0.441127
286001	287000	286501	143.0	-0.599294	-0.379287
287001	288000	287501	209.0	-0.598816	0.168200
288001	289000	288501	165.0	-0.598338	-0.172837
289001	290000	289501	218.0	-0.597860	0.229026
290001	291000	290501	170.0	-0.597381	-0.129768
291001	292000	291501	175.0	-0.596903	-0.087948
292001	293000	292501	184.0	-0.596425	-0.015597
293001	294000	293501	211.0	-0.595946	0.181940
294001	295000	294501	187.0	-0.595468	0.007736
295001	296000	295501	236.0	-0.594990	0.343484
296001	297000	296501	254.0	-0.594512	0.449526
297001	298000	297501	219.0	-0.594033	0.235628
298001	299000	298501	169.0	-0.593555	-0.138279
299001	300000	299501	197.0	-0.593077	0.082893
300001	301000	300501	192.0	-0.592598	0.045804
301001	302000	301501	203.0	-0.592120	0.126177
302001	303000	302501	220.0	-0.591642	0.242201
303001	304000	303501	212.0	-0.591164	0.188762
304001	305000	304501	161.0	-0.590685	-0.208242
305001	306000	305501	198.0	-0.590207	0.090198
306001	307000	306501	169.0	-0.589729	-0.138279
307001	308000	307501	159.0	-0.589250	-0.226276
308001	309000	308501	161.0	-0.588772	-0.208242
309001	310000	309501	205.0	-0.588294	0.140321
310001	311000	310501	236.0	-0.587816	0.343484
311001	312000	311501	236.0	-0.587337	0.343484
312001	313000	312501	195.0	-0.586859	0.068172
313001	314000	313501	164.0	-0.586381	-0.181607
314001	315000	314501	234.0	-0.585902	0.331206
315001	316000	315501	228.0	-0.585424	0.293731
316001	317000	316501	186.0	-0.584946	0.000000
317001	318000	317501	201.0	-0.584468	0.111893
318001	319000	318501	170.0	-0.583989	-0.129768
319001	320000	319501	226.0	-0.583511	0.281020
320001	321000	320501	191.0	-0.583033	0.038270
321001	322000	321501	248.0	-0.582554	0.415037
322001	323000	322501	313.0	-0.582076	0.750860
323001	324000	323501	324.0	-0.581598	0.800691
324001	325000	324501	227.0	-0.581119	0.287390
325001	326000	325501	205.0	-0.580641	0.140321
326001	327000	326501	213.0	-0.580163	0.195551
327001	328000	327501	184.0	-0.579685	-0.015597
328001	329000	328501	222.0	-0.579206	0.255257
329001	330000	329501	155.0	-0.578728	-0.263034
330001	331000	330501	170.0	-0.578250	-0.129768
331001	332000	331501	182.0	-0.577771	-0.031364
332001	333000	332501	182.0	-0.577293	-0.031364
333001	334000	333501	160.0	-0.576815	-0.217231
334001	335000	334501	174.0	-0.576337	-0.096215
335001	336000	335501	146.0	-0.575858	-0.349334
336001	337000	336501	269.0	-0.575380	0.532304
337001	338000	337501	250.0	-0.574902	0.426625
338001	339000	338501	179.0	-0.574423	-0.055343
339001	340000	339501	187.0	-0.573945	0.007736
340001	341000	340501	159.0	-0.573467	-0.226276
341001	342000	341501	148.0	-0.572989	-0.329705
342001	343000	342501	171.0	-0.572510	-0.121306
343001	344000	343501	193.0	-0.572032	0.053298
344001	345000	344501	183.0	-0.571554	-0.023459
345001	346000	345501	187.0	-0.571075	0.007736
346001	347000	346501	167.0	-0.570597	-0.155455
347001	348000	347501	184.0	-0.570119	-0.015597
348001	349000	348501	152.0	-0.569641	-0.291231
349001	350000	349501	171.0	-0.569162	-0.121306
350001	351000	350501	233.0	-0.568684	0.325027
351001	352000	351501	152.0	-0.568206	-0.291231
352001	353000	352501	180.0	-0.567727	-0.047306
353001	354000	353501	158.0	-0.567249	-0.235378
354001	355000	354501	189.0	-0.566771	0.023084
355001	356000	355501	195.0	-0.566293	0.068172
356001	357000	356501	198.0	-0.565814	0.090198
357001	358000	357501	259.0	-0.565336	0.477649
358001	359000	358501	214.0	-0.564858	0.202308
359001	360000	359501	241.0	-0.564379	0.373731
360001	361000	360501	202.0	-0.563901	0.119053
361001	362000	361501	169.0	-0.563423	-0.138279
362001	363000	362501	206.0	-0.562945	0.147342
363001	364000	363501	149.0	-0.562466	-0.319990
364001	365000	364501	199.0	-0.561988	0.097466
365001	366000	365501	239.0	-0.561510	0.361708
366001	367000	366501	273.0	-0.561031	0.553598
367001	368000	367501	210.0	-0.560553	0.175087
368001	369000	368501	231.0	-0.560075	0.312590
369001	370000	369501	240.0	-0.559597	0.367732
370001	371000	370501	222.0	-0.559118	0.255257
371001	372000	371501	190.0	-0.558640	0.030697
372001	373000	372501	238.0	-0.558162	0.355659
373001	374000	373501	222.0	-0.557683	0.255257
374001	375000	374501	192.0	-0.557205	0.045804
375001	376000	375501	197.0	-0.556727	0.082893
376001	377000	376501	209.0	-0.556249	0.168200
377001	378000	377501	210.0	-0.555770	0.175087
378001	379000	378501	186.0	-0.555292	0.000000
379001	380000	379501	213.0	-0.554814	0.195551
380001	381000	380501	222.0	-0.554335	0.255257
381001	382000	381501	197.0	-0.553857	0.082893
382001	383000	382501	213.0	-0.553379	0.195551
383001	384000	383501	245.0	-0.552901	0.397479
384001	385000	384501	207.0	-0.552422	0.154328
385001	386000	385501	172.0	-0.551944	-0.112894
386001	387000	386501	201.0	-0.551466	0.111893
387001	388000	387501	153.0	-0.550987	-0.281771
388001	389000	388501	188.0	-0.550509	0.015430
389001	390000	389501	201.0	-0.550031	0.111893
390001	391000	390501	210.0	-0.549553	0.175087
391001	392000	391501	153.0	-0.549074	-0.281771
392001	393000	392501	194.0	-0.548596	0.060754
393001	394000	393501	184.0	-0.548118	-0.015597
394001	395000	394501	152.0	-0.547639	-0.291231
395001	396000	395501	137.0	-0.547161	-0.441127
396001	397000	396501	151.0	-0.546683	-0.300754
397001	398000	397501	175.0	-0.546205	-0.087948
398001	399000	398501	187.0	-0.545726	0.007736
399001	400000	399501	273.0	-0.545248	0.553598
400001	401000	400501	281.0	-0.544770	0.595268
401001	402000	401501	205.0	-0.544291	0.140321
402001	403000	402501	232.0	-0.543813	0.318822
403001	404000	403501	181.0	-0.543335	-0.039313
404001	405000	404501	164.0	-0.542856	-0.181607
405001	406000	405501	185.0	-0.542378	-0.007777
406001	407000	406501	138.0	-0.541900	-0.430634
407001	408000	407501	166.0	-0.541422	-0.164119
408001	409000	408501	171.0	-0.540943	-0.121306
409001	410000	409501	184.0	-0.540465	-0.015597
410001	411000	410501	185.0	-0.539987	-0.007777
411001	412000	411501	208.0	-0.539508	0.161281
412001	413000	412501	175.0	-0.539030	-0.087948
413001	414000	413501	194.0	-0.538552	0.060754
414001	415000	414501	169.0	-0.538074	-0.138279
415001	416000	415501	94.0	-0.537595	-0.984570
416001	417000	416501	199.0	-0.537117	0.097466
417001	418000	417501	186.0	-0.536639	0.000000
418001	419000	418501	185.0	-0.536160	-0.007777
419001	420000	419501	207.0	-0.535682	0.154328
420001	421000	420501	213.0	-0.535204	0.195551
421001	422000	421501	182.0	-0.534726	-0.031364
422001	423000	422501	305.0	-0.534247	0.713507
423001	424000	423501	261.0	-0.533769	0.488747
424001	425000	424501	238.0	-0.533291	0.355659
425001	426000	425501	282.0	-0.532812	0.600393
426001	427000	426501	229.0	-0.532334	0.300045
427001	428000	427501	211.0	-0.531856	0.181940
428001	429000	428501	205.0	-0.531378	0.140321
429001	430000	429501	164.0	-0.530899	-0.181607
430001	431000	430501	161.0	-0.530421	-0.208242
431001	432000	431501	187.0	-0.529943	0.007736
432001	433000	432501	210.0	-0.529464	0.175087
433001	434000	433501	235.0	-0.528986	0.337358
434001	435000	434501	184.0	-0.528508	-0.015597
435001	436000	435501	178.0	-0.528030	-0.063425
436001	437000	436501	189.0	-0.527551	0.023084
437001	438000	437501	174.0	-0.527073	-0.096215
438001	439000	438501	206.0	-0.526595	0.147342
439001	440000	439501	238.0	-0.526116	0.355659
440001	441000	440501	195.0	-0.525638	0.068172
441001	442000	441501	190.0	-0.525160	0.030697
442001	443000	442501	204.0	-0.524682	0.133267
443001	444000	443501	170.0	-0.524203	-0.129768
444001	445000	444501	179.0	-0.523725	-0.055343
445001	446000	445501	181.0	-0.523247	-0.039313
446001	447000	446501	222.0	-0.522768	0.255257
447001	448000	447501	247.0	-0.522290	0.409208
448001	449000	448501	177.0	-0.521812	-0.071553
449001	450000	449501	180.0	-0.521334	-0.047306
450001	451000	450501	251.0	-0.520855	0.432385
451001	452000	451501	191.0	-0.520377	0.038270
452001	453000	452501	177.0	-0.519899	-0.071553
453001	454000	453501	155.0	-0.519420	-0.263034
454001	455000	454501	170.0	-0.518942	-0.129768
455001	456000	455501	140.0	-0.518464	-0.409876
456001	457000	456501	189.0	-0.517986	0.023084
457001	458000	457501	212.0	-0.517507	0.188762
458001	459000	458501	180.0	-0.517029	-0.047306
459001	460000	459501	207.0	-0.516551	0.154328
460001	461000	460501	221.0	-0.516072	0.248744
461001	462000	461501	217.0	-0.515594	0.222392
462001	463000	462501	185.0	-0.515116	-0.007777
463001	464000	463501	153.0	-0.514638	-0.281771
464001	465000	464501	166.0	-0.514159	-0.164119
465001	466000	465501	160.0	-0.513681	-0.217231
466001	467000	466501	166.0	-0.513203	-0.164119
467001	468000	467501	172.0	-0.512724	-0.112894
468001	469000	468501	152.0	-0.512246	-0.291231
469001	470000	469501	159.0	-0.511768	-0.226276
470001	471000	470501	157.0	-0.511290	-0.244538
471001	472000	471501	192.0	-0.510811	0.045804
472001	473000	472501	138.0	-0.510333	-0.430634
473001	474000	473501	155.0	-0.509855	-0.263034
474001	475000	474501	225.0	-0.509376	0.274622
475001	476000	475501	217.0	-0.508898	0.222392
476001	477000	476501	174.0	-0.508420	-0.096215
477001	478000	477501	199.0	-0.507941	0.097466
478001	479000	478501	256.0	-0.507463	0.460841
479001	480000	479501	286.0	-0.506985	0.620713
480001	481000	480501	258.0	-0.506507	0.472068
481001	482000	481501	200.0	-0.506028	0.104697
482001	483000	482501	303.0	-0.505550	0.704015
483001	484000	483501	193.0	-0.505072	0.053298
484001	485000	484501	161.0	-0.504593	-0.208242
485001	486000	485501	152.0	-0.504115	-0.291231
486001	487000	486501	141.0	-0.503637	-0.399607
487001	488000	487501	215.0	-0.503159	0.209034
488001	489000	488501	187.0	-0.502680	0.007736
489001	490000	489501	176.0	-0.502202	-0.079727
490001	491000	490501	156.0	-0.501724	-0.253757
491001	492000	491501	177.0	-0.501245	-0.071553
492001	493000	492501	176.0	-0.500767	-0.079727
493001	494000	493501	210.0	-0.500289	0.175087
494001	495000	494501	151.0	-0.499811	-0.300754
495001	496000	495501	154.0	-0.499332	-0.272372
496001	497000	496501	147.0	-0.498854	-0.339486
497001	498000	497501	191.0	-0.498376	0.038270
498001	499000	498501	210.0	-0.497897	0.175087
499001	500000	499501	178.0	-0.497419	-0.063425
500001	501000	500501	147.0	-0.496941	-0.339486
501001	502000	501501	163.0	-0.496463	-0.190431
502001	503000	502501	132.0	-0.495984	-0.494765
503001	504000	503501	209.0	-0.495506	0.168200
504001	505000	504501	258.0	-0.495028	0.472068
505001	506000	505501	268.0	-0.494549	0.526930
506001	507000	506501	216.0	-0.494071	0.215729
507001	508000	507501	166.0	-0.493593	-0.164119
508001	509000	508501	188.0	-0.493115	0.015430
509001	510000	509501	175.0	-0.492636	-0.087948
510001	511000	510501	177.0	-0.492158	-0.071553
511001	512000	511501	154.0	-0.491680	-0.272372
512001	513000	512501	208.0	-0.491201	0.161281
513001	514000	513501	210.0	-0.490723	0.175087
514001	515000	514501	170.0	-0.490245	-0.129768
515001	516000	515501	169.0	-0.489767	-0.138279
516001	517000	516501	159.0	-0.489288	-0.226276
517001	518000	517501	191.0	-0.488810	0.038270
518001	519000	518501	218.0	-0.488332	0.229026
519001	520000	519501	176.0	-0.487853	-0.079727
520001	521000	520501	149.0	-0.487375	-0.319990
521001	522000	521501	164.0	-0.486897	-0.181607
522001	523000	522501	172.0	-0.486419	-0.112894
523001	524000	523501	169.0	-0.485940	-0.138279
524001	525000	524501	143.0	-0.485462	-0.379287
525001	526000	525501	160.0	-0.484984	-0.217231
526001	527000	526501	140.0	-0.484505	-0.409876
527001	528000	527501	194.0	-0.484027	0.060754
528001	529000	528501	187.0	-0.483549	0.007736
529001	530000	529501	194.0	-0.483071	0.060754
530001	531000	530501	209.0	-0.482592	0.168200
531001	532000	531501	227.0	-0.482114	0.287390
532001	533000	532501	196.0	-0.481636	0.075551
533001	534000	533501	211.0	-0.481157	0.181940
534001	535000	534501	248.0	-0.480679	0.415037
535001	536000	535501	225.0	-0.480201	0.274622
536001	537000	536501	193.0	-0.479723	0.053298
537001	538000	537501	198.0	-0.479244	0.090198
538001	539000	538501	181.0	-0.478766	-0.039313
539001	540000	539501	203.0	-0.478288	0.126177
540001	541000	540501	200.0	-0.477809	0.104697
541001	542000	541501	184.0	-0.477331	-0.015597
542001	543000	542501	146.0	-0.476853	-0.349334
543001	544000	543501	206.0	-0.476375	0.147342
544001	545000	544501	136.0	-0.475896	-0.451696
545001	546000	545501	236.0	-0.475418	0.343484
546001	547000	546501	270.0	-0.474940	0.537657
547001	548000	547501	219.0	-0.474461	0.235628
548001	549000	548501	168.0	-0.473983	-0.146841
549001	550000	549501	243.0	-0.473505	0.385654
550001	551000	550501	236.0	-0.473026	0.343484
551001	552000	551501	140.0	-0.472548	-0.409876
552001	553000	552501	193.0	-0.472070	0.053298
553001	554000	553501	172.0	-0.471592	-0.112894
554001	555000	554501	212.0	-0.471113	0.188762
555001	556000	555501	190.0	-0.470635	0.030697
556001	557000	556501	172.0	-0.470157	-0.112894
557001	558000	557501	183.0	-0.469678	-0.023459
558001	559000	558501	213.0	-0.469200	0.195551
559001	560000	559501	205.0	-0.468722	0.140321
560001	561000	560501	183.0	-0.468244	-0.023459
561001	562000	561501	174.0	-0.467765	-0.096215
562001	563000	562501	178.0	-0.467287	-0.063425
563001	564000	563501	215.0	-0.466809	0.209034
564001	565000	564501	160.0	-0.466330	-0.217231
565001	566000	565501	170.0	-0.465852	-0.129768
566001	567000	566501	187.0	-0.465374	0.007736
567001	568000	567501	248.0	-0.464896	0.415037
568001	569000	568501	212.0	-0.464417	0.188762
569001	570000	569501	196.0	-0.463939	0.075551
570001	571000	570501	155.0	-0.463461	-0.263034
571001	572000	571501	134.0	-0.462982	-0.473070
572001	573000	572501	201.0	-0.462504	0.111893
573001	574000	573501	187.0	-0.462026	0.007736
574001	575000	574501	224.0	-0.461548	0.268196
575001	576000	575501	208.0	-0.461069	0.161281
576001	577000	576501	162.0	-0.460591	-0.199309
577001	578000	577501	151.0	-0.460113	-0.300754
578001	579000	578501	188.0	-0.459634	0.015430
579001	580000	579501	152.0	-0.459156	-0.291231
580001	581000	580501	229.0	-0.458678	0.300045
581001	582000	581501	194.0	-0.458200	0.060754
582001	583000	582501	165.0	-0.457721	-0.172837
583001	584000	583501	194.0	-0.457243	0.060754
584001	585000	584501	162.0	-0.456765	-0.199309
585001	586000	585501	200.0	-0.456286	0.104697
586001	587000	586501	175.0	-0.455808	-0.087948
587001	588000	587501	202.0	-0.455330	0.119053
588001	589000	588501	186.0	-0.454852	0.000000
589001	590000	589501	158.0	-0.454373	-0.235378
590001	591000	590501	156.0	-0.453895	-0.253757
591001	592000	591501	130.0	-0.453417	-0.516791
592001	593000	592501	140.0	-0.452938	-0.409876
593001	594000	593501	166.0	-0.452460	-0.164119
594001	595000	594501	191.0	-0.451982	0.038270
595001	596000	595501	151.0	-0.451504	-0.300754
596001	597000	596501	142.0	-0.451025	-0.389412
597001	598000	597501	122.0	-0.450547	-0.608421
598001	599000	598501	121.0	-0.450069	-0.620296
599001	600000	599501	233.0	-0.449590	0.325027
600001	601000	600501	190.0	-0.449112	0.030697
601001	602000	601501	145.0	-0.448634	-0.359250
602001	603000	602501	195.0	-0.448156	0.068172
603001	604000	603501	128.0	-0.447677	-0.539159
604001	605000	604501	167.0	-0.447199	-0.155455
605001	606000	605501	177.0	-0.446721	-0.071553
606001	607000	606501	177.0	-0.446242	-0.071553
607001	608000	607501	188.0	-0.445764	0.015430
608001	609000	608501	281.0	-0.445286	0.595268
609001	610000	609501	246.0	-0.444808	0.403356
610001	611000	610501	170.0	-0.444329	-0.129768
611001	612000	611501	231.0	-0.443851	0.312590
612001	613000	612501	196.0	-0.443373	0.075551
613001	614000	613501	156.0	-0.442894	-0.253757
614001	615000	614501	179.0	-0.442416	-0.055343
615001	616000	615501	173.0	-0.441938	-0.104531
616001	617000	616501	157.0	-0.441460	-0.244538
617001	618000	617501	163.0	-0.440981	-0.190431
618001	619000	618501	198.0	-0.440503	0.090198
619001	620000	619501	201.0	-0.440025	0.111893
620001	621000	620501	191.0	-0.439546	0.038270
621001	622000	621501	195.0	-0.439068	0.068172
622001	623000	622501	167.0	-0.438590	-0.155455
623001	624000	623501	229.0	-0.438111	0.300045
624001	625000	624501	218.0	-0.437633	0.229026
625001	626000	625501	146.0	-0.437155	-0.349334
626001	627000	626501	178.0	-0.436677	-0.063425
627001	628000	627501	198.0	-0.436198	0.090198
628001	629000	628501	198.0	-0.435720	0.090198
629001	630000	629501	183.0	-0.435242	-0.023459
630001	631000	630501	184.0	-0.434763	-0.015597
631001	632000	631501	145.0	-0.434285	-0.359250
632001	633000	632501	154.0	-0.433807	-0.272372
633001	634000	633501	148.0	-0.433329	-0.329705
634001	635000	634501	185.0	-0.432850	-0.007777
635001	636000	635501	196.0	-0.432372	0.075551
636001	637000	636501	185.0	-0.431894	-0.007777
637001	638000	637501	186.0	-0.431415	0.000000
638001	639000	638501	178.0	-0.430937	-0.063425
639001	640000	639501	190.0	-0.430459	0.030697
640001	641000	640501	179.0	-0.429981	-0.055343
641001	642000	641501	143.0	-0.429502	-0.379287
642001	643000	642501	183.0	-0.429024	-0.023459
643001	644000	643501	186.0	-0.428546	0.000000
644001	645000	644501	178.0	-0.428067	-0.063425
645001	646000	645501	195.0	-0.427589	0.068172
646001	647000	646501	233.0	-0.427111	0.325027
647001	648000	647501	253.0	-0.426633	0.443835
648001	649000	648501	243.0	-0.426154	0.385654
649001	650000	649501	188.0	-0.425676	0.015430
650001	651000	650501	170.0	-0.425198	-0.129768
651001	652000	651501	170.0	-0.424719	-0.129768
652001	653000	652501	242.0	-0.424241	0.379704
653001	654000	653501	183.0	-0.423763	-0.023459
654001	655000	654501	218.0	-0.423285	0.229026
655001	656000	655501	191.0	-0.422806	0.038270
656001	657000	656501	177.0	-0.422328	-0.071553
657001	658000	657501	161.0	-0.421850	-0.208242
658001	659000	658501	218.0	-0.421371	0.229026
659001	660000	659501	186.0	-0.420893	0.000000
660001	661000	660501	138.0	-0.420415	-0.430634
661001	662000	661501	169.0	-0.419937	-0.138279
662001	663000	662501	203.0	-0.419458	0.126177
663001	664000	663501	147.0	-0.418980	-0.339486
664001	665000	664501	183.0	-0.418502	-0.023459
665001	666000	665501	180.0	-0.418023	-0.047306
666001	667000	666501	209.0	-0.417545	0.168200
667001	668000	667501	179.0	-0.417067	-0.055343
668001	669000	668501	237.0	-0.416589	0.349584
669001	670000	669501	165.0	-0.416110	-0.172837
670001	671000	670501	149.0	-0.415632	-0.319990
671001	672000	671501	215.0	-0.415154	0.209034
672001	673000	672501	230.0	-0.414675	0.306331
673001	674000	673501	171.0	-0.414197	-0.121306
674001	675000	674501	187.0	-0.413719	0.007736
675001	676000	675501	199.0	-0.413241	0.097466
676001	677000	676501	258.0	-0.412762	0.472068
677001	678000	677501	195.0	-0.412284	0.068172
678001	679000	678501	161.0	-0.411806	-0.208242
679001	680000	679501	173.0	-0.411327	-0.104531
680001	681000	680501	165.0	-0.410849	-0.172837
681001	682000	681501	177.0	-0.410371	-0.071553
682001	683000	682501	159.0	-0.409893	-0.226276
683001	684000	683501	167.0	-0.409414	-0.155455
684001	685000	684501	244.0	-0.408936	0.391579
685001	686000	685501	180.0	-0.408458	-0.047306
686001	687000	686501	202.0	-0.407979	0.119053
687001	688000	687501	150.0	-0.407501	-0.310340
688001	689000	688501	160.0	-0.407023	-0.217231
689001	690000	689501	171.0	-0.406545	-0.121306
690001	691000	690501	186.0	-0.406066	0.000000
691001	692000	691501	201.0	-0.405588	0.111893
692001	693000	692501	224.0	-0.405110	0.268196
693001	694000	693501	221.0	-0.404631	0.248744
694001	695000	694501	149.0	-0.404153	-0.319990
695001	696000	695501	159.0	-0.403675	-0.226276
696001	697000	696501	166.0	-0.403196	-0.164119
697001	698000	697501	140.0	-0.402718	-0.409876
698001	699000	698501	183.0	-0.402240	-0.023459
699001	700000	699501	241.0	-0.401762	0.373731
700001	701000	700501	209.0	-0.401283	0.168200
701001	702000	701501	219.0	-0.400805	0.235628
702001	703000	702501	201.0	-0.400327	0.111893
703001	704000	703501	142.0	-0.399848	-0.389412
704001	705000	704501	197.0	-0.399370	0.082893
705001	706000	705501	166.0	-0.398892	-0.164119
706001	707000	706501	174.0	-0.398414	-0.096215
707001	708000	707501	205.0	-0.397935	0.140321
708001	709000	708501	199.0	-0.397457	0.097466
709001	710000	709501	187.0	-0.396979	0.007736
710001	711000	710501	214.0	-0.396500	0.202308
711001	712000	711501	143.0	-0.396022	-0.379287
712001	713000	712501	188.0	-0.395544	0.015430
713001	714000	713501	200.0	-0.395066	0.104697
714001	715000	714501	193.0	-0.394587	0.053298
715001	716000	715501	152.0	-0.394109	-0.291231
716001	717000	716501	149.0	-0.393631	-0.319990
717001	718000	717501	143.0	-0.393152	-0.379287
718001	719000	718501	149.0	-0.392674	-0.319990
719001	720000	719501	138.0	-0.392196	-0.430634
720001	721000	720501	166.0	-0.391718	-0.164119
721001	722000	721501	166.0	-0.391239	-0.164119
722001	723000	722501	221.0	-0.390761	0.248744
723001	724000	723501	230.0	-0.390283	0.306331
724001	725000	724501	164.0	-0.389804	-0.181607
725001	726000	725501	171.0	-0.389326	-0.121306
726001	727000	726501	190.0	-0.388848	0.030697
727001	728000	727501	190.0	-0.388370	0.030697
728001	729000	728501	210.0	-0.387891	0.175087
729001	730000	729501	175.0	-0.387413	-0.087948
730001	731000	730501	208.0	-0.386935	0.161281
731001	732000	731501	141.0	-0.386456	-0.399607
732001	733000	732501	169.0	-0.385978	-0.138279
733001	734000	733501	168.0	-0.385500	-0.146841
734001	735000	734501	163.0	-0.385022	-0.190431
735001	736000	735501	175.0	-0.384543	-0.087948
736001	737000	736501	209.0	-0.384065	0.168200
737001	738000	737501	183.0	-0.383587	-0.023459
738001	739000	738501	168.0	-0.383108	-0.146841
739001	740000	739501	144.0	-0.382630	-0.369234
740001	741000	740501	167.0	-0.382152	-0.155455
741001	742000	741501	222.0	-0.381674	0.255257
742001	743000	742501	239.0	-0.381195	0.361708
743001	744000	743501	175.0	-0.380717	-0.087948
744001	745000	744501	217.0	-0.380239	0.222392
745001	746000	745501	192.0	-0.379760	0.045804
746001	747000	746501	157.0	-0.379282	-0.244538
747001	748000	747501	154.0	-0.378804	-0.272372
748001	749000	748501	190.0	-0.378326	0.030697
749001	750000	749501	219.0	-0.377847	0.235628
750001	751000	750501	154.0	-0.377369	-0.272372
751001	752000	751501	170.0	-0.376891	-0.129768
752001	753000	752501	188.0	-0.376412	0.015430
753001	754000	753501	189.0	-0.375934	0.023084
754001	755000	754501	201.0	-0.375456	0.111893
755001	756000	755501	187.0	-0.374978	0.007736
756001	757000	756501	189.0	-0.374499	0.023084
757001	758000	757501	224.0	-0.374021	0.268196
758001	759000	758501	162.0	-0.373543	-0.199309
759001	760000	759501	176.0	-0.373064	-0.079727
760001	761000	760501	190.0	-0.372586	0.030697
761001	762000	761501	206.0	-0.372108	0.147342
762001	763000	762501	189.0	-0.371630	0.023084
763001	764000	763501	210.0	-0.371151	0.175087
764001	765000	764501	321.0	-0.370673	0.787271
765001	766000	765501	279.0	-0.370195	0.584963
766001	767000	766501	230.0	-0.369716	0.306331
767001	768000	767501	172.0	-0.369238	-0.112894
768001	769000	768501	196.0	-0.368760	0.075551
769001	770000	769501	158.0	-0.368281	-0.235378
770001	771000	770501	183.0	-0.367803	-0.023459
771001	772000	771501	166.0	-0.367325	-0.164119
772001	773000	772501	170.0	-0.366847	-0.129768
773001	774000	773501	155.0	-0.366368	-0.263034
774001	775000	774501	171.0	-0.365890	-0.121306
775001	776000	775501	167.0	-0.365412	-0.155455
776001	777000	776501	173.0	-0.364933	-0.104531
777001	778000	777501	279.0	-0.364455	0.584963
778001	779000	778501	223.0	-0.363977	0.261741
779001	780000	779501	290.0	-0.363499	0.640750
780001	781000	780501	267.0	-0.363020	0.521537
781001	782000	781501	319.0	-0.362542	0.778254
782001	783000	782501	336.0	-0.362064	0.853159
783001	784000	783501	250.0	-0.361585	0.426625
784001	785000	784501	283.0	-0.361107	0.605499
785001	786000	785501	313.0	-0.360629	0.750860
786001	787000	786501	202.0	-0.360151	0.119053
787001	788000	787501	174.0	-0.359672	-0.096215
788001	789000	788501	250.0	-0.359194	0.426625
789001	790000	789501	216.0	-0.358716	0.215729
790001	791000	790501	172.0	-0.358237	-0.112894
791001	792000	791501	152.0	-0.357759	-0.291231
792001	793000	792501	208.0	-0.357281	0.161281
793001	794000	793501	184.0	-0.356803	-0.015597
794001	795000	794501	134.0	-0.356324	-0.473070
795001	796000	795501	149.0	-0.355846	-0.319990
796001	797000	796501	177.0	-0.355368	-0.071553
797001	798000	797501	184.0	-0.354889	-0.015597
798001	799000	798501	179.0	-0.354411	-0.055343
799001	800000	799501	178.0	-0.353933	-0.063425
800001	801000	800501	173.0	-0.353455	-0.104531
801001	802000	801501	130.0	-0.352976	-0.516791
802001	803000	802501	167.0	-0.352498	-0.155455
803001	804000	803501	221.0	-0.352020	0.248744
804001	805000	804501	204.0	-0.351541	0.133267
805001	806000	805501	305.0	-0.351063	0.713507
806001	807000	806501	301.0	-0.350585	0.694461
807001	808000	807501	211.0	-0.350107	0.181940
808001	809000	808501	298.0	-0.349628	0.680010
809001	810000	809501	240.0	-0.349150	0.367732
810001	811000	810501	216.0	-0.348672	0.215729
811001	812000	811501	235.0	-0.348193	0.337358
812001	813000	812501	245.0	-0.347715	0.397479
813001	814000	813501	180.0	-0.347237	-0.047306
814001	815000	814501	197.0	-0.346759	0.082893
815001	816000	815501	169.0	-0.346280	-0.138279
816001	817000	816501	164.0	-0.345802	-0.181607
817001	818000	817501	177.0	-0.345324	-0.071553
818001	819000	818501	188.0	-0.344845	0.015430
819001	820000	819501	149.0	-0.344367	-0.319990
820001	821000	820501	204.0	-0.343889	0.133267
821001	822000	821501	233.0	-0.343411	0.325027
822001	823000	822501	229.0	-0.342932	0.300045
823001	824000	823501	254.0	-0.342454	0.449526
824001	825000	824501	258.0	-0.341976	0.472068
825001	826000	825501	228.0	-0.341497	0.293731
826001	827000	826501	207.0	-0.341019	0.154328
827001	828000	827501	219.0	-0.340541	0.235628
828001	829000	828501	221.0	-0.340063	0.248744
829001	830000	829501	268.0	-0.339584	0.526930
830001	831000	830501	235.0	-0.339106	0.337358
831001	832000	831501	178.0	-0.338628	-0.063425
832001	833000	832501	208.0	-0.338149	0.161281
833001	834000	833501	182.0	-0.337671	-0.031364
834001	835000	834501	153.0	-0.337193	-0.281771
835001	836000	835501	206.0	-0.336715	0.147342
836001	837000	836501	226.0	-0.336236	0.281020
837001	838000	837501	209.0	-0.335758	0.168200
838001	839000	838501	269.0	-0.335280	0.532304
839001	840000	839501	255.0	-0.334801	0.455195
840001	841000	840501	324.0	-0.334323	0.800691
841001	842000	841501	297.0	-0.333845	0.675160
842001	843000	842501	245.0	-0.333366	0.397479
843001	844000	843501	199.0	-0.332888	0.097466
844001	845000	844501	262.0	-0.332410	0.494264
845001	846000	845501	246.0	-0.331932	0.403356
846001	847000	846501	186.0	-0.331453	0.000000
847001	848000	847501	175.0	-0.330975	-0.087948
848001	849000	848501	233.0	-0.330497	0.325027
849001	850000	849501	285.0	-0.330018	0.615659
850001	851000	850501	247.0	-0.329540	0.409208
851001	852000	851501	188.0	-0.329062	0.015430
852001	853000	852501	117.0	-0.328584	-0.668794
853001	854000	853501	124.0	-0.328105	-0.584963
854001	855000	854501	174.0	-0.327627	-0.096215
855001	856000	855501	141.0	-0.327149	-0.399607
856001	857000	856501	164.0	-0.326670	-0.181607
857001	858000	857501	292.0	-0.326192	0.650666
858001	859000	858501	248.0	-0.325714	0.415037
859001	860000	859501	210.0	-0.325236	0.175087
860001	861000	860501	214.0	-0.324757	0.202308
861001	862000	861501	188.0	-0.324279	0.015430
862001	863000	862501	169.0	-0.323801	-0.138279
863001	864000	863501	215.0	-0.323322	0.209034
864001	865000	864501	174.0	-0.322844	-0.096215
865001	866000	865501	184.0	-0.322366	-0.015597
866001	867000	866501	170.0	-0.321888	-0.129768
867001	868000	867501	184.0	-0.321409	-0.015597
868001	869000	868501	185.0	-0.320931	-0.007777
869001	870000	869501	183.0	-0.320453	-0.023459
870001	871000	870501	188.0	-0.319974	0.015430
871001	872000	871501	207.0	-0.319496	0.154328
872001	873000	872501	244.0	-0.319018	0.391579
873001	874000	873501	147.0	-0.318540	-0.339486
874001	875000	874501	197.0	-0.318061	0.082893
875001	876000	875501	162.0	-0.317583	-0.199309
876001	877000	876501	171.0	-0.317105	-0.121306
877001	878000	877501	184.0	-0.316626	-0.015597
878001	879000	878501	183.0	-0.316148	-0.023459
879001	880000	879501	211.0	-0.315670	0.181940
880001	881000	880501	177.0	-0.315192	-0.071553
881001	882000	881501	175.0	-0.314713	-0.087948
882001	883000	882501	208.0	-0.314235	0.161281
883001	884000	883501	265.0	-0.313757	0.510690
884001	885000	884501	148.0	-0.313278	-0.329705
885001	886000	885501	121.0	-0.312800	-0.620296
886001	887000	886501	172.0	-0.312322	-0.112894
887001	888000	887501	174.0	-0.311844	-0.096215
888001	889000	888501	125.0	-0.311365	-0.573375
889001	890000	889501	196.0	-0.310887	0.075551
890001	891000	890501	217.0	-0.310409	0.222392
891001	892000	891501	155.0	-0.309930	-0.263034
892001	893000	892501	167.0	-0.309452	-0.155455
893001	894000	893501	155.0	-0.308974	-0.263034
894001	895000	894501	164.0	-0.308496	-0.181607
895001	896000	895501	199.0	-0.308017	0.097466
896001	897000	896501	191.0	-0.307539	0.038270
897001	898000	897501	166.0	-0.307061	-0.164119
898001	899000	898501	174.0	-0.306582	-0.096215
899001	900000	899501	184.0	-0.306104	-0.015597
900001	901000	900501	167.0	-0.305626	-0.155455
901001	902000	901501	201.0	-0.305148	0.111893
902001	903000	902501	263.0	-0.304669	0.499760
903001	904000	903501	190.0	-0.304191	0.030697
904001	905000	904501	163.0	-0.303713	-0.190431
905001	906000	905501	198.0	-0.303234	0.090198
906001	907000	906501	152.0	-0.302756	-0.291231
907001	908000	907501	212.0	-0.302278	0.188762
908001	909000	908501	234.0	-0.301800	0.331206
909001	910000	909501	235.0	-0.301321	0.337358
910001	911000	910501	233.0	-0.300843	0.325027
911001	912000	911501	230.0	-0.300365	0.306331
912001	913000	912501	228.0	-0.299886	0.293731
913001	914000	913501	140.0	-0.299408	-0.409876
914001	915000	914501	221.0	-0.298930	0.248744
915001	916000	915501	199.0	-0.298451	0.097466
916001	917000	916501	209.0	-0.297973	0.168200
917001	918000	917501	213.0	-0.297495	0.195551
918001	919000	918501	154.0	-0.297017	-0.272372
919001	920000	919501	165.0	-0.296538	-0.172837
920001	921000	920501	168.0	-0.296060	-0.146841
921001	922000	921501	225.0	-0.295582	0.274622
922001	923000	922501	223.0	-0.295103	0.261741
923001	924000	923501	152.0	-0.294625	-0.291231
924001	925000	924501	172.0	-0.294147	-0.112894
925001	926000	925501	222.0	-0.293669	0.255257
926001	927000	926501	226.0	-0.293190	0.281020
927001	928000	927501	200.0	-0.292712	0.104697
928001	929000	928501	216.0	-0.292234	0.215729
929001	930000	929501	179.0	-0.291755	-0.055343
930001	931000	930501	193.0	-0.291277	0.053298
931001	932000	931501	177.0	-0.290799	-0.071553
932001	933000	932501	180.0	-0.290321	-0.047306
933001	934000	933501	203.0	-0.289842	0.126177
934001	935000	934501	158.0	-0.289364	-0.235378
935001	936000	935501	165.0	-0.288886	-0.172837
936001	937000	936501	189.0	-0.288407	0.023084
937001	938000	937501	181.0	-0.287929	-0.039313
938001	939000	938501	133.0	-0.287451	-0.483876
939001	940000	939501	145.0	-0.286973	-0.359250
940001	941000	940501	129.0	-0.286494	-0.527932
941001	942000	941501	192.0	-0.286016	0.045804
942001	943000	942501	155.0	-0.285538	-0.263034
943001	944000	943501	181.0	-0.285059	-0.039313
944001	945000	944501	198.0	-0.284581	0.090198
945001	946000	945501	145.0	-0.284103	-0.359250
946001	947000	946501	175.0	-0.283625	-0.087948
947001	948000	947501	207.0	-0.283146	0.154328
948001	949000	948501	170.0	-0.282668	-0.129768
949001	950000	949501	210.0	-0.282190	0.175087
950001	951000	950501	154.0	-0.281711	-0.272372
951001	952000	951501	198.0	-0.281233	0.090198
952001	953000	952501	207.0	-0.280755	0.154328
953001	954000	953501	180.0	-0.280277	-0.047306
954001	955000	954501	178.0	-0.279798	-0.063425
955001	956000	955501	153.0	-0.279320	-0.281771
956001	957000	956501	223.0	-0.278842	0.261741
957001	958000	957501	221.0	-0.278363	0.248744
958001	959000	958501	124.0	-0.277885	-0.584963
959001	960000	959501	160.0	-0.277407	-0.217231
960001	961000	960501	219.0	-0.276929	0.235628
961001	962000	961501	189.0	-0.276450	0.023084
962001	963000	962501	182.0	-0.275972	-0.031364
963001	964000	963501	170.0	-0.275494	-0.129768
964001	965000	964501	187.0	-0.275015	0.007736
965001	966000	965501	200.0	-0.274537	0.104697
966001	967000	966501	128.0	-0.274059	-0.539159
967001	968000	967501	187.0	-0.273581	0.007736
968001	969000	968501	163.0	-0.273102	-0.190431
969001	970000	969501	132.0	-0.272624	-0.494765
970001	971000	970501	122.0	-0.272146	-0.608421
971001	972000	971501	169.0	-0.271667	-0.138279
972001	973000	972501	156.0	-0.271189	-0.253757
973001	974000	973501	136.0	-0.270711	-0.451696
974001	975000	974501	203.0	-0.270233	0.126177
975001	976000	975501	198.0	-0.269754	0.090198
976001	977000	976501	203.0	-0.269276	0.126177
977001	978000	977501	215.0	-0.268798	0.209034
978001	979000	978501	220.0	-0.268319	0.242201
979001	980000	979501	209.0	-0.267841	0.168200
980001	981000	980501	176.0	-0.267363	-0.079727
981001	982000	981501	203.0	-0.266885	0.126177
982001	983000	982501	206.0	-0.266406	0.147342
983001	984000	983501	164.0	-0.265928	-0.181607
984001	985000	984501	240.0	-0.265450	0.367732
985001	986000	985501	145.0	-0.264971	-0.359250
986001	987000	986501	134.0	-0.264493	-0.473070
987001	988000	987501	182.0	-0.264015	-0.031364
988001	989000	988501	268.0	-0.263536	0.526930
989001	990000	989501	236.0	-0.263058	0.343484
990001	991000	990501	201.0	-0.262580	0.111893
991001	992000	991501	228.0	-0.262102	0.293731
992001	993000	992501	210.0	-0.261623	0.175087
993001	994000	993501	154.0	-0.261145	-0.272372
994001	995000	994501	153.0	-0.260667	-0.281771
995001	996000	995501	201.0	-0.260188	0.111893
996001	997000	996501	154.0	-0.259710	-0.272372
997001	998000	997501	142.0	-0.259232	-0.389412
998001	999000	998501	126.0	-0.258754	-0.561879
999001	1000000	999501	143.0	-0.258275	-0.379287
1000001	1001000	1000501	160.0	-0.257797	-0.217231
1001001	1002000	1001501	175.0	-0.257319	-0.087948
1002001	1003000	1002501	151.0	-0.256840	-0.300754
1003001	1004000	1003501	150.0	-0.256362	-0.310340
1004001	1005000	1004501	204.0	-0.255884	0.133267
1005001	1006000	1005501	237.0	-0.255406	0.349584
1006001	1007000	1006501	165.0	-0.254927	-0.172837
1007001	1008000	1007501	208.0	-0.254449	0.161281
1008001	1009000	1008501	197.0	-0.253971	0.082893
1009001	1010000	1009501	148.0	-0.253492	-0.329705
1010001	1011000	1010501	163.0	-0.253014	-0.190431
1011001	1012000	1011501	194.0	-0.252536	0.060754
1012001	1013000	1012501	232.0	-0.252058	0.318822
1013001	1014000	1013501	179.0	-0.251579	-0.055343
1014001	1015000	1014501	158.0	-0.251101	-0.235378
1015001	1016000	1015501	172.0	-0.250623	-0.112894
1016001	1017000	1016501	161.0	-0.250144	-0.208242
1017001	1018000	1017501	181.0	-0.249666	-0.039313
1018001	1019000	1018501	207.0	-0.249188	0.154328
1019001	1020000	1019501	245.0	-0.248710	0.397479
1020001	1021000	1020501	186.0	-0.248231	0.000000
1021001	1022000	1021501	219.0	-0.247753	0.235628
1022001	1023000	1022501	147.0	-0.247275	-0.339486
1023001	1024000	1023501	154.0	-0.246796	-0.272372
1024001	1025000	1024501	168.0	-0.246318	-0.146841
1025001	1026000	1025501	195.0	-0.245840	0.068172
1026001	1027000	1026501	187.0	-0.245362	0.007736
1027001	1028000	1027501	237.0	-0.244883	0.349584
1028001	1029000	1028501	154.0	-0.244405	-0.272372
1029001	1030000	1029501	145.0	-0.243927	-0.359250
1030001	1031000	1030501	185.0	-0.243448	-0.007777
1031001	1032000	1031501	158.0	-0.242970	-0.235378
1032001	1033000	1032501	158.0	-0.242492	-0.235378
1033001	1034000	1033501	197.0	-0.242014	0.082893
1034001	1035000	1034501	246.0	-0.241535	0.403356
1035001	1036000	1035501	236.0	-0.241057	0.343484
1036001	1037000	1036501	203.0	-0.240579	0.126177
1037001	1038000	1037501	205.0	-0.240100	0.140321
1038001	1039000	1038501	220.0	-0.239622	0.242201
1039001	1040000	1039501	207.0	-0.239144	0.154328
1040001	1041000	1040501	206.0	-0.238666	0.147342
1041001	1042000	1041501	187.0	-0.238187	0.007736
1042001	1043000	1042501	220.0	-0.237709	0.242201
1043001	1044000	1043501	173.0	-0.237231	-0.104531
1044001	1045000	1044501	253.0	-0.236752	0.443835
1045001	1046000	1045501	195.0	-0.236274	0.068172
1046001	1047000	1046501	224.0	-0.235796	0.268196
1047001	1048000	1047501	268.0	-0.235318	0.526930
1048001	1049000	1048501	195.0	-0.234839	0.068172
1049001	1050000	1049501	174.0	-0.234361	-0.096215
1050001	1051000	1050501	161.0	-0.233883	-0.208242
1051001	1052000	1051501	157.0	-0.233404	-0.244538
1052001	1053000	1052501	127.0	-0.232926	-0.550474
1053001	1054000	1053501	186.0	-0.232448	0.000000
1054001	1055000	1054501	156.0	-0.231970	-0.253757
1055001	1056000	1055501	134.0	-0.231491	-0.473070
1056001	1057000	1056501	171.0	-0.231013	-0.121306
1057001	1058000	1057501	162.0	-0.230535	-0.199309
1058001	1059000	1058501	177.0	-0.230056	-0.071553
1059001	1060000	1059501	171.0	-0.229578	-0.121306
1060001	1061000	1060501	198.0	-0.229100	0.090198
1061001	1062000	1061501	213.0	-0.228621	0.195551
1062001	1063000	1062501	177.0	-0.228143	-0.071553
1063001	1064000	1063501	168.0	-0.227665	-0.146841
1064001	1065000	1064501	166.0	-0.227187	-0.164119
1065001	1066000	1065501	166.0	-0.226708	-0.164119
1066001	1067000	1066501	179.0	-0.226230	-0.055343
1067001	1068000	1067501	156.0	-0.225752	-0.253757
1068001	1069000	1068501	135.0	-0.225273	-0.462343
1069001	1070000	1069501	165.0	-0.224795	-0.172837
1070001	1071000	1070501	159.0	-0.224317	-0.226276
1071001	1072000	1071501	132.0	-0.223839	-0.494765
1072001	1073000	1072501	146.0	-0.223360	-0.349334
1073001	1074000	1073501	148.0	-0.222882	-0.329705
1074001	1075000	1074501	161.0	-0.222404	-0.208242
1075001	1076000	1075501	176.0	-0.221925	-0.079727
1076001	1077000	1076501	156.0	-0.221447	-0.253757
1077001	1078000	1077501	199.0	-0.220969	0.097466
1078001	1079000	1078501	252.0	-0.220491	0.438121
1079001	1080000	1079501	165.0	-0.220012	-0.172837
1080001	1081000	1080501	144.0	-0.219534	-0.369234
1081001	1082000	1081501	194.0	-0.219056	0.060754
1082001	1083000	1082501	246.0	-0.218577	0.403356
1083001	1084000	1083501	187.0	-0.218099	0.007736
1084001	1085000	1084501	193.0	-0.217621	0.053298
1085001	1086000	1085501	182.0	-0.217143	-0.031364
1086001	1087000	1086501	162.0	-0.216664	-0.199309
1087001	1088000	1087501	157.0	-0.216186	-0.244538
1088001	1089000	1088501	149.0	-0.215708	-0.319990
1089001	1090000	1089501	190.0	-0.215229	0.030697
1090001	1091000	1090501	145.0	-0.214751	-0.359250
1091001	1092000	1091501	183.0	-0.214273	-0.023459
1092001	1093000	1092501	180.0	-0.213795	-0.047306
1093001	1094000	1093501	167.0	-0.213316	-0.155455
1094001	1095000	1094501	132.0	-0.212838	-0.494765
1095001	1096000	1095501	165.0	-0.212360	-0.172837
1096001	1097000	1096501	227.0	-0.211881	0.287390
1097001	1098000	1097501	186.0	-0.211403	0.000000
1098001	1099000	1098501	221.0	-0.210925	0.248744
1099001	1100000	1099501	273.0	-0.210447	0.553598
1100001	1101000	1100501	210.0	-0.209968	0.175087
1101001	1102000	1101501	207.0	-0.209490	0.154328
1102001	1103000	1102501	173.0	-0.209012	-0.104531
1103001	1104000	1103501	173.0	-0.208533	-0.104531
1104001	1105000	1104501	173.0	-0.208055	-0.104531
1105001	1106000	1105501	202.0	-0.207577	0.119053
1106001	1107000	1106501	184.0	-0.207099	-0.015597
1107001	1108000	1107501	163.0	-0.206620	-0.190431
1108001	1109000	1108501	162.0	-0.206142	-0.199309
1109001	1110000	1109501	153.0	-0.205664	-0.281771
1110001	1111000	1110501	181.0	-0.205185	-0.039313
1111001	1112000	1111501	178.0	-0.204707	-0.063425
1112001	1113000	1112501	183.0	-0.204229	-0.023459
1113001	1114000	1113501	224.0	-0.203751	0.268196
1114001	1115000	1114501	176.0	-0.203272	-0.079727
1115001	1116000	1115501	189.0	-0.202794	0.023084
1116001	1117000	1116501	184.0	-0.202316	-0.015597
1117001	1118000	1117501	209.0	-0.201837	0.168200
1118001	1119000	1118501	135.0	-0.201359	-0.462343
1119001	1120000	1119501	196.0	-0.200881	0.075551
1120001	1121000	1120501	152.0	-0.200403	-0.291231
1121001	1122000	1121501	169.0	-0.199924	-0.138279
1122001	1123000	1122501	166.0	-0.199446	-0.164119
1123001	1124000	1123501	193.0	-0.198968	0.053298
1124001	1125000	1124501	179.0	-0.198489	-0.055343
1125001	1126000	1125501	129.0	-0.198011	-0.527932
1126001	1127000	1126501	179.0	-0.197533	-0.055343
1127001	1128000	1127501	216.0	-0.197055	0.215729
1128001	1129000	1128501	230.0	-0.196576	0.306331
1129001	1130000	1129501	208.0	-0.196098	0.161281
1130001	1131000	1130501	229.0	-0.195620	0.300045
1131001	1132000	1131501	239.0	-0.195141	0.361708
1132001	1133000	1132501	287.0	-0.194663	0.625748
1133001	1134000	1133501	192.0	-0.194185	0.045804
1134001	1135000	1134501	209.0	-0.193706	0.168200
1135001	1136000	1135501	318.0	-0.193228	0.773724
1136001	1137000	1136501	270.0	-0.192750	0.537657
1137001	1138000	1137501	199.0	-0.192272	0.097466
1138001	1139000	1138501	228.0	-0.191793	0.293731
1139001	1140000	1139501	206.0	-0.191315	0.147342
1140001	1141000	1140501	159.0	-0.190837	-0.226276
1141001	1142000	1141501	163.0	-0.190358	-0.190431
1142001	1143000	1142501	199.0	-0.189880	0.097466
1143001	1144000	1143501	169.0	-0.189402	-0.138279
1144001	1145000	1144501	196.0	-0.188924	0.075551
1145001	1146000	1145501	185.0	-0.188445	-0.007777
1146001	1147000	1146501	218.0	-0.187967	0.229026
1147001	1148000	1147501	206.0	-0.187489	0.147342
1148001	1149000	1148501	189.0	-0.187010	0.023084
1149001	1150000	1149501	176.0	-0.186532	-0.079727
1150001	1151000	1150501	202.0	-0.186054	0.119053
1151001	1152000	1151501	177.0	-0.185576	-0.071553
1152001	1153000	1152501	149.0	-0.185097	-0.319990
1153001	1154000	1153501	157.0	-0.184619	-0.244538
1154001	1155000	1154501	177.0	-0.184141	-0.071553
1155001	1156000	1155501	153.0	-0.183662	-0.281771
1156001	1157000	1156501	129.0	-0.183184	-0.527932
1157001	1158000	1157501	173.0	-0.182706	-0.104531
1158001	1159000	1158501	205.0	-0.182228	0.140321
1159001	1160000	1159501	165.0	-0.181749	-0.172837
1160001	1161000	1160501	152.0	-0.181271	-0.291231
1161001	1162000	1161501	217.0	-0.180793	0.222392
1162001	1163000	1162501	158.0	-0.180314	-0.235378
1163001	1164000	1163501	178.0	-0.179836	-0.063425
1164001	1165000	1164501	193.0	-0.179358	0.053298
1165001	1166000	1165501	168.0	-0.178880	-0.146841
1166001	1167000	1166501	187.0	-0.178401	0.007736
1167001	1168000	1167501	184.0	-0.177923	-0.015597
1168001	1169000	1168501	160.0	-0.177445	-0.217231
1169001	1170000	1169501	162.0	-0.176966	-0.199309
1170001	1171000	1170501	165.0	-0.176488	-0.172837
1171001	1172000	1171501	197.0	-0.176010	0.082893
1172001	1173000	1172501	290.0	-0.175532	0.640750
1173001	1174000	1173501	213.0	-0.175053	0.195551
1174001	1175000	1174501	166.0	-0.174575	-0.164119
1175001	1176000	1175501	173.0	-0.174097	-0.104531
1176001	1177000	1176501	171.0	-0.173618	-0.121306
1177001	1178000	1177501	122.0	-0.173140	-0.608421
1178001	1179000	1178501	168.0	-0.172662	-0.146841
1179001	1180000	1179501	159.0	-0.172184	-0.226276
1180001	1181000	1180501	167.0	-0.171705	-0.155455
1181001	1182000	1181501	145.0	-0.171227	-0.359250
1182001	1183000	1182501	166.0	-0.170749	-0.164119
1183001	1184000	1183501	209.0	-0.170270	0.168200
1184001	1185000	1184501	188.0	-0.169792	0.015430
1185001	1186000	1185501	181.0	-0.169314	-0.039313
1186001	1187000	1186501	156.0	-0.168836	-0.253757
1187001	1188000	1187501	198.0	-0.168357	0.090198
1188001	1189000	1188501	158.0	-0.167879	-0.235378
1189001	1190000	1189501	184.0	-0.167401	-0.015597
1190001	1191000	1190501	227.0	-0.166922	0.287390
1191001	1192000	1191501	221.0	-0.166444	0.248744
1192001	1193000	1192501	181.0	-0.165966	-0.039313
1193001	1194000	1193501	153.0	-0.165488	-0.281771
1194001	1195000	1194501	173.0	-0.165009	-0.104531
1195001	1196000	1195501	200.0	-0.164531	0.104697
1196001	1197000	1196501	228.0	-0.164053	0.293731
1197001	1198000	1197501	181.0	-0.163574	-0.039313
1198001	1199000	1198501	174.0	-0.163096	-0.096215
1199001	1200000	1199501	168.0	-0.162618	-0.146841
1200001	1201000	1200501	166.0	-0.162140	-0.164119
1201001	1202000	1201501	170.0	-0.161661	-0.129768
1202001	1203000	1202501	169.0	-0.161183	-0.138279
1203001	1204000	1203501	195.0	-0.160705	0.068172
1204001	1205000	1204501	266.0	-0.160226	0.516124
1205001	1206000	1205501	204.0	-0.159748	0.133267
1206001	1207000	1206501	223.0	-0.159270	0.261741
1207001	1208000	1207501	153.0	-0.158792	-0.281771
1208001	1209000	1208501	182.0	-0.158313	-0.031364
1209001	1210000	1209501	134.0	-0.157835	-0.473070
1210001	1211000	1210501	172.0	-0.157357	-0.112894
1211001	1212000	1211501	185.0	-0.156878	-0.007777
1212001	1213000	1212501	130.0	-0.156400	-0.516791
1213001	1214000	1213501	163.0	-0.155922	-0.190431
1214001	1215000	1214501	209.0	-0.155443	0.168200
1215001	1216000	1215501	206.0	-0.154965	0.147342
1216001	1217000	1216501	158.0	-0.154487	-0.235378
1217001	1218000	1217501	159.0	-0.154009	-0.226276
1218001	1219000	1218501	187.0	-0.153530	0.007736
1219001	1220000	1219501	136.0	-0.153052	-0.451696
1220001	1221000	1220501	153.0	-0.152574	-0.281771
1221001	1222000	1221501	176.0	-0.152095	-0.079727
1222001	1223000	1222501	171.0	-0.151617	-0.121306
1223001	1224000	1223501	184.0	-0.151139	-0.015597
1224001	1225000	1224501	218.0	-0.150661	0.229026
1225001	1226000	1225501	157.0	-0.150182	-0.244538
1226001	1227000	1226501	236.0	-0.149704	0.343484
1227001	1228000	1227501	205.0	-0.149226	0.140321
1228001	1229000	1228501	196.0	-0.148747	0.075551
1229001	1230000	1229501	172.0	-0.148269	-0.112894
1230001	1231000	1230501	234.0	-0.147791	0.331206
1231001	1232000	1231501	197.0	-0.147313	0.082893
1232001	1233000	1232501	170.0	-0.146834	-0.129768
1233001	1234000	1233501	113.0	-0.146356	-0.718980
1234001	1235000	1234501	190.0	-0.145878	0.030697
1235001	1236000	1235501	199.0	-0.145399	0.097466
1236001	1237000	1236501	190.0	-0.144921	0.030697
1237001	1238000	1237501	214.0	-0.144443	0.202308
1238001	1239000	1238501	173.0	-0.143965	-0.104531
1239001	1240000	1239501	169.0	-0.143486	-0.138279
1240001	1241000	1240501	169.0	-0.143008	-0.138279
1241001	1242000	1241501	143.0	-0.142530	-0.379287
1242001	1243000	1242501	152.0	-0.142051	-0.291231
1243001	1244000	1243501	165.0	-0.141573	-0.172837
1244001	1245000	1244501	132.0	-0.141095	-0.494765
1245001	1246000	1245501	138.0	-0.140617	-0.430634
1246001	1247000	1246501	173.0	-0.140138	-0.104531
1247001	1248000	1247501	224.0	-0.139660	0.268196
1248001	1249000	1248501	242.0	-0.139182	0.379704
1249001	1250000	1249501	260.0	-0.138703	0.483209
1250001	1251000	1250501	275.0	-0.138225	0.564129
1251001	1252000	1251501	312.0	-0.137747	0.746243
1252001	1253000	1252501	274.0	-0.137269	0.558873
1253001	1254000	1253501	263.0	-0.136790	0.499760
1254001	1255000	1254501	232.0	-0.136312	0.318822
1255001	1256000	1255501	212.0	-0.135834	0.188762
1256001	1257000	1256501	206.0	-0.135355	0.147342
1257001	1258000	1257501	219.0	-0.134877	0.235628
1258001	1259000	1258501	92.0	-0.134399	-1.015597
1259001	1260000	1259501	143.0	-0.133921	-0.379287
1260001	1261000	1260501	107.0	-0.133442	-0.797692
1261001	1262000	1261501	106.0	-0.132964	-0.811238
1262001	1263000	1262501	99.0	-0.132486	-0.909802
1263001	1264000	1263501	97.0	-0.132007	-0.939246
1264001	1265000	1264501	98.0	-0.131529	-0.924449
1265001	1266000	1265501	104.0	-0.131051	-0.838719
1266001	1267000	1266501	84.0	-0.130573	-1.146841
1267001	1268000	1267501	103.0	-0.130094	-0.852658
1268001	1269000	1268501	65.0	-0.129616	-1.516791
1269001	1270000	1269501	72.0	-0.129138	-1.369234
1270001	1271000	1270501	92.0	-0.128659	-1.015597
1271001	1272000	1271501	75.0	-0.128181	-1.310340
1272001	1273000	1272501	114.0	-0.127703	-0.706269
1273001	1274000	1273501	202.0	-0.127225	0.119053
1274001	1275000	1274501	223.0	-0.126746	0.261741
1275001	1276000	1275501	224.0	-0.126268	0.268196
1276001	1277000	1276501	246.0	-0.125790	0.403356
1277001	1278000	1277501	223.0	-0.125311	0.261741
1278001	1279000	1278501	218.0	-0.124833	0.229026
1279001	1280000	1279501	324.0	-0.124355	0.800691
1280001	1281000	1280501	256.0	-0.123877	0.460841
1281001	1282000	1281501	223.0	-0.123398	0.261741
1282001	1283000	1282501	259.0	-0.122920	0.477649
1283001	1284000	1283501	297.0	-0.122442	0.675160
1284001	1285000	1284501	243.0	-0.121963	0.385654
1285001	1286000	1285501	253.0	-0.121485	0.443835
1286001	1287000	1286501	213.0	-0.121007	0.195551
1287001	1288000	1287501	232.0	-0.120528	0.318822
1288001	1289000	1288501	279.0	-0.120050	0.584963
1289001	1290000	1289501	255.0	-0.119572	0.455195
1290001	1291000	1290501	231.0	-0.119094	0.312590
1291001	1292000	1291501	220.0	-0.118615	0.242201
1292001	1293000	1292501	219.0	-0.118137	0.235628
1293001	1294000	1293501	221.0	-0.117659	0.248744
1294001	1295000	1294501	235.0	-0.117180	0.337358
1295001	1296000	1295501	229.0	-0.116702	0.300045
1296001	1297000	1296501	211.0	-0.116224	0.181940
1297001	1298000	1297501	182.0	-0.115746	-0.031364
1298001	1299000	1298501	145.0	-0.115267	-0.359250
1299001	1300000	1299501	172.0	-0.114789	-0.112894
1300001	1301000	1300501	179.0	-0.114311	-0.055343
1301001	1302000	1301501	245.0	-0.113832	0.397479
1302001	1303000	1302501	196.0	-0.113354	0.075551
1303001	1304000	1303501	183.0	-0.112876	-0.023459
1304001	1305000	1304501	185.0	-0.112398	-0.007777
1305001	1306000	1305501	175.0	-0.111919	-0.087948
1306001	1307000	1306501	191.0	-0.111441	0.038270
1307001	1308000	1307501	168.0	-0.110963	-0.146841
1308001	1309000	1308501	194.0	-0.110484	0.060754
1309001	1310000	1309501	162.0	-0.110006	-0.199309
1310001	1311000	1310501	182.0	-0.109528	-0.031364
1311001	1312000	1311501	177.0	-0.109050	-0.071553
1312001	1313000	1312501	187.0	-0.108571	0.007736
1313001	1314000	1313501	181.0	-0.108093	-0.039313
1314001	1315000	1314501	191.0	-0.107615	0.038270
1315001	1316000	1315501	184.0	-0.107136	-0.015597
1316001	1317000	1316501	227.0	-0.106658	0.287390
1317001	1318000	1317501	195.0	-0.106180	0.068172
1318001	1319000	1318501	211.0	-0.105702	0.181940
1319001	1320000	1319501	216.0	-0.105223	0.215729
1320001	1321000	1320501	166.0	-0.104745	-0.164119
1321001	1322000	1321501	192.0	-0.104267	0.045804
1322001	1323000	1322501	245.0	-0.103788	0.397479
1323001	1324000	1323501	200.0	-0.103310	0.104697
1324001	1325000	1324501	182.0	-0.102832	-0.031364
1325001	1326000	1325501	194.0	-0.102354	0.060754
1326001	1327000	1326501	228.0	-0.101875	0.293731
1327001	1328000	1327501	252.0	-0.101397	0.438121
1328001	1329000	1328501	192.0	-0.100919	0.045804
1329001	1330000	1329501	127.0	-0.100440	-0.550474
1330001	1331000	1330501	186.0	-0.099962	0.000000
1331001	1332000	1331501	163.0	-0.099484	-0.190431
1332001	1333000	1332501	102.0	-0.099006	-0.866733
1333001	1334000	1333501	165.0	-0.098527	-0.172837
1334001	1335000	1334501	209.0	-0.098049	0.168200
1335001	1336000	1335501	166.0	-0.097571	-0.164119
1336001	1337000	1336501	206.0	-0.097092	0.147342
1337001	1338000	1337501	199.0	-0.096614	0.097466
1338001	1339000	1338501	163.0	-0.096136	-0.190431
1339001	1340000	1339501	189.0	-0.095658	0.023084
1340001	1341000	1340501	193.0	-0.095179	0.053298
1341001	1342000	1341501	144.0	-0.094701	-0.369234
1342001	1343000	1342501	183.0	-0.094223	-0.023459
1343001	1344000	1343501	238.0	-0.093744	0.355659
1344001	1345000	1344501	231.0	-0.093266	0.312590
1345001	1346000	1345501	182.0	-0.092788	-0.031364
1346001	1347000	1346501	195.0	-0.092310	0.068172
1347001	1348000	1347501	224.0	-0.091831	0.268196
1348001	1349000	1348501	186.0	-0.091353	0.000000
1349001	1350000	1349501	230.0	-0.090875	0.306331
1350001	1351000	1350501	196.0	-0.090396	0.075551
1351001	1352000	1351501	162.0	-0.089918	-0.199309
1352001	1353000	1352501	158.0	-0.089440	-0.235378
1353001	1354000	1353501	114.0	-0.088962	-0.706269
1354001	1355000	1354501	153.0	-0.088483	-0.281771
1355001	1356000	1355501	148.0	-0.088005	-0.329705
1356001	1357000	1356501	216.0	-0.087527	0.215729
1357001	1358000	1357501	181.0	-0.087048	-0.039313
1358001	1359000	1358501	165.0	-0.086570	-0.172837
1359001	1360000	1359501	160.0	-0.086092	-0.217231
1360001	1361000	1360501	164.0	-0.085613	-0.181607
1361001	1362000	1361501	148.0	-0.085135	-0.329705
1362001	1363000	1362501	210.0	-0.084657	0.175087
1363001	1364000	1363501	174.0	-0.084179	-0.096215
1364001	1365000	1364501	211.0	-0.083700	0.181940
1365001	1366000	1365501	192.0	-0.083222	0.045804
1366001	1367000	1366501	161.0	-0.082744	-0.208242
1367001	1368000	1367501	176.0	-0.082265	-0.079727
1368001	1369000	1368501	183.0	-0.081787	-0.023459
1369001	1370000	1369501	230.0	-0.081309	0.306331
1370001	1371000	1370501	191.0	-0.080831	0.038270
1371001	1372000	1371501	155.0	-0.080352	-0.263034
1372001	1373000	1372501	150.0	-0.079874	-0.310340
1373001	1374000	1373501	165.0	-0.079396	-0.172837
1374001	1375000	1374501	202.0	-0.078917	0.119053
1375001	1376000	1375501	187.0	-0.078439	0.007736
1376001	1377000	1376501	187.0	-0.077961	0.007736
1377001	1378000	1377501	214.0	-0.077483	0.202308
1378001	1379000	1378501	232.0	-0.077004	0.318822
1379001	1380000	1379501	169.0	-0.076526	-0.138279
1380001	1381000	1380501	152.0	-0.076048	-0.291231
1381001	1382000	1381501	147.0	-0.075569	-0.339486
1382001	1383000	1382501	144.0	-0.075091	-0.369234
1383001	1384000	1383501	166.0	-0.074613	-0.164119
1384001	1385000	1384501	151.0	-0.074135	-0.300754
1385001	1386000	1385501	113.0	-0.073656	-0.718980
1386001	1387000	1386501	164.0	-0.073178	-0.181607
1387001	1388000	1387501	167.0	-0.072700	-0.155455
1388001	1389000	1388501	191.0	-0.072221	0.038270
1389001	1390000	1389501	148.0	-0.071743	-0.329705
1390001	1391000	1390501	169.0	-0.071265	-0.138279
1391001	1392000	1391501	150.0	-0.070787	-0.310340
1392001	1393000	1392501	156.0	-0.070308	-0.253757
1393001	1394000	1393501	169.0	-0.069830	-0.138279
1394001	1395000	1394501	276.0	-0.069352	0.569366
1395001	1396000	1395501	266.0	-0.068873	0.516124
1396001	1397000	1396501	199.0	-0.068395	0.097466
1397001	1398000	1397501	147.0	-0.067917	-0.339486
1398001	1399000	1398501	160.0	-0.067439	-0.217231
1399001	1400000	1399501	181.0	-0.066960	-0.039313
1400001	1401000	1400501	178.0	-0.066482	-0.063425
1401001	1402000	1401501	140.0	-0.066004	-0.409876
1402001	1403000	1402501	157.0	-0.065525	-0.244538
1403001	1404000	1403501	143.0	-0.065047	-0.379287
1404001	1405000	1404501	165.0	-0.064569	-0.172837
1405001	1406000	1405501	176.0	-0.064091	-0.079727
1406001	1407000	1406501	159.0	-0.063612	-0.226276
1407001	1408000	1407501	191.0	-0.063134	0.038270
1408001	1409000	1408501	150.0	-0.062656	-0.310340
1409001	1410000	1409501	166.0	-0.062177	-0.164119
1410001	1411000	1410501	145.0	-0.061699	-0.359250
1411001	1412000	1411501	161.0	-0.061221	-0.208242
1412001	1413000	1412501	179.0	-0.060743	-0.055343
1413001	1414000	1413501	228.0	-0.060264	0.293731
1414001	1415000	1414501	172.0	-0.059786	-0.112894
1415001	1416000	1415501	140.0	-0.059308	-0.409876
1416001	1417000	1416501	200.0	-0.058829	0.104697
1417001	1418000	1417501	236.0	-0.058351	0.343484
1418001	1419000	1418501	230.0	-0.057873	0.306331
1419001	1420000	1419501	235.0	-0.057395	0.337358
1420001	1421000	1420501	284.0	-0.056916	0.610588
1421001	1422000	1421501	330.0	-0.056438	0.827163
1422001	1423000	1422501	341.0	-0.055960	0.874469
1423001	1424000	1423501	243.0	-0.055481	0.385654
1424001	1425000	1424501	130.0	-0.055003	-0.516791
1425001	1426000	1425501	204.0	-0.054525	0.133267
1426001	1427000	1426501	232.0	-0.054047	0.318822
1427001	1428000	1427501	153.0	-0.053568	-0.281771
1428001	1429000	1428501	149.0	-0.053090	-0.319990
1429001	1430000	1429501	164.0	-0.052612	-0.181607
1430001	1431000	1430501	141.0	-0.052133	-0.399607
1431001	1432000	1431501	238.0	-0.051655	0.355659
1432001	1433000	1432501	313.0	-0.051177	0.750860
1433001	1434000	1433501	233.0	-0.050698	0.325027
1434001	1435000	1434501	142.0	-0.050220	-0.389412
1435001	1436000	1435501	142.0	-0.049742	-0.389412
1436001	1437000	1436501	148.0	-0.049264	-0.329705
1437001	1438000	1437501	174.0	-0.048785	-0.096215
1438001	1439000	1438501	175.0	-0.048307	-0.087948
1439001	1440000	1439501	204.0	-0.047829	0.133267
1440001	1441000	1440501	168.0	-0.047350	-0.146841
1441001	1442000	1441501	181.0	-0.046872	-0.039313
1442001	1443000	1442501	165.0	-0.046394	-0.172837
1443001	1444000	1443501	102.0	-0.045916	-0.866733
1444001	1445000	1444501	188.0	-0.045437	0.015430
1445001	1446000	1445501	150.0	-0.044959	-0.310340
1446001	1447000	1446501	174.0	-0.044481	-0.096215
1447001	1448000	1447501	239.0	-0.044002	0.361708
1448001	1449000	1448501	172.0	-0.043524	-0.112894
1449001	1450000	1449501	200.0	-0.043046	0.104697
1450001	1451000	1450501	192.0	-0.042568	0.045804
1451001	1452000	1451501	173.0	-0.042089	-0.104531
1452001	1453000	1452501	216.0	-0.041611	0.215729
1453001	1454000	1453501	169.0	-0.041133	-0.138279
1454001	1455000	1454501	286.0	-0.040654	0.620713
1455001	1456000	1455501	289.0	-0.040176	0.635767
1456001	1457000	1456501	188.0	-0.039698	0.015430
1457001	1458000	1457501	286.0	-0.039220	0.620713
1458001	1459000	1458501	362.0	-0.038741	0.960687
1459001	1460000	1459501	333.0	-0.038263	0.840220
1460001	1461000	1460501	301.0	-0.037785	0.694461
1461001	1462000	1461501	233.0	-0.037306	0.325027
1462001	1463000	1462501	233.0	-0.036828	0.325027
1463001	1464000	1463501	170.0	-0.036350	-0.129768
1464001	1465000	1464501	196.0	-0.035872	0.075551
1465001	1466000	1465501	218.0	-0.035393	0.229026
1466001	1467000	1466501	219.0	-0.034915	0.235628
1467001	1468000	1467501	229.0	-0.034437	0.300045
1468001	1469000	1468501	228.0	-0.033958	0.293731
1469001	1470000	1469501	185.0	-0.033480	-0.007777
1470001	1471000	1470501	173.0	-0.033002	-0.104531
1471001	1472000	1471501	194.0	-0.032524	0.060754
1472001	1473000	1472501	181.0	-0.032045	-0.039313
1473001	1474000	1473501	153.0	-0.031567	-0.281771
1474001	1475000	1474501	127.0	-0.031089	-0.550474
1475001	1476000	1475501	268.0	-0.030610	0.526930
1476001	1477000	1476501	178.0	-0.030132	-0.063425
1477001	1478000	1477501	168.0	-0.029654	-0.146841
1478001	1479000	1478501	155.0	-0.029176	-0.263034
1479001	1480000	1479501	209.0	-0.028697	0.168200
1480001	1481000	1480501	133.0	-0.028219	-0.483876
1481001	1482000	1481501	192.0	-0.027741	0.045804
1482001	1483000	1482501	196.0	-0.027262	0.075551
1483001	1484000	1483501	143.0	-0.026784	-0.379287
1484001	1485000	1484501	208.0	-0.026306	0.161281
1485001	1486000	1485501	193.0	-0.025828	0.053298
1486001	1487000	1486501	208.0	-0.025349	0.161281
1487001	1488000	1487501	214.0	-0.024871	0.202308
1488001	1489000	1488501	181.0	-0.024393	-0.039313
1489001	1490000	1489501	157.0	-0.023914	-0.244538
1490001	1491000	1490501	158.0	-0.023436	-0.235378
1491001	1492000	1491501	128.0	-0.022958	-0.539159
1492001	1493000	1492501	169.0	-0.022480	-0.138279
1493001	1494000	1493501	208.0	-0.022001	0.161281
1494001	1495000	1494501	174.0	-0.021523	-0.096215
1495001	1496000	1495501	192.0	-0.021045	0.045804
1496001	1497000	1496501	188.0	-0.020566	0.015430
1497001	1498000	1497501	160.0	-0.020088	-0.217231
1498001	1499000	1498501	122.0	-0.019610	-0.608421
1499001	1500000	1499501	193.0	-0.019132	0.053298
1500001	1501000	1500501	202.0	-0.018653	0.119053
1501001	1502000	1501501	202.0	-0.018175	0.119053
1502001	1503000	1502501	199.0	-0.017697	0.097466
1503001	1504000	1503501	124.0	-0.017218	-0.584963
1504001	1505000	1504501	193.0	-0.016740	0.053298
1505001	1506000	1505501	198.0	-0.016262	0.090198
1506001	1507000	1506501	133.0	-0.015783	-0.483876
1507001	1508000	1507501	135.0	-0.015305	-0.462343
1508001	1509000	1508501	191.0	-0.014827	0.038270
1509001	1510000	1509501	204.0	-0.014349	0.133267
1510001	1511000	1510501	219.0	-0.013870	0.235628
1511001	1512000	1511501	205.0	-0.013392	0.140321
1512001	1513000	1512501	213.0	-0.012914	0.195551
1513001	1514000	1513501	174.0	-0.012435	-0.096215
1514001	1515000	1514501	178.0	-0.011957	-0.063425
1515001	1516000	1515501	195.0	-0.011479	0.068172
1516001	1517000	1516501	321.0	-0.011001	0.787271
1517001	1518000	1517501	245.0	-0.010522	0.397479
1518001	1519000	1518501	257.0	-0.010044	0.466466
1519001	1520000	1519501	168.0	-0.009566	-0.146841
1520001	1521000	1520501	294.0	-0.009087	0.660514
1521001	1522000	1521501	161.0	-0.008609	-0.208242
1522001	1523000	1522501	175.0	-0.008131	-0.087948
1523001	1524000	1523501	174.0	-0.007653	-0.096215
1524001	1525000	1524501	170.0	-0.007174	-0.129768
1525001	1526000	1525501	212.0	-0.006696	0.188762
1526001	1527000	1526501	195.0	-0.006218	0.068172
1527001	1528000	1527501	190.0	-0.005739	0.030697
1528001	1529000	1528501	241.0	-0.005261	0.373731
1529001	1530000	1529501	147.0	-0.004783	-0.339486
1530001	1531000	1530501	167.0	-0.004305	-0.155455
1531001	1532000	1531501	181.0	-0.003826	-0.039313
1532001	1533000	1532501	126.0	-0.003348	-0.561879
1533001	1534000	1533501	164.0	-0.002870	-0.181607
1534001	1535000	1534501	193.0	-0.002391	0.053298
1535001	1536000	1535501	145.0	-0.001913	-0.359250
1536001	1537000	1536501	143.0	-0.001435	-0.379287
1537001	1538000	1537501	138.0	-0.000957	-0.430634
1538001	1539000	1538501	173.0	-0.000478	-0.104531
1539001	1540000	1539501	193.0	0.000000	0.053298
1540001	1541000	1540501	293.0	0.000522	0.655598
1541001	1542000	1541501	191.0	0.001045	0.038270
1542001	1543000	1542501	165.0	0.001567	-0.172837
1543001	1544000	1543501	180.0	0.002090	-0.047306
1544001	1545000	1544501	166.0	0.002612	-0.164119
1545001	1546000	1545501	192.0	0.003135	0.045804
1546001	1547000	1546501	181.0	0.003657	-0.039313
1547001	1548000	1547501	152.0	0.004180	-0.291231
1548001	1549000	1548501	156.0	0.004702	-0.253757
1549001	1550000	1549501	155.0	0.005225	-0.263034
1550001	1551000	1550501	176.0	0.005747	-0.079727
1551001	1552000	1551501	186.0	0.006270	0.000000
1552001	1553000	1552501	186.0	0.006792	0.000000
1553001	1554000	1553501	200.0	0.007315	0.104697
1554001	1555000	1554501	202.0	0.007837	0.119053
1555001	1556000	1555501	201.0	0.008359	0.111893
1556001	1557000	1556501	144.0	0.008882	-0.369234
1557001	1558000	1557501	228.0	0.009404	0.293731
1558001	1559000	1558501	215.0	0.009927	0.209034
1559001	1560000	1559501	165.0	0.010449	-0.172837
1560001	1561000	1560501	183.0	0.010972	-0.023459
1561001	1562000	1561501	220.0	0.011494	0.242201
1562001	1563000	1562501	152.0	0.012017	-0.291231
1563001	1564000	1563501	183.0	0.012539	-0.023459
1564001	1565000	1564501	257.0	0.013062	0.466466
1565001	1566000	1565501	249.0	0.013584	0.420843
1566001	1567000	1566501	182.0	0.014107	-0.031364
1567001	1568000	1567501	163.0	0.014629	-0.190431
1568001	1569000	1568501	115.0	0.015152	-0.693669
1569001	1570000	1569501	167.0	0.015674	-0.155455
1570001	1571000	1570501	163.0	0.016196	-0.190431
1571001	1572000	1571501	195.0	0.016719	0.068172
1572001	1573000	1572501	175.0	0.017241	-0.087948
1573001	1574000	1573501	230.0	0.017764	0.306331
1574001	1575000	1574501	160.0	0.018286	-0.217231
1575001	1576000	1575501	165.0	0.018809	-0.172837
1576001	1577000	1576501	202.0	0.019331	0.119053
1577001	1578000	1577501	220.0	0.019854	0.242201
1578001	1579000	1578501	222.0	0.020376	0.255257
1579001	1580000	1579501	146.0	0.020899	-0.349334
1580001	1581000	1580501	199.0	0.021421	0.097466
1581001	1582000	1581501	190.0	0.021944	0.030697
1582001	1583000	1582501	131.0	0.022466	-0.505736
1583001	1584000	1583501	162.0	0.022989	-0.199309
1584001	1585000	1584501	121.0	0.023511	-0.620296
1585001	1586000	1585501	134.0	0.024033	-0.473070
1586001	1587000	1586501	149.0	0.024556	-0.319990
1587001	1588000	1587501	166.0	0.025078	-0.164119
1588001	1589000	1588501	154.0	0.025601	-0.272372
1589001	1590000	1589501	124.0	0.026123	-0.584963
1590001	1591000	1590501	147.0	0.026646	-0.339486
1591001	1592000	1591501	208.0	0.027168	0.161281
1592001	1593000	1592501	201.0	0.027691	0.111893
1593001	1594000	1593501	187.0	0.028213	0.007736
1594001	1595000	1594501	108.0	0.028736	-0.784271
1595001	1596000	1595501	135.0	0.029258	-0.462343
1596001	1597000	1596501	180.0	0.029781	-0.047306
1597001	1598000	1597501	140.0	0.030303	-0.409876
1598001	1599000	1598501	177.0	0.030825	-0.071553
1599001	1600000	1599501	189.0	0.031348	0.023084
1600001	1601000	1600501	195.0	0.031870	0.068172
1601001	1602000	1601501	173.0	0.032393	-0.104531
1602001	1603000	1602501	150.0	0.032915	-0.310340
1603001	1604000	1603501	209.0	0.033438	0.168200
1604001	1605000	1604501	179.0	0.033960	-0.055343
1605001	1606000	1605501	173.0	0.034483	-0.104531
1606001	1607000	1606501	192.0	0.035005	0.045804
1607001	1608000	1607501	158.0	0.035528	-0.235378
1608001	1609000	1608501	165.0	0.036050	-0.172837
1609001	1610000	1609501	157.0	0.036573	-0.244538
1610001	1611000	1610501	235.0	0.037095	0.337358
1611001	1612000	1611501	199.0	0.037618	0.097466
1612001	1613000	1612501	155.0	0.038140	-0.263034
1613001	1614000	1613501	191.0	0.038662	0.038270
1614001	1615000	1614501	156.0	0.039185	-0.253757
1615001	1616000	1615501	224.0	0.039707	0.268196
1616001	1617000	1616501	153.0	0.040230	-0.281771
1617001	1618000	1617501	182.0	0.040752	-0.031364
1618001	1619000	1618501	169.0	0.041275	-0.138279
1619001	1620000	1619501	162.0	0.041797	-0.199309
1620001	1621000	1620501	226.0	0.042320	0.281020
1621001	1622000	1621501	192.0	0.042842	0.045804
1622001	1623000	1622501	181.0	0.043365	-0.039313
1623001	1624000	1623501	142.0	0.043887	-0.389412
1624001	1625000	1624501	149.0	0.044410	-0.319990
1625001	1626000	1625501	142.0	0.044932	-0.389412
1626001	1627000	1626501	166.0	0.045455	-0.164119
1627001	1628000	1627501	168.0	0.045977	-0.146841
1628001	1629000	1628501	197.0	0.046499	0.082893
1629001	1630000	1629501	244.0	0.047022	0.391579
1630001	1631000	1630501	223.0	0.047544	0.261741
1631001	1632000	1631501	149.0	0.048067	-0.319990
1632001	1633000	1632501	153.0	0.048589	-0.281771
1633001	1634000	1633501	227.0	0.049112	0.287390
1634001	1635000	1634501	219.0	0.049634	0.235628
1635001	1636000	1635501	275.0	0.050157	0.564129
1636001	1637000	1636501	134.0	0.050679	-0.473070
1637001	1638000	1637501	154.0	0.051202	-0.272372
1638001	1639000	1638501	187.0	0.051724	0.007736
1639001	1640000	1639501	169.0	0.052247	-0.138279
1640001	1641000	1640501	186.0	0.052769	0.000000
1641001	1642000	1641501	169.0	0.053292	-0.138279
1642001	1643000	1642501	157.0	0.053814	-0.244538
1643001	1644000	1643501	129.0	0.054336	-0.527932
1644001	1645000	1644501	188.0	0.054859	0.015430
1645001	1646000	1645501	139.0	0.055381	-0.420218
1646001	1647000	1646501	155.0	0.055904	-0.263034
1647001	1648000	1647501	211.0	0.056426	0.181940
1648001	1649000	1648501	239.0	0.056949	0.361708
1649001	1650000	1649501	193.0	0.057471	0.053298
1650001	1651000	1650501	159.0	0.057994	-0.226276
1651001	1652000	1651501	210.0	0.058516	0.175087
1652001	1653000	1652501	155.0	0.059039	-0.263034
1653001	1654000	1653501	196.0	0.059561	0.075551
1654001	1655000	1654501	176.0	0.060084	-0.079727
1655001	1656000	1655501	189.0	0.060606	0.023084
1656001	1657000	1656501	157.0	0.061129	-0.244538
1657001	1658000	1657501	176.0	0.061651	-0.079727
1658001	1659000	1658501	204.0	0.062173	0.133267
1659001	1660000	1659501	163.0	0.062696	-0.190431
1660001	1661000	1660501	183.0	0.063218	-0.023459
1661001	1662000	1661501	158.0	0.063741	-0.235378
1662001	1663000	1662501	147.0	0.064263	-0.339486
1663001	1664000	1663501	142.0	0.064786	-0.389412
1664001	1665000	1664501	202.0	0.065308	0.119053
1665001	1666000	1665501	171.0	0.065831	-0.121306
1666001	1667000	1666501	144.0	0.066353	-0.369234
1667001	1668000	1667501	202.0	0.066876	0.119053
1668001	1669000	1668501	166.0	0.067398	-0.164119
1669001	1670000	1669501	174.0	0.067921	-0.096215
1670001	1671000	1670501	176.0	0.068443	-0.079727
1671001	1672000	1671501	197.0	0.068966	0.082893
1672001	1673000	1672501	101.0	0.069488	-0.880947
1673001	1674000	1673501	28.0	0.070010	-2.731804
1674001	1675000	1674501	24.0	0.070533	-2.954196
1675001	1676000	1675501	24.0	0.071055	-2.954196
1676001	1677000	1676501	43.0	0.071578	-2.112894
1677001	1678000	1677501	41.0	0.072100	-2.181607
1678001	1679000	1678501	26.0	0.072623	-2.838719
1679001	1680000	1679501	24.0	0.073145	-2.954196
1680001	1681000	1680501	23.0	0.073668	-3.015597
1681001	1682000	1681501	30.0	0.074190	-2.632268
1682001	1683000	1682501	32.0	0.074713	-2.539159
1683001	1684000	1683501	28.0	0.075235	-2.731804
1684001	1685000	1684501	31.0	0.075758	-2.584963
1685001	1686000	1685501	22.0	0.076280	-3.079727
1686001	1687000	1686501	30.0	0.076803	-2.632268
1687001	1688000	1687501	29.0	0.077325	-2.681178
1688001	1689000	1688501	23.0	0.077847	-3.015597
1689001	1690000	1689501	14.0	0.078370	-3.731804
1690001	1691000	1690501	26.0	0.078892	-2.838719
1691001	1692000	1691501	20.0	0.079415	-3.217231
1692001	1693000	1692501	35.0	0.079937	-2.409876
1693001	1694000	1693501	28.0	0.080460	-2.731804
1694001	1695000	1694501	27.0	0.080982	-2.784271
1695001	1696000	1695501	24.0	0.081505	-2.954196
1696001	1697000	1696501	30.0	0.082027	-2.632268
1697001	1698000	1697501	20.0	0.082550	-3.217231
1698001	1699000	1698501	23.0	0.083072	-3.015597
1699001	1700000	1699501	29.0	0.083595	-2.681178
1700001	1701000	1700501	28.0	0.084117	-2.731804
1701001	1702000	1701501	31.0	0.084639	-2.584963
1702001	1703000	1702501	34.0	0.085162	-2.451696
1703001	1704000	1703501	19.0	0.085684	-3.291231
1704001	1705000	1704501	25.0	0.086207	-2.895303
1705001	1706000	1705501	23.0	0.086729	-3.015597
1706001	1707000	1706501	21.0	0.087252	-3.146841
1707001	1708000	1707501	16.0	0.087774	-3.539159
1708001	1709000	1708501	18.0	0.088297	-3.369234
1709001	1710000	1709501	31.0	0.088819	-2.584963
1710001	1711000	1710501	28.0	0.089342	-2.731804
1711001	1712000	1711501	23.0	0.089864	-3.015597
1712001	1713000	1712501	28.0	0.090387	-2.731804
1713001	1714000	1713501	27.0	0.090909	-2.784271
1714001	1715000	1714501	26.0	0.091432	-2.838719
1715001	1716000	1715501	20.0	0.091954	-3.217231
1716001	1717000	1716501	24.0	0.092476	-2.954196
1717001	1718000	1717501	23.0	0.092999	-3.015597
1718001	1719000	1718501	18.0	0.093521	-3.369234
1719001	1720000	1719501	18.0	0.094044	-3.369234
1720001	1721000	1720501	22.0	0.094566	-3.079727
1721001	1722000	1721501	17.0	0.095089	-3.451696
1722001	1723000	1722501	27.0	0.095611	-2.784271
1723001	1724000	1723501	33.0	0.096134	-2.494765
1724001	1725000	1724501	33.0	0.096656	-2.494765
1725001	1726000	1725501	16.0	0.097179	-3.539159
1726001	1727000	1726501	27.0	0.097701	-2.784271
1727001	1728000	1727501	29.0	0.098224	-2.681178
1728001	1729000	1728501	26.0	0.098746	-2.838719
1729001	1730000	1729501	36.0	0.099269	-2.369234
1730001	1731000	1730501	23.0	0.099791	-3.015597
1731001	1732000	1731501	27.0	0.100313	-2.784271
1732001	1733000	1732501	25.0	0.100836	-2.895303
1733001	1734000	1733501	29.0	0.101358	-2.681178
1734001	1735000	1734501	25.0	0.101881	-2.895303
1735001	1736000	1735501	28.0	0.102403	-2.731804
1736001	1737000	1736501	31.0	0.102926	-2.584963
1737001	1738000	1737501	37.0	0.103448	-2.329705
1738001	1739000	1738501	35.0	0.103971	-2.409876
1739001	1740000	1739501	41.0	0.104493	-2.181607
1740001	1741000	1740501	55.0	0.105016	-1.757799
1741001	1742000	1741501	49.0	0.105538	-1.924449
1742001	1743000	1742501	24.0	0.106061	-2.954196
1743001	1744000	1743501	25.0	0.106583	-2.895303
1744001	1745000	1744501	18.0	0.107106	-3.369234
1745001	1746000	1745501	37.0	0.107628	-2.329705
1746001	1747000	1746501	32.0	0.108150	-2.539159
1747001	1748000	1747501	18.0	0.108673	-3.369234
1748001	1749000	1748501	13.0	0.109195	-3.838719
1749001	1750000	1749501	41.0	0.109718	-2.181607
1750001	1751000	1750501	30.0	0.110240	-2.632268
1751001	1752000	1751501	20.0	0.110763	-3.217231
1752001	1753000	1752501	38.0	0.111285	-2.291231
1753001	1754000	1753501	30.0	0.111808	-2.632268
1754001	1755000	1754501	28.0	0.112330	-2.731804
1755001	1756000	1755501	11.0	0.112853	-4.079727
1756001	1757000	1756501	29.0	0.113375	-2.681178
1757001	1758000	1757501	36.0	0.113898	-2.369234
1758001	1759000	1758501	28.0	0.114420	-2.731804
1759001	1760000	1759501	22.0	0.114943	-3.079727
1760001	1761000	1760501	34.0	0.115465	-2.451696
1761001	1762000	1761501	31.0	0.115987	-2.584963
1762001	1763000	1762501	35.0	0.116510	-2.409876
1763001	1764000	1763501	25.0	0.117032	-2.895303
1764001	1765000	1764501	42.0	0.117555	-2.146841
1765001	1766000	1765501	22.0	0.118077	-3.079727
1766001	1767000	1766501	29.0	0.118600	-2.681178
1767001	1768000	1767501	32.0	0.119122	-2.539159
1768001	1769000	1768501	33.0	0.119645	-2.494765
1769001	1770000	1769501	41.0	0.120167	-2.181607
1770001	1771000	1770501	23.0	0.120690	-3.015597
1771001	1772000	1771501	29.0	0.121212	-2.681178
1772001	1773000	1772501	32.0	0.121735	-2.539159
1773001	1774000	1773501	26.0	0.122257	-2.838719
1774001	1775000	1774501	32.0	0.122780	-2.539159
1775001	1776000	1775501	44.0	0.123302	-2.079727
1776001	1777000	1776501	195.0	0.123824	0.068172
1777001	1778000	1777501	293.0	0.124347	0.655598
1778001	1779000	1778501	214.0	0.124869	0.202308
1779001	1780000	1779501	222.0	0.125392	0.255257
1780001	1781000	1780501	196.0	0.125914	0.075551
1781001	1782000	1781501	198.0	0.126437	0.090198
1782001	1783000	1782501	247.0	0.126959	0.409208
1783001	1784000	1783501	280.0	0.127482	0.590124
1784001	1785000	1784501	268.0	0.128004	0.526930
1785001	1786000	1785501	224.0	0.128527	0.268196
1786001	1787000	1786501	230.0	0.129049	0.306331
1787001	1788000	1787501	227.0	0.129572	0.287390
1788001	1789000	1788501	246.0	0.130094	0.403356
1789001	1790000	1789501	173.0	0.130617	-0.104531
1790001	1791000	1790501	174.0	0.131139	-0.096215
1791001	1792000	1791501	165.0	0.131661	-0.172837
1792001	1793000	1792501	136.0	0.132184	-0.451696
1793001	1794000	1793501	183.0	0.132706	-0.023459
1794001	1795000	1794501	205.0	0.133229	0.140321
1795001	1796000	1795501	178.0	0.133751	-0.063425
1796001	1797000	1796501	207.0	0.134274	0.154328
1797001	1798000	1797501	167.0	0.134796	-0.155455
1798001	1799000	1798501	198.0	0.135319	0.090198
1799001	1800000	1799501	221.0	0.135841	0.248744
1800001	1801000	1800501	206.0	0.136364	0.147342
1801001	1802000	1801501	180.0	0.136886	-0.047306
1802001	1803000	1802501	180.0	0.137409	-0.047306
1803001	1804000	1803501	211.0	0.137931	0.181940
1804001	1805000	1804501	193.0	0.138454	0.053298
1805001	1806000	1805501	217.0	0.138976	0.222392
1806001	1807000	1806501	214.0	0.139498	0.202308
1807001	1808000	1807501	175.0	0.140021	-0.087948
1808001	1809000	1808501	148.0	0.140543	-0.329705
1809001	1810000	1809501	156.0	0.141066	-0.253757
1810001	1811000	1810501	170.0	0.141588	-0.129768
1811001	1812000	1811501	187.0	0.142111	0.007736
1812001	1813000	1812501	213.0	0.142633	0.195551
1813001	1814000	1813501	214.0	0.143156	0.202308
1814001	1815000	1814501	158.0	0.143678	-0.235378
1815001	1816000	1815501	196.0	0.144201	0.075551
1816001	1817000	1816501	184.0	0.144723	-0.015597
1817001	1818000	1817501	186.0	0.145246	0.000000
1818001	1819000	1818501	172.0	0.145768	-0.112894
1819001	1820000	1819501	144.0	0.146290	-0.369234
1820001	1821000	1820501	213.0	0.146813	0.195551
1821001	1822000	1821501	196.0	0.147335	0.075551
1822001	1823000	1822501	186.0	0.147858	0.000000
1823001	1824000	1823501	157.0	0.148380	-0.244538
1824001	1825000	1824501	207.0	0.148903	0.154328
1825001	1826000	1825501	236.0	0.149425	0.343484
1826001	1827000	1826501	188.0	0.149948	0.015430
1827001	1828000	1827501	172.0	0.150470	-0.112894
1828001	1829000	1828501	183.0	0.150993	-0.023459
1829001	1830000	1829501	160.0	0.151515	-0.217231
1830001	1831000	1830501	185.0	0.152038	-0.007777
1831001	1832000	1831501	180.0	0.152560	-0.047306
1832001	1833000	1832501	194.0	0.153083	0.060754
1833001	1834000	1833501	152.0	0.153605	-0.291231
1834001	1835000	1834501	178.0	0.154127	-0.063425
1835001	1836000	1835501	179.0	0.154650	-0.055343
1836001	1837000	1836501	221.0	0.155172	0.248744
1837001	1838000	1837501	276.0	0.155695	0.569366
1838001	1839000	1838501	216.0	0.156217	0.215729
1839001	1840000	1839501	168.0	0.156740	-0.146841
1840001	1841000	1840501	195.0	0.157262	0.068172
1841001	1842000	1841501	219.0	0.157785	0.235628
1842001	1843000	1842501	184.0	0.158307	-0.015597
1843001	1844000	1843501	199.0	0.158830	0.097466
1844001	1845000	1844501	174.0	0.159352	-0.096215
1845001	1846000	1845501	170.0	0.159875	-0.129768
1846001	1847000	1846501	199.0	0.160397	0.097466
1847001	1848000	1847501	165.0	0.160920	-0.172837
1848001	1849000	1848501	158.0	0.161442	-0.235378
1849001	1850000	1849501	151.0	0.161964	-0.300754
1850001	1851000	1850501	174.0	0.162487	-0.096215
1851001	1852000	1851501	183.0	0.163009	-0.023459
1852001	1853000	1852501	183.0	0.163532	-0.023459
1853001	1854000	1853501	207.0	0.164054	0.154328
1854001	1855000	1854501	162.0	0.164577	-0.199309
1855001	1856000	1855501	195.0	0.165099	0.068172
1856001	1857000	1856501	198.0	0.165622	0.090198
1857001	1858000	1857501	201.0	0.166144	0.111893
1858001	1859000	1858501	170.0	0.166667	-0.129768
1859001	1860000	1859501	159.0	0.167189	-0.226276
1860001	1861000	1860501	154.0	0.167712	-0.272372
1861001	1862000	1861501	195.0	0.168234	0.068172
1862001	1863000	1862501	143.0	0.168757	-0.379287
1863001	1864000	1863501	233.0	0.169279	0.325027
1864001	1865000	1864501	206.0	0.169801	0.147342
1865001	1866000	1865501	196.0	0.170324	0.075551
1866001	1867000	1866501	152.0	0.170846	-0.291231
1867001	1868000	1867501	228.0	0.171369	0.293731
1868001	1869000	1868501	211.0	0.171891	0.181940
1869001	1870000	1869501	187.0	0.172414	0.007736
1870001	1871000	1870501	200.0	0.172936	0.104697
1871001	1872000	1871501	178.0	0.173459	-0.063425
1872001	1873000	1872501	252.0	0.173981	0.438121
1873001	1874000	1873501	238.0	0.174504	0.355659
1874001	1875000	1874501	249.0	0.175026	0.420843
1875001	1876000	1875501	303.0	0.175549	0.704015
1876001	1877000	1876501	366.0	0.176071	0.976541
1877001	1878000	1877501	158.0	0.176594	-0.235378
1878001	1879000	1878501	118.0	0.177116	-0.656516
1879001	1880000	1879501	167.0	0.177638	-0.155455
1880001	1881000	1880501	158.0	0.178161	-0.235378
1881001	1882000	1881501	192.0	0.178683	0.045804
1882001	1883000	1882501	162.0	0.179206	-0.199309
1883001	1884000	1883501	150.0	0.179728	-0.310340
1884001	1885000	1884501	162.0	0.180251	-0.199309
1885001	1886000	1885501	172.0	0.180773	-0.112894
1886001	1887000	1886501	211.0	0.181296	0.181940
1887001	1888000	1887501	193.0	0.181818	0.053298
1888001	1889000	1888501	226.0	0.182341	0.281020
1889001	1890000	1889501	217.0	0.182863	0.222392
1890001	1891000	1890501	191.0	0.183386	0.038270
1891001	1892000	1891501	163.0	0.183908	-0.190431
1892001	1893000	1892501	170.0	0.184431	-0.129768
1893001	1894000	1893501	187.0	0.184953	0.007736
1894001	1895000	1894501	183.0	0.185475	-0.023459
1895001	1896000	1895501	209.0	0.185998	0.168200
1896001	1897000	1896501	219.0	0.186520	0.235628
1897001	1898000	1897501	161.0	0.187043	-0.208242
1898001	1899000	1898501	198.0	0.187565	0.090198
1899001	1900000	1899501	185.0	0.188088	-0.007777
1900001	1901000	1900501	189.0	0.188610	0.023084
1901001	1902000	1901501	202.0	0.189133	0.119053
1902001	1903000	1902501	197.0	0.189655	0.082893
1903001	1904000	1903501	209.0	0.190178	0.168200
1904001	1905000	1904501	179.0	0.190700	-0.055343
1905001	1906000	1905501	157.0	0.191223	-0.244538
1906001	1907000	1906501	178.0	0.191745	-0.063425
1907001	1908000	1907501	160.0	0.192268	-0.217231
1908001	1909000	1908501	202.0	0.192790	0.119053
1909001	1910000	1909501	183.0	0.193312	-0.023459
1910001	1911000	1910501	176.0	0.193835	-0.079727
1911001	1912000	1911501	187.0	0.194357	0.007736
1912001	1913000	1912501	191.0	0.194880	0.038270
1913001	1914000	1913501	155.0	0.195402	-0.263034
1914001	1915000	1914501	169.0	0.195925	-0.138279
1915001	1916000	1915501	169.0	0.196447	-0.138279
1916001	1917000	1916501	200.0	0.196970	0.104697
1917001	1918000	1917501	218.0	0.197492	0.229026
1918001	1919000	1918501	195.0	0.198015	0.068172
1919001	1920000	1919501	165.0	0.198537	-0.172837
1920001	1921000	1920501	213.0	0.199060	0.195551
1921001	1922000	1921501	169.0	0.199582	-0.138279
1922001	1923000	1922501	145.0	0.200104	-0.359250
1923001	1924000	1923501	166.0	0.200627	-0.164119
1924001	1925000	1924501	155.0	0.201149	-0.263034
1925001	1926000	1925501	151.0	0.201672	-0.300754
1926001	1927000	1926501	170.0	0.202194	-0.129768
1927001	1928000	1927501	165.0	0.202717	-0.172837
1928001	1929000	1928501	191.0	0.203239	0.038270
1929001	1930000	1929501	172.0	0.203762	-0.112894
1930001	1931000	1930501	176.0	0.204284	-0.079727
1931001	1932000	1931501	163.0	0.204807	-0.190431
1932001	1933000	1932501	134.0	0.205329	-0.473070
1933001	1934000	1933501	176.0	0.205852	-0.079727
1934001	1935000	1934501	147.0	0.206374	-0.339486
1935001	1936000	1935501	204.0	0.206897	0.133267
1936001	1937000	1936501	186.0	0.207419	0.000000
1937001	1938000	1937501	197.0	0.207941	0.082893
1938001	1939000	1938501	191.0	0.208464	0.038270
1939001	1940000	1939501	182.0	0.208986	-0.031364
1940001	1941000	1940501	155.0	0.209509	-0.263034
1941001	1942000	1941501	153.0	0.210031	-0.281771
1942001	1943000	1942501	165.0	0.210554	-0.172837
1943001	1944000	1943501	196.0	0.211076	0.075551
1944001	1945000	1944501	161.0	0.211599	-0.208242
1945001	1946000	1945501	205.0	0.212121	0.140321
1946001	1947000	1946501	241.0	0.212644	0.373731
1947001	1948000	1947501	176.0	0.213166	-0.079727
1948001	1949000	1948501	151.0	0.213689	-0.300754
1949001	1950000	1949501	137.0	0.214211	-0.441127
1950001	1951000	1950501	139.0	0.214734	-0.420218
1951001	1952000	1951501	196.0	0.215256	0.075551
1952001	1953000	1952501	130.0	0.215778	-0.516791
1953001	1954000	1953501	250.0	0.216301	0.426625
1954001	1955000	1954501	203.0	0.216823	0.126177
1955001	1956000	1955501	203.0	0.217346	0.126177
1956001	1957000	1956501	178.0	0.217868	-0.063425
1957001	1958000	1957501	240.0	0.218391	0.367732
1958001	1959000	1958501	185.0	0.218913	-0.007777
1959001	1960000	1959501	215.0	0.219436	0.209034
1960001	1961000	1960501	193.0	0.219958	0.053298
1961001	1962000	1961501	165.0	0.220481	-0.172837
1962001	1963000	1962501	163.0	0.221003	-0.190431
1963001	1964000	1963501	180.0	0.221526	-0.047306
1964001	1965000	1964501	132.0	0.222048	-0.494765
1965001	1966000	1965501	157.0	0.222571	-0.244538
1966001	1967000	1966501	206.0	0.223093	0.147342
1967001	1968000	1967501	210.0	0.223615	0.175087
1968001	1969000	1968501	151.0	0.224138	-0.300754
1969001	1970000	1969501	182.0	0.224660	-0.031364
1970001	1971000	1970501	163.0	0.225183	-0.190431
1971001	1972000	1971501	148.0	0.225705	-0.329705
1972001	1973000	1972501	137.0	0.226228	-0.441127
1973001	1974000	1973501	152.0	0.226750	-0.291231
1974001	1975000	1974501	166.0	0.227273	-0.164119
1975001	1976000	1975501	209.0	0.227795	0.168200
1976001	1977000	1976501	171.0	0.228318	-0.121306
1977001	1978000	1977501	208.0	0.228840	0.161281
1978001	1979000	1978501	170.0	0.229363	-0.129768
1979001	1980000	1979501	162.0	0.229885	-0.199309
1980001	1981000	1980501	195.0	0.230408	0.068172
1981001	1982000	1981501	151.0	0.230930	-0.300754
1982001	1983000	1982501	169.0	0.231452	-0.138279
1983001	1984000	1983501	144.0	0.231975	-0.369234
1984001	1985000	1984501	177.0	0.232497	-0.071553
1985001	1986000	1985501	156.0	0.233020	-0.253757
1986001	1987000	1986501	187.0	0.233542	0.007736
1987001	1988000	1987501	183.0	0.234065	-0.023459
1988001	1989000	1988501	214.0	0.234587	0.202308
1989001	1990000	1989501	238.0	0.235110	0.355659
1990001	1991000	1990501	220.0	0.235632	0.242201
1991001	1992000	1991501	126.0	0.236155	-0.561879
1992001	1993000	1992501	146.0	0.236677	-0.349334
1993001	1994000	1993501	162.0	0.237200	-0.199309
1994001	1995000	1994501	199.0	0.237722	0.097466
1995001	1996000	1995501	156.0	0.238245	-0.253757
1996001	1997000	1996501	177.0	0.238767	-0.071553
1997001	1998000	1997501	152.0	0.239289	-0.291231
1998001	1999000	1998501	159.0	0.239812	-0.226276
1999001	2000000	1999501	264.0	0.240334	0.505235
2000001	2001000	2000501	158.0	0.240857	-0.235378
2001001	2002000	2001501	183.0	0.241379	-0.023459
2002001	2003000	2002501	190.0	0.241902	0.030697
2003001	2004000	2003501	188.0	0.242424	0.015430
2004001	2005000	2004501	216.0	0.242947	0.215729
2005001	2006000	2005501	124.0	0.243469	-0.584963
2006001	2007000	2006501	170.0	0.243992	-0.129768
2007001	2008000	2007501	165.0	0.244514	-0.172837
2008001	2009000	2008501	201.0	0.245037	0.111893
2009001	2010000	2009501	187.0	0.245559	0.007736
2010001	2011000	2010501	193.0	0.246082	0.053298
2011001	2012000	2011501	191.0	0.246604	0.038270
2012001	2013000	2012501	183.0	0.247126	-0.023459
2013001	2014000	2013501	216.0	0.247649	0.215729
2014001	2015000	2014501	178.0	0.248171	-0.063425
2015001	2016000	2015501	153.0	0.248694	-0.281771
2016001	2017000	2016501	225.0	0.249216	0.274622
2017001	2018000	2017501	227.0	0.249739	0.287390
2018001	2019000	2018501	149.0	0.250261	-0.319990
2019001	2020000	2019501	159.0	0.250784	-0.226276
2020001	2021000	2020501	185.0	0.251306	-0.007777
2021001	2022000	2021501	212.0	0.251829	0.188762
2022001	2023000	2022501	180.0	0.252351	-0.047306
2023001	2024000	2023501	159.0	0.252874	-0.226276
2024001	2025000	2024501	173.0	0.253396	-0.104531
2025001	2026000	2025501	139.0	0.253918	-0.420218
2026001	2027000	2026501	207.0	0.254441	0.154328
2027001	2028000	2027501	137.0	0.254963	-0.441127
2028001	2029000	2028501	185.0	0.255486	-0.007777
2029001	2030000	2029501	165.0	0.256008	-0.172837
2030001	2031000	2030501	184.0	0.256531	-0.015597
2031001	2032000	2031501	165.0	0.257053	-0.172837
2032001	2033000	2032501	170.0	0.257576	-0.129768
2033001	2034000	2033501	187.0	0.258098	0.007736
2034001	2035000	2034501	235.0	0.258621	0.337358
2035001	2036000	2035501	206.0	0.259143	0.147342
2036001	2037000	2036501	215.0	0.259666	0.209034
2037001	2038000	2037501	149.0	0.260188	-0.319990
2038001	2039000	2038501	170.0	0.260711	-0.129768
2039001	2040000	2039501	182.0	0.261233	-0.031364
2040001	2041000	2040501	167.0	0.261755	-0.155455
2041001	2042000	2041501	178.0	0.262278	-0.063425
2042001	2043000	2042501	177.0	0.262800	-0.071553
2043001	2044000	2043501	140.0	0.263323	-0.409876
2044001	2045000	2044501	140.0	0.263845	-0.409876
2045001	2046000	2045501	206.0	0.264368	0.147342
2046001	2047000	2046501	194.0	0.264890	0.060754
2047001	2048000	2047501	193.0	0.265413	0.053298
2048001	2049000	2048501	210.0	0.265935	0.175087
2049001	2050000	2049501	174.0	0.266458	-0.096215
2050001	2051000	2050501	186.0	0.266980	0.000000
2051001	2052000	2051501	180.0	0.267503	-0.047306
2052001	2053000	2052501	200.0	0.268025	0.104697
2053001	2054000	2053501	232.0	0.268548	0.318822
2054001	2055000	2054501	161.0	0.269070	-0.208242
2055001	2056000	2055501	197.0	0.269592	0.082893
2056001	2057000	2056501	213.0	0.270115	0.195551
2057001	2058000	2057501	260.0	0.270637	0.483209
2058001	2059000	2058501	226.0	0.271160	0.281020
2059001	2060000	2059501	186.0	0.271682	0.000000
2060001	2061000	2060501	241.0	0.272205	0.373731
2061001	2062000	2061501	154.0	0.272727	-0.272372
2062001	2063000	2062501	209.0	0.273250	0.168200
2063001	2064000	2063501	182.0	0.273772	-0.031364
2064001	2065000	2064501	196.0	0.274295	0.075551
2065001	2066000	2065501	217.0	0.274817	0.222392
2066001	2067000	2066501	210.0	0.275340	0.175087
2067001	2068000	2067501	172.0	0.275862	-0.112894
2068001	2069000	2068501	160.0	0.276385	-0.217231
2069001	2070000	2069501	206.0	0.276907	0.147342
2070001	2071000	2070501	194.0	0.277429	0.060754
2071001	2072000	2071501	288.0	0.277952	0.630766
2072001	2073000	2072501	159.0	0.278474	-0.226276
2073001	2074000	2073501	144.0	0.278997	-0.369234
2074001	2075000	2074501	141.0	0.279519	-0.399607
2075001	2076000	2075501	166.0	0.280042	-0.164119
2076001	2077000	2076501	217.0	0.280564	0.222392
2077001	2078000	2077501	151.0	0.281087	-0.300754
2078001	2079000	2078501	167.0	0.281609	-0.155455
2079001	2080000	2079501	207.0	0.282132	0.154328
2080001	2081000	2080501	148.0	0.282654	-0.329705
2081001	2082000	2081501	170.0	0.283177	-0.129768
2082001	2083000	2082501	184.0	0.283699	-0.015597
2083001	2084000	2083501	191.0	0.284222	0.038270
2084001	2085000	2084501	178.0	0.284744	-0.063425
2085001	2086000	2085501	160.0	0.285266	-0.217231
2086001	2087000	2086501	173.0	0.285789	-0.104531
2087001	2088000	2087501	174.0	0.286311	-0.096215
2088001	2089000	2088501	156.0	0.286834	-0.253757
2089001	2090000	2089501	192.0	0.287356	0.045804
2090001	2091000	2090501	175.0	0.287879	-0.087948
2091001	2092000	2091501	125.0	0.288401	-0.573375
2092001	2093000	2092501	180.0	0.288924	-0.047306
2093001	2094000	2093501	145.0	0.289446	-0.359250
2094001	2095000	2094501	159.0	0.289969	-0.226276
2095001	2096000	2095501	172.0	0.290491	-0.112894
2096001	2097000	2096501	168.0	0.291014	-0.146841
2097001	2098000	2097501	163.0	0.291536	-0.190431
2098001	2099000	2098501	185.0	0.292059	-0.007777
2099001	2100000	2099501	190.0	0.292581	0.030697
2100001	2101000	2100501	165.0	0.293103	-0.172837
2101001	2102000	2101501	190.0	0.293626	0.030697
2102001	2103000	2102501	171.0	0.294148	-0.121306
2103001	2104000	2103501	196.0	0.294671	0.075551
2104001	2105000	2104501	177.0	0.295193	-0.071553
2105001	2106000	2105501	137.0	0.295716	-0.441127
2106001	2107000	2106501	133.0	0.296238	-0.483876
2107001	2108000	2107501	162.0	0.296761	-0.199309
2108001	2109000	2108501	184.0	0.297283	-0.015597
2109001	2110000	2109501	145.0	0.297806	-0.359250
2110001	2111000	2110501	189.0	0.298328	0.023084
2111001	2112000	2111501	181.0	0.298851	-0.039313
2112001	2113000	2112501	143.0	0.299373	-0.379287
2113001	2114000	2113501	167.0	0.299896	-0.155455
2114001	2115000	2114501	211.0	0.300418	0.181940
2115001	2116000	2115501	186.0	0.300940	0.000000
2116001	2117000	2116501	143.0	0.301463	-0.379287
2117001	2118000	2117501	201.0	0.301985	0.111893
2118001	2119000	2118501	187.0	0.302508	0.007736
2119001	2120000	2119501	163.0	0.303030	-0.190431
2120001	2121000	2120501	155.0	0.303553	-0.263034
2121001	2122000	2121501	188.0	0.304075	0.015430
2122001	2123000	2122501	159.0	0.304598	-0.226276
2123001	2124000	2123501	155.0	0.305120	-0.263034
2124001	2125000	2124501	225.0	0.305643	0.274622
2125001	2126000	2125501	195.0	0.306165	0.068172
2126001	2127000	2126501	196.0	0.306688	0.075551
2127001	2128000	2127501	191.0	0.307210	0.038270
2128001	2129000	2128501	195.0	0.307732	0.068172
2129001	2130000	2129501	278.0	0.308255	0.579782
2130001	2131000	2130501	193.0	0.308777	0.053298
2131001	2132000	2131501	220.0	0.309300	0.242201
2132001	2133000	2132501	154.0	0.309822	-0.272372
2133001	2134000	2133501	228.0	0.310345	0.293731
2134001	2135000	2134501	210.0	0.310867	0.175087
2135001	2136000	2135501	160.0	0.311390	-0.217231
2136001	2137000	2136501	212.0	0.311912	0.188762
2137001	2138000	2137501	332.0	0.312435	0.835881
2138001	2139000	2138501	254.0	0.312957	0.449526
2139001	2140000	2139501	209.0	0.313480	0.168200
2140001	2141000	2140501	156.0	0.314002	-0.253757
2141001	2142000	2141501	173.0	0.314525	-0.104531
2142001	2143000	2142501	194.0	0.315047	0.060754
2143001	2144000	2143501	242.0	0.315569	0.379704
2144001	2145000	2144501	209.0	0.316092	0.168200
2145001	2146000	2145501	172.0	0.316614	-0.112894
2146001	2147000	2146501	182.0	0.317137	-0.031364
2147001	2148000	2147501	179.0	0.317659	-0.055343
2148001	2149000	2148501	175.0	0.318182	-0.087948
2149001	2150000	2149501	182.0	0.318704	-0.031364
2150001	2151000	2150501	159.0	0.319227	-0.226276
2151001	2152000	2151501	166.0	0.319749	-0.164119
2152001	2153000	2152501	149.0	0.320272	-0.319990
2153001	2154000	2153501	187.0	0.320794	0.007736
2154001	2155000	2154501	225.0	0.321317	0.274622
2155001	2156000	2155501	225.0	0.321839	0.274622
2156001	2157000	2156501	206.0	0.322362	0.147342
2157001	2158000	2157501	188.0	0.322884	0.015430
2158001	2159000	2158501	168.0	0.323406	-0.146841
2159001	2160000	2159501	176.0	0.323929	-0.079727
2160001	2161000	2160501	158.0	0.324451	-0.235378
2161001	2162000	2161501	169.0	0.324974	-0.138279
2162001	2163000	2162501	151.0	0.325496	-0.300754
2163001	2164000	2163501	212.0	0.326019	0.188762
2164001	2165000	2164501	200.0	0.326541	0.104697
2165001	2166000	2165501	184.0	0.327064	-0.015597
2166001	2167000	2166501	165.0	0.327586	-0.172837
2167001	2168000	2167501	186.0	0.328109	0.000000
2168001	2169000	2168501	203.0	0.328631	0.126177
2169001	2170000	2169501	219.0	0.329154	0.235628
2170001	2171000	2170501	177.0	0.329676	-0.071553
2171001	2172000	2171501	196.0	0.330199	0.075551
2172001	2173000	2172501	159.0	0.330721	-0.226276
2173001	2174000	2173501	170.0	0.331243	-0.129768
2174001	2175000	2174501	199.0	0.331766	0.097466
2175001	2176000	2175501	187.0	0.332288	0.007736
2176001	2177000	2176501	179.0	0.332811	-0.055343
2177001	2178000	2177501	160.0	0.333333	-0.217231
2178001	2179000	2178501	137.0	0.333856	-0.441127
2179001	2180000	2179501	179.0	0.334378	-0.055343
2180001	2181000	2180501	190.0	0.334901	0.030697
2181001	2182000	2181501	189.0	0.335423	0.023084
2182001	2183000	2182501	153.0	0.335946	-0.281771
2183001	2184000	2183501	140.0	0.336468	-0.409876
2184001	2185000	2184501	144.0	0.336991	-0.369234
2185001	2186000	2185501	159.0	0.337513	-0.226276
2186001	2187000	2186501	161.0	0.338036	-0.208242
2187001	2188000	2187501	104.0	0.338558	-0.838719
2188001	2189000	2188501	194.0	0.339080	0.060754
2189001	2190000	2189501	168.0	0.339603	-0.146841
2190001	2191000	2190501	180.0	0.340125	-0.047306
2191001	2192000	2191501	185.0	0.340648	-0.007777
2192001	2193000	2192501	176.0	0.341170	-0.079727
2193001	2194000	2193501	152.0	0.341693	-0.291231
2194001	2195000	2194501	172.0	0.342215	-0.112894
2195001	2196000	2195501	162.0	0.342738	-0.199309
2196001	2197000	2196501	179.0	0.343260	-0.055343
2197001	2198000	2197501	138.0	0.343783	-0.430634
2198001	2199000	2198501	176.0	0.344305	-0.079727
2199001	2200000	2199501	176.0	0.344828	-0.079727
2200001	2201000	2200501	168.0	0.345350	-0.146841
2201001	2202000	2201501	154.0	0.345873	-0.272372
2202001	2203000	2202501	176.0	0.346395	-0.079727
2203001	2204000	2203501	214.0	0.346917	0.202308
2204001	2205000	2204501	191.0	0.347440	0.038270
2205001	2206000	2205501	184.0	0.347962	-0.015597
2206001	2207000	2206501	194.0	0.348485	0.060754
2207001	2208000	2207501	214.0	0.349007	0.202308
2208001	2209000	2208501	236.0	0.349530	0.343484
2209001	2210000	2209501	156.0	0.350052	-0.253757
2210001	2211000	2210501	194.0	0.350575	0.060754
2211001	2212000	2211501	190.0	0.351097	0.030697
2212001	2213000	2212501	183.0	0.351620	-0.023459
2213001	2214000	2213501	201.0	0.352142	0.111893
2214001	2215000	2214501	189.0	0.352665	0.023084
2215001	2216000	2215501	215.0	0.353187	0.209034
2216001	2217000	2216501	181.0	0.353710	-0.039313
2217001	2218000	2217501	176.0	0.354232	-0.079727
2218001	2219000	2218501	158.0	0.354754	-0.235378
2219001	2220000	2219501	175.0	0.355277	-0.087948
2220001	2221000	2220501	171.0	0.355799	-0.121306
2221001	2222000	2221501	172.0	0.356322	-0.112894
2222001	2223000	2222501	226.0	0.356844	0.281020
2223001	2224000	2223501	163.0	0.357367	-0.190431
2224001	2225000	2224501	138.0	0.357889	-0.430634
2225001	2226000	2225501	239.0	0.358412	0.361708
2226001	2227000	2226501	207.0	0.358934	0.154328
2227001	2228000	2227501	203.0	0.359457	0.126177
2228001	2229000	2228501	196.0	0.359979	0.075551
2229001	2230000	2229501	173.0	0.360502	-0.104531
2230001	2231000	2230501	202.0	0.361024	0.119053
2231001	2232000	2231501	174.0	0.361546	-0.096215
2232001	2233000	2232501	216.0	0.362069	0.215729
2233001	2234000	2233501	312.0	0.362591	0.746243
2234001	2235000	2234501	248.0	0.363114	0.415037
2235001	2236000	2235501	242.0	0.363636	0.379704
2236001	2237000	2236501	233.0	0.364159	0.325027
2237001	2238000	2237501	192.0	0.364681	0.045804
2238001	2239000	2238501	220.0	0.365204	0.242201
2239001	2240000	2239501	153.0	0.365726	-0.281771
2240001	2241000	2240501	206.0	0.366249	0.147342
2241001	2242000	2241501	219.0	0.366771	0.235628
2242001	2243000	2242501	173.0	0.367294	-0.104531
2243001	2244000	2243501	177.0	0.367816	-0.071553
2244001	2245000	2244501	150.0	0.368339	-0.310340
2245001	2246000	2245501	136.0	0.368861	-0.451696
2246001	2247000	2246501	219.0	0.369383	0.235628
2247001	2248000	2247501	196.0	0.369906	0.075551
2248001	2249000	2248501	181.0	0.370428	-0.039313
2249001	2250000	2249501	211.0	0.370951	0.181940
2250001	2251000	2250501	187.0	0.371473	0.007736
2251001	2252000	2251501	153.0	0.371996	-0.281771
2252001	2253000	2252501	181.0	0.372518	-0.039313
2253001	2254000	2253501	188.0	0.373041	0.015430
2254001	2255000	2254501	179.0	0.373563	-0.055343
2255001	2256000	2255501	193.0	0.374086	0.053298
2256001	2257000	2256501	213.0	0.374608	0.195551
2257001	2258000	2257501	151.0	0.375131	-0.300754
2258001	2259000	2258501	142.0	0.375653	-0.389412
2259001	2260000	2259501	193.0	0.376176	0.053298
2260001	2261000	2260501	179.0	0.376698	-0.055343
2261001	2262000	2261501	153.0	0.377220	-0.281771
2262001	2263000	2262501	188.0	0.377743	0.015430
2263001	2264000	2263501	158.0	0.378265	-0.235378
2264001	2265000	2264501	200.0	0.378788	0.104697
2265001	2266000	2265501	186.0	0.379310	0.000000
2266001	2267000	2266501	184.0	0.379833	-0.015597
2267001	2268000	2267501	159.0	0.380355	-0.226276
2268001	2269000	2268501	149.0	0.380878	-0.319990
2269001	2270000	2269501	160.0	0.381400	-0.217231
2270001	2271000	2270501	157.0	0.381923	-0.244538
2271001	2272000	2271501	146.0	0.382445	-0.349334
2272001	2273000	2272501	213.0	0.382968	0.195551
2273001	2274000	2273501	201.0	0.383490	0.111893
2274001	2275000	2274501	180.0	0.384013	-0.047306
2275001	2276000	2275501	194.0	0.384535	0.060754
2276001	2277000	2276501	168.0	0.385057	-0.146841
2277001	2278000	2277501	192.0	0.385580	0.045804
2278001	2279000	2278501	199.0	0.386102	0.097466
2279001	2280000	2279501	190.0	0.386625	0.030697
2280001	2281000	2280501	193.0	0.387147	0.053298
2281001	2282000	2281501	218.0	0.387670	0.229026
2282001	2283000	2282501	191.0	0.388192	0.038270
2283001	2284000	2283501	164.0	0.388715	-0.181607
2284001	2285000	2284501	175.0	0.389237	-0.087948
2285001	2286000	2285501	188.0	0.389760	0.015430
2286001	2287000	2286501	249.0	0.390282	0.420843
2287001	2288000	2287501	228.0	0.390805	0.293731
2288001	2289000	2288501	277.0	0.391327	0.574583
2289001	2290000	2289501	208.0	0.391850	0.161281
2290001	2291000	2290501	270.0	0.392372	0.537657
2291001	2292000	2291501	221.0	0.392894	0.248744
2292001	2293000	2292501	208.0	0.393417	0.161281
2293001	2294000	2293501	210.0	0.393939	0.175087
2294001	2295000	2294501	210.0	0.394462	0.175087
2295001	2296000	2295501	192.0	0.394984	0.045804
2296001	2297000	2296501	213.0	0.395507	0.195551
2297001	2298000	2297501	183.0	0.396029	-0.023459
2298001	2299000	2298501	204.0	0.396552	0.133267
2299001	2300000	2299501	177.0	0.397074	-0.071553
2300001	2301000	2300501	164.0	0.397597	-0.181607
2301001	2302000	2301501	135.0	0.398119	-0.462343
2302001	2303000	2302501	192.0	0.398642	0.045804
2303001	2304000	2303501	178.0	0.399164	-0.063425
2304001	2305000	2304501	231.0	0.399687	0.312590
2305001	2306000	2305501	177.0	0.400209	-0.071553
2306001	2307000	2306501	164.0	0.400731	-0.181607
2307001	2308000	2307501	210.0	0.401254	0.175087
2308001	2309000	2308501	257.0	0.401776	0.466466
2309001	2310000	2309501	210.0	0.402299	0.175087
2310001	2311000	2310501	160.0	0.402821	-0.217231
2311001	2312000	2311501	174.0	0.403344	-0.096215
2312001	2313000	2312501	205.0	0.403866	0.140321
2313001	2314000	2313501	175.0	0.404389	-0.087948
2314001	2315000	2314501	191.0	0.404911	0.038270
2315001	2316000	2315501	162.0	0.405434	-0.199309
2316001	2317000	2316501	139.0	0.405956	-0.420218
2317001	2318000	2317501	161.0	0.406479	-0.208242
2318001	2319000	2318501	164.0	0.407001	-0.181607
2319001	2320000	2319501	152.0	0.407524	-0.291231
2320001	2321000	2320501	175.0	0.408046	-0.087948
2321001	2322000	2321501	177.0	0.408568	-0.071553
2322001	2323000	2322501	189.0	0.409091	0.023084
2323001	2324000	2323501	218.0	0.409613	0.229026
2324001	2325000	2324501	205.0	0.410136	0.140321
2325001	2326000	2325501	171.0	0.410658	-0.121306
2326001	2327000	2326501	165.0	0.411181	-0.172837
2327001	2328000	2327501	164.0	0.411703	-0.181607
2328001	2329000	2328501	229.0	0.412226	0.300045
2329001	2330000	2329501	181.0	0.412748	-0.039313
2330001	2331000	2330501	179.0	0.413271	-0.055343
2331001	2332000	2331501	176.0	0.413793	-0.079727
2332001	2333000	2332501	156.0	0.414316	-0.253757
2333001	2334000	2333501	156.0	0.414838	-0.253757
2334001	2335000	2334501	187.0	0.415361	0.007736
2335001	2336000	2335501	209.0	0.415883	0.168200
2336001	2337000	2336501	187.0	0.416405	0.007736
2337001	2338000	2337501	193.0	0.416928	0.053298
2338001	2339000	2338501	181.0	0.417450	-0.039313
2339001	2340000	2339501	179.0	0.417973	-0.055343
2340001	2341000	2340501	207.0	0.418495	0.154328
2341001	2342000	2341501	192.0	0.419018	0.045804
2342001	2343000	2342501	179.0	0.419540	-0.055343
2343001	2344000	2343501	274.0	0.420063	0.558873
2344001	2345000	2344501	222.0	0.420585	0.255257
2345001	2346000	2345501	183.0	0.421108	-0.023459
2346001	2347000	2346501	268.0	0.421630	0.526930
2347001	2348000	2347501	214.0	0.422153	0.202308
2348001	2349000	2348501	204.0	0.422675	0.133267
2349001	2350000	2349501	201.0	0.423197	0.111893
2350001	2351000	2350501	242.0	0.423720	0.379704
2351001	2352000	2351501	209.0	0.424242	0.168200
2352001	2353000	2352501	203.0	0.424765	0.126177
2353001	2354000	2353501	187.0	0.425287	0.007736
2354001	2355000	2354501	150.0	0.425810	-0.310340
2355001	2356000	2355501	183.0	0.426332	-0.023459
2356001	2357000	2356501	162.0	0.426855	-0.199309
2357001	2358000	2357501	168.0	0.427377	-0.146841
2358001	2359000	2358501	152.0	0.427900	-0.291231
2359001	2360000	2359501	177.0	0.428422	-0.071553
2360001	2361000	2360501	183.0	0.428945	-0.023459
2361001	2362000	2361501	149.0	0.429467	-0.319990
2362001	2363000	2362501	144.0	0.429990	-0.369234
2363001	2364000	2363501	180.0	0.430512	-0.047306
2364001	2365000	2364501	192.0	0.431034	0.045804
2365001	2366000	2365501	171.0	0.431557	-0.121306
2366001	2367000	2366501	138.0	0.432079	-0.430634
2367001	2368000	2367501	199.0	0.432602	0.097466
2368001	2369000	2368501	148.0	0.433124	-0.329705
2369001	2370000	2369501	182.0	0.433647	-0.031364
2370001	2371000	2370501	200.0	0.434169	0.104697
2371001	2372000	2371501	321.0	0.434692	0.787271
2372001	2373000	2372501	212.0	0.435214	0.188762
2373001	2374000	2373501	147.0	0.435737	-0.339486
2374001	2375000	2374501	210.0	0.436259	0.175087
2375001	2376000	2375501	185.0	0.436782	-0.007777
2376001	2377000	2376501	163.0	0.437304	-0.190431
2377001	2378000	2377501	147.0	0.437827	-0.339486
2378001	2379000	2378501	215.0	0.438349	0.209034
2379001	2380000	2379501	207.0	0.438871	0.154328
2380001	2381000	2380501	219.0	0.439394	0.235628
2381001	2382000	2381501	164.0	0.439916	-0.181607
2382001	2383000	2382501	165.0	0.440439	-0.172837
2383001	2384000	2383501	156.0	0.440961	-0.253757
2384001	2385000	2384501	179.0	0.441484	-0.055343
2385001	2386000	2385501	186.0	0.442006	0.000000
2386001	2387000	2386501	151.0	0.442529	-0.300754
2387001	2388000	2387501	231.0	0.443051	0.312590
2388001	2389000	2388501	249.0	0.443574	0.420843
2389001	2390000	2389501	175.0	0.444096	-0.087948
2390001	2391000	2390501	177.0	0.444619	-0.071553
2391001	2392000	2391501	164.0	0.445141	-0.181607
2392001	2393000	2392501	144.0	0.445664	-0.369234
2393001	2394000	2393501	173.0	0.446186	-0.104531
2394001	2395000	2394501	149.0	0.446708	-0.319990
2395001	2396000	2395501	183.0	0.447231	-0.023459
2396001	2397000	2396501	170.0	0.447753	-0.129768
2397001	2398000	2397501	172.0	0.448276	-0.112894
2398001	2399000	2398501	190.0	0.448798	0.030697
2399001	2400000	2399501	190.0	0.449321	0.030697
2400001	2401000	2400501	207.0	0.449843	0.154328
2401001	2402000	2401501	155.0	0.450366	-0.263034
2402001	2403000	2402501	168.0	0.450888	-0.146841
2403001	2404000	2403501	201.0	0.451411	0.111893
2404001	2405000	2404501	142.0	0.451933	-0.389412
2405001	2406000	2405501	191.0	0.452456	0.038270
2406001	2407000	2406501	217.0	0.452978	0.222392
2407001	2408000	2407501	148.0	0.453501	-0.329705
2408001	2409000	2408501	173.0	0.454023	-0.104531
2409001	2410000	2409501	156.0	0.454545	-0.253757
2410001	2411000	2410501	169.0	0.455068	-0.138279
2411001	2412000	2411501	143.0	0.455590	-0.379287
2412001	2413000	2412501	191.0	0.456113	0.038270
2413001	2414000	2413501	151.0	0.456635	-0.300754
2414001	2415000	2414501	186.0	0.457158	0.000000
2415001	2416000	2415501	174.0	0.457680	-0.096215
2416001	2417000	2416501	176.0	0.458203	-0.079727
2417001	2418000	2417501	218.0	0.458725	0.229026
2418001	2419000	2418501	287.0	0.459248	0.625748
2419001	2420000	2419501	226.0	0.459770	0.281020
2420001	2421000	2420501	204.0	0.460293	0.133267
2421001	2422000	2421501	229.0	0.460815	0.300045
2422001	2423000	2422501	177.0	0.461338	-0.071553
2423001	2424000	2423501	162.0	0.461860	-0.199309
2424001	2425000	2424501	194.0	0.462382	0.060754
2425001	2426000	2425501	193.0	0.462905	0.053298
2426001	2427000	2426501	179.0	0.463427	-0.055343
2427001	2428000	2427501	188.0	0.463950	0.015430
2428001	2429000	2428501	208.0	0.464472	0.161281
2429001	2430000	2429501	183.0	0.464995	-0.023459
2430001	2431000	2430501	216.0	0.465517	0.215729
2431001	2432000	2431501	255.0	0.466040	0.455195
2432001	2433000	2432501	196.0	0.466562	0.075551
2433001	2434000	2433501	180.0	0.467085	-0.047306
2434001	2435000	2434501	155.0	0.467607	-0.263034
2435001	2436000	2435501	163.0	0.468130	-0.190431
2436001	2437000	2436501	148.0	0.468652	-0.329705
2437001	2438000	2437501	130.0	0.469175	-0.516791
2438001	2439000	2438501	165.0	0.469697	-0.172837
2439001	2440000	2439501	205.0	0.470219	0.140321
2440001	2441000	2440501	190.0	0.470742	0.030697
2441001	2442000	2441501	194.0	0.471264	0.060754
2442001	2443000	2442501	207.0	0.471787	0.154328
2443001	2444000	2443501	184.0	0.472309	-0.015597
2444001	2445000	2444501	184.0	0.472832	-0.015597
2445001	2446000	2445501	182.0	0.473354	-0.031364
2446001	2447000	2446501	219.0	0.473877	0.235628
2447001	2448000	2447501	206.0	0.474399	0.147342
2448001	2449000	2448501	213.0	0.474922	0.195551
2449001	2450000	2449501	214.0	0.475444	0.202308
2450001	2451000	2450501	239.0	0.475967	0.361708
2451001	2452000	2451501	178.0	0.476489	-0.063425
2452001	2453000	2452501	161.0	0.477011	-0.208242
2453001	2454000	2453501	162.0	0.477534	-0.199309
2454001	2455000	2454501	208.0	0.478056	0.161281
2455001	2456000	2455501	208.0	0.478579	0.161281
2456001	2457000	2456501	196.0	0.479101	0.075551
2457001	2458000	2457501	157.0	0.479624	-0.244538
2458001	2459000	2458501	142.0	0.480146	-0.389412
2459001	2460000	2459501	136.0	0.480669	-0.451696
2460001	2461000	2460501	202.0	0.481191	0.119053
2461001	2462000	2461501	172.0	0.481714	-0.112894
2462001	2463000	2462501	203.0	0.482236	0.126177
2463001	2464000	2463501	193.0	0.482759	0.053298
2464001	2465000	2464501	184.0	0.483281	-0.015597
2465001	2466000	2465501	161.0	0.483804	-0.208242
2466001	2467000	2466501	163.0	0.484326	-0.190431
2467001	2468000	2467501	190.0	0.484848	0.030697
2468001	2469000	2468501	152.0	0.485371	-0.291231
2469001	2470000	2469501	150.0	0.485893	-0.310340
2470001	2471000	2470501	218.0	0.486416	0.229026
2471001	2472000	2471501	187.0	0.486938	0.007736
2472001	2473000	2472501	211.0	0.487461	0.181940
2473001	2474000	2473501	298.0	0.487983	0.680010
2474001	2475000	2474501	249.0	0.488506	0.420843
2475001	2476000	2475501	244.0	0.489028	0.391579
2476001	2477000	2476501	166.0	0.489551	-0.164119
2477001	2478000	2477501	162.0	0.490073	-0.199309
2478001	2479000	2478501	135.0	0.490596	-0.462343
2479001	2480000	2479501	156.0	0.491118	-0.253757
2480001	2481000	2480501	159.0	0.491641	-0.226276
2481001	2482000	2481501	173.0	0.492163	-0.104531
2482001	2483000	2482501	208.0	0.492685	0.161281
2483001	2484000	2483501	182.0	0.493208	-0.031364
2484001	2485000	2484501	187.0	0.493730	0.007736
2485001	2486000	2485501	198.0	0.494253	0.090198
2486001	2487000	2486501	180.0	0.494775	-0.047306
2487001	2488000	2487501	193.0	0.495298	0.053298
2488001	2489000	2488501	211.0	0.495820	0.181940
2489001	2490000	2489501	181.0	0.496343	-0.039313
2490001	2491000	2490501	190.0	0.496865	0.030697
2491001	2492000	2491501	171.0	0.497388	-0.121306
2492001	2493000	2492501	206.0	0.497910	0.147342
2493001	2494000	2493501	130.0	0.498433	-0.516791
2494001	2495000	2494501	184.0	0.498955	-0.015597
2495001	2496000	2495501	159.0	0.499478	-0.226276
2496001	2497000	2496501	160.0	0.500000	-0.217231
2497001	2498000	2497501	133.0	0.500522	-0.483876
2498001	2499000	2498501	196.0	0.501045	0.075551
2499001	2500000	2499501	197.0	0.501567	0.082893
2500001	2501000	2500501	236.0	0.502090	0.343484
2501001	2502000	2501501	208.0	0.502612	0.161281
2502001	2503000	2502501	191.0	0.503135	0.038270
2503001	2504000	2503501	197.0	0.503657	0.082893
2504001	2505000	2504501	245.0	0.504180	0.397479
2505001	2506000	2505501	255.0	0.504702	0.455195
2506001	2507000	2506501	158.0	0.505225	-0.235378
2507001	2508000	2507501	168.0	0.505747	-0.146841
2508001	2509000	2508501	149.0	0.506270	-0.319990
2509001	2510000	2509501	172.0	0.506792	-0.112894
2510001	2511000	2510501	180.0	0.507315	-0.047306
2511001	2512000	2511501	195.0	0.507837	0.068172
2512001	2513000	2512501	151.0	0.508359	-0.300754
2513001	2514000	2513501	174.0	0.508882	-0.096215
2514001	2515000	2514501	131.0	0.509404	-0.505736
2515001	2516000	2515501	161.0	0.509927	-0.208242
2516001	2517000	2516501	126.0	0.510449	-0.561879
2517001	2518000	2517501	190.0	0.510972	0.030697
2518001	2519000	2518501	151.0	0.511494	-0.300754
2519001	2520000	2519501	178.0	0.512017	-0.063425
2520001	2521000	2520501	108.0	0.512539	-0.784271
2521001	2522000	2521501	134.0	0.513062	-0.473070
2522001	2523000	2522501	136.0	0.513584	-0.451696
2523001	2524000	2523501	167.0	0.514107	-0.155455
2524001	2525000	2524501	202.0	0.514629	0.119053
2525001	2526000	2525501	157.0	0.515152	-0.244538
2526001	2527000	2526501	168.0	0.515674	-0.146841
2527001	2528000	2527501	185.0	0.516196	-0.007777
2528001	2529000	2528501	115.0	0.516719	-0.693669
2529001	2530000	2529501	194.0	0.517241	0.060754
2530001	2531000	2530501	196.0	0.517764	0.075551
2531001	2532000	2531501	287.0	0.518286	0.625748
2532001	2533000	2532501	203.0	0.518809	0.126177
2533001	2534000	2533501	191.0	0.519331	0.038270
2534001	2535000	2534501	216.0	0.519854	0.215729
2535001	2536000	2535501	176.0	0.520376	-0.079727
2536001	2537000	2536501	152.0	0.520899	-0.291231
2537001	2538000	2537501	154.0	0.521421	-0.272372
2538001	2539000	2538501	156.0	0.521944	-0.253757
2539001	2540000	2539501	165.0	0.522466	-0.172837
2540001	2541000	2540501	176.0	0.522989	-0.079727
2541001	2542000	2541501	141.0	0.523511	-0.399607
2542001	2543000	2542501	165.0	0.524033	-0.172837
2543001	2544000	2543501	216.0	0.524556	0.215729
2544001	2545000	2544501	194.0	0.525078	0.060754
2545001	2546000	2545501	164.0	0.525601	-0.181607
2546001	2547000	2546501	155.0	0.526123	-0.263034
2547001	2548000	2547501	173.0	0.526646	-0.104531
2548001	2549000	2548501	232.0	0.527168	0.318822
2549001	2550000	2549501	182.0	0.527691	-0.031364
2550001	2551000	2550501	191.0	0.528213	0.038270
2551001	2552000	2551501	182.0	0.528736	-0.031364
2552001	2553000	2552501	210.0	0.529258	0.175087
2553001	2554000	2553501	242.0	0.529781	0.379704
2554001	2555000	2554501	284.0	0.530303	0.610588
2555001	2556000	2555501	256.0	0.530825	0.460841
2556001	2557000	2556501	190.0	0.531348	0.030697
2557001	2558000	2557501	189.0	0.531870	0.023084
2558001	2559000	2558501	184.0	0.532393	-0.015597
2559001	2560000	2559501	157.0	0.532915	-0.244538
2560001	2561000	2560501	151.0	0.533438	-0.300754
2561001	2562000	2561501	150.0	0.533960	-0.310340
2562001	2563000	2562501	182.0	0.534483	-0.031364
2563001	2564000	2563501	214.0	0.535005	0.202308
2564001	2565000	2564501	164.0	0.535528	-0.181607
2565001	2566000	2565501	214.0	0.536050	0.202308
2566001	2567000	2566501	206.0	0.536573	0.147342
2567001	2568000	2567501	191.0	0.537095	0.038270
2568001	2569000	2568501	196.0	0.537618	0.075551
2569001	2570000	2569501	174.0	0.538140	-0.096215
2570001	2571000	2570501	249.0	0.538662	0.420843
2571001	2572000	2571501	187.0	0.539185	0.007736
2572001	2573000	2572501	165.0	0.539707	-0.172837
2573001	2574000	2573501	162.0	0.540230	-0.199309
2574001	2575000	2574501	231.0	0.540752	0.312590
2575001	2576000	2575501	217.0	0.541275	0.222392
2576001	2577000	2576501	212.0	0.541797	0.188762
2577001	2578000	2577501	188.0	0.542320	0.015430
2578001	2579000	2578501	211.0	0.542842	0.181940
2579001	2580000	2579501	224.0	0.543365	0.268196
2580001	2581000	2580501	219.0	0.543887	0.235628
2581001	2582000	2581501	213.0	0.544410	0.195551
2582001	2583000	2582501	205.0	0.544932	0.140321
2583001	2584000	2583501	187.0	0.545455	0.007736
2584001	2585000	2584501	194.0	0.545977	0.060754
2585001	2586000	2585501	190.0	0.546499	0.030697
2586001	2587000	2586501	221.0	0.547022	0.248744
2587001	2588000	2587501	196.0	0.547544	0.075551
2588001	2589000	2588501	166.0	0.548067	-0.164119
2589001	2590000	2589501	164.0	0.548589	-0.181607
2590001	2591000	2590501	173.0	0.549112	-0.104531
2591001	2592000	2591501	195.0	0.549634	0.068172
2592001	2593000	2592501	180.0	0.550157	-0.047306
2593001	2594000	2593501	131.0	0.550679	-0.505736
2594001	2595000	2594501	142.0	0.551202	-0.389412
2595001	2596000	2595501	214.0	0.551724	0.202308
2596001	2597000	2596501	208.0	0.552247	0.161281
2597001	2598000	2597501	157.0	0.552769	-0.244538
2598001	2599000	2598501	193.0	0.553292	0.053298
2599001	2600000	2599501	186.0	0.553814	0.000000
2600001	2601000	2600501	194.0	0.554336	0.060754
2601001	2602000	2601501	188.0	0.554859	0.015430
2602001	2603000	2602501	195.0	0.555381	0.068172
2603001	2604000	2603501	184.0	0.555904	-0.015597
2604001	2605000	2604501	160.0	0.556426	-0.217231
2605001	2606000	2605501	160.0	0.556949	-0.217231
2606001	2607000	2606501	187.0	0.557471	0.007736
2607001	2608000	2607501	205.0	0.557994	0.140321
2608001	2609000	2608501	142.0	0.558516	-0.389412
2609001	2610000	2609501	178.0	0.559039	-0.063425
2610001	2611000	2610501	169.0	0.559561	-0.138279
2611001	2612000	2611501	165.0	0.560084	-0.172837
2612001	2613000	2612501	211.0	0.560606	0.181940
2613001	2614000	2613501	208.0	0.561129	0.161281
2614001	2615000	2614501	187.0	0.561651	0.007736
2615001	2616000	2615501	193.0	0.562173	0.053298
2616001	2617000	2616501	260.0	0.562696	0.483209
2617001	2618000	2617501	196.0	0.563218	0.075551
2618001	2619000	2618501	200.0	0.563741	0.104697
2619001	2620000	2619501	153.0	0.564263	-0.281771
2620001	2621000	2620501	145.0	0.564786	-0.359250
2621001	2622000	2621501	145.0	0.565308	-0.359250
2622001	2623000	2622501	225.0	0.565831	0.274622
2623001	2624000	2623501	175.0	0.566353	-0.087948
2624001	2625000	2624501	149.0	0.566876	-0.319990
2625001	2626000	2625501	164.0	0.567398	-0.181607
2626001	2627000	2626501	201.0	0.567921	0.111893
2627001	2628000	2627501	159.0	0.568443	-0.226276
2628001	2629000	2628501	215.0	0.568966	0.209034
2629001	2630000	2629501	189.0	0.569488	0.023084
2630001	2631000	2630501	210.0	0.570010	0.175087
2631001	2632000	2631501	174.0	0.570533	-0.096215
2632001	2633000	2632501	175.0	0.571055	-0.087948
2633001	2634000	2633501	156.0	0.571578	-0.253757
2634001	2635000	2634501	145.0	0.572100	-0.359250
2635001	2636000	2635501	177.0	0.572623	-0.071553
2636001	2637000	2636501	175.0	0.573145	-0.087948
2637001	2638000	2637501	225.0	0.573668	0.274622
2638001	2639000	2638501	186.0	0.574190	0.000000
2639001	2640000	2639501	178.0	0.574713	-0.063425
2640001	2641000	2640501	188.0	0.575235	0.015430
2641001	2642000	2641501	187.0	0.575758	0.007736
2642001	2643000	2642501	149.0	0.576280	-0.319990
2643001	2644000	2643501	149.0	0.576803	-0.319990
2644001	2645000	2644501	194.0	0.577325	0.060754
2645001	2646000	2645501	205.0	0.577847	0.140321
2646001	2647000	2646501	199.0	0.578370	0.097466
2647001	2648000	2647501	162.0	0.578892	-0.199309
2648001	2649000	2648501	199.0	0.579415	0.097466
2649001	2650000	2649501	157.0	0.579937	-0.244538
2650001	2651000	2650501	169.0	0.580460	-0.138279
2651001	2652000	2651501	235.0	0.580982	0.337358
2652001	2653000	2652501	201.0	0.581505	0.111893
2653001	2654000	2653501	120.0	0.582027	-0.632268
2654001	2655000	2654501	238.0	0.582550	0.355659
2655001	2656000	2655501	231.0	0.583072	0.312590
2656001	2657000	2656501	217.0	0.583595	0.222392
2657001	2658000	2657501	265.0	0.584117	0.510690
2658001	2659000	2658501	278.0	0.584639	0.579782
2659001	2660000	2659501	266.0	0.585162	0.516124
2660001	2661000	2660501	216.0	0.585684	0.215729
2661001	2662000	2661501	234.0	0.586207	0.331206
2662001	2663000	2662501	261.0	0.586729	0.488747
2663001	2664000	2663501	407.0	0.587252	1.129726
2664001	2665000	2664501	332.0	0.587774	0.835881
2665001	2666000	2665501	277.0	0.588297	0.574583
2666001	2667000	2666501	263.0	0.588819	0.499760
2667001	2668000	2667501	263.0	0.589342	0.499760
2668001	2669000	2668501	282.0	0.589864	0.600393
2669001	2670000	2669501	237.0	0.590387	0.349584
2670001	2671000	2670501	242.0	0.590909	0.379704
2671001	2672000	2671501	266.0	0.591432	0.516124
2672001	2673000	2672501	196.0	0.591954	0.075551
2673001	2674000	2673501	262.0	0.592476	0.494264
2674001	2675000	2674501	323.0	0.592999	0.796232
2675001	2676000	2675501	200.0	0.593521	0.104697
2676001	2677000	2676501	211.0	0.594044	0.181940
2677001	2678000	2677501	194.0	0.594566	0.060754
2678001	2679000	2678501	207.0	0.595089	0.154328
2679001	2680000	2679501	215.0	0.595611	0.209034
2680001	2681000	2680501	328.0	0.596134	0.818393
2681001	2682000	2681501	218.0	0.596656	0.229026
2682001	2683000	2682501	148.0	0.597179	-0.329705
2683001	2684000	2683501	196.0	0.597701	0.075551
2684001	2685000	2684501	185.0	0.598224	-0.007777
2685001	2686000	2685501	173.0	0.598746	-0.104531
2686001	2687000	2686501	186.0	0.599269	0.000000
2687001	2688000	2687501	168.0	0.599791	-0.146841
2688001	2689000	2688501	163.0	0.600313	-0.190431
2689001	2690000	2689501	211.0	0.600836	0.181940
2690001	2691000	2690501	204.0	0.601358	0.133267
2691001	2692000	2691501	177.0	0.601881	-0.071553
2692001	2693000	2692501	233.0	0.602403	0.325027
2693001	2694000	2693501	199.0	0.602926	0.097466
2694001	2695000	2694501	254.0	0.603448	0.449526
2695001	2696000	2695501	353.0	0.603971	0.924366
2696001	2697000	2696501	225.0	0.604493	0.274622
2697001	2698000	2697501	168.0	0.605016	-0.146841
2698001	2699000	2698501	215.0	0.605538	0.209034
2699001	2700000	2699501	140.0	0.606061	-0.409876
2700001	2701000	2700501	151.0	0.606583	-0.300754
2701001	2702000	2701501	230.0	0.607106	0.306331
2702001	2703000	2702501	213.0	0.607628	0.195551
2703001	2704000	2703501	208.0	0.608150	0.161281
2704001	2705000	2704501	191.0	0.608673	0.038270
2705001	2706000	2705501	217.0	0.609195	0.222392
2706001	2707000	2706501	184.0	0.609718	-0.015597
2707001	2708000	2707501	195.0	0.610240	0.068172
2708001	2709000	2708501	188.0	0.610763	0.015430
2709001	2710000	2709501	134.0	0.611285	-0.473070
2710001	2711000	2710501	160.0	0.611808	-0.217231
2711001	2712000	2711501	180.0	0.612330	-0.047306
2712001	2713000	2712501	163.0	0.612853	-0.190431
2713001	2714000	2713501	164.0	0.613375	-0.181607
2714001	2715000	2714501	160.0	0.613898	-0.217231
2715001	2716000	2715501	154.0	0.614420	-0.272372
2716001	2717000	2716501	160.0	0.614943	-0.217231
2717001	2718000	2717501	142.0	0.615465	-0.389412
2718001	2719000	2718501	168.0	0.615987	-0.146841
2719001	2720000	2719501	161.0	0.616510	-0.208242
2720001	2721000	2720501	124.0	0.617032	-0.584963
2721001	2722000	2721501	171.0	0.617555	-0.121306
2722001	2723000	2722501	143.0	0.618077	-0.379287
2723001	2724000	2723501	182.0	0.618600	-0.031364
2724001	2725000	2724501	147.0	0.619122	-0.339486
2725001	2726000	2725501	222.0	0.619645	0.255257
2726001	2727000	2726501	189.0	0.620167	0.023084
2727001	2728000	2727501	156.0	0.620690	-0.253757
2728001	2729000	2728501	156.0	0.621212	-0.253757
2729001	2730000	2729501	144.0	0.621735	-0.369234
2730001	2731000	2730501	159.0	0.622257	-0.226276
2731001	2732000	2731501	163.0	0.622780	-0.190431
2732001	2733000	2732501	179.0	0.623302	-0.055343
2733001	2734000	2733501	154.0	0.623824	-0.272372
2734001	2735000	2734501	185.0	0.624347	-0.007777
2735001	2736000	2735501	172.0	0.624869	-0.112894
2736001	2737000	2736501	221.0	0.625392	0.248744
2737001	2738000	2737501	261.0	0.625914	0.488747
2738001	2739000	2738501	196.0	0.626437	0.075551
2739001	2740000	2739501	194.0	0.626959	0.060754
2740001	2741000	2740501	155.0	0.627482	-0.263034
2741001	2742000	2741501	161.0	0.628004	-0.208242
2742001	2743000	2742501	240.0	0.628527	0.367732
2743001	2744000	2743501	216.0	0.629049	0.215729
2744001	2745000	2744501	173.0	0.629572	-0.104531
2745001	2746000	2745501	153.0	0.630094	-0.281771
2746001	2747000	2746501	157.0	0.630617	-0.244538
2747001	2748000	2747501	166.0	0.631139	-0.164119
2748001	2749000	2748501	176.0	0.631661	-0.079727
2749001	2750000	2749501	195.0	0.632184	0.068172
2750001	2751000	2750501	163.0	0.632706	-0.190431
2751001	2752000	2751501	205.0	0.633229	0.140321
2752001	2753000	2752501	205.0	0.633751	0.140321
2753001	2754000	2753501	165.0	0.634274	-0.172837
2754001	2755000	2754501	235.0	0.634796	0.337358
2755001	2756000	2755501	173.0	0.635319	-0.104531
2756001	2757000	2756501	137.0	0.635841	-0.441127
2757001	2758000	2757501	162.0	0.636364	-0.199309
2758001	2759000	2758501	165.0	0.636886	-0.172837
2759001	2760000	2759501	136.0	0.637409	-0.451696
2760001	2761000	2760501	195.0	0.637931	0.068172
2761001	2762000	2761501	193.0	0.638454	0.053298
2762001	2763000	2762501	182.0	0.638976	-0.031364
2763001	2764000	2763501	148.0	0.639498	-0.329705
2764001	2765000	2764501	173.0	0.640021	-0.104531
2765001	2766000	2765501	171.0	0.640543	-0.121306
2766001	2767000	2766501	169.0	0.641066	-0.138279
2767001	2768000	2767501	166.0	0.641588	-0.164119
2768001	2769000	2768501	146.0	0.642111	-0.349334
2769001	2770000	2769501	162.0	0.642633	-0.199309
2770001	2771000	2770501	186.0	0.643156	0.000000
2771001	2772000	2771501	169.0	0.643678	-0.138279
2772001	2773000	2772501	190.0	0.644201	0.030697
2773001	2774000	2773501	194.0	0.644723	0.060754
2774001	2775000	2774501	227.0	0.645246	0.287390
2775001	2776000	2775501	202.0	0.645768	0.119053
2776001	2777000	2776501	160.0	0.646290	-0.217231
2777001	2778000	2777501	174.0	0.646813	-0.096215
2778001	2779000	2778501	199.0	0.647335	0.097466
2779001	2780000	2779501	174.0	0.647858	-0.096215
2780001	2781000	2780501	204.0	0.648380	0.133267
2781001	2782000	2781501	204.0	0.648903	0.133267
2782001	2783000	2782501	163.0	0.649425	-0.190431
2783001	2784000	2783501	134.0	0.649948	-0.473070
2784001	2785000	2784501	191.0	0.650470	0.038270
2785001	2786000	2785501	181.0	0.650993	-0.039313
2786001	2787000	2786501	195.0	0.651515	0.068172
2787001	2788000	2787501	264.0	0.652038	0.505235
2788001	2789000	2788501	225.0	0.652560	0.274622
2789001	2790000	2789501	290.0	0.653083	0.640750
2790001	2791000	2790501	283.0	0.653605	0.605499
2791001	2792000	2791501	210.0	0.654127	0.175087
2792001	2793000	2792501	222.0	0.654650	0.255257
2793001	2794000	2793501	147.0	0.655172	-0.339486
2794001	2795000	2794501	156.0	0.655695	-0.253757
2795001	2796000	2795501	172.0	0.656217	-0.112894
2796001	2797000	2796501	223.0	0.656740	0.261741
2797001	2798000	2797501	221.0	0.657262	0.248744
2798001	2799000	2798501	190.0	0.657785	0.030697
2799001	2800000	2799501	178.0	0.658307	-0.063425
2800001	2801000	2800501	186.0	0.658830	0.000000
2801001	2802000	2801501	142.0	0.659352	-0.389412
2802001	2803000	2802501	158.0	0.659875	-0.235378
2803001	2804000	2803501	173.0	0.660397	-0.104531
2804001	2805000	2804501	196.0	0.660920	0.075551
2805001	2806000	2805501	213.0	0.661442	0.195551
2806001	2807000	2806501	139.0	0.661964	-0.420218
2807001	2808000	2807501	182.0	0.662487	-0.031364
2808001	2809000	2808501	248.0	0.663009	0.415037
2809001	2810000	2809501	178.0	0.663532	-0.063425
2810001	2811000	2810501	182.0	0.664054	-0.031364
2811001	2812000	2811501	215.0	0.664577	0.209034
2812001	2813000	2812501	193.0	0.665099	0.053298
2813001	2814000	2813501	161.0	0.665622	-0.208242
2814001	2815000	2814501	174.0	0.666144	-0.096215
2815001	2816000	2815501	199.0	0.666667	0.097466
2816001	2817000	2816501	190.0	0.667189	0.030697
2817001	2818000	2817501	181.0	0.667712	-0.039313
2818001	2819000	2818501	177.0	0.668234	-0.071553
2819001	2820000	2819501	187.0	0.668757	0.007736
2820001	2821000	2820501	187.0	0.669279	0.007736
2821001	2822000	2821501	183.0	0.669801	-0.023459
2822001	2823000	2822501	151.0	0.670324	-0.300754
2823001	2824000	2823501	157.0	0.670846	-0.244538
2824001	2825000	2824501	198.0	0.671369	0.090198
2825001	2826000	2825501	144.0	0.671891	-0.369234
2826001	2827000	2826501	174.0	0.672414	-0.096215
2827001	2828000	2827501	144.0	0.672936	-0.369234
2828001	2829000	2828501	187.0	0.673459	0.007736
2829001	2830000	2829501	159.0	0.673981	-0.226276
2830001	2831000	2830501	217.0	0.674504	0.222392
2831001	2832000	2831501	189.0	0.675026	0.023084
2832001	2833000	2832501	162.0	0.675549	-0.199309
2833001	2834000	2833501	212.0	0.676071	0.188762
2834001	2835000	2834501	258.0	0.676594	0.472068
2835001	2836000	2835501	191.0	0.677116	0.038270
2836001	2837000	2836501	162.0	0.677638	-0.199309
2837001	2838000	2837501	188.0	0.678161	0.015430
2838001	2839000	2838501	161.0	0.678683	-0.208242
2839001	2840000	2839501	186.0	0.679206	0.000000
2840001	2841000	2840501	156.0	0.679728	-0.253757
2841001	2842000	2841501	153.0	0.680251	-0.281771
2842001	2843000	2842501	134.0	0.680773	-0.473070
2843001	2844000	2843501	132.0	0.681296	-0.494765
2844001	2845000	2844501	188.0	0.681818	0.015430
2845001	2846000	2845501	259.0	0.682341	0.477649
2846001	2847000	2846501	283.0	0.682863	0.605499
2847001	2848000	2847501	200.0	0.683386	0.104697
2848001	2849000	2848501	172.0	0.683908	-0.112894
2849001	2850000	2849501	202.0	0.684431	0.119053
2850001	2851000	2850501	206.0	0.684953	0.147342
2851001	2852000	2851501	277.0	0.685475	0.574583
2852001	2853000	2852501	234.0	0.685998	0.331206
2853001	2854000	2853501	327.0	0.686520	0.813988
2854001	2855000	2854501	311.0	0.687043	0.741612
2855001	2856000	2855501	313.0	0.687565	0.750860
2856001	2857000	2856501	320.0	0.688088	0.782769
2857001	2858000	2857501	256.0	0.688610	0.460841
2858001	2859000	2858501	203.0	0.689133	0.126177
2859001	2860000	2859501	150.0	0.689655	-0.310340
2860001	2861000	2860501	172.0	0.690178	-0.112894
2861001	2862000	2861501	234.0	0.690700	0.331206
2862001	2863000	2862501	258.0	0.691223	0.472068
2863001	2864000	2863501	161.0	0.691745	-0.208242
2864001	2865000	2864501	211.0	0.692268	0.181940
2865001	2866000	2865501	188.0	0.692790	0.015430
2866001	2867000	2866501	167.0	0.693312	-0.155455
2867001	2868000	2867501	176.0	0.693835	-0.079727
2868001	2869000	2868501	202.0	0.694357	0.119053
2869001	2870000	2869501	164.0	0.694880	-0.181607
2870001	2871000	2870501	189.0	0.695402	0.023084
2871001	2872000	2871501	178.0	0.695925	-0.063425
2872001	2873000	2872501	159.0	0.696447	-0.226276
2873001	2874000	2873501	150.0	0.696970	-0.310340
2874001	2875000	2874501	162.0	0.697492	-0.199309
2875001	2876000	2875501	203.0	0.698015	0.126177
2876001	2877000	2876501	209.0	0.698537	0.168200
2877001	2878000	2877501	182.0	0.699060	-0.031364
2878001	2879000	2878501	215.0	0.699582	0.209034
2879001	2880000	2879501	150.0	0.700104	-0.310340
2880001	2881000	2880501	169.0	0.700627	-0.138279
2881001	2882000	2881501	166.0	0.701149	-0.164119
2882001	2883000	2882501	184.0	0.701672	-0.015597
2883001	2884000	2883501	251.0	0.702194	0.432385
2884001	2885000	2884501	222.0	0.702717	0.255257
2885001	2886000	2885501	193.0	0.703239	0.053298
2886001	2887000	2886501	266.0	0.703762	0.516124
2887001	2888000	2887501	318.0	0.704284	0.773724
2888001	2889000	2888501	187.0	0.704807	0.007736
2889001	2890000	2889501	218.0	0.705329	0.229026
2890001	2891000	2890501	221.0	0.705852	0.248744
2891001	2892000	2891501	198.0	0.706374	0.090198
2892001	2893000	2892501	209.0	0.706897	0.168200
2893001	2894000	2893501	201.0	0.707419	0.111893
2894001	2895000	2894501	189.0	0.707941	0.023084
2895001	2896000	2895501	218.0	0.708464	0.229026
2896001	2897000	2896501	292.0	0.708986	0.650666
2897001	2898000	2897501	224.0	0.709509	0.268196
2898001	2899000	2898501	272.0	0.710031	0.548304
2899001	2900000	2899501	207.0	0.710554	0.154328
2900001	2901000	2900501	234.0	0.711076	0.331206
2901001	2902000	2901501	191.0	0.711599	0.038270
2902001	2903000	2902501	159.0	0.712121	-0.226276
2903001	2904000	2903501	161.0	0.712644	-0.208242
2904001	2905000	2904501	133.0	0.713166	-0.483876
2905001	2906000	2905501	165.0	0.713689	-0.172837
2906001	2907000	2906501	171.0	0.714211	-0.121306
2907001	2908000	2907501	171.0	0.714734	-0.121306
2908001	2909000	2908501	295.0	0.715256	0.665412
2909001	2910000	2909501	392.0	0.715778	1.075551
2910001	2911000	2910501	213.0	0.716301	0.195551
2911001	2912000	2911501	161.0	0.716823	-0.208242
2912001	2913000	2912501	148.0	0.717346	-0.329705
2913001	2914000	2913501	155.0	0.717868	-0.263034
2914001	2915000	2914501	167.0	0.718391	-0.155455
2915001	2916000	2915501	125.0	0.718913	-0.573375
2916001	2917000	2916501	138.0	0.719436	-0.430634
2917001	2918000	2917501	114.0	0.719958	-0.706269
2918001	2919000	2918501	179.0	0.720481	-0.055343
2919001	2920000	2919501	333.0	0.721003	0.840220
2920001	2921000	2920501	377.0	0.721526	1.019262
2921001	2922000	2921501	357.0	0.722048	0.940621
2922001	2923000	2922501	239.0	0.722571	0.361708
2923001	2924000	2923501	171.0	0.723093	-0.121306
2924001	2925000	2924501	162.0	0.723615	-0.199309
2925001	2926000	2925501	149.0	0.724138	-0.319990
2926001	2927000	2926501	149.0	0.724660	-0.319990
2927001	2928000	2927501	176.0	0.725183	-0.079727
2928001	2929000	2928501	203.0	0.725705	0.126177
2929001	2930000	2929501	137.0	0.726228	-0.441127
2930001	2931000	2930501	149.0	0.726750	-0.319990
2931001	2932000	2931501	249.0	0.727273	0.420843
2932001	2933000	2932501	247.0	0.727795	0.409208
2933001	2934000	2933501	222.0	0.728318	0.255257
2934001	2935000	2934501	249.0	0.728840	0.420843
2935001	2936000	2935501	270.0	0.729363	0.537657
2936001	2937000	2936501	224.0	0.729885	0.268196
2937001	2938000	2937501	198.0	0.730408	0.090198
2938001	2939000	2938501	181.0	0.730930	-0.039313
2939001	2940000	2939501	239.0	0.731452	0.361708
2940001	2941000	2940501	263.0	0.731975	0.499760
2941001	2942000	2941501	225.0	0.732497	0.274622
2942001	2943000	2942501	201.0	0.733020	0.111893
2943001	2944000	2943501	223.0	0.733542	0.261741
2944001	2945000	2944501	201.0	0.734065	0.111893
2945001	2946000	2945501	223.0	0.734587	0.261741
2946001	2947000	2946501	231.0	0.735110	0.312590
2947001	2948000	2947501	184.0	0.735632	-0.015597
2948001	2949000	2948501	259.0	0.736155	0.477649
2949001	2950000	2949501	237.0	0.736677	0.349584
2950001	2951000	2950501	243.0	0.737200	0.385654
2951001	2952000	2951501	187.0	0.737722	0.007736
2952001	2953000	2952501	214.0	0.738245	0.202308
2953001	2954000	2953501	166.0	0.738767	-0.164119
2954001	2955000	2954501	185.0	0.739289	-0.007777
2955001	2956000	2955501	180.0	0.739812	-0.047306
2956001	2957000	2956501	184.0	0.740334	-0.015597
2957001	2958000	2957501	232.0	0.740857	0.318822
2958001	2959000	2958501	261.0	0.741379	0.488747
2959001	2960000	2959501	209.0	0.741902	0.168200
2960001	2961000	2960501	172.0	0.742424	-0.112894
2961001	2962000	2961501	311.0	0.742947	0.741612
2962001	2963000	2962501	227.0	0.743469	0.287390
2963001	2964000	2963501	206.0	0.743992	0.147342
2964001	2965000	2964501	264.0	0.744514	0.505235
2965001	2966000	2965501	201.0	0.745037	0.111893
2966001	2967000	2966501	214.0	0.745559	0.202308
2967001	2968000	2967501	219.0	0.746082	0.235628
2968001	2969000	2968501	239.0	0.746604	0.361708
2969001	2970000	2969501	211.0	0.747126	0.181940
2970001	2971000	2970501	172.0	0.747649	-0.112894
2971001	2972000	2971501	147.0	0.748171	-0.339486
2972001	2973000	2972501	184.0	0.748694	-0.015597
2973001	2974000	2973501	162.0	0.749216	-0.199309
2974001	2975000	2974501	179.0	0.749739	-0.055343
2975001	2976000	2975501	160.0	0.750261	-0.217231
2976001	2977000	2976501	198.0	0.750784	0.090198
2977001	2978000	2977501	164.0	0.751306	-0.181607
2978001	2979000	2978501	164.0	0.751829	-0.181607
2979001	2980000	2979501	235.0	0.752351	0.337358
2980001	2981000	2980501	162.0	0.752874	-0.199309
2981001	2982000	2981501	186.0	0.753396	0.000000
2982001	2983000	2982501	178.0	0.753918	-0.063425
2983001	2984000	2983501	191.0	0.754441	0.038270
2984001	2985000	2984501	141.0	0.754963	-0.399607
2985001	2986000	2985501	159.0	0.755486	-0.226276
2986001	2987000	2986501	175.0	0.756008	-0.087948
2987001	2988000	2987501	120.0	0.756531	-0.632268
2988001	2989000	2988501	122.0	0.757053	-0.608421
2989001	2990000	2989501	160.0	0.757576	-0.217231
2990001	2991000	2990501	145.0	0.758098	-0.359250
2991001	2992000	2991501	165.0	0.758621	-0.172837
2992001	2993000	2992501	213.0	0.759143	0.195551
2993001	2994000	2993501	145.0	0.759666	-0.359250
2994001	2995000	2994501	193.0	0.760188	0.053298
2995001	2996000	2995501	312.0	0.760711	0.746243
2996001	2997000	2996501	344.0	0.761233	0.887106
2997001	2998000	2997501	289.0	0.761755	0.635767
2998001	2999000	2998501	207.0	0.762278	0.154328
2999001	3000000	2999501	299.0	0.762800	0.684843
3000001	3001000	3000501	182.0	0.763323	-0.031364
3001001	3002000	3001501	153.0	0.763845	-0.281771
3002001	3003000	3002501	179.0	0.764368	-0.055343
3003001	3004000	3003501	188.0	0.764890	0.015430
3004001	3005000	3004501	197.0	0.765413	0.082893
3005001	3006000	3005501	193.0	0.765935	0.053298
3006001	3007000	3006501	227.0	0.766458	0.287390
3007001	3008000	3007501	211.0	0.766980	0.181940
3008001	3009000	3008501	231.0	0.767503	0.312590
3009001	3010000	3009501	158.0	0.768025	-0.235378
3010001	3011000	3010501	186.0	0.768548	0.000000
3011001	3012000	3011501	170.0	0.769070	-0.129768
3012001	3013000	3012501	161.0	0.769592	-0.208242
3013001	3014000	3013501	151.0	0.770115	-0.300754
3014001	3015000	3014501	164.0	0.770637	-0.181607
3015001	3016000	3015501	162.0	0.771160	-0.199309
3016001	3017000	3016501	271.0	0.771682	0.542990
3017001	3018000	3017501	275.0	0.772205	0.564129
3018001	3019000	3018501	143.0	0.772727	-0.379287
3019001	3020000	3019501	170.0	0.773250	-0.129768
3020001	3021000	3020501	162.0	0.773772	-0.199309
3021001	3022000	3021501	155.0	0.774295	-0.263034
3022001	3023000	3022501	209.0	0.774817	0.168200
3023001	3024000	3023501	220.0	0.775340	0.242201
3024001	3025000	3024501	136.0	0.775862	-0.451696
3025001	3026000	3025501	135.0	0.776385	-0.462343
3026001	3027000	3026501	142.0	0.776907	-0.389412
3027001	3028000	3027501	134.0	0.777429	-0.473070
3028001	3029000	3028501	157.0	0.777952	-0.244538
3029001	3030000	3029501	155.0	0.778474	-0.263034
3030001	3031000	3030501	144.0	0.778997	-0.369234
3031001	3032000	3031501	165.0	0.779519	-0.172837
3032001	3033000	3032501	162.0	0.780042	-0.199309
3033001	3034000	3033501	205.0	0.780564	0.140321
3034001	3035000	3034501	196.0	0.781087	0.075551
3035001	3036000	3035501	161.0	0.781609	-0.208242
3036001	3037000	3036501	209.0	0.782132	0.168200
3037001	3038000	3037501	177.0	0.782654	-0.071553
3038001	3039000	3038501	228.0	0.783177	0.293731
3039001	3040000	3039501	226.0	0.783699	0.281020
3040001	3041000	3040501	207.0	0.784222	0.154328
3041001	3042000	3041501	278.0	0.784744	0.579782
3042001	3043000	3042501	207.0	0.785266	0.154328
3043001	3044000	3043501	154.0	0.785789	-0.272372
3044001	3045000	3044501	163.0	0.786311	-0.190431
3045001	3046000	3045501	223.0	0.786834	0.261741
3046001	3047000	3046501	311.0	0.787356	0.741612
3047001	3048000	3047501	153.0	0.787879	-0.281771
3048001	3049000	3048501	193.0	0.788401	0.053298
3049001	3050000	3049501	153.0	0.788924	-0.281771
3050001	3051000	3050501	176.0	0.789446	-0.079727
3051001	3052000	3051501	146.0	0.789969	-0.349334
3052001	3053000	3052501	189.0	0.790491	0.023084
3053001	3054000	3053501	167.0	0.791014	-0.155455
3054001	3055000	3054501	150.0	0.791536	-0.310340
3055001	3056000	3055501	154.0	0.792059	-0.272372
3056001	3057000	3056501	156.0	0.792581	-0.253757
3057001	3058000	3057501	275.0	0.793103	0.564129
3058001	3059000	3058501	141.0	0.793626	-0.399607
3059001	3060000	3059501	193.0	0.794148	0.053298
3060001	3061000	3060501	154.0	0.794671	-0.272372
3061001	3062000	3061501	142.0	0.795193	-0.389412
3062001	3063000	3062501	186.0	0.795716	0.000000
3063001	3064000	3063501	165.0	0.796238	-0.172837
3064001	3065000	3064501	187.0	0.796761	0.007736
3065001	3066000	3065501	155.0	0.797283	-0.263034
3066001	3067000	3066501	186.0	0.797806	0.000000
3067001	3068000	3067501	200.0	0.798328	0.104697
3068001	3069000	3068501	199.0	0.798851	0.097466
3069001	3070000	3069501	192.0	0.799373	0.045804
3070001	3071000	3070501	171.0	0.799896	-0.121306
3071001	3072000	3071501	162.0	0.800418	-0.199309
3072001	3073000	3072501	162.0	0.800940	-0.199309
3073001	3074000	3073501	171.0	0.801463	-0.121306
3074001	3075000	3074501	170.0	0.801985	-0.129768
3075001	3076000	3075501	185.0	0.802508	-0.007777
3076001	3077000	3076501	173.0	0.803030	-0.104531
3077001	3078000	3077501	163.0	0.803553	-0.190431
3078001	3079000	3078501	159.0	0.804075	-0.226276
3079001	3080000	3079501	204.0	0.804598	0.133267
3080001	3081000	3080501	220.0	0.805120	0.242201
3081001	3082000	3081501	136.0	0.805643	-0.451696
3082001	3083000	3082501	149.0	0.806165	-0.319990
3083001	3084000	3083501	157.0	0.806688	-0.244538
3084001	3085000	3084501	142.0	0.807210	-0.389412
3085001	3086000	3085501	158.0	0.807732	-0.235378
3086001	3087000	3086501	212.0	0.808255	0.188762
3087001	3088000	3087501	129.0	0.808777	-0.527932
3088001	3089000	3088501	155.0	0.809300	-0.263034
3089001	3090000	3089501	173.0	0.809822	-0.104531
3090001	3091000	3090501	204.0	0.810345	0.133267
3091001	3092000	3091501	155.0	0.810867	-0.263034
3092001	3093000	3092501	188.0	0.811390	0.015430
3093001	3094000	3093501	293.0	0.811912	0.655598
3094001	3095000	3094501	231.0	0.812435	0.312590
3095001	3096000	3095501	177.0	0.812957	-0.071553
3096001	3097000	3096501	203.0	0.813480	0.126177
3097001	3098000	3097501	236.0	0.814002	0.343484
3098001	3099000	3098501	188.0	0.814525	0.015430
3099001	3100000	3099501	199.0	0.815047	0.097466
3100001	3101000	3100501	256.0	0.815569	0.460841
3101001	3102000	3101501	184.0	0.816092	-0.015597
3102001	3103000	3102501	158.0	0.816614	-0.235378
3103001	3104000	3103501	189.0	0.817137	0.023084
3104001	3105000	3104501	148.0	0.817659	-0.329705
3105001	3106000	3105501	199.0	0.818182	0.097466
3106001	3107000	3106501	202.0	0.818704	0.119053
3107001	3108000	3107501	186.0	0.819227	0.000000
3108001	3109000	3108501	234.0	0.819749	0.331206
3109001	3110000	3109501	220.0	0.820272	0.242201
3110001	3111000	3110501	145.0	0.820794	-0.359250
3111001	3112000	3111501	184.0	0.821317	-0.015597
3112001	3113000	3112501	221.0	0.821839	0.248744
3113001	3114000	3113501	217.0	0.822362	0.222392
3114001	3115000	3114501	252.0	0.822884	0.438121
3115001	3116000	3115501	195.0	0.823406	0.068172
3116001	3117000	3116501	187.0	0.823929	0.007736
3117001	3118000	3117501	137.0	0.824451	-0.441127
3118001	3119000	3118501	179.0	0.824974	-0.055343
3119001	3120000	3119501	217.0	0.825496	0.222392
3120001	3121000	3120501	202.0	0.826019	0.119053
3121001	3122000	3121501	166.0	0.826541	-0.164119
3122001	3123000	3122501	142.0	0.827064	-0.389412
3123001	3124000	3123501	173.0	0.827586	-0.104531
3124001	3125000	3124501	148.0	0.828109	-0.329705
3125001	3126000	3125501	201.0	0.828631	0.111893
3126001	3127000	3126501	138.0	0.829154	-0.430634
3127001	3128000	3127501	246.0	0.829676	0.403356
3128001	3129000	3128501	224.0	0.830199	0.268196
3129001	3130000	3129501	203.0	0.830721	0.126177
3130001	3131000	3130501	192.0	0.831243	0.045804
3131001	3132000	3131501	207.0	0.831766	0.154328
3132001	3133000	3132501	203.0	0.832288	0.126177
3133001	3134000	3133501	214.0	0.832811	0.202308
3134001	3135000	3134501	157.0	0.833333	-0.244538
3135001	3136000	3135501	172.0	0.833856	-0.112894
3136001	3137000	3136501	170.0	0.834378	-0.129768
3137001	3138000	3137501	172.0	0.834901	-0.112894
3138001	3139000	3138501	191.0	0.835423	0.038270
3139001	3140000	3139501	198.0	0.835946	0.090198
3140001	3141000	3140501	240.0	0.836468	0.367732
3141001	3142000	3141501	198.0	0.836991	0.090198
3142001	3143000	3142501	211.0	0.837513	0.181940
3143001	3144000	3143501	185.0	0.838036	-0.007777
3144001	3145000	3144501	158.0	0.838558	-0.235378
3145001	3146000	3145501	187.0	0.839080	0.007736
3146001	3147000	3146501	193.0	0.839603	0.053298
3147001	3148000	3147501	158.0	0.840125	-0.235378
3148001	3149000	3148501	183.0	0.840648	-0.023459
3149001	3150000	3149501	194.0	0.841170	0.060754
3150001	3151000	3150501	164.0	0.841693	-0.181607
3151001	3152000	3151501	164.0	0.842215	-0.181607
3152001	3153000	3152501	234.0	0.842738	0.331206
3153001	3154000	3153501	263.0	0.843260	0.499760
3154001	3155000	3154501	195.0	0.843783	0.068172
3155001	3156000	3155501	186.0	0.844305	0.000000
3156001	3157000	3156501	157.0	0.844828	-0.244538
3157001	3158000	3157501	188.0	0.845350	0.015430
3158001	3159000	3158501	189.0	0.845873	0.023084
3159001	3160000	3159501	190.0	0.846395	0.030697
3160001	3161000	3160501	166.0	0.846917	-0.164119
3161001	3162000	3161501	306.0	0.847440	0.718229
3162001	3163000	3162501	238.0	0.847962	0.355659
3163001	3164000	3163501	247.0	0.848485	0.409208
3164001	3165000	3164501	263.0	0.849007	0.499760
3165001	3166000	3165501	223.0	0.849530	0.261741
3166001	3167000	3166501	256.0	0.850052	0.460841
3167001	3168000	3167501	233.0	0.850575	0.325027
3168001	3169000	3168501	215.0	0.851097	0.209034
3169001	3170000	3169501	191.0	0.851620	0.038270
3170001	3171000	3170501	236.0	0.852142	0.343484
3171001	3172000	3171501	238.0	0.852665	0.355659
3172001	3173000	3172501	190.0	0.853187	0.030697
3173001	3174000	3173501	205.0	0.853710	0.140321
3174001	3175000	3174501	234.0	0.854232	0.331206
3175001	3176000	3175501	233.0	0.854754	0.325027
3176001	3177000	3176501	209.0	0.855277	0.168200
3177001	3178000	3177501	214.0	0.855799	0.202308
3178001	3179000	3178501	179.0	0.856322	-0.055343
3179001	3180000	3179501	143.0	0.856844	-0.379287
3180001	3181000	3180501	191.0	0.857367	0.038270
3181001	3182000	3181501	197.0	0.857889	0.082893
3182001	3183000	3182501	194.0	0.858412	0.060754
3183001	3184000	3183501	201.0	0.858934	0.111893
3184001	3185000	3184501	239.0	0.859457	0.361708
3185001	3186000	3185501	209.0	0.859979	0.168200
3186001	3187000	3186501	166.0	0.860502	-0.164119
3187001	3188000	3187501	192.0	0.861024	0.045804
3188001	3189000	3188501	153.0	0.861546	-0.281771
3189001	3190000	3189501	171.0	0.862069	-0.121306
3190001	3191000	3190501	212.0	0.862591	0.188762
3191001	3192000	3191501	233.0	0.863114	0.325027
3192001	3193000	3192501	223.0	0.863636	0.261741
3193001	3194000	3193501	178.0	0.864159	-0.063425
3194001	3195000	3194501	168.0	0.864681	-0.146841
3195001	3196000	3195501	168.0	0.865204	-0.146841
3196001	3197000	3196501	173.0	0.865726	-0.104531
3197001	3198000	3197501	160.0	0.866249	-0.217231
3198001	3199000	3198501	182.0	0.866771	-0.031364
3199001	3200000	3199501	149.0	0.867294	-0.319990
3200001	3201000	3200501	185.0	0.867816	-0.007777
3201001	3202000	3201501	261.0	0.868339	0.488747
3202001	3203000	3202501	216.0	0.868861	0.215729
3203001	3204000	3203501	203.0	0.869383	0.126177
3204001	3205000	3204501	194.0	0.869906	0.060754
3205001	3206000	3205501	180.0	0.870428	-0.047306
3206001	3207000	3206501	207.0	0.870951	0.154328
3207001	3208000	3207501	237.0	0.871473	0.349584
3208001	3209000	3208501	300.0	0.871996	0.689660
3209001	3210000	3209501	291.0	0.872518	0.645717
3210001	3211000	3210501	247.0	0.873041	0.409208
3211001	3212000	3211501	179.0	0.873563	-0.055343
3212001	3213000	3212501	177.0	0.874086	-0.071553
3213001	3214000	3213501	202.0	0.874608	0.119053
3214001	3215000	3214501	157.0	0.875131	-0.244538
3215001	3216000	3215501	139.0	0.875653	-0.420218
3216001	3217000	3216501	159.0	0.876176	-0.226276
3217001	3218000	3217501	154.0	0.876698	-0.272372
3218001	3219000	3218501	158.0	0.877220	-0.235378
3219001	3220000	3219501	202.0	0.877743	0.119053
3220001	3221000	3220501	225.0	0.878265	0.274622
3221001	3222000	3221501	191.0	0.878788	0.038270
3222001	3223000	3222501	167.0	0.879310	-0.155455
3223001	3224000	3223501	151.0	0.879833	-0.300754
3224001	3225000	3224501	175.0	0.880355	-0.087948
3225001	3226000	3225501	210.0	0.880878	0.175087
3226001	3227000	3226501	206.0	0.881400	0.147342
3227001	3228000	3227501	206.0	0.881923	0.147342
3228001	3229000	3228501	206.0	0.882445	0.147342
3229001	3230000	3229501	165.0	0.882968	-0.172837
3230001	3231000	3230501	210.0	0.883490	0.175087
3231001	3232000	3231501	208.0	0.884013	0.161281
3232001	3233000	3232501	215.0	0.884535	0.209034
3233001	3234000	3233501	220.0	0.885057	0.242201
3234001	3235000	3234501	231.0	0.885580	0.312590
3235001	3236000	3235501	206.0	0.886102	0.147342
3236001	3237000	3236501	180.0	0.886625	-0.047306
3237001	3238000	3237501	197.0	0.887147	0.082893
3238001	3239000	3238501	162.0	0.887670	-0.199309
3239001	3240000	3239501	183.0	0.888192	-0.023459
3240001	3241000	3240501	215.0	0.888715	0.209034
3241001	3242000	3241501	215.0	0.889237	0.209034
3242001	3243000	3242501	313.0	0.889760	0.750860
3243001	3244000	3243501	245.0	0.890282	0.397479
3244001	3245000	3244501	187.0	0.890805	0.007736
3245001	3246000	3245501	174.0	0.891327	-0.096215
3246001	3247000	3246501	265.0	0.891850	0.510690
3247001	3248000	3247501	220.0	0.892372	0.242201
3248001	3249000	3248501	188.0	0.892894	0.015430
3249001	3250000	3249501	185.0	0.893417	-0.007777
3250001	3251000	3250501	190.0	0.893939	0.030697
3251001	3252000	3251501	206.0	0.894462	0.147342
3252001	3253000	3252501	163.0	0.894984	-0.190431
3253001	3254000	3253501	185.0	0.895507	-0.007777
3254001	3255000	3254501	167.0	0.896029	-0.155455
3255001	3256000	3255501	178.0	0.896552	-0.063425
3256001	3257000	3256501	259.0	0.897074	0.477649
3257001	3258000	3257501	218.0	0.897597	0.229026
3258001	3259000	3258501	175.0	0.898119	-0.087948
3259001	3260000	3259501	171.0	0.898642	-0.121306
3260001	3261000	3260501	194.0	0.899164	0.060754
3261001	3262000	3261501	149.0	0.899687	-0.319990
3262001	3263000	3262501	189.0	0.900209	0.023084
3263001	3264000	3263501	191.0	0.900731	0.038270
3264001	3265000	3264501	138.0	0.901254	-0.430634
3265001	3266000	3265501	144.0	0.901776	-0.369234
3266001	3267000	3266501	169.0	0.902299	-0.138279
3267001	3268000	3267501	146.0	0.902821	-0.349334
3268001	3269000	3268501	178.0	0.903344	-0.063425
3269001	3270000	3269501	151.0	0.903866	-0.300754
3270001	3271000	3270501	161.0	0.904389	-0.208242
3271001	3272000	3271501	190.0	0.904911	0.030697
3272001	3273000	3272501	159.0	0.905434	-0.226276
3273001	3274000	3273501	214.0	0.905956	0.202308
3274001	3275000	3274501	207.0	0.906479	0.154328
3275001	3276000	3275501	185.0	0.907001	-0.007777
3276001	3277000	3276501	213.0	0.907524	0.195551
3277001	3278000	3277501	196.0	0.908046	0.075551
3278001	3279000	3278501	191.0	0.908568	0.038270
3279001	3280000	3279501	168.0	0.909091	-0.146841
3280001	3281000	3280501	195.0	0.909613	0.068172
3281001	3282000	3281501	213.0	0.910136	0.195551
3282001	3283000	3282501	186.0	0.910658	0.000000
3283001	3284000	3283501	211.0	0.911181	0.181940
3284001	3285000	3284501	231.0	0.911703	0.312590
3285001	3286000	3285501	180.0	0.912226	-0.047306
3286001	3287000	3286501	148.0	0.912748	-0.329705
3287001	3288000	3287501	182.0	0.913271	-0.031364
3288001	3289000	3288501	202.0	0.913793	0.119053
3289001	3290000	3289501	212.0	0.914316	0.188762
3290001	3291000	3290501	226.0	0.914838	0.281020
3291001	3292000	3291501	192.0	0.915361	0.045804
3292001	3293000	3292501	193.0	0.915883	0.053298
3293001	3294000	3293501	186.0	0.916405	0.000000
3294001	3295000	3294501	175.0	0.916928	-0.087948
3295001	3296000	3295501	212.0	0.917450	0.188762
3296001	3297000	3296501	194.0	0.917973	0.060754
3297001	3298000	3297501	214.0	0.918495	0.202308
3298001	3299000	3298501	187.0	0.919018	0.007736
3299001	3300000	3299501	169.0	0.919540	-0.138279
3300001	3301000	3300501	193.0	0.920063	0.053298
3301001	3302000	3301501	180.0	0.920585	-0.047306
3302001	3303000	3302501	213.0	0.921108	0.195551
3303001	3304000	3303501	153.0	0.921630	-0.281771
3304001	3305000	3304501	219.0	0.922153	0.235628
3305001	3306000	3305501	226.0	0.922675	0.281020
3306001	3307000	3306501	207.0	0.923197	0.154328
3307001	3308000	3307501	273.0	0.923720	0.553598
3308001	3309000	3308501	217.0	0.924242	0.222392
3309001	3310000	3309501	210.0	0.924765	0.175087
3310001	3311000	3310501	196.0	0.925287	0.075551
3311001	3312000	3311501	201.0	0.925810	0.111893
3312001	3313000	3312501	175.0	0.926332	-0.087948
3313001	3314000	3313501	172.0	0.926855	-0.112894
3314001	3315000	3314501	186.0	0.927377	0.000000
3315001	3316000	3315501	197.0	0.927900	0.082893
3316001	3317000	3316501	190.0	0.928422	0.030697
3317001	3318000	3317501	173.0	0.928945	-0.104531
3318001	3319000	3318501	178.0	0.929467	-0.063425
3319001	3320000	3319501	241.0	0.929990	0.373731
3320001	3321000	3320501	201.0	0.930512	0.111893
3321001	3322000	3321501	216.0	0.931034	0.215729
3322001	3323000	3322501	238.0	0.931557	0.355659
3323001	3324000	3323501	302.0	0.932079	0.699246
3324001	3325000	3324501	209.0	0.932602	0.168200
3325001	3326000	3325501	159.0	0.933124	-0.226276
3326001	3327000	3326501	208.0	0.933647	0.161281
3327001	3328000	3327501	216.0	0.934169	0.215729
3328001	3329000	3328501	204.0	0.934692	0.133267
3329001	3330000	3329501	243.0	0.935214	0.385654
3330001	3331000	3330501	264.0	0.935737	0.505235
3331001	3332000	3331501	213.0	0.936259	0.195551
3332001	3333000	3332501	258.0	0.936782	0.472068
3333001	3334000	3333501	179.0	0.937304	-0.055343
3334001	3335000	3334501	185.0	0.937827	-0.007777
3335001	3336000	3335501	288.0	0.938349	0.630766
3336001	3337000	3336501	196.0	0.938871	0.075551
3337001	3338000	3337501	196.0	0.939394	0.075551
3338001	3339000	3338501	166.0	0.939916	-0.164119
3339001	3340000	3339501	253.0	0.940439	0.443835
3340001	3341000	3340501	201.0	0.940961	0.111893
3341001	3342000	3341501	246.0	0.941484	0.403356
3342001	3343000	3342501	201.0	0.942006	0.111893
3343001	3344000	3343501	197.0	0.942529	0.082893
3344001	3345000	3344501	316.0	0.943051	0.764622
3345001	3346000	3345501	207.0	0.943574	0.154328
3346001	3347000	3346501	225.0	0.944096	0.274622
3347001	3348000	3347501	210.0	0.944619	0.175087
3348001	3349000	3348501	217.0	0.945141	0.222392
3349001	3350000	3349501	156.0	0.945664	-0.253757
3350001	3351000	3350501	173.0	0.946186	-0.104531
3351001	3352000	3351501	205.0	0.946708	0.140321
3352001	3353000	3352501	171.0	0.947231	-0.121306
3353001	3354000	3353501	200.0	0.947753	0.104697
3354001	3355000	3354501	240.0	0.948276	0.367732
3355001	3356000	3355501	221.0	0.948798	0.248744
3356001	3357000	3356501	213.0	0.949321	0.195551
3357001	3358000	3357501	207.0	0.949843	0.154328
3358001	3359000	3358501	213.0	0.950366	0.195551
3359001	3360000	3359501	201.0	0.950888	0.111893
3360001	3361000	3360501	238.0	0.951411	0.355659
3361001	3362000	3361501	252.0	0.951933	0.438121
3362001	3363000	3362501	188.0	0.952456	0.015430
3363001	3364000	3363501	226.0	0.952978	0.281020
3364001	3365000	3364501	177.0	0.953501	-0.071553
3365001	3366000	3365501	165.0	0.954023	-0.172837
3366001	3367000	3366501	207.0	0.954545	0.154328
3367001	3368000	3367501	165.0	0.955068	-0.172837
3368001	3369000	3368501	203.0	0.955590	0.126177
3369001	3370000	3369501	194.0	0.956113	0.060754
3370001	3371000	3370501	195.0	0.956635	0.068172
3371001	3372000	3371501	205.0	0.957158	0.140321
3372001	3373000	3372501	240.0	0.957680	0.367732
3373001	3374000	3373501	241.0	0.958203	0.373731
3374001	3375000	3374501	211.0	0.958725	0.181940
3375001	3376000	3375501	214.0	0.959248	0.202308
3376001	3377000	3376501	199.0	0.959770	0.097466
3377001	3378000	3377501	200.0	0.960293	0.104697
3378001	3379000	3378501	178.0	0.960815	-0.063425
3379001	3380000	3379501	218.0	0.961338	0.229026
3380001	3381000	3380501	274.0	0.961860	0.558873
3381001	3382000	3381501	233.0	0.962382	0.325027
3382001	3383000	3382501	236.0	0.962905	0.343484
3383001	3384000	3383501	183.0	0.963427	-0.023459
3384001	3385000	3384501	176.0	0.963950	-0.079727
3385001	3386000	3385501	161.0	0.964472	-0.208242
3386001	3387000	3386501	148.0	0.964995	-0.329705
3387001	3388000	3387501	167.0	0.965517	-0.155455
3388001	3389000	3388501	142.0	0.966040	-0.389412
3389001	3390000	3389501	238.0	0.966562	0.355659
3390001	3391000	3390501	253.0	0.967085	0.443835
3391001	3392000	3391501	210.0	0.967607	0.175087
3392001	3393000	3392501	243.0	0.968130	0.385654
3393001	3394000	3393501	236.0	0.968652	0.343484
3394001	3395000	3394501	155.0	0.969175	-0.263034
3395001	3396000	3395501	130.0	0.969697	-0.516791
3396001	3397000	3396501	169.0	0.970219	-0.138279
3397001	3398000	3397501	194.0	0.970742	0.060754
3398001	3399000	3398501	129.0	0.971264	-0.527932
3399001	3400000	3399501	159.0	0.971787	-0.226276
3400001	3401000	3400501	165.0	0.972309	-0.172837
3401001	3402000	3401501	161.0	0.972832	-0.208242
3402001	3403000	3402501	172.0	0.973354	-0.112894
3403001	3404000	3403501	204.0	0.973877	0.133267
3404001	3405000	3404501	179.0	0.974399	-0.055343
3405001	3406000	3405501	145.0	0.974922	-0.359250
3406001	3407000	3406501	189.0	0.975444	0.023084
3407001	3408000	3407501	177.0	0.975967	-0.071553
3408001	3409000	3408501	177.0	0.976489	-0.071553
3409001	3410000	3409501	168.0	0.977011	-0.146841
3410001	3411000	3410501	202.0	0.977534	0.119053
3411001	3412000	3411501	182.0	0.978056	-0.031364
3412001	3413000	3412501	189.0	0.978579	0.023084
3413001	3414000	3413501	148.0	0.979101	-0.329705
3414001	3415000	3414501	167.0	0.979624	-0.155455
3415001	3416000	3415501	158.0	0.980146	-0.235378
3416001	3417000	3416501	154.0	0.980669	-0.272372
3417001	3418000	3417501	155.0	0.981191	-0.263034
3418001	3419000	3418501	172.0	0.981714	-0.112894
3419001	3420000	3419501	186.0	0.982236	0.000000
3420001	3421000	3420501	211.0	0.982759	0.181940
3421001	3422000	3421501	217.0	0.983281	0.222392
3422001	3423000	3422501	206.0	0.983804	0.147342
3423001	3424000	3423501	256.0	0.984326	0.460841
3424001	3425000	3424501	219.0	0.984848	0.235628
3425001	3426000	3425501	276.0	0.985371	0.569366
3426001	3427000	3426501	261.0	0.985893	0.488747
3427001	3428000	3427501	223.0	0.986416	0.261741
3428001	3429000	3428501	185.0	0.986938	-0.007777
3429001	3430000	3429501	171.0	0.987461	-0.121306
3430001	3431000	3430501	182.0	0.987983	-0.031364
3431001	3432000	3431501	173.0	0.988506	-0.104531
3432001	3433000	3432501	196.0	0.989028	0.075551
3433001	3434000	3433501	271.0	0.989551	0.542990
3434001	3435000	3434501	232.0	0.990073	0.318822
3435001	3436000	3435501	279.0	0.990596	0.584963
3436001	3437000	3436501	232.0	0.991118	0.318822
3437001	3438000	3437501	247.0	0.991641	0.409208
3438001	3439000	3438501	192.0	0.992163	0.045804
3439001	3440000	3439501	172.0	0.992685	-0.112894
3440001	3441000	3440501	264.0	0.993208	0.505235
3441001	3442000	3441501	182.0	0.993730	-0.031364
3442001	3443000	3442501	176.0	0.994253	-0.079727
3443001	3444000	3443501	165.0	0.994775	-0.172837
3444001	3445000	3444501	166.0	0.995298	-0.164119
3445001	3446000	3445501	188.0	0.995820	0.015430
3446001	3447000	3446501	146.0	0.996343	-0.349334
3447001	3448000	3447501	109.0	0.996865	-0.770974
3448001	3449000	3448501	182.0	0.997388	-0.031364
3449001	3450000	3449501	219.0	0.997910	0.235628
3450001	3451000	3450501	188.0	0.998433	0.015430
3451001	3452000	3451501	254.0	0.998955	0.449526
3452001	3453000	3452501	199.0	0.999478	0.097466
3453001	3454000	3453501	212.0	1.000000	0.188762
3454001	3455000	3454501	173.0	-0.999522	-0.104531
3455001	3456000	3455501	162.0	-0.999043	-0.199309
3456001	3457000	3456501	189.0	-0.998565	0.023084
3457001	3458000	3457501	168.0	-0.998087	-0.146841
3458001	3459000	3458501	204.0	-0.997609	0.133267
3459001	3460000	3459501	183.0	-0.997130	-0.023459
3460001	3461000	3460501	214.0	-0.996652	0.202308
3461001	3462000	3461501	215.0	-0.996174	0.209034
3462001	3463000	3462501	196.0	-0.995695	0.075551
3463001	3464000	3463501	222.0	-0.995217	0.255257
3464001	3465000	3464501	182.0	-0.994739	-0.031364
3465001	3466000	3465501	181.0	-0.994261	-0.039313
3466001	3467000	3466501	196.0	-0.993782	0.075551
3467001	3468000	3467501	162.0	-0.993304	-0.199309
3468001	3469000	3468501	224.0	-0.992826	0.268196
3469001	3470000	3469501	271.0	-0.992347	0.542990
3470001	3471000	3470501	216.0	-0.991869	0.215729
3471001	3472000	3471501	253.0	-0.991391	0.443835
3472001	3473000	3472501	203.0	-0.990913	0.126177
3473001	3474000	3473501	188.0	-0.990434	0.015430
3474001	3475000	3474501	238.0	-0.989956	0.355659
3475001	3476000	3475501	249.0	-0.989478	0.420843
3476001	3477000	3476501	148.0	-0.988999	-0.329705
3477001	3478000	3477501	168.0	-0.988521	-0.146841
3478001	3479000	3478501	168.0	-0.988043	-0.146841
3479001	3480000	3479501	156.0	-0.987565	-0.253757
3480001	3481000	3480501	144.0	-0.987086	-0.369234
3481001	3482000	3481501	159.0	-0.986608	-0.226276
3482001	3483000	3482501	187.0	-0.986130	0.007736
3483001	3484000	3483501	140.0	-0.985651	-0.409876
3484001	3485000	3484501	171.0	-0.985173	-0.121306
3485001	3486000	3485501	254.0	-0.984695	0.449526
3486001	3487000	3486501	179.0	-0.984217	-0.055343
3487001	3488000	3487501	170.0	-0.983738	-0.129768
3488001	3489000	3488501	284.0	-0.983260	0.610588
3489001	3490000	3489501	266.0	-0.982782	0.516124
3490001	3491000	3490501	177.0	-0.982303	-0.071553
3491001	3492000	3491501	167.0	-0.981825	-0.155455
3492001	3493000	3492501	161.0	-0.981347	-0.208242
3493001	3494000	3493501	178.0	-0.980868	-0.063425
3494001	3495000	3494501	168.0	-0.980390	-0.146841
3495001	3496000	3495501	233.0	-0.979912	0.325027
3496001	3497000	3496501	238.0	-0.979434	0.355659
3497001	3498000	3497501	192.0	-0.978955	0.045804
3498001	3499000	3498501	212.0	-0.978477	0.188762
3499001	3500000	3499501	264.0	-0.977999	0.505235
3500001	3501000	3500501	248.0	-0.977520	0.415037
3501001	3502000	3501501	199.0	-0.977042	0.097466
3502001	3503000	3502501	199.0	-0.976564	0.097466
3503001	3504000	3503501	197.0	-0.976086	0.082893
3504001	3505000	3504501	220.0	-0.975607	0.242201
3505001	3506000	3505501	195.0	-0.975129	0.068172
3506001	3507000	3506501	247.0	-0.974651	0.409208
3507001	3508000	3507501	216.0	-0.974172	0.215729
3508001	3509000	3508501	163.0	-0.973694	-0.190431
3509001	3510000	3509501	144.0	-0.973216	-0.369234
3510001	3511000	3510501	168.0	-0.972738	-0.146841
3511001	3512000	3511501	139.0	-0.972259	-0.420218
3512001	3513000	3512501	205.0	-0.971781	0.140321
3513001	3514000	3513501	157.0	-0.971303	-0.244538
3514001	3515000	3514501	177.0	-0.970824	-0.071553
3515001	3516000	3515501	172.0	-0.970346	-0.112894
3516001	3517000	3516501	160.0	-0.969868	-0.217231
3517001	3518000	3517501	191.0	-0.969390	0.038270
3518001	3519000	3518501	193.0	-0.968911	0.053298
3519001	3520000	3519501	204.0	-0.968433	0.133267
3520001	3521000	3520501	199.0	-0.967955	0.097466
3521001	3522000	3521501	221.0	-0.967476	0.248744
3522001	3523000	3522501	182.0	-0.966998	-0.031364
3523001	3524000	3523501	228.0	-0.966520	0.293731
3524001	3525000	3524501	192.0	-0.966042	0.045804
3525001	3526000	3525501	302.0	-0.965563	0.699246
3526001	3527000	3526501	220.0	-0.965085	0.242201
3527001	3528000	3527501	320.0	-0.964607	0.782769
3528001	3529000	3528501	232.0	-0.964128	0.318822
3529001	3530000	3529501	317.0	-0.963650	0.769180
3530001	3531000	3530501	333.0	-0.963172	0.840220
3531001	3532000	3531501	215.0	-0.962694	0.209034
3532001	3533000	3532501	206.0	-0.962215	0.147342
3533001	3534000	3533501	172.0	-0.961737	-0.112894
3534001	3535000	3534501	202.0	-0.961259	0.119053
3535001	3536000	3535501	184.0	-0.960780	-0.015597
3536001	3537000	3536501	150.0	-0.960302	-0.310340
3537001	3538000	3537501	176.0	-0.959824	-0.079727
3538001	3539000	3538501	145.0	-0.959346	-0.359250
3539001	3540000	3539501	156.0	-0.958867	-0.253757
3540001	3541000	3540501	192.0	-0.958389	0.045804
3541001	3542000	3541501	216.0	-0.957911	0.215729
3542001	3543000	3542501	221.0	-0.957432	0.248744
3543001	3544000	3543501	195.0	-0.956954	0.068172
3544001	3545000	3544501	161.0	-0.956476	-0.208242
3545001	3546000	3545501	191.0	-0.955998	0.038270
3546001	3547000	3546501	165.0	-0.955519	-0.172837
3547001	3548000	3547501	245.0	-0.955041	0.397479
3548001	3549000	3548501	179.0	-0.954563	-0.055343
3549001	3550000	3549501	215.0	-0.954084	0.209034
3550001	3551000	3550501	160.0	-0.953606	-0.217231
3551001	3552000	3551501	178.0	-0.953128	-0.063425
3552001	3553000	3552501	156.0	-0.952650	-0.253757
3553001	3554000	3553501	220.0	-0.952171	0.242201
3554001	3555000	3554501	160.0	-0.951693	-0.217231
3555001	3556000	3555501	138.0	-0.951215	-0.430634
3556001	3557000	3556501	202.0	-0.950736	0.119053
3557001	3558000	3557501	180.0	-0.950258	-0.047306
3558001	3559000	3558501	211.0	-0.949780	0.181940
3559001	3560000	3559501	156.0	-0.949302	-0.253757
3560001	3561000	3560501	214.0	-0.948823	0.202308
3561001	3562000	3561501	210.0	-0.948345	0.175087
3562001	3563000	3562501	237.0	-0.947867	0.349584
3563001	3564000	3563501	163.0	-0.947388	-0.190431
3564001	3565000	3564501	178.0	-0.946910	-0.063425
3565001	3566000	3565501	180.0	-0.946432	-0.047306
3566001	3567000	3566501	147.0	-0.945953	-0.339486
3567001	3568000	3567501	123.0	-0.945475	-0.596644
3568001	3569000	3568501	163.0	-0.944997	-0.190431
3569001	3570000	3569501	204.0	-0.944519	0.133267
3570001	3571000	3570501	212.0	-0.944040	0.188762
3571001	3572000	3571501	187.0	-0.943562	0.007736
3572001	3573000	3572501	124.0	-0.943084	-0.584963
3573001	3574000	3573501	205.0	-0.942605	0.140321
3574001	3575000	3574501	168.0	-0.942127	-0.146841
3575001	3576000	3575501	152.0	-0.941649	-0.291231
3576001	3577000	3576501	187.0	-0.941171	0.007736
3577001	3578000	3577501	174.0	-0.940692	-0.096215
3578001	3579000	3578501	193.0	-0.940214	0.053298
3579001	3580000	3579501	193.0	-0.939736	0.053298
3580001	3581000	3580501	147.0	-0.939257	-0.339486
3581001	3582000	3581501	173.0	-0.938779	-0.104531
3582001	3583000	3582501	183.0	-0.938301	-0.023459
3583001	3584000	3583501	168.0	-0.937823	-0.146841
3584001	3585000	3584501	131.0	-0.937344	-0.505736
3585001	3586000	3585501	189.0	-0.936866	0.023084
3586001	3587000	3586501	196.0	-0.936388	0.075551
3587001	3588000	3587501	242.0	-0.935909	0.379704
3588001	3589000	3588501	190.0	-0.935431	0.030697
3589001	3590000	3589501	167.0	-0.934953	-0.155455
3590001	3591000	3590501	146.0	-0.934475	-0.349334
3591001	3592000	3591501	145.0	-0.933996	-0.359250
3592001	3593000	3592501	192.0	-0.933518	0.045804
3593001	3594000	3593501	162.0	-0.933040	-0.199309
3594001	3595000	3594501	201.0	-0.932561	0.111893
3595001	3596000	3595501	214.0	-0.932083	0.202308
3596001	3597000	3596501	209.0	-0.931605	0.168200
3597001	3598000	3597501	254.0	-0.931127	0.449526
3598001	3599000	3598501	252.0	-0.930648	0.438121
3599001	3600000	3599501	216.0	-0.930170	0.215729
3600001	3601000	3600501	175.0	-0.929692	-0.087948
3601001	3602000	3601501	162.0	-0.929213	-0.199309
3602001	3603000	3602501	158.0	-0.928735	-0.235378
3603001	3604000	3603501	143.0	-0.928257	-0.379287
3604001	3605000	3604501	147.0	-0.927779	-0.339486
3605001	3606000	3605501	145.0	-0.927300	-0.359250
3606001	3607000	3606501	169.0	-0.926822	-0.138279
3607001	3608000	3607501	179.0	-0.926344	-0.055343
3608001	3609000	3608501	162.0	-0.925865	-0.199309
3609001	3610000	3609501	201.0	-0.925387	0.111893
3610001	3611000	3610501	168.0	-0.924909	-0.146841
3611001	3612000	3611501	135.0	-0.924431	-0.462343
3612001	3613000	3612501	156.0	-0.923952	-0.253757
3613001	3614000	3613501	232.0	-0.923474	0.318822
3614001	3615000	3614501	266.0	-0.922996	0.516124
3615001	3616000	3615501	240.0	-0.922517	0.367732
3616001	3617000	3616501	171.0	-0.922039	-0.121306
3617001	3618000	3617501	177.0	-0.921561	-0.071553
3618001	3619000	3618501	188.0	-0.921083	0.015430
3619001	3620000	3619501	217.0	-0.920604	0.222392
3620001	3621000	3620501	174.0	-0.920126	-0.096215
3621001	3622000	3621501	209.0	-0.919648	0.168200
3622001	3623000	3622501	200.0	-0.919169	0.104697
3623001	3624000	3623501	194.0	-0.918691	0.060754
3624001	3625000	3624501	184.0	-0.918213	-0.015597
3625001	3626000	3625501	174.0	-0.917735	-0.096215
3626001	3627000	3626501	160.0	-0.917256	-0.217231
3627001	3628000	3627501	200.0	-0.916778	0.104697
3628001	3629000	3628501	174.0	-0.916300	-0.096215
3629001	3630000	3629501	205.0	-0.915821	0.140321
3630001	3631000	3630501	192.0	-0.915343	0.045804
3631001	3632000	3631501	148.0	-0.914865	-0.329705
3632001	3633000	3632501	172.0	-0.914387	-0.112894
3633001	3634000	3633501	156.0	-0.913908	-0.253757
3634001	3635000	3634501	213.0	-0.913430	0.195551
3635001	3636000	3635501	206.0	-0.912952	0.147342
3636001	3637000	3636501	170.0	-0.912473	-0.129768
3637001	3638000	3637501	135.0	-0.911995	-0.462343
3638001	3639000	3638501	202.0	-0.911517	0.119053
3639001	3640000	3639501	236.0	-0.911038	0.343484
3640001	3641000	3640501	213.0	-0.910560	0.195551
3641001	3642000	3641501	158.0	-0.910082	-0.235378
3642001	3643000	3642501	174.0	-0.909604	-0.096215
3643001	3644000	3643501	175.0	-0.909125	-0.087948
3644001	3645000	3644501	212.0	-0.908647	0.188762
3645001	3646000	3645501	181.0	-0.908169	-0.039313
3646001	3647000	3646501	208.0	-0.907690	0.161281
3647001	3648000	3647501	192.0	-0.907212	0.045804
3648001	3649000	3648501	184.0	-0.906734	-0.015597
3649001	3650000	3649501	252.0	-0.906256	0.438121
3650001	3651000	3650501	203.0	-0.905777	0.126177
3651001	3652000	3651501	140.0	-0.905299	-0.409876
3652001	3653000	3652501	148.0	-0.904821	-0.329705
3653001	3654000	3653501	220.0	-0.904342	0.242201
3654001	3655000	3654501	238.0	-0.903864	0.355659
3655001	3656000	3655501	243.0	-0.903386	0.385654
3656001	3657000	3656501	186.0	-0.902908	0.000000
3657001	3658000	3657501	267.0	-0.902429	0.521537
3658001	3659000	3658501	177.0	-0.901951	-0.071553
3659001	3660000	3659501	167.0	-0.901473	-0.155455
3660001	3661000	3660501	217.0	-0.900994	0.222392
3661001	3662000	3661501	225.0	-0.900516	0.274622
3662001	3663000	3662501	200.0	-0.900038	0.104697
3663001	3664000	3663501	262.0	-0.899560	0.494264
3664001	3665000	3664501	248.0	-0.899081	0.415037
3665001	3666000	3665501	224.0	-0.898603	0.268196
3666001	3667000	3666501	222.0	-0.898125	0.255257
3667001	3668000	3667501	212.0	-0.897646	0.188762
3668001	3669000	3668501	182.0	-0.897168	-0.031364
3669001	3670000	3669501	190.0	-0.896690	0.030697
3670001	3671000	3670501	180.0	-0.896212	-0.047306
3671001	3672000	3671501	167.0	-0.895733	-0.155455
3672001	3673000	3672501	194.0	-0.895255	0.060754
3673001	3674000	3673501	215.0	-0.894777	0.209034
3674001	3675000	3674501	212.0	-0.894298	0.188762
3675001	3676000	3675501	217.0	-0.893820	0.222392
3676001	3677000	3676501	206.0	-0.893342	0.147342
3677001	3678000	3677501	205.0	-0.892864	0.140321
3678001	3679000	3678501	199.0	-0.892385	0.097466
3679001	3680000	3679501	305.0	-0.891907	0.713507
3680001	3681000	3680501	282.0	-0.891429	0.600393
3681001	3682000	3681501	227.0	-0.890950	0.287390
3682001	3683000	3682501	216.0	-0.890472	0.215729
3683001	3684000	3683501	226.0	-0.889994	0.281020
3684001	3685000	3684501	272.0	-0.889516	0.548304
3685001	3686000	3685501	281.0	-0.889037	0.595268
3686001	3687000	3686501	179.0	-0.888559	-0.055343
3687001	3688000	3687501	203.0	-0.888081	0.126177
3688001	3689000	3688501	184.0	-0.887602	-0.015597
3689001	3690000	3689501	243.0	-0.887124	0.385654
3690001	3691000	3690501	301.0	-0.886646	0.694461
3691001	3692000	3691501	235.0	-0.886168	0.337358
3692001	3693000	3692501	163.0	-0.885689	-0.190431
3693001	3694000	3693501	200.0	-0.885211	0.104697
3694001	3695000	3694501	211.0	-0.884733	0.181940
3695001	3696000	3695501	240.0	-0.884254	0.367732
3696001	3697000	3696501	230.0	-0.883776	0.306331
3697001	3698000	3697501	203.0	-0.883298	0.126177
3698001	3699000	3698501	210.0	-0.882820	0.175087
3699001	3700000	3699501	250.0	-0.882341	0.426625
3700001	3701000	3700501	217.0	-0.881863	0.222392
3701001	3702000	3701501	203.0	-0.881385	0.126177
3702001	3703000	3702501	213.0	-0.880906	0.195551
3703001	3704000	3703501	197.0	-0.880428	0.082893
3704001	3705000	3704501	190.0	-0.879950	0.030697
3705001	3706000	3705501	224.0	-0.879472	0.268196
3706001	3707000	3706501	194.0	-0.878993	0.060754
3707001	3708000	3707501	215.0	-0.878515	0.209034
3708001	3709000	3708501	150.0	-0.878037	-0.310340
3709001	3710000	3709501	157.0	-0.877558	-0.244538
3710001	3711000	3710501	173.0	-0.877080	-0.104531
3711001	3712000	3711501	243.0	-0.876602	0.385654
3712001	3713000	3712501	208.0	-0.876123	0.161281
3713001	3714000	3713501	220.0	-0.875645	0.242201
3714001	3715000	3714501	192.0	-0.875167	0.045804
3715001	3716000	3715501	244.0	-0.874689	0.391579
3716001	3717000	3716501	234.0	-0.874210	0.331206
3717001	3718000	3717501	298.0	-0.873732	0.680010
3718001	3719000	3718501	203.0	-0.873254	0.126177
3719001	3720000	3719501	220.0	-0.872775	0.242201
3720001	3721000	3720501	175.0	-0.872297	-0.087948
3721001	3722000	3721501	178.0	-0.871819	-0.063425
3722001	3723000	3722501	199.0	-0.871341	0.097466
3723001	3724000	3723501	146.0	-0.870862	-0.349334
3724001	3725000	3724501	154.0	-0.870384	-0.272372
3725001	3726000	3725501	161.0	-0.869906	-0.208242
3726001	3727000	3726501	162.0	-0.869427	-0.199309
3727001	3728000	3727501	192.0	-0.868949	0.045804
3728001	3729000	3728501	200.0	-0.868471	0.104697
3729001	3730000	3729501	181.0	-0.867993	-0.039313
3730001	3731000	3730501	170.0	-0.867514	-0.129768
3731001	3732000	3731501	199.0	-0.867036	0.097466
3732001	3733000	3732501	185.0	-0.866558	-0.007777
3733001	3734000	3733501	176.0	-0.866079	-0.079727
3734001	3735000	3734501	168.0	-0.865601	-0.146841
3735001	3736000	3735501	148.0	-0.865123	-0.329705
3736001	3737000	3736501	158.0	-0.864645	-0.235378
3737001	3738000	3737501	154.0	-0.864166	-0.272372
3738001	3739000	3738501	124.0	-0.863688	-0.584963
3739001	3740000	3739501	138.0	-0.863210	-0.430634
3740001	3741000	3740501	175.0	-0.862731	-0.087948
3741001	3742000	3741501	256.0	-0.862253	0.460841
3742001	3743000	3742501	153.0	-0.861775	-0.281771
3743001	3744000	3743501	191.0	-0.861297	0.038270
3744001	3745000	3744501	170.0	-0.860818	-0.129768
3745001	3746000	3745501	188.0	-0.860340	0.015430
3746001	3747000	3746501	181.0	-0.859862	-0.039313
3747001	3748000	3747501	224.0	-0.859383	0.268196
3748001	3749000	3748501	358.0	-0.858905	0.944657
3749001	3750000	3749501	232.0	-0.858427	0.318822
3750001	3751000	3750501	203.0	-0.857949	0.126177
3751001	3752000	3751501	198.0	-0.857470	0.090198
3752001	3753000	3752501	151.0	-0.856992	-0.300754
3753001	3754000	3753501	210.0	-0.856514	0.175087
3754001	3755000	3754501	189.0	-0.856035	0.023084
3755001	3756000	3755501	174.0	-0.855557	-0.096215
3756001	3757000	3756501	204.0	-0.855079	0.133267
3757001	3758000	3757501	153.0	-0.854601	-0.281771
3758001	3759000	3758501	163.0	-0.854122	-0.190431
3759001	3760000	3759501	206.0	-0.853644	0.147342
3760001	3761000	3760501	181.0	-0.853166	-0.039313
3761001	3762000	3761501	189.0	-0.852687	0.023084
3762001	3763000	3762501	194.0	-0.852209	0.060754
3763001	3764000	3763501	244.0	-0.851731	0.391579
3764001	3765000	3764501	206.0	-0.851253	0.147342
3765001	3766000	3765501	178.0	-0.850774	-0.063425
3766001	3767000	3766501	175.0	-0.850296	-0.087948
3767001	3768000	3767501	177.0	-0.849818	-0.071553
3768001	3769000	3768501	186.0	-0.849339	0.000000
3769001	3770000	3769501	200.0	-0.848861	0.104697
3770001	3771000	3770501	193.0	-0.848383	0.053298
3771001	3772000	3771501	190.0	-0.847905	0.030697
3772001	3773000	3772501	184.0	-0.847426	-0.015597
3773001	3774000	3773501	236.0	-0.846948	0.343484
3774001	3775000	3774501	229.0	-0.846470	0.300045
3775001	3776000	3775501	188.0	-0.845991	0.015430
3776001	3777000	3776501	241.0	-0.845513	0.373731
3777001	3778000	3777501	192.0	-0.845035	0.045804
3778001	3779000	3778501	167.0	-0.844557	-0.155455
3779001	3780000	3779501	191.0	-0.844078	0.038270
3780001	3781000	3780501	209.0	-0.843600	0.168200
3781001	3782000	3781501	255.0	-0.843122	0.455195
3782001	3783000	3782501	226.0	-0.842643	0.281020
3783001	3784000	3783501	217.0	-0.842165	0.222392
3784001	3785000	3784501	186.0	-0.841687	0.000000
3785001	3786000	3785501	180.0	-0.841208	-0.047306
3786001	3787000	3786501	196.0	-0.840730	0.075551
3787001	3788000	3787501	198.0	-0.840252	0.090198
3788001	3789000	3788501	177.0	-0.839774	-0.071553
3789001	3790000	3789501	194.0	-0.839295	0.060754
3790001	3791000	3790501	244.0	-0.838817	0.391579
3791001	3792000	3791501	211.0	-0.838339	0.181940
3792001	3793000	3792501	200.0	-0.837860	0.104697
3793001	3794000	3793501	220.0	-0.837382	0.242201
3794001	3795000	3794501	229.0	-0.836904	0.300045
3795001	3796000	3795501	192.0	-0.836426	0.045804
3796001	3797000	3796501	187.0	-0.835947	0.007736
3797001	3798000	3797501	229.0	-0.835469	0.300045
3798001	3799000	3798501	307.0	-0.834991	0.722936
3799001	3800000	3799501	269.0	-0.834512	0.532304
3800001	3801000	3800501	237.0	-0.834034	0.349584
3801001	3802000	3801501	291.0	-0.833556	0.645717
3802001	3803000	3802501	218.0	-0.833078	0.229026
3803001	3804000	3803501	161.0	-0.832599	-0.208242
3804001	3805000	3804501	146.0	-0.832121	-0.349334
3805001	3806000	3805501	207.0	-0.831643	0.154328
3806001	3807000	3806501	206.0	-0.831164	0.147342
3807001	3808000	3807501	189.0	-0.830686	0.023084
3808001	3809000	3808501	167.0	-0.830208	-0.155455
3809001	3810000	3809501	211.0	-0.829730	0.181940
3810001	3811000	3810501	201.0	-0.829251	0.111893
3811001	3812000	3811501	197.0	-0.828773	0.082893
3812001	3813000	3812501	151.0	-0.828295	-0.300754
3813001	3814000	3813501	147.0	-0.827816	-0.339486
3814001	3815000	3814501	181.0	-0.827338	-0.039313
3815001	3816000	3815501	174.0	-0.826860	-0.096215
3816001	3817000	3816501	179.0	-0.826382	-0.055343
3817001	3818000	3817501	185.0	-0.825903	-0.007777
3818001	3819000	3818501	178.0	-0.825425	-0.063425
3819001	3820000	3819501	139.0	-0.824947	-0.420218
3820001	3821000	3820501	176.0	-0.824468	-0.079727
3821001	3822000	3821501	168.0	-0.823990	-0.146841
3822001	3823000	3822501	179.0	-0.823512	-0.055343
3823001	3824000	3823501	130.0	-0.823034	-0.516791
3824001	3825000	3824501	205.0	-0.822555	0.140321
3825001	3826000	3825501	218.0	-0.822077	0.229026
3826001	3827000	3826501	185.0	-0.821599	-0.007777
3827001	3828000	3827501	179.0	-0.821120	-0.055343
3828001	3829000	3828501	141.0	-0.820642	-0.399607
3829001	3830000	3829501	230.0	-0.820164	0.306331
3830001	3831000	3830501	193.0	-0.819686	0.053298
3831001	3832000	3831501	196.0	-0.819207	0.075551
3832001	3833000	3832501	202.0	-0.818729	0.119053
3833001	3834000	3833501	236.0	-0.818251	0.343484
3834001	3835000	3834501	300.0	-0.817772	0.689660
3835001	3836000	3835501	202.0	-0.817294	0.119053
3836001	3837000	3836501	219.0	-0.816816	0.235628
3837001	3838000	3837501	229.0	-0.816338	0.300045
3838001	3839000	3838501	179.0	-0.815859	-0.055343
3839001	3840000	3839501	194.0	-0.815381	0.060754
3840001	3841000	3840501	182.0	-0.814903	-0.031364
3841001	3842000	3841501	204.0	-0.814424	0.133267
3842001	3843000	3842501	212.0	-0.813946	0.188762
3843001	3844000	3843501	333.0	-0.813468	0.840220
3844001	3845000	3844501	245.0	-0.812990	0.397479
3845001	3846000	3845501	193.0	-0.812511	0.053298
3846001	3847000	3846501	269.0	-0.812033	0.532304
3847001	3848000	3847501	173.0	-0.811555	-0.104531
3848001	3849000	3848501	188.0	-0.811076	0.015430
3849001	3850000	3849501	208.0	-0.810598	0.161281
3850001	3851000	3850501	295.0	-0.810120	0.665412
3851001	3852000	3851501	296.0	-0.809642	0.670295
3852001	3853000	3852501	178.0	-0.809163	-0.063425
3853001	3854000	3853501	154.0	-0.808685	-0.272372
3854001	3855000	3854501	188.0	-0.808207	0.015430
3855001	3856000	3855501	253.0	-0.807728	0.443835
3856001	3857000	3856501	177.0	-0.807250	-0.071553
3857001	3858000	3857501	194.0	-0.806772	0.060754
3858001	3859000	3858501	219.0	-0.806294	0.235628
3859001	3860000	3859501	212.0	-0.805815	0.188762
3860001	3861000	3860501	172.0	-0.805337	-0.112894
3861001	3862000	3861501	173.0	-0.804859	-0.104531
3862001	3863000	3862501	209.0	-0.804380	0.168200
3863001	3864000	3863501	250.0	-0.803902	0.426625
3864001	3865000	3864501	187.0	-0.803424	0.007736
3865001	3866000	3865501	187.0	-0.802945	0.007736
3866001	3867000	3866501	179.0	-0.802467	-0.055343
3867001	3868000	3867501	172.0	-0.801989	-0.112894
3868001	3869000	3868501	220.0	-0.801511	0.242201
3869001	3870000	3869501	173.0	-0.801032	-0.104531
3870001	3871000	3870501	158.0	-0.800554	-0.235378
3871001	3872000	3871501	189.0	-0.800076	0.023084
3872001	3873000	3872501	168.0	-0.799597	-0.146841
3873001	3874000	3873501	192.0	-0.799119	0.045804
3874001	3875000	3874501	156.0	-0.798641	-0.253757
3875001	3876000	3875501	187.0	-0.798163	0.007736
3876001	3877000	3876501	181.0	-0.797684	-0.039313
3877001	3878000	3877501	194.0	-0.797206	0.060754
3878001	3879000	3878501	198.0	-0.796728	0.090198
3879001	3880000	3879501	163.0	-0.796249	-0.190431
3880001	3881000	3880501	151.0	-0.795771	-0.300754
3881001	3882000	3881501	186.0	-0.795293	0.000000
3882001	3883000	3882501	211.0	-0.794815	0.181940
3883001	3884000	3883501	171.0	-0.794336	-0.121306
3884001	3885000	3884501	149.0	-0.793858	-0.319990
3885001	3886000	3885501	185.0	-0.793380	-0.007777
3886001	3887000	3886501	210.0	-0.792901	0.175087
3887001	3888000	3887501	184.0	-0.792423	-0.015597
3888001	3889000	3888501	220.0	-0.791945	0.242201
3889001	3890000	3889501	229.0	-0.791467	0.300045
3890001	3891000	3890501	215.0	-0.790988	0.209034
3891001	3892000	3891501	198.0	-0.790510	0.090198
3892001	3893000	3892501	205.0	-0.790032	0.140321
3893001	3894000	3893501	223.0	-0.789553	0.261741
3894001	3895000	3894501	242.0	-0.789075	0.379704
3895001	3896000	3895501	176.0	-0.788597	-0.079727
3896001	3897000	3896501	263.0	-0.788119	0.499760
3897001	3898000	3897501	248.0	-0.787640	0.415037
3898001	3899000	3898501	172.0	-0.787162	-0.112894
3899001	3900000	3899501	180.0	-0.786684	-0.047306
3900001	3901000	3900501	183.0	-0.786205	-0.023459
3901001	3902000	3901501	187.0	-0.785727	0.007736
3902001	3903000	3902501	188.0	-0.785249	0.015430
3903001	3904000	3903501	188.0	-0.784771	0.015430
3904001	3905000	3904501	162.0	-0.784292	-0.199309
3905001	3906000	3905501	230.0	-0.783814	0.306331
3906001	3907000	3906501	193.0	-0.783336	0.053298
3907001	3908000	3907501	181.0	-0.782857	-0.039313
3908001	3909000	3908501	225.0	-0.782379	0.274622
3909001	3910000	3909501	207.0	-0.781901	0.154328
3910001	3911000	3910501	203.0	-0.781423	0.126177
3911001	3912000	3911501	221.0	-0.780944	0.248744
3912001	3913000	3912501	192.0	-0.780466	0.045804
3913001	3914000	3913501	189.0	-0.779988	0.023084
3914001	3915000	3914501	150.0	-0.779509	-0.310340
3915001	3916000	3915501	190.0	-0.779031	0.030697
3916001	3917000	3916501	178.0	-0.778553	-0.063425
3917001	3918000	3917501	179.0	-0.778075	-0.055343
3918001	3919000	3918501	166.0	-0.777596	-0.164119
3919001	3920000	3919501	199.0	-0.777118	0.097466
3920001	3921000	3920501	177.0	-0.776640	-0.071553
3921001	3922000	3921501	156.0	-0.776161	-0.253757
3922001	3923000	3922501	152.0	-0.775683	-0.291231
3923001	3924000	3923501	210.0	-0.775205	0.175087
3924001	3925000	3924501	161.0	-0.774727	-0.208242
3925001	3926000	3925501	160.0	-0.774248	-0.217231
3926001	3927000	3926501	124.0	-0.773770	-0.584963
3927001	3928000	3927501	137.0	-0.773292	-0.441127
3928001	3929000	3928501	191.0	-0.772813	0.038270
3929001	3930000	3929501	198.0	-0.772335	0.090198
3930001	3931000	3930501	162.0	-0.771857	-0.199309
3931001	3932000	3931501	229.0	-0.771379	0.300045
3932001	3933000	3932501	268.0	-0.770900	0.526930
3933001	3934000	3933501	261.0	-0.770422	0.488747
3934001	3935000	3934501	194.0	-0.769944	0.060754
3935001	3936000	3935501	182.0	-0.769465	-0.031364
3936001	3937000	3936501	188.0	-0.768987	0.015430
3937001	3938000	3937501	211.0	-0.768509	0.181940
3938001	3939000	3938501	211.0	-0.768030	0.181940
3939001	3940000	3939501	202.0	-0.767552	0.119053
3940001	3941000	3940501	181.0	-0.767074	-0.039313
3941001	3942000	3941501	216.0	-0.766596	0.215729
3942001	3943000	3942501	217.0	-0.766117	0.222392
3943001	3944000	3943501	263.0	-0.765639	0.499760
3944001	3945000	3944501	194.0	-0.765161	0.060754
3945001	3946000	3945501	171.0	-0.764682	-0.121306
3946001	3947000	3946501	183.0	-0.764204	-0.023459
3947001	3948000	3947501	206.0	-0.763726	0.147342
3948001	3949000	3948501	159.0	-0.763248	-0.226276
3949001	3950000	3949501	201.0	-0.762769	0.111893
3950001	3951000	3950501	170.0	-0.762291	-0.129768
3951001	3952000	3951501	151.0	-0.761813	-0.300754
3952001	3953000	3952501	206.0	-0.761334	0.147342
3953001	3954000	3953501	189.0	-0.760856	0.023084
3954001	3955000	3954501	192.0	-0.760378	0.045804
3955001	3956000	3955501	194.0	-0.759900	0.060754
3956001	3957000	3956501	170.0	-0.759421	-0.129768
3957001	3958000	3957501	203.0	-0.758943	0.126177
3958001	3959000	3958501	227.0	-0.758465	0.287390
3959001	3960000	3959501	185.0	-0.757986	-0.007777
3960001	3961000	3960501	200.0	-0.757508	0.104697
3961001	3962000	3961501	175.0	-0.757030	-0.087948
3962001	3963000	3962501	160.0	-0.756552	-0.217231
3963001	3964000	3963501	180.0	-0.756073	-0.047306
3964001	3965000	3964501	205.0	-0.755595	0.140321
3965001	3966000	3965501	224.0	-0.755117	0.268196
3966001	3967000	3966501	251.0	-0.754638	0.432385
3967001	3968000	3967501	174.0	-0.754160	-0.096215
3968001	3969000	3968501	141.0	-0.753682	-0.399607
3969001	3970000	3969501	167.0	-0.753204	-0.155455
3970001	3971000	3970501	186.0	-0.752725	0.000000
3971001	3972000	3971501	181.0	-0.752247	-0.039313
3972001	3973000	3972501	215.0	-0.751769	0.209034
3973001	3974000	3973501	200.0	-0.751290	0.104697
3974001	3975000	3974501	186.0	-0.750812	0.000000
3975001	3976000	3975501	236.0	-0.750334	0.343484
3976001	3977000	3976501	229.0	-0.749856	0.300045
3977001	3978000	3977501	184.0	-0.749377	-0.015597
3978001	3979000	3978501	245.0	-0.748899	0.397479
3979001	3980000	3979501	170.0	-0.748421	-0.129768
3980001	3981000	3980501	193.0	-0.747942	0.053298
3981001	3982000	3981501	183.0	-0.747464	-0.023459
3982001	3983000	3982501	221.0	-0.746986	0.248744
3983001	3984000	3983501	172.0	-0.746508	-0.112894
3984001	3985000	3984501	168.0	-0.746029	-0.146841
3985001	3986000	3985501	161.0	-0.745551	-0.208242
3986001	3987000	3986501	205.0	-0.745073	0.140321
3987001	3988000	3987501	246.0	-0.744594	0.403356
3988001	3989000	3988501	199.0	-0.744116	0.097466
3989001	3990000	3989501	251.0	-0.743638	0.432385
3990001	3991000	3990501	237.0	-0.743160	0.349584
3991001	3992000	3991501	211.0	-0.742681	0.181940
3992001	3993000	3992501	177.0	-0.742203	-0.071553
3993001	3994000	3993501	246.0	-0.741725	0.403356
3994001	3995000	3994501	187.0	-0.741246	0.007736
3995001	3996000	3995501	211.0	-0.740768	0.181940
3996001	3997000	3996501	202.0	-0.740290	0.119053
3997001	3998000	3997501	196.0	-0.739812	0.075551
3998001	3999000	3998501	276.0	-0.739333	0.569366
3999001	4000000	3999501	288.0	-0.738855	0.630766
4000001	4001000	4000501	313.0	-0.738377	0.750860
4001001	4002000	4001501	243.0	-0.737898	0.385654
4002001	4003000	4002501	168.0	-0.737420	-0.146841
4003001	4004000	4003501	139.0	-0.736942	-0.420218
