window_start	window_end	window_mid	raw_count	norm_position	log2_ratio
1	1000	501	450.0	-0.736085	-0.111031
1001	2000	1501	453.0	-0.735606	-0.101445
2001	3000	2501	579.0	-0.735128	0.252607
3001	4000	3501	646.0	-0.734650	0.410578
4001	5000	4501	503.0	-0.734172	0.049602
5001	6000	5501	462.0	-0.733693	-0.073063
6001	7000	6501	439.0	-0.733215	-0.146735
7001	8000	7501	473.0	-0.732737	-0.039116
8001	9000	8501	494.0	-0.732258	0.023555
9001	10000	9501	441.0	-0.731780	-0.140178
10001	11000	10501	367.0	-0.731302	-0.405176
11001	12000	11501	458.0	-0.730824	-0.085609
12001	13000	12501	402.0	-0.730345	-0.273761
13001	14000	13501	505.0	-0.729867	0.055327
14001	15000	14501	470.0	-0.729389	-0.048296
15001	16000	15501	470.0	-0.728910	-0.048296
16001	17000	16501	399.0	-0.728432	-0.284568
17001	18000	17501	438.0	-0.727954	-0.150025
18001	19000	18501	459.0	-0.727476	-0.082462
19001	20000	19501	457.0	-0.726997	-0.088762
20001	21000	20501	432.0	-0.726519	-0.169925
21001	22000	21501	413.0	-0.726041	-0.234815
22001	23000	22501	455.0	-0.725562	-0.095090
23001	24000	23501	510.0	-0.725084	0.069541
24001	25000	24501	512.0	-0.724606	0.075187
25001	26000	25501	474.0	-0.724128	-0.036069
26001	27000	26501	457.0	-0.723649	-0.088762
27001	28000	27501	428.0	-0.723171	-0.183346
28001	29000	28501	421.0	-0.722693	-0.207136
29001	30000	29501	526.0	-0.722214	0.114106
30001	31000	30501	456.0	-0.721736	-0.091922
31001	32000	31501	435.0	-0.721258	-0.159941
32001	33000	32501	534.0	-0.720779	0.135883
33001	34000	33501	495.0	-0.720301	0.026472
34001	35000	34501	516.0	-0.719823	0.086415
35001	36000	35501	504.0	-0.719345	0.052467
36001	37000	36501	522.0	-0.718866	0.103093
37001	38000	37501	392.0	-0.718388	-0.310103
38001	39000	38501	419.0	-0.717910	-0.214006
39001	40000	39501	468.0	-0.717431	-0.054448
40001	41000	40501	495.0	-0.716953	0.026472
41001	42000	41501	496.0	-0.716475	0.029384
42001	43000	42501	585.0	-0.715997	0.267480
43001	44000	43501	426.0	-0.715518	-0.190103
44001	45000	44501	420.0	-0.715040	-0.210567
45001	46000	45501	486.0	-0.714562	0.000000
46001	47000	46501	467.0	-0.714083	-0.057534
47001	48000	47501	424.0	-0.713605	-0.196892
48001	49000	48501	457.0	-0.713127	-0.088762
49001	50000	49501	477.0	-0.712649	-0.026967
50001	51000	50501	419.0	-0.712170	-0.214006
51001	52000	51501	407.0	-0.711692	-0.255928
52001	53000	52501	484.0	-0.711214	-0.005949
53001	54000	53501	524.0	-0.710735	0.108610
54001	55000	54501	408.0	-0.710257	-0.252387
55001	56000	55501	466.0	-0.709779	-0.060626
56001	57000	56501	517.0	-0.709301	0.089208
57001	58000	57501	454.0	-0.708822	-0.098264
58001	59000	58501	423.0	-0.708344	-0.200299
59001	60000	59501	528.0	-0.707866	0.119582
60001	61000	60501	439.0	-0.707387	-0.146735
61001	62000	61501	472.0	-0.706909	-0.042169
62001	63000	62501	449.0	-0.706431	-0.114241
63001	64000	63501	433.0	-0.705953	-0.166589
64001	65000	64501	495.0	-0.705474	0.026472
65001	66000	65501	498.0	-0.704996	0.035189
66001	67000	66501	425.0	-0.704518	-0.193493
67001	68000	67501	497.0	-0.704039	0.032290
68001	69000	68501	560.0	-0.703561	0.204471
69001	70000	69501	547.0	-0.703083	0.170585
70001	71000	70501	463.0	-0.702605	-0.069944
71001	72000	71501	454.0	-0.702126	-0.098264
72001	73000	72501	449.0	-0.701648	-0.114241
73001	74000	73501	432.0	-0.701170	-0.169925
74001	75000	74501	438.0	-0.700691	-0.150025
75001	76000	75501	430.0	-0.700213	-0.176620
76001	77000	76501	493.0	-0.699735	0.020631
77001	78000	77501	490.0	-0.699257	0.011825
78001	79000	78501	462.0	-0.698778	-0.073063
79001	80000	79501	416.0	-0.698300	-0.224373
80001	81000	80501	448.0	-0.697822	-0.117458
81001	82000	81501	407.0	-0.697343	-0.255928
82001	83000	82501	401.0	-0.696865	-0.277354
83001	84000	83501	374.0	-0.696387	-0.377918
84001	85000	84501	468.0	-0.695909	-0.054448
85001	86000	85501	413.0	-0.695430	-0.234815
86001	87000	86501	393.0	-0.694952	-0.306427
87001	88000	87501	450.0	-0.694474	-0.111031
88001	89000	88501	564.0	-0.693995	0.214739
89001	90000	89501	514.0	-0.693517	0.080812
90001	91000	90501	531.0	-0.693039	0.127756
91001	92000	91501	508.0	-0.692561	0.063872
92001	93000	92501	472.0	-0.692082	-0.042169
93001	94000	93501	548.0	-0.691604	0.173220
94001	95000	94501	463.0	-0.691126	-0.069944
95001	96000	95501	455.0	-0.690647	-0.095090
96001	97000	96501	504.0	-0.690169	0.052467
97001	98000	97501	531.0	-0.689691	0.127756
98001	99000	98501	501.0	-0.689213	0.043854
99001	100000	99501	545.0	-0.688734	0.165300
100001	101000	100501	475.0	-0.688256	-0.033029
101001	102000	101501	492.0	-0.687778	0.017702
102001	103000	102501	414.0	-0.687299	-0.231326
103001	104000	103501	451.0	-0.686821	-0.107829
104001	105000	104501	477.0	-0.686343	-0.026967
105001	106000	105501	498.0	-0.685864	0.035189
106001	107000	106501	492.0	-0.685386	0.017702
107001	108000	107501	485.0	-0.684908	-0.002972
108001	109000	108501	546.0	-0.684430	0.167945
109001	110000	109501	458.0	-0.683951	-0.085609
110001	111000	110501	438.0	-0.683473	-0.150025
111001	112000	111501	506.0	-0.682995	0.058181
112001	113000	112501	453.0	-0.682516	-0.101445
113001	114000	113501	383.0	-0.682038	-0.343612
114001	115000	114501	406.0	-0.681560	-0.259477
115001	116000	115501	462.0	-0.681082	-0.073063
116001	117000	116501	456.0	-0.680603	-0.091922
117001	118000	117501	392.0	-0.680125	-0.310103
118001	119000	118501	447.0	-0.679647	-0.120681
119001	120000	119501	571.0	-0.679168	0.232534
120001	121000	120501	594.0	-0.678690	0.289507
121001	122000	121501	585.0	-0.678212	0.267480
122001	123000	122501	572.0	-0.677734	0.235059
123001	124000	123501	468.0	-0.677255	-0.054448
124001	125000	124501	402.0	-0.676777	-0.273761
125001	126000	125501	413.0	-0.676299	-0.234815
126001	127000	126501	488.0	-0.675820	0.005925
127001	128000	127501	604.0	-0.675342	0.313592
128001	129000	128501	503.0	-0.674864	0.049602
129001	130000	129501	513.0	-0.674386	0.078003
130001	131000	130501	516.0	-0.673907	0.086415
131001	132000	131501	510.0	-0.673429	0.069541
132001	133000	132501	456.0	-0.672951	-0.091922
133001	134000	133501	418.0	-0.672472	-0.217453
134001	135000	134501	466.0	-0.671994	-0.060626
135001	136000	135501	661.0	-0.671516	0.443694
136001	137000	136501	508.0	-0.671038	0.063872
137001	138000	137501	458.0	-0.670559	-0.085609
138001	139000	138501	513.0	-0.670081	0.078003
139001	140000	139501	518.0	-0.669603	0.091996
140001	141000	140501	428.0	-0.669124	-0.183346
141001	142000	141501	507.0	-0.668646	0.061029
142001	143000	142501	473.0	-0.668168	-0.039116
143001	144000	143501	485.0	-0.667690	-0.002972
144001	145000	144501	534.0	-0.667211	0.135883
145001	146000	145501	531.0	-0.666733	0.127756
146001	147000	146501	431.0	-0.666255	-0.173268
147001	148000	147501	458.0	-0.665776	-0.085609
148001	149000	148501	431.0	-0.665298	-0.173268
149001	150000	149501	413.0	-0.664820	-0.234815
150001	151000	150501	411.0	-0.664342	-0.241818
151001	152000	151501	462.0	-0.663863	-0.073063
152001	153000	152501	430.0	-0.663385	-0.176620
153001	154000	153501	524.0	-0.662907	0.108610
154001	155000	154501	424.0	-0.662428	-0.196892
155001	156000	155501	517.0	-0.661950	0.089208
156001	157000	156501	430.0	-0.661472	-0.176620
157001	158000	157501	521.0	-0.660994	0.100327
158001	159000	158501	556.0	-0.660515	0.194129
159001	160000	159501	479.0	-0.660037	-0.020931
160001	161000	160501	516.0	-0.659559	0.086415
161001	162000	161501	517.0	-0.659080	0.089208
162001	163000	162501	611.0	-0.658602	0.330216
163001	164000	163501	611.0	-0.658124	0.330216
164001	165000	164501	542.0	-0.657646	0.157337
165001	166000	165501	423.0	-0.657167	-0.200299
166001	167000	166501	482.0	-0.656689	-0.011923
167001	168000	167501	545.0	-0.656211	0.165300
168001	169000	168501	532.0	-0.655732	0.130470
169001	170000	169501	444.0	-0.655254	-0.130397
170001	171000	170501	440.0	-0.654776	-0.143453
171001	172000	171501	510.0	-0.654298	0.069541
172001	173000	172501	457.0	-0.653819	-0.088762
173001	174000	173501	518.0	-0.653341	0.091996
174001	175000	174501	488.0	-0.652863	0.005925
175001	176000	175501	499.0	-0.652384	0.038084
176001	177000	176501	500.0	-0.651906	0.040972
177001	178000	177501	528.0	-0.651428	0.119582
178001	179000	178501	499.0	-0.650949	0.038084
179001	180000	179501	523.0	-0.650471	0.105855
180001	181000	180501	473.0	-0.649993	-0.039116
181001	182000	181501	419.0	-0.649515	-0.214006
182001	183000	182501	536.0	-0.649036	0.141277
183001	184000	183501	514.0	-0.648558	0.080812
184001	185000	184501	469.0	-0.648080	-0.051368
185001	186000	185501	507.0	-0.647601	0.061029
186001	187000	186501	538.0	-0.647123	0.146650
187001	188000	187501	502.0	-0.646645	0.046731
188001	189000	188501	503.0	-0.646167	0.049602
189001	190000	189501	514.0	-0.645688	0.080812
190001	191000	190501	540.0	-0.645210	0.152003
191001	192000	191501	530.0	-0.644732	0.125036
192001	193000	192501	594.0	-0.644253	0.289507
193001	194000	193501	588.0	-0.643775	0.274860
194001	195000	194501	682.0	-0.643297	0.488815
195001	196000	195501	678.0	-0.642819	0.480329
196001	197000	196501	557.0	-0.642340	0.196721
197001	198000	197501	486.0	-0.641862	0.000000
198001	199000	198501	438.0	-0.641384	-0.150025
199001	200000	199501	459.0	-0.640905	-0.082462
200001	201000	200501	457.0	-0.640427	-0.088762
201001	202000	201501	456.0	-0.639949	-0.091922
202001	203000	202501	587.0	-0.639471	0.272404
203001	204000	203501	476.0	-0.638992	-0.029995
204001	205000	204501	467.0	-0.638514	-0.057534
205001	206000	205501	518.0	-0.638036	0.091996
206001	207000	206501	456.0	-0.637557	-0.091922
207001	208000	207501	493.0	-0.637079	0.020631
208001	209000	208501	525.0	-0.636601	0.111361
209001	210000	209501	587.0	-0.636123	0.272404
210001	211000	210501	631.0	-0.635644	0.376684
211001	212000	211501	523.0	-0.635166	0.105855
212001	213000	212501	532.0	-0.634688	0.130470
213001	214000	213501	643.0	-0.634209	0.403862
214001	215000	214501	426.0	-0.633731	-0.190103
215001	216000	215501	425.0	-0.633253	-0.193493
216001	217000	216501	450.0	-0.632775	-0.111031
217001	218000	217501	405.0	-0.632296	-0.263034
218001	219000	218501	550.0	-0.631818	0.178475
219001	220000	219501	459.0	-0.631340	-0.082462
220001	221000	220501	462.0	-0.630861	-0.073063
221001	222000	221501	493.0	-0.630383	0.020631
222001	223000	222501	475.0	-0.629905	-0.033029
223001	224000	223501	554.0	-0.629427	0.188930
224001	225000	224501	456.0	-0.628948	-0.091922
225001	226000	225501	510.0	-0.628470	0.069541
226001	227000	226501	438.0	-0.627992	-0.150025
227001	228000	227501	437.0	-0.627513	-0.153323
228001	229000	228501	419.0	-0.627035	-0.214006
229001	230000	229501	485.0	-0.626557	-0.002972
230001	231000	230501	484.0	-0.626079	-0.005949
231001	232000	231501	495.0	-0.625600	0.026472
232001	233000	232501	484.0	-0.625122	-0.005949
233001	234000	233501	512.0	-0.624644	0.075187
234001	235000	234501	494.0	-0.624165	0.023555
235001	236000	235501	508.0	-0.623687	0.063872
236001	237000	236501	468.0	-0.623209	-0.054448
237001	238000	237501	457.0	-0.622731	-0.088762
238001	239000	238501	458.0	-0.622252	-0.085609
239001	240000	239501	562.0	-0.621774	0.209614
240001	241000	240501	459.0	-0.621296	-0.082462
241001	242000	241501	632.0	-0.620817	0.378968
242001	243000	242501	514.0	-0.620339	0.080812
243001	244000	243501	441.0	-0.619861	-0.140178
244001	245000	244501	396.0	-0.619383	-0.295456
245001	246000	245501	449.0	-0.618904	-0.114241
246001	247000	246501	412.0	-0.618426	-0.238312
247001	248000	247501	484.0	-0.617948	-0.005949
248001	249000	248501	560.0	-0.617469	0.204471
249001	250000	249501	481.0	-0.616991	-0.014919
250001	251000	250501	490.0	-0.616513	0.011825
251001	252000	251501	526.0	-0.616034	0.114106
252001	253000	252501	452.0	-0.615556	-0.104634
253001	254000	253501	419.0	-0.615078	-0.214006
254001	255000	254501	389.0	-0.614600	-0.321186
255001	256000	255501	424.0	-0.614121	-0.196892
256001	257000	256501	487.0	-0.613643	0.002965
257001	258000	257501	532.0	-0.613165	0.130470
258001	259000	258501	468.0	-0.612686	-0.054448
259001	260000	259501	609.0	-0.612208	0.325486
260001	261000	260501	591.0	-0.611730	0.282202
261001	262000	261501	499.0	-0.611252	0.038084
262001	263000	262501	553.0	-0.610773	0.186323
263001	264000	263501	554.0	-0.610295	0.188930
264001	265000	264501	429.0	-0.609817	-0.179979
265001	266000	265501	386.0	-0.609338	-0.332355
266001	267000	266501	391.0	-0.608860	-0.313788
267001	268000	267501	463.0	-0.608382	-0.069944
268001	269000	268501	400.0	-0.607904	-0.280956
269001	270000	269501	481.0	-0.607425	-0.014919
270001	271000	270501	510.0	-0.606947	0.069541
271001	272000	271501	437.0	-0.606469	-0.153323
272001	273000	272501	464.0	-0.605990	-0.066832
273001	274000	273501	472.0	-0.605512	-0.042169
274001	275000	274501	441.0	-0.605034	-0.140178
275001	276000	275501	455.0	-0.604556	-0.095090
276001	277000	276501	565.0	-0.604077	0.217295
277001	278000	277501	540.0	-0.603599	0.152003
278001	279000	278501	431.0	-0.603121	-0.173268
279001	280000	279501	561.0	-0.602642	0.207044
280001	281000	280501	523.0	-0.602164	0.105855
281001	282000	281501	523.0	-0.601686	0.105855
282001	283000	282501	558.0	-0.601208	0.199309
283001	284000	283501	544.0	-0.600729	0.162650
284001	285000	284501	453.0	-0.600251	-0.101445
285001	286000	285501	364.0	-0.599773	-0.417018
286001	287000	286501	450.0	-0.599294	-0.111031
287001	288000	287501	497.0	-0.598816	0.032290
288001	289000	288501	480.0	-0.598338	-0.017922
289001	290000	289501	476.0	-0.597860	-0.029995
290001	291000	290501	464.0	-0.597381	-0.066832
291001	292000	291501	438.0	-0.596903	-0.150025
292001	293000	292501	491.0	-0.596425	0.014767
293001	294000	293501	537.0	-0.595946	0.143966
294001	295000	294501	559.0	-0.595468	0.201892
295001	296000	295501	522.0	-0.594990	0.103093
296001	297000	296501	541.0	-0.594512	0.154672
297001	298000	297501	471.0	-0.594033	-0.045229
298001	299000	298501	496.0	-0.593555	0.029384
299001	300000	299501	604.0	-0.593077	0.313592
300001	301000	300501	529.0	-0.592598	0.122311
301001	302000	301501	451.0	-0.592120	-0.107829
302001	303000	302501	510.0	-0.591642	0.069541
303001	304000	303501	529.0	-0.591164	0.122311
304001	305000	304501	495.0	-0.590685	0.026472
305001	306000	305501	524.0	-0.590207	0.108610
306001	307000	306501	467.0	-0.589729	-0.057534
307001	308000	307501	458.0	-0.589250	-0.085609
308001	309000	308501	422.0	-0.588772	-0.203713
309001	310000	309501	456.0	-0.588294	-0.091922
310001	311000	310501	613.0	-0.587816	0.334931
311001	312000	311501	609.0	-0.587337	0.325486
312001	313000	312501	525.0	-0.586859	0.111361
313001	314000	313501	461.0	-0.586381	-0.076190
314001	315000	314501	572.0	-0.585902	0.235059
315001	316000	315501	490.0	-0.585424	0.011825
316001	317000	316501	415.0	-0.584946	-0.227845
317001	318000	317501	421.0	-0.584468	-0.207136
318001	319000	318501	434.0	-0.583989	-0.163261
319001	320000	319501	585.0	-0.583511	0.267480
320001	321000	320501	473.0	-0.583033	-0.039116
321001	322000	321501	555.0	-0.582554	0.191531
322001	323000	322501	723.0	-0.582076	0.573039
323001	324000	323501	813.0	-0.581598	0.742299
324001	325000	324501	597.0	-0.581119	0.296775
325001	326000	325501	526.0	-0.580641	0.114106
326001	327000	326501	557.0	-0.580163	0.196721
327001	328000	327501	475.0	-0.579685	-0.033029
328001	329000	328501	562.0	-0.579206	0.209614
329001	330000	329501	397.0	-0.578728	-0.291817
330001	331000	330501	412.0	-0.578250	-0.238312
331001	332000	331501	518.0	-0.577771	0.091996
332001	333000	332501	551.0	-0.577293	0.181096
333001	334000	333501	576.0	-0.576815	0.245112
334001	335000	334501	458.0	-0.576337	-0.085609
335001	336000	335501	459.0	-0.575858	-0.082462
336001	337000	336501	600.0	-0.575380	0.304006
337001	338000	337501	509.0	-0.574902	0.066709
338001	339000	338501	457.0	-0.574423	-0.088762
339001	340000	339501	441.0	-0.573945	-0.140178
340001	341000	340501	447.0	-0.573467	-0.120681
341001	342000	341501	456.0	-0.572989	-0.091922
342001	343000	342501	551.0	-0.572510	0.181096
343001	344000	343501	451.0	-0.572032	-0.107829
344001	345000	344501	411.0	-0.571554	-0.241818
345001	346000	345501	416.0	-0.571075	-0.224373
346001	347000	346501	441.0	-0.570597	-0.140178
347001	348000	347501	426.0	-0.570119	-0.190103
348001	349000	348501	420.0	-0.569641	-0.210567
349001	350000	349501	597.0	-0.569162	0.296775
350001	351000	350501	597.0	-0.568684	0.296775
351001	352000	351501	508.0	-0.568206	0.063872
352001	353000	352501	454.0	-0.567727	-0.098264
353001	354000	353501	541.0	-0.567249	0.154672
354001	355000	354501	511.0	-0.566771	0.072367
355001	356000	355501	516.0	-0.566293	0.086415
356001	357000	356501	454.0	-0.565814	-0.098264
357001	358000	357501	661.0	-0.565336	0.443694
358001	359000	358501	517.0	-0.564858	0.089208
359001	360000	359501	583.0	-0.564379	0.262540
360001	361000	360501	617.0	-0.563901	0.344314
361001	362000	361501	493.0	-0.563423	0.020631
362001	363000	362501	497.0	-0.562945	0.032290
363001	364000	363501	509.0	-0.562466	0.066709
364001	365000	364501	548.0	-0.561988	0.173220
365001	366000	365501	604.0	-0.561510	0.313592
366001	367000	366501	618.0	-0.561031	0.346651
367001	368000	367501	471.0	-0.560553	-0.045229
368001	369000	368501	679.0	-0.560075	0.482455
369001	370000	369501	659.0	-0.559597	0.439322
370001	371000	370501	601.0	-0.559118	0.306409
371001	372000	371501	531.0	-0.558640	0.127756
372001	373000	372501	636.0	-0.558162	0.388070
373001	374000	373501	586.0	-0.557683	0.269944
374001	375000	374501	489.0	-0.557205	0.008878
375001	376000	375501	504.0	-0.556727	0.052467
376001	377000	376501	490.0	-0.556249	0.011825
377001	378000	377501	504.0	-0.555770	0.052467
378001	379000	378501	437.0	-0.555292	-0.153323
379001	380000	379501	538.0	-0.554814	0.146650
380001	381000	380501	509.0	-0.554335	0.066709
381001	382000	381501	540.0	-0.553857	0.152003
382001	383000	382501	506.0	-0.553379	0.058181
383001	384000	383501	545.0	-0.552901	0.165300
384001	385000	384501	458.0	-0.552422	-0.085609
385001	386000	385501	429.0	-0.551944	-0.179979
386001	387000	386501	447.0	-0.551466	-0.120681
387001	388000	387501	457.0	-0.550987	-0.088762
388001	389000	388501	486.0	-0.550509	0.000000
389001	390000	389501	401.0	-0.550031	-0.277354
390001	391000	390501	463.0	-0.549553	-0.069944
391001	392000	391501	393.0	-0.549074	-0.306427
392001	393000	392501	473.0	-0.548596	-0.039116
393001	394000	393501	460.0	-0.548118	-0.079322
394001	395000	394501	383.0	-0.547639	-0.343612
395001	396000	395501	423.0	-0.547161	-0.200299
396001	397000	396501	383.0	-0.546683	-0.343612
397001	398000	397501	474.0	-0.546205	-0.036069
398001	399000	398501	441.0	-0.545726	-0.140178
399001	400000	399501	645.0	-0.545248	0.408343
400001	401000	400501	605.0	-0.544770	0.315979
401001	402000	401501	591.0	-0.544291	0.282202
402001	403000	402501	559.0	-0.543813	0.201892
403001	404000	403501	537.0	-0.543335	0.143966
404001	405000	404501	418.0	-0.542856	-0.217453
405001	406000	405501	453.0	-0.542378	-0.101445
406001	407000	406501	414.0	-0.541900	-0.231326
407001	408000	407501	489.0	-0.541422	0.008878
408001	409000	408501	453.0	-0.540943	-0.101445
409001	410000	409501	487.0	-0.540465	0.002965
410001	411000	410501	375.0	-0.539987	-0.374066
411001	412000	411501	475.0	-0.539508	-0.033029
412001	413000	412501	533.0	-0.539030	0.133179
413001	414000	413501	498.0	-0.538552	0.035189
414001	415000	414501	410.0	-0.538074	-0.245332
415001	416000	415501	307.0	-0.537595	-0.662718
416001	417000	416501	490.0	-0.537117	0.011825
417001	418000	417501	435.0	-0.536639	-0.159941
418001	419000	418501	509.0	-0.536160	0.066709
419001	420000	419501	561.0	-0.535682	0.207044
420001	421000	420501	512.0	-0.535204	0.075187
421001	422000	421501	571.0	-0.534726	0.232534
422001	423000	422501	809.0	-0.534247	0.735183
423001	424000	423501	720.0	-0.533769	0.567041
424001	425000	424501	608.0	-0.533291	0.323115
425001	426000	425501	735.0	-0.532812	0.596788
426001	427000	426501	553.0	-0.532334	0.186323
427001	428000	427501	506.0	-0.531856	0.058181
428001	429000	428501	481.0	-0.531378	-0.014919
429001	430000	429501	497.0	-0.530899	0.032290
430001	431000	430501	497.0	-0.530421	0.032290
431001	432000	431501	536.0	-0.529943	0.141277
432001	433000	432501	525.0	-0.529464	0.111361
433001	434000	433501	491.0	-0.528986	0.014767
434001	435000	434501	570.0	-0.528508	0.230006
435001	436000	435501	548.0	-0.528030	0.173220
436001	437000	436501	473.0	-0.527551	-0.039116
437001	438000	437501	550.0	-0.527073	0.178475
438001	439000	438501	508.0	-0.526595	0.063872
439001	440000	439501	620.0	-0.526116	0.351312
440001	441000	440501	486.0	-0.525638	0.000000
441001	442000	441501	493.0	-0.525160	0.020631
442001	443000	442501	528.0	-0.524682	0.119582
443001	444000	443501	425.0	-0.524203	-0.193493
444001	445000	444501	443.0	-0.523725	-0.133650
445001	446000	445501	487.0	-0.523247	0.002965
446001	447000	446501	493.0	-0.522768	0.020631
447001	448000	447501	584.0	-0.522290	0.265012
448001	449000	448501	410.0	-0.521812	-0.245332
449001	450000	449501	504.0	-0.521334	0.052467
450001	451000	450501	600.0	-0.520855	0.304006
451001	452000	451501	422.0	-0.520377	-0.203713
452001	453000	452501	466.0	-0.519899	-0.060626
453001	454000	453501	476.0	-0.519420	-0.029995
454001	455000	454501	469.0	-0.518942	-0.051368
455001	456000	455501	464.0	-0.518464	-0.066832
456001	457000	456501	512.0	-0.517986	0.075187
457001	458000	457501	539.0	-0.517507	0.149329
458001	459000	458501	476.0	-0.517029	-0.029995
459001	460000	459501	449.0	-0.516551	-0.114241
460001	461000	460501	475.0	-0.516072	-0.033029
461001	462000	461501	399.0	-0.515594	-0.284568
462001	463000	462501	482.0	-0.515116	-0.011923
463001	464000	463501	425.0	-0.514638	-0.193493
464001	465000	464501	403.0	-0.514159	-0.270176
465001	466000	465501	365.0	-0.513681	-0.413060
466001	467000	466501	424.0	-0.513203	-0.196892
467001	468000	467501	444.0	-0.512724	-0.130397
468001	469000	468501	373.0	-0.512246	-0.381781
469001	470000	469501	421.0	-0.511768	-0.207136
470001	471000	470501	425.0	-0.511290	-0.193493
471001	472000	471501	468.0	-0.510811	-0.054448
472001	473000	472501	363.0	-0.510333	-0.420987
473001	474000	473501	497.0	-0.509855	0.032290
474001	475000	474501	547.0	-0.509376	0.170585
475001	476000	475501	654.0	-0.508898	0.428334
476001	477000	476501	608.0	-0.508420	0.323115
477001	478000	477501	578.0	-0.507941	0.250113
478001	479000	478501	749.0	-0.507463	0.624009
479001	480000	479501	717.0	-0.506985	0.561017
480001	481000	480501	623.0	-0.506507	0.358276
481001	482000	481501	505.0	-0.506028	0.055327
482001	483000	482501	671.0	-0.505550	0.465356
483001	484000	483501	542.0	-0.505072	0.157337
484001	485000	484501	488.0	-0.504593	0.005925
485001	486000	485501	464.0	-0.504115	-0.066832
486001	487000	486501	404.0	-0.503637	-0.266601
487001	488000	487501	482.0	-0.503159	-0.011923
488001	489000	488501	564.0	-0.502680	0.214739
489001	490000	489501	496.0	-0.502202	0.029384
490001	491000	490501	463.0	-0.501724	-0.069944
491001	492000	491501	458.0	-0.501245	-0.085609
492001	493000	492501	419.0	-0.500767	-0.214006
493001	494000	493501	456.0	-0.500289	-0.091922
494001	495000	494501	426.0	-0.499811	-0.190103
495001	496000	495501	440.0	-0.499332	-0.143453
496001	497000	496501	434.0	-0.498854	-0.163261
497001	498000	497501	493.0	-0.498376	0.020631
498001	499000	498501	539.0	-0.497897	0.149329
499001	500000	499501	491.0	-0.497419	0.014767
500001	501000	500501	455.0	-0.496941	-0.095090
501001	502000	501501	516.0	-0.496463	0.086415
502001	503000	502501	460.0	-0.495984	-0.079322
503001	504000	503501	586.0	-0.495506	0.269944
504001	505000	504501	615.0	-0.495028	0.339630
505001	506000	505501	577.0	-0.494549	0.247615
506001	507000	506501	482.0	-0.494071	-0.011923
507001	508000	507501	443.0	-0.493593	-0.133650
508001	509000	508501	470.0	-0.493115	-0.048296
509001	510000	509501	546.0	-0.492636	0.167945
510001	511000	510501	413.0	-0.492158	-0.234815
511001	512000	511501	478.0	-0.491680	-0.023946
512001	513000	512501	593.0	-0.491201	0.287076
513001	514000	513501	526.0	-0.490723	0.114106
514001	515000	514501	417.0	-0.490245	-0.220909
515001	516000	515501	492.0	-0.489767	0.017702
516001	517000	516501	474.0	-0.489288	-0.036069
517001	518000	517501	610.0	-0.488810	0.327853
518001	519000	518501	520.0	-0.488332	0.097555
519001	520000	519501	445.0	-0.487853	-0.127151
520001	521000	520501	460.0	-0.487375	-0.079322
521001	522000	521501	468.0	-0.486897	-0.054448
522001	523000	522501	524.0	-0.486419	0.108610
523001	524000	523501	497.0	-0.485940	0.032290
524001	525000	524501	492.0	-0.485462	0.017702
525001	526000	525501	394.0	-0.484984	-0.302761
526001	527000	526501	430.0	-0.484505	-0.176620
527001	528000	527501	440.0	-0.484027	-0.143453
528001	529000	528501	443.0	-0.483549	-0.133650
529001	530000	529501	431.0	-0.483071	-0.173268
530001	531000	530501	492.0	-0.482592	0.017702
531001	532000	531501	568.0	-0.482114	0.224935
532001	533000	532501	584.0	-0.481636	0.265012
533001	534000	533501	567.0	-0.481157	0.222392
534001	535000	534501	571.0	-0.480679	0.232534
535001	536000	535501	595.0	-0.480201	0.291933
536001	537000	536501	573.0	-0.479723	0.237579
537001	538000	537501	527.0	-0.479244	0.116847
538001	539000	538501	525.0	-0.478766	0.111361
539001	540000	539501	483.0	-0.478288	-0.008933
540001	541000	540501	528.0	-0.477809	0.119582
541001	542000	541501	501.0	-0.477331	0.043854
542001	543000	542501	450.0	-0.476853	-0.111031
543001	544000	543501	491.0	-0.476375	0.014767
544001	545000	544501	404.0	-0.475896	-0.266601
545001	546000	545501	574.0	-0.475418	0.240094
546001	547000	546501	537.0	-0.474940	0.143966
547001	548000	547501	555.0	-0.474461	0.191531
548001	549000	548501	516.0	-0.473983	0.086415
549001	550000	549501	575.0	-0.473505	0.242606
550001	551000	550501	529.0	-0.473026	0.122311
551001	552000	551501	449.0	-0.472548	-0.114241
552001	553000	552501	461.0	-0.472070	-0.076190
553001	554000	553501	455.0	-0.471592	-0.095090
554001	555000	554501	522.0	-0.471113	0.103093
555001	556000	555501	457.0	-0.470635	-0.088762
556001	557000	556501	442.0	-0.470157	-0.136910
557001	558000	557501	430.0	-0.469678	-0.176620
558001	559000	558501	447.0	-0.469200	-0.120681
559001	560000	559501	536.0	-0.468722	0.141277
560001	561000	560501	497.0	-0.468244	0.032290
561001	562000	561501	497.0	-0.467765	0.032290
562001	563000	562501	441.0	-0.467287	-0.140178
563001	564000	563501	550.0	-0.466809	0.178475
564001	565000	564501	529.0	-0.466330	0.122311
565001	566000	565501	429.0	-0.465852	-0.179979
566001	567000	566501	495.0	-0.465374	0.026472
567001	568000	567501	650.0	-0.464896	0.419483
568001	569000	568501	562.0	-0.464417	0.209614
569001	570000	569501	536.0	-0.463939	0.141277
570001	571000	570501	453.0	-0.463461	-0.101445
571001	572000	571501	431.0	-0.462982	-0.173268
572001	573000	572501	535.0	-0.462504	0.138583
573001	574000	573501	454.0	-0.462026	-0.098264
574001	575000	574501	546.0	-0.461548	0.167945
575001	576000	575501	583.0	-0.461069	0.262540
576001	577000	576501	561.0	-0.460591	0.207044
577001	578000	577501	503.0	-0.460113	0.049602
578001	579000	578501	480.0	-0.459634	-0.017922
579001	580000	579501	449.0	-0.459156	-0.114241
580001	581000	580501	473.0	-0.458678	-0.039116
581001	582000	581501	486.0	-0.458200	0.000000
582001	583000	582501	450.0	-0.457721	-0.111031
583001	584000	583501	501.0	-0.457243	0.043854
584001	585000	584501	572.0	-0.456765	0.235059
585001	586000	585501	483.0	-0.456286	-0.008933
586001	587000	586501	506.0	-0.455808	0.058181
587001	588000	587501	503.0	-0.455330	0.049602
588001	589000	588501	481.0	-0.454852	-0.014919
589001	590000	589501	447.0	-0.454373	-0.120681
590001	591000	590501	485.0	-0.453895	-0.002972
591001	592000	591501	437.0	-0.453417	-0.153323
592001	593000	592501	386.0	-0.452938	-0.332355
593001	594000	593501	484.0	-0.452460	-0.005949
594001	595000	594501	456.0	-0.451982	-0.091922
595001	596000	595501	427.0	-0.451504	-0.186720
596001	597000	596501	468.0	-0.451025	-0.054448
597001	598000	597501	423.0	-0.450547	-0.200299
598001	599000	598501	315.0	-0.450069	-0.625604
599001	600000	599501	532.0	-0.449590	0.130470
600001	601000	600501	465.0	-0.449112	-0.063726
601001	602000	601501	452.0	-0.448634	-0.104634
602001	603000	602501	572.0	-0.448156	0.235059
603001	604000	603501	460.0	-0.447677	-0.079322
604001	605000	604501	432.0	-0.447199	-0.169925
605001	606000	605501	558.0	-0.446721	0.199309
606001	607000	606501	454.0	-0.446242	-0.098264
607001	608000	607501	561.0	-0.445764	0.207044
608001	609000	608501	558.0	-0.445286	0.199309
609001	610000	609501	531.0	-0.444808	0.127756
610001	611000	610501	566.0	-0.444329	0.219846
611001	612000	611501	606.0	-0.443851	0.318361
612001	613000	612501	538.0	-0.443373	0.146650
613001	614000	613501	443.0	-0.442894	-0.133650
614001	615000	614501	529.0	-0.442416	0.122311
615001	616000	615501	488.0	-0.441938	0.005925
616001	617000	616501	500.0	-0.441460	0.040972
617001	618000	617501	380.0	-0.440981	-0.354957
618001	619000	618501	417.0	-0.440503	-0.220909
619001	620000	619501	531.0	-0.440025	0.127756
620001	621000	620501	516.0	-0.439546	0.086415
621001	622000	621501	557.0	-0.439068	0.196721
622001	623000	622501	415.0	-0.438590	-0.227845
623001	624000	623501	570.0	-0.438111	0.230006
624001	625000	624501	603.0	-0.437633	0.311202
625001	626000	625501	513.0	-0.437155	0.078003
626001	627000	626501	548.0	-0.436677	0.173220
627001	628000	627501	517.0	-0.436198	0.089208
628001	629000	628501	508.0	-0.435720	0.063872
629001	630000	629501	460.0	-0.435242	-0.079322
630001	631000	630501	498.0	-0.434763	0.035189
631001	632000	631501	541.0	-0.434285	0.154672
632001	633000	632501	467.0	-0.433807	-0.057534
633001	634000	633501	455.0	-0.433329	-0.095090
634001	635000	634501	466.0	-0.432850	-0.060626
635001	636000	635501	493.0	-0.432372	0.020631
636001	637000	636501	490.0	-0.431894	0.011825
637001	638000	637501	422.0	-0.431415	-0.203713
638001	639000	638501	451.0	-0.430937	-0.107829
639001	640000	639501	452.0	-0.430459	-0.104634
640001	641000	640501	416.0	-0.429981	-0.224373
641001	642000	641501	391.0	-0.429502	-0.313788
642001	643000	642501	434.0	-0.429024	-0.163261
643001	644000	643501	464.0	-0.428546	-0.066832
644001	645000	644501	445.0	-0.428067	-0.127151
645001	646000	645501	495.0	-0.427589	0.026472
646001	647000	646501	581.0	-0.427111	0.257582
647001	648000	647501	623.0	-0.426633	0.358276
648001	649000	648501	616.0	-0.426154	0.341974
649001	650000	649501	492.0	-0.425676	0.017702
650001	651000	650501	495.0	-0.425198	0.026472
651001	652000	651501	505.0	-0.424719	0.055327
652001	653000	652501	486.0	-0.424241	0.000000
653001	654000	653501	485.0	-0.423763	-0.002972
654001	655000	654501	593.0	-0.423285	0.287076
655001	656000	655501	555.0	-0.422806	0.191531
656001	657000	656501	448.0	-0.422328	-0.117458
657001	658000	657501	468.0	-0.421850	-0.054448
658001	659000	658501	566.0	-0.421371	0.219846
659001	660000	659501	559.0	-0.420893	0.201892
660001	661000	660501	486.0	-0.420415	0.000000
661001	662000	661501	445.0	-0.419937	-0.127151
662001	663000	662501	540.0	-0.419458	0.152003
663001	664000	663501	492.0	-0.418980	0.017702
664001	665000	664501	472.0	-0.418502	-0.042169
665001	666000	665501	540.0	-0.418023	0.152003
666001	667000	666501	508.0	-0.417545	0.063872
667001	668000	667501	515.0	-0.417067	0.083616
668001	669000	668501	551.0	-0.416589	0.181096
669001	670000	669501	447.0	-0.416110	-0.120681
670001	671000	670501	492.0	-0.415632	0.017702
671001	672000	671501	626.0	-0.415154	0.365206
672001	673000	672501	561.0	-0.414675	0.207044
673001	674000	673501	478.0	-0.414197	-0.023946
674001	675000	674501	522.0	-0.413719	0.103093
675001	676000	675501	500.0	-0.413241	0.040972
676001	677000	676501	571.0	-0.412762	0.232534
677001	678000	677501	484.0	-0.412284	-0.005949
678001	679000	678501	455.0	-0.411806	-0.095090
679001	680000	679501	470.0	-0.411327	-0.048296
680001	681000	680501	452.0	-0.410849	-0.104634
681001	682000	681501	511.0	-0.410371	0.072367
682001	683000	682501	443.0	-0.409893	-0.133650
683001	684000	683501	507.0	-0.409414	0.061029
684001	685000	684501	612.0	-0.408936	0.332575
685001	686000	685501	541.0	-0.408458	0.154672
686001	687000	686501	546.0	-0.407979	0.167945
687001	688000	687501	489.0	-0.407501	0.008878
688001	689000	688501	487.0	-0.407023	0.002965
689001	690000	689501	397.0	-0.406545	-0.291817
690001	691000	690501	447.0	-0.406066	-0.120681
691001	692000	691501	488.0	-0.405588	0.005925
692001	693000	692501	548.0	-0.405110	0.173220
693001	694000	693501	519.0	-0.404631	0.094778
694001	695000	694501	414.0	-0.404153	-0.231326
695001	696000	695501	476.0	-0.403675	-0.029995
696001	697000	696501	471.0	-0.403196	-0.045229
697001	698000	697501	397.0	-0.402718	-0.291817
698001	699000	698501	485.0	-0.402240	-0.002972
699001	700000	699501	507.0	-0.401762	0.061029
700001	701000	700501	513.0	-0.401283	0.078003
701001	702000	701501	560.0	-0.400805	0.204471
702001	703000	702501	412.0	-0.400327	-0.238312
703001	704000	703501	411.0	-0.399848	-0.241818
704001	705000	704501	525.0	-0.399370	0.111361
705001	706000	705501	483.0	-0.398892	-0.008933
706001	707000	706501	424.0	-0.398414	-0.196892
707001	708000	707501	573.0	-0.397935	0.237579
708001	709000	708501	491.0	-0.397457	0.014767
709001	710000	709501	504.0	-0.396979	0.052467
710001	711000	710501	504.0	-0.396500	0.052467
711001	712000	711501	429.0	-0.396022	-0.179979
712001	713000	712501	505.0	-0.395544	0.055327
713001	714000	713501	499.0	-0.395066	0.038084
714001	715000	714501	480.0	-0.394587	-0.017922
715001	716000	715501	422.0	-0.394109	-0.203713
716001	717000	716501	411.0	-0.393631	-0.241818
717001	718000	717501	373.0	-0.393152	-0.381781
718001	719000	718501	403.0	-0.392674	-0.270176
719001	720000	719501	503.0	-0.392196	0.049602
720001	721000	720501	420.0	-0.391718	-0.210567
721001	722000	721501	513.0	-0.391239	0.078003
722001	723000	722501	535.0	-0.390761	0.138583
723001	724000	723501	533.0	-0.390283	0.133179
724001	725000	724501	486.0	-0.389804	0.000000
725001	726000	725501	438.0	-0.389326	-0.150025
726001	727000	726501	464.0	-0.388848	-0.066832
727001	728000	727501	474.0	-0.388370	-0.036069
728001	729000	728501	442.0	-0.387891	-0.136910
729001	730000	729501	467.0	-0.387413	-0.057534
730001	731000	730501	472.0	-0.386935	-0.042169
731001	732000	731501	392.0	-0.386456	-0.310103
732001	733000	732501	539.0	-0.385978	0.149329
733001	734000	733501	420.0	-0.385500	-0.210567
734001	735000	734501	422.0	-0.385022	-0.203713
735001	736000	735501	476.0	-0.384543	-0.029995
736001	737000	736501	499.0	-0.384065	0.038084
737001	738000	737501	490.0	-0.383587	0.011825
738001	739000	738501	557.0	-0.383108	0.196721
739001	740000	739501	400.0	-0.382630	-0.280956
740001	741000	740501	419.0	-0.382152	-0.214006
741001	742000	741501	568.0	-0.381674	0.224935
742001	743000	742501	628.0	-0.381195	0.369808
743001	744000	743501	443.0	-0.380717	-0.133650
744001	745000	744501	495.0	-0.380239	0.026472
745001	746000	745501	457.0	-0.379760	-0.088762
746001	747000	746501	467.0	-0.379282	-0.057534
747001	748000	747501	450.0	-0.378804	-0.111031
748001	749000	748501	495.0	-0.378326	0.026472
749001	750000	749501	503.0	-0.377847	0.049602
750001	751000	750501	484.0	-0.377369	-0.005949
751001	752000	751501	501.0	-0.376891	0.043854
752001	753000	752501	507.0	-0.376412	0.061029
753001	754000	753501	442.0	-0.375934	-0.136910
754001	755000	754501	517.0	-0.375456	0.089208
755001	756000	755501	572.0	-0.374978	0.235059
756001	757000	756501	511.0	-0.374499	0.072367
757001	758000	757501	480.0	-0.374021	-0.017922
758001	759000	758501	520.0	-0.373543	0.097555
759001	760000	759501	513.0	-0.373064	0.078003
760001	761000	760501	483.0	-0.372586	-0.008933
761001	762000	761501	560.0	-0.372108	0.204471
762001	763000	762501	374.0	-0.371630	-0.377918
763001	764000	763501	547.0	-0.371151	0.170585
764001	765000	764501	822.0	-0.370673	0.758182
765001	766000	765501	685.0	-0.370195	0.495148
766001	767000	766501	565.0	-0.369716	0.217295
767001	768000	767501	399.0	-0.369238	-0.284568
768001	769000	768501	527.0	-0.368760	0.116847
769001	770000	769501	549.0	-0.368281	0.175850
770001	771000	770501	528.0	-0.367803	0.119582
771001	772000	771501	476.0	-0.367325	-0.029995
772001	773000	772501	483.0	-0.366847	-0.008933
773001	774000	773501	438.0	-0.366368	-0.150025
774001	775000	774501	402.0	-0.365890	-0.273761
775001	776000	775501	434.0	-0.365412	-0.163261
776001	777000	776501	543.0	-0.364933	0.159996
777001	778000	777501	706.0	-0.364455	0.538712
778001	779000	778501	653.0	-0.363977	0.426127
779001	780000	779501	652.0	-0.363499	0.423916
780001	781000	780501	549.0	-0.363020	0.175850
781001	782000	781501	557.0	-0.362542	0.196721
782001	783000	782501	782.0	-0.362064	0.686212
783001	784000	783501	742.0	-0.361585	0.610463
784001	785000	784501	717.0	-0.361107	0.561017
785001	786000	785501	718.0	-0.360629	0.563028
786001	787000	786501	644.0	-0.360151	0.406104
787001	788000	787501	496.0	-0.359672	0.029384
788001	789000	788501	586.0	-0.359194	0.269944
789001	790000	789501	539.0	-0.358716	0.149329
790001	791000	790501	504.0	-0.358237	0.052467
791001	792000	791501	474.0	-0.357759	-0.036069
792001	793000	792501	480.0	-0.357281	-0.017922
793001	794000	793501	481.0	-0.356803	-0.014919
794001	795000	794501	435.0	-0.356324	-0.159941
795001	796000	795501	420.0	-0.355846	-0.210567
796001	797000	796501	439.0	-0.355368	-0.146735
797001	798000	797501	513.0	-0.354889	0.078003
798001	799000	798501	527.0	-0.354411	0.116847
799001	800000	799501	530.0	-0.353933	0.125036
800001	801000	800501	421.0	-0.353455	-0.207136
801001	802000	801501	399.0	-0.352976	-0.284568
802001	803000	802501	494.0	-0.352498	0.023555
803001	804000	803501	639.0	-0.352020	0.394860
804001	805000	804501	572.0	-0.351541	0.235059
805001	806000	805501	636.0	-0.351063	0.388070
806001	807000	806501	680.0	-0.350585	0.484578
807001	808000	807501	669.0	-0.350107	0.461050
808001	809000	808501	885.0	-0.349628	0.864721
809001	810000	809501	618.0	-0.349150	0.346651
810001	811000	810501	504.0	-0.348672	0.052467
811001	812000	811501	623.0	-0.348193	0.358276
812001	813000	812501	638.0	-0.347715	0.392600
813001	814000	813501	525.0	-0.347237	0.111361
814001	815000	814501	494.0	-0.346759	0.023555
815001	816000	815501	468.0	-0.346280	-0.054448
816001	817000	816501	511.0	-0.345802	0.072367
817001	818000	817501	525.0	-0.345324	0.111361
818001	819000	818501	482.0	-0.344845	-0.011923
819001	820000	819501	440.0	-0.344367	-0.143453
820001	821000	820501	578.0	-0.343889	0.250113
821001	822000	821501	651.0	-0.343411	0.421701
822001	823000	822501	572.0	-0.342932	0.235059
823001	824000	823501	694.0	-0.342454	0.513979
824001	825000	824501	632.0	-0.341976	0.378968
825001	826000	825501	491.0	-0.341497	0.014767
826001	827000	826501	589.0	-0.341019	0.277311
827001	828000	827501	561.0	-0.340541	0.207044
828001	829000	828501	603.0	-0.340063	0.311202
829001	830000	829501	702.0	-0.339584	0.530515
830001	831000	830501	545.0	-0.339106	0.165300
831001	832000	831501	472.0	-0.338628	-0.042169
832001	833000	832501	461.0	-0.338149	-0.076190
833001	834000	833501	509.0	-0.337671	0.066709
834001	835000	834501	501.0	-0.337193	0.043854
835001	836000	835501	622.0	-0.336715	0.355958
836001	837000	836501	521.0	-0.336236	0.100327
837001	838000	837501	560.0	-0.335758	0.204471
838001	839000	838501	705.0	-0.335280	0.536667
839001	840000	839501	758.0	-0.334801	0.641242
840001	841000	840501	732.0	-0.334323	0.590887
841001	842000	841501	826.0	-0.333845	0.765185
842001	843000	842501	632.0	-0.333366	0.378968
843001	844000	843501	555.0	-0.332888	0.191531
844001	845000	844501	616.0	-0.332410	0.341974
845001	846000	845501	591.0	-0.331932	0.282202
846001	847000	846501	521.0	-0.331453	0.100327
847001	848000	847501	541.0	-0.330975	0.154672
848001	849000	848501	639.0	-0.330497	0.394860
849001	850000	849501	743.0	-0.330018	0.612406
850001	851000	850501	666.0	-0.329540	0.454566
851001	852000	851501	682.0	-0.329062	0.488815
852001	853000	852501	465.0	-0.328584	-0.063726
853001	854000	853501	400.0	-0.328105	-0.280956
854001	855000	854501	542.0	-0.327627	0.157337
855001	856000	855501	498.0	-0.327149	0.035189
856001	857000	856501	463.0	-0.326670	-0.069944
857001	858000	857501	678.0	-0.326192	0.480329
858001	859000	858501	620.0	-0.325714	0.351312
859001	860000	859501	571.0	-0.325236	0.232534
860001	861000	860501	623.0	-0.324757	0.358276
861001	862000	861501	457.0	-0.324279	-0.088762
862001	863000	862501	488.0	-0.323801	0.005925
863001	864000	863501	544.0	-0.323322	0.162650
864001	865000	864501	505.0	-0.322844	0.055327
865001	866000	865501	519.0	-0.322366	0.094778
866001	867000	866501	510.0	-0.321888	0.069541
867001	868000	867501	479.0	-0.321409	-0.020931
868001	869000	868501	512.0	-0.320931	0.075187
869001	870000	869501	446.0	-0.320453	-0.123913
870001	871000	870501	535.0	-0.319974	0.138583
871001	872000	871501	658.0	-0.319496	0.437131
872001	873000	872501	630.0	-0.319018	0.374396
873001	874000	873501	397.0	-0.318540	-0.291817
874001	875000	874501	463.0	-0.318061	-0.069944
875001	876000	875501	439.0	-0.317583	-0.146735
876001	877000	876501	407.0	-0.317105	-0.255928
877001	878000	877501	431.0	-0.316626	-0.173268
878001	879000	878501	492.0	-0.316148	0.017702
879001	880000	879501	506.0	-0.315670	0.058181
880001	881000	880501	538.0	-0.315192	0.146650
881001	882000	881501	464.0	-0.314713	-0.066832
882001	883000	882501	521.0	-0.314235	0.100327
883001	884000	883501	611.0	-0.313757	0.330216
884001	885000	884501	440.0	-0.313278	-0.143453
885001	886000	885501	400.0	-0.312800	-0.280956
886001	887000	886501	509.0	-0.312322	0.066709
887001	888000	887501	470.0	-0.311844	-0.048296
888001	889000	888501	494.0	-0.311365	0.023555
889001	890000	889501	657.0	-0.310887	0.434937
890001	891000	890501	577.0	-0.310409	0.247615
891001	892000	891501	447.0	-0.309930	-0.120681
892001	893000	892501	510.0	-0.309452	0.069541
893001	894000	893501	530.0	-0.308974	0.125036
894001	895000	894501	422.0	-0.308496	-0.203713
895001	896000	895501	511.0	-0.308017	0.072367
896001	897000	896501	491.0	-0.307539	0.014767
897001	898000	897501	439.0	-0.307061	-0.146735
898001	899000	898501	552.0	-0.306582	0.183712
899001	900000	899501	469.0	-0.306104	-0.051368
900001	901000	900501	400.0	-0.305626	-0.280956
901001	902000	901501	512.0	-0.305148	0.075187
902001	903000	902501	584.0	-0.304669	0.265012
903001	904000	903501	488.0	-0.304191	0.005925
904001	905000	904501	454.0	-0.303713	-0.098264
905001	906000	905501	551.0	-0.303234	0.181096
906001	907000	906501	585.0	-0.302756	0.267480
907001	908000	907501	625.0	-0.302278	0.362900
908001	909000	908501	518.0	-0.301800	0.091996
909001	910000	909501	559.0	-0.301321	0.201892
910001	911000	910501	589.0	-0.300843	0.277311
911001	912000	911501	619.0	-0.300365	0.348983
912001	913000	912501	589.0	-0.299886	0.277311
913001	914000	913501	480.0	-0.299408	-0.017922
914001	915000	914501	616.0	-0.298930	0.341974
915001	916000	915501	513.0	-0.298451	0.078003
916001	917000	916501	502.0	-0.297973	0.046731
917001	918000	917501	480.0	-0.297495	-0.017922
918001	919000	918501	441.0	-0.297017	-0.140178
919001	920000	919501	448.0	-0.296538	-0.117458
920001	921000	920501	487.0	-0.296060	0.002965
921001	922000	921501	591.0	-0.295582	0.282202
922001	923000	922501	552.0	-0.295103	0.183712
923001	924000	923501	522.0	-0.294625	0.103093
924001	925000	924501	460.0	-0.294147	-0.079322
925001	926000	925501	565.0	-0.293669	0.217295
926001	927000	926501	552.0	-0.293190	0.183712
927001	928000	927501	477.0	-0.292712	-0.026967
928001	929000	928501	504.0	-0.292234	0.052467
929001	930000	929501	501.0	-0.291755	0.043854
930001	931000	930501	462.0	-0.291277	-0.073063
931001	932000	931501	430.0	-0.290799	-0.176620
932001	933000	932501	412.0	-0.290321	-0.238312
933001	934000	933501	476.0	-0.289842	-0.029995
934001	935000	934501	369.0	-0.289364	-0.397335
935001	936000	935501	452.0	-0.288886	-0.104634
936001	937000	936501	458.0	-0.288407	-0.085609
937001	938000	937501	447.0	-0.287929	-0.120681
938001	939000	938501	350.0	-0.287451	-0.473601
939001	940000	939501	342.0	-0.286973	-0.506960
940001	941000	940501	446.0	-0.286494	-0.123913
941001	942000	941501	457.0	-0.286016	-0.088762
942001	943000	942501	438.0	-0.285538	-0.150025
943001	944000	943501	510.0	-0.285059	0.069541
944001	945000	944501	542.0	-0.284581	0.157337
945001	946000	945501	417.0	-0.284103	-0.220909
946001	947000	946501	420.0	-0.283625	-0.210567
947001	948000	947501	587.0	-0.283146	0.272404
948001	949000	948501	517.0	-0.282668	0.089208
949001	950000	949501	477.0	-0.282190	-0.026967
950001	951000	950501	503.0	-0.281711	0.049602
951001	952000	951501	498.0	-0.281233	0.035189
952001	953000	952501	456.0	-0.280755	-0.091922
953001	954000	953501	431.0	-0.280277	-0.173268
954001	955000	954501	485.0	-0.279798	-0.002972
955001	956000	955501	449.0	-0.279320	-0.114241
956001	957000	956501	545.0	-0.278842	0.165300
957001	958000	957501	484.0	-0.278363	-0.005949
958001	959000	958501	434.0	-0.277885	-0.163261
959001	960000	959501	421.0	-0.277407	-0.207136
960001	961000	960501	424.0	-0.276929	-0.196892
961001	962000	961501	461.0	-0.276450	-0.076190
962001	963000	962501	501.0	-0.275972	0.043854
963001	964000	963501	460.0	-0.275494	-0.079322
964001	965000	964501	462.0	-0.275015	-0.073063
965001	966000	965501	467.0	-0.274537	-0.057534
966001	967000	966501	386.0	-0.274059	-0.332355
967001	968000	967501	405.0	-0.273581	-0.263034
968001	969000	968501	420.0	-0.273102	-0.210567
969001	970000	969501	404.0	-0.272624	-0.266601
970001	971000	970501	365.0	-0.272146	-0.413060
971001	972000	971501	456.0	-0.271667	-0.091922
972001	973000	972501	438.0	-0.271189	-0.150025
973001	974000	973501	448.0	-0.270711	-0.117458
974001	975000	974501	610.0	-0.270233	0.327853
975001	976000	975501	566.0	-0.269754	0.219846
976001	977000	976501	514.0	-0.269276	0.080812
977001	978000	977501	455.0	-0.268798	-0.095090
978001	979000	978501	507.0	-0.268319	0.061029
979001	980000	979501	558.0	-0.267841	0.199309
980001	981000	980501	544.0	-0.267363	0.162650
981001	982000	981501	546.0	-0.266885	0.167945
982001	983000	982501	526.0	-0.266406	0.114106
983001	984000	983501	470.0	-0.265928	-0.048296
984001	985000	984501	541.0	-0.265450	0.154672
985001	986000	985501	376.0	-0.264971	-0.370224
986001	987000	986501	384.0	-0.264493	-0.339850
987001	988000	987501	457.0	-0.264015	-0.088762
988001	989000	988501	686.0	-0.263536	0.497252
989001	990000	989501	697.0	-0.263058	0.520202
990001	991000	990501	599.0	-0.262580	0.301600
991001	992000	991501	577.0	-0.262102	0.247615
992001	993000	992501	584.0	-0.261623	0.265012
993001	994000	993501	470.0	-0.261145	-0.048296
994001	995000	994501	487.0	-0.260667	0.002965
995001	996000	995501	614.0	-0.260188	0.337282
996001	997000	996501	481.0	-0.259710	-0.014919
997001	998000	997501	431.0	-0.259232	-0.173268
998001	999000	998501	388.0	-0.258754	-0.324900
999001	1000000	999501	371.0	-0.258275	-0.389537
1000001	1001000	1000501	460.0	-0.257797	-0.079322
1001001	1002000	1001501	472.0	-0.257319	-0.042169
1002001	1003000	1002501	513.0	-0.256840	0.078003
1003001	1004000	1003501	457.0	-0.256362	-0.088762
1004001	1005000	1004501	512.0	-0.255884	0.075187
1005001	1006000	1005501	605.0	-0.255406	0.315979
1006001	1007000	1006501	454.0	-0.254927	-0.098264
1007001	1008000	1007501	592.0	-0.254449	0.284641
1008001	1009000	1008501	539.0	-0.253971	0.149329
1009001	1010000	1009501	549.0	-0.253492	0.175850
1010001	1011000	1010501	545.0	-0.253014	0.165300
1011001	1012000	1011501	487.0	-0.252536	0.002965
1012001	1013000	1012501	512.0	-0.252058	0.075187
1013001	1014000	1013501	552.0	-0.251579	0.183712
1014001	1015000	1014501	428.0	-0.251101	-0.183346
1015001	1016000	1015501	452.0	-0.250623	-0.104634
1016001	1017000	1016501	431.0	-0.250144	-0.173268
1017001	1018000	1017501	515.0	-0.249666	0.083616
1018001	1019000	1018501	548.0	-0.249188	0.173220
1019001	1020000	1019501	559.0	-0.248710	0.201892
1020001	1021000	1020501	495.0	-0.248231	0.026472
1021001	1022000	1021501	514.0	-0.247753	0.080812
1022001	1023000	1022501	447.0	-0.247275	-0.120681
1023001	1024000	1023501	483.0	-0.246796	-0.008933
1024001	1025000	1024501	530.0	-0.246318	0.125036
1025001	1026000	1025501	572.0	-0.245840	0.235059
1026001	1027000	1026501	523.0	-0.245362	0.105855
1027001	1028000	1027501	560.0	-0.244883	0.204471
1028001	1029000	1028501	423.0	-0.244405	-0.200299
1029001	1030000	1029501	440.0	-0.243927	-0.143453
1030001	1031000	1030501	414.0	-0.243448	-0.231326
1031001	1032000	1031501	464.0	-0.242970	-0.066832
1032001	1033000	1032501	560.0	-0.242492	0.204471
1033001	1034000	1033501	545.0	-0.242014	0.165300
1034001	1035000	1034501	580.0	-0.241535	0.255097
1035001	1036000	1035501	541.0	-0.241057	0.154672
1036001	1037000	1036501	497.0	-0.240579	0.032290
1037001	1038000	1037501	534.0	-0.240100	0.135883
1038001	1039000	1038501	582.0	-0.239622	0.260063
1039001	1040000	1039501	505.0	-0.239144	0.055327
1040001	1041000	1040501	521.0	-0.238666	0.100327
1041001	1042000	1041501	561.0	-0.238187	0.207044
1042001	1043000	1042501	559.0	-0.237709	0.201892
1043001	1044000	1043501	558.0	-0.237231	0.199309
1044001	1045000	1044501	610.0	-0.236752	0.327853
1045001	1046000	1045501	544.0	-0.236274	0.162650
1046001	1047000	1046501	582.0	-0.235796	0.260063
1047001	1048000	1047501	651.0	-0.235318	0.421701
1048001	1049000	1048501	588.0	-0.234839	0.274860
1049001	1050000	1049501	517.0	-0.234361	0.089208
1050001	1051000	1050501	481.0	-0.233883	-0.014919
1051001	1052000	1051501	430.0	-0.233404	-0.176620
1052001	1053000	1052501	406.0	-0.232926	-0.259477
1053001	1054000	1053501	457.0	-0.232448	-0.088762
1054001	1055000	1054501	446.0	-0.231970	-0.123913
1055001	1056000	1055501	431.0	-0.231491	-0.173268
1056001	1057000	1056501	441.0	-0.231013	-0.140178
1057001	1058000	1057501	409.0	-0.230535	-0.248855
1058001	1059000	1058501	452.0	-0.230056	-0.104634
1059001	1060000	1059501	455.0	-0.229578	-0.095090
1060001	1061000	1060501	522.0	-0.229100	0.103093
1061001	1062000	1061501	600.0	-0.228621	0.304006
1062001	1063000	1062501	516.0	-0.228143	0.086415
1063001	1064000	1063501	500.0	-0.227665	0.040972
1064001	1065000	1064501	477.0	-0.227187	-0.026967
1065001	1066000	1065501	429.0	-0.226708	-0.179979
1066001	1067000	1066501	487.0	-0.226230	0.002965
1067001	1068000	1067501	502.0	-0.225752	0.046731
1068001	1069000	1068501	417.0	-0.225273	-0.220909
1069001	1070000	1069501	478.0	-0.224795	-0.023946
1070001	1071000	1070501	534.0	-0.224317	0.135883
1071001	1072000	1071501	403.0	-0.223839	-0.270176
1072001	1073000	1072501	403.0	-0.223360	-0.270176
1073001	1074000	1073501	418.0	-0.222882	-0.217453
1074001	1075000	1074501	450.0	-0.222404	-0.111031
1075001	1076000	1075501	460.0	-0.221925	-0.079322
1076001	1077000	1076501	480.0	-0.221447	-0.017922
1077001	1078000	1077501	518.0	-0.220969	0.091996
1078001	1079000	1078501	555.0	-0.220491	0.191531
1079001	1080000	1079501	462.0	-0.220012	-0.073063
1080001	1081000	1080501	462.0	-0.219534	-0.073063
1081001	1082000	1081501	538.0	-0.219056	0.146650
1082001	1083000	1082501	620.0	-0.218577	0.351312
1083001	1084000	1083501	568.0	-0.218099	0.224935
1084001	1085000	1084501	480.0	-0.217621	-0.017922
1085001	1086000	1085501	511.0	-0.217143	0.072367
1086001	1087000	1086501	490.0	-0.216664	0.011825
1087001	1088000	1087501	345.0	-0.216186	-0.494360
1088001	1089000	1088501	412.0	-0.215708	-0.238312
1089001	1090000	1089501	445.0	-0.215229	-0.127151
1090001	1091000	1090501	438.0	-0.214751	-0.150025
1091001	1092000	1091501	446.0	-0.214273	-0.123913
1092001	1093000	1092501	551.0	-0.213795	0.181096
1093001	1094000	1093501	493.0	-0.213316	0.020631
1094001	1095000	1094501	408.0	-0.212838	-0.252387
1095001	1096000	1095501	469.0	-0.212360	-0.051368
1096001	1097000	1096501	555.0	-0.211881	0.191531
1097001	1098000	1097501	599.0	-0.211403	0.301600
1098001	1099000	1098501	623.0	-0.210925	0.358276
1099001	1100000	1099501	620.0	-0.210447	0.351312
1100001	1101000	1100501	577.0	-0.209968	0.247615
1101001	1102000	1101501	517.0	-0.209490	0.089208
1102001	1103000	1102501	460.0	-0.209012	-0.079322
1103001	1104000	1103501	439.0	-0.208533	-0.146735
1104001	1105000	1104501	445.0	-0.208055	-0.127151
1105001	1106000	1105501	443.0	-0.207577	-0.133650
1106001	1107000	1106501	471.0	-0.207099	-0.045229
1107001	1108000	1107501	453.0	-0.206620	-0.101445
1108001	1109000	1108501	424.0	-0.206142	-0.196892
1109001	1110000	1109501	485.0	-0.205664	-0.002972
1110001	1111000	1110501	470.0	-0.205185	-0.048296
1111001	1112000	1111501	476.0	-0.204707	-0.029995
1112001	1113000	1112501	414.0	-0.204229	-0.231326
1113001	1114000	1113501	662.0	-0.203751	0.445875
1114001	1115000	1114501	459.0	-0.203272	-0.082462
1115001	1116000	1115501	443.0	-0.202794	-0.133650
1116001	1117000	1116501	486.0	-0.202316	0.000000
1117001	1118000	1117501	614.0	-0.201837	0.337282
1118001	1119000	1118501	449.0	-0.201359	-0.114241
1119001	1120000	1119501	458.0	-0.200881	-0.085609
1120001	1121000	1120501	438.0	-0.200403	-0.150025
1121001	1122000	1121501	451.0	-0.199924	-0.107829
1122001	1123000	1122501	462.0	-0.199446	-0.073063
1123001	1124000	1123501	542.0	-0.198968	0.157337
1124001	1125000	1124501	457.0	-0.198489	-0.088762
1125001	1126000	1125501	371.0	-0.198011	-0.389537
1126001	1127000	1126501	448.0	-0.197533	-0.117458
1127001	1128000	1127501	488.0	-0.197055	0.005925
1128001	1129000	1128501	602.0	-0.196576	0.308807
1129001	1130000	1129501	601.0	-0.196098	0.306409
1130001	1131000	1130501	579.0	-0.195620	0.252607
1131001	1132000	1131501	645.0	-0.195141	0.408343
1132001	1133000	1132501	711.0	-0.194663	0.548893
1133001	1134000	1133501	625.0	-0.194185	0.362900
1134001	1135000	1134501	581.0	-0.193706	0.257582
1135001	1136000	1135501	732.0	-0.193228	0.590887
1136001	1137000	1136501	702.0	-0.192750	0.530515
1137001	1138000	1137501	590.0	-0.192272	0.279759
1138001	1139000	1138501	643.0	-0.191793	0.403862
1139001	1140000	1139501	542.0	-0.191315	0.157337
1140001	1141000	1140501	429.0	-0.190837	-0.179979
1141001	1142000	1141501	489.0	-0.190358	0.008878
1142001	1143000	1142501	464.0	-0.189880	-0.066832
1143001	1144000	1143501	476.0	-0.189402	-0.029995
1144001	1145000	1144501	497.0	-0.188924	0.032290
1145001	1146000	1145501	472.0	-0.188445	-0.042169
1146001	1147000	1146501	553.0	-0.187967	0.186323
1147001	1148000	1147501	531.0	-0.187489	0.127756
1148001	1149000	1148501	490.0	-0.187010	0.011825
1149001	1150000	1149501	543.0	-0.186532	0.159996
1150001	1151000	1150501	595.0	-0.186054	0.291933
1151001	1152000	1151501	513.0	-0.185576	0.078003
1152001	1153000	1152501	441.0	-0.185097	-0.140178
1153001	1154000	1153501	438.0	-0.184619	-0.150025
1154001	1155000	1154501	470.0	-0.184141	-0.048296
1155001	1156000	1155501	383.0	-0.183662	-0.343612
1156001	1157000	1156501	436.0	-0.183184	-0.156628
1157001	1158000	1157501	463.0	-0.182706	-0.069944
1158001	1159000	1158501	419.0	-0.182228	-0.214006
1159001	1160000	1159501	447.0	-0.181749	-0.120681
1160001	1161000	1160501	436.0	-0.181271	-0.156628
1161001	1162000	1161501	582.0	-0.180793	0.260063
1162001	1163000	1162501	494.0	-0.180314	0.023555
1163001	1164000	1163501	466.0	-0.179836	-0.060626
1164001	1165000	1164501	563.0	-0.179358	0.212179
1165001	1166000	1165501	504.0	-0.178880	0.052467
1166001	1167000	1166501	441.0	-0.178401	-0.140178
1167001	1168000	1167501	531.0	-0.177923	0.127756
1168001	1169000	1168501	466.0	-0.177445	-0.060626
1169001	1170000	1169501	452.0	-0.176966	-0.104634
1170001	1171000	1170501	517.0	-0.176488	0.089208
1171001	1172000	1171501	556.0	-0.176010	0.194129
1172001	1173000	1172501	678.0	-0.175532	0.480329
1173001	1174000	1173501	545.0	-0.175053	0.165300
1174001	1175000	1174501	468.0	-0.174575	-0.054448
1175001	1176000	1175501	593.0	-0.174097	0.287076
1176001	1177000	1176501	595.0	-0.173618	0.291933
1177001	1178000	1177501	486.0	-0.173140	0.000000
1178001	1179000	1178501	518.0	-0.172662	0.091996
1179001	1180000	1179501	487.0	-0.172184	0.002965
1180001	1181000	1180501	469.0	-0.171705	-0.051368
1181001	1182000	1181501	454.0	-0.171227	-0.098264
1182001	1183000	1182501	383.0	-0.170749	-0.343612
1183001	1184000	1183501	587.0	-0.170270	0.272404
1184001	1185000	1184501	565.0	-0.169792	0.217295
1185001	1186000	1185501	431.0	-0.169314	-0.173268
1186001	1187000	1186501	420.0	-0.168836	-0.210567
1187001	1188000	1187501	521.0	-0.168357	0.100327
1188001	1189000	1188501	464.0	-0.167879	-0.066832
1189001	1190000	1189501	536.0	-0.167401	0.141277
1190001	1191000	1190501	591.0	-0.166922	0.282202
1191001	1192000	1191501	596.0	-0.166444	0.294356
1192001	1193000	1192501	517.0	-0.165966	0.089208
1193001	1194000	1193501	423.0	-0.165488	-0.200299
1194001	1195000	1194501	476.0	-0.165009	-0.029995
1195001	1196000	1195501	466.0	-0.164531	-0.060626
1196001	1197000	1196501	488.0	-0.164053	0.005925
1197001	1198000	1197501	441.0	-0.163574	-0.140178
1198001	1199000	1198501	460.0	-0.163096	-0.079322
1199001	1200000	1199501	456.0	-0.162618	-0.091922
1200001	1201000	1200501	423.0	-0.162140	-0.200299
1201001	1202000	1201501	500.0	-0.161661	0.040972
1202001	1203000	1202501	464.0	-0.161183	-0.066832
1203001	1204000	1203501	483.0	-0.160705	-0.008933
1204001	1205000	1204501	595.0	-0.160226	0.291933
1205001	1206000	1205501	529.0	-0.159748	0.122311
1206001	1207000	1206501	511.0	-0.159270	0.072367
1207001	1208000	1207501	438.0	-0.158792	-0.150025
1208001	1209000	1208501	482.0	-0.158313	-0.011923
1209001	1210000	1209501	377.0	-0.157835	-0.366392
1210001	1211000	1210501	431.0	-0.157357	-0.173268
1211001	1212000	1211501	524.0	-0.156878	0.108610
1212001	1213000	1212501	447.0	-0.156400	-0.120681
1213001	1214000	1213501	518.0	-0.155922	0.091996
1214001	1215000	1214501	538.0	-0.155443	0.146650
1215001	1216000	1215501	460.0	-0.154965	-0.079322
1216001	1217000	1216501	410.0	-0.154487	-0.245332
1217001	1218000	1217501	510.0	-0.154009	0.069541
1218001	1219000	1218501	472.0	-0.153530	-0.042169
1219001	1220000	1219501	485.0	-0.153052	-0.002972
1220001	1221000	1220501	466.0	-0.152574	-0.060626
1221001	1222000	1221501	420.0	-0.152095	-0.210567
1222001	1223000	1222501	431.0	-0.151617	-0.173268
1223001	1224000	1223501	541.0	-0.151139	0.154672
1224001	1225000	1224501	524.0	-0.150661	0.108610
1225001	1226000	1225501	472.0	-0.150182	-0.042169
1226001	1227000	1226501	572.0	-0.149704	0.235059
1227001	1228000	1227501	602.0	-0.149226	0.308807
1228001	1229000	1228501	512.0	-0.148747	0.075187
1229001	1230000	1229501	513.0	-0.148269	0.078003
1230001	1231000	1230501	554.0	-0.147791	0.188930
1231001	1232000	1231501	546.0	-0.147313	0.167945
1232001	1233000	1232501	514.0	-0.146834	0.080812
1233001	1234000	1233501	399.0	-0.146356	-0.284568
1234001	1235000	1234501	526.0	-0.145878	0.114106
1235001	1236000	1235501	460.0	-0.145399	-0.079322
1236001	1237000	1236501	515.0	-0.144921	0.083616
1237001	1238000	1237501	477.0	-0.144443	-0.026967
1238001	1239000	1238501	434.0	-0.143965	-0.163261
1239001	1240000	1239501	457.0	-0.143486	-0.088762
1240001	1241000	1240501	544.0	-0.143008	0.162650
1241001	1242000	1241501	453.0	-0.142530	-0.101445
1242001	1243000	1242501	461.0	-0.142051	-0.076190
1243001	1244000	1243501	532.0	-0.141573	0.130470
1244001	1245000	1244501	451.0	-0.141095	-0.107829
1245001	1246000	1245501	453.0	-0.140617	-0.101445
1246001	1247000	1246501	559.0	-0.140138	0.201892
1247001	1248000	1247501	594.0	-0.139660	0.289507
1248001	1249000	1248501	655.0	-0.139182	0.430539
1249001	1250000	1249501	552.0	-0.138703	0.183712
1250001	1251000	1250501	487.0	-0.138225	0.002965
1251001	1252000	1251501	749.0	-0.137747	0.624009
1252001	1253000	1252501	701.0	-0.137269	0.528458
1253001	1254000	1253501	707.0	-0.136790	0.540754
1254001	1255000	1254501	568.0	-0.136312	0.224935
1255001	1256000	1255501	527.0	-0.135834	0.116847
1256001	1257000	1256501	508.0	-0.135355	0.063872
1257001	1258000	1257501	573.0	-0.134877	0.237579
1258001	1259000	1258501	259.0	-0.134399	-0.908004
1259001	1260000	1259501	366.0	-0.133921	-0.409113
1260001	1261000	1260501	241.0	-0.133442	-1.011923
1261001	1262000	1261501	318.0	-0.132964	-0.611930
1262001	1263000	1262501	269.0	-0.132486	-0.853350
1263001	1264000	1263501	253.0	-0.132007	-0.941819
1264001	1265000	1264501	334.0	-0.131529	-0.541108
1265001	1266000	1265501	337.0	-0.131051	-0.528208
1266001	1267000	1266501	216.0	-0.130573	-1.169925
1267001	1268000	1267501	232.0	-0.130094	-1.066832
1268001	1269000	1268501	246.0	-0.129616	-0.982298
1269001	1270000	1269501	257.0	-0.129138	-0.919188
1270001	1271000	1270501	297.0	-0.128659	-0.710493
1271001	1272000	1271501	271.0	-0.128181	-0.842663
1272001	1273000	1272501	332.0	-0.127703	-0.549773
1273001	1274000	1273501	604.0	-0.127225	0.313592
1274001	1275000	1274501	508.0	-0.126746	0.063872
1275001	1276000	1275501	578.0	-0.126268	0.250113
1276001	1277000	1276501	659.0	-0.125790	0.439322
1277001	1278000	1277501	695.0	-0.125311	0.516057
1278001	1279000	1278501	707.0	-0.124833	0.540754
1279001	1280000	1279501	759.0	-0.124355	0.643144
1280001	1281000	1280501	581.0	-0.123877	0.257582
1281001	1282000	1281501	606.0	-0.123398	0.318361
1282001	1283000	1282501	635.0	-0.122920	0.385800
1283001	1284000	1283501	726.0	-0.122442	0.579013
1284001	1285000	1284501	715.0	-0.121963	0.556987
1285001	1286000	1285501	673.0	-0.121485	0.469650
1286001	1287000	1286501	640.0	-0.121007	0.397116
1287001	1288000	1287501	588.0	-0.120528	0.274860
1288001	1289000	1288501	805.0	-0.120050	0.728032
1289001	1290000	1289501	658.0	-0.119572	0.437131
1290001	1291000	1290501	622.0	-0.119094	0.355958
1291001	1292000	1291501	554.0	-0.118615	0.188930
1292001	1293000	1292501	637.0	-0.118137	0.390337
1293001	1294000	1293501	610.0	-0.117659	0.327853
1294001	1295000	1294501	661.0	-0.117180	0.443694
1295001	1296000	1295501	698.0	-0.116702	0.522271
1296001	1297000	1296501	595.0	-0.116224	0.291933
1297001	1298000	1297501	551.0	-0.115746	0.181096
1298001	1299000	1298501	398.0	-0.115267	-0.288188
1299001	1300000	1299501	478.0	-0.114789	-0.023946
1300001	1301000	1300501	501.0	-0.114311	0.043854
1301001	1302000	1301501	615.0	-0.113832	0.339630
1302001	1303000	1302501	555.0	-0.113354	0.191531
1303001	1304000	1303501	548.0	-0.112876	0.173220
1304001	1305000	1304501	599.0	-0.112398	0.301600
1305001	1306000	1305501	487.0	-0.111919	0.002965
1306001	1307000	1306501	519.0	-0.111441	0.094778
1307001	1308000	1307501	445.0	-0.110963	-0.127151
1308001	1309000	1308501	528.0	-0.110484	0.119582
1309001	1310000	1309501	483.0	-0.110006	-0.008933
1310001	1311000	1310501	518.0	-0.109528	0.091996
1311001	1312000	1311501	478.0	-0.109050	-0.023946
1312001	1313000	1312501	524.0	-0.108571	0.108610
1313001	1314000	1313501	558.0	-0.108093	0.199309
1314001	1315000	1314501	565.0	-0.107615	0.217295
1315001	1316000	1315501	502.0	-0.107136	0.046731
1316001	1317000	1316501	592.0	-0.106658	0.284641
1317001	1318000	1317501	523.0	-0.106180	0.105855
1318001	1319000	1318501	528.0	-0.105702	0.119582
1319001	1320000	1319501	554.0	-0.105223	0.188930
1320001	1321000	1320501	483.0	-0.104745	-0.008933
1321001	1322000	1321501	560.0	-0.104267	0.204471
1322001	1323000	1322501	635.0	-0.103788	0.385800
1323001	1324000	1323501	575.0	-0.103310	0.242606
1324001	1325000	1324501	580.0	-0.102832	0.255097
1325001	1326000	1325501	623.0	-0.102354	0.358276
1326001	1327000	1326501	598.0	-0.101875	0.299189
1327001	1328000	1327501	690.0	-0.101397	0.505640
1328001	1329000	1328501	655.0	-0.100919	0.430539
1329001	1330000	1329501	400.0	-0.100440	-0.280956
1330001	1331000	1330501	479.0	-0.099962	-0.020931
1331001	1332000	1331501	549.0	-0.099484	0.175850
1332001	1333000	1332501	483.0	-0.099006	-0.008933
1333001	1334000	1333501	474.0	-0.098527	-0.036069
1334001	1335000	1334501	581.0	-0.098049	0.257582
1335001	1336000	1335501	489.0	-0.097571	0.008878
1336001	1337000	1336501	528.0	-0.097092	0.119582
1337001	1338000	1337501	484.0	-0.096614	-0.005949
1338001	1339000	1338501	446.0	-0.096136	-0.123913
1339001	1340000	1339501	489.0	-0.095658	0.008878
1340001	1341000	1340501	562.0	-0.095179	0.209614
1341001	1342000	1341501	486.0	-0.094701	0.000000
1342001	1343000	1342501	569.0	-0.094223	0.227472
1343001	1344000	1343501	543.0	-0.093744	0.159996
1344001	1345000	1344501	588.0	-0.093266	0.274860
1345001	1346000	1345501	510.0	-0.092788	0.069541
1346001	1347000	1346501	605.0	-0.092310	0.315979
1347001	1348000	1347501	598.0	-0.091831	0.299189
1348001	1349000	1348501	613.0	-0.091353	0.334931
1349001	1350000	1349501	497.0	-0.090875	0.032290
1350001	1351000	1350501	463.0	-0.090396	-0.069944
1351001	1352000	1351501	418.0	-0.089918	-0.217453
1352001	1353000	1352501	417.0	-0.089440	-0.220909
1353001	1354000	1353501	416.0	-0.088962	-0.224373
1354001	1355000	1354501	363.0	-0.088483	-0.420987
1355001	1356000	1355501	463.0	-0.088005	-0.069944
1356001	1357000	1356501	576.0	-0.087527	0.245112
1357001	1358000	1357501	527.0	-0.087048	0.116847
1358001	1359000	1358501	447.0	-0.086570	-0.120681
1359001	1360000	1359501	463.0	-0.086092	-0.069944
1360001	1361000	1360501	478.0	-0.085613	-0.023946
1361001	1362000	1361501	482.0	-0.085135	-0.011923
1362001	1363000	1362501	648.0	-0.084657	0.415037
1363001	1364000	1363501	387.0	-0.084179	-0.328623
1364001	1365000	1364501	521.0	-0.083700	0.100327
1365001	1366000	1365501	455.0	-0.083222	-0.095090
1366001	1367000	1366501	519.0	-0.082744	0.094778
1367001	1368000	1367501	553.0	-0.082265	0.186323
1368001	1369000	1368501	560.0	-0.081787	0.204471
1369001	1370000	1369501	650.0	-0.081309	0.419483
1370001	1371000	1370501	503.0	-0.080831	0.049602
1371001	1372000	1371501	496.0	-0.080352	0.029384
1372001	1373000	1372501	483.0	-0.079874	-0.008933
1373001	1374000	1373501	514.0	-0.079396	0.080812
1374001	1375000	1374501	570.0	-0.078917	0.230006
1375001	1376000	1375501	519.0	-0.078439	0.094778
1376001	1377000	1376501	509.0	-0.077961	0.066709
1377001	1378000	1377501	547.0	-0.077483	0.170585
1378001	1379000	1378501	572.0	-0.077004	0.235059
1379001	1380000	1379501	545.0	-0.076526	0.165300
1380001	1381000	1380501	509.0	-0.076048	0.066709
1381001	1382000	1381501	465.0	-0.075569	-0.063726
1382001	1383000	1382501	471.0	-0.075091	-0.045229
1383001	1384000	1383501	431.0	-0.074613	-0.173268
1384001	1385000	1384501	407.0	-0.074135	-0.255928
1385001	1386000	1385501	377.0	-0.073656	-0.366392
1386001	1387000	1386501	412.0	-0.073178	-0.238312
1387001	1388000	1387501	499.0	-0.072700	0.038084
1388001	1389000	1388501	511.0	-0.072221	0.072367
1389001	1390000	1389501	401.0	-0.071743	-0.277354
1390001	1391000	1390501	392.0	-0.071265	-0.310103
1391001	1392000	1391501	425.0	-0.070787	-0.193493
1392001	1393000	1392501	471.0	-0.070308	-0.045229
1393001	1394000	1393501	474.0	-0.069830	-0.036069
1394001	1395000	1394501	576.0	-0.069352	0.245112
1395001	1396000	1395501	617.0	-0.068873	0.344314
1396001	1397000	1396501	514.0	-0.068395	0.080812
1397001	1398000	1397501	415.0	-0.067917	-0.227845
1398001	1399000	1398501	437.0	-0.067439	-0.153323
1399001	1400000	1399501	428.0	-0.066960	-0.183346
1400001	1401000	1400501	436.0	-0.066482	-0.156628
1401001	1402000	1401501	385.0	-0.066004	-0.336098
1402001	1403000	1402501	438.0	-0.065525	-0.150025
1403001	1404000	1403501	413.0	-0.065047	-0.234815
1404001	1405000	1404501	445.0	-0.064569	-0.127151
1405001	1406000	1405501	457.0	-0.064091	-0.088762
1406001	1407000	1406501	433.0	-0.063612	-0.166589
1407001	1408000	1407501	545.0	-0.063134	0.165300
1408001	1409000	1408501	439.0	-0.062656	-0.146735
1409001	1410000	1409501	431.0	-0.062177	-0.173268
1410001	1411000	1410501	433.0	-0.061699	-0.166589
1411001	1412000	1411501	404.0	-0.061221	-0.266601
1412001	1413000	1412501	397.0	-0.060743	-0.291817
1413001	1414000	1413501	542.0	-0.060264	0.157337
1414001	1415000	1414501	475.0	-0.059786	-0.033029
1415001	1416000	1415501	479.0	-0.059308	-0.020931
1416001	1417000	1416501	517.0	-0.058829	0.089208
1417001	1418000	1417501	545.0	-0.058351	0.165300
1418001	1419000	1418501	519.0	-0.057873	0.094778
1419001	1420000	1419501	627.0	-0.057395	0.367509
1420001	1421000	1420501	627.0	-0.056916	0.367509
1421001	1422000	1421501	779.0	-0.056438	0.680667
1422001	1423000	1422501	782.0	-0.055960	0.686212
1423001	1424000	1423501	528.0	-0.055481	0.119582
1424001	1425000	1424501	415.0	-0.055003	-0.227845
1425001	1426000	1425501	521.0	-0.054525	0.100327
1426001	1427000	1426501	579.0	-0.054047	0.252607
1427001	1428000	1427501	421.0	-0.053568	-0.207136
1428001	1429000	1428501	534.0	-0.053090	0.135883
1429001	1430000	1429501	626.0	-0.052612	0.365206
1430001	1431000	1430501	535.0	-0.052133	0.138583
1431001	1432000	1431501	720.0	-0.051655	0.567041
1432001	1433000	1432501	845.0	-0.051177	0.797995
1433001	1434000	1433501	792.0	-0.050698	0.704544
1434001	1435000	1434501	504.0	-0.050220	0.052467
1435001	1436000	1435501	382.0	-0.049742	-0.347384
1436001	1437000	1436501	402.0	-0.049264	-0.273761
1437001	1438000	1437501	432.0	-0.048785	-0.169925
1438001	1439000	1438501	432.0	-0.048307	-0.169925
1439001	1440000	1439501	527.0	-0.047829	0.116847
1440001	1441000	1440501	451.0	-0.047350	-0.107829
1441001	1442000	1441501	420.0	-0.046872	-0.210567
1442001	1443000	1442501	455.0	-0.046394	-0.095090
1443001	1444000	1443501	411.0	-0.045916	-0.241818
1444001	1445000	1444501	444.0	-0.045437	-0.130397
1445001	1446000	1445501	468.0	-0.044959	-0.054448
1446001	1447000	1446501	440.0	-0.044481	-0.143453
1447001	1448000	1447501	647.0	-0.044002	0.412809
1448001	1449000	1448501	505.0	-0.043524	0.055327
1449001	1450000	1449501	589.0	-0.043046	0.277311
1450001	1451000	1450501	596.0	-0.042568	0.294356
1451001	1452000	1451501	469.0	-0.042089	-0.051368
1452001	1453000	1452501	561.0	-0.041611	0.207044
1453001	1454000	1453501	570.0	-0.041133	0.230006
1454001	1455000	1454501	706.0	-0.040654	0.538712
1455001	1456000	1455501	820.0	-0.040176	0.754668
1456001	1457000	1456501	584.0	-0.039698	0.265012
1457001	1458000	1457501	736.0	-0.039220	0.598749
1458001	1459000	1458501	868.0	-0.038741	0.836739
1459001	1460000	1459501	729.0	-0.038263	0.584963
1460001	1461000	1460501	767.0	-0.037785	0.658270
1461001	1462000	1461501	712.0	-0.037306	0.550921
1462001	1463000	1462501	654.0	-0.036828	0.428334
1463001	1464000	1463501	500.0	-0.036350	0.040972
1464001	1465000	1464501	552.0	-0.035872	0.183712
1465001	1466000	1465501	646.0	-0.035393	0.410578
1466001	1467000	1466501	630.0	-0.034915	0.374396
1467001	1468000	1467501	617.0	-0.034437	0.344314
1468001	1469000	1468501	592.0	-0.033958	0.284641
1469001	1470000	1469501	501.0	-0.033480	0.043854
1470001	1471000	1470501	507.0	-0.033002	0.061029
1471001	1472000	1471501	487.0	-0.032524	0.002965
1472001	1473000	1472501	474.0	-0.032045	-0.036069
1473001	1474000	1473501	517.0	-0.031567	0.089208
1474001	1475000	1474501	449.0	-0.031089	-0.114241
1475001	1476000	1475501	539.0	-0.030610	0.149329
1476001	1477000	1476501	456.0	-0.030132	-0.091922
1477001	1478000	1477501	473.0	-0.029654	-0.039116
1478001	1479000	1478501	437.0	-0.029176	-0.153323
1479001	1480000	1479501	538.0	-0.028697	0.146650
1480001	1481000	1480501	468.0	-0.028219	-0.054448
1481001	1482000	1481501	586.0	-0.027741	0.269944
1482001	1483000	1482501	588.0	-0.027262	0.274860
1483001	1484000	1483501	478.0	-0.026784	-0.023946
1484001	1485000	1484501	525.0	-0.026306	0.111361
1485001	1486000	1485501	522.0	-0.025828	0.103093
1486001	1487000	1486501	577.0	-0.025349	0.247615
1487001	1488000	1487501	601.0	-0.024871	0.306409
1488001	1489000	1488501	474.0	-0.024393	-0.036069
1489001	1490000	1489501	468.0	-0.023914	-0.054448
1490001	1491000	1490501	462.0	-0.023436	-0.073063
1491001	1492000	1491501	442.0	-0.022958	-0.136910
1492001	1493000	1492501	462.0	-0.022480	-0.073063
1493001	1494000	1493501	511.0	-0.022001	0.072367
1494001	1495000	1494501	485.0	-0.021523	-0.002972
1495001	1496000	1495501	510.0	-0.021045	0.069541
1496001	1497000	1496501	491.0	-0.020566	0.014767
1497001	1498000	1497501	467.0	-0.020088	-0.057534
1498001	1499000	1498501	349.0	-0.019610	-0.477729
1499001	1500000	1499501	444.0	-0.019132	-0.130397
1500001	1501000	1500501	536.0	-0.018653	0.141277
1501001	1502000	1501501	612.0	-0.018175	0.332575
1502001	1503000	1502501	598.0	-0.017697	0.299189
1503001	1504000	1503501	465.0	-0.017218	-0.063726
1504001	1505000	1504501	420.0	-0.016740	-0.210567
1505001	1506000	1505501	568.0	-0.016262	0.224935
1506001	1507000	1506501	461.0	-0.015783	-0.076190
1507001	1508000	1507501	477.0	-0.015305	-0.026967
1508001	1509000	1508501	676.0	-0.014827	0.476067
1509001	1510000	1509501	584.0	-0.014349	0.265012
1510001	1511000	1510501	580.0	-0.013870	0.255097
1511001	1512000	1511501	549.0	-0.013392	0.175850
1512001	1513000	1512501	517.0	-0.012914	0.089208
1513001	1514000	1513501	449.0	-0.012435	-0.114241
1514001	1515000	1514501	476.0	-0.011957	-0.029995
1515001	1516000	1515501	426.0	-0.011479	-0.190103
1516001	1517000	1516501	687.0	-0.011001	0.499354
1517001	1518000	1517501	646.0	-0.010522	0.410578
1518001	1519000	1518501	665.0	-0.010044	0.452398
1519001	1520000	1519501	464.0	-0.009566	-0.066832
1520001	1521000	1520501	666.0	-0.009087	0.454566
1521001	1522000	1521501	408.0	-0.008609	-0.252387
1522001	1523000	1522501	427.0	-0.008131	-0.186720
1523001	1524000	1523501	464.0	-0.007653	-0.066832
1524001	1525000	1524501	483.0	-0.007174	-0.008933
1525001	1526000	1525501	449.0	-0.006696	-0.114241
1526001	1527000	1526501	545.0	-0.006218	0.165300
1527001	1528000	1527501	486.0	-0.005739	0.000000
1528001	1529000	1528501	573.0	-0.005261	0.237579
1529001	1530000	1529501	510.0	-0.004783	0.069541
1530001	1531000	1530501	414.0	-0.004305	-0.231326
1531001	1532000	1531501	410.0	-0.003826	-0.245332
1532001	1533000	1532501	494.0	-0.003348	0.023555
1533001	1534000	1533501	489.0	-0.002870	0.008878
1534001	1535000	1534501	514.0	-0.002391	0.080812
1535001	1536000	1535501	496.0	-0.001913	0.029384
1536001	1537000	1536501	403.0	-0.001435	-0.270176
1537001	1538000	1537501	445.0	-0.000957	-0.127151
1538001	1539000	1538501	430.0	-0.000478	-0.176620
1539001	1540000	1539501	483.0	0.000000	-0.008933
1540001	1541000	1540501	634.0	0.000522	0.383527
1541001	1542000	1541501	489.0	0.001045	0.008878
1542001	1543000	1542501	480.0	0.001567	-0.017922
1543001	1544000	1543501	499.0	0.002090	0.038084
1544001	1545000	1544501	408.0	0.002612	-0.252387
1545001	1546000	1545501	436.0	0.003135	-0.156628
1546001	1547000	1546501	542.0	0.003657	0.157337
1547001	1548000	1547501	477.0	0.004180	-0.026967
1548001	1549000	1548501	425.0	0.004702	-0.193493
1549001	1550000	1549501	429.0	0.005225	-0.179979
1550001	1551000	1550501	477.0	0.005747	-0.026967
1551001	1552000	1551501	535.0	0.006270	0.138583
1552001	1553000	1552501	522.0	0.006792	0.103093
1553001	1554000	1553501	462.0	0.007315	-0.073063
1554001	1555000	1554501	600.0	0.007837	0.304006
1555001	1556000	1555501	514.0	0.008359	0.080812
1556001	1557000	1556501	425.0	0.008882	-0.193493
1557001	1558000	1557501	572.0	0.009404	0.235059
1558001	1559000	1558501	638.0	0.009927	0.392600
1559001	1560000	1559501	480.0	0.010449	-0.017922
1560001	1561000	1560501	595.0	0.010972	0.291933
1561001	1562000	1561501	586.0	0.011494	0.269944
1562001	1563000	1562501	413.0	0.012017	-0.234815
1563001	1564000	1563501	577.0	0.012539	0.247615
1564001	1565000	1564501	696.0	0.013062	0.518131
1565001	1566000	1565501	754.0	0.013584	0.633608
1566001	1567000	1566501	622.0	0.014107	0.355958
1567001	1568000	1567501	538.0	0.014629	0.146650
1568001	1569000	1568501	383.0	0.015152	-0.343612
1569001	1570000	1569501	422.0	0.015674	-0.203713
1570001	1571000	1570501	506.0	0.016196	0.058181
1571001	1572000	1571501	471.0	0.016719	-0.045229
1572001	1573000	1572501	498.0	0.017241	0.035189
1573001	1574000	1573501	511.0	0.017764	0.072367
1574001	1575000	1574501	430.0	0.018286	-0.176620
1575001	1576000	1575501	461.0	0.018809	-0.076190
1576001	1577000	1576501	417.0	0.019331	-0.220909
1577001	1578000	1577501	471.0	0.019854	-0.045229
1578001	1579000	1578501	505.0	0.020376	0.055327
1579001	1580000	1579501	355.0	0.020899	-0.453137
1580001	1581000	1580501	544.0	0.021421	0.162650
1581001	1582000	1581501	485.0	0.021944	-0.002972
1582001	1583000	1582501	460.0	0.022466	-0.079322
1583001	1584000	1583501	441.0	0.022989	-0.140178
1584001	1585000	1584501	479.0	0.023511	-0.020931
1585001	1586000	1585501	421.0	0.024033	-0.207136
1586001	1587000	1586501	407.0	0.024556	-0.255928
1587001	1588000	1587501	497.0	0.025078	0.032290
1588001	1589000	1588501	483.0	0.025601	-0.008933
1589001	1590000	1589501	430.0	0.026123	-0.176620
1590001	1591000	1590501	399.0	0.026646	-0.284568
1591001	1592000	1591501	564.0	0.027168	0.214739
1592001	1593000	1592501	566.0	0.027691	0.219846
1593001	1594000	1593501	502.0	0.028213	0.046731
1594001	1595000	1594501	404.0	0.028736	-0.266601
1595001	1596000	1595501	432.0	0.029258	-0.169925
1596001	1597000	1596501	469.0	0.029781	-0.051368
1597001	1598000	1597501	484.0	0.030303	-0.005949
1598001	1599000	1598501	508.0	0.030825	0.063872
1599001	1600000	1599501	508.0	0.031348	0.063872
1600001	1601000	1600501	562.0	0.031870	0.209614
1601001	1602000	1601501	440.0	0.032393	-0.143453
1602001	1603000	1602501	448.0	0.032915	-0.117458
1603001	1604000	1603501	510.0	0.033438	0.069541
1604001	1605000	1604501	463.0	0.033960	-0.069944
1605001	1606000	1605501	437.0	0.034483	-0.153323
1606001	1607000	1606501	489.0	0.035005	0.008878
1607001	1608000	1607501	432.0	0.035528	-0.169925
1608001	1609000	1608501	547.0	0.036050	0.170585
1609001	1610000	1609501	529.0	0.036573	0.122311
1610001	1611000	1610501	590.0	0.037095	0.279759
1611001	1612000	1611501	470.0	0.037618	-0.048296
1612001	1613000	1612501	477.0	0.038140	-0.026967
1613001	1614000	1613501	500.0	0.038662	0.040972
1614001	1615000	1614501	478.0	0.039185	-0.023946
1615001	1616000	1615501	531.0	0.039707	0.127756
1616001	1617000	1616501	463.0	0.040230	-0.069944
1617001	1618000	1617501	578.0	0.040752	0.250113
1618001	1619000	1618501	521.0	0.041275	0.100327
1619001	1620000	1619501	423.0	0.041797	-0.200299
1620001	1621000	1620501	662.0	0.042320	0.445875
1621001	1622000	1621501	531.0	0.042842	0.127756
1622001	1623000	1622501	520.0	0.043365	0.097555
1623001	1624000	1623501	409.0	0.043887	-0.248855
1624001	1625000	1624501	420.0	0.044410	-0.210567
1625001	1626000	1625501	359.0	0.044932	-0.436972
1626001	1627000	1626501	444.0	0.045455	-0.130397
1627001	1628000	1627501	415.0	0.045977	-0.227845
1628001	1629000	1628501	352.0	0.046499	-0.465381
1629001	1630000	1629501	573.0	0.047022	0.237579
1630001	1631000	1630501	583.0	0.047544	0.262540
1631001	1632000	1631501	465.0	0.048067	-0.063726
1632001	1633000	1632501	491.0	0.048589	0.014767
1633001	1634000	1633501	612.0	0.049112	0.332575
1634001	1635000	1634501	550.0	0.049634	0.178475
1635001	1636000	1635501	610.0	0.050157	0.327853
1636001	1637000	1636501	473.0	0.050679	-0.039116
1637001	1638000	1637501	499.0	0.051202	0.038084
1638001	1639000	1638501	483.0	0.051724	-0.008933
1639001	1640000	1639501	509.0	0.052247	0.066709
1640001	1641000	1640501	555.0	0.052769	0.191531
1641001	1642000	1641501	444.0	0.053292	-0.130397
1642001	1643000	1642501	461.0	0.053814	-0.076190
1643001	1644000	1643501	403.0	0.054336	-0.270176
1644001	1645000	1644501	473.0	0.054859	-0.039116
1645001	1646000	1645501	440.0	0.055381	-0.143453
1646001	1647000	1646501	472.0	0.055904	-0.042169
1647001	1648000	1647501	543.0	0.056426	0.159996
1648001	1649000	1648501	538.0	0.056949	0.146650
1649001	1650000	1649501	456.0	0.057471	-0.091922
1650001	1651000	1650501	503.0	0.057994	0.049602
1651001	1652000	1651501	533.0	0.058516	0.133179
1652001	1653000	1652501	470.0	0.059039	-0.048296
1653001	1654000	1653501	458.0	0.059561	-0.085609
1654001	1655000	1654501	579.0	0.060084	0.252607
1655001	1656000	1655501	507.0	0.060606	0.061029
1656001	1657000	1656501	501.0	0.061129	0.043854
1657001	1658000	1657501	444.0	0.061651	-0.130397
1658001	1659000	1658501	451.0	0.062173	-0.107829
1659001	1660000	1659501	439.0	0.062696	-0.146735
1660001	1661000	1660501	480.0	0.063218	-0.017922
1661001	1662000	1661501	442.0	0.063741	-0.136910
1662001	1663000	1662501	421.0	0.064263	-0.207136
1663001	1664000	1663501	406.0	0.064786	-0.259477
1664001	1665000	1664501	501.0	0.065308	0.043854
1665001	1666000	1665501	521.0	0.065831	0.100327
1666001	1667000	1666501	506.0	0.066353	0.058181
1667001	1668000	1667501	558.0	0.066876	0.199309
1668001	1669000	1668501	467.0	0.067398	-0.057534
1669001	1670000	1669501	509.0	0.067921	0.066709
1670001	1671000	1670501	498.0	0.068443	0.035189
1671001	1672000	1671501	551.0	0.068966	0.181096
1672001	1673000	1672501	293.0	0.069488	-0.730056
1673001	1674000	1673501	43.0	0.070010	-3.498548
1674001	1675000	1674501	37.0	0.070533	-3.715359
1675001	1676000	1675501	45.0	0.071055	-3.432959
1676001	1677000	1676501	60.0	0.071578	-3.017922
1677001	1678000	1677501	57.0	0.072100	-3.091922
1678001	1679000	1678501	69.0	0.072623	-2.816288
1679001	1680000	1679501	68.0	0.073145	-2.837350
1680001	1681000	1680501	58.0	0.073668	-3.066832
1681001	1682000	1681501	29.0	0.074190	-4.066832
1682001	1683000	1682501	51.0	0.074713	-3.252387
1683001	1684000	1683501	49.0	0.075235	-3.310103
1684001	1685000	1684501	70.0	0.075758	-2.795529
1685001	1686000	1685501	77.0	0.076280	-2.658026
1686001	1687000	1686501	70.0	0.076803	-2.795529
1687001	1688000	1687501	51.0	0.077325	-3.252387
1688001	1689000	1688501	39.0	0.077847	-3.639410
1689001	1690000	1689501	63.0	0.078370	-2.947533
1690001	1691000	1690501	53.0	0.078892	-3.196892
1691001	1692000	1691501	55.0	0.079415	-3.143453
1692001	1693000	1692501	61.0	0.079937	-2.994075
1693001	1694000	1693501	30.0	0.080460	-4.017922
1694001	1695000	1694501	59.0	0.080982	-3.042169
1695001	1696000	1695501	50.0	0.081505	-3.280956
1696001	1697000	1696501	37.0	0.082027	-3.715359
1697001	1698000	1697501	42.0	0.082550	-3.532495
1698001	1699000	1698501	51.0	0.083072	-3.252387
1699001	1700000	1699501	41.0	0.083595	-3.567260
1700001	1701000	1700501	65.0	0.084117	-2.902445
1701001	1702000	1701501	53.0	0.084639	-3.196892
1702001	1703000	1702501	52.0	0.085162	-3.224373
1703001	1704000	1703501	40.0	0.085684	-3.602884
1704001	1705000	1704501	48.0	0.086207	-3.339850
1705001	1706000	1705501	42.0	0.086729	-3.532495
1706001	1707000	1706501	42.0	0.087252	-3.532495
1707001	1708000	1707501	23.0	0.087774	-4.401251
1708001	1709000	1708501	43.0	0.088297	-3.498548
1709001	1710000	1709501	38.0	0.088819	-3.676885
1710001	1711000	1710501	54.0	0.089342	-3.169925
1711001	1712000	1711501	46.0	0.089864	-3.401251
1712001	1713000	1712501	54.0	0.090387	-3.169925
1713001	1714000	1713501	49.0	0.090909	-3.310103
1714001	1715000	1714501	49.0	0.091432	-3.310103
1715001	1716000	1715501	39.0	0.091954	-3.639410
1716001	1717000	1716501	35.0	0.092476	-3.795529
1717001	1718000	1717501	33.0	0.092999	-3.880418
1718001	1719000	1718501	58.0	0.093521	-3.066832
1719001	1720000	1719501	55.0	0.094044	-3.143453
1720001	1721000	1720501	33.0	0.094566	-3.880418
1721001	1722000	1721501	45.0	0.095089	-3.432959
1722001	1723000	1722501	33.0	0.095611	-3.880418
1723001	1724000	1723501	47.0	0.096134	-3.370224
1724001	1725000	1724501	55.0	0.096656	-3.143453
1725001	1726000	1725501	42.0	0.097179	-3.532495
1726001	1727000	1726501	48.0	0.097701	-3.339850
1727001	1728000	1727501	47.0	0.098224	-3.370224
1728001	1729000	1728501	62.0	0.098746	-2.970616
1729001	1730000	1729501	56.0	0.099269	-3.117458
1730001	1731000	1730501	35.0	0.099791	-3.795529
1731001	1732000	1731501	61.0	0.100313	-2.994075
1732001	1733000	1732501	39.0	0.100836	-3.639410
1733001	1734000	1733501	35.0	0.101358	-3.795529
1734001	1735000	1734501	40.0	0.101881	-3.602884
1735001	1736000	1735501	46.0	0.102403	-3.401251
1736001	1737000	1736501	45.0	0.102926	-3.432959
1737001	1738000	1737501	44.0	0.103448	-3.465381
1738001	1739000	1738501	86.0	0.103971	-2.498548
1739001	1740000	1739501	66.0	0.104493	-2.880418
1740001	1741000	1740501	65.0	0.105016	-2.902445
1741001	1742000	1741501	70.0	0.105538	-2.795529
1742001	1743000	1742501	63.0	0.106061	-2.947533
1743001	1744000	1743501	59.0	0.106583	-3.042169
1744001	1745000	1744501	63.0	0.107106	-2.947533
1745001	1746000	1745501	61.0	0.107628	-2.994075
1746001	1747000	1746501	47.0	0.108150	-3.370224
1747001	1748000	1747501	37.0	0.108673	-3.715359
1748001	1749000	1748501	41.0	0.109195	-3.567260
1749001	1750000	1749501	35.0	0.109718	-3.795529
1750001	1751000	1750501	54.0	0.110240	-3.169925
1751001	1752000	1751501	57.0	0.110763	-3.091922
1752001	1753000	1752501	48.0	0.111285	-3.339850
1753001	1754000	1753501	47.0	0.111808	-3.370224
1754001	1755000	1754501	53.0	0.112330	-3.196892
1755001	1756000	1755501	32.0	0.112853	-3.924813
1756001	1757000	1756501	52.0	0.113375	-3.224373
1757001	1758000	1757501	71.0	0.113898	-2.775065
1758001	1759000	1758501	31.0	0.114420	-3.970616
1759001	1760000	1759501	50.0	0.114943	-3.280956
1760001	1761000	1760501	52.0	0.115465	-3.224373
1761001	1762000	1761501	47.0	0.115987	-3.370224
1762001	1763000	1762501	70.0	0.116510	-2.795529
1763001	1764000	1763501	61.0	0.117032	-2.994075
1764001	1765000	1764501	48.0	0.117555	-3.339850
1765001	1766000	1765501	44.0	0.118077	-3.465381
1766001	1767000	1766501	49.0	0.118600	-3.310103
1767001	1768000	1767501	42.0	0.119122	-3.532495
1768001	1769000	1768501	65.0	0.119645	-2.902445
1769001	1770000	1769501	76.0	0.120167	-2.676885
1770001	1771000	1770501	47.0	0.120690	-3.370224
1771001	1772000	1771501	63.0	0.121212	-2.947533
1772001	1773000	1772501	46.0	0.121735	-3.401251
1773001	1774000	1773501	69.0	0.122257	-2.816288
1774001	1775000	1774501	50.0	0.122780	-3.280956
1775001	1776000	1775501	135.0	0.123302	-1.847997
1776001	1777000	1776501	609.0	0.123824	0.325486
1777001	1778000	1777501	785.0	0.124347	0.691736
1778001	1779000	1778501	594.0	0.124869	0.289507
1779001	1780000	1779501	633.0	0.125392	0.381249
1780001	1781000	1780501	637.0	0.125914	0.390337
1781001	1782000	1781501	598.0	0.126437	0.299189
1782001	1783000	1782501	636.0	0.126959	0.388070
1783001	1784000	1783501	710.0	0.127482	0.546863
1784001	1785000	1784501	682.0	0.128004	0.488815
1785001	1786000	1785501	646.0	0.128527	0.410578
1786001	1787000	1786501	606.0	0.129049	0.318361
1787001	1788000	1787501	637.0	0.129572	0.390337
1788001	1789000	1788501	702.0	0.130094	0.530515
1789001	1790000	1789501	463.0	0.130617	-0.069944
1790001	1791000	1790501	435.0	0.131139	-0.159941
1791001	1792000	1791501	409.0	0.131661	-0.248855
1792001	1793000	1792501	409.0	0.132184	-0.248855
1793001	1794000	1793501	431.0	0.132706	-0.173268
1794001	1795000	1794501	443.0	0.133229	-0.133650
1795001	1796000	1795501	498.0	0.133751	0.035189
1796001	1797000	1796501	475.0	0.134274	-0.033029
1797001	1798000	1797501	416.0	0.134796	-0.224373
1798001	1799000	1798501	522.0	0.135319	0.103093
1799001	1800000	1799501	531.0	0.135841	0.127756
1800001	1801000	1800501	547.0	0.136364	0.170585
1801001	1802000	1801501	445.0	0.136886	-0.127151
1802001	1803000	1802501	463.0	0.137409	-0.069944
1803001	1804000	1803501	523.0	0.137931	0.105855
1804001	1805000	1804501	490.0	0.138454	0.011825
1805001	1806000	1805501	538.0	0.138976	0.146650
1806001	1807000	1806501	564.0	0.139498	0.214739
1807001	1808000	1807501	499.0	0.140021	0.038084
1808001	1809000	1808501	489.0	0.140543	0.008878
1809001	1810000	1809501	471.0	0.141066	-0.045229
1810001	1811000	1810501	417.0	0.141588	-0.220909
1811001	1812000	1811501	503.0	0.142111	0.049602
1812001	1813000	1812501	476.0	0.142633	-0.029995
1813001	1814000	1813501	546.0	0.143156	0.167945
1814001	1815000	1814501	453.0	0.143678	-0.101445
1815001	1816000	1815501	446.0	0.144201	-0.123913
1816001	1817000	1816501	478.0	0.144723	-0.023946
1817001	1818000	1817501	474.0	0.145246	-0.036069
1818001	1819000	1818501	490.0	0.145768	0.011825
1819001	1820000	1819501	443.0	0.146290	-0.133650
1820001	1821000	1820501	523.0	0.146813	0.105855
1821001	1822000	1821501	543.0	0.147335	0.159996
1822001	1823000	1822501	498.0	0.147858	0.035189
1823001	1824000	1823501	452.0	0.148380	-0.104634
1824001	1825000	1824501	535.0	0.148903	0.138583
1825001	1826000	1825501	540.0	0.149425	0.152003
1826001	1827000	1826501	534.0	0.149948	0.135883
1827001	1828000	1827501	518.0	0.150470	0.091996
1828001	1829000	1828501	512.0	0.150993	0.075187
1829001	1830000	1829501	466.0	0.151515	-0.060626
1830001	1831000	1830501	490.0	0.152038	0.011825
1831001	1832000	1831501	604.0	0.152560	0.313592
1832001	1833000	1832501	530.0	0.153083	0.125036
1833001	1834000	1833501	396.0	0.153605	-0.295456
1834001	1835000	1834501	471.0	0.154127	-0.045229
1835001	1836000	1835501	521.0	0.154650	0.100327
1836001	1837000	1836501	540.0	0.155172	0.152003
1837001	1838000	1837501	696.0	0.155695	0.518131
1838001	1839000	1838501	512.0	0.156217	0.075187
1839001	1840000	1839501	439.0	0.156740	-0.146735
1840001	1841000	1840501	511.0	0.157262	0.072367
1841001	1842000	1841501	608.0	0.157785	0.323115
1842001	1843000	1842501	510.0	0.158307	0.069541
1843001	1844000	1843501	520.0	0.158830	0.097555
1844001	1845000	1844501	516.0	0.159352	0.086415
1845001	1846000	1845501	420.0	0.159875	-0.210567
1846001	1847000	1846501	511.0	0.160397	0.072367
1847001	1848000	1847501	494.0	0.160920	0.023555
1848001	1849000	1848501	418.0	0.161442	-0.217453
1849001	1850000	1849501	435.0	0.161964	-0.159941
1850001	1851000	1850501	448.0	0.162487	-0.117458
1851001	1852000	1851501	526.0	0.163009	0.114106
1852001	1853000	1852501	528.0	0.163532	0.119582
1853001	1854000	1853501	545.0	0.164054	0.165300
1854001	1855000	1854501	448.0	0.164577	-0.117458
1855001	1856000	1855501	525.0	0.165099	0.111361
1856001	1857000	1856501	430.0	0.165622	-0.176620
1857001	1858000	1857501	457.0	0.166144	-0.088762
1858001	1859000	1858501	424.0	0.166667	-0.196892
1859001	1860000	1859501	430.0	0.167189	-0.176620
1860001	1861000	1860501	472.0	0.167712	-0.042169
1861001	1862000	1861501	524.0	0.168234	0.108610
1862001	1863000	1862501	453.0	0.168757	-0.101445
1863001	1864000	1863501	605.0	0.169279	0.315979
1864001	1865000	1864501	583.0	0.169801	0.262540
1865001	1866000	1865501	562.0	0.170324	0.209614
1866001	1867000	1866501	453.0	0.170846	-0.101445
1867001	1868000	1867501	567.0	0.171369	0.222392
1868001	1869000	1868501	552.0	0.171891	0.183712
1869001	1870000	1869501	476.0	0.172414	-0.029995
1870001	1871000	1870501	581.0	0.172936	0.257582
1871001	1872000	1871501	505.0	0.173459	0.055327
1872001	1873000	1872501	623.0	0.173981	0.358276
1873001	1874000	1873501	633.0	0.174504	0.381249
1874001	1875000	1874501	627.0	0.175026	0.367509
1875001	1876000	1875501	722.0	0.175549	0.571043
1876001	1877000	1876501	833.0	0.176071	0.777360
1877001	1878000	1877501	472.0	0.176594	-0.042169
1878001	1879000	1878501	405.0	0.177116	-0.263034
1879001	1880000	1879501	417.0	0.177638	-0.220909
1880001	1881000	1880501	432.0	0.178161	-0.169925
1881001	1882000	1881501	566.0	0.178683	0.219846
1882001	1883000	1882501	522.0	0.179206	0.103093
1883001	1884000	1883501	447.0	0.179728	-0.120681
1884001	1885000	1884501	474.0	0.180251	-0.036069
1885001	1886000	1885501	528.0	0.180773	0.119582
1886001	1887000	1886501	527.0	0.181296	0.116847
1887001	1888000	1887501	499.0	0.181818	0.038084
1888001	1889000	1888501	597.0	0.182341	0.296775
1889001	1890000	1889501	522.0	0.182863	0.103093
1890001	1891000	1890501	499.0	0.183386	0.038084
1891001	1892000	1891501	550.0	0.183908	0.178475
1892001	1893000	1892501	440.0	0.184431	-0.143453
1893001	1894000	1893501	485.0	0.184953	-0.002972
1894001	1895000	1894501	439.0	0.185475	-0.146735
1895001	1896000	1895501	525.0	0.185998	0.111361
1896001	1897000	1896501	561.0	0.186520	0.207044
1897001	1898000	1897501	456.0	0.187043	-0.091922
1898001	1899000	1898501	472.0	0.187565	-0.042169
1899001	1900000	1899501	478.0	0.188088	-0.023946
1900001	1901000	1900501	526.0	0.188610	0.114106
1901001	1902000	1901501	499.0	0.189133	0.038084
1902001	1903000	1902501	560.0	0.189655	0.204471
1903001	1904000	1903501	519.0	0.190178	0.094778
1904001	1905000	1904501	454.0	0.190700	-0.098264
1905001	1906000	1905501	449.0	0.191223	-0.114241
1906001	1907000	1906501	461.0	0.191745	-0.076190
1907001	1908000	1907501	436.0	0.192268	-0.156628
1908001	1909000	1908501	453.0	0.192790	-0.101445
1909001	1910000	1909501	454.0	0.193312	-0.098264
1910001	1911000	1910501	446.0	0.193835	-0.123913
1911001	1912000	1911501	571.0	0.194357	0.232534
1912001	1913000	1912501	532.0	0.194880	0.130470
1913001	1914000	1913501	450.0	0.195402	-0.111031
1914001	1915000	1914501	436.0	0.195925	-0.156628
1915001	1916000	1915501	493.0	0.196447	0.020631
1916001	1917000	1916501	603.0	0.196970	0.311202
1917001	1918000	1917501	596.0	0.197492	0.294356
1918001	1919000	1918501	483.0	0.198015	-0.008933
1919001	1920000	1919501	404.0	0.198537	-0.266601
1920001	1921000	1920501	434.0	0.199060	-0.163261
1921001	1922000	1921501	412.0	0.199582	-0.238312
1922001	1923000	1922501	445.0	0.200104	-0.127151
1923001	1924000	1923501	427.0	0.200627	-0.186720
1924001	1925000	1924501	465.0	0.201149	-0.063726
1925001	1926000	1925501	442.0	0.201672	-0.136910
1926001	1927000	1926501	547.0	0.202194	0.170585
1927001	1928000	1927501	506.0	0.202717	0.058181
1928001	1929000	1928501	548.0	0.203239	0.173220
1929001	1930000	1929501	497.0	0.203762	0.032290
1930001	1931000	1930501	418.0	0.204284	-0.217453
1931001	1932000	1931501	478.0	0.204807	-0.023946
1932001	1933000	1932501	394.0	0.205329	-0.302761
1933001	1934000	1933501	448.0	0.205852	-0.117458
1934001	1935000	1934501	423.0	0.206374	-0.200299
1935001	1936000	1935501	508.0	0.206897	0.063872
1936001	1937000	1936501	467.0	0.207419	-0.057534
1937001	1938000	1937501	470.0	0.207941	-0.048296
1938001	1939000	1938501	543.0	0.208464	0.159996
1939001	1940000	1939501	460.0	0.208986	-0.079322
1940001	1941000	1940501	483.0	0.209509	-0.008933
1941001	1942000	1941501	498.0	0.210031	0.035189
1942001	1943000	1942501	552.0	0.210554	0.183712
1943001	1944000	1943501	501.0	0.211076	0.043854
1944001	1945000	1944501	539.0	0.211599	0.149329
1945001	1946000	1945501	522.0	0.212121	0.103093
1946001	1947000	1946501	586.0	0.212644	0.269944
1947001	1948000	1947501	483.0	0.213166	-0.008933
1948001	1949000	1948501	487.0	0.213689	0.002965
1949001	1950000	1949501	431.0	0.214211	-0.173268
1950001	1951000	1950501	341.0	0.214734	-0.511185
1951001	1952000	1951501	471.0	0.215256	-0.045229
1952001	1953000	1952501	319.0	0.215778	-0.607400
1953001	1954000	1953501	646.0	0.216301	0.410578
1954001	1955000	1954501	687.0	0.216823	0.499354
1955001	1956000	1955501	518.0	0.217346	0.091996
1956001	1957000	1956501	511.0	0.217868	0.072367
1957001	1958000	1957501	642.0	0.218391	0.401617
1958001	1959000	1958501	488.0	0.218913	0.005925
1959001	1960000	1959501	484.0	0.219436	-0.005949
1960001	1961000	1960501	502.0	0.219958	0.046731
1961001	1962000	1961501	504.0	0.220481	0.052467
1962001	1963000	1962501	473.0	0.221003	-0.039116
1963001	1964000	1963501	489.0	0.221526	0.008878
1964001	1965000	1964501	443.0	0.222048	-0.133650
1965001	1966000	1965501	489.0	0.222571	0.008878
1966001	1967000	1966501	469.0	0.223093	-0.051368
1967001	1968000	1967501	535.0	0.223615	0.138583
1968001	1969000	1968501	502.0	0.224138	0.046731
1969001	1970000	1969501	586.0	0.224660	0.269944
1970001	1971000	1970501	474.0	0.225183	-0.036069
1971001	1972000	1971501	415.0	0.225705	-0.227845
1972001	1973000	1972501	433.0	0.226228	-0.166589
1973001	1974000	1973501	464.0	0.226750	-0.066832
1974001	1975000	1974501	483.0	0.227273	-0.008933
1975001	1976000	1975501	522.0	0.227795	0.103093
1976001	1977000	1976501	448.0	0.228318	-0.117458
1977001	1978000	1977501	559.0	0.228840	0.201892
1978001	1979000	1978501	549.0	0.229363	0.175850
1979001	1980000	1979501	465.0	0.229885	-0.063726
1980001	1981000	1980501	515.0	0.230408	0.083616
1981001	1982000	1981501	372.0	0.230930	-0.385654
1982001	1983000	1982501	453.0	0.231452	-0.101445
1983001	1984000	1983501	428.0	0.231975	-0.183346
1984001	1985000	1984501	448.0	0.232497	-0.117458
1985001	1986000	1985501	501.0	0.233020	0.043854
1986001	1987000	1986501	519.0	0.233542	0.094778
1987001	1988000	1987501	531.0	0.234065	0.127756
1988001	1989000	1988501	569.0	0.234587	0.227472
1989001	1990000	1989501	483.0	0.235110	-0.008933
1990001	1991000	1990501	651.0	0.235632	0.421701
1991001	1992000	1991501	491.0	0.236155	0.014767
1992001	1993000	1992501	416.0	0.236677	-0.224373
1993001	1994000	1993501	489.0	0.237200	0.008878
1994001	1995000	1994501	579.0	0.237722	0.252607
1995001	1996000	1995501	487.0	0.238245	0.002965
1996001	1997000	1996501	470.0	0.238767	-0.048296
1997001	1998000	1997501	486.0	0.239289	0.000000
1998001	1999000	1998501	472.0	0.239812	-0.042169
1999001	2000000	1999501	643.0	0.240334	0.403862
2000001	2001000	2000501	435.0	0.240857	-0.159941
2001001	2002000	2001501	500.0	0.241379	0.040972
2002001	2003000	2002501	504.0	0.241902	0.052467
2003001	2004000	2003501	636.0	0.242424	0.388070
2004001	2005000	2004501	565.0	0.242947	0.217295
2005001	2006000	2005501	437.0	0.243469	-0.153323
2006001	2007000	2006501	468.0	0.243992	-0.054448
2007001	2008000	2007501	549.0	0.244514	0.175850
2008001	2009000	2008501	498.0	0.245037	0.035189
2009001	2010000	2009501	518.0	0.245559	0.091996
2010001	2011000	2010501	446.0	0.246082	-0.123913
2011001	2012000	2011501	560.0	0.246604	0.204471
2012001	2013000	2012501	556.0	0.247126	0.194129
2013001	2014000	2013501	665.0	0.247649	0.452398
2014001	2015000	2014501	575.0	0.248171	0.242606
2015001	2016000	2015501	456.0	0.248694	-0.091922
2016001	2017000	2016501	478.0	0.249216	-0.023946
2017001	2018000	2017501	502.0	0.249739	0.046731
2018001	2019000	2018501	492.0	0.250261	0.017702
2019001	2020000	2019501	465.0	0.250784	-0.063726
2020001	2021000	2020501	580.0	0.251306	0.255097
2021001	2022000	2021501	554.0	0.251829	0.188930
2022001	2023000	2022501	479.0	0.252351	-0.020931
2023001	2024000	2023501	468.0	0.252874	-0.054448
2024001	2025000	2024501	453.0	0.253396	-0.101445
2025001	2026000	2025501	521.0	0.253918	0.100327
2026001	2027000	2026501	602.0	0.254441	0.308807
2027001	2028000	2027501	462.0	0.254963	-0.073063
2028001	2029000	2028501	441.0	0.255486	-0.140178
2029001	2030000	2029501	499.0	0.256008	0.038084
2030001	2031000	2030501	450.0	0.256531	-0.111031
2031001	2032000	2031501	475.0	0.257053	-0.033029
2032001	2033000	2032501	457.0	0.257576	-0.088762
2033001	2034000	2033501	534.0	0.258098	0.135883
2034001	2035000	2034501	579.0	0.258621	0.252607
2035001	2036000	2035501	513.0	0.259143	0.078003
2036001	2037000	2036501	471.0	0.259666	-0.045229
2037001	2038000	2037501	430.0	0.260188	-0.176620
2038001	2039000	2038501	523.0	0.260711	0.105855
2039001	2040000	2039501	542.0	0.261233	0.157337
2040001	2041000	2040501	478.0	0.261755	-0.023946
2041001	2042000	2041501	480.0	0.262278	-0.017922
2042001	2043000	2042501	502.0	0.262800	0.046731
2043001	2044000	2043501	421.0	0.263323	-0.207136
2044001	2045000	2044501	414.0	0.263845	-0.231326
2045001	2046000	2045501	561.0	0.264368	0.207044
2046001	2047000	2046501	453.0	0.264890	-0.101445
2047001	2048000	2047501	498.0	0.265413	0.035189
2048001	2049000	2048501	576.0	0.265935	0.245112
2049001	2050000	2049501	583.0	0.266458	0.262540
2050001	2051000	2050501	493.0	0.266980	0.020631
2051001	2052000	2051501	502.0	0.267503	0.046731
2052001	2053000	2052501	476.0	0.268025	-0.029995
2053001	2054000	2053501	490.0	0.268548	0.011825
2054001	2055000	2054501	392.0	0.269070	-0.310103
2055001	2056000	2055501	486.0	0.269592	0.000000
2056001	2057000	2056501	499.0	0.270115	0.038084
2057001	2058000	2057501	631.0	0.270637	0.376684
2058001	2059000	2058501	644.0	0.271160	0.406104
2059001	2060000	2059501	575.0	0.271682	0.242606
2060001	2061000	2060501	617.0	0.272205	0.344314
2061001	2062000	2061501	436.0	0.272727	-0.156628
2062001	2063000	2062501	577.0	0.273250	0.247615
2063001	2064000	2063501	521.0	0.273772	0.100327
2064001	2065000	2064501	511.0	0.274295	0.072367
2065001	2066000	2065501	537.0	0.274817	0.143966
2066001	2067000	2066501	411.0	0.275340	-0.241818
2067001	2068000	2067501	453.0	0.275862	-0.101445
2068001	2069000	2068501	474.0	0.276385	-0.036069
2069001	2070000	2069501	538.0	0.276907	0.146650
2070001	2071000	2070501	520.0	0.277429	0.097555
2071001	2072000	2071501	689.0	0.277952	0.503548
2072001	2073000	2072501	402.0	0.278474	-0.273761
2073001	2074000	2073501	410.0	0.278997	-0.245332
2074001	2075000	2074501	502.0	0.279519	0.046731
2075001	2076000	2075501	474.0	0.280042	-0.036069
2076001	2077000	2076501	543.0	0.280564	0.159996
2077001	2078000	2077501	430.0	0.281087	-0.176620
2078001	2079000	2078501	466.0	0.281609	-0.060626
2079001	2080000	2079501	541.0	0.282132	0.154672
2080001	2081000	2080501	439.0	0.282654	-0.146735
2081001	2082000	2081501	470.0	0.283177	-0.048296
2082001	2083000	2082501	461.0	0.283699	-0.076190
2083001	2084000	2083501	514.0	0.284222	0.080812
2084001	2085000	2084501	529.0	0.284744	0.122311
2085001	2086000	2085501	463.0	0.285266	-0.069944
2086001	2087000	2086501	486.0	0.285789	0.000000
2087001	2088000	2087501	443.0	0.286311	-0.133650
2088001	2089000	2088501	442.0	0.286834	-0.136910
2089001	2090000	2089501	503.0	0.287356	0.049602
2090001	2091000	2090501	488.0	0.287879	0.005925
2091001	2092000	2091501	449.0	0.288401	-0.114241
2092001	2093000	2092501	463.0	0.288924	-0.069944
2093001	2094000	2093501	463.0	0.289446	-0.069944
2094001	2095000	2094501	439.0	0.289969	-0.146735
2095001	2096000	2095501	491.0	0.290491	0.014767
2096001	2097000	2096501	467.0	0.291014	-0.057534
2097001	2098000	2097501	424.0	0.291536	-0.196892
2098001	2099000	2098501	458.0	0.292059	-0.085609
2099001	2100000	2099501	459.0	0.292581	-0.082462
2100001	2101000	2100501	464.0	0.293103	-0.066832
2101001	2102000	2101501	448.0	0.293626	-0.117458
2102001	2103000	2102501	431.0	0.294148	-0.173268
2103001	2104000	2103501	472.0	0.294671	-0.042169
2104001	2105000	2104501	442.0	0.295193	-0.136910
2105001	2106000	2105501	409.0	0.295716	-0.248855
2106001	2107000	2106501	394.0	0.296238	-0.302761
2107001	2108000	2107501	393.0	0.296761	-0.306427
2108001	2109000	2108501	527.0	0.297283	0.116847
2109001	2110000	2109501	445.0	0.297806	-0.127151
2110001	2111000	2110501	501.0	0.298328	0.043854
2111001	2112000	2111501	459.0	0.298851	-0.082462
2112001	2113000	2112501	429.0	0.299373	-0.179979
2113001	2114000	2113501	477.0	0.299896	-0.026967
2114001	2115000	2114501	499.0	0.300418	0.038084
2115001	2116000	2115501	471.0	0.300940	-0.045229
2116001	2117000	2116501	472.0	0.301463	-0.042169
2117001	2118000	2117501	509.0	0.301985	0.066709
2118001	2119000	2118501	538.0	0.302508	0.146650
2119001	2120000	2119501	447.0	0.303030	-0.120681
2120001	2121000	2120501	406.0	0.303553	-0.259477
2121001	2122000	2121501	464.0	0.304075	-0.066832
2122001	2123000	2122501	451.0	0.304598	-0.107829
2123001	2124000	2123501	443.0	0.305120	-0.133650
2124001	2125000	2124501	543.0	0.305643	0.159996
2125001	2126000	2125501	497.0	0.306165	0.032290
2126001	2127000	2126501	446.0	0.306688	-0.123913
2127001	2128000	2127501	463.0	0.307210	-0.069944
2128001	2129000	2128501	439.0	0.307732	-0.146735
2129001	2130000	2129501	668.0	0.308255	0.458892
2130001	2131000	2130501	505.0	0.308777	0.055327
2131001	2132000	2131501	449.0	0.309300	-0.114241
2132001	2133000	2132501	470.0	0.309822	-0.048296
2133001	2134000	2133501	646.0	0.310345	0.410578
2134001	2135000	2134501	572.0	0.310867	0.235059
2135001	2136000	2135501	451.0	0.311390	-0.107829
2136001	2137000	2136501	558.0	0.311912	0.199309
2137001	2138000	2137501	635.0	0.312435	0.385800
2138001	2139000	2138501	608.0	0.312957	0.323115
2139001	2140000	2139501	525.0	0.313480	0.111361
2140001	2141000	2140501	427.0	0.314002	-0.186720
2141001	2142000	2141501	433.0	0.314525	-0.166589
2142001	2143000	2142501	510.0	0.315047	0.069541
2143001	2144000	2143501	550.0	0.315569	0.178475
2144001	2145000	2144501	619.0	0.316092	0.348983
2145001	2146000	2145501	449.0	0.316614	-0.114241
2146001	2147000	2146501	481.0	0.317137	-0.014919
2147001	2148000	2147501	534.0	0.317659	0.135883
2148001	2149000	2148501	548.0	0.318182	0.173220
2149001	2150000	2149501	432.0	0.318704	-0.169925
2150001	2151000	2150501	499.0	0.319227	0.038084
2151001	2152000	2151501	411.0	0.319749	-0.241818
2152001	2153000	2152501	445.0	0.320272	-0.127151
2153001	2154000	2153501	442.0	0.320794	-0.136910
2154001	2155000	2154501	542.0	0.321317	0.157337
2155001	2156000	2155501	567.0	0.321839	0.222392
2156001	2157000	2156501	552.0	0.322362	0.183712
2157001	2158000	2157501	468.0	0.322884	-0.054448
2158001	2159000	2158501	461.0	0.323406	-0.076190
2159001	2160000	2159501	529.0	0.323929	0.122311
2160001	2161000	2160501	452.0	0.324451	-0.104634
2161001	2162000	2161501	433.0	0.324974	-0.166589
2162001	2163000	2162501	414.0	0.325496	-0.231326
2163001	2164000	2163501	537.0	0.326019	0.143966
2164001	2165000	2164501	565.0	0.326541	0.217295
2165001	2166000	2165501	496.0	0.327064	0.029384
2166001	2167000	2166501	412.0	0.327586	-0.238312
2167001	2168000	2167501	436.0	0.328109	-0.156628
2168001	2169000	2168501	455.0	0.328631	-0.095090
2169001	2170000	2169501	545.0	0.329154	0.165300
2170001	2171000	2170501	540.0	0.329676	0.152003
2171001	2172000	2171501	497.0	0.330199	0.032290
2172001	2173000	2172501	457.0	0.330721	-0.088762
2173001	2174000	2173501	494.0	0.331243	0.023555
2174001	2175000	2174501	512.0	0.331766	0.075187
2175001	2176000	2175501	502.0	0.332288	0.046731
2176001	2177000	2176501	583.0	0.332811	0.262540
2177001	2178000	2177501	461.0	0.333333	-0.076190
2178001	2179000	2178501	431.0	0.333856	-0.173268
2179001	2180000	2179501	491.0	0.334378	0.014767
2180001	2181000	2180501	437.0	0.334901	-0.153323
2181001	2182000	2181501	447.0	0.335423	-0.120681
2182001	2183000	2182501	500.0	0.335946	0.040972
2183001	2184000	2183501	438.0	0.336468	-0.150025
2184001	2185000	2184501	509.0	0.336991	0.066709
2185001	2186000	2185501	506.0	0.337513	0.058181
2186001	2187000	2186501	480.0	0.338036	-0.017922
2187001	2188000	2187501	451.0	0.338558	-0.107829
2188001	2189000	2188501	590.0	0.339080	0.279759
2189001	2190000	2189501	532.0	0.339603	0.130470
2190001	2191000	2190501	513.0	0.340125	0.078003
2191001	2192000	2191501	474.0	0.340648	-0.036069
2192001	2193000	2192501	519.0	0.341170	0.094778
2193001	2194000	2193501	462.0	0.341693	-0.073063
2194001	2195000	2194501	477.0	0.342215	-0.026967
2195001	2196000	2195501	473.0	0.342738	-0.039116
2196001	2197000	2196501	495.0	0.343260	0.026472
2197001	2198000	2197501	464.0	0.343783	-0.066832
2198001	2199000	2198501	462.0	0.344305	-0.073063
2199001	2200000	2199501	516.0	0.344828	0.086415
2200001	2201000	2200501	508.0	0.345350	0.063872
2201001	2202000	2201501	461.0	0.345873	-0.076190
2202001	2203000	2202501	540.0	0.346395	0.152003
2203001	2204000	2203501	503.0	0.346917	0.049602
2204001	2205000	2204501	448.0	0.347440	-0.117458
2205001	2206000	2205501	529.0	0.347962	0.122311
2206001	2207000	2206501	566.0	0.348485	0.219846
2207001	2208000	2207501	544.0	0.349007	0.162650
2208001	2209000	2208501	632.0	0.349530	0.378968
2209001	2210000	2209501	466.0	0.350052	-0.060626
2210001	2211000	2210501	444.0	0.350575	-0.130397
2211001	2212000	2211501	467.0	0.351097	-0.057534
2212001	2213000	2212501	490.0	0.351620	0.011825
2213001	2214000	2213501	477.0	0.352142	-0.026967
2214001	2215000	2214501	565.0	0.352665	0.217295
2215001	2216000	2215501	646.0	0.353187	0.410578
2216001	2217000	2216501	484.0	0.353710	-0.005949
2217001	2218000	2217501	547.0	0.354232	0.170585
2218001	2219000	2218501	531.0	0.354754	0.127756
2219001	2220000	2219501	627.0	0.355277	0.367509
2220001	2221000	2220501	624.0	0.355799	0.360590
2221001	2222000	2221501	543.0	0.356322	0.159996
2222001	2223000	2222501	609.0	0.356844	0.325486
2223001	2224000	2223501	530.0	0.357367	0.125036
2224001	2225000	2224501	501.0	0.357889	0.043854
2225001	2226000	2225501	686.0	0.358412	0.497252
2226001	2227000	2226501	545.0	0.358934	0.165300
2227001	2228000	2227501	618.0	0.359457	0.346651
2228001	2229000	2228501	525.0	0.359979	0.111361
2229001	2230000	2229501	468.0	0.360502	-0.054448
2230001	2231000	2230501	525.0	0.361024	0.111361
2231001	2232000	2231501	437.0	0.361546	-0.153323
2232001	2233000	2232501	540.0	0.362069	0.152003
2233001	2234000	2233501	693.0	0.362591	0.511899
2234001	2235000	2234501	530.0	0.363114	0.125036
2235001	2236000	2235501	699.0	0.363636	0.524336
2236001	2237000	2236501	688.0	0.364159	0.501452
2237001	2238000	2237501	563.0	0.364681	0.212179
2238001	2239000	2238501	596.0	0.365204	0.294356
2239001	2240000	2239501	530.0	0.365726	0.125036
2240001	2241000	2240501	619.0	0.366249	0.348983
2241001	2242000	2241501	640.0	0.366771	0.397116
2242001	2243000	2242501	521.0	0.367294	0.100327
2243001	2244000	2243501	544.0	0.367816	0.162650
2244001	2245000	2244501	422.0	0.368339	-0.203713
2245001	2246000	2245501	345.0	0.368861	-0.494360
2246001	2247000	2246501	561.0	0.369383	0.207044
2247001	2248000	2247501	524.0	0.369906	0.108610
2248001	2249000	2248501	494.0	0.370428	0.023555
2249001	2250000	2249501	520.0	0.370951	0.097555
2250001	2251000	2250501	493.0	0.371473	0.020631
2251001	2252000	2251501	530.0	0.371996	0.125036
2252001	2253000	2252501	456.0	0.372518	-0.091922
2253001	2254000	2253501	443.0	0.373041	-0.133650
2254001	2255000	2254501	538.0	0.373563	0.146650
2255001	2256000	2255501	505.0	0.374086	0.055327
2256001	2257000	2256501	526.0	0.374608	0.114106
2257001	2258000	2257501	367.0	0.375131	-0.405176
2258001	2259000	2258501	355.0	0.375653	-0.453137
2259001	2260000	2259501	519.0	0.376176	0.094778
2260001	2261000	2260501	441.0	0.376698	-0.140178
2261001	2262000	2261501	373.0	0.377220	-0.381781
2262001	2263000	2262501	505.0	0.377743	0.055327
2263001	2264000	2263501	468.0	0.378265	-0.054448
2264001	2265000	2264501	494.0	0.378788	0.023555
2265001	2266000	2265501	476.0	0.379310	-0.029995
2266001	2267000	2266501	541.0	0.379833	0.154672
2267001	2268000	2267501	474.0	0.380355	-0.036069
2268001	2269000	2268501	377.0	0.380878	-0.366392
2269001	2270000	2269501	436.0	0.381400	-0.156628
2270001	2271000	2270501	415.0	0.381923	-0.227845
2271001	2272000	2271501	398.0	0.382445	-0.288188
2272001	2273000	2272501	485.0	0.382968	-0.002972
2273001	2274000	2273501	518.0	0.383490	0.091996
2274001	2275000	2274501	510.0	0.384013	0.069541
2275001	2276000	2275501	482.0	0.384535	-0.011923
2276001	2277000	2276501	450.0	0.385057	-0.111031
2277001	2278000	2277501	520.0	0.385580	0.097555
2278001	2279000	2278501	483.0	0.386102	-0.008933
2279001	2280000	2279501	467.0	0.386625	-0.057534
2280001	2281000	2280501	508.0	0.387147	0.063872
2281001	2282000	2281501	548.0	0.387670	0.173220
2282001	2283000	2282501	503.0	0.388192	0.049602
2283001	2284000	2283501	406.0	0.388715	-0.259477
2284001	2285000	2284501	501.0	0.389237	0.043854
2285001	2286000	2285501	467.0	0.389760	-0.057534
2286001	2287000	2286501	621.0	0.390282	0.353637
2287001	2288000	2287501	682.0	0.390805	0.488815
2288001	2289000	2288501	703.0	0.391327	0.532568
2289001	2290000	2289501	593.0	0.391850	0.287076
2290001	2291000	2290501	720.0	0.392372	0.567041
2291001	2292000	2291501	589.0	0.392894	0.277311
2292001	2293000	2292501	609.0	0.393417	0.325486
2293001	2294000	2293501	554.0	0.393939	0.188930
2294001	2295000	2294501	662.0	0.394462	0.445875
2295001	2296000	2295501	534.0	0.394984	0.135883
2296001	2297000	2296501	515.0	0.395507	0.083616
2297001	2298000	2297501	520.0	0.396029	0.097555
2298001	2299000	2298501	527.0	0.396552	0.116847
2299001	2300000	2299501	458.0	0.397074	-0.085609
2300001	2301000	2300501	496.0	0.397597	0.029384
2301001	2302000	2301501	424.0	0.398119	-0.196892
2302001	2303000	2302501	443.0	0.398642	-0.133650
2303001	2304000	2303501	482.0	0.399164	-0.011923
2304001	2305000	2304501	578.0	0.399687	0.250113
2305001	2306000	2305501	514.0	0.400209	0.080812
2306001	2307000	2306501	477.0	0.400731	-0.026967
2307001	2308000	2307501	550.0	0.401254	0.178475
2308001	2309000	2308501	559.0	0.401776	0.201892
2309001	2310000	2309501	505.0	0.402299	0.055327
2310001	2311000	2310501	422.0	0.402821	-0.203713
2311001	2312000	2311501	403.0	0.403344	-0.270176
2312001	2313000	2312501	450.0	0.403866	-0.111031
2313001	2314000	2313501	434.0	0.404389	-0.163261
2314001	2315000	2314501	461.0	0.404911	-0.076190
2315001	2316000	2315501	428.0	0.405434	-0.183346
2316001	2317000	2316501	388.0	0.405956	-0.324900
2317001	2318000	2317501	380.0	0.406479	-0.354957
2318001	2319000	2318501	459.0	0.407001	-0.082462
2319001	2320000	2319501	443.0	0.407524	-0.133650
2320001	2321000	2320501	496.0	0.408046	0.029384
2321001	2322000	2321501	431.0	0.408568	-0.173268
2322001	2323000	2322501	472.0	0.409091	-0.042169
2323001	2324000	2323501	504.0	0.409613	0.052467
2324001	2325000	2324501	506.0	0.410136	0.058181
2325001	2326000	2325501	576.0	0.410658	0.245112
2326001	2327000	2326501	530.0	0.411181	0.125036
2327001	2328000	2327501	409.0	0.411703	-0.248855
2328001	2329000	2328501	593.0	0.412226	0.287076
2329001	2330000	2329501	536.0	0.412748	0.141277
2330001	2331000	2330501	479.0	0.413271	-0.020931
2331001	2332000	2331501	520.0	0.413793	0.097555
2332001	2333000	2332501	435.0	0.414316	-0.159941
2333001	2334000	2333501	430.0	0.414838	-0.176620
2334001	2335000	2334501	554.0	0.415361	0.188930
2335001	2336000	2335501	490.0	0.415883	0.011825
2336001	2337000	2336501	457.0	0.416405	-0.088762
2337001	2338000	2337501	528.0	0.416928	0.119582
2338001	2339000	2338501	473.0	0.417450	-0.039116
2339001	2340000	2339501	505.0	0.417973	0.055327
2340001	2341000	2340501	511.0	0.418495	0.072367
2341001	2342000	2341501	456.0	0.419018	-0.091922
2342001	2343000	2342501	473.0	0.419540	-0.039116
2343001	2344000	2343501	676.0	0.420063	0.476067
2344001	2345000	2344501	595.0	0.420585	0.291933
2345001	2346000	2345501	622.0	0.421108	0.355958
2346001	2347000	2346501	530.0	0.421630	0.125036
2347001	2348000	2347501	543.0	0.422153	0.159996
2348001	2349000	2348501	519.0	0.422675	0.094778
2349001	2350000	2349501	593.0	0.423197	0.287076
2350001	2351000	2350501	527.0	0.423720	0.116847
2351001	2352000	2351501	513.0	0.424242	0.078003
2352001	2353000	2352501	498.0	0.424765	0.035189
2353001	2354000	2353501	493.0	0.425287	0.020631
2354001	2355000	2354501	465.0	0.425810	-0.063726
2355001	2356000	2355501	525.0	0.426332	0.111361
2356001	2357000	2356501	393.0	0.426855	-0.306427
2357001	2358000	2357501	434.0	0.427377	-0.163261
2358001	2359000	2358501	485.0	0.427900	-0.002972
2359001	2360000	2359501	497.0	0.428422	0.032290
2360001	2361000	2360501	412.0	0.428945	-0.238312
2361001	2362000	2361501	440.0	0.429467	-0.143453
2362001	2363000	2362501	433.0	0.429990	-0.166589
2363001	2364000	2363501	408.0	0.430512	-0.252387
2364001	2365000	2364501	412.0	0.431034	-0.238312
2365001	2366000	2365501	407.0	0.431557	-0.255928
2366001	2367000	2366501	399.0	0.432079	-0.284568
2367001	2368000	2367501	476.0	0.432602	-0.029995
2368001	2369000	2368501	456.0	0.433124	-0.091922
2369001	2370000	2369501	517.0	0.433647	0.089208
2370001	2371000	2370501	555.0	0.434169	0.191531
2371001	2372000	2371501	674.0	0.434692	0.471792
2372001	2373000	2372501	552.0	0.435214	0.183712
2373001	2374000	2373501	416.0	0.435737	-0.224373
2374001	2375000	2374501	516.0	0.436259	0.086415
2375001	2376000	2375501	503.0	0.436782	0.049602
2376001	2377000	2376501	457.0	0.437304	-0.088762
2377001	2378000	2377501	439.0	0.437827	-0.146735
2378001	2379000	2378501	484.0	0.438349	-0.005949
2379001	2380000	2379501	528.0	0.438871	0.119582
2380001	2381000	2380501	474.0	0.439394	-0.036069
2381001	2382000	2381501	489.0	0.439916	0.008878
2382001	2383000	2382501	473.0	0.440439	-0.039116
2383001	2384000	2383501	450.0	0.440961	-0.111031
2384001	2385000	2384501	523.0	0.441484	0.105855
2385001	2386000	2385501	467.0	0.442006	-0.057534
2386001	2387000	2386501	405.0	0.442529	-0.263034
2387001	2388000	2387501	605.0	0.443051	0.315979
2388001	2389000	2388501	657.0	0.443574	0.434937
2389001	2390000	2389501	531.0	0.444096	0.127756
2390001	2391000	2390501	409.0	0.444619	-0.248855
2391001	2392000	2391501	474.0	0.445141	-0.036069
2392001	2393000	2392501	436.0	0.445664	-0.156628
2393001	2394000	2393501	480.0	0.446186	-0.017922
2394001	2395000	2394501	447.0	0.446708	-0.120681
2395001	2396000	2395501	451.0	0.447231	-0.107829
2396001	2397000	2396501	491.0	0.447753	0.014767
2397001	2398000	2397501	463.0	0.448276	-0.069944
2398001	2399000	2398501	517.0	0.448798	0.089208
2399001	2400000	2399501	546.0	0.449321	0.167945
2400001	2401000	2400501	521.0	0.449843	0.100327
2401001	2402000	2401501	529.0	0.450366	0.122311
2402001	2403000	2402501	564.0	0.450888	0.214739
2403001	2404000	2403501	586.0	0.451411	0.269944
2404001	2405000	2404501	431.0	0.451933	-0.173268
2405001	2406000	2405501	509.0	0.452456	0.066709
2406001	2407000	2406501	523.0	0.452978	0.105855
2407001	2408000	2407501	440.0	0.453501	-0.143453
2408001	2409000	2408501	389.0	0.454023	-0.321186
2409001	2410000	2409501	424.0	0.454545	-0.196892
2410001	2411000	2410501	467.0	0.455068	-0.057534
2411001	2412000	2411501	484.0	0.455590	-0.005949
2412001	2413000	2412501	418.0	0.456113	-0.217453
2413001	2414000	2413501	524.0	0.456635	0.108610
2414001	2415000	2414501	545.0	0.457158	0.165300
2415001	2416000	2415501	546.0	0.457680	0.167945
2416001	2417000	2416501	516.0	0.458203	0.086415
2417001	2418000	2417501	502.0	0.458725	0.046731
2418001	2419000	2418501	756.0	0.459248	0.637430
2419001	2420000	2419501	561.0	0.459770	0.207044
2420001	2421000	2420501	535.0	0.460293	0.138583
2421001	2422000	2421501	532.0	0.460815	0.130470
2422001	2423000	2422501	524.0	0.461338	0.108610
2423001	2424000	2423501	467.0	0.461860	-0.057534
2424001	2425000	2424501	437.0	0.462382	-0.153323
2425001	2426000	2425501	444.0	0.462905	-0.130397
2426001	2427000	2426501	414.0	0.463427	-0.231326
2427001	2428000	2427501	523.0	0.463950	0.105855
2428001	2429000	2428501	485.0	0.464472	-0.002972
2429001	2430000	2429501	478.0	0.464995	-0.023946
2430001	2431000	2430501	643.0	0.465517	0.403862
2431001	2432000	2431501	661.0	0.466040	0.443694
2432001	2433000	2432501	474.0	0.466562	-0.036069
2433001	2434000	2433501	534.0	0.467085	0.135883
2434001	2435000	2434501	462.0	0.467607	-0.073063
2435001	2436000	2435501	479.0	0.468130	-0.020931
2436001	2437000	2436501	463.0	0.468652	-0.069944
2437001	2438000	2437501	415.0	0.469175	-0.227845
2438001	2439000	2438501	451.0	0.469697	-0.107829
2439001	2440000	2439501	571.0	0.470219	0.232534
2440001	2441000	2440501	513.0	0.470742	0.078003
2441001	2442000	2441501	414.0	0.471264	-0.231326
2442001	2443000	2442501	480.0	0.471787	-0.017922
2443001	2444000	2443501	479.0	0.472309	-0.020931
2444001	2445000	2444501	533.0	0.472832	0.133179
2445001	2446000	2445501	531.0	0.473354	0.127756
2446001	2447000	2446501	590.0	0.473877	0.279759
2447001	2448000	2447501	476.0	0.474399	-0.029995
2448001	2449000	2448501	455.0	0.474922	-0.095090
2449001	2450000	2449501	525.0	0.475444	0.111361
2450001	2451000	2450501	524.0	0.475967	0.108610
2451001	2452000	2451501	399.0	0.476489	-0.284568
2452001	2453000	2452501	410.0	0.477011	-0.245332
2453001	2454000	2453501	464.0	0.477534	-0.066832
2454001	2455000	2454501	460.0	0.478056	-0.079322
2455001	2456000	2455501	467.0	0.478579	-0.057534
2456001	2457000	2456501	444.0	0.479101	-0.130397
2457001	2458000	2457501	409.0	0.479624	-0.248855
2458001	2459000	2458501	381.0	0.480146	-0.351165
2459001	2460000	2459501	404.0	0.480669	-0.266601
2460001	2461000	2460501	407.0	0.481191	-0.255928
2461001	2462000	2461501	455.0	0.481714	-0.095090
2462001	2463000	2462501	552.0	0.482236	0.183712
2463001	2464000	2463501	503.0	0.482759	0.049602
2464001	2465000	2464501	455.0	0.483281	-0.095090
2465001	2466000	2465501	400.0	0.483804	-0.280956
2466001	2467000	2466501	485.0	0.484326	-0.002972
2467001	2468000	2467501	489.0	0.484848	0.008878
2468001	2469000	2468501	424.0	0.485371	-0.196892
2469001	2470000	2469501	409.0	0.485893	-0.248855
2470001	2471000	2470501	528.0	0.486416	0.119582
2471001	2472000	2471501	425.0	0.486938	-0.193493
2472001	2473000	2472501	574.0	0.487461	0.240094
2473001	2474000	2473501	761.0	0.487983	0.646940
2474001	2475000	2474501	761.0	0.488506	0.646940
2475001	2476000	2475501	712.0	0.489028	0.550921
2476001	2477000	2476501	526.0	0.489551	0.114106
2477001	2478000	2477501	431.0	0.490073	-0.173268
2478001	2479000	2478501	427.0	0.490596	-0.186720
2479001	2480000	2479501	414.0	0.491118	-0.231326
2480001	2481000	2480501	455.0	0.491641	-0.095090
2481001	2482000	2481501	502.0	0.492163	0.046731
2482001	2483000	2482501	463.0	0.492685	-0.069944
2483001	2484000	2483501	452.0	0.493208	-0.104634
2484001	2485000	2484501	492.0	0.493730	0.017702
2485001	2486000	2485501	442.0	0.494253	-0.136910
2486001	2487000	2486501	452.0	0.494775	-0.104634
2487001	2488000	2487501	510.0	0.495298	0.069541
2488001	2489000	2488501	559.0	0.495820	0.201892
2489001	2490000	2489501	486.0	0.496343	0.000000
2490001	2491000	2490501	531.0	0.496865	0.127756
2491001	2492000	2491501	463.0	0.497388	-0.069944
2492001	2493000	2492501	493.0	0.497910	0.020631
2493001	2494000	2493501	393.0	0.498433	-0.306427
2494001	2495000	2494501	471.0	0.498955	-0.045229
2495001	2496000	2495501	510.0	0.499478	0.069541
2496001	2497000	2496501	556.0	0.500000	0.194129
2497001	2498000	2497501	439.0	0.500522	-0.146735
2498001	2499000	2498501	543.0	0.501045	0.159996
2499001	2500000	2499501	557.0	0.501567	0.196721
2500001	2501000	2500501	576.0	0.502090	0.245112
2501001	2502000	2501501	501.0	0.502612	0.043854
2502001	2503000	2502501	512.0	0.503135	0.075187
2503001	2504000	2503501	507.0	0.503657	0.061029
2504001	2505000	2504501	563.0	0.504180	0.212179
2505001	2506000	2505501	497.0	0.504702	0.032290
2506001	2507000	2506501	468.0	0.505225	-0.054448
2507001	2508000	2507501	442.0	0.505747	-0.136910
2508001	2509000	2508501	441.0	0.506270	-0.140178
2509001	2510000	2509501	515.0	0.506792	0.083616
2510001	2511000	2510501	502.0	0.507315	0.046731
2511001	2512000	2511501	541.0	0.507837	0.154672
2512001	2513000	2512501	410.0	0.508359	-0.245332
2513001	2514000	2513501	447.0	0.508882	-0.120681
2514001	2515000	2514501	434.0	0.509404	-0.163261
2515001	2516000	2515501	460.0	0.509927	-0.079322
2516001	2517000	2516501	392.0	0.510449	-0.310103
2517001	2518000	2517501	475.0	0.510972	-0.033029
2518001	2519000	2518501	409.0	0.511494	-0.248855
2519001	2520000	2519501	458.0	0.512017	-0.085609
2520001	2521000	2520501	387.0	0.512539	-0.328623
2521001	2522000	2521501	389.0	0.513062	-0.321186
2522001	2523000	2522501	409.0	0.513584	-0.248855
2523001	2524000	2523501	475.0	0.514107	-0.033029
2524001	2525000	2524501	519.0	0.514629	0.094778
2525001	2526000	2525501	468.0	0.515152	-0.054448
2526001	2527000	2526501	509.0	0.515674	0.066709
2527001	2528000	2527501	547.0	0.516196	0.170585
2528001	2529000	2528501	455.0	0.516719	-0.095090
2529001	2530000	2529501	488.0	0.517241	0.005925
2530001	2531000	2530501	480.0	0.517764	-0.017922
2531001	2532000	2531501	694.0	0.518286	0.513979
2532001	2533000	2532501	610.0	0.518809	0.327853
2533001	2534000	2533501	525.0	0.519331	0.111361
2534001	2535000	2534501	486.0	0.519854	0.000000
2535001	2536000	2535501	411.0	0.520376	-0.241818
2536001	2537000	2536501	431.0	0.520899	-0.173268
2537001	2538000	2537501	461.0	0.521421	-0.076190
2538001	2539000	2538501	395.0	0.521944	-0.299104
2539001	2540000	2539501	428.0	0.522466	-0.183346
2540001	2541000	2540501	416.0	0.522989	-0.224373
2541001	2542000	2541501	405.0	0.523511	-0.263034
2542001	2543000	2542501	492.0	0.524033	0.017702
2543001	2544000	2543501	547.0	0.524556	0.170585
2544001	2545000	2544501	512.0	0.525078	0.075187
2545001	2546000	2545501	515.0	0.525601	0.083616
2546001	2547000	2546501	478.0	0.526123	-0.023946
2547001	2548000	2547501	519.0	0.526646	0.094778
2548001	2549000	2548501	621.0	0.527168	0.353637
2549001	2550000	2549501	494.0	0.527691	0.023555
2550001	2551000	2550501	525.0	0.528213	0.111361
2551001	2552000	2551501	559.0	0.528736	0.201892
2552001	2553000	2552501	526.0	0.529258	0.114106
2553001	2554000	2553501	615.0	0.529781	0.339630
2554001	2555000	2554501	620.0	0.530303	0.351312
2555001	2556000	2555501	528.0	0.530825	0.119582
2556001	2557000	2556501	509.0	0.531348	0.066709
2557001	2558000	2557501	477.0	0.531870	-0.026967
2558001	2559000	2558501	470.0	0.532393	-0.048296
2559001	2560000	2559501	477.0	0.532915	-0.026967
2560001	2561000	2560501	445.0	0.533438	-0.127151
2561001	2562000	2561501	400.0	0.533960	-0.280956
2562001	2563000	2562501	501.0	0.534483	0.043854
2563001	2564000	2563501	519.0	0.535005	0.094778
2564001	2565000	2564501	510.0	0.535528	0.069541
2565001	2566000	2565501	485.0	0.536050	-0.002972
2566001	2567000	2566501	538.0	0.536573	0.146650
2567001	2568000	2567501	461.0	0.537095	-0.076190
2568001	2569000	2568501	507.0	0.537618	0.061029
2569001	2570000	2569501	458.0	0.538140	-0.085609
2570001	2571000	2570501	665.0	0.538662	0.452398
2571001	2572000	2571501	563.0	0.539185	0.212179
2572001	2573000	2572501	443.0	0.539707	-0.133650
2573001	2574000	2573501	472.0	0.540230	-0.042169
2574001	2575000	2574501	529.0	0.540752	0.122311
2575001	2576000	2575501	641.0	0.541275	0.399368
2576001	2577000	2576501	544.0	0.541797	0.162650
2577001	2578000	2577501	527.0	0.542320	0.116847
2578001	2579000	2578501	523.0	0.542842	0.105855
2579001	2580000	2579501	548.0	0.543365	0.173220
2580001	2581000	2580501	558.0	0.543887	0.199309
2581001	2582000	2581501	579.0	0.544410	0.252607
2582001	2583000	2582501	619.0	0.544932	0.348983
2583001	2584000	2583501	515.0	0.545455	0.083616
2584001	2585000	2584501	490.0	0.545977	0.011825
2585001	2586000	2585501	433.0	0.546499	-0.166589
2586001	2587000	2586501	546.0	0.547022	0.167945
2587001	2588000	2587501	516.0	0.547544	0.086415
2588001	2589000	2588501	467.0	0.548067	-0.057534
2589001	2590000	2589501	461.0	0.548589	-0.076190
2590001	2591000	2590501	485.0	0.549112	-0.002972
2591001	2592000	2591501	488.0	0.549634	0.005925
2592001	2593000	2592501	447.0	0.550157	-0.120681
2593001	2594000	2593501	432.0	0.550679	-0.169925
2594001	2595000	2594501	399.0	0.551202	-0.284568
2595001	2596000	2595501	491.0	0.551724	0.014767
2596001	2597000	2596501	533.0	0.552247	0.133179
2597001	2598000	2597501	481.0	0.552769	-0.014919
2598001	2599000	2598501	497.0	0.553292	0.032290
2599001	2600000	2599501	496.0	0.553814	0.029384
2600001	2601000	2600501	509.0	0.554336	0.066709
2601001	2602000	2601501	470.0	0.554859	-0.048296
2602001	2603000	2602501	435.0	0.555381	-0.159941
2603001	2604000	2603501	498.0	0.555904	0.035189
2604001	2605000	2604501	458.0	0.556426	-0.085609
2605001	2606000	2605501	508.0	0.556949	0.063872
2606001	2607000	2606501	404.0	0.557471	-0.266601
2607001	2608000	2607501	521.0	0.557994	0.100327
2608001	2609000	2608501	356.0	0.558516	-0.449079
2609001	2610000	2609501	414.0	0.559039	-0.231326
2610001	2611000	2610501	377.0	0.559561	-0.366392
2611001	2612000	2611501	497.0	0.560084	0.032290
2612001	2613000	2612501	572.0	0.560606	0.235059
2613001	2614000	2613501	515.0	0.561129	0.083616
2614001	2615000	2614501	486.0	0.561651	0.000000
2615001	2616000	2615501	459.0	0.562173	-0.082462
2616001	2617000	2616501	640.0	0.562696	0.397116
2617001	2618000	2617501	482.0	0.563218	-0.011923
2618001	2619000	2618501	479.0	0.563741	-0.020931
2619001	2620000	2619501	458.0	0.564263	-0.085609
2620001	2621000	2620501	424.0	0.564786	-0.196892
2621001	2622000	2621501	432.0	0.565308	-0.169925
2622001	2623000	2622501	508.0	0.565831	0.063872
2623001	2624000	2623501	544.0	0.566353	0.162650
2624001	2625000	2624501	526.0	0.566876	0.114106
2625001	2626000	2625501	503.0	0.567398	0.049602
2626001	2627000	2626501	572.0	0.567921	0.235059
2627001	2628000	2627501	466.0	0.568443	-0.060626
2628001	2629000	2628501	534.0	0.568966	0.135883
2629001	2630000	2629501	541.0	0.569488	0.154672
2630001	2631000	2630501	448.0	0.570010	-0.117458
2631001	2632000	2631501	550.0	0.570533	0.178475
2632001	2633000	2632501	497.0	0.571055	0.032290
2633001	2634000	2633501	470.0	0.571578	-0.048296
2634001	2635000	2634501	409.0	0.572100	-0.248855
2635001	2636000	2635501	474.0	0.572623	-0.036069
2636001	2637000	2636501	428.0	0.573145	-0.183346
2637001	2638000	2637501	525.0	0.573668	0.111361
2638001	2639000	2638501	514.0	0.574190	0.080812
2639001	2640000	2639501	520.0	0.574713	0.097555
2640001	2641000	2640501	492.0	0.575235	0.017702
2641001	2642000	2641501	475.0	0.575758	-0.033029
2642001	2643000	2642501	411.0	0.576280	-0.241818
2643001	2644000	2643501	486.0	0.576803	0.000000
2644001	2645000	2644501	512.0	0.577325	0.075187
2645001	2646000	2645501	514.0	0.577847	0.080812
2646001	2647000	2646501	535.0	0.578370	0.138583
2647001	2648000	2647501	431.0	0.578892	-0.173268
2648001	2649000	2648501	536.0	0.579415	0.141277
2649001	2650000	2649501	457.0	0.579937	-0.088762
2650001	2651000	2650501	514.0	0.580460	0.080812
2651001	2652000	2651501	594.0	0.580982	0.289507
2652001	2653000	2652501	447.0	0.581505	-0.120681
2653001	2654000	2653501	442.0	0.582027	-0.136910
2654001	2655000	2654501	668.0	0.582550	0.458892
2655001	2656000	2655501	629.0	0.583072	0.372104
2656001	2657000	2656501	493.0	0.583595	0.020631
2657001	2658000	2657501	694.0	0.584117	0.513979
2658001	2659000	2658501	694.0	0.584639	0.513979
2659001	2660000	2659501	784.0	0.585162	0.689897
2660001	2661000	2660501	645.0	0.585684	0.408343
2661001	2662000	2661501	646.0	0.586207	0.410578
2662001	2663000	2662501	707.0	0.586729	0.540754
2663001	2664000	2663501	927.0	0.587252	0.931613
2664001	2665000	2664501	843.0	0.587774	0.794576
2665001	2666000	2665501	717.0	0.588297	0.561017
2666001	2667000	2666501	633.0	0.588819	0.381249
2667001	2668000	2667501	720.0	0.589342	0.567041
2668001	2669000	2668501	649.0	0.589864	0.417262
2669001	2670000	2669501	600.0	0.590387	0.304006
2670001	2671000	2670501	553.0	0.590909	0.186323
2671001	2672000	2671501	672.0	0.591432	0.467505
2672001	2673000	2672501	481.0	0.591954	-0.014919
2673001	2674000	2673501	599.0	0.592476	0.301600
2674001	2675000	2674501	694.0	0.592999	0.513979
2675001	2676000	2675501	584.0	0.593521	0.265012
2676001	2677000	2676501	544.0	0.594044	0.162650
2677001	2678000	2677501	611.0	0.594566	0.330216
2678001	2679000	2678501	552.0	0.595089	0.183712
2679001	2680000	2679501	571.0	0.595611	0.232534
2680001	2681000	2680501	660.0	0.596134	0.441510
2681001	2682000	2681501	615.0	0.596656	0.339630
2682001	2683000	2682501	490.0	0.597179	0.011825
2683001	2684000	2683501	512.0	0.597701	0.075187
2684001	2685000	2684501	540.0	0.598224	0.152003
2685001	2686000	2685501	473.0	0.598746	-0.039116
2686001	2687000	2686501	513.0	0.599269	0.078003
2687001	2688000	2687501	437.0	0.599791	-0.153323
2688001	2689000	2688501	470.0	0.600313	-0.048296
2689001	2690000	2689501	591.0	0.600836	0.282202
2690001	2691000	2690501	534.0	0.601358	0.135883
2691001	2692000	2691501	486.0	0.601881	0.000000
2692001	2693000	2692501	547.0	0.602403	0.170585
2693001	2694000	2693501	539.0	0.602926	0.149329
2694001	2695000	2694501	694.0	0.603448	0.513979
2695001	2696000	2695501	719.0	0.603971	0.565035
2696001	2697000	2696501	606.0	0.604493	0.318361
2697001	2698000	2697501	410.0	0.605016	-0.245332
2698001	2699000	2698501	524.0	0.605538	0.108610
2699001	2700000	2699501	508.0	0.606061	0.063872
2700001	2701000	2700501	473.0	0.606583	-0.039116
2701001	2702000	2701501	512.0	0.607106	0.075187
2702001	2703000	2702501	550.0	0.607628	0.178475
2703001	2704000	2703501	548.0	0.608150	0.173220
2704001	2705000	2704501	508.0	0.608673	0.063872
2705001	2706000	2705501	462.0	0.609195	-0.073063
2706001	2707000	2706501	404.0	0.609718	-0.266601
2707001	2708000	2707501	549.0	0.610240	0.175850
2708001	2709000	2708501	463.0	0.610763	-0.069944
2709001	2710000	2709501	389.0	0.611285	-0.321186
2710001	2711000	2710501	413.0	0.611808	-0.234815
2711001	2712000	2711501	453.0	0.612330	-0.101445
2712001	2713000	2712501	364.0	0.612853	-0.417018
2713001	2714000	2713501	361.0	0.613375	-0.428957
2714001	2715000	2714501	412.0	0.613898	-0.238312
2715001	2716000	2715501	456.0	0.614420	-0.091922
2716001	2717000	2716501	398.0	0.614943	-0.288188
2717001	2718000	2717501	338.0	0.615465	-0.523933
2718001	2719000	2718501	405.0	0.615987	-0.263034
2719001	2720000	2719501	466.0	0.616510	-0.060626
2720001	2721000	2720501	473.0	0.617032	-0.039116
2721001	2722000	2721501	439.0	0.617555	-0.146735
2722001	2723000	2722501	395.0	0.618077	-0.299104
2723001	2724000	2723501	553.0	0.618600	0.186323
2724001	2725000	2724501	464.0	0.619122	-0.066832
2725001	2726000	2725501	434.0	0.619645	-0.163261
2726001	2727000	2726501	473.0	0.620167	-0.039116
2727001	2728000	2727501	412.0	0.620690	-0.238312
2728001	2729000	2728501	396.0	0.621212	-0.295456
2729001	2730000	2729501	397.0	0.621735	-0.291817
2730001	2731000	2730501	461.0	0.622257	-0.076190
2731001	2732000	2731501	448.0	0.622780	-0.117458
2732001	2733000	2732501	447.0	0.623302	-0.120681
2733001	2734000	2733501	506.0	0.623824	0.058181
2734001	2735000	2734501	459.0	0.624347	-0.082462
2735001	2736000	2735501	452.0	0.624869	-0.104634
2736001	2737000	2736501	482.0	0.625392	-0.011923
2737001	2738000	2737501	599.0	0.625914	0.301600
2738001	2739000	2738501	522.0	0.626437	0.103093
2739001	2740000	2739501	493.0	0.626959	0.020631
2740001	2741000	2740501	423.0	0.627482	-0.200299
2741001	2742000	2741501	432.0	0.628004	-0.169925
2742001	2743000	2742501	540.0	0.628527	0.152003
2743001	2744000	2743501	614.0	0.629049	0.337282
2744001	2745000	2744501	517.0	0.629572	0.089208
2745001	2746000	2745501	495.0	0.630094	0.026472
2746001	2747000	2746501	477.0	0.630617	-0.026967
2747001	2748000	2747501	449.0	0.631139	-0.114241
2748001	2749000	2748501	547.0	0.631661	0.170585
2749001	2750000	2749501	504.0	0.632184	0.052467
2750001	2751000	2750501	503.0	0.632706	0.049602
2751001	2752000	2751501	501.0	0.633229	0.043854
2752001	2753000	2752501	531.0	0.633751	0.127756
2753001	2754000	2753501	515.0	0.634274	0.083616
2754001	2755000	2754501	605.0	0.634796	0.315979
2755001	2756000	2755501	476.0	0.635319	-0.029995
2756001	2757000	2756501	407.0	0.635841	-0.255928
2757001	2758000	2757501	482.0	0.636364	-0.011923
2758001	2759000	2758501	433.0	0.636886	-0.166589
2759001	2760000	2759501	438.0	0.637409	-0.150025
2760001	2761000	2760501	557.0	0.637931	0.196721
2761001	2762000	2761501	556.0	0.638454	0.194129
2762001	2763000	2762501	415.0	0.638976	-0.227845
2763001	2764000	2763501	442.0	0.639498	-0.136910
2764001	2765000	2764501	439.0	0.640021	-0.146735
2765001	2766000	2765501	448.0	0.640543	-0.117458
2766001	2767000	2766501	511.0	0.641066	0.072367
2767001	2768000	2767501	535.0	0.641588	0.138583
2768001	2769000	2768501	447.0	0.642111	-0.120681
2769001	2770000	2769501	476.0	0.642633	-0.029995
2770001	2771000	2770501	568.0	0.643156	0.224935
2771001	2772000	2771501	456.0	0.643678	-0.091922
2772001	2773000	2772501	499.0	0.644201	0.038084
2773001	2774000	2773501	461.0	0.644723	-0.076190
2774001	2775000	2774501	640.0	0.645246	0.397116
2775001	2776000	2775501	437.0	0.645768	-0.153323
2776001	2777000	2776501	389.0	0.646290	-0.321186
2777001	2778000	2777501	490.0	0.646813	0.011825
2778001	2779000	2778501	493.0	0.647335	0.020631
2779001	2780000	2779501	485.0	0.647858	-0.002972
2780001	2781000	2780501	478.0	0.648380	-0.023946
2781001	2782000	2781501	523.0	0.648903	0.105855
2782001	2783000	2782501	485.0	0.649425	-0.002972
2783001	2784000	2783501	472.0	0.649948	-0.042169
2784001	2785000	2784501	463.0	0.650470	-0.069944
2785001	2786000	2785501	458.0	0.650993	-0.085609
2786001	2787000	2786501	478.0	0.651515	-0.023946
2787001	2788000	2787501	661.0	0.652038	0.443694
2788001	2789000	2788501	555.0	0.652560	0.191531
2789001	2790000	2789501	767.0	0.653083	0.658270
2790001	2791000	2790501	777.0	0.653605	0.676958
2791001	2792000	2791501	583.0	0.654127	0.262540
2792001	2793000	2792501	450.0	0.654650	-0.111031
2793001	2794000	2793501	441.0	0.655172	-0.140178
2794001	2795000	2794501	416.0	0.655695	-0.224373
2795001	2796000	2795501	498.0	0.656217	0.035189
2796001	2797000	2796501	527.0	0.656740	0.116847
2797001	2798000	2797501	503.0	0.657262	0.049602
2798001	2799000	2798501	434.0	0.657785	-0.163261
2799001	2800000	2799501	510.0	0.658307	0.069541
2800001	2801000	2800501	486.0	0.658830	0.000000
2801001	2802000	2801501	453.0	0.659352	-0.101445
2802001	2803000	2802501	487.0	0.659875	0.002965
2803001	2804000	2803501	441.0	0.660397	-0.140178
2804001	2805000	2804501	531.0	0.660920	0.127756
2805001	2806000	2805501	528.0	0.661442	0.119582
2806001	2807000	2806501	432.0	0.661964	-0.169925
2807001	2808000	2807501	417.0	0.662487	-0.220909
2808001	2809000	2808501	547.0	0.663009	0.170585
2809001	2810000	2809501	444.0	0.663532	-0.130397
2810001	2811000	2810501	396.0	0.664054	-0.295456
2811001	2812000	2811501	554.0	0.664577	0.188930
2812001	2813000	2812501	480.0	0.665099	-0.017922
2813001	2814000	2813501	421.0	0.665622	-0.207136
2814001	2815000	2814501	524.0	0.666144	0.108610
2815001	2816000	2815501	468.0	0.666667	-0.054448
2816001	2817000	2816501	449.0	0.667189	-0.114241
2817001	2818000	2817501	481.0	0.667712	-0.014919
2818001	2819000	2818501	423.0	0.668234	-0.200299
2819001	2820000	2819501	490.0	0.668757	0.011825
2820001	2821000	2820501	524.0	0.669279	0.108610
2821001	2822000	2821501	488.0	0.669801	0.005925
2822001	2823000	2822501	504.0	0.670324	0.052467
2823001	2824000	2823501	486.0	0.670846	0.000000
2824001	2825000	2824501	503.0	0.671369	0.049602
2825001	2826000	2825501	416.0	0.671891	-0.224373
2826001	2827000	2826501	447.0	0.672414	-0.120681
2827001	2828000	2827501	436.0	0.672936	-0.156628
2828001	2829000	2828501	469.0	0.673459	-0.051368
2829001	2830000	2829501	480.0	0.673981	-0.017922
2830001	2831000	2830501	531.0	0.674504	0.127756
2831001	2832000	2831501	496.0	0.675026	0.029384
2832001	2833000	2832501	456.0	0.675549	-0.091922
2833001	2834000	2833501	454.0	0.676071	-0.098264
2834001	2835000	2834501	582.0	0.676594	0.260063
2835001	2836000	2835501	521.0	0.677116	0.100327
2836001	2837000	2836501	473.0	0.677638	-0.039116
2837001	2838000	2837501	457.0	0.678161	-0.088762
2838001	2839000	2838501	388.0	0.678683	-0.324900
2839001	2840000	2839501	429.0	0.679206	-0.179979
2840001	2841000	2840501	418.0	0.679728	-0.217453
2841001	2842000	2841501	431.0	0.680251	-0.173268
2842001	2843000	2842501	390.0	0.680773	-0.317482
2843001	2844000	2843501	412.0	0.681296	-0.238312
2844001	2845000	2844501	452.0	0.681818	-0.104634
2845001	2846000	2845501	605.0	0.682341	0.315979
2846001	2847000	2846501	653.0	0.682863	0.426127
2847001	2848000	2847501	527.0	0.683386	0.116847
2848001	2849000	2848501	503.0	0.683908	0.049602
2849001	2850000	2849501	587.0	0.684431	0.272404
2850001	2851000	2850501	566.0	0.684953	0.219846
2851001	2852000	2851501	638.0	0.685475	0.392600
2852001	2853000	2852501	607.0	0.685998	0.320740
2853001	2854000	2853501	692.0	0.686520	0.509816
2854001	2855000	2854501	647.0	0.687043	0.412809
2855001	2856000	2855501	724.0	0.687565	0.575033
2856001	2857000	2856501	751.0	0.688088	0.627857
2857001	2858000	2857501	623.0	0.688610	0.358276
2858001	2859000	2858501	499.0	0.689133	0.038084
2859001	2860000	2859501	463.0	0.689655	-0.069944
2860001	2861000	2860501	551.0	0.690178	0.181096
2861001	2862000	2861501	653.0	0.690700	0.426127
2862001	2863000	2862501	722.0	0.691223	0.571043
2863001	2864000	2863501	489.0	0.691745	0.008878
2864001	2865000	2864501	461.0	0.692268	-0.076190
2865001	2866000	2865501	521.0	0.692790	0.100327
2866001	2867000	2866501	520.0	0.693312	0.097555
2867001	2868000	2867501	483.0	0.693835	-0.008933
2868001	2869000	2868501	473.0	0.694357	-0.039116
2869001	2870000	2869501	382.0	0.694880	-0.347384
2870001	2871000	2870501	464.0	0.695402	-0.066832
2871001	2872000	2871501	465.0	0.695925	-0.063726
2872001	2873000	2872501	406.0	0.696447	-0.259477
2873001	2874000	2873501	547.0	0.696970	0.170585
2874001	2875000	2874501	520.0	0.697492	0.097555
2875001	2876000	2875501	509.0	0.698015	0.066709
2876001	2877000	2876501	433.0	0.698537	-0.166589
2877001	2878000	2877501	486.0	0.699060	0.000000
2878001	2879000	2878501	598.0	0.699582	0.299189
2879001	2880000	2879501	445.0	0.700104	-0.127151
2880001	2881000	2880501	431.0	0.700627	-0.173268
2881001	2882000	2881501	435.0	0.701149	-0.159941
2882001	2883000	2882501	569.0	0.701672	0.227472
2883001	2884000	2883501	645.0	0.702194	0.408343
2884001	2885000	2884501	512.0	0.702717	0.075187
2885001	2886000	2885501	506.0	0.703239	0.058181
2886001	2887000	2886501	667.0	0.703762	0.456730
2887001	2888000	2887501	643.0	0.704284	0.403862
2888001	2889000	2888501	505.0	0.704807	0.055327
2889001	2890000	2889501	559.0	0.705329	0.201892
2890001	2891000	2890501	581.0	0.705852	0.257582
2891001	2892000	2891501	655.0	0.706374	0.430539
2892001	2893000	2892501	446.0	0.706897	-0.123913
2893001	2894000	2893501	542.0	0.707419	0.157337
2894001	2895000	2894501	504.0	0.707941	0.052467
2895001	2896000	2895501	599.0	0.708464	0.301600
2896001	2897000	2896501	727.0	0.708986	0.580999
2897001	2898000	2897501	634.0	0.709509	0.383527
2898001	2899000	2898501	660.0	0.710031	0.441510
2899001	2900000	2899501	608.0	0.710554	0.323115
2900001	2901000	2900501	546.0	0.711076	0.167945
2901001	2902000	2901501	456.0	0.711599	-0.091922
2902001	2903000	2902501	420.0	0.712121	-0.210567
2903001	2904000	2903501	434.0	0.712644	-0.163261
2904001	2905000	2904501	354.0	0.713166	-0.457207
2905001	2906000	2905501	363.0	0.713689	-0.420987
2906001	2907000	2906501	407.0	0.714211	-0.255928
2907001	2908000	2907501	520.0	0.714734	0.097555
2908001	2909000	2908501	614.0	0.715256	0.337282
2909001	2910000	2909501	797.0	0.715778	0.713623
2910001	2911000	2910501	582.0	0.716301	0.260063
2911001	2912000	2911501	433.0	0.716823	-0.166589
2912001	2913000	2912501	426.0	0.717346	-0.190103
2913001	2914000	2913501	449.0	0.717868	-0.114241
2914001	2915000	2914501	460.0	0.718391	-0.079322
2915001	2916000	2915501	391.0	0.718913	-0.313788
2916001	2917000	2916501	393.0	0.719436	-0.306427
2917001	2918000	2917501	368.0	0.719958	-0.401251
2918001	2919000	2918501	471.0	0.720481	-0.045229
2919001	2920000	2919501	778.0	0.721003	0.678814
2920001	2921000	2920501	686.0	0.721526	0.497252
2921001	2922000	2921501	746.0	0.722048	0.618219
2922001	2923000	2922501	565.0	0.722571	0.217295
2923001	2924000	2923501	402.0	0.723093	-0.273761
2924001	2925000	2924501	466.0	0.723615	-0.060626
2925001	2926000	2925501	499.0	0.724138	0.038084
2926001	2927000	2926501	493.0	0.724660	0.020631
2927001	2928000	2927501	475.0	0.725183	-0.033029
2928001	2929000	2928501	583.0	0.725705	0.262540
2929001	2930000	2929501	379.0	0.726228	-0.358758
2930001	2931000	2930501	433.0	0.726750	-0.166589
2931001	2932000	2931501	709.0	0.727273	0.544829
2932001	2933000	2932501	584.0	0.727795	0.265012
2933001	2934000	2933501	543.0	0.728318	0.159996
2934001	2935000	2934501	661.0	0.728840	0.443694
2935001	2936000	2935501	608.0	0.729363	0.323115
2936001	2937000	2936501	577.0	0.729885	0.247615
2937001	2938000	2937501	435.0	0.730408	-0.159941
2938001	2939000	2938501	482.0	0.730930	-0.011923
2939001	2940000	2939501	556.0	0.731452	0.194129
2940001	2941000	2940501	561.0	0.731975	0.207044
2941001	2942000	2941501	525.0	0.732497	0.111361
2942001	2943000	2942501	477.0	0.733020	-0.026967
2943001	2944000	2943501	597.0	0.733542	0.296775
2944001	2945000	2944501	480.0	0.734065	-0.017922
2945001	2946000	2945501	509.0	0.734587	0.066709
2946001	2947000	2946501	549.0	0.735110	0.175850
2947001	2948000	2947501	431.0	0.735632	-0.173268
2948001	2949000	2948501	589.0	0.736155	0.277311
2949001	2950000	2949501	540.0	0.736677	0.152003
2950001	2951000	2950501	555.0	0.737200	0.191531
2951001	2952000	2951501	472.0	0.737722	-0.042169
2952001	2953000	2952501	508.0	0.738245	0.063872
2953001	2954000	2953501	517.0	0.738767	0.089208
2954001	2955000	2954501	480.0	0.739289	-0.017922
2955001	2956000	2955501	541.0	0.739812	0.154672
2956001	2957000	2956501	484.0	0.740334	-0.005949
2957001	2958000	2957501	441.0	0.740857	-0.140178
2958001	2959000	2958501	547.0	0.741379	0.170585
2959001	2960000	2959501	511.0	0.741902	0.072367
2960001	2961000	2960501	477.0	0.742424	-0.026967
2961001	2962000	2961501	587.0	0.742947	0.272404
2962001	2963000	2962501	568.0	0.743469	0.224935
2963001	2964000	2963501	496.0	0.743992	0.029384
2964001	2965000	2964501	522.0	0.744514	0.103093
2965001	2966000	2965501	538.0	0.745037	0.146650
2966001	2967000	2966501	592.0	0.745559	0.284641
2967001	2968000	2967501	577.0	0.746082	0.247615
2968001	2969000	2968501	609.0	0.746604	0.325486
2969001	2970000	2969501	520.0	0.747126	0.097555
2970001	2971000	2970501	333.0	0.747649	-0.545434
2971001	2972000	2971501	389.0	0.748171	-0.321186
2972001	2973000	2972501	401.0	0.748694	-0.277354
2973001	2974000	2973501	446.0	0.749216	-0.123913
2974001	2975000	2974501	535.0	0.749739	0.138583
2975001	2976000	2975501	332.0	0.750261	-0.549773
2976001	2977000	2976501	395.0	0.750784	-0.299104
2977001	2978000	2977501	422.0	0.751306	-0.203713
2978001	2979000	2978501	458.0	0.751829	-0.085609
2979001	2980000	2979501	540.0	0.752351	0.152003
2980001	2981000	2980501	430.0	0.752874	-0.176620
2981001	2982000	2981501	429.0	0.753396	-0.179979
2982001	2983000	2982501	421.0	0.753918	-0.207136
2983001	2984000	2983501	422.0	0.754441	-0.203713
2984001	2985000	2984501	372.0	0.754963	-0.385654
2985001	2986000	2985501	379.0	0.755486	-0.358758
2986001	2987000	2986501	376.0	0.756008	-0.370224
2987001	2988000	2987501	367.0	0.756531	-0.405176
2988001	2989000	2988501	320.0	0.757053	-0.602884
2989001	2990000	2989501	419.0	0.757576	-0.214006
2990001	2991000	2990501	331.0	0.758098	-0.554125
2991001	2992000	2991501	405.0	0.758621	-0.263034
2992001	2993000	2992501	453.0	0.759143	-0.101445
2993001	2994000	2993501	387.0	0.759666	-0.328623
2994001	2995000	2994501	609.0	0.760188	0.325486
2995001	2996000	2995501	659.0	0.760711	0.439322
2996001	2997000	2996501	714.0	0.761233	0.554968
2997001	2998000	2997501	697.0	0.761755	0.520202
2998001	2999000	2998501	533.0	0.762278	0.133179
2999001	3000000	2999501	667.0	0.762800	0.456730
3000001	3001000	3000501	452.0	0.763323	-0.104634
3001001	3002000	3001501	464.0	0.763845	-0.066832
3002001	3003000	3002501	470.0	0.764368	-0.048296
3003001	3004000	3003501	432.0	0.764890	-0.169925
3004001	3005000	3004501	439.0	0.765413	-0.146735
3005001	3006000	3005501	498.0	0.765935	0.035189
3006001	3007000	3006501	510.0	0.766458	0.069541
3007001	3008000	3007501	446.0	0.766980	-0.123913
3008001	3009000	3008501	592.0	0.767503	0.284641
3009001	3010000	3009501	452.0	0.768025	-0.104634
3010001	3011000	3010501	455.0	0.768548	-0.095090
3011001	3012000	3011501	437.0	0.769070	-0.153323
3012001	3013000	3012501	378.0	0.769592	-0.362570
3013001	3014000	3013501	362.0	0.770115	-0.424967
3014001	3015000	3014501	467.0	0.770637	-0.057534
3015001	3016000	3015501	473.0	0.771160	-0.039116
3016001	3017000	3016501	643.0	0.771682	0.403862
3017001	3018000	3017501	532.0	0.772205	0.130470
3018001	3019000	3018501	368.0	0.772727	-0.401251
3019001	3020000	3019501	458.0	0.773250	-0.085609
3020001	3021000	3020501	405.0	0.773772	-0.263034
3021001	3022000	3021501	451.0	0.774295	-0.107829
3022001	3023000	3022501	508.0	0.774817	0.063872
3023001	3024000	3023501	501.0	0.775340	0.043854
3024001	3025000	3024501	336.0	0.775862	-0.532495
3025001	3026000	3025501	360.0	0.776385	-0.432959
3026001	3027000	3026501	369.0	0.776907	-0.397335
3027001	3028000	3027501	403.0	0.777429	-0.270176
3028001	3029000	3028501	390.0	0.777952	-0.317482
3029001	3030000	3029501	372.0	0.778474	-0.385654
3030001	3031000	3030501	448.0	0.778997	-0.117458
3031001	3032000	3031501	475.0	0.779519	-0.033029
3032001	3033000	3032501	496.0	0.780042	0.029384
3033001	3034000	3033501	544.0	0.780564	0.162650
3034001	3035000	3034501	525.0	0.781087	0.111361
3035001	3036000	3035501	472.0	0.781609	-0.042169
3036001	3037000	3036501	521.0	0.782132	0.100327
3037001	3038000	3037501	522.0	0.782654	0.103093
3038001	3039000	3038501	526.0	0.783177	0.114106
3039001	3040000	3039501	574.0	0.783699	0.240094
3040001	3041000	3040501	556.0	0.784222	0.194129
3041001	3042000	3041501	665.0	0.784744	0.452398
3042001	3043000	3042501	519.0	0.785266	0.094778
3043001	3044000	3043501	407.0	0.785789	-0.255928
3044001	3045000	3044501	491.0	0.786311	0.014767
3045001	3046000	3045501	583.0	0.786834	0.262540
3046001	3047000	3046501	763.0	0.787356	0.650727
3047001	3048000	3047501	406.0	0.787879	-0.259477
3048001	3049000	3048501	423.0	0.788401	-0.200299
3049001	3050000	3049501	429.0	0.788924	-0.179979
3050001	3051000	3050501	463.0	0.789446	-0.069944
3051001	3052000	3051501	409.0	0.789969	-0.248855
3052001	3053000	3052501	462.0	0.790491	-0.073063
3053001	3054000	3053501	406.0	0.791014	-0.259477
3054001	3055000	3054501	394.0	0.791536	-0.302761
3055001	3056000	3055501	432.0	0.792059	-0.169925
3056001	3057000	3056501	530.0	0.792581	0.125036
3057001	3058000	3057501	619.0	0.793103	0.348983
3058001	3059000	3058501	438.0	0.793626	-0.150025
3059001	3060000	3059501	414.0	0.794148	-0.231326
3060001	3061000	3060501	427.0	0.794671	-0.186720
3061001	3062000	3061501	478.0	0.795193	-0.023946
3062001	3063000	3062501	486.0	0.795716	0.000000
3063001	3064000	3063501	492.0	0.796238	0.017702
3064001	3065000	3064501	410.0	0.796761	-0.245332
3065001	3066000	3065501	362.0	0.797283	-0.424967
3066001	3067000	3066501	493.0	0.797806	0.020631
3067001	3068000	3067501	561.0	0.798328	0.207044
3068001	3069000	3068501	500.0	0.798851	0.040972
3069001	3070000	3069501	479.0	0.799373	-0.020931
3070001	3071000	3070501	447.0	0.799896	-0.120681
3071001	3072000	3071501	452.0	0.800418	-0.104634
3072001	3073000	3072501	523.0	0.800940	0.105855
3073001	3074000	3073501	507.0	0.801463	0.061029
3074001	3075000	3074501	441.0	0.801985	-0.140178
3075001	3076000	3075501	415.0	0.802508	-0.227845
3076001	3077000	3076501	455.0	0.803030	-0.095090
3077001	3078000	3077501	476.0	0.803553	-0.029995
3078001	3079000	3078501	464.0	0.804075	-0.066832
3079001	3080000	3079501	467.0	0.804598	-0.057534
3080001	3081000	3080501	429.0	0.805120	-0.179979
3081001	3082000	3081501	411.0	0.805643	-0.241818
3082001	3083000	3082501	404.0	0.806165	-0.266601
3083001	3084000	3083501	445.0	0.806688	-0.127151
3084001	3085000	3084501	423.0	0.807210	-0.200299
3085001	3086000	3085501	407.0	0.807732	-0.255928
3086001	3087000	3086501	408.0	0.808255	-0.252387
3087001	3088000	3087501	403.0	0.808777	-0.270176
3088001	3089000	3088501	511.0	0.809300	0.072367
3089001	3090000	3089501	441.0	0.809822	-0.140178
3090001	3091000	3090501	485.0	0.810345	-0.002972
3091001	3092000	3091501	389.0	0.810867	-0.321186
3092001	3093000	3092501	458.0	0.811390	-0.085609
3093001	3094000	3093501	570.0	0.811912	0.230006
3094001	3095000	3094501	544.0	0.812435	0.162650
3095001	3096000	3095501	362.0	0.812957	-0.424967
3096001	3097000	3096501	505.0	0.813480	0.055327
3097001	3098000	3097501	546.0	0.814002	0.167945
3098001	3099000	3098501	435.0	0.814525	-0.159941
3099001	3100000	3099501	469.0	0.815047	-0.051368
3100001	3101000	3100501	549.0	0.815569	0.175850
3101001	3102000	3101501	477.0	0.816092	-0.026967
3102001	3103000	3102501	384.0	0.816614	-0.339850
3103001	3104000	3103501	401.0	0.817137	-0.277354
3104001	3105000	3104501	436.0	0.817659	-0.156628
3105001	3106000	3105501	480.0	0.818182	-0.017922
3106001	3107000	3106501	482.0	0.818704	-0.011923
3107001	3108000	3107501	517.0	0.819227	0.089208
3108001	3109000	3108501	565.0	0.819749	0.217295
3109001	3110000	3109501	490.0	0.820272	0.011825
3110001	3111000	3110501	390.0	0.820794	-0.317482
3111001	3112000	3111501	449.0	0.821317	-0.114241
3112001	3113000	3112501	561.0	0.821839	0.207044
3113001	3114000	3113501	558.0	0.822362	0.199309
3114001	3115000	3114501	517.0	0.822884	0.089208
3115001	3116000	3115501	501.0	0.823406	0.043854
3116001	3117000	3116501	457.0	0.823929	-0.088762
3117001	3118000	3117501	380.0	0.824451	-0.354957
3118001	3119000	3118501	490.0	0.824974	0.011825
3119001	3120000	3119501	551.0	0.825496	0.181096
3120001	3121000	3120501	476.0	0.826019	-0.029995
3121001	3122000	3121501	411.0	0.826541	-0.241818
3122001	3123000	3122501	445.0	0.827064	-0.127151
3123001	3124000	3123501	488.0	0.827586	0.005925
3124001	3125000	3124501	422.0	0.828109	-0.203713
3125001	3126000	3125501	495.0	0.828631	0.026472
3126001	3127000	3126501	436.0	0.829154	-0.156628
3127001	3128000	3127501	528.0	0.829676	0.119582
3128001	3129000	3128501	592.0	0.830199	0.284641
3129001	3130000	3129501	486.0	0.830721	0.000000
3130001	3131000	3130501	458.0	0.831243	-0.085609
3131001	3132000	3131501	450.0	0.831766	-0.111031
3132001	3133000	3132501	429.0	0.832288	-0.179979
3133001	3134000	3133501	552.0	0.832811	0.183712
3134001	3135000	3134501	504.0	0.833333	0.052467
3135001	3136000	3135501	446.0	0.833856	-0.123913
3136001	3137000	3136501	438.0	0.834378	-0.150025
3137001	3138000	3137501	435.0	0.834901	-0.159941
3138001	3139000	3138501	464.0	0.835423	-0.066832
3139001	3140000	3139501	492.0	0.835946	0.017702
3140001	3141000	3140501	516.0	0.836468	0.086415
3141001	3142000	3141501	484.0	0.836991	-0.005949
3142001	3143000	3142501	561.0	0.837513	0.207044
3143001	3144000	3143501	508.0	0.838036	0.063872
3144001	3145000	3144501	426.0	0.838558	-0.190103
3145001	3146000	3145501	470.0	0.839080	-0.048296
3146001	3147000	3146501	493.0	0.839603	0.020631
3147001	3148000	3147501	405.0	0.840125	-0.263034
3148001	3149000	3148501	434.0	0.840648	-0.163261
3149001	3150000	3149501	480.0	0.841170	-0.017922
3150001	3151000	3150501	422.0	0.841693	-0.203713
3151001	3152000	3151501	451.0	0.842215	-0.107829
3152001	3153000	3152501	462.0	0.842738	-0.073063
3153001	3154000	3153501	536.0	0.843260	0.141277
3154001	3155000	3154501	428.0	0.843783	-0.183346
3155001	3156000	3155501	431.0	0.844305	-0.173268
3156001	3157000	3156501	436.0	0.844828	-0.156628
3157001	3158000	3157501	534.0	0.845350	0.135883
3158001	3159000	3158501	461.0	0.845873	-0.076190
3159001	3160000	3159501	565.0	0.846395	0.217295
3160001	3161000	3160501	428.0	0.846917	-0.183346
3161001	3162000	3161501	658.0	0.847440	0.437131
3162001	3163000	3162501	553.0	0.847962	0.186323
3163001	3164000	3163501	593.0	0.848485	0.287076
3164001	3165000	3164501	660.0	0.849007	0.441510
3165001	3166000	3165501	549.0	0.849530	0.175850
3166001	3167000	3166501	551.0	0.850052	0.181096
3167001	3168000	3167501	570.0	0.850575	0.230006
3168001	3169000	3168501	552.0	0.851097	0.183712
3169001	3170000	3169501	590.0	0.851620	0.279759
3170001	3171000	3170501	515.0	0.852142	0.083616
3171001	3172000	3171501	558.0	0.852665	0.199309
3172001	3173000	3172501	525.0	0.853187	0.111361
3173001	3174000	3173501	498.0	0.853710	0.035189
3174001	3175000	3174501	650.0	0.854232	0.419483
3175001	3176000	3175501	627.0	0.854754	0.367509
3176001	3177000	3176501	527.0	0.855277	0.116847
3177001	3178000	3177501	532.0	0.855799	0.130470
3178001	3179000	3178501	486.0	0.856322	0.000000
3179001	3180000	3179501	410.0	0.856844	-0.245332
3180001	3181000	3180501	474.0	0.857367	-0.036069
3181001	3182000	3181501	501.0	0.857889	0.043854
3182001	3183000	3182501	500.0	0.858412	0.040972
3183001	3184000	3183501	571.0	0.858934	0.232534
3184001	3185000	3184501	644.0	0.859457	0.406104
3185001	3186000	3185501	632.0	0.859979	0.378968
3186001	3187000	3186501	465.0	0.860502	-0.063726
3187001	3188000	3187501	562.0	0.861024	0.209614
3188001	3189000	3188501	443.0	0.861546	-0.133650
3189001	3190000	3189501	478.0	0.862069	-0.023946
3190001	3191000	3190501	567.0	0.862591	0.222392
3191001	3192000	3191501	548.0	0.863114	0.173220
3192001	3193000	3192501	497.0	0.863636	0.032290
3193001	3194000	3193501	483.0	0.864159	-0.008933
3194001	3195000	3194501	461.0	0.864681	-0.076190
3195001	3196000	3195501	434.0	0.865204	-0.163261
3196001	3197000	3196501	416.0	0.865726	-0.224373
3197001	3198000	3197501	441.0	0.866249	-0.140178
3198001	3199000	3198501	414.0	0.866771	-0.231326
3199001	3200000	3199501	453.0	0.867294	-0.101445
3200001	3201000	3200501	456.0	0.867816	-0.091922
3201001	3202000	3201501	577.0	0.868339	0.247615
3202001	3203000	3202501	488.0	0.868861	0.005925
3203001	3204000	3203501	456.0	0.869383	-0.091922
3204001	3205000	3204501	438.0	0.869906	-0.150025
3205001	3206000	3205501	475.0	0.870428	-0.033029
3206001	3207000	3206501	575.0	0.870951	0.242606
3207001	3208000	3207501	538.0	0.871473	0.146650
3208001	3209000	3208501	632.0	0.871996	0.378968
3209001	3210000	3209501	681.0	0.872518	0.486698
3210001	3211000	3210501	652.0	0.873041	0.423916
3211001	3212000	3211501	469.0	0.873563	-0.051368
3212001	3213000	3212501	458.0	0.874086	-0.085609
3213001	3214000	3213501	524.0	0.874608	0.108610
3214001	3215000	3214501	477.0	0.875131	-0.026967
3215001	3216000	3215501	418.0	0.875653	-0.217453
3216001	3217000	3216501	402.0	0.876176	-0.273761
3217001	3218000	3217501	498.0	0.876698	0.035189
3218001	3219000	3218501	468.0	0.877220	-0.054448
3219001	3220000	3219501	473.0	0.877743	-0.039116
3220001	3221000	3220501	442.0	0.878265	-0.136910
3221001	3222000	3221501	456.0	0.878788	-0.091922
3222001	3223000	3222501	440.0	0.879310	-0.143453
3223001	3224000	3223501	442.0	0.879833	-0.136910
3224001	3225000	3224501	480.0	0.880355	-0.017922
3225001	3226000	3225501	468.0	0.880878	-0.054448
3226001	3227000	3226501	500.0	0.881400	0.040972
3227001	3228000	3227501	496.0	0.881923	0.029384
3228001	3229000	3228501	464.0	0.882445	-0.066832
3229001	3230000	3229501	514.0	0.882968	0.080812
3230001	3231000	3230501	514.0	0.883490	0.080812
3231001	3232000	3231501	520.0	0.884013	0.097555
3232001	3233000	3232501	512.0	0.884535	0.075187
3233001	3234000	3233501	561.0	0.885057	0.207044
3234001	3235000	3234501	552.0	0.885580	0.183712
3235001	3236000	3235501	488.0	0.886102	0.005925
3236001	3237000	3236501	505.0	0.886625	0.055327
3237001	3238000	3237501	443.0	0.887147	-0.133650
3238001	3239000	3238501	397.0	0.887670	-0.291817
3239001	3240000	3239501	463.0	0.888192	-0.069944
3240001	3241000	3240501	481.0	0.888715	-0.014919
3241001	3242000	3241501	521.0	0.889237	0.100327
3242001	3243000	3242501	645.0	0.889760	0.408343
3243001	3244000	3243501	563.0	0.890282	0.212179
3244001	3245000	3244501	613.0	0.890805	0.334931
3245001	3246000	3245501	529.0	0.891327	0.122311
3246001	3247000	3246501	514.0	0.891850	0.080812
3247001	3248000	3247501	484.0	0.892372	-0.005949
3248001	3249000	3248501	457.0	0.892894	-0.088762
3249001	3250000	3249501	475.0	0.893417	-0.033029
3250001	3251000	3250501	548.0	0.893939	0.173220
3251001	3252000	3251501	457.0	0.894462	-0.088762
3252001	3253000	3252501	393.0	0.894984	-0.306427
3253001	3254000	3253501	434.0	0.895507	-0.163261
3254001	3255000	3254501	420.0	0.896029	-0.210567
3255001	3256000	3255501	456.0	0.896552	-0.091922
3256001	3257000	3256501	560.0	0.897074	0.204471
3257001	3258000	3257501	509.0	0.897597	0.066709
3258001	3259000	3258501	479.0	0.898119	-0.020931
3259001	3260000	3259501	451.0	0.898642	-0.107829
3260001	3261000	3260501	398.0	0.899164	-0.288188
3261001	3262000	3261501	431.0	0.899687	-0.173268
3262001	3263000	3262501	407.0	0.900209	-0.255928
3263001	3264000	3263501	440.0	0.900731	-0.143453
3264001	3265000	3264501	362.0	0.901254	-0.424967
3265001	3266000	3265501	375.0	0.901776	-0.374066
3266001	3267000	3266501	373.0	0.902299	-0.381781
3267001	3268000	3267501	418.0	0.902821	-0.217453
3268001	3269000	3268501	470.0	0.903344	-0.048296
3269001	3270000	3269501	428.0	0.903866	-0.183346
3270001	3271000	3270501	399.0	0.904389	-0.284568
3271001	3272000	3271501	505.0	0.904911	0.055327
3272001	3273000	3272501	415.0	0.905434	-0.227845
3273001	3274000	3273501	535.0	0.905956	0.138583
3274001	3275000	3274501	485.0	0.906479	-0.002972
3275001	3276000	3275501	523.0	0.907001	0.105855
3276001	3277000	3276501	481.0	0.907524	-0.014919
3277001	3278000	3277501	472.0	0.908046	-0.042169
3278001	3279000	3278501	470.0	0.908568	-0.048296
3279001	3280000	3279501	442.0	0.909091	-0.136910
3280001	3281000	3280501	409.0	0.909613	-0.248855
3281001	3282000	3281501	614.0	0.910136	0.337282
3282001	3283000	3282501	526.0	0.910658	0.114106
3283001	3284000	3283501	522.0	0.911181	0.103093
3284001	3285000	3284501	644.0	0.911703	0.406104
3285001	3286000	3285501	504.0	0.912226	0.052467
3286001	3287000	3286501	452.0	0.912748	-0.104634
3287001	3288000	3287501	491.0	0.913271	0.014767
3288001	3289000	3288501	473.0	0.913793	-0.039116
3289001	3290000	3289501	484.0	0.914316	-0.005949
3290001	3291000	3290501	581.0	0.914838	0.257582
3291001	3292000	3291501	451.0	0.915361	-0.107829
3292001	3293000	3292501	545.0	0.915883	0.165300
3293001	3294000	3293501	439.0	0.916405	-0.146735
3294001	3295000	3294501	491.0	0.916928	0.014767
3295001	3296000	3295501	448.0	0.917450	-0.117458
3296001	3297000	3296501	418.0	0.917973	-0.217453
3297001	3298000	3297501	522.0	0.918495	0.103093
3298001	3299000	3298501	458.0	0.919018	-0.085609
3299001	3300000	3299501	383.0	0.919540	-0.343612
3300001	3301000	3300501	518.0	0.920063	0.091996
3301001	3302000	3301501	612.0	0.920585	0.332575
3302001	3303000	3302501	506.0	0.921108	0.058181
3303001	3304000	3303501	393.0	0.921630	-0.306427
3304001	3305000	3304501	519.0	0.922153	0.094778
3305001	3306000	3305501	586.0	0.922675	0.269944
3306001	3307000	3306501	511.0	0.923197	0.072367
3307001	3308000	3307501	558.0	0.923720	0.199309
3308001	3309000	3308501	401.0	0.924242	-0.277354
3309001	3310000	3309501	464.0	0.924765	-0.066832
3310001	3311000	3310501	487.0	0.925287	0.002965
3311001	3312000	3311501	513.0	0.925810	0.078003
3312001	3313000	3312501	524.0	0.926332	0.108610
3313001	3314000	3313501	398.0	0.926855	-0.288188
3314001	3315000	3314501	409.0	0.927377	-0.248855
3315001	3316000	3315501	485.0	0.927900	-0.002972
3316001	3317000	3316501	455.0	0.928422	-0.095090
3317001	3318000	3317501	427.0	0.928945	-0.186720
3318001	3319000	3318501	505.0	0.929467	0.055327
3319001	3320000	3319501	618.0	0.929990	0.346651
3320001	3321000	3320501	468.0	0.930512	-0.054448
3321001	3322000	3321501	521.0	0.931034	0.100327
3322001	3323000	3322501	504.0	0.931557	0.052467
3323001	3324000	3323501	636.0	0.932079	0.388070
3324001	3325000	3324501	551.0	0.932602	0.181096
3325001	3326000	3325501	420.0	0.933124	-0.210567
3326001	3327000	3326501	472.0	0.933647	-0.042169
3327001	3328000	3327501	476.0	0.934169	-0.029995
3328001	3329000	3328501	395.0	0.934692	-0.299104
3329001	3330000	3329501	546.0	0.935214	0.167945
3330001	3331000	3330501	555.0	0.935737	0.191531
3331001	3332000	3331501	465.0	0.936259	-0.063726
3332001	3333000	3332501	568.0	0.936782	0.224935
3333001	3334000	3333501	473.0	0.937304	-0.039116
3334001	3335000	3334501	464.0	0.937827	-0.066832
3335001	3336000	3335501	554.0	0.938349	0.188930
3336001	3337000	3336501	446.0	0.938871	-0.123913
3337001	3338000	3337501	503.0	0.939394	0.049602
3338001	3339000	3338501	446.0	0.939916	-0.123913
3339001	3340000	3339501	514.0	0.940439	0.080812
3340001	3341000	3340501	463.0	0.940961	-0.069944
3341001	3342000	3341501	542.0	0.941484	0.157337
3342001	3343000	3342501	493.0	0.942006	0.020631
3343001	3344000	3343501	480.0	0.942529	-0.017922
3344001	3345000	3344501	637.0	0.943051	0.390337
3345001	3346000	3345501	576.0	0.943574	0.245112
3346001	3347000	3346501	533.0	0.944096	0.133179
3347001	3348000	3347501	607.0	0.944619	0.320740
3348001	3349000	3348501	567.0	0.945141	0.222392
3349001	3350000	3349501	450.0	0.945664	-0.111031
3350001	3351000	3350501	416.0	0.946186	-0.224373
3351001	3352000	3351501	489.0	0.946708	0.008878
3352001	3353000	3352501	448.0	0.947231	-0.117458
3353001	3354000	3353501	496.0	0.947753	0.029384
3354001	3355000	3354501	492.0	0.948276	0.017702
3355001	3356000	3355501	541.0	0.948798	0.154672
3356001	3357000	3356501	585.0	0.949321	0.267480
3357001	3358000	3357501	509.0	0.949843	0.066709
3358001	3359000	3358501	538.0	0.950366	0.146650
3359001	3360000	3359501	514.0	0.950888	0.080812
3360001	3361000	3360501	548.0	0.951411	0.173220
3361001	3362000	3361501	502.0	0.951933	0.046731
3362001	3363000	3362501	492.0	0.952456	0.017702
3363001	3364000	3363501	452.0	0.952978	-0.104634
3364001	3365000	3364501	471.0	0.953501	-0.045229
3365001	3366000	3365501	389.0	0.954023	-0.321186
3366001	3367000	3366501	482.0	0.954545	-0.011923
3367001	3368000	3367501	523.0	0.955068	0.105855
3368001	3369000	3368501	485.0	0.955590	-0.002972
3369001	3370000	3369501	465.0	0.956113	-0.063726
3370001	3371000	3370501	489.0	0.956635	0.008878
3371001	3372000	3371501	550.0	0.957158	0.178475
3372001	3373000	3372501	613.0	0.957680	0.334931
3373001	3374000	3373501	684.0	0.958203	0.493040
3374001	3375000	3374501	538.0	0.958725	0.146650
3375001	3376000	3375501	504.0	0.959248	0.052467
3376001	3377000	3376501	502.0	0.959770	0.046731
3377001	3378000	3377501	524.0	0.960293	0.108610
3378001	3379000	3378501	530.0	0.960815	0.125036
3379001	3380000	3379501	571.0	0.961338	0.232534
3380001	3381000	3380501	716.0	0.961860	0.559003
3381001	3382000	3381501	654.0	0.962382	0.428334
3382001	3383000	3382501	539.0	0.962905	0.149329
3383001	3384000	3383501	482.0	0.963427	-0.011923
3384001	3385000	3384501	469.0	0.963950	-0.051368
3385001	3386000	3385501	461.0	0.964472	-0.076190
3386001	3387000	3386501	410.0	0.964995	-0.245332
3387001	3388000	3387501	454.0	0.965517	-0.098264
3388001	3389000	3388501	398.0	0.966040	-0.288188
3389001	3390000	3389501	469.0	0.966562	-0.051368
3390001	3391000	3390501	496.0	0.967085	0.029384
3391001	3392000	3391501	450.0	0.967607	-0.111031
3392001	3393000	3392501	490.0	0.968130	0.011825
3393001	3394000	3393501	559.0	0.968652	0.201892
3394001	3395000	3394501	443.0	0.969175	-0.133650
3395001	3396000	3395501	360.0	0.969697	-0.432959
3396001	3397000	3396501	427.0	0.970219	-0.186720
3397001	3398000	3397501	409.0	0.970742	-0.248855
3398001	3399000	3398501	361.0	0.971264	-0.428957
3399001	3400000	3399501	444.0	0.971787	-0.130397
3400001	3401000	3400501	447.0	0.972309	-0.120681
3401001	3402000	3401501	561.0	0.972832	0.207044
3402001	3403000	3402501	474.0	0.973354	-0.036069
3403001	3404000	3403501	503.0	0.973877	0.049602
3404001	3405000	3404501	421.0	0.974399	-0.207136
3405001	3406000	3405501	436.0	0.974922	-0.156628
3406001	3407000	3406501	548.0	0.975444	0.173220
3407001	3408000	3407501	465.0	0.975967	-0.063726
3408001	3409000	3408501	465.0	0.976489	-0.063726
3409001	3410000	3409501	457.0	0.977011	-0.088762
3410001	3411000	3410501	558.0	0.977534	0.199309
3411001	3412000	3411501	459.0	0.978056	-0.082462
3412001	3413000	3412501	463.0	0.978579	-0.069944
3413001	3414000	3413501	462.0	0.979101	-0.073063
3414001	3415000	3414501	381.0	0.979624	-0.351165
3415001	3416000	3415501	425.0	0.980146	-0.193493
3416001	3417000	3416501	446.0	0.980669	-0.123913
3417001	3418000	3417501	436.0	0.981191	-0.156628
3418001	3419000	3418501	448.0	0.981714	-0.117458
3419001	3420000	3419501	490.0	0.982236	0.011825
3420001	3421000	3420501	560.0	0.982759	0.204471
3421001	3422000	3421501	599.0	0.983281	0.301600
3422001	3423000	3422501	519.0	0.983804	0.094778
3423001	3424000	3423501	554.0	0.984326	0.188930
3424001	3425000	3424501	528.0	0.984848	0.119582
3425001	3426000	3425501	626.0	0.985371	0.365206
3426001	3427000	3426501	717.0	0.985893	0.561017
3427001	3428000	3427501	588.0	0.986416	0.274860
3428001	3429000	3428501	473.0	0.986938	-0.039116
3429001	3430000	3429501	442.0	0.987461	-0.136910
3430001	3431000	3430501	452.0	0.987983	-0.104634
3431001	3432000	3431501	507.0	0.988506	0.061029
3432001	3433000	3432501	484.0	0.989028	-0.005949
3433001	3434000	3433501	609.0	0.989551	0.325486
3434001	3435000	3434501	560.0	0.990073	0.204471
3435001	3436000	3435501	666.0	0.990596	0.454566
3436001	3437000	3436501	681.0	0.991118	0.486698
3437001	3438000	3437501	584.0	0.991641	0.265012
3438001	3439000	3438501	552.0	0.992163	0.183712
3439001	3440000	3439501	468.0	0.992685	-0.054448
3440001	3441000	3440501	608.0	0.993208	0.323115
3441001	3442000	3441501	463.0	0.993730	-0.069944
3442001	3443000	3442501	448.0	0.994253	-0.117458
3443001	3444000	3443501	434.0	0.994775	-0.163261
3444001	3445000	3444501	400.0	0.995298	-0.280956
3445001	3446000	3445501	369.0	0.995820	-0.397335
3446001	3447000	3446501	368.0	0.996343	-0.401251
3447001	3448000	3447501	456.0	0.996865	-0.091922
3448001	3449000	3448501	507.0	0.997388	0.061029
3449001	3450000	3449501	541.0	0.997910	0.154672
3450001	3451000	3450501	532.0	0.998433	0.130470
3451001	3452000	3451501	612.0	0.998955	0.332575
3452001	3453000	3452501	558.0	0.999478	0.199309
3453001	3454000	3453501	571.0	1.000000	0.232534
3454001	3455000	3454501	499.0	-0.999522	0.038084
3455001	3456000	3455501	474.0	-0.999043	-0.036069
3456001	3457000	3456501	386.0	-0.998565	-0.332355
3457001	3458000	3457501	432.0	-0.998087	-0.169925
3458001	3459000	3458501	507.0	-0.997609	0.061029
3459001	3460000	3459501	488.0	-0.997130	0.005925
3460001	3461000	3460501	500.0	-0.996652	0.040972
3461001	3462000	3461501	531.0	-0.996174	0.127756
3462001	3463000	3462501	516.0	-0.995695	0.086415
3463001	3464000	3463501	435.0	-0.995217	-0.159941
3464001	3465000	3464501	413.0	-0.994739	-0.234815
3465001	3466000	3465501	460.0	-0.994261	-0.079322
3466001	3467000	3466501	508.0	-0.993782	0.063872
3467001	3468000	3467501	492.0	-0.993304	0.017702
3468001	3469000	3468501	612.0	-0.992826	0.332575
3469001	3470000	3469501	589.0	-0.992347	0.277311
3470001	3471000	3470501	599.0	-0.991869	0.301600
3471001	3472000	3471501	668.0	-0.991391	0.458892
3472001	3473000	3472501	537.0	-0.990913	0.143966
3473001	3474000	3473501	516.0	-0.990434	0.086415
3474001	3475000	3474501	517.0	-0.989956	0.089208
3475001	3476000	3475501	555.0	-0.989478	0.191531
3476001	3477000	3476501	434.0	-0.988999	-0.163261
3477001	3478000	3477501	421.0	-0.988521	-0.207136
3478001	3479000	3478501	416.0	-0.988043	-0.224373
3479001	3480000	3479501	394.0	-0.987565	-0.302761
3480001	3481000	3480501	391.0	-0.987086	-0.313788
3481001	3482000	3481501	420.0	-0.986608	-0.210567
3482001	3483000	3482501	510.0	-0.986130	0.069541
3483001	3484000	3483501	415.0	-0.985651	-0.227845
3484001	3485000	3484501	449.0	-0.985173	-0.114241
3485001	3486000	3485501	563.0	-0.984695	0.212179
3486001	3487000	3486501	500.0	-0.984217	0.040972
3487001	3488000	3487501	530.0	-0.983738	0.125036
3488001	3489000	3488501	682.0	-0.983260	0.488815
3489001	3490000	3489501	681.0	-0.982782	0.486698
3490001	3491000	3490501	507.0	-0.982303	0.061029
3491001	3492000	3491501	472.0	-0.981825	-0.042169
3492001	3493000	3492501	370.0	-0.981347	-0.393431
3493001	3494000	3493501	489.0	-0.980868	0.008878
3494001	3495000	3494501	430.0	-0.980390	-0.176620
3495001	3496000	3495501	509.0	-0.979912	0.066709
3496001	3497000	3496501	555.0	-0.979434	0.191531
3497001	3498000	3497501	492.0	-0.978955	0.017702
3498001	3499000	3498501	438.0	-0.978477	-0.150025
3499001	3500000	3499501	511.0	-0.977999	0.072367
3500001	3501000	3500501	582.0	-0.977520	0.260063
3501001	3502000	3501501	495.0	-0.977042	0.026472
3502001	3503000	3502501	554.0	-0.976564	0.188930
3503001	3504000	3503501	459.0	-0.976086	-0.082462
3504001	3505000	3504501	477.0	-0.975607	-0.026967
3505001	3506000	3505501	495.0	-0.975129	0.026472
3506001	3507000	3506501	531.0	-0.974651	0.127756
3507001	3508000	3507501	532.0	-0.974172	0.130470
3508001	3509000	3508501	430.0	-0.973694	-0.176620
3509001	3510000	3509501	401.0	-0.973216	-0.277354
3510001	3511000	3510501	426.0	-0.972738	-0.190103
3511001	3512000	3511501	378.0	-0.972259	-0.362570
3512001	3513000	3512501	451.0	-0.971781	-0.107829
3513001	3514000	3513501	453.0	-0.971303	-0.101445
3514001	3515000	3514501	498.0	-0.970824	0.035189
3515001	3516000	3515501	485.0	-0.970346	-0.002972
3516001	3517000	3516501	510.0	-0.969868	0.069541
3517001	3518000	3517501	514.0	-0.969390	0.080812
3518001	3519000	3518501	469.0	-0.968911	-0.051368
3519001	3520000	3519501	552.0	-0.968433	0.183712
3520001	3521000	3520501	511.0	-0.967955	0.072367
3521001	3522000	3521501	486.0	-0.967476	0.000000
3522001	3523000	3522501	485.0	-0.966998	-0.002972
3523001	3524000	3523501	541.0	-0.966520	0.154672
3524001	3525000	3524501	539.0	-0.966042	0.149329
3525001	3526000	3525501	687.0	-0.965563	0.499354
3526001	3527000	3526501	611.0	-0.965085	0.330216
3527001	3528000	3527501	721.0	-0.964607	0.569043
3528001	3529000	3528501	641.0	-0.964128	0.399368
3529001	3530000	3529501	696.0	-0.963650	0.518131
3530001	3531000	3530501	746.0	-0.963172	0.618219
3531001	3532000	3531501	550.0	-0.962694	0.178475
3532001	3533000	3532501	531.0	-0.962215	0.127756
3533001	3534000	3533501	392.0	-0.961737	-0.310103
3534001	3535000	3534501	502.0	-0.961259	0.046731
3535001	3536000	3535501	465.0	-0.960780	-0.063726
3536001	3537000	3536501	488.0	-0.960302	0.005925
3537001	3538000	3537501	472.0	-0.959824	-0.042169
3538001	3539000	3538501	457.0	-0.959346	-0.088762
3539001	3540000	3539501	421.0	-0.958867	-0.207136
3540001	3541000	3540501	435.0	-0.958389	-0.159941
3541001	3542000	3541501	506.0	-0.957911	0.058181
3542001	3543000	3542501	580.0	-0.957432	0.255097
3543001	3544000	3543501	421.0	-0.956954	-0.207136
3544001	3545000	3544501	477.0	-0.956476	-0.026967
3545001	3546000	3545501	428.0	-0.955998	-0.183346
3546001	3547000	3546501	432.0	-0.955519	-0.169925
3547001	3548000	3547501	556.0	-0.955041	0.194129
3548001	3549000	3548501	467.0	-0.954563	-0.057534
3549001	3550000	3549501	554.0	-0.954084	0.188930
3550001	3551000	3550501	424.0	-0.953606	-0.196892
3551001	3552000	3551501	382.0	-0.953128	-0.347384
3552001	3553000	3552501	454.0	-0.952650	-0.098264
3553001	3554000	3553501	596.0	-0.952171	0.294356
3554001	3555000	3554501	466.0	-0.951693	-0.060626
3555001	3556000	3555501	418.0	-0.951215	-0.217453
3556001	3557000	3556501	443.0	-0.950736	-0.133650
3557001	3558000	3557501	443.0	-0.950258	-0.133650
3558001	3559000	3558501	545.0	-0.949780	0.165300
3559001	3560000	3559501	432.0	-0.949302	-0.169925
3560001	3561000	3560501	499.0	-0.948823	0.038084
3561001	3562000	3561501	595.0	-0.948345	0.291933
3562001	3563000	3562501	533.0	-0.947867	0.133179
3563001	3564000	3563501	433.0	-0.947388	-0.166589
3564001	3565000	3564501	486.0	-0.946910	0.000000
3565001	3566000	3565501	465.0	-0.946432	-0.063726
3566001	3567000	3566501	379.0	-0.945953	-0.358758
3567001	3568000	3567501	333.0	-0.945475	-0.545434
3568001	3569000	3568501	350.0	-0.944997	-0.473601
3569001	3570000	3569501	486.0	-0.944519	0.000000
3570001	3571000	3570501	497.0	-0.944040	0.032290
3571001	3572000	3571501	455.0	-0.943562	-0.095090
3572001	3573000	3572501	433.0	-0.943084	-0.166589
3573001	3574000	3573501	500.0	-0.942605	0.040972
3574001	3575000	3574501	469.0	-0.942127	-0.051368
3575001	3576000	3575501	469.0	-0.941649	-0.051368
3576001	3577000	3576501	487.0	-0.941171	0.002965
3577001	3578000	3577501	503.0	-0.940692	0.049602
3578001	3579000	3578501	549.0	-0.940214	0.175850
3579001	3580000	3579501	506.0	-0.939736	0.058181
3580001	3581000	3580501	407.0	-0.939257	-0.255928
3581001	3582000	3581501	451.0	-0.938779	-0.107829
3582001	3583000	3582501	434.0	-0.938301	-0.163261
3583001	3584000	3583501	443.0	-0.937823	-0.133650
3584001	3585000	3584501	398.0	-0.937344	-0.288188
3585001	3586000	3585501	423.0	-0.936866	-0.200299
3586001	3587000	3586501	517.0	-0.936388	0.089208
3587001	3588000	3587501	528.0	-0.935909	0.119582
3588001	3589000	3588501	453.0	-0.935431	-0.101445
3589001	3590000	3589501	471.0	-0.934953	-0.045229
3590001	3591000	3590501	408.0	-0.934475	-0.252387
3591001	3592000	3591501	417.0	-0.933996	-0.220909
3592001	3593000	3592501	420.0	-0.933518	-0.210567
3593001	3594000	3593501	364.0	-0.933040	-0.417018
3594001	3595000	3594501	540.0	-0.932561	0.152003
3595001	3596000	3595501	519.0	-0.932083	0.094778
3596001	3597000	3596501	512.0	-0.931605	0.075187
3597001	3598000	3597501	562.0	-0.931127	0.209614
3598001	3599000	3598501	564.0	-0.930648	0.214739
3599001	3600000	3599501	438.0	-0.930170	-0.150025
3600001	3601000	3600501	363.0	-0.929692	-0.420987
3601001	3602000	3601501	396.0	-0.929213	-0.295456
3602001	3603000	3602501	458.0	-0.928735	-0.085609
3603001	3604000	3603501	516.0	-0.928257	0.086415
3604001	3605000	3604501	424.0	-0.927779	-0.196892
3605001	3606000	3605501	358.0	-0.927300	-0.440997
3606001	3607000	3606501	433.0	-0.926822	-0.166589
3607001	3608000	3607501	389.0	-0.926344	-0.321186
3608001	3609000	3608501	337.0	-0.925865	-0.528208
3609001	3610000	3609501	399.0	-0.925387	-0.284568
3610001	3611000	3610501	365.0	-0.924909	-0.413060
3611001	3612000	3611501	308.0	-0.924431	-0.658026
3612001	3613000	3612501	353.0	-0.923952	-0.461288
3613001	3614000	3613501	532.0	-0.923474	0.130470
3614001	3615000	3614501	639.0	-0.922996	0.394860
3615001	3616000	3615501	634.0	-0.922517	0.383527
3616001	3617000	3616501	465.0	-0.922039	-0.063726
3617001	3618000	3617501	402.0	-0.921561	-0.273761
3618001	3619000	3618501	439.0	-0.921083	-0.146735
3619001	3620000	3619501	444.0	-0.920604	-0.130397
3620001	3621000	3620501	374.0	-0.920126	-0.377918
3621001	3622000	3621501	562.0	-0.919648	0.209614
3622001	3623000	3622501	461.0	-0.919169	-0.076190
3623001	3624000	3623501	425.0	-0.918691	-0.193493
3624001	3625000	3624501	421.0	-0.918213	-0.207136
3625001	3626000	3625501	403.0	-0.917735	-0.270176
3626001	3627000	3626501	457.0	-0.917256	-0.088762
3627001	3628000	3627501	498.0	-0.916778	0.035189
3628001	3629000	3628501	464.0	-0.916300	-0.066832
3629001	3630000	3629501	441.0	-0.915821	-0.140178
3630001	3631000	3630501	411.0	-0.915343	-0.241818
3631001	3632000	3631501	452.0	-0.914865	-0.104634
3632001	3633000	3632501	400.0	-0.914387	-0.280956
3633001	3634000	3633501	420.0	-0.913908	-0.210567
3634001	3635000	3634501	420.0	-0.913430	-0.210567
3635001	3636000	3635501	482.0	-0.912952	-0.011923
3636001	3637000	3636501	417.0	-0.912473	-0.220909
3637001	3638000	3637501	380.0	-0.911995	-0.354957
3638001	3639000	3638501	443.0	-0.911517	-0.133650
3639001	3640000	3639501	463.0	-0.911038	-0.069944
3640001	3641000	3640501	473.0	-0.910560	-0.039116
3641001	3642000	3641501	414.0	-0.910082	-0.231326
3642001	3643000	3642501	342.0	-0.909604	-0.506960
3643001	3644000	3643501	390.0	-0.909125	-0.317482
3644001	3645000	3644501	429.0	-0.908647	-0.179979
3645001	3646000	3645501	432.0	-0.908169	-0.169925
3646001	3647000	3646501	499.0	-0.907690	0.038084
3647001	3648000	3647501	442.0	-0.907212	-0.136910
3648001	3649000	3648501	415.0	-0.906734	-0.227845
3649001	3650000	3649501	556.0	-0.906256	0.194129
3650001	3651000	3650501	428.0	-0.905777	-0.183346
3651001	3652000	3651501	419.0	-0.905299	-0.214006
3652001	3653000	3652501	410.0	-0.904821	-0.245332
3653001	3654000	3653501	481.0	-0.904342	-0.014919
3654001	3655000	3654501	465.0	-0.903864	-0.063726
3655001	3656000	3655501	520.0	-0.903386	0.097555
3656001	3657000	3656501	405.0	-0.902908	-0.263034
3657001	3658000	3657501	574.0	-0.902429	0.240094
3658001	3659000	3658501	572.0	-0.901951	0.235059
3659001	3660000	3659501	504.0	-0.901473	0.052467
3660001	3661000	3660501	454.0	-0.900994	-0.098264
3661001	3662000	3661501	484.0	-0.900516	-0.005949
3662001	3663000	3662501	543.0	-0.900038	0.159996
3663001	3664000	3663501	522.0	-0.899560	0.103093
3664001	3665000	3664501	469.0	-0.899081	-0.051368
3665001	3666000	3665501	556.0	-0.898603	0.194129
3666001	3667000	3666501	538.0	-0.898125	0.146650
3667001	3668000	3667501	554.0	-0.897646	0.188930
3668001	3669000	3668501	440.0	-0.897168	-0.143453
3669001	3670000	3669501	393.0	-0.896690	-0.306427
3670001	3671000	3670501	420.0	-0.896212	-0.210567
3671001	3672000	3671501	454.0	-0.895733	-0.098264
3672001	3673000	3672501	436.0	-0.895255	-0.156628
3673001	3674000	3673501	517.0	-0.894777	0.089208
3674001	3675000	3674501	522.0	-0.894298	0.103093
3675001	3676000	3675501	601.0	-0.893820	0.306409
3676001	3677000	3676501	477.0	-0.893342	-0.026967
3677001	3678000	3677501	559.0	-0.892864	0.201892
3678001	3679000	3678501	559.0	-0.892385	0.201892
3679001	3680000	3679501	526.0	-0.891907	0.114106
3680001	3681000	3680501	662.0	-0.891429	0.445875
3681001	3682000	3681501	637.0	-0.890950	0.390337
3682001	3683000	3682501	564.0	-0.890472	0.214739
3683001	3684000	3683501	540.0	-0.889994	0.152003
3684001	3685000	3684501	615.0	-0.889516	0.339630
3685001	3686000	3685501	582.0	-0.889037	0.260063
3686001	3687000	3686501	486.0	-0.888559	0.000000
3687001	3688000	3687501	486.0	-0.888081	0.000000
3688001	3689000	3688501	455.0	-0.887602	-0.095090
3689001	3690000	3689501	578.0	-0.887124	0.250113
3690001	3691000	3690501	664.0	-0.886646	0.450227
3691001	3692000	3691501	473.0	-0.886168	-0.039116
3692001	3693000	3692501	454.0	-0.885689	-0.098264
3693001	3694000	3693501	446.0	-0.885211	-0.123913
3694001	3695000	3694501	535.0	-0.884733	0.138583
3695001	3696000	3695501	564.0	-0.884254	0.214739
3696001	3697000	3696501	535.0	-0.883776	0.138583
3697001	3698000	3697501	505.0	-0.883298	0.055327
3698001	3699000	3698501	519.0	-0.882820	0.094778
3699001	3700000	3699501	467.0	-0.882341	-0.057534
3700001	3701000	3700501	430.0	-0.881863	-0.176620
3701001	3702000	3701501	469.0	-0.881385	-0.051368
3702001	3703000	3702501	481.0	-0.880906	-0.014919
3703001	3704000	3703501	516.0	-0.880428	0.086415
3704001	3705000	3704501	460.0	-0.879950	-0.079322
3705001	3706000	3705501	574.0	-0.879472	0.240094
3706001	3707000	3706501	482.0	-0.878993	-0.011923
3707001	3708000	3707501	457.0	-0.878515	-0.088762
3708001	3709000	3708501	507.0	-0.878037	0.061029
3709001	3710000	3709501	411.0	-0.877558	-0.241818
3710001	3711000	3710501	434.0	-0.877080	-0.163261
3711001	3712000	3711501	552.0	-0.876602	0.183712
3712001	3713000	3712501	466.0	-0.876123	-0.060626
3713001	3714000	3713501	498.0	-0.875645	0.035189
3714001	3715000	3714501	454.0	-0.875167	-0.098264
3715001	3716000	3715501	520.0	-0.874689	0.097555
3716001	3717000	3716501	580.0	-0.874210	0.255097
3717001	3718000	3717501	571.0	-0.873732	0.232534
3718001	3719000	3718501	430.0	-0.873254	-0.176620
3719001	3720000	3719501	533.0	-0.872775	0.133179
3720001	3721000	3720501	476.0	-0.872297	-0.029995
3721001	3722000	3721501	535.0	-0.871819	0.138583
3722001	3723000	3722501	533.0	-0.871341	0.133179
3723001	3724000	3723501	476.0	-0.870862	-0.029995
3724001	3725000	3724501	483.0	-0.870384	-0.008933
3725001	3726000	3725501	453.0	-0.869906	-0.101445
3726001	3727000	3726501	425.0	-0.869427	-0.193493
3727001	3728000	3727501	451.0	-0.868949	-0.107829
3728001	3729000	3728501	510.0	-0.868471	0.069541
3729001	3730000	3729501	461.0	-0.867993	-0.076190
3730001	3731000	3730501	445.0	-0.867514	-0.127151
3731001	3732000	3731501	395.0	-0.867036	-0.299104
3732001	3733000	3732501	454.0	-0.866558	-0.098264
3733001	3734000	3733501	392.0	-0.866079	-0.310103
3734001	3735000	3734501	419.0	-0.865601	-0.214006
3735001	3736000	3735501	427.0	-0.865123	-0.186720
3736001	3737000	3736501	370.0	-0.864645	-0.393431
3737001	3738000	3737501	409.0	-0.864166	-0.248855
3738001	3739000	3738501	376.0	-0.863688	-0.370224
3739001	3740000	3739501	310.0	-0.863210	-0.648688
3740001	3741000	3740501	425.0	-0.862731	-0.193493
3741001	3742000	3741501	555.0	-0.862253	0.191531
3742001	3743000	3742501	447.0	-0.861775	-0.120681
3743001	3744000	3743501	459.0	-0.861297	-0.082462
3744001	3745000	3744501	415.0	-0.860818	-0.227845
3745001	3746000	3745501	482.0	-0.860340	-0.011923
3746001	3747000	3746501	537.0	-0.859862	0.143966
3747001	3748000	3747501	613.0	-0.859383	0.334931
3748001	3749000	3748501	837.0	-0.858905	0.784271
3749001	3750000	3749501	556.0	-0.858427	0.194129
3750001	3751000	3750501	463.0	-0.857949	-0.069944
3751001	3752000	3751501	521.0	-0.857470	0.100327
3752001	3753000	3752501	399.0	-0.856992	-0.284568
3753001	3754000	3753501	477.0	-0.856514	-0.026967
3754001	3755000	3754501	460.0	-0.856035	-0.079322
3755001	3756000	3755501	416.0	-0.855557	-0.224373
3756001	3757000	3756501	500.0	-0.855079	0.040972
3757001	3758000	3757501	414.0	-0.854601	-0.231326
3758001	3759000	3758501	452.0	-0.854122	-0.104634
3759001	3760000	3759501	464.0	-0.853644	-0.066832
3760001	3761000	3760501	476.0	-0.853166	-0.029995
3761001	3762000	3761501	491.0	-0.852687	0.014767
3762001	3763000	3762501	517.0	-0.852209	0.089208
3763001	3764000	3763501	646.0	-0.851731	0.410578
3764001	3765000	3764501	500.0	-0.851253	0.040972
3765001	3766000	3765501	471.0	-0.850774	-0.045229
3766001	3767000	3766501	547.0	-0.850296	0.170585
3767001	3768000	3767501	507.0	-0.849818	0.061029
3768001	3769000	3768501	571.0	-0.849339	0.232534
3769001	3770000	3769501	423.0	-0.848861	-0.200299
3770001	3771000	3770501	521.0	-0.848383	0.100327
3771001	3772000	3771501	545.0	-0.847905	0.165300
3772001	3773000	3772501	503.0	-0.847426	0.049602
3773001	3774000	3773501	551.0	-0.846948	0.181096
3774001	3775000	3774501	531.0	-0.846470	0.127756
3775001	3776000	3775501	446.0	-0.845991	-0.123913
3776001	3777000	3776501	497.0	-0.845513	0.032290
3777001	3778000	3777501	444.0	-0.845035	-0.130397
3778001	3779000	3778501	457.0	-0.844557	-0.088762
3779001	3780000	3779501	486.0	-0.844078	0.000000
3780001	3781000	3780501	623.0	-0.843600	0.358276
3781001	3782000	3781501	627.0	-0.843122	0.367509
3782001	3783000	3782501	582.0	-0.842643	0.260063
3783001	3784000	3783501	420.0	-0.842165	-0.210567
3784001	3785000	3784501	437.0	-0.841687	-0.153323
3785001	3786000	3785501	361.0	-0.841208	-0.428957
3786001	3787000	3786501	442.0	-0.840730	-0.136910
3787001	3788000	3787501	468.0	-0.840252	-0.054448
3788001	3789000	3788501	407.0	-0.839774	-0.255928
3789001	3790000	3789501	481.0	-0.839295	-0.014919
3790001	3791000	3790501	640.0	-0.838817	0.397116
3791001	3792000	3791501	579.0	-0.838339	0.252607
3792001	3793000	3792501	518.0	-0.837860	0.091996
3793001	3794000	3793501	421.0	-0.837382	-0.207136
3794001	3795000	3794501	502.0	-0.836904	0.046731
3795001	3796000	3795501	491.0	-0.836426	0.014767
3796001	3797000	3796501	525.0	-0.835947	0.111361
3797001	3798000	3797501	625.0	-0.835469	0.362900
3798001	3799000	3798501	707.0	-0.834991	0.540754
3799001	3800000	3799501	610.0	-0.834512	0.327853
3800001	3801000	3800501	561.0	-0.834034	0.207044
3801001	3802000	3801501	594.0	-0.833556	0.289507
3802001	3803000	3802501	512.0	-0.833078	0.075187
3803001	3804000	3803501	389.0	-0.832599	-0.321186
3804001	3805000	3804501	394.0	-0.832121	-0.302761
3805001	3806000	3805501	479.0	-0.831643	-0.020931
3806001	3807000	3806501	496.0	-0.831164	0.029384
3807001	3808000	3807501	461.0	-0.830686	-0.076190
3808001	3809000	3808501	490.0	-0.830208	0.011825
3809001	3810000	3809501	531.0	-0.829730	0.127756
3810001	3811000	3810501	415.0	-0.829251	-0.227845
3811001	3812000	3811501	460.0	-0.828773	-0.079322
3812001	3813000	3812501	380.0	-0.828295	-0.354957
3813001	3814000	3813501	378.0	-0.827816	-0.362570
3814001	3815000	3814501	370.0	-0.827338	-0.393431
3815001	3816000	3815501	462.0	-0.826860	-0.073063
3816001	3817000	3816501	459.0	-0.826382	-0.082462
3817001	3818000	3817501	452.0	-0.825903	-0.104634
3818001	3819000	3818501	432.0	-0.825425	-0.169925
3819001	3820000	3819501	406.0	-0.824947	-0.259477
3820001	3821000	3820501	445.0	-0.824468	-0.127151
3821001	3822000	3821501	484.0	-0.823990	-0.005949
3822001	3823000	3822501	466.0	-0.823512	-0.060626
3823001	3824000	3823501	395.0	-0.823034	-0.299104
3824001	3825000	3824501	573.0	-0.822555	0.237579
3825001	3826000	3825501	483.0	-0.822077	-0.008933
3826001	3827000	3826501	469.0	-0.821599	-0.051368
3827001	3828000	3827501	460.0	-0.821120	-0.079322
3828001	3829000	3828501	430.0	-0.820642	-0.176620
3829001	3830000	3829501	524.0	-0.820164	0.108610
3830001	3831000	3830501	553.0	-0.819686	0.186323
3831001	3832000	3831501	470.0	-0.819207	-0.048296
3832001	3833000	3832501	416.0	-0.818729	-0.224373
3833001	3834000	3833501	599.0	-0.818251	0.301600
3834001	3835000	3834501	708.0	-0.817772	0.542793
3835001	3836000	3835501	528.0	-0.817294	0.119582
3836001	3837000	3836501	465.0	-0.816816	-0.063726
3837001	3838000	3837501	561.0	-0.816338	0.207044
3838001	3839000	3838501	555.0	-0.815859	0.191531
3839001	3840000	3839501	548.0	-0.815381	0.173220
3840001	3841000	3840501	535.0	-0.814903	0.138583
3841001	3842000	3841501	479.0	-0.814424	-0.020931
3842001	3843000	3842501	646.0	-0.813946	0.410578
3843001	3844000	3843501	766.0	-0.813468	0.656388
3844001	3845000	3844501	561.0	-0.812990	0.207044
3845001	3846000	3845501	487.0	-0.812511	0.002965
3846001	3847000	3846501	606.0	-0.812033	0.318361
3847001	3848000	3847501	372.0	-0.811555	-0.385654
3848001	3849000	3848501	453.0	-0.811076	-0.101445
3849001	3850000	3849501	536.0	-0.810598	0.141277
3850001	3851000	3850501	555.0	-0.810120	0.191531
3851001	3852000	3851501	635.0	-0.809642	0.385800
3852001	3853000	3852501	467.0	-0.809163	-0.057534
3853001	3854000	3853501	465.0	-0.808685	-0.063726
3854001	3855000	3854501	499.0	-0.808207	0.038084
3855001	3856000	3855501	611.0	-0.807728	0.330216
3856001	3857000	3856501	480.0	-0.807250	-0.017922
3857001	3858000	3857501	475.0	-0.806772	-0.033029
3858001	3859000	3858501	583.0	-0.806294	0.262540
3859001	3860000	3859501	574.0	-0.805815	0.240094
3860001	3861000	3860501	402.0	-0.805337	-0.273761
3861001	3862000	3861501	455.0	-0.804859	-0.095090
3862001	3863000	3862501	415.0	-0.804380	-0.227845
3863001	3864000	3863501	507.0	-0.803902	0.061029
3864001	3865000	3864501	544.0	-0.803424	0.162650
3865001	3866000	3865501	539.0	-0.802945	0.149329
3866001	3867000	3866501	466.0	-0.802467	-0.060626
3867001	3868000	3867501	408.0	-0.801989	-0.252387
3868001	3869000	3868501	468.0	-0.801511	-0.054448
3869001	3870000	3869501	403.0	-0.801032	-0.270176
3870001	3871000	3870501	444.0	-0.800554	-0.130397
3871001	3872000	3871501	478.0	-0.800076	-0.023946
3872001	3873000	3872501	410.0	-0.799597	-0.245332
3873001	3874000	3873501	487.0	-0.799119	0.002965
3874001	3875000	3874501	413.0	-0.798641	-0.234815
3875001	3876000	3875501	459.0	-0.798163	-0.082462
3876001	3877000	3876501	470.0	-0.797684	-0.048296
3877001	3878000	3877501	536.0	-0.797206	0.141277
3878001	3879000	3878501	520.0	-0.796728	0.097555
3879001	3880000	3879501	419.0	-0.796249	-0.214006
3880001	3881000	3880501	407.0	-0.795771	-0.255928
3881001	3882000	3881501	467.0	-0.795293	-0.057534
3882001	3883000	3882501	481.0	-0.794815	-0.014919
3883001	3884000	3883501	453.0	-0.794336	-0.101445
3884001	3885000	3884501	420.0	-0.793858	-0.210567
3885001	3886000	3885501	453.0	-0.793380	-0.101445
3886001	3887000	3886501	475.0	-0.792901	-0.033029
3887001	3888000	3887501	495.0	-0.792423	0.026472
3888001	3889000	3888501	552.0	-0.791945	0.183712
3889001	3890000	3889501	571.0	-0.791467	0.232534
3890001	3891000	3890501	571.0	-0.790988	0.232534
3891001	3892000	3891501	535.0	-0.790510	0.138583
3892001	3893000	3892501	496.0	-0.790032	0.029384
3893001	3894000	3893501	579.0	-0.789553	0.252607
3894001	3895000	3894501	511.0	-0.789075	0.072367
3895001	3896000	3895501	496.0	-0.788597	0.029384
3896001	3897000	3896501	573.0	-0.788119	0.237579
3897001	3898000	3897501	517.0	-0.787640	0.089208
3898001	3899000	3898501	427.0	-0.787162	-0.186720
3899001	3900000	3899501	441.0	-0.786684	-0.140178
3900001	3901000	3900501	465.0	-0.786205	-0.063726
3901001	3902000	3901501	484.0	-0.785727	-0.005949
3902001	3903000	3902501	428.0	-0.785249	-0.183346
3903001	3904000	3903501	457.0	-0.784771	-0.088762
3904001	3905000	3904501	503.0	-0.784292	0.049602
3905001	3906000	3905501	549.0	-0.783814	0.175850
3906001	3907000	3906501	433.0	-0.783336	-0.166589
3907001	3908000	3907501	426.0	-0.782857	-0.190103
3908001	3909000	3908501	531.0	-0.782379	0.127756
3909001	3910000	3909501	461.0	-0.781901	-0.076190
3910001	3911000	3910501	487.0	-0.781423	0.002965
3911001	3912000	3911501	500.0	-0.780944	0.040972
3912001	3913000	3912501	482.0	-0.780466	-0.011923
3913001	3914000	3913501	438.0	-0.779988	-0.150025
3914001	3915000	3914501	415.0	-0.779509	-0.227845
3915001	3916000	3915501	464.0	-0.779031	-0.066832
3916001	3917000	3916501	410.0	-0.778553	-0.245332
3917001	3918000	3917501	351.0	-0.778075	-0.469485
3918001	3919000	3918501	405.0	-0.777596	-0.263034
3919001	3920000	3919501	381.0	-0.777118	-0.351165
3920001	3921000	3920501	418.0	-0.776640	-0.217453
3921001	3922000	3921501	499.0	-0.776161	0.038084
3922001	3923000	3922501	432.0	-0.775683	-0.169925
3923001	3924000	3923501	521.0	-0.775205	0.100327
3924001	3925000	3924501	453.0	-0.774727	-0.101445
3925001	3926000	3925501	416.0	-0.774248	-0.224373
3926001	3927000	3926501	404.0	-0.773770	-0.266601
3927001	3928000	3927501	352.0	-0.773292	-0.465381
3928001	3929000	3928501	529.0	-0.772813	0.122311
3929001	3930000	3929501	444.0	-0.772335	-0.130397
3930001	3931000	3930501	355.0	-0.771857	-0.453137
3931001	3932000	3931501	525.0	-0.771379	0.111361
3932001	3933000	3932501	535.0	-0.770900	0.138583
3933001	3934000	3933501	554.0	-0.770422	0.188930
3934001	3935000	3934501	404.0	-0.769944	-0.266601
3935001	3936000	3935501	429.0	-0.769465	-0.179979
3936001	3937000	3936501	513.0	-0.768987	0.078003
3937001	3938000	3937501	568.0	-0.768509	0.224935
3938001	3939000	3938501	527.0	-0.768030	0.116847
3939001	3940000	3939501	444.0	-0.767552	-0.130397
3940001	3941000	3940501	450.0	-0.767074	-0.111031
3941001	3942000	3941501	485.0	-0.766596	-0.002972
3942001	3943000	3942501	543.0	-0.766117	0.159996
3943001	3944000	3943501	531.0	-0.765639	0.127756
3944001	3945000	3944501	433.0	-0.765161	-0.166589
3945001	3946000	3945501	384.0	-0.764682	-0.339850
3946001	3947000	3946501	444.0	-0.764204	-0.130397
3947001	3948000	3947501	508.0	-0.763726	0.063872
3948001	3949000	3948501	390.0	-0.763248	-0.317482
3949001	3950000	3949501	474.0	-0.762769	-0.036069
3950001	3951000	3950501	446.0	-0.762291	-0.123913
3951001	3952000	3951501	444.0	-0.761813	-0.130397
3952001	3953000	3952501	528.0	-0.761334	0.119582
3953001	3954000	3953501	481.0	-0.760856	-0.014919
3954001	3955000	3954501	486.0	-0.760378	0.000000
3955001	3956000	3955501	460.0	-0.759900	-0.079322
3956001	3957000	3956501	455.0	-0.759421	-0.095090
3957001	3958000	3957501	499.0	-0.758943	0.038084
3958001	3959000	3958501	585.0	-0.758465	0.267480
3959001	3960000	3959501	512.0	-0.757986	0.075187
3960001	3961000	3960501	535.0	-0.757508	0.138583
3961001	3962000	3961501	439.0	-0.757030	-0.146735
3962001	3963000	3962501	373.0	-0.756552	-0.381781
3963001	3964000	3963501	409.0	-0.756073	-0.248855
3964001	3965000	3964501	485.0	-0.755595	-0.002972
3965001	3966000	3965501	509.0	-0.755117	0.066709
3966001	3967000	3966501	486.0	-0.754638	0.000000
3967001	3968000	3967501	434.0	-0.754160	-0.163261
3968001	3969000	3968501	404.0	-0.753682	-0.266601
3969001	3970000	3969501	440.0	-0.753204	-0.143453
3970001	3971000	3970501	507.0	-0.752725	0.061029
3971001	3972000	3971501	424.0	-0.752247	-0.196892
3972001	3973000	3972501	568.0	-0.751769	0.224935
3973001	3974000	3973501	568.0	-0.751290	0.224935
3974001	3975000	3974501	478.0	-0.750812	-0.023946
3975001	3976000	3975501	526.0	-0.750334	0.114106
3976001	3977000	3976501	588.0	-0.749856	0.274860
3977001	3978000	3977501	465.0	-0.749377	-0.063726
3978001	3979000	3978501	571.0	-0.748899	0.232534
3979001	3980000	3979501	472.0	-0.748421	-0.042169
3980001	3981000	3980501	542.0	-0.747942	0.157337
3981001	3982000	3981501	435.0	-0.747464	-0.159941
3982001	3983000	3982501	501.0	-0.746986	0.043854
3983001	3984000	3983501	433.0	-0.746508	-0.166589
3984001	3985000	3984501	428.0	-0.746029	-0.183346
3985001	3986000	3985501	434.0	-0.745551	-0.163261
3986001	3987000	3986501	563.0	-0.745073	0.212179
3987001	3988000	3987501	567.0	-0.744594	0.222392
3988001	3989000	3988501	598.0	-0.744116	0.299189
3989001	3990000	3989501	597.0	-0.743638	0.296775
3990001	3991000	3990501	641.0	-0.743160	0.399368
3991001	3992000	3991501	528.0	-0.742681	0.119582
3992001	3993000	3992501	500.0	-0.742203	0.040972
3993001	3994000	3993501	560.0	-0.741725	0.204471
3994001	3995000	3994501	467.0	-0.741246	-0.057534
3995001	3996000	3995501	466.0	-0.740768	-0.060626
3996001	3997000	3996501	486.0	-0.740290	0.000000
3997001	3998000	3997501	494.0	-0.739812	0.023555
3998001	3999000	3998501	623.0	-0.739333	0.358276
3999001	4000000	3999501	612.0	-0.738855	0.332575
4000001	4001000	4000501	671.0	-0.738377	0.465356
4001001	4002000	4001501	612.0	-0.737898	0.332575
4002001	4003000	4002501	457.0	-0.737420	-0.088762
4003001	4004000	4003501	392.0	-0.736942	-0.310103
