window_start	window_end	window_mid	raw_count	norm_position	log2_ratio
1	1000	501	408.0	-0.736085	0.196692
1001	2000	1501	368.0	-0.735606	0.047829
2001	3000	2501	511.0	-0.735128	0.521446
3001	4000	3501	609.0	-0.734650	0.774565
4001	5000	4501	400.0	-0.734172	0.168123
5001	6000	5501	341.0	-0.733693	-0.062106
6001	7000	6501	313.0	-0.733215	-0.185715
7001	8000	7501	407.0	-0.732737	0.193152
8001	9000	8501	525.0	-0.732258	0.560440
9001	10000	9501	369.0	-0.731780	0.051744
10001	11000	10501	337.0	-0.731302	-0.079129
11001	12000	11501	260.0	-0.730824	-0.453366
12001	13000	12501	270.0	-0.730345	-0.398918
13001	14000	13501	356.0	-0.729867	0.000000
14001	15000	14501	366.0	-0.729389	0.039966
15001	16000	15501	361.0	-0.728910	0.020122
16001	17000	16501	312.0	-0.728432	-0.190331
17001	18000	17501	407.0	-0.727954	0.193152
18001	19000	18501	366.0	-0.727476	0.039966
19001	20000	19501	352.0	-0.726997	-0.016302
20001	21000	20501	305.0	-0.726519	-0.223068
21001	22000	21501	364.0	-0.726041	0.032061
22001	23000	22501	312.0	-0.725562	-0.190331
23001	24000	23501	388.0	-0.725084	0.124179
24001	25000	24501	360.0	-0.724606	0.016120
25001	26000	25501	333.0	-0.724128	-0.096355
26001	27000	26501	353.0	-0.723649	-0.012209
27001	28000	27501	313.0	-0.723171	-0.185715
28001	29000	28501	292.0	-0.722693	-0.285909
29001	30000	29501	424.0	-0.722214	0.252187
30001	31000	30501	356.0	-0.721736	0.000000
31001	32000	31501	389.0	-0.721258	0.127893
32001	33000	32501	409.0	-0.720779	0.200224
33001	34000	33501	357.0	-0.720301	0.004047
34001	35000	34501	336.0	-0.719823	-0.083416
35001	36000	35501	336.0	-0.719345	-0.083416
36001	37000	36501	381.0	-0.718866	0.097914
37001	38000	37501	282.0	-0.718388	-0.336182
38001	39000	38501	416.0	-0.717910	0.224706
39001	40000	39501	393.0	-0.717431	0.142652
40001	41000	40501	416.0	-0.716953	0.224706
41001	42000	41501	304.0	-0.716475	-0.227806
42001	43000	42501	344.0	-0.715997	-0.049469
43001	44000	43501	319.0	-0.715518	-0.158321
44001	45000	44501	263.0	-0.715040	-0.436814
45001	46000	45501	274.0	-0.714562	-0.377701
46001	47000	46501	300.0	-0.714083	-0.246915
47001	48000	47501	248.0	-0.713605	-0.521537
48001	49000	48501	328.0	-0.713127	-0.118181
49001	50000	49501	366.0	-0.712649	0.039966
50001	51000	50501	321.0	-0.712170	-0.149304
51001	52000	51501	337.0	-0.711692	-0.079129
52001	53000	52501	345.0	-0.711214	-0.045281
53001	54000	53501	398.0	-0.710735	0.160891
54001	55000	54501	344.0	-0.710257	-0.049469
55001	56000	55501	342.0	-0.709779	-0.057881
56001	57000	56501	389.0	-0.709301	0.127893
57001	58000	57501	372.0	-0.708822	0.063425
58001	59000	58501	348.0	-0.708344	-0.032790
59001	60000	59501	385.0	-0.707866	0.112981
60001	61000	60501	370.0	-0.707387	0.055648
61001	62000	61501	345.0	-0.706909	-0.045281
62001	63000	62501	320.0	-0.706431	-0.153805
63001	64000	63501	380.0	-0.705953	0.094122
64001	65000	64501	437.0	-0.705474	0.295756
65001	66000	65501	364.0	-0.704996	0.032061
66001	67000	66501	332.0	-0.704518	-0.100694
67001	68000	67501	386.0	-0.704039	0.116724
68001	69000	68501	444.0	-0.703561	0.318682
69001	70000	69501	329.0	-0.703083	-0.113790
70001	71000	70501	366.0	-0.702605	0.039966
71001	72000	71501	326.0	-0.702126	-0.127005
72001	73000	72501	372.0	-0.701648	0.063425
73001	74000	73501	325.0	-0.701170	-0.131438
74001	75000	74501	311.0	-0.700691	-0.194963
75001	76000	75501	325.0	-0.700213	-0.131438
76001	77000	76501	335.0	-0.699735	-0.087716
77001	78000	77501	346.0	-0.699257	-0.041105
78001	79000	78501	343.0	-0.698778	-0.053669
79001	80000	79501	304.0	-0.698300	-0.227806
80001	81000	80501	335.0	-0.697822	-0.087716
81001	82000	81501	344.0	-0.697343	-0.049469
82001	83000	82501	301.0	-0.696865	-0.242114
83001	84000	83501	278.0	-0.696387	-0.356792
84001	85000	84501	286.0	-0.695909	-0.315862
85001	86000	85501	281.0	-0.695430	-0.341307
86001	87000	86501	283.0	-0.694952	-0.331075
87001	88000	87501	284.0	-0.694474	-0.325986
88001	89000	88501	380.0	-0.693995	0.094122
89001	90000	89501	376.0	-0.693517	0.078855
90001	91000	90501	423.0	-0.693039	0.248780
91001	92000	91501	386.0	-0.692561	0.116724
92001	93000	92501	394.0	-0.692082	0.146318
93001	94000	93501	450.0	-0.691604	0.338048
94001	95000	94501	430.0	-0.691126	0.272459
95001	96000	95501	363.0	-0.690647	0.028092
96001	97000	96501	426.0	-0.690169	0.258976
97001	98000	97501	412.0	-0.689691	0.210767
98001	99000	98501	410.0	-0.689213	0.203747
99001	100000	99501	451.0	-0.688734	0.341250
100001	101000	100501	414.0	-0.688256	0.217754
101001	102000	101501	425.0	-0.687778	0.255586
102001	103000	102501	284.0	-0.687299	-0.325986
103001	104000	103501	312.0	-0.686821	-0.190331
104001	105000	104501	336.0	-0.686343	-0.083416
105001	106000	105501	321.0	-0.685864	-0.149304
106001	107000	106501	392.0	-0.685386	0.138976
107001	108000	107501	375.0	-0.684908	0.075013
108001	109000	108501	415.0	-0.684430	0.221234
109001	110000	109501	335.0	-0.683951	-0.087716
110001	111000	110501	398.0	-0.683473	0.160891
111001	112000	111501	408.0	-0.682995	0.196692
112001	113000	112501	355.0	-0.682516	-0.004058
113001	114000	113501	301.0	-0.682038	-0.242114
114001	115000	114501	330.0	-0.681560	-0.109411
115001	116000	115501	330.0	-0.681082	-0.109411
116001	117000	116501	316.0	-0.680603	-0.171953
117001	118000	117501	306.0	-0.680125	-0.218346
118001	119000	118501	297.0	-0.679647	-0.261414
119001	120000	119501	507.0	-0.679168	0.510109
120001	121000	120501	418.0	-0.678690	0.231626
121001	122000	121501	409.0	-0.678212	0.200224
122001	123000	122501	403.0	-0.677734	0.178903
123001	124000	123501	308.0	-0.677255	-0.208947
124001	125000	124501	317.0	-0.676777	-0.167394
125001	126000	125501	351.0	-0.676299	-0.020406
126001	127000	126501	363.0	-0.675820	0.028092
127001	128000	127501	520.0	-0.675342	0.546634
128001	129000	128501	424.0	-0.674864	0.252187
129001	130000	129501	403.0	-0.674386	0.178903
130001	131000	130501	325.0	-0.673907	-0.131438
131001	132000	131501	371.0	-0.673429	0.059542
132001	133000	132501	402.0	-0.672951	0.175318
133001	134000	133501	324.0	-0.672472	-0.135883
134001	135000	134501	313.0	-0.671994	-0.185715
135001	136000	135501	524.0	-0.671516	0.557690
136001	137000	136501	352.0	-0.671038	-0.016302
137001	138000	137501	355.0	-0.670559	-0.004058
138001	139000	138501	347.0	-0.670081	-0.036942
139001	140000	139501	327.0	-0.669603	-0.122587
140001	141000	140501	299.0	-0.669124	-0.251732
141001	142000	141501	337.0	-0.668646	-0.079129
142001	143000	142501	330.0	-0.668168	-0.109411
143001	144000	143501	324.0	-0.667690	-0.135883
144001	145000	144501	351.0	-0.667211	-0.020406
145001	146000	145501	414.0	-0.666733	0.217754
146001	147000	146501	310.0	-0.666255	-0.199609
147001	148000	147501	375.0	-0.665776	0.075013
148001	149000	148501	329.0	-0.665298	-0.113790
149001	150000	149501	290.0	-0.664820	-0.295824
150001	151000	150501	286.0	-0.664342	-0.315862
151001	152000	151501	278.0	-0.663863	-0.356792
152001	153000	152501	309.0	-0.663385	-0.204270
153001	154000	153501	426.0	-0.662907	0.258976
154001	155000	154501	397.0	-0.662428	0.157262
155001	156000	155501	371.0	-0.661950	0.059542
156001	157000	156501	388.0	-0.661472	0.124179
157001	158000	157501	358.0	-0.660994	0.008082
158001	159000	158501	367.0	-0.660515	0.043903
159001	160000	159501	313.0	-0.660037	-0.185715
160001	161000	160501	391.0	-0.659559	0.135291
161001	162000	161501	414.0	-0.659080	0.217754
162001	163000	162501	504.0	-0.658602	0.501546
163001	164000	163501	511.0	-0.658124	0.521446
164001	165000	164501	398.0	-0.657646	0.160891
165001	166000	165501	276.0	-0.657167	-0.367209
166001	167000	166501	326.0	-0.656689	-0.127005
167001	168000	167501	350.0	-0.656211	-0.024522
168001	169000	168501	349.0	-0.655732	-0.028650
169001	170000	169501	346.0	-0.655254	-0.041105
170001	171000	170501	310.0	-0.654776	-0.199609
171001	172000	171501	400.0	-0.654298	0.168123
172001	173000	172501	350.0	-0.653819	-0.024522
173001	174000	173501	379.0	-0.653341	0.090321
174001	175000	174501	369.0	-0.652863	0.051744
175001	176000	175501	320.0	-0.652384	-0.153805
176001	177000	176501	332.0	-0.651906	-0.100694
177001	178000	177501	314.0	-0.651428	-0.181113
178001	179000	178501	363.0	-0.650949	0.028092
179001	180000	179501	338.0	-0.650471	-0.074854
180001	181000	180501	326.0	-0.649993	-0.127005
181001	182000	181501	302.0	-0.649515	-0.237329
182001	183000	182501	435.0	-0.649036	0.289138
183001	184000	183501	377.0	-0.648558	0.082687
184001	185000	184501	313.0	-0.648080	-0.185715
185001	186000	185501	384.0	-0.647601	0.109229
186001	187000	186501	471.0	-0.647123	0.403850
187001	188000	187501	461.0	-0.646645	0.372890
188001	189000	188501	372.0	-0.646167	0.063425
189001	190000	189501	385.0	-0.645688	0.112981
190001	191000	190501	371.0	-0.645210	0.059542
191001	192000	191501	373.0	-0.644732	0.067298
192001	193000	192501	384.0	-0.644253	0.109229
193001	194000	193501	333.0	-0.643775	-0.096355
194001	195000	194501	462.0	-0.643297	0.376016
195001	196000	195501	513.0	-0.642819	0.527082
196001	197000	196501	340.0	-0.642340	-0.066342
197001	198000	197501	306.0	-0.641862	-0.218346
198001	199000	198501	236.0	-0.641384	-0.593090
199001	200000	199501	214.0	-0.640905	-0.734266
200001	201000	200501	266.0	-0.640427	-0.420451
201001	202000	201501	330.0	-0.639949	-0.109411
202001	203000	202501	360.0	-0.639471	0.016120
203001	204000	203501	307.0	-0.638992	-0.213639
204001	205000	204501	315.0	-0.638514	-0.176525
205001	206000	205501	278.0	-0.638036	-0.356792
206001	207000	206501	295.0	-0.637557	-0.271162
207001	208000	207501	272.0	-0.637079	-0.388271
208001	209000	208501	331.0	-0.636601	-0.105046
209001	210000	209501	299.0	-0.636123	-0.251732
210001	211000	210501	365.0	-0.635644	0.036019
211001	212000	211501	307.0	-0.635166	-0.213639
212001	213000	212501	321.0	-0.634688	-0.149304
213001	214000	213501	411.0	-0.634209	0.207261
214001	215000	214501	278.0	-0.633731	-0.356792
215001	216000	215501	278.0	-0.633253	-0.356792
216001	217000	216501	349.0	-0.632775	-0.028650
217001	218000	217501	317.0	-0.632296	-0.167394
218001	219000	218501	383.0	-0.631818	0.105467
219001	220000	219501	376.0	-0.631340	0.078855
220001	221000	220501	326.0	-0.630861	-0.127005
221001	222000	221501	344.0	-0.630383	-0.049469
222001	223000	222501	340.0	-0.629905	-0.066342
223001	224000	223501	358.0	-0.629427	0.008082
224001	225000	224501	291.0	-0.628948	-0.290858
225001	226000	225501	292.0	-0.628470	-0.285909
226001	227000	226501	304.0	-0.627992	-0.227806
227001	228000	227501	387.0	-0.627513	0.120456
228001	229000	228501	301.0	-0.627035	-0.242114
229001	230000	229501	361.0	-0.626557	0.020122
230001	231000	230501	391.0	-0.626079	0.135291
231001	232000	231501	399.0	-0.625600	0.164512
232001	233000	232501	377.0	-0.625122	0.082687
233001	234000	233501	385.0	-0.624644	0.112981
234001	235000	234501	381.0	-0.624165	0.097914
235001	236000	235501	353.0	-0.623687	-0.012209
236001	237000	236501	328.0	-0.623209	-0.118181
237001	238000	237501	271.0	-0.622731	-0.393584
238001	239000	238501	342.0	-0.622252	-0.057881
239001	240000	239501	374.0	-0.621774	0.071161
240001	241000	240501	364.0	-0.621296	0.032061
241001	242000	241501	424.0	-0.620817	0.252187
242001	243000	242501	349.0	-0.620339	-0.028650
243001	244000	243501	339.0	-0.619861	-0.070592
244001	245000	244501	381.0	-0.619383	0.097914
245001	246000	245501	307.0	-0.618904	-0.213639
246001	247000	246501	324.0	-0.618426	-0.135883
247001	248000	247501	359.0	-0.617948	0.012107
248001	249000	248501	431.0	-0.617469	0.275811
249001	250000	249501	344.0	-0.616991	-0.049469
250001	251000	250501	352.0	-0.616513	-0.016302
251001	252000	251501	379.0	-0.616034	0.090321
252001	253000	252501	335.0	-0.615556	-0.087716
253001	254000	253501	321.0	-0.615078	-0.149304
254001	255000	254501	308.0	-0.614600	-0.208947
255001	256000	255501	267.0	-0.614121	-0.415037
256001	257000	256501	335.0	-0.613643	-0.087716
257001	258000	257501	492.0	-0.613165	0.466781
258001	259000	258501	311.0	-0.612686	-0.194963
259001	260000	259501	409.0	-0.612208	0.200224
260001	261000	260501	456.0	-0.611730	0.357157
261001	262000	261501	405.0	-0.611252	0.186045
262001	263000	262501	454.0	-0.610773	0.350815
263001	264000	263501	464.0	-0.610295	0.382248
264001	265000	264501	340.0	-0.609817	-0.066342
265001	266000	265501	247.0	-0.609338	-0.527366
266001	267000	266501	295.0	-0.608860	-0.271162
267001	268000	267501	343.0	-0.608382	-0.053669
268001	269000	268501	353.0	-0.607904	-0.012209
269001	270000	269501	342.0	-0.607425	-0.057881
270001	271000	270501	408.0	-0.606947	0.196692
271001	272000	271501	330.0	-0.606469	-0.109411
272001	273000	272501	331.0	-0.605990	-0.105046
273001	274000	273501	341.0	-0.605512	-0.062106
274001	275000	274501	373.0	-0.605034	0.067298
275001	276000	275501	334.0	-0.604556	-0.092029
276001	277000	276501	375.0	-0.604077	0.075013
277001	278000	277501	369.0	-0.603599	0.051744
278001	279000	278501	299.0	-0.603121	-0.251732
279001	280000	279501	422.0	-0.602642	0.245366
280001	281000	280501	374.0	-0.602164	0.071161
281001	282000	281501	386.0	-0.601686	0.116724
282001	283000	282501	475.0	-0.601208	0.416050
283001	284000	283501	396.0	-0.600729	0.153623
284001	285000	284501	317.0	-0.600251	-0.167394
285001	286000	285501	264.0	-0.599773	-0.431339
286001	287000	286501	284.0	-0.599294	-0.325986
287001	288000	287501	438.0	-0.598816	0.299054
288001	289000	288501	377.0	-0.598338	0.082687
289001	290000	289501	357.0	-0.597860	0.004047
290001	291000	290501	365.0	-0.597381	0.036019
291001	292000	291501	397.0	-0.596903	0.157262
292001	293000	292501	313.0	-0.596425	-0.185715
293001	294000	293501	429.0	-0.595946	0.269100
294001	295000	294501	398.0	-0.595468	0.160891
295001	296000	295501	400.0	-0.594990	0.168123
296001	297000	296501	451.0	-0.594512	0.341250
297001	298000	297501	424.0	-0.594033	0.252187
298001	299000	298501	346.0	-0.593555	-0.041105
299001	300000	299501	441.0	-0.593077	0.308901
300001	301000	300501	414.0	-0.592598	0.217754
301001	302000	301501	332.0	-0.592120	-0.100694
302001	303000	302501	396.0	-0.591642	0.153623
303001	304000	303501	412.0	-0.591164	0.210767
304001	305000	304501	355.0	-0.590685	-0.004058
305001	306000	305501	372.0	-0.590207	0.063425
306001	307000	306501	364.0	-0.589729	0.032061
307001	308000	307501	341.0	-0.589250	-0.062106
308001	309000	308501	361.0	-0.588772	0.020122
309001	310000	309501	323.0	-0.588294	-0.140343
310001	311000	310501	409.0	-0.587816	0.200224
311001	312000	311501	472.0	-0.587337	0.406910
312001	313000	312501	396.0	-0.586859	0.153623
313001	314000	313501	360.0	-0.586381	0.016120
314001	315000	314501	502.0	-0.585902	0.495810
315001	316000	315501	350.0	-0.585424	-0.024522
316001	317000	316501	277.0	-0.584946	-0.361991
317001	318000	317501	317.0	-0.584468	-0.167394
318001	319000	318501	396.0	-0.583989	0.153623
319001	320000	319501	400.0	-0.583511	0.168123
320001	321000	320501	359.0	-0.583033	0.012107
321001	322000	321501	390.0	-0.582554	0.131597
322001	323000	322501	486.0	-0.582076	0.449079
323001	324000	323501	550.0	-0.581598	0.627554
324001	325000	324501	317.0	-0.581119	-0.167394
325001	326000	325501	341.0	-0.580641	-0.062106
326001	327000	326501	442.0	-0.580163	0.312169
327001	328000	327501	345.0	-0.579685	-0.045281
328001	329000	328501	487.0	-0.579206	0.452045
329001	330000	329501	338.0	-0.578728	-0.074854
330001	331000	330501	301.0	-0.578250	-0.242114
331001	332000	331501	389.0	-0.577771	0.127893
332001	333000	332501	334.0	-0.577293	-0.092029
333001	334000	333501	376.0	-0.576815	0.078855
334001	335000	334501	330.0	-0.576337	-0.109411
335001	336000	335501	292.0	-0.575858	-0.285909
336001	337000	336501	400.0	-0.575380	0.168123
337001	338000	337501	388.0	-0.574902	0.124179
338001	339000	338501	339.0	-0.574423	-0.070592
339001	340000	339501	342.0	-0.573945	-0.057881
340001	341000	340501	329.0	-0.573467	-0.113790
341001	342000	341501	295.0	-0.572989	-0.271162
342001	343000	342501	389.0	-0.572510	0.127893
343001	344000	343501	361.0	-0.572032	0.020122
344001	345000	344501	339.0	-0.571554	-0.070592
345001	346000	345501	300.0	-0.571075	-0.246915
346001	347000	346501	276.0	-0.570597	-0.367209
347001	348000	347501	306.0	-0.570119	-0.218346
348001	349000	348501	349.0	-0.569641	-0.028650
349001	350000	349501	419.0	-0.569162	0.235073
350001	351000	350501	421.0	-0.568684	0.241943
351001	352000	351501	352.0	-0.568206	-0.016302
352001	353000	352501	347.0	-0.567727	-0.036942
353001	354000	353501	400.0	-0.567249	0.168123
354001	355000	354501	413.0	-0.566771	0.214265
355001	356000	355501	380.0	-0.566293	0.094122
356001	357000	356501	343.0	-0.565814	-0.053669
357001	358000	357501	435.0	-0.565336	0.289138
358001	359000	358501	378.0	-0.564858	0.086509
359001	360000	359501	374.0	-0.564379	0.071161
360001	361000	360501	388.0	-0.563901	0.124179
361001	362000	361501	289.0	-0.563423	-0.300808
362001	363000	362501	283.0	-0.562945	-0.331075
363001	364000	363501	339.0	-0.562466	-0.070592
364001	365000	364501	290.0	-0.561988	-0.295824
365001	366000	365501	341.0	-0.561510	-0.062106
366001	367000	366501	396.0	-0.561031	0.153623
367001	368000	367501	293.0	-0.560553	-0.280977
368001	369000	368501	440.0	-0.560075	0.305626
369001	370000	369501	450.0	-0.559597	0.338048
370001	371000	370501	359.0	-0.559118	0.012107
371001	372000	371501	303.0	-0.558640	-0.232559
372001	373000	372501	346.0	-0.558162	-0.041105
373001	374000	373501	357.0	-0.557683	0.004047
374001	375000	374501	300.0	-0.557205	-0.246915
375001	376000	375501	277.0	-0.556727	-0.361991
376001	377000	376501	297.0	-0.556249	-0.261414
377001	378000	377501	262.0	-0.555770	-0.442310
378001	379000	378501	258.0	-0.555292	-0.464506
379001	380000	379501	299.0	-0.554814	-0.251732
380001	381000	380501	350.0	-0.554335	-0.024522
381001	382000	381501	388.0	-0.553857	0.124179
382001	383000	382501	719.0	-0.553379	1.014115
383001	384000	383501	316.0	-0.552901	-0.171953
384001	385000	384501	262.0	-0.552422	-0.442310
385001	386000	385501	255.0	-0.551944	-0.481380
386001	387000	386501	267.0	-0.551466	-0.415037
387001	388000	387501	215.0	-0.550987	-0.727541
388001	389000	388501	270.0	-0.550509	-0.398918
389001	390000	389501	207.0	-0.550031	-0.782246
390001	391000	390501	229.0	-0.549553	-0.636530
391001	392000	391501	236.0	-0.549074	-0.593090
392001	393000	392501	285.0	-0.548596	-0.320915
393001	394000	393501	296.0	-0.548118	-0.266280
394001	395000	394501	248.0	-0.547639	-0.521537
395001	396000	395501	244.0	-0.547161	-0.544996
396001	397000	396501	250.0	-0.546683	-0.509949
397001	398000	397501	293.0	-0.546205	-0.280977
398001	399000	398501	308.0	-0.545726	-0.208947
399001	400000	399501	389.0	-0.545248	0.127893
400001	401000	400501	387.0	-0.544770	0.120456
401001	402000	401501	358.0	-0.544291	0.008082
402001	403000	402501	335.0	-0.543813	-0.087716
403001	404000	403501	396.0	-0.543335	0.153623
404001	405000	404501	321.0	-0.542856	-0.149304
405001	406000	405501	317.0	-0.542378	-0.167394
406001	407000	406501	294.0	-0.541900	-0.276061
407001	408000	407501	369.0	-0.541422	0.051744
408001	409000	408501	316.0	-0.540943	-0.171953
409001	410000	409501	372.0	-0.540465	0.063425
410001	411000	410501	307.0	-0.539987	-0.213639
411001	412000	411501	443.0	-0.539508	0.315429
412001	413000	412501	418.0	-0.539030	0.231626
413001	414000	413501	394.0	-0.538552	0.146318
414001	415000	414501	304.0	-0.538074	-0.227806
415001	416000	415501	211.0	-0.537595	-0.754634
416001	417000	416501	346.0	-0.537117	-0.041105
417001	418000	417501	341.0	-0.536639	-0.062106
418001	419000	418501	357.0	-0.536160	0.004047
419001	420000	419501	399.0	-0.535682	0.164512
420001	421000	420501	366.0	-0.535204	0.039966
421001	422000	421501	412.0	-0.534726	0.210767
422001	423000	422501	589.0	-0.534247	0.726390
423001	424000	423501	403.0	-0.533769	0.178903
424001	425000	424501	383.0	-0.533291	0.105467
425001	426000	425501	476.0	-0.532812	0.419084
426001	427000	426501	398.0	-0.532334	0.160891
427001	428000	427501	411.0	-0.531856	0.207261
428001	429000	428501	340.0	-0.531378	-0.066342
429001	430000	429501	396.0	-0.530899	0.153623
430001	431000	430501	323.0	-0.530421	-0.140343
431001	432000	431501	381.0	-0.529943	0.097914
432001	433000	432501	403.0	-0.529464	0.178903
433001	434000	433501	348.0	-0.528986	-0.032790
434001	435000	434501	452.0	-0.528508	0.344446
435001	436000	435501	394.0	-0.528030	0.146318
436001	437000	436501	380.0	-0.527551	0.094122
437001	438000	437501	438.0	-0.527073	0.299054
438001	439000	438501	357.0	-0.526595	0.004047
439001	440000	439501	458.0	-0.526116	0.363470
440001	441000	440501	414.0	-0.525638	0.217754
441001	442000	441501	381.0	-0.525160	0.097914
442001	443000	442501	434.0	-0.524682	0.285818
443001	444000	443501	365.0	-0.524203	0.036019
444001	445000	444501	314.0	-0.523725	-0.181113
445001	446000	445501	407.0	-0.523247	0.193152
446001	447000	446501	339.0	-0.522768	-0.070592
447001	448000	447501	449.0	-0.522290	0.334838
448001	449000	448501	336.0	-0.521812	-0.083416
449001	450000	449501	389.0	-0.521334	0.127893
450001	451000	450501	473.0	-0.520855	0.409963
451001	452000	451501	309.0	-0.520377	-0.204270
452001	453000	452501	309.0	-0.519899	-0.204270
453001	454000	453501	374.0	-0.519420	0.071161
454001	455000	454501	362.0	-0.518942	0.024112
455001	456000	455501	337.0	-0.518464	-0.079129
456001	457000	456501	369.0	-0.517986	0.051744
457001	458000	457501	416.0	-0.517507	0.224706
458001	459000	458501	425.0	-0.517029	0.255586
459001	460000	459501	359.0	-0.516551	0.012107
460001	461000	460501	407.0	-0.516072	0.193152
461001	462000	461501	371.0	-0.515594	0.059542
462001	463000	462501	382.0	-0.515116	0.101695
463001	464000	463501	296.0	-0.514638	-0.266280
464001	465000	464501	328.0	-0.514159	-0.118181
465001	466000	465501	288.0	-0.513681	-0.305808
466001	467000	466501	327.0	-0.513203	-0.122587
467001	468000	467501	359.0	-0.512724	0.012107
468001	469000	468501	348.0	-0.512246	-0.032790
469001	470000	469501	314.0	-0.511768	-0.181113
470001	471000	470501	330.0	-0.511290	-0.109411
471001	472000	471501	357.0	-0.510811	0.004047
472001	473000	472501	270.0	-0.510333	-0.398918
473001	474000	473501	363.0	-0.509855	0.028092
474001	475000	474501	462.0	-0.509376	0.376016
475001	476000	475501	512.0	-0.508898	0.524267
476001	477000	476501	408.0	-0.508420	0.196692
477001	478000	477501	373.0	-0.507941	0.067298
478001	479000	478501	478.0	-0.507463	0.425133
479001	480000	479501	482.0	-0.506985	0.437156
480001	481000	480501	439.0	-0.506507	0.302344
481001	482000	481501	434.0	-0.506028	0.285818
482001	483000	482501	536.0	-0.505550	0.590356
483001	484000	483501	422.0	-0.505072	0.245366
484001	485000	484501	363.0	-0.504593	0.028092
485001	486000	485501	390.0	-0.504115	0.131597
486001	487000	486501	338.0	-0.503637	-0.074854
487001	488000	487501	377.0	-0.503159	0.082687
488001	489000	488501	417.0	-0.502680	0.228170
489001	490000	489501	391.0	-0.502202	0.135291
490001	491000	490501	323.0	-0.501724	-0.140343
491001	492000	491501	328.0	-0.501245	-0.118181
492001	493000	492501	316.0	-0.500767	-0.171953
493001	494000	493501	351.0	-0.500289	-0.020406
494001	495000	494501	354.0	-0.499811	-0.008128
495001	496000	495501	361.0	-0.499332	0.020122
496001	497000	496501	346.0	-0.498854	-0.041105
497001	498000	497501	417.0	-0.498376	0.228170
498001	499000	498501	365.0	-0.497897	0.036019
499001	500000	499501	392.0	-0.497419	0.138976
500001	501000	500501	377.0	-0.496941	0.082687
501001	502000	501501	388.0	-0.496463	0.124179
502001	503000	502501	345.0	-0.495984	-0.045281
503001	504000	503501	400.0	-0.495506	0.168123
504001	505000	504501	482.0	-0.495028	0.437156
505001	506000	505501	542.0	-0.494549	0.606416
506001	507000	506501	382.0	-0.494071	0.101695
507001	508000	507501	303.0	-0.493593	-0.232559
508001	509000	508501	429.0	-0.493115	0.269100
509001	510000	509501	435.0	-0.492636	0.289138
510001	511000	510501	335.0	-0.492158	-0.087716
511001	512000	511501	332.0	-0.491680	-0.100694
512001	513000	512501	412.0	-0.491201	0.210767
513001	514000	513501	406.0	-0.490723	0.189602
514001	515000	514501	321.0	-0.490245	-0.149304
515001	516000	515501	385.0	-0.489767	0.112981
516001	517000	516501	376.0	-0.489288	0.078855
517001	518000	517501	400.0	-0.488810	0.168123
518001	519000	518501	406.0	-0.488332	0.189602
519001	520000	519501	353.0	-0.487853	-0.012209
520001	521000	520501	348.0	-0.487375	-0.032790
521001	522000	521501	374.0	-0.486897	0.071161
522001	523000	522501	368.0	-0.486419	0.047829
523001	524000	523501	322.0	-0.485940	-0.144817
524001	525000	524501	293.0	-0.485462	-0.280977
525001	526000	525501	332.0	-0.484984	-0.100694
526001	527000	526501	289.0	-0.484505	-0.300808
527001	528000	527501	360.0	-0.484027	0.016120
528001	529000	528501	273.0	-0.483549	-0.382976
529001	530000	529501	320.0	-0.483071	-0.153805
530001	531000	530501	379.0	-0.482592	0.090321
531001	532000	531501	437.0	-0.482114	0.295756
532001	533000	532501	496.0	-0.481636	0.478463
533001	534000	533501	388.0	-0.481157	0.124179
534001	535000	534501	421.0	-0.480679	0.241943
535001	536000	535501	447.0	-0.480201	0.328398
536001	537000	536501	437.0	-0.479723	0.295756
537001	538000	537501	386.0	-0.479244	0.116724
538001	539000	538501	343.0	-0.478766	-0.053669
539001	540000	539501	360.0	-0.478288	0.016120
540001	541000	540501	361.0	-0.477809	0.020122
541001	542000	541501	358.0	-0.477331	0.008082
542001	543000	542501	395.0	-0.476853	0.149975
543001	544000	543501	360.0	-0.476375	0.016120
544001	545000	544501	263.0	-0.475896	-0.436814
545001	546000	545501	419.0	-0.475418	0.235073
546001	547000	546501	566.0	-0.474940	0.668925
547001	548000	547501	461.0	-0.474461	0.372890
548001	549000	548501	397.0	-0.473983	0.157262
549001	550000	549501	415.0	-0.473505	0.221234
550001	551000	550501	407.0	-0.473026	0.193152
551001	552000	551501	360.0	-0.472548	0.016120
552001	553000	552501	318.0	-0.472070	-0.162850
553001	554000	553501	329.0	-0.471592	-0.113790
554001	555000	554501	368.0	-0.471113	0.047829
555001	556000	555501	344.0	-0.470635	-0.049469
556001	557000	556501	300.0	-0.470157	-0.246915
557001	558000	557501	281.0	-0.469678	-0.341307
558001	559000	558501	326.0	-0.469200	-0.127005
559001	560000	559501	398.0	-0.468722	0.160891
560001	561000	560501	386.0	-0.468244	0.116724
561001	562000	561501	341.0	-0.467765	-0.062106
562001	563000	562501	335.0	-0.467287	-0.087716
563001	564000	563501	397.0	-0.466809	0.157262
564001	565000	564501	332.0	-0.466330	-0.100694
565001	566000	565501	311.0	-0.465852	-0.194963
566001	567000	566501	349.0	-0.465374	-0.028650
567001	568000	567501	435.0	-0.464896	0.289138
568001	569000	568501	390.0	-0.464417	0.131597
569001	570000	569501	324.0	-0.463939	-0.135883
570001	571000	570501	304.0	-0.463461	-0.227806
571001	572000	571501	360.0	-0.462982	0.016120
572001	573000	572501	406.0	-0.462504	0.189602
573001	574000	573501	319.0	-0.462026	-0.158321
574001	575000	574501	390.0	-0.461548	0.131597
575001	576000	575501	407.0	-0.461069	0.193152
576001	577000	576501	456.0	-0.460591	0.357157
577001	578000	577501	368.0	-0.460113	0.047829
578001	579000	578501	298.0	-0.459634	-0.256565
579001	580000	579501	332.0	-0.459156	-0.100694
580001	581000	580501	385.0	-0.458678	0.112981
581001	582000	581501	373.0	-0.458200	0.067298
582001	583000	582501	354.0	-0.457721	-0.008128
583001	584000	583501	385.0	-0.457243	0.112981
584001	585000	584501	369.0	-0.456765	0.051744
585001	586000	585501	394.0	-0.456286	0.146318
586001	587000	586501	354.0	-0.455808	-0.008128
587001	588000	587501	421.0	-0.455330	0.241943
588001	589000	588501	294.0	-0.454852	-0.276061
589001	590000	589501	323.0	-0.454373	-0.140343
590001	591000	590501	316.0	-0.453895	-0.171953
591001	592000	591501	361.0	-0.453417	0.020122
592001	593000	592501	323.0	-0.452938	-0.140343
593001	594000	593501	404.0	-0.452460	0.182478
594001	595000	594501	335.0	-0.451982	-0.087716
595001	596000	595501	294.0	-0.451504	-0.276061
596001	597000	596501	309.0	-0.451025	-0.204270
597001	598000	597501	269.0	-0.450547	-0.404271
598001	599000	598501	247.0	-0.450069	-0.527366
599001	600000	599501	339.0	-0.449590	-0.070592
600001	601000	600501	325.0	-0.449112	-0.131438
601001	602000	601501	340.0	-0.448634	-0.066342
602001	603000	602501	348.0	-0.448156	-0.032790
603001	604000	603501	368.0	-0.447677	0.047829
604001	605000	604501	339.0	-0.447199	-0.070592
605001	606000	605501	400.0	-0.446721	0.168123
606001	607000	606501	360.0	-0.446242	0.016120
607001	608000	607501	414.0	-0.445764	0.217754
608001	609000	608501	413.0	-0.445286	0.214265
609001	610000	609501	439.0	-0.444808	0.302344
610001	611000	610501	440.0	-0.444329	0.305626
611001	612000	611501	484.0	-0.443851	0.443130
612001	613000	612501	423.0	-0.443373	0.248780
613001	614000	613501	313.0	-0.442894	-0.185715
614001	615000	614501	355.0	-0.442416	-0.004058
615001	616000	615501	348.0	-0.441938	-0.032790
616001	617000	616501	347.0	-0.441460	-0.036942
617001	618000	617501	309.0	-0.440981	-0.204270
618001	619000	618501	361.0	-0.440503	0.020122
619001	620000	619501	380.0	-0.440025	0.094122
620001	621000	620501	385.0	-0.439546	0.112981
621001	622000	621501	430.0	-0.439068	0.272459
622001	623000	622501	347.0	-0.438590	-0.036942
623001	624000	623501	371.0	-0.438111	0.059542
624001	625000	624501	419.0	-0.437633	0.235073
625001	626000	625501	384.0	-0.437155	0.109229
626001	627000	626501	386.0	-0.436677	0.116724
627001	628000	627501	383.0	-0.436198	0.105467
628001	629000	628501	445.0	-0.435720	0.321928
629001	630000	629501	396.0	-0.435242	0.153623
630001	631000	630501	357.0	-0.434763	0.004047
631001	632000	631501	342.0	-0.434285	-0.057881
632001	633000	632501	351.0	-0.433807	-0.020406
633001	634000	633501	361.0	-0.433329	0.020122
634001	635000	634501	396.0	-0.432850	0.153623
635001	636000	635501	407.0	-0.432372	0.193152
636001	637000	636501	356.0	-0.431894	0.000000
637001	638000	637501	320.0	-0.431415	-0.153805
638001	639000	638501	306.0	-0.430937	-0.218346
639001	640000	639501	343.0	-0.430459	-0.053669
640001	641000	640501	335.0	-0.429981	-0.087716
641001	642000	641501	283.0	-0.429502	-0.331075
642001	643000	642501	340.0	-0.429024	-0.066342
643001	644000	643501	375.0	-0.428546	0.075013
644001	645000	644501	383.0	-0.428067	0.105467
645001	646000	645501	380.0	-0.427589	0.094122
646001	647000	646501	424.0	-0.427111	0.252187
647001	648000	647501	538.0	-0.426633	0.595729
648001	649000	648501	510.0	-0.426154	0.518620
649001	650000	649501	368.0	-0.425676	0.047829
650001	651000	650501	355.0	-0.425198	-0.004058
651001	652000	651501	400.0	-0.424719	0.168123
652001	653000	652501	354.0	-0.424241	-0.008128
653001	654000	653501	360.0	-0.423763	0.016120
654001	655000	654501	456.0	-0.423285	0.357157
655001	656000	655501	363.0	-0.422806	0.028092
656001	657000	656501	322.0	-0.422328	-0.144817
657001	658000	657501	381.0	-0.421850	0.097914
658001	659000	658501	382.0	-0.421371	0.101695
659001	660000	659501	423.0	-0.420893	0.248780
660001	661000	660501	318.0	-0.420415	-0.162850
661001	662000	661501	372.0	-0.419937	0.063425
662001	663000	662501	381.0	-0.419458	0.097914
663001	664000	663501	338.0	-0.418980	-0.074854
664001	665000	664501	390.0	-0.418502	0.131597
665001	666000	665501	419.0	-0.418023	0.235073
666001	667000	666501	412.0	-0.417545	0.210767
667001	668000	667501	413.0	-0.417067	0.214265
668001	669000	668501	463.0	-0.416589	0.379135
669001	670000	669501	327.0	-0.416110	-0.122587
670001	671000	670501	370.0	-0.415632	0.055648
671001	672000	671501	408.0	-0.415154	0.196692
672001	673000	672501	388.0	-0.414675	0.124179
673001	674000	673501	271.0	-0.414197	-0.393584
674001	675000	674501	353.0	-0.413719	-0.012209
675001	676000	675501	399.0	-0.413241	0.164512
676001	677000	676501	499.0	-0.412762	0.487163
677001	678000	677501	389.0	-0.412284	0.127893
678001	679000	678501	342.0	-0.411806	-0.057881
679001	680000	679501	341.0	-0.411327	-0.062106
680001	681000	680501	326.0	-0.410849	-0.127005
681001	682000	681501	338.0	-0.410371	-0.074854
682001	683000	682501	332.0	-0.409893	-0.100694
683001	684000	683501	408.0	-0.409414	0.196692
684001	685000	684501	519.0	-0.408936	0.543857
685001	686000	685501	347.0	-0.408458	-0.036942
686001	687000	686501	400.0	-0.407979	0.168123
687001	688000	687501	356.0	-0.407501	0.000000
688001	689000	688501	325.0	-0.407023	-0.131438
689001	690000	689501	316.0	-0.406545	-0.171953
690001	691000	690501	297.0	-0.406066	-0.261414
691001	692000	691501	353.0	-0.405588	-0.012209
692001	693000	692501	395.0	-0.405110	0.149975
693001	694000	693501	371.0	-0.404631	0.059542
694001	695000	694501	355.0	-0.404153	-0.004058
695001	696000	695501	390.0	-0.403675	0.131597
696001	697000	696501	333.0	-0.403196	-0.096355
697001	698000	697501	291.0	-0.402718	-0.290858
698001	699000	698501	413.0	-0.402240	0.214265
699001	700000	699501	404.0	-0.401762	0.182478
700001	701000	700501	388.0	-0.401283	0.124179
701001	702000	701501	428.0	-0.400805	0.265734
702001	703000	702501	376.0	-0.400327	0.078855
703001	704000	703501	361.0	-0.399848	0.020122
704001	705000	704501	467.0	-0.399370	0.391545
705001	706000	705501	355.0	-0.398892	-0.004058
706001	707000	706501	341.0	-0.398414	-0.062106
707001	708000	707501	436.0	-0.397935	0.292451
708001	709000	708501	394.0	-0.397457	0.146318
709001	710000	709501	373.0	-0.396979	0.067298
710001	711000	710501	365.0	-0.396500	0.036019
711001	712000	711501	358.0	-0.396022	0.008082
712001	713000	712501	411.0	-0.395544	0.207261
713001	714000	713501	391.0	-0.395066	0.135291
714001	715000	714501	340.0	-0.394587	-0.066342
715001	716000	715501	308.0	-0.394109	-0.208947
716001	717000	716501	340.0	-0.393631	-0.066342
717001	718000	717501	324.0	-0.393152	-0.135883
718001	719000	718501	307.0	-0.392674	-0.213639
719001	720000	719501	405.0	-0.392196	0.186045
720001	721000	720501	323.0	-0.391718	-0.140343
721001	722000	721501	293.0	-0.391239	-0.280977
722001	723000	722501	364.0	-0.390761	0.032061
723001	724000	723501	434.0	-0.390283	0.285818
724001	725000	724501	365.0	-0.389804	0.036019
725001	726000	725501	346.0	-0.389326	-0.041105
726001	727000	726501	333.0	-0.388848	-0.096355
727001	728000	727501	351.0	-0.388370	-0.020406
728001	729000	728501	335.0	-0.387891	-0.087716
729001	730000	729501	304.0	-0.387413	-0.227806
730001	731000	730501	335.0	-0.386935	-0.087716
731001	732000	731501	265.0	-0.386456	-0.425885
732001	733000	732501	351.0	-0.385978	-0.020406
733001	734000	733501	315.0	-0.385500	-0.176525
734001	735000	734501	305.0	-0.385022	-0.223068
735001	736000	735501	353.0	-0.384543	-0.012209
736001	737000	736501	381.0	-0.384065	0.097914
737001	738000	737501	347.0	-0.383587	-0.036942
738001	739000	738501	376.0	-0.383108	0.078855
739001	740000	739501	323.0	-0.382630	-0.140343
740001	741000	740501	308.0	-0.382152	-0.208947
741001	742000	741501	318.0	-0.381674	-0.162850
742001	743000	742501	421.0	-0.381195	0.241943
743001	744000	743501	352.0	-0.380717	-0.016302
744001	745000	744501	440.0	-0.380239	0.305626
745001	746000	745501	385.0	-0.379760	0.112981
746001	747000	746501	299.0	-0.379282	-0.251732
747001	748000	747501	335.0	-0.378804	-0.087716
748001	749000	748501	358.0	-0.378326	0.008082
749001	750000	749501	394.0	-0.377847	0.146318
750001	751000	750501	360.0	-0.377369	0.016120
751001	752000	751501	316.0	-0.376891	-0.171953
752001	753000	752501	309.0	-0.376412	-0.204270
753001	754000	753501	324.0	-0.375934	-0.135883
754001	755000	754501	313.0	-0.375456	-0.185715
755001	756000	755501	407.0	-0.374978	0.193152
756001	757000	756501	312.0	-0.374499	-0.190331
757001	758000	757501	368.0	-0.374021	0.047829
758001	759000	758501	351.0	-0.373543	-0.020406
759001	760000	759501	320.0	-0.373064	-0.153805
760001	761000	760501	352.0	-0.372586	-0.016302
761001	762000	761501	376.0	-0.372108	0.078855
762001	763000	762501	305.0	-0.371630	-0.223068
763001	764000	763501	381.0	-0.371151	0.097914
764001	765000	764501	534.0	-0.370673	0.584963
765001	766000	765501	487.0	-0.370195	0.452045
766001	767000	766501	321.0	-0.369716	-0.149304
767001	768000	767501	263.0	-0.369238	-0.436814
768001	769000	768501	411.0	-0.368760	0.207261
769001	770000	769501	404.0	-0.368281	0.182478
770001	771000	770501	377.0	-0.367803	0.082687
771001	772000	771501	370.0	-0.367325	0.055648
772001	773000	772501	332.0	-0.366847	-0.100694
773001	774000	773501	323.0	-0.366368	-0.140343
774001	775000	774501	310.0	-0.365890	-0.199609
775001	776000	775501	340.0	-0.365412	-0.066342
776001	777000	776501	369.0	-0.364933	0.051744
777001	778000	777501	482.0	-0.364455	0.437156
778001	779000	778501	401.0	-0.363977	0.171725
779001	780000	779501	590.0	-0.363499	0.728838
780001	781000	780501	469.0	-0.363020	0.397711
781001	782000	781501	517.0	-0.362542	0.538287
782001	783000	782501	624.0	-0.362064	0.809669
783001	784000	783501	461.0	-0.361585	0.372890
784001	785000	784501	529.0	-0.361107	0.571390
785001	786000	785501	475.0	-0.360629	0.416050
786001	787000	786501	407.0	-0.360151	0.193152
787001	788000	787501	355.0	-0.359672	-0.004058
788001	789000	788501	443.0	-0.359194	0.315429
789001	790000	789501	374.0	-0.358716	0.071161
790001	791000	790501	408.0	-0.358237	0.196692
791001	792000	791501	297.0	-0.357759	-0.261414
792001	793000	792501	372.0	-0.357281	0.063425
793001	794000	793501	331.0	-0.356803	-0.105046
794001	795000	794501	302.0	-0.356324	-0.237329
795001	796000	795501	307.0	-0.355846	-0.213639
796001	797000	796501	331.0	-0.355368	-0.105046
797001	798000	797501	371.0	-0.354889	0.059542
798001	799000	798501	368.0	-0.354411	0.047829
799001	800000	799501	379.0	-0.353933	0.090321
800001	801000	800501	236.0	-0.353455	-0.593090
801001	802000	801501	257.0	-0.352976	-0.470109
802001	803000	802501	314.0	-0.352498	-0.181113
803001	804000	803501	393.0	-0.352020	0.142652
804001	805000	804501	364.0	-0.351541	0.032061
805001	806000	805501	430.0	-0.351063	0.272459
806001	807000	806501	533.0	-0.350585	0.582258
807001	808000	807501	420.0	-0.350107	0.238512
808001	809000	808501	520.0	-0.349628	0.546634
809001	810000	809501	426.0	-0.349150	0.258976
810001	811000	810501	302.0	-0.348672	-0.237329
811001	812000	811501	383.0	-0.348193	0.105467
812001	813000	812501	393.0	-0.347715	0.142652
813001	814000	813501	278.0	-0.347237	-0.356792
814001	815000	814501	268.0	-0.346759	-0.409644
815001	816000	815501	277.0	-0.346280	-0.361991
816001	817000	816501	326.0	-0.345802	-0.127005
817001	818000	817501	278.0	-0.345324	-0.356792
818001	819000	818501	220.0	-0.344845	-0.694374
819001	820000	819501	257.0	-0.344367	-0.470109
820001	821000	820501	326.0	-0.343889	-0.127005
821001	822000	821501	359.0	-0.343411	0.012107
822001	823000	822501	317.0	-0.342932	-0.167394
823001	824000	823501	440.0	-0.342454	0.305626
824001	825000	824501	370.0	-0.341976	0.055648
825001	826000	825501	299.0	-0.341497	-0.251732
826001	827000	826501	348.0	-0.341019	-0.032790
827001	828000	827501	272.0	-0.340541	-0.388271
828001	829000	828501	378.0	-0.340063	0.086509
829001	830000	829501	410.0	-0.339584	0.203747
830001	831000	830501	294.0	-0.339106	-0.276061
831001	832000	831501	275.0	-0.338628	-0.372446
832001	833000	832501	291.0	-0.338149	-0.290858
833001	834000	833501	295.0	-0.337671	-0.271162
834001	835000	834501	304.0	-0.337193	-0.227806
835001	836000	835501	390.0	-0.336715	0.131597
836001	837000	836501	338.0	-0.336236	-0.074854
837001	838000	837501	360.0	-0.335758	0.016120
838001	839000	838501	414.0	-0.335280	0.217754
839001	840000	839501	445.0	-0.334801	0.321928
840001	841000	840501	506.0	-0.334323	0.507260
841001	842000	841501	573.0	-0.333845	0.686658
842001	843000	842501	383.0	-0.333366	0.105467
843001	844000	843501	307.0	-0.332888	-0.213639
844001	845000	844501	393.0	-0.332410	0.142652
845001	846000	845501	382.0	-0.331932	0.101695
846001	847000	846501	348.0	-0.331453	-0.032790
847001	848000	847501	443.0	-0.330975	0.315429
848001	849000	848501	470.0	-0.330497	0.400784
849001	850000	849501	519.0	-0.330018	0.543857
850001	851000	850501	535.0	-0.329540	0.587662
851001	852000	851501	433.0	-0.329062	0.282490
852001	853000	852501	324.0	-0.328584	-0.135883
853001	854000	853501	305.0	-0.328105	-0.223068
854001	855000	854501	420.0	-0.327627	0.238512
855001	856000	855501	318.0	-0.327149	-0.162850
856001	857000	856501	351.0	-0.326670	-0.020406
857001	858000	857501	536.0	-0.326192	0.590356
858001	859000	858501	464.0	-0.325714	0.382248
859001	860000	859501	380.0	-0.325236	0.094122
860001	861000	860501	448.0	-0.324757	0.331621
861001	862000	861501	365.0	-0.324279	0.036019
862001	863000	862501	354.0	-0.323801	-0.008128
863001	864000	863501	387.0	-0.323322	0.120456
864001	865000	864501	395.0	-0.322844	0.149975
865001	866000	865501	427.0	-0.322366	0.262359
866001	867000	866501	377.0	-0.321888	0.082687
867001	868000	867501	336.0	-0.321409	-0.083416
868001	869000	868501	342.0	-0.320931	-0.057881
869001	870000	869501	362.0	-0.320453	0.024112
870001	871000	870501	406.0	-0.319974	0.189602
871001	872000	871501	480.0	-0.319496	0.431157
872001	873000	872501	468.0	-0.319018	0.394631
873001	874000	873501	253.0	-0.318540	-0.492740
874001	875000	874501	295.0	-0.318061	-0.271162
875001	876000	875501	332.0	-0.317583	-0.100694
876001	877000	876501	253.0	-0.317105	-0.492740
877001	878000	877501	320.0	-0.316626	-0.153805
878001	879000	878501	357.0	-0.316148	0.004047
879001	880000	879501	319.0	-0.315670	-0.158321
880001	881000	880501	358.0	-0.315192	0.008082
881001	882000	881501	378.0	-0.314713	0.086509
882001	883000	882501	419.0	-0.314235	0.235073
883001	884000	883501	458.0	-0.313757	0.363470
884001	885000	884501	336.0	-0.313278	-0.083416
885001	886000	885501	291.0	-0.312800	-0.290858
886001	887000	886501	401.0	-0.312322	0.171725
887001	888000	887501	369.0	-0.311844	0.051744
888001	889000	888501	326.0	-0.311365	-0.127005
889001	890000	889501	454.0	-0.310887	0.350815
890001	891000	890501	460.0	-0.310409	0.369757
891001	892000	891501	323.0	-0.309930	-0.140343
892001	893000	892501	356.0	-0.309452	0.000000
893001	894000	893501	433.0	-0.308974	0.282490
894001	895000	894501	360.0	-0.308496	0.016120
895001	896000	895501	346.0	-0.308017	-0.041105
896001	897000	896501	364.0	-0.307539	0.032061
897001	898000	897501	328.0	-0.307061	-0.118181
898001	899000	898501	392.0	-0.306582	0.138976
899001	900000	899501	375.0	-0.306104	0.075013
900001	901000	900501	301.0	-0.305626	-0.242114
901001	902000	901501	335.0	-0.305148	-0.087716
902001	903000	902501	465.0	-0.304669	0.385353
903001	904000	903501	366.0	-0.304191	0.039966
904001	905000	904501	364.0	-0.303713	0.032061
905001	906000	905501	357.0	-0.303234	0.004047
906001	907000	906501	420.0	-0.302756	0.238512
907001	908000	907501	446.0	-0.302278	0.325166
908001	909000	908501	403.0	-0.301800	0.178903
909001	910000	909501	419.0	-0.301321	0.235073
910001	911000	910501	446.0	-0.300843	0.325166
911001	912000	911501	501.0	-0.300365	0.492933
912001	913000	912501	457.0	-0.299886	0.360317
913001	914000	913501	357.0	-0.299408	0.004047
914001	915000	914501	513.0	-0.298930	0.527082
915001	916000	915501	419.0	-0.298451	0.235073
916001	917000	916501	342.0	-0.297973	-0.057881
917001	918000	917501	321.0	-0.297495	-0.149304
918001	919000	918501	323.0	-0.297017	-0.140343
919001	920000	919501	344.0	-0.296538	-0.049469
920001	921000	920501	328.0	-0.296060	-0.118181
921001	922000	921501	405.0	-0.295582	0.186045
922001	923000	922501	399.0	-0.295103	0.164512
923001	924000	923501	412.0	-0.294625	0.210767
924001	925000	924501	343.0	-0.294147	-0.053669
925001	926000	925501	493.0	-0.293669	0.469710
926001	927000	926501	476.0	-0.293190	0.419084
927001	928000	927501	377.0	-0.292712	0.082687
928001	929000	928501	407.0	-0.292234	0.193152
929001	930000	929501	378.0	-0.291755	0.086509
930001	931000	930501	293.0	-0.291277	-0.280977
931001	932000	931501	289.0	-0.290799	-0.300808
932001	933000	932501	374.0	-0.290321	0.071161
933001	934000	933501	385.0	-0.289842	0.112981
934001	935000	934501	328.0	-0.289364	-0.118181
935001	936000	935501	284.0	-0.288886	-0.325986
936001	937000	936501	316.0	-0.288407	-0.171953
937001	938000	937501	320.0	-0.287929	-0.153805
938001	939000	938501	302.0	-0.287451	-0.237329
939001	940000	939501	267.0	-0.286973	-0.415037
940001	941000	940501	296.0	-0.286494	-0.266280
941001	942000	941501	324.0	-0.286016	-0.135883
942001	943000	942501	283.0	-0.285538	-0.331075
943001	944000	943501	344.0	-0.285059	-0.049469
944001	945000	944501	358.0	-0.284581	0.008082
945001	946000	945501	319.0	-0.284103	-0.158321
946001	947000	946501	317.0	-0.283625	-0.167394
947001	948000	947501	416.0	-0.283146	0.224706
948001	949000	948501	358.0	-0.282668	0.008082
949001	950000	949501	400.0	-0.282190	0.168123
950001	951000	950501	393.0	-0.281711	0.142652
951001	952000	951501	420.0	-0.281233	0.238512
952001	953000	952501	373.0	-0.280755	0.067298
953001	954000	953501	397.0	-0.280277	0.157262
954001	955000	954501	401.0	-0.279798	0.171725
955001	956000	955501	352.0	-0.279320	-0.016302
956001	957000	956501	452.0	-0.278842	0.344446
957001	958000	957501	416.0	-0.278363	0.224706
958001	959000	958501	268.0	-0.277885	-0.409644
959001	960000	959501	307.0	-0.277407	-0.213639
960001	961000	960501	364.0	-0.276929	0.032061
961001	962000	961501	352.0	-0.276450	-0.016302
962001	963000	962501	370.0	-0.275972	0.055648
963001	964000	963501	371.0	-0.275494	0.059542
964001	965000	964501	339.0	-0.275015	-0.070592
965001	966000	965501	352.0	-0.274537	-0.016302
966001	967000	966501	294.0	-0.274059	-0.276061
967001	968000	967501	309.0	-0.273581	-0.204270
968001	969000	968501	354.0	-0.273102	-0.008128
969001	970000	969501	330.0	-0.272624	-0.109411
970001	971000	970501	323.0	-0.272146	-0.140343
971001	972000	971501	402.0	-0.271667	0.175318
972001	973000	972501	322.0	-0.271189	-0.144817
973001	974000	973501	276.0	-0.270711	-0.367209
974001	975000	974501	413.0	-0.270233	0.214265
975001	976000	975501	332.0	-0.269754	-0.100694
976001	977000	976501	372.0	-0.269276	0.063425
977001	978000	977501	327.0	-0.268798	-0.122587
978001	979000	978501	371.0	-0.268319	0.059542
979001	980000	979501	452.0	-0.267841	0.344446
980001	981000	980501	360.0	-0.267363	0.016120
981001	982000	981501	338.0	-0.266885	-0.074854
982001	983000	982501	364.0	-0.266406	0.032061
983001	984000	983501	341.0	-0.265928	-0.062106
984001	985000	984501	399.0	-0.265450	0.164512
985001	986000	985501	297.0	-0.264971	-0.261414
986001	987000	986501	306.0	-0.264493	-0.218346
987001	988000	987501	341.0	-0.264015	-0.062106
988001	989000	988501	461.0	-0.263536	0.372890
989001	990000	989501	450.0	-0.263058	0.338048
990001	991000	990501	378.0	-0.262580	0.086509
991001	992000	991501	404.0	-0.262102	0.182478
992001	993000	992501	421.0	-0.261623	0.241943
993001	994000	993501	412.0	-0.261145	0.210767
994001	995000	994501	405.0	-0.260667	0.186045
995001	996000	995501	450.0	-0.260188	0.338048
996001	997000	996501	331.0	-0.259710	-0.105046
997001	998000	997501	369.0	-0.259232	0.051744
998001	999000	998501	299.0	-0.258754	-0.251732
999001	1000000	999501	302.0	-0.258275	-0.237329
1000001	1001000	1000501	330.0	-0.257797	-0.109411
1001001	1002000	1001501	405.0	-0.257319	0.186045
1002001	1003000	1002501	339.0	-0.256840	-0.070592
1003001	1004000	1003501	318.0	-0.256362	-0.162850
1004001	1005000	1004501	448.0	-0.255884	0.331621
1005001	1006000	1005501	503.0	-0.255406	0.498681
1006001	1007000	1006501	346.0	-0.254927	-0.041105
1007001	1008000	1007501	411.0	-0.254449	0.207261
1008001	1009000	1008501	402.0	-0.253971	0.175318
1009001	1010000	1009501	363.0	-0.253492	0.028092
1010001	1011000	1010501	400.0	-0.253014	0.168123
1011001	1012000	1011501	357.0	-0.252536	0.004047
1012001	1013000	1012501	387.0	-0.252058	0.120456
1013001	1014000	1013501	428.0	-0.251579	0.265734
1014001	1015000	1014501	375.0	-0.251101	0.075013
1015001	1016000	1015501	395.0	-0.250623	0.149975
1016001	1017000	1016501	357.0	-0.250144	0.004047
1017001	1018000	1017501	462.0	-0.249666	0.376016
1018001	1019000	1018501	481.0	-0.249188	0.434160
1019001	1020000	1019501	392.0	-0.248710	0.138976
1020001	1021000	1020501	340.0	-0.248231	-0.066342
1021001	1022000	1021501	388.0	-0.247753	0.124179
1022001	1023000	1022501	353.0	-0.247275	-0.012209
1023001	1024000	1023501	378.0	-0.246796	0.086509
1024001	1025000	1024501	424.0	-0.246318	0.252187
1025001	1026000	1025501	423.0	-0.245840	0.248780
1026001	1027000	1026501	346.0	-0.245362	-0.041105
1027001	1028000	1027501	395.0	-0.244883	0.149975
1028001	1029000	1028501	322.0	-0.244405	-0.144817
1029001	1030000	1029501	348.0	-0.243927	-0.032790
1030001	1031000	1030501	292.0	-0.243448	-0.285909
1031001	1032000	1031501	313.0	-0.242970	-0.185715
1032001	1033000	1032501	388.0	-0.242492	0.124179
1033001	1034000	1033501	456.0	-0.242014	0.357157
1034001	1035000	1034501	474.0	-0.241535	0.413010
1035001	1036000	1035501	479.0	-0.241057	0.428148
1036001	1037000	1036501	393.0	-0.240579	0.142652
1037001	1038000	1037501	393.0	-0.240100	0.142652
1038001	1039000	1038501	471.0	-0.239622	0.403850
1039001	1040000	1039501	446.0	-0.239144	0.325166
1040001	1041000	1040501	386.0	-0.238666	0.116724
1041001	1042000	1041501	446.0	-0.238187	0.325166
1042001	1043000	1042501	477.0	-0.237709	0.422112
1043001	1044000	1043501	398.0	-0.237231	0.160891
1044001	1045000	1044501	481.0	-0.236752	0.434160
1045001	1046000	1045501	401.0	-0.236274	0.171725
1046001	1047000	1046501	460.0	-0.235796	0.369757
1047001	1048000	1047501	500.0	-0.235318	0.490051
1048001	1049000	1048501	342.0	-0.234839	-0.057881
1049001	1050000	1049501	376.0	-0.234361	0.078855
1050001	1051000	1050501	342.0	-0.233883	-0.057881
1051001	1052000	1051501	355.0	-0.233404	-0.004058
1052001	1053000	1052501	359.0	-0.232926	0.012107
1053001	1054000	1053501	356.0	-0.232448	0.000000
1054001	1055000	1054501	342.0	-0.231970	-0.057881
1055001	1056000	1055501	288.0	-0.231491	-0.305808
1056001	1057000	1056501	275.0	-0.231013	-0.372446
1057001	1058000	1057501	336.0	-0.230535	-0.083416
1058001	1059000	1058501	328.0	-0.230056	-0.118181
1059001	1060000	1059501	371.0	-0.229578	0.059542
1060001	1061000	1060501	401.0	-0.229100	0.171725
1061001	1062000	1061501	432.0	-0.228621	0.279154
1062001	1063000	1062501	368.0	-0.228143	0.047829
1063001	1064000	1063501	350.0	-0.227665	-0.024522
1064001	1065000	1064501	307.0	-0.227187	-0.213639
1065001	1066000	1065501	374.0	-0.226708	0.071161
1066001	1067000	1066501	373.0	-0.226230	0.067298
1067001	1068000	1067501	322.0	-0.225752	-0.144817
1068001	1069000	1068501	265.0	-0.225273	-0.425885
1069001	1070000	1069501	333.0	-0.224795	-0.096355
1070001	1071000	1070501	347.0	-0.224317	-0.036942
1071001	1072000	1071501	295.0	-0.223839	-0.271162
1072001	1073000	1072501	326.0	-0.223360	-0.127005
1073001	1074000	1073501	299.0	-0.222882	-0.251732
1074001	1075000	1074501	320.0	-0.222404	-0.153805
1075001	1076000	1075501	331.0	-0.221925	-0.105046
1076001	1077000	1076501	305.0	-0.221447	-0.223068
1077001	1078000	1077501	397.0	-0.220969	0.157262
1078001	1079000	1078501	509.0	-0.220491	0.515788
1079001	1080000	1079501	289.0	-0.220012	-0.300808
1080001	1081000	1080501	313.0	-0.219534	-0.185715
1081001	1082000	1081501	393.0	-0.219056	0.142652
1082001	1083000	1082501	554.0	-0.218577	0.638009
1083001	1084000	1083501	364.0	-0.218099	0.032061
1084001	1085000	1084501	380.0	-0.217621	0.094122
1085001	1086000	1085501	372.0	-0.217143	0.063425
1086001	1087000	1086501	327.0	-0.216664	-0.122587
1087001	1088000	1087501	249.0	-0.216186	-0.515731
1088001	1089000	1088501	281.0	-0.215708	-0.341307
1089001	1090000	1089501	253.0	-0.215229	-0.492740
1090001	1091000	1090501	257.0	-0.214751	-0.470109
1091001	1092000	1091501	254.0	-0.214273	-0.487049
1092001	1093000	1092501	348.0	-0.213795	-0.032790
1093001	1094000	1093501	414.0	-0.213316	0.217754
1094001	1095000	1094501	344.0	-0.212838	-0.049469
1095001	1096000	1095501	385.0	-0.212360	0.112981
1096001	1097000	1096501	433.0	-0.211881	0.282490
1097001	1098000	1097501	330.0	-0.211403	-0.109411
1098001	1099000	1098501	351.0	-0.210925	-0.020406
1099001	1100000	1099501	428.0	-0.210447	0.265734
1100001	1101000	1100501	402.0	-0.209968	0.175318
1101001	1102000	1101501	441.0	-0.209490	0.308901
1102001	1103000	1102501	407.0	-0.209012	0.193152
1103001	1104000	1103501	322.0	-0.208533	-0.144817
1104001	1105000	1104501	325.0	-0.208055	-0.131438
1105001	1106000	1105501	425.0	-0.207577	0.255586
1106001	1107000	1106501	364.0	-0.207099	0.032061
1107001	1108000	1107501	358.0	-0.206620	0.008082
1108001	1109000	1108501	352.0	-0.206142	-0.016302
1109001	1110000	1109501	277.0	-0.205664	-0.361991
1110001	1111000	1110501	392.0	-0.205185	0.138976
1111001	1112000	1111501	345.0	-0.204707	-0.045281
1112001	1113000	1112501	316.0	-0.204229	-0.171953
1113001	1114000	1113501	496.0	-0.203751	0.478463
1114001	1115000	1114501	331.0	-0.203272	-0.105046
1115001	1116000	1115501	366.0	-0.202794	0.039966
1116001	1117000	1116501	328.0	-0.202316	-0.118181
1117001	1118000	1117501	432.0	-0.201837	0.279154
1118001	1119000	1118501	309.0	-0.201359	-0.204270
1119001	1120000	1119501	332.0	-0.200881	-0.100694
1120001	1121000	1120501	376.0	-0.200403	0.078855
1121001	1122000	1121501	318.0	-0.199924	-0.162850
1122001	1123000	1122501	317.0	-0.199446	-0.167394
1123001	1124000	1123501	392.0	-0.198968	0.138976
1124001	1125000	1124501	330.0	-0.198489	-0.109411
1125001	1126000	1125501	257.0	-0.198011	-0.470109
1126001	1127000	1126501	350.0	-0.197533	-0.024522
1127001	1128000	1127501	316.0	-0.197055	-0.171953
1128001	1129000	1128501	343.0	-0.196576	-0.053669
1129001	1130000	1129501	315.0	-0.196098	-0.176525
1130001	1131000	1130501	371.0	-0.195620	0.059542
1131001	1132000	1131501	410.0	-0.195141	0.203747
1132001	1133000	1132501	540.0	-0.194663	0.601082
1133001	1134000	1133501	436.0	-0.194185	0.292451
1134001	1135000	1134501	336.0	-0.193706	-0.083416
1135001	1136000	1135501	456.0	-0.193228	0.357157
1136001	1137000	1136501	475.0	-0.192750	0.416050
1137001	1138000	1137501	369.0	-0.192272	0.051744
1138001	1139000	1138501	336.0	-0.191793	-0.083416
1139001	1140000	1139501	374.0	-0.191315	0.071161
1140001	1141000	1140501	327.0	-0.190837	-0.122587
1141001	1142000	1141501	370.0	-0.190358	0.055648
1142001	1143000	1142501	398.0	-0.189880	0.160891
1143001	1144000	1143501	356.0	-0.189402	0.000000
1144001	1145000	1144501	347.0	-0.188924	-0.036942
1145001	1146000	1145501	329.0	-0.188445	-0.113790
1146001	1147000	1146501	414.0	-0.187967	0.217754
1147001	1148000	1147501	348.0	-0.187489	-0.032790
1148001	1149000	1148501	316.0	-0.187010	-0.171953
1149001	1150000	1149501	405.0	-0.186532	0.186045
1150001	1151000	1150501	479.0	-0.186054	0.428148
1151001	1152000	1151501	353.0	-0.185576	-0.012209
1152001	1153000	1152501	318.0	-0.185097	-0.162850
1153001	1154000	1153501	310.0	-0.184619	-0.199609
1154001	1155000	1154501	309.0	-0.184141	-0.204270
1155001	1156000	1155501	278.0	-0.183662	-0.356792
1156001	1157000	1156501	369.0	-0.183184	0.051744
1157001	1158000	1157501	313.0	-0.182706	-0.185715
1158001	1159000	1158501	308.0	-0.182228	-0.208947
1159001	1160000	1159501	327.0	-0.181749	-0.122587
1160001	1161000	1160501	284.0	-0.181271	-0.325986
1161001	1162000	1161501	395.0	-0.180793	0.149975
1162001	1163000	1162501	329.0	-0.180314	-0.113790
1163001	1164000	1163501	377.0	-0.179836	0.082687
1164001	1165000	1164501	449.0	-0.179358	0.334838
1165001	1166000	1165501	367.0	-0.178880	0.043903
1166001	1167000	1166501	348.0	-0.178401	-0.032790
1167001	1168000	1167501	367.0	-0.177923	0.043903
1168001	1169000	1168501	307.0	-0.177445	-0.213639
1169001	1170000	1169501	299.0	-0.176966	-0.251732
1170001	1171000	1170501	318.0	-0.176488	-0.162850
1171001	1172000	1171501	399.0	-0.176010	0.164512
1172001	1173000	1172501	564.0	-0.175532	0.663818
1173001	1174000	1173501	447.0	-0.175053	0.328398
1174001	1175000	1174501	326.0	-0.174575	-0.127005
1175001	1176000	1175501	394.0	-0.174097	0.146318
1176001	1177000	1176501	432.0	-0.173618	0.279154
1177001	1178000	1177501	375.0	-0.173140	0.075013
1178001	1179000	1178501	368.0	-0.172662	0.047829
1179001	1180000	1179501	335.0	-0.172184	-0.087716
1180001	1181000	1180501	360.0	-0.171705	0.016120
1181001	1182000	1181501	343.0	-0.171227	-0.053669
1182001	1183000	1182501	317.0	-0.170749	-0.167394
1183001	1184000	1183501	385.0	-0.170270	0.112981
1184001	1185000	1184501	420.0	-0.169792	0.238512
1185001	1186000	1185501	416.0	-0.169314	0.224706
1186001	1187000	1186501	351.0	-0.168836	-0.020406
1187001	1188000	1187501	435.0	-0.168357	0.289138
1188001	1189000	1188501	342.0	-0.167879	-0.057881
1189001	1190000	1189501	378.0	-0.167401	0.086509
1190001	1191000	1190501	472.0	-0.166922	0.406910
1191001	1192000	1191501	475.0	-0.166444	0.416050
1192001	1193000	1192501	357.0	-0.165966	0.004047
1193001	1194000	1193501	367.0	-0.165488	0.043903
1194001	1195000	1194501	355.0	-0.165009	-0.004058
1195001	1196000	1195501	385.0	-0.164531	0.112981
1196001	1197000	1196501	343.0	-0.164053	-0.053669
1197001	1198000	1197501	346.0	-0.163574	-0.041105
1198001	1199000	1198501	313.0	-0.163096	-0.185715
1199001	1200000	1199501	326.0	-0.162618	-0.127005
1200001	1201000	1200501	349.0	-0.162140	-0.028650
1201001	1202000	1201501	398.0	-0.161661	0.160891
1202001	1203000	1202501	366.0	-0.161183	0.039966
1203001	1204000	1203501	372.0	-0.160705	0.063425
1204001	1205000	1204501	457.0	-0.160226	0.360317
1205001	1206000	1205501	372.0	-0.159748	0.063425
1206001	1207000	1206501	407.0	-0.159270	0.193152
1207001	1208000	1207501	359.0	-0.158792	0.012107
1208001	1209000	1208501	380.0	-0.158313	0.094122
1209001	1210000	1209501	263.0	-0.157835	-0.436814
1210001	1211000	1210501	321.0	-0.157357	-0.149304
1211001	1212000	1211501	363.0	-0.156878	0.028092
1212001	1213000	1212501	311.0	-0.156400	-0.194963
1213001	1214000	1213501	350.0	-0.155922	-0.024522
1214001	1215000	1214501	366.0	-0.155443	0.039966
1215001	1216000	1215501	388.0	-0.154965	0.124179
1216001	1217000	1216501	331.0	-0.154487	-0.105046
1217001	1218000	1217501	355.0	-0.154009	-0.004058
1218001	1219000	1218501	371.0	-0.153530	0.059542
1219001	1220000	1219501	326.0	-0.153052	-0.127005
1220001	1221000	1220501	326.0	-0.152574	-0.127005
1221001	1222000	1221501	316.0	-0.152095	-0.171953
1222001	1223000	1222501	300.0	-0.151617	-0.246915
1223001	1224000	1223501	334.0	-0.151139	-0.092029
1224001	1225000	1224501	426.0	-0.150661	0.258976
1225001	1226000	1225501	337.0	-0.150182	-0.079129
1226001	1227000	1226501	452.0	-0.149704	0.344446
1227001	1228000	1227501	373.0	-0.149226	0.067298
1228001	1229000	1228501	377.0	-0.148747	0.082687
1229001	1230000	1229501	366.0	-0.148269	0.039966
1230001	1231000	1230501	434.0	-0.147791	0.285818
1231001	1232000	1231501	438.0	-0.147313	0.299054
1232001	1233000	1232501	405.0	-0.146834	0.186045
1233001	1234000	1233501	309.0	-0.146356	-0.204270
1234001	1235000	1234501	394.0	-0.145878	0.146318
1235001	1236000	1235501	375.0	-0.145399	0.075013
1236001	1237000	1236501	396.0	-0.144921	0.153623
1237001	1238000	1237501	413.0	-0.144443	0.214265
1238001	1239000	1238501	371.0	-0.143965	0.059542
1239001	1240000	1239501	366.0	-0.143486	0.039966
1240001	1241000	1240501	363.0	-0.143008	0.028092
1241001	1242000	1241501	348.0	-0.142530	-0.032790
1242001	1243000	1242501	380.0	-0.142051	0.094122
1243001	1244000	1243501	399.0	-0.141573	0.164512
1244001	1245000	1244501	321.0	-0.141095	-0.149304
1245001	1246000	1245501	349.0	-0.140617	-0.028650
1246001	1247000	1246501	414.0	-0.140138	0.217754
1247001	1248000	1247501	491.0	-0.139660	0.463846
1248001	1249000	1248501	609.0	-0.139182	0.774565
1249001	1250000	1249501	662.0	-0.138703	0.894954
1250001	1251000	1250501	591.0	-0.138225	0.731281
1251001	1252000	1251501	667.0	-0.137747	0.905810
1252001	1253000	1252501	486.0	-0.137269	0.449079
1253001	1254000	1253501	443.0	-0.136790	0.315429
1254001	1255000	1254501	380.0	-0.136312	0.094122
1255001	1256000	1255501	348.0	-0.135834	-0.032790
1256001	1257000	1256501	365.0	-0.135355	0.036019
1257001	1258000	1257501	328.0	-0.134877	-0.118181
1258001	1259000	1258501	176.0	-0.134399	-1.016302
1259001	1260000	1259501	212.0	-0.133921	-0.747813
1260001	1261000	1260501	170.0	-0.133442	-1.066342
1261001	1262000	1261501	191.0	-0.132964	-0.898305
1262001	1263000	1262501	157.0	-0.132486	-1.181113
1263001	1264000	1263501	159.0	-0.132007	-1.162850
1264001	1265000	1264501	173.0	-0.131529	-1.041105
1265001	1266000	1265501	165.0	-0.131051	-1.109411
1266001	1267000	1266501	136.0	-0.130573	-1.388271
1267001	1268000	1267501	117.0	-0.130094	-1.605369
1268001	1269000	1268501	134.0	-0.129616	-1.409644
1269001	1270000	1269501	143.0	-0.129138	-1.315862
1270001	1271000	1270501	146.0	-0.128659	-1.285909
1271001	1272000	1271501	185.0	-0.128181	-0.944352
1272001	1273000	1272501	342.0	-0.127703	-0.057881
1273001	1274000	1273501	2073.0	-0.127225	2.541771
1274001	1275000	1274501	495.0	-0.126746	0.475551
1275001	1276000	1275501	341.0	-0.126268	-0.062106
1276001	1277000	1276501	371.0	-0.125790	0.059542
1277001	1278000	1277501	413.0	-0.125311	0.214265
1278001	1279000	1278501	460.0	-0.124833	0.369757
1279001	1280000	1279501	446.0	-0.124355	0.325166
1280001	1281000	1280501	344.0	-0.123877	-0.049469
1281001	1282000	1281501	415.0	-0.123398	0.221234
1282001	1283000	1282501	408.0	-0.122920	0.196692
1283001	1284000	1283501	540.0	-0.122442	0.601082
1284001	1285000	1284501	416.0	-0.121963	0.224706
1285001	1286000	1285501	428.0	-0.121485	0.265734
1286001	1287000	1286501	359.0	-0.121007	0.012107
1287001	1288000	1287501	341.0	-0.120528	-0.062106
1288001	1289000	1288501	425.0	-0.120050	0.255586
1289001	1290000	1289501	406.0	-0.119572	0.189602
1290001	1291000	1290501	352.0	-0.119094	-0.016302
1291001	1292000	1291501	356.0	-0.118615	0.000000
1292001	1293000	1292501	387.0	-0.118137	0.120456
1293001	1294000	1293501	383.0	-0.117659	0.105467
1294001	1295000	1294501	380.0	-0.117180	0.094122
1295001	1296000	1295501	385.0	-0.116702	0.112981
1296001	1297000	1296501	426.0	-0.116224	0.258976
1297001	1298000	1297501	384.0	-0.115746	0.109229
1298001	1299000	1298501	336.0	-0.115267	-0.083416
1299001	1300000	1299501	345.0	-0.114789	-0.045281
1300001	1301000	1300501	380.0	-0.114311	0.094122
1301001	1302000	1301501	535.0	-0.113832	0.587662
1302001	1303000	1302501	375.0	-0.113354	0.075013
1303001	1304000	1303501	352.0	-0.112876	-0.016302
1304001	1305000	1304501	431.0	-0.112398	0.275811
1305001	1306000	1305501	375.0	-0.111919	0.075013
1306001	1307000	1306501	441.0	-0.111441	0.308901
1307001	1308000	1307501	332.0	-0.110963	-0.100694
1308001	1309000	1308501	329.0	-0.110484	-0.113790
1309001	1310000	1309501	344.0	-0.110006	-0.049469
1310001	1311000	1310501	407.0	-0.109528	0.193152
1311001	1312000	1311501	324.0	-0.109050	-0.135883
1312001	1313000	1312501	381.0	-0.108571	0.097914
1313001	1314000	1313501	409.0	-0.108093	0.200224
1314001	1315000	1314501	461.0	-0.107615	0.372890
1315001	1316000	1315501	344.0	-0.107136	-0.049469
1316001	1317000	1316501	445.0	-0.106658	0.321928
1317001	1318000	1317501	392.0	-0.106180	0.138976
1318001	1319000	1318501	394.0	-0.105702	0.146318
1319001	1320000	1319501	435.0	-0.105223	0.289138
1320001	1321000	1320501	331.0	-0.104745	-0.105046
1321001	1322000	1321501	431.0	-0.104267	0.275811
1322001	1323000	1322501	472.0	-0.103788	0.406910
1323001	1324000	1323501	384.0	-0.103310	0.109229
1324001	1325000	1324501	396.0	-0.102832	0.153623
1325001	1326000	1325501	409.0	-0.102354	0.200224
1326001	1327000	1326501	420.0	-0.101875	0.238512
1327001	1328000	1327501	533.0	-0.101397	0.582258
1328001	1329000	1328501	447.0	-0.100919	0.328398
1329001	1330000	1329501	280.0	-0.100440	-0.346450
1330001	1331000	1330501	314.0	-0.099962	-0.181113
1331001	1332000	1331501	389.0	-0.099484	0.127893
1332001	1333000	1332501	320.0	-0.099006	-0.153805
1333001	1334000	1333501	390.0	-0.098527	0.131597
1334001	1335000	1334501	443.0	-0.098049	0.315429
1335001	1336000	1335501	363.0	-0.097571	0.028092
1336001	1337000	1336501	388.0	-0.097092	0.124179
1337001	1338000	1337501	301.0	-0.096614	-0.242114
1338001	1339000	1338501	290.0	-0.096136	-0.295824
1339001	1340000	1339501	336.0	-0.095658	-0.083416
1340001	1341000	1340501	416.0	-0.095179	0.224706
1341001	1342000	1341501	348.0	-0.094701	-0.032790
1342001	1343000	1342501	406.0	-0.094223	0.189602
1343001	1344000	1343501	455.0	-0.093744	0.353989
1344001	1345000	1344501	471.0	-0.093266	0.403850
1345001	1346000	1345501	374.0	-0.092788	0.071161
1346001	1347000	1346501	453.0	-0.092310	0.347634
1347001	1348000	1347501	404.0	-0.091831	0.182478
1348001	1349000	1348501	376.0	-0.091353	0.078855
1349001	1350000	1349501	371.0	-0.090875	0.059542
1350001	1351000	1350501	313.0	-0.090396	-0.185715
1351001	1352000	1351501	303.0	-0.089918	-0.232559
1352001	1353000	1352501	352.0	-0.089440	-0.016302
1353001	1354000	1353501	276.0	-0.088962	-0.367209
1354001	1355000	1354501	300.0	-0.088483	-0.246915
1355001	1356000	1355501	330.0	-0.088005	-0.109411
1356001	1357000	1356501	393.0	-0.087527	0.142652
1357001	1358000	1357501	377.0	-0.087048	0.082687
1358001	1359000	1358501	355.0	-0.086570	-0.004058
1359001	1360000	1359501	395.0	-0.086092	0.149975
1360001	1361000	1360501	367.0	-0.085613	0.043903
1361001	1362000	1361501	358.0	-0.085135	0.008082
1362001	1363000	1362501	527.0	-0.084657	0.565926
1363001	1364000	1363501	327.0	-0.084179	-0.122587
1364001	1365000	1364501	405.0	-0.083700	0.186045
1365001	1366000	1365501	385.0	-0.083222	0.112981
1366001	1367000	1366501	362.0	-0.082744	0.024112
1367001	1368000	1367501	387.0	-0.082265	0.120456
1368001	1369000	1368501	443.0	-0.081787	0.315429
1369001	1370000	1369501	457.0	-0.081309	0.360317
1370001	1371000	1370501	344.0	-0.080831	-0.049469
1371001	1372000	1371501	392.0	-0.080352	0.138976
1372001	1373000	1372501	409.0	-0.079874	0.200224
1373001	1374000	1373501	419.0	-0.079396	0.235073
1374001	1375000	1374501	516.0	-0.078917	0.535494
1375001	1376000	1375501	356.0	-0.078439	0.000000
1376001	1377000	1376501	324.0	-0.077961	-0.135883
1377001	1378000	1377501	444.0	-0.077483	0.318682
1378001	1379000	1378501	428.0	-0.077004	0.265734
1379001	1380000	1379501	396.0	-0.076526	0.153623
1380001	1381000	1380501	385.0	-0.076048	0.112981
1381001	1382000	1381501	314.0	-0.075569	-0.181113
1382001	1383000	1382501	375.0	-0.075091	0.075013
1383001	1384000	1383501	338.0	-0.074613	-0.074854
1384001	1385000	1384501	273.0	-0.074135	-0.382976
1385001	1386000	1385501	290.0	-0.073656	-0.295824
1386001	1387000	1386501	332.0	-0.073178	-0.100694
1387001	1388000	1387501	316.0	-0.072700	-0.171953
1388001	1389000	1388501	309.0	-0.072221	-0.204270
1389001	1390000	1389501	295.0	-0.071743	-0.271162
1390001	1391000	1390501	273.0	-0.071265	-0.382976
1391001	1392000	1391501	309.0	-0.070787	-0.204270
1392001	1393000	1392501	344.0	-0.070308	-0.049469
1393001	1394000	1393501	439.0	-0.069830	0.302344
1394001	1395000	1394501	503.0	-0.069352	0.498681
1395001	1396000	1395501	529.0	-0.068873	0.571390
1396001	1397000	1396501	332.0	-0.068395	-0.100694
1397001	1398000	1397501	314.0	-0.067917	-0.181113
1398001	1399000	1398501	289.0	-0.067439	-0.300808
1399001	1400000	1399501	273.0	-0.066960	-0.382976
1400001	1401000	1400501	307.0	-0.066482	-0.213639
1401001	1402000	1401501	239.0	-0.066004	-0.574867
1402001	1403000	1402501	332.0	-0.065525	-0.100694
1403001	1404000	1403501	325.0	-0.065047	-0.131438
1404001	1405000	1404501	321.0	-0.064569	-0.149304
1405001	1406000	1405501	348.0	-0.064091	-0.032790
1406001	1407000	1406501	341.0	-0.063612	-0.062106
1407001	1408000	1407501	396.0	-0.063134	0.153623
1408001	1409000	1408501	374.0	-0.062656	0.071161
1409001	1410000	1409501	376.0	-0.062177	0.078855
1410001	1411000	1410501	331.0	-0.061699	-0.105046
1411001	1412000	1411501	287.0	-0.061221	-0.310827
1412001	1413000	1412501	353.0	-0.060743	-0.012209
1413001	1414000	1413501	432.0	-0.060264	0.279154
1414001	1415000	1414501	437.0	-0.059786	0.295756
1415001	1416000	1415501	301.0	-0.059308	-0.242114
1416001	1417000	1416501	371.0	-0.058829	0.059542
1417001	1418000	1417501	347.0	-0.058351	-0.036942
1418001	1419000	1418501	458.0	-0.057873	0.363470
1419001	1420000	1419501	522.0	-0.057395	0.552173
1420001	1421000	1420501	479.0	-0.056916	0.428148
1421001	1422000	1421501	546.0	-0.056438	0.617024
1422001	1423000	1422501	511.0	-0.055960	0.521446
1423001	1424000	1423501	372.0	-0.055481	0.063425
1424001	1425000	1424501	196.0	-0.055003	-0.861024
1425001	1426000	1425501	300.0	-0.054525	-0.246915
1426001	1427000	1426501	369.0	-0.054047	0.051744
1427001	1428000	1427501	328.0	-0.053568	-0.118181
1428001	1429000	1428501	445.0	-0.053090	0.321928
1429001	1430000	1429501	356.0	-0.052612	0.000000
1430001	1431000	1430501	326.0	-0.052133	-0.127005
1431001	1432000	1431501	479.0	-0.051655	0.428148
1432001	1433000	1432501	494.0	-0.051177	0.472634
1433001	1434000	1433501	456.0	-0.050698	0.357157
1434001	1435000	1434501	345.0	-0.050220	-0.045281
1435001	1436000	1435501	248.0	-0.049742	-0.521537
1436001	1437000	1436501	284.0	-0.049264	-0.325986
1437001	1438000	1437501	311.0	-0.048785	-0.194963
1438001	1439000	1438501	338.0	-0.048307	-0.074854
1439001	1440000	1439501	354.0	-0.047829	-0.008128
1440001	1441000	1440501	349.0	-0.047350	-0.028650
1441001	1442000	1441501	397.0	-0.046872	0.157262
1442001	1443000	1442501	343.0	-0.046394	-0.053669
1443001	1444000	1443501	325.0	-0.045916	-0.131438
1444001	1445000	1444501	369.0	-0.045437	0.051744
1445001	1446000	1445501	357.0	-0.044959	0.004047
1446001	1447000	1446501	303.0	-0.044481	-0.232559
1447001	1448000	1447501	426.0	-0.044002	0.258976
1448001	1449000	1448501	415.0	-0.043524	0.221234
1449001	1450000	1449501	392.0	-0.043046	0.138976
1450001	1451000	1450501	299.0	-0.042568	-0.251732
1451001	1452000	1451501	269.0	-0.042089	-0.404271
1452001	1453000	1452501	388.0	-0.041611	0.124179
1453001	1454000	1453501	374.0	-0.041133	0.071161
1454001	1455000	1454501	413.0	-0.040654	0.214265
1455001	1456000	1455501	440.0	-0.040176	0.305626
1456001	1457000	1456501	501.0	-0.039698	0.492933
1457001	1458000	1457501	628.0	-0.039220	0.818887
1458001	1459000	1458501	714.0	-0.038741	1.004047
1459001	1460000	1459501	602.0	-0.038263	0.757886
1460001	1461000	1460501	515.0	-0.037785	0.532695
1461001	1462000	1461501	488.0	-0.037306	0.455004
1462001	1463000	1462501	336.0	-0.036828	-0.083416
1463001	1464000	1463501	310.0	-0.036350	-0.199609
1464001	1465000	1464501	338.0	-0.035872	-0.074854
1465001	1466000	1465501	408.0	-0.035393	0.196692
1466001	1467000	1466501	433.0	-0.034915	0.282490
1467001	1468000	1467501	413.0	-0.034437	0.214265
1468001	1469000	1468501	384.0	-0.033958	0.109229
1469001	1470000	1469501	330.0	-0.033480	-0.109411
1470001	1471000	1470501	369.0	-0.033002	0.051744
1471001	1472000	1471501	443.0	-0.032524	0.315429
1472001	1473000	1472501	346.0	-0.032045	-0.041105
1473001	1474000	1473501	368.0	-0.031567	0.047829
1474001	1475000	1474501	367.0	-0.031089	0.043903
1475001	1476000	1475501	445.0	-0.030610	0.321928
1476001	1477000	1476501	387.0	-0.030132	0.120456
1477001	1478000	1477501	295.0	-0.029654	-0.271162
1478001	1479000	1478501	298.0	-0.029176	-0.256565
1479001	1480000	1479501	338.0	-0.028697	-0.074854
1480001	1481000	1480501	300.0	-0.028219	-0.246915
1481001	1482000	1481501	403.0	-0.027741	0.178903
1482001	1483000	1482501	430.0	-0.027262	0.272459
1483001	1484000	1483501	280.0	-0.026784	-0.346450
1484001	1485000	1484501	426.0	-0.026306	0.258976
1485001	1486000	1485501	344.0	-0.025828	-0.049469
1486001	1487000	1486501	411.0	-0.025349	0.207261
1487001	1488000	1487501	410.0	-0.024871	0.203747
1488001	1489000	1488501	472.0	-0.024393	0.406910
1489001	1490000	1489501	359.0	-0.023914	0.012107
1490001	1491000	1490501	301.0	-0.023436	-0.242114
1491001	1492000	1491501	260.0	-0.022958	-0.453366
1492001	1493000	1492501	349.0	-0.022480	-0.028650
1493001	1494000	1493501	469.0	-0.022001	0.397711
1494001	1495000	1494501	361.0	-0.021523	0.020122
1495001	1496000	1495501	428.0	-0.021045	0.265734
1496001	1497000	1496501	396.0	-0.020566	0.153623
1497001	1498000	1497501	351.0	-0.020088	-0.020406
1498001	1499000	1498501	293.0	-0.019610	-0.280977
1499001	1500000	1499501	389.0	-0.019132	0.127893
1500001	1501000	1500501	416.0	-0.018653	0.224706
1501001	1502000	1501501	483.0	-0.018175	0.440146
1502001	1503000	1502501	463.0	-0.017697	0.379135
1503001	1504000	1503501	285.0	-0.017218	-0.320915
1504001	1505000	1504501	314.0	-0.016740	-0.181113
1505001	1506000	1505501	428.0	-0.016262	0.265734
1506001	1507000	1506501	296.0	-0.015783	-0.266280
1507001	1508000	1507501	346.0	-0.015305	-0.041105
1508001	1509000	1508501	460.0	-0.014827	0.369757
1509001	1510000	1509501	439.0	-0.014349	0.302344
1510001	1511000	1510501	459.0	-0.013870	0.366617
1511001	1512000	1511501	423.0	-0.013392	0.248780
1512001	1513000	1512501	387.0	-0.012914	0.120456
1513001	1514000	1513501	288.0	-0.012435	-0.305808
1514001	1515000	1514501	337.0	-0.011957	-0.079129
1515001	1516000	1515501	367.0	-0.011479	0.043903
1516001	1517000	1516501	666.0	-0.011001	0.903645
1517001	1518000	1517501	508.0	-0.010522	0.512951
1518001	1519000	1518501	487.0	-0.010044	0.452045
1519001	1520000	1519501	371.0	-0.009566	0.059542
1520001	1521000	1520501	543.0	-0.009087	0.609075
1521001	1522000	1521501	310.0	-0.008609	-0.199609
1522001	1523000	1522501	317.0	-0.008131	-0.167394
1523001	1524000	1523501	373.0	-0.007653	0.067298
1524001	1525000	1524501	282.0	-0.007174	-0.336182
1525001	1526000	1525501	360.0	-0.006696	0.016120
1526001	1527000	1526501	424.0	-0.006218	0.252187
1527001	1528000	1527501	392.0	-0.005739	0.138976
1528001	1529000	1528501	428.0	-0.005261	0.265734
1529001	1530000	1529501	437.0	-0.004783	0.295756
1530001	1531000	1530501	379.0	-0.004305	0.090321
1531001	1532000	1531501	313.0	-0.003826	-0.185715
1532001	1533000	1532501	359.0	-0.003348	0.012107
1533001	1534000	1533501	387.0	-0.002870	0.120456
1534001	1535000	1534501	404.0	-0.002391	0.182478
1535001	1536000	1535501	389.0	-0.001913	0.127893
1536001	1537000	1536501	323.0	-0.001435	-0.140343
1537001	1538000	1537501	301.0	-0.000957	-0.242114
1538001	1539000	1538501	339.0	-0.000478	-0.070592
1539001	1540000	1539501	389.0	0.000000	0.127893
1540001	1541000	1540501	518.0	0.000522	0.541075
1541001	1542000	1541501	363.0	0.001045	0.028092
1542001	1543000	1542501	351.0	0.001567	-0.020406
1543001	1544000	1543501	400.0	0.002090	0.168123
1544001	1545000	1544501	353.0	0.002612	-0.012209
1545001	1546000	1545501	330.0	0.003135	-0.109411
1546001	1547000	1546501	393.0	0.003657	0.142652
1547001	1548000	1547501	451.0	0.004180	0.341250
1548001	1549000	1548501	330.0	0.004702	-0.109411
1549001	1550000	1549501	347.0	0.005225	-0.036942
1550001	1551000	1550501	395.0	0.005747	0.149975
1551001	1552000	1551501	386.0	0.006270	0.116724
1552001	1553000	1552501	447.0	0.006792	0.328398
1553001	1554000	1553501	437.0	0.007315	0.295756
1554001	1555000	1554501	526.0	0.007837	0.563186
1555001	1556000	1555501	453.0	0.008359	0.347634
1556001	1557000	1556501	279.0	0.008882	-0.351612
1557001	1558000	1557501	470.0	0.009404	0.400784
1558001	1559000	1558501	513.0	0.009927	0.527082
1559001	1560000	1559501	361.0	0.010449	0.020122
1560001	1561000	1560501	399.0	0.010972	0.164512
1561001	1562000	1561501	399.0	0.011494	0.164512
1562001	1563000	1562501	296.0	0.012017	-0.266280
1563001	1564000	1563501	405.0	0.012539	0.186045
1564001	1565000	1564501	541.0	0.013062	0.603751
1565001	1566000	1565501	571.0	0.013584	0.681614
1566001	1567000	1566501	521.0	0.014107	0.549406
1567001	1568000	1567501	370.0	0.014629	0.055648
1568001	1569000	1568501	306.0	0.015152	-0.218346
1569001	1570000	1569501	295.0	0.015674	-0.271162
1570001	1571000	1570501	355.0	0.016196	-0.004058
1571001	1572000	1571501	364.0	0.016719	0.032061
1572001	1573000	1572501	407.0	0.017241	0.193152
1573001	1574000	1573501	443.0	0.017764	0.315429
1574001	1575000	1574501	314.0	0.018286	-0.181113
1575001	1576000	1575501	345.0	0.018809	-0.045281
1576001	1577000	1576501	343.0	0.019331	-0.053669
1577001	1578000	1577501	372.0	0.019854	0.063425
1578001	1579000	1578501	335.0	0.020376	-0.087716
1579001	1580000	1579501	277.0	0.020899	-0.361991
1580001	1581000	1580501	476.0	0.021421	0.419084
1581001	1582000	1581501	350.0	0.021944	-0.024522
1582001	1583000	1582501	285.0	0.022466	-0.320915
1583001	1584000	1583501	311.0	0.022989	-0.194963
1584001	1585000	1584501	274.0	0.023511	-0.377701
1585001	1586000	1585501	326.0	0.024033	-0.127005
1586001	1587000	1586501	343.0	0.024556	-0.053669
1587001	1588000	1587501	345.0	0.025078	-0.045281
1588001	1589000	1588501	334.0	0.025601	-0.092029
1589001	1590000	1589501	261.0	0.026123	-0.447827
1590001	1591000	1590501	278.0	0.026646	-0.356792
1591001	1592000	1591501	420.0	0.027168	0.238512
1592001	1593000	1592501	419.0	0.027691	0.235073
1593001	1594000	1593501	361.0	0.028213	0.020122
1594001	1595000	1594501	270.0	0.028736	-0.398918
1595001	1596000	1595501	323.0	0.029258	-0.140343
1596001	1597000	1596501	363.0	0.029781	0.028092
1597001	1598000	1597501	338.0	0.030303	-0.074854
1598001	1599000	1598501	353.0	0.030825	-0.012209
1599001	1600000	1599501	440.0	0.031348	0.305626
1600001	1601000	1600501	377.0	0.031870	0.082687
1601001	1602000	1601501	336.0	0.032393	-0.083416
1602001	1603000	1602501	334.0	0.032915	-0.092029
1603001	1604000	1603501	414.0	0.033438	0.217754
1604001	1605000	1604501	330.0	0.033960	-0.109411
1605001	1606000	1605501	360.0	0.034483	0.016120
1606001	1607000	1606501	360.0	0.035005	0.016120
1607001	1608000	1607501	416.0	0.035528	0.224706
1608001	1609000	1608501	438.0	0.036050	0.299054
1609001	1610000	1609501	365.0	0.036573	0.036019
1610001	1611000	1610501	440.0	0.037095	0.305626
1611001	1612000	1611501	359.0	0.037618	0.012107
1612001	1613000	1612501	336.0	0.038140	-0.083416
1613001	1614000	1613501	341.0	0.038662	-0.062106
1614001	1615000	1614501	346.0	0.039185	-0.041105
1615001	1616000	1615501	383.0	0.039707	0.105467
1616001	1617000	1616501	358.0	0.040230	0.008082
1617001	1618000	1617501	445.0	0.040752	0.321928
1618001	1619000	1618501	380.0	0.041275	0.094122
1619001	1620000	1619501	358.0	0.041797	0.008082
1620001	1621000	1620501	567.0	0.042320	0.671471
1621001	1622000	1621501	406.0	0.042842	0.189602
1622001	1623000	1622501	419.0	0.043365	0.235073
1623001	1624000	1623501	319.0	0.043887	-0.158321
1624001	1625000	1624501	315.0	0.044410	-0.176525
1625001	1626000	1625501	290.0	0.044932	-0.295824
1626001	1627000	1626501	325.0	0.045455	-0.131438
1627001	1628000	1627501	261.0	0.045977	-0.447827
1628001	1629000	1628501	246.0	0.046499	-0.533219
1629001	1630000	1629501	425.0	0.047022	0.255586
1630001	1631000	1630501	433.0	0.047544	0.282490
1631001	1632000	1631501	368.0	0.048067	0.047829
1632001	1633000	1632501	371.0	0.048589	0.059542
1633001	1634000	1633501	368.0	0.049112	0.047829
1634001	1635000	1634501	403.0	0.049634	0.178903
1635001	1636000	1635501	429.0	0.050157	0.269100
1636001	1637000	1636501	325.0	0.050679	-0.131438
1637001	1638000	1637501	321.0	0.051202	-0.149304
1638001	1639000	1638501	375.0	0.051724	0.075013
1639001	1640000	1639501	365.0	0.052247	0.036019
1640001	1641000	1640501	420.0	0.052769	0.238512
1641001	1642000	1641501	337.0	0.053292	-0.079129
1642001	1643000	1642501	352.0	0.053814	-0.016302
1643001	1644000	1643501	313.0	0.054336	-0.185715
1644001	1645000	1644501	411.0	0.054859	0.207261
1645001	1646000	1645501	318.0	0.055381	-0.162850
1646001	1647000	1646501	424.0	0.055904	0.252187
1647001	1648000	1647501	442.0	0.056426	0.312169
1648001	1649000	1648501	343.0	0.056949	-0.053669
1649001	1650000	1649501	300.0	0.057471	-0.246915
1650001	1651000	1650501	304.0	0.057994	-0.227806
1651001	1652000	1651501	392.0	0.058516	0.138976
1652001	1653000	1652501	358.0	0.059039	0.008082
1653001	1654000	1653501	346.0	0.059561	-0.041105
1654001	1655000	1654501	414.0	0.060084	0.217754
1655001	1656000	1655501	343.0	0.060606	-0.053669
1656001	1657000	1656501	354.0	0.061129	-0.008128
1657001	1658000	1657501	289.0	0.061651	-0.300808
1658001	1659000	1658501	380.0	0.062173	0.094122
1659001	1660000	1659501	363.0	0.062696	0.028092
1660001	1661000	1660501	372.0	0.063218	0.063425
1661001	1662000	1661501	366.0	0.063741	0.039966
1662001	1663000	1662501	285.0	0.064263	-0.320915
1663001	1664000	1663501	331.0	0.064786	-0.105046
1664001	1665000	1664501	357.0	0.065308	0.004047
1665001	1666000	1665501	411.0	0.065831	0.207261
1666001	1667000	1666501	388.0	0.066353	0.124179
1667001	1668000	1667501	450.0	0.066876	0.338048
1668001	1669000	1668501	302.0	0.067398	-0.237329
1669001	1670000	1669501	333.0	0.067921	-0.096355
1670001	1671000	1670501	320.0	0.068443	-0.153805
1671001	1672000	1671501	325.0	0.068966	-0.131438
1672001	1673000	1672501	168.0	0.069488	-1.083416
1673001	1674000	1673501	18.0	0.070010	-4.305808
1674001	1675000	1674501	17.0	0.070533	-4.388271
1675001	1676000	1675501	18.0	0.071055	-4.305808
1676001	1677000	1676501	17.0	0.071578	-4.388271
1677001	1678000	1677501	20.0	0.072100	-4.153805
1678001	1679000	1678501	15.0	0.072623	-4.568843
1679001	1680000	1679501	17.0	0.073145	-4.388271
1680001	1681000	1680501	13.0	0.073668	-4.775294
1681001	1682000	1681501	17.0	0.074190	-4.388271
1682001	1683000	1682501	21.0	0.074713	-4.083416
1683001	1684000	1683501	15.0	0.075235	-4.568843
1684001	1685000	1684501	22.0	0.075758	-4.016302
1685001	1686000	1685501	17.0	0.076280	-4.388271
1686001	1687000	1686501	21.0	0.076803	-4.083416
1687001	1688000	1687501	28.0	0.077325	-3.668379
1688001	1689000	1688501	30.0	0.077847	-3.568843
1689001	1690000	1689501	14.0	0.078370	-4.668379
1690001	1691000	1690501	19.0	0.078892	-4.227806
1691001	1692000	1691501	24.0	0.079415	-3.890771
1692001	1693000	1692501	17.0	0.079937	-4.388271
1693001	1694000	1693501	28.0	0.080460	-3.668379
1694001	1695000	1694501	33.0	0.080982	-3.431339
1695001	1696000	1695501	14.0	0.081505	-4.668379
1696001	1697000	1696501	24.0	0.082027	-3.890771
1697001	1698000	1697501	22.0	0.082550	-4.016302
1698001	1699000	1698501	17.0	0.083072	-4.388271
1699001	1700000	1699501	13.0	0.083595	-4.775294
1700001	1701000	1700501	13.0	0.084117	-4.775294
1701001	1702000	1701501	12.0	0.084639	-4.890771
1702001	1703000	1702501	16.0	0.085162	-4.475733
1703001	1704000	1703501	13.0	0.085684	-4.775294
1704001	1705000	1704501	24.0	0.086207	-3.890771
1705001	1706000	1705501	19.0	0.086729	-4.227806
1706001	1707000	1706501	11.0	0.087252	-5.016302
1707001	1708000	1707501	9.0	0.087774	-5.305808
1708001	1709000	1708501	19.0	0.088297	-4.227806
1709001	1710000	1709501	18.0	0.088819	-4.305808
1710001	1711000	1710501	13.0	0.089342	-4.775294
1711001	1712000	1711501	12.0	0.089864	-4.890771
1712001	1713000	1712501	10.0	0.090387	-5.153805
1713001	1714000	1713501	27.0	0.090909	-3.720846
1714001	1715000	1714501	16.0	0.091432	-4.475733
1715001	1716000	1715501	12.0	0.091954	-4.890771
1716001	1717000	1716501	10.0	0.092476	-5.153805
1717001	1718000	1717501	13.0	0.092999	-4.775294
1718001	1719000	1718501	15.0	0.093521	-4.568843
1719001	1720000	1719501	19.0	0.094044	-4.227806
1720001	1721000	1720501	17.0	0.094566	-4.388271
1721001	1722000	1721501	23.0	0.095089	-3.952171
1722001	1723000	1722501	12.0	0.095611	-4.890771
1723001	1724000	1723501	27.0	0.096134	-3.720846
1724001	1725000	1724501	27.0	0.096656	-3.720846
1725001	1726000	1725501	11.0	0.097179	-5.016302
1726001	1727000	1726501	22.0	0.097701	-4.016302
1727001	1728000	1727501	16.0	0.098224	-4.475733
1728001	1729000	1728501	19.0	0.098746	-4.227806
1729001	1730000	1729501	25.0	0.099269	-3.831877
1730001	1731000	1730501	18.0	0.099791	-4.305808
1731001	1732000	1731501	23.0	0.100313	-3.952171
1732001	1733000	1732501	16.0	0.100836	-4.475733
1733001	1734000	1733501	16.0	0.101358	-4.475733
1734001	1735000	1734501	17.0	0.101881	-4.388271
1735001	1736000	1735501	16.0	0.102403	-4.475733
1736001	1737000	1736501	21.0	0.102926	-4.083416
1737001	1738000	1737501	17.0	0.103448	-4.388271
1738001	1739000	1738501	35.0	0.103971	-3.346450
1739001	1740000	1739501	27.0	0.104493	-3.720846
1740001	1741000	1740501	20.0	0.105016	-4.153805
1741001	1742000	1741501	36.0	0.105538	-3.305808
1742001	1743000	1742501	31.0	0.106061	-3.521537
1743001	1744000	1743501	21.0	0.106583	-4.083416
1744001	1745000	1744501	31.0	0.107106	-3.521537
1745001	1746000	1745501	24.0	0.107628	-3.890771
1746001	1747000	1746501	17.0	0.108150	-4.388271
1747001	1748000	1747501	17.0	0.108673	-4.388271
1748001	1749000	1748501	30.0	0.109195	-3.568843
1749001	1750000	1749501	19.0	0.109718	-4.227806
1750001	1751000	1750501	18.0	0.110240	-4.305808
1751001	1752000	1751501	21.0	0.110763	-4.083416
1752001	1753000	1752501	22.0	0.111285	-4.016302
1753001	1754000	1753501	19.0	0.111808	-4.227806
1754001	1755000	1754501	26.0	0.112330	-3.775294
1755001	1756000	1755501	17.0	0.112853	-4.388271
1756001	1757000	1756501	7.0	0.113375	-5.668379
1757001	1758000	1757501	13.0	0.113898	-4.775294
1758001	1759000	1758501	20.0	0.114420	-4.153805
1759001	1760000	1759501	21.0	0.114943	-4.083416
1760001	1761000	1760501	26.0	0.115465	-3.775294
1761001	1762000	1761501	20.0	0.115987	-4.153805
1762001	1763000	1762501	19.0	0.116510	-4.227806
1763001	1764000	1763501	27.0	0.117032	-3.720846
1764001	1765000	1764501	17.0	0.117555	-4.388271
1765001	1766000	1765501	13.0	0.118077	-4.775294
1766001	1767000	1766501	16.0	0.118600	-4.475733
1767001	1768000	1767501	18.0	0.119122	-4.305808
1768001	1769000	1768501	13.0	0.119645	-4.775294
1769001	1770000	1769501	25.0	0.120167	-3.831877
1770001	1771000	1770501	30.0	0.120690	-3.568843
1771001	1772000	1771501	21.0	0.121212	-4.083416
1772001	1773000	1772501	18.0	0.121735	-4.305808
1773001	1774000	1773501	24.0	0.122257	-3.890771
1774001	1775000	1774501	18.0	0.122780	-4.305808
1775001	1776000	1775501	56.0	0.123302	-2.668379
1776001	1777000	1776501	343.0	0.123824	-0.053669
1777001	1778000	1777501	448.0	0.124347	0.331621
1778001	1779000	1778501	345.0	0.124869	-0.045281
1779001	1780000	1779501	406.0	0.125392	0.189602
1780001	1781000	1780501	350.0	0.125914	-0.024522
1781001	1782000	1781501	315.0	0.126437	-0.176525
1782001	1783000	1782501	397.0	0.126959	0.157262
1783001	1784000	1783501	462.0	0.127482	0.376016
1784001	1785000	1784501	420.0	0.128004	0.238512
1785001	1786000	1785501	367.0	0.128527	0.043903
1786001	1787000	1786501	387.0	0.129049	0.120456
1787001	1788000	1787501	422.0	0.129572	0.245366
1788001	1789000	1788501	440.0	0.130094	0.305626
1789001	1790000	1789501	392.0	0.130617	0.138976
1790001	1791000	1790501	333.0	0.131139	-0.096355
1791001	1792000	1791501	312.0	0.131661	-0.190331
1792001	1793000	1792501	283.0	0.132184	-0.331075
1793001	1794000	1793501	313.0	0.132706	-0.185715
1794001	1795000	1794501	345.0	0.133229	-0.045281
1795001	1796000	1795501	401.0	0.133751	0.171725
1796001	1797000	1796501	370.0	0.134274	0.055648
1797001	1798000	1797501	253.0	0.134796	-0.492740
1798001	1799000	1798501	323.0	0.135319	-0.140343
1799001	1800000	1799501	306.0	0.135841	-0.218346
1800001	1801000	1800501	369.0	0.136364	0.051744
1801001	1802000	1801501	370.0	0.136886	0.055648
1802001	1803000	1802501	393.0	0.137409	0.142652
1803001	1804000	1803501	414.0	0.137931	0.217754
1804001	1805000	1804501	342.0	0.138454	-0.057881
1805001	1806000	1805501	419.0	0.138976	0.235073
1806001	1807000	1806501	351.0	0.139498	-0.020406
1807001	1808000	1807501	320.0	0.140021	-0.153805
1808001	1809000	1808501	394.0	0.140543	0.146318
1809001	1810000	1809501	395.0	0.141066	0.149975
1810001	1811000	1810501	333.0	0.141588	-0.096355
1811001	1812000	1811501	372.0	0.142111	0.063425
1812001	1813000	1812501	317.0	0.142633	-0.167394
1813001	1814000	1813501	376.0	0.143156	0.078855
1814001	1815000	1814501	341.0	0.143678	-0.062106
1815001	1816000	1815501	373.0	0.144201	0.067298
1816001	1817000	1816501	322.0	0.144723	-0.144817
1817001	1818000	1817501	335.0	0.145246	-0.087716
1818001	1819000	1818501	340.0	0.145768	-0.066342
1819001	1820000	1819501	279.0	0.146290	-0.351612
1820001	1821000	1820501	369.0	0.146813	0.051744
1821001	1822000	1821501	400.0	0.147335	0.168123
1822001	1823000	1822501	299.0	0.147858	-0.251732
1823001	1824000	1823501	364.0	0.148380	0.032061
1824001	1825000	1824501	336.0	0.148903	-0.083416
1825001	1826000	1825501	348.0	0.149425	-0.032790
1826001	1827000	1826501	330.0	0.149948	-0.109411
1827001	1828000	1827501	378.0	0.150470	0.086509
1828001	1829000	1828501	378.0	0.150993	0.086509
1829001	1830000	1829501	332.0	0.151515	-0.100694
1830001	1831000	1830501	277.0	0.152038	-0.361991
1831001	1832000	1831501	460.0	0.152560	0.369757
1832001	1833000	1832501	418.0	0.153083	0.231626
1833001	1834000	1833501	279.0	0.153605	-0.351612
1834001	1835000	1834501	343.0	0.154127	-0.053669
1835001	1836000	1835501	417.0	0.154650	0.228170
1836001	1837000	1836501	437.0	0.155172	0.295756
1837001	1838000	1837501	565.0	0.155695	0.666374
1838001	1839000	1838501	391.0	0.156217	0.135291
1839001	1840000	1839501	288.0	0.156740	-0.305808
1840001	1841000	1840501	339.0	0.157262	-0.070592
1841001	1842000	1841501	311.0	0.157785	-0.194963
1842001	1843000	1842501	352.0	0.158307	-0.016302
1843001	1844000	1843501	398.0	0.158830	0.160891
1844001	1845000	1844501	332.0	0.159352	-0.100694
1845001	1846000	1845501	293.0	0.159875	-0.280977
1846001	1847000	1846501	385.0	0.160397	0.112981
1847001	1848000	1847501	313.0	0.160920	-0.185715
1848001	1849000	1848501	317.0	0.161442	-0.167394
1849001	1850000	1849501	306.0	0.161964	-0.218346
1850001	1851000	1850501	310.0	0.162487	-0.199609
1851001	1852000	1851501	351.0	0.163009	-0.020406
1852001	1853000	1852501	355.0	0.163532	-0.004058
1853001	1854000	1853501	345.0	0.164054	-0.045281
1854001	1855000	1854501	289.0	0.164577	-0.300808
1855001	1856000	1855501	348.0	0.165099	-0.032790
1856001	1857000	1856501	346.0	0.165622	-0.041105
1857001	1858000	1857501	364.0	0.166144	0.032061
1858001	1859000	1858501	316.0	0.166667	-0.171953
1859001	1860000	1859501	326.0	0.167189	-0.127005
1860001	1861000	1860501	341.0	0.167712	-0.062106
1861001	1862000	1861501	378.0	0.168234	0.086509
1862001	1863000	1862501	307.0	0.168757	-0.213639
1863001	1864000	1863501	503.0	0.169279	0.498681
1864001	1865000	1864501	382.0	0.169801	0.101695
1865001	1866000	1865501	385.0	0.170324	0.112981
1866001	1867000	1866501	397.0	0.170846	0.157262
1867001	1868000	1867501	426.0	0.171369	0.258976
1868001	1869000	1868501	448.0	0.171891	0.331621
1869001	1870000	1869501	313.0	0.172414	-0.185715
1870001	1871000	1870501	425.0	0.172936	0.255586
1871001	1872000	1871501	400.0	0.173459	0.168123
1872001	1873000	1872501	447.0	0.173981	0.328398
1873001	1874000	1873501	437.0	0.174504	0.295756
1874001	1875000	1874501	370.0	0.175026	0.055648
1875001	1876000	1875501	537.0	0.175549	0.593045
1876001	1877000	1876501	638.0	0.176071	0.841679
1877001	1878000	1877501	384.0	0.176594	0.109229
1878001	1879000	1878501	289.0	0.177116	-0.300808
1879001	1880000	1879501	288.0	0.177638	-0.305808
1880001	1881000	1880501	332.0	0.178161	-0.100694
1881001	1882000	1881501	396.0	0.178683	0.153623
1882001	1883000	1882501	426.0	0.179206	0.258976
1883001	1884000	1883501	316.0	0.179728	-0.171953
1884001	1885000	1884501	388.0	0.180251	0.124179
1885001	1886000	1885501	343.0	0.180773	-0.053669
1886001	1887000	1886501	428.0	0.181296	0.265734
1887001	1888000	1887501	329.0	0.181818	-0.113790
1888001	1889000	1888501	433.0	0.182341	0.282490
1889001	1890000	1889501	378.0	0.182863	0.086509
1890001	1891000	1890501	326.0	0.183386	-0.127005
1891001	1892000	1891501	390.0	0.183908	0.131597
1892001	1893000	1892501	351.0	0.184431	-0.020406
1893001	1894000	1893501	419.0	0.184953	0.235073
1894001	1895000	1894501	340.0	0.185475	-0.066342
1895001	1896000	1895501	367.0	0.185998	0.043903
1896001	1897000	1896501	376.0	0.186520	0.078855
1897001	1898000	1897501	333.0	0.187043	-0.096355
1898001	1899000	1898501	404.0	0.187565	0.182478
1899001	1900000	1899501	344.0	0.188088	-0.049469
1900001	1901000	1900501	361.0	0.188610	0.020122
1901001	1902000	1901501	353.0	0.189133	-0.012209
1902001	1903000	1902501	420.0	0.189655	0.238512
1903001	1904000	1903501	413.0	0.190178	0.214265
1904001	1905000	1904501	335.0	0.190700	-0.087716
1905001	1906000	1905501	327.0	0.191223	-0.122587
1906001	1907000	1906501	312.0	0.191745	-0.190331
1907001	1908000	1907501	271.0	0.192268	-0.393584
1908001	1909000	1908501	341.0	0.192790	-0.062106
1909001	1910000	1909501	321.0	0.193312	-0.149304
1910001	1911000	1910501	329.0	0.193835	-0.113790
1911001	1912000	1911501	377.0	0.194357	0.082687
1912001	1913000	1912501	394.0	0.194880	0.146318
1913001	1914000	1913501	302.0	0.195402	-0.237329
1914001	1915000	1914501	296.0	0.195925	-0.266280
1915001	1916000	1915501	353.0	0.196447	-0.012209
1916001	1917000	1916501	425.0	0.196970	0.255586
1917001	1918000	1917501	419.0	0.197492	0.235073
1918001	1919000	1918501	360.0	0.198015	0.016120
1919001	1920000	1919501	274.0	0.198537	-0.377701
1920001	1921000	1920501	341.0	0.199060	-0.062106
1921001	1922000	1921501	316.0	0.199582	-0.171953
1922001	1923000	1922501	328.0	0.200104	-0.118181
1923001	1924000	1923501	361.0	0.200627	0.020122
1924001	1925000	1924501	319.0	0.201149	-0.158321
1925001	1926000	1925501	300.0	0.201672	-0.246915
1926001	1927000	1926501	428.0	0.202194	0.265734
1927001	1928000	1927501	321.0	0.202717	-0.149304
1928001	1929000	1928501	345.0	0.203239	-0.045281
1929001	1930000	1929501	309.0	0.203762	-0.204270
1930001	1931000	1930501	287.0	0.204284	-0.310827
1931001	1932000	1931501	371.0	0.204807	0.059542
1932001	1933000	1932501	368.0	0.205329	0.047829
1933001	1934000	1933501	353.0	0.205852	-0.012209
1934001	1935000	1934501	295.0	0.206374	-0.271162
1935001	1936000	1935501	328.0	0.206897	-0.118181
1936001	1937000	1936501	308.0	0.207419	-0.208947
1937001	1938000	1937501	317.0	0.207941	-0.167394
1938001	1939000	1938501	407.0	0.208464	0.193152
1939001	1940000	1939501	351.0	0.208986	-0.020406
1940001	1941000	1940501	326.0	0.209509	-0.127005
1941001	1942000	1941501	348.0	0.210031	-0.032790
1942001	1943000	1942501	385.0	0.210554	0.112981
1943001	1944000	1943501	399.0	0.211076	0.164512
1944001	1945000	1944501	358.0	0.211599	0.008082
1945001	1946000	1945501	368.0	0.212121	0.047829
1946001	1947000	1946501	462.0	0.212644	0.376016
1947001	1948000	1947501	340.0	0.213166	-0.066342
1948001	1949000	1948501	338.0	0.213689	-0.074854
1949001	1950000	1949501	320.0	0.214211	-0.153805
1950001	1951000	1950501	266.0	0.214734	-0.420451
1951001	1952000	1951501	326.0	0.215256	-0.127005
1952001	1953000	1952501	301.0	0.215778	-0.242114
1953001	1954000	1953501	485.0	0.216301	0.446108
1954001	1955000	1954501	499.0	0.216823	0.487163
1955001	1956000	1955501	396.0	0.217346	0.153623
1956001	1957000	1956501	400.0	0.217868	0.168123
1957001	1958000	1957501	417.0	0.218391	0.228170
1958001	1959000	1958501	331.0	0.218913	-0.105046
1959001	1960000	1959501	353.0	0.219436	-0.012209
1960001	1961000	1960501	351.0	0.219958	-0.020406
1961001	1962000	1961501	351.0	0.220481	-0.020406
1962001	1963000	1962501	336.0	0.221003	-0.083416
1963001	1964000	1963501	281.0	0.221526	-0.341307
1964001	1965000	1964501	310.0	0.222048	-0.199609
1965001	1966000	1965501	304.0	0.222571	-0.227806
1966001	1967000	1966501	374.0	0.223093	0.071161
1967001	1968000	1967501	381.0	0.223615	0.097914
1968001	1969000	1968501	352.0	0.224138	-0.016302
1969001	1970000	1969501	423.0	0.224660	0.248780
1970001	1971000	1970501	338.0	0.225183	-0.074854
1971001	1972000	1971501	314.0	0.225705	-0.181113
1972001	1973000	1972501	288.0	0.226228	-0.305808
1973001	1974000	1973501	366.0	0.226750	0.039966
1974001	1975000	1974501	342.0	0.227273	-0.057881
1975001	1976000	1975501	388.0	0.227795	0.124179
1976001	1977000	1976501	327.0	0.228318	-0.122587
1977001	1978000	1977501	393.0	0.228840	0.142652
1978001	1979000	1978501	426.0	0.229363	0.258976
1979001	1980000	1979501	313.0	0.229885	-0.185715
1980001	1981000	1980501	340.0	0.230408	-0.066342
1981001	1982000	1981501	271.0	0.230930	-0.393584
1982001	1983000	1982501	270.0	0.231452	-0.398918
1983001	1984000	1983501	292.0	0.231975	-0.285909
1984001	1985000	1984501	340.0	0.232497	-0.066342
1985001	1986000	1985501	328.0	0.233020	-0.118181
1986001	1987000	1986501	373.0	0.233542	0.067298
1987001	1988000	1987501	365.0	0.234065	0.036019
1988001	1989000	1988501	423.0	0.234587	0.248780
1989001	1990000	1989501	347.0	0.235110	-0.036942
1990001	1991000	1990501	444.0	0.235632	0.318682
1991001	1992000	1991501	326.0	0.236155	-0.127005
1992001	1993000	1992501	295.0	0.236677	-0.271162
1993001	1994000	1993501	374.0	0.237200	0.071161
1994001	1995000	1994501	430.0	0.237722	0.272459
1995001	1996000	1995501	318.0	0.238245	-0.162850
1996001	1997000	1996501	328.0	0.238767	-0.118181
1997001	1998000	1997501	356.0	0.239289	0.000000
1998001	1999000	1998501	351.0	0.239812	-0.020406
1999001	2000000	1999501	430.0	0.240334	0.272459
2000001	2001000	2000501	300.0	0.240857	-0.246915
2001001	2002000	2001501	330.0	0.241379	-0.109411
2002001	2003000	2002501	293.0	0.241902	-0.280977
2003001	2004000	2003501	399.0	0.242424	0.164512
2004001	2005000	2004501	424.0	0.242947	0.252187
2005001	2006000	2005501	257.0	0.243469	-0.470109
2006001	2007000	2006501	338.0	0.243992	-0.074854
2007001	2008000	2007501	336.0	0.244514	-0.083416
2008001	2009000	2008501	350.0	0.245037	-0.024522
2009001	2010000	2009501	382.0	0.245559	0.101695
2010001	2011000	2010501	379.0	0.246082	0.090321
2011001	2012000	2011501	396.0	0.246604	0.153623
2012001	2013000	2012501	402.0	0.247126	0.175318
2013001	2014000	2013501	504.0	0.247649	0.501546
2014001	2015000	2014501	377.0	0.248171	0.082687
2015001	2016000	2015501	334.0	0.248694	-0.092029
2016001	2017000	2016501	341.0	0.249216	-0.062106
2017001	2018000	2017501	353.0	0.249739	-0.012209
2018001	2019000	2018501	350.0	0.250261	-0.024522
2019001	2020000	2019501	361.0	0.250784	0.020122
2020001	2021000	2020501	426.0	0.251306	0.258976
2021001	2022000	2021501	388.0	0.251829	0.124179
2022001	2023000	2022501	354.0	0.252351	-0.008128
2023001	2024000	2023501	329.0	0.252874	-0.113790
2024001	2025000	2024501	326.0	0.253396	-0.127005
2025001	2026000	2025501	342.0	0.253918	-0.057881
2026001	2027000	2026501	474.0	0.254441	0.413010
2027001	2028000	2027501	332.0	0.254963	-0.100694
2028001	2029000	2028501	307.0	0.255486	-0.213639
2029001	2030000	2029501	355.0	0.256008	-0.004058
2030001	2031000	2030501	325.0	0.256531	-0.131438
2031001	2032000	2031501	380.0	0.257053	0.094122
2032001	2033000	2032501	342.0	0.257576	-0.057881
2033001	2034000	2033501	341.0	0.258098	-0.062106
2034001	2035000	2034501	402.0	0.258621	0.175318
2035001	2036000	2035501	344.0	0.259143	-0.049469
2036001	2037000	2036501	363.0	0.259666	0.028092
2037001	2038000	2037501	297.0	0.260188	-0.261414
2038001	2039000	2038501	343.0	0.260711	-0.053669
2039001	2040000	2039501	357.0	0.261233	0.004047
2040001	2041000	2040501	320.0	0.261755	-0.153805
2041001	2042000	2041501	373.0	0.262278	0.067298
2042001	2043000	2042501	356.0	0.262800	0.000000
2043001	2044000	2043501	324.0	0.263323	-0.135883
2044001	2045000	2044501	289.0	0.263845	-0.300808
2045001	2046000	2045501	424.0	0.264368	0.252187
2046001	2047000	2046501	393.0	0.264890	0.142652
2047001	2048000	2047501	355.0	0.265413	-0.004058
2048001	2049000	2048501	398.0	0.265935	0.160891
2049001	2050000	2049501	387.0	0.266458	0.120456
2050001	2051000	2050501	384.0	0.266980	0.109229
2051001	2052000	2051501	399.0	0.267503	0.164512
2052001	2053000	2052501	338.0	0.268025	-0.074854
2053001	2054000	2053501	383.0	0.268548	0.105467
2054001	2055000	2054501	320.0	0.269070	-0.153805
2055001	2056000	2055501	347.0	0.269592	-0.036942
2056001	2057000	2056501	336.0	0.270115	-0.083416
2057001	2058000	2057501	414.0	0.270637	0.217754
2058001	2059000	2058501	478.0	0.271160	0.425133
2059001	2060000	2059501	440.0	0.271682	0.305626
2060001	2061000	2060501	483.0	0.272205	0.440146
2061001	2062000	2061501	282.0	0.272727	-0.336182
2062001	2063000	2062501	360.0	0.273250	0.016120
2063001	2064000	2063501	418.0	0.273772	0.231626
2064001	2065000	2064501	395.0	0.274295	0.149975
2065001	2066000	2065501	399.0	0.274817	0.164512
2066001	2067000	2066501	284.0	0.275340	-0.325986
2067001	2068000	2067501	338.0	0.275862	-0.074854
2068001	2069000	2068501	339.0	0.276385	-0.070592
2069001	2070000	2069501	304.0	0.276907	-0.227806
2070001	2071000	2070501	312.0	0.277429	-0.190331
2071001	2072000	2071501	597.0	0.277952	0.745854
2072001	2073000	2072501	301.0	0.278474	-0.242114
2073001	2074000	2073501	323.0	0.278997	-0.140343
2074001	2075000	2074501	340.0	0.279519	-0.066342
2075001	2076000	2075501	351.0	0.280042	-0.020406
2076001	2077000	2076501	409.0	0.280564	0.200224
2077001	2078000	2077501	377.0	0.281087	0.082687
2078001	2079000	2078501	309.0	0.281609	-0.204270
2079001	2080000	2079501	345.0	0.282132	-0.045281
2080001	2081000	2080501	308.0	0.282654	-0.208947
2081001	2082000	2081501	335.0	0.283177	-0.087716
2082001	2083000	2082501	351.0	0.283699	-0.020406
2083001	2084000	2083501	348.0	0.284222	-0.032790
2084001	2085000	2084501	361.0	0.284744	0.020122
2085001	2086000	2085501	367.0	0.285266	0.043903
2086001	2087000	2086501	331.0	0.285789	-0.105046
2087001	2088000	2087501	356.0	0.286311	0.000000
2088001	2089000	2088501	322.0	0.286834	-0.144817
2089001	2090000	2089501	359.0	0.287356	0.012107
2090001	2091000	2090501	341.0	0.287879	-0.062106
2091001	2092000	2091501	322.0	0.288401	-0.144817
2092001	2093000	2092501	299.0	0.288924	-0.251732
2093001	2094000	2093501	276.0	0.289446	-0.367209
2094001	2095000	2094501	281.0	0.289969	-0.341307
2095001	2096000	2095501	342.0	0.290491	-0.057881
2096001	2097000	2096501	332.0	0.291014	-0.100694
2097001	2098000	2097501	296.0	0.291536	-0.266280
2098001	2099000	2098501	298.0	0.292059	-0.256565
2099001	2100000	2099501	250.0	0.292581	-0.509949
2100001	2101000	2100501	295.0	0.293103	-0.271162
2101001	2102000	2101501	265.0	0.293626	-0.425885
2102001	2103000	2102501	248.0	0.294148	-0.521537
2103001	2104000	2103501	222.0	0.294671	-0.681318
2104001	2105000	2104501	205.0	0.295193	-0.796253
2105001	2106000	2105501	230.0	0.295716	-0.630243
2106001	2107000	2106501	229.0	0.296238	-0.636530
2107001	2108000	2107501	260.0	0.296761	-0.453366
2108001	2109000	2108501	255.0	0.297283	-0.481380
2109001	2110000	2109501	249.0	0.297806	-0.515731
2110001	2111000	2110501	294.0	0.298328	-0.276061
2111001	2112000	2111501	235.0	0.298851	-0.599216
2112001	2113000	2112501	247.0	0.299373	-0.527366
2113001	2114000	2113501	285.0	0.299896	-0.320915
2114001	2115000	2114501	345.0	0.300418	-0.045281
2115001	2116000	2115501	301.0	0.300940	-0.242114
2116001	2117000	2116501	343.0	0.301463	-0.053669
2117001	2118000	2117501	347.0	0.301985	-0.036942
2118001	2119000	2118501	358.0	0.302508	0.008082
2119001	2120000	2119501	298.0	0.303030	-0.256565
2120001	2121000	2120501	294.0	0.303553	-0.276061
2121001	2122000	2121501	323.0	0.304075	-0.140343
2122001	2123000	2122501	325.0	0.304598	-0.131438
2123001	2124000	2123501	317.0	0.305120	-0.167394
2124001	2125000	2124501	358.0	0.305643	0.008082
2125001	2126000	2125501	355.0	0.306165	-0.004058
2126001	2127000	2126501	306.0	0.306688	-0.218346
2127001	2128000	2127501	317.0	0.307210	-0.167394
2128001	2129000	2128501	360.0	0.307732	0.016120
2129001	2130000	2129501	515.0	0.308255	0.532695
2130001	2131000	2130501	382.0	0.308777	0.101695
2131001	2132000	2131501	354.0	0.309300	-0.008128
2132001	2133000	2132501	331.0	0.309822	-0.105046
2133001	2134000	2133501	488.0	0.310345	0.455004
2134001	2135000	2134501	379.0	0.310867	0.090321
2135001	2136000	2135501	338.0	0.311390	-0.074854
2136001	2137000	2136501	459.0	0.311912	0.366617
2137001	2138000	2137501	593.0	0.312435	0.736155
2138001	2139000	2138501	452.0	0.312957	0.344446
2139001	2140000	2139501	330.0	0.313480	-0.109411
2140001	2141000	2140501	272.0	0.314002	-0.388271
2141001	2142000	2141501	275.0	0.314525	-0.372446
2142001	2143000	2142501	301.0	0.315047	-0.242114
2143001	2144000	2143501	334.0	0.315569	-0.092029
2144001	2145000	2144501	362.0	0.316092	0.024112
2145001	2146000	2145501	347.0	0.316614	-0.036942
2146001	2147000	2146501	416.0	0.317137	0.224706
2147001	2148000	2147501	338.0	0.317659	-0.074854
2148001	2149000	2148501	346.0	0.318182	-0.041105
2149001	2150000	2149501	356.0	0.318704	0.000000
2150001	2151000	2150501	388.0	0.319227	0.124179
2151001	2152000	2151501	364.0	0.319749	0.032061
2152001	2153000	2152501	314.0	0.320272	-0.181113
2153001	2154000	2153501	287.0	0.320794	-0.310827
2154001	2155000	2154501	435.0	0.321317	0.289138
2155001	2156000	2155501	432.0	0.321839	0.279154
2156001	2157000	2156501	435.0	0.322362	0.289138
2157001	2158000	2157501	352.0	0.322884	-0.016302
2158001	2159000	2158501	367.0	0.323406	0.043903
2159001	2160000	2159501	405.0	0.323929	0.186045
2160001	2161000	2160501	310.0	0.324451	-0.199609
2161001	2162000	2161501	289.0	0.324974	-0.300808
2162001	2163000	2162501	330.0	0.325496	-0.109411
2163001	2164000	2163501	409.0	0.326019	0.200224
2164001	2165000	2164501	360.0	0.326541	0.016120
2165001	2166000	2165501	341.0	0.327064	-0.062106
2166001	2167000	2166501	294.0	0.327586	-0.276061
2167001	2168000	2167501	320.0	0.328109	-0.153805
2168001	2169000	2168501	377.0	0.328631	0.082687
2169001	2170000	2169501	418.0	0.329154	0.231626
2170001	2171000	2170501	377.0	0.329676	0.082687
2171001	2172000	2171501	337.0	0.330199	-0.079129
2172001	2173000	2172501	309.0	0.330721	-0.204270
2173001	2174000	2173501	342.0	0.331243	-0.057881
2174001	2175000	2174501	329.0	0.331766	-0.113790
2175001	2176000	2175501	328.0	0.332288	-0.118181
2176001	2177000	2176501	320.0	0.332811	-0.153805
2177001	2178000	2177501	397.0	0.333333	0.157262
2178001	2179000	2178501	313.0	0.333856	-0.185715
2179001	2180000	2179501	328.0	0.334378	-0.118181
2180001	2181000	2180501	333.0	0.334901	-0.096355
2181001	2182000	2181501	388.0	0.335423	0.124179
2182001	2183000	2182501	361.0	0.335946	0.020122
2183001	2184000	2183501	341.0	0.336468	-0.062106
2184001	2185000	2184501	331.0	0.336991	-0.105046
2185001	2186000	2185501	426.0	0.337513	0.258976
2186001	2187000	2186501	339.0	0.338036	-0.070592
2187001	2188000	2187501	325.0	0.338558	-0.131438
2188001	2189000	2188501	455.0	0.339080	0.353989
2189001	2190000	2189501	391.0	0.339603	0.135291
2190001	2191000	2190501	435.0	0.340125	0.289138
2191001	2192000	2191501	307.0	0.340648	-0.213639
2192001	2193000	2192501	333.0	0.341170	-0.096355
2193001	2194000	2193501	344.0	0.341693	-0.049469
2194001	2195000	2194501	353.0	0.342215	-0.012209
2195001	2196000	2195501	319.0	0.342738	-0.158321
2196001	2197000	2196501	337.0	0.343260	-0.079129
2197001	2198000	2197501	360.0	0.343783	0.016120
2198001	2199000	2198501	378.0	0.344305	0.086509
2199001	2200000	2199501	370.0	0.344828	0.055648
2200001	2201000	2200501	349.0	0.345350	-0.028650
2201001	2202000	2201501	360.0	0.345873	0.016120
2202001	2203000	2202501	393.0	0.346395	0.142652
2203001	2204000	2203501	367.0	0.346917	0.043903
2204001	2205000	2204501	327.0	0.347440	-0.122587
2205001	2206000	2205501	434.0	0.347962	0.285818
2206001	2207000	2206501	394.0	0.348485	0.146318
2207001	2208000	2207501	381.0	0.349007	0.097914
2208001	2209000	2208501	473.0	0.349530	0.409963
2209001	2210000	2209501	366.0	0.350052	0.039966
2210001	2211000	2210501	394.0	0.350575	0.146318
2211001	2212000	2211501	351.0	0.351097	-0.020406
2212001	2213000	2212501	392.0	0.351620	0.138976
2213001	2214000	2213501	349.0	0.352142	-0.028650
2214001	2215000	2214501	426.0	0.352665	0.258976
2215001	2216000	2215501	397.0	0.353187	0.157262
2216001	2217000	2216501	420.0	0.353710	0.238512
2217001	2218000	2217501	403.0	0.354232	0.178903
2218001	2219000	2218501	417.0	0.354754	0.228170
2219001	2220000	2219501	413.0	0.355277	0.214265
2220001	2221000	2220501	457.0	0.355799	0.360317
2221001	2222000	2221501	345.0	0.356322	-0.045281
2222001	2223000	2222501	498.0	0.356844	0.484269
2223001	2224000	2223501	309.0	0.357367	-0.204270
2224001	2225000	2224501	309.0	0.357889	-0.204270
2225001	2226000	2225501	477.0	0.358412	0.422112
2226001	2227000	2226501	374.0	0.358934	0.071161
2227001	2228000	2227501	435.0	0.359457	0.289138
2228001	2229000	2228501	378.0	0.359979	0.086509
2229001	2230000	2229501	355.0	0.360502	-0.004058
2230001	2231000	2230501	334.0	0.361024	-0.092029
2231001	2232000	2231501	360.0	0.361546	0.016120
2232001	2233000	2232501	397.0	0.362069	0.157262
2233001	2234000	2233501	629.0	0.362591	0.821183
2234001	2235000	2234501	414.0	0.363114	0.217754
2235001	2236000	2235501	432.0	0.363636	0.279154
2236001	2237000	2236501	423.0	0.364159	0.248780
2237001	2238000	2237501	355.0	0.364681	-0.004058
2238001	2239000	2238501	356.0	0.365204	0.000000
2239001	2240000	2239501	342.0	0.365726	-0.057881
2240001	2241000	2240501	419.0	0.366249	0.235073
2241001	2242000	2241501	420.0	0.366771	0.238512
2242001	2243000	2242501	390.0	0.367294	0.131597
2243001	2244000	2243501	439.0	0.367816	0.302344
2244001	2245000	2244501	338.0	0.368339	-0.074854
2245001	2246000	2245501	261.0	0.368861	-0.447827
2246001	2247000	2246501	420.0	0.369383	0.238512
2247001	2248000	2247501	375.0	0.369906	0.075013
2248001	2249000	2248501	359.0	0.370428	0.012107
2249001	2250000	2249501	414.0	0.370951	0.217754
2250001	2251000	2250501	386.0	0.371473	0.116724
2251001	2252000	2251501	369.0	0.371996	0.051744
2252001	2253000	2252501	369.0	0.372518	0.051744
2253001	2254000	2253501	383.0	0.373041	0.105467
2254001	2255000	2254501	423.0	0.373563	0.248780
2255001	2256000	2255501	361.0	0.374086	0.020122
2256001	2257000	2256501	370.0	0.374608	0.055648
2257001	2258000	2257501	268.0	0.375131	-0.409644
2258001	2259000	2258501	309.0	0.375653	-0.204270
2259001	2260000	2259501	443.0	0.376176	0.315429
2260001	2261000	2260501	362.0	0.376698	0.024112
2261001	2262000	2261501	272.0	0.377220	-0.388271
2262001	2263000	2262501	357.0	0.377743	0.004047
2263001	2264000	2263501	313.0	0.378265	-0.185715
2264001	2265000	2264501	335.0	0.378788	-0.087716
2265001	2266000	2265501	329.0	0.379310	-0.113790
2266001	2267000	2266501	334.0	0.379833	-0.092029
2267001	2268000	2267501	284.0	0.380355	-0.325986
2268001	2269000	2268501	264.0	0.380878	-0.431339
2269001	2270000	2269501	318.0	0.381400	-0.162850
2270001	2271000	2270501	328.0	0.381923	-0.118181
2271001	2272000	2271501	271.0	0.382445	-0.393584
2272001	2273000	2272501	331.0	0.382968	-0.105046
2273001	2274000	2273501	340.0	0.383490	-0.066342
2274001	2275000	2274501	286.0	0.384013	-0.315862
2275001	2276000	2275501	296.0	0.384535	-0.266280
2276001	2277000	2276501	232.0	0.385057	-0.617752
2277001	2278000	2277501	309.0	0.385580	-0.204270
2278001	2279000	2278501	281.0	0.386102	-0.341307
2279001	2280000	2279501	240.0	0.386625	-0.568843
2280001	2281000	2280501	296.0	0.387147	-0.266280
2281001	2282000	2281501	369.0	0.387670	0.051744
2282001	2283000	2282501	364.0	0.388192	0.032061
2283001	2284000	2283501	291.0	0.388715	-0.290858
2284001	2285000	2284501	352.0	0.389237	-0.016302
2285001	2286000	2285501	367.0	0.389760	0.043903
2286001	2287000	2286501	476.0	0.390282	0.419084
2287001	2288000	2287501	453.0	0.390805	0.347634
2288001	2289000	2288501	651.0	0.391327	0.870780
2289001	2290000	2289501	473.0	0.391850	0.409963
2290001	2291000	2290501	535.0	0.392372	0.587662
2291001	2292000	2291501	422.0	0.392894	0.245366
2292001	2293000	2292501	335.0	0.393417	-0.087716
2293001	2294000	2293501	364.0	0.393939	0.032061
2294001	2295000	2294501	387.0	0.394462	0.120456
2295001	2296000	2295501	320.0	0.394984	-0.153805
2296001	2297000	2296501	397.0	0.395507	0.157262
2297001	2298000	2297501	394.0	0.396029	0.146318
2298001	2299000	2298501	422.0	0.396552	0.245366
2299001	2300000	2299501	439.0	0.397074	0.302344
2300001	2301000	2300501	335.0	0.397597	-0.087716
2301001	2302000	2301501	312.0	0.398119	-0.190331
2302001	2303000	2302501	309.0	0.398642	-0.204270
2303001	2304000	2303501	342.0	0.399164	-0.057881
2304001	2305000	2304501	411.0	0.399687	0.207261
2305001	2306000	2305501	377.0	0.400209	0.082687
2306001	2307000	2306501	346.0	0.400731	-0.041105
2307001	2308000	2307501	456.0	0.401254	0.357157
2308001	2309000	2308501	473.0	0.401776	0.409963
2309001	2310000	2309501	365.0	0.402299	0.036019
2310001	2311000	2310501	323.0	0.402821	-0.140343
2311001	2312000	2311501	276.0	0.403344	-0.367209
2312001	2313000	2312501	330.0	0.403866	-0.109411
2313001	2314000	2313501	339.0	0.404389	-0.070592
2314001	2315000	2314501	267.0	0.404911	-0.415037
2315001	2316000	2315501	288.0	0.405434	-0.305808
2316001	2317000	2316501	284.0	0.405956	-0.325986
2317001	2318000	2317501	355.0	0.406479	-0.004058
2318001	2319000	2318501	348.0	0.407001	-0.032790
2319001	2320000	2319501	364.0	0.407524	0.032061
2320001	2321000	2320501	374.0	0.408046	0.071161
2321001	2322000	2321501	335.0	0.408568	-0.087716
2322001	2323000	2322501	325.0	0.409091	-0.131438
2323001	2324000	2323501	398.0	0.409613	0.160891
2324001	2325000	2324501	391.0	0.410136	0.135291
2325001	2326000	2325501	393.0	0.410658	0.142652
2326001	2327000	2326501	276.0	0.411181	-0.367209
2327001	2328000	2327501	330.0	0.411703	-0.109411
2328001	2329000	2328501	414.0	0.412226	0.217754
2329001	2330000	2329501	375.0	0.412748	0.075013
2330001	2331000	2330501	300.0	0.413271	-0.246915
2331001	2332000	2331501	344.0	0.413793	-0.049469
2332001	2333000	2332501	292.0	0.414316	-0.285909
2333001	2334000	2333501	257.0	0.414838	-0.470109
2334001	2335000	2334501	368.0	0.415361	0.047829
2335001	2336000	2335501	297.0	0.415883	-0.261414
2336001	2337000	2336501	378.0	0.416405	0.086509
2337001	2338000	2337501	417.0	0.416928	0.228170
2338001	2339000	2338501	315.0	0.417450	-0.176525
2339001	2340000	2339501	328.0	0.417973	-0.118181
2340001	2341000	2340501	438.0	0.418495	0.299054
2341001	2342000	2341501	302.0	0.419018	-0.237329
2342001	2343000	2342501	340.0	0.419540	-0.066342
2343001	2344000	2343501	466.0	0.420063	0.388453
2344001	2345000	2344501	459.0	0.420585	0.366617
2345001	2346000	2345501	414.0	0.421108	0.217754
2346001	2347000	2346501	376.0	0.421630	0.078855
2347001	2348000	2347501	393.0	0.422153	0.142652
2348001	2349000	2348501	353.0	0.422675	-0.012209
2349001	2350000	2349501	403.0	0.423197	0.178903
2350001	2351000	2350501	342.0	0.423720	-0.057881
2351001	2352000	2351501	360.0	0.424242	0.016120
2352001	2353000	2352501	378.0	0.424765	0.086509
2353001	2354000	2353501	351.0	0.425287	-0.020406
2354001	2355000	2354501	369.0	0.425810	0.051744
2355001	2356000	2355501	421.0	0.426332	0.241943
2356001	2357000	2356501	329.0	0.426855	-0.113790
2357001	2358000	2357501	304.0	0.427377	-0.227806
2358001	2359000	2358501	339.0	0.427900	-0.070592
2359001	2360000	2359501	399.0	0.428422	0.164512
2360001	2361000	2360501	332.0	0.428945	-0.100694
2361001	2362000	2361501	326.0	0.429467	-0.127005
2362001	2363000	2362501	295.0	0.429990	-0.271162
2363001	2364000	2363501	303.0	0.430512	-0.232559
2364001	2365000	2364501	294.0	0.431034	-0.276061
2365001	2366000	2365501	342.0	0.431557	-0.057881
2366001	2367000	2366501	361.0	0.432079	0.020122
2367001	2368000	2367501	389.0	0.432602	0.127893
2368001	2369000	2368501	325.0	0.433124	-0.131438
2369001	2370000	2369501	341.0	0.433647	-0.062106
2370001	2371000	2370501	394.0	0.434169	0.146318
2371001	2372000	2371501	570.0	0.434692	0.679085
2372001	2373000	2372501	485.0	0.435214	0.446108
2373001	2374000	2373501	304.0	0.435737	-0.227806
2374001	2375000	2374501	406.0	0.436259	0.189602
2375001	2376000	2375501	345.0	0.436782	-0.045281
2376001	2377000	2376501	311.0	0.437304	-0.194963
2377001	2378000	2377501	332.0	0.437827	-0.100694
2378001	2379000	2378501	382.0	0.438349	0.101695
2379001	2380000	2379501	379.0	0.438871	0.090321
2380001	2381000	2380501	330.0	0.439394	-0.109411
2381001	2382000	2381501	334.0	0.439916	-0.092029
2382001	2383000	2382501	331.0	0.440439	-0.105046
2383001	2384000	2383501	318.0	0.440961	-0.162850
2384001	2385000	2384501	428.0	0.441484	0.265734
2385001	2386000	2385501	431.0	0.442006	0.275811
2386001	2387000	2386501	322.0	0.442529	-0.144817
2387001	2388000	2387501	447.0	0.443051	0.328398
2388001	2389000	2388501	481.0	0.443574	0.434160
2389001	2390000	2389501	399.0	0.444096	0.164512
2390001	2391000	2390501	332.0	0.444619	-0.100694
2391001	2392000	2391501	322.0	0.445141	-0.144817
2392001	2393000	2392501	338.0	0.445664	-0.074854
2393001	2394000	2393501	371.0	0.446186	0.059542
2394001	2395000	2394501	361.0	0.446708	0.020122
2395001	2396000	2395501	339.0	0.447231	-0.070592
2396001	2397000	2396501	291.0	0.447753	-0.290858
2397001	2398000	2397501	334.0	0.448276	-0.092029
2398001	2399000	2398501	354.0	0.448798	-0.008128
2399001	2400000	2399501	330.0	0.449321	-0.109411
2400001	2401000	2400501	361.0	0.449843	0.020122
2401001	2402000	2401501	349.0	0.450366	-0.028650
2402001	2403000	2402501	346.0	0.450888	-0.041105
2403001	2404000	2403501	405.0	0.451411	0.186045
2404001	2405000	2404501	354.0	0.451933	-0.008128
2405001	2406000	2405501	382.0	0.452456	0.101695
2406001	2407000	2406501	378.0	0.452978	0.086509
2407001	2408000	2407501	310.0	0.453501	-0.199609
2408001	2409000	2408501	320.0	0.454023	-0.153805
2409001	2410000	2409501	290.0	0.454545	-0.295824
2410001	2411000	2410501	311.0	0.455068	-0.194963
2411001	2412000	2411501	335.0	0.455590	-0.087716
2412001	2413000	2412501	327.0	0.456113	-0.122587
2413001	2414000	2413501	294.0	0.456635	-0.276061
2414001	2415000	2414501	432.0	0.457158	0.279154
2415001	2416000	2415501	387.0	0.457680	0.120456
2416001	2417000	2416501	399.0	0.458203	0.164512
2417001	2418000	2417501	448.0	0.458725	0.331621
2418001	2419000	2418501	558.0	0.459248	0.648388
2419001	2420000	2419501	442.0	0.459770	0.312169
2420001	2421000	2420501	398.0	0.460293	0.160891
2421001	2422000	2421501	404.0	0.460815	0.182478
2422001	2423000	2422501	351.0	0.461338	-0.020406
2423001	2424000	2423501	312.0	0.461860	-0.190331
2424001	2425000	2424501	322.0	0.462382	-0.144817
2425001	2426000	2425501	324.0	0.462905	-0.135883
2426001	2427000	2426501	327.0	0.463427	-0.122587
2427001	2428000	2427501	335.0	0.463950	-0.087716
2428001	2429000	2428501	376.0	0.464472	0.078855
2429001	2430000	2429501	403.0	0.464995	0.178903
2430001	2431000	2430501	436.0	0.465517	0.292451
2431001	2432000	2431501	435.0	0.466040	0.289138
2432001	2433000	2432501	368.0	0.466562	0.047829
2433001	2434000	2433501	400.0	0.467085	0.168123
2434001	2435000	2434501	309.0	0.467607	-0.204270
2435001	2436000	2435501	340.0	0.468130	-0.066342
2436001	2437000	2436501	371.0	0.468652	0.059542
2437001	2438000	2437501	321.0	0.469175	-0.149304
2438001	2439000	2438501	344.0	0.469697	-0.049469
2439001	2440000	2439501	404.0	0.470219	0.182478
2440001	2441000	2440501	402.0	0.470742	0.175318
2441001	2442000	2441501	352.0	0.471264	-0.016302
2442001	2443000	2442501	402.0	0.471787	0.175318
2443001	2444000	2443501	302.0	0.472309	-0.237329
2444001	2445000	2444501	349.0	0.472832	-0.028650
2445001	2446000	2445501	412.0	0.473354	0.210767
2446001	2447000	2446501	411.0	0.473877	0.207261
2447001	2448000	2447501	380.0	0.474399	0.094122
2448001	2449000	2448501	408.0	0.474922	0.196692
2449001	2450000	2449501	402.0	0.475444	0.175318
2450001	2451000	2450501	485.0	0.475967	0.446108
2451001	2452000	2451501	308.0	0.476489	-0.208947
2452001	2453000	2452501	308.0	0.477011	-0.208947
2453001	2454000	2453501	337.0	0.477534	-0.079129
2454001	2455000	2454501	343.0	0.478056	-0.053669
2455001	2456000	2455501	317.0	0.478579	-0.167394
2456001	2457000	2456501	285.0	0.479101	-0.320915
2457001	2458000	2457501	298.0	0.479624	-0.256565
2458001	2459000	2458501	282.0	0.480146	-0.336182
2459001	2460000	2459501	298.0	0.480669	-0.256565
2460001	2461000	2460501	385.0	0.481191	0.112981
2461001	2462000	2461501	349.0	0.481714	-0.028650
2462001	2463000	2462501	397.0	0.482236	0.157262
2463001	2464000	2463501	399.0	0.482759	0.164512
2464001	2465000	2464501	379.0	0.483281	0.090321
2465001	2466000	2465501	306.0	0.483804	-0.218346
2466001	2467000	2466501	326.0	0.484326	-0.127005
2467001	2468000	2467501	349.0	0.484848	-0.028650
2468001	2469000	2468501	285.0	0.485371	-0.320915
2469001	2470000	2469501	310.0	0.485893	-0.199609
2470001	2471000	2470501	393.0	0.486416	0.142652
2471001	2472000	2471501	301.0	0.486938	-0.242114
2472001	2473000	2472501	387.0	0.487461	0.120456
2473001	2474000	2473501	462.0	0.487983	0.376016
2474001	2475000	2474501	484.0	0.488506	0.443130
2475001	2476000	2475501	451.0	0.489028	0.341250
2476001	2477000	2476501	361.0	0.489551	0.020122
2477001	2478000	2477501	308.0	0.490073	-0.208947
2478001	2479000	2478501	277.0	0.490596	-0.361991
2479001	2480000	2479501	289.0	0.491118	-0.300808
2480001	2481000	2480501	317.0	0.491641	-0.167394
2481001	2482000	2481501	335.0	0.492163	-0.087716
2482001	2483000	2482501	354.0	0.492685	-0.008128
2483001	2484000	2483501	316.0	0.493208	-0.171953
2484001	2485000	2484501	320.0	0.493730	-0.153805
2485001	2486000	2485501	363.0	0.494253	0.028092
2486001	2487000	2486501	340.0	0.494775	-0.066342
2487001	2488000	2487501	300.0	0.495298	-0.246915
2488001	2489000	2488501	411.0	0.495820	0.207261
2489001	2490000	2489501	299.0	0.496343	-0.251732
2490001	2491000	2490501	443.0	0.496865	0.315429
2491001	2492000	2491501	369.0	0.497388	0.051744
2492001	2493000	2492501	366.0	0.497910	0.039966
2493001	2494000	2493501	281.0	0.498433	-0.341307
2494001	2495000	2494501	312.0	0.498955	-0.190331
2495001	2496000	2495501	386.0	0.499478	0.116724
2496001	2497000	2496501	378.0	0.500000	0.086509
2497001	2498000	2497501	358.0	0.500522	0.008082
2498001	2499000	2498501	403.0	0.501045	0.178903
2499001	2500000	2499501	389.0	0.501567	0.127893
2500001	2501000	2500501	357.0	0.502090	0.004047
2501001	2502000	2501501	367.0	0.502612	0.043903
2502001	2503000	2502501	424.0	0.503135	0.252187
2503001	2504000	2503501	315.0	0.503657	-0.176525
2504001	2505000	2504501	439.0	0.504180	0.302344
2505001	2506000	2505501	373.0	0.504702	0.067298
2506001	2507000	2506501	395.0	0.505225	0.149975
2507001	2508000	2507501	351.0	0.505747	-0.020406
2508001	2509000	2508501	306.0	0.506270	-0.218346
2509001	2510000	2509501	337.0	0.506792	-0.079129
2510001	2511000	2510501	439.0	0.507315	0.302344
2511001	2512000	2511501	413.0	0.507837	0.214265
2512001	2513000	2512501	287.0	0.508359	-0.310827
2513001	2514000	2513501	301.0	0.508882	-0.242114
2514001	2515000	2514501	310.0	0.509404	-0.199609
2515001	2516000	2515501	315.0	0.509927	-0.176525
2516001	2517000	2516501	293.0	0.510449	-0.280977
2517001	2518000	2517501	341.0	0.510972	-0.062106
2518001	2519000	2518501	303.0	0.511494	-0.232559
2519001	2520000	2519501	336.0	0.512017	-0.083416
2520001	2521000	2520501	279.0	0.512539	-0.351612
2521001	2522000	2521501	282.0	0.513062	-0.336182
2522001	2523000	2522501	304.0	0.513584	-0.227806
2523001	2524000	2523501	295.0	0.514107	-0.271162
2524001	2525000	2524501	385.0	0.514629	0.112981
2525001	2526000	2525501	344.0	0.515152	-0.049469
2526001	2527000	2526501	352.0	0.515674	-0.016302
2527001	2528000	2527501	392.0	0.516196	0.138976
2528001	2529000	2528501	282.0	0.516719	-0.336182
2529001	2530000	2529501	345.0	0.517241	-0.045281
2530001	2531000	2530501	403.0	0.517764	0.178903
2531001	2532000	2531501	479.0	0.518286	0.428148
2532001	2533000	2532501	420.0	0.518809	0.238512
2533001	2534000	2533501	411.0	0.519331	0.207261
2534001	2535000	2534501	347.0	0.519854	-0.036942
2535001	2536000	2535501	288.0	0.520376	-0.305808
2536001	2537000	2536501	314.0	0.520899	-0.181113
2537001	2538000	2537501	316.0	0.521421	-0.171953
2538001	2539000	2538501	277.0	0.521944	-0.361991
2539001	2540000	2539501	365.0	0.522466	0.036019
2540001	2541000	2540501	286.0	0.522989	-0.315862
2541001	2542000	2541501	300.0	0.523511	-0.246915
2542001	2543000	2542501	307.0	0.524033	-0.213639
2543001	2544000	2543501	419.0	0.524556	0.235073
2544001	2545000	2544501	335.0	0.525078	-0.087716
2545001	2546000	2545501	426.0	0.525601	0.258976
2546001	2547000	2546501	328.0	0.526123	-0.118181
2547001	2548000	2547501	350.0	0.526646	-0.024522
2548001	2549000	2548501	469.0	0.527168	0.397711
2549001	2550000	2549501	352.0	0.527691	-0.016302
2550001	2551000	2550501	345.0	0.528213	-0.045281
2551001	2552000	2551501	361.0	0.528736	0.020122
2552001	2553000	2552501	377.0	0.529258	0.082687
2553001	2554000	2553501	432.0	0.529781	0.279154
2554001	2555000	2554501	462.0	0.530303	0.376016
2555001	2556000	2555501	451.0	0.530825	0.341250
2556001	2557000	2556501	348.0	0.531348	-0.032790
2557001	2558000	2557501	398.0	0.531870	0.160891
2558001	2559000	2558501	379.0	0.532393	0.090321
2559001	2560000	2559501	322.0	0.532915	-0.144817
2560001	2561000	2560501	334.0	0.533438	-0.092029
2561001	2562000	2561501	318.0	0.533960	-0.162850
2562001	2563000	2562501	377.0	0.534483	0.082687
2563001	2564000	2563501	344.0	0.535005	-0.049469
2564001	2565000	2564501	362.0	0.535528	0.024112
2565001	2566000	2565501	366.0	0.536050	0.039966
2566001	2567000	2566501	462.0	0.536573	0.376016
2567001	2568000	2567501	356.0	0.537095	0.000000
2568001	2569000	2568501	387.0	0.537618	0.120456
2569001	2570000	2569501	308.0	0.538140	-0.208947
2570001	2571000	2570501	560.0	0.538662	0.653550
2571001	2572000	2571501	400.0	0.539185	0.168123
2572001	2573000	2572501	340.0	0.539707	-0.066342
2573001	2574000	2573501	347.0	0.540230	-0.036942
2574001	2575000	2574501	364.0	0.540752	0.032061
2575001	2576000	2575501	439.0	0.541275	0.302344
2576001	2577000	2576501	358.0	0.541797	0.008082
2577001	2578000	2577501	348.0	0.542320	-0.032790
2578001	2579000	2578501	389.0	0.542842	0.127893
2579001	2580000	2579501	435.0	0.543365	0.289138
2580001	2581000	2580501	454.0	0.543887	0.350815
2581001	2582000	2581501	511.0	0.544410	0.521446
2582001	2583000	2582501	386.0	0.544932	0.116724
2583001	2584000	2583501	377.0	0.545455	0.082687
2584001	2585000	2584501	432.0	0.545977	0.279154
2585001	2586000	2585501	341.0	0.546499	-0.062106
2586001	2587000	2586501	436.0	0.547022	0.292451
2587001	2588000	2587501	396.0	0.547544	0.153623
2588001	2589000	2588501	358.0	0.548067	0.008082
2589001	2590000	2589501	284.0	0.548589	-0.325986
2590001	2591000	2590501	372.0	0.549112	0.063425
2591001	2592000	2591501	325.0	0.549634	-0.131438
2592001	2593000	2592501	284.0	0.550157	-0.325986
2593001	2594000	2593501	318.0	0.550679	-0.162850
2594001	2595000	2594501	278.0	0.551202	-0.356792
2595001	2596000	2595501	403.0	0.551724	0.178903
2596001	2597000	2596501	399.0	0.552247	0.164512
2597001	2598000	2597501	331.0	0.552769	-0.105046
2598001	2599000	2598501	327.0	0.553292	-0.122587
2599001	2600000	2599501	334.0	0.553814	-0.092029
2600001	2601000	2600501	333.0	0.554336	-0.096355
2601001	2602000	2601501	324.0	0.554859	-0.135883
2602001	2603000	2602501	414.0	0.555381	0.217754
2603001	2604000	2603501	360.0	0.555904	0.016120
2604001	2605000	2604501	325.0	0.556426	-0.131438
2605001	2606000	2605501	381.0	0.556949	0.097914
2606001	2607000	2606501	302.0	0.557471	-0.237329
2607001	2608000	2607501	449.0	0.557994	0.334838
2608001	2609000	2608501	329.0	0.558516	-0.113790
2609001	2610000	2609501	340.0	0.559039	-0.066342
2610001	2611000	2610501	255.0	0.559561	-0.481380
2611001	2612000	2611501	350.0	0.560084	-0.024522
2612001	2613000	2612501	476.0	0.560606	0.419084
2613001	2614000	2613501	391.0	0.561129	0.135291
2614001	2615000	2614501	360.0	0.561651	0.016120
2615001	2616000	2615501	440.0	0.562173	0.305626
2616001	2617000	2616501	534.0	0.562696	0.584963
2617001	2618000	2617501	362.0	0.563218	0.024112
2618001	2619000	2618501	371.0	0.563741	0.059542
2619001	2620000	2619501	363.0	0.564263	0.028092
2620001	2621000	2620501	315.0	0.564786	-0.176525
2621001	2622000	2621501	337.0	0.565308	-0.079129
2622001	2623000	2622501	307.0	0.565831	-0.213639
2623001	2624000	2623501	368.0	0.566353	0.047829
2624001	2625000	2624501	377.0	0.566876	0.082687
2625001	2626000	2625501	416.0	0.567398	0.224706
2626001	2627000	2626501	471.0	0.567921	0.403850
2627001	2628000	2627501	348.0	0.568443	-0.032790
2628001	2629000	2628501	384.0	0.568966	0.109229
2629001	2630000	2629501	439.0	0.569488	0.302344
2630001	2631000	2630501	387.0	0.570010	0.120456
2631001	2632000	2631501	389.0	0.570533	0.127893
2632001	2633000	2632501	344.0	0.571055	-0.049469
2633001	2634000	2633501	348.0	0.571578	-0.032790
2634001	2635000	2634501	313.0	0.572100	-0.185715
2635001	2636000	2635501	305.0	0.572623	-0.223068
2636001	2637000	2636501	294.0	0.573145	-0.276061
2637001	2638000	2637501	375.0	0.573668	0.075013
2638001	2639000	2638501	365.0	0.574190	0.036019
2639001	2640000	2639501	361.0	0.574713	0.020122
2640001	2641000	2640501	412.0	0.575235	0.210767
2641001	2642000	2641501	335.0	0.575758	-0.087716
2642001	2643000	2642501	348.0	0.576280	-0.032790
2643001	2644000	2643501	301.0	0.576803	-0.242114
2644001	2645000	2644501	360.0	0.577325	0.016120
2645001	2646000	2645501	354.0	0.577847	-0.008128
2646001	2647000	2646501	368.0	0.578370	0.047829
2647001	2648000	2647501	361.0	0.578892	0.020122
2648001	2649000	2648501	377.0	0.579415	0.082687
2649001	2650000	2649501	342.0	0.579937	-0.057881
2650001	2651000	2650501	306.0	0.580460	-0.218346
2651001	2652000	2651501	423.0	0.580982	0.248780
2652001	2653000	2652501	324.0	0.581505	-0.135883
2653001	2654000	2653501	312.0	0.582027	-0.190331
2654001	2655000	2654501	435.0	0.582550	0.289138
2655001	2656000	2655501	353.0	0.583072	-0.012209
2656001	2657000	2656501	341.0	0.583595	-0.062106
2657001	2658000	2657501	502.0	0.584117	0.495810
2658001	2659000	2658501	476.0	0.584639	0.419084
2659001	2660000	2659501	563.0	0.585162	0.661258
2660001	2661000	2660501	371.0	0.585684	0.059542
2661001	2662000	2661501	300.0	0.586207	-0.246915
2662001	2663000	2662501	412.0	0.586729	0.210767
2663001	2664000	2663501	603.0	0.587252	0.760281
2664001	2665000	2664501	562.0	0.587774	0.658693
2665001	2666000	2665501	422.0	0.588297	0.245366
2666001	2667000	2666501	419.0	0.588819	0.235073
2667001	2668000	2667501	526.0	0.589342	0.563186
2668001	2669000	2668501	447.0	0.589864	0.328398
2669001	2670000	2669501	380.0	0.590387	0.094122
2670001	2671000	2670501	366.0	0.590909	0.039966
2671001	2672000	2671501	405.0	0.591432	0.186045
2672001	2673000	2672501	336.0	0.591954	-0.083416
2673001	2674000	2673501	358.0	0.592476	0.008082
2674001	2675000	2674501	477.0	0.592999	0.422112
2675001	2676000	2675501	373.0	0.593521	0.067298
2676001	2677000	2676501	390.0	0.594044	0.131597
2677001	2678000	2677501	463.0	0.594566	0.379135
2678001	2679000	2678501	445.0	0.595089	0.321928
2679001	2680000	2679501	361.0	0.595611	0.020122
2680001	2681000	2680501	435.0	0.596134	0.289138
2681001	2682000	2681501	467.0	0.596656	0.391545
2682001	2683000	2682501	363.0	0.597179	0.028092
2683001	2684000	2683501	365.0	0.597701	0.036019
2684001	2685000	2684501	396.0	0.598224	0.153623
2685001	2686000	2685501	344.0	0.598746	-0.049469
2686001	2687000	2686501	395.0	0.599269	0.149975
2687001	2688000	2687501	325.0	0.599791	-0.131438
2688001	2689000	2688501	315.0	0.600313	-0.176525
2689001	2690000	2689501	434.0	0.600836	0.285818
2690001	2691000	2690501	386.0	0.601358	0.116724
2691001	2692000	2691501	356.0	0.601881	0.000000
2692001	2693000	2692501	437.0	0.602403	0.295756
2693001	2694000	2693501	404.0	0.602926	0.182478
2694001	2695000	2694501	502.0	0.603448	0.495810
2695001	2696000	2695501	569.0	0.603971	0.676551
2696001	2697000	2696501	459.0	0.604493	0.366617
2697001	2698000	2697501	273.0	0.605016	-0.382976
2698001	2699000	2698501	358.0	0.605538	0.008082
2699001	2700000	2699501	304.0	0.606061	-0.227806
2700001	2701000	2700501	340.0	0.606583	-0.066342
2701001	2702000	2701501	360.0	0.607106	0.016120
2702001	2703000	2702501	375.0	0.607628	0.075013
2703001	2704000	2703501	436.0	0.608150	0.292451
2704001	2705000	2704501	320.0	0.608673	-0.153805
2705001	2706000	2705501	347.0	0.609195	-0.036942
2706001	2707000	2706501	315.0	0.609718	-0.176525
2707001	2708000	2707501	432.0	0.610240	0.279154
2708001	2709000	2708501	305.0	0.610763	-0.223068
2709001	2710000	2709501	252.0	0.611285	-0.498454
2710001	2711000	2710501	300.0	0.611808	-0.246915
2711001	2712000	2711501	334.0	0.612330	-0.092029
2712001	2713000	2712501	264.0	0.612853	-0.431339
2713001	2714000	2713501	266.0	0.613375	-0.420451
2714001	2715000	2714501	296.0	0.613898	-0.266280
2715001	2716000	2715501	332.0	0.614420	-0.100694
2716001	2717000	2716501	327.0	0.614943	-0.122587
2717001	2718000	2717501	241.0	0.615465	-0.562844
2718001	2719000	2718501	352.0	0.615987	-0.016302
2719001	2720000	2719501	344.0	0.616510	-0.049469
2720001	2721000	2720501	303.0	0.617032	-0.232559
2721001	2722000	2721501	345.0	0.617555	-0.045281
2722001	2723000	2722501	321.0	0.618077	-0.149304
2723001	2724000	2723501	430.0	0.618600	0.272459
2724001	2725000	2724501	324.0	0.619122	-0.135883
2725001	2726000	2725501	295.0	0.619645	-0.271162
2726001	2727000	2726501	340.0	0.620167	-0.066342
2727001	2728000	2727501	307.0	0.620690	-0.213639
2728001	2729000	2728501	312.0	0.621212	-0.190331
2729001	2730000	2729501	336.0	0.621735	-0.083416
2730001	2731000	2730501	349.0	0.622257	-0.028650
2731001	2732000	2731501	271.0	0.622780	-0.393584
2732001	2733000	2732501	297.0	0.623302	-0.261414
2733001	2734000	2733501	341.0	0.623824	-0.062106
2734001	2735000	2734501	335.0	0.624347	-0.087716
2735001	2736000	2735501	323.0	0.624869	-0.140343
2736001	2737000	2736501	386.0	0.625392	0.116724
2737001	2738000	2737501	550.0	0.625914	0.627554
2738001	2739000	2738501	390.0	0.626437	0.131597
2739001	2740000	2739501	370.0	0.626959	0.055648
2740001	2741000	2740501	327.0	0.627482	-0.122587
2741001	2742000	2741501	364.0	0.628004	0.032061
2742001	2743000	2742501	507.0	0.628527	0.510109
2743001	2744000	2743501	529.0	0.629049	0.571390
2744001	2745000	2744501	353.0	0.629572	-0.012209
2745001	2746000	2745501	354.0	0.630094	-0.008128
2746001	2747000	2746501	318.0	0.630617	-0.162850
2747001	2748000	2747501	319.0	0.631139	-0.158321
2748001	2749000	2748501	342.0	0.631661	-0.057881
2749001	2750000	2749501	423.0	0.632184	0.248780
2750001	2751000	2750501	319.0	0.632706	-0.158321
2751001	2752000	2751501	378.0	0.633229	0.086509
2752001	2753000	2752501	322.0	0.633751	-0.144817
2753001	2754000	2753501	348.0	0.634274	-0.032790
2754001	2755000	2754501	362.0	0.634796	0.024112
2755001	2756000	2755501	303.0	0.635319	-0.232559
2756001	2757000	2756501	222.0	0.635841	-0.681318
2757001	2758000	2757501	271.0	0.636364	-0.393584
2758001	2759000	2758501	262.0	0.636886	-0.442310
2759001	2760000	2759501	282.0	0.637409	-0.336182
2760001	2761000	2760501	325.0	0.637931	-0.131438
2761001	2762000	2761501	315.0	0.638454	-0.176525
2762001	2763000	2762501	237.0	0.638976	-0.586990
2763001	2764000	2763501	252.0	0.639498	-0.498454
2764001	2765000	2764501	298.0	0.640021	-0.256565
2765001	2766000	2765501	267.0	0.640543	-0.415037
2766001	2767000	2766501	305.0	0.641066	-0.223068
2767001	2768000	2767501	286.0	0.641588	-0.315862
2768001	2769000	2768501	228.0	0.642111	-0.642843
2769001	2770000	2769501	280.0	0.642633	-0.346450
2770001	2771000	2770501	314.0	0.643156	-0.181113
2771001	2772000	2771501	254.0	0.643678	-0.487049
2772001	2773000	2772501	271.0	0.644201	-0.393584
2773001	2774000	2773501	305.0	0.644723	-0.223068
2774001	2775000	2774501	349.0	0.645246	-0.028650
2775001	2776000	2775501	304.0	0.645768	-0.227806
2776001	2777000	2776501	243.0	0.646290	-0.550921
2777001	2778000	2777501	242.0	0.646813	-0.556870
2778001	2779000	2778501	242.0	0.647335	-0.556870
2779001	2780000	2779501	280.0	0.647858	-0.346450
2780001	2781000	2780501	249.0	0.648380	-0.515731
2781001	2782000	2781501	286.0	0.648903	-0.315862
2782001	2783000	2782501	252.0	0.649425	-0.498454
2783001	2784000	2783501	266.0	0.649948	-0.420451
2784001	2785000	2784501	298.0	0.650470	-0.256565
2785001	2786000	2785501	297.0	0.650993	-0.261414
2786001	2787000	2786501	303.0	0.651515	-0.232559
2787001	2788000	2787501	437.0	0.652038	0.295756
2788001	2789000	2788501	373.0	0.652560	0.067298
2789001	2790000	2789501	471.0	0.653083	0.403850
2790001	2791000	2790501	508.0	0.653605	0.512951
2791001	2792000	2791501	419.0	0.654127	0.235073
2792001	2793000	2792501	281.0	0.654650	-0.341307
2793001	2794000	2793501	315.0	0.655172	-0.176525
2794001	2795000	2794501	352.0	0.655695	-0.016302
2795001	2796000	2795501	362.0	0.656217	0.024112
2796001	2797000	2796501	370.0	0.656740	0.055648
2797001	2798000	2797501	388.0	0.657262	0.124179
2798001	2799000	2798501	350.0	0.657785	-0.024522
2799001	2800000	2799501	429.0	0.658307	0.269100
2800001	2801000	2800501	351.0	0.658830	-0.020406
2801001	2802000	2801501	334.0	0.659352	-0.092029
2802001	2803000	2802501	351.0	0.659875	-0.020406
2803001	2804000	2803501	373.0	0.660397	0.067298
2804001	2805000	2804501	339.0	0.660920	-0.070592
2805001	2806000	2805501	396.0	0.661442	0.153623
2806001	2807000	2806501	324.0	0.661964	-0.135883
2807001	2808000	2807501	379.0	0.662487	0.090321
2808001	2809000	2808501	384.0	0.663009	0.109229
2809001	2810000	2809501	343.0	0.663532	-0.053669
2810001	2811000	2810501	310.0	0.664054	-0.199609
2811001	2812000	2811501	450.0	0.664577	0.338048
2812001	2813000	2812501	355.0	0.665099	-0.004058
2813001	2814000	2813501	348.0	0.665622	-0.032790
2814001	2815000	2814501	417.0	0.666144	0.228170
2815001	2816000	2815501	303.0	0.666667	-0.232559
2816001	2817000	2816501	340.0	0.667189	-0.066342
2817001	2818000	2817501	360.0	0.667712	0.016120
2818001	2819000	2818501	329.0	0.668234	-0.113790
2819001	2820000	2819501	379.0	0.668757	0.090321
2820001	2821000	2820501	433.0	0.669279	0.282490
2821001	2822000	2821501	389.0	0.669801	0.127893
2822001	2823000	2822501	347.0	0.670324	-0.036942
2823001	2824000	2823501	326.0	0.670846	-0.127005
2824001	2825000	2824501	421.0	0.671369	0.241943
2825001	2826000	2825501	325.0	0.671891	-0.131438
2826001	2827000	2826501	386.0	0.672414	0.116724
2827001	2828000	2827501	296.0	0.672936	-0.266280
2828001	2829000	2828501	326.0	0.673459	-0.127005
2829001	2830000	2829501	343.0	0.673981	-0.053669
2830001	2831000	2830501	375.0	0.674504	0.075013
2831001	2832000	2831501	414.0	0.675026	0.217754
2832001	2833000	2832501	328.0	0.675549	-0.118181
2833001	2834000	2833501	310.0	0.676071	-0.199609
2834001	2835000	2834501	490.0	0.676594	0.460905
2835001	2836000	2835501	366.0	0.677116	0.039966
2836001	2837000	2836501	308.0	0.677638	-0.208947
2837001	2838000	2837501	296.0	0.678161	-0.266280
2838001	2839000	2838501	262.0	0.678683	-0.442310
2839001	2840000	2839501	339.0	0.679206	-0.070592
2840001	2841000	2840501	300.0	0.679728	-0.246915
2841001	2842000	2841501	297.0	0.680251	-0.261414
2842001	2843000	2842501	264.0	0.680773	-0.431339
2843001	2844000	2843501	271.0	0.681296	-0.393584
2844001	2845000	2844501	376.0	0.681818	0.078855
2845001	2846000	2845501	442.0	0.682341	0.312169
2846001	2847000	2846501	473.0	0.682863	0.409963
2847001	2848000	2847501	371.0	0.683386	0.059542
2848001	2849000	2848501	342.0	0.683908	-0.057881
2849001	2850000	2849501	444.0	0.684431	0.318682
2850001	2851000	2850501	397.0	0.684953	0.157262
2851001	2852000	2851501	516.0	0.685475	0.535494
2852001	2853000	2852501	520.0	0.685998	0.546634
2853001	2854000	2853501	654.0	0.686520	0.877413
2854001	2855000	2854501	573.0	0.687043	0.686658
2855001	2856000	2855501	541.0	0.687565	0.603751
2856001	2857000	2856501	646.0	0.688088	0.859657
2857001	2858000	2857501	437.0	0.688610	0.295756
2858001	2859000	2858501	404.0	0.689133	0.182478
2859001	2860000	2859501	323.0	0.689655	-0.140343
2860001	2861000	2860501	439.0	0.690178	0.302344
2861001	2862000	2861501	538.0	0.690700	0.595729
2862001	2863000	2862501	510.0	0.691223	0.518620
2863001	2864000	2863501	381.0	0.691745	0.097914
2864001	2865000	2864501	316.0	0.692268	-0.171953
2865001	2866000	2865501	325.0	0.692790	-0.131438
2866001	2867000	2866501	396.0	0.693312	0.153623
2867001	2868000	2867501	377.0	0.693835	0.082687
2868001	2869000	2868501	452.0	0.694357	0.344446
2869001	2870000	2869501	345.0	0.694880	-0.045281
2870001	2871000	2870501	383.0	0.695402	0.105467
2871001	2872000	2871501	273.0	0.695925	-0.382976
2872001	2873000	2872501	313.0	0.696447	-0.185715
2873001	2874000	2873501	358.0	0.696970	0.008082
2874001	2875000	2874501	391.0	0.697492	0.135291
2875001	2876000	2875501	368.0	0.698015	0.047829
2876001	2877000	2876501	383.0	0.698537	0.105467
2877001	2878000	2877501	393.0	0.699060	0.142652
2878001	2879000	2878501	455.0	0.699582	0.353989
2879001	2880000	2879501	330.0	0.700104	-0.109411
2880001	2881000	2880501	279.0	0.700627	-0.351612
2881001	2882000	2881501	306.0	0.701149	-0.218346
2882001	2883000	2882501	448.0	0.701672	0.331621
2883001	2884000	2883501	518.0	0.702194	0.541075
2884001	2885000	2884501	384.0	0.702717	0.109229
2885001	2886000	2885501	316.0	0.703239	-0.171953
2886001	2887000	2886501	481.0	0.703762	0.434160
2887001	2888000	2887501	495.0	0.704284	0.475551
2888001	2889000	2888501	404.0	0.704807	0.182478
2889001	2890000	2889501	457.0	0.705329	0.360317
2890001	2891000	2890501	422.0	0.705852	0.245366
2891001	2892000	2891501	417.0	0.706374	0.228170
2892001	2893000	2892501	400.0	0.706897	0.168123
2893001	2894000	2893501	429.0	0.707419	0.269100
2894001	2895000	2894501	366.0	0.707941	0.039966
2895001	2896000	2895501	446.0	0.708464	0.325166
2896001	2897000	2896501	432.0	0.708986	0.279154
2897001	2898000	2897501	414.0	0.709509	0.217754
2898001	2899000	2898501	446.0	0.710031	0.325166
2899001	2900000	2899501	400.0	0.710554	0.168123
2900001	2901000	2900501	413.0	0.711076	0.214265
2901001	2902000	2901501	362.0	0.711599	0.024112
2902001	2903000	2902501	338.0	0.712121	-0.074854
2903001	2904000	2903501	328.0	0.712644	-0.118181
2904001	2905000	2904501	240.0	0.713166	-0.568843
2905001	2906000	2905501	267.0	0.713689	-0.415037
2906001	2907000	2906501	308.0	0.714211	-0.208947
2907001	2908000	2907501	333.0	0.714734	-0.096355
2908001	2909000	2908501	466.0	0.715256	0.388453
2909001	2910000	2909501	539.0	0.715778	0.598408
2910001	2911000	2910501	452.0	0.716301	0.344446
2911001	2912000	2911501	341.0	0.716823	-0.062106
2912001	2913000	2912501	308.0	0.717346	-0.208947
2913001	2914000	2913501	298.0	0.717868	-0.256565
2914001	2915000	2914501	273.0	0.718391	-0.382976
2915001	2916000	2915501	246.0	0.718913	-0.533219
2916001	2917000	2916501	274.0	0.719436	-0.377701
2917001	2918000	2917501	290.0	0.719958	-0.295824
2918001	2919000	2918501	313.0	0.720481	-0.185715
2919001	2920000	2919501	536.0	0.721003	0.590356
2920001	2921000	2920501	544.0	0.721526	0.611729
2921001	2922000	2921501	660.0	0.722048	0.890589
2922001	2923000	2922501	408.0	0.722571	0.196692
2923001	2924000	2923501	283.0	0.723093	-0.331075
2924001	2925000	2924501	304.0	0.723615	-0.227806
2925001	2926000	2925501	301.0	0.724138	-0.242114
2926001	2927000	2926501	252.0	0.724660	-0.498454
2927001	2928000	2927501	369.0	0.725183	0.051744
2928001	2929000	2928501	332.0	0.725705	-0.100694
2929001	2930000	2929501	209.0	0.726228	-0.768374
2930001	2931000	2930501	285.0	0.726750	-0.320915
2931001	2932000	2931501	462.0	0.727273	0.376016
2932001	2933000	2932501	350.0	0.727795	-0.024522
2933001	2934000	2933501	369.0	0.728318	0.051744
2934001	2935000	2934501	388.0	0.728840	0.124179
2935001	2936000	2935501	475.0	0.729363	0.416050
2936001	2937000	2936501	459.0	0.729885	0.366617
2937001	2938000	2937501	340.0	0.730408	-0.066342
2938001	2939000	2938501	328.0	0.730930	-0.118181
2939001	2940000	2939501	400.0	0.731452	0.168123
2940001	2941000	2940501	403.0	0.731975	0.178903
2941001	2942000	2941501	479.0	0.732497	0.428148
2942001	2943000	2942501	404.0	0.733020	0.182478
2943001	2944000	2943501	394.0	0.733542	0.146318
2944001	2945000	2944501	356.0	0.734065	0.000000
2945001	2946000	2945501	358.0	0.734587	0.008082
2946001	2947000	2946501	346.0	0.735110	-0.041105
2947001	2948000	2947501	346.0	0.735632	-0.041105
2948001	2949000	2948501	458.0	0.736155	0.363470
2949001	2950000	2949501	370.0	0.736677	0.055648
2950001	2951000	2950501	487.0	0.737200	0.452045
2951001	2952000	2951501	368.0	0.737722	0.047829
2952001	2953000	2952501	399.0	0.738245	0.164512
2953001	2954000	2953501	339.0	0.738767	-0.070592
2954001	2955000	2954501	390.0	0.739289	0.131597
2955001	2956000	2955501	361.0	0.739812	0.020122
2956001	2957000	2956501	333.0	0.740334	-0.096355
2957001	2958000	2957501	331.0	0.740857	-0.105046
2958001	2959000	2958501	398.0	0.741379	0.160891
2959001	2960000	2959501	372.0	0.741902	0.063425
2960001	2961000	2960501	356.0	0.742424	0.000000
2961001	2962000	2961501	424.0	0.742947	0.252187
2962001	2963000	2962501	424.0	0.743469	0.252187
2963001	2964000	2963501	457.0	0.743992	0.360317
2964001	2965000	2964501	501.0	0.744514	0.492933
2965001	2966000	2965501	427.0	0.745037	0.262359
2966001	2967000	2966501	462.0	0.745559	0.376016
2967001	2968000	2967501	413.0	0.746082	0.214265
2968001	2969000	2968501	467.0	0.746604	0.391545
2969001	2970000	2969501	397.0	0.747126	0.157262
2970001	2971000	2970501	264.0	0.747649	-0.431339
2971001	2972000	2971501	254.0	0.748171	-0.487049
2972001	2973000	2972501	319.0	0.748694	-0.158321
2973001	2974000	2973501	343.0	0.749216	-0.053669
2974001	2975000	2974501	393.0	0.749739	0.142652
2975001	2976000	2975501	302.0	0.750261	-0.237329
2976001	2977000	2976501	283.0	0.750784	-0.331075
2977001	2978000	2977501	313.0	0.751306	-0.185715
2978001	2979000	2978501	359.0	0.751829	0.012107
2979001	2980000	2979501	468.0	0.752351	0.394631
2980001	2981000	2980501	341.0	0.752874	-0.062106
2981001	2982000	2981501	285.0	0.753396	-0.320915
2982001	2983000	2982501	305.0	0.753918	-0.223068
2983001	2984000	2983501	352.0	0.754441	-0.016302
2984001	2985000	2984501	261.0	0.754963	-0.447827
2985001	2986000	2985501	270.0	0.755486	-0.398918
2986001	2987000	2986501	293.0	0.756008	-0.280977
2987001	2988000	2987501	285.0	0.756531	-0.320915
2988001	2989000	2988501	261.0	0.757053	-0.447827
2989001	2990000	2989501	254.0	0.757576	-0.487049
2990001	2991000	2990501	259.0	0.758098	-0.458925
2991001	2992000	2991501	296.0	0.758621	-0.266280
2992001	2993000	2992501	319.0	0.759143	-0.158321
2993001	2994000	2993501	291.0	0.759666	-0.290858
2994001	2995000	2994501	365.0	0.760188	0.036019
2995001	2996000	2995501	500.0	0.760711	0.490051
2996001	2997000	2996501	571.0	0.761233	0.681614
2997001	2998000	2997501	464.0	0.761755	0.382248
2998001	2999000	2998501	415.0	0.762278	0.221234
2999001	3000000	2999501	538.0	0.762800	0.595729
3000001	3001000	3000501	353.0	0.763323	-0.012209
3001001	3002000	3001501	335.0	0.763845	-0.087716
3002001	3003000	3002501	309.0	0.764368	-0.204270
3003001	3004000	3003501	281.0	0.764890	-0.341307
3004001	3005000	3004501	323.0	0.765413	-0.140343
3005001	3006000	3005501	344.0	0.765935	-0.049469
3006001	3007000	3006501	336.0	0.766458	-0.083416
3007001	3008000	3007501	371.0	0.766980	0.059542
3008001	3009000	3008501	438.0	0.767503	0.299054
3009001	3010000	3009501	321.0	0.768025	-0.149304
3010001	3011000	3010501	281.0	0.768548	-0.341307
3011001	3012000	3011501	293.0	0.769070	-0.280977
3012001	3013000	3012501	347.0	0.769592	-0.036942
3013001	3014000	3013501	279.0	0.770115	-0.351612
3014001	3015000	3014501	387.0	0.770637	0.120456
3015001	3016000	3015501	355.0	0.771160	-0.004058
3016001	3017000	3016501	462.0	0.771682	0.376016
3017001	3018000	3017501	491.0	0.772205	0.463846
3018001	3019000	3018501	286.0	0.772727	-0.315862
3019001	3020000	3019501	285.0	0.773250	-0.320915
3020001	3021000	3020501	309.0	0.773772	-0.204270
3021001	3022000	3021501	356.0	0.774295	0.000000
3022001	3023000	3022501	374.0	0.774817	0.071161
3023001	3024000	3023501	394.0	0.775340	0.146318
3024001	3025000	3024501	296.0	0.775862	-0.266280
3025001	3026000	3025501	278.0	0.776385	-0.356792
3026001	3027000	3026501	278.0	0.776907	-0.356792
3027001	3028000	3027501	306.0	0.777429	-0.218346
3028001	3029000	3028501	313.0	0.777952	-0.185715
3029001	3030000	3029501	317.0	0.778474	-0.167394
3030001	3031000	3030501	356.0	0.778997	0.000000
3031001	3032000	3031501	383.0	0.779519	0.105467
3032001	3033000	3032501	364.0	0.780042	0.032061
3033001	3034000	3033501	412.0	0.780564	0.210767
3034001	3035000	3034501	372.0	0.781087	0.063425
3035001	3036000	3035501	368.0	0.781609	0.047829
3036001	3037000	3036501	406.0	0.782132	0.189602
3037001	3038000	3037501	461.0	0.782654	0.372890
3038001	3039000	3038501	533.0	0.783177	0.582258
3039001	3040000	3039501	415.0	0.783699	0.221234
3040001	3041000	3040501	584.0	0.784222	0.714091
3041001	3042000	3041501	546.0	0.784744	0.617024
3042001	3043000	3042501	370.0	0.785266	0.055648
3043001	3044000	3043501	289.0	0.785789	-0.300808
3044001	3045000	3044501	350.0	0.786311	-0.024522
3045001	3046000	3045501	413.0	0.786834	0.214265
3046001	3047000	3046501	684.0	0.787356	0.942119
3047001	3048000	3047501	341.0	0.787879	-0.062106
3048001	3049000	3048501	360.0	0.788401	0.016120
3049001	3050000	3049501	369.0	0.788924	0.051744
3050001	3051000	3050501	347.0	0.789446	-0.036942
3051001	3052000	3051501	247.0	0.789969	-0.527366
3052001	3053000	3052501	310.0	0.790491	-0.199609
3053001	3054000	3053501	311.0	0.791014	-0.194963
3054001	3055000	3054501	289.0	0.791536	-0.300808
3055001	3056000	3055501	307.0	0.792059	-0.213639
3056001	3057000	3056501	306.0	0.792581	-0.218346
3057001	3058000	3057501	492.0	0.793103	0.466781
3058001	3059000	3058501	300.0	0.793626	-0.246915
3059001	3060000	3059501	294.0	0.794148	-0.276061
3060001	3061000	3060501	327.0	0.794671	-0.122587
3061001	3062000	3061501	368.0	0.795193	0.047829
3062001	3063000	3062501	315.0	0.795716	-0.176525
3063001	3064000	3063501	339.0	0.796238	-0.070592
3064001	3065000	3064501	321.0	0.796761	-0.149304
3065001	3066000	3065501	263.0	0.797283	-0.436814
3066001	3067000	3066501	311.0	0.797806	-0.194963
3067001	3068000	3067501	410.0	0.798328	0.203747
3068001	3069000	3068501	377.0	0.798851	0.082687
3069001	3070000	3069501	395.0	0.799373	0.149975
3070001	3071000	3070501	340.0	0.799896	-0.066342
3071001	3072000	3071501	334.0	0.800418	-0.092029
3072001	3073000	3072501	355.0	0.800940	-0.004058
3073001	3074000	3073501	417.0	0.801463	0.228170
3074001	3075000	3074501	333.0	0.801985	-0.096355
3075001	3076000	3075501	294.0	0.802508	-0.276061
3076001	3077000	3076501	293.0	0.803030	-0.280977
3077001	3078000	3077501	343.0	0.803553	-0.053669
3078001	3079000	3078501	341.0	0.804075	-0.062106
3079001	3080000	3079501	342.0	0.804598	-0.057881
3080001	3081000	3080501	369.0	0.805120	0.051744
3081001	3082000	3081501	286.0	0.805643	-0.315862
3082001	3083000	3082501	264.0	0.806165	-0.431339
3083001	3084000	3083501	292.0	0.806688	-0.285909
3084001	3085000	3084501	295.0	0.807210	-0.271162
3085001	3086000	3085501	301.0	0.807732	-0.242114
3086001	3087000	3086501	367.0	0.808255	0.043903
3087001	3088000	3087501	357.0	0.808777	0.004047
3088001	3089000	3088501	295.0	0.809300	-0.271162
3089001	3090000	3089501	362.0	0.809822	0.024112
3090001	3091000	3090501	397.0	0.810345	0.157262
3091001	3092000	3091501	303.0	0.810867	-0.232559
3092001	3093000	3092501	297.0	0.811390	-0.261414
3093001	3094000	3093501	402.0	0.811912	0.175318
3094001	3095000	3094501	418.0	0.812435	0.231626
3095001	3096000	3095501	332.0	0.812957	-0.100694
3096001	3097000	3096501	391.0	0.813480	0.135291
3097001	3098000	3097501	432.0	0.814002	0.279154
3098001	3099000	3098501	301.0	0.814525	-0.242114
3099001	3100000	3099501	417.0	0.815047	0.228170
3100001	3101000	3100501	432.0	0.815569	0.279154
3101001	3102000	3101501	324.0	0.816092	-0.135883
3102001	3103000	3102501	284.0	0.816614	-0.325986
3103001	3104000	3103501	280.0	0.817137	-0.346450
3104001	3105000	3104501	278.0	0.817659	-0.356792
3105001	3106000	3105501	362.0	0.818182	0.024112
3106001	3107000	3106501	352.0	0.818704	-0.016302
3107001	3108000	3107501	377.0	0.819227	0.082687
3108001	3109000	3108501	458.0	0.819749	0.363470
3109001	3110000	3109501	373.0	0.820272	0.067298
3110001	3111000	3110501	288.0	0.820794	-0.305808
3111001	3112000	3111501	292.0	0.821317	-0.285909
3112001	3113000	3112501	410.0	0.821839	0.203747
3113001	3114000	3113501	412.0	0.822362	0.210767
3114001	3115000	3114501	383.0	0.822884	0.105467
3115001	3116000	3115501	380.0	0.823406	0.094122
3116001	3117000	3116501	388.0	0.823929	0.124179
3117001	3118000	3117501	296.0	0.824451	-0.266280
3118001	3119000	3118501	371.0	0.824974	0.059542
3119001	3120000	3119501	416.0	0.825496	0.224706
3120001	3121000	3120501	345.0	0.826019	-0.045281
3121001	3122000	3121501	289.0	0.826541	-0.300808
3122001	3123000	3122501	330.0	0.827064	-0.109411
3123001	3124000	3123501	393.0	0.827586	0.142652
3124001	3125000	3124501	326.0	0.828109	-0.127005
3125001	3126000	3125501	331.0	0.828631	-0.105046
3126001	3127000	3126501	300.0	0.829154	-0.246915
3127001	3128000	3127501	461.0	0.829676	0.372890
3128001	3129000	3128501	583.0	0.830199	0.711619
3129001	3130000	3129501	367.0	0.830721	0.043903
3130001	3131000	3130501	450.0	0.831243	0.338048
3131001	3132000	3131501	364.0	0.831766	0.032061
3132001	3133000	3132501	386.0	0.832288	0.116724
3133001	3134000	3133501	416.0	0.832811	0.224706
3134001	3135000	3134501	379.0	0.833333	0.090321
3135001	3136000	3135501	283.0	0.833856	-0.331075
3136001	3137000	3136501	344.0	0.834378	-0.049469
3137001	3138000	3137501	277.0	0.834901	-0.361991
3138001	3139000	3138501	315.0	0.835423	-0.176525
3139001	3140000	3139501	358.0	0.835946	0.008082
3140001	3141000	3140501	426.0	0.836468	0.258976
3141001	3142000	3141501	360.0	0.836991	0.016120
3142001	3143000	3142501	437.0	0.837513	0.295756
3143001	3144000	3143501	409.0	0.838036	0.200224
3144001	3145000	3144501	330.0	0.838558	-0.109411
3145001	3146000	3145501	341.0	0.839080	-0.062106
3146001	3147000	3146501	330.0	0.839603	-0.109411
3147001	3148000	3147501	266.0	0.840125	-0.420451
3148001	3149000	3148501	328.0	0.840648	-0.118181
3149001	3150000	3149501	345.0	0.841170	-0.045281
3150001	3151000	3150501	281.0	0.841693	-0.341307
3151001	3152000	3151501	295.0	0.842215	-0.271162
3152001	3153000	3152501	383.0	0.842738	0.105467
3153001	3154000	3153501	491.0	0.843260	0.463846
3154001	3155000	3154501	444.0	0.843783	0.318682
3155001	3156000	3155501	388.0	0.844305	0.124179
3156001	3157000	3156501	341.0	0.844828	-0.062106
3157001	3158000	3157501	337.0	0.845350	-0.079129
3158001	3159000	3158501	396.0	0.845873	0.153623
3159001	3160000	3159501	430.0	0.846395	0.272459
3160001	3161000	3160501	373.0	0.846917	0.067298
3161001	3162000	3161501	694.0	0.847440	0.963058
3162001	3163000	3162501	417.0	0.847962	0.228170
3163001	3164000	3163501	452.0	0.848485	0.344446
3164001	3165000	3164501	504.0	0.849007	0.501546
3165001	3166000	3165501	414.0	0.849530	0.217754
3166001	3167000	3166501	521.0	0.850052	0.549406
3167001	3168000	3167501	458.0	0.850575	0.363470
3168001	3169000	3168501	381.0	0.851097	0.097914
3169001	3170000	3169501	398.0	0.851620	0.160891
3170001	3171000	3170501	454.0	0.852142	0.350815
3171001	3172000	3171501	569.0	0.852665	0.676551
3172001	3173000	3172501	416.0	0.853187	0.224706
3173001	3174000	3173501	412.0	0.853710	0.210767
3174001	3175000	3174501	494.0	0.854232	0.472634
3175001	3176000	3175501	477.0	0.854754	0.422112
3176001	3177000	3176501	461.0	0.855277	0.372890
3177001	3178000	3177501	453.0	0.855799	0.347634
3178001	3179000	3178501	434.0	0.856322	0.285818
3179001	3180000	3179501	310.0	0.856844	-0.199609
3180001	3181000	3180501	404.0	0.857367	0.182478
3181001	3182000	3181501	413.0	0.857889	0.214265
3182001	3183000	3182501	411.0	0.858412	0.207261
3183001	3184000	3183501	432.0	0.858934	0.279154
3184001	3185000	3184501	437.0	0.859457	0.295756
3185001	3186000	3185501	454.0	0.859979	0.350815
3186001	3187000	3186501	349.0	0.860502	-0.028650
3187001	3188000	3187501	453.0	0.861024	0.347634
3188001	3189000	3188501	349.0	0.861546	-0.028650
3189001	3190000	3189501	398.0	0.862069	0.160891
3190001	3191000	3190501	453.0	0.862591	0.347634
3191001	3192000	3191501	451.0	0.863114	0.341250
3192001	3193000	3192501	484.0	0.863636	0.443130
3193001	3194000	3193501	365.0	0.864159	0.036019
3194001	3195000	3194501	426.0	0.864681	0.258976
3195001	3196000	3195501	368.0	0.865204	0.047829
3196001	3197000	3196501	297.0	0.865726	-0.261414
3197001	3198000	3197501	291.0	0.866249	-0.290858
3198001	3199000	3198501	331.0	0.866771	-0.105046
3199001	3200000	3199501	332.0	0.867294	-0.100694
3200001	3201000	3200501	381.0	0.867816	0.097914
3201001	3202000	3201501	451.0	0.868339	0.341250
3202001	3203000	3202501	361.0	0.868861	0.020122
3203001	3204000	3203501	352.0	0.869383	-0.016302
3204001	3205000	3204501	376.0	0.869906	0.078855
3205001	3206000	3205501	439.0	0.870428	0.302344
3206001	3207000	3206501	435.0	0.870951	0.289138
3207001	3208000	3207501	417.0	0.871473	0.228170
3208001	3209000	3208501	560.0	0.871996	0.653550
3209001	3210000	3209501	629.0	0.872518	0.821183
3210001	3211000	3210501	537.0	0.873041	0.593045
3211001	3212000	3211501	328.0	0.873563	-0.118181
3212001	3213000	3212501	362.0	0.874086	0.024112
3213001	3214000	3213501	379.0	0.874608	0.090321
3214001	3215000	3214501	289.0	0.875131	-0.300808
3215001	3216000	3215501	286.0	0.875653	-0.315862
3216001	3217000	3216501	296.0	0.876176	-0.266280
3217001	3218000	3217501	347.0	0.876698	-0.036942
3218001	3219000	3218501	311.0	0.877220	-0.194963
3219001	3220000	3219501	360.0	0.877743	0.016120
3220001	3221000	3220501	319.0	0.878265	-0.158321
3221001	3222000	3221501	348.0	0.878788	-0.032790
3222001	3223000	3222501	306.0	0.879310	-0.218346
3223001	3224000	3223501	295.0	0.879833	-0.271162
3224001	3225000	3224501	371.0	0.880355	0.059542
3225001	3226000	3225501	319.0	0.880878	-0.158321
3226001	3227000	3226501	388.0	0.881400	0.124179
3227001	3228000	3227501	391.0	0.881923	0.135291
3228001	3229000	3228501	336.0	0.882445	-0.083416
3229001	3230000	3229501	368.0	0.882968	0.047829
3230001	3231000	3230501	356.0	0.883490	0.000000
3231001	3232000	3231501	395.0	0.884013	0.149975
3232001	3233000	3232501	446.0	0.884535	0.325166
3233001	3234000	3233501	452.0	0.885057	0.344446
3234001	3235000	3234501	420.0	0.885580	0.238512
3235001	3236000	3235501	355.0	0.886102	-0.004058
3236001	3237000	3236501	374.0	0.886625	0.071161
3237001	3238000	3237501	442.0	0.887147	0.312169
3238001	3239000	3238501	316.0	0.887670	-0.171953
3239001	3240000	3239501	359.0	0.888192	0.012107
3240001	3241000	3240501	417.0	0.888715	0.228170
3241001	3242000	3241501	468.0	0.889237	0.394631
3242001	3243000	3242501	519.0	0.889760	0.543857
3243001	3244000	3243501	394.0	0.890282	0.146318
3244001	3245000	3244501	470.0	0.890805	0.400784
3245001	3246000	3245501	377.0	0.891327	0.082687
3246001	3247000	3246501	445.0	0.891850	0.321928
3247001	3248000	3247501	357.0	0.892372	0.004047
3248001	3249000	3248501	310.0	0.892894	-0.199609
3249001	3250000	3249501	284.0	0.893417	-0.325986
3250001	3251000	3250501	313.0	0.893939	-0.185715
3251001	3252000	3251501	333.0	0.894462	-0.096355
3252001	3253000	3252501	324.0	0.894984	-0.135883
3253001	3254000	3253501	317.0	0.895507	-0.167394
3254001	3255000	3254501	288.0	0.896029	-0.305808
3255001	3256000	3255501	299.0	0.896552	-0.251732
3256001	3257000	3256501	401.0	0.897074	0.171725
3257001	3258000	3257501	347.0	0.897597	-0.036942
3258001	3259000	3258501	290.0	0.898119	-0.295824
3259001	3260000	3259501	323.0	0.898642	-0.140343
3260001	3261000	3260501	327.0	0.899164	-0.122587
3261001	3262000	3261501	252.0	0.899687	-0.498454
3262001	3263000	3262501	251.0	0.900209	-0.504190
3263001	3264000	3263501	253.0	0.900731	-0.492740
3264001	3265000	3264501	207.0	0.901254	-0.782246
3265001	3266000	3265501	241.0	0.901776	-0.562844
3266001	3267000	3266501	268.0	0.902299	-0.409644
3267001	3268000	3267501	246.0	0.902821	-0.533219
3268001	3269000	3268501	315.0	0.903344	-0.176525
3269001	3270000	3269501	285.0	0.903866	-0.320915
3270001	3271000	3270501	261.0	0.904389	-0.447827
3271001	3272000	3271501	270.0	0.904911	-0.398918
3272001	3273000	3272501	295.0	0.905434	-0.271162
3273001	3274000	3273501	315.0	0.905956	-0.176525
3274001	3275000	3274501	303.0	0.906479	-0.232559
3275001	3276000	3275501	296.0	0.907001	-0.266280
3276001	3277000	3276501	284.0	0.907524	-0.325986
3277001	3278000	3277501	294.0	0.908046	-0.276061
3278001	3279000	3278501	283.0	0.908568	-0.331075
3279001	3280000	3279501	275.0	0.909091	-0.372446
3280001	3281000	3280501	253.0	0.909613	-0.492740
3281001	3282000	3281501	461.0	0.910136	0.372890
3282001	3283000	3282501	373.0	0.910658	0.067298
3283001	3284000	3283501	431.0	0.911181	0.275811
3284001	3285000	3284501	433.0	0.911703	0.282490
3285001	3286000	3285501	373.0	0.912226	0.067298
3286001	3287000	3286501	358.0	0.912748	0.008082
3287001	3288000	3287501	302.0	0.913271	-0.237329
3288001	3289000	3288501	308.0	0.913793	-0.208947
3289001	3290000	3289501	369.0	0.914316	0.051744
3290001	3291000	3290501	539.0	0.914838	0.598408
3291001	3292000	3291501	336.0	0.915361	-0.083416
3292001	3293000	3292501	427.0	0.915883	0.262359
3293001	3294000	3293501	350.0	0.916405	-0.024522
3294001	3295000	3294501	364.0	0.916928	0.032061
3295001	3296000	3295501	336.0	0.917450	-0.083416
3296001	3297000	3296501	338.0	0.917973	-0.074854
3297001	3298000	3297501	433.0	0.918495	0.282490
3298001	3299000	3298501	367.0	0.919018	0.043903
3299001	3300000	3299501	298.0	0.919540	-0.256565
3300001	3301000	3300501	355.0	0.920063	-0.004058
3301001	3302000	3301501	439.0	0.920585	0.302344
3302001	3303000	3302501	394.0	0.921108	0.146318
3303001	3304000	3303501	314.0	0.921630	-0.181113
3304001	3305000	3304501	390.0	0.922153	0.131597
3305001	3306000	3305501	430.0	0.922675	0.272459
3306001	3307000	3306501	373.0	0.923197	0.067298
3307001	3308000	3307501	444.0	0.923720	0.318682
3308001	3309000	3308501	362.0	0.924242	0.024112
3309001	3310000	3309501	338.0	0.924765	-0.074854
3310001	3311000	3310501	392.0	0.925287	0.138976
3311001	3312000	3311501	463.0	0.925810	0.379135
3312001	3313000	3312501	398.0	0.926332	0.160891
3313001	3314000	3313501	314.0	0.926855	-0.181113
3314001	3315000	3314501	351.0	0.927377	-0.020406
3315001	3316000	3315501	344.0	0.927900	-0.049469
3316001	3317000	3316501	358.0	0.928422	0.008082
3317001	3318000	3317501	331.0	0.928945	-0.105046
3318001	3319000	3318501	383.0	0.929467	0.105467
3319001	3320000	3319501	454.0	0.929990	0.350815
3320001	3321000	3320501	430.0	0.930512	0.272459
3321001	3322000	3321501	399.0	0.931034	0.164512
3322001	3323000	3322501	413.0	0.931557	0.214265
3323001	3324000	3323501	535.0	0.932079	0.587662
3324001	3325000	3324501	420.0	0.932602	0.238512
3325001	3326000	3325501	298.0	0.933124	-0.256565
3326001	3327000	3326501	296.0	0.933647	-0.266280
3327001	3328000	3327501	356.0	0.934169	0.000000
3328001	3329000	3328501	365.0	0.934692	0.036019
3329001	3330000	3329501	462.0	0.935214	0.376016
3330001	3331000	3330501	486.0	0.935737	0.449079
3331001	3332000	3331501	393.0	0.936259	0.142652
3332001	3333000	3332501	454.0	0.936782	0.350815
3333001	3334000	3333501	322.0	0.937304	-0.144817
3334001	3335000	3334501	331.0	0.937827	-0.105046
3335001	3336000	3335501	429.0	0.938349	0.269100
3336001	3337000	3336501	352.0	0.938871	-0.016302
3337001	3338000	3337501	415.0	0.939394	0.221234
3338001	3339000	3338501	364.0	0.939916	0.032061
3339001	3340000	3339501	420.0	0.940439	0.238512
3340001	3341000	3340501	418.0	0.940961	0.231626
3341001	3342000	3341501	449.0	0.941484	0.334838
3342001	3343000	3342501	426.0	0.942006	0.258976
3343001	3344000	3343501	420.0	0.942529	0.238512
3344001	3345000	3344501	472.0	0.943051	0.406910
3345001	3346000	3345501	466.0	0.943574	0.388453
3346001	3347000	3346501	391.0	0.944096	0.135291
3347001	3348000	3347501	429.0	0.944619	0.269100
3348001	3349000	3348501	424.0	0.945141	0.252187
3349001	3350000	3349501	288.0	0.945664	-0.305808
3350001	3351000	3350501	386.0	0.946186	0.116724
3351001	3352000	3351501	409.0	0.946708	0.200224
3352001	3353000	3352501	346.0	0.947231	-0.041105
3353001	3354000	3353501	423.0	0.947753	0.248780
3354001	3355000	3354501	359.0	0.948276	0.012107
3355001	3356000	3355501	381.0	0.948798	0.097914
3356001	3357000	3356501	431.0	0.949321	0.275811
3357001	3358000	3357501	421.0	0.949843	0.241943
3358001	3359000	3358501	310.0	0.950366	-0.199609
3359001	3360000	3359501	377.0	0.950888	0.082687
3360001	3361000	3360501	462.0	0.951411	0.376016
3361001	3362000	3361501	366.0	0.951933	0.039966
3362001	3363000	3362501	392.0	0.952456	0.138976
3363001	3364000	3363501	372.0	0.952978	0.063425
3364001	3365000	3364501	339.0	0.953501	-0.070592
3365001	3366000	3365501	313.0	0.954023	-0.185715
3366001	3367000	3366501	395.0	0.954545	0.149975
3367001	3368000	3367501	397.0	0.955068	0.157262
3368001	3369000	3368501	370.0	0.955590	0.055648
3369001	3370000	3369501	336.0	0.956113	-0.083416
3370001	3371000	3370501	352.0	0.956635	-0.016302
3371001	3372000	3371501	429.0	0.957158	0.269100
3372001	3373000	3372501	593.0	0.957680	0.736155
3373001	3374000	3373501	546.0	0.958203	0.617024
3374001	3375000	3374501	390.0	0.958725	0.131597
3375001	3376000	3375501	419.0	0.959248	0.235073
3376001	3377000	3376501	361.0	0.959770	0.020122
3377001	3378000	3377501	384.0	0.960293	0.109229
3378001	3379000	3378501	404.0	0.960815	0.182478
3379001	3380000	3379501	458.0	0.961338	0.363470
3380001	3381000	3380501	576.0	0.961860	0.694192
3381001	3382000	3381501	523.0	0.962382	0.554934
3382001	3383000	3382501	429.0	0.962905	0.269100
3383001	3384000	3383501	356.0	0.963427	0.000000
3384001	3385000	3384501	274.0	0.963950	-0.377701
3385001	3386000	3385501	384.0	0.964472	0.109229
3386001	3387000	3386501	358.0	0.964995	0.008082
3387001	3388000	3387501	342.0	0.965517	-0.057881
3388001	3389000	3388501	318.0	0.966040	-0.162850
3389001	3390000	3389501	394.0	0.966562	0.146318
3390001	3391000	3390501	480.0	0.967085	0.431157
3391001	3392000	3391501	404.0	0.967607	0.182478
3392001	3393000	3392501	417.0	0.968130	0.228170
3393001	3394000	3393501	475.0	0.968652	0.416050
3394001	3395000	3394501	388.0	0.969175	0.124179
3395001	3396000	3395501	271.0	0.969697	-0.393584
3396001	3397000	3396501	303.0	0.970219	-0.232559
3397001	3398000	3397501	309.0	0.970742	-0.204270
3398001	3399000	3398501	246.0	0.971264	-0.533219
3399001	3400000	3399501	305.0	0.971787	-0.223068
3400001	3401000	3400501	384.0	0.972309	0.109229
3401001	3402000	3401501	351.0	0.972832	-0.020406
3402001	3403000	3402501	349.0	0.973354	-0.028650
3403001	3404000	3403501	416.0	0.973877	0.224706
3404001	3405000	3404501	331.0	0.974399	-0.105046
3405001	3406000	3405501	294.0	0.974922	-0.276061
3406001	3407000	3406501	388.0	0.975444	0.124179
3407001	3408000	3407501	389.0	0.975967	0.127893
3408001	3409000	3408501	385.0	0.976489	0.112981
3409001	3410000	3409501	407.0	0.977011	0.193152
3410001	3411000	3410501	388.0	0.977534	0.124179
3411001	3412000	3411501	357.0	0.978056	0.004047
3412001	3413000	3412501	368.0	0.978579	0.047829
3413001	3414000	3413501	324.0	0.979101	-0.135883
3414001	3415000	3414501	314.0	0.979624	-0.181113
3415001	3416000	3415501	322.0	0.980146	-0.144817
3416001	3417000	3416501	331.0	0.980669	-0.105046
3417001	3418000	3417501	399.0	0.981191	0.164512
3418001	3419000	3418501	357.0	0.981714	0.004047
3419001	3420000	3419501	385.0	0.982236	0.112981
3420001	3421000	3420501	442.0	0.982759	0.312169
3421001	3422000	3421501	434.0	0.983281	0.285818
3422001	3423000	3422501	359.0	0.983804	0.012107
3423001	3424000	3423501	434.0	0.984326	0.285818
3424001	3425000	3424501	379.0	0.984848	0.090321
3425001	3426000	3425501	580.0	0.985371	0.704176
3426001	3427000	3426501	660.0	0.985893	0.890589
3427001	3428000	3427501	481.0	0.986416	0.434160
3428001	3429000	3428501	431.0	0.986938	0.275811
3429001	3430000	3429501	342.0	0.987461	-0.057881
3430001	3431000	3430501	337.0	0.987983	-0.079129
3431001	3432000	3431501	344.0	0.988506	-0.049469
3432001	3433000	3432501	381.0	0.989028	0.097914
3433001	3434000	3433501	509.0	0.989551	0.515788
3434001	3435000	3434501	461.0	0.990073	0.372890
3435001	3436000	3435501	503.0	0.990596	0.498681
3436001	3437000	3436501	523.0	0.991118	0.554934
3437001	3438000	3437501	417.0	0.991641	0.228170
3438001	3439000	3438501	383.0	0.992163	0.105467
3439001	3440000	3439501	362.0	0.992685	0.024112
3440001	3441000	3440501	468.0	0.993208	0.394631
3441001	3442000	3441501	342.0	0.993730	-0.057881
3442001	3443000	3442501	316.0	0.994253	-0.171953
3443001	3444000	3443501	332.0	0.994775	-0.100694
3444001	3445000	3444501	262.0	0.995298	-0.442310
3445001	3446000	3445501	281.0	0.995820	-0.341307
3446001	3447000	3446501	258.0	0.996343	-0.464506
3447001	3448000	3447501	313.0	0.996865	-0.185715
3448001	3449000	3448501	354.0	0.997388	-0.008128
3449001	3450000	3449501	446.0	0.997910	0.325166
3450001	3451000	3450501	405.0	0.998433	0.186045
3451001	3452000	3451501	424.0	0.998955	0.252187
3452001	3453000	3452501	297.0	0.999478	-0.261414
3453001	3454000	3453501	371.0	1.000000	0.059542
3454001	3455000	3454501	384.0	-0.999522	0.109229
3455001	3456000	3455501	363.0	-0.999043	0.028092
3456001	3457000	3456501	341.0	-0.998565	-0.062106
3457001	3458000	3457501	318.0	-0.998087	-0.162850
3458001	3459000	3458501	412.0	-0.997609	0.210767
3459001	3460000	3459501	386.0	-0.997130	0.116724
3460001	3461000	3460501	403.0	-0.996652	0.178903
3461001	3462000	3461501	414.0	-0.996174	0.217754
3462001	3463000	3462501	348.0	-0.995695	-0.032790
3463001	3464000	3463501	292.0	-0.995217	-0.285909
3464001	3465000	3464501	240.0	-0.994739	-0.568843
3465001	3466000	3465501	322.0	-0.994261	-0.144817
3466001	3467000	3466501	375.0	-0.993782	0.075013
3467001	3468000	3467501	390.0	-0.993304	0.131597
3468001	3469000	3468501	446.0	-0.992826	0.325166
3469001	3470000	3469501	514.0	-0.992347	0.529891
3470001	3471000	3470501	426.0	-0.991869	0.258976
3471001	3472000	3471501	411.0	-0.991391	0.207261
3472001	3473000	3472501	372.0	-0.990913	0.063425
3473001	3474000	3473501	298.0	-0.990434	-0.256565
3474001	3475000	3474501	353.0	-0.989956	-0.012209
3475001	3476000	3475501	395.0	-0.989478	0.149975
3476001	3477000	3476501	325.0	-0.988999	-0.131438
3477001	3478000	3477501	346.0	-0.988521	-0.041105
3478001	3479000	3478501	293.0	-0.988043	-0.280977
3479001	3480000	3479501	291.0	-0.987565	-0.290858
3480001	3481000	3480501	257.0	-0.987086	-0.470109
3481001	3482000	3481501	316.0	-0.986608	-0.171953
3482001	3483000	3482501	366.0	-0.986130	0.039966
3483001	3484000	3483501	255.0	-0.985651	-0.481380
3484001	3485000	3484501	305.0	-0.985173	-0.223068
3485001	3486000	3485501	479.0	-0.984695	0.428148
3486001	3487000	3486501	375.0	-0.984217	0.075013
3487001	3488000	3487501	308.0	-0.983738	-0.208947
3488001	3489000	3488501	456.0	-0.983260	0.357157
3489001	3490000	3489501	392.0	-0.982782	0.138976
3490001	3491000	3490501	368.0	-0.982303	0.047829
3491001	3492000	3491501	355.0	-0.981825	-0.004058
3492001	3493000	3492501	321.0	-0.981347	-0.149304
3493001	3494000	3493501	354.0	-0.980868	-0.008128
3494001	3495000	3494501	324.0	-0.980390	-0.135883
3495001	3496000	3495501	352.0	-0.979912	-0.016302
3496001	3497000	3496501	433.0	-0.979434	0.282490
3497001	3498000	3497501	335.0	-0.978955	-0.087716
3498001	3499000	3498501	315.0	-0.978477	-0.176525
3499001	3500000	3499501	377.0	-0.977999	0.082687
3500001	3501000	3500501	455.0	-0.977520	0.353989
3501001	3502000	3501501	410.0	-0.977042	0.203747
3502001	3503000	3502501	376.0	-0.976564	0.078855
3503001	3504000	3503501	299.0	-0.976086	-0.251732
3504001	3505000	3504501	342.0	-0.975607	-0.057881
3505001	3506000	3505501	392.0	-0.975129	0.138976
3506001	3507000	3506501	426.0	-0.974651	0.258976
3507001	3508000	3507501	408.0	-0.974172	0.196692
3508001	3509000	3508501	344.0	-0.973694	-0.049469
3509001	3510000	3509501	258.0	-0.973216	-0.464506
3510001	3511000	3510501	341.0	-0.972738	-0.062106
3511001	3512000	3511501	270.0	-0.972259	-0.398918
3512001	3513000	3512501	293.0	-0.971781	-0.280977
3513001	3514000	3513501	316.0	-0.971303	-0.171953
3514001	3515000	3514501	278.0	-0.970824	-0.356792
3515001	3516000	3515501	306.0	-0.970346	-0.218346
3516001	3517000	3516501	333.0	-0.969868	-0.096355
3517001	3518000	3517501	347.0	-0.969390	-0.036942
3518001	3519000	3518501	323.0	-0.968911	-0.140343
3519001	3520000	3519501	340.0	-0.968433	-0.066342
3520001	3521000	3520501	335.0	-0.967955	-0.087716
3521001	3522000	3521501	299.0	-0.967476	-0.251732
3522001	3523000	3522501	273.0	-0.966998	-0.382976
3523001	3524000	3523501	368.0	-0.966520	0.047829
3524001	3525000	3524501	343.0	-0.966042	-0.053669
3525001	3526000	3525501	485.0	-0.965563	0.446108
3526001	3527000	3526501	451.0	-0.965085	0.341250
3527001	3528000	3527501	533.0	-0.964607	0.582258
3528001	3529000	3528501	434.0	-0.964128	0.285818
3529001	3530000	3529501	493.0	-0.963650	0.469710
3530001	3531000	3530501	565.0	-0.963172	0.666374
3531001	3532000	3531501	363.0	-0.962694	0.028092
3532001	3533000	3532501	341.0	-0.962215	-0.062106
3533001	3534000	3533501	247.0	-0.961737	-0.527366
3534001	3535000	3534501	301.0	-0.961259	-0.242114
3535001	3536000	3535501	324.0	-0.960780	-0.135883
3536001	3537000	3536501	292.0	-0.960302	-0.285909
3537001	3538000	3537501	228.0	-0.959824	-0.642843
3538001	3539000	3538501	244.0	-0.959346	-0.544996
3539001	3540000	3539501	267.0	-0.958867	-0.415037
3540001	3541000	3540501	306.0	-0.958389	-0.218346
3541001	3542000	3541501	315.0	-0.957911	-0.176525
3542001	3543000	3542501	368.0	-0.957432	0.047829
3543001	3544000	3543501	311.0	-0.956954	-0.194963
3544001	3545000	3544501	284.0	-0.956476	-0.325986
3545001	3546000	3545501	262.0	-0.955998	-0.442310
3546001	3547000	3546501	249.0	-0.955519	-0.515731
3547001	3548000	3547501	319.0	-0.955041	-0.158321
3548001	3549000	3548501	272.0	-0.954563	-0.388271
3549001	3550000	3549501	325.0	-0.954084	-0.131438
3550001	3551000	3550501	235.0	-0.953606	-0.599216
3551001	3552000	3551501	261.0	-0.953128	-0.447827
3552001	3553000	3552501	270.0	-0.952650	-0.398918
3553001	3554000	3553501	330.0	-0.952171	-0.109411
3554001	3555000	3554501	270.0	-0.951693	-0.398918
3555001	3556000	3555501	268.0	-0.951215	-0.409644
3556001	3557000	3556501	355.0	-0.950736	-0.004058
3557001	3558000	3557501	380.0	-0.950258	0.094122
3558001	3559000	3558501	453.0	-0.949780	0.347634
3559001	3560000	3559501	345.0	-0.949302	-0.045281
3560001	3561000	3560501	388.0	-0.948823	0.124179
3561001	3562000	3561501	474.0	-0.948345	0.413010
3562001	3563000	3562501	421.0	-0.947867	0.241943
3563001	3564000	3563501	274.0	-0.947388	-0.377701
3564001	3565000	3564501	304.0	-0.946910	-0.227806
3565001	3566000	3565501	317.0	-0.946432	-0.167394
3566001	3567000	3566501	287.0	-0.945953	-0.310827
3567001	3568000	3567501	273.0	-0.945475	-0.382976
3568001	3569000	3568501	288.0	-0.944997	-0.305808
3569001	3570000	3569501	302.0	-0.944519	-0.237329
3570001	3571000	3570501	316.0	-0.944040	-0.171953
3571001	3572000	3571501	276.0	-0.943562	-0.367209
3572001	3573000	3572501	302.0	-0.943084	-0.237329
3573001	3574000	3573501	409.0	-0.942605	0.200224
3574001	3575000	3574501	321.0	-0.942127	-0.149304
3575001	3576000	3575501	320.0	-0.941649	-0.153805
3576001	3577000	3576501	336.0	-0.941171	-0.083416
3577001	3578000	3577501	438.0	-0.940692	0.299054
3578001	3579000	3578501	403.0	-0.940214	0.178903
3579001	3580000	3579501	400.0	-0.939736	0.168123
3580001	3581000	3580501	287.0	-0.939257	-0.310827
3581001	3582000	3581501	310.0	-0.938779	-0.199609
3582001	3583000	3582501	348.0	-0.938301	-0.032790
3583001	3584000	3583501	320.0	-0.937823	-0.153805
3584001	3585000	3584501	292.0	-0.937344	-0.285909
3585001	3586000	3585501	349.0	-0.936866	-0.028650
3586001	3587000	3586501	337.0	-0.936388	-0.079129
3587001	3588000	3587501	452.0	-0.935909	0.344446
3588001	3589000	3588501	346.0	-0.935431	-0.041105
3589001	3590000	3589501	293.0	-0.934953	-0.280977
3590001	3591000	3590501	312.0	-0.934475	-0.190331
3591001	3592000	3591501	263.0	-0.933996	-0.436814
3592001	3593000	3592501	339.0	-0.933518	-0.070592
3593001	3594000	3593501	329.0	-0.933040	-0.113790
3594001	3595000	3594501	390.0	-0.932561	0.131597
3595001	3596000	3595501	422.0	-0.932083	0.245366
3596001	3597000	3596501	431.0	-0.931605	0.275811
3597001	3598000	3597501	460.0	-0.931127	0.369757
3598001	3599000	3598501	540.0	-0.930648	0.601082
3599001	3600000	3599501	356.0	-0.930170	0.000000
3600001	3601000	3600501	297.0	-0.929692	-0.261414
3601001	3602000	3601501	249.0	-0.929213	-0.515731
3602001	3603000	3602501	306.0	-0.928735	-0.218346
3603001	3604000	3603501	307.0	-0.928257	-0.213639
3604001	3605000	3604501	269.0	-0.927779	-0.404271
3605001	3606000	3605501	262.0	-0.927300	-0.442310
3606001	3607000	3606501	249.0	-0.926822	-0.515731
3607001	3608000	3607501	301.0	-0.926344	-0.242114
3608001	3609000	3608501	289.0	-0.925865	-0.300808
3609001	3610000	3609501	327.0	-0.925387	-0.122587
3610001	3611000	3610501	278.0	-0.924909	-0.356792
3611001	3612000	3611501	239.0	-0.924431	-0.574867
3612001	3613000	3612501	230.0	-0.923952	-0.630243
3613001	3614000	3613501	482.0	-0.923474	0.437156
3614001	3615000	3614501	524.0	-0.922996	0.557690
3615001	3616000	3615501	574.0	-0.922517	0.689173
3616001	3617000	3616501	340.0	-0.922039	-0.066342
3617001	3618000	3617501	286.0	-0.921561	-0.315862
3618001	3619000	3618501	380.0	-0.921083	0.094122
3619001	3620000	3619501	379.0	-0.920604	0.090321
3620001	3621000	3620501	321.0	-0.920126	-0.149304
3621001	3622000	3621501	396.0	-0.919648	0.153623
3622001	3623000	3622501	341.0	-0.919169	-0.062106
3623001	3624000	3623501	398.0	-0.918691	0.160891
3624001	3625000	3624501	383.0	-0.918213	0.105467
3625001	3626000	3625501	318.0	-0.917735	-0.162850
3626001	3627000	3626501	333.0	-0.917256	-0.096355
3627001	3628000	3627501	376.0	-0.916778	0.078855
3628001	3629000	3628501	352.0	-0.916300	-0.016302
3629001	3630000	3629501	350.0	-0.915821	-0.024522
3630001	3631000	3630501	336.0	-0.915343	-0.083416
3631001	3632000	3631501	334.0	-0.914865	-0.092029
3632001	3633000	3632501	311.0	-0.914387	-0.194963
3633001	3634000	3633501	316.0	-0.913908	-0.171953
3634001	3635000	3634501	402.0	-0.913430	0.175318
3635001	3636000	3635501	413.0	-0.912952	0.214265
3636001	3637000	3636501	364.0	-0.912473	0.032061
3637001	3638000	3637501	363.0	-0.911995	0.028092
3638001	3639000	3638501	331.0	-0.911517	-0.105046
3639001	3640000	3639501	387.0	-0.911038	0.120456
3640001	3641000	3640501	414.0	-0.910560	0.217754
3641001	3642000	3641501	338.0	-0.910082	-0.074854
3642001	3643000	3642501	289.0	-0.909604	-0.300808
3643001	3644000	3643501	347.0	-0.909125	-0.036942
3644001	3645000	3644501	350.0	-0.908647	-0.024522
3645001	3646000	3645501	355.0	-0.908169	-0.004058
3646001	3647000	3646501	378.0	-0.907690	0.086509
3647001	3648000	3647501	363.0	-0.907212	0.028092
3648001	3649000	3648501	353.0	-0.906734	-0.012209
3649001	3650000	3649501	460.0	-0.906256	0.369757
3650001	3651000	3650501	351.0	-0.905777	-0.020406
3651001	3652000	3651501	308.0	-0.905299	-0.208947
3652001	3653000	3652501	341.0	-0.904821	-0.062106
3653001	3654000	3653501	391.0	-0.904342	0.135291
3654001	3655000	3654501	389.0	-0.903864	0.127893
3655001	3656000	3655501	398.0	-0.903386	0.160891
3656001	3657000	3656501	347.0	-0.902908	-0.036942
3657001	3658000	3657501	489.0	-0.902429	0.457957
3658001	3659000	3658501	440.0	-0.901951	0.305626
3659001	3660000	3659501	352.0	-0.901473	-0.016302
3660001	3661000	3660501	339.0	-0.900994	-0.070592
3661001	3662000	3661501	414.0	-0.900516	0.217754
3662001	3663000	3662501	405.0	-0.900038	0.186045
3663001	3664000	3663501	467.0	-0.899560	0.391545
3664001	3665000	3664501	416.0	-0.899081	0.224706
3665001	3666000	3665501	428.0	-0.898603	0.265734
3666001	3667000	3666501	567.0	-0.898125	0.671471
3667001	3668000	3667501	383.0	-0.897646	0.105467
3668001	3669000	3668501	338.0	-0.897168	-0.074854
3669001	3670000	3669501	308.0	-0.896690	-0.208947
3670001	3671000	3670501	318.0	-0.896212	-0.162850
3671001	3672000	3671501	392.0	-0.895733	0.138976
3672001	3673000	3672501	388.0	-0.895255	0.124179
3673001	3674000	3673501	405.0	-0.894777	0.186045
3674001	3675000	3674501	399.0	-0.894298	0.164512
3675001	3676000	3675501	597.0	-0.893820	0.745854
3676001	3677000	3676501	451.0	-0.893342	0.341250
3677001	3678000	3677501	436.0	-0.892864	0.292451
3678001	3679000	3678501	447.0	-0.892385	0.328398
3679001	3680000	3679501	473.0	-0.891907	0.409963
3680001	3681000	3680501	484.0	-0.891429	0.443130
3681001	3682000	3681501	405.0	-0.890950	0.186045
3682001	3683000	3682501	449.0	-0.890472	0.334838
3683001	3684000	3683501	491.0	-0.889994	0.463846
3684001	3685000	3684501	642.0	-0.889516	0.850696
3685001	3686000	3685501	473.0	-0.889037	0.409963
3686001	3687000	3686501	389.0	-0.888559	0.127893
3687001	3688000	3687501	353.0	-0.888081	-0.012209
3688001	3689000	3688501	326.0	-0.887602	-0.127005
3689001	3690000	3689501	451.0	-0.887124	0.341250
3690001	3691000	3690501	577.0	-0.886646	0.696694
3691001	3692000	3691501	389.0	-0.886168	0.127893
3692001	3693000	3692501	335.0	-0.885689	-0.087716
3693001	3694000	3693501	374.0	-0.885211	0.071161
3694001	3695000	3694501	454.0	-0.884733	0.350815
3695001	3696000	3695501	476.0	-0.884254	0.419084
3696001	3697000	3696501	408.0	-0.883776	0.196692
3697001	3698000	3697501	335.0	-0.883298	-0.087716
3698001	3699000	3698501	320.0	-0.882820	-0.153805
3699001	3700000	3699501	396.0	-0.882341	0.153623
3700001	3701000	3700501	400.0	-0.881863	0.168123
3701001	3702000	3701501	369.0	-0.881385	0.051744
3702001	3703000	3702501	416.0	-0.880906	0.224706
3703001	3704000	3703501	388.0	-0.880428	0.124179
3704001	3705000	3704501	346.0	-0.879950	-0.041105
3705001	3706000	3705501	432.0	-0.879472	0.279154
3706001	3707000	3706501	331.0	-0.878993	-0.105046
3707001	3708000	3707501	345.0	-0.878515	-0.045281
3708001	3709000	3708501	358.0	-0.878037	0.008082
3709001	3710000	3709501	279.0	-0.877558	-0.351612
3710001	3711000	3710501	327.0	-0.877080	-0.122587
3711001	3712000	3711501	373.0	-0.876602	0.067298
3712001	3713000	3712501	415.0	-0.876123	0.221234
3713001	3714000	3713501	406.0	-0.875645	0.189602
3714001	3715000	3714501	367.0	-0.875167	0.043903
3715001	3716000	3715501	389.0	-0.874689	0.127893
3716001	3717000	3716501	446.0	-0.874210	0.325166
3717001	3718000	3717501	534.0	-0.873732	0.584963
3718001	3719000	3718501	338.0	-0.873254	-0.074854
3719001	3720000	3719501	400.0	-0.872775	0.168123
3720001	3721000	3720501	350.0	-0.872297	-0.024522
3721001	3722000	3721501	389.0	-0.871819	0.127893
3722001	3723000	3722501	355.0	-0.871341	-0.004058
3723001	3724000	3723501	319.0	-0.870862	-0.158321
3724001	3725000	3724501	370.0	-0.870384	0.055648
3725001	3726000	3725501	371.0	-0.869906	0.059542
3726001	3727000	3726501	350.0	-0.869427	-0.024522
3727001	3728000	3727501	339.0	-0.868949	-0.070592
3728001	3729000	3728501	402.0	-0.868471	0.175318
3729001	3730000	3729501	405.0	-0.867993	0.186045
3730001	3731000	3730501	372.0	-0.867514	0.063425
3731001	3732000	3731501	308.0	-0.867036	-0.208947
3732001	3733000	3732501	337.0	-0.866558	-0.079129
3733001	3734000	3733501	257.0	-0.866079	-0.470109
3734001	3735000	3734501	312.0	-0.865601	-0.190331
3735001	3736000	3735501	301.0	-0.865123	-0.242114
3736001	3737000	3736501	294.0	-0.864645	-0.276061
3737001	3738000	3737501	279.0	-0.864166	-0.351612
3738001	3739000	3738501	297.0	-0.863688	-0.261414
3739001	3740000	3739501	295.0	-0.863210	-0.271162
3740001	3741000	3740501	368.0	-0.862731	0.047829
3741001	3742000	3741501	394.0	-0.862253	0.146318
3742001	3743000	3742501	373.0	-0.861775	0.067298
3743001	3744000	3743501	309.0	-0.861297	-0.204270
3744001	3745000	3744501	292.0	-0.860818	-0.285909
3745001	3746000	3745501	359.0	-0.860340	0.012107
3746001	3747000	3746501	431.0	-0.859862	0.275811
3747001	3748000	3747501	446.0	-0.859383	0.325166
3748001	3749000	3748501	528.0	-0.858905	0.568661
3749001	3750000	3749501	343.0	-0.858427	-0.053669
3750001	3751000	3750501	293.0	-0.857949	-0.280977
3751001	3752000	3751501	327.0	-0.857470	-0.122587
3752001	3753000	3752501	280.0	-0.856992	-0.346450
3753001	3754000	3753501	463.0	-0.856514	0.379135
3754001	3755000	3754501	371.0	-0.856035	0.059542
3755001	3756000	3755501	272.0	-0.855557	-0.388271
3756001	3757000	3756501	317.0	-0.855079	-0.167394
3757001	3758000	3757501	343.0	-0.854601	-0.053669
3758001	3759000	3758501	374.0	-0.854122	0.071161
3759001	3760000	3759501	280.0	-0.853644	-0.346450
3760001	3761000	3760501	308.0	-0.853166	-0.208947
3761001	3762000	3761501	284.0	-0.852687	-0.325986
3762001	3763000	3762501	347.0	-0.852209	-0.036942
3763001	3764000	3763501	466.0	-0.851731	0.388453
3764001	3765000	3764501	514.0	-0.851253	0.529891
3765001	3766000	3765501	272.0	-0.850774	-0.388271
3766001	3767000	3766501	303.0	-0.850296	-0.232559
3767001	3768000	3767501	281.0	-0.849818	-0.341307
3768001	3769000	3768501	299.0	-0.849339	-0.251732
3769001	3770000	3769501	300.0	-0.848861	-0.246915
3770001	3771000	3770501	396.0	-0.848383	0.153623
3771001	3772000	3771501	336.0	-0.847905	-0.083416
3772001	3773000	3772501	474.0	-0.847426	0.413010
3773001	3774000	3773501	409.0	-0.846948	0.200224
3774001	3775000	3774501	420.0	-0.846470	0.238512
3775001	3776000	3775501	374.0	-0.845991	0.071161
3776001	3777000	3776501	400.0	-0.845513	0.168123
3777001	3778000	3777501	311.0	-0.845035	-0.194963
3778001	3779000	3778501	325.0	-0.844557	-0.131438
3779001	3780000	3779501	270.0	-0.844078	-0.398918
3780001	3781000	3780501	374.0	-0.843600	0.071161
3781001	3782000	3781501	434.0	-0.843122	0.285818
3782001	3783000	3782501	344.0	-0.842643	-0.049469
3783001	3784000	3783501	265.0	-0.842165	-0.425885
3784001	3785000	3784501	289.0	-0.841687	-0.300808
3785001	3786000	3785501	239.0	-0.841208	-0.574867
3786001	3787000	3786501	248.0	-0.840730	-0.521537
3787001	3788000	3787501	297.0	-0.840252	-0.261414
3788001	3789000	3788501	229.0	-0.839774	-0.636530
3789001	3790000	3789501	248.0	-0.839295	-0.521537
3790001	3791000	3790501	412.0	-0.838817	0.210767
3791001	3792000	3791501	352.0	-0.838339	-0.016302
3792001	3793000	3792501	368.0	-0.837860	0.047829
3793001	3794000	3793501	462.0	-0.837382	0.376016
3794001	3795000	3794501	421.0	-0.836904	0.241943
3795001	3796000	3795501	311.0	-0.836426	-0.194963
3796001	3797000	3796501	278.0	-0.835947	-0.356792
3797001	3798000	3797501	456.0	-0.835469	0.357157
3798001	3799000	3798501	516.0	-0.834991	0.535494
3799001	3800000	3799501	522.0	-0.834512	0.552173
3800001	3801000	3800501	531.0	-0.834034	0.576835
3801001	3802000	3801501	494.0	-0.833556	0.472634
3802001	3803000	3802501	410.0	-0.833078	0.203747
3803001	3804000	3803501	318.0	-0.832599	-0.162850
3804001	3805000	3804501	327.0	-0.832121	-0.122587
3805001	3806000	3805501	342.0	-0.831643	-0.057881
3806001	3807000	3806501	315.0	-0.831164	-0.176525
3807001	3808000	3807501	347.0	-0.830686	-0.036942
3808001	3809000	3808501	393.0	-0.830208	0.142652
3809001	3810000	3809501	342.0	-0.829730	-0.057881
3810001	3811000	3810501	361.0	-0.829251	0.020122
3811001	3812000	3811501	363.0	-0.828773	0.028092
3812001	3813000	3812501	306.0	-0.828295	-0.218346
3813001	3814000	3813501	368.0	-0.827816	0.047829
3814001	3815000	3814501	292.0	-0.827338	-0.285909
3815001	3816000	3815501	311.0	-0.826860	-0.194963
3816001	3817000	3816501	323.0	-0.826382	-0.140343
3817001	3818000	3817501	360.0	-0.825903	0.016120
3818001	3819000	3818501	351.0	-0.825425	-0.020406
3819001	3820000	3819501	245.0	-0.824947	-0.539095
3820001	3821000	3820501	329.0	-0.824468	-0.113790
3821001	3822000	3821501	338.0	-0.823990	-0.074854
3822001	3823000	3822501	331.0	-0.823512	-0.105046
3823001	3824000	3823501	261.0	-0.823034	-0.447827
3824001	3825000	3824501	398.0	-0.822555	0.160891
3825001	3826000	3825501	355.0	-0.822077	-0.004058
3826001	3827000	3826501	345.0	-0.821599	-0.045281
3827001	3828000	3827501	372.0	-0.821120	0.063425
3828001	3829000	3828501	365.0	-0.820642	0.036019
3829001	3830000	3829501	373.0	-0.820164	0.067298
3830001	3831000	3830501	416.0	-0.819686	0.224706
3831001	3832000	3831501	344.0	-0.819207	-0.049469
3832001	3833000	3832501	374.0	-0.818729	0.071161
3833001	3834000	3833501	442.0	-0.818251	0.312169
3834001	3835000	3834501	564.0	-0.817772	0.663818
3835001	3836000	3835501	403.0	-0.817294	0.178903
3836001	3837000	3836501	345.0	-0.816816	-0.045281
3837001	3838000	3837501	441.0	-0.816338	0.308901
3838001	3839000	3838501	472.0	-0.815859	0.406910
3839001	3840000	3839501	397.0	-0.815381	0.157262
3840001	3841000	3840501	378.0	-0.814903	0.086509
3841001	3842000	3841501	407.0	-0.814424	0.193152
3842001	3843000	3842501	506.0	-0.813946	0.507260
3843001	3844000	3843501	606.0	-0.813468	0.767441
3844001	3845000	3844501	455.0	-0.812990	0.353989
3845001	3846000	3845501	398.0	-0.812511	0.160891
3846001	3847000	3846501	493.0	-0.812033	0.469710
3847001	3848000	3847501	318.0	-0.811555	-0.162850
3848001	3849000	3848501	381.0	-0.811076	0.097914
3849001	3850000	3849501	461.0	-0.810598	0.372890
3850001	3851000	3850501	525.0	-0.810120	0.560440
3851001	3852000	3851501	507.0	-0.809642	0.510109
3852001	3853000	3852501	325.0	-0.809163	-0.131438
3853001	3854000	3853501	342.0	-0.808685	-0.057881
3854001	3855000	3854501	363.0	-0.808207	0.028092
3855001	3856000	3855501	373.0	-0.807728	0.067298
3856001	3857000	3856501	307.0	-0.807250	-0.213639
3857001	3858000	3857501	285.0	-0.806772	-0.320915
3858001	3859000	3858501	350.0	-0.806294	-0.024522
3859001	3860000	3859501	388.0	-0.805815	0.124179
3860001	3861000	3860501	310.0	-0.805337	-0.199609
3861001	3862000	3861501	322.0	-0.804859	-0.144817
3862001	3863000	3862501	340.0	-0.804380	-0.066342
3863001	3864000	3863501	383.0	-0.803902	0.105467
3864001	3865000	3864501	343.0	-0.803424	-0.053669
3865001	3866000	3865501	392.0	-0.802945	0.138976
3866001	3867000	3866501	390.0	-0.802467	0.131597
3867001	3868000	3867501	328.0	-0.801989	-0.118181
3868001	3869000	3868501	359.0	-0.801511	0.012107
3869001	3870000	3869501	323.0	-0.801032	-0.140343
3870001	3871000	3870501	302.0	-0.800554	-0.237329
3871001	3872000	3871501	312.0	-0.800076	-0.190331
3872001	3873000	3872501	339.0	-0.799597	-0.070592
3873001	3874000	3873501	354.0	-0.799119	-0.008128
3874001	3875000	3874501	352.0	-0.798641	-0.016302
3875001	3876000	3875501	315.0	-0.798163	-0.176525
3876001	3877000	3876501	342.0	-0.797684	-0.057881
3877001	3878000	3877501	388.0	-0.797206	0.124179
3878001	3879000	3878501	375.0	-0.796728	0.075013
3879001	3880000	3879501	304.0	-0.796249	-0.227806
3880001	3881000	3880501	273.0	-0.795771	-0.382976
3881001	3882000	3881501	372.0	-0.795293	0.063425
3882001	3883000	3882501	382.0	-0.794815	0.101695
3883001	3884000	3883501	342.0	-0.794336	-0.057881
3884001	3885000	3884501	307.0	-0.793858	-0.213639
3885001	3886000	3885501	384.0	-0.793380	0.109229
3886001	3887000	3886501	365.0	-0.792901	0.036019
3887001	3888000	3887501	362.0	-0.792423	0.024112
3888001	3889000	3888501	406.0	-0.791945	0.189602
3889001	3890000	3889501	417.0	-0.791467	0.228170
3890001	3891000	3890501	447.0	-0.790988	0.328398
3891001	3892000	3891501	449.0	-0.790510	0.334838
3892001	3893000	3892501	395.0	-0.790032	0.149975
3893001	3894000	3893501	419.0	-0.789553	0.235073
3894001	3895000	3894501	412.0	-0.789075	0.210767
3895001	3896000	3895501	322.0	-0.788597	-0.144817
3896001	3897000	3896501	565.0	-0.788119	0.666374
3897001	3898000	3897501	510.0	-0.787640	0.518620
3898001	3899000	3898501	296.0	-0.787162	-0.266280
3899001	3900000	3899501	273.0	-0.786684	-0.382976
3900001	3901000	3900501	299.0	-0.786205	-0.251732
3901001	3902000	3901501	398.0	-0.785727	0.160891
3902001	3903000	3902501	346.0	-0.785249	-0.041105
3903001	3904000	3903501	394.0	-0.784771	0.146318
3904001	3905000	3904501	387.0	-0.784292	0.120456
3905001	3906000	3905501	415.0	-0.783814	0.221234
3906001	3907000	3906501	335.0	-0.783336	-0.087716
3907001	3908000	3907501	299.0	-0.782857	-0.251732
3908001	3909000	3908501	402.0	-0.782379	0.175318
3909001	3910000	3909501	335.0	-0.781901	-0.087716
3910001	3911000	3910501	386.0	-0.781423	0.116724
3911001	3912000	3911501	399.0	-0.780944	0.164512
3912001	3913000	3912501	409.0	-0.780466	0.200224
3913001	3914000	3913501	344.0	-0.779988	-0.049469
3914001	3915000	3914501	320.0	-0.779509	-0.153805
3915001	3916000	3915501	342.0	-0.779031	-0.057881
3916001	3917000	3916501	311.0	-0.778553	-0.194963
3917001	3918000	3917501	301.0	-0.778075	-0.242114
3918001	3919000	3918501	268.0	-0.777596	-0.409644
3919001	3920000	3919501	292.0	-0.777118	-0.285909
3920001	3921000	3920501	394.0	-0.776640	0.146318
3921001	3922000	3921501	337.0	-0.776161	-0.079129
3922001	3923000	3922501	324.0	-0.775683	-0.135883
3923001	3924000	3923501	404.0	-0.775205	0.182478
3924001	3925000	3924501	311.0	-0.774727	-0.194963
3925001	3926000	3925501	311.0	-0.774248	-0.194963
3926001	3927000	3926501	262.0	-0.773770	-0.442310
3927001	3928000	3927501	263.0	-0.773292	-0.436814
3928001	3929000	3928501	383.0	-0.772813	0.105467
3929001	3930000	3929501	316.0	-0.772335	-0.171953
3930001	3931000	3930501	258.0	-0.771857	-0.464506
3931001	3932000	3931501	388.0	-0.771379	0.124179
3932001	3933000	3932501	379.0	-0.770900	0.090321
3933001	3934000	3933501	430.0	-0.770422	0.272459
3934001	3935000	3934501	341.0	-0.769944	-0.062106
3935001	3936000	3935501	365.0	-0.769465	0.036019
3936001	3937000	3936501	388.0	-0.768987	0.124179
3937001	3938000	3937501	460.0	-0.768509	0.369757
3938001	3939000	3938501	427.0	-0.768030	0.262359
3939001	3940000	3939501	355.0	-0.767552	-0.004058
3940001	3941000	3940501	355.0	-0.767074	-0.004058
3941001	3942000	3941501	396.0	-0.766596	0.153623
3942001	3943000	3942501	514.0	-0.766117	0.529891
3943001	3944000	3943501	418.0	-0.765639	0.231626
3944001	3945000	3944501	301.0	-0.765161	-0.242114
3945001	3946000	3945501	294.0	-0.764682	-0.276061
3946001	3947000	3946501	332.0	-0.764204	-0.100694
3947001	3948000	3947501	395.0	-0.763726	0.149975
3948001	3949000	3948501	328.0	-0.763248	-0.118181
3949001	3950000	3949501	406.0	-0.762769	0.189602
3950001	3951000	3950501	344.0	-0.762291	-0.049469
3951001	3952000	3951501	335.0	-0.761813	-0.087716
3952001	3953000	3952501	357.0	-0.761334	0.004047
3953001	3954000	3953501	352.0	-0.760856	-0.016302
3954001	3955000	3954501	410.0	-0.760378	0.203747
3955001	3956000	3955501	357.0	-0.759900	0.004047
3956001	3957000	3956501	311.0	-0.759421	-0.194963
3957001	3958000	3957501	407.0	-0.758943	0.193152
3958001	3959000	3958501	415.0	-0.758465	0.221234
3959001	3960000	3959501	402.0	-0.757986	0.175318
3960001	3961000	3960501	443.0	-0.757508	0.315429
3961001	3962000	3961501	318.0	-0.757030	-0.162850
3962001	3963000	3962501	331.0	-0.756552	-0.105046
3963001	3964000	3963501	327.0	-0.756073	-0.122587
3964001	3965000	3964501	343.0	-0.755595	-0.053669
3965001	3966000	3965501	409.0	-0.755117	0.200224
3966001	3967000	3966501	409.0	-0.754638	0.200224
3967001	3968000	3967501	315.0	-0.754160	-0.176525
3968001	3969000	3968501	320.0	-0.753682	-0.153805
3969001	3970000	3969501	334.0	-0.753204	-0.092029
3970001	3971000	3970501	377.0	-0.752725	0.082687
3971001	3972000	3971501	384.0	-0.752247	0.109229
3972001	3973000	3972501	420.0	-0.751769	0.238512
3973001	3974000	3973501	407.0	-0.751290	0.193152
3974001	3975000	3974501	420.0	-0.750812	0.238512
3975001	3976000	3975501	449.0	-0.750334	0.334838
3976001	3977000	3976501	490.0	-0.749856	0.460905
3977001	3978000	3977501	389.0	-0.749377	0.127893
3978001	3979000	3978501	401.0	-0.748899	0.171725
3979001	3980000	3979501	333.0	-0.748421	-0.096355
3980001	3981000	3980501	461.0	-0.747942	0.372890
3981001	3982000	3981501	415.0	-0.747464	0.221234
3982001	3983000	3982501	408.0	-0.746986	0.196692
3983001	3984000	3983501	350.0	-0.746508	-0.024522
3984001	3985000	3984501	333.0	-0.746029	-0.096355
3985001	3986000	3985501	342.0	-0.745551	-0.057881
3986001	3987000	3986501	408.0	-0.745073	0.196692
3987001	3988000	3987501	452.0	-0.744594	0.344446
3988001	3989000	3988501	425.0	-0.744116	0.255586
3989001	3990000	3989501	387.0	-0.743638	0.120456
3990001	3991000	3990501	438.0	-0.743160	0.299054
3991001	3992000	3991501	367.0	-0.742681	0.043903
3992001	3993000	3992501	348.0	-0.742203	-0.032790
3993001	3994000	3993501	478.0	-0.741725	0.425133
3994001	3995000	3994501	355.0	-0.741246	-0.004058
3995001	3996000	3995501	360.0	-0.740768	0.016120
3996001	3997000	3996501	401.0	-0.740290	0.171725
3997001	3998000	3997501	406.0	-0.739812	0.189602
3998001	3999000	3998501	601.0	-0.739333	0.755488
3999001	4000000	3999501	538.0	-0.738855	0.595729
4000001	4001000	4000501	637.0	-0.738377	0.839416
4001001	4002000	4001501	545.0	-0.737898	0.614379
4002001	4003000	4002501	400.0	-0.737420	0.168123
4003001	4004000	4003501	313.0	-0.736942	-0.185715
