window_start	window_end	window_mid	raw_count	norm_position	log2_ratio
1	1000	501	383.0	-0.736085	0.065501
1001	2000	1501	385.0	-0.735606	0.073015
2001	3000	2501	396.0	-0.735128	0.113657
3001	4000	3501	491.0	-0.734650	0.423879
4001	5000	4501	422.0	-0.734172	0.205399
5001	6000	5501	351.0	-0.733693	-0.060373
6001	7000	6501	310.0	-0.733215	-0.239575
7001	8000	7501	338.0	-0.732737	-0.114820
8001	9000	8501	428.0	-0.732258	0.225767
9001	10000	9501	386.0	-0.731780	0.076757
10001	11000	10501	325.0	-0.731302	-0.171404
11001	12000	11501	320.0	-0.730824	-0.193772
12001	13000	12501	259.0	-0.730345	-0.498892
13001	14000	13501	359.0	-0.729867	-0.027860
14001	15000	14501	351.0	-0.729389	-0.060373
15001	16000	15501	344.0	-0.728910	-0.089435
16001	17000	16501	273.0	-0.728432	-0.422943
17001	18000	17501	363.0	-0.727954	-0.011874
18001	19000	18501	374.0	-0.727476	0.031195
19001	20000	19501	337.0	-0.726997	-0.119095
20001	21000	20501	311.0	-0.726519	-0.234929
21001	22000	21501	300.0	-0.726041	-0.286881
22001	23000	22501	351.0	-0.725562	-0.060373
23001	24000	23501	384.0	-0.725084	0.069263
24001	25000	24501	379.0	-0.724606	0.050354
25001	26000	25501	394.0	-0.724128	0.106352
26001	27000	26501	369.0	-0.723649	0.011777
27001	28000	27501	294.0	-0.723171	-0.316027
28001	29000	28501	290.0	-0.722693	-0.335791
29001	30000	29501	378.0	-0.722214	0.046543
30001	31000	30501	310.0	-0.721736	-0.239575
31001	32000	31501	350.0	-0.721258	-0.064489
32001	33000	32501	419.0	-0.720779	0.195107
33001	34000	33501	378.0	-0.720301	0.046543
34001	35000	34501	328.0	-0.719823	-0.158148
35001	36000	35501	303.0	-0.719345	-0.272526
36001	37000	36501	384.0	-0.718866	0.069263
37001	38000	37501	289.0	-0.718388	-0.340774
38001	39000	38501	317.0	-0.717910	-0.207361
39001	40000	39501	359.0	-0.717431	-0.027860
40001	41000	40501	423.0	-0.716953	0.208814
41001	42000	41501	377.0	-0.716475	0.042721
42001	43000	42501	377.0	-0.715997	0.042721
43001	44000	43501	308.0	-0.715518	-0.248913
44001	45000	44501	310.0	-0.715040	-0.239575
45001	46000	45501	368.0	-0.714562	0.007862
46001	47000	46501	377.0	-0.714083	0.042721
47001	48000	47501	328.0	-0.713605	-0.158148
48001	49000	48501	384.0	-0.713127	0.069263
49001	50000	49501	356.0	-0.712649	-0.039966
50001	51000	50501	326.0	-0.712170	-0.166972
51001	52000	51501	314.0	-0.711692	-0.221079
52001	53000	52501	364.0	-0.711214	-0.007905
53001	54000	53501	370.0	-0.710735	0.015682
54001	55000	54501	365.0	-0.710257	-0.003947
55001	56000	55501	367.0	-0.709779	0.003936
56001	57000	56501	409.0	-0.709301	0.160257
57001	58000	57501	366.0	-0.708822	0.000000
58001	59000	58501	316.0	-0.708344	-0.211919
59001	60000	59501	390.0	-0.707866	0.091630
60001	61000	60501	393.0	-0.707387	0.102686
61001	62000	61501	361.0	-0.706909	-0.019845
62001	63000	62501	343.0	-0.706431	-0.093635
63001	64000	63501	320.0	-0.705953	-0.193772
64001	65000	64501	374.0	-0.705474	0.031195
65001	66000	65501	356.0	-0.704996	-0.039966
66001	67000	66501	330.0	-0.704518	-0.149378
67001	68000	67501	378.0	-0.704039	0.046543
68001	69000	68501	420.0	-0.703561	0.198546
69001	70000	69501	402.0	-0.703083	0.135352
70001	71000	70501	406.0	-0.702605	0.149636
71001	72000	71501	279.0	-0.702126	-0.391579
72001	73000	72501	321.0	-0.701648	-0.189270
73001	74000	73501	329.0	-0.701170	-0.153756
74001	75000	74501	333.0	-0.700691	-0.136321
75001	76000	75501	313.0	-0.700213	-0.225681
76001	77000	76501	390.0	-0.699735	0.091630
77001	78000	77501	370.0	-0.699257	0.015682
78001	79000	78501	279.0	-0.698778	-0.391579
79001	80000	79501	317.0	-0.698300	-0.207361
80001	81000	80501	320.0	-0.697822	-0.193772
81001	82000	81501	311.0	-0.697343	-0.234929
82001	83000	82501	326.0	-0.696865	-0.166972
83001	84000	83501	287.0	-0.696387	-0.350793
84001	85000	84501	290.0	-0.695909	-0.335791
85001	86000	85501	286.0	-0.695430	-0.355829
86001	87000	86501	286.0	-0.694952	-0.355829
87001	88000	87501	314.0	-0.694474	-0.221079
88001	89000	88501	374.0	-0.693995	0.031195
89001	90000	89501	417.0	-0.693517	0.188204
90001	91000	90501	429.0	-0.693039	0.229134
91001	92000	91501	450.0	-0.692561	0.298081
92001	93000	92501	395.0	-0.692082	0.110009
93001	94000	93501	427.0	-0.691604	0.222392
94001	95000	94501	374.0	-0.691126	0.031195
95001	96000	95501	359.0	-0.690647	-0.027860
96001	97000	96501	342.0	-0.690169	-0.097847
97001	98000	97501	328.0	-0.689691	-0.158148
98001	99000	98501	319.0	-0.689213	-0.198287
99001	100000	99501	408.0	-0.688734	0.156726
100001	101000	100501	385.0	-0.688256	0.073015
101001	102000	101501	394.0	-0.687778	0.106352
102001	103000	102501	269.0	-0.687299	-0.444237
103001	104000	103501	305.0	-0.686821	-0.263034
104001	105000	104501	376.0	-0.686343	0.038889
105001	106000	105501	343.0	-0.685864	-0.093635
106001	107000	106501	374.0	-0.685386	0.031195
107001	108000	107501	329.0	-0.684908	-0.153756
108001	109000	108501	398.0	-0.684430	0.120925
109001	110000	109501	340.0	-0.683951	-0.106309
110001	111000	110501	368.0	-0.683473	0.007862
111001	112000	111501	406.0	-0.682995	0.149636
112001	113000	112501	379.0	-0.682516	0.050354
113001	114000	113501	261.0	-0.682038	-0.487794
114001	115000	114501	305.0	-0.681560	-0.263034
115001	116000	115501	320.0	-0.681082	-0.193772
116001	117000	116501	286.0	-0.680603	-0.355829
117001	118000	117501	274.0	-0.680125	-0.417668
118001	119000	118501	331.0	-0.679647	-0.145012
119001	120000	119501	470.0	-0.679168	0.360817
120001	121000	120501	499.0	-0.678690	0.447196
121001	122000	121501	438.0	-0.678212	0.259087
122001	123000	122501	380.0	-0.677734	0.054156
123001	124000	123501	316.0	-0.677255	-0.211919
124001	125000	124501	339.0	-0.676777	-0.110558
125001	126000	125501	341.0	-0.676299	-0.102072
126001	127000	126501	317.0	-0.675820	-0.207361
127001	128000	127501	382.0	-0.675342	0.061729
128001	129000	128501	345.0	-0.674864	-0.085247
129001	130000	129501	399.0	-0.674386	0.124545
130001	131000	130501	372.0	-0.673907	0.023459
131001	132000	131501	397.0	-0.673429	0.117295
132001	133000	132501	341.0	-0.672951	-0.102072
133001	134000	133501	324.0	-0.672472	-0.175850
134001	135000	134501	331.0	-0.671994	-0.145012
135001	136000	135501	484.0	-0.671516	0.403163
136001	137000	136501	329.0	-0.671038	-0.153756
137001	138000	137501	321.0	-0.670559	-0.189270
138001	139000	138501	363.0	-0.670081	-0.011874
139001	140000	139501	305.0	-0.669603	-0.263034
140001	141000	140501	316.0	-0.669124	-0.211919
141001	142000	141501	352.0	-0.668646	-0.056268
142001	143000	142501	324.0	-0.668168	-0.175850
143001	144000	143501	331.0	-0.667690	-0.145012
144001	145000	144501	378.0	-0.667211	0.046543
145001	146000	145501	370.0	-0.666733	0.015682
146001	147000	146501	304.0	-0.666255	-0.267772
147001	148000	147501	335.0	-0.665776	-0.127683
148001	149000	148501	301.0	-0.665298	-0.282080
149001	150000	149501	319.0	-0.664820	-0.198287
150001	151000	150501	289.0	-0.664342	-0.340774
151001	152000	151501	287.0	-0.663863	-0.350793
152001	153000	152501	371.0	-0.663385	0.019576
153001	154000	153501	485.0	-0.662907	0.406141
154001	155000	154501	399.0	-0.662428	0.124545
155001	156000	155501	395.0	-0.661950	0.110009
156001	157000	156501	334.0	-0.661472	-0.131996
157001	158000	157501	399.0	-0.660994	0.124545
158001	159000	158501	467.0	-0.660515	0.351579
159001	160000	159501	322.0	-0.660037	-0.184783
160001	161000	160501	371.0	-0.659559	0.019576
161001	162000	161501	399.0	-0.659080	0.124545
162001	163000	162501	437.0	-0.658602	0.255790
163001	164000	163501	437.0	-0.658124	0.255790
164001	165000	164501	360.0	-0.657646	-0.023847
165001	166000	165501	266.0	-0.657167	-0.460417
166001	167000	166501	343.0	-0.656689	-0.093635
167001	168000	167501	395.0	-0.656211	0.110009
168001	169000	168501	380.0	-0.655732	0.054156
169001	170000	169501	356.0	-0.655254	-0.039966
170001	171000	170501	361.0	-0.654776	-0.019845
171001	172000	171501	407.0	-0.654298	0.153185
172001	173000	172501	368.0	-0.653819	0.007862
173001	174000	173501	439.0	-0.653341	0.262377
174001	175000	174501	371.0	-0.652863	0.019576
175001	176000	175501	357.0	-0.652384	-0.035920
176001	177000	176501	424.0	-0.651906	0.212221
177001	178000	177501	421.0	-0.651428	0.201977
178001	179000	178501	375.0	-0.650949	0.035047
179001	180000	179501	353.0	-0.650471	-0.052175
180001	181000	180501	341.0	-0.649993	-0.102072
181001	182000	181501	312.0	-0.649515	-0.230298
182001	183000	182501	450.0	-0.649036	0.298081
183001	184000	183501	389.0	-0.648558	0.087927
184001	185000	184501	370.0	-0.648080	0.015682
185001	186000	185501	414.0	-0.647601	0.177787
186001	187000	186501	405.0	-0.647123	0.146078
187001	188000	187501	342.0	-0.646645	-0.097847
188001	189000	188501	342.0	-0.646167	-0.097847
189001	190000	189501	343.0	-0.645688	-0.093635
190001	191000	190501	337.0	-0.645210	-0.119095
191001	192000	191501	349.0	-0.644732	-0.068617
192001	193000	192501	389.0	-0.644253	0.087927
193001	194000	193501	469.0	-0.643775	0.357744
194001	195000	194501	499.0	-0.643297	0.447196
195001	196000	195501	555.0	-0.642819	0.600644
196001	197000	196501	371.0	-0.642340	0.019576
197001	198000	197501	332.0	-0.641862	-0.140660
198001	199000	198501	305.0	-0.641384	-0.263034
199001	200000	199501	297.0	-0.640905	-0.301381
200001	201000	200501	335.0	-0.640427	-0.127683
201001	202000	201501	394.0	-0.639949	0.106352
202001	203000	202501	477.0	-0.639471	0.382146
203001	204000	203501	367.0	-0.638992	0.003936
204001	205000	204501	388.0	-0.638514	0.084213
205001	206000	205501	413.0	-0.638036	0.174298
206001	207000	206501	435.0	-0.637557	0.249172
207001	208000	207501	384.0	-0.637079	0.069263
208001	209000	208501	403.0	-0.636601	0.138936
209001	210000	209501	429.0	-0.636123	0.229134
210001	211000	210501	451.0	-0.635644	0.301284
211001	212000	211501	405.0	-0.635166	0.146078
212001	213000	212501	464.0	-0.634688	0.342281
213001	214000	213501	470.0	-0.634209	0.360817
214001	215000	214501	328.0	-0.633731	-0.158148
215001	216000	215501	325.0	-0.633253	-0.171404
216001	217000	216501	367.0	-0.632775	0.003936
217001	218000	217501	360.0	-0.632296	-0.023847
218001	219000	218501	433.0	-0.631818	0.242523
219001	220000	219501	383.0	-0.631340	0.065501
220001	221000	220501	344.0	-0.630861	-0.089435
221001	222000	221501	363.0	-0.630383	-0.011874
222001	223000	222501	348.0	-0.629905	-0.072756
223001	224000	223501	427.0	-0.629427	0.222392
224001	225000	224501	430.0	-0.628948	0.232493
225001	226000	225501	417.0	-0.628470	0.188204
226001	227000	226501	378.0	-0.627992	0.046543
227001	228000	227501	365.0	-0.627513	-0.003947
228001	229000	228501	312.0	-0.627035	-0.230298
229001	230000	229501	337.0	-0.626557	-0.119095
230001	231000	230501	345.0	-0.626079	-0.085247
231001	232000	231501	374.0	-0.625600	0.031195
232001	233000	232501	360.0	-0.625122	-0.023847
233001	234000	233501	353.0	-0.624644	-0.052175
234001	235000	234501	408.0	-0.624165	0.156726
235001	236000	235501	458.0	-0.623687	0.323504
236001	237000	236501	318.0	-0.623209	-0.202817
237001	238000	237501	343.0	-0.622731	-0.093635
238001	239000	238501	363.0	-0.622252	-0.011874
239001	240000	239501	442.0	-0.621774	0.272203
240001	241000	240501	424.0	-0.621296	0.212221
241001	242000	241501	425.0	-0.620817	0.215619
242001	243000	242501	398.0	-0.620339	0.120925
243001	244000	243501	386.0	-0.619861	0.076757
244001	245000	244501	321.0	-0.619383	-0.189270
245001	246000	245501	332.0	-0.618904	-0.140660
246001	247000	246501	298.0	-0.618426	-0.296531
247001	248000	247501	419.0	-0.617948	0.195107
248001	249000	248501	408.0	-0.617469	0.156726
249001	250000	249501	309.0	-0.616991	-0.244237
250001	251000	250501	332.0	-0.616513	-0.140660
251001	252000	251501	392.0	-0.616034	0.099010
252001	253000	252501	281.0	-0.615556	-0.381274
253001	254000	253501	332.0	-0.615078	-0.140660
254001	255000	254501	303.0	-0.614600	-0.272526
255001	256000	255501	306.0	-0.614121	-0.258312
256001	257000	256501	355.0	-0.613643	-0.044025
257001	258000	257501	433.0	-0.613165	0.242523
258001	259000	258501	368.0	-0.612686	0.007862
259001	260000	259501	444.0	-0.612208	0.278716
260001	261000	260501	404.0	-0.611730	0.142512
261001	262000	261501	363.0	-0.611252	-0.011874
262001	263000	262501	428.0	-0.610773	0.225767
263001	264000	263501	449.0	-0.610295	0.294872
264001	265000	264501	349.0	-0.609817	-0.068617
265001	266000	265501	298.0	-0.609338	-0.296531
266001	267000	266501	299.0	-0.608860	-0.291698
267001	268000	267501	337.0	-0.608382	-0.119095
268001	269000	268501	342.0	-0.607904	-0.097847
269001	270000	269501	374.0	-0.607425	0.031195
270001	271000	270501	363.0	-0.606947	-0.011874
271001	272000	271501	365.0	-0.606469	-0.003947
272001	273000	272501	326.0	-0.605990	-0.166972
273001	274000	273501	347.0	-0.605512	-0.076908
274001	275000	274501	299.0	-0.605034	-0.291698
275001	276000	275501	356.0	-0.604556	-0.039966
276001	277000	276501	439.0	-0.604077	0.262377
277001	278000	277501	392.0	-0.603599	0.099010
278001	279000	278501	281.0	-0.603121	-0.381274
279001	280000	279501	419.0	-0.602642	0.195107
280001	281000	280501	381.0	-0.602164	0.057947
281001	282000	281501	419.0	-0.601686	0.195107
282001	283000	282501	451.0	-0.601208	0.301284
283001	284000	283501	385.0	-0.600729	0.073015
284001	285000	284501	388.0	-0.600251	0.084213
285001	286000	285501	264.0	-0.599773	-0.471306
286001	287000	286501	347.0	-0.599294	-0.076908
287001	288000	287501	400.0	-0.598816	0.128156
288001	289000	288501	368.0	-0.598338	0.007862
289001	290000	289501	340.0	-0.597860	-0.106309
290001	291000	290501	335.0	-0.597381	-0.127683
291001	292000	291501	370.0	-0.596903	0.015682
292001	293000	292501	394.0	-0.596425	0.106352
293001	294000	293501	380.0	-0.595946	0.054156
294001	295000	294501	445.0	-0.595468	0.281962
295001	296000	295501	413.0	-0.594990	0.174298
296001	297000	296501	418.0	-0.594512	0.191659
297001	298000	297501	386.0	-0.594033	0.076757
298001	299000	298501	327.0	-0.593555	-0.162553
299001	300000	299501	420.0	-0.593077	0.198546
300001	301000	300501	429.0	-0.592598	0.229134
301001	302000	301501	400.0	-0.592120	0.128156
302001	303000	302501	375.0	-0.591642	0.035047
303001	304000	303501	410.0	-0.591164	0.163780
304001	305000	304501	340.0	-0.590685	-0.106309
305001	306000	305501	394.0	-0.590207	0.106352
306001	307000	306501	344.0	-0.589729	-0.089435
307001	308000	307501	396.0	-0.589250	0.113657
308001	309000	308501	323.0	-0.588772	-0.180309
309001	310000	309501	359.0	-0.588294	-0.027860
310001	311000	310501	426.0	-0.587816	0.219010
311001	312000	311501	427.0	-0.587337	0.222392
312001	313000	312501	384.0	-0.586859	0.069263
313001	314000	313501	356.0	-0.586381	-0.039966
314001	315000	314501	400.0	-0.585902	0.128156
315001	316000	315501	362.0	-0.585424	-0.015854
316001	317000	316501	344.0	-0.584946	-0.089435
317001	318000	317501	359.0	-0.584468	-0.027860
318001	319000	318501	359.0	-0.583989	-0.027860
319001	320000	319501	420.0	-0.583511	0.198546
320001	321000	320501	316.0	-0.583033	-0.211919
321001	322000	321501	452.0	-0.582554	0.304479
322001	323000	322501	568.0	-0.582076	0.634047
323001	324000	323501	581.0	-0.581598	0.666695
324001	325000	324501	461.0	-0.581119	0.332923
325001	326000	325501	379.0	-0.580641	0.050354
326001	327000	326501	366.0	-0.580163	0.000000
327001	328000	327501	368.0	-0.579685	0.007862
328001	329000	328501	420.0	-0.579206	0.198546
329001	330000	329501	352.0	-0.578728	-0.056268
330001	331000	330501	370.0	-0.578250	0.015682
331001	332000	331501	403.0	-0.577771	0.138936
332001	333000	332501	318.0	-0.577293	-0.202817
333001	334000	333501	386.0	-0.576815	0.076757
334001	335000	334501	366.0	-0.576337	0.000000
335001	336000	335501	322.0	-0.575858	-0.184783
336001	337000	336501	434.0	-0.575380	0.245851
337001	338000	337501	394.0	-0.574902	0.106352
338001	339000	338501	327.0	-0.574423	-0.162553
339001	340000	339501	322.0	-0.573945	-0.184783
340001	341000	340501	347.0	-0.573467	-0.076908
341001	342000	341501	330.0	-0.572989	-0.149378
342001	343000	342501	418.0	-0.572510	0.191659
343001	344000	343501	309.0	-0.572032	-0.244237
344001	345000	344501	291.0	-0.571554	-0.330824
345001	346000	345501	328.0	-0.571075	-0.158148
346001	347000	346501	294.0	-0.570597	-0.316027
347001	348000	347501	265.0	-0.570119	-0.465851
348001	349000	348501	356.0	-0.569641	-0.039966
349001	350000	349501	418.0	-0.569162	0.191659
350001	351000	350501	435.0	-0.568684	0.249172
351001	352000	351501	352.0	-0.568206	-0.056268
352001	353000	352501	352.0	-0.567727	-0.056268
353001	354000	353501	347.0	-0.567249	-0.076908
354001	355000	354501	400.0	-0.566771	0.128156
355001	356000	355501	415.0	-0.566293	0.181268
356001	357000	356501	376.0	-0.565814	0.038889
357001	358000	357501	449.0	-0.565336	0.294872
358001	359000	358501	433.0	-0.564858	0.242523
359001	360000	359501	493.0	-0.564379	0.429744
360001	361000	360501	431.0	-0.563901	0.235844
361001	362000	361501	371.0	-0.563423	0.019576
362001	363000	362501	427.0	-0.562945	0.222392
363001	364000	363501	358.0	-0.562466	-0.031884
364001	365000	364501	383.0	-0.561988	0.065501
365001	366000	365501	444.0	-0.561510	0.278716
366001	367000	366501	507.0	-0.561031	0.470142
367001	368000	367501	396.0	-0.560553	0.113657
368001	369000	368501	488.0	-0.560075	0.415037
369001	370000	369501	535.0	-0.559597	0.547695
370001	371000	370501	480.0	-0.559118	0.391191
371001	372000	371501	350.0	-0.558640	-0.064489
372001	373000	372501	441.0	-0.558162	0.268935
373001	374000	373501	415.0	-0.557683	0.181268
374001	375000	374501	346.0	-0.557205	-0.081072
375001	376000	375501	349.0	-0.556727	-0.068617
376001	377000	376501	391.0	-0.556249	0.095325
377001	378000	377501	362.0	-0.555770	-0.015854
378001	379000	378501	366.0	-0.555292	0.000000
379001	380000	379501	407.0	-0.554814	0.153185
380001	381000	380501	423.0	-0.554335	0.208814
381001	382000	381501	396.0	-0.553857	0.113657
382001	383000	382501	358.0	-0.553379	-0.031884
383001	384000	383501	324.0	-0.552901	-0.175850
384001	385000	384501	311.0	-0.552422	-0.234929
385001	386000	385501	346.0	-0.551944	-0.081072
386001	387000	386501	329.0	-0.551466	-0.153756
387001	388000	387501	285.0	-0.550987	-0.360882
388001	389000	388501	302.0	-0.550509	-0.277295
389001	390000	389501	287.0	-0.550031	-0.350793
390001	391000	390501	367.0	-0.549553	0.003936
391001	392000	391501	268.0	-0.549074	-0.449611
392001	393000	392501	372.0	-0.548596	0.023459
393001	394000	393501	325.0	-0.548118	-0.171404
394001	395000	394501	261.0	-0.547639	-0.487794
395001	396000	395501	303.0	-0.547161	-0.272526
396001	397000	396501	272.0	-0.546683	-0.428237
397001	398000	397501	357.0	-0.546205	-0.035920
398001	399000	398501	370.0	-0.545726	0.015682
399001	400000	399501	527.0	-0.545248	0.525959
400001	401000	400501	524.0	-0.544770	0.517723
401001	402000	401501	364.0	-0.544291	-0.007905
402001	403000	402501	485.0	-0.543813	0.406141
403001	404000	403501	452.0	-0.543335	0.304479
404001	405000	404501	379.0	-0.542856	0.050354
405001	406000	405501	319.0	-0.542378	-0.198287
406001	407000	406501	310.0	-0.541900	-0.239575
407001	408000	407501	344.0	-0.541422	-0.089435
408001	409000	408501	342.0	-0.540943	-0.097847
409001	410000	409501	364.0	-0.540465	-0.007905
410001	411000	410501	330.0	-0.539987	-0.149378
411001	412000	411501	395.0	-0.539508	0.110009
412001	413000	412501	364.0	-0.539030	-0.007905
413001	414000	413501	373.0	-0.538552	0.027332
414001	415000	414501	318.0	-0.538074	-0.202817
415001	416000	415501	186.0	-0.537595	-0.976541
416001	417000	416501	319.0	-0.537117	-0.198287
417001	418000	417501	388.0	-0.536639	0.084213
418001	419000	418501	407.0	-0.536160	0.153185
419001	420000	419501	407.0	-0.535682	0.153185
420001	421000	420501	402.0	-0.535204	0.135352
421001	422000	421501	432.0	-0.534726	0.239188
422001	423000	422501	608.0	-0.534247	0.732228
423001	424000	423501	500.0	-0.533769	0.450084
424001	425000	424501	454.0	-0.533291	0.310849
425001	426000	425501	514.0	-0.532812	0.489925
426001	427000	426501	388.0	-0.532334	0.084213
427001	428000	427501	393.0	-0.531856	0.102686
428001	429000	428501	391.0	-0.531378	0.095325
429001	430000	429501	329.0	-0.530899	-0.153756
430001	431000	430501	329.0	-0.530421	-0.153756
431001	432000	431501	360.0	-0.529943	-0.023847
432001	433000	432501	384.0	-0.529464	0.069263
433001	434000	433501	376.0	-0.528986	0.038889
434001	435000	434501	418.0	-0.528508	0.191659
435001	436000	435501	374.0	-0.528030	0.031195
436001	437000	436501	338.0	-0.527551	-0.114820
437001	438000	437501	407.0	-0.527073	0.153185
438001	439000	438501	377.0	-0.526595	0.042721
439001	440000	439501	436.0	-0.526116	0.252484
440001	441000	440501	439.0	-0.525638	0.262377
441001	442000	441501	383.0	-0.525160	0.065501
442001	443000	442501	393.0	-0.524682	0.102686
443001	444000	443501	365.0	-0.524203	-0.003947
444001	445000	444501	314.0	-0.523725	-0.221079
445001	446000	445501	349.0	-0.523247	-0.068617
446001	447000	446501	355.0	-0.522768	-0.044025
447001	448000	447501	373.0	-0.522290	0.027332
448001	449000	448501	292.0	-0.521812	-0.325875
449001	450000	449501	370.0	-0.521334	0.015682
450001	451000	450501	465.0	-0.520855	0.345387
451001	452000	451501	331.0	-0.520377	-0.145012
452001	453000	452501	315.0	-0.519899	-0.216492
453001	454000	453501	379.0	-0.519420	0.050354
454001	455000	454501	364.0	-0.518942	-0.007905
455001	456000	455501	314.0	-0.518464	-0.221079
456001	457000	456501	378.0	-0.517986	0.046543
457001	458000	457501	446.0	-0.517507	0.285200
458001	459000	458501	365.0	-0.517029	-0.003947
459001	460000	459501	362.0	-0.516551	-0.015854
460001	461000	460501	354.0	-0.516072	-0.048094
461001	462000	461501	383.0	-0.515594	0.065501
462001	463000	462501	406.0	-0.515116	0.149636
463001	464000	463501	305.0	-0.514638	-0.263034
464001	465000	464501	330.0	-0.514159	-0.149378
465001	466000	465501	265.0	-0.513681	-0.465851
466001	467000	466501	334.0	-0.513203	-0.131996
467001	468000	467501	342.0	-0.512724	-0.097847
468001	469000	468501	328.0	-0.512246	-0.158148
469001	470000	469501	322.0	-0.511768	-0.184783
470001	471000	470501	320.0	-0.511290	-0.193772
471001	472000	471501	296.0	-0.510811	-0.306246
472001	473000	472501	254.0	-0.510333	-0.527015
473001	474000	473501	357.0	-0.509855	-0.035920
474001	475000	474501	421.0	-0.509376	0.201977
475001	476000	475501	426.0	-0.508898	0.219010
476001	477000	476501	403.0	-0.508420	0.138936
477001	478000	477501	400.0	-0.507941	0.128156
478001	479000	478501	555.0	-0.507463	0.600644
479001	480000	479501	511.0	-0.506985	0.481480
480001	481000	480501	483.0	-0.506507	0.400180
481001	482000	481501	425.0	-0.506028	0.215619
482001	483000	482501	521.0	-0.505550	0.509440
483001	484000	483501	382.0	-0.505072	0.061729
484001	485000	484501	352.0	-0.504593	-0.056268
485001	486000	485501	345.0	-0.504115	-0.085247
486001	487000	486501	286.0	-0.503637	-0.355829
487001	488000	487501	357.0	-0.503159	-0.035920
488001	489000	488501	380.0	-0.502680	0.054156
489001	490000	489501	388.0	-0.502202	0.084213
490001	491000	490501	369.0	-0.501724	0.011777
491001	492000	491501	355.0	-0.501245	-0.044025
492001	493000	492501	307.0	-0.500767	-0.253605
493001	494000	493501	360.0	-0.500289	-0.023847
494001	495000	494501	339.0	-0.499811	-0.110558
495001	496000	495501	350.0	-0.499332	-0.064489
496001	497000	496501	341.0	-0.498854	-0.102072
497001	498000	497501	383.0	-0.498376	0.065501
498001	499000	498501	432.0	-0.497897	0.239188
499001	500000	499501	366.0	-0.497419	0.000000
500001	501000	500501	401.0	-0.496941	0.131759
501001	502000	501501	375.0	-0.496463	0.035047
502001	503000	502501	321.0	-0.495984	-0.189270
503001	504000	503501	378.0	-0.495506	0.046543
504001	505000	504501	423.0	-0.495028	0.208814
505001	506000	505501	403.0	-0.494549	0.138936
506001	507000	506501	371.0	-0.494071	0.019576
507001	508000	507501	345.0	-0.493593	-0.085247
508001	509000	508501	367.0	-0.493115	0.003936
509001	510000	509501	416.0	-0.492636	0.184740
510001	511000	510501	334.0	-0.492158	-0.131996
511001	512000	511501	350.0	-0.491680	-0.064489
512001	513000	512501	390.0	-0.491201	0.091630
513001	514000	513501	393.0	-0.490723	0.102686
514001	515000	514501	323.0	-0.490245	-0.180309
515001	516000	515501	326.0	-0.489767	-0.166972
516001	517000	516501	351.0	-0.489288	-0.060373
517001	518000	517501	359.0	-0.488810	-0.027860
518001	519000	518501	436.0	-0.488332	0.252484
519001	520000	519501	341.0	-0.487853	-0.102072
520001	521000	520501	356.0	-0.487375	-0.039966
521001	522000	521501	299.0	-0.486897	-0.291698
522001	523000	522501	356.0	-0.486419	-0.039966
523001	524000	523501	315.0	-0.485940	-0.216492
524001	525000	524501	373.0	-0.485462	0.027332
525001	526000	525501	315.0	-0.484984	-0.216492
526001	527000	526501	299.0	-0.484505	-0.291698
527001	528000	527501	365.0	-0.484027	-0.003947
528001	529000	528501	352.0	-0.483549	-0.056268
529001	530000	529501	359.0	-0.483071	-0.027860
530001	531000	530501	411.0	-0.482592	0.167295
531001	532000	531501	406.0	-0.482114	0.149636
532001	533000	532501	462.0	-0.481636	0.336049
533001	534000	533501	441.0	-0.481157	0.268935
534001	535000	534501	443.0	-0.480679	0.275463
535001	536000	535501	443.0	-0.480201	0.275463
536001	537000	536501	424.0	-0.479723	0.212221
537001	538000	537501	430.0	-0.479244	0.232493
538001	539000	538501	404.0	-0.478766	0.142512
539001	540000	539501	427.0	-0.478288	0.222392
540001	541000	540501	404.0	-0.477809	0.142512
541001	542000	541501	414.0	-0.477331	0.177787
542001	543000	542501	313.0	-0.476853	-0.225681
543001	544000	543501	355.0	-0.476375	-0.044025
544001	545000	544501	304.0	-0.475896	-0.267772
545001	546000	545501	441.0	-0.475418	0.268935
546001	547000	546501	483.0	-0.474940	0.400180
547001	548000	547501	447.0	-0.474461	0.288431
548001	549000	548501	402.0	-0.473983	0.135352
549001	550000	549501	430.0	-0.473505	0.232493
550001	551000	550501	425.0	-0.473026	0.215619
551001	552000	551501	298.0	-0.472548	-0.296531
552001	553000	552501	367.0	-0.472070	0.003936
553001	554000	553501	335.0	-0.471592	-0.127683
554001	555000	554501	361.0	-0.471113	-0.019845
555001	556000	555501	347.0	-0.470635	-0.076908
556001	557000	556501	293.0	-0.470157	-0.320943
557001	558000	557501	286.0	-0.469678	-0.355829
558001	559000	558501	377.0	-0.469200	0.042721
559001	560000	559501	417.0	-0.468722	0.188204
560001	561000	560501	357.0	-0.468244	-0.035920
561001	562000	561501	417.0	-0.467765	0.188204
562001	563000	562501	337.0	-0.467287	-0.119095
563001	564000	563501	400.0	-0.466809	0.128156
564001	565000	564501	418.0	-0.466330	0.191659
565001	566000	565501	333.0	-0.465852	-0.136321
566001	567000	566501	351.0	-0.465374	-0.060373
567001	568000	567501	463.0	-0.464896	0.339169
568001	569000	568501	365.0	-0.464417	-0.003947
569001	570000	569501	384.0	-0.463939	0.069263
570001	571000	570501	349.0	-0.463461	-0.068617
571001	572000	571501	286.0	-0.462982	-0.355829
572001	573000	572501	397.0	-0.462504	0.117295
573001	574000	573501	345.0	-0.462026	-0.085247
574001	575000	574501	354.0	-0.461548	-0.048094
575001	576000	575501	409.0	-0.461069	0.160257
576001	577000	576501	412.0	-0.460591	0.170801
577001	578000	577501	346.0	-0.460113	-0.081072
578001	579000	578501	316.0	-0.459634	-0.211919
579001	580000	579501	325.0	-0.459156	-0.171404
580001	581000	580501	399.0	-0.458678	0.124545
581001	582000	581501	339.0	-0.458200	-0.110558
582001	583000	582501	338.0	-0.457721	-0.114820
583001	584000	583501	344.0	-0.457243	-0.089435
584001	585000	584501	432.0	-0.456765	0.239188
585001	586000	585501	391.0	-0.456286	0.095325
586001	587000	586501	352.0	-0.455808	-0.056268
587001	588000	587501	361.0	-0.455330	-0.019845
588001	589000	588501	345.0	-0.454852	-0.085247
589001	590000	589501	343.0	-0.454373	-0.093635
590001	591000	590501	362.0	-0.453895	-0.015854
591001	592000	591501	331.0	-0.453417	-0.145012
592001	593000	592501	343.0	-0.452938	-0.093635
593001	594000	593501	425.0	-0.452460	0.215619
594001	595000	594501	397.0	-0.451982	0.117295
595001	596000	595501	273.0	-0.451504	-0.422943
596001	597000	596501	324.0	-0.451025	-0.175850
597001	598000	597501	281.0	-0.450547	-0.381274
598001	599000	598501	277.0	-0.450069	-0.401958
599001	600000	599501	406.0	-0.449590	0.149636
600001	601000	600501	357.0	-0.449112	-0.035920
601001	602000	601501	275.0	-0.448634	-0.412412
602001	603000	602501	452.0	-0.448156	0.304479
603001	604000	603501	337.0	-0.447677	-0.119095
604001	605000	604501	345.0	-0.447199	-0.085247
605001	606000	605501	347.0	-0.446721	-0.076908
606001	607000	606501	324.0	-0.446242	-0.175850
607001	608000	607501	359.0	-0.445764	-0.027860
608001	609000	608501	436.0	-0.445286	0.252484
609001	610000	609501	415.0	-0.444808	0.181268
610001	611000	610501	415.0	-0.444329	0.181268
611001	612000	611501	452.0	-0.443851	0.304479
612001	613000	612501	400.0	-0.443373	0.128156
613001	614000	613501	391.0	-0.442894	0.095325
614001	615000	614501	389.0	-0.442416	0.087927
615001	616000	615501	390.0	-0.441938	0.091630
616001	617000	616501	342.0	-0.441460	-0.097847
617001	618000	617501	308.0	-0.440981	-0.248913
618001	619000	618501	348.0	-0.440503	-0.072756
619001	620000	619501	379.0	-0.440025	0.050354
620001	621000	620501	382.0	-0.439546	0.061729
621001	622000	621501	382.0	-0.439068	0.061729
622001	623000	622501	293.0	-0.438590	-0.320943
623001	624000	623501	416.0	-0.438111	0.184740
624001	625000	624501	404.0	-0.437633	0.142512
625001	626000	625501	342.0	-0.437155	-0.097847
626001	627000	626501	399.0	-0.436677	0.124545
627001	628000	627501	327.0	-0.436198	-0.162553
628001	629000	628501	361.0	-0.435720	-0.019845
629001	630000	629501	362.0	-0.435242	-0.015854
630001	631000	630501	369.0	-0.434763	0.011777
631001	632000	631501	367.0	-0.434285	0.003936
632001	633000	632501	366.0	-0.433807	0.000000
633001	634000	633501	329.0	-0.433329	-0.153756
634001	635000	634501	366.0	-0.432850	0.000000
635001	636000	635501	339.0	-0.432372	-0.110558
636001	637000	636501	314.0	-0.431894	-0.221079
637001	638000	637501	301.0	-0.431415	-0.282080
638001	639000	638501	334.0	-0.430937	-0.131996
639001	640000	639501	364.0	-0.430459	-0.007905
640001	641000	640501	367.0	-0.429981	0.003936
641001	642000	641501	302.0	-0.429502	-0.277295
642001	643000	642501	375.0	-0.429024	0.035047
643001	644000	643501	388.0	-0.428546	0.084213
644001	645000	644501	334.0	-0.428067	-0.131996
645001	646000	645501	421.0	-0.427589	0.201977
646001	647000	646501	417.0	-0.427111	0.188204
647001	648000	647501	383.0	-0.426633	0.065501
648001	649000	648501	442.0	-0.426154	0.272203
649001	650000	649501	376.0	-0.425676	0.038889
650001	651000	650501	345.0	-0.425198	-0.085247
651001	652000	651501	369.0	-0.424719	0.011777
652001	653000	652501	371.0	-0.424241	0.019576
653001	654000	653501	342.0	-0.423763	-0.097847
654001	655000	654501	414.0	-0.423285	0.177787
655001	656000	655501	330.0	-0.422806	-0.149378
656001	657000	656501	346.0	-0.422328	-0.081072
657001	658000	657501	397.0	-0.421850	0.117295
658001	659000	658501	383.0	-0.421371	0.065501
659001	660000	659501	412.0	-0.420893	0.170801
660001	661000	660501	345.0	-0.420415	-0.085247
661001	662000	661501	365.0	-0.419937	-0.003947
662001	663000	662501	359.0	-0.419458	-0.027860
663001	664000	663501	394.0	-0.418980	0.106352
664001	665000	664501	335.0	-0.418502	-0.127683
665001	666000	665501	415.0	-0.418023	0.181268
666001	667000	666501	405.0	-0.417545	0.146078
667001	668000	667501	388.0	-0.417067	0.084213
668001	669000	668501	416.0	-0.416589	0.184740
669001	670000	669501	283.0	-0.416110	-0.371042
670001	671000	670501	363.0	-0.415632	-0.011874
671001	672000	671501	412.0	-0.415154	0.170801
672001	673000	672501	391.0	-0.414675	0.095325
673001	674000	673501	351.0	-0.414197	-0.060373
674001	675000	674501	406.0	-0.413719	0.149636
675001	676000	675501	405.0	-0.413241	0.146078
676001	677000	676501	421.0	-0.412762	0.201977
677001	678000	677501	332.0	-0.412284	-0.140660
678001	679000	678501	340.0	-0.411806	-0.106309
679001	680000	679501	311.0	-0.411327	-0.234929
680001	681000	680501	361.0	-0.410849	-0.019845
681001	682000	681501	394.0	-0.410371	0.106352
682001	683000	682501	342.0	-0.409893	-0.097847
683001	684000	683501	370.0	-0.409414	0.015682
684001	685000	684501	473.0	-0.408936	0.369997
685001	686000	685501	336.0	-0.408458	-0.123382
686001	687000	686501	401.0	-0.407979	0.131759
687001	688000	687501	367.0	-0.407501	0.003936
688001	689000	688501	372.0	-0.407023	0.023459
689001	690000	689501	310.0	-0.406545	-0.239575
690001	691000	690501	327.0	-0.406066	-0.162553
691001	692000	691501	379.0	-0.405588	0.050354
692001	693000	692501	411.0	-0.405110	0.167295
693001	694000	693501	365.0	-0.404631	-0.003947
694001	695000	694501	358.0	-0.404153	-0.031884
695001	696000	695501	398.0	-0.403675	0.120925
696001	697000	696501	318.0	-0.403196	-0.202817
697001	698000	697501	293.0	-0.402718	-0.320943
698001	699000	698501	370.0	-0.402240	0.015682
699001	700000	699501	406.0	-0.401762	0.149636
700001	701000	700501	429.0	-0.401283	0.229134
701001	702000	701501	422.0	-0.400805	0.205399
702001	703000	702501	337.0	-0.400327	-0.119095
703001	704000	703501	298.0	-0.399848	-0.296531
704001	705000	704501	443.0	-0.399370	0.275463
705001	706000	705501	343.0	-0.398892	-0.093635
706001	707000	706501	306.0	-0.398414	-0.258312
707001	708000	707501	441.0	-0.397935	0.268935
708001	709000	708501	393.0	-0.397457	0.102686
709001	710000	709501	380.0	-0.396979	0.054156
710001	711000	710501	350.0	-0.396500	-0.064489
711001	712000	711501	383.0	-0.396022	0.065501
712001	713000	712501	389.0	-0.395544	0.087927
713001	714000	713501	369.0	-0.395066	0.011777
714001	715000	714501	357.0	-0.394587	-0.035920
715001	716000	715501	323.0	-0.394109	-0.180309
716001	717000	716501	369.0	-0.393631	0.011777
717001	718000	717501	302.0	-0.393152	-0.277295
718001	719000	718501	303.0	-0.392674	-0.272526
719001	720000	719501	363.0	-0.392196	-0.011874
720001	721000	720501	342.0	-0.391718	-0.097847
721001	722000	721501	321.0	-0.391239	-0.189270
722001	723000	722501	348.0	-0.390761	-0.072756
723001	724000	723501	429.0	-0.390283	0.229134
724001	725000	724501	395.0	-0.389804	0.110009
725001	726000	725501	376.0	-0.389326	0.038889
726001	727000	726501	352.0	-0.388848	-0.056268
727001	728000	727501	405.0	-0.388370	0.146078
728001	729000	728501	339.0	-0.387891	-0.110558
729001	730000	729501	319.0	-0.387413	-0.198287
730001	731000	730501	343.0	-0.386935	-0.093635
731001	732000	731501	294.0	-0.386456	-0.316027
732001	733000	732501	379.0	-0.385978	0.050354
733001	734000	733501	341.0	-0.385500	-0.102072
734001	735000	734501	312.0	-0.385022	-0.230298
735001	736000	735501	342.0	-0.384543	-0.097847
736001	737000	736501	369.0	-0.384065	0.011777
737001	738000	737501	377.0	-0.383587	0.042721
738001	739000	738501	421.0	-0.383108	0.201977
739001	740000	739501	340.0	-0.382630	-0.106309
740001	741000	740501	320.0	-0.382152	-0.193772
741001	742000	741501	417.0	-0.381674	0.188204
742001	743000	742501	449.0	-0.381195	0.294872
743001	744000	743501	363.0	-0.380717	-0.011874
744001	745000	744501	426.0	-0.380239	0.219010
745001	746000	745501	353.0	-0.379760	-0.052175
746001	747000	746501	325.0	-0.379282	-0.171404
747001	748000	747501	346.0	-0.378804	-0.081072
748001	749000	748501	312.0	-0.378326	-0.230298
749001	750000	749501	384.0	-0.377847	0.069263
750001	751000	750501	380.0	-0.377369	0.054156
751001	752000	751501	361.0	-0.376891	-0.019845
752001	753000	752501	324.0	-0.376412	-0.175850
753001	754000	753501	347.0	-0.375934	-0.076908
754001	755000	754501	336.0	-0.375456	-0.123382
755001	756000	755501	446.0	-0.374978	0.285200
756001	757000	756501	365.0	-0.374499	-0.003947
757001	758000	757501	359.0	-0.374021	-0.027860
758001	759000	758501	366.0	-0.373543	0.000000
759001	760000	759501	360.0	-0.373064	-0.023847
760001	761000	760501	385.0	-0.372586	0.073015
761001	762000	761501	429.0	-0.372108	0.229134
762001	763000	762501	320.0	-0.371630	-0.193772
763001	764000	763501	438.0	-0.371151	0.259087
764001	765000	764501	538.0	-0.370673	0.555763
765001	766000	765501	524.0	-0.370195	0.517723
766001	767000	766501	396.0	-0.369716	0.113657
767001	768000	767501	347.0	-0.369238	-0.076908
768001	769000	768501	363.0	-0.368760	-0.011874
769001	770000	769501	400.0	-0.368281	0.128156
770001	771000	770501	352.0	-0.367803	-0.056268
771001	772000	771501	349.0	-0.367325	-0.068617
772001	773000	772501	288.0	-0.366847	-0.345775
773001	774000	773501	314.0	-0.366368	-0.221079
774001	775000	774501	341.0	-0.365890	-0.102072
775001	776000	775501	320.0	-0.365412	-0.193772
776001	777000	776501	345.0	-0.364933	-0.085247
777001	778000	777501	505.0	-0.364455	0.464440
778001	779000	778501	458.0	-0.363977	0.323504
779001	780000	779501	561.0	-0.363499	0.616157
780001	781000	780501	425.0	-0.363020	0.215619
781001	782000	781501	491.0	-0.362542	0.423879
782001	783000	782501	584.0	-0.362064	0.674125
783001	784000	783501	521.0	-0.361585	0.509440
784001	785000	784501	550.0	-0.361107	0.587588
785001	786000	785501	560.0	-0.360629	0.613583
786001	787000	786501	501.0	-0.360151	0.452967
787001	788000	787501	402.0	-0.359672	0.135352
788001	789000	788501	416.0	-0.359194	0.184740
789001	790000	789501	401.0	-0.358716	0.131759
790001	791000	790501	341.0	-0.358237	-0.102072
791001	792000	791501	335.0	-0.357759	-0.127683
792001	793000	792501	433.0	-0.357281	0.242523
793001	794000	793501	357.0	-0.356803	-0.035920
794001	795000	794501	364.0	-0.356324	-0.007905
795001	796000	795501	309.0	-0.355846	-0.244237
796001	797000	796501	349.0	-0.355368	-0.068617
797001	798000	797501	353.0	-0.354889	-0.052175
798001	799000	798501	387.0	-0.354411	0.080490
799001	800000	799501	366.0	-0.353933	0.000000
800001	801000	800501	315.0	-0.353455	-0.216492
801001	802000	801501	344.0	-0.352976	-0.089435
802001	803000	802501	336.0	-0.352498	-0.123382
803001	804000	803501	449.0	-0.352020	0.294872
804001	805000	804501	426.0	-0.351541	0.219010
805001	806000	805501	491.0	-0.351063	0.423879
806001	807000	806501	488.0	-0.350585	0.415037
807001	808000	807501	493.0	-0.350107	0.429744
808001	809000	808501	609.0	-0.349628	0.734599
809001	810000	809501	531.0	-0.349150	0.536868
810001	811000	810501	407.0	-0.348672	0.153185
811001	812000	811501	429.0	-0.348193	0.229134
812001	813000	812501	500.0	-0.347715	0.450084
813001	814000	813501	404.0	-0.347237	0.142512
814001	815000	814501	367.0	-0.346759	0.003936
815001	816000	815501	389.0	-0.346280	0.087927
816001	817000	816501	364.0	-0.345802	-0.007905
817001	818000	817501	342.0	-0.345324	-0.097847
818001	819000	818501	306.0	-0.344845	-0.258312
819001	820000	819501	331.0	-0.344367	-0.145012
820001	821000	820501	423.0	-0.343889	0.208814
821001	822000	821501	504.0	-0.343411	0.461580
822001	823000	822501	472.0	-0.342932	0.366943
823001	824000	823501	601.0	-0.342454	0.715521
824001	825000	824501	457.0	-0.341976	0.320351
825001	826000	825501	357.0	-0.341497	-0.035920
826001	827000	826501	413.0	-0.341019	0.174298
827001	828000	827501	375.0	-0.340541	0.035047
828001	829000	828501	498.0	-0.340063	0.444302
829001	830000	829501	555.0	-0.339584	0.600644
830001	831000	830501	446.0	-0.339106	0.285200
831001	832000	831501	414.0	-0.338628	0.177787
832001	833000	832501	363.0	-0.338149	-0.011874
833001	834000	833501	418.0	-0.337671	0.191659
834001	835000	834501	360.0	-0.337193	-0.023847
835001	836000	835501	464.0	-0.336715	0.342281
836001	837000	836501	460.0	-0.336236	0.329790
837001	838000	837501	479.0	-0.335758	0.388182
838001	839000	838501	510.0	-0.335280	0.478654
839001	840000	839501	620.0	-0.334801	0.760425
840001	841000	840501	624.0	-0.334323	0.769702
841001	842000	841501	608.0	-0.333845	0.732228
842001	843000	842501	441.0	-0.333366	0.268935
843001	844000	843501	482.0	-0.332888	0.397189
844001	845000	844501	482.0	-0.332410	0.397189
845001	846000	845501	469.0	-0.331932	0.357744
846001	847000	846501	371.0	-0.331453	0.019576
847001	848000	847501	401.0	-0.330975	0.131759
848001	849000	848501	472.0	-0.330497	0.366943
849001	850000	849501	638.0	-0.330018	0.801713
850001	851000	850501	512.0	-0.329540	0.484300
851001	852000	851501	445.0	-0.329062	0.281962
852001	853000	852501	300.0	-0.328584	-0.286881
853001	854000	853501	342.0	-0.328105	-0.097847
854001	855000	854501	461.0	-0.327627	0.332923
855001	856000	855501	414.0	-0.327149	0.177787
856001	857000	856501	356.0	-0.326670	-0.039966
857001	858000	857501	504.0	-0.326192	0.461580
858001	859000	858501	434.0	-0.325714	0.245851
859001	860000	859501	410.0	-0.325236	0.163780
860001	861000	860501	458.0	-0.324757	0.323504
861001	862000	861501	410.0	-0.324279	0.163780
862001	863000	862501	389.0	-0.323801	0.087927
863001	864000	863501	414.0	-0.323322	0.177787
864001	865000	864501	409.0	-0.322844	0.160257
865001	866000	865501	403.0	-0.322366	0.138936
866001	867000	866501	359.0	-0.321888	-0.027860
867001	868000	867501	322.0	-0.321409	-0.184783
868001	869000	868501	357.0	-0.320931	-0.035920
869001	870000	869501	383.0	-0.320453	0.065501
870001	871000	870501	418.0	-0.319974	0.191659
871001	872000	871501	436.0	-0.319496	0.252484
872001	873000	872501	514.0	-0.319018	0.489925
873001	874000	873501	255.0	-0.318540	-0.521346
874001	875000	874501	317.0	-0.318061	-0.207361
875001	876000	875501	370.0	-0.317583	0.015682
876001	877000	876501	296.0	-0.317105	-0.306246
877001	878000	877501	291.0	-0.316626	-0.330824
878001	879000	878501	379.0	-0.316148	0.050354
879001	880000	879501	367.0	-0.315670	0.003936
880001	881000	880501	365.0	-0.315192	-0.003947
881001	882000	881501	323.0	-0.314713	-0.180309
882001	883000	882501	419.0	-0.314235	0.195107
883001	884000	883501	505.0	-0.313757	0.464440
884001	885000	884501	324.0	-0.313278	-0.175850
885001	886000	885501	331.0	-0.312800	-0.145012
886001	887000	886501	409.0	-0.312322	0.160257
887001	888000	887501	443.0	-0.311844	0.275463
888001	889000	888501	328.0	-0.311365	-0.158148
889001	890000	889501	422.0	-0.310887	0.205399
890001	891000	890501	432.0	-0.310409	0.239188
891001	892000	891501	328.0	-0.309930	-0.158148
892001	893000	892501	386.0	-0.309452	0.076757
893001	894000	893501	421.0	-0.308974	0.201977
894001	895000	894501	342.0	-0.308496	-0.097847
895001	896000	895501	399.0	-0.308017	0.124545
896001	897000	896501	437.0	-0.307539	0.255790
897001	898000	897501	363.0	-0.307061	-0.011874
898001	899000	898501	392.0	-0.306582	0.099010
899001	900000	899501	375.0	-0.306104	0.035047
900001	901000	900501	317.0	-0.305626	-0.207361
901001	902000	901501	354.0	-0.305148	-0.048094
902001	903000	902501	386.0	-0.304669	0.076757
903001	904000	903501	374.0	-0.304191	0.031195
904001	905000	904501	353.0	-0.303713	-0.052175
905001	906000	905501	434.0	-0.303234	0.245851
906001	907000	906501	429.0	-0.302756	0.229134
907001	908000	907501	502.0	-0.302278	0.455844
908001	909000	908501	426.0	-0.301800	0.219010
909001	910000	909501	422.0	-0.301321	0.205399
910001	911000	910501	481.0	-0.300843	0.394193
911001	912000	911501	462.0	-0.300365	0.336049
912001	913000	912501	464.0	-0.299886	0.342281
913001	914000	913501	356.0	-0.299408	-0.039966
914001	915000	914501	442.0	-0.298930	0.272203
915001	916000	915501	368.0	-0.298451	0.007862
916001	917000	916501	336.0	-0.297973	-0.123382
917001	918000	917501	412.0	-0.297495	0.170801
918001	919000	918501	333.0	-0.297017	-0.136321
919001	920000	919501	405.0	-0.296538	0.146078
920001	921000	920501	395.0	-0.296060	0.110009
921001	922000	921501	406.0	-0.295582	0.149636
922001	923000	922501	414.0	-0.295103	0.177787
923001	924000	923501	382.0	-0.294625	0.061729
924001	925000	924501	409.0	-0.294147	0.160257
925001	926000	925501	460.0	-0.293669	0.329790
926001	927000	926501	433.0	-0.293190	0.242523
927001	928000	927501	433.0	-0.292712	0.242523
928001	929000	928501	462.0	-0.292234	0.336049
929001	930000	929501	383.0	-0.291755	0.065501
930001	931000	930501	359.0	-0.291277	-0.027860
931001	932000	931501	371.0	-0.290799	0.019576
932001	933000	932501	370.0	-0.290321	0.015682
933001	934000	933501	370.0	-0.289842	0.015682
934001	935000	934501	332.0	-0.289364	-0.140660
935001	936000	935501	323.0	-0.288886	-0.180309
936001	937000	936501	335.0	-0.288407	-0.127683
937001	938000	937501	332.0	-0.287929	-0.140660
938001	939000	938501	297.0	-0.287451	-0.301381
939001	940000	939501	299.0	-0.286973	-0.291698
940001	941000	940501	298.0	-0.286494	-0.296531
941001	942000	941501	326.0	-0.286016	-0.166972
942001	943000	942501	295.0	-0.285538	-0.311129
943001	944000	943501	326.0	-0.285059	-0.166972
944001	945000	944501	397.0	-0.284581	0.117295
945001	946000	945501	351.0	-0.284103	-0.060373
946001	947000	946501	298.0	-0.283625	-0.296531
947001	948000	947501	393.0	-0.283146	0.102686
948001	949000	948501	374.0	-0.282668	0.031195
949001	950000	949501	382.0	-0.282190	0.061729
950001	951000	950501	417.0	-0.281711	0.188204
951001	952000	951501	395.0	-0.281233	0.110009
952001	953000	952501	426.0	-0.280755	0.219010
953001	954000	953501	361.0	-0.280277	-0.019845
954001	955000	954501	363.0	-0.279798	-0.011874
955001	956000	955501	328.0	-0.279320	-0.158148
956001	957000	956501	389.0	-0.278842	0.087927
957001	958000	957501	417.0	-0.278363	0.188204
958001	959000	958501	305.0	-0.277885	-0.263034
959001	960000	959501	330.0	-0.277407	-0.149378
960001	961000	960501	364.0	-0.276929	-0.007905
961001	962000	961501	345.0	-0.276450	-0.085247
962001	963000	962501	381.0	-0.275972	0.057947
963001	964000	963501	351.0	-0.275494	-0.060373
964001	965000	964501	379.0	-0.275015	0.050354
965001	966000	965501	344.0	-0.274537	-0.089435
966001	967000	966501	294.0	-0.274059	-0.316027
967001	968000	967501	334.0	-0.273581	-0.131996
968001	969000	968501	350.0	-0.273102	-0.064489
969001	970000	969501	294.0	-0.272624	-0.316027
970001	971000	970501	314.0	-0.272146	-0.221079
971001	972000	971501	328.0	-0.271667	-0.158148
972001	973000	972501	323.0	-0.271189	-0.180309
973001	974000	973501	331.0	-0.270711	-0.145012
974001	975000	974501	390.0	-0.270233	0.091630
975001	976000	975501	364.0	-0.269754	-0.007905
976001	977000	976501	380.0	-0.269276	0.054156
977001	978000	977501	361.0	-0.268798	-0.019845
978001	979000	978501	409.0	-0.268319	0.160257
979001	980000	979501	402.0	-0.267841	0.135352
980001	981000	980501	361.0	-0.267363	-0.019845
981001	982000	981501	431.0	-0.266885	0.235844
982001	983000	982501	343.0	-0.266406	-0.093635
983001	984000	983501	393.0	-0.265928	0.102686
984001	985000	984501	460.0	-0.265450	0.329790
985001	986000	985501	319.0	-0.264971	-0.198287
986001	987000	986501	298.0	-0.264493	-0.296531
987001	988000	987501	326.0	-0.264015	-0.166972
988001	989000	988501	511.0	-0.263536	0.481480
989001	990000	989501	484.0	-0.263058	0.403163
990001	991000	990501	421.0	-0.262580	0.201977
991001	992000	991501	437.0	-0.262102	0.255790
992001	993000	992501	452.0	-0.261623	0.304479
993001	994000	993501	417.0	-0.261145	0.188204
994001	995000	994501	385.0	-0.260667	0.073015
995001	996000	995501	427.0	-0.260188	0.222392
996001	997000	996501	367.0	-0.259710	0.003936
997001	998000	997501	273.0	-0.259232	-0.422943
998001	999000	998501	270.0	-0.258754	-0.438884
999001	1000000	999501	280.0	-0.258275	-0.386417
1000001	1001000	1000501	340.0	-0.257797	-0.106309
1001001	1002000	1001501	338.0	-0.257319	-0.114820
1002001	1003000	1002501	335.0	-0.256840	-0.127683
1003001	1004000	1003501	329.0	-0.256362	-0.153756
1004001	1005000	1004501	385.0	-0.255884	0.073015
1005001	1006000	1005501	403.0	-0.255406	0.138936
1006001	1007000	1006501	308.0	-0.254927	-0.248913
1007001	1008000	1007501	365.0	-0.254449	-0.003947
1008001	1009000	1008501	373.0	-0.253971	0.027332
1009001	1010000	1009501	366.0	-0.253492	0.000000
1010001	1011000	1010501	392.0	-0.253014	0.099010
1011001	1012000	1011501	379.0	-0.252536	0.050354
1012001	1013000	1012501	461.0	-0.252058	0.332923
1013001	1014000	1013501	450.0	-0.251579	0.298081
1014001	1015000	1014501	337.0	-0.251101	-0.119095
1015001	1016000	1015501	337.0	-0.250623	-0.119095
1016001	1017000	1016501	363.0	-0.250144	-0.011874
1017001	1018000	1017501	410.0	-0.249666	0.163780
1018001	1019000	1018501	380.0	-0.249188	0.054156
1019001	1020000	1019501	388.0	-0.248710	0.084213
1020001	1021000	1020501	407.0	-0.248231	0.153185
1021001	1022000	1021501	406.0	-0.247753	0.149636
1022001	1023000	1022501	351.0	-0.247275	-0.060373
1023001	1024000	1023501	370.0	-0.246796	0.015682
1024001	1025000	1024501	405.0	-0.246318	0.146078
1025001	1026000	1025501	366.0	-0.245840	0.000000
1026001	1027000	1026501	378.0	-0.245362	0.046543
1027001	1028000	1027501	400.0	-0.244883	0.128156
1028001	1029000	1028501	352.0	-0.244405	-0.056268
1029001	1030000	1029501	359.0	-0.243927	-0.027860
1030001	1031000	1030501	349.0	-0.243448	-0.068617
1031001	1032000	1031501	344.0	-0.242970	-0.089435
1032001	1033000	1032501	384.0	-0.242492	0.069263
1033001	1034000	1033501	416.0	-0.242014	0.184740
1034001	1035000	1034501	423.0	-0.241535	0.208814
1035001	1036000	1035501	425.0	-0.241057	0.215619
1036001	1037000	1036501	374.0	-0.240579	0.031195
1037001	1038000	1037501	425.0	-0.240100	0.215619
1038001	1039000	1038501	445.0	-0.239622	0.281962
1039001	1040000	1039501	356.0	-0.239144	-0.039966
1040001	1041000	1040501	366.0	-0.238666	0.000000
1041001	1042000	1041501	411.0	-0.238187	0.167295
1042001	1043000	1042501	437.0	-0.237709	0.255790
1043001	1044000	1043501	365.0	-0.237231	-0.003947
1044001	1045000	1044501	492.0	-0.236752	0.426815
1045001	1046000	1045501	416.0	-0.236274	0.184740
1046001	1047000	1046501	456.0	-0.235796	0.317190
1047001	1048000	1047501	527.0	-0.235318	0.525959
1048001	1049000	1048501	402.0	-0.234839	0.135352
1049001	1050000	1049501	401.0	-0.234361	0.131759
1050001	1051000	1050501	323.0	-0.233883	-0.180309
1051001	1052000	1051501	294.0	-0.233404	-0.316027
1052001	1053000	1052501	362.0	-0.232926	-0.015854
1053001	1054000	1053501	388.0	-0.232448	0.084213
1054001	1055000	1054501	383.0	-0.231970	0.065501
1055001	1056000	1055501	333.0	-0.231491	-0.136321
1056001	1057000	1056501	340.0	-0.231013	-0.106309
1057001	1058000	1057501	287.0	-0.230535	-0.350793
1058001	1059000	1058501	332.0	-0.230056	-0.140660
1059001	1060000	1059501	364.0	-0.229578	-0.007905
1060001	1061000	1060501	420.0	-0.229100	0.198546
1061001	1062000	1061501	405.0	-0.228621	0.146078
1062001	1063000	1062501	360.0	-0.228143	-0.023847
1063001	1064000	1063501	382.0	-0.227665	0.061729
1064001	1065000	1064501	342.0	-0.227187	-0.097847
1065001	1066000	1065501	321.0	-0.226708	-0.189270
1066001	1067000	1066501	313.0	-0.226230	-0.225681
1067001	1068000	1067501	356.0	-0.225752	-0.039966
1068001	1069000	1068501	312.0	-0.225273	-0.230298
1069001	1070000	1069501	355.0	-0.224795	-0.044025
1070001	1071000	1070501	429.0	-0.224317	0.229134
1071001	1072000	1071501	308.0	-0.223839	-0.248913
1072001	1073000	1072501	286.0	-0.223360	-0.355829
1073001	1074000	1073501	304.0	-0.222882	-0.267772
1074001	1075000	1074501	344.0	-0.222404	-0.089435
1075001	1076000	1075501	342.0	-0.221925	-0.097847
1076001	1077000	1076501	324.0	-0.221447	-0.175850
1077001	1078000	1077501	350.0	-0.220969	-0.064489
1078001	1079000	1078501	422.0	-0.220491	0.205399
1079001	1080000	1079501	310.0	-0.220012	-0.239575
1080001	1081000	1080501	328.0	-0.219534	-0.158148
1081001	1082000	1081501	431.0	-0.219056	0.235844
1082001	1083000	1082501	452.0	-0.218577	0.304479
1083001	1084000	1083501	379.0	-0.218099	0.050354
1084001	1085000	1084501	392.0	-0.217621	0.099010
1085001	1086000	1085501	359.0	-0.217143	-0.027860
1086001	1087000	1086501	380.0	-0.216664	0.054156
1087001	1088000	1087501	297.0	-0.216186	-0.301381
1088001	1089000	1088501	348.0	-0.215708	-0.072756
1089001	1090000	1089501	329.0	-0.215229	-0.153756
1090001	1091000	1090501	334.0	-0.214751	-0.131996
1091001	1092000	1091501	340.0	-0.214273	-0.106309
1092001	1093000	1092501	377.0	-0.213795	0.042721
1093001	1094000	1093501	396.0	-0.213316	0.113657
1094001	1095000	1094501	319.0	-0.212838	-0.198287
1095001	1096000	1095501	362.0	-0.212360	-0.015854
1096001	1097000	1096501	396.0	-0.211881	0.113657
1097001	1098000	1097501	415.0	-0.211403	0.181268
1098001	1099000	1098501	475.0	-0.210925	0.376084
1099001	1100000	1099501	476.0	-0.210447	0.379118
1100001	1101000	1100501	462.0	-0.209968	0.336049
1101001	1102000	1101501	411.0	-0.209490	0.167295
1102001	1103000	1102501	360.0	-0.209012	-0.023847
1103001	1104000	1103501	335.0	-0.208533	-0.127683
1104001	1105000	1104501	327.0	-0.208055	-0.162553
1105001	1106000	1105501	435.0	-0.207577	0.249172
1106001	1107000	1106501	376.0	-0.207099	0.038889
1107001	1108000	1107501	377.0	-0.206620	0.042721
1108001	1109000	1108501	305.0	-0.206142	-0.263034
1109001	1110000	1109501	317.0	-0.205664	-0.207361
1110001	1111000	1110501	354.0	-0.205185	-0.048094
1111001	1112000	1111501	358.0	-0.204707	-0.031884
1112001	1113000	1112501	322.0	-0.204229	-0.184783
1113001	1114000	1113501	451.0	-0.203751	0.301284
1114001	1115000	1114501	346.0	-0.203272	-0.081072
1115001	1116000	1115501	371.0	-0.202794	0.019576
1116001	1117000	1116501	367.0	-0.202316	0.003936
1117001	1118000	1117501	476.0	-0.201837	0.379118
1118001	1119000	1118501	334.0	-0.201359	-0.131996
1119001	1120000	1119501	366.0	-0.200881	0.000000
1120001	1121000	1120501	313.0	-0.200403	-0.225681
1121001	1122000	1121501	324.0	-0.199924	-0.175850
1122001	1123000	1122501	345.0	-0.199446	-0.085247
1123001	1124000	1123501	408.0	-0.198968	0.156726
1124001	1125000	1124501	360.0	-0.198489	-0.023847
1125001	1126000	1125501	311.0	-0.198011	-0.234929
1126001	1127000	1126501	344.0	-0.197533	-0.089435
1127001	1128000	1127501	295.0	-0.197055	-0.311129
1128001	1129000	1128501	428.0	-0.196576	0.225767
1129001	1130000	1129501	454.0	-0.196098	0.310849
1130001	1131000	1130501	469.0	-0.195620	0.357744
1131001	1132000	1131501	521.0	-0.195141	0.509440
1132001	1133000	1132501	512.0	-0.194663	0.484300
1133001	1134000	1133501	492.0	-0.194185	0.426815
1134001	1135000	1134501	475.0	-0.193706	0.376084
1135001	1136000	1135501	584.0	-0.193228	0.674125
1136001	1137000	1136501	586.0	-0.192750	0.679057
1137001	1138000	1137501	476.0	-0.192272	0.379118
1138001	1139000	1138501	416.0	-0.191793	0.184740
1139001	1140000	1139501	420.0	-0.191315	0.198546
1140001	1141000	1140501	331.0	-0.190837	-0.145012
1141001	1142000	1141501	376.0	-0.190358	0.038889
1142001	1143000	1142501	359.0	-0.189880	-0.027860
1143001	1144000	1143501	357.0	-0.189402	-0.035920
1144001	1145000	1144501	393.0	-0.188924	0.102686
1145001	1146000	1145501	377.0	-0.188445	0.042721
1146001	1147000	1146501	408.0	-0.187967	0.156726
1147001	1148000	1147501	383.0	-0.187489	0.065501
1148001	1149000	1148501	339.0	-0.187010	-0.110558
1149001	1150000	1149501	364.0	-0.186532	-0.007905
1150001	1151000	1150501	456.0	-0.186054	0.317190
1151001	1152000	1151501	382.0	-0.185576	0.061729
1152001	1153000	1152501	363.0	-0.185097	-0.011874
1153001	1154000	1153501	295.0	-0.184619	-0.311129
1154001	1155000	1154501	317.0	-0.184141	-0.207361
1155001	1156000	1155501	314.0	-0.183662	-0.221079
1156001	1157000	1156501	275.0	-0.183184	-0.412412
1157001	1158000	1157501	327.0	-0.182706	-0.162553
1158001	1159000	1158501	347.0	-0.182228	-0.076908
1159001	1160000	1159501	347.0	-0.181749	-0.076908
1160001	1161000	1160501	300.0	-0.181271	-0.286881
1161001	1162000	1161501	418.0	-0.180793	0.191659
1162001	1163000	1162501	320.0	-0.180314	-0.193772
1163001	1164000	1163501	317.0	-0.179836	-0.207361
1164001	1165000	1164501	375.0	-0.179358	0.035047
1165001	1166000	1165501	400.0	-0.178880	0.128156
1166001	1167000	1166501	371.0	-0.178401	0.019576
1167001	1168000	1167501	340.0	-0.177923	-0.106309
1168001	1169000	1168501	333.0	-0.177445	-0.136321
1169001	1170000	1169501	302.0	-0.176966	-0.277295
1170001	1171000	1170501	362.0	-0.176488	-0.015854
1171001	1172000	1171501	376.0	-0.176010	0.038889
1172001	1173000	1172501	460.0	-0.175532	0.329790
1173001	1174000	1173501	411.0	-0.175053	0.167295
1174001	1175000	1174501	362.0	-0.174575	-0.015854
1175001	1176000	1175501	448.0	-0.174097	0.291655
1176001	1177000	1176501	420.0	-0.173618	0.198546
1177001	1178000	1177501	351.0	-0.173140	-0.060373
1178001	1179000	1178501	322.0	-0.172662	-0.184783
1179001	1180000	1179501	340.0	-0.172184	-0.106309
1180001	1181000	1180501	355.0	-0.171705	-0.044025
1181001	1182000	1181501	313.0	-0.171227	-0.225681
1182001	1183000	1182501	316.0	-0.170749	-0.211919
1183001	1184000	1183501	416.0	-0.170270	0.184740
1184001	1185000	1184501	434.0	-0.169792	0.245851
1185001	1186000	1185501	396.0	-0.169314	0.113657
1186001	1187000	1186501	361.0	-0.168836	-0.019845
1187001	1188000	1187501	425.0	-0.168357	0.215619
1188001	1189000	1188501	359.0	-0.167879	-0.027860
1189001	1190000	1189501	403.0	-0.167401	0.138936
1190001	1191000	1190501	515.0	-0.166922	0.492729
1191001	1192000	1191501	418.0	-0.166444	0.191659
1192001	1193000	1192501	378.0	-0.165966	0.046543
1193001	1194000	1193501	341.0	-0.165488	-0.102072
1194001	1195000	1194501	394.0	-0.165009	0.106352
1195001	1196000	1195501	377.0	-0.164531	0.042721
1196001	1197000	1196501	403.0	-0.164053	0.138936
1197001	1198000	1197501	384.0	-0.163574	0.069263
1198001	1199000	1198501	340.0	-0.163096	-0.106309
1199001	1200000	1199501	305.0	-0.162618	-0.263034
1200001	1201000	1200501	339.0	-0.162140	-0.110558
1201001	1202000	1201501	387.0	-0.161661	0.080490
1202001	1203000	1202501	374.0	-0.161183	0.031195
1203001	1204000	1203501	326.0	-0.160705	-0.166972
1204001	1205000	1204501	406.0	-0.160226	0.149636
1205001	1206000	1205501	385.0	-0.159748	0.073015
1206001	1207000	1206501	399.0	-0.159270	0.124545
1207001	1208000	1207501	400.0	-0.158792	0.128156
1208001	1209000	1208501	427.0	-0.158313	0.222392
1209001	1210000	1209501	277.0	-0.157835	-0.401958
1210001	1211000	1210501	313.0	-0.157357	-0.225681
1211001	1212000	1211501	328.0	-0.156878	-0.158148
1212001	1213000	1212501	381.0	-0.156400	0.057947
1213001	1214000	1213501	382.0	-0.155922	0.061729
1214001	1215000	1214501	447.0	-0.155443	0.288431
1215001	1216000	1215501	393.0	-0.154965	0.102686
1216001	1217000	1216501	393.0	-0.154487	0.102686
1217001	1218000	1217501	374.0	-0.154009	0.031195
1218001	1219000	1218501	360.0	-0.153530	-0.023847
1219001	1220000	1219501	311.0	-0.153052	-0.234929
1220001	1221000	1220501	325.0	-0.152574	-0.171404
1221001	1222000	1221501	297.0	-0.152095	-0.301381
1222001	1223000	1222501	329.0	-0.151617	-0.153756
1223001	1224000	1223501	388.0	-0.151139	0.084213
1224001	1225000	1224501	441.0	-0.150661	0.268935
1225001	1226000	1225501	385.0	-0.150182	0.073015
1226001	1227000	1226501	406.0	-0.149704	0.149636
1227001	1228000	1227501	375.0	-0.149226	0.035047
1228001	1229000	1228501	437.0	-0.148747	0.255790
1229001	1230000	1229501	399.0	-0.148269	0.124545
1230001	1231000	1230501	390.0	-0.147791	0.091630
1231001	1232000	1231501	416.0	-0.147313	0.184740
1232001	1233000	1232501	397.0	-0.146834	0.117295
1233001	1234000	1233501	322.0	-0.146356	-0.184783
1234001	1235000	1234501	383.0	-0.145878	0.065501
1235001	1236000	1235501	370.0	-0.145399	0.015682
1236001	1237000	1236501	392.0	-0.144921	0.099010
1237001	1238000	1237501	398.0	-0.144443	0.120925
1238001	1239000	1238501	368.0	-0.143965	0.007862
1239001	1240000	1239501	302.0	-0.143486	-0.277295
1240001	1241000	1240501	387.0	-0.143008	0.080490
1241001	1242000	1241501	330.0	-0.142530	-0.149378
1242001	1243000	1242501	323.0	-0.142051	-0.180309
1243001	1244000	1243501	370.0	-0.141573	0.015682
1244001	1245000	1244501	258.0	-0.141095	-0.504473
1245001	1246000	1245501	323.0	-0.140617	-0.180309
1246001	1247000	1246501	422.0	-0.140138	0.205399
1247001	1248000	1247501	449.0	-0.139660	0.294872
1248001	1249000	1248501	498.0	-0.139182	0.444302
1249001	1250000	1249501	547.0	-0.138703	0.579697
1250001	1251000	1250501	410.0	-0.138225	0.163780
1251001	1252000	1251501	559.0	-0.137747	0.611005
1252001	1253000	1252501	507.0	-0.137269	0.470142
1253001	1254000	1253501	478.0	-0.136790	0.385167
1254001	1255000	1254501	486.0	-0.136312	0.409113
1255001	1256000	1255501	413.0	-0.135834	0.174298
1256001	1257000	1256501	401.0	-0.135355	0.131759
1257001	1258000	1257501	434.0	-0.134877	0.245851
1258001	1259000	1258501	209.0	-0.134399	-0.808341
1259001	1260000	1259501	288.0	-0.133921	-0.345775
1260001	1261000	1260501	205.0	-0.133442	-0.836220
1261001	1262000	1261501	226.0	-0.132964	-0.695521
1262001	1263000	1262501	231.0	-0.132486	-0.663951
1263001	1264000	1263501	190.0	-0.132007	-0.945844
1264001	1265000	1264501	226.0	-0.131529	-0.695521
1265001	1266000	1265501	267.0	-0.131051	-0.455004
1266001	1267000	1266501	183.0	-0.130573	-1.000000
1267001	1268000	1267501	177.0	-0.130094	-1.048094
1268001	1269000	1268501	186.0	-0.129616	-0.976541
1269001	1270000	1269501	139.0	-0.129138	-1.396759
1270001	1271000	1270501	184.0	-0.128659	-0.992138
1271001	1272000	1271501	172.0	-0.128181	-1.089435
1272001	1273000	1272501	244.0	-0.127703	-0.584963
1273001	1274000	1273501	480.0	-0.127225	0.391191
1274001	1275000	1274501	381.0	-0.126746	0.057947
1275001	1276000	1275501	415.0	-0.126268	0.181268
1276001	1277000	1276501	558.0	-0.125790	0.608421
1277001	1278000	1277501	509.0	-0.125311	0.475822
1278001	1279000	1278501	541.0	-0.124833	0.563785
1279001	1280000	1279501	540.0	-0.124355	0.561116
1280001	1281000	1280501	460.0	-0.123877	0.329790
1281001	1282000	1281501	439.0	-0.123398	0.262377
1282001	1283000	1282501	472.0	-0.122920	0.366943
1283001	1284000	1283501	523.0	-0.122442	0.514967
1284001	1285000	1284501	533.0	-0.121963	0.542292
1285001	1286000	1285501	535.0	-0.121485	0.547695
1286001	1287000	1286501	485.0	-0.121007	0.406141
1287001	1288000	1287501	501.0	-0.120528	0.452967
1288001	1289000	1288501	586.0	-0.120050	0.679057
1289001	1290000	1289501	478.0	-0.119572	0.385167
1290001	1291000	1290501	445.0	-0.119094	0.281962
1291001	1292000	1291501	429.0	-0.118615	0.229134
1292001	1293000	1292501	451.0	-0.118137	0.301284
1293001	1294000	1293501	431.0	-0.117659	0.235844
1294001	1295000	1294501	511.0	-0.117180	0.481480
1295001	1296000	1295501	531.0	-0.116702	0.536868
1296001	1297000	1296501	452.0	-0.116224	0.304479
1297001	1298000	1297501	342.0	-0.115746	-0.097847
1298001	1299000	1298501	293.0	-0.115267	-0.320943
1299001	1300000	1299501	346.0	-0.114789	-0.081072
1300001	1301000	1300501	337.0	-0.114311	-0.119095
1301001	1302000	1301501	412.0	-0.113832	0.170801
1302001	1303000	1302501	391.0	-0.113354	0.095325
1303001	1304000	1303501	384.0	-0.112876	0.069263
1304001	1305000	1304501	393.0	-0.112398	0.102686
1305001	1306000	1305501	391.0	-0.111919	0.095325
1306001	1307000	1306501	368.0	-0.111441	0.007862
1307001	1308000	1307501	343.0	-0.110963	-0.093635
1308001	1309000	1308501	346.0	-0.110484	-0.081072
1309001	1310000	1309501	372.0	-0.110006	0.023459
1310001	1311000	1310501	363.0	-0.109528	-0.011874
1311001	1312000	1311501	391.0	-0.109050	0.095325
1312001	1313000	1312501	399.0	-0.108571	0.124545
1313001	1314000	1313501	427.0	-0.108093	0.222392
1314001	1315000	1314501	434.0	-0.107615	0.245851
1315001	1316000	1315501	369.0	-0.107136	0.011777
1316001	1317000	1316501	469.0	-0.106658	0.357744
1317001	1318000	1317501	387.0	-0.106180	0.080490
1318001	1319000	1318501	375.0	-0.105702	0.035047
1319001	1320000	1319501	419.0	-0.105223	0.195107
1320001	1321000	1320501	406.0	-0.104745	0.149636
1321001	1322000	1321501	402.0	-0.104267	0.135352
1322001	1323000	1322501	450.0	-0.103788	0.298081
1323001	1324000	1323501	394.0	-0.103310	0.106352
1324001	1325000	1324501	386.0	-0.102832	0.076757
1325001	1326000	1325501	448.0	-0.102354	0.291655
1326001	1327000	1326501	450.0	-0.101875	0.298081
1327001	1328000	1327501	508.0	-0.101397	0.472985
1328001	1329000	1328501	474.0	-0.100919	0.373043
1329001	1330000	1329501	317.0	-0.100440	-0.207361
1330001	1331000	1330501	362.0	-0.099962	-0.015854
1331001	1332000	1331501	445.0	-0.099484	0.281962
1332001	1333000	1332501	272.0	-0.099006	-0.428237
1333001	1334000	1333501	381.0	-0.098527	0.057947
1334001	1335000	1334501	441.0	-0.098049	0.268935
1335001	1336000	1335501	435.0	-0.097571	0.249172
1336001	1337000	1336501	420.0	-0.097092	0.198546
1337001	1338000	1337501	388.0	-0.096614	0.084213
1338001	1339000	1338501	350.0	-0.096136	-0.064489
1339001	1340000	1339501	358.0	-0.095658	-0.031884
1340001	1341000	1340501	394.0	-0.095179	0.106352
1341001	1342000	1341501	340.0	-0.094701	-0.106309
1342001	1343000	1342501	377.0	-0.094223	0.042721
1343001	1344000	1343501	420.0	-0.093744	0.198546
1344001	1345000	1344501	451.0	-0.093266	0.301284
1345001	1346000	1345501	430.0	-0.092788	0.232493
1346001	1347000	1346501	428.0	-0.092310	0.225767
1347001	1348000	1347501	414.0	-0.091831	0.177787
1348001	1349000	1348501	388.0	-0.091353	0.084213
1349001	1350000	1349501	375.0	-0.090875	0.035047
1350001	1351000	1350501	336.0	-0.090396	-0.123382
1351001	1352000	1351501	322.0	-0.089918	-0.184783
1352001	1353000	1352501	326.0	-0.089440	-0.166972
1353001	1354000	1353501	256.0	-0.088962	-0.515700
1354001	1355000	1354501	315.0	-0.088483	-0.216492
1355001	1356000	1355501	329.0	-0.088005	-0.153756
1356001	1357000	1356501	368.0	-0.087527	0.007862
1357001	1358000	1357501	339.0	-0.087048	-0.110558
1358001	1359000	1358501	351.0	-0.086570	-0.060373
1359001	1360000	1359501	391.0	-0.086092	0.095325
1360001	1361000	1360501	406.0	-0.085613	0.149636
1361001	1362000	1361501	377.0	-0.085135	0.042721
1362001	1363000	1362501	438.0	-0.084657	0.259087
1363001	1364000	1363501	318.0	-0.084179	-0.202817
1364001	1365000	1364501	371.0	-0.083700	0.019576
1365001	1366000	1365501	384.0	-0.083222	0.069263
1366001	1367000	1366501	379.0	-0.082744	0.050354
1367001	1368000	1367501	404.0	-0.082265	0.142512
1368001	1369000	1368501	391.0	-0.081787	0.095325
1369001	1370000	1369501	480.0	-0.081309	0.391191
1370001	1371000	1370501	345.0	-0.080831	-0.085247
1371001	1372000	1371501	372.0	-0.080352	0.023459
1372001	1373000	1372501	332.0	-0.079874	-0.140660
1373001	1374000	1373501	428.0	-0.079396	0.225767
1374001	1375000	1374501	426.0	-0.078917	0.219010
1375001	1376000	1375501	324.0	-0.078439	-0.175850
1376001	1377000	1376501	418.0	-0.077961	0.191659
1377001	1378000	1377501	374.0	-0.077483	0.031195
1378001	1379000	1378501	449.0	-0.077004	0.294872
1379001	1380000	1379501	411.0	-0.076526	0.167295
1380001	1381000	1380501	402.0	-0.076048	0.135352
1381001	1382000	1381501	310.0	-0.075569	-0.239575
1382001	1383000	1382501	356.0	-0.075091	-0.039966
1383001	1384000	1383501	329.0	-0.074613	-0.153756
1384001	1385000	1384501	305.0	-0.074135	-0.263034
1385001	1386000	1385501	276.0	-0.073656	-0.407175
1386001	1387000	1386501	304.0	-0.073178	-0.267772
1387001	1388000	1387501	353.0	-0.072700	-0.052175
1388001	1389000	1388501	356.0	-0.072221	-0.039966
1389001	1390000	1389501	293.0	-0.071743	-0.320943
1390001	1391000	1390501	341.0	-0.071265	-0.102072
1391001	1392000	1391501	306.0	-0.070787	-0.258312
1392001	1393000	1392501	326.0	-0.070308	-0.166972
1393001	1394000	1393501	329.0	-0.069830	-0.153756
1394001	1395000	1394501	474.0	-0.069352	0.373043
1395001	1396000	1395501	510.0	-0.068873	0.478654
1396001	1397000	1396501	356.0	-0.068395	-0.039966
1397001	1398000	1397501	277.0	-0.067917	-0.401958
1398001	1399000	1398501	343.0	-0.067439	-0.093635
1399001	1400000	1399501	315.0	-0.066960	-0.216492
1400001	1401000	1400501	326.0	-0.066482	-0.166972
1401001	1402000	1401501	336.0	-0.066004	-0.123382
1402001	1403000	1402501	318.0	-0.065525	-0.202817
1403001	1404000	1403501	332.0	-0.065047	-0.140660
1404001	1405000	1404501	357.0	-0.064569	-0.035920
1405001	1406000	1405501	345.0	-0.064091	-0.085247
1406001	1407000	1406501	351.0	-0.063612	-0.060373
1407001	1408000	1407501	397.0	-0.063134	0.117295
1408001	1409000	1408501	366.0	-0.062656	0.000000
1409001	1410000	1409501	316.0	-0.062177	-0.211919
1410001	1411000	1410501	320.0	-0.061699	-0.193772
1411001	1412000	1411501	337.0	-0.061221	-0.119095
1412001	1413000	1412501	304.0	-0.060743	-0.267772
1413001	1414000	1413501	391.0	-0.060264	0.095325
1414001	1415000	1414501	393.0	-0.059786	0.102686
1415001	1416000	1415501	377.0	-0.059308	0.042721
1416001	1417000	1416501	423.0	-0.058829	0.208814
1417001	1418000	1417501	392.0	-0.058351	0.099010
1418001	1419000	1418501	370.0	-0.057873	0.015682
1419001	1420000	1419501	455.0	-0.057395	0.314023
1420001	1421000	1420501	546.0	-0.056916	0.577057
1421001	1422000	1421501	602.0	-0.056438	0.717920
1422001	1423000	1422501	639.0	-0.055960	0.803972
1423001	1424000	1423501	367.0	-0.055481	0.003936
1424001	1425000	1424501	223.0	-0.055003	-0.714800
1425001	1426000	1425501	352.0	-0.054525	-0.056268
1426001	1427000	1426501	409.0	-0.054047	0.160257
1427001	1428000	1427501	321.0	-0.053568	-0.189270
1428001	1429000	1428501	355.0	-0.053090	-0.044025
1429001	1430000	1429501	492.0	-0.052612	0.426815
1430001	1431000	1430501	381.0	-0.052133	0.057947
1431001	1432000	1431501	545.0	-0.051655	0.574413
1432001	1433000	1432501	637.0	-0.051177	0.799450
1433001	1434000	1433501	591.0	-0.050698	0.691314
1434001	1435000	1434501	349.0	-0.050220	-0.068617
1435001	1436000	1435501	237.0	-0.049742	-0.626957
1436001	1437000	1436501	301.0	-0.049264	-0.282080
1437001	1438000	1437501	390.0	-0.048785	0.091630
1438001	1439000	1438501	364.0	-0.048307	-0.007905
1439001	1440000	1439501	401.0	-0.047829	0.131759
1440001	1441000	1440501	385.0	-0.047350	0.073015
1441001	1442000	1441501	345.0	-0.046872	-0.085247
1442001	1443000	1442501	318.0	-0.046394	-0.202817
1443001	1444000	1443501	337.0	-0.045916	-0.119095
1444001	1445000	1444501	343.0	-0.045437	-0.093635
1445001	1446000	1445501	331.0	-0.044959	-0.145012
1446001	1447000	1446501	351.0	-0.044481	-0.060373
1447001	1448000	1447501	508.0	-0.044002	0.472985
1448001	1449000	1448501	391.0	-0.043524	0.095325
1449001	1450000	1449501	501.0	-0.043046	0.452967
1450001	1451000	1450501	381.0	-0.042568	0.057947
1451001	1452000	1451501	335.0	-0.042089	-0.127683
1452001	1453000	1452501	491.0	-0.041611	0.423879
1453001	1454000	1453501	371.0	-0.041133	0.019576
1454001	1455000	1454501	522.0	-0.040654	0.512206
1455001	1456000	1455501	555.0	-0.040176	0.600644
1456001	1457000	1456501	384.0	-0.039698	0.069263
1457001	1458000	1457501	634.0	-0.039220	0.792639
1458001	1459000	1458501	684.0	-0.038741	0.902153
1459001	1460000	1459501	557.0	-0.038263	0.605834
1460001	1461000	1460501	615.0	-0.037785	0.748743
1461001	1462000	1461501	554.0	-0.037306	0.598042
1462001	1463000	1462501	455.0	-0.036828	0.314023
1463001	1464000	1463501	399.0	-0.036350	0.124545
1464001	1465000	1464501	439.0	-0.035872	0.262377
1465001	1466000	1465501	400.0	-0.035393	0.128156
1466001	1467000	1466501	395.0	-0.034915	0.110009
1467001	1468000	1467501	438.0	-0.034437	0.259087
1468001	1469000	1468501	456.0	-0.033958	0.317190
1469001	1470000	1469501	401.0	-0.033480	0.131759
1470001	1471000	1470501	336.0	-0.033002	-0.123382
1471001	1472000	1471501	377.0	-0.032524	0.042721
1472001	1473000	1472501	345.0	-0.032045	-0.085247
1473001	1474000	1473501	341.0	-0.031567	-0.102072
1474001	1475000	1474501	315.0	-0.031089	-0.216492
1475001	1476000	1475501	426.0	-0.030610	0.219010
1476001	1477000	1476501	336.0	-0.030132	-0.123382
1477001	1478000	1477501	331.0	-0.029654	-0.145012
1478001	1479000	1478501	353.0	-0.029176	-0.052175
1479001	1480000	1479501	368.0	-0.028697	0.007862
1480001	1481000	1480501	309.0	-0.028219	-0.244237
1481001	1482000	1481501	391.0	-0.027741	0.095325
1482001	1483000	1482501	435.0	-0.027262	0.249172
1483001	1484000	1483501	341.0	-0.026784	-0.102072
1484001	1485000	1484501	443.0	-0.026306	0.275463
1485001	1486000	1485501	330.0	-0.025828	-0.149378
1486001	1487000	1486501	370.0	-0.025349	0.015682
1487001	1488000	1487501	429.0	-0.024871	0.229134
1488001	1489000	1488501	377.0	-0.024393	0.042721
1489001	1490000	1489501	367.0	-0.023914	0.003936
1490001	1491000	1490501	388.0	-0.023436	0.084213
1491001	1492000	1491501	348.0	-0.022958	-0.072756
1492001	1493000	1492501	363.0	-0.022480	-0.011874
1493001	1494000	1493501	428.0	-0.022001	0.225767
1494001	1495000	1494501	369.0	-0.021523	0.011777
1495001	1496000	1495501	354.0	-0.021045	-0.048094
1496001	1497000	1496501	344.0	-0.020566	-0.089435
1497001	1498000	1497501	314.0	-0.020088	-0.221079
1498001	1499000	1498501	271.0	-0.019610	-0.433551
1499001	1500000	1499501	353.0	-0.019132	-0.052175
1500001	1501000	1500501	425.0	-0.018653	0.215619
1501001	1502000	1501501	493.0	-0.018175	0.429744
1502001	1503000	1502501	424.0	-0.017697	0.212221
1503001	1504000	1503501	321.0	-0.017218	-0.189270
1504001	1505000	1504501	353.0	-0.016740	-0.052175
1505001	1506000	1505501	460.0	-0.016262	0.329790
1506001	1507000	1506501	373.0	-0.015783	0.027332
1507001	1508000	1507501	339.0	-0.015305	-0.110558
1508001	1509000	1508501	425.0	-0.014827	0.215619
1509001	1510000	1509501	433.0	-0.014349	0.242523
1510001	1511000	1510501	400.0	-0.013870	0.128156
1511001	1512000	1511501	397.0	-0.013392	0.117295
1512001	1513000	1512501	385.0	-0.012914	0.073015
1513001	1514000	1513501	318.0	-0.012435	-0.202817
1514001	1515000	1514501	339.0	-0.011957	-0.110558
1515001	1516000	1515501	331.0	-0.011479	-0.145012
1516001	1517000	1516501	522.0	-0.011001	0.512206
1517001	1518000	1517501	452.0	-0.010522	0.304479
1518001	1519000	1518501	495.0	-0.010044	0.435585
1519001	1520000	1519501	349.0	-0.009566	-0.068617
1520001	1521000	1520501	464.0	-0.009087	0.342281
1521001	1522000	1521501	301.0	-0.008609	-0.282080
1522001	1523000	1522501	349.0	-0.008131	-0.068617
1523001	1524000	1523501	346.0	-0.007653	-0.081072
1524001	1525000	1524501	297.0	-0.007174	-0.301381
1525001	1526000	1525501	354.0	-0.006696	-0.048094
1526001	1527000	1526501	445.0	-0.006218	0.281962
1527001	1528000	1527501	371.0	-0.005739	0.019576
1528001	1529000	1528501	382.0	-0.005261	0.061729
1529001	1530000	1529501	359.0	-0.004783	-0.027860
1530001	1531000	1530501	354.0	-0.004305	-0.048094
1531001	1532000	1531501	313.0	-0.003826	-0.225681
1532001	1533000	1532501	298.0	-0.003348	-0.296531
1533001	1534000	1533501	350.0	-0.002870	-0.064489
1534001	1535000	1534501	355.0	-0.002391	-0.044025
1535001	1536000	1535501	360.0	-0.001913	-0.023847
1536001	1537000	1536501	336.0	-0.001435	-0.123382
1537001	1538000	1537501	333.0	-0.000957	-0.136321
1538001	1539000	1538501	332.0	-0.000478	-0.140660
1539001	1540000	1539501	353.0	0.000000	-0.052175
1540001	1541000	1540501	445.0	0.000522	0.281962
1541001	1542000	1541501	359.0	0.001045	-0.027860
1542001	1543000	1542501	331.0	0.001567	-0.145012
1543001	1544000	1543501	372.0	0.002090	0.023459
1544001	1545000	1544501	369.0	0.002612	0.011777
1545001	1546000	1545501	334.0	0.003135	-0.131996
1546001	1547000	1546501	379.0	0.003657	0.050354
1547001	1548000	1547501	335.0	0.004180	-0.127683
1548001	1549000	1548501	337.0	0.004702	-0.119095
1549001	1550000	1549501	316.0	0.005225	-0.211919
1550001	1551000	1550501	371.0	0.005747	0.019576
1551001	1552000	1551501	354.0	0.006270	-0.048094
1552001	1553000	1552501	350.0	0.006792	-0.064489
1553001	1554000	1553501	355.0	0.007315	-0.044025
1554001	1555000	1554501	434.0	0.007837	0.245851
1555001	1556000	1555501	394.0	0.008359	0.106352
1556001	1557000	1556501	269.0	0.008882	-0.444237
1557001	1558000	1557501	446.0	0.009404	0.285200
1558001	1559000	1558501	435.0	0.009927	0.249172
1559001	1560000	1559501	336.0	0.010449	-0.123382
1560001	1561000	1560501	440.0	0.010972	0.265660
1561001	1562000	1561501	444.0	0.011494	0.278716
1562001	1563000	1562501	308.0	0.012017	-0.248913
1563001	1564000	1563501	415.0	0.012539	0.181268
1564001	1565000	1564501	502.0	0.013062	0.455844
1565001	1566000	1565501	449.0	0.013584	0.294872
1566001	1567000	1566501	435.0	0.014107	0.249172
1567001	1568000	1567501	435.0	0.014629	0.249172
1568001	1569000	1568501	310.0	0.015152	-0.239575
1569001	1570000	1569501	309.0	0.015674	-0.244237
1570001	1571000	1570501	404.0	0.016196	0.142512
1571001	1572000	1571501	353.0	0.016719	-0.052175
1572001	1573000	1572501	371.0	0.017241	0.019576
1573001	1574000	1573501	383.0	0.017764	0.065501
1574001	1575000	1574501	305.0	0.018286	-0.263034
1575001	1576000	1575501	369.0	0.018809	0.011777
1576001	1577000	1576501	333.0	0.019331	-0.136321
1577001	1578000	1577501	347.0	0.019854	-0.076908
1578001	1579000	1578501	379.0	0.020376	0.050354
1579001	1580000	1579501	321.0	0.020899	-0.189270
1580001	1581000	1580501	433.0	0.021421	0.242523
1581001	1582000	1581501	377.0	0.021944	0.042721
1582001	1583000	1582501	334.0	0.022466	-0.131996
1583001	1584000	1583501	324.0	0.022989	-0.175850
1584001	1585000	1584501	331.0	0.023511	-0.145012
1585001	1586000	1585501	351.0	0.024033	-0.060373
1586001	1587000	1586501	321.0	0.024556	-0.189270
1587001	1588000	1587501	351.0	0.025078	-0.060373
1588001	1589000	1588501	325.0	0.025601	-0.171404
1589001	1590000	1589501	289.0	0.026123	-0.340774
1590001	1591000	1590501	328.0	0.026646	-0.158148
1591001	1592000	1591501	388.0	0.027168	0.084213
1592001	1593000	1592501	409.0	0.027691	0.160257
1593001	1594000	1593501	413.0	0.028213	0.174298
1594001	1595000	1594501	334.0	0.028736	-0.131996
1595001	1596000	1595501	339.0	0.029258	-0.110558
1596001	1597000	1596501	375.0	0.029781	0.035047
1597001	1598000	1597501	365.0	0.030303	-0.003947
1598001	1599000	1598501	335.0	0.030825	-0.127683
1599001	1600000	1599501	401.0	0.031348	0.131759
1600001	1601000	1600501	411.0	0.031870	0.167295
1601001	1602000	1601501	339.0	0.032393	-0.110558
1602001	1603000	1602501	310.0	0.032915	-0.239575
1603001	1604000	1603501	375.0	0.033438	0.035047
1604001	1605000	1604501	359.0	0.033960	-0.027860
1605001	1606000	1605501	337.0	0.034483	-0.119095
1606001	1607000	1606501	405.0	0.035005	0.146078
1607001	1608000	1607501	393.0	0.035528	0.102686
1608001	1609000	1608501	432.0	0.036050	0.239188
1609001	1610000	1609501	410.0	0.036573	0.163780
1610001	1611000	1610501	411.0	0.037095	0.167295
1611001	1612000	1611501	362.0	0.037618	-0.015854
1612001	1613000	1612501	342.0	0.038140	-0.097847
1613001	1614000	1613501	394.0	0.038662	0.106352
1614001	1615000	1614501	409.0	0.039185	0.160257
1615001	1616000	1615501	425.0	0.039707	0.215619
1616001	1617000	1616501	356.0	0.040230	-0.039966
1617001	1618000	1617501	480.0	0.040752	0.391191
1618001	1619000	1618501	426.0	0.041275	0.219010
1619001	1620000	1619501	336.0	0.041797	-0.123382
1620001	1621000	1620501	506.0	0.042320	0.467294
1621001	1622000	1621501	391.0	0.042842	0.095325
1622001	1623000	1622501	411.0	0.043365	0.167295
1623001	1624000	1623501	318.0	0.043887	-0.202817
1624001	1625000	1624501	294.0	0.044410	-0.316027
1625001	1626000	1625501	341.0	0.044932	-0.102072
1626001	1627000	1626501	387.0	0.045455	0.080490
1627001	1628000	1627501	321.0	0.045977	-0.189270
1628001	1629000	1628501	299.0	0.046499	-0.291698
1629001	1630000	1629501	430.0	0.047022	0.232493
1630001	1631000	1630501	458.0	0.047544	0.323504
1631001	1632000	1631501	377.0	0.048067	0.042721
1632001	1633000	1632501	321.0	0.048589	-0.189270
1633001	1634000	1633501	404.0	0.049112	0.142512
1634001	1635000	1634501	408.0	0.049634	0.156726
1635001	1636000	1635501	439.0	0.050157	0.262377
1636001	1637000	1636501	375.0	0.050679	0.035047
1637001	1638000	1637501	344.0	0.051202	-0.089435
1638001	1639000	1638501	389.0	0.051724	0.087927
1639001	1640000	1639501	365.0	0.052247	-0.003947
1640001	1641000	1640501	386.0	0.052769	0.076757
1641001	1642000	1641501	319.0	0.053292	-0.198287
1642001	1643000	1642501	318.0	0.053814	-0.202817
1643001	1644000	1643501	329.0	0.054336	-0.153756
1644001	1645000	1644501	355.0	0.054859	-0.044025
1645001	1646000	1645501	325.0	0.055381	-0.171404
1646001	1647000	1646501	376.0	0.055904	0.038889
1647001	1648000	1647501	453.0	0.056426	0.307667
1648001	1649000	1648501	406.0	0.056949	0.149636
1649001	1650000	1649501	389.0	0.057471	0.087927
1650001	1651000	1650501	387.0	0.057994	0.080490
1651001	1652000	1651501	404.0	0.058516	0.142512
1652001	1653000	1652501	332.0	0.059039	-0.140660
1653001	1654000	1653501	352.0	0.059561	-0.056268
1654001	1655000	1654501	401.0	0.060084	0.131759
1655001	1656000	1655501	407.0	0.060606	0.153185
1656001	1657000	1656501	361.0	0.061129	-0.019845
1657001	1658000	1657501	346.0	0.061651	-0.081072
1658001	1659000	1658501	385.0	0.062173	0.073015
1659001	1660000	1659501	361.0	0.062696	-0.019845
1660001	1661000	1660501	395.0	0.063218	0.110009
1661001	1662000	1661501	355.0	0.063741	-0.044025
1662001	1663000	1662501	331.0	0.064263	-0.145012
1663001	1664000	1663501	327.0	0.064786	-0.162553
1664001	1665000	1664501	319.0	0.065308	-0.198287
1665001	1666000	1665501	405.0	0.065831	0.146078
1666001	1667000	1666501	370.0	0.066353	0.015682
1667001	1668000	1667501	474.0	0.066876	0.373043
1668001	1669000	1668501	398.0	0.067398	0.120925
1669001	1670000	1669501	421.0	0.067921	0.201977
1670001	1671000	1670501	427.0	0.068443	0.222392
1671001	1672000	1671501	414.0	0.068966	0.177787
1672001	1673000	1672501	250.0	0.069488	-0.549916
1673001	1674000	1673501	45.0	0.070010	-3.023847
1674001	1675000	1674501	41.0	0.070533	-3.158148
1675001	1676000	1675501	37.0	0.071055	-3.306246
1676001	1677000	1676501	44.0	0.071578	-3.056268
1677001	1678000	1677501	33.0	0.072100	-3.471306
1678001	1679000	1678501	56.0	0.072623	-2.708345
1679001	1680000	1679501	82.0	0.073145	-2.158148
1680001	1681000	1680501	30.0	0.073668	-3.608809
1681001	1682000	1681501	23.0	0.074190	-3.992138
1682001	1683000	1682501	34.0	0.074713	-3.428237
1683001	1684000	1683501	43.0	0.075235	-3.089435
1684001	1685000	1684501	50.0	0.075758	-2.871844
1685001	1686000	1685501	51.0	0.076280	-2.843274
1686001	1687000	1686501	38.0	0.076803	-3.267772
1687001	1688000	1687501	27.0	0.077325	-3.760812
1688001	1689000	1688501	28.0	0.077847	-3.708345
1689001	1690000	1689501	30.0	0.078370	-3.608809
1690001	1691000	1690501	35.0	0.078892	-3.386417
1691001	1692000	1691501	31.0	0.079415	-3.561504
1692001	1693000	1692501	35.0	0.079937	-3.386417
1693001	1694000	1693501	34.0	0.080460	-3.428237
1694001	1695000	1694501	29.0	0.080982	-3.657719
1695001	1696000	1695501	30.0	0.081505	-3.608809
1696001	1697000	1696501	26.0	0.082027	-3.815260
1697001	1698000	1697501	37.0	0.082550	-3.306246
1698001	1699000	1698501	40.0	0.083072	-3.193772
1699001	1700000	1699501	25.0	0.083595	-3.871844
1700001	1701000	1700501	39.0	0.084117	-3.230298
1701001	1702000	1701501	35.0	0.084639	-3.386417
1702001	1703000	1702501	31.0	0.085162	-3.561504
1703001	1704000	1703501	35.0	0.085684	-3.386417
1704001	1705000	1704501	26.0	0.086207	-3.815260
1705001	1706000	1705501	25.0	0.086729	-3.871844
1706001	1707000	1706501	29.0	0.087252	-3.657719
1707001	1708000	1707501	25.0	0.087774	-3.871844
1708001	1709000	1708501	30.0	0.088297	-3.608809
1709001	1710000	1709501	41.0	0.088819	-3.158148
1710001	1711000	1710501	40.0	0.089342	-3.193772
1711001	1712000	1711501	32.0	0.089864	-3.515700
1712001	1713000	1712501	40.0	0.090387	-3.193772
1713001	1714000	1713501	35.0	0.090909	-3.386417
1714001	1715000	1714501	29.0	0.091432	-3.657719
1715001	1716000	1715501	27.0	0.091954	-3.760812
1716001	1717000	1716501	38.0	0.092476	-3.267772
1717001	1718000	1717501	18.0	0.092999	-4.345775
1718001	1719000	1718501	26.0	0.093521	-3.815260
1719001	1720000	1719501	33.0	0.094044	-3.471306
1720001	1721000	1720501	36.0	0.094566	-3.345775
1721001	1722000	1721501	30.0	0.095089	-3.608809
1722001	1723000	1722501	30.0	0.095611	-3.608809
1723001	1724000	1723501	31.0	0.096134	-3.561504
1724001	1725000	1724501	34.0	0.096656	-3.428237
1725001	1726000	1725501	33.0	0.097179	-3.471306
1726001	1727000	1726501	27.0	0.097701	-3.760812
1727001	1728000	1727501	25.0	0.098224	-3.871844
1728001	1729000	1728501	37.0	0.098746	-3.306246
1729001	1730000	1729501	38.0	0.099269	-3.267772
1730001	1731000	1730501	30.0	0.099791	-3.608809
1731001	1732000	1731501	49.0	0.100313	-2.900990
1732001	1733000	1732501	34.0	0.100836	-3.428237
1733001	1734000	1733501	29.0	0.101358	-3.657719
1734001	1735000	1734501	42.0	0.101881	-3.123382
1735001	1736000	1735501	36.0	0.102403	-3.345775
1736001	1737000	1736501	33.0	0.102926	-3.471306
1737001	1738000	1737501	37.0	0.103448	-3.306246
1738001	1739000	1738501	37.0	0.103971	-3.306246
1739001	1740000	1739501	58.0	0.104493	-2.657719
1740001	1741000	1740501	58.0	0.105016	-2.657719
1741001	1742000	1741501	36.0	0.105538	-3.345775
1742001	1743000	1742501	35.0	0.106061	-3.386417
1743001	1744000	1743501	47.0	0.106583	-2.961111
1744001	1745000	1744501	51.0	0.107106	-2.843274
1745001	1746000	1745501	40.0	0.107628	-3.193772
1746001	1747000	1746501	38.0	0.108150	-3.267772
1747001	1748000	1747501	38.0	0.108673	-3.267772
1748001	1749000	1748501	30.0	0.109195	-3.608809
1749001	1750000	1749501	34.0	0.109718	-3.428237
1750001	1751000	1750501	42.0	0.110240	-3.123382
1751001	1752000	1751501	45.0	0.110763	-3.023847
1752001	1753000	1752501	46.0	0.111285	-2.992138
1753001	1754000	1753501	52.0	0.111808	-2.815260
1754001	1755000	1754501	40.0	0.112330	-3.193772
1755001	1756000	1755501	24.0	0.112853	-3.930737
1756001	1757000	1756501	41.0	0.113375	-3.158148
1757001	1758000	1757501	55.0	0.113898	-2.734340
1758001	1759000	1758501	27.0	0.114420	-3.760812
1759001	1760000	1759501	36.0	0.114943	-3.345775
1760001	1761000	1760501	33.0	0.115465	-3.471306
1761001	1762000	1761501	27.0	0.115987	-3.760812
1762001	1763000	1762501	29.0	0.116510	-3.657719
1763001	1764000	1763501	37.0	0.117032	-3.306246
1764001	1765000	1764501	51.0	0.117555	-2.843274
1765001	1766000	1765501	47.0	0.118077	-2.961111
1766001	1767000	1766501	30.0	0.118600	-3.608809
1767001	1768000	1767501	37.0	0.119122	-3.306246
1768001	1769000	1768501	47.0	0.119645	-2.961111
1769001	1770000	1769501	44.0	0.120167	-3.056268
1770001	1771000	1770501	27.0	0.120690	-3.760812
1771001	1772000	1771501	46.0	0.121212	-2.992138
1772001	1773000	1772501	49.0	0.121735	-2.900990
1773001	1774000	1773501	47.0	0.122257	-2.961111
1774001	1775000	1774501	38.0	0.122780	-3.267772
1775001	1776000	1775501	89.0	0.123302	-2.039966
1776001	1777000	1776501	385.0	0.123824	0.073015
1777001	1778000	1777501	608.0	0.124347	0.732228
1778001	1779000	1778501	457.0	0.124869	0.320351
1779001	1780000	1779501	446.0	0.125392	0.285200
1780001	1781000	1780501	498.0	0.125914	0.444302
1781001	1782000	1781501	413.0	0.126437	0.174298
1782001	1783000	1782501	488.0	0.126959	0.415037
1783001	1784000	1783501	543.0	0.127482	0.569109
1784001	1785000	1784501	494.0	0.128004	0.432667
1785001	1786000	1785501	467.0	0.128527	0.351579
1786001	1787000	1786501	440.0	0.129049	0.265660
1787001	1788000	1787501	508.0	0.129572	0.472985
1788001	1789000	1788501	543.0	0.130094	0.569109
1789001	1790000	1789501	391.0	0.130617	0.095325
1790001	1791000	1790501	323.0	0.131139	-0.180309
1791001	1792000	1791501	331.0	0.131661	-0.145012
1792001	1793000	1792501	340.0	0.132184	-0.106309
1793001	1794000	1793501	369.0	0.132706	0.011777
1794001	1795000	1794501	393.0	0.133229	0.102686
1795001	1796000	1795501	380.0	0.133751	0.054156
1796001	1797000	1796501	351.0	0.134274	-0.060373
1797001	1798000	1797501	298.0	0.134796	-0.296531
1798001	1799000	1798501	355.0	0.135319	-0.044025
1799001	1800000	1799501	378.0	0.135841	0.046543
1800001	1801000	1800501	386.0	0.136364	0.076757
1801001	1802000	1801501	351.0	0.136886	-0.060373
1802001	1803000	1802501	374.0	0.137409	0.031195
1803001	1804000	1803501	351.0	0.137931	-0.060373
1804001	1805000	1804501	366.0	0.138454	0.000000
1805001	1806000	1805501	393.0	0.138976	0.102686
1806001	1807000	1806501	420.0	0.139498	0.198546
1807001	1808000	1807501	404.0	0.140021	0.142512
1808001	1809000	1808501	378.0	0.140543	0.046543
1809001	1810000	1809501	345.0	0.141066	-0.085247
1810001	1811000	1810501	385.0	0.141588	0.073015
1811001	1812000	1811501	395.0	0.142111	0.110009
1812001	1813000	1812501	385.0	0.142633	0.073015
1813001	1814000	1813501	398.0	0.143156	0.120925
1814001	1815000	1814501	411.0	0.143678	0.167295
1815001	1816000	1815501	379.0	0.144201	0.050354
1816001	1817000	1816501	353.0	0.144723	-0.052175
1817001	1818000	1817501	350.0	0.145246	-0.064489
1818001	1819000	1818501	341.0	0.145768	-0.102072
1819001	1820000	1819501	292.0	0.146290	-0.325875
1820001	1821000	1820501	390.0	0.146813	0.091630
1821001	1822000	1821501	376.0	0.147335	0.038889
1822001	1823000	1822501	314.0	0.147858	-0.221079
1823001	1824000	1823501	353.0	0.148380	-0.052175
1824001	1825000	1824501	386.0	0.148903	0.076757
1825001	1826000	1825501	385.0	0.149425	0.073015
1826001	1827000	1826501	371.0	0.149948	0.019576
1827001	1828000	1827501	382.0	0.150470	0.061729
1828001	1829000	1828501	361.0	0.150993	-0.019845
1829001	1830000	1829501	402.0	0.151515	0.135352
1830001	1831000	1830501	368.0	0.152038	0.007862
1831001	1832000	1831501	402.0	0.152560	0.135352
1832001	1833000	1832501	433.0	0.153083	0.242523
1833001	1834000	1833501	322.0	0.153605	-0.184783
1834001	1835000	1834501	371.0	0.154127	0.019576
1835001	1836000	1835501	389.0	0.154650	0.087927
1836001	1837000	1836501	451.0	0.155172	0.301284
1837001	1838000	1837501	461.0	0.155695	0.332923
1838001	1839000	1838501	417.0	0.156217	0.188204
1839001	1840000	1839501	337.0	0.156740	-0.119095
1840001	1841000	1840501	370.0	0.157262	0.015682
1841001	1842000	1841501	453.0	0.157785	0.307667
1842001	1843000	1842501	376.0	0.158307	0.038889
1843001	1844000	1843501	392.0	0.158830	0.099010
1844001	1845000	1844501	362.0	0.159352	-0.015854
1845001	1846000	1845501	341.0	0.159875	-0.102072
1846001	1847000	1846501	374.0	0.160397	0.031195
1847001	1848000	1847501	320.0	0.160920	-0.193772
1848001	1849000	1848501	353.0	0.161442	-0.052175
1849001	1850000	1849501	326.0	0.161964	-0.166972
1850001	1851000	1850501	357.0	0.162487	-0.035920
1851001	1852000	1851501	345.0	0.163009	-0.085247
1852001	1853000	1852501	409.0	0.163532	0.160257
1853001	1854000	1853501	370.0	0.164054	0.015682
1854001	1855000	1854501	338.0	0.164577	-0.114820
1855001	1856000	1855501	321.0	0.165099	-0.189270
1856001	1857000	1856501	346.0	0.165622	-0.081072
1857001	1858000	1857501	417.0	0.166144	0.188204
1858001	1859000	1858501	287.0	0.166667	-0.350793
1859001	1860000	1859501	333.0	0.167189	-0.136321
1860001	1861000	1860501	367.0	0.167712	0.003936
1861001	1862000	1861501	356.0	0.168234	-0.039966
1862001	1863000	1862501	314.0	0.168757	-0.221079
1863001	1864000	1863501	447.0	0.169279	0.288431
1864001	1865000	1864501	484.0	0.169801	0.403163
1865001	1866000	1865501	389.0	0.170324	0.087927
1866001	1867000	1866501	361.0	0.170846	-0.019845
1867001	1868000	1867501	446.0	0.171369	0.285200
1868001	1869000	1868501	443.0	0.171891	0.275463
1869001	1870000	1869501	352.0	0.172414	-0.056268
1870001	1871000	1870501	410.0	0.172936	0.163780
1871001	1872000	1871501	352.0	0.173459	-0.056268
1872001	1873000	1872501	511.0	0.173981	0.481480
1873001	1874000	1873501	460.0	0.174504	0.329790
1874001	1875000	1874501	409.0	0.175026	0.160257
1875001	1876000	1875501	526.0	0.175549	0.523219
1876001	1877000	1876501	654.0	0.176071	0.837447
1877001	1878000	1877501	410.0	0.176594	0.163780
1878001	1879000	1878501	332.0	0.177116	-0.140660
1879001	1880000	1879501	321.0	0.177638	-0.189270
1880001	1881000	1880501	301.0	0.178161	-0.282080
1881001	1882000	1881501	396.0	0.178683	0.113657
1882001	1883000	1882501	420.0	0.179206	0.198546
1883001	1884000	1883501	345.0	0.179728	-0.085247
1884001	1885000	1884501	371.0	0.180251	0.019576
1885001	1886000	1885501	416.0	0.180773	0.184740
1886001	1887000	1886501	351.0	0.181296	-0.060373
1887001	1888000	1887501	388.0	0.181818	0.084213
1888001	1889000	1888501	464.0	0.182341	0.342281
1889001	1890000	1889501	418.0	0.182863	0.191659
1890001	1891000	1890501	362.0	0.183386	-0.015854
1891001	1892000	1891501	391.0	0.183908	0.095325
1892001	1893000	1892501	344.0	0.184431	-0.089435
1893001	1894000	1893501	371.0	0.184953	0.019576
1894001	1895000	1894501	304.0	0.185475	-0.267772
1895001	1896000	1895501	358.0	0.185998	-0.031884
1896001	1897000	1896501	419.0	0.186520	0.195107
1897001	1898000	1897501	305.0	0.187043	-0.263034
1898001	1899000	1898501	426.0	0.187565	0.219010
1899001	1900000	1899501	388.0	0.188088	0.084213
1900001	1901000	1900501	400.0	0.188610	0.128156
1901001	1902000	1901501	386.0	0.189133	0.076757
1902001	1903000	1902501	376.0	0.189655	0.038889
1903001	1904000	1903501	382.0	0.190178	0.061729
1904001	1905000	1904501	350.0	0.190700	-0.064489
1905001	1906000	1905501	360.0	0.191223	-0.023847
1906001	1907000	1906501	350.0	0.191745	-0.064489
1907001	1908000	1907501	343.0	0.192268	-0.093635
1908001	1909000	1908501	364.0	0.192790	-0.007905
1909001	1910000	1909501	318.0	0.193312	-0.202817
1910001	1911000	1910501	374.0	0.193835	0.031195
1911001	1912000	1911501	418.0	0.194357	0.191659
1912001	1913000	1912501	408.0	0.194880	0.156726
1913001	1914000	1913501	336.0	0.195402	-0.123382
1914001	1915000	1914501	326.0	0.195925	-0.166972
1915001	1916000	1915501	289.0	0.196447	-0.340774
1916001	1917000	1916501	461.0	0.196970	0.332923
1917001	1918000	1917501	425.0	0.197492	0.215619
1918001	1919000	1918501	412.0	0.198015	0.170801
1919001	1920000	1919501	338.0	0.198537	-0.114820
1920001	1921000	1920501	331.0	0.199060	-0.145012
1921001	1922000	1921501	329.0	0.199582	-0.153756
1922001	1923000	1922501	324.0	0.200104	-0.175850
1923001	1924000	1923501	315.0	0.200627	-0.216492
1924001	1925000	1924501	310.0	0.201149	-0.239575
1925001	1926000	1925501	320.0	0.201672	-0.193772
1926001	1927000	1926501	381.0	0.202194	0.057947
1927001	1928000	1927501	346.0	0.202717	-0.081072
1928001	1929000	1928501	408.0	0.203239	0.156726
1929001	1930000	1929501	348.0	0.203762	-0.072756
1930001	1931000	1930501	266.0	0.204284	-0.460417
1931001	1932000	1931501	366.0	0.204807	0.000000
1932001	1933000	1932501	292.0	0.205329	-0.325875
1933001	1934000	1933501	346.0	0.205852	-0.081072
1934001	1935000	1934501	340.0	0.206374	-0.106309
1935001	1936000	1935501	362.0	0.206897	-0.015854
1936001	1937000	1936501	376.0	0.207419	0.038889
1937001	1938000	1937501	346.0	0.207941	-0.081072
1938001	1939000	1938501	389.0	0.208464	0.087927
1939001	1940000	1939501	336.0	0.208986	-0.123382
1940001	1941000	1940501	347.0	0.209509	-0.076908
1941001	1942000	1941501	319.0	0.210031	-0.198287
1942001	1943000	1942501	378.0	0.210554	0.046543
1943001	1944000	1943501	386.0	0.211076	0.076757
1944001	1945000	1944501	407.0	0.211599	0.153185
1945001	1946000	1945501	391.0	0.212121	0.095325
1946001	1947000	1946501	468.0	0.212644	0.354665
1947001	1948000	1947501	393.0	0.213166	0.102686
1948001	1949000	1948501	325.0	0.213689	-0.171404
1949001	1950000	1949501	320.0	0.214211	-0.193772
1950001	1951000	1950501	300.0	0.214734	-0.286881
1951001	1952000	1951501	333.0	0.215256	-0.136321
1952001	1953000	1952501	266.0	0.215778	-0.460417
1953001	1954000	1953501	495.0	0.216301	0.435585
1954001	1955000	1954501	423.0	0.216823	0.208814
1955001	1956000	1955501	353.0	0.217346	-0.052175
1956001	1957000	1956501	398.0	0.217868	0.120925
1957001	1958000	1957501	451.0	0.218391	0.301284
1958001	1959000	1958501	402.0	0.218913	0.135352
1959001	1960000	1959501	402.0	0.219436	0.135352
1960001	1961000	1960501	426.0	0.219958	0.219010
1961001	1962000	1961501	401.0	0.220481	0.131759
1962001	1963000	1962501	348.0	0.221003	-0.072756
1963001	1964000	1963501	352.0	0.221526	-0.056268
1964001	1965000	1964501	303.0	0.222048	-0.272526
1965001	1966000	1965501	317.0	0.222571	-0.207361
1966001	1967000	1966501	363.0	0.223093	-0.011874
1967001	1968000	1967501	421.0	0.223615	0.201977
1968001	1969000	1968501	368.0	0.224138	0.007862
1969001	1970000	1969501	429.0	0.224660	0.229134
1970001	1971000	1970501	373.0	0.225183	0.027332
1971001	1972000	1971501	323.0	0.225705	-0.180309
1972001	1973000	1972501	315.0	0.226228	-0.216492
1973001	1974000	1973501	367.0	0.226750	0.003936
1974001	1975000	1974501	382.0	0.227273	0.061729
1975001	1976000	1975501	385.0	0.227795	0.073015
1976001	1977000	1976501	373.0	0.228318	0.027332
1977001	1978000	1977501	422.0	0.228840	0.205399
1978001	1979000	1978501	435.0	0.229363	0.249172
1979001	1980000	1979501	352.0	0.229885	-0.056268
1980001	1981000	1980501	375.0	0.230408	0.035047
1981001	1982000	1981501	284.0	0.230930	-0.365953
1982001	1983000	1982501	310.0	0.231452	-0.239575
1983001	1984000	1983501	296.0	0.231975	-0.306246
1984001	1985000	1984501	311.0	0.232497	-0.234929
1985001	1986000	1985501	324.0	0.233020	-0.175850
1986001	1987000	1986501	369.0	0.233542	0.011777
1987001	1988000	1987501	403.0	0.234065	0.138936
1988001	1989000	1988501	422.0	0.234587	0.205399
1989001	1990000	1989501	378.0	0.235110	0.046543
1990001	1991000	1990501	470.0	0.235632	0.360817
1991001	1992000	1991501	330.0	0.236155	-0.149378
1992001	1993000	1992501	318.0	0.236677	-0.202817
1993001	1994000	1993501	379.0	0.237200	0.050354
1994001	1995000	1994501	414.0	0.237722	0.177787
1995001	1996000	1995501	379.0	0.238245	0.050354
1996001	1997000	1996501	364.0	0.238767	-0.007905
1997001	1998000	1997501	337.0	0.239289	-0.119095
1998001	1999000	1998501	322.0	0.239812	-0.184783
1999001	2000000	1999501	450.0	0.240334	0.298081
2000001	2001000	2000501	365.0	0.240857	-0.003947
2001001	2002000	2001501	381.0	0.241379	0.057947
2002001	2003000	2002501	324.0	0.241902	-0.175850
2003001	2004000	2003501	371.0	0.242424	0.019576
2004001	2005000	2004501	435.0	0.242947	0.249172
2005001	2006000	2005501	319.0	0.243469	-0.198287
2006001	2007000	2006501	383.0	0.243992	0.065501
2007001	2008000	2007501	352.0	0.244514	-0.056268
2008001	2009000	2008501	352.0	0.245037	-0.056268
2009001	2010000	2009501	361.0	0.245559	-0.019845
2010001	2011000	2010501	387.0	0.246082	0.080490
2011001	2012000	2011501	407.0	0.246604	0.153185
2012001	2013000	2012501	449.0	0.247126	0.294872
2013001	2014000	2013501	488.0	0.247649	0.415037
2014001	2015000	2014501	395.0	0.248171	0.110009
2015001	2016000	2015501	384.0	0.248694	0.069263
2016001	2017000	2016501	388.0	0.249216	0.084213
2017001	2018000	2017501	369.0	0.249739	0.011777
2018001	2019000	2018501	365.0	0.250261	-0.003947
2019001	2020000	2019501	351.0	0.250784	-0.060373
2020001	2021000	2020501	419.0	0.251306	0.195107
2021001	2022000	2021501	371.0	0.251829	0.019576
2022001	2023000	2022501	387.0	0.252351	0.080490
2023001	2024000	2023501	352.0	0.252874	-0.056268
2024001	2025000	2024501	342.0	0.253396	-0.097847
2025001	2026000	2025501	400.0	0.253918	0.128156
2026001	2027000	2026501	479.0	0.254441	0.388182
2027001	2028000	2027501	341.0	0.254963	-0.102072
2028001	2029000	2028501	401.0	0.255486	0.131759
2029001	2030000	2029501	367.0	0.256008	0.003936
2030001	2031000	2030501	367.0	0.256531	0.003936
2031001	2032000	2031501	340.0	0.257053	-0.106309
2032001	2033000	2032501	317.0	0.257576	-0.207361
2033001	2034000	2033501	341.0	0.258098	-0.102072
2034001	2035000	2034501	465.0	0.258621	0.345387
2035001	2036000	2035501	379.0	0.259143	0.050354
2036001	2037000	2036501	365.0	0.259666	-0.003947
2037001	2038000	2037501	297.0	0.260188	-0.301381
2038001	2039000	2038501	357.0	0.260711	-0.035920
2039001	2040000	2039501	360.0	0.261233	-0.023847
2040001	2041000	2040501	365.0	0.261755	-0.003947
2041001	2042000	2041501	377.0	0.262278	0.042721
2042001	2043000	2042501	340.0	0.262800	-0.106309
2043001	2044000	2043501	320.0	0.263323	-0.193772
2044001	2045000	2044501	296.0	0.263845	-0.306246
2045001	2046000	2045501	397.0	0.264368	0.117295
2046001	2047000	2046501	409.0	0.264890	0.160257
2047001	2048000	2047501	352.0	0.265413	-0.056268
2048001	2049000	2048501	442.0	0.265935	0.272203
2049001	2050000	2049501	460.0	0.266458	0.329790
2050001	2051000	2050501	428.0	0.266980	0.225767
2051001	2052000	2051501	421.0	0.267503	0.201977
2052001	2053000	2052501	378.0	0.268025	0.046543
2053001	2054000	2053501	407.0	0.268548	0.153185
2054001	2055000	2054501	337.0	0.269070	-0.119095
2055001	2056000	2055501	367.0	0.269592	0.003936
2056001	2057000	2056501	384.0	0.270115	0.069263
2057001	2058000	2057501	482.0	0.270637	0.397189
2058001	2059000	2058501	456.0	0.271160	0.317190
2059001	2060000	2059501	447.0	0.271682	0.288431
2060001	2061000	2060501	445.0	0.272205	0.281962
2061001	2062000	2061501	306.0	0.272727	-0.258312
2062001	2063000	2062501	431.0	0.273250	0.235844
2063001	2064000	2063501	410.0	0.273772	0.163780
2064001	2065000	2064501	378.0	0.274295	0.046543
2065001	2066000	2065501	373.0	0.274817	0.027332
2066001	2067000	2066501	330.0	0.275340	-0.149378
2067001	2068000	2067501	359.0	0.275862	-0.027860
2068001	2069000	2068501	373.0	0.276385	0.027332
2069001	2070000	2069501	404.0	0.276907	0.142512
2070001	2071000	2070501	373.0	0.277429	0.027332
2071001	2072000	2071501	525.0	0.277952	0.520474
2072001	2073000	2072501	347.0	0.278474	-0.076908
2073001	2074000	2073501	357.0	0.278997	-0.035920
2074001	2075000	2074501	370.0	0.279519	0.015682
2075001	2076000	2075501	337.0	0.280042	-0.119095
2076001	2077000	2076501	443.0	0.280564	0.275463
2077001	2078000	2077501	351.0	0.281087	-0.060373
2078001	2079000	2078501	341.0	0.281609	-0.102072
2079001	2080000	2079501	399.0	0.282132	0.124545
2080001	2081000	2080501	345.0	0.282654	-0.085247
2081001	2082000	2081501	330.0	0.283177	-0.149378
2082001	2083000	2082501	369.0	0.283699	0.011777
2083001	2084000	2083501	368.0	0.284222	0.007862
2084001	2085000	2084501	304.0	0.284744	-0.267772
2085001	2086000	2085501	310.0	0.285266	-0.239575
2086001	2087000	2086501	339.0	0.285789	-0.110558
2087001	2088000	2087501	272.0	0.286311	-0.428237
2088001	2089000	2088501	274.0	0.286834	-0.417668
2089001	2090000	2089501	316.0	0.287356	-0.211919
2090001	2091000	2090501	387.0	0.287879	0.080490
2091001	2092000	2091501	308.0	0.288401	-0.248913
2092001	2093000	2092501	344.0	0.288924	-0.089435
2093001	2094000	2093501	302.0	0.289446	-0.277295
2094001	2095000	2094501	344.0	0.289969	-0.089435
2095001	2096000	2095501	387.0	0.290491	0.080490
2096001	2097000	2096501	353.0	0.291014	-0.052175
2097001	2098000	2097501	360.0	0.291536	-0.023847
2098001	2099000	2098501	378.0	0.292059	0.046543
2099001	2100000	2099501	369.0	0.292581	0.011777
2100001	2101000	2100501	357.0	0.293103	-0.035920
2101001	2102000	2101501	326.0	0.293626	-0.166972
2102001	2103000	2102501	349.0	0.294148	-0.068617
2103001	2104000	2103501	319.0	0.294671	-0.198287
2104001	2105000	2104501	309.0	0.295193	-0.244237
2105001	2106000	2105501	292.0	0.295716	-0.325875
2106001	2107000	2106501	311.0	0.296238	-0.234929
2107001	2108000	2107501	335.0	0.296761	-0.127683
2108001	2109000	2108501	384.0	0.297283	0.069263
2109001	2110000	2109501	383.0	0.297806	0.065501
2110001	2111000	2110501	409.0	0.298328	0.160257
2111001	2112000	2111501	339.0	0.298851	-0.110558
2112001	2113000	2112501	335.0	0.299373	-0.127683
2113001	2114000	2113501	375.0	0.299896	0.035047
2114001	2115000	2114501	429.0	0.300418	0.229134
2115001	2116000	2115501	362.0	0.300940	-0.015854
2116001	2117000	2116501	369.0	0.301463	0.011777
2117001	2118000	2117501	413.0	0.301985	0.174298
2118001	2119000	2118501	392.0	0.302508	0.099010
2119001	2120000	2119501	333.0	0.303030	-0.136321
2120001	2121000	2120501	281.0	0.303553	-0.381274
2121001	2122000	2121501	363.0	0.304075	-0.011874
2122001	2123000	2122501	264.0	0.304598	-0.471306
2123001	2124000	2123501	325.0	0.305120	-0.171404
2124001	2125000	2124501	384.0	0.305643	0.069263
2125001	2126000	2125501	362.0	0.306165	-0.015854
2126001	2127000	2126501	333.0	0.306688	-0.136321
2127001	2128000	2127501	318.0	0.307210	-0.202817
2128001	2129000	2128501	343.0	0.307732	-0.093635
2129001	2130000	2129501	415.0	0.308255	0.181268
2130001	2131000	2130501	372.0	0.308777	0.023459
2131001	2132000	2131501	376.0	0.309300	0.038889
2132001	2133000	2132501	321.0	0.309822	-0.189270
2133001	2134000	2133501	513.0	0.310345	0.487115
2134001	2135000	2134501	447.0	0.310867	0.288431
2135001	2136000	2135501	394.0	0.311390	0.106352
2136001	2137000	2136501	426.0	0.311912	0.219010
2137001	2138000	2137501	459.0	0.312435	0.326651
2138001	2139000	2138501	458.0	0.312957	0.323504
2139001	2140000	2139501	406.0	0.313480	0.149636
2140001	2141000	2140501	329.0	0.314002	-0.153756
2141001	2142000	2141501	393.0	0.314525	0.102686
2142001	2143000	2142501	430.0	0.315047	0.232493
2143001	2144000	2143501	483.0	0.315569	0.400180
2144001	2145000	2144501	532.0	0.316092	0.539583
2145001	2146000	2145501	360.0	0.316614	-0.023847
2146001	2147000	2146501	354.0	0.317137	-0.048094
2147001	2148000	2147501	376.0	0.317659	0.038889
2148001	2149000	2148501	374.0	0.318182	0.031195
2149001	2150000	2149501	326.0	0.318704	-0.166972
2150001	2151000	2150501	303.0	0.319227	-0.272526
2151001	2152000	2151501	298.0	0.319749	-0.296531
2152001	2153000	2152501	347.0	0.320272	-0.076908
2153001	2154000	2153501	332.0	0.320794	-0.140660
2154001	2155000	2154501	441.0	0.321317	0.268935
2155001	2156000	2155501	416.0	0.321839	0.184740
2156001	2157000	2156501	387.0	0.322362	0.080490
2157001	2158000	2157501	372.0	0.322884	0.023459
2158001	2159000	2158501	399.0	0.323406	0.124545
2159001	2160000	2159501	379.0	0.323929	0.050354
2160001	2161000	2160501	304.0	0.324451	-0.267772
2161001	2162000	2161501	276.0	0.324974	-0.407175
2162001	2163000	2162501	310.0	0.325496	-0.239575
2163001	2164000	2163501	430.0	0.326019	0.232493
2164001	2165000	2164501	386.0	0.326541	0.076757
2165001	2166000	2165501	354.0	0.327064	-0.048094
2166001	2167000	2166501	316.0	0.327586	-0.211919
2167001	2168000	2167501	338.0	0.328109	-0.114820
2168001	2169000	2168501	388.0	0.328631	0.084213
2169001	2170000	2169501	408.0	0.329154	0.156726
2170001	2171000	2170501	351.0	0.329676	-0.060373
2171001	2172000	2171501	366.0	0.330199	0.000000
2172001	2173000	2172501	274.0	0.330721	-0.417668
2173001	2174000	2173501	333.0	0.331243	-0.136321
2174001	2175000	2174501	371.0	0.331766	0.019576
2175001	2176000	2175501	410.0	0.332288	0.163780
2176001	2177000	2176501	414.0	0.332811	0.177787
2177001	2178000	2177501	342.0	0.333333	-0.097847
2178001	2179000	2178501	293.0	0.333856	-0.320943
2179001	2180000	2179501	393.0	0.334378	0.102686
2180001	2181000	2180501	350.0	0.334901	-0.064489
2181001	2182000	2181501	353.0	0.335423	-0.052175
2182001	2183000	2182501	381.0	0.335946	0.057947
2183001	2184000	2183501	339.0	0.336468	-0.110558
2184001	2185000	2184501	380.0	0.336991	0.054156
2185001	2186000	2185501	356.0	0.337513	-0.039966
2186001	2187000	2186501	331.0	0.338036	-0.145012
2187001	2188000	2187501	332.0	0.338558	-0.140660
2188001	2189000	2188501	427.0	0.339080	0.222392
2189001	2190000	2189501	417.0	0.339603	0.188204
2190001	2191000	2190501	361.0	0.340125	-0.019845
2191001	2192000	2191501	342.0	0.340648	-0.097847
2192001	2193000	2192501	394.0	0.341170	0.106352
2193001	2194000	2193501	345.0	0.341693	-0.085247
2194001	2195000	2194501	344.0	0.342215	-0.089435
2195001	2196000	2195501	362.0	0.342738	-0.015854
2196001	2197000	2196501	373.0	0.343260	0.027332
2197001	2198000	2197501	341.0	0.343783	-0.102072
2198001	2199000	2198501	335.0	0.344305	-0.127683
2199001	2200000	2199501	369.0	0.344828	0.011777
2200001	2201000	2200501	418.0	0.345350	0.191659
2201001	2202000	2201501	332.0	0.345873	-0.140660
2202001	2203000	2202501	430.0	0.346395	0.232493
2203001	2204000	2203501	409.0	0.346917	0.160257
2204001	2205000	2204501	310.0	0.347440	-0.239575
2205001	2206000	2205501	391.0	0.347962	0.095325
2206001	2207000	2206501	387.0	0.348485	0.080490
2207001	2208000	2207501	410.0	0.349007	0.163780
2208001	2209000	2208501	483.0	0.349530	0.400180
2209001	2210000	2209501	341.0	0.350052	-0.102072
2210001	2211000	2210501	426.0	0.350575	0.219010
2211001	2212000	2211501	378.0	0.351097	0.046543
2212001	2213000	2212501	422.0	0.351620	0.205399
2213001	2214000	2213501	421.0	0.352142	0.201977
2214001	2215000	2214501	382.0	0.352665	0.061729
2215001	2216000	2215501	440.0	0.353187	0.265660
2216001	2217000	2216501	363.0	0.353710	-0.011874
2217001	2218000	2217501	430.0	0.354232	0.232493
2218001	2219000	2218501	407.0	0.354754	0.153185
2219001	2220000	2219501	452.0	0.355277	0.304479
2220001	2221000	2220501	444.0	0.355799	0.278716
2221001	2222000	2221501	413.0	0.356322	0.174298
2222001	2223000	2222501	504.0	0.356844	0.461580
2223001	2224000	2223501	327.0	0.357367	-0.162553
2224001	2225000	2224501	324.0	0.357889	-0.175850
2225001	2226000	2225501	474.0	0.358412	0.373043
2226001	2227000	2226501	434.0	0.358934	0.245851
2227001	2228000	2227501	472.0	0.359457	0.366943
2228001	2229000	2228501	332.0	0.359979	-0.140660
2229001	2230000	2229501	400.0	0.360502	0.128156
2230001	2231000	2230501	381.0	0.361024	0.057947
2231001	2232000	2231501	297.0	0.361546	-0.301381
2232001	2233000	2232501	388.0	0.362069	0.084213
2233001	2234000	2233501	545.0	0.362591	0.574413
2234001	2235000	2234501	450.0	0.363114	0.298081
2235001	2236000	2235501	485.0	0.363636	0.406141
2236001	2237000	2236501	562.0	0.364159	0.618726
2237001	2238000	2237501	459.0	0.364681	0.326651
2238001	2239000	2238501	509.0	0.365204	0.475822
2239001	2240000	2239501	436.0	0.365726	0.252484
2240001	2241000	2240501	476.0	0.366249	0.379118
2241001	2242000	2241501	445.0	0.366771	0.281962
2242001	2243000	2242501	396.0	0.367294	0.113657
2243001	2244000	2243501	422.0	0.367816	0.205399
2244001	2245000	2244501	372.0	0.368339	0.023459
2245001	2246000	2245501	326.0	0.368861	-0.166972
2246001	2247000	2246501	461.0	0.369383	0.332923
2247001	2248000	2247501	393.0	0.369906	0.102686
2248001	2249000	2248501	381.0	0.370428	0.057947
2249001	2250000	2249501	447.0	0.370951	0.288431
2250001	2251000	2250501	370.0	0.371473	0.015682
2251001	2252000	2251501	407.0	0.371996	0.153185
2252001	2253000	2252501	356.0	0.372518	-0.039966
2253001	2254000	2253501	351.0	0.373041	-0.060373
2254001	2255000	2254501	389.0	0.373563	0.087927
2255001	2256000	2255501	384.0	0.374086	0.069263
2256001	2257000	2256501	376.0	0.374608	0.038889
2257001	2258000	2257501	295.0	0.375131	-0.311129
2258001	2259000	2258501	298.0	0.375653	-0.296531
2259001	2260000	2259501	419.0	0.376176	0.195107
2260001	2261000	2260501	401.0	0.376698	0.131759
2261001	2262000	2261501	319.0	0.377220	-0.198287
2262001	2263000	2262501	369.0	0.377743	0.011777
2263001	2264000	2263501	318.0	0.378265	-0.202817
2264001	2265000	2264501	370.0	0.378788	0.015682
2265001	2266000	2265501	362.0	0.379310	-0.015854
2266001	2267000	2266501	363.0	0.379833	-0.011874
2267001	2268000	2267501	416.0	0.380355	0.184740
2268001	2269000	2268501	313.0	0.380878	-0.225681
2269001	2270000	2269501	338.0	0.381400	-0.114820
2270001	2271000	2270501	277.0	0.381923	-0.401958
2271001	2272000	2271501	259.0	0.382445	-0.498892
2272001	2273000	2272501	325.0	0.382968	-0.171404
2273001	2274000	2273501	397.0	0.383490	0.117295
2274001	2275000	2274501	420.0	0.384013	0.198546
2275001	2276000	2275501	363.0	0.384535	-0.011874
2276001	2277000	2276501	325.0	0.385057	-0.171404
2277001	2278000	2277501	395.0	0.385580	0.110009
2278001	2279000	2278501	395.0	0.386102	0.110009
2279001	2280000	2279501	385.0	0.386625	0.073015
2280001	2281000	2280501	378.0	0.387147	0.046543
2281001	2282000	2281501	361.0	0.387670	-0.019845
2282001	2283000	2282501	422.0	0.388192	0.205399
2283001	2284000	2283501	296.0	0.388715	-0.306246
2284001	2285000	2284501	294.0	0.389237	-0.316027
2285001	2286000	2285501	375.0	0.389760	0.035047
2286001	2287000	2286501	495.0	0.390282	0.435585
2287001	2288000	2287501	505.0	0.390805	0.464440
2288001	2289000	2288501	590.0	0.391327	0.688871
2289001	2290000	2289501	415.0	0.391850	0.181268
2290001	2291000	2290501	530.0	0.392372	0.534149
2291001	2292000	2291501	383.0	0.392894	0.065501
2292001	2293000	2292501	457.0	0.393417	0.320351
2293001	2294000	2293501	480.0	0.393939	0.391191
2294001	2295000	2294501	519.0	0.394462	0.503891
2295001	2296000	2295501	404.0	0.394984	0.142512
2296001	2297000	2296501	417.0	0.395507	0.188204
2297001	2298000	2297501	339.0	0.396029	-0.110558
2298001	2299000	2298501	454.0	0.396552	0.310849
2299001	2300000	2299501	349.0	0.397074	-0.068617
2300001	2301000	2300501	383.0	0.397597	0.065501
2301001	2302000	2301501	323.0	0.398119	-0.180309
2302001	2303000	2302501	333.0	0.398642	-0.136321
2303001	2304000	2303501	374.0	0.399164	0.031195
2304001	2305000	2304501	439.0	0.399687	0.262377
2305001	2306000	2305501	394.0	0.400209	0.106352
2306001	2307000	2306501	359.0	0.400731	-0.027860
2307001	2308000	2307501	436.0	0.401254	0.252484
2308001	2309000	2308501	491.0	0.401776	0.423879
2309001	2310000	2309501	407.0	0.402299	0.153185
2310001	2311000	2310501	323.0	0.402821	-0.180309
2311001	2312000	2311501	320.0	0.403344	-0.193772
2312001	2313000	2312501	367.0	0.403866	0.003936
2313001	2314000	2313501	398.0	0.404389	0.120925
2314001	2315000	2314501	372.0	0.404911	0.023459
2315001	2316000	2315501	363.0	0.405434	-0.011874
2316001	2317000	2316501	312.0	0.405956	-0.230298
2317001	2318000	2317501	309.0	0.406479	-0.244237
2318001	2319000	2318501	340.0	0.407001	-0.106309
2319001	2320000	2319501	363.0	0.407524	-0.011874
2320001	2321000	2320501	370.0	0.408046	0.015682
2321001	2322000	2321501	353.0	0.408568	-0.052175
2322001	2323000	2322501	359.0	0.409091	-0.027860
2323001	2324000	2323501	423.0	0.409613	0.208814
2324001	2325000	2324501	437.0	0.410136	0.255790
2325001	2326000	2325501	465.0	0.410658	0.345387
2326001	2327000	2326501	401.0	0.411181	0.131759
2327001	2328000	2327501	313.0	0.411703	-0.225681
2328001	2329000	2328501	389.0	0.412226	0.087927
2329001	2330000	2329501	359.0	0.412748	-0.027860
2330001	2331000	2330501	375.0	0.413271	0.035047
2331001	2332000	2331501	392.0	0.413793	0.099010
2332001	2333000	2332501	341.0	0.414316	-0.102072
2333001	2334000	2333501	302.0	0.414838	-0.277295
2334001	2335000	2334501	358.0	0.415361	-0.031884
2335001	2336000	2335501	332.0	0.415883	-0.140660
2336001	2337000	2336501	366.0	0.416405	0.000000
2337001	2338000	2337501	423.0	0.416928	0.208814
2338001	2339000	2338501	331.0	0.417450	-0.145012
2339001	2340000	2339501	334.0	0.417973	-0.131996
2340001	2341000	2340501	400.0	0.418495	0.128156
2341001	2342000	2341501	328.0	0.419018	-0.158148
2342001	2343000	2342501	332.0	0.419540	-0.140660
2343001	2344000	2343501	505.0	0.420063	0.464440
2344001	2345000	2344501	387.0	0.420585	0.080490
2345001	2346000	2345501	431.0	0.421108	0.235844
2346001	2347000	2346501	474.0	0.421630	0.373043
2347001	2348000	2347501	401.0	0.422153	0.131759
2348001	2349000	2348501	411.0	0.422675	0.167295
2349001	2350000	2349501	413.0	0.423197	0.174298
2350001	2351000	2350501	454.0	0.423720	0.310849
2351001	2352000	2351501	375.0	0.424242	0.035047
2352001	2353000	2352501	446.0	0.424765	0.285200
2353001	2354000	2353501	390.0	0.425287	0.091630
2354001	2355000	2354501	338.0	0.425810	-0.114820
2355001	2356000	2355501	395.0	0.426332	0.110009
2356001	2357000	2356501	335.0	0.426855	-0.127683
2357001	2358000	2357501	305.0	0.427377	-0.263034
2358001	2359000	2358501	362.0	0.427900	-0.015854
2359001	2360000	2359501	397.0	0.428422	0.117295
2360001	2361000	2360501	362.0	0.428945	-0.015854
2361001	2362000	2361501	294.0	0.429467	-0.316027
2362001	2363000	2362501	294.0	0.429990	-0.316027
2363001	2364000	2363501	382.0	0.430512	0.061729
2364001	2365000	2364501	390.0	0.431034	0.091630
2365001	2366000	2365501	288.0	0.431557	-0.345775
2366001	2367000	2366501	344.0	0.432079	-0.089435
2367001	2368000	2367501	356.0	0.432602	-0.039966
2368001	2369000	2368501	293.0	0.433124	-0.320943
2369001	2370000	2369501	323.0	0.433647	-0.180309
2370001	2371000	2370501	356.0	0.434169	-0.039966
2371001	2372000	2371501	559.0	0.434692	0.611005
2372001	2373000	2372501	387.0	0.435214	0.080490
2373001	2374000	2373501	338.0	0.435737	-0.114820
2374001	2375000	2374501	416.0	0.436259	0.184740
2375001	2376000	2375501	367.0	0.436782	0.003936
2376001	2377000	2376501	347.0	0.437304	-0.076908
2377001	2378000	2377501	330.0	0.437827	-0.149378
2378001	2379000	2378501	362.0	0.438349	-0.015854
2379001	2380000	2379501	426.0	0.438871	0.219010
2380001	2381000	2380501	363.0	0.439394	-0.011874
2381001	2382000	2381501	383.0	0.439916	0.065501
2382001	2383000	2382501	365.0	0.440439	-0.003947
2383001	2384000	2383501	393.0	0.440961	0.102686
2384001	2385000	2384501	441.0	0.441484	0.268935
2385001	2386000	2385501	326.0	0.442006	-0.166972
2386001	2387000	2386501	339.0	0.442529	-0.110558
2387001	2388000	2387501	449.0	0.443051	0.294872
2388001	2389000	2388501	493.0	0.443574	0.429744
2389001	2390000	2389501	403.0	0.444096	0.138936
2390001	2391000	2390501	377.0	0.444619	0.042721
2391001	2392000	2391501	334.0	0.445141	-0.131996
2392001	2393000	2392501	341.0	0.445664	-0.102072
2393001	2394000	2393501	369.0	0.446186	0.011777
2394001	2395000	2394501	361.0	0.446708	-0.019845
2395001	2396000	2395501	370.0	0.447231	0.015682
2396001	2397000	2396501	379.0	0.447753	0.050354
2397001	2398000	2397501	326.0	0.448276	-0.166972
2398001	2399000	2398501	356.0	0.448798	-0.039966
2399001	2400000	2399501	365.0	0.449321	-0.003947
2400001	2401000	2400501	354.0	0.449843	-0.048094
2401001	2402000	2401501	340.0	0.450366	-0.106309
2402001	2403000	2402501	378.0	0.450888	0.046543
2403001	2404000	2403501	452.0	0.451411	0.304479
2404001	2405000	2404501	343.0	0.451933	-0.093635
2405001	2406000	2405501	490.0	0.452456	0.420938
2406001	2407000	2406501	382.0	0.452978	0.061729
2407001	2408000	2407501	344.0	0.453501	-0.089435
2408001	2409000	2408501	344.0	0.454023	-0.089435
2409001	2410000	2409501	309.0	0.454545	-0.244237
2410001	2411000	2410501	347.0	0.455068	-0.076908
2411001	2412000	2411501	366.0	0.455590	0.000000
2412001	2413000	2412501	330.0	0.456113	-0.149378
2413001	2414000	2413501	314.0	0.456635	-0.221079
2414001	2415000	2414501	430.0	0.457158	0.232493
2415001	2416000	2415501	351.0	0.457680	-0.060373
2416001	2417000	2416501	361.0	0.458203	-0.019845
2417001	2418000	2417501	423.0	0.458725	0.208814
2418001	2419000	2418501	521.0	0.459248	0.509440
2419001	2420000	2419501	457.0	0.459770	0.320351
2420001	2421000	2420501	328.0	0.460293	-0.158148
2421001	2422000	2421501	412.0	0.460815	0.170801
2422001	2423000	2422501	347.0	0.461338	-0.076908
2423001	2424000	2423501	370.0	0.461860	0.015682
2424001	2425000	2424501	321.0	0.462382	-0.189270
2425001	2426000	2425501	319.0	0.462905	-0.198287
2426001	2427000	2426501	353.0	0.463427	-0.052175
2427001	2428000	2427501	360.0	0.463950	-0.023847
2428001	2429000	2428501	372.0	0.464472	0.023459
2429001	2430000	2429501	387.0	0.464995	0.080490
2430001	2431000	2430501	439.0	0.465517	0.262377
2431001	2432000	2431501	462.0	0.466040	0.336049
2432001	2433000	2432501	396.0	0.466562	0.113657
2433001	2434000	2433501	382.0	0.467085	0.061729
2434001	2435000	2434501	328.0	0.467607	-0.158148
2435001	2436000	2435501	312.0	0.468130	-0.230298
2436001	2437000	2436501	365.0	0.468652	-0.003947
2437001	2438000	2437501	338.0	0.469175	-0.114820
2438001	2439000	2438501	350.0	0.469697	-0.064489
2439001	2440000	2439501	418.0	0.470219	0.191659
2440001	2441000	2440501	403.0	0.470742	0.138936
2441001	2442000	2441501	353.0	0.471264	-0.052175
2442001	2443000	2442501	397.0	0.471787	0.117295
2443001	2444000	2443501	324.0	0.472309	-0.175850
2444001	2445000	2444501	374.0	0.472832	0.031195
2445001	2446000	2445501	429.0	0.473354	0.229134
2446001	2447000	2446501	428.0	0.473877	0.225767
2447001	2448000	2447501	381.0	0.474399	0.057947
2448001	2449000	2448501	390.0	0.474922	0.091630
2449001	2450000	2449501	444.0	0.475444	0.278716
2450001	2451000	2450501	493.0	0.475967	0.429744
2451001	2452000	2451501	363.0	0.476489	-0.011874
2452001	2453000	2452501	359.0	0.477011	-0.027860
2453001	2454000	2453501	323.0	0.477534	-0.180309
2454001	2455000	2454501	293.0	0.478056	-0.320943
2455001	2456000	2455501	348.0	0.478579	-0.072756
2456001	2457000	2456501	320.0	0.479101	-0.193772
2457001	2458000	2457501	322.0	0.479624	-0.184783
2458001	2459000	2458501	273.0	0.480146	-0.422943
2459001	2460000	2459501	252.0	0.480669	-0.538420
2460001	2461000	2460501	323.0	0.481191	-0.180309
2461001	2462000	2461501	374.0	0.481714	0.031195
2462001	2463000	2462501	418.0	0.482236	0.191659
2463001	2464000	2463501	411.0	0.482759	0.167295
2464001	2465000	2464501	354.0	0.483281	-0.048094
2465001	2466000	2465501	346.0	0.483804	-0.081072
2466001	2467000	2466501	361.0	0.484326	-0.019845
2467001	2468000	2467501	343.0	0.484848	-0.093635
2468001	2469000	2468501	288.0	0.485371	-0.345775
2469001	2470000	2469501	303.0	0.485893	-0.272526
2470001	2471000	2470501	390.0	0.486416	0.091630
2471001	2472000	2471501	328.0	0.486938	-0.158148
2472001	2473000	2472501	389.0	0.487461	0.087927
2473001	2474000	2473501	590.0	0.487983	0.688871
2474001	2475000	2474501	580.0	0.488506	0.664209
2475001	2476000	2475501	625.0	0.489028	0.772013
2476001	2477000	2476501	395.0	0.489551	0.110009
2477001	2478000	2477501	333.0	0.490073	-0.136321
2478001	2479000	2478501	314.0	0.490596	-0.221079
2479001	2480000	2479501	281.0	0.491118	-0.381274
2480001	2481000	2480501	330.0	0.491641	-0.149378
2481001	2482000	2481501	381.0	0.492163	0.057947
2482001	2483000	2482501	377.0	0.492685	0.042721
2483001	2484000	2483501	342.0	0.493208	-0.097847
2484001	2485000	2484501	381.0	0.493730	0.057947
2485001	2486000	2485501	340.0	0.494253	-0.106309
2486001	2487000	2486501	373.0	0.494775	0.027332
2487001	2488000	2487501	371.0	0.495298	0.019576
2488001	2489000	2488501	432.0	0.495820	0.239188
2489001	2490000	2489501	326.0	0.496343	-0.166972
2490001	2491000	2490501	370.0	0.496865	0.015682
2491001	2492000	2491501	343.0	0.497388	-0.093635
2492001	2493000	2492501	404.0	0.497910	0.142512
2493001	2494000	2493501	326.0	0.498433	-0.166972
2494001	2495000	2494501	344.0	0.498955	-0.089435
2495001	2496000	2495501	402.0	0.499478	0.135352
2496001	2497000	2496501	386.0	0.500000	0.076757
2497001	2498000	2497501	346.0	0.500522	-0.081072
2498001	2499000	2498501	376.0	0.501045	0.038889
2499001	2500000	2499501	366.0	0.501567	0.000000
2500001	2501000	2500501	363.0	0.502090	-0.011874
2501001	2502000	2501501	412.0	0.502612	0.170801
2502001	2503000	2502501	480.0	0.503135	0.391191
2503001	2504000	2503501	341.0	0.503657	-0.102072
2504001	2505000	2504501	375.0	0.504180	0.035047
2505001	2506000	2505501	431.0	0.504702	0.235844
2506001	2507000	2506501	348.0	0.505225	-0.072756
2507001	2508000	2507501	354.0	0.505747	-0.048094
2508001	2509000	2508501	330.0	0.506270	-0.149378
2509001	2510000	2509501	358.0	0.506792	-0.031884
2510001	2511000	2510501	387.0	0.507315	0.080490
2511001	2512000	2511501	395.0	0.507837	0.110009
2512001	2513000	2512501	263.0	0.508359	-0.476781
2513001	2514000	2513501	298.0	0.508882	-0.296531
2514001	2515000	2514501	327.0	0.509404	-0.162553
2515001	2516000	2515501	295.0	0.509927	-0.311129
2516001	2517000	2516501	298.0	0.510449	-0.296531
2517001	2518000	2517501	344.0	0.510972	-0.089435
2518001	2519000	2518501	310.0	0.511494	-0.239575
2519001	2520000	2519501	342.0	0.512017	-0.097847
2520001	2521000	2520501	260.0	0.512539	-0.493332
2521001	2522000	2521501	334.0	0.513062	-0.131996
2522001	2523000	2522501	287.0	0.513584	-0.350793
2523001	2524000	2523501	348.0	0.514107	-0.072756
2524001	2525000	2524501	393.0	0.514629	0.102686
2525001	2526000	2525501	301.0	0.515152	-0.282080
2526001	2527000	2526501	374.0	0.515674	0.031195
2527001	2528000	2527501	374.0	0.516196	0.031195
2528001	2529000	2528501	319.0	0.516719	-0.198287
2529001	2530000	2529501	401.0	0.517241	0.131759
2530001	2531000	2530501	409.0	0.517764	0.160257
2531001	2532000	2531501	586.0	0.518286	0.679057
2532001	2533000	2532501	451.0	0.518809	0.301284
2533001	2534000	2533501	406.0	0.519331	0.149636
2534001	2535000	2534501	393.0	0.519854	0.102686
2535001	2536000	2535501	327.0	0.520376	-0.162553
2536001	2537000	2536501	280.0	0.520899	-0.386417
2537001	2538000	2537501	337.0	0.521421	-0.119095
2538001	2539000	2538501	276.0	0.521944	-0.407175
2539001	2540000	2539501	319.0	0.522466	-0.198287
2540001	2541000	2540501	308.0	0.522989	-0.248913
2541001	2542000	2541501	331.0	0.523511	-0.145012
2542001	2543000	2542501	299.0	0.524033	-0.291698
2543001	2544000	2543501	410.0	0.524556	0.163780
2544001	2545000	2544501	353.0	0.525078	-0.052175
2545001	2546000	2545501	389.0	0.525601	0.087927
2546001	2547000	2546501	333.0	0.526123	-0.136321
2547001	2548000	2547501	372.0	0.526646	0.023459
2548001	2549000	2548501	475.0	0.527168	0.376084
2549001	2550000	2549501	329.0	0.527691	-0.153756
2550001	2551000	2550501	399.0	0.528213	0.124545
2551001	2552000	2551501	372.0	0.528736	0.023459
2552001	2553000	2552501	370.0	0.529258	0.015682
2553001	2554000	2553501	396.0	0.529781	0.113657
2554001	2555000	2554501	429.0	0.530303	0.229134
2555001	2556000	2555501	402.0	0.530825	0.135352
2556001	2557000	2556501	354.0	0.531348	-0.048094
2557001	2558000	2557501	360.0	0.531870	-0.023847
2558001	2559000	2558501	325.0	0.532393	-0.171404
2559001	2560000	2559501	308.0	0.532915	-0.248913
2560001	2561000	2560501	338.0	0.533438	-0.114820
2561001	2562000	2561501	293.0	0.533960	-0.320943
2562001	2563000	2562501	482.0	0.534483	0.397189
2563001	2564000	2563501	386.0	0.535005	0.076757
2564001	2565000	2564501	339.0	0.535528	-0.110558
2565001	2566000	2565501	372.0	0.536050	0.023459
2566001	2567000	2566501	372.0	0.536573	0.023459
2567001	2568000	2567501	343.0	0.537095	-0.093635
2568001	2569000	2568501	361.0	0.537618	-0.019845
2569001	2570000	2569501	306.0	0.538140	-0.258312
2570001	2571000	2570501	438.0	0.538662	0.259087
2571001	2572000	2571501	378.0	0.539185	0.046543
2572001	2573000	2572501	330.0	0.539707	-0.149378
2573001	2574000	2573501	332.0	0.540230	-0.140660
2574001	2575000	2574501	373.0	0.540752	0.027332
2575001	2576000	2575501	427.0	0.541275	0.222392
2576001	2577000	2576501	411.0	0.541797	0.167295
2577001	2578000	2577501	370.0	0.542320	0.015682
2578001	2579000	2578501	454.0	0.542842	0.310849
2579001	2580000	2579501	414.0	0.543365	0.177787
2580001	2581000	2580501	359.0	0.543887	-0.027860
2581001	2582000	2581501	484.0	0.544410	0.403163
2582001	2583000	2582501	468.0	0.544932	0.354665
2583001	2584000	2583501	399.0	0.545455	0.124545
2584001	2585000	2584501	383.0	0.545977	0.065501
2585001	2586000	2585501	363.0	0.546499	-0.011874
2586001	2587000	2586501	395.0	0.547022	0.110009
2587001	2588000	2587501	331.0	0.547544	-0.145012
2588001	2589000	2588501	359.0	0.548067	-0.027860
2589001	2590000	2589501	335.0	0.548589	-0.127683
2590001	2591000	2590501	345.0	0.549112	-0.085247
2591001	2592000	2591501	361.0	0.549634	-0.019845
2592001	2593000	2592501	300.0	0.550157	-0.286881
2593001	2594000	2593501	340.0	0.550679	-0.106309
2594001	2595000	2594501	303.0	0.551202	-0.272526
2595001	2596000	2595501	398.0	0.551724	0.120925
2596001	2597000	2596501	406.0	0.552247	0.149636
2597001	2598000	2597501	360.0	0.552769	-0.023847
2598001	2599000	2598501	338.0	0.553292	-0.114820
2599001	2600000	2599501	385.0	0.553814	0.073015
2600001	2601000	2600501	368.0	0.554336	0.007862
2601001	2602000	2601501	309.0	0.554859	-0.244237
2602001	2603000	2602501	398.0	0.555381	0.120925
2603001	2604000	2603501	382.0	0.555904	0.061729
2604001	2605000	2604501	312.0	0.556426	-0.230298
2605001	2606000	2605501	394.0	0.556949	0.106352
2606001	2607000	2606501	339.0	0.557471	-0.110558
2607001	2608000	2607501	368.0	0.557994	0.007862
2608001	2609000	2608501	272.0	0.558516	-0.428237
2609001	2610000	2609501	318.0	0.559039	-0.202817
2610001	2611000	2610501	299.0	0.559561	-0.291698
2611001	2612000	2611501	371.0	0.560084	0.019576
2612001	2613000	2612501	440.0	0.560606	0.265660
2613001	2614000	2613501	435.0	0.561129	0.249172
2614001	2615000	2614501	422.0	0.561651	0.205399
2615001	2616000	2615501	385.0	0.562173	0.073015
2616001	2617000	2616501	470.0	0.562696	0.360817
2617001	2618000	2617501	365.0	0.563218	-0.003947
2618001	2619000	2618501	331.0	0.563741	-0.145012
2619001	2620000	2619501	357.0	0.564263	-0.035920
2620001	2621000	2620501	317.0	0.564786	-0.207361
2621001	2622000	2621501	319.0	0.565308	-0.198287
2622001	2623000	2622501	333.0	0.565831	-0.136321
2623001	2624000	2623501	361.0	0.566353	-0.019845
2624001	2625000	2624501	313.0	0.566876	-0.225681
2625001	2626000	2625501	353.0	0.567398	-0.052175
2626001	2627000	2626501	471.0	0.567921	0.363883
2627001	2628000	2627501	355.0	0.568443	-0.044025
2628001	2629000	2628501	359.0	0.568966	-0.027860
2629001	2630000	2629501	343.0	0.569488	-0.093635
2630001	2631000	2630501	388.0	0.570010	0.084213
2631001	2632000	2631501	369.0	0.570533	0.011777
2632001	2633000	2632501	384.0	0.571055	0.069263
2633001	2634000	2633501	382.0	0.571578	0.061729
2634001	2635000	2634501	334.0	0.572100	-0.131996
2635001	2636000	2635501	359.0	0.572623	-0.027860
2636001	2637000	2636501	345.0	0.573145	-0.085247
2637001	2638000	2637501	371.0	0.573668	0.019576
2638001	2639000	2638501	372.0	0.574190	0.023459
2639001	2640000	2639501	387.0	0.574713	0.080490
2640001	2641000	2640501	373.0	0.575235	0.027332
2641001	2642000	2641501	378.0	0.575758	0.046543
2642001	2643000	2642501	275.0	0.576280	-0.412412
2643001	2644000	2643501	349.0	0.576803	-0.068617
2644001	2645000	2644501	435.0	0.577325	0.249172
2645001	2646000	2645501	407.0	0.577847	0.153185
2646001	2647000	2646501	387.0	0.578370	0.080490
2647001	2648000	2647501	311.0	0.578892	-0.234929
2648001	2649000	2648501	355.0	0.579415	-0.044025
2649001	2650000	2649501	323.0	0.579937	-0.180309
2650001	2651000	2650501	398.0	0.580460	0.120925
2651001	2652000	2651501	475.0	0.580982	0.376084
2652001	2653000	2652501	336.0	0.581505	-0.123382
2653001	2654000	2653501	319.0	0.582027	-0.198287
2654001	2655000	2654501	493.0	0.582550	0.429744
2655001	2656000	2655501	460.0	0.583072	0.329790
2656001	2657000	2656501	413.0	0.583595	0.174298
2657001	2658000	2657501	602.0	0.584117	0.717920
2658001	2659000	2658501	557.0	0.584639	0.605834
2659001	2660000	2659501	606.0	0.585162	0.727474
2660001	2661000	2660501	483.0	0.585684	0.400180
2661001	2662000	2661501	456.0	0.586207	0.317190
2662001	2663000	2662501	482.0	0.586729	0.397189
2663001	2664000	2663501	677.0	0.587252	0.887312
2664001	2665000	2664501	651.0	0.587774	0.830814
2665001	2666000	2665501	540.0	0.588297	0.561116
2666001	2667000	2666501	460.0	0.588819	0.329790
2667001	2668000	2667501	571.0	0.589342	0.641647
2668001	2669000	2668501	535.0	0.589864	0.547695
2669001	2670000	2669501	500.0	0.590387	0.450084
2670001	2671000	2670501	426.0	0.590909	0.219010
2671001	2672000	2671501	407.0	0.591432	0.153185
2672001	2673000	2672501	431.0	0.591954	0.235844
2673001	2674000	2673501	412.0	0.592476	0.170801
2674001	2675000	2674501	520.0	0.592999	0.506668
2675001	2676000	2675501	468.0	0.593521	0.354665
2676001	2677000	2676501	415.0	0.594044	0.181268
2677001	2678000	2677501	429.0	0.594566	0.229134
2678001	2679000	2678501	459.0	0.595089	0.326651
2679001	2680000	2679501	381.0	0.595611	0.057947
2680001	2681000	2680501	515.0	0.596134	0.492729
2681001	2682000	2681501	452.0	0.596656	0.304479
2682001	2683000	2682501	369.0	0.597179	0.011777
2683001	2684000	2683501	340.0	0.597701	-0.106309
2684001	2685000	2684501	348.0	0.598224	-0.072756
2685001	2686000	2685501	325.0	0.598746	-0.171404
2686001	2687000	2686501	396.0	0.599269	0.113657
2687001	2688000	2687501	316.0	0.599791	-0.211919
2688001	2689000	2688501	334.0	0.600313	-0.131996
2689001	2690000	2689501	410.0	0.600836	0.163780
2690001	2691000	2690501	403.0	0.601358	0.138936
2691001	2692000	2691501	326.0	0.601881	-0.166972
2692001	2693000	2692501	339.0	0.602403	-0.110558
2693001	2694000	2693501	379.0	0.602926	0.050354
2694001	2695000	2694501	501.0	0.603448	0.452967
2695001	2696000	2695501	603.0	0.603971	0.720314
2696001	2697000	2696501	466.0	0.604493	0.348486
2697001	2698000	2697501	320.0	0.605016	-0.193772
2698001	2699000	2698501	385.0	0.605538	0.073015
2699001	2700000	2699501	379.0	0.606061	0.050354
2700001	2701000	2700501	338.0	0.606583	-0.114820
2701001	2702000	2701501	425.0	0.607106	0.215619
2702001	2703000	2702501	354.0	0.607628	-0.048094
2703001	2704000	2703501	393.0	0.608150	0.102686
2704001	2705000	2704501	363.0	0.608673	-0.011874
2705001	2706000	2705501	347.0	0.609195	-0.076908
2706001	2707000	2706501	262.0	0.609718	-0.482277
2707001	2708000	2707501	357.0	0.610240	-0.035920
2708001	2709000	2708501	324.0	0.610763	-0.175850
2709001	2710000	2709501	288.0	0.611285	-0.345775
2710001	2711000	2710501	326.0	0.611808	-0.166972
2711001	2712000	2711501	346.0	0.612330	-0.081072
2712001	2713000	2712501	228.0	0.612853	-0.682810
2713001	2714000	2713501	289.0	0.613375	-0.340774
2714001	2715000	2714501	364.0	0.613898	-0.007905
2715001	2716000	2715501	381.0	0.614420	0.057947
2716001	2717000	2716501	297.0	0.614943	-0.301381
2717001	2718000	2717501	308.0	0.615465	-0.248913
2718001	2719000	2718501	336.0	0.615987	-0.123382
2719001	2720000	2719501	350.0	0.616510	-0.064489
2720001	2721000	2720501	363.0	0.617032	-0.011874
2721001	2722000	2721501	384.0	0.617555	0.069263
2722001	2723000	2722501	311.0	0.618077	-0.234929
2723001	2724000	2723501	375.0	0.618600	0.035047
2724001	2725000	2724501	373.0	0.619122	0.027332
2725001	2726000	2725501	320.0	0.619645	-0.193772
2726001	2727000	2726501	344.0	0.620167	-0.089435
2727001	2728000	2727501	334.0	0.620690	-0.131996
2728001	2729000	2728501	262.0	0.621212	-0.482277
2729001	2730000	2729501	341.0	0.621735	-0.102072
2730001	2731000	2730501	355.0	0.622257	-0.044025
2731001	2732000	2731501	299.0	0.622780	-0.291698
2732001	2733000	2732501	330.0	0.623302	-0.149378
2733001	2734000	2733501	353.0	0.623824	-0.052175
2734001	2735000	2734501	392.0	0.624347	0.099010
2735001	2736000	2735501	333.0	0.624869	-0.136321
2736001	2737000	2736501	365.0	0.625392	-0.003947
2737001	2738000	2737501	493.0	0.625914	0.429744
2738001	2739000	2738501	365.0	0.626437	-0.003947
2739001	2740000	2739501	426.0	0.626959	0.219010
2740001	2741000	2740501	315.0	0.627482	-0.216492
2741001	2742000	2741501	354.0	0.628004	-0.048094
2742001	2743000	2742501	442.0	0.628527	0.272203
2743001	2744000	2743501	460.0	0.629049	0.329790
2744001	2745000	2744501	355.0	0.629572	-0.044025
2745001	2746000	2745501	345.0	0.630094	-0.085247
2746001	2747000	2746501	354.0	0.630617	-0.048094
2747001	2748000	2747501	277.0	0.631139	-0.401958
2748001	2749000	2748501	327.0	0.631661	-0.162553
2749001	2750000	2749501	321.0	0.632184	-0.189270
2750001	2751000	2750501	383.0	0.632706	0.065501
2751001	2752000	2751501	342.0	0.633229	-0.097847
2752001	2753000	2752501	373.0	0.633751	0.027332
2753001	2754000	2753501	365.0	0.634274	-0.003947
2754001	2755000	2754501	479.0	0.634796	0.388182
2755001	2756000	2755501	349.0	0.635319	-0.068617
2756001	2757000	2756501	295.0	0.635841	-0.311129
2757001	2758000	2757501	327.0	0.636364	-0.162553
2758001	2759000	2758501	356.0	0.636886	-0.039966
2759001	2760000	2759501	348.0	0.637409	-0.072756
2760001	2761000	2760501	399.0	0.637931	0.124545
2761001	2762000	2761501	362.0	0.638454	-0.015854
2762001	2763000	2762501	351.0	0.638976	-0.060373
2763001	2764000	2763501	313.0	0.639498	-0.225681
2764001	2765000	2764501	377.0	0.640021	0.042721
2765001	2766000	2765501	384.0	0.640543	0.069263
2766001	2767000	2766501	386.0	0.641066	0.076757
2767001	2768000	2767501	385.0	0.641588	0.073015
2768001	2769000	2768501	319.0	0.642111	-0.198287
2769001	2770000	2769501	383.0	0.642633	0.065501
2770001	2771000	2770501	404.0	0.643156	0.142512
2771001	2772000	2771501	348.0	0.643678	-0.072756
2772001	2773000	2772501	416.0	0.644201	0.184740
2773001	2774000	2773501	376.0	0.644723	0.038889
2774001	2775000	2774501	460.0	0.645246	0.329790
2775001	2776000	2775501	392.0	0.645768	0.099010
2776001	2777000	2776501	373.0	0.646290	0.027332
2777001	2778000	2777501	380.0	0.646813	0.054156
2778001	2779000	2778501	393.0	0.647335	0.102686
2779001	2780000	2779501	378.0	0.647858	0.046543
2780001	2781000	2780501	311.0	0.648380	-0.234929
2781001	2782000	2781501	378.0	0.648903	0.046543
2782001	2783000	2782501	366.0	0.649425	0.000000
2783001	2784000	2783501	374.0	0.649948	0.031195
2784001	2785000	2784501	398.0	0.650470	0.120925
2785001	2786000	2785501	407.0	0.650993	0.153185
2786001	2787000	2786501	356.0	0.651515	-0.039966
2787001	2788000	2787501	436.0	0.652038	0.252484
2788001	2789000	2788501	428.0	0.652560	0.225767
2789001	2790000	2789501	598.0	0.653083	0.708302
2790001	2791000	2790501	600.0	0.653605	0.713119
2791001	2792000	2791501	379.0	0.654127	0.050354
2792001	2793000	2792501	386.0	0.654650	0.076757
2793001	2794000	2793501	331.0	0.655172	-0.145012
2794001	2795000	2794501	342.0	0.655695	-0.097847
2795001	2796000	2795501	366.0	0.656217	0.000000
2796001	2797000	2796501	391.0	0.656740	0.095325
2797001	2798000	2797501	401.0	0.657262	0.131759
2798001	2799000	2798501	352.0	0.657785	-0.056268
2799001	2800000	2799501	388.0	0.658307	0.084213
2800001	2801000	2800501	365.0	0.658830	-0.003947
2801001	2802000	2801501	350.0	0.659352	-0.064489
2802001	2803000	2802501	323.0	0.659875	-0.180309
2803001	2804000	2803501	370.0	0.660397	0.015682
2804001	2805000	2804501	371.0	0.660920	0.019576
2805001	2806000	2805501	367.0	0.661442	0.003936
2806001	2807000	2806501	311.0	0.661964	-0.234929
2807001	2808000	2807501	316.0	0.662487	-0.211919
2808001	2809000	2808501	425.0	0.663009	0.215619
2809001	2810000	2809501	396.0	0.663532	0.113657
2810001	2811000	2810501	304.0	0.664054	-0.267772
2811001	2812000	2811501	404.0	0.664577	0.142512
2812001	2813000	2812501	336.0	0.665099	-0.123382
2813001	2814000	2813501	348.0	0.665622	-0.072756
2814001	2815000	2814501	374.0	0.666144	0.031195
2815001	2816000	2815501	357.0	0.666667	-0.035920
2816001	2817000	2816501	341.0	0.667189	-0.102072
2817001	2818000	2817501	338.0	0.667712	-0.114820
2818001	2819000	2818501	309.0	0.668234	-0.244237
2819001	2820000	2819501	321.0	0.668757	-0.189270
2820001	2821000	2820501	373.0	0.669279	0.027332
2821001	2822000	2821501	347.0	0.669801	-0.076908
2822001	2823000	2822501	316.0	0.670324	-0.211919
2823001	2824000	2823501	353.0	0.670846	-0.052175
2824001	2825000	2824501	393.0	0.671369	0.102686
2825001	2826000	2825501	302.0	0.671891	-0.277295
2826001	2827000	2826501	360.0	0.672414	-0.023847
2827001	2828000	2827501	339.0	0.672936	-0.110558
2828001	2829000	2828501	338.0	0.673459	-0.114820
2829001	2830000	2829501	325.0	0.673981	-0.171404
2830001	2831000	2830501	353.0	0.674504	-0.052175
2831001	2832000	2831501	402.0	0.675026	0.135352
2832001	2833000	2832501	377.0	0.675549	0.042721
2833001	2834000	2833501	322.0	0.676071	-0.184783
2834001	2835000	2834501	385.0	0.676594	0.073015
2835001	2836000	2835501	397.0	0.677116	0.117295
2836001	2837000	2836501	349.0	0.677638	-0.068617
2837001	2838000	2837501	361.0	0.678161	-0.019845
2838001	2839000	2838501	309.0	0.678683	-0.244237
2839001	2840000	2839501	381.0	0.679206	0.057947
2840001	2841000	2840501	365.0	0.679728	-0.003947
2841001	2842000	2841501	294.0	0.680251	-0.316027
2842001	2843000	2842501	274.0	0.680773	-0.417668
2843001	2844000	2843501	286.0	0.681296	-0.355829
2844001	2845000	2844501	303.0	0.681818	-0.272526
2845001	2846000	2845501	382.0	0.682341	0.061729
2846001	2847000	2846501	461.0	0.682863	0.332923
2847001	2848000	2847501	409.0	0.683386	0.160257
2848001	2849000	2848501	378.0	0.683908	0.046543
2849001	2850000	2849501	427.0	0.684431	0.222392
2850001	2851000	2850501	440.0	0.684953	0.265660
2851001	2852000	2851501	499.0	0.685475	0.447196
2852001	2853000	2852501	515.0	0.685998	0.492729
2853001	2854000	2853501	512.0	0.686520	0.484300
2854001	2855000	2854501	481.0	0.687043	0.394193
2855001	2856000	2855501	532.0	0.687565	0.539583
2856001	2857000	2856501	555.0	0.688088	0.600644
2857001	2858000	2857501	396.0	0.688610	0.113657
2858001	2859000	2858501	355.0	0.689133	-0.044025
2859001	2860000	2859501	295.0	0.689655	-0.311129
2860001	2861000	2860501	392.0	0.690178	0.099010
2861001	2862000	2861501	468.0	0.690700	0.354665
2862001	2863000	2862501	497.0	0.691223	0.441402
2863001	2864000	2863501	393.0	0.691745	0.102686
2864001	2865000	2864501	271.0	0.692268	-0.433551
2865001	2866000	2865501	343.0	0.692790	-0.093635
2866001	2867000	2866501	395.0	0.693312	0.110009
2867001	2868000	2867501	345.0	0.693835	-0.085247
2868001	2869000	2868501	407.0	0.694357	0.153185
2869001	2870000	2869501	337.0	0.694880	-0.119095
2870001	2871000	2870501	399.0	0.695402	0.124545
2871001	2872000	2871501	287.0	0.695925	-0.350793
2872001	2873000	2872501	268.0	0.696447	-0.449611
2873001	2874000	2873501	316.0	0.696970	-0.211919
2874001	2875000	2874501	327.0	0.697492	-0.162553
2875001	2876000	2875501	381.0	0.698015	0.057947
2876001	2877000	2876501	322.0	0.698537	-0.184783
2877001	2878000	2877501	376.0	0.699060	0.038889
2878001	2879000	2878501	435.0	0.699582	0.249172
2879001	2880000	2879501	343.0	0.700104	-0.093635
2880001	2881000	2880501	311.0	0.700627	-0.234929
2881001	2882000	2881501	413.0	0.701149	0.174298
2882001	2883000	2882501	494.0	0.701672	0.432667
2883001	2884000	2883501	483.0	0.702194	0.400180
2884001	2885000	2884501	369.0	0.702717	0.011777
2885001	2886000	2885501	383.0	0.703239	0.065501
2886001	2887000	2886501	515.0	0.703762	0.492729
2887001	2888000	2887501	477.0	0.704284	0.382146
2888001	2889000	2888501	442.0	0.704807	0.272203
2889001	2890000	2889501	448.0	0.705329	0.291655
2890001	2891000	2890501	396.0	0.705852	0.113657
2891001	2892000	2891501	449.0	0.706374	0.294872
2892001	2893000	2892501	392.0	0.706897	0.099010
2893001	2894000	2893501	426.0	0.707419	0.219010
2894001	2895000	2894501	403.0	0.707941	0.138936
2895001	2896000	2895501	415.0	0.708464	0.181268
2896001	2897000	2896501	563.0	0.708986	0.621291
2897001	2898000	2897501	446.0	0.709509	0.285200
2898001	2899000	2898501	464.0	0.710031	0.342281
2899001	2900000	2899501	367.0	0.710554	0.003936
2900001	2901000	2900501	419.0	0.711076	0.195107
2901001	2902000	2901501	328.0	0.711599	-0.158148
2902001	2903000	2902501	298.0	0.712121	-0.296531
2903001	2904000	2903501	300.0	0.712644	-0.286881
2904001	2905000	2904501	276.0	0.713166	-0.407175
2905001	2906000	2905501	287.0	0.713689	-0.350793
2906001	2907000	2906501	320.0	0.714211	-0.193772
2907001	2908000	2907501	376.0	0.714734	0.038889
2908001	2909000	2908501	500.0	0.715256	0.450084
2909001	2910000	2909501	601.0	0.715778	0.715521
2910001	2911000	2910501	495.0	0.716301	0.435585
2911001	2912000	2911501	342.0	0.716823	-0.097847
2912001	2913000	2912501	334.0	0.717346	-0.131996
2913001	2914000	2913501	311.0	0.717868	-0.234929
2914001	2915000	2914501	335.0	0.718391	-0.127683
2915001	2916000	2915501	291.0	0.718913	-0.330824
2916001	2917000	2916501	298.0	0.719436	-0.296531
2917001	2918000	2917501	298.0	0.719958	-0.296531
2918001	2919000	2918501	338.0	0.720481	-0.114820
2919001	2920000	2919501	572.0	0.721003	0.644171
2920001	2921000	2920501	561.0	0.721526	0.616157
2921001	2922000	2921501	478.0	0.722048	0.385167
2922001	2923000	2922501	441.0	0.722571	0.268935
2923001	2924000	2923501	298.0	0.723093	-0.296531
2924001	2925000	2924501	290.0	0.723615	-0.335791
2925001	2926000	2925501	385.0	0.724138	0.073015
2926001	2927000	2926501	286.0	0.724660	-0.355829
2927001	2928000	2927501	363.0	0.725183	-0.011874
2928001	2929000	2928501	403.0	0.725705	0.138936
2929001	2930000	2929501	282.0	0.726228	-0.376148
2930001	2931000	2930501	315.0	0.726750	-0.216492
2931001	2932000	2931501	527.0	0.727273	0.525959
2932001	2933000	2932501	466.0	0.727795	0.348486
2933001	2934000	2933501	408.0	0.728318	0.156726
2934001	2935000	2934501	488.0	0.728840	0.415037
2935001	2936000	2935501	440.0	0.729363	0.265660
2936001	2937000	2936501	410.0	0.729885	0.163780
2937001	2938000	2937501	327.0	0.730408	-0.162553
2938001	2939000	2938501	327.0	0.730930	-0.162553
2939001	2940000	2939501	384.0	0.731452	0.069263
2940001	2941000	2940501	443.0	0.731975	0.275463
2941001	2942000	2941501	426.0	0.732497	0.219010
2942001	2943000	2942501	382.0	0.733020	0.061729
2943001	2944000	2943501	418.0	0.733542	0.191659
2944001	2945000	2944501	375.0	0.734065	0.035047
2945001	2946000	2945501	399.0	0.734587	0.124545
2946001	2947000	2946501	424.0	0.735110	0.212221
2947001	2948000	2947501	356.0	0.735632	-0.039966
2948001	2949000	2948501	401.0	0.736155	0.131759
2949001	2950000	2949501	369.0	0.736677	0.011777
2950001	2951000	2950501	393.0	0.737200	0.102686
2951001	2952000	2951501	349.0	0.737722	-0.068617
2952001	2953000	2952501	418.0	0.738245	0.191659
2953001	2954000	2953501	382.0	0.738767	0.061729
2954001	2955000	2954501	378.0	0.739289	0.046543
2955001	2956000	2955501	391.0	0.739812	0.095325
2956001	2957000	2956501	368.0	0.740334	0.007862
2957001	2958000	2957501	366.0	0.740857	0.000000
2958001	2959000	2958501	369.0	0.741379	0.011777
2959001	2960000	2959501	371.0	0.741902	0.019576
2960001	2961000	2960501	367.0	0.742424	0.003936
2961001	2962000	2961501	480.0	0.742947	0.391191
2962001	2963000	2962501	379.0	0.743469	0.050354
2963001	2964000	2963501	331.0	0.743992	-0.145012
2964001	2965000	2964501	444.0	0.744514	0.278716
2965001	2966000	2965501	390.0	0.745037	0.091630
2966001	2967000	2966501	463.0	0.745559	0.339169
2967001	2968000	2967501	419.0	0.746082	0.195107
2968001	2969000	2968501	434.0	0.746604	0.245851
2969001	2970000	2969501	354.0	0.747126	-0.048094
2970001	2971000	2970501	325.0	0.747649	-0.171404
2971001	2972000	2971501	278.0	0.748171	-0.396759
2972001	2973000	2972501	323.0	0.748694	-0.180309
2973001	2974000	2973501	357.0	0.749216	-0.035920
2974001	2975000	2974501	341.0	0.749739	-0.102072
2975001	2976000	2975501	239.0	0.750261	-0.614833
2976001	2977000	2976501	286.0	0.750784	-0.355829
2977001	2978000	2977501	349.0	0.751306	-0.068617
2978001	2979000	2978501	359.0	0.751829	-0.027860
2979001	2980000	2979501	455.0	0.752351	0.314023
2980001	2981000	2980501	267.0	0.752874	-0.455004
2981001	2982000	2981501	273.0	0.753396	-0.422943
2982001	2983000	2982501	320.0	0.753918	-0.193772
2983001	2984000	2983501	300.0	0.754441	-0.286881
2984001	2985000	2984501	281.0	0.754963	-0.381274
2985001	2986000	2985501	284.0	0.755486	-0.365953
2986001	2987000	2986501	315.0	0.756008	-0.216492
2987001	2988000	2987501	319.0	0.756531	-0.198287
2988001	2989000	2988501	259.0	0.757053	-0.498892
2989001	2990000	2989501	315.0	0.757576	-0.216492
2990001	2991000	2990501	314.0	0.758098	-0.221079
2991001	2992000	2991501	320.0	0.758621	-0.193772
2992001	2993000	2992501	356.0	0.759143	-0.039966
2993001	2994000	2993501	338.0	0.759666	-0.114820
2994001	2995000	2994501	443.0	0.760188	0.275463
2995001	2996000	2995501	539.0	0.760711	0.558442
2996001	2997000	2996501	498.0	0.761233	0.444302
2997001	2998000	2997501	471.0	0.761755	0.363883
2998001	2999000	2998501	476.0	0.762278	0.379118
2999001	3000000	2999501	572.0	0.762800	0.644171
3000001	3001000	3000501	353.0	0.763323	-0.052175
3001001	3002000	3001501	334.0	0.763845	-0.131996
3002001	3003000	3002501	315.0	0.764368	-0.216492
3003001	3004000	3003501	337.0	0.764890	-0.119095
3004001	3005000	3004501	347.0	0.765413	-0.076908
3005001	3006000	3005501	364.0	0.765935	-0.007905
3006001	3007000	3006501	410.0	0.766458	0.163780
3007001	3008000	3007501	328.0	0.766980	-0.158148
3008001	3009000	3008501	410.0	0.767503	0.163780
3009001	3010000	3009501	291.0	0.768025	-0.330824
3010001	3011000	3010501	335.0	0.768548	-0.127683
3011001	3012000	3011501	314.0	0.769070	-0.221079
3012001	3013000	3012501	337.0	0.769592	-0.119095
3013001	3014000	3013501	296.0	0.770115	-0.306246
3014001	3015000	3014501	344.0	0.770637	-0.089435
3015001	3016000	3015501	353.0	0.771160	-0.052175
3016001	3017000	3016501	547.0	0.771682	0.579697
3017001	3018000	3017501	456.0	0.772205	0.317190
3018001	3019000	3018501	292.0	0.772727	-0.325875
3019001	3020000	3019501	313.0	0.773250	-0.225681
3020001	3021000	3020501	338.0	0.773772	-0.114820
3021001	3022000	3021501	342.0	0.774295	-0.097847
3022001	3023000	3022501	389.0	0.774817	0.087927
3023001	3024000	3023501	413.0	0.775340	0.174298
3024001	3025000	3024501	280.0	0.775862	-0.386417
3025001	3026000	3025501	286.0	0.776385	-0.355829
3026001	3027000	3026501	278.0	0.776907	-0.396759
3027001	3028000	3027501	267.0	0.777429	-0.455004
3028001	3029000	3028501	279.0	0.777952	-0.391579
3029001	3030000	3029501	281.0	0.778474	-0.381274
3030001	3031000	3030501	377.0	0.778997	0.042721
3031001	3032000	3031501	342.0	0.779519	-0.097847
3032001	3033000	3032501	309.0	0.780042	-0.244237
3033001	3034000	3033501	379.0	0.780564	0.050354
3034001	3035000	3034501	383.0	0.781087	0.065501
3035001	3036000	3035501	359.0	0.781609	-0.027860
3036001	3037000	3036501	399.0	0.782132	0.124545
3037001	3038000	3037501	366.0	0.782654	0.000000
3038001	3039000	3038501	394.0	0.783177	0.106352
3039001	3040000	3039501	394.0	0.783699	0.106352
3040001	3041000	3040501	433.0	0.784222	0.242523
3041001	3042000	3041501	437.0	0.784744	0.255790
3042001	3043000	3042501	364.0	0.785266	-0.007905
3043001	3044000	3043501	297.0	0.785789	-0.301381
3044001	3045000	3044501	379.0	0.786311	0.050354
3045001	3046000	3045501	406.0	0.786834	0.149636
3046001	3047000	3046501	553.0	0.787356	0.595436
3047001	3048000	3047501	306.0	0.787879	-0.258312
3048001	3049000	3048501	300.0	0.788401	-0.286881
3049001	3050000	3049501	375.0	0.788924	0.035047
3050001	3051000	3050501	358.0	0.789446	-0.031884
3051001	3052000	3051501	278.0	0.789969	-0.396759
3052001	3053000	3052501	332.0	0.790491	-0.140660
3053001	3054000	3053501	349.0	0.791014	-0.068617
3054001	3055000	3054501	263.0	0.791536	-0.476781
3055001	3056000	3055501	324.0	0.792059	-0.175850
3056001	3057000	3056501	269.0	0.792581	-0.444237
3057001	3058000	3057501	431.0	0.793103	0.235844
3058001	3059000	3058501	314.0	0.793626	-0.221079
3059001	3060000	3059501	316.0	0.794148	-0.211919
3060001	3061000	3060501	305.0	0.794671	-0.263034
3061001	3062000	3061501	310.0	0.795193	-0.239575
3062001	3063000	3062501	298.0	0.795716	-0.296531
3063001	3064000	3063501	394.0	0.796238	0.106352
3064001	3065000	3064501	315.0	0.796761	-0.216492
3065001	3066000	3065501	282.0	0.797283	-0.376148
3066001	3067000	3066501	309.0	0.797806	-0.244237
3067001	3068000	3067501	383.0	0.798328	0.065501
3068001	3069000	3068501	356.0	0.798851	-0.039966
3069001	3070000	3069501	355.0	0.799373	-0.044025
3070001	3071000	3070501	375.0	0.799896	0.035047
3071001	3072000	3071501	328.0	0.800418	-0.158148
3072001	3073000	3072501	342.0	0.800940	-0.097847
3073001	3074000	3073501	421.0	0.801463	0.201977
3074001	3075000	3074501	348.0	0.801985	-0.072756
3075001	3076000	3075501	311.0	0.802508	-0.234929
3076001	3077000	3076501	308.0	0.803030	-0.248913
3077001	3078000	3077501	379.0	0.803553	0.050354
3078001	3079000	3078501	350.0	0.804075	-0.064489
3079001	3080000	3079501	379.0	0.804598	0.050354
3080001	3081000	3080501	384.0	0.805120	0.069263
3081001	3082000	3081501	312.0	0.805643	-0.230298
3082001	3083000	3082501	307.0	0.806165	-0.253605
3083001	3084000	3083501	356.0	0.806688	-0.039966
3084001	3085000	3084501	325.0	0.807210	-0.171404
3085001	3086000	3085501	346.0	0.807732	-0.081072
3086001	3087000	3086501	296.0	0.808255	-0.306246
3087001	3088000	3087501	318.0	0.808777	-0.202817
3088001	3089000	3088501	399.0	0.809300	0.124545
3089001	3090000	3089501	389.0	0.809822	0.087927
3090001	3091000	3090501	392.0	0.810345	0.099010
3091001	3092000	3091501	341.0	0.810867	-0.102072
3092001	3093000	3092501	312.0	0.811390	-0.230298
3093001	3094000	3093501	504.0	0.811912	0.461580
3094001	3095000	3094501	402.0	0.812435	0.135352
3095001	3096000	3095501	316.0	0.812957	-0.211919
3096001	3097000	3096501	370.0	0.813480	0.015682
3097001	3098000	3097501	412.0	0.814002	0.170801
3098001	3099000	3098501	322.0	0.814525	-0.184783
3099001	3100000	3099501	355.0	0.815047	-0.044025
3100001	3101000	3100501	417.0	0.815569	0.188204
3101001	3102000	3101501	339.0	0.816092	-0.110558
3102001	3103000	3102501	320.0	0.816614	-0.193772
3103001	3104000	3103501	309.0	0.817137	-0.244237
3104001	3105000	3104501	323.0	0.817659	-0.180309
3105001	3106000	3105501	405.0	0.818182	0.146078
3106001	3107000	3106501	357.0	0.818704	-0.035920
3107001	3108000	3107501	366.0	0.819227	0.000000
3108001	3109000	3108501	488.0	0.819749	0.415037
3109001	3110000	3109501	392.0	0.820272	0.099010
3110001	3111000	3110501	344.0	0.820794	-0.089435
3111001	3112000	3111501	319.0	0.821317	-0.198287
3112001	3113000	3112501	432.0	0.821839	0.239188
3113001	3114000	3113501	394.0	0.822362	0.106352
3114001	3115000	3114501	394.0	0.822884	0.106352
3115001	3116000	3115501	309.0	0.823406	-0.244237
3116001	3117000	3116501	392.0	0.823929	0.099010
3117001	3118000	3117501	317.0	0.824451	-0.207361
3118001	3119000	3118501	374.0	0.824974	0.031195
3119001	3120000	3119501	397.0	0.825496	0.117295
3120001	3121000	3120501	344.0	0.826019	-0.089435
3121001	3122000	3121501	295.0	0.826541	-0.311129
3122001	3123000	3122501	303.0	0.827064	-0.272526
3123001	3124000	3123501	339.0	0.827586	-0.110558
3124001	3125000	3124501	315.0	0.828109	-0.216492
3125001	3126000	3125501	376.0	0.828631	0.038889
3126001	3127000	3126501	331.0	0.829154	-0.145012
3127001	3128000	3127501	372.0	0.829676	0.023459
3128001	3129000	3128501	451.0	0.830199	0.301284
3129001	3130000	3129501	333.0	0.830721	-0.136321
3130001	3131000	3130501	364.0	0.831243	-0.007905
3131001	3132000	3131501	375.0	0.831766	0.035047
3132001	3133000	3132501	380.0	0.832288	0.054156
3133001	3134000	3133501	420.0	0.832811	0.198546
3134001	3135000	3134501	366.0	0.833333	0.000000
3135001	3136000	3135501	355.0	0.833856	-0.044025
3136001	3137000	3136501	381.0	0.834378	0.057947
3137001	3138000	3137501	320.0	0.834901	-0.193772
3138001	3139000	3138501	356.0	0.835423	-0.039966
3139001	3140000	3139501	354.0	0.835946	-0.048094
3140001	3141000	3140501	448.0	0.836468	0.291655
3141001	3142000	3141501	374.0	0.836991	0.031195
3142001	3143000	3142501	376.0	0.837513	0.038889
3143001	3144000	3143501	404.0	0.838036	0.142512
3144001	3145000	3144501	316.0	0.838558	-0.211919
3145001	3146000	3145501	342.0	0.839080	-0.097847
3146001	3147000	3146501	306.0	0.839603	-0.258312
3147001	3148000	3147501	293.0	0.840125	-0.320943
3148001	3149000	3148501	339.0	0.840648	-0.110558
3149001	3150000	3149501	333.0	0.841170	-0.136321
3150001	3151000	3150501	319.0	0.841693	-0.198287
3151001	3152000	3151501	299.0	0.842215	-0.291698
3152001	3153000	3152501	291.0	0.842738	-0.330824
3153001	3154000	3153501	381.0	0.843260	0.057947
3154001	3155000	3154501	347.0	0.843783	-0.076908
3155001	3156000	3155501	382.0	0.844305	0.061729
3156001	3157000	3156501	331.0	0.844828	-0.145012
3157001	3158000	3157501	382.0	0.845350	0.061729
3158001	3159000	3158501	323.0	0.845873	-0.180309
3159001	3160000	3159501	383.0	0.846395	0.065501
3160001	3161000	3160501	299.0	0.846917	-0.291698
3161001	3162000	3161501	469.0	0.847440	0.357744
3162001	3163000	3162501	413.0	0.847962	0.174298
3163001	3164000	3163501	417.0	0.848485	0.188204
3164001	3165000	3164501	446.0	0.849007	0.285200
3165001	3166000	3165501	399.0	0.849530	0.124545
3166001	3167000	3166501	457.0	0.850052	0.320351
3167001	3168000	3167501	405.0	0.850575	0.146078
3168001	3169000	3168501	395.0	0.851097	0.110009
3169001	3170000	3169501	409.0	0.851620	0.160257
3170001	3171000	3170501	365.0	0.852142	-0.003947
3171001	3172000	3171501	392.0	0.852665	0.099010
3172001	3173000	3172501	346.0	0.853187	-0.081072
3173001	3174000	3173501	406.0	0.853710	0.149636
3174001	3175000	3174501	434.0	0.854232	0.245851
3175001	3176000	3175501	429.0	0.854754	0.229134
3176001	3177000	3176501	327.0	0.855277	-0.162553
3177001	3178000	3177501	412.0	0.855799	0.170801
3178001	3179000	3178501	340.0	0.856322	-0.106309
3179001	3180000	3179501	273.0	0.856844	-0.422943
3180001	3181000	3180501	346.0	0.857367	-0.081072
3181001	3182000	3181501	389.0	0.857889	0.087927
3182001	3183000	3182501	417.0	0.858412	0.188204
3183001	3184000	3183501	359.0	0.858934	-0.027860
3184001	3185000	3184501	407.0	0.859457	0.153185
3185001	3186000	3185501	408.0	0.859979	0.156726
3186001	3187000	3186501	334.0	0.860502	-0.131996
3187001	3188000	3187501	430.0	0.861024	0.232493
3188001	3189000	3188501	324.0	0.861546	-0.175850
3189001	3190000	3189501	386.0	0.862069	0.076757
3190001	3191000	3190501	439.0	0.862591	0.262377
3191001	3192000	3191501	433.0	0.863114	0.242523
3192001	3193000	3192501	393.0	0.863636	0.102686
3193001	3194000	3193501	362.0	0.864159	-0.015854
3194001	3195000	3194501	356.0	0.864681	-0.039966
3195001	3196000	3195501	287.0	0.865204	-0.350793
3196001	3197000	3196501	341.0	0.865726	-0.102072
3197001	3198000	3197501	349.0	0.866249	-0.068617
3198001	3199000	3198501	327.0	0.866771	-0.162553
3199001	3200000	3199501	286.0	0.867294	-0.355829
3200001	3201000	3200501	323.0	0.867816	-0.180309
3201001	3202000	3201501	480.0	0.868339	0.391191
3202001	3203000	3202501	400.0	0.868861	0.128156
3203001	3204000	3203501	365.0	0.869383	-0.003947
3204001	3205000	3204501	356.0	0.869906	-0.039966
3205001	3206000	3205501	353.0	0.870428	-0.052175
3206001	3207000	3206501	490.0	0.870951	0.420938
3207001	3208000	3207501	448.0	0.871473	0.291655
3208001	3209000	3208501	448.0	0.871996	0.291655
3209001	3210000	3209501	519.0	0.872518	0.503891
3210001	3211000	3210501	453.0	0.873041	0.307667
3211001	3212000	3211501	319.0	0.873563	-0.198287
3212001	3213000	3212501	358.0	0.874086	-0.031884
3213001	3214000	3213501	340.0	0.874608	-0.106309
3214001	3215000	3214501	320.0	0.875131	-0.193772
3215001	3216000	3215501	331.0	0.875653	-0.145012
3216001	3217000	3216501	349.0	0.876176	-0.068617
3217001	3218000	3217501	398.0	0.876698	0.120925
3218001	3219000	3218501	364.0	0.877220	-0.007905
3219001	3220000	3219501	327.0	0.877743	-0.162553
3220001	3221000	3220501	413.0	0.878265	0.174298
3221001	3222000	3221501	333.0	0.878788	-0.136321
3222001	3223000	3222501	337.0	0.879310	-0.119095
3223001	3224000	3223501	345.0	0.879833	-0.085247
3224001	3225000	3224501	395.0	0.880355	0.110009
3225001	3226000	3225501	349.0	0.880878	-0.068617
3226001	3227000	3226501	387.0	0.881400	0.080490
3227001	3228000	3227501	368.0	0.881923	0.007862
3228001	3229000	3228501	338.0	0.882445	-0.114820
3229001	3230000	3229501	424.0	0.882968	0.212221
3230001	3231000	3230501	427.0	0.883490	0.222392
3231001	3232000	3231501	380.0	0.884013	0.054156
3232001	3233000	3232501	381.0	0.884535	0.057947
3233001	3234000	3233501	440.0	0.885057	0.265660
3234001	3235000	3234501	391.0	0.885580	0.095325
3235001	3236000	3235501	368.0	0.886102	0.007862
3236001	3237000	3236501	313.0	0.886625	-0.225681
3237001	3238000	3237501	371.0	0.887147	0.019576
3238001	3239000	3238501	313.0	0.887670	-0.225681
3239001	3240000	3239501	339.0	0.888192	-0.110558
3240001	3241000	3240501	393.0	0.888715	0.102686
3241001	3242000	3241501	405.0	0.889237	0.146078
3242001	3243000	3242501	508.0	0.889760	0.472985
3243001	3244000	3243501	467.0	0.890282	0.351579
3244001	3245000	3244501	411.0	0.890805	0.167295
3245001	3246000	3245501	383.0	0.891327	0.065501
3246001	3247000	3246501	403.0	0.891850	0.138936
3247001	3248000	3247501	368.0	0.892372	0.007862
3248001	3249000	3248501	343.0	0.892894	-0.093635
3249001	3250000	3249501	389.0	0.893417	0.087927
3250001	3251000	3250501	386.0	0.893939	0.076757
3251001	3252000	3251501	373.0	0.894462	0.027332
3252001	3253000	3252501	346.0	0.894984	-0.081072
3253001	3254000	3253501	305.0	0.895507	-0.263034
3254001	3255000	3254501	276.0	0.896029	-0.407175
3255001	3256000	3255501	356.0	0.896552	-0.039966
3256001	3257000	3256501	397.0	0.897074	0.117295
3257001	3258000	3257501	411.0	0.897597	0.167295
3258001	3259000	3258501	349.0	0.898119	-0.068617
3259001	3260000	3259501	420.0	0.898642	0.198546
3260001	3261000	3260501	328.0	0.899164	-0.158148
3261001	3262000	3261501	325.0	0.899687	-0.171404
3262001	3263000	3262501	278.0	0.900209	-0.396759
3263001	3264000	3263501	330.0	0.900731	-0.149378
3264001	3265000	3264501	297.0	0.901254	-0.301381
3265001	3266000	3265501	290.0	0.901776	-0.335791
3266001	3267000	3266501	336.0	0.902299	-0.123382
3267001	3268000	3267501	330.0	0.902821	-0.149378
3268001	3269000	3268501	352.0	0.903344	-0.056268
3269001	3270000	3269501	268.0	0.903866	-0.449611
3270001	3271000	3270501	288.0	0.904389	-0.345775
3271001	3272000	3271501	408.0	0.904911	0.156726
3272001	3273000	3272501	317.0	0.905434	-0.207361
3273001	3274000	3273501	341.0	0.905956	-0.102072
3274001	3275000	3274501	398.0	0.906479	0.120925
3275001	3276000	3275501	379.0	0.907001	0.050354
3276001	3277000	3276501	360.0	0.907524	-0.023847
3277001	3278000	3277501	347.0	0.908046	-0.076908
3278001	3279000	3278501	363.0	0.908568	-0.011874
3279001	3280000	3279501	359.0	0.909091	-0.027860
3280001	3281000	3280501	315.0	0.909613	-0.216492
3281001	3282000	3281501	467.0	0.910136	0.351579
3282001	3283000	3282501	375.0	0.910658	0.035047
3283001	3284000	3283501	342.0	0.911181	-0.097847
3284001	3285000	3284501	427.0	0.911703	0.222392
3285001	3286000	3285501	384.0	0.912226	0.069263
3286001	3287000	3286501	324.0	0.912748	-0.175850
3287001	3288000	3287501	361.0	0.913271	-0.019845
3288001	3289000	3288501	380.0	0.913793	0.054156
3289001	3290000	3289501	352.0	0.914316	-0.056268
3290001	3291000	3290501	408.0	0.914838	0.156726
3291001	3292000	3291501	380.0	0.915361	0.054156
3292001	3293000	3292501	340.0	0.915883	-0.106309
3293001	3294000	3293501	376.0	0.916405	0.038889
3294001	3295000	3294501	376.0	0.916928	0.038889
3295001	3296000	3295501	345.0	0.917450	-0.085247
3296001	3297000	3296501	302.0	0.917973	-0.277295
3297001	3298000	3297501	389.0	0.918495	0.087927
3298001	3299000	3298501	395.0	0.919018	0.110009
3299001	3300000	3299501	288.0	0.919540	-0.345775
3300001	3301000	3300501	392.0	0.920063	0.099010
3301001	3302000	3301501	432.0	0.920585	0.239188
3302001	3303000	3302501	367.0	0.921108	0.003936
3303001	3304000	3303501	327.0	0.921630	-0.162553
3304001	3305000	3304501	399.0	0.922153	0.124545
3305001	3306000	3305501	431.0	0.922675	0.235844
3306001	3307000	3306501	354.0	0.923197	-0.048094
3307001	3308000	3307501	407.0	0.923720	0.153185
3308001	3309000	3308501	281.0	0.924242	-0.381274
3309001	3310000	3309501	294.0	0.924765	-0.316027
3310001	3311000	3310501	348.0	0.925287	-0.072756
3311001	3312000	3311501	384.0	0.925810	0.069263
3312001	3313000	3312501	364.0	0.926332	-0.007905
3313001	3314000	3313501	338.0	0.926855	-0.114820
3314001	3315000	3314501	300.0	0.927377	-0.286881
3315001	3316000	3315501	329.0	0.927900	-0.153756
3316001	3317000	3316501	366.0	0.928422	0.000000
3317001	3318000	3317501	337.0	0.928945	-0.119095
3318001	3319000	3318501	357.0	0.929467	-0.035920
3319001	3320000	3319501	417.0	0.929990	0.188204
3320001	3321000	3320501	339.0	0.930512	-0.110558
3321001	3322000	3321501	365.0	0.931034	-0.003947
3322001	3323000	3322501	380.0	0.931557	0.054156
3323001	3324000	3323501	549.0	0.932079	0.584963
3324001	3325000	3324501	354.0	0.932602	-0.048094
3325001	3326000	3325501	276.0	0.933124	-0.407175
3326001	3327000	3326501	350.0	0.933647	-0.064489
3327001	3328000	3327501	334.0	0.934169	-0.131996
3328001	3329000	3328501	354.0	0.934692	-0.048094
3329001	3330000	3329501	375.0	0.935214	0.035047
3330001	3331000	3330501	411.0	0.935737	0.167295
3331001	3332000	3331501	405.0	0.936259	0.146078
3332001	3333000	3332501	451.0	0.936782	0.301284
3333001	3334000	3333501	325.0	0.937304	-0.171404
3334001	3335000	3334501	322.0	0.937827	-0.184783
3335001	3336000	3335501	403.0	0.938349	0.138936
3336001	3337000	3336501	358.0	0.938871	-0.031884
3337001	3338000	3337501	374.0	0.939394	0.031195
3338001	3339000	3338501	335.0	0.939916	-0.127683
3339001	3340000	3339501	387.0	0.940439	0.080490
3340001	3341000	3340501	362.0	0.940961	-0.015854
3341001	3342000	3341501	425.0	0.941484	0.215619
3342001	3343000	3342501	411.0	0.942006	0.167295
3343001	3344000	3343501	363.0	0.942529	-0.011874
3344001	3345000	3344501	482.0	0.943051	0.397189
3345001	3346000	3345501	355.0	0.943574	-0.044025
3346001	3347000	3346501	362.0	0.944096	-0.015854
3347001	3348000	3347501	369.0	0.944619	0.011777
3348001	3349000	3348501	379.0	0.945141	0.050354
3349001	3350000	3349501	272.0	0.945664	-0.428237
3350001	3351000	3350501	304.0	0.946186	-0.267772
3351001	3352000	3351501	325.0	0.946708	-0.171404
3352001	3353000	3352501	276.0	0.947231	-0.407175
3353001	3354000	3353501	413.0	0.947753	0.174298
3354001	3355000	3354501	387.0	0.948276	0.080490
3355001	3356000	3355501	406.0	0.948798	0.149636
3356001	3357000	3356501	464.0	0.949321	0.342281
3357001	3358000	3357501	358.0	0.949843	-0.031884
3358001	3359000	3358501	360.0	0.950366	-0.023847
3359001	3360000	3359501	411.0	0.950888	0.167295
3360001	3361000	3360501	475.0	0.951411	0.376084
3361001	3362000	3361501	369.0	0.951933	0.011777
3362001	3363000	3362501	368.0	0.952456	0.007862
3363001	3364000	3363501	401.0	0.952978	0.131759
3364001	3365000	3364501	328.0	0.953501	-0.158148
3365001	3366000	3365501	293.0	0.954023	-0.320943
3366001	3367000	3366501	355.0	0.954545	-0.044025
3367001	3368000	3367501	368.0	0.955068	0.007862
3368001	3369000	3368501	343.0	0.955590	-0.093635
3369001	3370000	3369501	370.0	0.956113	0.015682
3370001	3371000	3370501	366.0	0.956635	0.000000
3371001	3372000	3371501	359.0	0.957158	-0.027860
3372001	3373000	3372501	477.0	0.957680	0.382146
3373001	3374000	3373501	492.0	0.958203	0.426815
3374001	3375000	3374501	404.0	0.958725	0.142512
3375001	3376000	3375501	365.0	0.959248	-0.003947
3376001	3377000	3376501	378.0	0.959770	0.046543
3377001	3378000	3377501	372.0	0.960293	0.023459
3378001	3379000	3378501	380.0	0.960815	0.054156
3379001	3380000	3379501	430.0	0.961338	0.232493
3380001	3381000	3380501	494.0	0.961860	0.432667
3381001	3382000	3381501	541.0	0.962382	0.563785
3382001	3383000	3382501	401.0	0.962905	0.131759
3383001	3384000	3383501	312.0	0.963427	-0.230298
3384001	3385000	3384501	292.0	0.963950	-0.325875
3385001	3386000	3385501	319.0	0.964472	-0.198287
3386001	3387000	3386501	334.0	0.964995	-0.131996
3387001	3388000	3387501	361.0	0.965517	-0.019845
3388001	3389000	3388501	303.0	0.966040	-0.272526
3389001	3390000	3389501	385.0	0.966562	0.073015
3390001	3391000	3390501	368.0	0.967085	0.007862
3391001	3392000	3391501	374.0	0.967607	0.031195
3392001	3393000	3392501	372.0	0.968130	0.023459
3393001	3394000	3393501	429.0	0.968652	0.229134
3394001	3395000	3394501	330.0	0.969175	-0.149378
3395001	3396000	3395501	263.0	0.969697	-0.476781
3396001	3397000	3396501	268.0	0.970219	-0.449611
3397001	3398000	3397501	304.0	0.970742	-0.267772
3398001	3399000	3398501	282.0	0.971264	-0.376148
3399001	3400000	3399501	327.0	0.971787	-0.162553
3400001	3401000	3400501	366.0	0.972309	0.000000
3401001	3402000	3401501	367.0	0.972832	0.003936
3402001	3403000	3402501	320.0	0.973354	-0.193772
3403001	3404000	3403501	373.0	0.973877	0.027332
3404001	3405000	3404501	342.0	0.974399	-0.097847
3405001	3406000	3405501	316.0	0.974922	-0.211919
3406001	3407000	3406501	408.0	0.975444	0.156726
3407001	3408000	3407501	359.0	0.975967	-0.027860
3408001	3409000	3408501	356.0	0.976489	-0.039966
3409001	3410000	3409501	357.0	0.977011	-0.035920
3410001	3411000	3410501	402.0	0.977534	0.135352
3411001	3412000	3411501	297.0	0.978056	-0.301381
3412001	3413000	3412501	328.0	0.978579	-0.158148
3413001	3414000	3413501	313.0	0.979101	-0.225681
3414001	3415000	3414501	328.0	0.979624	-0.158148
3415001	3416000	3415501	293.0	0.980146	-0.320943
3416001	3417000	3416501	313.0	0.980669	-0.225681
3417001	3418000	3417501	351.0	0.981191	-0.060373
3418001	3419000	3418501	302.0	0.981714	-0.277295
3419001	3420000	3419501	363.0	0.982236	-0.011874
3420001	3421000	3420501	447.0	0.982759	0.288431
3421001	3422000	3421501	379.0	0.983281	0.050354
3422001	3423000	3422501	353.0	0.983804	-0.052175
3423001	3424000	3423501	446.0	0.984326	0.285200
3424001	3425000	3424501	390.0	0.984848	0.091630
3425001	3426000	3425501	407.0	0.985371	0.153185
3426001	3427000	3426501	478.0	0.985893	0.385167
3427001	3428000	3427501	445.0	0.986416	0.281962
3428001	3429000	3428501	396.0	0.986938	0.113657
3429001	3430000	3429501	282.0	0.987461	-0.376148
3430001	3431000	3430501	320.0	0.987983	-0.193772
3431001	3432000	3431501	331.0	0.988506	-0.145012
3432001	3433000	3432501	312.0	0.989028	-0.230298
3433001	3434000	3433501	435.0	0.989551	0.249172
3434001	3435000	3434501	425.0	0.990073	0.215619
3435001	3436000	3435501	501.0	0.990596	0.452967
3436001	3437000	3436501	440.0	0.991118	0.265660
3437001	3438000	3437501	403.0	0.991641	0.138936
3438001	3439000	3438501	344.0	0.992163	-0.089435
3439001	3440000	3439501	340.0	0.992685	-0.106309
3440001	3441000	3440501	418.0	0.993208	0.191659
3441001	3442000	3441501	390.0	0.993730	0.091630
3442001	3443000	3442501	324.0	0.994253	-0.175850
3443001	3444000	3443501	305.0	0.994775	-0.263034
3444001	3445000	3444501	328.0	0.995298	-0.158148
3445001	3446000	3445501	315.0	0.995820	-0.216492
3446001	3447000	3446501	274.0	0.996343	-0.417668
3447001	3448000	3447501	296.0	0.996865	-0.306246
3448001	3449000	3448501	335.0	0.997388	-0.127683
3449001	3450000	3449501	401.0	0.997910	0.131759
3450001	3451000	3450501	369.0	0.998433	0.011777
3451001	3452000	3451501	398.0	0.998955	0.120925
3452001	3453000	3452501	371.0	0.999478	0.019576
3453001	3454000	3453501	372.0	1.000000	0.023459
3454001	3455000	3454501	375.0	-0.999522	0.035047
3455001	3456000	3455501	352.0	-0.999043	-0.056268
3456001	3457000	3456501	274.0	-0.998565	-0.417668
3457001	3458000	3457501	265.0	-0.998087	-0.465851
3458001	3459000	3458501	389.0	-0.997609	0.087927
3459001	3460000	3459501	354.0	-0.997130	-0.048094
3460001	3461000	3460501	390.0	-0.996652	0.091630
3461001	3462000	3461501	365.0	-0.996174	-0.003947
3462001	3463000	3462501	304.0	-0.995695	-0.267772
3463001	3464000	3463501	311.0	-0.995217	-0.234929
3464001	3465000	3464501	303.0	-0.994739	-0.272526
3465001	3466000	3465501	310.0	-0.994261	-0.239575
3466001	3467000	3466501	369.0	-0.993782	0.011777
3467001	3468000	3467501	443.0	-0.993304	0.275463
3468001	3469000	3468501	449.0	-0.992826	0.294872
3469001	3470000	3469501	415.0	-0.992347	0.181268
3470001	3471000	3470501	451.0	-0.991869	0.301284
3471001	3472000	3471501	465.0	-0.991391	0.345387
3472001	3473000	3472501	437.0	-0.990913	0.255790
3473001	3474000	3473501	338.0	-0.990434	-0.114820
3474001	3475000	3474501	395.0	-0.989956	0.110009
3475001	3476000	3475501	428.0	-0.989478	0.225767
3476001	3477000	3476501	286.0	-0.988999	-0.355829
3477001	3478000	3477501	295.0	-0.988521	-0.311129
3478001	3479000	3478501	325.0	-0.988043	-0.171404
3479001	3480000	3479501	286.0	-0.987565	-0.355829
3480001	3481000	3480501	337.0	-0.987086	-0.119095
3481001	3482000	3481501	326.0	-0.986608	-0.166972
3482001	3483000	3482501	360.0	-0.986130	-0.023847
3483001	3484000	3483501	263.0	-0.985651	-0.476781
3484001	3485000	3484501	313.0	-0.985173	-0.225681
3485001	3486000	3485501	398.0	-0.984695	0.120925
3486001	3487000	3486501	389.0	-0.984217	0.087927
3487001	3488000	3487501	373.0	-0.983738	0.027332
3488001	3489000	3488501	485.0	-0.983260	0.406141
3489001	3490000	3489501	514.0	-0.982782	0.489925
3490001	3491000	3490501	391.0	-0.982303	0.095325
3491001	3492000	3491501	327.0	-0.981825	-0.162553
3492001	3493000	3492501	280.0	-0.981347	-0.386417
3493001	3494000	3493501	328.0	-0.980868	-0.158148
3494001	3495000	3494501	299.0	-0.980390	-0.291698
3495001	3496000	3495501	323.0	-0.979912	-0.180309
3496001	3497000	3496501	455.0	-0.979434	0.314023
3497001	3498000	3497501	352.0	-0.978955	-0.056268
3498001	3499000	3498501	332.0	-0.978477	-0.140660
3499001	3500000	3499501	361.0	-0.977999	-0.019845
3500001	3501000	3500501	402.0	-0.977520	0.135352
3501001	3502000	3501501	392.0	-0.977042	0.099010
3502001	3503000	3502501	349.0	-0.976564	-0.068617
3503001	3504000	3503501	322.0	-0.976086	-0.184783
3504001	3505000	3504501	368.0	-0.975607	0.007862
3505001	3506000	3505501	385.0	-0.975129	0.073015
3506001	3507000	3506501	412.0	-0.974651	0.170801
3507001	3508000	3507501	357.0	-0.974172	-0.035920
3508001	3509000	3508501	353.0	-0.973694	-0.052175
3509001	3510000	3509501	258.0	-0.973216	-0.504473
3510001	3511000	3510501	315.0	-0.972738	-0.216492
3511001	3512000	3511501	289.0	-0.972259	-0.340774
3512001	3513000	3512501	317.0	-0.971781	-0.207361
3513001	3514000	3513501	384.0	-0.971303	0.069263
3514001	3515000	3514501	379.0	-0.970824	0.050354
3515001	3516000	3515501	354.0	-0.970346	-0.048094
3516001	3517000	3516501	342.0	-0.969868	-0.097847
3517001	3518000	3517501	327.0	-0.969390	-0.162553
3518001	3519000	3518501	332.0	-0.968911	-0.140660
3519001	3520000	3519501	424.0	-0.968433	0.212221
3520001	3521000	3520501	390.0	-0.967955	0.091630
3521001	3522000	3521501	386.0	-0.967476	0.076757
3522001	3523000	3522501	329.0	-0.966998	-0.153756
3523001	3524000	3523501	387.0	-0.966520	0.080490
3524001	3525000	3524501	410.0	-0.966042	0.163780
3525001	3526000	3525501	549.0	-0.965563	0.584963
3526001	3527000	3526501	456.0	-0.965085	0.317190
3527001	3528000	3527501	556.0	-0.964607	0.603241
3528001	3529000	3528501	446.0	-0.964128	0.285200
3529001	3530000	3529501	513.0	-0.963650	0.487115
3530001	3531000	3530501	579.0	-0.963172	0.661720
3531001	3532000	3531501	375.0	-0.962694	0.035047
3532001	3533000	3532501	363.0	-0.962215	-0.011874
3533001	3534000	3533501	323.0	-0.961737	-0.180309
3534001	3535000	3534501	373.0	-0.961259	0.027332
3535001	3536000	3535501	353.0	-0.960780	-0.052175
3536001	3537000	3536501	316.0	-0.960302	-0.211919
3537001	3538000	3537501	278.0	-0.959824	-0.396759
3538001	3539000	3538501	285.0	-0.959346	-0.360882
3539001	3540000	3539501	283.0	-0.958867	-0.371042
3540001	3541000	3540501	332.0	-0.958389	-0.140660
3541001	3542000	3541501	377.0	-0.957911	0.042721
3542001	3543000	3542501	392.0	-0.957432	0.099010
3543001	3544000	3543501	362.0	-0.956954	-0.015854
3544001	3545000	3544501	327.0	-0.956476	-0.162553
3545001	3546000	3545501	319.0	-0.955998	-0.198287
3546001	3547000	3546501	301.0	-0.955519	-0.282080
3547001	3548000	3547501	382.0	-0.955041	0.061729
3548001	3549000	3548501	335.0	-0.954563	-0.127683
3549001	3550000	3549501	359.0	-0.954084	-0.027860
3550001	3551000	3550501	282.0	-0.953606	-0.376148
3551001	3552000	3551501	300.0	-0.953128	-0.286881
3552001	3553000	3552501	327.0	-0.952650	-0.162553
3553001	3554000	3553501	413.0	-0.952171	0.174298
3554001	3555000	3554501	304.0	-0.951693	-0.267772
3555001	3556000	3555501	296.0	-0.951215	-0.306246
3556001	3557000	3556501	318.0	-0.950736	-0.202817
3557001	3558000	3557501	302.0	-0.950258	-0.277295
3558001	3559000	3558501	449.0	-0.949780	0.294872
3559001	3560000	3559501	364.0	-0.949302	-0.007905
3560001	3561000	3560501	385.0	-0.948823	0.073015
3561001	3562000	3561501	427.0	-0.948345	0.222392
3562001	3563000	3562501	416.0	-0.947867	0.184740
3563001	3564000	3563501	327.0	-0.947388	-0.162553
3564001	3565000	3564501	389.0	-0.946910	0.087927
3565001	3566000	3565501	316.0	-0.946432	-0.211919
3566001	3567000	3566501	307.0	-0.945953	-0.253605
3567001	3568000	3567501	264.0	-0.945475	-0.471306
3568001	3569000	3568501	273.0	-0.944997	-0.422943
3569001	3570000	3569501	375.0	-0.944519	0.035047
3570001	3571000	3570501	383.0	-0.944040	0.065501
3571001	3572000	3571501	306.0	-0.943562	-0.258312
3572001	3573000	3572501	337.0	-0.943084	-0.119095
3573001	3574000	3573501	367.0	-0.942605	0.003936
3574001	3575000	3574501	292.0	-0.942127	-0.325875
3575001	3576000	3575501	341.0	-0.941649	-0.102072
3576001	3577000	3576501	382.0	-0.941171	0.061729
3577001	3578000	3577501	428.0	-0.940692	0.225767
3578001	3579000	3578501	353.0	-0.940214	-0.052175
3579001	3580000	3579501	332.0	-0.939736	-0.140660
3580001	3581000	3580501	331.0	-0.939257	-0.145012
3581001	3582000	3581501	323.0	-0.938779	-0.180309
3582001	3583000	3582501	306.0	-0.938301	-0.258312
3583001	3584000	3583501	329.0	-0.937823	-0.153756
3584001	3585000	3584501	283.0	-0.937344	-0.371042
3585001	3586000	3585501	310.0	-0.936866	-0.239575
3586001	3587000	3586501	367.0	-0.936388	0.003936
3587001	3588000	3587501	388.0	-0.935909	0.084213
3588001	3589000	3588501	305.0	-0.935431	-0.263034
3589001	3590000	3589501	323.0	-0.934953	-0.180309
3590001	3591000	3590501	293.0	-0.934475	-0.320943
3591001	3592000	3591501	232.0	-0.933996	-0.657719
3592001	3593000	3592501	331.0	-0.933518	-0.145012
3593001	3594000	3593501	342.0	-0.933040	-0.097847
3594001	3595000	3594501	363.0	-0.932561	-0.011874
3595001	3596000	3595501	419.0	-0.932083	0.195107
3596001	3597000	3596501	316.0	-0.931605	-0.211919
3597001	3598000	3597501	488.0	-0.931127	0.415037
3598001	3599000	3598501	428.0	-0.930648	0.225767
3599001	3600000	3599501	361.0	-0.930170	-0.019845
3600001	3601000	3600501	278.0	-0.929692	-0.396759
3601001	3602000	3601501	308.0	-0.929213	-0.248913
3602001	3603000	3602501	358.0	-0.928735	-0.031884
3603001	3604000	3603501	366.0	-0.928257	0.000000
3604001	3605000	3604501	295.0	-0.927779	-0.311129
3605001	3606000	3605501	287.0	-0.927300	-0.350793
3606001	3607000	3606501	313.0	-0.926822	-0.225681
3607001	3608000	3607501	274.0	-0.926344	-0.417668
3608001	3609000	3608501	280.0	-0.925865	-0.386417
3609001	3610000	3609501	302.0	-0.925387	-0.277295
3610001	3611000	3610501	298.0	-0.924909	-0.296531
3611001	3612000	3611501	230.0	-0.924431	-0.670210
3612001	3613000	3612501	255.0	-0.923952	-0.521346
3613001	3614000	3613501	425.0	-0.923474	0.215619
3614001	3615000	3614501	470.0	-0.922996	0.360817
3615001	3616000	3615501	473.0	-0.922517	0.369997
3616001	3617000	3616501	401.0	-0.922039	0.131759
3617001	3618000	3617501	335.0	-0.921561	-0.127683
3618001	3619000	3618501	360.0	-0.921083	-0.023847
3619001	3620000	3619501	347.0	-0.920604	-0.076908
3620001	3621000	3620501	288.0	-0.920126	-0.345775
3621001	3622000	3621501	373.0	-0.919648	0.027332
3622001	3623000	3622501	370.0	-0.919169	0.015682
3623001	3624000	3623501	382.0	-0.918691	0.061729
3624001	3625000	3624501	334.0	-0.918213	-0.131996
3625001	3626000	3625501	317.0	-0.917735	-0.207361
3626001	3627000	3626501	374.0	-0.917256	0.031195
3627001	3628000	3627501	348.0	-0.916778	-0.072756
3628001	3629000	3628501	346.0	-0.916300	-0.081072
3629001	3630000	3629501	362.0	-0.915821	-0.015854
3630001	3631000	3630501	337.0	-0.915343	-0.119095
3631001	3632000	3631501	350.0	-0.914865	-0.064489
3632001	3633000	3632501	304.0	-0.914387	-0.267772
3633001	3634000	3633501	289.0	-0.913908	-0.340774
3634001	3635000	3634501	344.0	-0.913430	-0.089435
3635001	3636000	3635501	391.0	-0.912952	0.095325
3636001	3637000	3636501	283.0	-0.912473	-0.371042
3637001	3638000	3637501	303.0	-0.911995	-0.272526
3638001	3639000	3638501	339.0	-0.911517	-0.110558
3639001	3640000	3639501	395.0	-0.911038	0.110009
3640001	3641000	3640501	376.0	-0.910560	0.038889
3641001	3642000	3641501	339.0	-0.910082	-0.110558
3642001	3643000	3642501	275.0	-0.909604	-0.412412
3643001	3644000	3643501	276.0	-0.909125	-0.407175
3644001	3645000	3644501	307.0	-0.908647	-0.253605
3645001	3646000	3645501	390.0	-0.908169	0.091630
3646001	3647000	3646501	354.0	-0.907690	-0.048094
3647001	3648000	3647501	339.0	-0.907212	-0.110558
3648001	3649000	3648501	302.0	-0.906734	-0.277295
3649001	3650000	3649501	413.0	-0.906256	0.174298
3650001	3651000	3650501	352.0	-0.905777	-0.056268
3651001	3652000	3651501	310.0	-0.905299	-0.239575
3652001	3653000	3652501	308.0	-0.904821	-0.248913
3653001	3654000	3653501	374.0	-0.904342	0.031195
3654001	3655000	3654501	374.0	-0.903864	0.031195
3655001	3656000	3655501	389.0	-0.903386	0.087927
3656001	3657000	3656501	355.0	-0.902908	-0.044025
3657001	3658000	3657501	433.0	-0.902429	0.242523
3658001	3659000	3658501	419.0	-0.901951	0.195107
3659001	3660000	3659501	375.0	-0.901473	0.035047
3660001	3661000	3660501	356.0	-0.900994	-0.039966
3661001	3662000	3661501	367.0	-0.900516	0.003936
3662001	3663000	3662501	403.0	-0.900038	0.138936
3663001	3664000	3663501	384.0	-0.899560	0.069263
3664001	3665000	3664501	366.0	-0.899081	0.000000
3665001	3666000	3665501	366.0	-0.898603	0.000000
3666001	3667000	3666501	442.0	-0.898125	0.272203
3667001	3668000	3667501	389.0	-0.897646	0.087927
3668001	3669000	3668501	333.0	-0.897168	-0.136321
3669001	3670000	3669501	313.0	-0.896690	-0.225681
3670001	3671000	3670501	305.0	-0.896212	-0.263034
3671001	3672000	3671501	366.0	-0.895733	0.000000
3672001	3673000	3672501	368.0	-0.895255	0.007862
3673001	3674000	3673501	346.0	-0.894777	-0.081072
3674001	3675000	3674501	345.0	-0.894298	-0.085247
3675001	3676000	3675501	404.0	-0.893820	0.142512
3676001	3677000	3676501	391.0	-0.893342	0.095325
3677001	3678000	3677501	378.0	-0.892864	0.046543
3678001	3679000	3678501	365.0	-0.892385	-0.003947
3679001	3680000	3679501	401.0	-0.891907	0.131759
3680001	3681000	3680501	399.0	-0.891429	0.124545
3681001	3682000	3681501	455.0	-0.890950	0.314023
3682001	3683000	3682501	405.0	-0.890472	0.146078
3683001	3684000	3683501	395.0	-0.889994	0.110009
3684001	3685000	3684501	412.0	-0.889516	0.170801
3685001	3686000	3685501	403.0	-0.889037	0.138936
3686001	3687000	3686501	361.0	-0.888559	-0.019845
3687001	3688000	3687501	344.0	-0.888081	-0.089435
3688001	3689000	3688501	332.0	-0.887602	-0.140660
3689001	3690000	3689501	442.0	-0.887124	0.272203
3690001	3691000	3690501	504.0	-0.886646	0.461580
3691001	3692000	3691501	341.0	-0.886168	-0.102072
3692001	3693000	3692501	299.0	-0.885689	-0.291698
3693001	3694000	3693501	350.0	-0.885211	-0.064489
3694001	3695000	3694501	373.0	-0.884733	0.027332
3695001	3696000	3695501	435.0	-0.884254	0.249172
3696001	3697000	3696501	449.0	-0.883776	0.294872
3697001	3698000	3697501	388.0	-0.883298	0.084213
3698001	3699000	3698501	378.0	-0.882820	0.046543
3699001	3700000	3699501	411.0	-0.882341	0.167295
3700001	3701000	3700501	332.0	-0.881863	-0.140660
3701001	3702000	3701501	319.0	-0.881385	-0.198287
3702001	3703000	3702501	431.0	-0.880906	0.235844
3703001	3704000	3703501	420.0	-0.880428	0.198546
3704001	3705000	3704501	393.0	-0.879950	0.102686
3705001	3706000	3705501	442.0	-0.879472	0.272203
3706001	3707000	3706501	324.0	-0.878993	-0.175850
3707001	3708000	3707501	386.0	-0.878515	0.076757
3708001	3709000	3708501	326.0	-0.878037	-0.166972
3709001	3710000	3709501	276.0	-0.877558	-0.407175
3710001	3711000	3710501	313.0	-0.877080	-0.225681
3711001	3712000	3711501	405.0	-0.876602	0.146078
3712001	3713000	3712501	368.0	-0.876123	0.007862
3713001	3714000	3713501	402.0	-0.875645	0.135352
3714001	3715000	3714501	348.0	-0.875167	-0.072756
3715001	3716000	3715501	431.0	-0.874689	0.235844
3716001	3717000	3716501	405.0	-0.874210	0.146078
3717001	3718000	3717501	462.0	-0.873732	0.336049
3718001	3719000	3718501	316.0	-0.873254	-0.211919
3719001	3720000	3719501	379.0	-0.872775	0.050354
3720001	3721000	3720501	331.0	-0.872297	-0.145012
3721001	3722000	3721501	370.0	-0.871819	0.015682
3722001	3723000	3722501	368.0	-0.871341	0.007862
3723001	3724000	3723501	347.0	-0.870862	-0.076908
3724001	3725000	3724501	399.0	-0.870384	0.124545
3725001	3726000	3725501	358.0	-0.869906	-0.031884
3726001	3727000	3726501	320.0	-0.869427	-0.193772
3727001	3728000	3727501	354.0	-0.868949	-0.048094
3728001	3729000	3728501	363.0	-0.868471	-0.011874
3729001	3730000	3729501	341.0	-0.867993	-0.102072
3730001	3731000	3730501	283.0	-0.867514	-0.371042
3731001	3732000	3731501	275.0	-0.867036	-0.412412
3732001	3733000	3732501	316.0	-0.866558	-0.211919
3733001	3734000	3733501	267.0	-0.866079	-0.455004
3734001	3735000	3734501	297.0	-0.865601	-0.301381
3735001	3736000	3735501	279.0	-0.865123	-0.391579
3736001	3737000	3736501	337.0	-0.864645	-0.119095
3737001	3738000	3737501	313.0	-0.864166	-0.225681
3738001	3739000	3738501	293.0	-0.863688	-0.320943
3739001	3740000	3739501	243.0	-0.863210	-0.590887
3740001	3741000	3740501	309.0	-0.862731	-0.244237
3741001	3742000	3741501	413.0	-0.862253	0.174298
3742001	3743000	3742501	315.0	-0.861775	-0.216492
3743001	3744000	3743501	323.0	-0.861297	-0.180309
3744001	3745000	3744501	273.0	-0.860818	-0.422943
3745001	3746000	3745501	393.0	-0.860340	0.102686
3746001	3747000	3746501	425.0	-0.859862	0.215619
3747001	3748000	3747501	427.0	-0.859383	0.222392
3748001	3749000	3748501	597.0	-0.858905	0.705887
3749001	3750000	3749501	400.0	-0.858427	0.128156
3750001	3751000	3750501	349.0	-0.857949	-0.068617
3751001	3752000	3751501	399.0	-0.857470	0.124545
3752001	3753000	3752501	311.0	-0.856992	-0.234929
3753001	3754000	3753501	345.0	-0.856514	-0.085247
3754001	3755000	3754501	321.0	-0.856035	-0.189270
3755001	3756000	3755501	346.0	-0.855557	-0.081072
3756001	3757000	3756501	384.0	-0.855079	0.069263
3757001	3758000	3757501	345.0	-0.854601	-0.085247
3758001	3759000	3758501	387.0	-0.854122	0.080490
3759001	3760000	3759501	382.0	-0.853644	0.061729
3760001	3761000	3760501	372.0	-0.853166	0.023459
3761001	3762000	3761501	345.0	-0.852687	-0.085247
3762001	3763000	3762501	382.0	-0.852209	0.061729
3763001	3764000	3763501	471.0	-0.851731	0.363883
3764001	3765000	3764501	390.0	-0.851253	0.091630
3765001	3766000	3765501	349.0	-0.850774	-0.068617
3766001	3767000	3766501	372.0	-0.850296	0.023459
3767001	3768000	3767501	379.0	-0.849818	0.050354
3768001	3769000	3768501	358.0	-0.849339	-0.031884
3769001	3770000	3769501	346.0	-0.848861	-0.081072
3770001	3771000	3770501	394.0	-0.848383	0.106352
3771001	3772000	3771501	337.0	-0.847905	-0.119095
3772001	3773000	3772501	330.0	-0.847426	-0.149378
3773001	3774000	3773501	425.0	-0.846948	0.215619
3774001	3775000	3774501	430.0	-0.846470	0.232493
3775001	3776000	3775501	342.0	-0.845991	-0.097847
3776001	3777000	3776501	384.0	-0.845513	0.069263
3777001	3778000	3777501	335.0	-0.845035	-0.127683
3778001	3779000	3778501	357.0	-0.844557	-0.035920
3779001	3780000	3779501	342.0	-0.844078	-0.097847
3780001	3781000	3780501	449.0	-0.843600	0.294872
3781001	3782000	3781501	498.0	-0.843122	0.444302
3782001	3783000	3782501	355.0	-0.842643	-0.044025
3783001	3784000	3783501	360.0	-0.842165	-0.023847
3784001	3785000	3784501	412.0	-0.841687	0.170801
3785001	3786000	3785501	364.0	-0.841208	-0.007905
3786001	3787000	3786501	306.0	-0.840730	-0.258312
3787001	3788000	3787501	345.0	-0.840252	-0.085247
3788001	3789000	3788501	303.0	-0.839774	-0.272526
3789001	3790000	3789501	320.0	-0.839295	-0.193772
3790001	3791000	3790501	481.0	-0.838817	0.394193
3791001	3792000	3791501	419.0	-0.838339	0.195107
3792001	3793000	3792501	439.0	-0.837860	0.262377
3793001	3794000	3793501	315.0	-0.837382	-0.216492
3794001	3795000	3794501	388.0	-0.836904	0.084213
3795001	3796000	3795501	356.0	-0.836426	-0.039966
3796001	3797000	3796501	358.0	-0.835947	-0.031884
3797001	3798000	3797501	452.0	-0.835469	0.304479
3798001	3799000	3798501	428.0	-0.834991	0.225767
3799001	3800000	3799501	520.0	-0.834512	0.506668
3800001	3801000	3800501	409.0	-0.834034	0.160257
3801001	3802000	3801501	493.0	-0.833556	0.429744
3802001	3803000	3802501	401.0	-0.833078	0.131759
3803001	3804000	3803501	311.0	-0.832599	-0.234929
3804001	3805000	3804501	326.0	-0.832121	-0.166972
3805001	3806000	3805501	397.0	-0.831643	0.117295
3806001	3807000	3806501	355.0	-0.831164	-0.044025
3807001	3808000	3807501	327.0	-0.830686	-0.162553
3808001	3809000	3808501	326.0	-0.830208	-0.166972
3809001	3810000	3809501	404.0	-0.829730	0.142512
3810001	3811000	3810501	346.0	-0.829251	-0.081072
3811001	3812000	3811501	339.0	-0.828773	-0.110558
3812001	3813000	3812501	263.0	-0.828295	-0.476781
3813001	3814000	3813501	321.0	-0.827816	-0.189270
3814001	3815000	3814501	339.0	-0.827338	-0.110558
3815001	3816000	3815501	336.0	-0.826860	-0.123382
3816001	3817000	3816501	313.0	-0.826382	-0.225681
3817001	3818000	3817501	357.0	-0.825903	-0.035920
3818001	3819000	3818501	324.0	-0.825425	-0.175850
3819001	3820000	3819501	294.0	-0.824947	-0.316027
3820001	3821000	3820501	350.0	-0.824468	-0.064489
3821001	3822000	3821501	356.0	-0.823990	-0.039966
3822001	3823000	3822501	369.0	-0.823512	0.011777
3823001	3824000	3823501	314.0	-0.823034	-0.221079
3824001	3825000	3824501	415.0	-0.822555	0.181268
3825001	3826000	3825501	399.0	-0.822077	0.124545
3826001	3827000	3826501	352.0	-0.821599	-0.056268
3827001	3828000	3827501	335.0	-0.821120	-0.127683
3828001	3829000	3828501	348.0	-0.820642	-0.072756
3829001	3830000	3829501	389.0	-0.820164	0.087927
3830001	3831000	3830501	391.0	-0.819686	0.095325
3831001	3832000	3831501	346.0	-0.819207	-0.081072
3832001	3833000	3832501	388.0	-0.818729	0.084213
3833001	3834000	3833501	423.0	-0.818251	0.208814
3834001	3835000	3834501	479.0	-0.817772	0.388182
3835001	3836000	3835501	370.0	-0.817294	0.015682
3836001	3837000	3836501	351.0	-0.816816	-0.060373
3837001	3838000	3837501	454.0	-0.816338	0.310849
3838001	3839000	3838501	405.0	-0.815859	0.146078
3839001	3840000	3839501	393.0	-0.815381	0.102686
3840001	3841000	3840501	430.0	-0.814903	0.232493
3841001	3842000	3841501	426.0	-0.814424	0.219010
3842001	3843000	3842501	444.0	-0.813946	0.278716
3843001	3844000	3843501	570.0	-0.813468	0.639118
3844001	3845000	3844501	453.0	-0.812990	0.307667
3845001	3846000	3845501	362.0	-0.812511	-0.015854
3846001	3847000	3846501	439.0	-0.812033	0.262377
3847001	3848000	3847501	309.0	-0.811555	-0.244237
3848001	3849000	3848501	382.0	-0.811076	0.061729
3849001	3850000	3849501	438.0	-0.810598	0.259087
3850001	3851000	3850501	484.0	-0.810120	0.403163
3851001	3852000	3851501	482.0	-0.809642	0.397189
3852001	3853000	3852501	317.0	-0.809163	-0.207361
3853001	3854000	3853501	334.0	-0.808685	-0.131996
3854001	3855000	3854501	355.0	-0.808207	-0.044025
3855001	3856000	3855501	452.0	-0.807728	0.304479
3856001	3857000	3856501	384.0	-0.807250	0.069263
3857001	3858000	3857501	360.0	-0.806772	-0.023847
3858001	3859000	3858501	484.0	-0.806294	0.403163
3859001	3860000	3859501	427.0	-0.805815	0.222392
3860001	3861000	3860501	299.0	-0.805337	-0.291698
3861001	3862000	3861501	357.0	-0.804859	-0.035920
3862001	3863000	3862501	326.0	-0.804380	-0.166972
3863001	3864000	3863501	357.0	-0.803902	-0.035920
3864001	3865000	3864501	394.0	-0.803424	0.106352
3865001	3866000	3865501	345.0	-0.802945	-0.085247
3866001	3867000	3866501	352.0	-0.802467	-0.056268
3867001	3868000	3867501	305.0	-0.801989	-0.263034
3868001	3869000	3868501	337.0	-0.801511	-0.119095
3869001	3870000	3869501	305.0	-0.801032	-0.263034
3870001	3871000	3870501	297.0	-0.800554	-0.301381
3871001	3872000	3871501	362.0	-0.800076	-0.015854
3872001	3873000	3872501	366.0	-0.799597	0.000000
3873001	3874000	3873501	397.0	-0.799119	0.117295
3874001	3875000	3874501	313.0	-0.798641	-0.225681
3875001	3876000	3875501	312.0	-0.798163	-0.230298
3876001	3877000	3876501	324.0	-0.797684	-0.175850
3877001	3878000	3877501	362.0	-0.797206	-0.015854
3878001	3879000	3878501	361.0	-0.796728	-0.019845
3879001	3880000	3879501	306.0	-0.796249	-0.258312
3880001	3881000	3880501	344.0	-0.795771	-0.089435
3881001	3882000	3881501	331.0	-0.795293	-0.145012
3882001	3883000	3882501	336.0	-0.794815	-0.123382
3883001	3884000	3883501	319.0	-0.794336	-0.198287
3884001	3885000	3884501	321.0	-0.793858	-0.189270
3885001	3886000	3885501	359.0	-0.793380	-0.027860
3886001	3887000	3886501	335.0	-0.792901	-0.127683
3887001	3888000	3887501	313.0	-0.792423	-0.225681
3888001	3889000	3888501	336.0	-0.791945	-0.123382
3889001	3890000	3889501	385.0	-0.791467	0.073015
3890001	3891000	3890501	416.0	-0.790988	0.184740
3891001	3892000	3891501	377.0	-0.790510	0.042721
3892001	3893000	3892501	411.0	-0.790032	0.167295
3893001	3894000	3893501	465.0	-0.789553	0.345387
3894001	3895000	3894501	427.0	-0.789075	0.222392
3895001	3896000	3895501	311.0	-0.788597	-0.234929
3896001	3897000	3896501	458.0	-0.788119	0.323504
3897001	3898000	3897501	400.0	-0.787640	0.128156
3898001	3899000	3898501	311.0	-0.787162	-0.234929
3899001	3900000	3899501	336.0	-0.786684	-0.123382
3900001	3901000	3900501	295.0	-0.786205	-0.311129
3901001	3902000	3901501	364.0	-0.785727	-0.007905
3902001	3903000	3902501	339.0	-0.785249	-0.110558
3903001	3904000	3903501	392.0	-0.784771	0.099010
3904001	3905000	3904501	357.0	-0.784292	-0.035920
3905001	3906000	3905501	396.0	-0.783814	0.113657
3906001	3907000	3906501	338.0	-0.783336	-0.114820
3907001	3908000	3907501	346.0	-0.782857	-0.081072
3908001	3909000	3908501	383.0	-0.782379	0.065501
3909001	3910000	3909501	386.0	-0.781901	0.076757
3910001	3911000	3910501	409.0	-0.781423	0.160257
3911001	3912000	3911501	336.0	-0.780944	-0.123382
3912001	3913000	3912501	334.0	-0.780466	-0.131996
3913001	3914000	3913501	372.0	-0.779988	0.023459
3914001	3915000	3914501	335.0	-0.779509	-0.127683
3915001	3916000	3915501	347.0	-0.779031	-0.076908
3916001	3917000	3916501	294.0	-0.778553	-0.316027
3917001	3918000	3917501	332.0	-0.778075	-0.140660
3918001	3919000	3918501	324.0	-0.777596	-0.175850
3919001	3920000	3919501	292.0	-0.777118	-0.325875
3920001	3921000	3920501	373.0	-0.776640	0.027332
3921001	3922000	3921501	331.0	-0.776161	-0.145012
3922001	3923000	3922501	352.0	-0.775683	-0.056268
3923001	3924000	3923501	390.0	-0.775205	0.091630
3924001	3925000	3924501	306.0	-0.774727	-0.258312
3925001	3926000	3925501	297.0	-0.774248	-0.301381
3926001	3927000	3926501	285.0	-0.773770	-0.360882
3927001	3928000	3927501	282.0	-0.773292	-0.376148
3928001	3929000	3928501	342.0	-0.772813	-0.097847
3929001	3930000	3929501	363.0	-0.772335	-0.011874
3930001	3931000	3930501	256.0	-0.771857	-0.515700
3931001	3932000	3931501	342.0	-0.771379	-0.097847
3932001	3933000	3932501	344.0	-0.770900	-0.089435
3933001	3934000	3933501	419.0	-0.770422	0.195107
3934001	3935000	3934501	364.0	-0.769944	-0.007905
3935001	3936000	3935501	320.0	-0.769465	-0.193772
3936001	3937000	3936501	359.0	-0.768987	-0.027860
3937001	3938000	3937501	336.0	-0.768509	-0.123382
3938001	3939000	3938501	417.0	-0.768030	0.188204
3939001	3940000	3939501	357.0	-0.767552	-0.035920
3940001	3941000	3940501	350.0	-0.767074	-0.064489
3941001	3942000	3941501	386.0	-0.766596	0.076757
3942001	3943000	3942501	434.0	-0.766117	0.245851
3943001	3944000	3943501	478.0	-0.765639	0.385167
3944001	3945000	3944501	289.0	-0.765161	-0.340774
3945001	3946000	3945501	321.0	-0.764682	-0.189270
3946001	3947000	3946501	342.0	-0.764204	-0.097847
3947001	3948000	3947501	395.0	-0.763726	0.110009
3948001	3949000	3948501	283.0	-0.763248	-0.371042
3949001	3950000	3949501	425.0	-0.762769	0.215619
3950001	3951000	3950501	334.0	-0.762291	-0.131996
3951001	3952000	3951501	324.0	-0.761813	-0.175850
3952001	3953000	3952501	424.0	-0.761334	0.212221
3953001	3954000	3953501	353.0	-0.760856	-0.052175
3954001	3955000	3954501	376.0	-0.760378	0.038889
3955001	3956000	3955501	339.0	-0.759900	-0.110558
3956001	3957000	3956501	368.0	-0.759421	0.007862
3957001	3958000	3957501	412.0	-0.758943	0.170801
3958001	3959000	3958501	382.0	-0.758465	0.061729
3959001	3960000	3959501	418.0	-0.757986	0.191659
3960001	3961000	3960501	396.0	-0.757508	0.113657
3961001	3962000	3961501	301.0	-0.757030	-0.282080
3962001	3963000	3962501	300.0	-0.756552	-0.286881
3963001	3964000	3963501	297.0	-0.756073	-0.301381
3964001	3965000	3964501	352.0	-0.755595	-0.056268
3965001	3966000	3965501	387.0	-0.755117	0.080490
3966001	3967000	3966501	411.0	-0.754638	0.167295
3967001	3968000	3967501	334.0	-0.754160	-0.131996
3968001	3969000	3968501	315.0	-0.753682	-0.216492
3969001	3970000	3969501	376.0	-0.753204	0.038889
3970001	3971000	3970501	381.0	-0.752725	0.057947
3971001	3972000	3971501	380.0	-0.752247	0.054156
3972001	3973000	3972501	451.0	-0.751769	0.301284
3973001	3974000	3973501	385.0	-0.751290	0.073015
3974001	3975000	3974501	333.0	-0.750812	-0.136321
3975001	3976000	3975501	363.0	-0.750334	-0.011874
3976001	3977000	3976501	409.0	-0.749856	0.160257
3977001	3978000	3977501	323.0	-0.749377	-0.180309
3978001	3979000	3978501	406.0	-0.748899	0.149636
3979001	3980000	3979501	352.0	-0.748421	-0.056268
3980001	3981000	3980501	415.0	-0.747942	0.181268
3981001	3982000	3981501	345.0	-0.747464	-0.085247
3982001	3983000	3982501	404.0	-0.746986	0.142512
3983001	3984000	3983501	350.0	-0.746508	-0.064489
3984001	3985000	3984501	347.0	-0.746029	-0.076908
3985001	3986000	3985501	381.0	-0.745551	0.057947
3986001	3987000	3986501	424.0	-0.745073	0.212221
3987001	3988000	3987501	441.0	-0.744594	0.268935
3988001	3989000	3988501	397.0	-0.744116	0.117295
3989001	3990000	3989501	492.0	-0.743638	0.426815
3990001	3991000	3990501	455.0	-0.743160	0.314023
3991001	3992000	3991501	408.0	-0.742681	0.156726
3992001	3993000	3992501	364.0	-0.742203	-0.007905
3993001	3994000	3993501	452.0	-0.741725	0.304479
3994001	3995000	3994501	306.0	-0.741246	-0.258312
3995001	3996000	3995501	348.0	-0.740768	-0.072756
3996001	3997000	3996501	371.0	-0.740290	0.019576
3997001	3998000	3997501	367.0	-0.739812	0.003936
3998001	3999000	3998501	527.0	-0.739333	0.525959
3999001	4000000	3999501	500.0	-0.738855	0.450084
4000001	4001000	4000501	479.0	-0.738377	0.388182
4001001	4002000	4001501	434.0	-0.737898	0.245851
4002001	4003000	4002501	345.0	-0.737420	-0.085247
4003001	4004000	4003501	316.0	-0.736942	-0.211919
