window_start	window_end	window_mid	raw_count	norm_position	log2_ratio
1	1000	501	400.0	-0.736085	-0.032101
1001	2000	1501	443.0	-0.735606	0.115206
2001	3000	2501	474.0	-0.735128	0.212786
3001	4000	3501	563.0	-0.734650	0.461034
4001	5000	4501	389.0	-0.734172	-0.072331
5001	6000	5501	375.0	-0.733693	-0.125210
6001	7000	6501	356.0	-0.733215	-0.200224
7001	8000	7501	398.0	-0.732737	-0.039332
8001	9000	8501	472.0	-0.732258	0.206686
9001	10000	9501	444.0	-0.731780	0.118459
10001	11000	10501	379.0	-0.731302	-0.109903
11001	12000	11501	298.0	-0.730824	-0.456789
12001	13000	12501	312.0	-0.730345	-0.390555
13001	14000	13501	407.0	-0.729867	-0.007072
14001	15000	14501	362.0	-0.729389	-0.176111
15001	16000	15501	410.0	-0.728910	0.003523
16001	17000	16501	397.0	-0.728432	-0.042962
17001	18000	17501	402.0	-0.727954	-0.024905
18001	19000	18501	397.0	-0.727476	-0.042962
19001	20000	19501	376.0	-0.726997	-0.121368
20001	21000	20501	396.0	-0.726519	-0.046600
21001	22000	21501	383.0	-0.726041	-0.094756
22001	23000	22501	380.0	-0.725562	-0.106101
23001	24000	23501	465.0	-0.725084	0.185130
24001	25000	24501	455.0	-0.724606	0.153766
25001	26000	25501	412.0	-0.724128	0.010543
26001	27000	26501	394.0	-0.723649	-0.053905
27001	28000	27501	357.0	-0.723171	-0.196177
28001	29000	28501	352.0	-0.722693	-0.216525
29001	30000	29501	383.0	-0.722214	-0.094756
30001	31000	30501	397.0	-0.721736	-0.042962
31001	32000	31501	417.0	-0.721258	0.027947
32001	33000	32501	424.0	-0.720779	0.051963
33001	34000	33501	365.0	-0.720301	-0.164204
34001	35000	34501	393.0	-0.719823	-0.057572
35001	36000	35501	379.0	-0.719345	-0.109903
36001	37000	36501	430.0	-0.718866	0.072236
37001	38000	37501	320.0	-0.718388	-0.354029
38001	39000	38501	389.0	-0.717910	-0.072331
39001	40000	39501	461.0	-0.717431	0.172666
40001	41000	40501	457.0	-0.716953	0.160093
41001	42000	41501	427.0	-0.716475	0.062135
42001	43000	42501	521.0	-0.715997	0.349183
43001	44000	43501	366.0	-0.715518	-0.160257
44001	45000	44501	352.0	-0.715040	-0.216525
45001	46000	45501	415.0	-0.714562	0.021010
46001	47000	46501	376.0	-0.714083	-0.121368
47001	48000	47501	350.0	-0.713605	-0.224746
48001	49000	48501	414.0	-0.713127	0.017530
49001	50000	49501	457.0	-0.712649	0.160093
50001	51000	50501	395.0	-0.712170	-0.050248
51001	52000	51501	354.0	-0.711692	-0.208351
52001	53000	52501	435.0	-0.711214	0.088915
53001	54000	53501	488.0	-0.710735	0.254780
54001	55000	54501	424.0	-0.710257	0.051963
55001	56000	55501	403.0	-0.709779	-0.021321
56001	57000	56501	472.0	-0.709301	0.206686
57001	58000	57501	481.0	-0.708822	0.233936
58001	59000	58501	415.0	-0.708344	0.021010
59001	60000	59501	440.0	-0.707866	0.105403
60001	61000	60501	431.0	-0.707387	0.075587
61001	62000	61501	395.0	-0.706909	-0.050248
62001	63000	62501	419.0	-0.706431	0.034849
63001	64000	63501	439.0	-0.705953	0.102120
64001	65000	64501	411.0	-0.705474	0.007038
65001	66000	65501	492.0	-0.704996	0.266557
66001	67000	66501	403.0	-0.704518	-0.021321
67001	68000	67501	447.0	-0.704039	0.128174
68001	69000	68501	487.0	-0.703561	0.251821
69001	70000	69501	434.0	-0.703083	0.085594
70001	71000	70501	443.0	-0.702605	0.115206
71001	72000	71501	346.0	-0.702126	-0.241329
72001	73000	72501	392.0	-0.701648	-0.061247
73001	74000	73501	364.0	-0.701170	-0.168162
74001	75000	74501	306.0	-0.700691	-0.418569
75001	76000	75501	343.0	-0.700213	-0.253892
76001	77000	76501	408.0	-0.699735	-0.003532
77001	78000	77501	434.0	-0.699257	0.085594
78001	79000	78501	393.0	-0.698778	-0.057572
79001	80000	79501	344.0	-0.698300	-0.249692
80001	81000	80501	362.0	-0.697822	-0.176111
81001	82000	81501	371.0	-0.697343	-0.140682
82001	83000	82501	362.0	-0.696865	-0.176111
83001	84000	83501	294.0	-0.696387	-0.476285
84001	85000	84501	354.0	-0.695909	-0.208351
85001	86000	85501	324.0	-0.695430	-0.336107
86001	87000	86501	331.0	-0.694952	-0.305270
87001	88000	87501	326.0	-0.694474	-0.327229
88001	89000	88501	446.0	-0.693995	0.124943
89001	90000	89501	460.0	-0.693517	0.169533
90001	91000	90501	521.0	-0.693039	0.349183
91001	92000	91501	453.0	-0.692561	0.147410
92001	93000	92501	420.0	-0.692082	0.038288
93001	94000	93501	467.0	-0.691604	0.191322
94001	95000	94501	482.0	-0.691126	0.236932
95001	96000	95501	476.0	-0.690647	0.218861
96001	97000	96501	464.0	-0.690169	0.182024
97001	98000	97501	450.0	-0.689691	0.137824
98001	99000	98501	400.0	-0.689213	-0.032101
99001	100000	99501	519.0	-0.688734	0.343634
100001	101000	100501	459.0	-0.688256	0.166393
101001	102000	101501	452.0	-0.687778	0.144222
102001	103000	102501	296.0	-0.687299	-0.466504
103001	104000	103501	377.0	-0.686821	-0.117536
104001	105000	104501	471.0	-0.686343	0.203626
105001	106000	105501	435.0	-0.685864	0.088915
106001	107000	106501	463.0	-0.685386	0.178911
107001	108000	107501	452.0	-0.684908	0.144222
108001	109000	108501	489.0	-0.684430	0.257734
109001	110000	109501	425.0	-0.683951	0.055362
110001	111000	110501	386.0	-0.683473	-0.083500
111001	112000	111501	418.0	-0.682995	0.031402
112001	113000	112501	372.0	-0.682516	-0.136798
113001	114000	113501	341.0	-0.682038	-0.262329
114001	115000	114501	395.0	-0.681560	-0.050248
115001	116000	115501	383.0	-0.681082	-0.094756
116001	117000	116501	384.0	-0.680603	-0.090995
117001	118000	117501	356.0	-0.680125	-0.200224
118001	119000	118501	368.0	-0.679647	-0.152395
119001	120000	119501	567.0	-0.679168	0.471248
120001	121000	120501	475.0	-0.678690	0.215827
121001	122000	121501	539.0	-0.678212	0.398184
122001	123000	122501	487.0	-0.677734	0.251821
123001	124000	123501	389.0	-0.677255	-0.072331
124001	125000	124501	361.0	-0.676777	-0.180102
125001	126000	125501	368.0	-0.676299	-0.152395
126001	127000	126501	433.0	-0.675820	0.082266
127001	128000	127501	516.0	-0.675342	0.335270
128001	129000	128501	433.0	-0.674864	0.082266
129001	130000	129501	469.0	-0.674386	0.197487
130001	131000	130501	480.0	-0.673907	0.230934
131001	132000	131501	445.0	-0.673429	0.121704
132001	133000	132501	455.0	-0.672951	0.153766
133001	134000	133501	390.0	-0.672472	-0.068627
134001	135000	134501	392.0	-0.671994	-0.061247
135001	136000	135501	621.0	-0.671516	0.602492
136001	137000	136501	432.0	-0.671038	0.078930
137001	138000	137501	379.0	-0.670559	-0.109903
138001	139000	138501	379.0	-0.670081	-0.109903
139001	140000	139501	414.0	-0.669603	0.017530
140001	141000	140501	374.0	-0.669124	-0.129063
141001	142000	141501	413.0	-0.668646	0.014041
142001	143000	142501	370.0	-0.668168	-0.144576
143001	144000	143501	374.0	-0.667690	-0.129063
144001	145000	144501	457.0	-0.667211	0.160093
145001	146000	145501	480.0	-0.666733	0.230934
146001	147000	146501	363.0	-0.666255	-0.172131
147001	148000	147501	423.0	-0.665776	0.048557
148001	149000	148501	339.0	-0.665298	-0.270816
149001	150000	149501	325.0	-0.664820	-0.331661
150001	151000	150501	332.0	-0.664342	-0.300918
151001	152000	151501	367.0	-0.663863	-0.156321
152001	153000	152501	389.0	-0.663385	-0.072331
153001	154000	153501	498.0	-0.662907	0.284045
154001	155000	154501	442.0	-0.662428	0.111946
155001	156000	155501	465.0	-0.661950	0.185130
156001	157000	156501	428.0	-0.661472	0.065510
157001	158000	157501	415.0	-0.660994	0.021010
158001	159000	158501	446.0	-0.660515	0.124943
159001	160000	159501	382.0	-0.660037	-0.098528
160001	161000	160501	466.0	-0.659559	0.188229
161001	162000	161501	453.0	-0.659080	0.147410
162001	163000	162501	514.0	-0.658602	0.329668
163001	164000	163501	536.0	-0.658124	0.390132
164001	165000	164501	458.0	-0.657646	0.163247
165001	166000	165501	318.0	-0.657167	-0.363074
166001	167000	166501	395.0	-0.656689	-0.050248
167001	168000	167501	470.0	-0.656211	0.200560
168001	169000	168501	416.0	-0.655732	0.024483
169001	170000	169501	381.0	-0.655254	-0.102310
170001	171000	170501	360.0	-0.654776	-0.184104
171001	172000	171501	417.0	-0.654298	0.027947
172001	173000	172501	377.0	-0.653819	-0.117536
173001	174000	173501	431.0	-0.653341	0.075587
174001	175000	174501	426.0	-0.652863	0.058753
175001	176000	175501	405.0	-0.652384	-0.014179
176001	177000	176501	473.0	-0.651906	0.209739
177001	178000	177501	448.0	-0.651428	0.131398
178001	179000	178501	394.0	-0.650949	-0.053905
179001	180000	179501	433.0	-0.650471	0.082266
180001	181000	180501	356.0	-0.649993	-0.200224
181001	182000	181501	353.0	-0.649515	-0.212433
182001	183000	182501	503.0	-0.649036	0.298458
183001	184000	183501	443.0	-0.648558	0.115206
184001	185000	184501	415.0	-0.648080	0.021010
185001	186000	185501	395.0	-0.647601	-0.050248
186001	187000	186501	463.0	-0.647123	0.178911
187001	188000	187501	418.0	-0.646645	0.031402
188001	189000	188501	388.0	-0.646167	-0.076044
189001	190000	189501	417.0	-0.645688	0.027947
190001	191000	190501	409.0	-0.645210	0.000000
191001	192000	191501	484.0	-0.644732	0.242906
192001	193000	192501	495.0	-0.644253	0.275328
193001	194000	193501	583.0	-0.643775	0.511395
194001	195000	194501	570.0	-0.643297	0.478861
195001	196000	195501	553.0	-0.642819	0.435179
196001	197000	196501	411.0	-0.642340	0.007038
197001	198000	197501	384.0	-0.641862	-0.090995
198001	199000	198501	393.0	-0.641384	-0.057572
199001	200000	199501	366.0	-0.640905	-0.160257
200001	201000	200501	371.0	-0.640427	-0.140682
201001	202000	201501	414.0	-0.639949	0.017530
202001	203000	202501	463.0	-0.639471	0.178911
203001	204000	203501	420.0	-0.638992	0.038288
204001	205000	204501	461.0	-0.638514	0.172666
205001	206000	205501	445.0	-0.638036	0.121704
206001	207000	206501	480.0	-0.637557	0.230934
207001	208000	207501	421.0	-0.637079	0.041719
208001	209000	208501	498.0	-0.636601	0.284045
209001	210000	209501	459.0	-0.636123	0.166393
210001	211000	210501	549.0	-0.635644	0.424705
211001	212000	211501	448.0	-0.635166	0.131398
212001	213000	212501	505.0	-0.634688	0.304183
213001	214000	213501	614.0	-0.634209	0.586138
214001	215000	214501	350.0	-0.633731	-0.224746
215001	216000	215501	362.0	-0.633253	-0.176111
216001	217000	216501	446.0	-0.632775	0.124943
217001	218000	217501	394.0	-0.632296	-0.053905
218001	219000	218501	537.0	-0.631818	0.392821
219001	220000	219501	452.0	-0.631340	0.144222
220001	221000	220501	409.0	-0.630861	0.000000
221001	222000	221501	441.0	-0.630383	0.108678
222001	223000	222501	440.0	-0.629905	0.105403
223001	224000	223501	474.0	-0.629427	0.212786
224001	225000	224501	460.0	-0.628948	0.169533
225001	226000	225501	438.0	-0.628470	0.098830
226001	227000	226501	407.0	-0.627992	-0.007072
227001	228000	227501	421.0	-0.627513	0.041719
228001	229000	228501	358.0	-0.627035	-0.192141
229001	230000	229501	398.0	-0.626557	-0.039332
230001	231000	230501	406.0	-0.626079	-0.010621
231001	232000	231501	455.0	-0.625600	0.153766
232001	233000	232501	403.0	-0.625122	-0.021321
233001	234000	233501	492.0	-0.624644	0.266557
234001	235000	234501	446.0	-0.624165	0.124943
235001	236000	235501	476.0	-0.623687	0.218861
236001	237000	236501	407.0	-0.623209	-0.007072
237001	238000	237501	432.0	-0.622731	0.078930
238001	239000	238501	429.0	-0.622252	0.068877
239001	240000	239501	520.0	-0.621774	0.346411
240001	241000	240501	556.0	-0.621296	0.442984
241001	242000	241501	534.0	-0.620817	0.384739
242001	243000	242501	383.0	-0.620339	-0.094756
243001	244000	243501	396.0	-0.619861	-0.046600
244001	245000	244501	434.0	-0.619383	0.085594
245001	246000	245501	356.0	-0.618904	-0.200224
246001	247000	246501	416.0	-0.618426	0.024483
247001	248000	247501	419.0	-0.617948	0.034849
248001	249000	248501	491.0	-0.617469	0.263622
249001	250000	249501	403.0	-0.616991	-0.021321
250001	251000	250501	412.0	-0.616513	0.010543
251001	252000	251501	442.0	-0.616034	0.111946
252001	253000	252501	401.0	-0.615556	-0.028499
253001	254000	253501	431.0	-0.615078	0.075587
254001	255000	254501	323.0	-0.614600	-0.340567
255001	256000	255501	392.0	-0.614121	-0.061247
256001	257000	256501	381.0	-0.613643	-0.102310
257001	258000	257501	493.0	-0.613165	0.269487
258001	259000	258501	412.0	-0.612686	0.010543
259001	260000	259501	524.0	-0.612208	0.357466
260001	261000	260501	487.0	-0.611730	0.251821
261001	262000	261501	350.0	-0.611252	-0.224746
262001	263000	262501	511.0	-0.610773	0.321222
263001	264000	263501	518.0	-0.610295	0.340851
264001	265000	264501	409.0	-0.609817	0.000000
265001	266000	265501	328.0	-0.609338	-0.318405
266001	267000	266501	320.0	-0.608860	-0.354029
267001	268000	267501	404.0	-0.608382	-0.017746
268001	269000	268501	421.0	-0.607904	0.041719
269001	270000	269501	387.0	-0.607425	-0.079767
270001	271000	270501	459.0	-0.606947	0.166393
271001	272000	271501	338.0	-0.606469	-0.275078
272001	273000	272501	328.0	-0.605990	-0.318405
273001	274000	273501	425.0	-0.605512	0.055362
274001	275000	274501	423.0	-0.605034	0.048557
275001	276000	275501	418.0	-0.604556	0.031402
276001	277000	276501	458.0	-0.604077	0.163247
277001	278000	277501	426.0	-0.603599	0.058753
278001	279000	278501	367.0	-0.603121	-0.156321
279001	280000	279501	524.0	-0.602642	0.357466
280001	281000	280501	411.0	-0.602164	0.007038
281001	282000	281501	491.0	-0.601686	0.263622
282001	283000	282501	530.0	-0.601208	0.373892
283001	284000	283501	449.0	-0.600729	0.134615
284001	285000	284501	414.0	-0.600251	0.017530
285001	286000	285501	326.0	-0.599773	-0.327229
286001	287000	286501	373.0	-0.599294	-0.132925
287001	288000	287501	425.0	-0.598816	0.055362
288001	289000	288501	368.0	-0.598338	-0.152395
289001	290000	289501	399.0	-0.597860	-0.035712
290001	291000	290501	392.0	-0.597381	-0.061247
291001	292000	291501	430.0	-0.596903	0.072236
292001	293000	292501	381.0	-0.596425	-0.102310
293001	294000	293501	440.0	-0.595946	0.105403
294001	295000	294501	464.0	-0.595468	0.182024
295001	296000	295501	441.0	-0.594990	0.108678
296001	297000	296501	430.0	-0.594512	0.072236
297001	298000	297501	421.0	-0.594033	0.041719
298001	299000	298501	410.0	-0.593555	0.003523
299001	300000	299501	465.0	-0.593077	0.185130
300001	301000	300501	404.0	-0.592598	-0.017746
301001	302000	301501	421.0	-0.592120	0.041719
302001	303000	302501	439.0	-0.591642	0.102120
303001	304000	303501	475.0	-0.591164	0.215827
304001	305000	304501	328.0	-0.590685	-0.318405
305001	306000	305501	456.0	-0.590207	0.156933
306001	307000	306501	445.0	-0.589729	0.121704
307001	308000	307501	376.0	-0.589250	-0.121368
308001	309000	308501	390.0	-0.588772	-0.068627
309001	310000	309501	400.0	-0.588294	-0.032101
310001	311000	310501	427.0	-0.587816	0.062135
311001	312000	311501	479.0	-0.587337	0.227925
312001	313000	312501	441.0	-0.586859	0.108678
313001	314000	313501	436.0	-0.586381	0.092227
314001	315000	314501	550.0	-0.585902	0.427331
315001	316000	315501	479.0	-0.585424	0.227925
316001	317000	316501	401.0	-0.584946	-0.028499
317001	318000	317501	412.0	-0.584468	0.010543
318001	319000	318501	389.0	-0.583989	-0.072331
319001	320000	319501	456.0	-0.583511	0.156933
320001	321000	320501	413.0	-0.583033	0.014041
321001	322000	321501	503.0	-0.582554	0.298458
322001	323000	322501	683.0	-0.582076	0.739785
323001	324000	323501	720.0	-0.581598	0.815896
324001	325000	324501	490.0	-0.581119	0.260681
325001	326000	325501	473.0	-0.580641	0.209739
326001	327000	326501	475.0	-0.580163	0.215827
327001	328000	327501	445.0	-0.579685	0.121704
328001	329000	328501	505.0	-0.579206	0.304183
329001	330000	329501	332.0	-0.578728	-0.300918
330001	331000	330501	362.0	-0.578250	-0.176111
331001	332000	331501	453.0	-0.577771	0.147410
332001	333000	332501	394.0	-0.577293	-0.053905
333001	334000	333501	436.0	-0.576815	0.092227
334001	335000	334501	407.0	-0.576337	-0.007072
335001	336000	335501	388.0	-0.575858	-0.076044
336001	337000	336501	514.0	-0.575380	0.329668
337001	338000	337501	499.0	-0.574902	0.286939
338001	339000	338501	361.0	-0.574423	-0.180102
339001	340000	339501	410.0	-0.573945	0.003523
340001	341000	340501	385.0	-0.573467	-0.087242
341001	342000	341501	344.0	-0.572989	-0.249692
342001	343000	342501	428.0	-0.572510	0.065510
343001	344000	343501	367.0	-0.572032	-0.156321
344001	345000	344501	359.0	-0.571554	-0.188117
345001	346000	345501	360.0	-0.571075	-0.184104
346001	347000	346501	330.0	-0.570597	-0.309635
347001	348000	347501	329.0	-0.570119	-0.314013
348001	349000	348501	355.0	-0.569641	-0.204282
349001	350000	349501	430.0	-0.569162	0.072236
350001	351000	350501	467.0	-0.568684	0.191322
351001	352000	351501	403.0	-0.568206	-0.021321
352001	353000	352501	431.0	-0.567727	0.075587
353001	354000	353501	434.0	-0.567249	0.085594
354001	355000	354501	466.0	-0.566771	0.188229
355001	356000	355501	465.0	-0.566293	0.185130
356001	357000	356501	345.0	-0.565814	-0.245504
357001	358000	357501	479.0	-0.565336	0.227925
358001	359000	358501	448.0	-0.564858	0.131398
359001	360000	359501	523.0	-0.564379	0.354710
360001	361000	360501	501.0	-0.563901	0.292710
361001	362000	361501	425.0	-0.563423	0.055362
362001	363000	362501	394.0	-0.562945	-0.053905
363001	364000	363501	432.0	-0.562466	0.078930
364001	365000	364501	416.0	-0.561988	0.024483
365001	366000	365501	476.0	-0.561510	0.218861
366001	367000	366501	555.0	-0.561031	0.440387
367001	368000	367501	457.0	-0.560553	0.160093
368001	369000	368501	547.0	-0.560075	0.419440
369001	370000	369501	570.0	-0.559597	0.478861
370001	371000	370501	481.0	-0.559118	0.233936
371001	372000	371501	419.0	-0.558640	0.034849
372001	373000	372501	526.0	-0.558162	0.362962
373001	374000	373501	477.0	-0.557683	0.221888
374001	375000	374501	344.0	-0.557205	-0.249692
375001	376000	375501	418.0	-0.556727	0.031402
376001	377000	376501	446.0	-0.556249	0.124943
377001	378000	377501	420.0	-0.555770	0.038288
378001	379000	378501	422.0	-0.555292	0.045142
379001	380000	379501	476.0	-0.554814	0.218861
380001	381000	380501	458.0	-0.554335	0.163247
381001	382000	381501	439.0	-0.553857	0.102120
382001	383000	382501	434.0	-0.553379	0.085594
383001	384000	383501	447.0	-0.552901	0.128174
384001	385000	384501	392.0	-0.552422	-0.061247
385001	386000	385501	358.0	-0.551944	-0.192141
386001	387000	386501	398.0	-0.551466	-0.039332
387001	388000	387501	346.0	-0.550987	-0.241329
388001	389000	388501	404.0	-0.550509	-0.017746
389001	390000	389501	339.0	-0.550031	-0.270816
390001	391000	390501	406.0	-0.549553	-0.010621
391001	392000	391501	369.0	-0.549074	-0.148480
392001	393000	392501	371.0	-0.548596	-0.140682
393001	394000	393501	423.0	-0.548118	0.048557
394001	395000	394501	295.0	-0.547639	-0.471386
395001	396000	395501	377.0	-0.547161	-0.117536
396001	397000	396501	316.0	-0.546683	-0.372176
397001	398000	397501	387.0	-0.546205	-0.079767
398001	399000	398501	414.0	-0.545726	0.017530
399001	400000	399501	551.0	-0.545248	0.429951
400001	401000	400501	554.0	-0.544770	0.437785
401001	402000	401501	567.0	-0.544291	0.471248
402001	403000	402501	511.0	-0.543813	0.321222
403001	404000	403501	486.0	-0.543335	0.248855
404001	405000	404501	395.0	-0.542856	-0.050248
405001	406000	405501	373.0	-0.542378	-0.132925
406001	407000	406501	404.0	-0.541900	-0.017746
407001	408000	407501	381.0	-0.541422	-0.102310
408001	409000	408501	373.0	-0.540943	-0.132925
409001	410000	409501	392.0	-0.540465	-0.061247
410001	411000	410501	344.0	-0.539987	-0.249692
411001	412000	411501	471.0	-0.539508	0.203626
412001	413000	412501	410.0	-0.539030	0.003523
413001	414000	413501	389.0	-0.538552	-0.072331
414001	415000	414501	349.0	-0.538074	-0.228874
415001	416000	415501	199.0	-0.537595	-1.039332
416001	417000	416501	375.0	-0.537117	-0.125210
417001	418000	417501	420.0	-0.536639	0.038288
418001	419000	418501	387.0	-0.536160	-0.079767
419001	420000	419501	417.0	-0.535682	0.027947
420001	421000	420501	439.0	-0.535204	0.102120
421001	422000	421501	432.0	-0.534726	0.078930
422001	423000	422501	707.0	-0.534247	0.789609
423001	424000	423501	634.0	-0.533769	0.632382
424001	425000	424501	546.0	-0.533291	0.416800
425001	426000	425501	575.0	-0.532812	0.491461
426001	427000	426501	464.0	-0.532334	0.182024
427001	428000	427501	399.0	-0.531856	-0.035712
428001	429000	428501	429.0	-0.531378	0.068877
429001	430000	429501	399.0	-0.530899	-0.035712
430001	431000	430501	403.0	-0.530421	-0.021321
431001	432000	431501	476.0	-0.529943	0.218861
432001	433000	432501	473.0	-0.529464	0.209739
433001	434000	433501	393.0	-0.528986	-0.057572
434001	435000	434501	501.0	-0.528508	0.292710
435001	436000	435501	433.0	-0.528030	0.082266
436001	437000	436501	390.0	-0.527551	-0.068627
437001	438000	437501	516.0	-0.527073	0.335270
438001	439000	438501	394.0	-0.526595	-0.053905
439001	440000	439501	540.0	-0.526116	0.400859
440001	441000	440501	485.0	-0.525638	0.245884
441001	442000	441501	470.0	-0.525160	0.200560
442001	443000	442501	487.0	-0.524682	0.251821
443001	444000	443501	367.0	-0.524203	-0.156321
444001	445000	444501	352.0	-0.523725	-0.216525
445001	446000	445501	433.0	-0.523247	0.082266
446001	447000	446501	405.0	-0.522768	-0.014179
447001	448000	447501	463.0	-0.522290	0.178911
448001	449000	448501	366.0	-0.521812	-0.160257
449001	450000	449501	383.0	-0.521334	-0.094756
450001	451000	450501	493.0	-0.520855	0.269487
451001	452000	451501	411.0	-0.520377	0.007038
452001	453000	452501	366.0	-0.519899	-0.160257
453001	454000	453501	460.0	-0.519420	0.169533
454001	455000	454501	398.0	-0.518942	-0.039332
455001	456000	455501	379.0	-0.518464	-0.109903
456001	457000	456501	414.0	-0.517986	0.017530
457001	458000	457501	467.0	-0.517507	0.191322
458001	459000	458501	450.0	-0.517029	0.137824
459001	460000	459501	429.0	-0.516551	0.068877
460001	461000	460501	397.0	-0.516072	-0.042962
461001	462000	461501	386.0	-0.515594	-0.083500
462001	463000	462501	420.0	-0.515116	0.038288
463001	464000	463501	306.0	-0.514638	-0.418569
464001	465000	464501	348.0	-0.514159	-0.233014
465001	466000	465501	332.0	-0.513681	-0.300918
466001	467000	466501	407.0	-0.513203	-0.007072
467001	468000	467501	401.0	-0.512724	-0.028499
468001	469000	468501	305.0	-0.512246	-0.423292
469001	470000	469501	351.0	-0.511768	-0.220630
470001	471000	470501	374.0	-0.511290	-0.129063
471001	472000	471501	406.0	-0.510811	-0.010621
472001	473000	472501	311.0	-0.510333	-0.395186
473001	474000	473501	371.0	-0.509855	-0.140682
474001	475000	474501	472.0	-0.509376	0.206686
475001	476000	475501	549.0	-0.508898	0.424705
476001	477000	476501	487.0	-0.508420	0.251821
477001	478000	477501	477.0	-0.507941	0.221888
478001	479000	478501	585.0	-0.507463	0.516336
479001	480000	479501	657.0	-0.506985	0.683793
480001	481000	480501	576.0	-0.506507	0.493968
481001	482000	481501	482.0	-0.506028	0.236932
482001	483000	482501	583.0	-0.505550	0.511395
483001	484000	483501	480.0	-0.505072	0.230934
484001	485000	484501	396.0	-0.504593	-0.046600
485001	486000	485501	389.0	-0.504115	-0.072331
486001	487000	486501	295.0	-0.503637	-0.471386
487001	488000	487501	424.0	-0.503159	0.051963
488001	489000	488501	470.0	-0.502680	0.200560
489001	490000	489501	438.0	-0.502202	0.098830
490001	491000	490501	321.0	-0.501724	-0.349528
491001	492000	491501	394.0	-0.501245	-0.053905
492001	493000	492501	391.0	-0.500767	-0.064932
493001	494000	493501	385.0	-0.500289	-0.087242
494001	495000	494501	359.0	-0.499811	-0.188117
495001	496000	495501	419.0	-0.499332	0.034849
496001	497000	496501	389.0	-0.498854	-0.072331
497001	498000	497501	386.0	-0.498376	-0.083500
498001	499000	498501	384.0	-0.497897	-0.090995
499001	500000	499501	415.0	-0.497419	0.021010
500001	501000	500501	383.0	-0.496941	-0.094756
501001	502000	501501	376.0	-0.496463	-0.121368
502001	503000	502501	329.0	-0.495984	-0.314013
503001	504000	503501	419.0	-0.495506	0.034849
504001	505000	504501	497.0	-0.495028	0.281145
505001	506000	505501	545.0	-0.494549	0.414155
506001	507000	506501	392.0	-0.494071	-0.061247
507001	508000	507501	388.0	-0.493593	-0.076044
508001	509000	508501	409.0	-0.493115	0.000000
509001	510000	509501	457.0	-0.492636	0.160093
510001	511000	510501	394.0	-0.492158	-0.053905
511001	512000	511501	406.0	-0.491680	-0.010621
512001	513000	512501	483.0	-0.491201	0.239922
513001	514000	513501	395.0	-0.490723	-0.050248
514001	515000	514501	369.0	-0.490245	-0.148480
515001	516000	515501	439.0	-0.489767	0.102120
516001	517000	516501	396.0	-0.489288	-0.046600
517001	518000	517501	489.0	-0.488810	0.257734
518001	519000	518501	504.0	-0.488332	0.301323
519001	520000	519501	375.0	-0.487853	-0.125210
520001	521000	520501	348.0	-0.487375	-0.233014
521001	522000	521501	415.0	-0.486897	0.021010
522001	523000	522501	382.0	-0.486419	-0.098528
523001	524000	523501	364.0	-0.485940	-0.168162
524001	525000	524501	371.0	-0.485462	-0.140682
525001	526000	525501	415.0	-0.484984	0.021010
526001	527000	526501	352.0	-0.484505	-0.216525
527001	528000	527501	380.0	-0.484027	-0.106101
528001	529000	528501	355.0	-0.483549	-0.204282
529001	530000	529501	392.0	-0.483071	-0.061247
530001	531000	530501	399.0	-0.482592	-0.035712
531001	532000	531501	416.0	-0.482114	0.024483
532001	533000	532501	467.0	-0.481636	0.191322
533001	534000	533501	437.0	-0.481157	0.095532
534001	535000	534501	510.0	-0.480679	0.318396
535001	536000	535501	514.0	-0.480201	0.329668
536001	537000	536501	491.0	-0.479723	0.263622
537001	538000	537501	443.0	-0.479244	0.115206
538001	539000	538501	448.0	-0.478766	0.131398
539001	540000	539501	467.0	-0.478288	0.191322
540001	541000	540501	432.0	-0.477809	0.078930
541001	542000	541501	361.0	-0.477331	-0.180102
542001	543000	542501	377.0	-0.476853	-0.117536
543001	544000	543501	441.0	-0.476375	0.108678
544001	545000	544501	370.0	-0.475896	-0.144576
545001	546000	545501	526.0	-0.475418	0.362962
546001	547000	546501	561.0	-0.474940	0.455900
547001	548000	547501	519.0	-0.474461	0.343634
548001	549000	548501	494.0	-0.473983	0.272410
549001	550000	549501	474.0	-0.473505	0.212786
550001	551000	550501	438.0	-0.473026	0.098830
551001	552000	551501	410.0	-0.472548	0.003523
552001	553000	552501	410.0	-0.472070	0.003523
553001	554000	553501	346.0	-0.471592	-0.241329
554001	555000	554501	390.0	-0.471113	-0.068627
555001	556000	555501	396.0	-0.470635	-0.046600
556001	557000	556501	373.0	-0.470157	-0.132925
557001	558000	557501	366.0	-0.469678	-0.160257
558001	559000	558501	368.0	-0.469200	-0.152395
559001	560000	559501	432.0	-0.468722	0.078930
560001	561000	560501	399.0	-0.468244	-0.035712
561001	562000	561501	384.0	-0.467765	-0.090995
562001	563000	562501	396.0	-0.467287	-0.046600
563001	564000	563501	458.0	-0.466809	0.163247
564001	565000	564501	427.0	-0.466330	0.062135
565001	566000	565501	369.0	-0.465852	-0.148480
566001	567000	566501	371.0	-0.465374	-0.140682
567001	568000	567501	521.0	-0.464896	0.349183
568001	569000	568501	451.0	-0.464417	0.141027
569001	570000	569501	415.0	-0.463939	0.021010
570001	571000	570501	383.0	-0.463461	-0.094756
571001	572000	571501	383.0	-0.462982	-0.094756
572001	573000	572501	421.0	-0.462504	0.041719
573001	574000	573501	380.0	-0.462026	-0.106101
574001	575000	574501	393.0	-0.461548	-0.057572
575001	576000	575501	453.0	-0.461069	0.147410
576001	577000	576501	470.0	-0.460591	0.200560
577001	578000	577501	399.0	-0.460113	-0.035712
578001	579000	578501	309.0	-0.459634	-0.404494
579001	580000	579501	334.0	-0.459156	-0.292253
580001	581000	580501	408.0	-0.458678	-0.003532
581001	582000	581501	391.0	-0.458200	-0.064932
582001	583000	582501	411.0	-0.457721	0.007038
583001	584000	583501	367.0	-0.457243	-0.156321
584001	585000	584501	373.0	-0.456765	-0.132925
585001	586000	585501	385.0	-0.456286	-0.087242
586001	587000	586501	439.0	-0.455808	0.102120
587001	588000	587501	410.0	-0.455330	0.003523
588001	589000	588501	362.0	-0.454852	-0.176111
589001	590000	589501	392.0	-0.454373	-0.061247
590001	591000	590501	380.0	-0.453895	-0.106101
591001	592000	591501	363.0	-0.453417	-0.172131
592001	593000	592501	341.0	-0.452938	-0.262329
593001	594000	593501	376.0	-0.452460	-0.121368
594001	595000	594501	392.0	-0.451982	-0.061247
595001	596000	595501	385.0	-0.451504	-0.087242
596001	597000	596501	376.0	-0.451025	-0.121368
597001	598000	597501	350.0	-0.450547	-0.224746
598001	599000	598501	289.0	-0.450069	-0.501031
599001	600000	599501	447.0	-0.449590	0.128174
600001	601000	600501	392.0	-0.449112	-0.061247
601001	602000	601501	390.0	-0.448634	-0.068627
602001	603000	602501	464.0	-0.448156	0.182024
603001	604000	603501	339.0	-0.447677	-0.270816
604001	605000	604501	372.0	-0.447199	-0.136798
605001	606000	605501	458.0	-0.446721	0.163247
606001	607000	606501	422.0	-0.446242	0.045142
607001	608000	607501	465.0	-0.445764	0.185130
608001	609000	608501	490.0	-0.445286	0.260681
609001	610000	609501	468.0	-0.444808	0.194408
610001	611000	610501	447.0	-0.444329	0.128174
611001	612000	611501	532.0	-0.443851	0.379325
612001	613000	612501	428.0	-0.443373	0.065510
613001	614000	613501	407.0	-0.442894	-0.007072
614001	615000	614501	453.0	-0.442416	0.147410
615001	616000	615501	408.0	-0.441938	-0.003532
616001	617000	616501	343.0	-0.441460	-0.253892
617001	618000	617501	335.0	-0.440981	-0.287940
618001	619000	618501	351.0	-0.440503	-0.220630
619001	620000	619501	396.0	-0.440025	-0.046600
620001	621000	620501	416.0	-0.439546	0.024483
621001	622000	621501	464.0	-0.439068	0.182024
622001	623000	622501	402.0	-0.438590	-0.024905
623001	624000	623501	449.0	-0.438111	0.134615
624001	625000	624501	475.0	-0.437633	0.215827
625001	626000	625501	365.0	-0.437155	-0.164204
626001	627000	626501	406.0	-0.436677	-0.010621
627001	628000	627501	386.0	-0.436198	-0.083500
628001	629000	628501	396.0	-0.435720	-0.046600
629001	630000	629501	387.0	-0.435242	-0.079767
630001	631000	630501	416.0	-0.434763	0.024483
631001	632000	631501	391.0	-0.434285	-0.064932
632001	633000	632501	421.0	-0.433807	0.041719
633001	634000	633501	421.0	-0.433329	0.041719
634001	635000	634501	470.0	-0.432850	0.200560
635001	636000	635501	444.0	-0.432372	0.118459
636001	637000	636501	400.0	-0.431894	-0.032101
637001	638000	637501	369.0	-0.431415	-0.148480
638001	639000	638501	355.0	-0.430937	-0.204282
639001	640000	639501	355.0	-0.430459	-0.204282
640001	641000	640501	350.0	-0.429981	-0.224746
641001	642000	641501	336.0	-0.429502	-0.283640
642001	643000	642501	380.0	-0.429024	-0.106101
643001	644000	643501	448.0	-0.428546	0.131398
644001	645000	644501	405.0	-0.428067	-0.014179
645001	646000	645501	428.0	-0.427589	0.065510
646001	647000	646501	438.0	-0.427111	0.098830
647001	648000	647501	554.0	-0.426633	0.437785
648001	649000	648501	598.0	-0.426154	0.548045
649001	650000	649501	454.0	-0.425676	0.150591
650001	651000	650501	435.0	-0.425198	0.088915
651001	652000	651501	421.0	-0.424719	0.041719
652001	653000	652501	374.0	-0.424241	-0.129063
653001	654000	653501	371.0	-0.423763	-0.140682
654001	655000	654501	511.0	-0.423285	0.321222
655001	656000	655501	421.0	-0.422806	0.041719
656001	657000	656501	401.0	-0.422328	-0.028499
657001	658000	657501	427.0	-0.421850	0.062135
658001	659000	658501	439.0	-0.421371	0.102120
659001	660000	659501	513.0	-0.420893	0.326858
660001	661000	660501	382.0	-0.420415	-0.098528
661001	662000	661501	423.0	-0.419937	0.048557
662001	663000	662501	486.0	-0.419458	0.248855
663001	664000	663501	498.0	-0.418980	0.284045
664001	665000	664501	476.0	-0.418502	0.218861
665001	666000	665501	461.0	-0.418023	0.172666
666001	667000	666501	417.0	-0.417545	0.027947
667001	668000	667501	440.0	-0.417067	0.105403
668001	669000	668501	466.0	-0.416589	0.188229
669001	670000	669501	378.0	-0.416110	-0.113715
670001	671000	670501	434.0	-0.415632	0.085594
671001	672000	671501	469.0	-0.415154	0.197487
672001	673000	672501	404.0	-0.414675	-0.017746
673001	674000	673501	368.0	-0.414197	-0.152395
674001	675000	674501	450.0	-0.413719	0.137824
675001	676000	675501	355.0	-0.413241	-0.204282
676001	677000	676501	433.0	-0.412762	0.082266
677001	678000	677501	367.0	-0.412284	-0.156321
678001	679000	678501	365.0	-0.411806	-0.164204
679001	680000	679501	439.0	-0.411327	0.102120
680001	681000	680501	380.0	-0.410849	-0.106101
681001	682000	681501	451.0	-0.410371	0.141027
682001	683000	682501	383.0	-0.409893	-0.094756
683001	684000	683501	445.0	-0.409414	0.121704
684001	685000	684501	534.0	-0.408936	0.384739
685001	686000	685501	400.0	-0.408458	-0.032101
686001	687000	686501	465.0	-0.407979	0.185130
687001	688000	687501	456.0	-0.407501	0.156933
688001	689000	688501	404.0	-0.407023	-0.017746
689001	690000	689501	346.0	-0.406545	-0.241329
690001	691000	690501	370.0	-0.406066	-0.144576
691001	692000	691501	411.0	-0.405588	0.007038
692001	693000	692501	459.0	-0.405110	0.166393
693001	694000	693501	415.0	-0.404631	0.021010
694001	695000	694501	359.0	-0.404153	-0.188117
695001	696000	695501	442.0	-0.403675	0.111946
696001	697000	696501	323.0	-0.403196	-0.340567
697001	698000	697501	326.0	-0.402718	-0.327229
698001	699000	698501	400.0	-0.402240	-0.032101
699001	700000	699501	372.0	-0.401762	-0.136798
700001	701000	700501	456.0	-0.401283	0.156933
701001	702000	701501	478.0	-0.400805	0.224910
702001	703000	702501	377.0	-0.400327	-0.117536
703001	704000	703501	340.0	-0.399848	-0.266566
704001	705000	704501	465.0	-0.399370	0.185130
705001	706000	705501	451.0	-0.398892	0.141027
706001	707000	706501	379.0	-0.398414	-0.109903
707001	708000	707501	489.0	-0.397935	0.257734
708001	709000	708501	477.0	-0.397457	0.221888
709001	710000	709501	428.0	-0.396979	0.065510
710001	711000	710501	378.0	-0.396500	-0.113715
711001	712000	711501	427.0	-0.396022	0.062135
712001	713000	712501	427.0	-0.395544	0.062135
713001	714000	713501	447.0	-0.395066	0.128174
714001	715000	714501	373.0	-0.394587	-0.132925
715001	716000	715501	380.0	-0.394109	-0.106101
716001	717000	716501	374.0	-0.393631	-0.129063
717001	718000	717501	356.0	-0.393152	-0.200224
718001	719000	718501	285.0	-0.392674	-0.521139
719001	720000	719501	439.0	-0.392196	0.102120
720001	721000	720501	354.0	-0.391718	-0.208351
721001	722000	721501	406.0	-0.391239	-0.010621
722001	723000	722501	479.0	-0.390761	0.227925
723001	724000	723501	476.0	-0.390283	0.218861
724001	725000	724501	460.0	-0.389804	0.169533
725001	726000	725501	406.0	-0.389326	-0.010621
726001	727000	726501	340.0	-0.388848	-0.266566
727001	728000	727501	409.0	-0.388370	0.000000
728001	729000	728501	370.0	-0.387891	-0.144576
729001	730000	729501	342.0	-0.387413	-0.258105
730001	731000	730501	404.0	-0.386935	-0.017746
731001	732000	731501	291.0	-0.386456	-0.491082
732001	733000	732501	404.0	-0.385978	-0.017746
733001	734000	733501	349.0	-0.385500	-0.228874
734001	735000	734501	395.0	-0.385022	-0.050248
735001	736000	735501	430.0	-0.384543	0.072236
736001	737000	736501	394.0	-0.384065	-0.053905
737001	738000	737501	416.0	-0.383587	0.024483
738001	739000	738501	494.0	-0.383108	0.272410
739001	740000	739501	354.0	-0.382630	-0.208351
740001	741000	740501	372.0	-0.382152	-0.136798
741001	742000	741501	484.0	-0.381674	0.242906
742001	743000	742501	552.0	-0.381195	0.432567
743001	744000	743501	360.0	-0.380717	-0.184104
744001	745000	744501	424.0	-0.380239	0.051963
745001	746000	745501	434.0	-0.379760	0.085594
746001	747000	746501	402.0	-0.379282	-0.024905
747001	748000	747501	340.0	-0.378804	-0.266566
748001	749000	748501	405.0	-0.378326	-0.014179
749001	750000	749501	451.0	-0.377847	0.141027
750001	751000	750501	405.0	-0.377369	-0.014179
751001	752000	751501	394.0	-0.376891	-0.053905
752001	753000	752501	365.0	-0.376412	-0.164204
753001	754000	753501	348.0	-0.375934	-0.233014
754001	755000	754501	340.0	-0.375456	-0.266566
755001	756000	755501	404.0	-0.374978	-0.017746
756001	757000	756501	389.0	-0.374499	-0.072331
757001	758000	757501	358.0	-0.374021	-0.192141
758001	759000	758501	413.0	-0.373543	0.014041
759001	760000	759501	400.0	-0.373064	-0.032101
760001	761000	760501	367.0	-0.372586	-0.156321
761001	762000	761501	388.0	-0.372108	-0.076044
762001	763000	762501	336.0	-0.371630	-0.283640
763001	764000	763501	424.0	-0.371151	0.051963
764001	765000	764501	606.0	-0.370673	0.567217
765001	766000	765501	552.0	-0.370195	0.432567
766001	767000	766501	426.0	-0.369716	0.058753
767001	768000	767501	324.0	-0.369238	-0.336107
768001	769000	768501	382.0	-0.368760	-0.098528
769001	770000	769501	455.0	-0.368281	0.153766
770001	771000	770501	404.0	-0.367803	-0.017746
771001	772000	771501	401.0	-0.367325	-0.028499
772001	773000	772501	391.0	-0.366847	-0.064932
773001	774000	773501	378.0	-0.366368	-0.113715
774001	775000	774501	349.0	-0.365890	-0.228874
775001	776000	775501	336.0	-0.365412	-0.283640
776001	777000	776501	435.0	-0.364933	0.088915
777001	778000	777501	578.0	-0.364455	0.498969
778001	779000	778501	575.0	-0.363977	0.491461
779001	780000	779501	619.0	-0.363499	0.597839
780001	781000	780501	506.0	-0.363020	0.307037
781001	782000	781501	633.0	-0.362542	0.630105
782001	783000	782501	658.0	-0.362064	0.685987
783001	784000	783501	588.0	-0.361585	0.523715
784001	785000	784501	659.0	-0.361107	0.688178
785001	786000	785501	624.0	-0.360629	0.609445
786001	787000	786501	531.0	-0.360151	0.376611
787001	788000	787501	436.0	-0.359672	0.092227
788001	789000	788501	500.0	-0.359194	0.289827
789001	790000	789501	433.0	-0.358716	0.082266
790001	791000	790501	377.0	-0.358237	-0.117536
791001	792000	791501	367.0	-0.357759	-0.156321
792001	793000	792501	429.0	-0.357281	0.068877
793001	794000	793501	401.0	-0.356803	-0.028499
794001	795000	794501	377.0	-0.356324	-0.117536
795001	796000	795501	343.0	-0.355846	-0.253892
796001	797000	796501	451.0	-0.355368	0.141027
797001	798000	797501	447.0	-0.354889	0.128174
798001	799000	798501	429.0	-0.354411	0.068877
799001	800000	799501	414.0	-0.353933	0.017530
800001	801000	800501	354.0	-0.353455	-0.208351
801001	802000	801501	308.0	-0.352976	-0.409170
802001	803000	802501	358.0	-0.352498	-0.192141
803001	804000	803501	464.0	-0.352020	0.182024
804001	805000	804501	514.0	-0.351541	0.329668
805001	806000	805501	559.0	-0.351063	0.450747
806001	807000	806501	625.0	-0.350585	0.611755
807001	808000	807501	625.0	-0.350107	0.611755
808001	809000	808501	679.0	-0.349628	0.731311
809001	810000	809501	550.0	-0.349150	0.427331
810001	811000	810501	442.0	-0.348672	0.111946
811001	812000	811501	522.0	-0.348193	0.351949
812001	813000	812501	507.0	-0.347715	0.309885
813001	814000	813501	472.0	-0.347237	0.206686
814001	815000	814501	390.0	-0.346759	-0.068627
815001	816000	815501	390.0	-0.346280	-0.068627
816001	817000	816501	438.0	-0.345802	0.098830
817001	818000	817501	457.0	-0.345324	0.160093
818001	819000	818501	386.0	-0.344845	-0.083500
819001	820000	819501	400.0	-0.344367	-0.032101
820001	821000	820501	463.0	-0.343889	0.178911
821001	822000	821501	561.0	-0.343411	0.455900
822001	823000	822501	512.0	-0.342932	0.324043
823001	824000	823501	646.0	-0.342454	0.659433
824001	825000	824501	520.0	-0.341976	0.346411
825001	826000	825501	438.0	-0.341497	0.098830
826001	827000	826501	503.0	-0.341019	0.298458
827001	828000	827501	412.0	-0.340541	0.010543
828001	829000	828501	479.0	-0.340063	0.227925
829001	830000	829501	575.0	-0.339584	0.491461
830001	831000	830501	464.0	-0.339106	0.182024
831001	832000	831501	425.0	-0.338628	0.055362
832001	833000	832501	438.0	-0.338149	0.098830
833001	834000	833501	463.0	-0.337671	0.178911
834001	835000	834501	439.0	-0.337193	0.102120
835001	836000	835501	501.0	-0.336715	0.292710
836001	837000	836501	450.0	-0.336236	0.137824
837001	838000	837501	473.0	-0.335758	0.209739
838001	839000	838501	602.0	-0.335280	0.557663
839001	840000	839501	570.0	-0.334801	0.478861
840001	841000	840501	690.0	-0.334323	0.754496
841001	842000	841501	646.0	-0.333845	0.659433
842001	843000	842501	552.0	-0.333366	0.432567
843001	844000	843501	456.0	-0.332888	0.156933
844001	845000	844501	452.0	-0.332410	0.144222
845001	846000	845501	490.0	-0.331932	0.260681
846001	847000	846501	419.0	-0.331453	0.034849
847001	848000	847501	493.0	-0.330975	0.269487
848001	849000	848501	563.0	-0.330497	0.461034
849001	850000	849501	639.0	-0.330018	0.643715
850001	851000	850501	603.0	-0.329540	0.560057
851001	852000	851501	513.0	-0.329062	0.326858
852001	853000	852501	397.0	-0.328584	-0.042962
853001	854000	853501	355.0	-0.328105	-0.204282
854001	855000	854501	480.0	-0.327627	0.230934
855001	856000	855501	442.0	-0.327149	0.111946
856001	857000	856501	404.0	-0.326670	-0.017746
857001	858000	857501	622.0	-0.326192	0.604814
858001	859000	858501	480.0	-0.325714	0.230934
859001	860000	859501	415.0	-0.325236	0.021010
860001	861000	860501	485.0	-0.324757	0.245884
861001	862000	861501	422.0	-0.324279	0.045142
862001	863000	862501	395.0	-0.323801	-0.050248
863001	864000	863501	416.0	-0.323322	0.024483
864001	865000	864501	419.0	-0.322844	0.034849
865001	866000	865501	435.0	-0.322366	0.088915
866001	867000	866501	398.0	-0.321888	-0.039332
867001	868000	867501	403.0	-0.321409	-0.021321
868001	869000	868501	405.0	-0.320931	-0.014179
869001	870000	869501	414.0	-0.320453	0.017530
870001	871000	870501	364.0	-0.319974	-0.168162
871001	872000	871501	528.0	-0.319496	0.368437
872001	873000	872501	498.0	-0.319018	0.284045
873001	874000	873501	313.0	-0.318540	-0.385938
874001	875000	874501	379.0	-0.318061	-0.109903
875001	876000	875501	379.0	-0.317583	-0.109903
876001	877000	876501	387.0	-0.317105	-0.079767
877001	878000	877501	370.0	-0.316626	-0.144576
878001	879000	878501	411.0	-0.316148	0.007038
879001	880000	879501	371.0	-0.315670	-0.140682
880001	881000	880501	374.0	-0.315192	-0.129063
881001	882000	881501	424.0	-0.314713	0.051963
882001	883000	882501	420.0	-0.314235	0.038288
883001	884000	883501	482.0	-0.313757	0.236932
884001	885000	884501	385.0	-0.313278	-0.087242
885001	886000	885501	355.0	-0.312800	-0.204282
886001	887000	886501	418.0	-0.312322	0.031402
887001	888000	887501	456.0	-0.311844	0.156933
888001	889000	888501	424.0	-0.311365	0.051963
889001	890000	889501	553.0	-0.310887	0.435179
890001	891000	890501	521.0	-0.310409	0.349183
891001	892000	891501	413.0	-0.309930	0.014041
892001	893000	892501	368.0	-0.309452	-0.152395
893001	894000	893501	405.0	-0.308974	-0.014179
894001	895000	894501	400.0	-0.308496	-0.032101
895001	896000	895501	410.0	-0.308017	0.003523
896001	897000	896501	415.0	-0.307539	0.021010
897001	898000	897501	388.0	-0.307061	-0.076044
898001	899000	898501	450.0	-0.306582	0.137824
899001	900000	899501	427.0	-0.306104	0.062135
900001	901000	900501	347.0	-0.305626	-0.237165
901001	902000	901501	460.0	-0.305148	0.169533
902001	903000	902501	472.0	-0.304669	0.206686
903001	904000	903501	395.0	-0.304191	-0.050248
904001	905000	904501	442.0	-0.303713	0.111946
905001	906000	905501	489.0	-0.303234	0.257734
906001	907000	906501	463.0	-0.302756	0.178911
907001	908000	907501	435.0	-0.302278	0.088915
908001	909000	908501	396.0	-0.301800	-0.046600
909001	910000	909501	477.0	-0.301321	0.221888
910001	911000	910501	520.0	-0.300843	0.346411
911001	912000	911501	513.0	-0.300365	0.326858
912001	913000	912501	510.0	-0.299886	0.318396
913001	914000	913501	399.0	-0.299408	-0.035712
914001	915000	914501	473.0	-0.298930	0.209739
915001	916000	915501	405.0	-0.298451	-0.014179
916001	917000	916501	386.0	-0.297973	-0.083500
917001	918000	917501	417.0	-0.297495	0.027947
918001	919000	918501	383.0	-0.297017	-0.094756
919001	920000	919501	382.0	-0.296538	-0.098528
920001	921000	920501	394.0	-0.296060	-0.053905
921001	922000	921501	471.0	-0.295582	0.203626
922001	923000	922501	454.0	-0.295103	0.150591
923001	924000	923501	469.0	-0.294625	0.197487
924001	925000	924501	365.0	-0.294147	-0.164204
925001	926000	925501	449.0	-0.293669	0.134615
926001	927000	926501	471.0	-0.293190	0.203626
927001	928000	927501	471.0	-0.292712	0.203626
928001	929000	928501	467.0	-0.292234	0.191322
929001	930000	929501	406.0	-0.291755	-0.010621
930001	931000	930501	355.0	-0.291277	-0.204282
931001	932000	931501	335.0	-0.290799	-0.287940
932001	933000	932501	390.0	-0.290321	-0.068627
933001	934000	933501	427.0	-0.289842	0.062135
934001	935000	934501	361.0	-0.289364	-0.180102
935001	936000	935501	382.0	-0.288886	-0.098528
936001	937000	936501	347.0	-0.288407	-0.237165
937001	938000	937501	342.0	-0.287929	-0.258105
938001	939000	938501	339.0	-0.287451	-0.270816
939001	940000	939501	318.0	-0.286973	-0.363074
940001	941000	940501	358.0	-0.286494	-0.192141
941001	942000	941501	352.0	-0.286016	-0.216525
942001	943000	942501	359.0	-0.285538	-0.188117
943001	944000	943501	397.0	-0.285059	-0.042962
944001	945000	944501	416.0	-0.284581	0.024483
945001	946000	945501	344.0	-0.284103	-0.249692
946001	947000	946501	348.0	-0.283625	-0.233014
947001	948000	947501	450.0	-0.283146	0.137824
948001	949000	948501	436.0	-0.282668	0.092227
949001	950000	949501	414.0	-0.282190	0.017530
950001	951000	950501	390.0	-0.281711	-0.068627
951001	952000	951501	427.0	-0.281233	0.062135
952001	953000	952501	388.0	-0.280755	-0.076044
953001	954000	953501	412.0	-0.280277	0.010543
954001	955000	954501	401.0	-0.279798	-0.028499
955001	956000	955501	347.0	-0.279320	-0.237165
956001	957000	956501	480.0	-0.278842	0.230934
957001	958000	957501	417.0	-0.278363	0.027947
958001	959000	958501	392.0	-0.277885	-0.061247
959001	960000	959501	386.0	-0.277407	-0.083500
960001	961000	960501	426.0	-0.276929	0.058753
961001	962000	961501	397.0	-0.276450	-0.042962
962001	963000	962501	441.0	-0.275972	0.108678
963001	964000	963501	412.0	-0.275494	0.010543
964001	965000	964501	357.0	-0.275015	-0.196177
965001	966000	965501	401.0	-0.274537	-0.028499
966001	967000	966501	316.0	-0.274059	-0.372176
967001	968000	967501	367.0	-0.273581	-0.156321
968001	969000	968501	423.0	-0.273102	0.048557
969001	970000	969501	363.0	-0.272624	-0.172131
970001	971000	970501	363.0	-0.272146	-0.172131
971001	972000	971501	412.0	-0.271667	0.010543
972001	973000	972501	378.0	-0.271189	-0.113715
973001	974000	973501	315.0	-0.270711	-0.376749
974001	975000	974501	484.0	-0.270233	0.242906
975001	976000	975501	405.0	-0.269754	-0.014179
976001	977000	976501	402.0	-0.269276	-0.024905
977001	978000	977501	395.0	-0.268798	-0.050248
978001	979000	978501	418.0	-0.268319	0.031402
979001	980000	979501	458.0	-0.267841	0.163247
980001	981000	980501	399.0	-0.267363	-0.035712
981001	982000	981501	444.0	-0.266885	0.118459
982001	983000	982501	385.0	-0.266406	-0.087242
983001	984000	983501	382.0	-0.265928	-0.098528
984001	985000	984501	452.0	-0.265450	0.144222
985001	986000	985501	343.0	-0.264971	-0.253892
986001	987000	986501	320.0	-0.264493	-0.354029
987001	988000	987501	369.0	-0.264015	-0.148480
988001	989000	988501	605.0	-0.263536	0.564834
989001	990000	989501	585.0	-0.263058	0.516336
990001	991000	990501	464.0	-0.262580	0.182024
991001	992000	991501	429.0	-0.262102	0.068877
992001	993000	992501	413.0	-0.261623	0.014041
993001	994000	993501	387.0	-0.261145	-0.079767
994001	995000	994501	380.0	-0.260667	-0.106101
995001	996000	995501	468.0	-0.260188	0.194408
996001	997000	996501	336.0	-0.259710	-0.283640
997001	998000	997501	343.0	-0.259232	-0.253892
998001	999000	998501	288.0	-0.258754	-0.506032
999001	1000000	999501	294.0	-0.258275	-0.476285
1000001	1001000	1000501	344.0	-0.257797	-0.249692
1001001	1002000	1001501	387.0	-0.257319	-0.079767
1002001	1003000	1002501	381.0	-0.256840	-0.102310
1003001	1004000	1003501	392.0	-0.256362	-0.061247
1004001	1005000	1004501	415.0	-0.255884	0.021010
1005001	1006000	1005501	455.0	-0.255406	0.153766
1006001	1007000	1006501	350.0	-0.254927	-0.224746
1007001	1008000	1007501	456.0	-0.254449	0.156933
1008001	1009000	1008501	431.0	-0.253971	0.075587
1009001	1010000	1009501	369.0	-0.253492	-0.148480
1010001	1011000	1010501	349.0	-0.253014	-0.228874
1011001	1012000	1011501	400.0	-0.252536	-0.032101
1012001	1013000	1012501	415.0	-0.252058	0.021010
1013001	1014000	1013501	434.0	-0.251579	0.085594
1014001	1015000	1014501	384.0	-0.251101	-0.090995
1015001	1016000	1015501	362.0	-0.250623	-0.176111
1016001	1017000	1016501	385.0	-0.250144	-0.087242
1017001	1018000	1017501	396.0	-0.249666	-0.046600
1018001	1019000	1018501	425.0	-0.249188	0.055362
1019001	1020000	1019501	368.0	-0.248710	-0.152395
1020001	1021000	1020501	385.0	-0.248231	-0.087242
1021001	1022000	1021501	425.0	-0.247753	0.055362
1022001	1023000	1022501	400.0	-0.247275	-0.032101
1023001	1024000	1023501	398.0	-0.246796	-0.039332
1024001	1025000	1024501	474.0	-0.246318	0.212786
1025001	1026000	1025501	451.0	-0.245840	0.141027
1026001	1027000	1026501	419.0	-0.245362	0.034849
1027001	1028000	1027501	411.0	-0.244883	0.007038
1028001	1029000	1028501	335.0	-0.244405	-0.287940
1029001	1030000	1029501	374.0	-0.243927	-0.129063
1030001	1031000	1030501	316.0	-0.243448	-0.372176
1031001	1032000	1031501	337.0	-0.242970	-0.279352
1032001	1033000	1032501	419.0	-0.242492	0.034849
1033001	1034000	1033501	458.0	-0.242014	0.163247
1034001	1035000	1034501	466.0	-0.241535	0.188229
1035001	1036000	1035501	491.0	-0.241057	0.263622
1036001	1037000	1036501	449.0	-0.240579	0.134615
1037001	1038000	1037501	408.0	-0.240100	-0.003532
1038001	1039000	1038501	478.0	-0.239622	0.224910
1039001	1040000	1039501	445.0	-0.239144	0.121704
1040001	1041000	1040501	404.0	-0.238666	-0.017746
1041001	1042000	1041501	437.0	-0.238187	0.095532
1042001	1043000	1042501	448.0	-0.237709	0.131398
1043001	1044000	1043501	402.0	-0.237231	-0.024905
1044001	1045000	1044501	471.0	-0.236752	0.203626
1045001	1046000	1045501	442.0	-0.236274	0.111946
1046001	1047000	1046501	484.0	-0.235796	0.242906
1047001	1048000	1047501	556.0	-0.235318	0.442984
1048001	1049000	1048501	425.0	-0.234839	0.055362
1049001	1050000	1049501	383.0	-0.234361	-0.094756
1050001	1051000	1050501	336.0	-0.233883	-0.283640
1051001	1052000	1051501	303.0	-0.233404	-0.432783
1052001	1053000	1052501	335.0	-0.232926	-0.287940
1053001	1054000	1053501	363.0	-0.232448	-0.172131
1054001	1055000	1054501	392.0	-0.231970	-0.061247
1055001	1056000	1055501	345.0	-0.231491	-0.245504
1056001	1057000	1056501	368.0	-0.231013	-0.152395
1057001	1058000	1057501	370.0	-0.230535	-0.144576
1058001	1059000	1058501	392.0	-0.230056	-0.061247
1059001	1060000	1059501	429.0	-0.229578	0.068877
1060001	1061000	1060501	409.0	-0.229100	0.000000
1061001	1062000	1061501	455.0	-0.228621	0.153766
1062001	1063000	1062501	409.0	-0.228143	0.000000
1063001	1064000	1063501	366.0	-0.227665	-0.160257
1064001	1065000	1064501	342.0	-0.227187	-0.258105
1065001	1066000	1065501	353.0	-0.226708	-0.212433
1066001	1067000	1066501	382.0	-0.226230	-0.098528
1067001	1068000	1067501	382.0	-0.225752	-0.098528
1068001	1069000	1068501	351.0	-0.225273	-0.220630
1069001	1070000	1069501	360.0	-0.224795	-0.184104
1070001	1071000	1070501	472.0	-0.224317	0.206686
1071001	1072000	1071501	356.0	-0.223839	-0.200224
1072001	1073000	1072501	377.0	-0.223360	-0.117536
1073001	1074000	1073501	377.0	-0.222882	-0.117536
1074001	1075000	1074501	370.0	-0.222404	-0.144576
1075001	1076000	1075501	403.0	-0.221925	-0.021321
1076001	1077000	1076501	366.0	-0.221447	-0.160257
1077001	1078000	1077501	383.0	-0.220969	-0.094756
1078001	1079000	1078501	521.0	-0.220491	0.349183
1079001	1080000	1079501	354.0	-0.220012	-0.208351
1080001	1081000	1080501	381.0	-0.219534	-0.102310
1081001	1082000	1081501	425.0	-0.219056	0.055362
1082001	1083000	1082501	565.0	-0.218577	0.466150
1083001	1084000	1083501	421.0	-0.218099	0.041719
1084001	1085000	1084501	427.0	-0.217621	0.062135
1085001	1086000	1085501	432.0	-0.217143	0.078930
1086001	1087000	1086501	362.0	-0.216664	-0.176111
1087001	1088000	1087501	329.0	-0.216186	-0.314013
1088001	1089000	1088501	350.0	-0.215708	-0.224746
1089001	1090000	1089501	372.0	-0.215229	-0.136798
1090001	1091000	1090501	375.0	-0.214751	-0.125210
1091001	1092000	1091501	354.0	-0.214273	-0.208351
1092001	1093000	1092501	436.0	-0.213795	0.092227
1093001	1094000	1093501	439.0	-0.213316	0.102120
1094001	1095000	1094501	341.0	-0.212838	-0.262329
1095001	1096000	1095501	414.0	-0.212360	0.017530
1096001	1097000	1096501	425.0	-0.211881	0.055362
1097001	1098000	1097501	389.0	-0.211403	-0.072331
1098001	1099000	1098501	500.0	-0.210925	0.289827
1099001	1100000	1099501	556.0	-0.210447	0.442984
1100001	1101000	1100501	496.0	-0.209968	0.278239
1101001	1102000	1101501	445.0	-0.209490	0.121704
1102001	1103000	1102501	440.0	-0.209012	0.105403
1103001	1104000	1103501	384.0	-0.208533	-0.090995
1104001	1105000	1104501	380.0	-0.208055	-0.106101
1105001	1106000	1105501	361.0	-0.207577	-0.180102
1106001	1107000	1106501	414.0	-0.207099	0.017530
1107001	1108000	1107501	432.0	-0.206620	0.078930
1108001	1109000	1108501	374.0	-0.206142	-0.129063
1109001	1110000	1109501	378.0	-0.205664	-0.113715
1110001	1111000	1110501	427.0	-0.205185	0.062135
1111001	1112000	1111501	402.0	-0.204707	-0.024905
1112001	1113000	1112501	356.0	-0.204229	-0.200224
1113001	1114000	1113501	511.0	-0.203751	0.321222
1114001	1115000	1114501	393.0	-0.203272	-0.057572
1115001	1116000	1115501	444.0	-0.202794	0.118459
1116001	1117000	1116501	414.0	-0.202316	0.017530
1117001	1118000	1117501	463.0	-0.201837	0.178911
1118001	1119000	1118501	393.0	-0.201359	-0.057572
1119001	1120000	1119501	386.0	-0.200881	-0.083500
1120001	1121000	1120501	347.0	-0.200403	-0.237165
1121001	1122000	1121501	390.0	-0.199924	-0.068627
1122001	1123000	1122501	431.0	-0.199446	0.075587
1123001	1124000	1123501	443.0	-0.198968	0.115206
1124001	1125000	1124501	420.0	-0.198489	0.038288
1125001	1126000	1125501	282.0	-0.198011	-0.536406
1126001	1127000	1126501	386.0	-0.197533	-0.083500
1127001	1128000	1127501	376.0	-0.197055	-0.121368
1128001	1129000	1128501	514.0	-0.196576	0.329668
1129001	1130000	1129501	483.0	-0.196098	0.239922
1130001	1131000	1130501	509.0	-0.195620	0.315565
1131001	1132000	1131501	560.0	-0.195141	0.453326
1132001	1133000	1132501	626.0	-0.194663	0.614062
1133001	1134000	1133501	532.0	-0.194185	0.379325
1134001	1135000	1134501	470.0	-0.193706	0.200560
1135001	1136000	1135501	574.0	-0.193228	0.488950
1136001	1137000	1136501	527.0	-0.192750	0.365702
1137001	1138000	1137501	541.0	-0.192272	0.403528
1138001	1139000	1138501	503.0	-0.191793	0.298458
1139001	1140000	1139501	420.0	-0.191315	0.038288
1140001	1141000	1140501	357.0	-0.190837	-0.196177
1141001	1142000	1141501	351.0	-0.190358	-0.220630
1142001	1143000	1142501	401.0	-0.189880	-0.028499
1143001	1144000	1143501	390.0	-0.189402	-0.068627
1144001	1145000	1144501	374.0	-0.188924	-0.129063
1145001	1146000	1145501	398.0	-0.188445	-0.039332
1146001	1147000	1146501	421.0	-0.187967	0.041719
1147001	1148000	1147501	393.0	-0.187489	-0.057572
1148001	1149000	1148501	338.0	-0.187010	-0.275078
1149001	1150000	1149501	404.0	-0.186532	-0.017746
1150001	1151000	1150501	414.0	-0.186054	0.017530
1151001	1152000	1151501	435.0	-0.185576	0.088915
1152001	1153000	1152501	374.0	-0.185097	-0.129063
1153001	1154000	1153501	312.0	-0.184619	-0.390555
1154001	1155000	1154501	336.0	-0.184141	-0.283640
1155001	1156000	1155501	332.0	-0.183662	-0.300918
1156001	1157000	1156501	365.0	-0.183184	-0.164204
1157001	1158000	1157501	411.0	-0.182706	0.007038
1158001	1159000	1158501	403.0	-0.182228	-0.021321
1159001	1160000	1159501	382.0	-0.181749	-0.098528
1160001	1161000	1160501	367.0	-0.181271	-0.156321
1161001	1162000	1161501	517.0	-0.180793	0.338063
1162001	1163000	1162501	395.0	-0.180314	-0.050248
1163001	1164000	1163501	416.0	-0.179836	0.024483
1164001	1165000	1164501	490.0	-0.179358	0.260681
1165001	1166000	1165501	395.0	-0.178880	-0.050248
1166001	1167000	1166501	362.0	-0.178401	-0.176111
1167001	1168000	1167501	434.0	-0.177923	0.085594
1168001	1169000	1168501	361.0	-0.177445	-0.180102
1169001	1170000	1169501	339.0	-0.176966	-0.270816
1170001	1171000	1170501	391.0	-0.176488	-0.064932
1171001	1172000	1171501	444.0	-0.176010	0.118459
1172001	1173000	1172501	568.0	-0.175532	0.473790
1173001	1174000	1173501	483.0	-0.175053	0.239922
1174001	1175000	1174501	323.0	-0.174575	-0.340567
1175001	1176000	1175501	465.0	-0.174097	0.185130
1176001	1177000	1176501	471.0	-0.173618	0.203626
1177001	1178000	1177501	401.0	-0.173140	-0.028499
1178001	1179000	1178501	402.0	-0.172662	-0.024905
1179001	1180000	1179501	349.0	-0.172184	-0.228874
1180001	1181000	1180501	361.0	-0.171705	-0.180102
1181001	1182000	1181501	403.0	-0.171227	-0.021321
1182001	1183000	1182501	329.0	-0.170749	-0.314013
1183001	1184000	1183501	474.0	-0.170270	0.212786
1184001	1185000	1184501	501.0	-0.169792	0.292710
1185001	1186000	1185501	383.0	-0.169314	-0.094756
1186001	1187000	1186501	415.0	-0.168836	0.021010
1187001	1188000	1187501	454.0	-0.168357	0.150591
1188001	1189000	1188501	398.0	-0.167879	-0.039332
1189001	1190000	1189501	391.0	-0.167401	-0.064932
1190001	1191000	1190501	546.0	-0.166922	0.416800
1191001	1192000	1191501	485.0	-0.166444	0.245884
1192001	1193000	1192501	370.0	-0.165966	-0.144576
1193001	1194000	1193501	359.0	-0.165488	-0.188117
1194001	1195000	1194501	370.0	-0.165009	-0.144576
1195001	1196000	1195501	382.0	-0.164531	-0.098528
1196001	1197000	1196501	386.0	-0.164053	-0.083500
1197001	1198000	1197501	387.0	-0.163574	-0.079767
1198001	1199000	1198501	363.0	-0.163096	-0.172131
1199001	1200000	1199501	396.0	-0.162618	-0.046600
1200001	1201000	1200501	387.0	-0.162140	-0.079767
1201001	1202000	1201501	413.0	-0.161661	0.014041
1202001	1203000	1202501	400.0	-0.161183	-0.032101
1203001	1204000	1203501	390.0	-0.160705	-0.068627
1204001	1205000	1204501	427.0	-0.160226	0.062135
1205001	1206000	1205501	421.0	-0.159748	0.041719
1206001	1207000	1206501	471.0	-0.159270	0.203626
1207001	1208000	1207501	384.0	-0.158792	-0.090995
1208001	1209000	1208501	428.0	-0.158313	0.065510
1209001	1210000	1209501	311.0	-0.157835	-0.395186
1210001	1211000	1210501	349.0	-0.157357	-0.228874
1211001	1212000	1211501	398.0	-0.156878	-0.039332
1212001	1213000	1212501	357.0	-0.156400	-0.196177
1213001	1214000	1213501	413.0	-0.155922	0.014041
1214001	1215000	1214501	396.0	-0.155443	-0.046600
1215001	1216000	1215501	434.0	-0.154965	0.085594
1216001	1217000	1216501	342.0	-0.154487	-0.258105
1217001	1218000	1217501	357.0	-0.154009	-0.196177
1218001	1219000	1218501	419.0	-0.153530	0.034849
1219001	1220000	1219501	401.0	-0.153052	-0.028499
1220001	1221000	1220501	390.0	-0.152574	-0.068627
1221001	1222000	1221501	328.0	-0.152095	-0.318405
1222001	1223000	1222501	326.0	-0.151617	-0.327229
1223001	1224000	1223501	433.0	-0.151139	0.082266
1224001	1225000	1224501	433.0	-0.150661	0.082266
1225001	1226000	1225501	364.0	-0.150182	-0.168162
1226001	1227000	1226501	471.0	-0.149704	0.203626
1227001	1228000	1227501	466.0	-0.149226	0.188229
1228001	1229000	1228501	429.0	-0.148747	0.068877
1229001	1230000	1229501	440.0	-0.148269	0.105403
1230001	1231000	1230501	509.0	-0.147791	0.315565
1231001	1232000	1231501	513.0	-0.147313	0.326858
1232001	1233000	1232501	424.0	-0.146834	0.051963
1233001	1234000	1233501	278.0	-0.146356	-0.557016
1234001	1235000	1234501	438.0	-0.145878	0.098830
1235001	1236000	1235501	386.0	-0.145399	-0.083500
1236001	1237000	1236501	409.0	-0.144921	0.000000
1237001	1238000	1237501	467.0	-0.144443	0.191322
1238001	1239000	1238501	381.0	-0.143965	-0.102310
1239001	1240000	1239501	401.0	-0.143486	-0.028499
1240001	1241000	1240501	407.0	-0.143008	-0.007072
1241001	1242000	1241501	363.0	-0.142530	-0.172131
1242001	1243000	1242501	367.0	-0.142051	-0.156321
1243001	1244000	1243501	396.0	-0.141573	-0.046600
1244001	1245000	1244501	324.0	-0.141095	-0.336107
1245001	1246000	1245501	420.0	-0.140617	0.038288
1246001	1247000	1246501	487.0	-0.140138	0.251821
1247001	1248000	1247501	505.0	-0.139660	0.304183
1248001	1249000	1248501	565.0	-0.139182	0.466150
1249001	1250000	1249501	575.0	-0.138703	0.491461
1250001	1251000	1250501	521.0	-0.138225	0.349183
1251001	1252000	1251501	649.0	-0.137747	0.666118
1252001	1253000	1252501	588.0	-0.137269	0.523715
1253001	1254000	1253501	566.0	-0.136790	0.468701
1254001	1255000	1254501	541.0	-0.136312	0.403528
1255001	1256000	1255501	468.0	-0.135834	0.194408
1256001	1257000	1256501	448.0	-0.135355	0.131398
1257001	1258000	1257501	463.0	-0.134877	0.178911
1258001	1259000	1258501	275.0	-0.134399	-0.572669
1259001	1260000	1259501	276.0	-0.133921	-0.567433
1260001	1261000	1260501	234.0	-0.133442	-0.805592
1261001	1262000	1261501	286.0	-0.132964	-0.516086
1262001	1263000	1262501	306.0	-0.132486	-0.418569
1263001	1264000	1263501	230.0	-0.132007	-0.830467
1264001	1265000	1264501	289.0	-0.131529	-0.501031
1265001	1266000	1265501	258.0	-0.131051	-0.664730
1266001	1267000	1266501	198.0	-0.130573	-1.046600
1267001	1268000	1267501	183.0	-0.130094	-1.160257
1268001	1269000	1268501	205.0	-0.129616	-0.996477
1269001	1270000	1269501	194.0	-0.129138	-1.076044
1270001	1271000	1270501	248.0	-0.128659	-0.721761
1271001	1272000	1271501	188.0	-0.128181	-1.121368
1272001	1273000	1272501	273.0	-0.127703	-0.583200
1273001	1274000	1273501	505.0	-0.127225	0.304183
1274001	1275000	1274501	425.0	-0.126746	0.055362
1275001	1276000	1275501	427.0	-0.126268	0.062135
1276001	1277000	1276501	527.0	-0.125790	0.365702
1277001	1278000	1277501	539.0	-0.125311	0.398184
1278001	1279000	1278501	578.0	-0.124833	0.498969
1279001	1280000	1279501	610.0	-0.124355	0.576708
1280001	1281000	1280501	492.0	-0.123877	0.266557
1281001	1282000	1281501	506.0	-0.123398	0.307037
1282001	1283000	1282501	533.0	-0.122920	0.382035
1283001	1284000	1283501	573.0	-0.122442	0.486434
1284001	1285000	1284501	580.0	-0.121963	0.503952
1285001	1286000	1285501	637.0	-0.121485	0.639193
1286001	1287000	1286501	508.0	-0.121007	0.312728
1287001	1288000	1287501	501.0	-0.120528	0.292710
1288001	1289000	1288501	669.0	-0.120050	0.709905
1289001	1290000	1289501	567.0	-0.119572	0.471248
1290001	1291000	1290501	564.0	-0.119094	0.463594
1291001	1292000	1291501	467.0	-0.118615	0.191322
1292001	1293000	1292501	463.0	-0.118137	0.178911
1293001	1294000	1293501	479.0	-0.117659	0.227925
1294001	1295000	1294501	559.0	-0.117180	0.450747
1295001	1296000	1295501	650.0	-0.116702	0.668339
1296001	1297000	1296501	577.0	-0.116224	0.496470
1297001	1298000	1297501	387.0	-0.115746	-0.079767
1298001	1299000	1298501	352.0	-0.115267	-0.216525
1299001	1300000	1299501	393.0	-0.114789	-0.057572
1300001	1301000	1300501	472.0	-0.114311	0.206686
1301001	1302000	1301501	492.0	-0.113832	0.266557
1302001	1303000	1302501	406.0	-0.113354	-0.010621
1303001	1304000	1303501	401.0	-0.112876	-0.028499
1304001	1305000	1304501	490.0	-0.112398	0.260681
1305001	1306000	1305501	412.0	-0.111919	0.010543
1306001	1307000	1306501	399.0	-0.111441	-0.035712
1307001	1308000	1307501	373.0	-0.110963	-0.132925
1308001	1309000	1308501	378.0	-0.110484	-0.113715
1309001	1310000	1309501	384.0	-0.110006	-0.090995
1310001	1311000	1310501	416.0	-0.109528	0.024483
1311001	1312000	1311501	379.0	-0.109050	-0.109903
1312001	1313000	1312501	447.0	-0.108571	0.128174
1313001	1314000	1313501	407.0	-0.108093	-0.007072
1314001	1315000	1314501	459.0	-0.107615	0.166393
1315001	1316000	1315501	424.0	-0.107136	0.051963
1316001	1317000	1316501	440.0	-0.106658	0.105403
1317001	1318000	1317501	392.0	-0.106180	-0.061247
1318001	1319000	1318501	423.0	-0.105702	0.048557
1319001	1320000	1319501	447.0	-0.105223	0.128174
1320001	1321000	1320501	391.0	-0.104745	-0.064932
1321001	1322000	1321501	411.0	-0.104267	0.007038
1322001	1323000	1322501	429.0	-0.103788	0.068877
1323001	1324000	1323501	456.0	-0.103310	0.156933
1324001	1325000	1324501	453.0	-0.102832	0.147410
1325001	1326000	1325501	449.0	-0.102354	0.134615
1326001	1327000	1326501	421.0	-0.101875	0.041719
1327001	1328000	1327501	597.0	-0.101397	0.545630
1328001	1329000	1328501	510.0	-0.100919	0.318396
1329001	1330000	1329501	358.0	-0.100440	-0.192141
1330001	1331000	1330501	387.0	-0.099962	-0.079767
1331001	1332000	1331501	493.0	-0.099484	0.269487
1332001	1333000	1332501	378.0	-0.099006	-0.113715
1333001	1334000	1333501	455.0	-0.098527	0.153766
1334001	1335000	1334501	507.0	-0.098049	0.309885
1335001	1336000	1335501	427.0	-0.097571	0.062135
1336001	1337000	1336501	477.0	-0.097092	0.221888
1337001	1338000	1337501	418.0	-0.096614	0.031402
1338001	1339000	1338501	381.0	-0.096136	-0.102310
1339001	1340000	1339501	344.0	-0.095658	-0.249692
1340001	1341000	1340501	426.0	-0.095179	0.058753
1341001	1342000	1341501	397.0	-0.094701	-0.042962
1342001	1343000	1342501	403.0	-0.094223	-0.021321
1343001	1344000	1343501	406.0	-0.093744	-0.010621
1344001	1345000	1344501	447.0	-0.093266	0.128174
1345001	1346000	1345501	472.0	-0.092788	0.206686
1346001	1347000	1346501	485.0	-0.092310	0.245884
1347001	1348000	1347501	384.0	-0.091831	-0.090995
1348001	1349000	1348501	447.0	-0.091353	0.128174
1349001	1350000	1349501	420.0	-0.090875	0.038288
1350001	1351000	1350501	374.0	-0.090396	-0.129063
1351001	1352000	1351501	341.0	-0.089918	-0.262329
1352001	1353000	1352501	355.0	-0.089440	-0.204282
1353001	1354000	1353501	285.0	-0.088962	-0.521139
1354001	1355000	1354501	318.0	-0.088483	-0.363074
1355001	1356000	1355501	379.0	-0.088005	-0.109903
1356001	1357000	1356501	458.0	-0.087527	0.163247
1357001	1358000	1357501	394.0	-0.087048	-0.053905
1358001	1359000	1358501	342.0	-0.086570	-0.258105
1359001	1360000	1359501	383.0	-0.086092	-0.094756
1360001	1361000	1360501	427.0	-0.085613	0.062135
1361001	1362000	1361501	434.0	-0.085135	0.085594
1362001	1363000	1362501	520.0	-0.084657	0.346411
1363001	1364000	1363501	368.0	-0.084179	-0.152395
1364001	1365000	1364501	397.0	-0.083700	-0.042962
1365001	1366000	1365501	352.0	-0.083222	-0.216525
1366001	1367000	1366501	406.0	-0.082744	-0.010621
1367001	1368000	1367501	433.0	-0.082265	0.082266
1368001	1369000	1368501	462.0	-0.081787	0.175792
1369001	1370000	1369501	477.0	-0.081309	0.221888
1370001	1371000	1370501	432.0	-0.080831	0.078930
1371001	1372000	1371501	353.0	-0.080352	-0.212433
1372001	1373000	1372501	344.0	-0.079874	-0.249692
1373001	1374000	1373501	378.0	-0.079396	-0.113715
1374001	1375000	1374501	442.0	-0.078917	0.111946
1375001	1376000	1375501	400.0	-0.078439	-0.032101
1376001	1377000	1376501	444.0	-0.077961	0.118459
1377001	1378000	1377501	481.0	-0.077483	0.233936
1378001	1379000	1378501	433.0	-0.077004	0.082266
1379001	1380000	1379501	396.0	-0.076526	-0.046600
1380001	1381000	1380501	440.0	-0.076048	0.105403
1381001	1382000	1381501	331.0	-0.075569	-0.305270
1382001	1383000	1382501	421.0	-0.075091	0.041719
1383001	1384000	1383501	324.0	-0.074613	-0.336107
1384001	1385000	1384501	316.0	-0.074135	-0.372176
1385001	1386000	1385501	309.0	-0.073656	-0.404494
1386001	1387000	1386501	304.0	-0.073178	-0.428030
1387001	1388000	1387501	335.0	-0.072700	-0.287940
1388001	1389000	1388501	350.0	-0.072221	-0.224746
1389001	1390000	1389501	367.0	-0.071743	-0.156321
1390001	1391000	1390501	327.0	-0.071265	-0.322810
1391001	1392000	1391501	320.0	-0.070787	-0.354029
1392001	1393000	1392501	399.0	-0.070308	-0.035712
1393001	1394000	1393501	376.0	-0.069830	-0.121368
1394001	1395000	1394501	500.0	-0.069352	0.289827
1395001	1396000	1395501	537.0	-0.068873	0.392821
1396001	1397000	1396501	434.0	-0.068395	0.085594
1397001	1398000	1397501	348.0	-0.067917	-0.233014
1398001	1399000	1398501	366.0	-0.067439	-0.160257
1399001	1400000	1399501	370.0	-0.066960	-0.144576
1400001	1401000	1400501	335.0	-0.066482	-0.287940
1401001	1402000	1401501	350.0	-0.066004	-0.224746
1402001	1403000	1402501	361.0	-0.065525	-0.180102
1403001	1404000	1403501	348.0	-0.065047	-0.233014
1404001	1405000	1404501	375.0	-0.064569	-0.125210
1405001	1406000	1405501	349.0	-0.064091	-0.228874
1406001	1407000	1406501	372.0	-0.063612	-0.136798
1407001	1408000	1407501	486.0	-0.063134	0.248855
1408001	1409000	1408501	392.0	-0.062656	-0.061247
1409001	1410000	1409501	354.0	-0.062177	-0.208351
1410001	1411000	1410501	339.0	-0.061699	-0.270816
1411001	1412000	1411501	302.0	-0.061221	-0.437552
1412001	1413000	1412501	367.0	-0.060743	-0.156321
1413001	1414000	1413501	452.0	-0.060264	0.144222
1414001	1415000	1414501	462.0	-0.059786	0.175792
1415001	1416000	1415501	338.0	-0.059308	-0.275078
1416001	1417000	1416501	364.0	-0.058829	-0.168162
1417001	1418000	1417501	419.0	-0.058351	0.034849
1418001	1419000	1418501	491.0	-0.057873	0.263622
1419001	1420000	1419501	492.0	-0.057395	0.266557
1420001	1421000	1420501	528.0	-0.056916	0.368437
1421001	1422000	1421501	679.0	-0.056438	0.731311
1422001	1423000	1422501	658.0	-0.055960	0.685987
1423001	1424000	1423501	436.0	-0.055481	0.092227
1424001	1425000	1424501	280.0	-0.055003	-0.546674
1425001	1426000	1425501	426.0	-0.054525	0.058753
1426001	1427000	1426501	500.0	-0.054047	0.289827
1427001	1428000	1427501	374.0	-0.053568	-0.129063
1428001	1429000	1428501	372.0	-0.053090	-0.136798
1429001	1430000	1429501	529.0	-0.052612	0.371167
1430001	1431000	1430501	443.0	-0.052133	0.115206
1431001	1432000	1431501	598.0	-0.051655	0.548045
1432001	1433000	1432501	658.0	-0.051177	0.685987
1433001	1434000	1433501	544.0	-0.050698	0.411506
1434001	1435000	1434501	420.0	-0.050220	0.038288
1435001	1436000	1435501	297.0	-0.049742	-0.461638
1436001	1437000	1436501	330.0	-0.049264	-0.309635
1437001	1438000	1437501	364.0	-0.048785	-0.168162
1438001	1439000	1438501	393.0	-0.048307	-0.057572
1439001	1440000	1439501	401.0	-0.047829	-0.028499
1440001	1441000	1440501	350.0	-0.047350	-0.224746
1441001	1442000	1441501	377.0	-0.046872	-0.117536
1442001	1443000	1442501	398.0	-0.046394	-0.039332
1443001	1444000	1443501	367.0	-0.045916	-0.156321
1444001	1445000	1444501	357.0	-0.045437	-0.196177
1445001	1446000	1445501	353.0	-0.044959	-0.212433
1446001	1447000	1446501	355.0	-0.044481	-0.204282
1447001	1448000	1447501	517.0	-0.044002	0.338063
1448001	1449000	1448501	394.0	-0.043524	-0.053905
1449001	1450000	1449501	484.0	-0.043046	0.242906
1450001	1451000	1450501	445.0	-0.042568	0.121704
1451001	1452000	1451501	370.0	-0.042089	-0.144576
1452001	1453000	1452501	494.0	-0.041611	0.272410
1453001	1454000	1453501	399.0	-0.041133	-0.035712
1454001	1455000	1454501	596.0	-0.040654	0.543211
1455001	1456000	1455501	607.0	-0.040176	0.569596
1456001	1457000	1456501	555.0	-0.039698	0.440387
1457001	1458000	1457501	672.0	-0.039220	0.716360
1458001	1459000	1458501	777.0	-0.038741	0.925814
1459001	1460000	1459501	650.0	-0.038263	0.668339
1460001	1461000	1460501	659.0	-0.037785	0.688178
1461001	1462000	1461501	577.0	-0.037306	0.496470
1462001	1463000	1462501	436.0	-0.036828	0.092227
1463001	1464000	1463501	435.0	-0.036350	0.088915
1464001	1465000	1464501	419.0	-0.035872	0.034849
1465001	1466000	1465501	485.0	-0.035393	0.245884
1466001	1467000	1466501	440.0	-0.034915	0.105403
1467001	1468000	1467501	469.0	-0.034437	0.197487
1468001	1469000	1468501	470.0	-0.033958	0.200560
1469001	1470000	1469501	431.0	-0.033480	0.075587
1470001	1471000	1470501	380.0	-0.033002	-0.106101
1471001	1472000	1471501	390.0	-0.032524	-0.068627
1472001	1473000	1472501	360.0	-0.032045	-0.184104
1473001	1474000	1473501	368.0	-0.031567	-0.152395
1474001	1475000	1474501	347.0	-0.031089	-0.237165
1475001	1476000	1475501	473.0	-0.030610	0.209739
1476001	1477000	1476501	380.0	-0.030132	-0.106101
1477001	1478000	1477501	334.0	-0.029654	-0.292253
1478001	1479000	1478501	381.0	-0.029176	-0.102310
1479001	1480000	1479501	402.0	-0.028697	-0.024905
1480001	1481000	1480501	334.0	-0.028219	-0.292253
1481001	1482000	1481501	419.0	-0.027741	0.034849
1482001	1483000	1482501	474.0	-0.027262	0.212786
1483001	1484000	1483501	314.0	-0.026784	-0.381336
1484001	1485000	1484501	400.0	-0.026306	-0.032101
1485001	1486000	1485501	392.0	-0.025828	-0.061247
1486001	1487000	1486501	465.0	-0.025349	0.185130
1487001	1488000	1487501	427.0	-0.024871	0.062135
1488001	1489000	1488501	418.0	-0.024393	0.031402
1489001	1490000	1489501	426.0	-0.023914	0.058753
1490001	1491000	1490501	406.0	-0.023436	-0.010621
1491001	1492000	1491501	323.0	-0.022958	-0.340567
1492001	1493000	1492501	381.0	-0.022480	-0.102310
1493001	1494000	1493501	473.0	-0.022001	0.209739
1494001	1495000	1494501	387.0	-0.021523	-0.079767
1495001	1496000	1495501	401.0	-0.021045	-0.028499
1496001	1497000	1496501	354.0	-0.020566	-0.208351
1497001	1498000	1497501	336.0	-0.020088	-0.283640
1498001	1499000	1498501	327.0	-0.019610	-0.322810
1499001	1500000	1499501	369.0	-0.019132	-0.148480
1500001	1501000	1500501	425.0	-0.018653	0.055362
1501001	1502000	1501501	472.0	-0.018175	0.206686
1502001	1503000	1502501	463.0	-0.017697	0.178911
1503001	1504000	1503501	371.0	-0.017218	-0.140682
1504001	1505000	1504501	409.0	-0.016740	0.000000
1505001	1506000	1505501	481.0	-0.016262	0.233936
1506001	1507000	1506501	415.0	-0.015783	0.021010
1507001	1508000	1507501	440.0	-0.015305	0.105403
1508001	1509000	1508501	450.0	-0.014827	0.137824
1509001	1510000	1509501	467.0	-0.014349	0.191322
1510001	1511000	1510501	444.0	-0.013870	0.118459
1511001	1512000	1511501	428.0	-0.013392	0.065510
1512001	1513000	1512501	415.0	-0.012914	0.021010
1513001	1514000	1513501	287.0	-0.012435	-0.511050
1514001	1515000	1514501	343.0	-0.011957	-0.253892
1515001	1516000	1515501	315.0	-0.011479	-0.376749
1516001	1517000	1516501	590.0	-0.011001	0.528614
1517001	1518000	1517501	498.0	-0.010522	0.284045
1518001	1519000	1518501	499.0	-0.010044	0.286939
1519001	1520000	1519501	321.0	-0.009566	-0.349528
1520001	1521000	1520501	568.0	-0.009087	0.473790
1521001	1522000	1521501	371.0	-0.008609	-0.140682
1522001	1523000	1522501	380.0	-0.008131	-0.106101
1523001	1524000	1523501	377.0	-0.007653	-0.117536
1524001	1525000	1524501	349.0	-0.007174	-0.228874
1525001	1526000	1525501	391.0	-0.006696	-0.064932
1526001	1527000	1526501	430.0	-0.006218	0.072236
1527001	1528000	1527501	392.0	-0.005739	-0.061247
1528001	1529000	1528501	424.0	-0.005261	0.051963
1529001	1530000	1529501	415.0	-0.004783	0.021010
1530001	1531000	1530501	380.0	-0.004305	-0.106101
1531001	1532000	1531501	360.0	-0.003826	-0.184104
1532001	1533000	1532501	374.0	-0.003348	-0.129063
1533001	1534000	1533501	382.0	-0.002870	-0.098528
1534001	1535000	1534501	399.0	-0.002391	-0.035712
1535001	1536000	1535501	408.0	-0.001913	-0.003532
1536001	1537000	1536501	309.0	-0.001435	-0.404494
1537001	1538000	1537501	350.0	-0.000957	-0.224746
1538001	1539000	1538501	335.0	-0.000478	-0.287940
1539001	1540000	1539501	359.0	0.000000	-0.188117
1540001	1541000	1540501	484.0	0.000522	0.242906
1541001	1542000	1541501	386.0	0.001045	-0.083500
1542001	1543000	1542501	366.0	0.001567	-0.160257
1543001	1544000	1543501	402.0	0.002090	-0.024905
1544001	1545000	1544501	325.0	0.002612	-0.331661
1545001	1546000	1545501	315.0	0.003135	-0.376749
1546001	1547000	1546501	442.0	0.003657	0.111946
1547001	1548000	1547501	391.0	0.004180	-0.064932
1548001	1549000	1548501	346.0	0.004702	-0.241329
1549001	1550000	1549501	355.0	0.005225	-0.204282
1550001	1551000	1550501	390.0	0.005747	-0.068627
1551001	1552000	1551501	449.0	0.006270	0.134615
1552001	1553000	1552501	380.0	0.006792	-0.106101
1553001	1554000	1553501	387.0	0.007315	-0.079767
1554001	1555000	1554501	458.0	0.007837	0.163247
1555001	1556000	1555501	415.0	0.008359	0.021010
1556001	1557000	1556501	358.0	0.008882	-0.192141
1557001	1558000	1557501	542.0	0.009404	0.406192
1558001	1559000	1558501	542.0	0.009927	0.406192
1559001	1560000	1559501	380.0	0.010449	-0.106101
1560001	1561000	1560501	541.0	0.010972	0.403528
1561001	1562000	1561501	520.0	0.011494	0.346411
1562001	1563000	1562501	351.0	0.012017	-0.220630
1563001	1564000	1563501	461.0	0.012539	0.172666
1564001	1565000	1564501	570.0	0.013062	0.478861
1565001	1566000	1565501	537.0	0.013584	0.392821
1566001	1567000	1566501	475.0	0.014107	0.215827
1567001	1568000	1567501	415.0	0.014629	0.021010
1568001	1569000	1568501	307.0	0.015152	-0.413862
1569001	1570000	1569501	357.0	0.015674	-0.196177
1570001	1571000	1570501	419.0	0.016196	0.034849
1571001	1572000	1571501	407.0	0.016719	-0.007072
1572001	1573000	1572501	401.0	0.017241	-0.028499
1573001	1574000	1573501	380.0	0.017764	-0.106101
1574001	1575000	1574501	325.0	0.018286	-0.331661
1575001	1576000	1575501	388.0	0.018809	-0.076044
1576001	1577000	1576501	400.0	0.019331	-0.032101
1577001	1578000	1577501	372.0	0.019854	-0.136798
1578001	1579000	1578501	400.0	0.020376	-0.032101
1579001	1580000	1579501	324.0	0.020899	-0.336107
1580001	1581000	1580501	409.0	0.021421	0.000000
1581001	1582000	1581501	377.0	0.021944	-0.117536
1582001	1583000	1582501	307.0	0.022466	-0.413862
1583001	1584000	1583501	347.0	0.022989	-0.237165
1584001	1585000	1584501	312.0	0.023511	-0.390555
1585001	1586000	1585501	415.0	0.024033	0.021010
1586001	1587000	1586501	334.0	0.024556	-0.292253
1587001	1588000	1587501	371.0	0.025078	-0.140682
1588001	1589000	1588501	394.0	0.025601	-0.053905
1589001	1590000	1589501	291.0	0.026123	-0.491082
1590001	1591000	1590501	284.0	0.026646	-0.526210
1591001	1592000	1591501	447.0	0.027168	0.128174
1592001	1593000	1592501	428.0	0.027691	0.065510
1593001	1594000	1593501	422.0	0.028213	0.045142
1594001	1595000	1594501	334.0	0.028736	-0.292253
1595001	1596000	1595501	341.0	0.029258	-0.262329
1596001	1597000	1596501	361.0	0.029781	-0.180102
1597001	1598000	1597501	336.0	0.030303	-0.283640
1598001	1599000	1598501	354.0	0.030825	-0.208351
1599001	1600000	1599501	425.0	0.031348	0.055362
1600001	1601000	1600501	365.0	0.031870	-0.164204
1601001	1602000	1601501	336.0	0.032393	-0.283640
1602001	1603000	1602501	332.0	0.032915	-0.300918
1603001	1604000	1603501	426.0	0.033438	0.058753
1604001	1605000	1604501	349.0	0.033960	-0.228874
1605001	1606000	1605501	337.0	0.034483	-0.279352
1606001	1607000	1606501	365.0	0.035005	-0.164204
1607001	1608000	1607501	363.0	0.035528	-0.172131
1608001	1609000	1608501	401.0	0.036050	-0.028499
1609001	1610000	1609501	424.0	0.036573	0.051963
1610001	1611000	1610501	446.0	0.037095	0.124943
1611001	1612000	1611501	346.0	0.037618	-0.241329
1612001	1613000	1612501	366.0	0.038140	-0.160257
1613001	1614000	1613501	367.0	0.038662	-0.156321
1614001	1615000	1614501	373.0	0.039185	-0.132925
1615001	1616000	1615501	447.0	0.039707	0.128174
1616001	1617000	1616501	383.0	0.040230	-0.094756
1617001	1618000	1617501	425.0	0.040752	0.055362
1618001	1619000	1618501	389.0	0.041275	-0.072331
1619001	1620000	1619501	364.0	0.041797	-0.168162
1620001	1621000	1620501	519.0	0.042320	0.343634
1621001	1622000	1621501	401.0	0.042842	-0.028499
1622001	1623000	1622501	401.0	0.043365	-0.028499
1623001	1624000	1623501	337.0	0.043887	-0.279352
1624001	1625000	1624501	333.0	0.044410	-0.296579
1625001	1626000	1625501	305.0	0.044932	-0.423292
1626001	1627000	1626501	320.0	0.045455	-0.354029
1627001	1628000	1627501	318.0	0.045977	-0.363074
1628001	1629000	1628501	306.0	0.046499	-0.418569
1629001	1630000	1629501	437.0	0.047022	0.095532
1630001	1631000	1630501	428.0	0.047544	0.065510
1631001	1632000	1631501	397.0	0.048067	-0.042962
1632001	1633000	1632501	375.0	0.048589	-0.125210
1633001	1634000	1633501	473.0	0.049112	0.209739
1634001	1635000	1634501	440.0	0.049634	0.105403
1635001	1636000	1635501	459.0	0.050157	0.166393
1636001	1637000	1636501	383.0	0.050679	-0.094756
1637001	1638000	1637501	359.0	0.051202	-0.188117
1638001	1639000	1638501	402.0	0.051724	-0.024905
1639001	1640000	1639501	419.0	0.052247	0.034849
1640001	1641000	1640501	416.0	0.052769	0.024483
1641001	1642000	1641501	345.0	0.053292	-0.245504
1642001	1643000	1642501	356.0	0.053814	-0.200224
1643001	1644000	1643501	363.0	0.054336	-0.172131
1644001	1645000	1644501	428.0	0.054859	0.065510
1645001	1646000	1645501	374.0	0.055381	-0.129063
1646001	1647000	1646501	382.0	0.055904	-0.098528
1647001	1648000	1647501	436.0	0.056426	0.092227
1648001	1649000	1648501	473.0	0.056949	0.209739
1649001	1650000	1649501	376.0	0.057471	-0.121368
1650001	1651000	1650501	423.0	0.057994	0.048557
1651001	1652000	1651501	415.0	0.058516	0.021010
1652001	1653000	1652501	355.0	0.059039	-0.204282
1653001	1654000	1653501	398.0	0.059561	-0.039332
1654001	1655000	1654501	445.0	0.060084	0.121704
1655001	1656000	1655501	441.0	0.060606	0.108678
1656001	1657000	1656501	357.0	0.061129	-0.196177
1657001	1658000	1657501	355.0	0.061651	-0.204282
1658001	1659000	1658501	431.0	0.062173	0.075587
1659001	1660000	1659501	374.0	0.062696	-0.129063
1660001	1661000	1660501	391.0	0.063218	-0.064932
1661001	1662000	1661501	343.0	0.063741	-0.253892
1662001	1663000	1662501	350.0	0.064263	-0.224746
1663001	1664000	1663501	334.0	0.064786	-0.292253
1664001	1665000	1664501	394.0	0.065308	-0.053905
1665001	1666000	1665501	368.0	0.065831	-0.152395
1666001	1667000	1666501	419.0	0.066353	0.034849
1667001	1668000	1667501	512.0	0.066876	0.324043
1668001	1669000	1668501	375.0	0.067398	-0.125210
1669001	1670000	1669501	363.0	0.067921	-0.172131
1670001	1671000	1670501	410.0	0.068443	0.003523
1671001	1672000	1671501	403.0	0.068966	-0.021321
1672001	1673000	1672501	275.0	0.069488	-0.572669
1673001	1674000	1673501	52.0	0.070010	-2.975517
1674001	1675000	1674501	44.0	0.070533	-3.216525
1675001	1676000	1675501	36.0	0.071055	-3.506032
1676001	1677000	1676501	56.0	0.071578	-2.868602
1677001	1678000	1677501	67.0	0.072100	-2.609868
1678001	1679000	1678501	63.0	0.072623	-2.698677
1679001	1680000	1679501	55.0	0.073145	-2.894597
1680001	1681000	1680501	54.0	0.073668	-2.921070
1681001	1682000	1681501	46.0	0.074190	-3.152395
1682001	1683000	1682501	57.0	0.074713	-2.843067
1683001	1684000	1683501	69.0	0.075235	-2.567433
1684001	1685000	1684501	50.0	0.075758	-3.032101
1685001	1686000	1685501	53.0	0.076280	-2.948037
1686001	1687000	1686501	69.0	0.076803	-2.567433
1687001	1688000	1687501	62.0	0.077325	-2.721761
1688001	1689000	1688501	52.0	0.077847	-2.975517
1689001	1690000	1689501	43.0	0.078370	-3.249692
1690001	1691000	1690501	53.0	0.078892	-2.948037
1691001	1692000	1691501	68.0	0.079415	-2.588494
1692001	1693000	1692501	54.0	0.079937	-2.921070
1693001	1694000	1693501	56.0	0.080460	-2.868602
1694001	1695000	1694501	78.0	0.080982	-2.390555
1695001	1696000	1695501	63.0	0.081505	-2.698677
1696001	1697000	1696501	41.0	0.082027	-3.318405
1697001	1698000	1697501	68.0	0.082550	-2.588494
1698001	1699000	1698501	59.0	0.083072	-2.793314
1699001	1700000	1699501	34.0	0.083595	-3.588494
1700001	1701000	1700501	45.0	0.084117	-3.184104
1701001	1702000	1701501	56.0	0.084639	-2.868602
1702001	1703000	1702501	60.0	0.085162	-2.769066
1703001	1704000	1703501	44.0	0.085684	-3.216525
1704001	1705000	1704501	51.0	0.086207	-3.003532
1705001	1706000	1705501	53.0	0.086729	-2.948037
1706001	1707000	1706501	46.0	0.087252	-3.152395
1707001	1708000	1707501	38.0	0.087774	-3.428030
1708001	1709000	1708501	38.0	0.088297	-3.428030
1709001	1710000	1709501	54.0	0.088819	-2.921070
1710001	1711000	1710501	71.0	0.089342	-2.526210
1711001	1712000	1711501	39.0	0.089864	-3.390555
1712001	1713000	1712501	70.0	0.090387	-2.546674
1713001	1714000	1713501	67.0	0.090909	-2.609868
1714001	1715000	1714501	39.0	0.091432	-3.390555
1715001	1716000	1715501	66.0	0.091954	-2.631563
1716001	1717000	1716501	42.0	0.092476	-3.283640
1717001	1718000	1717501	49.0	0.092999	-3.061247
1718001	1719000	1718501	46.0	0.093521	-3.152395
1719001	1720000	1719501	58.0	0.094044	-2.817976
1720001	1721000	1720501	57.0	0.094566	-2.843067
1721001	1722000	1721501	65.0	0.095089	-2.653589
1722001	1723000	1722501	64.0	0.095611	-2.675957
1723001	1724000	1723501	82.0	0.096134	-2.318405
1724001	1725000	1724501	61.0	0.096656	-2.745220
1725001	1726000	1725501	43.0	0.097179	-3.249692
1726001	1727000	1726501	61.0	0.097701	-2.745220
1727001	1728000	1727501	53.0	0.098224	-2.948037
1728001	1729000	1728501	80.0	0.098746	-2.354029
1729001	1730000	1729501	48.0	0.099269	-3.090995
1730001	1731000	1730501	45.0	0.099791	-3.184104
1731001	1732000	1731501	53.0	0.100313	-2.948037
1732001	1733000	1732501	51.0	0.100836	-3.003532
1733001	1734000	1733501	67.0	0.101358	-2.609868
1734001	1735000	1734501	42.0	0.101881	-3.283640
1735001	1736000	1735501	52.0	0.102403	-2.975517
1736001	1737000	1736501	69.0	0.102926	-2.567433
1737001	1738000	1737501	58.0	0.103448	-2.817976
1738001	1739000	1738501	66.0	0.103971	-2.631563
1739001	1740000	1739501	66.0	0.104493	-2.631563
1740001	1741000	1740501	66.0	0.105016	-2.631563
1741001	1742000	1741501	80.0	0.105538	-2.354029
1742001	1743000	1742501	80.0	0.106061	-2.354029
1743001	1744000	1743501	83.0	0.106583	-2.300918
1744001	1745000	1744501	64.0	0.107106	-2.675957
1745001	1746000	1745501	76.0	0.107628	-2.428030
1746001	1747000	1746501	54.0	0.108150	-2.921070
1747001	1748000	1747501	40.0	0.108673	-3.354029
1748001	1749000	1748501	50.0	0.109195	-3.032101
1749001	1750000	1749501	57.0	0.109718	-2.843067
1750001	1751000	1750501	60.0	0.110240	-2.769066
1751001	1752000	1751501	65.0	0.110763	-2.653589
1752001	1753000	1752501	58.0	0.111285	-2.817976
1753001	1754000	1753501	59.0	0.111808	-2.793314
1754001	1755000	1754501	58.0	0.112330	-2.817976
1755001	1756000	1755501	58.0	0.112853	-2.817976
1756001	1757000	1756501	65.0	0.113375	-2.653589
1757001	1758000	1757501	56.0	0.113898	-2.868602
1758001	1759000	1758501	60.0	0.114420	-2.769066
1759001	1760000	1759501	63.0	0.114943	-2.698677
1760001	1761000	1760501	68.0	0.115465	-2.588494
1761001	1762000	1761501	70.0	0.115987	-2.546674
1762001	1763000	1762501	57.0	0.116510	-2.843067
1763001	1764000	1763501	53.0	0.117032	-2.948037
1764001	1765000	1764501	63.0	0.117555	-2.698677
1765001	1766000	1765501	55.0	0.118077	-2.894597
1766001	1767000	1766501	67.0	0.118600	-2.609868
1767001	1768000	1767501	57.0	0.119122	-2.843067
1768001	1769000	1768501	70.0	0.119645	-2.546674
1769001	1770000	1769501	65.0	0.120167	-2.653589
1770001	1771000	1770501	67.0	0.120690	-2.609868
1771001	1772000	1771501	58.0	0.121212	-2.817976
1772001	1773000	1772501	49.0	0.121735	-3.061247
1773001	1774000	1773501	58.0	0.122257	-2.817976
1774001	1775000	1774501	67.0	0.122780	-2.609868
1775001	1776000	1775501	134.0	0.123302	-1.609868
1776001	1777000	1776501	577.0	0.123824	0.496470
1777001	1778000	1777501	631.0	0.124347	0.625539
1778001	1779000	1778501	477.0	0.124869	0.221888
1779001	1780000	1779501	475.0	0.125392	0.215827
1780001	1781000	1780501	516.0	0.125914	0.335270
1781001	1782000	1781501	493.0	0.126437	0.269487
1782001	1783000	1782501	534.0	0.126959	0.384739
1783001	1784000	1783501	614.0	0.127482	0.586138
1784001	1785000	1784501	514.0	0.128004	0.329668
1785001	1786000	1785501	446.0	0.128527	0.124943
1786001	1787000	1786501	562.0	0.129049	0.458469
1787001	1788000	1787501	539.0	0.129572	0.398184
1788001	1789000	1788501	561.0	0.130094	0.455900
1789001	1790000	1789501	457.0	0.130617	0.160093
1790001	1791000	1790501	393.0	0.131139	-0.057572
1791001	1792000	1791501	313.0	0.131661	-0.385938
1792001	1793000	1792501	306.0	0.132184	-0.418569
1793001	1794000	1793501	363.0	0.132706	-0.172131
1794001	1795000	1794501	354.0	0.133229	-0.208351
1795001	1796000	1795501	442.0	0.133751	0.111946
1796001	1797000	1796501	385.0	0.134274	-0.087242
1797001	1798000	1797501	364.0	0.134796	-0.168162
1798001	1799000	1798501	404.0	0.135319	-0.017746
1799001	1800000	1799501	384.0	0.135841	-0.090995
1800001	1801000	1800501	399.0	0.136364	-0.035712
1801001	1802000	1801501	330.0	0.136886	-0.309635
1802001	1803000	1802501	398.0	0.137409	-0.039332
1803001	1804000	1803501	420.0	0.137931	0.038288
1804001	1805000	1804501	444.0	0.138454	0.118459
1805001	1806000	1805501	441.0	0.138976	0.108678
1806001	1807000	1806501	439.0	0.139498	0.102120
1807001	1808000	1807501	394.0	0.140021	-0.053905
1808001	1809000	1808501	403.0	0.140543	-0.021321
1809001	1810000	1809501	418.0	0.141066	0.031402
1810001	1811000	1810501	375.0	0.141588	-0.125210
1811001	1812000	1811501	450.0	0.142111	0.137824
1812001	1813000	1812501	385.0	0.142633	-0.087242
1813001	1814000	1813501	423.0	0.143156	0.048557
1814001	1815000	1814501	404.0	0.143678	-0.017746
1815001	1816000	1815501	409.0	0.144201	0.000000
1816001	1817000	1816501	321.0	0.144723	-0.349528
1817001	1818000	1817501	367.0	0.145246	-0.156321
1818001	1819000	1818501	361.0	0.145768	-0.180102
1819001	1820000	1819501	307.0	0.146290	-0.413862
1820001	1821000	1820501	421.0	0.146813	0.041719
1821001	1822000	1821501	411.0	0.147335	0.007038
1822001	1823000	1822501	416.0	0.147858	0.024483
1823001	1824000	1823501	387.0	0.148380	-0.079767
1824001	1825000	1824501	415.0	0.148903	0.021010
1825001	1826000	1825501	446.0	0.149425	0.124943
1826001	1827000	1826501	362.0	0.149948	-0.176111
1827001	1828000	1827501	389.0	0.150470	-0.072331
1828001	1829000	1828501	403.0	0.150993	-0.021321
1829001	1830000	1829501	348.0	0.151515	-0.233014
1830001	1831000	1830501	430.0	0.152038	0.072236
1831001	1832000	1831501	467.0	0.152560	0.191322
1832001	1833000	1832501	411.0	0.153083	0.007038
1833001	1834000	1833501	316.0	0.153605	-0.372176
1834001	1835000	1834501	382.0	0.154127	-0.098528
1835001	1836000	1835501	416.0	0.154650	0.024483
1836001	1837000	1836501	437.0	0.155172	0.095532
1837001	1838000	1837501	560.0	0.155695	0.453326
1838001	1839000	1838501	434.0	0.156217	0.085594
1839001	1840000	1839501	397.0	0.156740	-0.042962
1840001	1841000	1840501	416.0	0.157262	0.024483
1841001	1842000	1841501	487.0	0.157785	0.251821
1842001	1843000	1842501	369.0	0.158307	-0.148480
1843001	1844000	1843501	419.0	0.158830	0.034849
1844001	1845000	1844501	344.0	0.159352	-0.249692
1845001	1846000	1845501	362.0	0.159875	-0.176111
1846001	1847000	1846501	453.0	0.160397	0.147410
1847001	1848000	1847501	367.0	0.160920	-0.156321
1848001	1849000	1848501	388.0	0.161442	-0.076044
1849001	1850000	1849501	373.0	0.161964	-0.132925
1850001	1851000	1850501	364.0	0.162487	-0.168162
1851001	1852000	1851501	400.0	0.163009	-0.032101
1852001	1853000	1852501	401.0	0.163532	-0.028499
1853001	1854000	1853501	392.0	0.164054	-0.061247
1854001	1855000	1854501	326.0	0.164577	-0.327229
1855001	1856000	1855501	388.0	0.165099	-0.076044
1856001	1857000	1856501	361.0	0.165622	-0.180102
1857001	1858000	1857501	437.0	0.166144	0.095532
1858001	1859000	1858501	373.0	0.166667	-0.132925
1859001	1860000	1859501	391.0	0.167189	-0.064932
1860001	1861000	1860501	439.0	0.167712	0.102120
1861001	1862000	1861501	484.0	0.168234	0.242906
1862001	1863000	1862501	420.0	0.168757	0.038288
1863001	1864000	1863501	495.0	0.169279	0.275328
1864001	1865000	1864501	507.0	0.169801	0.309885
1865001	1866000	1865501	453.0	0.170324	0.147410
1866001	1867000	1866501	318.0	0.170846	-0.363074
1867001	1868000	1867501	448.0	0.171369	0.131398
1868001	1869000	1868501	466.0	0.171891	0.188229
1869001	1870000	1869501	418.0	0.172414	0.031402
1870001	1871000	1870501	417.0	0.172936	0.027947
1871001	1872000	1871501	422.0	0.173459	0.045142
1872001	1873000	1872501	484.0	0.173981	0.242906
1873001	1874000	1873501	532.0	0.174504	0.379325
1874001	1875000	1874501	493.0	0.175026	0.269487
1875001	1876000	1875501	643.0	0.175549	0.652718
1876001	1877000	1876501	698.0	0.176071	0.771126
1877001	1878000	1877501	380.0	0.176594	-0.106101
1878001	1879000	1878501	312.0	0.177116	-0.390555
1879001	1880000	1879501	351.0	0.177638	-0.220630
1880001	1881000	1880501	371.0	0.178161	-0.140682
1881001	1882000	1881501	397.0	0.178683	-0.042962
1882001	1883000	1882501	405.0	0.179206	-0.014179
1883001	1884000	1883501	365.0	0.179728	-0.164204
1884001	1885000	1884501	410.0	0.180251	0.003523
1885001	1886000	1885501	476.0	0.180773	0.218861
1886001	1887000	1886501	447.0	0.181296	0.128174
1887001	1888000	1887501	396.0	0.181818	-0.046600
1888001	1889000	1888501	506.0	0.182341	0.307037
1889001	1890000	1889501	497.0	0.182863	0.281145
1890001	1891000	1890501	409.0	0.183386	0.000000
1891001	1892000	1891501	419.0	0.183908	0.034849
1892001	1893000	1892501	368.0	0.184431	-0.152395
1893001	1894000	1893501	469.0	0.184953	0.197487
1894001	1895000	1894501	375.0	0.185475	-0.125210
1895001	1896000	1895501	453.0	0.185998	0.147410
1896001	1897000	1896501	456.0	0.186520	0.156933
1897001	1898000	1897501	388.0	0.187043	-0.076044
1898001	1899000	1898501	438.0	0.187565	0.098830
1899001	1900000	1899501	454.0	0.188088	0.150591
1900001	1901000	1900501	389.0	0.188610	-0.072331
1901001	1902000	1901501	408.0	0.189133	-0.003532
1902001	1903000	1902501	458.0	0.189655	0.163247
1903001	1904000	1903501	421.0	0.190178	0.041719
1904001	1905000	1904501	341.0	0.190700	-0.262329
1905001	1906000	1905501	378.0	0.191223	-0.113715
1906001	1907000	1906501	411.0	0.191745	0.007038
1907001	1908000	1907501	396.0	0.192268	-0.046600
1908001	1909000	1908501	385.0	0.192790	-0.087242
1909001	1910000	1909501	414.0	0.193312	0.017530
1910001	1911000	1910501	400.0	0.193835	-0.032101
1911001	1912000	1911501	420.0	0.194357	0.038288
1912001	1913000	1912501	447.0	0.194880	0.128174
1913001	1914000	1913501	337.0	0.195402	-0.279352
1914001	1915000	1914501	389.0	0.195925	-0.072331
1915001	1916000	1915501	384.0	0.196447	-0.090995
1916001	1917000	1916501	530.0	0.196970	0.373892
1917001	1918000	1917501	457.0	0.197492	0.160093
1918001	1919000	1918501	373.0	0.198015	-0.132925
1919001	1920000	1919501	322.0	0.198537	-0.345040
1920001	1921000	1920501	395.0	0.199060	-0.050248
1921001	1922000	1921501	353.0	0.199582	-0.212433
1922001	1923000	1922501	397.0	0.200104	-0.042962
1923001	1924000	1923501	377.0	0.200627	-0.117536
1924001	1925000	1924501	379.0	0.201149	-0.109903
1925001	1926000	1925501	353.0	0.201672	-0.212433
1926001	1927000	1926501	403.0	0.202194	-0.021321
1927001	1928000	1927501	367.0	0.202717	-0.156321
1928001	1929000	1928501	435.0	0.203239	0.088915
1929001	1930000	1929501	382.0	0.203762	-0.098528
1930001	1931000	1930501	318.0	0.204284	-0.363074
1931001	1932000	1931501	363.0	0.204807	-0.172131
1932001	1933000	1932501	365.0	0.205329	-0.164204
1933001	1934000	1933501	383.0	0.205852	-0.094756
1934001	1935000	1934501	310.0	0.206374	-0.399833
1935001	1936000	1935501	378.0	0.206897	-0.113715
1936001	1937000	1936501	379.0	0.207419	-0.109903
1937001	1938000	1937501	402.0	0.207941	-0.024905
1938001	1939000	1938501	454.0	0.208464	0.150591
1939001	1940000	1939501	391.0	0.208986	-0.064932
1940001	1941000	1940501	359.0	0.209509	-0.188117
1941001	1942000	1941501	324.0	0.210031	-0.336107
1942001	1943000	1942501	391.0	0.210554	-0.064932
1943001	1944000	1943501	371.0	0.211076	-0.140682
1944001	1945000	1944501	428.0	0.211599	0.065510
1945001	1946000	1945501	445.0	0.212121	0.121704
1946001	1947000	1946501	524.0	0.212644	0.357466
1947001	1948000	1947501	427.0	0.213166	0.062135
1948001	1949000	1948501	366.0	0.213689	-0.160257
1949001	1950000	1949501	366.0	0.214211	-0.160257
1950001	1951000	1950501	322.0	0.214734	-0.345040
1951001	1952000	1951501	388.0	0.215256	-0.076044
1952001	1953000	1952501	345.0	0.215778	-0.245504
1953001	1954000	1953501	576.0	0.216301	0.493968
1954001	1955000	1954501	500.0	0.216823	0.289827
1955001	1956000	1955501	450.0	0.217346	0.137824
1956001	1957000	1956501	467.0	0.217868	0.191322
1957001	1958000	1957501	472.0	0.218391	0.206686
1958001	1959000	1958501	412.0	0.218913	0.010543
1959001	1960000	1959501	403.0	0.219436	-0.021321
1960001	1961000	1960501	401.0	0.219958	-0.028499
1961001	1962000	1961501	439.0	0.220481	0.102120
1962001	1963000	1962501	376.0	0.221003	-0.121368
1963001	1964000	1963501	400.0	0.221526	-0.032101
1964001	1965000	1964501	362.0	0.222048	-0.176111
1965001	1966000	1965501	381.0	0.222571	-0.102310
1966001	1967000	1966501	373.0	0.223093	-0.132925
1967001	1968000	1967501	450.0	0.223615	0.137824
1968001	1969000	1968501	382.0	0.224138	-0.098528
1969001	1970000	1969501	433.0	0.224660	0.082266
1970001	1971000	1970501	348.0	0.225183	-0.233014
1971001	1972000	1971501	343.0	0.225705	-0.253892
1972001	1973000	1972501	350.0	0.226228	-0.224746
1973001	1974000	1973501	369.0	0.226750	-0.148480
1974001	1975000	1974501	356.0	0.227273	-0.200224
1975001	1976000	1975501	397.0	0.227795	-0.042962
1976001	1977000	1976501	336.0	0.228318	-0.283640
1977001	1978000	1977501	442.0	0.228840	0.111946
1978001	1979000	1978501	400.0	0.229363	-0.032101
1979001	1980000	1979501	330.0	0.229885	-0.309635
1980001	1981000	1980501	395.0	0.230408	-0.050248
1981001	1982000	1981501	263.0	0.230930	-0.637038
1982001	1983000	1982501	316.0	0.231452	-0.372176
1983001	1984000	1983501	292.0	0.231975	-0.486132
1984001	1985000	1984501	341.0	0.232497	-0.262329
1985001	1986000	1985501	352.0	0.233020	-0.216525
1986001	1987000	1986501	397.0	0.233542	-0.042962
1987001	1988000	1987501	398.0	0.234065	-0.039332
1988001	1989000	1988501	480.0	0.234587	0.230934
1989001	1990000	1989501	494.0	0.235110	0.272410
1990001	1991000	1990501	537.0	0.235632	0.392821
1991001	1992000	1991501	386.0	0.236155	-0.083500
1992001	1993000	1992501	366.0	0.236677	-0.160257
1993001	1994000	1993501	392.0	0.237200	-0.061247
1994001	1995000	1994501	491.0	0.237722	0.263622
1995001	1996000	1995501	337.0	0.238245	-0.279352
1996001	1997000	1996501	362.0	0.238767	-0.176111
1997001	1998000	1997501	350.0	0.239289	-0.224746
1998001	1999000	1998501	414.0	0.239812	0.017530
1999001	2000000	1999501	507.0	0.240334	0.309885
2000001	2001000	2000501	370.0	0.240857	-0.144576
2001001	2002000	2001501	375.0	0.241379	-0.125210
2002001	2003000	2002501	360.0	0.241902	-0.184104
2003001	2004000	2003501	486.0	0.242424	0.248855
2004001	2005000	2004501	464.0	0.242947	0.182024
2005001	2006000	2005501	369.0	0.243469	-0.148480
2006001	2007000	2006501	414.0	0.243992	0.017530
2007001	2008000	2007501	399.0	0.244514	-0.035712
2008001	2009000	2008501	334.0	0.245037	-0.292253
2009001	2010000	2009501	366.0	0.245559	-0.160257
2010001	2011000	2010501	408.0	0.246082	-0.003532
2011001	2012000	2011501	436.0	0.246604	0.092227
2012001	2013000	2012501	410.0	0.247126	0.003523
2013001	2014000	2013501	544.0	0.247649	0.411506
2014001	2015000	2014501	458.0	0.248171	0.163247
2015001	2016000	2015501	463.0	0.248694	0.178911
2016001	2017000	2016501	496.0	0.249216	0.278239
2017001	2018000	2017501	437.0	0.249739	0.095532
2018001	2019000	2018501	349.0	0.250261	-0.228874
2019001	2020000	2019501	363.0	0.250784	-0.172131
2020001	2021000	2020501	461.0	0.251306	0.172666
2021001	2022000	2021501	396.0	0.251829	-0.046600
2022001	2023000	2022501	341.0	0.252351	-0.262329
2023001	2024000	2023501	377.0	0.252874	-0.117536
2024001	2025000	2024501	348.0	0.253396	-0.233014
2025001	2026000	2025501	349.0	0.253918	-0.228874
2026001	2027000	2026501	523.0	0.254441	0.354710
2027001	2028000	2027501	383.0	0.254963	-0.094756
2028001	2029000	2028501	378.0	0.255486	-0.113715
2029001	2030000	2029501	346.0	0.256008	-0.241329
2030001	2031000	2030501	372.0	0.256531	-0.136798
2031001	2032000	2031501	398.0	0.257053	-0.039332
2032001	2033000	2032501	377.0	0.257576	-0.117536
2033001	2034000	2033501	401.0	0.258098	-0.028499
2034001	2035000	2034501	466.0	0.258621	0.188229
2035001	2036000	2035501	396.0	0.259143	-0.046600
2036001	2037000	2036501	410.0	0.259666	0.003523
2037001	2038000	2037501	291.0	0.260188	-0.491082
2038001	2039000	2038501	416.0	0.260711	0.024483
2039001	2040000	2039501	477.0	0.261233	0.221888
2040001	2041000	2040501	412.0	0.261755	0.010543
2041001	2042000	2041501	391.0	0.262278	-0.064932
2042001	2043000	2042501	395.0	0.262800	-0.050248
2043001	2044000	2043501	366.0	0.263323	-0.160257
2044001	2045000	2044501	374.0	0.263845	-0.129063
2045001	2046000	2045501	414.0	0.264368	0.017530
2046001	2047000	2046501	451.0	0.264890	0.141027
2047001	2048000	2047501	469.0	0.265413	0.197487
2048001	2049000	2048501	460.0	0.265935	0.169533
2049001	2050000	2049501	416.0	0.266458	0.024483
2050001	2051000	2050501	409.0	0.266980	0.000000
2051001	2052000	2051501	475.0	0.267503	0.215827
2052001	2053000	2052501	416.0	0.268025	0.024483
2053001	2054000	2053501	435.0	0.268548	0.088915
2054001	2055000	2054501	353.0	0.269070	-0.212433
2055001	2056000	2055501	382.0	0.269592	-0.098528
2056001	2057000	2056501	424.0	0.270115	0.051963
2057001	2058000	2057501	551.0	0.270637	0.429951
2058001	2059000	2058501	512.0	0.271160	0.324043
2059001	2060000	2059501	515.0	0.271682	0.332472
2060001	2061000	2060501	494.0	0.272205	0.272410
2061001	2062000	2061501	354.0	0.272727	-0.208351
2062001	2063000	2062501	494.0	0.273250	0.272410
2063001	2064000	2063501	425.0	0.273772	0.055362
2064001	2065000	2064501	377.0	0.274295	-0.117536
2065001	2066000	2065501	442.0	0.274817	0.111946
2066001	2067000	2066501	446.0	0.275340	0.124943
2067001	2068000	2067501	418.0	0.275862	0.031402
2068001	2069000	2068501	380.0	0.276385	-0.106101
2069001	2070000	2069501	427.0	0.276907	0.062135
2070001	2071000	2070501	403.0	0.277429	-0.021321
2071001	2072000	2071501	579.0	0.277952	0.501463
2072001	2073000	2072501	307.0	0.278474	-0.413862
2073001	2074000	2073501	361.0	0.278997	-0.180102
2074001	2075000	2074501	435.0	0.279519	0.088915
2075001	2076000	2075501	453.0	0.280042	0.147410
2076001	2077000	2076501	457.0	0.280564	0.160093
2077001	2078000	2077501	371.0	0.281087	-0.140682
2078001	2079000	2078501	348.0	0.281609	-0.233014
2079001	2080000	2079501	440.0	0.282132	0.105403
2080001	2081000	2080501	337.0	0.282654	-0.279352
2081001	2082000	2081501	330.0	0.283177	-0.309635
2082001	2083000	2082501	360.0	0.283699	-0.184104
2083001	2084000	2083501	393.0	0.284222	-0.057572
2084001	2085000	2084501	405.0	0.284744	-0.014179
2085001	2086000	2085501	374.0	0.285266	-0.129063
2086001	2087000	2086501	354.0	0.285789	-0.208351
2087001	2088000	2087501	377.0	0.286311	-0.117536
2088001	2089000	2088501	323.0	0.286834	-0.340567
2089001	2090000	2089501	394.0	0.287356	-0.053905
2090001	2091000	2090501	370.0	0.287879	-0.144576
2091001	2092000	2091501	411.0	0.288401	0.007038
2092001	2093000	2092501	413.0	0.288924	0.014041
2093001	2094000	2093501	375.0	0.289446	-0.125210
2094001	2095000	2094501	339.0	0.289969	-0.270816
2095001	2096000	2095501	416.0	0.290491	0.024483
2096001	2097000	2096501	376.0	0.291014	-0.121368
2097001	2098000	2097501	396.0	0.291536	-0.046600
2098001	2099000	2098501	403.0	0.292059	-0.021321
2099001	2100000	2099501	382.0	0.292581	-0.098528
2100001	2101000	2100501	395.0	0.293103	-0.050248
2101001	2102000	2101501	381.0	0.293626	-0.102310
2102001	2103000	2102501	307.0	0.294148	-0.413862
2103001	2104000	2103501	333.0	0.294671	-0.296579
2104001	2105000	2104501	336.0	0.295193	-0.283640
2105001	2106000	2105501	329.0	0.295716	-0.314013
2106001	2107000	2106501	311.0	0.296238	-0.395186
2107001	2108000	2107501	367.0	0.296761	-0.156321
2108001	2109000	2108501	370.0	0.297283	-0.144576
2109001	2110000	2109501	380.0	0.297806	-0.106101
2110001	2111000	2110501	425.0	0.298328	0.055362
2111001	2112000	2111501	364.0	0.298851	-0.168162
2112001	2113000	2112501	348.0	0.299373	-0.233014
2113001	2114000	2113501	358.0	0.299896	-0.192141
2114001	2115000	2114501	405.0	0.300418	-0.014179
2115001	2116000	2115501	335.0	0.300940	-0.287940
2116001	2117000	2116501	396.0	0.301463	-0.046600
2117001	2118000	2117501	447.0	0.301985	0.128174
2118001	2119000	2118501	451.0	0.302508	0.141027
2119001	2120000	2119501	303.0	0.303030	-0.432783
2120001	2121000	2120501	318.0	0.303553	-0.363074
2121001	2122000	2121501	395.0	0.304075	-0.050248
2122001	2123000	2122501	352.0	0.304598	-0.216525
2123001	2124000	2123501	362.0	0.305120	-0.176111
2124001	2125000	2124501	437.0	0.305643	0.095532
2125001	2126000	2125501	395.0	0.306165	-0.050248
2126001	2127000	2126501	368.0	0.306688	-0.152395
2127001	2128000	2127501	318.0	0.307210	-0.363074
2128001	2129000	2128501	363.0	0.307732	-0.172131
2129001	2130000	2129501	503.0	0.308255	0.298458
2130001	2131000	2130501	460.0	0.308777	0.169533
2131001	2132000	2131501	351.0	0.309300	-0.220630
2132001	2133000	2132501	368.0	0.309822	-0.152395
2133001	2134000	2133501	477.0	0.310345	0.221888
2134001	2135000	2134501	540.0	0.310867	0.400859
2135001	2136000	2135501	422.0	0.311390	0.045142
2136001	2137000	2136501	495.0	0.311912	0.275328
2137001	2138000	2137501	586.0	0.312435	0.518800
2138001	2139000	2138501	490.0	0.312957	0.260681
2139001	2140000	2139501	472.0	0.313480	0.206686
2140001	2141000	2140501	324.0	0.314002	-0.336107
2141001	2142000	2141501	447.0	0.314525	0.128174
2142001	2143000	2142501	467.0	0.315047	0.191322
2143001	2144000	2143501	460.0	0.315569	0.169533
2144001	2145000	2144501	485.0	0.316092	0.245884
2145001	2146000	2145501	423.0	0.316614	0.048557
2146001	2147000	2146501	419.0	0.317137	0.034849
2147001	2148000	2147501	378.0	0.317659	-0.113715
2148001	2149000	2148501	381.0	0.318182	-0.102310
2149001	2150000	2149501	391.0	0.318704	-0.064932
2150001	2151000	2150501	372.0	0.319227	-0.136798
2151001	2152000	2151501	399.0	0.319749	-0.035712
2152001	2153000	2152501	416.0	0.320272	0.024483
2153001	2154000	2153501	403.0	0.320794	-0.021321
2154001	2155000	2154501	448.0	0.321317	0.131398
2155001	2156000	2155501	476.0	0.321839	0.218861
2156001	2157000	2156501	432.0	0.322362	0.078930
2157001	2158000	2157501	445.0	0.322884	0.121704
2158001	2159000	2158501	419.0	0.323406	0.034849
2159001	2160000	2159501	400.0	0.323929	-0.032101
2160001	2161000	2160501	349.0	0.324451	-0.228874
2161001	2162000	2161501	346.0	0.324974	-0.241329
2162001	2163000	2162501	312.0	0.325496	-0.390555
2163001	2164000	2163501	413.0	0.326019	0.014041
2164001	2165000	2164501	453.0	0.326541	0.147410
2165001	2166000	2165501	334.0	0.327064	-0.292253
2166001	2167000	2166501	369.0	0.327586	-0.148480
2167001	2168000	2167501	391.0	0.328109	-0.064932
2168001	2169000	2168501	431.0	0.328631	0.075587
2169001	2170000	2169501	446.0	0.329154	0.124943
2170001	2171000	2170501	368.0	0.329676	-0.152395
2171001	2172000	2171501	385.0	0.330199	-0.087242
2172001	2173000	2172501	387.0	0.330721	-0.079767
2173001	2174000	2173501	471.0	0.331243	0.203626
2174001	2175000	2174501	425.0	0.331766	0.055362
2175001	2176000	2175501	405.0	0.332288	-0.014179
2176001	2177000	2176501	426.0	0.332811	0.058753
2177001	2178000	2177501	415.0	0.333333	0.021010
2178001	2179000	2178501	340.0	0.333856	-0.266566
2179001	2180000	2179501	370.0	0.334378	-0.144576
2180001	2181000	2180501	360.0	0.334901	-0.184104
2181001	2182000	2181501	375.0	0.335423	-0.125210
2182001	2183000	2182501	429.0	0.335946	0.068877
2183001	2184000	2183501	350.0	0.336468	-0.224746
2184001	2185000	2184501	394.0	0.336991	-0.053905
2185001	2186000	2185501	402.0	0.337513	-0.024905
2186001	2187000	2186501	393.0	0.338036	-0.057572
2187001	2188000	2187501	330.0	0.338558	-0.309635
2188001	2189000	2188501	495.0	0.339080	0.275328
2189001	2190000	2189501	448.0	0.339603	0.131398
2190001	2191000	2190501	418.0	0.340125	0.031402
2191001	2192000	2191501	322.0	0.340648	-0.345040
2192001	2193000	2192501	403.0	0.341170	-0.021321
2193001	2194000	2193501	366.0	0.341693	-0.160257
2194001	2195000	2194501	360.0	0.342215	-0.184104
2195001	2196000	2195501	352.0	0.342738	-0.216525
2196001	2197000	2196501	410.0	0.343260	0.003523
2197001	2198000	2197501	414.0	0.343783	0.017530
2198001	2199000	2198501	389.0	0.344305	-0.072331
2199001	2200000	2199501	401.0	0.344828	-0.028499
2200001	2201000	2200501	428.0	0.345350	0.065510
2201001	2202000	2201501	341.0	0.345873	-0.262329
2202001	2203000	2202501	388.0	0.346395	-0.076044
2203001	2204000	2203501	449.0	0.346917	0.134615
2204001	2205000	2204501	378.0	0.347440	-0.113715
2205001	2206000	2205501	442.0	0.347962	0.111946
2206001	2207000	2206501	453.0	0.348485	0.147410
2207001	2208000	2207501	430.0	0.349007	0.072236
2208001	2209000	2208501	498.0	0.349530	0.284045
2209001	2210000	2209501	376.0	0.350052	-0.121368
2210001	2211000	2210501	392.0	0.350575	-0.061247
2211001	2212000	2211501	360.0	0.351097	-0.184104
2212001	2213000	2212501	427.0	0.351620	0.062135
2213001	2214000	2213501	395.0	0.352142	-0.050248
2214001	2215000	2214501	408.0	0.352665	-0.003532
2215001	2216000	2215501	472.0	0.353187	0.206686
2216001	2217000	2216501	450.0	0.353710	0.137824
2217001	2218000	2217501	475.0	0.354232	0.215827
2218001	2219000	2218501	476.0	0.354754	0.218861
2219001	2220000	2219501	493.0	0.355277	0.269487
2220001	2221000	2220501	436.0	0.355799	0.092227
2221001	2222000	2221501	409.0	0.356322	0.000000
2222001	2223000	2222501	574.0	0.356844	0.488950
2223001	2224000	2223501	452.0	0.357367	0.144222
2224001	2225000	2224501	389.0	0.357889	-0.072331
2225001	2226000	2225501	535.0	0.358412	0.387438
2226001	2227000	2226501	437.0	0.358934	0.095532
2227001	2228000	2227501	537.0	0.359457	0.392821
2228001	2229000	2228501	377.0	0.359979	-0.117536
2229001	2230000	2229501	387.0	0.360502	-0.079767
2230001	2231000	2230501	382.0	0.361024	-0.098528
2231001	2232000	2231501	336.0	0.361546	-0.283640
2232001	2233000	2232501	447.0	0.362069	0.128174
2233001	2234000	2233501	588.0	0.362591	0.523715
2234001	2235000	2234501	482.0	0.363114	0.236932
2235001	2236000	2235501	535.0	0.363636	0.387438
2236001	2237000	2236501	560.0	0.364159	0.453326
2237001	2238000	2237501	435.0	0.364681	0.088915
2238001	2239000	2238501	517.0	0.365204	0.338063
2239001	2240000	2239501	399.0	0.365726	-0.035712
2240001	2241000	2240501	472.0	0.366249	0.206686
2241001	2242000	2241501	518.0	0.366771	0.340851
2242001	2243000	2242501	479.0	0.367294	0.227925
2243001	2244000	2243501	422.0	0.367816	0.045142
2244001	2245000	2244501	399.0	0.368339	-0.035712
2245001	2246000	2245501	253.0	0.368861	-0.692963
2246001	2247000	2246501	456.0	0.369383	0.156933
2247001	2248000	2247501	408.0	0.369906	-0.003532
2248001	2249000	2248501	420.0	0.370428	0.038288
2249001	2250000	2249501	494.0	0.370951	0.272410
2250001	2251000	2250501	374.0	0.371473	-0.129063
2251001	2252000	2251501	401.0	0.371996	-0.028499
2252001	2253000	2252501	403.0	0.372518	-0.021321
2253001	2254000	2253501	416.0	0.373041	0.024483
2254001	2255000	2254501	364.0	0.373563	-0.168162
2255001	2256000	2255501	461.0	0.374086	0.172666
2256001	2257000	2256501	455.0	0.374608	0.153766
2257001	2258000	2257501	319.0	0.375131	-0.358544
2258001	2259000	2258501	343.0	0.375653	-0.253892
2259001	2260000	2259501	452.0	0.376176	0.144222
2260001	2261000	2260501	399.0	0.376698	-0.035712
2261001	2262000	2261501	291.0	0.377220	-0.491082
2262001	2263000	2262501	394.0	0.377743	-0.053905
2263001	2264000	2263501	318.0	0.378265	-0.363074
2264001	2265000	2264501	462.0	0.378788	0.175792
2265001	2266000	2265501	409.0	0.379310	0.000000
2266001	2267000	2266501	378.0	0.379833	-0.113715
2267001	2268000	2267501	383.0	0.380355	-0.094756
2268001	2269000	2268501	331.0	0.380878	-0.305270
2269001	2270000	2269501	326.0	0.381400	-0.327229
2270001	2271000	2270501	278.0	0.381923	-0.557016
2271001	2272000	2271501	326.0	0.382445	-0.327229
2272001	2273000	2272501	380.0	0.382968	-0.106101
2273001	2274000	2273501	374.0	0.383490	-0.129063
2274001	2275000	2274501	396.0	0.384013	-0.046600
2275001	2276000	2275501	459.0	0.384535	0.166393
2276001	2277000	2276501	387.0	0.385057	-0.079767
2277001	2278000	2277501	456.0	0.385580	0.156933
2278001	2279000	2278501	405.0	0.386102	-0.014179
2279001	2280000	2279501	421.0	0.386625	0.041719
2280001	2281000	2280501	439.0	0.387147	0.102120
2281001	2282000	2281501	405.0	0.387670	-0.014179
2282001	2283000	2282501	398.0	0.388192	-0.039332
2283001	2284000	2283501	363.0	0.388715	-0.172131
2284001	2285000	2284501	376.0	0.389237	-0.121368
2285001	2286000	2285501	376.0	0.389760	-0.121368
2286001	2287000	2286501	473.0	0.390282	0.209739
2287001	2288000	2287501	511.0	0.390805	0.321222
2288001	2289000	2288501	607.0	0.391327	0.569596
2289001	2290000	2289501	453.0	0.391850	0.147410
2290001	2291000	2290501	560.0	0.392372	0.453326
2291001	2292000	2291501	435.0	0.392894	0.088915
2292001	2293000	2292501	423.0	0.393417	0.048557
2293001	2294000	2293501	479.0	0.393939	0.227925
2294001	2295000	2294501	439.0	0.394462	0.102120
2295001	2296000	2295501	407.0	0.394984	-0.007072
2296001	2297000	2296501	485.0	0.395507	0.245884
2297001	2298000	2297501	381.0	0.396029	-0.102310
2298001	2299000	2298501	476.0	0.396552	0.218861
2299001	2300000	2299501	401.0	0.397074	-0.028499
2300001	2301000	2300501	417.0	0.397597	0.027947
2301001	2302000	2301501	352.0	0.398119	-0.216525
2302001	2303000	2302501	399.0	0.398642	-0.035712
2303001	2304000	2303501	353.0	0.399164	-0.212433
2304001	2305000	2304501	475.0	0.399687	0.215827
2305001	2306000	2305501	382.0	0.400209	-0.098528
2306001	2307000	2306501	432.0	0.400731	0.078930
2307001	2308000	2307501	485.0	0.401254	0.245884
2308001	2309000	2308501	541.0	0.401776	0.403528
2309001	2310000	2309501	429.0	0.402299	0.068877
2310001	2311000	2310501	334.0	0.402821	-0.292253
2311001	2312000	2311501	371.0	0.403344	-0.140682
2312001	2313000	2312501	410.0	0.403866	0.003523
2313001	2314000	2313501	355.0	0.404389	-0.204282
2314001	2315000	2314501	386.0	0.404911	-0.083500
2315001	2316000	2315501	382.0	0.405434	-0.098528
2316001	2317000	2316501	307.0	0.405956	-0.413862
2317001	2318000	2317501	333.0	0.406479	-0.296579
2318001	2319000	2318501	379.0	0.407001	-0.109903
2319001	2320000	2319501	418.0	0.407524	0.031402
2320001	2321000	2320501	363.0	0.408046	-0.172131
2321001	2322000	2321501	419.0	0.408568	0.034849
2322001	2323000	2322501	441.0	0.409091	0.108678
2323001	2324000	2323501	461.0	0.409613	0.172666
2324001	2325000	2324501	440.0	0.410136	0.105403
2325001	2326000	2325501	485.0	0.410658	0.245884
2326001	2327000	2326501	385.0	0.411181	-0.087242
2327001	2328000	2327501	413.0	0.411703	0.014041
2328001	2329000	2328501	470.0	0.412226	0.200560
2329001	2330000	2329501	447.0	0.412748	0.128174
2330001	2331000	2330501	440.0	0.413271	0.105403
2331001	2332000	2331501	482.0	0.413793	0.236932
2332001	2333000	2332501	360.0	0.414316	-0.184104
2333001	2334000	2333501	373.0	0.414838	-0.132925
2334001	2335000	2334501	419.0	0.415361	0.034849
2335001	2336000	2335501	365.0	0.415883	-0.164204
2336001	2337000	2336501	403.0	0.416405	-0.021321
2337001	2338000	2337501	428.0	0.416928	0.065510
2338001	2339000	2338501	363.0	0.417450	-0.172131
2339001	2340000	2339501	356.0	0.417973	-0.200224
2340001	2341000	2340501	482.0	0.418495	0.236932
2341001	2342000	2341501	423.0	0.419018	0.048557
2342001	2343000	2342501	408.0	0.419540	-0.003532
2343001	2344000	2343501	560.0	0.420063	0.453326
2344001	2345000	2344501	424.0	0.420585	0.051963
2345001	2346000	2345501	467.0	0.421108	0.191322
2346001	2347000	2346501	539.0	0.421630	0.398184
2347001	2348000	2347501	502.0	0.422153	0.295587
2348001	2349000	2348501	506.0	0.422675	0.307037
2349001	2350000	2349501	467.0	0.423197	0.191322
2350001	2351000	2350501	452.0	0.423720	0.144222
2351001	2352000	2351501	442.0	0.424242	0.111946
2352001	2353000	2352501	438.0	0.424765	0.098830
2353001	2354000	2353501	442.0	0.425287	0.111946
2354001	2355000	2354501	428.0	0.425810	0.065510
2355001	2356000	2355501	454.0	0.426332	0.150591
2356001	2357000	2356501	387.0	0.426855	-0.079767
2357001	2358000	2357501	392.0	0.427377	-0.061247
2358001	2359000	2358501	421.0	0.427900	0.041719
2359001	2360000	2359501	436.0	0.428422	0.092227
2360001	2361000	2360501	395.0	0.428945	-0.050248
2361001	2362000	2361501	334.0	0.429467	-0.292253
2362001	2363000	2362501	311.0	0.429990	-0.395186
2363001	2364000	2363501	390.0	0.430512	-0.068627
2364001	2365000	2364501	351.0	0.431034	-0.220630
2365001	2366000	2365501	319.0	0.431557	-0.358544
2366001	2367000	2366501	410.0	0.432079	0.003523
2367001	2368000	2367501	460.0	0.432602	0.169533
2368001	2369000	2368501	412.0	0.433124	0.010543
2369001	2370000	2369501	402.0	0.433647	-0.024905
2370001	2371000	2370501	439.0	0.434169	0.102120
2371001	2372000	2371501	648.0	0.434692	0.663893
2372001	2373000	2372501	483.0	0.435214	0.239922
2373001	2374000	2373501	345.0	0.435737	-0.245504
2374001	2375000	2374501	432.0	0.436259	0.078930
2375001	2376000	2375501	397.0	0.436782	-0.042962
2376001	2377000	2376501	365.0	0.437304	-0.164204
2377001	2378000	2377501	376.0	0.437827	-0.121368
2378001	2379000	2378501	462.0	0.438349	0.175792
2379001	2380000	2379501	482.0	0.438871	0.236932
2380001	2381000	2380501	357.0	0.439394	-0.196177
2381001	2382000	2381501	371.0	0.439916	-0.140682
2382001	2383000	2382501	398.0	0.440439	-0.039332
2383001	2384000	2383501	396.0	0.440961	-0.046600
2384001	2385000	2384501	411.0	0.441484	0.007038
2385001	2386000	2385501	478.0	0.442006	0.224910
2386001	2387000	2386501	352.0	0.442529	-0.216525
2387001	2388000	2387501	498.0	0.443051	0.284045
2388001	2389000	2388501	505.0	0.443574	0.304183
2389001	2390000	2389501	442.0	0.444096	0.111946
2390001	2391000	2390501	338.0	0.444619	-0.275078
2391001	2392000	2391501	383.0	0.445141	-0.094756
2392001	2393000	2392501	395.0	0.445664	-0.050248
2393001	2394000	2393501	431.0	0.446186	0.075587
2394001	2395000	2394501	404.0	0.446708	-0.017746
2395001	2396000	2395501	369.0	0.447231	-0.148480
2396001	2397000	2396501	415.0	0.447753	0.021010
2397001	2398000	2397501	373.0	0.448276	-0.132925
2398001	2399000	2398501	396.0	0.448798	-0.046600
2399001	2400000	2399501	379.0	0.449321	-0.109903
2400001	2401000	2400501	421.0	0.449843	0.041719
2401001	2402000	2401501	412.0	0.450366	0.010543
2402001	2403000	2402501	429.0	0.450888	0.068877
2403001	2404000	2403501	440.0	0.451411	0.105403
2404001	2405000	2404501	401.0	0.451933	-0.028499
2405001	2406000	2405501	508.0	0.452456	0.312728
2406001	2407000	2406501	449.0	0.452978	0.134615
2407001	2408000	2407501	342.0	0.453501	-0.258105
2408001	2409000	2408501	375.0	0.454023	-0.125210
2409001	2410000	2409501	362.0	0.454545	-0.176111
2410001	2411000	2410501	358.0	0.455068	-0.192141
2411001	2412000	2411501	419.0	0.455590	0.034849
2412001	2413000	2412501	403.0	0.456113	-0.021321
2413001	2414000	2413501	368.0	0.456635	-0.152395
2414001	2415000	2414501	499.0	0.457158	0.286939
2415001	2416000	2415501	428.0	0.457680	0.065510
2416001	2417000	2416501	397.0	0.458203	-0.042962
2417001	2418000	2417501	522.0	0.458725	0.351949
2418001	2419000	2418501	599.0	0.459248	0.550455
2419001	2420000	2419501	453.0	0.459770	0.147410
2420001	2421000	2420501	426.0	0.460293	0.058753
2421001	2422000	2421501	504.0	0.460815	0.301323
2422001	2423000	2422501	420.0	0.461338	0.038288
2423001	2424000	2423501	436.0	0.461860	0.092227
2424001	2425000	2424501	369.0	0.462382	-0.148480
2425001	2426000	2425501	331.0	0.462905	-0.305270
2426001	2427000	2426501	370.0	0.463427	-0.144576
2427001	2428000	2427501	418.0	0.463950	0.031402
2428001	2429000	2428501	443.0	0.464472	0.115206
2429001	2430000	2429501	439.0	0.464995	0.102120
2430001	2431000	2430501	534.0	0.465517	0.384739
2431001	2432000	2431501	427.0	0.466040	0.062135
2432001	2433000	2432501	459.0	0.466562	0.166393
2433001	2434000	2433501	441.0	0.467085	0.108678
2434001	2435000	2434501	304.0	0.467607	-0.428030
2435001	2436000	2435501	325.0	0.468130	-0.331661
2436001	2437000	2436501	416.0	0.468652	0.024483
2437001	2438000	2437501	339.0	0.469175	-0.270816
2438001	2439000	2438501	410.0	0.469697	0.003523
2439001	2440000	2439501	490.0	0.470219	0.260681
2440001	2441000	2440501	409.0	0.470742	0.000000
2441001	2442000	2441501	344.0	0.471264	-0.249692
2442001	2443000	2442501	356.0	0.471787	-0.200224
2443001	2444000	2443501	419.0	0.472309	0.034849
2444001	2445000	2444501	422.0	0.472832	0.045142
2445001	2446000	2445501	405.0	0.473354	-0.014179
2446001	2447000	2446501	457.0	0.473877	0.160093
2447001	2448000	2447501	393.0	0.474399	-0.057572
2448001	2449000	2448501	444.0	0.474922	0.118459
2449001	2450000	2449501	452.0	0.475444	0.144222
2450001	2451000	2450501	516.0	0.475967	0.335270
2451001	2452000	2451501	382.0	0.476489	-0.098528
2452001	2453000	2452501	370.0	0.477011	-0.144576
2453001	2454000	2453501	410.0	0.477534	0.003523
2454001	2455000	2454501	321.0	0.478056	-0.349528
2455001	2456000	2455501	391.0	0.478579	-0.064932
2456001	2457000	2456501	374.0	0.479101	-0.129063
2457001	2458000	2457501	337.0	0.479624	-0.279352
2458001	2459000	2458501	345.0	0.480146	-0.245504
2459001	2460000	2459501	285.0	0.480669	-0.521139
2460001	2461000	2460501	374.0	0.481191	-0.129063
2461001	2462000	2461501	397.0	0.481714	-0.042962
2462001	2463000	2462501	446.0	0.482236	0.124943
2463001	2464000	2463501	392.0	0.482759	-0.061247
2464001	2465000	2464501	394.0	0.483281	-0.053905
2465001	2466000	2465501	367.0	0.483804	-0.156321
2466001	2467000	2466501	389.0	0.484326	-0.072331
2467001	2468000	2467501	411.0	0.484848	0.007038
2468001	2469000	2468501	357.0	0.485371	-0.196177
2469001	2470000	2469501	388.0	0.485893	-0.076044
2470001	2471000	2470501	492.0	0.486416	0.266557
2471001	2472000	2471501	391.0	0.486938	-0.064932
2472001	2473000	2472501	461.0	0.487461	0.172666
2473001	2474000	2473501	592.0	0.487983	0.533496
2474001	2475000	2474501	637.0	0.488506	0.639193
2475001	2476000	2475501	604.0	0.489028	0.562448
2476001	2477000	2476501	441.0	0.489551	0.108678
2477001	2478000	2477501	400.0	0.490073	-0.032101
2478001	2479000	2478501	315.0	0.490596	-0.376749
2479001	2480000	2479501	292.0	0.491118	-0.486132
2480001	2481000	2480501	402.0	0.491641	-0.024905
2481001	2482000	2481501	414.0	0.492163	0.017530
2482001	2483000	2482501	374.0	0.492685	-0.129063
2483001	2484000	2483501	359.0	0.493208	-0.188117
2484001	2485000	2484501	367.0	0.493730	-0.156321
2485001	2486000	2485501	386.0	0.494253	-0.083500
2486001	2487000	2486501	410.0	0.494775	0.003523
2487001	2488000	2487501	368.0	0.495298	-0.152395
2488001	2489000	2488501	421.0	0.495820	0.041719
2489001	2490000	2489501	372.0	0.496343	-0.136798
2490001	2491000	2490501	418.0	0.496865	0.031402
2491001	2492000	2491501	438.0	0.497388	0.098830
2492001	2493000	2492501	434.0	0.497910	0.085594
2493001	2494000	2493501	356.0	0.498433	-0.200224
2494001	2495000	2494501	369.0	0.498955	-0.148480
2495001	2496000	2495501	423.0	0.499478	0.048557
2496001	2497000	2496501	465.0	0.500000	0.185130
2497001	2498000	2497501	432.0	0.500522	0.078930
2498001	2499000	2498501	479.0	0.501045	0.227925
2499001	2500000	2499501	433.0	0.501567	0.082266
2500001	2501000	2500501	434.0	0.502090	0.085594
2501001	2502000	2501501	404.0	0.502612	-0.017746
2502001	2503000	2502501	406.0	0.503135	-0.010621
2503001	2504000	2503501	446.0	0.503657	0.124943
2504001	2505000	2504501	471.0	0.504180	0.203626
2505001	2506000	2505501	448.0	0.504702	0.131398
2506001	2507000	2506501	387.0	0.505225	-0.079767
2507001	2508000	2507501	358.0	0.505747	-0.192141
2508001	2509000	2508501	359.0	0.506270	-0.188117
2509001	2510000	2509501	404.0	0.506792	-0.017746
2510001	2511000	2510501	404.0	0.507315	-0.017746
2511001	2512000	2511501	427.0	0.507837	0.062135
2512001	2513000	2512501	319.0	0.508359	-0.358544
2513001	2514000	2513501	333.0	0.508882	-0.296579
2514001	2515000	2514501	385.0	0.509404	-0.087242
2515001	2516000	2515501	360.0	0.509927	-0.184104
2516001	2517000	2516501	428.0	0.510449	0.065510
2517001	2518000	2517501	412.0	0.510972	0.010543
2518001	2519000	2518501	319.0	0.511494	-0.358544
2519001	2520000	2519501	388.0	0.512017	-0.076044
2520001	2521000	2520501	313.0	0.512539	-0.385938
2521001	2522000	2521501	353.0	0.513062	-0.212433
2522001	2523000	2522501	350.0	0.513584	-0.224746
2523001	2524000	2523501	385.0	0.514107	-0.087242
2524001	2525000	2524501	423.0	0.514629	0.048557
2525001	2526000	2525501	420.0	0.515152	0.038288
2526001	2527000	2526501	401.0	0.515674	-0.028499
2527001	2528000	2527501	417.0	0.516196	0.027947
2528001	2529000	2528501	310.0	0.516719	-0.399833
2529001	2530000	2529501	385.0	0.517241	-0.087242
2530001	2531000	2530501	457.0	0.517764	0.160093
2531001	2532000	2531501	645.0	0.518286	0.657198
2532001	2533000	2532501	454.0	0.518809	0.150591
2533001	2534000	2533501	428.0	0.519331	0.065510
2534001	2535000	2534501	391.0	0.519854	-0.064932
2535001	2536000	2535501	418.0	0.520376	0.031402
2536001	2537000	2536501	402.0	0.520899	-0.024905
2537001	2538000	2537501	326.0	0.521421	-0.327229
2538001	2539000	2538501	393.0	0.521944	-0.057572
2539001	2540000	2539501	349.0	0.522466	-0.228874
2540001	2541000	2540501	374.0	0.522989	-0.129063
2541001	2542000	2541501	395.0	0.523511	-0.050248
2542001	2543000	2542501	398.0	0.524033	-0.039332
2543001	2544000	2543501	453.0	0.524556	0.147410
2544001	2545000	2544501	404.0	0.525078	-0.017746
2545001	2546000	2545501	439.0	0.525601	0.102120
2546001	2547000	2546501	413.0	0.526123	0.014041
2547001	2548000	2547501	464.0	0.526646	0.182024
2548001	2549000	2548501	541.0	0.527168	0.403528
2549001	2550000	2549501	410.0	0.527691	0.003523
2550001	2551000	2550501	462.0	0.528213	0.175792
2551001	2552000	2551501	453.0	0.528736	0.147410
2552001	2553000	2552501	399.0	0.529258	-0.035712
2553001	2554000	2553501	439.0	0.529781	0.102120
2554001	2555000	2554501	499.0	0.530303	0.286939
2555001	2556000	2555501	480.0	0.530825	0.230934
2556001	2557000	2556501	351.0	0.531348	-0.220630
2557001	2558000	2557501	383.0	0.531870	-0.094756
2558001	2559000	2558501	378.0	0.532393	-0.113715
2559001	2560000	2559501	343.0	0.532915	-0.253892
2560001	2561000	2560501	353.0	0.533438	-0.212433
2561001	2562000	2561501	341.0	0.533960	-0.262329
2562001	2563000	2562501	451.0	0.534483	0.141027
2563001	2564000	2563501	417.0	0.535005	0.027947
2564001	2565000	2564501	396.0	0.535528	-0.046600
2565001	2566000	2565501	394.0	0.536050	-0.053905
2566001	2567000	2566501	477.0	0.536573	0.221888
2567001	2568000	2567501	410.0	0.537095	0.003523
2568001	2569000	2568501	456.0	0.537618	0.156933
2569001	2570000	2569501	356.0	0.538140	-0.200224
2570001	2571000	2570501	557.0	0.538662	0.445576
2571001	2572000	2571501	444.0	0.539185	0.118459
2572001	2573000	2572501	380.0	0.539707	-0.106101
2573001	2574000	2573501	367.0	0.540230	-0.156321
2574001	2575000	2574501	408.0	0.540752	-0.003532
2575001	2576000	2575501	479.0	0.541275	0.227925
2576001	2577000	2576501	409.0	0.541797	0.000000
2577001	2578000	2577501	405.0	0.542320	-0.014179
2578001	2579000	2578501	429.0	0.542842	0.068877
2579001	2580000	2579501	465.0	0.543365	0.185130
2580001	2581000	2580501	507.0	0.543887	0.309885
2581001	2582000	2581501	509.0	0.544410	0.315565
2582001	2583000	2582501	460.0	0.544932	0.169533
2583001	2584000	2583501	392.0	0.545455	-0.061247
2584001	2585000	2584501	476.0	0.545977	0.218861
2585001	2586000	2585501	407.0	0.546499	-0.007072
2586001	2587000	2586501	408.0	0.547022	-0.003532
2587001	2588000	2587501	404.0	0.547544	-0.017746
2588001	2589000	2588501	397.0	0.548067	-0.042962
2589001	2590000	2589501	377.0	0.548589	-0.117536
2590001	2591000	2590501	425.0	0.549112	0.055362
2591001	2592000	2591501	381.0	0.549634	-0.102310
2592001	2593000	2592501	370.0	0.550157	-0.144576
2593001	2594000	2593501	360.0	0.550679	-0.184104
2594001	2595000	2594501	307.0	0.551202	-0.413862
2595001	2596000	2595501	469.0	0.551724	0.197487
2596001	2597000	2596501	460.0	0.552247	0.169533
2597001	2598000	2597501	397.0	0.552769	-0.042962
2598001	2599000	2598501	420.0	0.553292	0.038288
2599001	2600000	2599501	375.0	0.553814	-0.125210
2600001	2601000	2600501	405.0	0.554336	-0.014179
2601001	2602000	2601501	408.0	0.554859	-0.003532
2602001	2603000	2602501	464.0	0.555381	0.182024
2603001	2604000	2603501	395.0	0.555904	-0.050248
2604001	2605000	2604501	402.0	0.556426	-0.024905
2605001	2606000	2605501	370.0	0.556949	-0.144576
2606001	2607000	2606501	339.0	0.557471	-0.270816
2607001	2608000	2607501	437.0	0.557994	0.095532
2608001	2609000	2608501	301.0	0.558516	-0.442337
2609001	2610000	2609501	341.0	0.559039	-0.262329
2610001	2611000	2610501	333.0	0.559561	-0.296579
2611001	2612000	2611501	425.0	0.560084	0.055362
2612001	2613000	2612501	500.0	0.560606	0.289827
2613001	2614000	2613501	437.0	0.561129	0.095532
2614001	2615000	2614501	378.0	0.561651	-0.113715
2615001	2616000	2615501	427.0	0.562173	0.062135
2616001	2617000	2616501	576.0	0.562696	0.493968
2617001	2618000	2617501	372.0	0.563218	-0.136798
2618001	2619000	2618501	359.0	0.563741	-0.188117
2619001	2620000	2619501	391.0	0.564263	-0.064932
2620001	2621000	2620501	366.0	0.564786	-0.160257
2621001	2622000	2621501	389.0	0.565308	-0.072331
2622001	2623000	2622501	385.0	0.565831	-0.087242
2623001	2624000	2623501	463.0	0.566353	0.178911
2624001	2625000	2624501	410.0	0.566876	0.003523
2625001	2626000	2625501	381.0	0.567398	-0.102310
2626001	2627000	2626501	444.0	0.567921	0.118459
2627001	2628000	2627501	383.0	0.568443	-0.094756
2628001	2629000	2628501	401.0	0.568966	-0.028499
2629001	2630000	2629501	429.0	0.569488	0.068877
2630001	2631000	2630501	385.0	0.570010	-0.087242
2631001	2632000	2631501	476.0	0.570533	0.218861
2632001	2633000	2632501	428.0	0.571055	0.065510
2633001	2634000	2633501	371.0	0.571578	-0.140682
2634001	2635000	2634501	360.0	0.572100	-0.184104
2635001	2636000	2635501	362.0	0.572623	-0.176111
2636001	2637000	2636501	331.0	0.573145	-0.305270
2637001	2638000	2637501	479.0	0.573668	0.227925
2638001	2639000	2638501	464.0	0.574190	0.182024
2639001	2640000	2639501	386.0	0.574713	-0.083500
2640001	2641000	2640501	431.0	0.575235	0.075587
2641001	2642000	2641501	419.0	0.575758	0.034849
2642001	2643000	2642501	374.0	0.576280	-0.129063
2643001	2644000	2643501	359.0	0.576803	-0.188117
2644001	2645000	2644501	408.0	0.577325	-0.003532
2645001	2646000	2645501	473.0	0.577847	0.209739
2646001	2647000	2646501	391.0	0.578370	-0.064932
2647001	2648000	2647501	386.0	0.578892	-0.083500
2648001	2649000	2648501	470.0	0.579415	0.200560
2649001	2650000	2649501	369.0	0.579937	-0.148480
2650001	2651000	2650501	407.0	0.580460	-0.007072
2651001	2652000	2651501	517.0	0.580982	0.338063
2652001	2653000	2652501	376.0	0.581505	-0.121368
2653001	2654000	2653501	353.0	0.582027	-0.212433
2654001	2655000	2654501	568.0	0.582550	0.473790
2655001	2656000	2655501	580.0	0.583072	0.503952
2656001	2657000	2656501	459.0	0.583595	0.166393
2657001	2658000	2657501	589.0	0.584117	0.526167
2658001	2659000	2658501	608.0	0.584639	0.571970
2659001	2660000	2659501	690.0	0.585162	0.754496
2660001	2661000	2660501	515.0	0.585684	0.332472
2661001	2662000	2661501	450.0	0.586207	0.137824
2662001	2663000	2662501	604.0	0.586729	0.562448
2663001	2664000	2663501	823.0	0.587252	1.008792
2664001	2665000	2664501	710.0	0.587774	0.795718
2665001	2666000	2665501	663.0	0.588297	0.696908
2666001	2667000	2666501	592.0	0.588819	0.533496
2667001	2668000	2667501	700.0	0.589342	0.775254
2668001	2669000	2668501	572.0	0.589864	0.483914
2669001	2670000	2669501	489.0	0.590387	0.257734
2670001	2671000	2670501	476.0	0.590909	0.218861
2671001	2672000	2671501	534.0	0.591432	0.384739
2672001	2673000	2672501	421.0	0.591954	0.041719
2673001	2674000	2673501	511.0	0.592476	0.321222
2674001	2675000	2674501	632.0	0.592999	0.627824
2675001	2676000	2675501	458.0	0.593521	0.163247
2676001	2677000	2676501	453.0	0.594044	0.147410
2677001	2678000	2677501	529.0	0.594566	0.371167
2678001	2679000	2678501	586.0	0.595089	0.518800
2679001	2680000	2679501	398.0	0.595611	-0.039332
2680001	2681000	2680501	562.0	0.596134	0.458469
2681001	2682000	2681501	530.0	0.596656	0.373892
2682001	2683000	2682501	371.0	0.597179	-0.140682
2683001	2684000	2683501	401.0	0.597701	-0.028499
2684001	2685000	2684501	374.0	0.598224	-0.129063
2685001	2686000	2685501	391.0	0.598746	-0.064932
2686001	2687000	2686501	456.0	0.599269	0.156933
2687001	2688000	2687501	379.0	0.599791	-0.109903
2688001	2689000	2688501	365.0	0.600313	-0.164204
2689001	2690000	2689501	493.0	0.600836	0.269487
2690001	2691000	2690501	396.0	0.601358	-0.046600
2691001	2692000	2691501	385.0	0.601881	-0.087242
2692001	2693000	2692501	398.0	0.602403	-0.039332
2693001	2694000	2693501	425.0	0.602926	0.055362
2694001	2695000	2694501	556.0	0.603448	0.442984
2695001	2696000	2695501	634.0	0.603971	0.632382
2696001	2697000	2696501	540.0	0.604493	0.400859
2697001	2698000	2697501	349.0	0.605016	-0.228874
2698001	2699000	2698501	425.0	0.605538	0.055362
2699001	2700000	2699501	407.0	0.606061	-0.007072
2700001	2701000	2700501	371.0	0.606583	-0.140682
2701001	2702000	2701501	428.0	0.607106	0.065510
2702001	2703000	2702501	435.0	0.607628	0.088915
2703001	2704000	2703501	495.0	0.608150	0.275328
2704001	2705000	2704501	377.0	0.608673	-0.117536
2705001	2706000	2705501	406.0	0.609195	-0.010621
2706001	2707000	2706501	335.0	0.609718	-0.287940
2707001	2708000	2707501	361.0	0.610240	-0.180102
2708001	2709000	2708501	332.0	0.610763	-0.300918
2709001	2710000	2709501	306.0	0.611285	-0.418569
2710001	2711000	2710501	385.0	0.611808	-0.087242
2711001	2712000	2711501	371.0	0.612330	-0.140682
2712001	2713000	2712501	315.0	0.612853	-0.376749
2713001	2714000	2713501	342.0	0.613375	-0.258105
2714001	2715000	2714501	328.0	0.613898	-0.318405
2715001	2716000	2715501	376.0	0.614420	-0.121368
2716001	2717000	2716501	354.0	0.614943	-0.208351
2717001	2718000	2717501	303.0	0.615465	-0.432783
2718001	2719000	2718501	350.0	0.615987	-0.224746
2719001	2720000	2719501	386.0	0.616510	-0.083500
2720001	2721000	2720501	362.0	0.617032	-0.176111
2721001	2722000	2721501	381.0	0.617555	-0.102310
2722001	2723000	2722501	376.0	0.618077	-0.121368
2723001	2724000	2723501	423.0	0.618600	0.048557
2724001	2725000	2724501	387.0	0.619122	-0.079767
2725001	2726000	2725501	370.0	0.619645	-0.144576
2726001	2727000	2726501	350.0	0.620167	-0.224746
2727001	2728000	2727501	351.0	0.620690	-0.220630
2728001	2729000	2728501	312.0	0.621212	-0.390555
2729001	2730000	2729501	350.0	0.621735	-0.224746
2730001	2731000	2730501	328.0	0.622257	-0.318405
2731001	2732000	2731501	316.0	0.622780	-0.372176
2732001	2733000	2732501	377.0	0.623302	-0.117536
2733001	2734000	2733501	373.0	0.623824	-0.132925
2734001	2735000	2734501	372.0	0.624347	-0.136798
2735001	2736000	2735501	347.0	0.624869	-0.237165
2736001	2737000	2736501	419.0	0.625392	0.034849
2737001	2738000	2737501	532.0	0.625914	0.379325
2738001	2739000	2738501	446.0	0.626437	0.124943
2739001	2740000	2739501	410.0	0.626959	0.003523
2740001	2741000	2740501	364.0	0.627482	-0.168162
2741001	2742000	2741501	418.0	0.628004	0.031402
2742001	2743000	2742501	461.0	0.628527	0.172666
2743001	2744000	2743501	496.0	0.629049	0.278239
2744001	2745000	2744501	454.0	0.629572	0.150591
2745001	2746000	2745501	385.0	0.630094	-0.087242
2746001	2747000	2746501	373.0	0.630617	-0.132925
2747001	2748000	2747501	352.0	0.631139	-0.216525
2748001	2749000	2748501	382.0	0.631661	-0.098528
2749001	2750000	2749501	468.0	0.632184	0.194408
2750001	2751000	2750501	468.0	0.632706	0.194408
2751001	2752000	2751501	414.0	0.633229	0.017530
2752001	2753000	2752501	463.0	0.633751	0.178911
2753001	2754000	2753501	429.0	0.634274	0.068877
2754001	2755000	2754501	545.0	0.634796	0.414155
2755001	2756000	2755501	358.0	0.635319	-0.192141
2756001	2757000	2756501	320.0	0.635841	-0.354029
2757001	2758000	2757501	369.0	0.636364	-0.148480
2758001	2759000	2758501	315.0	0.636886	-0.376749
2759001	2760000	2759501	363.0	0.637409	-0.172131
2760001	2761000	2760501	439.0	0.637931	0.102120
2761001	2762000	2761501	439.0	0.638454	0.102120
2762001	2763000	2762501	372.0	0.638976	-0.136798
2763001	2764000	2763501	361.0	0.639498	-0.180102
2764001	2765000	2764501	396.0	0.640021	-0.046600
2765001	2766000	2765501	354.0	0.640543	-0.208351
2766001	2767000	2766501	454.0	0.641066	0.150591
2767001	2768000	2767501	446.0	0.641588	0.124943
2768001	2769000	2768501	344.0	0.642111	-0.249692
2769001	2770000	2769501	447.0	0.642633	0.128174
2770001	2771000	2770501	414.0	0.643156	0.017530
2771001	2772000	2771501	371.0	0.643678	-0.140682
2772001	2773000	2772501	436.0	0.644201	0.092227
2773001	2774000	2773501	412.0	0.644723	0.010543
2774001	2775000	2774501	530.0	0.645246	0.373892
2775001	2776000	2775501	377.0	0.645768	-0.117536
2776001	2777000	2776501	386.0	0.646290	-0.083500
2777001	2778000	2777501	424.0	0.646813	0.051963
2778001	2779000	2778501	415.0	0.647335	0.021010
2779001	2780000	2779501	412.0	0.647858	0.010543
2780001	2781000	2780501	443.0	0.648380	0.115206
2781001	2782000	2781501	428.0	0.648903	0.065510
2782001	2783000	2782501	388.0	0.649425	-0.076044
2783001	2784000	2783501	406.0	0.649948	-0.010621
2784001	2785000	2784501	406.0	0.650470	-0.010621
2785001	2786000	2785501	396.0	0.650993	-0.046600
2786001	2787000	2786501	421.0	0.651515	0.041719
2787001	2788000	2787501	559.0	0.652038	0.450747
2788001	2789000	2788501	507.0	0.652560	0.309885
2789001	2790000	2789501	631.0	0.653083	0.625539
2790001	2791000	2790501	644.0	0.653605	0.654960
2791001	2792000	2791501	489.0	0.654127	0.257734
2792001	2793000	2792501	349.0	0.654650	-0.228874
2793001	2794000	2793501	327.0	0.655172	-0.322810
2794001	2795000	2794501	328.0	0.655695	-0.318405
2795001	2796000	2795501	388.0	0.656217	-0.076044
2796001	2797000	2796501	419.0	0.656740	0.034849
2797001	2798000	2797501	469.0	0.657262	0.197487
2798001	2799000	2798501	372.0	0.657785	-0.136798
2799001	2800000	2799501	441.0	0.658307	0.108678
2800001	2801000	2800501	404.0	0.658830	-0.017746
2801001	2802000	2801501	389.0	0.659352	-0.072331
2802001	2803000	2802501	359.0	0.659875	-0.188117
2803001	2804000	2803501	361.0	0.660397	-0.180102
2804001	2805000	2804501	419.0	0.660920	0.034849
2805001	2806000	2805501	420.0	0.661442	0.038288
2806001	2807000	2806501	309.0	0.661964	-0.404494
2807001	2808000	2807501	369.0	0.662487	-0.148480
2808001	2809000	2808501	439.0	0.663009	0.102120
2809001	2810000	2809501	374.0	0.663532	-0.129063
2810001	2811000	2810501	337.0	0.664054	-0.279352
2811001	2812000	2811501	497.0	0.664577	0.281145
2812001	2813000	2812501	361.0	0.665099	-0.180102
2813001	2814000	2813501	350.0	0.665622	-0.224746
2814001	2815000	2814501	413.0	0.666144	0.014041
2815001	2816000	2815501	368.0	0.666667	-0.152395
2816001	2817000	2816501	351.0	0.667189	-0.220630
2817001	2818000	2817501	393.0	0.667712	-0.057572
2818001	2819000	2818501	357.0	0.668234	-0.196177
2819001	2820000	2819501	406.0	0.668757	-0.010621
2820001	2821000	2820501	411.0	0.669279	0.007038
2821001	2822000	2821501	447.0	0.669801	0.128174
2822001	2823000	2822501	358.0	0.670324	-0.192141
2823001	2824000	2823501	382.0	0.670846	-0.098528
2824001	2825000	2824501	476.0	0.671369	0.218861
2825001	2826000	2825501	376.0	0.671891	-0.121368
2826001	2827000	2826501	385.0	0.672414	-0.087242
2827001	2828000	2827501	391.0	0.672936	-0.064932
2828001	2829000	2828501	315.0	0.673459	-0.376749
2829001	2830000	2829501	385.0	0.673981	-0.087242
2830001	2831000	2830501	444.0	0.674504	0.118459
2831001	2832000	2831501	398.0	0.675026	-0.039332
2832001	2833000	2832501	347.0	0.675549	-0.237165
2833001	2834000	2833501	373.0	0.676071	-0.132925
2834001	2835000	2834501	471.0	0.676594	0.203626
2835001	2836000	2835501	371.0	0.677116	-0.140682
2836001	2837000	2836501	348.0	0.677638	-0.233014
2837001	2838000	2837501	399.0	0.678161	-0.035712
2838001	2839000	2838501	341.0	0.678683	-0.262329
2839001	2840000	2839501	439.0	0.679206	0.102120
2840001	2841000	2840501	344.0	0.679728	-0.249692
2841001	2842000	2841501	333.0	0.680251	-0.296579
2842001	2843000	2842501	293.0	0.680773	-0.481200
2843001	2844000	2843501	326.0	0.681296	-0.327229
2844001	2845000	2844501	357.0	0.681818	-0.196177
2845001	2846000	2845501	497.0	0.682341	0.281145
2846001	2847000	2846501	463.0	0.682863	0.178911
2847001	2848000	2847501	426.0	0.683386	0.058753
2848001	2849000	2848501	398.0	0.683908	-0.039332
2849001	2850000	2849501	510.0	0.684431	0.318396
2850001	2851000	2850501	467.0	0.684953	0.191322
2851001	2852000	2851501	584.0	0.685475	0.513868
2852001	2853000	2852501	539.0	0.685998	0.398184
2853001	2854000	2853501	667.0	0.686520	0.705586
2854001	2855000	2854501	620.0	0.687043	0.600167
2855001	2856000	2855501	596.0	0.687565	0.543211
2856001	2857000	2856501	646.0	0.688088	0.659433
2857001	2858000	2857501	542.0	0.688610	0.406192
2858001	2859000	2858501	423.0	0.689133	0.048557
2859001	2860000	2859501	385.0	0.689655	-0.087242
2860001	2861000	2860501	436.0	0.690178	0.092227
2861001	2862000	2861501	537.0	0.690700	0.392821
2862001	2863000	2862501	583.0	0.691223	0.511395
2863001	2864000	2863501	382.0	0.691745	-0.098528
2864001	2865000	2864501	394.0	0.692268	-0.053905
2865001	2866000	2865501	398.0	0.692790	-0.039332
2866001	2867000	2866501	383.0	0.693312	-0.094756
2867001	2868000	2867501	401.0	0.693835	-0.028499
2868001	2869000	2868501	443.0	0.694357	0.115206
2869001	2870000	2869501	426.0	0.694880	0.058753
2870001	2871000	2870501	407.0	0.695402	-0.007072
2871001	2872000	2871501	302.0	0.695925	-0.437552
2872001	2873000	2872501	353.0	0.696447	-0.212433
2873001	2874000	2873501	384.0	0.696970	-0.090995
2874001	2875000	2874501	452.0	0.697492	0.144222
2875001	2876000	2875501	438.0	0.698015	0.098830
2876001	2877000	2876501	385.0	0.698537	-0.087242
2877001	2878000	2877501	388.0	0.699060	-0.076044
2878001	2879000	2878501	492.0	0.699582	0.266557
2879001	2880000	2879501	348.0	0.700104	-0.233014
2880001	2881000	2880501	340.0	0.700627	-0.266566
2881001	2882000	2881501	392.0	0.701149	-0.061247
2882001	2883000	2882501	537.0	0.701672	0.392821
2883001	2884000	2883501	512.0	0.702194	0.324043
2884001	2885000	2884501	434.0	0.702717	0.085594
2885001	2886000	2885501	370.0	0.703239	-0.144576
2886001	2887000	2886501	539.0	0.703762	0.398184
2887001	2888000	2887501	589.0	0.704284	0.526167
2888001	2889000	2888501	418.0	0.704807	0.031402
2889001	2890000	2889501	454.0	0.705329	0.150591
2890001	2891000	2890501	448.0	0.705852	0.131398
2891001	2892000	2891501	480.0	0.706374	0.230934
2892001	2893000	2892501	397.0	0.706897	-0.042962
2893001	2894000	2893501	428.0	0.707419	0.065510
2894001	2895000	2894501	417.0	0.707941	0.027947
2895001	2896000	2895501	509.0	0.708464	0.315565
2896001	2897000	2896501	639.0	0.708986	0.643715
2897001	2898000	2897501	520.0	0.709509	0.346411
2898001	2899000	2898501	523.0	0.710031	0.354710
2899001	2900000	2899501	461.0	0.710554	0.172666
2900001	2901000	2900501	464.0	0.711076	0.182024
2901001	2902000	2901501	417.0	0.711599	0.027947
2902001	2903000	2902501	325.0	0.712121	-0.331661
2903001	2904000	2903501	335.0	0.712644	-0.287940
2904001	2905000	2904501	329.0	0.713166	-0.314013
2905001	2906000	2905501	307.0	0.713689	-0.413862
2906001	2907000	2906501	330.0	0.714211	-0.309635
2907001	2908000	2907501	405.0	0.714734	-0.014179
2908001	2909000	2908501	588.0	0.715256	0.523715
2909001	2910000	2909501	755.0	0.715778	0.884376
2910001	2911000	2910501	546.0	0.716301	0.416800
2911001	2912000	2911501	375.0	0.716823	-0.125210
2912001	2913000	2912501	388.0	0.717346	-0.076044
2913001	2914000	2913501	349.0	0.717868	-0.228874
2914001	2915000	2914501	332.0	0.718391	-0.300918
2915001	2916000	2915501	287.0	0.718913	-0.511050
2916001	2917000	2916501	344.0	0.719436	-0.249692
2917001	2918000	2917501	363.0	0.719958	-0.172131
2918001	2919000	2918501	390.0	0.720481	-0.068627
2919001	2920000	2919501	677.0	0.721003	0.727055
2920001	2921000	2920501	657.0	0.721526	0.683793
2921001	2922000	2921501	683.0	0.722048	0.739785
2922001	2923000	2922501	486.0	0.722571	0.248855
2923001	2924000	2923501	342.0	0.723093	-0.258105
2924001	2925000	2924501	363.0	0.723615	-0.172131
2925001	2926000	2925501	374.0	0.724138	-0.129063
2926001	2927000	2926501	403.0	0.724660	-0.021321
2927001	2928000	2927501	462.0	0.725183	0.175792
2928001	2929000	2928501	457.0	0.725705	0.160093
2929001	2930000	2929501	284.0	0.726228	-0.526210
2930001	2931000	2930501	403.0	0.726750	-0.021321
2931001	2932000	2931501	570.0	0.727273	0.478861
2932001	2933000	2932501	484.0	0.727795	0.242906
2933001	2934000	2933501	484.0	0.728318	0.242906
2934001	2935000	2934501	567.0	0.728840	0.471248
2935001	2936000	2935501	551.0	0.729363	0.429951
2936001	2937000	2936501	431.0	0.729885	0.075587
2937001	2938000	2937501	409.0	0.730408	0.000000
2938001	2939000	2938501	380.0	0.730930	-0.106101
2939001	2940000	2939501	479.0	0.731452	0.227925
2940001	2941000	2940501	434.0	0.731975	0.085594
2941001	2942000	2941501	502.0	0.732497	0.295587
2942001	2943000	2942501	432.0	0.733020	0.078930
2943001	2944000	2943501	432.0	0.733542	0.078930
2944001	2945000	2944501	406.0	0.734065	-0.010621
2945001	2946000	2945501	450.0	0.734587	0.137824
2946001	2947000	2946501	367.0	0.735110	-0.156321
2947001	2948000	2947501	368.0	0.735632	-0.152395
2948001	2949000	2948501	524.0	0.736155	0.357466
2949001	2950000	2949501	480.0	0.736677	0.230934
2950001	2951000	2950501	488.0	0.737200	0.254780
2951001	2952000	2951501	390.0	0.737722	-0.068627
2952001	2953000	2952501	445.0	0.738245	0.121704
2953001	2954000	2953501	397.0	0.738767	-0.042962
2954001	2955000	2954501	442.0	0.739289	0.111946
2955001	2956000	2955501	490.0	0.739812	0.260681
2956001	2957000	2956501	450.0	0.740334	0.137824
2957001	2958000	2957501	412.0	0.740857	0.010543
2958001	2959000	2958501	475.0	0.741379	0.215827
2959001	2960000	2959501	451.0	0.741902	0.141027
2960001	2961000	2960501	424.0	0.742424	0.051963
2961001	2962000	2961501	511.0	0.742947	0.321222
2962001	2963000	2962501	468.0	0.743469	0.194408
2963001	2964000	2963501	502.0	0.743992	0.295587
2964001	2965000	2964501	535.0	0.744514	0.387438
2965001	2966000	2965501	464.0	0.745037	0.182024
2966001	2967000	2966501	539.0	0.745559	0.398184
2967001	2968000	2967501	423.0	0.746082	0.048557
2968001	2969000	2968501	548.0	0.746604	0.422075
2969001	2970000	2969501	423.0	0.747126	0.048557
2970001	2971000	2970501	360.0	0.747649	-0.184104
2971001	2972000	2971501	322.0	0.748171	-0.345040
2972001	2973000	2972501	368.0	0.748694	-0.152395
2973001	2974000	2973501	429.0	0.749216	0.068877
2974001	2975000	2974501	417.0	0.749739	0.027947
2975001	2976000	2975501	286.0	0.750261	-0.516086
2976001	2977000	2976501	301.0	0.750784	-0.442337
2977001	2978000	2977501	372.0	0.751306	-0.136798
2978001	2979000	2978501	410.0	0.751829	0.003523
2979001	2980000	2979501	542.0	0.752351	0.406192
2980001	2981000	2980501	328.0	0.752874	-0.318405
2981001	2982000	2981501	369.0	0.753396	-0.148480
2982001	2983000	2982501	333.0	0.753918	-0.296579
2983001	2984000	2983501	328.0	0.754441	-0.318405
2984001	2985000	2984501	321.0	0.754963	-0.349528
2985001	2986000	2985501	335.0	0.755486	-0.287940
2986001	2987000	2986501	318.0	0.756008	-0.363074
2987001	2988000	2987501	312.0	0.756531	-0.390555
2988001	2989000	2988501	325.0	0.757053	-0.331661
2989001	2990000	2989501	316.0	0.757576	-0.372176
2990001	2991000	2990501	343.0	0.758098	-0.253892
2991001	2992000	2991501	334.0	0.758621	-0.292253
2992001	2993000	2992501	394.0	0.759143	-0.053905
2993001	2994000	2993501	365.0	0.759666	-0.164204
2994001	2995000	2994501	524.0	0.760188	0.357466
2995001	2996000	2995501	599.0	0.760711	0.550455
2996001	2997000	2996501	638.0	0.761233	0.641456
2997001	2998000	2997501	541.0	0.761755	0.403528
2998001	2999000	2998501	504.0	0.762278	0.301323
2999001	3000000	2999501	549.0	0.762800	0.424705
3000001	3001000	3000501	369.0	0.763323	-0.148480
3001001	3002000	3001501	423.0	0.763845	0.048557
3002001	3003000	3002501	346.0	0.764368	-0.241329
3003001	3004000	3003501	330.0	0.764890	-0.309635
3004001	3005000	3004501	389.0	0.765413	-0.072331
3005001	3006000	3005501	443.0	0.765935	0.115206
3006001	3007000	3006501	452.0	0.766458	0.144222
3007001	3008000	3007501	442.0	0.766980	0.111946
3008001	3009000	3008501	493.0	0.767503	0.269487
3009001	3010000	3009501	343.0	0.768025	-0.253892
3010001	3011000	3010501	364.0	0.768548	-0.168162
3011001	3012000	3011501	378.0	0.769070	-0.113715
3012001	3013000	3012501	356.0	0.769592	-0.200224
3013001	3014000	3013501	335.0	0.770115	-0.287940
3014001	3015000	3014501	430.0	0.770637	0.072236
3015001	3016000	3015501	397.0	0.771160	-0.042962
3016001	3017000	3016501	630.0	0.771682	0.623251
3017001	3018000	3017501	579.0	0.772205	0.501463
3018001	3019000	3018501	310.0	0.772727	-0.399833
3019001	3020000	3019501	333.0	0.773250	-0.296579
3020001	3021000	3020501	397.0	0.773772	-0.042962
3021001	3022000	3021501	420.0	0.774295	0.038288
3022001	3023000	3022501	441.0	0.774817	0.108678
3023001	3024000	3023501	503.0	0.775340	0.298458
3024001	3025000	3024501	383.0	0.775862	-0.094756
3025001	3026000	3025501	331.0	0.776385	-0.305270
3026001	3027000	3026501	351.0	0.776907	-0.220630
3027001	3028000	3027501	331.0	0.777429	-0.305270
3028001	3029000	3028501	359.0	0.777952	-0.188117
3029001	3030000	3029501	346.0	0.778474	-0.241329
3030001	3031000	3030501	386.0	0.778997	-0.083500
3031001	3032000	3031501	449.0	0.779519	0.134615
3032001	3033000	3032501	386.0	0.780042	-0.083500
3033001	3034000	3033501	457.0	0.780564	0.160093
3034001	3035000	3034501	401.0	0.781087	-0.028499
3035001	3036000	3035501	428.0	0.781609	0.065510
3036001	3037000	3036501	455.0	0.782132	0.153766
3037001	3038000	3037501	406.0	0.782654	-0.010621
3038001	3039000	3038501	481.0	0.783177	0.233936
3039001	3040000	3039501	453.0	0.783699	0.147410
3040001	3041000	3040501	532.0	0.784222	0.379325
3041001	3042000	3041501	512.0	0.784744	0.324043
3042001	3043000	3042501	399.0	0.785266	-0.035712
3043001	3044000	3043501	333.0	0.785789	-0.296579
3044001	3045000	3044501	327.0	0.786311	-0.322810
3045001	3046000	3045501	482.0	0.786834	0.236932
3046001	3047000	3046501	712.0	0.787356	0.799776
3047001	3048000	3047501	347.0	0.787879	-0.237165
3048001	3049000	3048501	368.0	0.788401	-0.152395
3049001	3050000	3049501	309.0	0.788924	-0.404494
3050001	3051000	3050501	395.0	0.789446	-0.050248
3051001	3052000	3051501	318.0	0.789969	-0.363074
3052001	3053000	3052501	372.0	0.790491	-0.136798
3053001	3054000	3053501	391.0	0.791014	-0.064932
3054001	3055000	3054501	320.0	0.791536	-0.354029
3055001	3056000	3055501	329.0	0.792059	-0.314013
3056001	3057000	3056501	398.0	0.792581	-0.039332
3057001	3058000	3057501	485.0	0.793103	0.245884
3058001	3059000	3058501	342.0	0.793626	-0.258105
3059001	3060000	3059501	359.0	0.794148	-0.188117
3060001	3061000	3060501	371.0	0.794671	-0.140682
3061001	3062000	3061501	363.0	0.795193	-0.172131
3062001	3063000	3062501	406.0	0.795716	-0.010621
3063001	3064000	3063501	429.0	0.796238	0.068877
3064001	3065000	3064501	362.0	0.796761	-0.176111
3065001	3066000	3065501	338.0	0.797283	-0.275078
3066001	3067000	3066501	370.0	0.797806	-0.144576
3067001	3068000	3067501	416.0	0.798328	0.024483
3068001	3069000	3068501	457.0	0.798851	0.160093
3069001	3070000	3069501	407.0	0.799373	-0.007072
3070001	3071000	3070501	381.0	0.799896	-0.102310
3071001	3072000	3071501	396.0	0.800418	-0.046600
3072001	3073000	3072501	397.0	0.800940	-0.042962
3073001	3074000	3073501	428.0	0.801463	0.065510
3074001	3075000	3074501	385.0	0.801985	-0.087242
3075001	3076000	3075501	393.0	0.802508	-0.057572
3076001	3077000	3076501	373.0	0.803030	-0.132925
3077001	3078000	3077501	360.0	0.803553	-0.184104
3078001	3079000	3078501	378.0	0.804075	-0.113715
3079001	3080000	3079501	400.0	0.804598	-0.032101
3080001	3081000	3080501	457.0	0.805120	0.160093
3081001	3082000	3081501	354.0	0.805643	-0.208351
3082001	3083000	3082501	341.0	0.806165	-0.262329
3083001	3084000	3083501	377.0	0.806688	-0.117536
3084001	3085000	3084501	369.0	0.807210	-0.148480
3085001	3086000	3085501	327.0	0.807732	-0.322810
3086001	3087000	3086501	389.0	0.808255	-0.072331
3087001	3088000	3087501	343.0	0.808777	-0.253892
3088001	3089000	3088501	420.0	0.809300	0.038288
3089001	3090000	3089501	390.0	0.809822	-0.068627
3090001	3091000	3090501	436.0	0.810345	0.092227
3091001	3092000	3091501	384.0	0.810867	-0.090995
3092001	3093000	3092501	373.0	0.811390	-0.132925
3093001	3094000	3093501	512.0	0.811912	0.324043
3094001	3095000	3094501	428.0	0.812435	0.065510
3095001	3096000	3095501	317.0	0.812957	-0.367618
3096001	3097000	3096501	386.0	0.813480	-0.083500
3097001	3098000	3097501	469.0	0.814002	0.197487
3098001	3099000	3098501	346.0	0.814525	-0.241329
3099001	3100000	3099501	393.0	0.815047	-0.057572
3100001	3101000	3100501	449.0	0.815569	0.134615
3101001	3102000	3101501	376.0	0.816092	-0.121368
3102001	3103000	3102501	286.0	0.816614	-0.516086
3103001	3104000	3103501	360.0	0.817137	-0.184104
3104001	3105000	3104501	347.0	0.817659	-0.237165
3105001	3106000	3105501	455.0	0.818182	0.153766
3106001	3107000	3106501	399.0	0.818704	-0.035712
3107001	3108000	3107501	471.0	0.819227	0.203626
3108001	3109000	3108501	515.0	0.819749	0.332472
3109001	3110000	3109501	449.0	0.820272	0.134615
3110001	3111000	3110501	349.0	0.820794	-0.228874
3111001	3112000	3111501	354.0	0.821317	-0.208351
3112001	3113000	3112501	487.0	0.821839	0.251821
3113001	3114000	3113501	469.0	0.822362	0.197487
3114001	3115000	3114501	420.0	0.822884	0.038288
3115001	3116000	3115501	412.0	0.823406	0.010543
3116001	3117000	3116501	412.0	0.823929	0.010543
3117001	3118000	3117501	381.0	0.824451	-0.102310
3118001	3119000	3118501	446.0	0.824974	0.124943
3119001	3120000	3119501	454.0	0.825496	0.150591
3120001	3121000	3120501	406.0	0.826019	-0.010621
3121001	3122000	3121501	355.0	0.826541	-0.204282
3122001	3123000	3122501	337.0	0.827064	-0.279352
3123001	3124000	3123501	386.0	0.827586	-0.083500
3124001	3125000	3124501	376.0	0.828109	-0.121368
3125001	3126000	3125501	423.0	0.828631	0.048557
3126001	3127000	3126501	326.0	0.829154	-0.327229
3127001	3128000	3127501	504.0	0.829676	0.301323
3128001	3129000	3128501	545.0	0.830199	0.414155
3129001	3130000	3129501	412.0	0.830721	0.010543
3130001	3131000	3130501	461.0	0.831243	0.172666
3131001	3132000	3131501	421.0	0.831766	0.041719
3132001	3133000	3132501	381.0	0.832288	-0.102310
3133001	3134000	3133501	444.0	0.832811	0.118459
3134001	3135000	3134501	388.0	0.833333	-0.076044
3135001	3136000	3135501	386.0	0.833856	-0.083500
3136001	3137000	3136501	363.0	0.834378	-0.172131
3137001	3138000	3137501	407.0	0.834901	-0.007072
3138001	3139000	3138501	346.0	0.835423	-0.241329
3139001	3140000	3139501	333.0	0.835946	-0.296579
3140001	3141000	3140501	489.0	0.836468	0.257734
3141001	3142000	3141501	439.0	0.836991	0.102120
3142001	3143000	3142501	443.0	0.837513	0.115206
3143001	3144000	3143501	507.0	0.838036	0.309885
3144001	3145000	3144501	367.0	0.838558	-0.156321
3145001	3146000	3145501	396.0	0.839080	-0.046600
3146001	3147000	3146501	422.0	0.839603	0.045142
3147001	3148000	3147501	426.0	0.840125	0.058753
3148001	3149000	3148501	389.0	0.840648	-0.072331
3149001	3150000	3149501	394.0	0.841170	-0.053905
3150001	3151000	3150501	318.0	0.841693	-0.363074
3151001	3152000	3151501	396.0	0.842215	-0.046600
3152001	3153000	3152501	420.0	0.842738	0.038288
3153001	3154000	3153501	531.0	0.843260	0.376611
3154001	3155000	3154501	447.0	0.843783	0.128174
3155001	3156000	3155501	412.0	0.844305	0.010543
3156001	3157000	3156501	363.0	0.844828	-0.172131
3157001	3158000	3157501	440.0	0.845350	0.105403
3158001	3159000	3158501	401.0	0.845873	-0.028499
3159001	3160000	3159501	438.0	0.846395	0.098830
3160001	3161000	3160501	325.0	0.846917	-0.331661
3161001	3162000	3161501	665.0	0.847440	0.701253
3162001	3163000	3162501	461.0	0.847962	0.172666
3163001	3164000	3163501	575.0	0.848485	0.491461
3164001	3165000	3164501	548.0	0.849007	0.422075
3165001	3166000	3165501	468.0	0.849530	0.194408
3166001	3167000	3166501	539.0	0.850052	0.398184
3167001	3168000	3167501	540.0	0.850575	0.400859
3168001	3169000	3168501	446.0	0.851097	0.124943
3169001	3170000	3169501	439.0	0.851620	0.102120
3170001	3171000	3170501	423.0	0.852142	0.048557
3171001	3172000	3171501	452.0	0.852665	0.144222
3172001	3173000	3172501	428.0	0.853187	0.065510
3173001	3174000	3173501	492.0	0.853710	0.266557
3174001	3175000	3174501	548.0	0.854232	0.422075
3175001	3176000	3175501	499.0	0.854754	0.286939
3176001	3177000	3176501	419.0	0.855277	0.034849
3177001	3178000	3177501	512.0	0.855799	0.324043
3178001	3179000	3178501	438.0	0.856322	0.098830
3179001	3180000	3179501	385.0	0.856844	-0.087242
3180001	3181000	3180501	465.0	0.857367	0.185130
3181001	3182000	3181501	459.0	0.857889	0.166393
3182001	3183000	3182501	460.0	0.858412	0.169533
3183001	3184000	3183501	452.0	0.858934	0.144222
3184001	3185000	3184501	564.0	0.859457	0.463594
3185001	3186000	3185501	536.0	0.859979	0.390132
3186001	3187000	3186501	421.0	0.860502	0.041719
3187001	3188000	3187501	459.0	0.861024	0.166393
3188001	3189000	3188501	384.0	0.861546	-0.090995
3189001	3190000	3189501	432.0	0.862069	0.078930
3190001	3191000	3190501	466.0	0.862591	0.188229
3191001	3192000	3191501	495.0	0.863114	0.275328
3192001	3193000	3192501	492.0	0.863636	0.266557
3193001	3194000	3193501	373.0	0.864159	-0.132925
3194001	3195000	3194501	402.0	0.864681	-0.024905
3195001	3196000	3195501	390.0	0.865204	-0.068627
3196001	3197000	3196501	374.0	0.865726	-0.129063
3197001	3198000	3197501	343.0	0.866249	-0.253892
3198001	3199000	3198501	396.0	0.866771	-0.046600
3199001	3200000	3199501	361.0	0.867294	-0.180102
3200001	3201000	3200501	485.0	0.867816	0.245884
3201001	3202000	3201501	490.0	0.868339	0.260681
3202001	3203000	3202501	428.0	0.868861	0.065510
3203001	3204000	3203501	399.0	0.869383	-0.035712
3204001	3205000	3204501	469.0	0.869906	0.197487
3205001	3206000	3205501	445.0	0.870428	0.121704
3206001	3207000	3206501	565.0	0.870951	0.466150
3207001	3208000	3207501	539.0	0.871473	0.398184
3208001	3209000	3208501	594.0	0.871996	0.538362
3209001	3210000	3209501	661.0	0.872518	0.692549
3210001	3211000	3210501	516.0	0.873041	0.335270
3211001	3212000	3211501	350.0	0.873563	-0.224746
3212001	3213000	3212501	379.0	0.874086	-0.109903
3213001	3214000	3213501	410.0	0.874608	0.003523
3214001	3215000	3214501	354.0	0.875131	-0.208351
3215001	3216000	3215501	347.0	0.875653	-0.237165
3216001	3217000	3216501	357.0	0.876176	-0.196177
3217001	3218000	3217501	419.0	0.876698	0.034849
3218001	3219000	3218501	389.0	0.877220	-0.072331
3219001	3220000	3219501	407.0	0.877743	-0.007072
3220001	3221000	3220501	411.0	0.878265	0.007038
3221001	3222000	3221501	403.0	0.878788	-0.021321
3222001	3223000	3222501	373.0	0.879310	-0.132925
3223001	3224000	3223501	425.0	0.879833	0.055362
3224001	3225000	3224501	403.0	0.880355	-0.021321
3225001	3226000	3225501	426.0	0.880878	0.058753
3226001	3227000	3226501	404.0	0.881400	-0.017746
3227001	3228000	3227501	434.0	0.881923	0.085594
3228001	3229000	3228501	420.0	0.882445	0.038288
3229001	3230000	3229501	480.0	0.882968	0.230934
3230001	3231000	3230501	450.0	0.883490	0.137824
3231001	3232000	3231501	445.0	0.884013	0.121704
3232001	3233000	3232501	447.0	0.884535	0.128174
3233001	3234000	3233501	483.0	0.885057	0.239922
3234001	3235000	3234501	484.0	0.885580	0.242906
3235001	3236000	3235501	442.0	0.886102	0.111946
3236001	3237000	3236501	416.0	0.886625	0.024483
3237001	3238000	3237501	451.0	0.887147	0.141027
3238001	3239000	3238501	361.0	0.887670	-0.180102
3239001	3240000	3239501	388.0	0.888192	-0.076044
3240001	3241000	3240501	466.0	0.888715	0.188229
3241001	3242000	3241501	528.0	0.889237	0.368437
3242001	3243000	3242501	590.0	0.889760	0.528614
3243001	3244000	3243501	514.0	0.890282	0.329668
3244001	3245000	3244501	463.0	0.890805	0.178911
3245001	3246000	3245501	452.0	0.891327	0.144222
3246001	3247000	3246501	487.0	0.891850	0.251821
3247001	3248000	3247501	445.0	0.892372	0.121704
3248001	3249000	3248501	429.0	0.892894	0.068877
3249001	3250000	3249501	422.0	0.893417	0.045142
3250001	3251000	3250501	410.0	0.893939	0.003523
3251001	3252000	3251501	433.0	0.894462	0.082266
3252001	3253000	3252501	365.0	0.894984	-0.164204
3253001	3254000	3253501	395.0	0.895507	-0.050248
3254001	3255000	3254501	405.0	0.896029	-0.014179
3255001	3256000	3255501	458.0	0.896552	0.163247
3256001	3257000	3256501	529.0	0.897074	0.371167
3257001	3258000	3257501	416.0	0.897597	0.024483
3258001	3259000	3258501	427.0	0.898119	0.062135
3259001	3260000	3259501	434.0	0.898642	0.085594
3260001	3261000	3260501	427.0	0.899164	0.062135
3261001	3262000	3261501	417.0	0.899687	0.027947
3262001	3263000	3262501	342.0	0.900209	-0.258105
3263001	3264000	3263501	383.0	0.900731	-0.094756
3264001	3265000	3264501	302.0	0.901254	-0.437552
3265001	3266000	3265501	349.0	0.901776	-0.228874
3266001	3267000	3266501	363.0	0.902299	-0.172131
3267001	3268000	3267501	426.0	0.902821	0.058753
3268001	3269000	3268501	425.0	0.903344	0.055362
3269001	3270000	3269501	386.0	0.903866	-0.083500
3270001	3271000	3270501	383.0	0.904389	-0.094756
3271001	3272000	3271501	410.0	0.904911	0.003523
3272001	3273000	3272501	440.0	0.905434	0.105403
3273001	3274000	3273501	476.0	0.905956	0.218861
3274001	3275000	3274501	464.0	0.906479	0.182024
3275001	3276000	3275501	431.0	0.907001	0.075587
3276001	3277000	3276501	459.0	0.907524	0.166393
3277001	3278000	3277501	435.0	0.908046	0.088915
3278001	3279000	3278501	413.0	0.908568	0.014041
3279001	3280000	3279501	427.0	0.909091	0.062135
3280001	3281000	3280501	402.0	0.909613	-0.024905
3281001	3282000	3281501	519.0	0.910136	0.343634
3282001	3283000	3282501	387.0	0.910658	-0.079767
3283001	3284000	3283501	411.0	0.911181	0.007038
3284001	3285000	3284501	497.0	0.911703	0.281145
3285001	3286000	3285501	426.0	0.912226	0.058753
3286001	3287000	3286501	324.0	0.912748	-0.336107
3287001	3288000	3287501	469.0	0.913271	0.197487
3288001	3289000	3288501	465.0	0.913793	0.185130
3289001	3290000	3289501	403.0	0.914316	-0.021321
3290001	3291000	3290501	517.0	0.914838	0.338063
3291001	3292000	3291501	451.0	0.915361	0.141027
3292001	3293000	3292501	494.0	0.915883	0.272410
3293001	3294000	3293501	414.0	0.916405	0.017530
3294001	3295000	3294501	424.0	0.916928	0.051963
3295001	3296000	3295501	430.0	0.917450	0.072236
3296001	3297000	3296501	380.0	0.917973	-0.106101
3297001	3298000	3297501	435.0	0.918495	0.088915
3298001	3299000	3298501	468.0	0.919018	0.194408
3299001	3300000	3299501	364.0	0.919540	-0.168162
3300001	3301000	3300501	402.0	0.920063	-0.024905
3301001	3302000	3301501	503.0	0.920585	0.298458
3302001	3303000	3302501	405.0	0.921108	-0.014179
3303001	3304000	3303501	360.0	0.921630	-0.184104
3304001	3305000	3304501	517.0	0.922153	0.338063
3305001	3306000	3305501	494.0	0.922675	0.272410
3306001	3307000	3306501	408.0	0.923197	-0.003532
3307001	3308000	3307501	505.0	0.923720	0.304183
3308001	3309000	3308501	377.0	0.924242	-0.117536
3309001	3310000	3309501	341.0	0.924765	-0.262329
3310001	3311000	3310501	433.0	0.925287	0.082266
3311001	3312000	3311501	470.0	0.925810	0.200560
3312001	3313000	3312501	513.0	0.926332	0.326858
3313001	3314000	3313501	399.0	0.926855	-0.035712
3314001	3315000	3314501	388.0	0.927377	-0.076044
3315001	3316000	3315501	407.0	0.927900	-0.007072
3316001	3317000	3316501	452.0	0.928422	0.144222
3317001	3318000	3317501	422.0	0.928945	0.045142
3318001	3319000	3318501	434.0	0.929467	0.085594
3319001	3320000	3319501	483.0	0.929990	0.239922
3320001	3321000	3320501	459.0	0.930512	0.166393
3321001	3322000	3321501	470.0	0.931034	0.200560
3322001	3323000	3322501	471.0	0.931557	0.203626
3323001	3324000	3323501	612.0	0.932079	0.581431
3324001	3325000	3324501	456.0	0.932602	0.156933
3325001	3326000	3325501	335.0	0.933124	-0.287940
3326001	3327000	3326501	455.0	0.933647	0.153766
3327001	3328000	3327501	442.0	0.934169	0.111946
3328001	3329000	3328501	370.0	0.934692	-0.144576
3329001	3330000	3329501	524.0	0.935214	0.357466
3330001	3331000	3330501	543.0	0.935737	0.408851
3331001	3332000	3331501	399.0	0.936259	-0.035712
3332001	3333000	3332501	495.0	0.936782	0.275328
3333001	3334000	3333501	413.0	0.937304	0.014041
3334001	3335000	3334501	403.0	0.937827	-0.021321
3335001	3336000	3335501	505.0	0.938349	0.304183
3336001	3337000	3336501	477.0	0.938871	0.221888
3337001	3338000	3337501	413.0	0.939394	0.014041
3338001	3339000	3338501	404.0	0.939916	-0.017746
3339001	3340000	3339501	461.0	0.940439	0.172666
3340001	3341000	3340501	387.0	0.940961	-0.079767
3341001	3342000	3341501	544.0	0.941484	0.411506
3342001	3343000	3342501	503.0	0.942006	0.298458
3343001	3344000	3343501	426.0	0.942529	0.058753
3344001	3345000	3344501	562.0	0.943051	0.458469
3345001	3346000	3345501	488.0	0.943574	0.254780
3346001	3347000	3346501	457.0	0.944096	0.160093
3347001	3348000	3347501	475.0	0.944619	0.215827
3348001	3349000	3348501	425.0	0.945141	0.055362
3349001	3350000	3349501	301.0	0.945664	-0.442337
3350001	3351000	3350501	399.0	0.946186	-0.035712
3351001	3352000	3351501	383.0	0.946708	-0.094756
3352001	3353000	3352501	363.0	0.947231	-0.172131
3353001	3354000	3353501	464.0	0.947753	0.182024
3354001	3355000	3354501	508.0	0.948276	0.312728
3355001	3356000	3355501	516.0	0.948798	0.335270
3356001	3357000	3356501	458.0	0.949321	0.163247
3357001	3358000	3357501	425.0	0.949843	0.055362
3358001	3359000	3358501	448.0	0.950366	0.131398
3359001	3360000	3359501	489.0	0.950888	0.257734
3360001	3361000	3360501	535.0	0.951411	0.387438
3361001	3362000	3361501	426.0	0.951933	0.058753
3362001	3363000	3362501	472.0	0.952456	0.206686
3363001	3364000	3363501	482.0	0.952978	0.236932
3364001	3365000	3364501	363.0	0.953501	-0.172131
3365001	3366000	3365501	359.0	0.954023	-0.188117
3366001	3367000	3366501	415.0	0.954545	0.021010
3367001	3368000	3367501	430.0	0.955068	0.072236
3368001	3369000	3368501	434.0	0.955590	0.085594
3369001	3370000	3369501	421.0	0.956113	0.041719
3370001	3371000	3370501	408.0	0.956635	-0.003532
3371001	3372000	3371501	478.0	0.957158	0.224910
3372001	3373000	3372501	564.0	0.957680	0.463594
3373001	3374000	3373501	572.0	0.958203	0.483914
3374001	3375000	3374501	524.0	0.958725	0.357466
3375001	3376000	3375501	391.0	0.959248	-0.064932
3376001	3377000	3376501	425.0	0.959770	0.055362
3377001	3378000	3377501	475.0	0.960293	0.215827
3378001	3379000	3378501	407.0	0.960815	-0.007072
3379001	3380000	3379501	559.0	0.961338	0.450747
3380001	3381000	3380501	649.0	0.961860	0.666118
3381001	3382000	3381501	570.0	0.962382	0.478861
3382001	3383000	3382501	524.0	0.962905	0.357466
3383001	3384000	3383501	405.0	0.963427	-0.014179
3384001	3385000	3384501	327.0	0.963950	-0.322810
3385001	3386000	3385501	385.0	0.964472	-0.087242
3386001	3387000	3386501	372.0	0.964995	-0.136798
3387001	3388000	3387501	309.0	0.965517	-0.404494
3388001	3389000	3388501	359.0	0.966040	-0.188117
3389001	3390000	3389501	449.0	0.966562	0.134615
3390001	3391000	3390501	549.0	0.967085	0.424705
3391001	3392000	3391501	405.0	0.967607	-0.014179
3392001	3393000	3392501	392.0	0.968130	-0.061247
3393001	3394000	3393501	527.0	0.968652	0.365702
3394001	3395000	3394501	415.0	0.969175	0.021010
3395001	3396000	3395501	389.0	0.969697	-0.072331
3396001	3397000	3396501	377.0	0.970219	-0.117536
3397001	3398000	3397501	365.0	0.970742	-0.164204
3398001	3399000	3398501	301.0	0.971264	-0.442337
3399001	3400000	3399501	360.0	0.971787	-0.184104
3400001	3401000	3400501	412.0	0.972309	0.010543
3401001	3402000	3401501	465.0	0.972832	0.185130
3402001	3403000	3402501	364.0	0.973354	-0.168162
3403001	3404000	3403501	394.0	0.973877	-0.053905
3404001	3405000	3404501	391.0	0.974399	-0.064932
3405001	3406000	3405501	427.0	0.974922	0.062135
3406001	3407000	3406501	462.0	0.975444	0.175792
3407001	3408000	3407501	404.0	0.975967	-0.017746
3408001	3409000	3408501	421.0	0.976489	0.041719
3409001	3410000	3409501	420.0	0.977011	0.038288
3410001	3411000	3410501	471.0	0.977534	0.203626
3411001	3412000	3411501	348.0	0.978056	-0.233014
3412001	3413000	3412501	370.0	0.978579	-0.144576
3413001	3414000	3413501	376.0	0.979101	-0.121368
3414001	3415000	3414501	373.0	0.979624	-0.132925
3415001	3416000	3415501	360.0	0.980146	-0.184104
3416001	3417000	3416501	357.0	0.980669	-0.196177
3417001	3418000	3417501	402.0	0.981191	-0.024905
3418001	3419000	3418501	366.0	0.981714	-0.160257
3419001	3420000	3419501	368.0	0.982236	-0.152395
3420001	3421000	3420501	446.0	0.982759	0.124943
3421001	3422000	3421501	468.0	0.983281	0.194408
3422001	3423000	3422501	398.0	0.983804	-0.039332
3423001	3424000	3423501	449.0	0.984326	0.134615
3424001	3425000	3424501	434.0	0.984848	0.085594
3425001	3426000	3425501	568.0	0.985371	0.473790
3426001	3427000	3426501	614.0	0.985893	0.586138
3427001	3428000	3427501	485.0	0.986416	0.245884
3428001	3429000	3428501	412.0	0.986938	0.010543
3429001	3430000	3429501	340.0	0.987461	-0.266566
3430001	3431000	3430501	367.0	0.987983	-0.156321
3431001	3432000	3431501	374.0	0.988506	-0.129063
3432001	3433000	3432501	427.0	0.989028	0.062135
3433001	3434000	3433501	531.0	0.989551	0.376611
3434001	3435000	3434501	454.0	0.990073	0.150591
3435001	3436000	3435501	548.0	0.990596	0.422075
3436001	3437000	3436501	534.0	0.991118	0.384739
3437001	3438000	3437501	432.0	0.991641	0.078930
3438001	3439000	3438501	421.0	0.992163	0.041719
3439001	3440000	3439501	411.0	0.992685	0.007038
3440001	3441000	3440501	522.0	0.993208	0.351949
3441001	3442000	3441501	410.0	0.993730	0.003523
3442001	3443000	3442501	366.0	0.994253	-0.160257
3443001	3444000	3443501	340.0	0.994775	-0.266566
3444001	3445000	3444501	345.0	0.995298	-0.245504
3445001	3446000	3445501	346.0	0.995820	-0.241329
3446001	3447000	3446501	287.0	0.996343	-0.511050
3447001	3448000	3447501	360.0	0.996865	-0.184104
3448001	3449000	3448501	379.0	0.997388	-0.109903
3449001	3450000	3449501	459.0	0.997910	0.166393
3450001	3451000	3450501	429.0	0.998433	0.068877
3451001	3452000	3451501	442.0	0.998955	0.111946
3452001	3453000	3452501	444.0	0.999478	0.118459
3453001	3454000	3453501	489.0	1.000000	0.257734
3454001	3455000	3454501	472.0	-0.999522	0.206686
3455001	3456000	3455501	390.0	-0.999043	-0.068627
3456001	3457000	3456501	335.0	-0.998565	-0.287940
3457001	3458000	3457501	373.0	-0.998087	-0.132925
3458001	3459000	3458501	442.0	-0.997609	0.111946
3459001	3460000	3459501	424.0	-0.997130	0.051963
3460001	3461000	3460501	450.0	-0.996652	0.137824
3461001	3462000	3461501	515.0	-0.996174	0.332472
3462001	3463000	3462501	434.0	-0.995695	0.085594
3463001	3464000	3463501	399.0	-0.995217	-0.035712
3464001	3465000	3464501	388.0	-0.994739	-0.076044
3465001	3466000	3465501	373.0	-0.994261	-0.132925
3466001	3467000	3466501	453.0	-0.993782	0.147410
3467001	3468000	3467501	445.0	-0.993304	0.121704
3468001	3469000	3468501	523.0	-0.992826	0.354710
3469001	3470000	3469501	487.0	-0.992347	0.251821
3470001	3471000	3470501	510.0	-0.991869	0.318396
3471001	3472000	3471501	620.0	-0.991391	0.600167
3472001	3473000	3472501	490.0	-0.990913	0.260681
3473001	3474000	3473501	422.0	-0.990434	0.045142
3474001	3475000	3474501	416.0	-0.989956	0.024483
3475001	3476000	3475501	535.0	-0.989478	0.387438
3476001	3477000	3476501	358.0	-0.988999	-0.192141
3477001	3478000	3477501	418.0	-0.988521	0.031402
3478001	3479000	3478501	391.0	-0.988043	-0.064932
3479001	3480000	3479501	416.0	-0.987565	0.024483
3480001	3481000	3480501	360.0	-0.987086	-0.184104
3481001	3482000	3481501	359.0	-0.986608	-0.188117
3482001	3483000	3482501	421.0	-0.986130	0.041719
3483001	3484000	3483501	341.0	-0.985651	-0.262329
3484001	3485000	3484501	341.0	-0.985173	-0.262329
3485001	3486000	3485501	534.0	-0.984695	0.384739
3486001	3487000	3486501	514.0	-0.984217	0.329668
3487001	3488000	3487501	457.0	-0.983738	0.160093
3488001	3489000	3488501	536.0	-0.983260	0.390132
3489001	3490000	3489501	578.0	-0.982782	0.498969
3490001	3491000	3490501	444.0	-0.982303	0.118459
3491001	3492000	3491501	400.0	-0.981825	-0.032101
3492001	3493000	3492501	338.0	-0.981347	-0.275078
3493001	3494000	3493501	377.0	-0.980868	-0.117536
3494001	3495000	3494501	415.0	-0.980390	0.021010
3495001	3496000	3495501	410.0	-0.979912	0.003523
3496001	3497000	3496501	460.0	-0.979434	0.169533
3497001	3498000	3497501	414.0	-0.978955	0.017530
3498001	3499000	3498501	360.0	-0.978477	-0.184104
3499001	3500000	3499501	410.0	-0.977999	0.003523
3500001	3501000	3500501	489.0	-0.977520	0.257734
3501001	3502000	3501501	519.0	-0.977042	0.343634
3502001	3503000	3502501	462.0	-0.976564	0.175792
3503001	3504000	3503501	417.0	-0.976086	0.027947
3504001	3505000	3504501	438.0	-0.975607	0.098830
3505001	3506000	3505501	394.0	-0.975129	-0.053905
3506001	3507000	3506501	466.0	-0.974651	0.188229
3507001	3508000	3507501	452.0	-0.974172	0.144222
3508001	3509000	3508501	415.0	-0.973694	0.021010
3509001	3510000	3509501	344.0	-0.973216	-0.249692
3510001	3511000	3510501	424.0	-0.972738	0.051963
3511001	3512000	3511501	336.0	-0.972259	-0.283640
3512001	3513000	3512501	426.0	-0.971781	0.058753
3513001	3514000	3513501	346.0	-0.971303	-0.241329
3514001	3515000	3514501	414.0	-0.970824	0.017530
3515001	3516000	3515501	437.0	-0.970346	0.095532
3516001	3517000	3516501	440.0	-0.969868	0.105403
3517001	3518000	3517501	410.0	-0.969390	0.003523
3518001	3519000	3518501	413.0	-0.968911	0.014041
3519001	3520000	3519501	508.0	-0.968433	0.312728
3520001	3521000	3520501	451.0	-0.967955	0.141027
3521001	3522000	3521501	435.0	-0.967476	0.088915
3522001	3523000	3522501	379.0	-0.966998	-0.109903
3523001	3524000	3523501	481.0	-0.966520	0.233936
3524001	3525000	3524501	504.0	-0.966042	0.301323
3525001	3526000	3525501	651.0	-0.965563	0.670557
3526001	3527000	3526501	554.0	-0.965085	0.437785
3527001	3528000	3527501	673.0	-0.964607	0.718506
3528001	3529000	3528501	560.0	-0.964128	0.453326
3529001	3530000	3529501	589.0	-0.963650	0.526167
3530001	3531000	3530501	672.0	-0.963172	0.716360
3531001	3532000	3531501	479.0	-0.962694	0.227925
3532001	3533000	3532501	411.0	-0.962215	0.007038
3533001	3534000	3533501	378.0	-0.961737	-0.113715
3534001	3535000	3534501	446.0	-0.961259	0.124943
3535001	3536000	3535501	439.0	-0.960780	0.102120
3536001	3537000	3536501	405.0	-0.960302	-0.014179
3537001	3538000	3537501	364.0	-0.959824	-0.168162
3538001	3539000	3538501	340.0	-0.959346	-0.266566
3539001	3540000	3539501	338.0	-0.958867	-0.275078
3540001	3541000	3540501	430.0	-0.958389	0.072236
3541001	3542000	3541501	455.0	-0.957911	0.153766
3542001	3543000	3542501	472.0	-0.957432	0.206686
3543001	3544000	3543501	426.0	-0.956954	0.058753
3544001	3545000	3544501	426.0	-0.956476	0.058753
3545001	3546000	3545501	405.0	-0.955998	-0.014179
3546001	3547000	3546501	356.0	-0.955519	-0.200224
3547001	3548000	3547501	479.0	-0.955041	0.227925
3548001	3549000	3548501	409.0	-0.954563	0.000000
3549001	3550000	3549501	467.0	-0.954084	0.191322
3550001	3551000	3550501	296.0	-0.953606	-0.466504
3551001	3552000	3551501	367.0	-0.953128	-0.156321
3552001	3553000	3552501	319.0	-0.952650	-0.358544
3553001	3554000	3553501	473.0	-0.952171	0.209739
3554001	3555000	3554501	415.0	-0.951693	0.021010
3555001	3556000	3555501	322.0	-0.951215	-0.345040
3556001	3557000	3556501	349.0	-0.950736	-0.228874
3557001	3558000	3557501	388.0	-0.950258	-0.076044
3558001	3559000	3558501	481.0	-0.949780	0.233936
3559001	3560000	3559501	375.0	-0.949302	-0.125210
3560001	3561000	3560501	462.0	-0.948823	0.175792
3561001	3562000	3561501	553.0	-0.948345	0.435179
3562001	3563000	3562501	521.0	-0.947867	0.349183
3563001	3564000	3563501	401.0	-0.947388	-0.028499
3564001	3565000	3564501	353.0	-0.946910	-0.212433
3565001	3566000	3565501	380.0	-0.946432	-0.106101
3566001	3567000	3566501	359.0	-0.945953	-0.188117
3567001	3568000	3567501	324.0	-0.945475	-0.336107
3568001	3569000	3568501	348.0	-0.944997	-0.233014
3569001	3570000	3569501	440.0	-0.944519	0.105403
3570001	3571000	3570501	415.0	-0.944040	0.021010
3571001	3572000	3571501	396.0	-0.943562	-0.046600
3572001	3573000	3572501	418.0	-0.943084	0.031402
3573001	3574000	3573501	452.0	-0.942605	0.144222
3574001	3575000	3574501	360.0	-0.942127	-0.184104
3575001	3576000	3575501	351.0	-0.941649	-0.220630
3576001	3577000	3576501	423.0	-0.941171	0.048557
3577001	3578000	3577501	460.0	-0.940692	0.169533
3578001	3579000	3578501	444.0	-0.940214	0.118459
3579001	3580000	3579501	395.0	-0.939736	-0.050248
3580001	3581000	3580501	360.0	-0.939257	-0.184104
3581001	3582000	3581501	398.0	-0.938779	-0.039332
3582001	3583000	3582501	350.0	-0.938301	-0.224746
3583001	3584000	3583501	391.0	-0.937823	-0.064932
3584001	3585000	3584501	316.0	-0.937344	-0.372176
3585001	3586000	3585501	382.0	-0.936866	-0.098528
3586001	3587000	3586501	434.0	-0.936388	0.085594
3587001	3588000	3587501	473.0	-0.935909	0.209739
3588001	3589000	3588501	402.0	-0.935431	-0.024905
3589001	3590000	3589501	380.0	-0.934953	-0.106101
3590001	3591000	3590501	367.0	-0.934475	-0.156321
3591001	3592000	3591501	339.0	-0.933996	-0.270816
3592001	3593000	3592501	366.0	-0.933518	-0.160257
3593001	3594000	3593501	371.0	-0.933040	-0.140682
3594001	3595000	3594501	402.0	-0.932561	-0.024905
3595001	3596000	3595501	463.0	-0.932083	0.178911
3596001	3597000	3596501	427.0	-0.931605	0.062135
3597001	3598000	3597501	529.0	-0.931127	0.371167
3598001	3599000	3598501	506.0	-0.930648	0.307037
3599001	3600000	3599501	447.0	-0.930170	0.128174
3600001	3601000	3600501	390.0	-0.929692	-0.068627
3601001	3602000	3601501	332.0	-0.929213	-0.300918
3602001	3603000	3602501	361.0	-0.928735	-0.180102
3603001	3604000	3603501	430.0	-0.928257	0.072236
3604001	3605000	3604501	344.0	-0.927779	-0.249692
3605001	3606000	3605501	308.0	-0.927300	-0.409170
3606001	3607000	3606501	334.0	-0.926822	-0.292253
3607001	3608000	3607501	361.0	-0.926344	-0.180102
3608001	3609000	3608501	333.0	-0.925865	-0.296579
3609001	3610000	3609501	322.0	-0.925387	-0.345040
3610001	3611000	3610501	300.0	-0.924909	-0.447138
3611001	3612000	3611501	272.0	-0.924431	-0.588494
3612001	3613000	3612501	304.0	-0.923952	-0.428030
3613001	3614000	3613501	505.0	-0.923474	0.304183
3614001	3615000	3614501	539.0	-0.922996	0.398184
3615001	3616000	3615501	477.0	-0.922517	0.221888
3616001	3617000	3616501	365.0	-0.922039	-0.164204
3617001	3618000	3617501	376.0	-0.921561	-0.121368
3618001	3619000	3618501	400.0	-0.921083	-0.032101
3619001	3620000	3619501	427.0	-0.920604	0.062135
3620001	3621000	3620501	343.0	-0.920126	-0.253892
3621001	3622000	3621501	451.0	-0.919648	0.141027
3622001	3623000	3622501	459.0	-0.919169	0.166393
3623001	3624000	3623501	403.0	-0.918691	-0.021321
3624001	3625000	3624501	418.0	-0.918213	0.031402
3625001	3626000	3625501	405.0	-0.917735	-0.014179
3626001	3627000	3626501	501.0	-0.917256	0.292710
3627001	3628000	3627501	423.0	-0.916778	0.048557
3628001	3629000	3628501	388.0	-0.916300	-0.076044
3629001	3630000	3629501	383.0	-0.915821	-0.094756
3630001	3631000	3630501	416.0	-0.915343	0.024483
3631001	3632000	3631501	415.0	-0.914865	0.021010
3632001	3633000	3632501	410.0	-0.914387	0.003523
3633001	3634000	3633501	429.0	-0.913908	0.068877
3634001	3635000	3634501	486.0	-0.913430	0.248855
3635001	3636000	3635501	446.0	-0.912952	0.124943
3636001	3637000	3636501	398.0	-0.912473	-0.039332
3637001	3638000	3637501	364.0	-0.911995	-0.168162
3638001	3639000	3638501	389.0	-0.911517	-0.072331
3639001	3640000	3639501	439.0	-0.911038	0.102120
3640001	3641000	3640501	429.0	-0.910560	0.068877
3641001	3642000	3641501	318.0	-0.910082	-0.363074
3642001	3643000	3642501	348.0	-0.909604	-0.233014
3643001	3644000	3643501	357.0	-0.909125	-0.196177
3644001	3645000	3644501	392.0	-0.908647	-0.061247
3645001	3646000	3645501	399.0	-0.908169	-0.035712
3646001	3647000	3646501	452.0	-0.907690	0.144222
3647001	3648000	3647501	393.0	-0.907212	-0.057572
3648001	3649000	3648501	376.0	-0.906734	-0.121368
3649001	3650000	3649501	540.0	-0.906256	0.400859
3650001	3651000	3650501	435.0	-0.905777	0.088915
3651001	3652000	3651501	394.0	-0.905299	-0.053905
3652001	3653000	3652501	383.0	-0.904821	-0.094756
3653001	3654000	3653501	555.0	-0.904342	0.440387
3654001	3655000	3654501	473.0	-0.903864	0.209739
3655001	3656000	3655501	457.0	-0.903386	0.160093
3656001	3657000	3656501	418.0	-0.902908	0.031402
3657001	3658000	3657501	539.0	-0.902429	0.398184
3658001	3659000	3658501	410.0	-0.901951	0.003523
3659001	3660000	3659501	393.0	-0.901473	-0.057572
3660001	3661000	3660501	413.0	-0.900994	0.014041
3661001	3662000	3661501	440.0	-0.900516	0.105403
3662001	3663000	3662501	472.0	-0.900038	0.206686
3663001	3664000	3663501	496.0	-0.899560	0.278239
3664001	3665000	3664501	447.0	-0.899081	0.128174
3665001	3666000	3665501	392.0	-0.898603	-0.061247
3666001	3667000	3666501	499.0	-0.898125	0.286939
3667001	3668000	3667501	440.0	-0.897646	0.105403
3668001	3669000	3668501	356.0	-0.897168	-0.200224
3669001	3670000	3669501	335.0	-0.896690	-0.287940
3670001	3671000	3670501	376.0	-0.896212	-0.121368
3671001	3672000	3671501	443.0	-0.895733	0.115206
3672001	3673000	3672501	393.0	-0.895255	-0.057572
3673001	3674000	3673501	480.0	-0.894777	0.230934
3674001	3675000	3674501	490.0	-0.894298	0.260681
3675001	3676000	3675501	599.0	-0.893820	0.550455
3676001	3677000	3676501	514.0	-0.893342	0.329668
3677001	3678000	3677501	493.0	-0.892864	0.269487
3678001	3679000	3678501	490.0	-0.892385	0.260681
3679001	3680000	3679501	468.0	-0.891907	0.194408
3680001	3681000	3680501	616.0	-0.891429	0.590830
3681001	3682000	3681501	477.0	-0.890950	0.221888
3682001	3683000	3682501	503.0	-0.890472	0.298458
3683001	3684000	3683501	567.0	-0.889994	0.471248
3684001	3685000	3684501	539.0	-0.889516	0.398184
3685001	3686000	3685501	581.0	-0.889037	0.506437
3686001	3687000	3686501	440.0	-0.888559	0.105403
3687001	3688000	3687501	440.0	-0.888081	0.105403
3688001	3689000	3688501	386.0	-0.887602	-0.083500
3689001	3690000	3689501	540.0	-0.887124	0.400859
3690001	3691000	3690501	604.0	-0.886646	0.562448
3691001	3692000	3691501	418.0	-0.886168	0.031402
3692001	3693000	3692501	447.0	-0.885689	0.128174
3693001	3694000	3693501	391.0	-0.885211	-0.064932
3694001	3695000	3694501	504.0	-0.884733	0.301323
3695001	3696000	3695501	525.0	-0.884254	0.360217
3696001	3697000	3696501	502.0	-0.883776	0.295587
3697001	3698000	3697501	455.0	-0.883298	0.153766
3698001	3699000	3698501	423.0	-0.882820	0.048557
3699001	3700000	3699501	522.0	-0.882341	0.351949
3700001	3701000	3700501	465.0	-0.881863	0.185130
3701001	3702000	3701501	385.0	-0.881385	-0.087242
3702001	3703000	3702501	497.0	-0.880906	0.281145
3703001	3704000	3703501	490.0	-0.880428	0.260681
3704001	3705000	3704501	451.0	-0.879950	0.141027
3705001	3706000	3705501	499.0	-0.879472	0.286939
3706001	3707000	3706501	420.0	-0.878993	0.038288
3707001	3708000	3707501	395.0	-0.878515	-0.050248
3708001	3709000	3708501	414.0	-0.878037	0.017530
3709001	3710000	3709501	347.0	-0.877558	-0.237165
3710001	3711000	3710501	360.0	-0.877080	-0.184104
3711001	3712000	3711501	443.0	-0.876602	0.115206
3712001	3713000	3712501	422.0	-0.876123	0.045142
3713001	3714000	3713501	436.0	-0.875645	0.092227
3714001	3715000	3714501	367.0	-0.875167	-0.156321
3715001	3716000	3715501	461.0	-0.874689	0.172666
3716001	3717000	3716501	545.0	-0.874210	0.414155
3717001	3718000	3717501	531.0	-0.873732	0.376611
3718001	3719000	3718501	343.0	-0.873254	-0.253892
3719001	3720000	3719501	466.0	-0.872775	0.188229
3720001	3721000	3720501	363.0	-0.872297	-0.172131
3721001	3722000	3721501	419.0	-0.871819	0.034849
3722001	3723000	3722501	398.0	-0.871341	-0.039332
3723001	3724000	3723501	316.0	-0.870862	-0.372176
3724001	3725000	3724501	414.0	-0.870384	0.017530
3725001	3726000	3725501	416.0	-0.869906	0.024483
3726001	3727000	3726501	365.0	-0.869427	-0.164204
3727001	3728000	3727501	403.0	-0.868949	-0.021321
3728001	3729000	3728501	419.0	-0.868471	0.034849
3729001	3730000	3729501	390.0	-0.867993	-0.068627
3730001	3731000	3730501	354.0	-0.867514	-0.208351
3731001	3732000	3731501	341.0	-0.867036	-0.262329
3732001	3733000	3732501	409.0	-0.866558	0.000000
3733001	3734000	3733501	341.0	-0.866079	-0.262329
3734001	3735000	3734501	392.0	-0.865601	-0.061247
3735001	3736000	3735501	326.0	-0.865123	-0.327229
3736001	3737000	3736501	376.0	-0.864645	-0.121368
3737001	3738000	3737501	355.0	-0.864166	-0.204282
3738001	3739000	3738501	330.0	-0.863688	-0.309635
3739001	3740000	3739501	274.0	-0.863210	-0.577925
3740001	3741000	3740501	431.0	-0.862731	0.075587
3741001	3742000	3741501	475.0	-0.862253	0.215827
3742001	3743000	3742501	446.0	-0.861775	0.124943
3743001	3744000	3743501	426.0	-0.861297	0.058753
3744001	3745000	3744501	318.0	-0.860818	-0.363074
3745001	3746000	3745501	437.0	-0.860340	0.095532
3746001	3747000	3746501	484.0	-0.859862	0.242906
3747001	3748000	3747501	513.0	-0.859383	0.326858
3748001	3749000	3748501	746.0	-0.858905	0.867075
3749001	3750000	3749501	530.0	-0.858427	0.373892
3750001	3751000	3750501	484.0	-0.857949	0.242906
3751001	3752000	3751501	469.0	-0.857470	0.197487
3752001	3753000	3752501	384.0	-0.856992	-0.090995
3753001	3754000	3753501	402.0	-0.856514	-0.024905
3754001	3755000	3754501	388.0	-0.856035	-0.076044
3755001	3756000	3755501	449.0	-0.855557	0.134615
3756001	3757000	3756501	512.0	-0.855079	0.324043
3757001	3758000	3757501	402.0	-0.854601	-0.024905
3758001	3759000	3758501	395.0	-0.854122	-0.050248
3759001	3760000	3759501	405.0	-0.853644	-0.014179
3760001	3761000	3760501	431.0	-0.853166	0.075587
3761001	3762000	3761501	376.0	-0.852687	-0.121368
3762001	3763000	3762501	505.0	-0.852209	0.304183
3763001	3764000	3763501	500.0	-0.851731	0.289827
3764001	3765000	3764501	499.0	-0.851253	0.286939
3765001	3766000	3765501	437.0	-0.850774	0.095532
3766001	3767000	3766501	476.0	-0.850296	0.218861
3767001	3768000	3767501	421.0	-0.849818	0.041719
3768001	3769000	3768501	451.0	-0.849339	0.141027
3769001	3770000	3769501	373.0	-0.848861	-0.132925
3770001	3771000	3770501	439.0	-0.848383	0.102120
3771001	3772000	3771501	482.0	-0.847905	0.236932
3772001	3773000	3772501	425.0	-0.847426	0.055362
3773001	3774000	3773501	484.0	-0.846948	0.242906
3774001	3775000	3774501	458.0	-0.846470	0.163247
3775001	3776000	3775501	394.0	-0.845991	-0.053905
3776001	3777000	3776501	422.0	-0.845513	0.045142
3777001	3778000	3777501	403.0	-0.845035	-0.021321
3778001	3779000	3778501	334.0	-0.844557	-0.292253
3779001	3780000	3779501	408.0	-0.844078	-0.003532
3780001	3781000	3780501	584.0	-0.843600	0.513868
3781001	3782000	3781501	606.0	-0.843122	0.567217
3782001	3783000	3782501	455.0	-0.842643	0.153766
3783001	3784000	3783501	431.0	-0.842165	0.075587
3784001	3785000	3784501	412.0	-0.841687	0.010543
3785001	3786000	3785501	344.0	-0.841208	-0.249692
3786001	3787000	3786501	455.0	-0.840730	0.153766
3787001	3788000	3787501	415.0	-0.840252	0.021010
3788001	3789000	3788501	406.0	-0.839774	-0.010621
3789001	3790000	3789501	378.0	-0.839295	-0.113715
3790001	3791000	3790501	542.0	-0.838817	0.406192
3791001	3792000	3791501	485.0	-0.838339	0.245884
3792001	3793000	3792501	497.0	-0.837860	0.281145
3793001	3794000	3793501	417.0	-0.837382	0.027947
3794001	3795000	3794501	465.0	-0.836904	0.185130
3795001	3796000	3795501	470.0	-0.836426	0.200560
3796001	3797000	3796501	399.0	-0.835947	-0.035712
3797001	3798000	3797501	521.0	-0.835469	0.349183
3798001	3799000	3798501	561.0	-0.834991	0.455900
3799001	3800000	3799501	632.0	-0.834512	0.627824
3800001	3801000	3800501	550.0	-0.834034	0.427331
3801001	3802000	3801501	565.0	-0.833556	0.466150
3802001	3803000	3802501	458.0	-0.833078	0.163247
3803001	3804000	3803501	369.0	-0.832599	-0.148480
3804001	3805000	3804501	358.0	-0.832121	-0.192141
3805001	3806000	3805501	375.0	-0.831643	-0.125210
3806001	3807000	3806501	390.0	-0.831164	-0.068627
3807001	3808000	3807501	377.0	-0.830686	-0.117536
3808001	3809000	3808501	401.0	-0.830208	-0.028499
3809001	3810000	3809501	466.0	-0.829730	0.188229
3810001	3811000	3810501	438.0	-0.829251	0.098830
3811001	3812000	3811501	404.0	-0.828773	-0.017746
3812001	3813000	3812501	429.0	-0.828295	0.068877
3813001	3814000	3813501	407.0	-0.827816	-0.007072
3814001	3815000	3814501	347.0	-0.827338	-0.237165
3815001	3816000	3815501	375.0	-0.826860	-0.125210
3816001	3817000	3816501	365.0	-0.826382	-0.164204
3817001	3818000	3817501	419.0	-0.825903	0.034849
3818001	3819000	3818501	376.0	-0.825425	-0.121368
3819001	3820000	3819501	316.0	-0.824947	-0.372176
3820001	3821000	3820501	357.0	-0.824468	-0.196177
3821001	3822000	3821501	408.0	-0.823990	-0.003532
3822001	3823000	3822501	409.0	-0.823512	0.000000
3823001	3824000	3823501	345.0	-0.823034	-0.245504
3824001	3825000	3824501	457.0	-0.822555	0.160093
3825001	3826000	3825501	403.0	-0.822077	-0.021321
3826001	3827000	3826501	398.0	-0.821599	-0.039332
3827001	3828000	3827501	420.0	-0.821120	0.038288
3828001	3829000	3828501	358.0	-0.820642	-0.192141
3829001	3830000	3829501	450.0	-0.820164	0.137824
3830001	3831000	3830501	424.0	-0.819686	0.051963
3831001	3832000	3831501	362.0	-0.819207	-0.176111
3832001	3833000	3832501	373.0	-0.818729	-0.132925
3833001	3834000	3833501	457.0	-0.818251	0.160093
3834001	3835000	3834501	618.0	-0.817772	0.595506
3835001	3836000	3835501	502.0	-0.817294	0.295587
3836001	3837000	3836501	387.0	-0.816816	-0.079767
3837001	3838000	3837501	556.0	-0.816338	0.442984
3838001	3839000	3838501	557.0	-0.815859	0.445576
3839001	3840000	3839501	520.0	-0.815381	0.346411
3840001	3841000	3840501	426.0	-0.814903	0.058753
3841001	3842000	3841501	497.0	-0.814424	0.281145
3842001	3843000	3842501	534.0	-0.813946	0.384739
3843001	3844000	3843501	711.0	-0.813468	0.797749
3844001	3845000	3844501	521.0	-0.812990	0.349183
3845001	3846000	3845501	439.0	-0.812511	0.102120
3846001	3847000	3846501	595.0	-0.812033	0.540789
3847001	3848000	3847501	337.0	-0.811555	-0.279352
3848001	3849000	3848501	428.0	-0.811076	0.065510
3849001	3850000	3849501	470.0	-0.810598	0.200560
3850001	3851000	3850501	528.0	-0.810120	0.368437
3851001	3852000	3851501	594.0	-0.809642	0.538362
3852001	3853000	3852501	400.0	-0.809163	-0.032101
3853001	3854000	3853501	375.0	-0.808685	-0.125210
3854001	3855000	3854501	393.0	-0.808207	-0.057572
3855001	3856000	3855501	546.0	-0.807728	0.416800
3856001	3857000	3856501	453.0	-0.807250	0.147410
3857001	3858000	3857501	420.0	-0.806772	0.038288
3858001	3859000	3858501	531.0	-0.806294	0.376611
3859001	3860000	3859501	470.0	-0.805815	0.200560
3860001	3861000	3860501	363.0	-0.805337	-0.172131
3861001	3862000	3861501	341.0	-0.804859	-0.262329
3862001	3863000	3862501	421.0	-0.804380	0.041719
3863001	3864000	3863501	554.0	-0.803902	0.437785
3864001	3865000	3864501	453.0	-0.803424	0.147410
3865001	3866000	3865501	442.0	-0.802945	0.111946
3866001	3867000	3866501	403.0	-0.802467	-0.021321
3867001	3868000	3867501	376.0	-0.801989	-0.121368
3868001	3869000	3868501	459.0	-0.801511	0.166393
3869001	3870000	3869501	370.0	-0.801032	-0.144576
3870001	3871000	3870501	357.0	-0.800554	-0.196177
3871001	3872000	3871501	410.0	-0.800076	0.003523
3872001	3873000	3872501	408.0	-0.799597	-0.003532
3873001	3874000	3873501	447.0	-0.799119	0.128174
3874001	3875000	3874501	381.0	-0.798641	-0.102310
3875001	3876000	3875501	486.0	-0.798163	0.248855
3876001	3877000	3876501	449.0	-0.797684	0.134615
3877001	3878000	3877501	495.0	-0.797206	0.275328
3878001	3879000	3878501	474.0	-0.796728	0.212786
3879001	3880000	3879501	368.0	-0.796249	-0.152395
3880001	3881000	3880501	340.0	-0.795771	-0.266566
3881001	3882000	3881501	384.0	-0.795293	-0.090995
3882001	3883000	3882501	414.0	-0.794815	0.017530
3883001	3884000	3883501	417.0	-0.794336	0.027947
3884001	3885000	3884501	384.0	-0.793858	-0.090995
3885001	3886000	3885501	399.0	-0.793380	-0.035712
3886001	3887000	3886501	442.0	-0.792901	0.111946
3887001	3888000	3887501	416.0	-0.792423	0.024483
3888001	3889000	3888501	418.0	-0.791945	0.031402
3889001	3890000	3889501	476.0	-0.791467	0.218861
3890001	3891000	3890501	454.0	-0.790988	0.150591
3891001	3892000	3891501	481.0	-0.790510	0.233936
3892001	3893000	3892501	456.0	-0.790032	0.156933
3893001	3894000	3893501	563.0	-0.789553	0.461034
3894001	3895000	3894501	427.0	-0.789075	0.062135
3895001	3896000	3895501	432.0	-0.788597	0.078930
3896001	3897000	3896501	518.0	-0.788119	0.340851
3897001	3898000	3897501	463.0	-0.787640	0.178911
3898001	3899000	3898501	378.0	-0.787162	-0.113715
3899001	3900000	3899501	387.0	-0.786684	-0.079767
3900001	3901000	3900501	365.0	-0.786205	-0.164204
3901001	3902000	3901501	395.0	-0.785727	-0.050248
3902001	3903000	3902501	419.0	-0.785249	0.034849
3903001	3904000	3903501	482.0	-0.784771	0.236932
3904001	3905000	3904501	453.0	-0.784292	0.147410
3905001	3906000	3905501	450.0	-0.783814	0.137824
3906001	3907000	3906501	448.0	-0.783336	0.131398
3907001	3908000	3907501	388.0	-0.782857	-0.076044
3908001	3909000	3908501	485.0	-0.782379	0.245884
3909001	3910000	3909501	410.0	-0.781901	0.003523
3910001	3911000	3910501	447.0	-0.781423	0.128174
3911001	3912000	3911501	423.0	-0.780944	0.048557
3912001	3913000	3912501	450.0	-0.780466	0.137824
3913001	3914000	3913501	378.0	-0.779988	-0.113715
3914001	3915000	3914501	342.0	-0.779509	-0.258105
3915001	3916000	3915501	386.0	-0.779031	-0.083500
3916001	3917000	3916501	398.0	-0.778553	-0.039332
3917001	3918000	3917501	364.0	-0.778075	-0.168162
3918001	3919000	3918501	367.0	-0.777596	-0.156321
3919001	3920000	3919501	366.0	-0.777118	-0.160257
3920001	3921000	3920501	388.0	-0.776640	-0.076044
3921001	3922000	3921501	326.0	-0.776161	-0.327229
3922001	3923000	3922501	371.0	-0.775683	-0.140682
3923001	3924000	3923501	446.0	-0.775205	0.124943
3924001	3925000	3924501	425.0	-0.774727	0.055362
3925001	3926000	3925501	331.0	-0.774248	-0.305270
3926001	3927000	3926501	370.0	-0.773770	-0.144576
3927001	3928000	3927501	312.0	-0.773292	-0.390555
3928001	3929000	3928501	388.0	-0.772813	-0.076044
3929001	3930000	3929501	401.0	-0.772335	-0.028499
3930001	3931000	3930501	347.0	-0.771857	-0.237165
3931001	3932000	3931501	456.0	-0.771379	0.156933
3932001	3933000	3932501	475.0	-0.770900	0.215827
3933001	3934000	3933501	482.0	-0.770422	0.236932
3934001	3935000	3934501	452.0	-0.769944	0.144222
3935001	3936000	3935501	359.0	-0.769465	-0.188117
3936001	3937000	3936501	399.0	-0.768987	-0.035712
3937001	3938000	3937501	448.0	-0.768509	0.131398
3938001	3939000	3938501	471.0	-0.768030	0.203626
3939001	3940000	3939501	433.0	-0.767552	0.082266
3940001	3941000	3940501	400.0	-0.767074	-0.032101
3941001	3942000	3941501	414.0	-0.766596	0.017530
3942001	3943000	3942501	399.0	-0.766117	-0.035712
3943001	3944000	3943501	471.0	-0.765639	0.203626
3944001	3945000	3944501	360.0	-0.765161	-0.184104
3945001	3946000	3945501	369.0	-0.764682	-0.148480
3946001	3947000	3946501	409.0	-0.764204	0.000000
3947001	3948000	3947501	453.0	-0.763726	0.147410
3948001	3949000	3948501	361.0	-0.763248	-0.180102
3949001	3950000	3949501	396.0	-0.762769	-0.046600
3950001	3951000	3950501	356.0	-0.762291	-0.200224
3951001	3952000	3951501	380.0	-0.761813	-0.106101
3952001	3953000	3952501	439.0	-0.761334	0.102120
3953001	3954000	3953501	357.0	-0.760856	-0.196177
3954001	3955000	3954501	397.0	-0.760378	-0.042962
3955001	3956000	3955501	437.0	-0.759900	0.095532
3956001	3957000	3956501	370.0	-0.759421	-0.144576
3957001	3958000	3957501	439.0	-0.758943	0.102120
3958001	3959000	3958501	481.0	-0.758465	0.233936
3959001	3960000	3959501	417.0	-0.757986	0.027947
3960001	3961000	3960501	510.0	-0.757508	0.318396
3961001	3962000	3961501	381.0	-0.757030	-0.102310
3962001	3963000	3962501	402.0	-0.756552	-0.024905
3963001	3964000	3963501	401.0	-0.756073	-0.028499
3964001	3965000	3964501	441.0	-0.755595	0.108678
3965001	3966000	3965501	436.0	-0.755117	0.092227
3966001	3967000	3966501	428.0	-0.754638	0.065510
3967001	3968000	3967501	405.0	-0.754160	-0.014179
3968001	3969000	3968501	382.0	-0.753682	-0.098528
3969001	3970000	3969501	399.0	-0.753204	-0.035712
3970001	3971000	3970501	444.0	-0.752725	0.118459
3971001	3972000	3971501	383.0	-0.752247	-0.094756
3972001	3973000	3972501	502.0	-0.751769	0.295587
3973001	3974000	3973501	468.0	-0.751290	0.194408
3974001	3975000	3974501	423.0	-0.750812	0.048557
3975001	3976000	3975501	466.0	-0.750334	0.188229
3976001	3977000	3976501	557.0	-0.749856	0.445576
3977001	3978000	3977501	420.0	-0.749377	0.038288
3978001	3979000	3978501	498.0	-0.748899	0.284045
3979001	3980000	3979501	353.0	-0.748421	-0.212433
3980001	3981000	3980501	445.0	-0.747942	0.121704
3981001	3982000	3981501	403.0	-0.747464	-0.021321
3982001	3983000	3982501	418.0	-0.746986	0.031402
3983001	3984000	3983501	372.0	-0.746508	-0.136798
3984001	3985000	3984501	412.0	-0.746029	0.010543
3985001	3986000	3985501	545.0	-0.745551	0.414155
3986001	3987000	3986501	523.0	-0.745073	0.354710
3987001	3988000	3987501	560.0	-0.744594	0.453326
3988001	3989000	3988501	496.0	-0.744116	0.278239
3989001	3990000	3989501	506.0	-0.743638	0.307037
3990001	3991000	3990501	585.0	-0.743160	0.516336
3991001	3992000	3991501	524.0	-0.742681	0.357466
3992001	3993000	3992501	473.0	-0.742203	0.209739
3993001	3994000	3993501	478.0	-0.741725	0.224910
3994001	3995000	3994501	414.0	-0.741246	0.017530
3995001	3996000	3995501	435.0	-0.740768	0.088915
3996001	3997000	3996501	433.0	-0.740290	0.082266
3997001	3998000	3997501	431.0	-0.739812	0.075587
3998001	3999000	3998501	649.0	-0.739333	0.666118
3999001	4000000	3999501	587.0	-0.738855	0.521260
4000001	4001000	4000501	661.0	-0.738377	0.692549
4001001	4002000	4001501	558.0	-0.737898	0.448164
4002001	4003000	4002501	411.0	-0.737420	0.007038
4003001	4004000	4003501	342.0	-0.736942	-0.258105
