window_start	window_end	window_mid	raw_count	norm_position	log2_ratio
1	1000	501	399.0	0.998955	0.239365
1001	2000	1501	299.0	0.999477	-0.176878
2001	3000	2501	356.0	1.000000	0.074854
3001	4000	3501	306.0	-0.999522	-0.143492
4001	5000	4501	286.0	-0.999044	-0.241008
5001	6000	5501	245.0	-0.998565	-0.464241
6001	7000	6501	335.0	-0.998087	-0.012862
7001	8000	7501	387.0	-0.997609	0.195310
8001	9000	8501	386.0	-0.997131	0.191578
9001	10000	9501	420.0	-0.996652	0.313366
10001	11000	10501	343.0	-0.996174	0.021185
11001	12000	11501	352.0	-0.995696	0.058552
12001	13000	12501	297.0	-0.995218	-0.186560
13001	14000	13501	283.0	-0.994739	-0.256221
14001	15000	14501	370.0	-0.994261	0.130502
15001	16000	15501	327.0	-0.993783	-0.047733
16001	17000	16501	332.0	-0.993305	-0.025840
17001	18000	17501	398.0	-0.992826	0.235745
18001	19000	18501	517.0	-0.992348	0.613141
19001	20000	19501	423.0	-0.991870	0.323634
20001	21000	20501	447.0	-0.991392	0.403252
21001	22000	21501	425.0	-0.990913	0.330440
22001	23000	22501	345.0	-0.990435	0.029573
23001	24000	23501	358.0	-0.989957	0.082936
24001	25000	24501	331.0	-0.989479	-0.030192
25001	26000	25501	292.0	-0.989000	-0.211055
26001	27000	26501	311.0	-0.988522	-0.120109
27001	28000	27501	311.0	-0.988044	-0.120109
28001	29000	28501	293.0	-0.987566	-0.206123
29001	30000	29501	272.0	-0.987088	-0.313417
30001	31000	30501	289.0	-0.986609	-0.225954
31001	32000	31501	378.0	-0.986131	0.161363
32001	33000	32501	297.0	-0.985653	-0.186560
33001	34000	33501	402.0	-0.985175	0.250172
34001	35000	34501	491.0	-0.984696	0.538700
35001	36000	35501	328.0	-0.984218	-0.043327
36001	37000	36501	323.0	-0.983740	-0.065489
37001	38000	37501	475.0	-0.983262	0.490904
38001	39000	38501	474.0	-0.982783	0.487864
39001	40000	39501	322.0	-0.982305	-0.069963
40001	41000	40501	309.0	-0.981827	-0.129416
41001	42000	41501	279.0	-0.981349	-0.276758
42001	43000	42501	252.0	-0.980870	-0.423600
43001	44000	43501	320.0	-0.980392	-0.078951
44001	45000	44501	387.0	-0.979914	0.195310
45001	46000	45501	341.0	-0.979436	0.012748
46001	47000	46501	317.0	-0.978957	-0.092540
47001	48000	47501	330.0	-0.978479	-0.034557
48001	49000	48501	374.0	-0.978001	0.146015
49001	50000	49501	430.0	-0.977523	0.347313
50001	51000	50501	326.0	-0.977044	-0.052151
51001	52000	51501	362.0	-0.976566	0.098966
52001	53000	52501	335.0	-0.976088	-0.012862
53001	54000	53501	339.0	-0.975610	0.004262
54001	55000	54501	336.0	-0.975132	-0.008562
55001	56000	55501	348.0	-0.974653	0.042064
56001	57000	56501	392.0	-0.974175	0.213830
57001	58000	57501	328.0	-0.973697	-0.043327
58001	59000	58501	318.0	-0.973219	-0.087996
59001	60000	59501	306.0	-0.972740	-0.143492
60001	61000	60501	296.0	-0.972262	-0.191426
61001	62000	61501	329.0	-0.971784	-0.038936
62001	63000	62501	268.0	-0.971306	-0.334790
63001	64000	63501	306.0	-0.970827	-0.143492
64001	65000	64501	297.0	-0.970349	-0.186560
65001	66000	65501	357.0	-0.969871	0.078901
66001	67000	66501	418.0	-0.969393	0.306480
67001	68000	67501	402.0	-0.968914	0.250172
68001	69000	68501	436.0	-0.968436	0.367305
69001	70000	69501	336.0	-0.967958	-0.008562
70001	71000	70501	309.0	-0.967480	-0.129416
71001	72000	71501	325.0	-0.967001	-0.056584
72001	73000	72501	355.0	-0.966523	0.070796
73001	74000	73501	379.0	-0.966045	0.165175
74001	75000	74501	450.0	-0.965567	0.412902
75001	76000	75501	368.0	-0.965088	0.122683
76001	77000	76501	435.0	-0.964610	0.363992
77001	78000	77501	425.0	-0.964132	0.330440
78001	79000	78501	430.0	-0.963654	0.347313
79001	80000	79501	561.0	-0.963176	0.730978
80001	81000	80501	337.0	-0.962697	-0.004275
81001	82000	81501	389.0	-0.962219	0.202747
82001	83000	82501	277.0	-0.961741	-0.287137
83001	84000	83501	389.0	-0.961263	0.202747
84001	85000	84501	356.0	-0.960784	0.074854
85001	86000	85501	351.0	-0.960306	0.054448
86001	87000	86501	314.0	-0.959828	-0.106259
87001	88000	87501	272.0	-0.959350	-0.313417
88001	89000	88501	296.0	-0.958871	-0.191426
89001	90000	89501	322.0	-0.958393	-0.069963
90001	91000	90501	382.0	-0.957915	0.176549
91001	92000	91501	408.0	-0.957437	0.271546
92001	93000	92501	339.0	-0.956958	0.004262
93001	94000	93501	332.0	-0.956480	-0.025840
94001	95000	94501	316.0	-0.956002	-0.097099
95001	96000	95501	332.0	-0.955524	-0.025840
96001	97000	96501	314.0	-0.955045	-0.106259
97001	98000	97501	284.0	-0.954567	-0.251132
98001	99000	98501	370.0	-0.954089	0.130502
99001	100000	99501	292.0	-0.953611	-0.211055
100001	101000	100501	321.0	-0.953132	-0.074450
101001	102000	101501	352.0	-0.952654	0.058552
102001	103000	102501	353.0	-0.952176	0.062645
103001	104000	103501	314.0	-0.951698	-0.106259
104001	105000	104501	278.0	-0.951220	-0.281938
105001	106000	105501	334.0	-0.950741	-0.017175
106001	107000	106501	324.0	-0.950263	-0.061029
107001	108000	107501	405.0	-0.949785	0.260899
108001	109000	108501	327.0	-0.949307	-0.047733
109001	110000	109501	332.0	-0.948828	-0.025840
110001	111000	110501	407.0	-0.948350	0.268006
111001	112000	111501	362.0	-0.947872	0.098966
112001	113000	112501	291.0	-0.947394	-0.216004
113001	114000	113501	343.0	-0.946915	0.021185
114001	115000	114501	311.0	-0.946437	-0.120109
115001	116000	115501	242.0	-0.945959	-0.482016
116001	117000	116501	247.0	-0.945481	-0.452512
117001	118000	117501	268.0	-0.945002	-0.334790
118001	119000	118501	365.0	-0.944524	0.110873
119001	120000	119501	286.0	-0.944046	-0.241008
120001	121000	120501	258.0	-0.943568	-0.389652
121001	122000	121501	267.0	-0.943089	-0.340184
122001	123000	122501	352.0	-0.942611	0.058552
123001	124000	123501	295.0	-0.942133	-0.196308
124001	125000	124501	345.0	-0.941655	0.029573
125001	126000	125501	312.0	-0.941176	-0.115477
126001	127000	126501	342.0	-0.940698	0.016973
127001	128000	127501	338.0	-0.940220	0.000000
128001	129000	128501	323.0	-0.939742	-0.065489
129001	130000	129501	342.0	-0.939264	0.016973
130001	131000	130501	298.0	-0.938785	-0.181711
131001	132000	131501	286.0	-0.938307	-0.241008
132001	133000	132501	274.0	-0.937829	-0.302847
133001	134000	133501	257.0	-0.937351	-0.395255
134001	135000	134501	301.0	-0.936872	-0.167260
135001	136000	135501	458.0	-0.936394	0.438324
136001	137000	136501	365.0	-0.935916	0.110873
137001	138000	137501	322.0	-0.935438	-0.069963
138001	139000	138501	325.0	-0.934959	-0.056584
139001	140000	139501	258.0	-0.934481	-0.389652
140001	141000	140501	268.0	-0.934003	-0.334790
141001	142000	141501	289.0	-0.933525	-0.225954
142001	143000	142501	346.0	-0.933046	0.033749
143001	144000	143501	321.0	-0.932568	-0.074450
144001	145000	144501	378.0	-0.932090	0.161363
145001	146000	145501	264.0	-0.931612	-0.356485
146001	147000	146501	357.0	-0.931133	0.078901
147001	148000	147501	375.0	-0.930655	0.149867
148001	149000	148501	247.0	-0.930177	-0.452512
149001	150000	149501	180.0	-0.929699	-0.909026
150001	151000	150501	239.0	-0.929220	-0.500013
151001	152000	151501	266.0	-0.928742	-0.345597
152001	153000	152501	233.0	-0.928264	-0.536693
153001	154000	153501	237.0	-0.927786	-0.512136
154001	155000	154501	215.0	-0.927308	-0.652687
155001	156000	155501	254.0	-0.926829	-0.412195
156001	157000	156501	219.0	-0.926351	-0.626092
157001	158000	157501	226.0	-0.925873	-0.580700
158001	159000	158501	239.0	-0.925395	-0.500013
159001	160000	159501	221.0	-0.924916	-0.612977
160001	161000	160501	189.0	-0.924438	-0.838637
161001	162000	161501	252.0	-0.923960	-0.423600
162001	163000	162501	344.0	-0.923482	0.025385
163001	164000	163501	439.0	-0.923003	0.377198
164001	165000	164501	402.0	-0.922525	0.250172
165001	166000	165501	276.0	-0.922047	-0.292355
166001	167000	166501	246.0	-0.921569	-0.458365
167001	168000	167501	267.0	-0.921090	-0.340184
168001	169000	168501	263.0	-0.920612	-0.361960
169001	170000	169501	260.0	-0.920134	-0.378512
170001	171000	170501	312.0	-0.919656	-0.115477
171001	172000	171501	264.0	-0.919177	-0.356485
172001	173000	172501	300.0	-0.918699	-0.172061
173001	174000	173501	275.0	-0.918221	-0.297592
174001	175000	174501	235.0	-0.917743	-0.524362
175001	176000	175501	232.0	-0.917264	-0.542898
176001	177000	176501	252.0	-0.916786	-0.423600
177001	178000	177501	237.0	-0.916308	-0.512136
178001	179000	178501	240.0	-0.915830	-0.493989
179001	180000	179501	202.0	-0.915352	-0.742668
180001	181000	180501	236.0	-0.914873	-0.518236
181001	182000	181501	225.0	-0.914395	-0.587098
182001	183000	182501	220.0	-0.913917	-0.619520
183001	184000	183501	328.0	-0.913439	-0.043327
184001	185000	184501	278.0	-0.912960	-0.281938
185001	186000	185501	275.0	-0.912482	-0.297592
186001	187000	186501	232.0	-0.912004	-0.542898
187001	188000	187501	273.0	-0.911526	-0.308122
188001	189000	188501	314.0	-0.911047	-0.106259
189001	190000	189501	289.0	-0.910569	-0.225954
190001	191000	190501	249.0	-0.910091	-0.440878
191001	192000	191501	216.0	-0.909613	-0.645992
192001	193000	192501	216.0	-0.909134	-0.645992
193001	194000	193501	245.0	-0.908656	-0.464241
194001	195000	194501	247.0	-0.908178	-0.452512
195001	196000	195501	284.0	-0.907700	-0.251132
196001	197000	196501	282.0	-0.907221	-0.261328
197001	198000	197501	305.0	-0.906743	-0.148214
198001	199000	198501	383.0	-0.906265	0.180321
199001	200000	199501	283.0	-0.905787	-0.256221
200001	201000	200501	243.0	-0.905308	-0.476067
201001	202000	201501	276.0	-0.904830	-0.292355
202001	203000	202501	316.0	-0.904352	-0.097099
203001	204000	203501	264.0	-0.903874	-0.356485
204001	205000	204501	263.0	-0.903396	-0.361960
205001	206000	205501	287.0	-0.902917	-0.235973
206001	207000	206501	337.0	-0.902439	-0.004275
207001	208000	207501	288.0	-0.901961	-0.230954
208001	209000	208501	273.0	-0.901483	-0.308122
209001	210000	209501	199.0	-0.901004	-0.764255
210001	211000	210501	297.0	-0.900526	-0.186560
211001	212000	211501	239.0	-0.900048	-0.500013
212001	213000	212501	323.0	-0.899570	-0.065489
213001	214000	213501	246.0	-0.899091	-0.458365
214001	215000	214501	286.0	-0.898613	-0.241008
215001	216000	215501	335.0	-0.898135	-0.012862
216001	217000	216501	325.0	-0.897657	-0.056584
217001	218000	217501	248.0	-0.897178	-0.446683
218001	219000	218501	253.0	-0.896700	-0.417886
219001	220000	219501	257.0	-0.896222	-0.395255
220001	221000	220501	288.0	-0.895744	-0.230954
221001	222000	221501	304.0	-0.895265	-0.152952
222001	223000	222501	425.0	-0.894787	0.330440
223001	224000	223501	383.0	-0.894309	0.180321
224001	225000	224501	451.0	-0.893831	0.416104
225001	226000	225501	335.0	-0.893352	-0.012862
226001	227000	226501	325.0	-0.892874	-0.056584
227001	228000	227501	302.0	-0.892396	-0.162475
228001	229000	228501	315.0	-0.891918	-0.101671
229001	230000	229501	371.0	-0.891440	0.134396
230001	231000	230501	322.0	-0.890961	-0.069963
231001	232000	231501	311.0	-0.890483	-0.120109
232001	233000	232501	374.0	-0.890005	0.146015
233001	234000	233501	415.0	-0.889527	0.296088
234001	235000	234501	288.0	-0.889048	-0.230954
235001	236000	235501	283.0	-0.888570	-0.256221
236001	237000	236501	285.0	-0.888092	-0.246061
237001	238000	237501	311.0	-0.887614	-0.120109
238001	239000	238501	387.0	-0.887135	0.195310
239001	240000	239501	391.0	-0.886657	0.210145
240001	241000	240501	291.0	-0.886179	-0.216004
241001	242000	241501	291.0	-0.885701	-0.216004
242001	243000	242501	268.0	-0.885222	-0.334790
243001	244000	243501	412.0	-0.884744	0.285621
244001	245000	244501	356.0	-0.884266	0.074854
245001	246000	245501	310.0	-0.883788	-0.124755
246001	247000	246501	289.0	-0.883309	-0.225954
247001	248000	247501	332.0	-0.882831	-0.025840
248001	249000	248501	327.0	-0.882353	-0.047733
249001	250000	249501	292.0	-0.881875	-0.211055
250001	251000	250501	288.0	-0.881396	-0.230954
251001	252000	251501	276.0	-0.880918	-0.292355
252001	253000	252501	285.0	-0.880440	-0.246061
253001	254000	253501	222.0	-0.879962	-0.606464
254001	255000	254501	323.0	-0.879484	-0.065489
255001	256000	255501	312.0	-0.879005	-0.115477
256001	257000	256501	289.0	-0.878527	-0.225954
257001	258000	257501	320.0	-0.878049	-0.078951
258001	259000	258501	253.0	-0.877571	-0.417886
259001	260000	259501	342.0	-0.877092	0.016973
260001	261000	260501	355.0	-0.876614	0.070796
261001	262000	261501	311.0	-0.876136	-0.120109
262001	263000	262501	298.0	-0.875658	-0.181711
263001	264000	263501	271.0	-0.875179	-0.318730
264001	265000	264501	283.0	-0.874701	-0.256221
265001	266000	265501	392.0	-0.874223	0.213830
266001	267000	266501	412.0	-0.873745	0.285621
267001	268000	267501	251.0	-0.873266	-0.429336
268001	269000	268501	301.0	-0.872788	-0.167260
269001	270000	269501	253.0	-0.872310	-0.417886
270001	271000	270501	343.0	-0.871832	0.021185
271001	272000	271501	268.0	-0.871353	-0.334790
272001	273000	272501	281.0	-0.870875	-0.266453
273001	274000	273501	329.0	-0.870397	-0.038936
274001	275000	274501	264.0	-0.869919	-0.356485
275001	276000	275501	260.0	-0.869440	-0.378512
276001	277000	276501	311.0	-0.868962	-0.120109
277001	278000	277501	346.0	-0.868484	0.033749
278001	279000	278501	279.0	-0.868006	-0.276758
279001	280000	279501	303.0	-0.867527	-0.157705
280001	281000	280501	287.0	-0.867049	-0.235973
281001	282000	281501	221.0	-0.866571	-0.612977
282001	283000	282501	251.0	-0.866093	-0.429336
283001	284000	283501	289.0	-0.865615	-0.225954
284001	285000	284501	202.0	-0.865136	-0.742668
285001	286000	285501	220.0	-0.864658	-0.619520
286001	287000	286501	239.0	-0.864180	-0.500013
287001	288000	287501	218.0	-0.863702	-0.632695
288001	289000	288501	246.0	-0.863223	-0.458365
289001	290000	289501	302.0	-0.862745	-0.162475
290001	291000	290501	331.0	-0.862267	-0.030192
291001	292000	291501	284.0	-0.861789	-0.251132
292001	293000	292501	287.0	-0.861310	-0.235973
293001	294000	293501	267.0	-0.860832	-0.340184
294001	295000	294501	346.0	-0.860354	0.033749
295001	296000	295501	334.0	-0.859876	-0.017175
296001	297000	296501	389.0	-0.859397	0.202747
297001	298000	297501	422.0	-0.858919	0.320220
298001	299000	298501	291.0	-0.858441	-0.216004
299001	300000	299501	301.0	-0.857963	-0.167260
300001	301000	300501	252.0	-0.857484	-0.423600
301001	302000	301501	220.0	-0.857006	-0.619520
302001	303000	302501	261.0	-0.856528	-0.372973
303001	304000	303501	264.0	-0.856050	-0.356485
304001	305000	304501	296.0	-0.855571	-0.191426
305001	306000	305501	289.0	-0.855093	-0.225954
306001	307000	306501	268.0	-0.854615	-0.334790
307001	308000	307501	263.0	-0.854137	-0.361960
308001	309000	308501	271.0	-0.853659	-0.318730
309001	310000	309501	274.0	-0.853180	-0.302847
310001	311000	310501	218.0	-0.852702	-0.632695
311001	312000	311501	324.0	-0.852224	-0.061029
312001	313000	312501	371.0	-0.851746	0.134396
313001	314000	313501	288.0	-0.851267	-0.230954
314001	315000	314501	276.0	-0.850789	-0.292355
315001	316000	315501	346.0	-0.850311	0.033749
316001	317000	316501	286.0	-0.849833	-0.241008
317001	318000	317501	231.0	-0.849354	-0.549130
318001	319000	318501	247.0	-0.848876	-0.452512
319001	320000	319501	252.0	-0.848398	-0.423600
320001	321000	320501	295.0	-0.847920	-0.196308
321001	322000	321501	304.0	-0.847441	-0.152952
322001	323000	322501	298.0	-0.846963	-0.181711
323001	324000	323501	291.0	-0.846485	-0.216004
324001	325000	324501	272.0	-0.846007	-0.313417
325001	326000	325501	258.0	-0.845528	-0.389652
326001	327000	326501	272.0	-0.845050	-0.313417
327001	328000	327501	275.0	-0.844572	-0.297592
328001	329000	328501	311.0	-0.844094	-0.120109
329001	330000	329501	347.0	-0.843615	0.037912
330001	331000	330501	389.0	-0.843137	0.202747
331001	332000	331501	292.0	-0.842659	-0.211055
332001	333000	332501	279.0	-0.842181	-0.276758
333001	334000	333501	258.0	-0.841703	-0.389652
334001	335000	334501	248.0	-0.841224	-0.446683
335001	336000	335501	285.0	-0.840746	-0.246061
336001	337000	336501	269.0	-0.840268	-0.329417
337001	338000	337501	218.0	-0.839790	-0.632695
338001	339000	338501	303.0	-0.839311	-0.157705
339001	340000	339501	351.0	-0.838833	0.054448
340001	341000	340501	273.0	-0.838355	-0.308122
341001	342000	341501	223.0	-0.837877	-0.599980
342001	343000	342501	219.0	-0.837398	-0.626092
343001	344000	343501	263.0	-0.836920	-0.361960
344001	345000	344501	243.0	-0.836442	-0.476067
345001	346000	345501	210.0	-0.835964	-0.686634
346001	347000	346501	346.0	-0.835485	0.033749
347001	348000	347501	380.0	-0.835007	0.168976
348001	349000	348501	425.0	-0.834529	0.330440
349001	350000	349501	399.0	-0.834051	0.239365
350001	351000	350501	301.0	-0.833572	-0.167260
351001	352000	351501	277.0	-0.833094	-0.287137
352001	353000	352501	233.0	-0.832616	-0.536693
353001	354000	353501	230.0	-0.832138	-0.555389
354001	355000	354501	263.0	-0.831659	-0.361960
355001	356000	355501	249.0	-0.831181	-0.440878
356001	357000	356501	239.0	-0.830703	-0.500013
357001	358000	357501	245.0	-0.830225	-0.464241
358001	359000	358501	307.0	-0.829747	-0.138785
359001	360000	359501	270.0	-0.829268	-0.324064
360001	361000	360501	266.0	-0.828790	-0.345597
361001	362000	361501	262.0	-0.828312	-0.367456
362001	363000	362501	274.0	-0.827834	-0.302847
363001	364000	363501	246.0	-0.827355	-0.458365
364001	365000	364501	293.0	-0.826877	-0.206123
365001	366000	365501	285.0	-0.826399	-0.246061
366001	367000	366501	265.0	-0.825921	-0.351031
367001	368000	367501	264.0	-0.825442	-0.356485
368001	369000	368501	300.0	-0.824964	-0.172061
369001	370000	369501	293.0	-0.824486	-0.206123
370001	371000	370501	266.0	-0.824008	-0.345597
371001	372000	371501	219.0	-0.823529	-0.626092
372001	373000	372501	257.0	-0.823051	-0.395255
373001	374000	373501	308.0	-0.822573	-0.134093
374001	375000	374501	274.0	-0.822095	-0.302847
375001	376000	375501	318.0	-0.821616	-0.087996
376001	377000	376501	314.0	-0.821138	-0.106259
377001	378000	377501	281.0	-0.820660	-0.266453
378001	379000	378501	306.0	-0.820182	-0.143492
379001	380000	379501	264.0	-0.819703	-0.356485
380001	381000	380501	261.0	-0.819225	-0.372973
381001	382000	381501	264.0	-0.818747	-0.356485
382001	383000	382501	396.0	-0.818269	0.228477
383001	384000	383501	377.0	-0.817791	0.157541
384001	385000	384501	248.0	-0.817312	-0.446683
385001	386000	385501	265.0	-0.816834	-0.351031
386001	387000	386501	374.0	-0.816356	0.146015
387001	388000	387501	284.0	-0.815878	-0.251132
388001	389000	388501	295.0	-0.815399	-0.196308
389001	390000	389501	326.0	-0.814921	-0.052151
390001	391000	390501	368.0	-0.814443	0.122683
391001	392000	391501	378.0	-0.813965	0.161363
392001	393000	392501	412.0	-0.813486	0.285621
393001	394000	393501	391.0	-0.813008	0.210145
394001	395000	394501	299.0	-0.812530	-0.176878
395001	396000	395501	363.0	-0.812052	0.102946
396001	397000	396501	261.0	-0.811573	-0.372973
397001	398000	397501	343.0	-0.811095	0.021185
398001	399000	398501	322.0	-0.810617	-0.069963
399001	400000	399501	465.0	-0.810139	0.460207
400001	401000	400501	363.0	-0.809660	0.102946
401001	402000	401501	308.0	-0.809182	-0.134093
402001	403000	402501	303.0	-0.808704	-0.157705
403001	404000	403501	368.0	-0.808226	0.122683
404001	405000	404501	355.0	-0.807747	0.070796
405001	406000	405501	316.0	-0.807269	-0.097099
406001	407000	406501	344.0	-0.806791	0.025385
407001	408000	407501	380.0	-0.806313	0.168976
408001	409000	408501	409.0	-0.805835	0.275078
409001	410000	409501	301.0	-0.805356	-0.167260
410001	411000	410501	274.0	-0.804878	-0.302847
411001	412000	411501	282.0	-0.804400	-0.261328
412001	413000	412501	275.0	-0.803922	-0.297592
413001	414000	413501	312.0	-0.803443	-0.115477
414001	415000	414501	304.0	-0.802965	-0.152952
415001	416000	415501	280.0	-0.802487	-0.271596
416001	417000	416501	292.0	-0.802009	-0.211055
417001	418000	417501	283.0	-0.801530	-0.256221
418001	419000	418501	258.0	-0.801052	-0.389652
419001	420000	419501	240.0	-0.800574	-0.493989
420001	421000	420501	292.0	-0.800096	-0.211055
421001	422000	421501	291.0	-0.799617	-0.216004
422001	423000	422501	277.0	-0.799139	-0.287137
423001	424000	423501	304.0	-0.798661	-0.152952
424001	425000	424501	285.0	-0.798183	-0.246061
425001	426000	425501	254.0	-0.797704	-0.412195
426001	427000	426501	319.0	-0.797226	-0.083467
427001	428000	427501	341.0	-0.796748	0.012748
428001	429000	428501	277.0	-0.796270	-0.287137
429001	430000	429501	237.0	-0.795791	-0.512136
430001	431000	430501	384.0	-0.795313	0.184083
431001	432000	431501	262.0	-0.794835	-0.367456
432001	433000	432501	278.0	-0.794357	-0.281938
433001	434000	433501	271.0	-0.793879	-0.318730
434001	435000	434501	266.0	-0.793400	-0.345597
435001	436000	435501	288.0	-0.792922	-0.230954
436001	437000	436501	339.0	-0.792444	0.004262
437001	438000	437501	279.0	-0.791966	-0.276758
438001	439000	438501	290.0	-0.791487	-0.220970
439001	440000	439501	391.0	-0.791009	0.210145
440001	441000	440501	328.0	-0.790531	-0.043327
441001	442000	441501	301.0	-0.790053	-0.167260
442001	443000	442501	389.0	-0.789574	0.202747
443001	444000	443501	320.0	-0.789096	-0.078951
444001	445000	444501	352.0	-0.788618	0.058552
445001	446000	445501	445.0	-0.788140	0.396782
446001	447000	446501	308.0	-0.787661	-0.134093
447001	448000	447501	280.0	-0.787183	-0.271596
448001	449000	448501	266.0	-0.786705	-0.345597
449001	450000	449501	275.0	-0.786227	-0.297592
450001	451000	450501	287.0	-0.785748	-0.235973
451001	452000	451501	288.0	-0.785270	-0.230954
452001	453000	452501	279.0	-0.784792	-0.276758
453001	454000	453501	275.0	-0.784314	-0.297592
454001	455000	454501	312.0	-0.783835	-0.115477
455001	456000	455501	240.0	-0.783357	-0.493989
456001	457000	456501	325.0	-0.782879	-0.056584
457001	458000	457501	283.0	-0.782401	-0.256221
458001	459000	458501	326.0	-0.781923	-0.052151
459001	460000	459501	349.0	-0.781444	0.046204
460001	461000	460501	264.0	-0.780966	-0.356485
461001	462000	461501	265.0	-0.780488	-0.351031
462001	463000	462501	223.0	-0.780010	-0.599980
463001	464000	463501	294.0	-0.779531	-0.201207
464001	465000	464501	324.0	-0.779053	-0.061029
465001	466000	465501	302.0	-0.778575	-0.162475
466001	467000	466501	272.0	-0.778097	-0.313417
467001	468000	467501	272.0	-0.777618	-0.313417
468001	469000	468501	301.0	-0.777140	-0.167260
469001	470000	469501	304.0	-0.776662	-0.152952
470001	471000	470501	243.0	-0.776184	-0.476067
471001	472000	471501	271.0	-0.775705	-0.318730
472001	473000	472501	257.0	-0.775227	-0.395255
473001	474000	473501	252.0	-0.774749	-0.423600
474001	475000	474501	241.0	-0.774271	-0.487990
475001	476000	475501	229.0	-0.773792	-0.561676
476001	477000	476501	296.0	-0.773314	-0.191426
477001	478000	477501	278.0	-0.772836	-0.281938
478001	479000	478501	255.0	-0.772358	-0.406526
479001	480000	479501	263.0	-0.771879	-0.361960
480001	481000	480501	348.0	-0.771401	0.042064
481001	482000	481501	337.0	-0.770923	-0.004275
482001	483000	482501	356.0	-0.770445	0.074854
483001	484000	483501	325.0	-0.769967	-0.056584
484001	485000	484501	273.0	-0.769488	-0.308122
485001	486000	485501	313.0	-0.769010	-0.110861
486001	487000	486501	301.0	-0.768532	-0.167260
487001	488000	487501	352.0	-0.768054	0.058552
488001	489000	488501	297.0	-0.767575	-0.186560
489001	490000	489501	297.0	-0.767097	-0.186560
490001	491000	490501	345.0	-0.766619	0.029573
491001	492000	491501	393.0	-0.766141	0.217506
492001	493000	492501	347.0	-0.765662	0.037912
493001	494000	493501	300.0	-0.765184	-0.172061
494001	495000	494501	253.0	-0.764706	-0.417886
495001	496000	495501	292.0	-0.764228	-0.211055
496001	497000	496501	333.0	-0.763749	-0.021501
497001	498000	497501	245.0	-0.763271	-0.464241
498001	499000	498501	275.0	-0.762793	-0.297592
499001	500000	499501	277.0	-0.762315	-0.287137
500001	501000	500501	334.0	-0.761836	-0.017175
501001	502000	501501	279.0	-0.761358	-0.276758
502001	503000	502501	284.0	-0.760880	-0.251132
503001	504000	503501	318.0	-0.760402	-0.087996
504001	505000	504501	221.0	-0.759923	-0.612977
505001	506000	505501	272.0	-0.759445	-0.313417
506001	507000	506501	330.0	-0.758967	-0.034557
507001	508000	507501	326.0	-0.758489	-0.052151
508001	509000	508501	331.0	-0.758011	-0.030192
509001	510000	509501	319.0	-0.757532	-0.083467
510001	511000	510501	253.0	-0.757054	-0.417886
511001	512000	511501	261.0	-0.756576	-0.372973
512001	513000	512501	296.0	-0.756098	-0.191426
513001	514000	513501	298.0	-0.755619	-0.181711
514001	515000	514501	351.0	-0.755141	0.054448
515001	516000	515501	302.0	-0.754663	-0.162475
516001	517000	516501	255.0	-0.754185	-0.406526
517001	518000	517501	253.0	-0.753706	-0.417886
518001	519000	518501	268.0	-0.753228	-0.334790
519001	520000	519501	291.0	-0.752750	-0.216004
520001	521000	520501	259.0	-0.752272	-0.384071
521001	522000	521501	349.0	-0.751793	0.046204
522001	523000	522501	390.0	-0.751315	0.206451
523001	524000	523501	296.0	-0.750837	-0.191426
524001	525000	524501	419.0	-0.750359	0.309927
525001	526000	525501	325.0	-0.749880	-0.056584
526001	527000	526501	324.0	-0.749402	-0.061029
527001	528000	527501	297.0	-0.748924	-0.186560
528001	529000	528501	328.0	-0.748446	-0.043327
529001	530000	529501	306.0	-0.747967	-0.143492
530001	531000	530501	348.0	-0.747489	0.042064
531001	532000	531501	305.0	-0.747011	-0.148214
532001	533000	532501	292.0	-0.746533	-0.211055
533001	534000	533501	300.0	-0.746055	-0.172061
534001	535000	534501	364.0	-0.745576	0.106915
535001	536000	535501	349.0	-0.745098	0.046204
536001	537000	536501	385.0	-0.744620	0.187835
537001	538000	537501	407.0	-0.744142	0.268006
538001	539000	538501	403.0	-0.743663	0.253757
539001	540000	539501	416.0	-0.743185	0.299560
540001	541000	540501	300.0	-0.742707	-0.172061
541001	542000	541501	325.0	-0.742229	-0.056584
542001	543000	542501	359.0	-0.741750	0.086961
543001	544000	543501	274.0	-0.741272	-0.302847
544001	545000	544501	243.0	-0.740794	-0.476067
545001	546000	545501	300.0	-0.740316	-0.172061
546001	547000	546501	302.0	-0.739837	-0.162475
547001	548000	547501	494.0	-0.739359	0.547488
548001	549000	548501	459.0	-0.738881	0.441471
549001	550000	549501	480.0	-0.738403	0.506011
550001	551000	550501	288.0	-0.737924	-0.230954
551001	552000	551501	265.0	-0.737446	-0.351031
552001	553000	552501	248.0	-0.736968	-0.446683
553001	554000	553501	339.0	-0.736490	0.004262
554001	555000	554501	283.0	-0.736011	-0.256221
555001	556000	555501	310.0	-0.735533	-0.124755
556001	557000	556501	437.0	-0.735055	0.370610
557001	558000	557501	373.0	-0.734577	0.142152
558001	559000	558501	302.0	-0.734099	-0.162475
559001	560000	559501	291.0	-0.733620	-0.216004
560001	561000	560501	260.0	-0.733142	-0.378512
561001	562000	561501	441.0	-0.732664	0.383755
562001	563000	562501	324.0	-0.732186	-0.061029
563001	564000	563501	270.0	-0.731707	-0.324064
564001	565000	564501	245.0	-0.731229	-0.464241
565001	566000	565501	284.0	-0.730751	-0.251132
566001	567000	566501	276.0	-0.730273	-0.292355
567001	568000	567501	288.0	-0.729794	-0.230954
568001	569000	568501	314.0	-0.729316	-0.106259
569001	570000	569501	286.0	-0.728838	-0.241008
570001	571000	570501	233.0	-0.728360	-0.536693
571001	572000	571501	317.0	-0.727881	-0.092540
572001	573000	572501	316.0	-0.727403	-0.097099
573001	574000	573501	244.0	-0.726925	-0.470142
574001	575000	574501	225.0	-0.726447	-0.587098
575001	576000	575501	298.0	-0.725968	-0.181711
576001	577000	576501	282.0	-0.725490	-0.261328
577001	578000	577501	301.0	-0.725012	-0.167260
578001	579000	578501	266.0	-0.724534	-0.345597
579001	580000	579501	295.0	-0.724055	-0.196308
580001	581000	580501	259.0	-0.723577	-0.384071
581001	582000	581501	237.0	-0.723099	-0.512136
582001	583000	582501	304.0	-0.722621	-0.152952
583001	584000	583501	248.0	-0.722143	-0.446683
584001	585000	584501	244.0	-0.721664	-0.470142
585001	586000	585501	307.0	-0.721186	-0.138785
586001	587000	586501	300.0	-0.720708	-0.172061
587001	588000	587501	283.0	-0.720230	-0.256221
588001	589000	588501	301.0	-0.719751	-0.167260
589001	590000	589501	362.0	-0.719273	0.098966
590001	591000	590501	260.0	-0.718795	-0.378512
591001	592000	591501	233.0	-0.718317	-0.536693
592001	593000	592501	285.0	-0.717838	-0.246061
593001	594000	593501	331.0	-0.717360	-0.030192
594001	595000	594501	283.0	-0.716882	-0.256221
595001	596000	595501	287.0	-0.716404	-0.235973
596001	597000	596501	320.0	-0.715925	-0.078951
597001	598000	597501	305.0	-0.715447	-0.148214
598001	599000	598501	257.0	-0.714969	-0.395255
599001	600000	599501	303.0	-0.714491	-0.157705
600001	601000	600501	276.0	-0.714012	-0.292355
601001	602000	601501	255.0	-0.713534	-0.406526
602001	603000	602501	325.0	-0.713056	-0.056584
603001	604000	603501	289.0	-0.712578	-0.225954
604001	605000	604501	320.0	-0.712099	-0.078951
605001	606000	605501	312.0	-0.711621	-0.115477
606001	607000	606501	345.0	-0.711143	0.029573
607001	608000	607501	290.0	-0.710665	-0.220970
608001	609000	608501	242.0	-0.710187	-0.482016
609001	610000	609501	335.0	-0.709708	-0.012862
610001	611000	610501	321.0	-0.709230	-0.074450
611001	612000	611501	266.0	-0.708752	-0.345597
612001	613000	612501	312.0	-0.708274	-0.115477
613001	614000	613501	286.0	-0.707795	-0.241008
614001	615000	614501	271.0	-0.707317	-0.318730
615001	616000	615501	304.0	-0.706839	-0.152952
616001	617000	616501	274.0	-0.706361	-0.302847
617001	618000	617501	333.0	-0.705882	-0.021501
618001	619000	618501	262.0	-0.705404	-0.367456
619001	620000	619501	222.0	-0.704926	-0.606464
620001	621000	620501	261.0	-0.704448	-0.372973
621001	622000	621501	279.0	-0.703969	-0.276758
622001	623000	622501	358.0	-0.703491	0.082936
623001	624000	623501	261.0	-0.703013	-0.372973
624001	625000	624501	297.0	-0.702535	-0.186560
625001	626000	625501	251.0	-0.702056	-0.429336
626001	627000	626501	323.0	-0.701578	-0.065489
627001	628000	627501	252.0	-0.701100	-0.423600
628001	629000	628501	219.0	-0.700622	-0.626092
629001	630000	629501	285.0	-0.700143	-0.246061
630001	631000	630501	299.0	-0.699665	-0.176878
631001	632000	631501	297.0	-0.699187	-0.186560
632001	633000	632501	290.0	-0.698709	-0.220970
633001	634000	633501	268.0	-0.698231	-0.334790
634001	635000	634501	253.0	-0.697752	-0.417886
635001	636000	635501	269.0	-0.697274	-0.329417
636001	637000	636501	262.0	-0.696796	-0.367456
637001	638000	637501	248.0	-0.696318	-0.446683
638001	639000	638501	260.0	-0.695839	-0.378512
639001	640000	639501	241.0	-0.695361	-0.487990
640001	641000	640501	229.0	-0.694883	-0.561676
641001	642000	641501	242.0	-0.694405	-0.482016
642001	643000	642501	334.0	-0.693926	-0.017175
643001	644000	643501	313.0	-0.693448	-0.110861
644001	645000	644501	327.0	-0.692970	-0.047733
645001	646000	645501	317.0	-0.692492	-0.092540
646001	647000	646501	352.0	-0.692013	0.058552
647001	648000	647501	290.0	-0.691535	-0.220970
648001	649000	648501	325.0	-0.691057	-0.056584
649001	650000	649501	304.0	-0.690579	-0.152952
650001	651000	650501	296.0	-0.690100	-0.191426
651001	652000	651501	310.0	-0.689622	-0.124755
652001	653000	652501	326.0	-0.689144	-0.052151
653001	654000	653501	385.0	-0.688666	0.187835
654001	655000	654501	310.0	-0.688187	-0.124755
655001	656000	655501	251.0	-0.687709	-0.429336
656001	657000	656501	259.0	-0.687231	-0.384071
657001	658000	657501	291.0	-0.686753	-0.216004
658001	659000	658501	319.0	-0.686275	-0.083467
659001	660000	659501	308.0	-0.685796	-0.134093
660001	661000	660501	330.0	-0.685318	-0.034557
661001	662000	661501	300.0	-0.684840	-0.172061
662001	663000	662501	288.0	-0.684362	-0.230954
663001	664000	663501	295.0	-0.683883	-0.196308
664001	665000	664501	318.0	-0.683405	-0.087996
665001	666000	665501	320.0	-0.682927	-0.078951
666001	667000	666501	274.0	-0.682449	-0.302847
667001	668000	667501	253.0	-0.681970	-0.417886
668001	669000	668501	230.0	-0.681492	-0.555389
669001	670000	669501	269.0	-0.681014	-0.329417
670001	671000	670501	224.0	-0.680536	-0.593525
671001	672000	671501	219.0	-0.680057	-0.626092
672001	673000	672501	312.0	-0.679579	-0.115477
673001	674000	673501	319.0	-0.679101	-0.083467
674001	675000	674501	378.0	-0.678623	0.161363
675001	676000	675501	360.0	-0.678144	0.090974
676001	677000	676501	269.0	-0.677666	-0.329417
677001	678000	677501	263.0	-0.677188	-0.361960
678001	679000	678501	240.0	-0.676710	-0.493989
679001	680000	679501	254.0	-0.676231	-0.412195
680001	681000	680501	307.0	-0.675753	-0.138785
681001	682000	681501	335.0	-0.675275	-0.012862
682001	683000	682501	335.0	-0.674797	-0.012862
683001	684000	683501	360.0	-0.674319	0.090974
684001	685000	684501	311.0	-0.673840	-0.120109
685001	686000	685501	372.0	-0.673362	0.138279
686001	687000	686501	260.0	-0.672884	-0.378512
687001	688000	687501	258.0	-0.672406	-0.389652
688001	689000	688501	444.0	-0.671927	0.393536
689001	690000	689501	379.0	-0.671449	0.165175
690001	691000	690501	267.0	-0.670971	-0.340184
691001	692000	691501	273.0	-0.670493	-0.308122
692001	693000	692501	278.0	-0.670014	-0.281938
693001	694000	693501	259.0	-0.669536	-0.384071
694001	695000	694501	322.0	-0.669058	-0.069963
695001	696000	695501	255.0	-0.668580	-0.406526
696001	697000	696501	281.0	-0.668101	-0.266453
697001	698000	697501	260.0	-0.667623	-0.378512
698001	699000	698501	359.0	-0.667145	0.086961
699001	700000	699501	278.0	-0.666667	-0.281938
700001	701000	700501	275.0	-0.666188	-0.297592
701001	702000	701501	256.0	-0.665710	-0.400879
702001	703000	702501	262.0	-0.665232	-0.367456
703001	704000	703501	281.0	-0.664754	-0.266453
704001	705000	704501	229.0	-0.664275	-0.561676
705001	706000	705501	270.0	-0.663797	-0.324064
706001	707000	706501	334.0	-0.663319	-0.017175
707001	708000	707501	387.0	-0.662841	0.195310
708001	709000	708501	334.0	-0.662363	-0.017175
709001	710000	709501	235.0	-0.661884	-0.524362
710001	711000	710501	278.0	-0.661406	-0.281938
711001	712000	711501	347.0	-0.660928	0.037912
712001	713000	712501	272.0	-0.660450	-0.313417
713001	714000	713501	239.0	-0.659971	-0.500013
714001	715000	714501	285.0	-0.659493	-0.246061
715001	716000	715501	333.0	-0.659015	-0.021501
716001	717000	716501	368.0	-0.658537	0.122683
717001	718000	717501	350.0	-0.658058	0.050332
718001	719000	718501	264.0	-0.657580	-0.356485
719001	720000	719501	233.0	-0.657102	-0.536693
720001	721000	720501	311.0	-0.656624	-0.120109
721001	722000	721501	354.0	-0.656145	0.066726
722001	723000	722501	354.0	-0.655667	0.066726
723001	724000	723501	266.0	-0.655189	-0.345597
724001	725000	724501	302.0	-0.654711	-0.162475
725001	726000	725501	331.0	-0.654232	-0.030192
726001	727000	726501	349.0	-0.653754	0.046204
727001	728000	727501	315.0	-0.653276	-0.101671
728001	729000	728501	295.0	-0.652798	-0.196308
729001	730000	729501	313.0	-0.652319	-0.110861
730001	731000	730501	302.0	-0.651841	-0.162475
731001	732000	731501	275.0	-0.651363	-0.297592
732001	733000	732501	269.0	-0.650885	-0.329417
733001	734000	733501	294.0	-0.650407	-0.201207
734001	735000	734501	261.0	-0.649928	-0.372973
735001	736000	735501	285.0	-0.649450	-0.246061
736001	737000	736501	360.0	-0.648972	0.090974
737001	738000	737501	268.0	-0.648494	-0.334790
738001	739000	738501	272.0	-0.648015	-0.313417
739001	740000	739501	342.0	-0.647537	0.016973
740001	741000	740501	400.0	-0.647059	0.242977
741001	742000	741501	328.0	-0.646581	-0.043327
742001	743000	742501	329.0	-0.646102	-0.038936
743001	744000	743501	334.0	-0.645624	-0.017175
744001	745000	744501	274.0	-0.645146	-0.302847
745001	746000	745501	321.0	-0.644668	-0.074450
746001	747000	746501	357.0	-0.644189	0.078901
747001	748000	747501	373.0	-0.643711	0.142152
748001	749000	748501	379.0	-0.643233	0.165175
749001	750000	749501	374.0	-0.642755	0.146015
750001	751000	750501	267.0	-0.642276	-0.340184
751001	752000	751501	235.0	-0.641798	-0.524362
752001	753000	752501	257.0	-0.641320	-0.395255
753001	754000	753501	246.0	-0.640842	-0.458365
754001	755000	754501	317.0	-0.640363	-0.092540
755001	756000	755501	325.0	-0.639885	-0.056584
756001	757000	756501	371.0	-0.639407	0.134396
757001	758000	757501	328.0	-0.638929	-0.043327
758001	759000	758501	247.0	-0.638451	-0.452512
759001	760000	759501	272.0	-0.637972	-0.313417
760001	761000	760501	314.0	-0.637494	-0.106259
761001	762000	761501	292.0	-0.637016	-0.211055
762001	763000	762501	274.0	-0.636538	-0.302847
763001	764000	763501	349.0	-0.636059	0.046204
764001	765000	764501	344.0	-0.635581	0.025385
765001	766000	765501	273.0	-0.635103	-0.308122
766001	767000	766501	400.0	-0.634625	0.242977
767001	768000	767501	336.0	-0.634146	-0.008562
768001	769000	768501	266.0	-0.633668	-0.345597
769001	770000	769501	332.0	-0.633190	-0.025840
770001	771000	770501	278.0	-0.632712	-0.281938
771001	772000	771501	329.0	-0.632233	-0.038936
772001	773000	772501	351.0	-0.631755	0.054448
773001	774000	773501	293.0	-0.631277	-0.206123
774001	775000	774501	247.0	-0.630799	-0.452512
775001	776000	775501	283.0	-0.630320	-0.256221
776001	777000	776501	279.0	-0.629842	-0.276758
777001	778000	777501	286.0	-0.629364	-0.241008
778001	779000	778501	274.0	-0.628886	-0.302847
779001	780000	779501	319.0	-0.628407	-0.083467
780001	781000	780501	269.0	-0.627929	-0.329417
781001	782000	781501	245.0	-0.627451	-0.464241
782001	783000	782501	275.0	-0.626973	-0.297592
783001	784000	783501	316.0	-0.626495	-0.097099
784001	785000	784501	289.0	-0.626016	-0.225954
785001	786000	785501	309.0	-0.625538	-0.129416
786001	787000	786501	272.0	-0.625060	-0.313417
787001	788000	787501	298.0	-0.624582	-0.181711
788001	789000	788501	335.0	-0.624103	-0.012862
789001	790000	789501	298.0	-0.623625	-0.181711
790001	791000	790501	263.0	-0.623147	-0.361960
791001	792000	791501	252.0	-0.622669	-0.423600
792001	793000	792501	311.0	-0.622190	-0.120109
793001	794000	793501	328.0	-0.621712	-0.043327
794001	795000	794501	318.0	-0.621234	-0.087996
795001	796000	795501	377.0	-0.620756	0.157541
796001	797000	796501	251.0	-0.620277	-0.429336
797001	798000	797501	333.0	-0.619799	-0.021501
798001	799000	798501	356.0	-0.619321	0.074854
799001	800000	799501	283.0	-0.618843	-0.256221
800001	801000	800501	304.0	-0.618364	-0.152952
801001	802000	801501	376.0	-0.617886	0.153709
802001	803000	802501	297.0	-0.617408	-0.186560
803001	804000	803501	263.0	-0.616930	-0.361960
804001	805000	804501	248.0	-0.616451	-0.446683
805001	806000	805501	327.0	-0.615973	-0.047733
806001	807000	806501	275.0	-0.615495	-0.297592
807001	808000	807501	335.0	-0.615017	-0.012862
808001	809000	808501	277.0	-0.614538	-0.287137
809001	810000	809501	265.0	-0.614060	-0.351031
810001	811000	810501	408.0	-0.613582	0.271546
811001	812000	811501	353.0	-0.613104	0.062645
812001	813000	812501	343.0	-0.612626	0.021185
813001	814000	813501	307.0	-0.612147	-0.138785
814001	815000	814501	291.0	-0.611669	-0.216004
815001	816000	815501	338.0	-0.611191	0.000000
816001	817000	816501	357.0	-0.610713	0.078901
817001	818000	817501	349.0	-0.610234	0.046204
818001	819000	818501	261.0	-0.609756	-0.372973
819001	820000	819501	240.0	-0.609278	-0.493989
820001	821000	820501	306.0	-0.608800	-0.143492
821001	822000	821501	250.0	-0.608321	-0.435095
822001	823000	822501	308.0	-0.607843	-0.134093
823001	824000	823501	334.0	-0.607365	-0.017175
824001	825000	824501	315.0	-0.606887	-0.101671
825001	826000	825501	253.0	-0.606408	-0.417886
826001	827000	826501	325.0	-0.605930	-0.056584
827001	828000	827501	298.0	-0.605452	-0.181711
828001	829000	828501	283.0	-0.604974	-0.256221
829001	830000	829501	320.0	-0.604495	-0.078951
830001	831000	830501	386.0	-0.604017	0.191578
831001	832000	831501	318.0	-0.603539	-0.087996
832001	833000	832501	303.0	-0.603061	-0.157705
833001	834000	833501	302.0	-0.602582	-0.162475
834001	835000	834501	298.0	-0.602104	-0.181711
835001	836000	835501	416.0	-0.601626	0.299560
836001	837000	836501	376.0	-0.601148	0.153709
837001	838000	837501	309.0	-0.600670	-0.129416
838001	839000	838501	254.0	-0.600191	-0.412195
839001	840000	839501	282.0	-0.599713	-0.261328
840001	841000	840501	278.0	-0.599235	-0.281938
841001	842000	841501	338.0	-0.598757	0.000000
842001	843000	842501	273.0	-0.598278	-0.308122
843001	844000	843501	312.0	-0.597800	-0.115477
844001	845000	844501	325.0	-0.597322	-0.056584
845001	846000	845501	299.0	-0.596844	-0.176878
846001	847000	846501	311.0	-0.596365	-0.120109
847001	848000	847501	358.0	-0.595887	0.082936
848001	849000	848501	336.0	-0.595409	-0.008562
849001	850000	849501	328.0	-0.594931	-0.043327
850001	851000	850501	281.0	-0.594452	-0.266453
851001	852000	851501	344.0	-0.593974	0.025385
852001	853000	852501	293.0	-0.593496	-0.206123
853001	854000	853501	326.0	-0.593018	-0.052151
854001	855000	854501	291.0	-0.592539	-0.216004
855001	856000	855501	319.0	-0.592061	-0.083467
856001	857000	856501	359.0	-0.591583	0.086961
857001	858000	857501	365.0	-0.591105	0.110873
858001	859000	858501	306.0	-0.590626	-0.143492
859001	860000	859501	344.0	-0.590148	0.025385
860001	861000	860501	313.0	-0.589670	-0.110861
861001	862000	861501	323.0	-0.589192	-0.065489
862001	863000	862501	297.0	-0.588714	-0.186560
863001	864000	863501	338.0	-0.588235	0.000000
864001	865000	864501	357.0	-0.587757	0.078901
865001	866000	865501	322.0	-0.587279	-0.069963
866001	867000	866501	330.0	-0.586801	-0.034557
867001	868000	867501	362.0	-0.586322	0.098966
868001	869000	868501	422.0	-0.585844	0.320220
869001	870000	869501	277.0	-0.585366	-0.287137
870001	871000	870501	297.0	-0.584888	-0.186560
871001	872000	871501	299.0	-0.584409	-0.176878
872001	873000	872501	346.0	-0.583931	0.033749
873001	874000	873501	330.0	-0.583453	-0.034557
874001	875000	874501	302.0	-0.582975	-0.162475
875001	876000	875501	490.0	-0.582496	0.535759
876001	877000	876501	539.0	-0.582018	0.673262
877001	878000	877501	392.0	-0.581540	0.213830
878001	879000	878501	338.0	-0.581062	0.000000
879001	880000	879501	366.0	-0.580583	0.114820
880001	881000	880501	338.0	-0.580105	0.000000
881001	882000	881501	310.0	-0.579627	-0.124755
882001	883000	882501	381.0	-0.579149	0.172768
883001	884000	883501	274.0	-0.578670	-0.302847
884001	885000	884501	314.0	-0.578192	-0.106259
885001	886000	885501	300.0	-0.577714	-0.172061
886001	887000	886501	326.0	-0.577236	-0.052151
887001	888000	887501	353.0	-0.576758	0.062645
888001	889000	888501	262.0	-0.576279	-0.367456
889001	890000	889501	352.0	-0.575801	0.058552
890001	891000	890501	410.0	-0.575323	0.278601
891001	892000	891501	306.0	-0.574845	-0.143492
892001	893000	892501	315.0	-0.574366	-0.101671
893001	894000	893501	307.0	-0.573888	-0.138785
894001	895000	894501	305.0	-0.573410	-0.148214
895001	896000	895501	238.0	-0.572932	-0.506062
896001	897000	896501	314.0	-0.572453	-0.106259
897001	898000	897501	253.0	-0.571975	-0.417886
898001	899000	898501	254.0	-0.571497	-0.412195
899001	900000	899501	275.0	-0.571019	-0.297592
900001	901000	900501	305.0	-0.570540	-0.148214
901001	902000	901501	258.0	-0.570062	-0.389652
902001	903000	902501	280.0	-0.569584	-0.271596
903001	904000	903501	349.0	-0.569106	0.046204
904001	905000	904501	284.0	-0.568627	-0.251132
905001	906000	905501	273.0	-0.568149	-0.308122
906001	907000	906501	292.0	-0.567671	-0.211055
907001	908000	907501	337.0	-0.567193	-0.004275
908001	909000	908501	276.0	-0.566714	-0.292355
909001	910000	909501	255.0	-0.566236	-0.406526
910001	911000	910501	253.0	-0.565758	-0.417886
911001	912000	911501	346.0	-0.565280	0.033749
912001	913000	912501	353.0	-0.564802	0.062645
913001	914000	913501	298.0	-0.564323	-0.181711
914001	915000	914501	283.0	-0.563845	-0.256221
915001	916000	915501	261.0	-0.563367	-0.372973
916001	917000	916501	310.0	-0.562889	-0.124755
917001	918000	917501	296.0	-0.562410	-0.191426
918001	919000	918501	371.0	-0.561932	0.134396
919001	920000	919501	358.0	-0.561454	0.082936
920001	921000	920501	353.0	-0.560976	0.062645
921001	922000	921501	359.0	-0.560497	0.086961
922001	923000	922501	462.0	-0.560019	0.450870
923001	924000	923501	405.0	-0.559541	0.260899
924001	925000	924501	312.0	-0.559063	-0.115477
925001	926000	925501	356.0	-0.558584	0.074854
926001	927000	926501	364.0	-0.558106	0.106915
927001	928000	927501	340.0	-0.557628	0.008511
928001	929000	928501	300.0	-0.557150	-0.172061
929001	930000	929501	338.0	-0.556671	0.000000
930001	931000	930501	301.0	-0.556193	-0.167260
931001	932000	931501	306.0	-0.555715	-0.143492
932001	933000	932501	295.0	-0.555237	-0.196308
933001	934000	933501	356.0	-0.554758	0.074854
934001	935000	934501	346.0	-0.554280	0.033749
935001	936000	935501	273.0	-0.553802	-0.308122
936001	937000	936501	317.0	-0.553324	-0.092540
937001	938000	937501	326.0	-0.552846	-0.052151
938001	939000	938501	297.0	-0.552367	-0.186560
939001	940000	939501	268.0	-0.551889	-0.334790
940001	941000	940501	237.0	-0.551411	-0.512136
941001	942000	941501	285.0	-0.550933	-0.246061
942001	943000	942501	300.0	-0.550454	-0.172061
943001	944000	943501	302.0	-0.549976	-0.162475
944001	945000	944501	296.0	-0.549498	-0.191426
945001	946000	945501	308.0	-0.549020	-0.134093
946001	947000	946501	258.0	-0.548541	-0.389652
947001	948000	947501	238.0	-0.548063	-0.506062
948001	949000	948501	226.0	-0.547585	-0.580700
949001	950000	949501	244.0	-0.547107	-0.470142
950001	951000	950501	248.0	-0.546628	-0.446683
951001	952000	951501	269.0	-0.546150	-0.329417
952001	953000	952501	360.0	-0.545672	0.090974
953001	954000	953501	444.0	-0.545194	0.393536
954001	955000	954501	424.0	-0.544715	0.327041
955001	956000	955501	347.0	-0.544237	0.037912
956001	957000	956501	351.0	-0.543759	0.054448
957001	958000	957501	293.0	-0.543281	-0.206123
958001	959000	958501	292.0	-0.542802	-0.211055
959001	960000	959501	248.0	-0.542324	-0.446683
960001	961000	960501	287.0	-0.541846	-0.235973
961001	962000	961501	330.0	-0.541368	-0.034557
962001	963000	962501	301.0	-0.540890	-0.167260
963001	964000	963501	307.0	-0.540411	-0.138785
964001	965000	964501	338.0	-0.539933	0.000000
965001	966000	965501	320.0	-0.539455	-0.078951
966001	967000	966501	327.0	-0.538977	-0.047733
967001	968000	967501	328.0	-0.538498	-0.043327
968001	969000	968501	170.0	-0.538020	-0.991489
969001	970000	969501	213.0	-0.537542	-0.666170
970001	971000	970501	336.0	-0.537064	-0.008562
971001	972000	971501	287.0	-0.536585	-0.235973
972001	973000	972501	326.0	-0.536107	-0.052151
973001	974000	973501	317.0	-0.535629	-0.092540
974001	975000	974501	302.0	-0.535151	-0.162475
975001	976000	975501	437.0	-0.534672	0.370610
976001	977000	976501	436.0	-0.534194	0.367305
977001	978000	977501	401.0	-0.533716	0.246579
978001	979000	978501	399.0	-0.533238	0.239365
979001	980000	979501	402.0	-0.532759	0.250172
980001	981000	980501	311.0	-0.532281	-0.120109
981001	982000	981501	266.0	-0.531803	-0.345597
982001	983000	982501	317.0	-0.531325	-0.092540
983001	984000	983501	290.0	-0.530846	-0.220970
984001	985000	984501	314.0	-0.530368	-0.106259
985001	986000	985501	377.0	-0.529890	0.157541
986001	987000	986501	333.0	-0.529412	-0.021501
987001	988000	987501	297.0	-0.528934	-0.186560
988001	989000	988501	361.0	-0.528455	0.094976
989001	990000	989501	339.0	-0.527977	0.004262
990001	991000	990501	331.0	-0.527499	-0.030192
991001	992000	991501	380.0	-0.527021	0.168976
992001	993000	992501	346.0	-0.526542	0.033749
993001	994000	993501	353.0	-0.526064	0.062645
994001	995000	994501	316.0	-0.525586	-0.097099
995001	996000	995501	332.0	-0.525108	-0.025840
996001	997000	996501	306.0	-0.524629	-0.143492
997001	998000	997501	265.0	-0.524151	-0.351031
998001	999000	998501	286.0	-0.523673	-0.241008
999001	1000000	999501	276.0	-0.523195	-0.292355
1000001	1001000	1000501	393.0	-0.522716	0.217506
1001001	1002000	1001501	347.0	-0.522238	0.037912
1002001	1003000	1002501	257.0	-0.521760	-0.395255
1003001	1004000	1003501	361.0	-0.521282	0.094976
1004001	1005000	1004501	342.0	-0.520803	0.016973
1005001	1006000	1005501	233.0	-0.520325	-0.536693
1006001	1007000	1006501	315.0	-0.519847	-0.101671
1007001	1008000	1007501	355.0	-0.519369	0.070796
1008001	1009000	1008501	289.0	-0.518890	-0.225954
1009001	1010000	1009501	299.0	-0.518412	-0.176878
1010001	1011000	1010501	345.0	-0.517934	0.029573
1011001	1012000	1011501	370.0	-0.517456	0.130502
1012001	1013000	1012501	354.0	-0.516978	0.066726
1013001	1014000	1013501	319.0	-0.516499	-0.083467
1014001	1015000	1014501	286.0	-0.516021	-0.241008
1015001	1016000	1015501	338.0	-0.515543	0.000000
1016001	1017000	1016501	263.0	-0.515065	-0.361960
1017001	1018000	1017501	268.0	-0.514586	-0.334790
1018001	1019000	1018501	260.0	-0.514108	-0.378512
1019001	1020000	1019501	310.0	-0.513630	-0.124755
1020001	1021000	1020501	311.0	-0.513152	-0.120109
1021001	1022000	1021501	274.0	-0.512673	-0.302847
1022001	1023000	1022501	276.0	-0.512195	-0.292355
1023001	1024000	1023501	262.0	-0.511717	-0.367456
1024001	1025000	1024501	323.0	-0.511239	-0.065489
1025001	1026000	1025501	232.0	-0.510760	-0.542898
1026001	1027000	1026501	338.0	-0.510282	0.000000
1027001	1028000	1027501	326.0	-0.509804	-0.052151
1028001	1029000	1028501	453.0	-0.509326	0.422488
1029001	1030000	1029501	398.0	-0.508847	0.235745
1030001	1031000	1030501	357.0	-0.508369	0.078901
1031001	1032000	1031501	489.0	-0.507891	0.532811
1032001	1033000	1032501	557.0	-0.507413	0.720654
1033001	1034000	1033501	511.0	-0.506934	0.596300
1034001	1035000	1034501	383.0	-0.506456	0.180321
1035001	1036000	1035501	456.0	-0.505978	0.432011
1036001	1037000	1036501	405.0	-0.505500	0.260899
1037001	1038000	1037501	311.0	-0.505022	-0.120109
1038001	1039000	1038501	337.0	-0.504543	-0.004275
1039001	1040000	1039501	259.0	-0.504065	-0.384071
1040001	1041000	1040501	291.0	-0.503587	-0.216004
1041001	1042000	1041501	425.0	-0.503109	0.330440
1042001	1043000	1042501	403.0	-0.502630	0.253757
1043001	1044000	1043501	267.0	-0.502152	-0.340184
1044001	1045000	1044501	337.0	-0.501674	-0.004275
1045001	1046000	1045501	325.0	-0.501196	-0.056584
1046001	1047000	1046501	340.0	-0.500717	0.008511
1047001	1048000	1047501	290.0	-0.500239	-0.220970
1048001	1049000	1048501	304.0	-0.499761	-0.152952
1049001	1050000	1049501	322.0	-0.499283	-0.069963
1050001	1051000	1050501	297.0	-0.498804	-0.186560
1051001	1052000	1051501	293.0	-0.498326	-0.206123
1052001	1053000	1052501	318.0	-0.497848	-0.087996
1053001	1054000	1053501	349.0	-0.497370	0.046204
1054001	1055000	1054501	306.0	-0.496891	-0.143492
1055001	1056000	1055501	326.0	-0.496413	-0.052151
1056001	1057000	1056501	305.0	-0.495935	-0.148214
1057001	1058000	1057501	366.0	-0.495457	0.114820
1058001	1059000	1058501	376.0	-0.494978	0.153709
1059001	1060000	1059501	431.0	-0.494500	0.350665
1060001	1061000	1060501	287.0	-0.494022	-0.235973
1061001	1062000	1061501	320.0	-0.493544	-0.078951
1062001	1063000	1062501	338.0	-0.493066	0.000000
1063001	1064000	1063501	361.0	-0.492587	0.094976
1064001	1065000	1064501	328.0	-0.492109	-0.043327
1065001	1066000	1065501	306.0	-0.491631	-0.143492
1066001	1067000	1066501	374.0	-0.491153	0.146015
1067001	1068000	1067501	318.0	-0.490674	-0.087996
1068001	1069000	1068501	289.0	-0.490196	-0.225954
1069001	1070000	1069501	329.0	-0.489718	-0.038936
1070001	1071000	1070501	376.0	-0.489240	0.153709
1071001	1072000	1071501	409.0	-0.488761	0.275078
1072001	1073000	1072501	351.0	-0.488283	0.054448
1073001	1074000	1073501	302.0	-0.487805	-0.162475
1074001	1075000	1074501	335.0	-0.487327	-0.012862
1075001	1076000	1075501	337.0	-0.486848	-0.004275
1076001	1077000	1076501	306.0	-0.486370	-0.143492
1077001	1078000	1077501	324.0	-0.485892	-0.061029
1078001	1079000	1078501	335.0	-0.485414	-0.012862
1079001	1080000	1079501	313.0	-0.484935	-0.110861
1080001	1081000	1080501	288.0	-0.484457	-0.230954
1081001	1082000	1081501	355.0	-0.483979	0.070796
1082001	1083000	1082501	338.0	-0.483501	0.000000
1083001	1084000	1083501	326.0	-0.483022	-0.052151
1084001	1085000	1084501	366.0	-0.482544	0.114820
1085001	1086000	1085501	363.0	-0.482066	0.102946
1086001	1087000	1086501	346.0	-0.481588	0.033749
1087001	1088000	1087501	353.0	-0.481110	0.062645
1088001	1089000	1088501	426.0	-0.480631	0.333830
1089001	1090000	1089501	339.0	-0.480153	0.004262
1090001	1091000	1090501	308.0	-0.479675	-0.134093
1091001	1092000	1091501	293.0	-0.479197	-0.206123
1092001	1093000	1092501	298.0	-0.478718	-0.181711
1093001	1094000	1093501	342.0	-0.478240	0.016973
1094001	1095000	1094501	345.0	-0.477762	0.029573
1095001	1096000	1095501	306.0	-0.477284	-0.143492
1096001	1097000	1096501	313.0	-0.476805	-0.110861
1097001	1098000	1097501	266.0	-0.476327	-0.345597
1098001	1099000	1098501	310.0	-0.475849	-0.124755
1099001	1100000	1099501	481.0	-0.475371	0.509014
1100001	1101000	1100501	433.0	-0.474892	0.357344
1101001	1102000	1101501	395.0	-0.474414	0.224829
1102001	1103000	1102501	369.0	-0.473936	0.126598
1103001	1104000	1103501	431.0	-0.473458	0.350665
1104001	1105000	1104501	338.0	-0.472979	0.000000
1105001	1106000	1105501	319.0	-0.472501	-0.083467
1106001	1107000	1106501	326.0	-0.472023	-0.052151
1107001	1108000	1107501	296.0	-0.471545	-0.191426
1108001	1109000	1108501	320.0	-0.471066	-0.078951
1109001	1110000	1109501	212.0	-0.470588	-0.672959
1110001	1111000	1110501	232.0	-0.470110	-0.542898
1111001	1112000	1111501	297.0	-0.469632	-0.186560
1112001	1113000	1112501	313.0	-0.469154	-0.110861
1113001	1114000	1113501	377.0	-0.468675	0.157541
1114001	1115000	1114501	360.0	-0.468197	0.090974
1115001	1116000	1115501	279.0	-0.467719	-0.276758
1116001	1117000	1116501	329.0	-0.467241	-0.038936
1117001	1118000	1117501	419.0	-0.466762	0.309927
1118001	1119000	1118501	303.0	-0.466284	-0.157705
1119001	1120000	1119501	305.0	-0.465806	-0.148214
1120001	1121000	1120501	330.0	-0.465328	-0.034557
1121001	1122000	1121501	487.0	-0.464849	0.526899
1122001	1123000	1122501	391.0	-0.464371	0.210145
1123001	1124000	1123501	320.0	-0.463893	-0.078951
1124001	1125000	1124501	282.0	-0.463415	-0.261328
1125001	1126000	1125501	266.0	-0.462936	-0.345597
1126001	1127000	1126501	297.0	-0.462458	-0.186560
1127001	1128000	1127501	313.0	-0.461980	-0.110861
1128001	1129000	1128501	344.0	-0.461502	0.025385
1129001	1130000	1129501	376.0	-0.461023	0.153709
1130001	1131000	1130501	366.0	-0.460545	0.114820
1131001	1132000	1131501	305.0	-0.460067	-0.148214
1132001	1133000	1132501	321.0	-0.459589	-0.074450
1133001	1134000	1133501	258.0	-0.459110	-0.389652
1134001	1135000	1134501	336.0	-0.458632	-0.008562
1135001	1136000	1135501	279.0	-0.458154	-0.276758
1136001	1137000	1136501	310.0	-0.457676	-0.124755
1137001	1138000	1137501	355.0	-0.457198	0.070796
1138001	1139000	1138501	334.0	-0.456719	-0.017175
1139001	1140000	1139501	356.0	-0.456241	0.074854
1140001	1141000	1140501	394.0	-0.455763	0.221172
1141001	1142000	1141501	296.0	-0.455285	-0.191426
1142001	1143000	1142501	310.0	-0.454806	-0.124755
1143001	1144000	1143501	335.0	-0.454328	-0.012862
1144001	1145000	1144501	309.0	-0.453850	-0.129416
1145001	1146000	1145501	301.0	-0.453372	-0.167260
1146001	1147000	1146501	306.0	-0.452893	-0.143492
1147001	1148000	1147501	348.0	-0.452415	0.042064
1148001	1149000	1148501	274.0	-0.451937	-0.302847
1149001	1150000	1149501	300.0	-0.451459	-0.172061
1150001	1151000	1150501	279.0	-0.450980	-0.276758
1151001	1152000	1151501	260.0	-0.450502	-0.378512
1152001	1153000	1152501	312.0	-0.450024	-0.115477
1153001	1154000	1153501	399.0	-0.449546	0.239365
1154001	1155000	1154501	260.0	-0.449067	-0.378512
1155001	1156000	1155501	335.0	-0.448589	-0.012862
1156001	1157000	1156501	383.0	-0.448111	0.180321
1157001	1158000	1157501	267.0	-0.447633	-0.340184
1158001	1159000	1158501	336.0	-0.447154	-0.008562
1159001	1160000	1159501	332.0	-0.446676	-0.025840
1160001	1161000	1160501	321.0	-0.446198	-0.074450
1161001	1162000	1161501	330.0	-0.445720	-0.034557
1162001	1163000	1162501	410.0	-0.445242	0.278601
1163001	1164000	1163501	369.0	-0.444763	0.126598
1164001	1165000	1164501	408.0	-0.444285	0.271546
1165001	1166000	1165501	328.0	-0.443807	-0.043327
1166001	1167000	1166501	343.0	-0.443329	0.021185
1167001	1168000	1167501	403.0	-0.442850	0.253757
1168001	1169000	1168501	333.0	-0.442372	-0.021501
1169001	1170000	1169501	358.0	-0.441894	0.082936
1170001	1171000	1170501	286.0	-0.441416	-0.241008
1171001	1172000	1171501	259.0	-0.440937	-0.384071
1172001	1173000	1172501	335.0	-0.440459	-0.012862
1173001	1174000	1173501	323.0	-0.439981	-0.065489
1174001	1175000	1174501	376.0	-0.439503	0.153709
1175001	1176000	1175501	300.0	-0.439024	-0.172061
1176001	1177000	1176501	334.0	-0.438546	-0.017175
1177001	1178000	1177501	377.0	-0.438068	0.157541
1178001	1179000	1178501	345.0	-0.437590	0.029573
1179001	1180000	1179501	341.0	-0.437111	0.012748
1180001	1181000	1180501	327.0	-0.436633	-0.047733
1181001	1182000	1181501	326.0	-0.436155	-0.052151
1182001	1183000	1182501	337.0	-0.435677	-0.004275
1183001	1184000	1183501	339.0	-0.435198	0.004262
1184001	1185000	1184501	282.0	-0.434720	-0.261328
1185001	1186000	1185501	343.0	-0.434242	0.021185
1186001	1187000	1186501	343.0	-0.433764	0.021185
1187001	1188000	1187501	353.0	-0.433286	0.062645
1188001	1189000	1188501	315.0	-0.432807	-0.101671
1189001	1190000	1189501	338.0	-0.432329	0.000000
1190001	1191000	1190501	284.0	-0.431851	-0.251132
1191001	1192000	1191501	299.0	-0.431373	-0.176878
1192001	1193000	1192501	278.0	-0.430894	-0.281938
1193001	1194000	1193501	263.0	-0.430416	-0.361960
1194001	1195000	1194501	280.0	-0.429938	-0.271596
1195001	1196000	1195501	293.0	-0.429460	-0.206123
1196001	1197000	1196501	280.0	-0.428981	-0.271596
1197001	1198000	1197501	312.0	-0.428503	-0.115477
1198001	1199000	1198501	342.0	-0.428025	0.016973
1199001	1200000	1199501	412.0	-0.427547	0.285621
1200001	1201000	1200501	388.0	-0.427068	0.199033
1201001	1202000	1201501	511.0	-0.426590	0.596300
1202001	1203000	1202501	411.0	-0.426112	0.282115
1203001	1204000	1203501	345.0	-0.425634	0.029573
1204001	1205000	1204501	340.0	-0.425155	0.008511
1205001	1206000	1205501	360.0	-0.424677	0.090974
1206001	1207000	1206501	308.0	-0.424199	-0.134093
1207001	1208000	1207501	420.0	-0.423721	0.313366
1208001	1209000	1208501	297.0	-0.423242	-0.186560
1209001	1210000	1209501	268.0	-0.422764	-0.334790
1210001	1211000	1210501	345.0	-0.422286	0.029573
1211001	1212000	1211501	335.0	-0.421808	-0.012862
1212001	1213000	1212501	367.0	-0.421330	0.118757
1213001	1214000	1213501	382.0	-0.420851	0.176549
1214001	1215000	1214501	332.0	-0.420373	-0.025840
1215001	1216000	1215501	326.0	-0.419895	-0.052151
1216001	1217000	1216501	348.0	-0.419417	0.042064
1217001	1218000	1217501	332.0	-0.418938	-0.025840
1218001	1219000	1218501	348.0	-0.418460	0.042064
1219001	1220000	1219501	346.0	-0.417982	0.033749
1220001	1221000	1220501	364.0	-0.417504	0.106915
1221001	1222000	1221501	424.0	-0.417025	0.327041
1222001	1223000	1222501	303.0	-0.416547	-0.157705
1223001	1224000	1223501	295.0	-0.416069	-0.196308
1224001	1225000	1224501	387.0	-0.415591	0.195310
1225001	1226000	1225501	376.0	-0.415112	0.153709
1226001	1227000	1226501	285.0	-0.414634	-0.246061
1227001	1228000	1227501	317.0	-0.414156	-0.092540
1228001	1229000	1228501	288.0	-0.413678	-0.230954
1229001	1230000	1229501	370.0	-0.413199	0.130502
1230001	1231000	1230501	368.0	-0.412721	0.122683
1231001	1232000	1231501	296.0	-0.412243	-0.191426
1232001	1233000	1232501	288.0	-0.411765	-0.230954
1233001	1234000	1233501	291.0	-0.411286	-0.216004
1234001	1235000	1234501	336.0	-0.410808	-0.008562
1235001	1236000	1235501	339.0	-0.410330	0.004262
1236001	1237000	1236501	303.0	-0.409852	-0.157705
1237001	1238000	1237501	433.0	-0.409374	0.357344
1238001	1239000	1238501	374.0	-0.408895	0.146015
1239001	1240000	1239501	347.0	-0.408417	0.037912
1240001	1241000	1240501	329.0	-0.407939	-0.038936
1241001	1242000	1241501	278.0	-0.407461	-0.281938
1242001	1243000	1242501	317.0	-0.406982	-0.092540
1243001	1244000	1243501	268.0	-0.406504	-0.334790
1244001	1245000	1244501	345.0	-0.406026	0.029573
1245001	1246000	1245501	305.0	-0.405548	-0.148214
1246001	1247000	1246501	393.0	-0.405069	0.217506
1247001	1248000	1247501	264.0	-0.404591	-0.356485
1248001	1249000	1248501	349.0	-0.404113	0.046204
1249001	1250000	1249501	290.0	-0.403635	-0.220970
1250001	1251000	1250501	253.0	-0.403156	-0.417886
1251001	1252000	1251501	346.0	-0.402678	0.033749
1252001	1253000	1252501	328.0	-0.402200	-0.043327
1253001	1254000	1253501	314.0	-0.401722	-0.106259
1254001	1255000	1254501	351.0	-0.401243	0.054448
1255001	1256000	1255501	365.0	-0.400765	0.110873
1256001	1257000	1256501	322.0	-0.400287	-0.069963
1257001	1258000	1257501	373.0	-0.399809	0.142152
1258001	1259000	1258501	352.0	-0.399330	0.058552
1259001	1260000	1259501	262.0	-0.398852	-0.367456
1260001	1261000	1260501	367.0	-0.398374	0.118757
1261001	1262000	1261501	351.0	-0.397896	0.054448
1262001	1263000	1262501	367.0	-0.397418	0.118757
1263001	1264000	1263501	361.0	-0.396939	0.094976
1264001	1265000	1264501	347.0	-0.396461	0.037912
1265001	1266000	1265501	340.0	-0.395983	0.008511
1266001	1267000	1266501	379.0	-0.395505	0.165175
1267001	1268000	1267501	388.0	-0.395026	0.199033
1268001	1269000	1268501	317.0	-0.394548	-0.092540
1269001	1270000	1269501	302.0	-0.394070	-0.162475
1270001	1271000	1270501	271.0	-0.393592	-0.318730
1271001	1272000	1271501	287.0	-0.393113	-0.235973
1272001	1273000	1272501	331.0	-0.392635	-0.030192
1273001	1274000	1273501	359.0	-0.392157	0.086961
1274001	1275000	1274501	304.0	-0.391679	-0.152952
1275001	1276000	1275501	301.0	-0.391200	-0.167260
1276001	1277000	1276501	348.0	-0.390722	0.042064
1277001	1278000	1277501	344.0	-0.390244	0.025385
1278001	1279000	1278501	353.0	-0.389766	0.062645
1279001	1280000	1279501	314.0	-0.389287	-0.106259
1280001	1281000	1280501	287.0	-0.388809	-0.235973
1281001	1282000	1281501	330.0	-0.388331	-0.034557
1282001	1283000	1282501	332.0	-0.387853	-0.025840
1283001	1284000	1283501	351.0	-0.387374	0.054448
1284001	1285000	1284501	298.0	-0.386896	-0.181711
1285001	1286000	1285501	296.0	-0.386418	-0.191426
1286001	1287000	1286501	277.0	-0.385940	-0.287137
1287001	1288000	1287501	307.0	-0.385462	-0.138785
1288001	1289000	1288501	309.0	-0.384983	-0.129416
1289001	1290000	1289501	351.0	-0.384505	0.054448
1290001	1291000	1290501	309.0	-0.384027	-0.129416
1291001	1292000	1291501	381.0	-0.383549	0.172768
1292001	1293000	1292501	365.0	-0.383070	0.110873
1293001	1294000	1293501	291.0	-0.382592	-0.216004
1294001	1295000	1294501	298.0	-0.382114	-0.181711
1295001	1296000	1295501	412.0	-0.381636	0.285621
1296001	1297000	1296501	342.0	-0.381157	0.016973
1297001	1298000	1297501	300.0	-0.380679	-0.172061
1298001	1299000	1298501	330.0	-0.380201	-0.034557
1299001	1300000	1299501	334.0	-0.379723	-0.017175
1300001	1301000	1300501	300.0	-0.379244	-0.172061
1301001	1302000	1301501	248.0	-0.378766	-0.446683
1302001	1303000	1302501	327.0	-0.378288	-0.047733
1303001	1304000	1303501	340.0	-0.377810	0.008511
1304001	1305000	1304501	291.0	-0.377331	-0.216004
1305001	1306000	1305501	253.0	-0.376853	-0.417886
1306001	1307000	1306501	307.0	-0.376375	-0.138785
1307001	1308000	1307501	327.0	-0.375897	-0.047733
1308001	1309000	1308501	342.0	-0.375418	0.016973
1309001	1310000	1309501	332.0	-0.374940	-0.025840
1310001	1311000	1310501	304.0	-0.374462	-0.152952
1311001	1312000	1311501	270.0	-0.373984	-0.324064
1312001	1313000	1312501	305.0	-0.373505	-0.148214
1313001	1314000	1313501	310.0	-0.373027	-0.124755
1314001	1315000	1314501	315.0	-0.372549	-0.101671
1315001	1316000	1315501	249.0	-0.372071	-0.440878
1316001	1317000	1316501	294.0	-0.371593	-0.201207
1317001	1318000	1317501	538.0	-0.371114	0.670583
1318001	1319000	1318501	573.0	-0.370636	0.761512
1319001	1320000	1319501	423.0	-0.370158	0.323634
1320001	1321000	1320501	295.0	-0.369680	-0.196308
1321001	1322000	1321501	298.0	-0.369201	-0.181711
1322001	1323000	1322501	334.0	-0.368723	-0.017175
1323001	1324000	1323501	351.0	-0.368245	0.054448
1324001	1325000	1324501	389.0	-0.367767	0.202747
1325001	1326000	1325501	319.0	-0.367288	-0.083467
1326001	1327000	1326501	331.0	-0.366810	-0.030192
1327001	1328000	1327501	311.0	-0.366332	-0.120109
1328001	1329000	1328501	284.0	-0.365854	-0.251132
1329001	1330000	1329501	349.0	-0.365375	0.046204
1330001	1331000	1330501	387.0	-0.364897	0.195310
1331001	1332000	1331501	396.0	-0.364419	0.228477
1332001	1333000	1332501	523.0	-0.363941	0.629788
1333001	1334000	1333501	502.0	-0.363462	0.570664
1334001	1335000	1334501	457.0	-0.362984	0.435171
1335001	1336000	1335501	586.0	-0.362506	0.793877
1336001	1337000	1336501	452.0	-0.362028	0.419300
1337001	1338000	1337501	439.0	-0.361549	0.377198
1338001	1339000	1338501	561.0	-0.361071	0.730978
1339001	1340000	1339501	408.0	-0.360593	0.271546
1340001	1341000	1340501	385.0	-0.360115	0.187835
1341001	1342000	1341501	341.0	-0.359637	0.012748
1342001	1343000	1342501	408.0	-0.359158	0.271546
1343001	1344000	1343501	362.0	-0.358680	0.098966
1344001	1345000	1344501	307.0	-0.358202	-0.138785
1345001	1346000	1345501	323.0	-0.357724	-0.065489
1346001	1347000	1346501	283.0	-0.357245	-0.256221
1347001	1348000	1347501	320.0	-0.356767	-0.078951
1348001	1349000	1348501	290.0	-0.356289	-0.220970
1349001	1350000	1349501	307.0	-0.355811	-0.138785
1350001	1351000	1350501	361.0	-0.355332	0.094976
1351001	1352000	1351501	331.0	-0.354854	-0.030192
1352001	1353000	1352501	416.0	-0.354376	0.299560
1353001	1354000	1353501	288.0	-0.353898	-0.230954
1354001	1355000	1354501	295.0	-0.353419	-0.196308
1355001	1356000	1355501	263.0	-0.352941	-0.361960
1356001	1357000	1356501	346.0	-0.352463	0.033749
1357001	1358000	1357501	433.0	-0.351985	0.357344
1358001	1359000	1358501	387.0	-0.351506	0.195310
1359001	1360000	1359501	473.0	-0.351028	0.484817
1360001	1361000	1360501	379.0	-0.350550	0.165175
1361001	1362000	1361501	473.0	-0.350072	0.484817
1362001	1363000	1362501	440.0	-0.349593	0.380480
1363001	1364000	1363501	370.0	-0.349115	0.130502
1364001	1365000	1364501	334.0	-0.348637	-0.017175
1365001	1366000	1365501	363.0	-0.348159	0.102946
1366001	1367000	1366501	418.0	-0.347681	0.306480
1367001	1368000	1367501	318.0	-0.347202	-0.087996
1368001	1369000	1368501	343.0	-0.346724	0.021185
1369001	1370000	1369501	325.0	-0.346246	-0.056584
1370001	1371000	1370501	340.0	-0.345768	0.008511
1371001	1372000	1371501	321.0	-0.345289	-0.074450
1372001	1373000	1372501	286.0	-0.344811	-0.241008
1373001	1374000	1373501	296.0	-0.344333	-0.191426
1374001	1375000	1374501	341.0	-0.343855	0.012748
1375001	1376000	1375501	342.0	-0.343376	0.016973
1376001	1377000	1376501	399.0	-0.342898	0.239365
1377001	1378000	1377501	376.0	-0.342420	0.153709
1378001	1379000	1378501	360.0	-0.341942	0.090974
1379001	1380000	1379501	356.0	-0.341463	0.074854
1380001	1381000	1380501	395.0	-0.340985	0.224829
1381001	1382000	1381501	422.0	-0.340507	0.320220
1382001	1383000	1382501	432.0	-0.340029	0.354008
1383001	1384000	1383501	461.0	-0.339550	0.447744
1384001	1385000	1384501	289.0	-0.339072	-0.225954
1385001	1386000	1385501	288.0	-0.338594	-0.230954
1386001	1387000	1386501	380.0	-0.338116	0.168976
1387001	1388000	1387501	335.0	-0.337637	-0.012862
1388001	1389000	1388501	320.0	-0.337159	-0.078951
1389001	1390000	1389501	356.0	-0.336681	0.074854
1390001	1391000	1390501	319.0	-0.336203	-0.083467
1391001	1392000	1391501	362.0	-0.335725	0.098966
1392001	1393000	1392501	398.0	-0.335246	0.235745
1393001	1394000	1393501	399.0	-0.334768	0.239365
1394001	1395000	1394501	469.0	-0.334290	0.472565
1395001	1396000	1395501	445.0	-0.333812	0.396782
1396001	1397000	1396501	360.0	-0.333333	0.090974
1397001	1398000	1397501	300.0	-0.332855	-0.172061
1398001	1399000	1398501	396.0	-0.332377	0.228477
1399001	1400000	1399501	377.0	-0.331899	0.157541
1400001	1401000	1400501	368.0	-0.331420	0.122683
1401001	1402000	1401501	409.0	-0.330942	0.275078
1402001	1403000	1402501	500.0	-0.330464	0.564905
1403001	1404000	1403501	463.0	-0.329986	0.453989
1404001	1405000	1404501	439.0	-0.329507	0.377198
1405001	1406000	1405501	374.0	-0.329029	0.146015
1406001	1407000	1406501	300.0	-0.328551	-0.172061
1407001	1408000	1407501	358.0	-0.328073	0.082936
1408001	1409000	1408501	404.0	-0.327594	0.257332
1409001	1410000	1409501	341.0	-0.327116	0.012748
1410001	1411000	1410501	434.0	-0.326638	0.360672
1411001	1412000	1411501	437.0	-0.326160	0.370610
1412001	1413000	1412501	357.0	-0.325681	0.078901
1413001	1414000	1413501	366.0	-0.325203	0.114820
1414001	1415000	1414501	354.0	-0.324725	0.066726
1415001	1416000	1415501	268.0	-0.324247	-0.334790
1416001	1417000	1416501	318.0	-0.323769	-0.087996
1417001	1418000	1417501	305.0	-0.323290	-0.148214
1418001	1419000	1418501	296.0	-0.322812	-0.191426
1419001	1420000	1419501	319.0	-0.322334	-0.083467
1420001	1421000	1420501	328.0	-0.321856	-0.043327
1421001	1422000	1421501	352.0	-0.321377	0.058552
1422001	1423000	1422501	321.0	-0.320899	-0.074450
1423001	1424000	1423501	290.0	-0.320421	-0.220970
1424001	1425000	1424501	356.0	-0.319943	0.074854
1425001	1426000	1425501	401.0	-0.319464	0.246579
1426001	1427000	1426501	345.0	-0.318986	0.029573
1427001	1428000	1427501	303.0	-0.318508	-0.157705
1428001	1429000	1428501	355.0	-0.318030	0.070796
1429001	1430000	1429501	302.0	-0.317551	-0.162475
1430001	1431000	1430501	306.0	-0.317073	-0.143492
1431001	1432000	1431501	326.0	-0.316595	-0.052151
1432001	1433000	1432501	320.0	-0.316117	-0.078951
1433001	1434000	1433501	310.0	-0.315638	-0.124755
1434001	1435000	1434501	314.0	-0.315160	-0.106259
1435001	1436000	1435501	346.0	-0.314682	0.033749
1436001	1437000	1436501	367.0	-0.314204	0.118757
1437001	1438000	1437501	360.0	-0.313725	0.090974
1438001	1439000	1438501	288.0	-0.313247	-0.230954
1439001	1440000	1439501	306.0	-0.312769	-0.143492
1440001	1441000	1440501	487.0	-0.312291	0.526899
1441001	1442000	1441501	333.0	-0.311813	-0.021501
1442001	1443000	1442501	404.0	-0.311334	0.257332
1443001	1444000	1443501	396.0	-0.310856	0.228477
1444001	1445000	1444501	360.0	-0.310378	0.090974
1445001	1446000	1445501	312.0	-0.309900	-0.115477
1446001	1447000	1446501	373.0	-0.309421	0.142152
1447001	1448000	1447501	355.0	-0.308943	0.070796
1448001	1449000	1448501	344.0	-0.308465	0.025385
1449001	1450000	1449501	342.0	-0.307987	0.016973
1450001	1451000	1450501	341.0	-0.307508	0.012748
1451001	1452000	1451501	341.0	-0.307030	0.012748
1452001	1453000	1452501	347.0	-0.306552	0.037912
1453001	1454000	1453501	313.0	-0.306074	-0.110861
1454001	1455000	1454501	301.0	-0.305595	-0.167260
1455001	1456000	1455501	359.0	-0.305117	0.086961
1456001	1457000	1456501	356.0	-0.304639	0.074854
1457001	1458000	1457501	336.0	-0.304161	-0.008562
1458001	1459000	1458501	330.0	-0.303682	-0.034557
1459001	1460000	1459501	337.0	-0.303204	-0.004275
1460001	1461000	1460501	381.0	-0.302726	0.172768
1461001	1462000	1461501	328.0	-0.302248	-0.043327
1462001	1463000	1462501	312.0	-0.301769	-0.115477
1463001	1464000	1463501	367.0	-0.301291	0.118757
1464001	1465000	1464501	441.0	-0.300813	0.383755
1465001	1466000	1465501	494.0	-0.300335	0.547488
1466001	1467000	1466501	392.0	-0.299857	0.213830
1467001	1468000	1467501	422.0	-0.299378	0.320220
1468001	1469000	1468501	400.0	-0.298900	0.242977
1469001	1470000	1469501	369.0	-0.298422	0.126598
1470001	1471000	1470501	306.0	-0.297944	-0.143492
1471001	1472000	1471501	347.0	-0.297465	0.037912
1472001	1473000	1472501	299.0	-0.296987	-0.176878
1473001	1474000	1473501	311.0	-0.296509	-0.120109
1474001	1475000	1474501	360.0	-0.296031	0.090974
1475001	1476000	1475501	488.0	-0.295552	0.529858
1476001	1477000	1476501	418.0	-0.295074	0.306480
1477001	1478000	1477501	352.0	-0.294596	0.058552
1478001	1479000	1478501	373.0	-0.294118	0.142152
1479001	1480000	1479501	415.0	-0.293639	0.296088
1480001	1481000	1480501	353.0	-0.293161	0.062645
1481001	1482000	1481501	361.0	-0.292683	0.094976
1482001	1483000	1482501	328.0	-0.292205	-0.043327
1483001	1484000	1483501	269.0	-0.291726	-0.329417
1484001	1485000	1484501	292.0	-0.291248	-0.211055
1485001	1486000	1485501	269.0	-0.290770	-0.329417
1486001	1487000	1486501	359.0	-0.290292	0.086961
1487001	1488000	1487501	341.0	-0.289813	0.012748
1488001	1489000	1488501	300.0	-0.289335	-0.172061
1489001	1490000	1489501	326.0	-0.288857	-0.052151
1490001	1491000	1490501	286.0	-0.288379	-0.241008
1491001	1492000	1491501	308.0	-0.287901	-0.134093
1492001	1493000	1492501	275.0	-0.287422	-0.297592
1493001	1494000	1493501	232.0	-0.286944	-0.542898
1494001	1495000	1494501	323.0	-0.286466	-0.065489
1495001	1496000	1495501	288.0	-0.285988	-0.230954
1496001	1497000	1496501	301.0	-0.285509	-0.167260
1497001	1498000	1497501	343.0	-0.285031	0.021185
1498001	1499000	1498501	312.0	-0.284553	-0.115477
1499001	1500000	1499501	282.0	-0.284075	-0.261328
1500001	1501000	1500501	350.0	-0.283596	0.050332
1501001	1502000	1501501	333.0	-0.283118	-0.021501
1502001	1503000	1502501	343.0	-0.282640	0.021185
1503001	1504000	1503501	408.0	-0.282162	0.271546
1504001	1505000	1504501	324.0	-0.281683	-0.061029
1505001	1506000	1505501	327.0	-0.281205	-0.047733
1506001	1507000	1506501	346.0	-0.280727	0.033749
1507001	1508000	1507501	361.0	-0.280249	0.094976
1508001	1509000	1508501	328.0	-0.279770	-0.043327
1509001	1510000	1509501	341.0	-0.279292	0.012748
1510001	1511000	1510501	384.0	-0.278814	0.184083
1511001	1512000	1511501	301.0	-0.278336	-0.167260
1512001	1513000	1512501	292.0	-0.277857	-0.211055
1513001	1514000	1513501	340.0	-0.277379	0.008511
1514001	1515000	1514501	309.0	-0.276901	-0.129416
1515001	1516000	1515501	313.0	-0.276423	-0.110861
1516001	1517000	1516501	316.0	-0.275945	-0.097099
1517001	1518000	1517501	334.0	-0.275466	-0.017175
1518001	1519000	1518501	341.0	-0.274988	0.012748
1519001	1520000	1519501	325.0	-0.274510	-0.056584
1520001	1521000	1520501	281.0	-0.274032	-0.266453
1521001	1522000	1521501	328.0	-0.273553	-0.043327
1522001	1523000	1522501	360.0	-0.273075	0.090974
1523001	1524000	1523501	290.0	-0.272597	-0.220970
1524001	1525000	1524501	326.0	-0.272119	-0.052151
1525001	1526000	1525501	311.0	-0.271640	-0.120109
1526001	1527000	1526501	274.0	-0.271162	-0.302847
1527001	1528000	1527501	342.0	-0.270684	0.016973
1528001	1529000	1528501	385.0	-0.270206	0.187835
1529001	1530000	1529501	371.0	-0.269727	0.134396
1530001	1531000	1530501	319.0	-0.269249	-0.083467
1531001	1532000	1531501	327.0	-0.268771	-0.047733
1532001	1533000	1532501	355.0	-0.268293	0.070796
1533001	1534000	1533501	358.0	-0.267814	0.082936
1534001	1535000	1534501	354.0	-0.267336	0.066726
1535001	1536000	1535501	368.0	-0.266858	0.122683
1536001	1537000	1536501	394.0	-0.266380	0.221172
1537001	1538000	1537501	390.0	-0.265901	0.206451
1538001	1539000	1538501	337.0	-0.265423	-0.004275
1539001	1540000	1539501	285.0	-0.264945	-0.246061
1540001	1541000	1540501	299.0	-0.264467	-0.176878
1541001	1542000	1541501	487.0	-0.263989	0.526899
1542001	1543000	1542501	526.0	-0.263510	0.638040
1543001	1544000	1543501	422.0	-0.263032	0.320220
1544001	1545000	1544501	395.0	-0.262554	0.224829
1545001	1546000	1545501	349.0	-0.262076	0.046204
1546001	1547000	1546501	349.0	-0.261597	0.046204
1547001	1548000	1547501	345.0	-0.261119	0.029573
1548001	1549000	1548501	404.0	-0.260641	0.257332
1549001	1550000	1549501	383.0	-0.260163	0.180321
1550001	1551000	1550501	290.0	-0.259684	-0.220970
1551001	1552000	1551501	328.0	-0.259206	-0.043327
1552001	1553000	1552501	274.0	-0.258728	-0.302847
1553001	1554000	1553501	289.0	-0.258250	-0.225954
1554001	1555000	1554501	314.0	-0.257771	-0.106259
1555001	1556000	1555501	346.0	-0.257293	0.033749
1556001	1557000	1556501	334.0	-0.256815	-0.017175
1557001	1558000	1557501	373.0	-0.256337	0.142152
1558001	1559000	1558501	449.0	-0.255858	0.409692
1559001	1560000	1559501	352.0	-0.255380	0.058552
1560001	1561000	1560501	416.0	-0.254902	0.299560
1561001	1562000	1561501	398.0	-0.254424	0.235745
1562001	1563000	1562501	336.0	-0.253945	-0.008562
1563001	1564000	1563501	334.0	-0.253467	-0.017175
1564001	1565000	1564501	392.0	-0.252989	0.213830
1565001	1566000	1565501	350.0	-0.252511	0.050332
1566001	1567000	1566501	382.0	-0.252033	0.176549
1567001	1568000	1567501	375.0	-0.251554	0.149867
1568001	1569000	1568501	316.0	-0.251076	-0.097099
1569001	1570000	1569501	323.0	-0.250598	-0.065489
1570001	1571000	1570501	316.0	-0.250120	-0.097099
1571001	1572000	1571501	376.0	-0.249641	0.153709
1572001	1573000	1572501	371.0	-0.249163	0.134396
1573001	1574000	1573501	350.0	-0.248685	0.050332
1574001	1575000	1574501	354.0	-0.248207	0.066726
1575001	1576000	1575501	337.0	-0.247728	-0.004275
1576001	1577000	1576501	327.0	-0.247250	-0.047733
1577001	1578000	1577501	381.0	-0.246772	0.172768
1578001	1579000	1578501	416.0	-0.246294	0.299560
1579001	1580000	1579501	361.0	-0.245815	0.094976
1580001	1581000	1580501	352.0	-0.245337	0.058552
1581001	1582000	1581501	360.0	-0.244859	0.090974
1582001	1583000	1582501	296.0	-0.244381	-0.191426
1583001	1584000	1583501	293.0	-0.243902	-0.206123
1584001	1585000	1584501	303.0	-0.243424	-0.157705
1585001	1586000	1585501	345.0	-0.242946	0.029573
1586001	1587000	1586501	372.0	-0.242468	0.138279
1587001	1588000	1587501	362.0	-0.241989	0.098966
1588001	1589000	1588501	351.0	-0.241511	0.054448
1589001	1590000	1589501	427.0	-0.241033	0.337213
1590001	1591000	1590501	358.0	-0.240555	0.082936
1591001	1592000	1591501	381.0	-0.240077	0.172768
1592001	1593000	1592501	390.0	-0.239598	0.206451
1593001	1594000	1593501	306.0	-0.239120	-0.143492
1594001	1595000	1594501	306.0	-0.238642	-0.143492
1595001	1596000	1595501	424.0	-0.238164	0.327041
1596001	1597000	1596501	396.0	-0.237685	0.228477
1597001	1598000	1597501	431.0	-0.237207	0.350665
1598001	1599000	1598501	428.0	-0.236729	0.340588
1599001	1600000	1599501	384.0	-0.236251	0.184083
1600001	1601000	1600501	505.0	-0.235772	0.579260
1601001	1602000	1601501	458.0	-0.235294	0.438324
1602001	1603000	1602501	363.0	-0.234816	0.102946
1603001	1604000	1603501	332.0	-0.234338	-0.025840
1604001	1605000	1604501	345.0	-0.233859	0.029573
1605001	1606000	1605501	318.0	-0.233381	-0.087996
1606001	1607000	1606501	338.0	-0.232903	0.000000
1607001	1608000	1607501	328.0	-0.232425	-0.043327
1608001	1609000	1608501	334.0	-0.231946	-0.017175
1609001	1610000	1609501	314.0	-0.231468	-0.106259
1610001	1611000	1610501	352.0	-0.230990	0.058552
1611001	1612000	1611501	346.0	-0.230512	0.033749
1612001	1613000	1612501	298.0	-0.230033	-0.181711
1613001	1614000	1613501	362.0	-0.229555	0.098966
1614001	1615000	1614501	387.0	-0.229077	0.195310
1615001	1616000	1615501	385.0	-0.228599	0.187835
1616001	1617000	1616501	308.0	-0.228121	-0.134093
1617001	1618000	1617501	344.0	-0.227642	0.025385
1618001	1619000	1618501	292.0	-0.227164	-0.211055
1619001	1620000	1619501	367.0	-0.226686	0.118757
1620001	1621000	1620501	318.0	-0.226208	-0.087996
1621001	1622000	1621501	314.0	-0.225729	-0.106259
1622001	1623000	1622501	337.0	-0.225251	-0.004275
1623001	1624000	1623501	380.0	-0.224773	0.168976
1624001	1625000	1624501	352.0	-0.224295	0.058552
1625001	1626000	1625501	273.0	-0.223816	-0.308122
1626001	1627000	1626501	325.0	-0.223338	-0.056584
1627001	1628000	1627501	262.0	-0.222860	-0.367456
1628001	1629000	1628501	306.0	-0.222382	-0.143492
1629001	1630000	1629501	329.0	-0.221903	-0.038936
1630001	1631000	1630501	342.0	-0.221425	0.016973
1631001	1632000	1631501	426.0	-0.220947	0.333830
1632001	1633000	1632501	392.0	-0.220469	0.213830
1633001	1634000	1633501	325.0	-0.219990	-0.056584
1634001	1635000	1634501	281.0	-0.219512	-0.266453
1635001	1636000	1635501	425.0	-0.219034	0.330440
1636001	1637000	1636501	388.0	-0.218556	0.199033
1637001	1638000	1637501	338.0	-0.218077	0.000000
1638001	1639000	1638501	383.0	-0.217599	0.180321
1639001	1640000	1639501	374.0	-0.217121	0.146015
1640001	1641000	1640501	337.0	-0.216643	-0.004275
1641001	1642000	1641501	291.0	-0.216165	-0.216004
1642001	1643000	1642501	320.0	-0.215686	-0.078951
1643001	1644000	1643501	319.0	-0.215208	-0.083467
1644001	1645000	1644501	286.0	-0.214730	-0.241008
1645001	1646000	1645501	326.0	-0.214252	-0.052151
1646001	1647000	1646501	403.0	-0.213773	0.253757
1647001	1648000	1647501	335.0	-0.213295	-0.012862
1648001	1649000	1648501	326.0	-0.212817	-0.052151
1649001	1650000	1649501	423.0	-0.212339	0.323634
1650001	1651000	1650501	433.0	-0.211860	0.357344
1651001	1652000	1651501	340.0	-0.211382	0.008511
1652001	1653000	1652501	454.0	-0.210904	0.425669
1653001	1654000	1653501	408.0	-0.210426	0.271546
1654001	1655000	1654501	378.0	-0.209947	0.161363
1655001	1656000	1655501	371.0	-0.209469	0.134396
1656001	1657000	1656501	364.0	-0.208991	0.106915
1657001	1658000	1657501	316.0	-0.208513	-0.097099
1658001	1659000	1658501	329.0	-0.208034	-0.038936
1659001	1660000	1659501	403.0	-0.207556	0.253757
1660001	1661000	1660501	289.0	-0.207078	-0.225954
1661001	1662000	1661501	358.0	-0.206600	0.082936
1662001	1663000	1662501	345.0	-0.206121	0.029573
1663001	1664000	1663501	325.0	-0.205643	-0.056584
1664001	1665000	1664501	345.0	-0.205165	0.029573
1665001	1666000	1665501	330.0	-0.204687	-0.034557
1666001	1667000	1666501	456.0	-0.204209	0.432011
1667001	1668000	1667501	410.0	-0.203730	0.278601
1668001	1669000	1668501	334.0	-0.203252	-0.017175
1669001	1670000	1669501	379.0	-0.202774	0.165175
1670001	1671000	1670501	389.0	-0.202296	0.202747
1671001	1672000	1671501	365.0	-0.201817	0.110873
1672001	1673000	1672501	339.0	-0.201339	0.004262
1673001	1674000	1673501	340.0	-0.200861	0.008511
1674001	1675000	1674501	318.0	-0.200383	-0.087996
1675001	1676000	1675501	409.0	-0.199904	0.275078
1676001	1677000	1676501	381.0	-0.199426	0.172768
1677001	1678000	1677501	321.0	-0.198948	-0.074450
1678001	1679000	1678501	271.0	-0.198470	-0.318730
1679001	1680000	1679501	270.0	-0.197991	-0.324064
1680001	1681000	1680501	302.0	-0.197513	-0.162475
1681001	1682000	1681501	372.0	-0.197035	0.138279
1682001	1683000	1682501	385.0	-0.196557	0.187835
1683001	1684000	1683501	343.0	-0.196078	0.021185
1684001	1685000	1684501	448.0	-0.195600	0.406475
1685001	1686000	1685501	431.0	-0.195122	0.350665
1686001	1687000	1686501	393.0	-0.194644	0.217506
1687001	1688000	1687501	348.0	-0.194165	0.042064
1688001	1689000	1688501	363.0	-0.193687	0.102946
1689001	1690000	1689501	512.0	-0.193209	0.599121
1690001	1691000	1690501	378.0	-0.192731	0.161363
1691001	1692000	1691501	444.0	-0.192253	0.393536
1692001	1693000	1692501	386.0	-0.191774	0.191578
1693001	1694000	1693501	395.0	-0.191296	0.224829
1694001	1695000	1694501	271.0	-0.190818	-0.318730
1695001	1696000	1695501	371.0	-0.190340	0.134396
1696001	1697000	1696501	353.0	-0.189861	0.062645
1697001	1698000	1697501	357.0	-0.189383	0.078901
1698001	1699000	1698501	283.0	-0.188905	-0.256221
1699001	1700000	1699501	429.0	-0.188427	0.343954
1700001	1701000	1700501	392.0	-0.187948	0.213830
1701001	1702000	1701501	303.0	-0.187470	-0.157705
1702001	1703000	1702501	281.0	-0.186992	-0.266453
1703001	1704000	1703501	415.0	-0.186514	0.296088
1704001	1705000	1704501	414.0	-0.186035	0.292608
1705001	1706000	1705501	322.0	-0.185557	-0.069963
1706001	1707000	1706501	281.0	-0.185079	-0.266453
1707001	1708000	1707501	326.0	-0.184601	-0.052151
1708001	1709000	1708501	318.0	-0.184122	-0.087996
1709001	1710000	1709501	289.0	-0.183644	-0.225954
1710001	1711000	1710501	316.0	-0.183166	-0.097099
1711001	1712000	1711501	356.0	-0.182688	0.074854
1712001	1713000	1712501	387.0	-0.182209	0.195310
1713001	1714000	1713501	292.0	-0.181731	-0.211055
1714001	1715000	1714501	335.0	-0.181253	-0.012862
1715001	1716000	1715501	403.0	-0.180775	0.253757
1716001	1717000	1716501	316.0	-0.180297	-0.097099
1717001	1718000	1717501	462.0	-0.179818	0.450870
1718001	1719000	1718501	341.0	-0.179340	0.012748
1719001	1720000	1719501	365.0	-0.178862	0.110873
1720001	1721000	1720501	419.0	-0.178384	0.309927
1721001	1722000	1721501	283.0	-0.177905	-0.256221
1722001	1723000	1722501	303.0	-0.177427	-0.157705
1723001	1724000	1723501	338.0	-0.176949	0.000000
1724001	1725000	1724501	404.0	-0.176471	0.257332
1725001	1726000	1725501	412.0	-0.175992	0.285621
1726001	1727000	1726501	521.0	-0.175514	0.624260
1727001	1728000	1727501	342.0	-0.175036	0.016973
1728001	1729000	1728501	355.0	-0.174558	0.070796
1729001	1730000	1729501	419.0	-0.174079	0.309927
1730001	1731000	1730501	404.0	-0.173601	0.257332
1731001	1732000	1731501	318.0	-0.173123	-0.087996
1732001	1733000	1732501	388.0	-0.172645	0.199033
1733001	1734000	1733501	322.0	-0.172166	-0.069963
1734001	1735000	1734501	349.0	-0.171688	0.046204
1735001	1736000	1735501	310.0	-0.171210	-0.124755
1736001	1737000	1736501	402.0	-0.170732	0.250172
1737001	1738000	1737501	344.0	-0.170253	0.025385
1738001	1739000	1738501	411.0	-0.169775	0.282115
1739001	1740000	1739501	347.0	-0.169297	0.037912
1740001	1741000	1740501	337.0	-0.168819	-0.004275
1741001	1742000	1741501	353.0	-0.168341	0.062645
1742001	1743000	1742501	425.0	-0.167862	0.330440
1743001	1744000	1743501	418.0	-0.167384	0.306480
1744001	1745000	1744501	450.0	-0.166906	0.412902
1745001	1746000	1745501	389.0	-0.166428	0.202747
1746001	1747000	1746501	320.0	-0.165949	-0.078951
1747001	1748000	1747501	355.0	-0.165471	0.070796
1748001	1749000	1748501	308.0	-0.164993	-0.134093
1749001	1750000	1749501	402.0	-0.164515	0.250172
1750001	1751000	1750501	382.0	-0.164036	0.176549
1751001	1752000	1751501	348.0	-0.163558	0.042064
1752001	1753000	1752501	344.0	-0.163080	0.025385
1753001	1754000	1753501	310.0	-0.162602	-0.124755
1754001	1755000	1754501	362.0	-0.162123	0.098966
1755001	1756000	1755501	293.0	-0.161645	-0.206123
1756001	1757000	1756501	321.0	-0.161167	-0.074450
1757001	1758000	1757501	422.0	-0.160689	0.320220
1758001	1759000	1758501	452.0	-0.160210	0.419300
1759001	1760000	1759501	388.0	-0.159732	0.199033
1760001	1761000	1760501	348.0	-0.159254	0.042064
1761001	1762000	1761501	390.0	-0.158776	0.206451
1762001	1763000	1762501	331.0	-0.158297	-0.030192
1763001	1764000	1763501	268.0	-0.157819	-0.334790
1764001	1765000	1764501	339.0	-0.157341	0.004262
1765001	1766000	1765501	309.0	-0.156863	-0.129416
1766001	1767000	1766501	401.0	-0.156385	0.246579
1767001	1768000	1767501	339.0	-0.155906	0.004262
1768001	1769000	1768501	363.0	-0.155428	0.102946
1769001	1770000	1769501	319.0	-0.154950	-0.083467
1770001	1771000	1770501	349.0	-0.154472	0.046204
1771001	1772000	1771501	368.0	-0.153993	0.122683
1772001	1773000	1772501	344.0	-0.153515	0.025385
1773001	1774000	1773501	372.0	-0.153037	0.138279
1774001	1775000	1774501	333.0	-0.152559	-0.021501
1775001	1776000	1775501	333.0	-0.152080	-0.021501
1776001	1777000	1776501	404.0	-0.151602	0.257332
1777001	1778000	1777501	386.0	-0.151124	0.191578
1778001	1779000	1778501	367.0	-0.150646	0.118757
1779001	1780000	1779501	364.0	-0.150167	0.106915
1780001	1781000	1780501	452.0	-0.149689	0.419300
1781001	1782000	1781501	318.0	-0.149211	-0.087996
1782001	1783000	1782501	391.0	-0.148733	0.210145
1783001	1784000	1783501	426.0	-0.148254	0.333830
1784001	1785000	1784501	339.0	-0.147776	0.004262
1785001	1786000	1785501	439.0	-0.147298	0.377198
1786001	1787000	1786501	350.0	-0.146820	0.050332
1787001	1788000	1787501	325.0	-0.146341	-0.056584
1788001	1789000	1788501	353.0	-0.145863	0.062645
1789001	1790000	1789501	316.0	-0.145385	-0.097099
1790001	1791000	1790501	376.0	-0.144907	0.153709
1791001	1792000	1791501	409.0	-0.144429	0.275078
1792001	1793000	1792501	356.0	-0.143950	0.074854
1793001	1794000	1793501	368.0	-0.143472	0.122683
1794001	1795000	1794501	375.0	-0.142994	0.149867
1795001	1796000	1795501	348.0	-0.142516	0.042064
1796001	1797000	1796501	349.0	-0.142037	0.046204
1797001	1798000	1797501	321.0	-0.141559	-0.074450
1798001	1799000	1798501	336.0	-0.141081	-0.008562
1799001	1800000	1799501	441.0	-0.140603	0.383755
1800001	1801000	1800501	442.0	-0.140124	0.387023
1801001	1802000	1801501	591.0	-0.139646	0.806135
1802001	1803000	1802501	647.0	-0.139168	0.936742
1803001	1804000	1803501	693.0	-0.138690	1.035832
1804001	1805000	1804501	678.0	-0.138211	1.004262
1805001	1806000	1805501	605.0	-0.137733	0.839912
1806001	1807000	1806501	464.0	-0.137255	0.457102
1807001	1808000	1807501	578.0	-0.136777	0.774046
1808001	1809000	1808501	364.0	-0.136298	0.106915
1809001	1810000	1809501	341.0	-0.135820	0.012748
1810001	1811000	1810501	390.0	-0.135342	0.206451
1811001	1812000	1811501	359.0	-0.134864	0.086961
1812001	1813000	1812501	270.0	-0.134385	-0.324064
1813001	1814000	1813501	240.0	-0.133907	-0.493989
1814001	1815000	1814501	185.0	-0.133429	-0.869498
1815001	1816000	1815501	299.0	-0.132951	-0.176878
1816001	1817000	1816501	218.0	-0.132473	-0.632695
1817001	1818000	1817501	228.0	-0.131994	-0.567989
1818001	1819000	1818501	248.0	-0.131516	-0.446683
1819001	1820000	1819501	220.0	-0.131038	-0.619520
1820001	1821000	1820501	178.0	-0.130560	-0.925146
1821001	1822000	1821501	176.0	-0.130081	-0.941448
1822001	1823000	1822501	164.0	-0.129603	-1.043327
1823001	1824000	1823501	241.0	-0.129125	-0.487990
1824001	1825000	1824501	212.0	-0.128647	-0.672959
1825001	1826000	1825501	182.0	-0.128168	-0.893085
1826001	1827000	1826501	370.0	-0.127690	0.130502
1827001	1828000	1827501	461.0	-0.127212	0.447744
1828001	1829000	1828501	328.0	-0.126734	-0.043327
1829001	1830000	1829501	394.0	-0.126255	0.221172
1830001	1831000	1830501	415.0	-0.125777	0.296088
1831001	1832000	1831501	399.0	-0.125299	0.239365
1832001	1833000	1832501	465.0	-0.124821	0.460207
1833001	1834000	1833501	382.0	-0.124342	0.176549
1834001	1835000	1834501	319.0	-0.123864	-0.083467
1835001	1836000	1835501	337.0	-0.123386	-0.004275
1836001	1837000	1836501	460.0	-0.122908	0.444611
1837001	1838000	1837501	526.0	-0.122429	0.638040
1838001	1839000	1838501	496.0	-0.121951	0.553317
1839001	1840000	1839501	455.0	-0.121473	0.428843
1840001	1841000	1840501	451.0	-0.120995	0.416104
1841001	1842000	1841501	487.0	-0.120516	0.526899
1842001	1843000	1842501	533.0	-0.120038	0.657112
1843001	1844000	1843501	443.0	-0.119560	0.390283
1844001	1845000	1844501	357.0	-0.119082	0.078901
1845001	1846000	1845501	429.0	-0.118604	0.343954
1846001	1847000	1846501	398.0	-0.118125	0.235745
1847001	1848000	1847501	392.0	-0.117647	0.213830
1848001	1849000	1848501	484.0	-0.117169	0.517984
1849001	1850000	1849501	426.0	-0.116691	0.333830
1850001	1851000	1850501	433.0	-0.116212	0.357344
1851001	1852000	1851501	335.0	-0.115734	-0.012862
1852001	1853000	1852501	314.0	-0.115256	-0.106259
1853001	1854000	1853501	367.0	-0.114778	0.118757
1854001	1855000	1854501	454.0	-0.114299	0.425669
1855001	1856000	1855501	579.0	-0.113821	0.776540
1856001	1857000	1856501	444.0	-0.113343	0.393536
1857001	1858000	1857501	364.0	-0.112865	0.106915
1858001	1859000	1858501	367.0	-0.112386	0.118757
1859001	1860000	1859501	367.0	-0.111908	0.118757
1860001	1861000	1860501	394.0	-0.111430	0.221172
1861001	1862000	1861501	318.0	-0.110952	-0.087996
1862001	1863000	1862501	369.0	-0.110473	0.126598
1863001	1864000	1863501	358.0	-0.109995	0.082936
1864001	1865000	1864501	386.0	-0.109517	0.191578
1865001	1866000	1865501	423.0	-0.109039	0.323634
1866001	1867000	1866501	325.0	-0.108560	-0.056584
1867001	1868000	1867501	394.0	-0.108082	0.221172
1868001	1869000	1868501	421.0	-0.107604	0.316797
1869001	1870000	1869501	421.0	-0.107126	0.316797
1870001	1871000	1870501	399.0	-0.106648	0.239365
1871001	1872000	1871501	354.0	-0.106169	0.066726
1872001	1873000	1872501	436.0	-0.105691	0.367305
1873001	1874000	1873501	406.0	-0.105213	0.264456
1874001	1875000	1874501	416.0	-0.104735	0.299560
1875001	1876000	1875501	454.0	-0.104256	0.425669
1876001	1877000	1876501	446.0	-0.103778	0.400020
1877001	1878000	1877501	386.0	-0.103300	0.191578
1878001	1879000	1878501	374.0	-0.102822	0.146015
1879001	1880000	1879501	453.0	-0.102343	0.422488
1880001	1881000	1880501	418.0	-0.101865	0.306480
1881001	1882000	1881501	549.0	-0.101387	0.699783
1882001	1883000	1882501	356.0	-0.100909	0.074854
1883001	1884000	1883501	307.0	-0.100430	-0.138785
1884001	1885000	1884501	395.0	-0.099952	0.224829
1885001	1886000	1885501	410.0	-0.099474	0.278601
1886001	1887000	1886501	362.0	-0.098996	0.098966
1887001	1888000	1887501	481.0	-0.098517	0.509014
1888001	1889000	1888501	409.0	-0.098039	0.275078
1889001	1890000	1889501	410.0	-0.097561	0.278601
1890001	1891000	1890501	400.0	-0.097083	0.242977
1891001	1892000	1891501	361.0	-0.096604	0.094976
1892001	1893000	1892501	337.0	-0.096126	-0.004275
1893001	1894000	1893501	394.0	-0.095648	0.221172
1894001	1895000	1894501	377.0	-0.095170	0.157541
1895001	1896000	1895501	391.0	-0.094692	0.210145
1896001	1897000	1896501	463.0	-0.094213	0.453989
1897001	1898000	1897501	448.0	-0.093735	0.406475
1898001	1899000	1898501	381.0	-0.093257	0.172768
1899001	1900000	1899501	424.0	-0.092779	0.327041
1900001	1901000	1900501	407.0	-0.092300	0.268006
1901001	1902000	1901501	391.0	-0.091822	0.210145
1902001	1903000	1902501	458.0	-0.091344	0.438324
1903001	1904000	1903501	346.0	-0.090866	0.033749
1904001	1905000	1904501	340.0	-0.090387	0.008511
1905001	1906000	1905501	326.0	-0.089909	-0.052151
1906001	1907000	1906501	327.0	-0.089431	-0.047733
1907001	1908000	1907501	289.0	-0.088953	-0.225954
1908001	1909000	1908501	345.0	-0.088474	0.029573
1909001	1910000	1909501	385.0	-0.087996	0.187835
1910001	1911000	1910501	402.0	-0.087518	0.250172
1911001	1912000	1911501	357.0	-0.087040	0.078901
1912001	1913000	1912501	352.0	-0.086561	0.058552
1913001	1914000	1913501	409.0	-0.086083	0.275078
1914001	1915000	1914501	314.0	-0.085605	-0.106259
1915001	1916000	1915501	370.0	-0.085127	0.130502
1916001	1917000	1916501	425.0	-0.084648	0.330440
1917001	1918000	1917501	338.0	-0.084170	0.000000
1918001	1919000	1918501	364.0	-0.083692	0.106915
1919001	1920000	1919501	340.0	-0.083214	0.008511
1920001	1921000	1920501	310.0	-0.082736	-0.124755
1921001	1922000	1921501	421.0	-0.082257	0.316797
1922001	1923000	1922501	479.0	-0.081779	0.503002
1923001	1924000	1923501	422.0	-0.081301	0.320220
1924001	1925000	1924501	385.0	-0.080823	0.187835
1925001	1926000	1925501	416.0	-0.080344	0.299560
1926001	1927000	1926501	342.0	-0.079866	0.016973
1927001	1928000	1927501	444.0	-0.079388	0.393536
1928001	1929000	1928501	466.0	-0.078910	0.463307
1929001	1930000	1929501	372.0	-0.078431	0.138279
1930001	1931000	1930501	407.0	-0.077953	0.268006
1931001	1932000	1931501	484.0	-0.077475	0.517984
1932001	1933000	1932501	404.0	-0.076997	0.257332
1933001	1934000	1933501	414.0	-0.076518	0.292608
1934001	1935000	1934501	359.0	-0.076040	0.086961
1935001	1936000	1935501	347.0	-0.075562	0.037912
1936001	1937000	1936501	398.0	-0.075084	0.235745
1937001	1938000	1937501	319.0	-0.074605	-0.083467
1938001	1939000	1938501	332.0	-0.074127	-0.025840
1939001	1940000	1939501	291.0	-0.073649	-0.216004
1940001	1941000	1940501	319.0	-0.073171	-0.083467
1941001	1942000	1941501	328.0	-0.072692	-0.043327
1942001	1943000	1942501	313.0	-0.072214	-0.110861
1943001	1944000	1943501	279.0	-0.071736	-0.276758
1944001	1945000	1944501	319.0	-0.071258	-0.083467
1945001	1946000	1945501	353.0	-0.070780	0.062645
1946001	1947000	1946501	369.0	-0.070301	0.126598
1947001	1948000	1947501	512.0	-0.069823	0.599121
1948001	1949000	1948501	499.0	-0.069345	0.562017
1949001	1950000	1949501	432.0	-0.068867	0.354008
1950001	1951000	1950501	389.0	-0.068388	0.202747
1951001	1952000	1951501	249.0	-0.067910	-0.440878
1952001	1953000	1952501	369.0	-0.067432	0.126598
1953001	1954000	1953501	341.0	-0.066954	0.012748
1954001	1955000	1954501	347.0	-0.066475	0.037912
1955001	1956000	1955501	334.0	-0.065997	-0.017175
1956001	1957000	1956501	337.0	-0.065519	-0.004275
1957001	1958000	1957501	327.0	-0.065041	-0.047733
1958001	1959000	1958501	357.0	-0.064562	0.078901
1959001	1960000	1959501	304.0	-0.064084	-0.152952
1960001	1961000	1960501	312.0	-0.063606	-0.115477
1961001	1962000	1961501	403.0	-0.063128	0.253757
1962001	1963000	1962501	408.0	-0.062649	0.271546
1963001	1964000	1963501	352.0	-0.062171	0.058552
1964001	1965000	1964501	324.0	-0.061693	-0.061029
1965001	1966000	1965501	287.0	-0.061215	-0.235973
1966001	1967000	1966501	394.0	-0.060736	0.221172
1967001	1968000	1967501	431.0	-0.060258	0.350665
1968001	1969000	1968501	329.0	-0.059780	-0.038936
1969001	1970000	1969501	307.0	-0.059302	-0.138785
1970001	1971000	1970501	362.0	-0.058824	0.098966
1971001	1972000	1971501	354.0	-0.058345	0.066726
1972001	1973000	1972501	461.0	-0.057867	0.447744
1973001	1974000	1973501	396.0	-0.057389	0.228477
1974001	1975000	1974501	607.0	-0.056911	0.844673
1975001	1976000	1975501	627.0	-0.056432	0.891442
1976001	1977000	1976501	519.0	-0.055954	0.618711
1977001	1978000	1977501	318.0	-0.055476	-0.087996
1978001	1979000	1978501	337.0	-0.054998	-0.004275
1979001	1980000	1979501	565.0	-0.054519	0.741228
1980001	1981000	1980501	402.0	-0.054041	0.250172
1981001	1982000	1981501	411.0	-0.053563	0.282115
1982001	1983000	1982501	500.0	-0.053085	0.564905
1983001	1984000	1983501	478.0	-0.052606	0.499987
1984001	1985000	1984501	420.0	-0.052128	0.313366
1985001	1986000	1985501	704.0	-0.051650	1.058552
1986001	1987000	1986501	613.0	-0.051172	0.858864
1987001	1988000	1987501	557.0	-0.050693	0.720654
1988001	1989000	1988501	308.0	-0.050215	-0.134093
1989001	1990000	1989501	334.0	-0.049737	-0.017175
1990001	1991000	1990501	322.0	-0.049259	-0.069963
1991001	1992000	1991501	349.0	-0.048780	0.046204
1992001	1993000	1992501	364.0	-0.048302	0.106915
1993001	1994000	1993501	471.0	-0.047824	0.478704
1994001	1995000	1994501	352.0	-0.047346	0.058552
1995001	1996000	1995501	359.0	-0.046868	0.086961
1996001	1997000	1996501	367.0	-0.046389	0.118757
1997001	1998000	1997501	379.0	-0.045911	0.165175
1998001	1999000	1998501	358.0	-0.045433	0.082936
1999001	2000000	1999501	350.0	-0.044955	0.050332
2000001	2001000	2000501	433.0	-0.044476	0.357344
2001001	2002000	2001501	359.0	-0.043998	0.086961
2002001	2003000	2002501	404.0	-0.043520	0.257332
2003001	2004000	2003501	349.0	-0.043042	0.046204
2004001	2005000	2004501	346.0	-0.042563	0.033749
2005001	2006000	2005501	323.0	-0.042085	-0.065489
2006001	2007000	2006501	295.0	-0.041607	-0.196308
2007001	2008000	2007501	333.0	-0.041129	-0.021501
2008001	2009000	2008501	430.0	-0.040650	0.347313
2009001	2010000	2009501	493.0	-0.040172	0.544564
2010001	2011000	2010501	466.0	-0.039694	0.463307
2011001	2012000	2011501	547.0	-0.039216	0.694518
2012001	2013000	2012501	629.0	-0.038737	0.896037
2013001	2014000	2013501	558.0	-0.038259	0.723242
2014001	2015000	2014501	473.0	-0.037781	0.484817
2015001	2016000	2015501	452.0	-0.037303	0.419300
2016001	2017000	2016501	379.0	-0.036824	0.165175
2017001	2018000	2017501	414.0	-0.036346	0.292608
2018001	2019000	2018501	380.0	-0.035868	0.168976
2019001	2020000	2019501	437.0	-0.035390	0.370610
2020001	2021000	2020501	451.0	-0.034912	0.416104
2021001	2022000	2021501	408.0	-0.034433	0.271546
2022001	2023000	2022501	381.0	-0.033955	0.172768
2023001	2024000	2023501	365.0	-0.033477	0.110873
2024001	2025000	2024501	393.0	-0.032999	0.217506
2025001	2026000	2025501	319.0	-0.032520	-0.083467
2026001	2027000	2026501	340.0	-0.032042	0.008511
2027001	2028000	2027501	401.0	-0.031564	0.246579
2028001	2029000	2028501	438.0	-0.031086	0.373908
2029001	2030000	2029501	418.0	-0.030607	0.306480
2030001	2031000	2030501	297.0	-0.030129	-0.186560
2031001	2032000	2031501	354.0	-0.029651	0.066726
2032001	2033000	2032501	418.0	-0.029173	0.306480
2033001	2034000	2033501	376.0	-0.028694	0.153709
2034001	2035000	2034501	380.0	-0.028216	0.168976
2035001	2036000	2035501	466.0	-0.027738	0.463307
2036001	2037000	2036501	452.0	-0.027260	0.419300
2037001	2038000	2037501	344.0	-0.026781	0.025385
2038001	2039000	2038501	426.0	-0.026303	0.333830
2039001	2040000	2039501	463.0	-0.025825	0.453989
2040001	2041000	2040501	435.0	-0.025347	0.363992
2041001	2042000	2041501	444.0	-0.024868	0.393536
2042001	2043000	2042501	402.0	-0.024390	0.250172
2043001	2044000	2043501	368.0	-0.023912	0.122683
2044001	2045000	2044501	338.0	-0.023434	0.000000
2045001	2046000	2045501	355.0	-0.022956	0.070796
2046001	2047000	2046501	342.0	-0.022477	0.016973
2047001	2048000	2047501	420.0	-0.021999	0.313366
2048001	2049000	2048501	361.0	-0.021521	0.094976
2049001	2050000	2049501	411.0	-0.021043	0.282115
2050001	2051000	2050501	339.0	-0.020564	0.004262
2051001	2052000	2051501	336.0	-0.020086	-0.008562
2052001	2053000	2052501	368.0	-0.019608	0.122683
2053001	2054000	2053501	399.0	-0.019130	0.239365
2054001	2055000	2054501	457.0	-0.018651	0.435171
2055001	2056000	2055501	518.0	-0.018173	0.615929
2056001	2057000	2056501	367.0	-0.017695	0.118757
2057001	2058000	2057501	305.0	-0.017217	-0.148214
2058001	2059000	2058501	405.0	-0.016738	0.260899
2059001	2060000	2059501	418.0	-0.016260	0.306480
2060001	2061000	2060501	366.0	-0.015782	0.114820
2061001	2062000	2061501	434.0	-0.015304	0.360672
2062001	2063000	2062501	451.0	-0.014825	0.416104
2063001	2064000	2063501	442.0	-0.014347	0.387023
2064001	2065000	2064501	453.0	-0.013869	0.422488
2065001	2066000	2065501	397.0	-0.013391	0.232116
2066001	2067000	2066501	375.0	-0.012912	0.149867
2067001	2068000	2067501	361.0	-0.012434	0.094976
2068001	2069000	2068501	397.0	-0.011956	0.232116
2069001	2070000	2069501	507.0	-0.011478	0.584963
2070001	2071000	2070501	574.0	-0.011000	0.764027
2071001	2072000	2071501	441.0	-0.010521	0.383755
2072001	2073000	2072501	402.0	-0.010043	0.250172
2073001	2074000	2073501	487.0	-0.009565	0.526899
2074001	2075000	2074501	399.0	-0.009087	0.239365
2075001	2076000	2075501	318.0	-0.008608	-0.087996
2076001	2077000	2076501	394.0	-0.008130	0.221172
2077001	2078000	2077501	367.0	-0.007652	0.118757
2078001	2079000	2078501	436.0	-0.007174	0.367305
2079001	2080000	2079501	412.0	-0.006695	0.285621
2080001	2081000	2080501	395.0	-0.006217	0.224829
2081001	2082000	2081501	457.0	-0.005739	0.435171
2082001	2083000	2082501	382.0	-0.005261	0.176549
2083001	2084000	2083501	410.0	-0.004782	0.278601
2084001	2085000	2084501	357.0	-0.004304	0.078901
2085001	2086000	2085501	330.0	-0.003826	-0.034557
2086001	2087000	2086501	325.0	-0.003348	-0.056584
2087001	2088000	2087501	418.0	-0.002869	0.306480
2088001	2089000	2088501	325.0	-0.002391	-0.056584
2089001	2090000	2089501	327.0	-0.001913	-0.047733
2090001	2091000	2090501	352.0	-0.001435	0.058552
2091001	2092000	2091501	375.0	-0.000956	0.149867
2092001	2093000	2092501	381.0	-0.000478	0.172768
2093001	2094000	2093501	492.0	0.000000	0.541635
2094001	2095000	2094501	426.0	0.000523	0.333830
2095001	2096000	2095501	373.0	0.001045	0.142152
2096001	2097000	2096501	371.0	0.001568	0.134396
2097001	2098000	2097501	380.0	0.002090	0.168976
2098001	2099000	2098501	290.0	0.002613	-0.220970
2099001	2100000	2099501	396.0	0.003135	0.228477
2100001	2101000	2100501	407.0	0.003658	0.268006
2101001	2102000	2101501	402.0	0.004180	0.250172
2102001	2103000	2102501	332.0	0.004703	-0.025840
2103001	2104000	2103501	415.0	0.005225	0.296088
2104001	2105000	2104501	382.0	0.005748	0.176549
2105001	2106000	2105501	388.0	0.006271	0.199033
2106001	2107000	2106501	384.0	0.006793	0.184083
2107001	2108000	2107501	410.0	0.007316	0.278601
2108001	2109000	2108501	413.0	0.007838	0.289119
2109001	2110000	2109501	380.0	0.008361	0.168976
2110001	2111000	2110501	360.0	0.008883	0.090974
2111001	2112000	2111501	545.0	0.009406	0.689233
2112001	2113000	2112501	430.0	0.009928	0.347313
2113001	2114000	2113501	333.0	0.010451	-0.021501
2114001	2115000	2114501	529.0	0.010973	0.646244
2115001	2116000	2115501	394.0	0.011496	0.221172
2116001	2117000	2116501	324.0	0.012018	-0.061029
2117001	2118000	2117501	510.0	0.012541	0.593474
2118001	2119000	2118501	573.0	0.013064	0.761512
2119001	2120000	2119501	609.0	0.013586	0.849419
2120001	2121000	2120501	445.0	0.014109	0.396782
2121001	2122000	2121501	346.0	0.014631	0.033749
2122001	2123000	2122501	330.0	0.015154	-0.034557
2123001	2124000	2123501	461.0	0.015676	0.447744
2124001	2125000	2124501	405.0	0.016199	0.260899
2125001	2126000	2125501	418.0	0.016721	0.306480
2126001	2127000	2126501	408.0	0.017244	0.271546
2127001	2128000	2127501	413.0	0.017766	0.289119
2128001	2129000	2128501	400.0	0.018289	0.242977
2129001	2130000	2129501	390.0	0.018812	0.206451
2130001	2131000	2130501	424.0	0.019334	0.327041
2131001	2132000	2131501	327.0	0.019857	-0.047733
2132001	2133000	2132501	352.0	0.020379	0.058552
2133001	2134000	2133501	358.0	0.020902	0.082936
2134001	2135000	2134501	437.0	0.021424	0.370610
2135001	2136000	2135501	335.0	0.021947	-0.012862
2136001	2137000	2136501	358.0	0.022469	0.082936
2137001	2138000	2137501	392.0	0.022992	0.213830
2138001	2139000	2138501	344.0	0.023514	0.025385
2139001	2140000	2139501	335.0	0.024037	-0.012862
2140001	2141000	2140501	417.0	0.024560	0.303024
2141001	2142000	2141501	408.0	0.025082	0.271546
2142001	2143000	2142501	401.0	0.025605	0.246579
2143001	2144000	2143501	362.0	0.026127	0.098966
2144001	2145000	2144501	339.0	0.026650	0.004262
2145001	2146000	2145501	452.0	0.027172	0.419300
2146001	2147000	2146501	417.0	0.027695	0.303024
2147001	2148000	2147501	323.0	0.028217	-0.065489
2148001	2149000	2148501	349.0	0.028740	0.046204
2149001	2150000	2149501	411.0	0.029262	0.282115
2150001	2151000	2150501	354.0	0.029785	0.066726
2151001	2152000	2151501	397.0	0.030307	0.232116
2152001	2153000	2152501	466.0	0.030830	0.463307
2153001	2154000	2153501	440.0	0.031353	0.380480
2154001	2155000	2154501	384.0	0.031875	0.184083
2155001	2156000	2155501	381.0	0.032398	0.172768
2156001	2157000	2156501	399.0	0.032920	0.239365
2157001	2158000	2157501	362.0	0.033443	0.098966
2158001	2159000	2158501	366.0	0.033965	0.114820
2159001	2160000	2159501	355.0	0.034488	0.070796
2160001	2161000	2160501	390.0	0.035010	0.206451
2161001	2162000	2161501	403.0	0.035533	0.253757
2162001	2163000	2162501	426.0	0.036055	0.333830
2163001	2164000	2163501	442.0	0.036578	0.387023
2164001	2165000	2164501	392.0	0.037101	0.213830
2165001	2166000	2165501	330.0	0.037623	-0.034557
2166001	2167000	2166501	352.0	0.038146	0.058552
2167001	2168000	2167501	331.0	0.038668	-0.030192
2168001	2169000	2168501	355.0	0.039191	0.070796
2169001	2170000	2169501	484.0	0.039713	0.517984
2170001	2171000	2170501	426.0	0.040236	0.333830
2171001	2172000	2171501	419.0	0.040758	0.309927
2172001	2173000	2172501	384.0	0.041281	0.184083
2173001	2174000	2173501	473.0	0.041803	0.484817
2174001	2175000	2174501	509.0	0.042326	0.590642
2175001	2176000	2175501	419.0	0.042849	0.309927
2176001	2177000	2176501	457.0	0.043371	0.435171
2177001	2178000	2177501	344.0	0.043894	0.025385
2178001	2179000	2178501	338.0	0.044416	0.000000
2179001	2180000	2179501	323.0	0.044939	-0.065489
2180001	2181000	2180501	378.0	0.045461	0.161363
2181001	2182000	2181501	319.0	0.045984	-0.083467
2182001	2183000	2182501	395.0	0.046506	0.224829
2183001	2184000	2183501	549.0	0.047029	0.699783
2184001	2185000	2184501	353.0	0.047551	0.062645
2185001	2186000	2185501	377.0	0.048074	0.157541
2186001	2187000	2186501	438.0	0.048596	0.373908
2187001	2188000	2187501	471.0	0.049119	0.478704
2188001	2189000	2188501	514.0	0.049642	0.604745
2189001	2190000	2189501	525.0	0.050164	0.635294
2190001	2191000	2190501	391.0	0.050687	0.210145
2191001	2192000	2191501	358.0	0.051209	0.082936
2192001	2193000	2192501	371.0	0.051732	0.134396
2193001	2194000	2193501	452.0	0.052254	0.419300
2194001	2195000	2194501	352.0	0.052777	0.058552
2195001	2196000	2195501	372.0	0.053299	0.138279
2196001	2197000	2196501	380.0	0.053822	0.168976
2197001	2198000	2197501	357.0	0.054344	0.078901
2198001	2199000	2198501	344.0	0.054867	0.025385
2199001	2200000	2199501	389.0	0.055390	0.202747
2200001	2201000	2200501	431.0	0.055912	0.350665
2201001	2202000	2201501	449.0	0.056435	0.409692
2202001	2203000	2202501	397.0	0.056957	0.232116
2203001	2204000	2203501	333.0	0.057480	-0.021501
2204001	2205000	2204501	415.0	0.058002	0.296088
2205001	2206000	2205501	380.0	0.058525	0.168976
2206001	2207000	2206501	411.0	0.059047	0.282115
2207001	2208000	2207501	437.0	0.059570	0.370610
2208001	2209000	2208501	467.0	0.060092	0.466399
2209001	2210000	2209501	410.0	0.060615	0.278601
2210001	2211000	2210501	330.0	0.061138	-0.034557
2211001	2212000	2211501	367.0	0.061660	0.118757
2212001	2213000	2212501	377.0	0.062183	0.157541
2213001	2214000	2213501	443.0	0.062705	0.390283
2214001	2215000	2214501	424.0	0.063228	0.327041
2215001	2216000	2215501	348.0	0.063750	0.042064
2216001	2217000	2216501	402.0	0.064273	0.250172
2217001	2218000	2217501	359.0	0.064795	0.086961
2218001	2219000	2218501	399.0	0.065318	0.239365
2219001	2220000	2219501	426.0	0.065840	0.333830
2220001	2221000	2220501	480.0	0.066363	0.506011
2221001	2222000	2221501	409.0	0.066885	0.275078
2222001	2223000	2222501	371.0	0.067408	0.134396
2223001	2224000	2223501	378.0	0.067931	0.161363
2224001	2225000	2224501	391.0	0.068453	0.210145
2225001	2226000	2225501	431.0	0.068976	0.350665
2226001	2227000	2226501	490.0	0.069498	0.535759
2227001	2228000	2227501	535.0	0.070021	0.662516
2228001	2229000	2228501	414.0	0.070543	0.292608
2229001	2230000	2229501	501.0	0.071066	0.567787
2230001	2231000	2230501	601.0	0.071588	0.830342
2231001	2232000	2231501	514.0	0.072111	0.604745
2232001	2233000	2232501	690.0	0.072633	1.029573
2233001	2234000	2233501	472.0	0.073156	0.481764
2234001	2235000	2234501	397.0	0.073679	0.232116
2235001	2236000	2235501	485.0	0.074201	0.520962
2236001	2237000	2236501	418.0	0.074724	0.306480
2237001	2238000	2237501	438.0	0.075246	0.373908
2238001	2239000	2238501	538.0	0.075769	0.670583
2239001	2240000	2239501	392.0	0.076291	0.213830
2240001	2241000	2240501	381.0	0.076814	0.172768
2241001	2242000	2241501	416.0	0.077336	0.299560
2242001	2243000	2242501	327.0	0.077859	-0.047733
2243001	2244000	2243501	332.0	0.078381	-0.025840
2244001	2245000	2244501	462.0	0.078904	0.450870
2245001	2246000	2245501	369.0	0.079426	0.126598
2246001	2247000	2246501	442.0	0.079949	0.387023
2247001	2248000	2247501	597.0	0.080472	0.820708
2248001	2249000	2248501	497.0	0.080994	0.556223
2249001	2250000	2249501	458.0	0.081517	0.438324
2250001	2251000	2250501	416.0	0.082039	0.299560
2251001	2252000	2251501	431.0	0.082562	0.350665
2252001	2253000	2252501	397.0	0.083084	0.232116
2253001	2254000	2253501	458.0	0.083607	0.438324
2254001	2255000	2254501	522.0	0.084129	0.627027
2255001	2256000	2255501	490.0	0.084652	0.535759
2256001	2257000	2256501	432.0	0.085174	0.354008
2257001	2258000	2257501	379.0	0.085697	0.165175
2258001	2259000	2258501	444.0	0.086220	0.393536
2259001	2260000	2259501	407.0	0.086742	0.268006
2260001	2261000	2260501	424.0	0.087265	0.327041
2261001	2262000	2261501	373.0	0.087787	0.142152
2262001	2263000	2262501	434.0	0.088310	0.360672
2263001	2264000	2263501	480.0	0.088832	0.506011
2264001	2265000	2264501	487.0	0.089355	0.526899
2265001	2266000	2265501	479.0	0.089877	0.503002
2266001	2267000	2266501	543.0	0.090400	0.683929
2267001	2268000	2267501	462.0	0.090922	0.450870
2268001	2269000	2268501	339.0	0.091445	0.004262
2269001	2270000	2269501	391.0	0.091968	0.210145
2270001	2271000	2270501	415.0	0.092490	0.296088
2271001	2272000	2271501	429.0	0.093013	0.343954
2272001	2273000	2272501	418.0	0.093535	0.306480
2273001	2274000	2273501	377.0	0.094058	0.157541
2274001	2275000	2274501	349.0	0.094580	0.046204
2275001	2276000	2275501	351.0	0.095103	0.054448
2276001	2277000	2276501	389.0	0.095625	0.202747
2277001	2278000	2277501	387.0	0.096148	0.195310
2278001	2279000	2278501	396.0	0.096670	0.228477
2279001	2280000	2279501	373.0	0.097193	0.142152
2280001	2281000	2280501	342.0	0.097715	0.016973
2281001	2282000	2281501	382.0	0.098238	0.176549
2282001	2283000	2282501	386.0	0.098761	0.191578
2283001	2284000	2283501	374.0	0.099283	0.146015
2284001	2285000	2284501	351.0	0.099806	0.054448
2285001	2286000	2285501	353.0	0.100328	0.062645
2286001	2287000	2286501	369.0	0.100851	0.126598
2287001	2288000	2287501	528.0	0.101373	0.643515
2288001	2289000	2288501	417.0	0.101896	0.303024
2289001	2290000	2289501	427.0	0.102418	0.337213
2290001	2291000	2290501	455.0	0.102941	0.428843
2291001	2292000	2291501	512.0	0.103463	0.599121
2292001	2293000	2292501	622.0	0.103986	0.879891
2293001	2294000	2293501	549.0	0.104509	0.699783
2294001	2295000	2294501	614.0	0.105031	0.861215
2295001	2296000	2295501	493.0	0.105554	0.544564
2296001	2297000	2296501	450.0	0.106076	0.412902
2297001	2298000	2297501	491.0	0.106599	0.538700
2298001	2299000	2298501	469.0	0.107121	0.472565
2299001	2300000	2299501	426.0	0.107644	0.333830
2300001	2301000	2300501	309.0	0.108166	-0.129416
2301001	2302000	2301501	255.0	0.108689	-0.406526
2302001	2303000	2302501	272.0	0.109211	-0.313417
2303001	2304000	2303501	286.0	0.109734	-0.241008
2304001	2305000	2304501	330.0	0.110257	-0.034557
2305001	2306000	2305501	345.0	0.110779	0.029573
2306001	2307000	2306501	345.0	0.111302	0.029573
2307001	2308000	2307501	304.0	0.111824	-0.152952
2308001	2309000	2308501	302.0	0.112347	-0.162475
2309001	2310000	2309501	234.0	0.112869	-0.530515
2310001	2311000	2310501	303.0	0.113392	-0.157705
2311001	2312000	2311501	307.0	0.113914	-0.138785
2312001	2313000	2312501	399.0	0.114437	0.239365
2313001	2314000	2313501	432.0	0.114959	0.354008
2314001	2315000	2314501	386.0	0.115482	0.191578
2315001	2316000	2315501	471.0	0.116004	0.478704
2316001	2317000	2316501	489.0	0.116527	0.532811
2317001	2318000	2317501	550.0	0.117050	0.702408
2318001	2319000	2318501	524.0	0.117572	0.632544
2319001	2320000	2319501	506.0	0.118095	0.582114
2320001	2321000	2320501	412.0	0.118617	0.285621
2321001	2322000	2321501	529.0	0.119140	0.646244
2322001	2323000	2322501	510.0	0.119662	0.593474
2323001	2324000	2323501	386.0	0.120185	0.191578
2324001	2325000	2324501	424.0	0.120707	0.327041
2325001	2326000	2325501	394.0	0.121230	0.221172
2326001	2327000	2326501	507.0	0.121752	0.584963
2327001	2328000	2327501	562.0	0.122275	0.733547
2328001	2329000	2328501	402.0	0.122798	0.250172
2329001	2330000	2329501	472.0	0.123320	0.481764
2330001	2331000	2330501	473.0	0.123843	0.484817
2331001	2332000	2331501	441.0	0.124365	0.383755
2332001	2333000	2332501	341.0	0.124888	0.012748
2333001	2334000	2333501	389.0	0.125410	0.202747
2334001	2335000	2334501	368.0	0.125933	0.122683
2335001	2336000	2335501	439.0	0.126455	0.377198
2336001	2337000	2336501	450.0	0.126978	0.412902
2337001	2338000	2337501	557.0	0.127500	0.720654
2338001	2339000	2338501	421.0	0.128023	0.316797
2339001	2340000	2339501	443.0	0.128546	0.390283
2340001	2341000	2340501	515.0	0.129068	0.607549
2341001	2342000	2341501	495.0	0.129591	0.550405
2342001	2343000	2342501	506.0	0.130113	0.582114
2343001	2344000	2343501	474.0	0.130636	0.487864
2344001	2345000	2344501	373.0	0.131158	0.142152
2345001	2346000	2345501	392.0	0.131681	0.213830
2346001	2347000	2346501	390.0	0.132203	0.206451
2347001	2348000	2347501	404.0	0.132726	0.257332
2348001	2349000	2348501	430.0	0.133248	0.347313
2349001	2350000	2349501	430.0	0.133771	0.347313
2350001	2351000	2350501	362.0	0.134293	0.098966
2351001	2352000	2351501	419.0	0.134816	0.309927
2352001	2353000	2352501	450.0	0.135339	0.412902
2353001	2354000	2353501	417.0	0.135861	0.303024
2354001	2355000	2354501	399.0	0.136384	0.239365
2355001	2356000	2355501	362.0	0.136906	0.098966
2356001	2357000	2356501	458.0	0.137429	0.438324
2357001	2358000	2357501	395.0	0.137951	0.224829
2358001	2359000	2358501	370.0	0.138474	0.130502
2359001	2360000	2359501	417.0	0.138996	0.303024
2360001	2361000	2360501	430.0	0.139519	0.347313
2361001	2362000	2361501	382.0	0.140041	0.176549
2362001	2363000	2362501	436.0	0.140564	0.367305
2363001	2364000	2363501	381.0	0.141087	0.172768
2364001	2365000	2364501	422.0	0.141609	0.320220
2365001	2366000	2365501	412.0	0.142132	0.285621
2366001	2367000	2366501	355.0	0.142654	0.070796
2367001	2368000	2367501	376.0	0.143177	0.153709
2368001	2369000	2368501	401.0	0.143699	0.246579
2369001	2370000	2369501	360.0	0.144222	0.090974
2370001	2371000	2370501	367.0	0.144744	0.118757
2371001	2372000	2371501	420.0	0.145267	0.313366
2372001	2373000	2372501	413.0	0.145789	0.289119
2373001	2374000	2373501	377.0	0.146312	0.157541
2374001	2375000	2374501	432.0	0.146835	0.354008
2375001	2376000	2375501	431.0	0.147357	0.350665
2376001	2377000	2376501	346.0	0.147880	0.033749
2377001	2378000	2377501	405.0	0.148402	0.260899
2378001	2379000	2378501	424.0	0.148925	0.327041
2379001	2380000	2379501	392.0	0.149447	0.213830
2380001	2381000	2380501	373.0	0.149970	0.142152
2381001	2382000	2381501	411.0	0.150492	0.282115
2382001	2383000	2382501	410.0	0.151015	0.278601
2383001	2384000	2383501	368.0	0.151537	0.122683
2384001	2385000	2384501	390.0	0.152060	0.206451
2385001	2386000	2385501	507.0	0.152582	0.584963
2386001	2387000	2386501	332.0	0.153105	-0.025840
2387001	2388000	2387501	352.0	0.153628	0.058552
2388001	2389000	2388501	394.0	0.154150	0.221172
2389001	2390000	2389501	379.0	0.154673	0.165175
2390001	2391000	2390501	528.0	0.155195	0.643515
2391001	2392000	2391501	436.0	0.155718	0.367305
2392001	2393000	2392501	446.0	0.156240	0.400020
2393001	2394000	2393501	396.0	0.156763	0.228477
2394001	2395000	2394501	401.0	0.157285	0.246579
2395001	2396000	2395501	402.0	0.157808	0.250172
2396001	2397000	2396501	435.0	0.158330	0.363992
2397001	2398000	2397501	390.0	0.158853	0.206451
2398001	2399000	2398501	329.0	0.159376	-0.038936
2399001	2400000	2399501	398.0	0.159898	0.235745
2400001	2401000	2400501	399.0	0.160421	0.239365
2401001	2402000	2401501	382.0	0.160943	0.176549
2402001	2403000	2402501	354.0	0.161466	0.066726
2403001	2404000	2403501	341.0	0.161988	0.012748
2404001	2405000	2404501	334.0	0.162511	-0.017175
2405001	2406000	2405501	392.0	0.163033	0.213830
2406001	2407000	2406501	363.0	0.163556	0.102946
2407001	2408000	2407501	331.0	0.164078	-0.030192
2408001	2409000	2408501	310.0	0.164601	-0.124755
2409001	2410000	2409501	337.0	0.165124	-0.004275
2410001	2411000	2410501	425.0	0.165646	0.330440
2411001	2412000	2411501	362.0	0.166169	0.098966
2412001	2413000	2412501	319.0	0.166691	-0.083467
2413001	2414000	2413501	387.0	0.167214	0.195310
2414001	2415000	2414501	406.0	0.167736	0.264456
2415001	2416000	2415501	415.0	0.168259	0.296088
2416001	2417000	2416501	397.0	0.168781	0.232116
2417001	2418000	2417501	498.0	0.169304	0.559122
2418001	2419000	2418501	508.0	0.169826	0.587805
2419001	2420000	2419501	351.0	0.170349	0.054448
2420001	2421000	2420501	343.0	0.170871	0.021185
2421001	2422000	2421501	433.0	0.171394	0.357344
2422001	2423000	2422501	400.0	0.171917	0.242977
2423001	2424000	2423501	357.0	0.172439	0.078901
2424001	2425000	2424501	359.0	0.172962	0.086961
2425001	2426000	2425501	381.0	0.173484	0.172768
2426001	2427000	2426501	473.0	0.174007	0.484817
2427001	2428000	2427501	357.0	0.174529	0.078901
2428001	2429000	2428501	540.0	0.175052	0.675936
2429001	2430000	2429501	802.0	0.175574	1.246579
2430001	2431000	2430501	657.0	0.176097	0.958870
2431001	2432000	2431501	316.0	0.176619	-0.097099
2432001	2433000	2432501	346.0	0.177142	0.033749
2433001	2434000	2433501	333.0	0.177665	-0.021501
2434001	2435000	2434501	378.0	0.178187	0.161363
2435001	2436000	2435501	413.0	0.178710	0.289119
2436001	2437000	2436501	371.0	0.179232	0.134396
2437001	2438000	2437501	360.0	0.179755	0.090974
2438001	2439000	2438501	485.0	0.180277	0.520962
2439001	2440000	2439501	374.0	0.180800	0.146015
2440001	2441000	2440501	395.0	0.181322	0.224829
2441001	2442000	2441501	389.0	0.181845	0.202747
2442001	2443000	2442501	425.0	0.182367	0.330440
2443001	2444000	2443501	381.0	0.182890	0.172768
2444001	2445000	2444501	415.0	0.183413	0.296088
2445001	2446000	2445501	378.0	0.183935	0.161363
2446001	2447000	2446501	402.0	0.184458	0.250172
2447001	2448000	2447501	396.0	0.184980	0.228477
2448001	2449000	2448501	359.0	0.185503	0.086961
2449001	2450000	2449501	425.0	0.186025	0.330440
2450001	2451000	2450501	375.0	0.186548	0.149867
2451001	2452000	2451501	382.0	0.187070	0.176549
2452001	2453000	2452501	377.0	0.187593	0.157541
2453001	2454000	2453501	478.0	0.188115	0.499987
2454001	2455000	2454501	376.0	0.188638	0.153709
2455001	2456000	2455501	372.0	0.189160	0.138279
2456001	2457000	2456501	409.0	0.189683	0.275078
2457001	2458000	2457501	379.0	0.190206	0.165175
2458001	2459000	2458501	405.0	0.190728	0.260899
2459001	2460000	2459501	392.0	0.191251	0.213830
2460001	2461000	2460501	316.0	0.191773	-0.097099
2461001	2462000	2461501	337.0	0.192296	-0.004275
2462001	2463000	2462501	354.0	0.192818	0.066726
2463001	2464000	2463501	335.0	0.193341	-0.012862
2464001	2465000	2464501	371.0	0.193863	0.134396
2465001	2466000	2465501	381.0	0.194386	0.172768
2466001	2467000	2466501	429.0	0.194908	0.343954
2467001	2468000	2467501	358.0	0.195431	0.082936
2468001	2469000	2468501	389.0	0.195954	0.202747
2469001	2470000	2469501	421.0	0.196476	0.316797
2470001	2471000	2470501	511.0	0.196999	0.596300
2471001	2472000	2471501	367.0	0.197521	0.118757
2472001	2473000	2472501	329.0	0.198044	-0.038936
2473001	2474000	2473501	403.0	0.198566	0.253757
2474001	2475000	2474501	401.0	0.199089	0.246579
2475001	2476000	2475501	361.0	0.199611	0.094976
2476001	2477000	2476501	381.0	0.200134	0.172768
2477001	2478000	2477501	332.0	0.200656	-0.025840
2478001	2479000	2478501	342.0	0.201179	0.016973
2479001	2480000	2479501	373.0	0.201702	0.142152
2480001	2481000	2480501	390.0	0.202224	0.206451
2481001	2482000	2481501	351.0	0.202747	0.054448
2482001	2483000	2482501	419.0	0.203269	0.309927
2483001	2484000	2483501	323.0	0.203792	-0.065489
2484001	2485000	2484501	321.0	0.204314	-0.074450
2485001	2486000	2485501	390.0	0.204837	0.206451
2486001	2487000	2486501	323.0	0.205359	-0.065489
2487001	2488000	2487501	315.0	0.205882	-0.101671
2488001	2489000	2488501	363.0	0.206404	0.102946
2489001	2490000	2489501	365.0	0.206927	0.110873
2490001	2491000	2490501	270.0	0.207449	-0.324064
2491001	2492000	2491501	388.0	0.207972	0.199033
2492001	2493000	2492501	428.0	0.208495	0.340588
2493001	2494000	2493501	368.0	0.209017	0.122683
2494001	2495000	2494501	358.0	0.209540	0.082936
2495001	2496000	2495501	361.0	0.210062	0.094976
2496001	2497000	2496501	389.0	0.210585	0.202747
2497001	2498000	2497501	358.0	0.211107	0.082936
2498001	2499000	2498501	305.0	0.211630	-0.148214
2499001	2500000	2499501	439.0	0.212152	0.377198
2500001	2501000	2500501	327.0	0.212675	-0.047733
2501001	2502000	2501501	350.0	0.213197	0.050332
2502001	2503000	2502501	338.0	0.213720	0.000000
2503001	2504000	2503501	304.0	0.214243	-0.152952
2504001	2505000	2504501	322.0	0.214765	-0.069963
2505001	2506000	2505501	312.0	0.215288	-0.115477
2506001	2507000	2506501	364.0	0.215810	0.106915
2507001	2508000	2507501	625.0	0.216333	0.886833
2508001	2509000	2508501	414.0	0.216855	0.292608
2509001	2510000	2509501	407.0	0.217378	0.268006
2510001	2511000	2510501	432.0	0.217900	0.354008
2511001	2512000	2511501	467.0	0.218423	0.466399
2512001	2513000	2512501	317.0	0.218945	-0.092540
2513001	2514000	2513501	381.0	0.219468	0.172768
2514001	2515000	2514501	381.0	0.219991	0.172768
2515001	2516000	2515501	392.0	0.220513	0.213830
2516001	2517000	2516501	380.0	0.221036	0.168976
2517001	2518000	2517501	301.0	0.221558	-0.167260
2518001	2519000	2518501	342.0	0.222081	0.016973
2519001	2520000	2519501	380.0	0.222603	0.168976
2520001	2521000	2520501	360.0	0.223126	0.090974
2521001	2522000	2521501	341.0	0.223648	0.012748
2522001	2523000	2522501	435.0	0.224171	0.363992
2523001	2524000	2523501	384.0	0.224693	0.184083
2524001	2525000	2524501	327.0	0.225216	-0.047733
2525001	2526000	2525501	317.0	0.225738	-0.092540
2526001	2527000	2526501	347.0	0.226261	0.037912
2527001	2528000	2527501	413.0	0.226784	0.289119
2528001	2529000	2528501	399.0	0.227306	0.239365
2529001	2530000	2529501	358.0	0.227829	0.082936
2530001	2531000	2530501	346.0	0.228351	0.033749
2531001	2532000	2531501	391.0	0.228874	0.210145
2532001	2533000	2532501	358.0	0.229396	0.082936
2533001	2534000	2533501	348.0	0.229919	0.042064
2534001	2535000	2534501	310.0	0.230441	-0.124755
2535001	2536000	2535501	290.0	0.230964	-0.220970
2536001	2537000	2536501	286.0	0.231486	-0.241008
2537001	2538000	2537501	336.0	0.232009	-0.008562
2538001	2539000	2538501	300.0	0.232532	-0.172061
2539001	2540000	2539501	314.0	0.233054	-0.106259
2540001	2541000	2540501	346.0	0.233577	0.033749
2541001	2542000	2541501	349.0	0.234099	0.046204
2542001	2543000	2542501	366.0	0.234622	0.114820
2543001	2544000	2543501	509.0	0.235144	0.590642
2544001	2545000	2544501	360.0	0.235667	0.090974
2545001	2546000	2545501	358.0	0.236189	0.082936
2546001	2547000	2546501	341.0	0.236712	0.012748
2547001	2548000	2547501	446.0	0.237234	0.400020
2548001	2549000	2548501	338.0	0.237757	0.000000
2549001	2550000	2549501	355.0	0.238279	0.070796
2550001	2551000	2550501	349.0	0.238802	0.046204
2551001	2552000	2551501	332.0	0.239325	-0.025840
2552001	2553000	2552501	452.0	0.239847	0.419300
2553001	2554000	2553501	406.0	0.240370	0.264456
2554001	2555000	2554501	375.0	0.240892	0.149867
2555001	2556000	2555501	355.0	0.241415	0.070796
2556001	2557000	2556501	316.0	0.241937	-0.097099
2557001	2558000	2557501	508.0	0.242460	0.587805
2558001	2559000	2558501	377.0	0.242982	0.157541
2559001	2560000	2559501	355.0	0.243505	0.070796
2560001	2561000	2560501	318.0	0.244027	-0.087996
2561001	2562000	2561501	314.0	0.244550	-0.106259
2562001	2563000	2562501	403.0	0.245073	0.253757
2563001	2564000	2563501	347.0	0.245595	0.037912
2564001	2565000	2564501	392.0	0.246118	0.213830
2565001	2566000	2565501	429.0	0.246640	0.343954
2566001	2567000	2566501	457.0	0.247163	0.435171
2567001	2568000	2567501	416.0	0.247685	0.299560
2568001	2569000	2568501	345.0	0.248208	0.029573
2569001	2570000	2569501	396.0	0.248730	0.228477
2570001	2571000	2570501	388.0	0.249253	0.199033
2571001	2572000	2571501	374.0	0.249775	0.146015
2572001	2573000	2572501	378.0	0.250298	0.161363
2573001	2574000	2573501	359.0	0.250821	0.086961
2574001	2575000	2574501	367.0	0.251343	0.118757
2575001	2576000	2575501	404.0	0.251866	0.257332
2576001	2577000	2576501	306.0	0.252388	-0.143492
2577001	2578000	2577501	340.0	0.252911	0.008511
2578001	2579000	2578501	366.0	0.253433	0.114820
2579001	2580000	2579501	517.0	0.253956	0.613141
2580001	2581000	2580501	383.0	0.254478	0.180321
2581001	2582000	2581501	359.0	0.255001	0.086961
2582001	2583000	2582501	356.0	0.255523	0.074854
2583001	2584000	2583501	307.0	0.256046	-0.138785
2584001	2585000	2584501	360.0	0.256568	0.090974
2585001	2586000	2585501	322.0	0.257091	-0.069963
2586001	2587000	2586501	383.0	0.257614	0.180321
2587001	2588000	2587501	400.0	0.258136	0.242977
2588001	2589000	2588501	371.0	0.258659	0.134396
2589001	2590000	2589501	406.0	0.259181	0.264456
2590001	2591000	2590501	339.0	0.259704	0.004262
2591001	2592000	2591501	331.0	0.260226	-0.030192
2592001	2593000	2592501	406.0	0.260749	0.264456
2593001	2594000	2593501	347.0	0.261271	0.037912
2594001	2595000	2594501	381.0	0.261794	0.172768
2595001	2596000	2595501	391.0	0.262316	0.210145
2596001	2597000	2596501	317.0	0.262839	-0.092540
2597001	2598000	2597501	315.0	0.263362	-0.101671
2598001	2599000	2598501	295.0	0.263884	-0.196308
2599001	2600000	2599501	394.0	0.264407	0.221172
2600001	2601000	2600501	303.0	0.264929	-0.157705
2601001	2602000	2601501	326.0	0.265452	-0.052151
2602001	2603000	2602501	350.0	0.265974	0.050332
2603001	2604000	2603501	325.0	0.266497	-0.056584
2604001	2605000	2604501	379.0	0.267019	0.165175
2605001	2606000	2605501	331.0	0.267542	-0.030192
2606001	2607000	2606501	365.0	0.268064	0.110873
2607001	2608000	2607501	327.0	0.268587	-0.047733
2608001	2609000	2608501	349.0	0.269110	0.046204
2609001	2610000	2609501	375.0	0.269632	0.149867
2610001	2611000	2610501	410.0	0.270155	0.278601
2611001	2612000	2611501	436.0	0.270677	0.367305
2612001	2613000	2612501	380.0	0.271200	0.168976
2613001	2614000	2613501	488.0	0.271722	0.529858
2614001	2615000	2614501	374.0	0.272245	0.146015
2615001	2616000	2615501	421.0	0.272767	0.316797
2616001	2617000	2616501	354.0	0.273290	0.066726
2617001	2618000	2617501	327.0	0.273812	-0.047733
2618001	2619000	2618501	396.0	0.274335	0.228477
2619001	2620000	2619501	336.0	0.274857	-0.008562
2620001	2621000	2620501	355.0	0.275380	0.070796
2621001	2622000	2621501	327.0	0.275903	-0.047733
2622001	2623000	2622501	327.0	0.276425	-0.047733
2623001	2624000	2623501	372.0	0.276948	0.138279
2624001	2625000	2624501	531.0	0.277470	0.651689
2625001	2626000	2625501	410.0	0.277993	0.278601
2626001	2627000	2626501	343.0	0.278515	0.021185
2627001	2628000	2627501	380.0	0.279038	0.168976
2628001	2629000	2628501	412.0	0.279560	0.285621
2629001	2630000	2629501	436.0	0.280083	0.367305
2630001	2631000	2630501	342.0	0.280605	0.016973
2631001	2632000	2631501	317.0	0.281128	-0.092540
2632001	2633000	2632501	369.0	0.281651	0.126598
2633001	2634000	2633501	398.0	0.282173	0.235745
2634001	2635000	2634501	344.0	0.282696	0.025385
2635001	2636000	2635501	322.0	0.283218	-0.069963
2636001	2637000	2636501	368.0	0.283741	0.122683
2637001	2638000	2637501	350.0	0.284263	0.050332
2638001	2639000	2638501	281.0	0.284786	-0.266453
2639001	2640000	2639501	292.0	0.285308	-0.211055
2640001	2641000	2640501	334.0	0.285831	-0.017175
2641001	2642000	2641501	295.0	0.286353	-0.196308
2642001	2643000	2642501	318.0	0.286876	-0.087996
2643001	2644000	2643501	371.0	0.287399	0.134396
2644001	2645000	2644501	403.0	0.287921	0.253757
2645001	2646000	2645501	343.0	0.288444	0.021185
2646001	2647000	2646501	312.0	0.288966	-0.115477
2647001	2648000	2647501	306.0	0.289489	-0.143492
2648001	2649000	2648501	294.0	0.290011	-0.201207
2649001	2650000	2649501	336.0	0.290534	-0.008562
2650001	2651000	2650501	409.0	0.291056	0.275078
2651001	2652000	2651501	341.0	0.291579	0.012748
2652001	2653000	2652501	326.0	0.292101	-0.052151
2653001	2654000	2653501	312.0	0.292624	-0.115477
2654001	2655000	2654501	357.0	0.293146	0.078901
2655001	2656000	2655501	286.0	0.293669	-0.241008
2656001	2657000	2656501	309.0	0.294192	-0.129416
2657001	2658000	2657501	341.0	0.294714	0.012748
2658001	2659000	2658501	333.0	0.295237	-0.021501
2659001	2660000	2659501	311.0	0.295759	-0.120109
2660001	2661000	2660501	332.0	0.296282	-0.025840
2661001	2662000	2661501	345.0	0.296804	0.029573
2662001	2663000	2662501	365.0	0.297327	0.110873
2663001	2664000	2663501	347.0	0.297849	0.037912
2664001	2665000	2664501	374.0	0.298372	0.146015
2665001	2666000	2665501	312.0	0.298894	-0.115477
2666001	2667000	2666501	311.0	0.299417	-0.120109
2667001	2668000	2667501	352.0	0.299940	0.058552
2668001	2669000	2668501	351.0	0.300462	0.054448
2669001	2670000	2669501	298.0	0.300985	-0.181711
2670001	2671000	2670501	382.0	0.301507	0.176549
2671001	2672000	2671501	419.0	0.302030	0.309927
2672001	2673000	2672501	312.0	0.302552	-0.115477
2673001	2674000	2673501	297.0	0.303075	-0.186560
2674001	2675000	2674501	277.0	0.303597	-0.287137
2675001	2676000	2675501	330.0	0.304120	-0.034557
2676001	2677000	2676501	288.0	0.304642	-0.230954
2677001	2678000	2677501	333.0	0.305165	-0.021501
2678001	2679000	2678501	382.0	0.305688	0.176549
2679001	2680000	2679501	348.0	0.306210	0.042064
2680001	2681000	2680501	336.0	0.306733	-0.008562
2681001	2682000	2681501	293.0	0.307255	-0.206123
2682001	2683000	2682501	412.0	0.307778	0.285621
2683001	2684000	2683501	487.0	0.308300	0.526899
2684001	2685000	2684501	356.0	0.308823	0.074854
2685001	2686000	2685501	307.0	0.309345	-0.138785
2686001	2687000	2686501	374.0	0.309868	0.146015
2687001	2688000	2687501	433.0	0.310390	0.357344
2688001	2689000	2688501	386.0	0.310913	0.191578
2689001	2690000	2689501	366.0	0.311435	0.114820
2690001	2691000	2690501	569.0	0.311958	0.751405
2691001	2692000	2691501	504.0	0.312481	0.576400
2692001	2693000	2692501	412.0	0.313003	0.285621
2693001	2694000	2693501	302.0	0.313526	-0.162475
2694001	2695000	2694501	315.0	0.314048	-0.101671
2695001	2696000	2695501	423.0	0.314571	0.323634
2696001	2697000	2696501	333.0	0.315093	-0.021501
2697001	2698000	2697501	473.0	0.315616	0.484817
2698001	2699000	2698501	362.0	0.316138	0.098966
2699001	2700000	2699501	375.0	0.316661	0.149867
2700001	2701000	2700501	361.0	0.317183	0.094976
2701001	2702000	2701501	305.0	0.317706	-0.148214
2702001	2703000	2702501	306.0	0.318229	-0.143492
2703001	2704000	2703501	379.0	0.318751	0.165175
2704001	2705000	2704501	305.0	0.319274	-0.148214
2705001	2706000	2705501	324.0	0.319796	-0.061029
2706001	2707000	2706501	365.0	0.320319	0.110873
2707001	2708000	2707501	388.0	0.320841	0.199033
2708001	2709000	2708501	415.0	0.321364	0.296088
2709001	2710000	2709501	437.0	0.321886	0.370610
2710001	2711000	2710501	371.0	0.322409	0.134396
2711001	2712000	2711501	364.0	0.322931	0.106915
2712001	2713000	2712501	337.0	0.323454	-0.004275
2713001	2714000	2713501	348.0	0.323977	0.042064
2714001	2715000	2714501	271.0	0.324499	-0.318730
2715001	2716000	2715501	290.0	0.325022	-0.220970
2716001	2717000	2716501	328.0	0.325544	-0.043327
2717001	2718000	2717501	428.0	0.326067	0.340588
2718001	2719000	2718501	450.0	0.326589	0.412902
2719001	2720000	2719501	296.0	0.327112	-0.191426
2720001	2721000	2720501	315.0	0.327634	-0.101671
2721001	2722000	2721501	318.0	0.328157	-0.087996
2722001	2723000	2722501	341.0	0.328679	0.012748
2723001	2724000	2723501	378.0	0.329202	0.161363
2724001	2725000	2724501	328.0	0.329724	-0.043327
2725001	2726000	2725501	362.0	0.330247	0.098966
2726001	2727000	2726501	306.0	0.330770	-0.143492
2727001	2728000	2727501	358.0	0.331292	0.082936
2728001	2729000	2728501	319.0	0.331815	-0.083467
2729001	2730000	2729501	385.0	0.332337	0.187835
2730001	2731000	2730501	397.0	0.332860	0.232116
2731001	2732000	2731501	274.0	0.333382	-0.302847
2732001	2733000	2732501	271.0	0.333905	-0.318730
2733001	2734000	2733501	358.0	0.334427	0.082936
2734001	2735000	2734501	304.0	0.334950	-0.152952
2735001	2736000	2735501	369.0	0.335472	0.126598
2736001	2737000	2736501	340.0	0.335995	0.008511
2737001	2738000	2737501	379.0	0.336518	0.165175
2738001	2739000	2738501	381.0	0.337040	0.172768
2739001	2740000	2739501	321.0	0.337563	-0.074450
2740001	2741000	2740501	362.0	0.338085	0.098966
2741001	2742000	2741501	364.0	0.338608	0.106915
2742001	2743000	2742501	361.0	0.339130	0.094976
2743001	2744000	2743501	363.0	0.339653	0.102946
2744001	2745000	2744501	302.0	0.340175	-0.162475
2745001	2746000	2745501	382.0	0.340698	0.176549
2746001	2747000	2746501	347.0	0.341220	0.037912
2747001	2748000	2747501	341.0	0.341743	0.012748
2748001	2749000	2748501	310.0	0.342266	-0.124755
2749001	2750000	2749501	360.0	0.342788	0.090974
2750001	2751000	2750501	409.0	0.343311	0.275078
2751001	2752000	2751501	333.0	0.343833	-0.021501
2752001	2753000	2752501	363.0	0.344356	0.102946
2753001	2754000	2753501	427.0	0.344878	0.337213
2754001	2755000	2754501	336.0	0.345401	-0.008562
2755001	2756000	2755501	333.0	0.345923	-0.021501
2756001	2757000	2756501	369.0	0.346446	0.126598
2757001	2758000	2757501	386.0	0.346968	0.191578
2758001	2759000	2758501	354.0	0.347491	0.066726
2759001	2760000	2759501	385.0	0.348013	0.187835
2760001	2761000	2760501	335.0	0.348536	-0.012862
2761001	2762000	2761501	400.0	0.349059	0.242977
2762001	2763000	2762501	381.0	0.349581	0.172768
2763001	2764000	2763501	315.0	0.350104	-0.101671
2764001	2765000	2764501	374.0	0.350626	0.146015
2765001	2766000	2765501	401.0	0.351149	0.246579
2766001	2767000	2766501	380.0	0.351671	0.168976
2767001	2768000	2767501	345.0	0.352194	0.029573
2768001	2769000	2768501	405.0	0.352716	0.260899
2769001	2770000	2769501	410.0	0.353239	0.278601
2770001	2771000	2770501	395.0	0.353761	0.224829
2771001	2772000	2771501	371.0	0.354284	0.134396
2772001	2773000	2772501	392.0	0.354807	0.213830
2773001	2774000	2773501	480.0	0.355329	0.506011
2774001	2775000	2774501	335.0	0.355852	-0.012862
2775001	2776000	2775501	437.0	0.356374	0.370610
2776001	2777000	2776501	428.0	0.356897	0.340588
2777001	2778000	2777501	318.0	0.357419	-0.087996
2778001	2779000	2778501	391.0	0.357942	0.210145
2779001	2780000	2779501	441.0	0.358464	0.383755
2780001	2781000	2780501	389.0	0.358987	0.202747
2781001	2782000	2781501	373.0	0.359509	0.142152
2782001	2783000	2782501	326.0	0.360032	-0.052151
2783001	2784000	2783501	363.0	0.360555	0.102946
2784001	2785000	2784501	329.0	0.361077	-0.038936
2785001	2786000	2785501	307.0	0.361600	-0.138785
2786001	2787000	2786501	446.0	0.362122	0.400020
2787001	2788000	2787501	440.0	0.362645	0.380480
2788001	2789000	2788501	387.0	0.363167	0.195310
2789001	2790000	2789501	439.0	0.363690	0.377198
2790001	2791000	2790501	424.0	0.364212	0.327041
2791001	2792000	2791501	407.0	0.364735	0.268006
2792001	2793000	2792501	407.0	0.365257	0.268006
2793001	2794000	2793501	389.0	0.365780	0.202747
2794001	2795000	2794501	428.0	0.366302	0.340588
2795001	2796000	2795501	416.0	0.366825	0.299560
2796001	2797000	2796501	380.0	0.367348	0.168976
2797001	2798000	2797501	349.0	0.367870	0.046204
2798001	2799000	2798501	314.0	0.368393	-0.106259
2799001	2800000	2799501	412.0	0.368915	0.285621
2800001	2801000	2800501	384.0	0.369438	0.184083
2801001	2802000	2801501	350.0	0.369960	0.050332
2802001	2803000	2802501	361.0	0.370483	0.094976
2803001	2804000	2803501	359.0	0.371005	0.086961
2804001	2805000	2804501	363.0	0.371528	0.102946
2805001	2806000	2805501	349.0	0.372050	0.046204
2806001	2807000	2806501	374.0	0.372573	0.146015
2807001	2808000	2807501	341.0	0.373096	0.012748
2808001	2809000	2808501	380.0	0.373618	0.168976
2809001	2810000	2809501	424.0	0.374141	0.327041
2810001	2811000	2810501	340.0	0.374663	0.008511
2811001	2812000	2811501	305.0	0.375186	-0.148214
2812001	2813000	2812501	403.0	0.375708	0.253757
2813001	2814000	2813501	392.0	0.376231	0.213830
2814001	2815000	2814501	261.0	0.376753	-0.372973
2815001	2816000	2815501	318.0	0.377276	-0.087996
2816001	2817000	2816501	394.0	0.377798	0.221172
2817001	2818000	2817501	362.0	0.378321	0.098966
2818001	2819000	2818501	378.0	0.378843	0.161363
2819001	2820000	2819501	405.0	0.379366	0.260899
2820001	2821000	2820501	350.0	0.379889	0.050332
2821001	2822000	2821501	340.0	0.380411	0.008511
2822001	2823000	2822501	342.0	0.380934	0.016973
2823001	2824000	2823501	310.0	0.381456	-0.124755
2824001	2825000	2824501	314.0	0.381979	-0.106259
2825001	2826000	2825501	311.0	0.382501	-0.120109
2826001	2827000	2826501	308.0	0.383024	-0.134093
2827001	2828000	2827501	361.0	0.383546	0.094976
2828001	2829000	2828501	352.0	0.384069	0.058552
2829001	2830000	2829501	368.0	0.384591	0.122683
2830001	2831000	2830501	314.0	0.385114	-0.106259
2831001	2832000	2831501	318.0	0.385637	-0.087996
2832001	2833000	2832501	351.0	0.386159	0.054448
2833001	2834000	2833501	404.0	0.386682	0.257332
2834001	2835000	2834501	388.0	0.387204	0.199033
2835001	2836000	2835501	381.0	0.387727	0.172768
2836001	2837000	2836501	331.0	0.388249	-0.030192
2837001	2838000	2837501	327.0	0.388772	-0.047733
2838001	2839000	2838501	354.0	0.389294	0.066726
2839001	2840000	2839501	359.0	0.389817	0.086961
2840001	2841000	2840501	508.0	0.390339	0.587805
2841001	2842000	2841501	469.0	0.390862	0.472565
2842001	2843000	2842501	418.0	0.391385	0.306480
2843001	2844000	2843501	442.0	0.391907	0.387023
2844001	2845000	2844501	402.0	0.392430	0.250172
2845001	2846000	2845501	398.0	0.392952	0.235745
2846001	2847000	2846501	409.0	0.393475	0.275078
2847001	2848000	2847501	433.0	0.393997	0.357344
2848001	2849000	2848501	428.0	0.394520	0.340588
2849001	2850000	2849501	421.0	0.395042	0.316797
2850001	2851000	2850501	383.0	0.395565	0.180321
2851001	2852000	2851501	416.0	0.396087	0.299560
2852001	2853000	2852501	486.0	0.396610	0.523933
2853001	2854000	2853501	410.0	0.397132	0.278601
2854001	2855000	2854501	328.0	0.397655	-0.043327
2855001	2856000	2855501	324.0	0.398178	-0.061029
2856001	2857000	2856501	340.0	0.398700	0.008511
2857001	2858000	2857501	347.0	0.399223	0.037912
2858001	2859000	2858501	478.0	0.399745	0.499987
2859001	2860000	2859501	351.0	0.400268	0.054448
2860001	2861000	2860501	380.0	0.400790	0.168976
2861001	2862000	2861501	417.0	0.401313	0.303024
2862001	2863000	2862501	446.0	0.401835	0.400020
2863001	2864000	2863501	313.0	0.402358	-0.110861
2864001	2865000	2864501	310.0	0.402880	-0.124755
2865001	2866000	2865501	335.0	0.403403	-0.012862
2866001	2867000	2866501	312.0	0.403926	-0.115477
2867001	2868000	2867501	343.0	0.404448	0.021185
2868001	2869000	2868501	309.0	0.404971	-0.129416
2869001	2870000	2869501	315.0	0.405493	-0.101671
2870001	2871000	2870501	331.0	0.406016	-0.030192
2871001	2872000	2871501	323.0	0.406538	-0.065489
2872001	2873000	2872501	322.0	0.407061	-0.069963
2873001	2874000	2873501	325.0	0.407583	-0.056584
2874001	2875000	2874501	368.0	0.408106	0.122683
2875001	2876000	2875501	368.0	0.408628	0.122683
2876001	2877000	2876501	350.0	0.409151	0.050332
2877001	2878000	2877501	406.0	0.409674	0.264456
2878001	2879000	2878501	405.0	0.410196	0.260899
2879001	2880000	2879501	366.0	0.410719	0.114820
2880001	2881000	2880501	316.0	0.411241	-0.097099
2881001	2882000	2881501	318.0	0.411764	-0.087996
2882001	2883000	2882501	465.0	0.412286	0.460207
2883001	2884000	2883501	376.0	0.412809	0.153709
2884001	2885000	2884501	408.0	0.413331	0.271546
2885001	2886000	2885501	322.0	0.413854	-0.069963
2886001	2887000	2886501	300.0	0.414376	-0.172061
2887001	2888000	2887501	319.0	0.414899	-0.083467
2888001	2889000	2888501	367.0	0.415421	0.118757
2889001	2890000	2889501	306.0	0.415944	-0.143492
2890001	2891000	2890501	365.0	0.416467	0.110873
2891001	2892000	2891501	379.0	0.416989	0.165175
2892001	2893000	2892501	320.0	0.417512	-0.078951
2893001	2894000	2893501	396.0	0.418034	0.228477
2894001	2895000	2894501	298.0	0.418557	-0.181711
2895001	2896000	2895501	336.0	0.419079	-0.008562
2896001	2897000	2896501	357.0	0.419602	0.078901
2897001	2898000	2897501	458.0	0.420124	0.438324
2898001	2899000	2898501	370.0	0.420647	0.130502
2899001	2900000	2899501	420.0	0.421169	0.313366
2900001	2901000	2900501	439.0	0.421692	0.377198
2901001	2902000	2901501	352.0	0.422215	0.058552
2902001	2903000	2902501	462.0	0.422737	0.450870
2903001	2904000	2903501	322.0	0.423260	-0.069963
2904001	2905000	2904501	382.0	0.423782	0.176549
2905001	2906000	2905501	333.0	0.424305	-0.021501
2906001	2907000	2906501	383.0	0.424827	0.180321
2907001	2908000	2907501	388.0	0.425350	0.199033
2908001	2909000	2908501	340.0	0.425872	0.008511
2909001	2910000	2909501	363.0	0.426395	0.102946
2910001	2911000	2910501	304.0	0.426917	-0.152952
2911001	2912000	2911501	337.0	0.427440	-0.004275
2912001	2913000	2912501	389.0	0.427963	0.202747
2913001	2914000	2913501	415.0	0.428485	0.296088
2914001	2915000	2914501	272.0	0.429008	-0.313417
2915001	2916000	2915501	270.0	0.429530	-0.324064
2916001	2917000	2916501	263.0	0.430053	-0.361960
2917001	2918000	2917501	312.0	0.430575	-0.115477
2918001	2919000	2918501	313.0	0.431098	-0.110861
2919001	2920000	2919501	278.0	0.431620	-0.281938
2920001	2921000	2920501	352.0	0.432143	0.058552
2921001	2922000	2921501	368.0	0.432665	0.122683
2922001	2923000	2922501	305.0	0.433188	-0.148214
2923001	2924000	2923501	321.0	0.433710	-0.074450
2924001	2925000	2924501	457.0	0.434233	0.435171
2925001	2926000	2925501	565.0	0.434756	0.741228
2926001	2927000	2926501	338.0	0.435278	0.000000
2927001	2928000	2927501	335.0	0.435801	-0.012862
2928001	2929000	2928501	374.0	0.436323	0.146015
2929001	2930000	2929501	324.0	0.436846	-0.061029
2930001	2931000	2930501	263.0	0.437368	-0.361960
2931001	2932000	2931501	370.0	0.437891	0.130502
2932001	2933000	2932501	419.0	0.438413	0.309927
2933001	2934000	2933501	376.0	0.438936	0.153709
2934001	2935000	2934501	330.0	0.439458	-0.034557
2935001	2936000	2935501	350.0	0.439981	0.050332
2936001	2937000	2936501	329.0	0.440504	-0.038936
2937001	2938000	2937501	378.0	0.441026	0.161363
2938001	2939000	2938501	361.0	0.441549	0.094976
2939001	2940000	2939501	308.0	0.442071	-0.134093
2940001	2941000	2940501	359.0	0.442594	0.086961
2941001	2942000	2941501	376.0	0.443116	0.153709
2942001	2943000	2942501	401.0	0.443639	0.246579
2943001	2944000	2943501	310.0	0.444161	-0.124755
2944001	2945000	2944501	358.0	0.444684	0.082936
2945001	2946000	2945501	292.0	0.445206	-0.211055
2946001	2947000	2946501	300.0	0.445729	-0.172061
2947001	2948000	2947501	311.0	0.446252	-0.120109
2948001	2949000	2948501	349.0	0.446774	0.046204
2949001	2950000	2949501	384.0	0.447297	0.184083
2950001	2951000	2950501	273.0	0.447819	-0.308122
2951001	2952000	2951501	338.0	0.448342	0.000000
2952001	2953000	2952501	330.0	0.448864	-0.034557
2953001	2954000	2953501	372.0	0.449387	0.138279
2954001	2955000	2954501	330.0	0.449909	-0.034557
2955001	2956000	2955501	289.0	0.450432	-0.225954
2956001	2957000	2956501	378.0	0.450954	0.161363
2957001	2958000	2957501	353.0	0.451477	0.062645
2958001	2959000	2958501	372.0	0.451999	0.138279
2959001	2960000	2959501	397.0	0.452522	0.232116
2960001	2961000	2960501	320.0	0.453045	-0.078951
2961001	2962000	2961501	263.0	0.453567	-0.361960
2962001	2963000	2962501	307.0	0.454090	-0.138785
2963001	2964000	2963501	313.0	0.454612	-0.110861
2964001	2965000	2964501	325.0	0.455135	-0.056584
2965001	2966000	2965501	326.0	0.455657	-0.052151
2966001	2967000	2966501	296.0	0.456180	-0.191426
2967001	2968000	2967501	325.0	0.456702	-0.056584
2968001	2969000	2968501	387.0	0.457225	0.195310
2969001	2970000	2969501	313.0	0.457747	-0.110861
2970001	2971000	2970501	337.0	0.458270	-0.004275
2971001	2972000	2971501	501.0	0.458793	0.567787
2972001	2973000	2972501	370.0	0.459315	0.130502
2973001	2974000	2973501	385.0	0.459838	0.187835
2974001	2975000	2974501	333.0	0.460360	-0.021501
2975001	2976000	2975501	406.0	0.460883	0.264456
2976001	2977000	2976501	330.0	0.461405	-0.034557
2977001	2978000	2977501	322.0	0.461928	-0.069963
2978001	2979000	2978501	282.0	0.462450	-0.261328
2979001	2980000	2979501	254.0	0.462973	-0.412195
2980001	2981000	2980501	309.0	0.463495	-0.129416
2981001	2982000	2981501	324.0	0.464018	-0.061029
2982001	2983000	2982501	357.0	0.464541	0.078901
2983001	2984000	2983501	367.0	0.465063	0.118757
2984001	2985000	2984501	400.0	0.465586	0.242977
2985001	2986000	2985501	392.0	0.466108	0.213830
2986001	2987000	2986501	335.0	0.466631	-0.012862
2987001	2988000	2987501	350.0	0.467153	0.050332
2988001	2989000	2988501	265.0	0.467676	-0.351031
2989001	2990000	2989501	372.0	0.468198	0.138279
2990001	2991000	2990501	358.0	0.468721	0.082936
2991001	2992000	2991501	338.0	0.469243	0.000000
2992001	2993000	2992501	351.0	0.469766	0.054448
2993001	2994000	2993501	427.0	0.470288	0.337213
2994001	2995000	2994501	344.0	0.470811	0.025385
2995001	2996000	2995501	357.0	0.471334	0.078901
2996001	2997000	2996501	355.0	0.471856	0.070796
2997001	2998000	2997501	323.0	0.472379	-0.065489
2998001	2999000	2998501	331.0	0.472901	-0.030192
2999001	3000000	2999501	420.0	0.473424	0.313366
3000001	3001000	3000501	401.0	0.473946	0.246579
3001001	3002000	3001501	341.0	0.474469	0.012748
3002001	3003000	3002501	390.0	0.474991	0.206451
3003001	3004000	3003501	462.0	0.475514	0.450870
3004001	3005000	3004501	383.0	0.476036	0.180321
3005001	3006000	3005501	280.0	0.476559	-0.271596
3006001	3007000	3006501	366.0	0.477082	0.114820
3007001	3008000	3007501	304.0	0.477604	-0.152952
3008001	3009000	3008501	294.0	0.478127	-0.201207
3009001	3010000	3009501	354.0	0.478649	0.066726
3010001	3011000	3010501	353.0	0.479172	0.062645
3011001	3012000	3011501	268.0	0.479694	-0.334790
3012001	3013000	3012501	221.0	0.480217	-0.612977
3013001	3014000	3013501	294.0	0.480739	-0.201207
3014001	3015000	3014501	341.0	0.481262	0.012748
3015001	3016000	3015501	397.0	0.481784	0.232116
3016001	3017000	3016501	382.0	0.482307	0.176549
3017001	3018000	3017501	309.0	0.482830	-0.129416
3018001	3019000	3018501	299.0	0.483352	-0.176878
3019001	3020000	3019501	356.0	0.483875	0.074854
3020001	3021000	3020501	397.0	0.484397	0.232116
3021001	3022000	3021501	302.0	0.484920	-0.162475
3022001	3023000	3022501	306.0	0.485442	-0.143492
3023001	3024000	3023501	338.0	0.485965	0.000000
3024001	3025000	3024501	324.0	0.486487	-0.061029
3025001	3026000	3025501	332.0	0.487010	-0.025840
3026001	3027000	3026501	550.0	0.487532	0.702408
3027001	3028000	3027501	526.0	0.488055	0.638040
3028001	3029000	3028501	528.0	0.488577	0.643515
3029001	3030000	3029501	489.0	0.489100	0.532811
3030001	3031000	3030501	389.0	0.489623	0.202747
3031001	3032000	3031501	305.0	0.490145	-0.148214
3032001	3033000	3032501	277.0	0.490668	-0.287137
3033001	3034000	3033501	286.0	0.491190	-0.241008
3034001	3035000	3034501	330.0	0.491713	-0.034557
3035001	3036000	3035501	334.0	0.492235	-0.017175
3036001	3037000	3036501	318.0	0.492758	-0.087996
3037001	3038000	3037501	303.0	0.493280	-0.157705
3038001	3039000	3038501	313.0	0.493803	-0.110861
3039001	3040000	3039501	318.0	0.494325	-0.087996
3040001	3041000	3040501	331.0	0.494848	-0.030192
3041001	3042000	3041501	352.0	0.495371	0.058552
3042001	3043000	3042501	340.0	0.495893	0.008511
3043001	3044000	3043501	347.0	0.496416	0.037912
3044001	3045000	3044501	428.0	0.496938	0.340588
3045001	3046000	3045501	351.0	0.497461	0.054448
3046001	3047000	3046501	312.0	0.497983	-0.115477
3047001	3048000	3047501	279.0	0.498506	-0.276758
3048001	3049000	3048501	251.0	0.499028	-0.429336
3049001	3050000	3049501	327.0	0.499551	-0.047733
3050001	3051000	3050501	387.0	0.500073	0.195310
3051001	3052000	3051501	314.0	0.500596	-0.106259
3052001	3053000	3052501	440.0	0.501119	0.380480
3053001	3054000	3053501	330.0	0.501641	-0.034557
3054001	3055000	3054501	325.0	0.502164	-0.056584
3055001	3056000	3055501	365.0	0.502686	0.110873
3056001	3057000	3056501	325.0	0.503209	-0.056584
3057001	3058000	3057501	292.0	0.503731	-0.211055
3058001	3059000	3058501	389.0	0.504254	0.202747
3059001	3060000	3059501	341.0	0.504776	0.012748
3060001	3061000	3060501	343.0	0.505299	0.021185
3061001	3062000	3061501	361.0	0.505821	0.094976
3062001	3063000	3062501	348.0	0.506344	0.042064
3063001	3064000	3063501	345.0	0.506866	0.029573
3064001	3065000	3064501	384.0	0.507389	0.184083
3065001	3066000	3065501	291.0	0.507912	-0.216004
3066001	3067000	3066501	299.0	0.508434	-0.176878
3067001	3068000	3067501	334.0	0.508957	-0.017175
3068001	3069000	3068501	288.0	0.509479	-0.230954
3069001	3070000	3069501	288.0	0.510002	-0.230954
3070001	3071000	3070501	346.0	0.510524	0.033749
3071001	3072000	3071501	310.0	0.511047	-0.124755
3072001	3073000	3072501	330.0	0.511569	-0.034557
3073001	3074000	3073501	288.0	0.512092	-0.230954
3074001	3075000	3074501	256.0	0.512614	-0.400879
3075001	3076000	3075501	293.0	0.513137	-0.206123
3076001	3077000	3076501	287.0	0.513660	-0.235973
3077001	3078000	3077501	340.0	0.514182	0.008511
3078001	3079000	3078501	377.0	0.514705	0.157541
3079001	3080000	3079501	377.0	0.515227	0.157541
3080001	3081000	3080501	373.0	0.515750	0.142152
3081001	3082000	3081501	289.0	0.516272	-0.225954
3082001	3083000	3082501	360.0	0.516795	0.090974
3083001	3084000	3083501	427.0	0.517317	0.337213
3084001	3085000	3084501	542.0	0.517840	0.681270
3085001	3086000	3085501	470.0	0.518362	0.475638
3086001	3087000	3086501	340.0	0.518885	0.008511
3087001	3088000	3087501	337.0	0.519407	-0.004275
3088001	3089000	3088501	280.0	0.519930	-0.271596
3089001	3090000	3089501	357.0	0.520453	0.078901
3090001	3091000	3090501	304.0	0.520975	-0.152952
3091001	3092000	3091501	300.0	0.521498	-0.172061
3092001	3093000	3092501	319.0	0.522020	-0.083467
3093001	3094000	3093501	300.0	0.522543	-0.172061
3094001	3095000	3094501	296.0	0.523065	-0.191426
3095001	3096000	3095501	289.0	0.523588	-0.225954
3096001	3097000	3096501	371.0	0.524110	0.134396
3097001	3098000	3097501	343.0	0.524633	0.021185
3098001	3099000	3098501	324.0	0.525155	-0.061029
3099001	3100000	3099501	325.0	0.525678	-0.056584
3100001	3101000	3100501	307.0	0.526201	-0.138785
3101001	3102000	3101501	413.0	0.526723	0.289119
3102001	3103000	3102501	356.0	0.527246	0.074854
3103001	3104000	3103501	336.0	0.527768	-0.008562
3104001	3105000	3104501	346.0	0.528291	0.033749
3105001	3106000	3105501	394.0	0.528813	0.221172
3106001	3107000	3106501	417.0	0.529336	0.303024
3107001	3108000	3107501	365.0	0.529858	0.110873
3108001	3109000	3108501	371.0	0.530381	0.134396
3109001	3110000	3109501	361.0	0.530903	0.094976
3110001	3111000	3110501	349.0	0.531426	0.046204
3111001	3112000	3111501	379.0	0.531949	0.165175
3112001	3113000	3112501	375.0	0.532471	0.149867
3113001	3114000	3113501	275.0	0.532994	-0.297592
3114001	3115000	3114501	297.0	0.533516	-0.186560
3115001	3116000	3115501	344.0	0.534039	0.025385
3116001	3117000	3116501	358.0	0.534561	0.082936
3117001	3118000	3117501	346.0	0.535084	0.033749
3118001	3119000	3118501	317.0	0.535606	-0.092540
3119001	3120000	3119501	391.0	0.536129	0.210145
3120001	3121000	3120501	367.0	0.536651	0.118757
3121001	3122000	3121501	378.0	0.537174	0.161363
3122001	3123000	3122501	312.0	0.537696	-0.115477
3123001	3124000	3123501	352.0	0.538219	0.058552
3124001	3125000	3124501	469.0	0.538742	0.472565
3125001	3126000	3125501	321.0	0.539264	-0.074450
3126001	3127000	3126501	277.0	0.539787	-0.287137
3127001	3128000	3127501	343.0	0.540309	0.021185
3128001	3129000	3128501	416.0	0.540832	0.299560
3129001	3130000	3129501	366.0	0.541354	0.114820
3130001	3131000	3130501	358.0	0.541877	0.082936
3131001	3132000	3131501	404.0	0.542399	0.257332
3132001	3133000	3132501	368.0	0.542922	0.122683
3133001	3134000	3133501	394.0	0.543444	0.221172
3134001	3135000	3134501	575.0	0.543967	0.766539
3135001	3136000	3135501	380.0	0.544490	0.168976
3136001	3137000	3136501	364.0	0.545012	0.106915
3137001	3138000	3137501	444.0	0.545535	0.393536
3138001	3139000	3138501	332.0	0.546057	-0.025840
3139001	3140000	3139501	317.0	0.546580	-0.092540
3140001	3141000	3140501	423.0	0.547102	0.323634
3141001	3142000	3141501	335.0	0.547625	-0.012862
3142001	3143000	3142501	406.0	0.548147	0.264456
3143001	3144000	3143501	347.0	0.548670	0.037912
3144001	3145000	3144501	295.0	0.549192	-0.196308
3145001	3146000	3145501	296.0	0.549715	-0.191426
3146001	3147000	3146501	328.0	0.550238	-0.043327
3147001	3148000	3147501	334.0	0.550760	-0.017175
3148001	3149000	3148501	291.0	0.551283	-0.216004
3149001	3150000	3149501	412.0	0.551805	0.285621
3150001	3151000	3150501	318.0	0.552328	-0.087996
3151001	3152000	3151501	290.0	0.552850	-0.220970
3152001	3153000	3152501	339.0	0.553373	0.004262
3153001	3154000	3153501	301.0	0.553895	-0.167260
3154001	3155000	3154501	401.0	0.554418	0.246579
3155001	3156000	3155501	334.0	0.554940	-0.017175
3156001	3157000	3156501	351.0	0.555463	0.054448
3157001	3158000	3157501	341.0	0.555985	0.012748
3158001	3159000	3158501	310.0	0.556508	-0.124755
3159001	3160000	3159501	325.0	0.557031	-0.056584
3160001	3161000	3160501	296.0	0.557553	-0.191426
3161001	3162000	3161501	349.0	0.558076	0.046204
3162001	3163000	3162501	363.0	0.558598	0.102946
3163001	3164000	3163501	269.0	0.559121	-0.329417
3164001	3165000	3164501	329.0	0.559643	-0.038936
3165001	3166000	3165501	374.0	0.560166	0.146015
3166001	3167000	3166501	390.0	0.560688	0.206451
3167001	3168000	3167501	374.0	0.561211	0.146015
3168001	3169000	3168501	376.0	0.561733	0.153709
3169001	3170000	3169501	500.0	0.562256	0.564905
3170001	3171000	3170501	453.0	0.562779	0.422488
3171001	3172000	3171501	301.0	0.563301	-0.167260
3172001	3173000	3172501	329.0	0.563824	-0.038936
3173001	3174000	3173501	314.0	0.564346	-0.106259
3174001	3175000	3174501	263.0	0.564869	-0.361960
3175001	3176000	3175501	325.0	0.565391	-0.056584
3176001	3177000	3176501	411.0	0.565914	0.282115
3177001	3178000	3177501	323.0	0.566436	-0.065489
3178001	3179000	3178501	341.0	0.566959	0.012748
3179001	3180000	3179501	355.0	0.567481	0.070796
3180001	3181000	3180501	348.0	0.568004	0.042064
3181001	3182000	3181501	316.0	0.568527	-0.097099
3182001	3183000	3182501	381.0	0.569049	0.172768
3183001	3184000	3183501	338.0	0.569572	0.000000
3184001	3185000	3184501	332.0	0.570094	-0.025840
3185001	3186000	3185501	374.0	0.570617	0.146015
3186001	3187000	3186501	350.0	0.571139	0.050332
3187001	3188000	3187501	325.0	0.571662	-0.056584
3188001	3189000	3188501	280.0	0.572184	-0.271596
3189001	3190000	3189501	294.0	0.572707	-0.201207
3190001	3191000	3190501	323.0	0.573229	-0.065489
3191001	3192000	3191501	302.0	0.573752	-0.162475
3192001	3193000	3192501	302.0	0.574274	-0.162475
3193001	3194000	3193501	372.0	0.574797	0.138279
3194001	3195000	3194501	354.0	0.575320	0.066726
3195001	3196000	3195501	301.0	0.575842	-0.167260
3196001	3197000	3196501	340.0	0.576365	0.008511
3197001	3198000	3197501	309.0	0.576887	-0.129416
3198001	3199000	3198501	341.0	0.577410	0.012748
3199001	3200000	3199501	449.0	0.577932	0.409692
3200001	3201000	3200501	377.0	0.578455	0.157541
3201001	3202000	3201501	379.0	0.578977	0.165175
3202001	3203000	3202501	355.0	0.579500	0.070796
3203001	3204000	3203501	302.0	0.580022	-0.162475
3204001	3205000	3204501	401.0	0.580545	0.246579
3205001	3206000	3205501	370.0	0.581068	0.130502
3206001	3207000	3206501	285.0	0.581590	-0.246061
3207001	3208000	3207501	384.0	0.582113	0.184083
3208001	3209000	3208501	580.0	0.582635	0.779030
3209001	3210000	3209501	364.0	0.583158	0.106915
3210001	3211000	3210501	494.0	0.583680	0.547488
3211001	3212000	3211501	426.0	0.584203	0.333830
3212001	3213000	3212501	393.0	0.584725	0.217506
3213001	3214000	3213501	425.0	0.585248	0.330440
3214001	3215000	3214501	327.0	0.585770	-0.047733
3215001	3216000	3215501	286.0	0.586293	-0.241008
3216001	3217000	3216501	485.0	0.586816	0.520962
3217001	3218000	3217501	490.0	0.587338	0.535759
3218001	3219000	3218501	398.0	0.587861	0.235745
3219001	3220000	3219501	336.0	0.588383	-0.008562
3220001	3221000	3220501	342.0	0.588906	0.016973
3221001	3222000	3221501	373.0	0.589428	0.142152
3222001	3223000	3222501	325.0	0.589951	-0.056584
3223001	3224000	3223501	334.0	0.590473	-0.017175
3224001	3225000	3224501	320.0	0.590996	-0.078951
3225001	3226000	3225501	344.0	0.591518	0.025385
3226001	3227000	3226501	316.0	0.592041	-0.097099
3227001	3228000	3227501	513.0	0.592563	0.601936
3228001	3229000	3228501	472.0	0.593086	0.481764
3229001	3230000	3229501	352.0	0.593609	0.058552
3230001	3231000	3230501	341.0	0.594131	0.012748
3231001	3232000	3231501	515.0	0.594654	0.607549
3232001	3233000	3232501	350.0	0.595176	0.050332
3233001	3234000	3233501	420.0	0.595699	0.313366
3234001	3235000	3234501	483.0	0.596221	0.515000
3235001	3236000	3235501	379.0	0.596744	0.165175
3236001	3237000	3236501	346.0	0.597266	0.033749
3237001	3238000	3237501	345.0	0.597789	0.029573
3238001	3239000	3238501	304.0	0.598311	-0.152952
3239001	3240000	3239501	355.0	0.598834	0.070796
3240001	3241000	3240501	307.0	0.599357	-0.138785
3241001	3242000	3241501	323.0	0.599879	-0.065489
3242001	3243000	3242501	279.0	0.600402	-0.276758
3243001	3244000	3243501	473.0	0.600924	0.484817
3244001	3245000	3244501	310.0	0.601447	-0.124755
3245001	3246000	3245501	346.0	0.601969	0.033749
3246001	3247000	3246501	480.0	0.602492	0.506011
3247001	3248000	3247501	363.0	0.603014	0.102946
3248001	3249000	3248501	617.0	0.603537	0.868247
3249001	3250000	3249501	644.0	0.604059	0.930037
3250001	3251000	3250501	355.0	0.604582	0.070796
3251001	3252000	3251501	366.0	0.605105	0.114820
3252001	3253000	3252501	298.0	0.605627	-0.181711
3253001	3254000	3253501	320.0	0.606150	-0.078951
3254001	3255000	3254501	326.0	0.606672	-0.052151
3255001	3256000	3255501	370.0	0.607195	0.130502
3256001	3257000	3256501	381.0	0.607717	0.172768
3257001	3258000	3257501	339.0	0.608240	0.004262
3258001	3259000	3258501	290.0	0.608762	-0.220970
3259001	3260000	3259501	297.0	0.609285	-0.186560
3260001	3261000	3260501	312.0	0.609807	-0.115477
3261001	3262000	3261501	384.0	0.610330	0.184083
3262001	3263000	3262501	296.0	0.610852	-0.191426
3263001	3264000	3263501	273.0	0.611375	-0.308122
3264001	3265000	3264501	320.0	0.611898	-0.078951
3265001	3266000	3265501	307.0	0.612420	-0.138785
3266001	3267000	3266501	250.0	0.612943	-0.435095
3267001	3268000	3267501	335.0	0.613465	-0.012862
3268001	3269000	3268501	311.0	0.613988	-0.120109
3269001	3270000	3269501	304.0	0.614510	-0.152952
3270001	3271000	3270501	271.0	0.615033	-0.318730
3271001	3272000	3271501	312.0	0.615555	-0.115477
3272001	3273000	3272501	325.0	0.616078	-0.056584
3273001	3274000	3273501	369.0	0.616600	0.126598
3274001	3275000	3274501	336.0	0.617123	-0.008562
3275001	3276000	3275501	313.0	0.617646	-0.110861
3276001	3277000	3276501	387.0	0.618168	0.195310
3277001	3278000	3277501	362.0	0.618691	0.098966
3278001	3279000	3278501	295.0	0.619213	-0.196308
3279001	3280000	3279501	316.0	0.619736	-0.097099
3280001	3281000	3280501	296.0	0.620258	-0.191426
3281001	3282000	3281501	297.0	0.620781	-0.186560
3282001	3283000	3282501	302.0	0.621303	-0.162475
3283001	3284000	3283501	371.0	0.621826	0.134396
3284001	3285000	3284501	273.0	0.622348	-0.308122
3285001	3286000	3285501	273.0	0.622871	-0.308122
3286001	3287000	3286501	304.0	0.623394	-0.152952
3287001	3288000	3287501	306.0	0.623916	-0.143492
3288001	3289000	3288501	348.0	0.624439	0.042064
3289001	3290000	3289501	325.0	0.624961	-0.056584
3290001	3291000	3290501	407.0	0.625484	0.268006
3291001	3292000	3291501	403.0	0.626006	0.253757
3292001	3293000	3292501	353.0	0.626529	0.062645
3293001	3294000	3293501	325.0	0.627051	-0.056584
3294001	3295000	3294501	312.0	0.627574	-0.115477
3295001	3296000	3295501	395.0	0.628096	0.224829
3296001	3297000	3296501	569.0	0.628619	0.751405
3297001	3298000	3297501	334.0	0.629141	-0.017175
3298001	3299000	3298501	306.0	0.629664	-0.143492
3299001	3300000	3299501	320.0	0.630187	-0.078951
3300001	3301000	3300501	300.0	0.630709	-0.172061
3301001	3302000	3301501	267.0	0.631232	-0.340184
3302001	3303000	3302501	315.0	0.631754	-0.101671
3303001	3304000	3303501	322.0	0.632277	-0.069963
3304001	3305000	3304501	308.0	0.632799	-0.134093
3305001	3306000	3305501	350.0	0.633322	0.050332
3306001	3307000	3306501	327.0	0.633844	-0.047733
3307001	3308000	3307501	400.0	0.634367	0.242977
3308001	3309000	3308501	407.0	0.634889	0.268006
3309001	3310000	3309501	305.0	0.635412	-0.148214
3310001	3311000	3310501	284.0	0.635935	-0.251132
3311001	3312000	3311501	307.0	0.636457	-0.138785
3312001	3313000	3312501	300.0	0.636980	-0.172061
3313001	3314000	3313501	367.0	0.637502	0.118757
3314001	3315000	3314501	389.0	0.638025	0.202747
3315001	3316000	3315501	342.0	0.638547	0.016973
3316001	3317000	3316501	339.0	0.639070	0.004262
3317001	3318000	3317501	259.0	0.639592	-0.384071
3318001	3319000	3318501	302.0	0.640115	-0.162475
3319001	3320000	3319501	298.0	0.640637	-0.181711
3320001	3321000	3320501	411.0	0.641160	0.282115
3321001	3322000	3321501	290.0	0.641683	-0.220970
3322001	3323000	3322501	263.0	0.642205	-0.361960
3323001	3324000	3323501	333.0	0.642728	-0.021501
3324001	3325000	3324501	337.0	0.643250	-0.004275
3325001	3326000	3325501	312.0	0.643773	-0.115477
3326001	3327000	3326501	323.0	0.644295	-0.065489
3327001	3328000	3327501	460.0	0.644818	0.444611
3328001	3329000	3328501	323.0	0.645340	-0.065489
3329001	3330000	3329501	288.0	0.645863	-0.230954
3330001	3331000	3330501	261.0	0.646385	-0.372973
3331001	3332000	3331501	302.0	0.646908	-0.162475
3332001	3333000	3332501	317.0	0.647430	-0.092540
3333001	3334000	3333501	358.0	0.647953	0.082936
3334001	3335000	3334501	344.0	0.648476	0.025385
3335001	3336000	3335501	357.0	0.648998	0.078901
3336001	3337000	3336501	313.0	0.649521	-0.110861
3337001	3338000	3337501	316.0	0.650043	-0.097099
3338001	3339000	3338501	335.0	0.650566	-0.012862
3339001	3340000	3339501	277.0	0.651088	-0.287137
3340001	3341000	3340501	396.0	0.651611	0.228477
3341001	3342000	3341501	364.0	0.652133	0.106915
3342001	3343000	3342501	367.0	0.652656	0.118757
3343001	3344000	3343501	558.0	0.653178	0.723242
3344001	3345000	3344501	440.0	0.653701	0.380480
3345001	3346000	3345501	357.0	0.654224	0.078901
3346001	3347000	3346501	306.0	0.654746	-0.143492
3347001	3348000	3347501	266.0	0.655269	-0.345597
3348001	3349000	3348501	313.0	0.655791	-0.110861
3349001	3350000	3349501	396.0	0.656314	0.228477
3350001	3351000	3350501	405.0	0.656836	0.260899
3351001	3352000	3351501	343.0	0.657359	0.021185
3352001	3353000	3352501	278.0	0.657881	-0.281938
3353001	3354000	3353501	409.0	0.658404	0.275078
3354001	3355000	3354501	316.0	0.658926	-0.097099
3355001	3356000	3355501	360.0	0.659449	0.090974
3356001	3357000	3356501	294.0	0.659972	-0.201207
3357001	3358000	3357501	296.0	0.660494	-0.191426
3358001	3359000	3358501	345.0	0.661017	0.029573
3359001	3360000	3359501	286.0	0.661539	-0.241008
3360001	3361000	3360501	288.0	0.662062	-0.230954
3361001	3362000	3361501	363.0	0.662584	0.102946
3362001	3363000	3362501	333.0	0.663107	-0.021501
3363001	3364000	3363501	281.0	0.663629	-0.266453
3364001	3365000	3364501	342.0	0.664152	0.016973
3365001	3366000	3365501	351.0	0.664674	0.054448
3366001	3367000	3366501	326.0	0.665197	-0.052151
3367001	3368000	3367501	351.0	0.665719	0.054448
3368001	3369000	3368501	293.0	0.666242	-0.206123
3369001	3370000	3369501	322.0	0.666765	-0.069963
3370001	3371000	3370501	332.0	0.667287	-0.025840
3371001	3372000	3371501	292.0	0.667810	-0.211055
3372001	3373000	3372501	329.0	0.668332	-0.038936
3373001	3374000	3373501	362.0	0.668855	0.098966
3374001	3375000	3374501	373.0	0.669377	0.142152
3375001	3376000	3375501	350.0	0.669900	0.050332
3376001	3377000	3376501	279.0	0.670422	-0.276758
3377001	3378000	3377501	369.0	0.670945	0.126598
3378001	3379000	3378501	313.0	0.671467	-0.110861
3379001	3380000	3379501	327.0	0.671990	-0.047733
3380001	3381000	3380501	364.0	0.672513	0.106915
3381001	3382000	3381501	299.0	0.673035	-0.176878
3382001	3383000	3382501	299.0	0.673558	-0.176878
3383001	3384000	3383501	353.0	0.674080	0.062645
3384001	3385000	3384501	308.0	0.674603	-0.134093
3385001	3386000	3385501	294.0	0.675125	-0.201207
3386001	3387000	3386501	320.0	0.675648	-0.078951
3387001	3388000	3387501	418.0	0.676170	0.306480
3388001	3389000	3388501	385.0	0.676693	0.187835
3389001	3390000	3389501	301.0	0.677215	-0.167260
3390001	3391000	3390501	298.0	0.677738	-0.181711
3391001	3392000	3391501	278.0	0.678260	-0.281938
3392001	3393000	3392501	286.0	0.678783	-0.241008
3393001	3394000	3393501	315.0	0.679306	-0.101671
3394001	3395000	3394501	321.0	0.679828	-0.074450
3395001	3396000	3395501	283.0	0.680351	-0.256221
3396001	3397000	3396501	290.0	0.680873	-0.220970
3397001	3398000	3397501	252.0	0.681396	-0.423600
3398001	3399000	3398501	381.0	0.681918	0.172768
3399001	3400000	3399501	414.0	0.682441	0.292608
3400001	3401000	3400501	414.0	0.682963	0.292608
3401001	3402000	3401501	347.0	0.683486	0.037912
3402001	3403000	3402501	368.0	0.684008	0.122683
3403001	3404000	3403501	418.0	0.684531	0.306480
3404001	3405000	3404501	423.0	0.685054	0.323634
3405001	3406000	3405501	343.0	0.685576	0.021185
3406001	3407000	3406501	465.0	0.686099	0.460207
3407001	3408000	3407501	503.0	0.686621	0.573535
3408001	3409000	3408501	418.0	0.687144	0.306480
3409001	3410000	3409501	510.0	0.687666	0.593474
3410001	3411000	3410501	463.0	0.688189	0.453989
3411001	3412000	3411501	346.0	0.688711	0.033749
3412001	3413000	3412501	267.0	0.689234	-0.340184
3413001	3414000	3413501	321.0	0.689756	-0.074450
3414001	3415000	3414501	417.0	0.690279	0.303024
3415001	3416000	3415501	532.0	0.690802	0.654403
3416001	3417000	3416501	380.0	0.691324	0.168976
3417001	3418000	3417501	259.0	0.691847	-0.384071
3418001	3419000	3418501	326.0	0.692369	-0.052151
3419001	3420000	3419501	319.0	0.692892	-0.083467
3420001	3421000	3420501	303.0	0.693414	-0.157705
3421001	3422000	3421501	359.0	0.693937	0.086961
3422001	3423000	3422501	314.0	0.694459	-0.106259
3423001	3424000	3423501	288.0	0.694982	-0.230954
3424001	3425000	3424501	367.0	0.695504	0.118757
3425001	3426000	3425501	262.0	0.696027	-0.367456
3426001	3427000	3426501	286.0	0.696549	-0.241008
3427001	3428000	3427501	343.0	0.697072	0.021185
3428001	3429000	3428501	370.0	0.697595	0.130502
3429001	3430000	3429501	349.0	0.698117	0.046204
3430001	3431000	3430501	367.0	0.698640	0.118757
3431001	3432000	3431501	437.0	0.699162	0.370610
3432001	3433000	3432501	348.0	0.699685	0.042064
3433001	3434000	3433501	271.0	0.700207	-0.318730
3434001	3435000	3434501	280.0	0.700730	-0.271596
3435001	3436000	3435501	367.0	0.701252	0.118757
3436001	3437000	3436501	409.0	0.701775	0.275078
3437001	3438000	3437501	355.0	0.702297	0.070796
3438001	3439000	3438501	345.0	0.702820	0.029573
3439001	3440000	3439501	352.0	0.703343	0.058552
3440001	3441000	3440501	596.0	0.703865	0.818289
3441001	3442000	3441501	385.0	0.704388	0.187835
3442001	3443000	3442501	387.0	0.704910	0.195310
3443001	3444000	3443501	374.0	0.705433	0.146015
3444001	3445000	3444501	390.0	0.705955	0.206451
3445001	3446000	3445501	279.0	0.706478	-0.276758
3446001	3447000	3446501	305.0	0.707000	-0.148214
3447001	3448000	3447501	313.0	0.707523	-0.110861
3448001	3449000	3448501	320.0	0.708045	-0.078951
3449001	3450000	3449501	426.0	0.708568	0.333830
3450001	3451000	3450501	380.0	0.709091	0.168976
3451001	3452000	3451501	396.0	0.709613	0.228477
3452001	3453000	3452501	356.0	0.710136	0.074854
3453001	3454000	3453501	377.0	0.710658	0.157541
3454001	3455000	3454501	332.0	0.711181	-0.025840
3455001	3456000	3455501	323.0	0.711703	-0.065489
3456001	3457000	3456501	367.0	0.712226	0.118757
3457001	3458000	3457501	261.0	0.712748	-0.372973
3458001	3459000	3458501	270.0	0.713271	-0.324064
3459001	3460000	3459501	236.0	0.713793	-0.518236
3460001	3461000	3460501	292.0	0.714316	-0.211055
3461001	3462000	3461501	427.0	0.714838	0.337213
3462001	3463000	3462501	652.0	0.715361	0.947849
3463001	3464000	3463501	571.0	0.715884	0.756467
3464001	3465000	3464501	344.0	0.716406	0.025385
3465001	3466000	3465501	311.0	0.716929	-0.120109
3466001	3467000	3466501	300.0	0.717451	-0.172061
3467001	3468000	3467501	314.0	0.717974	-0.106259
3468001	3469000	3468501	260.0	0.718496	-0.378512
3469001	3470000	3469501	243.0	0.719019	-0.476067
3470001	3471000	3470501	290.0	0.719541	-0.220970
3471001	3472000	3471501	307.0	0.720064	-0.138785
3472001	3473000	3472501	390.0	0.720586	0.206451
3473001	3474000	3473501	746.0	0.721109	1.142152
3474001	3475000	3474501	713.0	0.721632	1.076879
3475001	3476000	3475501	577.0	0.722154	0.771548
3476001	3477000	3476501	311.0	0.722677	-0.120109
3477001	3478000	3477501	309.0	0.723199	-0.129416
3478001	3479000	3478501	280.0	0.723722	-0.271596
3479001	3480000	3479501	346.0	0.724244	0.033749
3480001	3481000	3480501	294.0	0.724767	-0.201207
3481001	3482000	3481501	379.0	0.725289	0.165175
3482001	3483000	3482501	265.0	0.725812	-0.351031
3483001	3484000	3483501	242.0	0.726334	-0.482016
3484001	3485000	3484501	469.0	0.726857	0.472565
3485001	3486000	3485501	442.0	0.727380	0.387023
3486001	3487000	3486501	331.0	0.727902	-0.030192
3487001	3488000	3487501	398.0	0.728425	0.235745
3488001	3489000	3488501	458.0	0.728947	0.438324
3489001	3490000	3489501	388.0	0.729470	0.199033
3490001	3491000	3490501	278.0	0.729992	-0.281938
3491001	3492000	3491501	230.0	0.730515	-0.555389
3492001	3493000	3492501	246.0	0.731037	-0.458365
3493001	3494000	3493501	302.0	0.731560	-0.162475
3494001	3495000	3494501	288.0	0.732082	-0.230954
3495001	3496000	3495501	250.0	0.732605	-0.435095
3496001	3497000	3496501	304.0	0.733127	-0.152952
3497001	3498000	3497501	277.0	0.733650	-0.287137
3498001	3499000	3498501	253.0	0.734173	-0.417886
3499001	3500000	3499501	350.0	0.734695	0.050332
3500001	3501000	3500501	298.0	0.735218	-0.181711
3501001	3502000	3501501	329.0	0.735740	-0.038936
3502001	3503000	3502501	335.0	0.736263	-0.012862
3503001	3504000	3503501	453.0	0.736785	0.422488
3504001	3505000	3504501	319.0	0.737308	-0.083467
3505001	3506000	3505501	309.0	0.737830	-0.129416
3506001	3507000	3506501	381.0	0.738353	0.172768
3507001	3508000	3507501	348.0	0.738875	0.042064
3508001	3509000	3508501	344.0	0.739398	0.025385
3509001	3510000	3509501	344.0	0.739921	0.025385
3510001	3511000	3510501	315.0	0.740443	-0.101671
3511001	3512000	3511501	353.0	0.740966	0.062645
3512001	3513000	3512501	379.0	0.741488	0.165175
3513001	3514000	3513501	313.0	0.742011	-0.110861
3514001	3515000	3514501	384.0	0.742533	0.184083
3515001	3516000	3515501	357.0	0.743056	0.078901
3516001	3517000	3516501	407.0	0.743578	0.268006
3517001	3518000	3517501	456.0	0.744101	0.432011
3518001	3519000	3518501	427.0	0.744623	0.337213
3519001	3520000	3519501	362.0	0.745146	0.098966
3520001	3521000	3520501	384.0	0.745669	0.184083
3521001	3522000	3521501	351.0	0.746191	0.054448
3522001	3523000	3522501	448.0	0.746714	0.406475
3523001	3524000	3523501	268.0	0.747236	-0.334790
3524001	3525000	3524501	242.0	0.747759	-0.482016
3525001	3526000	3525501	279.0	0.748281	-0.276758
3526001	3527000	3526501	276.0	0.748804	-0.292355
3527001	3528000	3527501	331.0	0.749326	-0.030192
3528001	3529000	3528501	284.0	0.749849	-0.251132
3529001	3530000	3529501	279.0	0.750371	-0.276758
3530001	3531000	3530501	269.0	0.750894	-0.329417
3531001	3532000	3531501	303.0	0.751416	-0.157705
3532001	3533000	3532501	424.0	0.751939	0.327041
3533001	3534000	3533501	330.0	0.752462	-0.034557
3534001	3535000	3534501	297.0	0.752984	-0.186560
3535001	3536000	3535501	305.0	0.753507	-0.148214
3536001	3537000	3536501	303.0	0.754029	-0.157705
3537001	3538000	3537501	266.0	0.754552	-0.345597
3538001	3539000	3538501	284.0	0.755074	-0.251132
3539001	3540000	3539501	269.0	0.755597	-0.329417
3540001	3541000	3540501	257.0	0.756119	-0.395255
3541001	3542000	3541501	268.0	0.756642	-0.334790
3542001	3543000	3542501	231.0	0.757164	-0.549130
3543001	3544000	3543501	286.0	0.757687	-0.241008
3544001	3545000	3544501	231.0	0.758210	-0.549130
3545001	3546000	3545501	330.0	0.758732	-0.034557
3546001	3547000	3546501	307.0	0.759255	-0.138785
3547001	3548000	3547501	349.0	0.759777	0.046204
3548001	3549000	3548501	596.0	0.760300	0.818289
3549001	3550000	3549501	528.0	0.760822	0.643515
3550001	3551000	3550501	620.0	0.761345	0.875245
3551001	3552000	3551501	367.0	0.761867	0.118757
3552001	3553000	3552501	422.0	0.762390	0.320220
3553001	3554000	3553501	391.0	0.762912	0.210145
3554001	3555000	3554501	296.0	0.763435	-0.191426
3555001	3556000	3555501	315.0	0.763958	-0.101671
3556001	3557000	3556501	316.0	0.764480	-0.097099
3557001	3558000	3557501	330.0	0.765003	-0.034557
3558001	3559000	3558501	324.0	0.765525	-0.061029
3559001	3560000	3559501	291.0	0.766048	-0.216004
3560001	3561000	3560501	342.0	0.766570	0.016973
3561001	3562000	3561501	448.0	0.767093	0.406475
3562001	3563000	3562501	373.0	0.767615	0.142152
3563001	3564000	3563501	268.0	0.768138	-0.334790
3564001	3565000	3564501	288.0	0.768660	-0.230954
3565001	3566000	3565501	297.0	0.769183	-0.186560
3566001	3567000	3566501	328.0	0.769705	-0.043327
3567001	3568000	3567501	302.0	0.770228	-0.162475
3568001	3569000	3568501	326.0	0.770751	-0.052151
3569001	3570000	3569501	361.0	0.771273	0.094976
3570001	3571000	3570501	593.0	0.771796	0.811009
3571001	3572000	3571501	385.0	0.772318	0.187835
3572001	3573000	3572501	281.0	0.772841	-0.266453
3573001	3574000	3573501	320.0	0.773363	-0.078951
3574001	3575000	3574501	346.0	0.773886	0.033749
3575001	3576000	3575501	359.0	0.774408	0.086961
3576001	3577000	3576501	370.0	0.774931	0.130502
3577001	3578000	3577501	318.0	0.775453	-0.087996
3578001	3579000	3578501	222.0	0.775976	-0.606464
3579001	3580000	3579501	238.0	0.776499	-0.506062
3580001	3581000	3580501	279.0	0.777021	-0.276758
3581001	3582000	3581501	280.0	0.777544	-0.271596
3582001	3583000	3582501	307.0	0.778066	-0.138785
3583001	3584000	3583501	300.0	0.778589	-0.172061
3584001	3585000	3584501	298.0	0.779111	-0.181711
3585001	3586000	3585501	311.0	0.779634	-0.120109
3586001	3587000	3586501	305.0	0.780156	-0.148214
3587001	3588000	3587501	351.0	0.780679	0.054448
3588001	3589000	3588501	326.0	0.781201	-0.052151
3589001	3590000	3589501	329.0	0.781724	-0.038936
3590001	3591000	3590501	319.0	0.782247	-0.083467
3591001	3592000	3591501	458.0	0.782769	0.438324
3592001	3593000	3592501	440.0	0.783292	0.380480
3593001	3594000	3593501	410.0	0.783814	0.278601
3594001	3595000	3594501	553.0	0.784337	0.710256
3595001	3596000	3595501	437.0	0.784859	0.370610
3596001	3597000	3596501	331.0	0.785382	-0.030192
3597001	3598000	3597501	318.0	0.785904	-0.087996
3598001	3599000	3598501	324.0	0.786427	-0.061029
3599001	3600000	3599501	532.0	0.786949	0.654403
3600001	3601000	3600501	509.0	0.787472	0.590642
3601001	3602000	3601501	239.0	0.787994	-0.500013
3602001	3603000	3602501	327.0	0.788517	-0.047733
3603001	3604000	3603501	297.0	0.789040	-0.186560
3604001	3605000	3604501	275.0	0.789562	-0.297592
3605001	3606000	3605501	269.0	0.790085	-0.329417
3606001	3607000	3606501	253.0	0.790607	-0.417886
3607001	3608000	3607501	271.0	0.791130	-0.318730
3608001	3609000	3608501	273.0	0.791652	-0.308122
3609001	3610000	3609501	268.0	0.792175	-0.334790
3610001	3611000	3610501	340.0	0.792697	0.008511
3611001	3612000	3611501	360.0	0.793220	0.090974
3612001	3613000	3612501	269.0	0.793742	-0.329417
3613001	3614000	3613501	276.0	0.794265	-0.292355
3614001	3615000	3614501	329.0	0.794788	-0.038936
3615001	3616000	3615501	324.0	0.795310	-0.061029
3616001	3617000	3616501	322.0	0.795833	-0.069963
3617001	3618000	3617501	358.0	0.796355	0.082936
3618001	3619000	3618501	287.0	0.796878	-0.235973
3619001	3620000	3619501	236.0	0.797400	-0.518236
3620001	3621000	3620501	378.0	0.797923	0.161363
3621001	3622000	3621501	365.0	0.798445	0.110873
3622001	3623000	3622501	311.0	0.798968	-0.120109
3623001	3624000	3623501	360.0	0.799490	0.090974
3624001	3625000	3624501	334.0	0.800013	-0.017175
3625001	3626000	3625501	298.0	0.800536	-0.181711
3626001	3627000	3626501	325.0	0.801058	-0.056584
3627001	3628000	3627501	311.0	0.801581	-0.120109
3628001	3629000	3628501	277.0	0.802103	-0.287137
3629001	3630000	3629501	325.0	0.802626	-0.056584
3630001	3631000	3630501	288.0	0.803148	-0.230954
3631001	3632000	3631501	327.0	0.803671	-0.047733
3632001	3633000	3632501	338.0	0.804193	0.000000
3633001	3634000	3633501	331.0	0.804716	-0.030192
3634001	3635000	3634501	355.0	0.805238	0.070796
3635001	3636000	3635501	278.0	0.805761	-0.281938
3636001	3637000	3636501	338.0	0.806283	0.000000
3637001	3638000	3637501	308.0	0.806806	-0.134093
3638001	3639000	3638501	225.0	0.807329	-0.587098
3639001	3640000	3639501	319.0	0.807851	-0.083467
3640001	3641000	3640501	280.0	0.808374	-0.271596
3641001	3642000	3641501	297.0	0.808896	-0.186560
3642001	3643000	3642501	275.0	0.809419	-0.297592
3643001	3644000	3643501	279.0	0.809941	-0.276758
3644001	3645000	3644501	302.0	0.810464	-0.162475
3645001	3646000	3645501	241.0	0.810986	-0.487990
3646001	3647000	3646501	339.0	0.811509	0.004262
3647001	3648000	3647501	407.0	0.812031	0.268006
3648001	3649000	3648501	286.0	0.812554	-0.241008
3649001	3650000	3649501	364.0	0.813077	0.106915
3650001	3651000	3650501	370.0	0.813599	0.130502
3651001	3652000	3651501	371.0	0.814122	0.134396
3652001	3653000	3652501	282.0	0.814644	-0.261328
3653001	3654000	3653501	336.0	0.815167	-0.008562
3654001	3655000	3654501	375.0	0.815689	0.149867
3655001	3656000	3655501	236.0	0.816212	-0.518236
3656001	3657000	3656501	250.0	0.816734	-0.435095
3657001	3658000	3657501	275.0	0.817257	-0.297592
3658001	3659000	3658501	386.0	0.817779	0.191578
3659001	3660000	3659501	297.0	0.818302	-0.186560
3660001	3661000	3660501	378.0	0.818824	0.161363
3661001	3662000	3661501	357.0	0.819347	0.078901
3662001	3663000	3662501	397.0	0.819870	0.232116
3663001	3664000	3663501	337.0	0.820392	-0.004275
3664001	3665000	3664501	251.0	0.820915	-0.429336
3665001	3666000	3665501	316.0	0.821437	-0.097099
3666001	3667000	3666501	374.0	0.821960	0.146015
3667001	3668000	3667501	365.0	0.822482	0.110873
3668001	3669000	3668501	336.0	0.823005	-0.008562
3669001	3670000	3669501	331.0	0.823527	-0.030192
3670001	3671000	3670501	224.0	0.824050	-0.593525
3671001	3672000	3671501	269.0	0.824572	-0.329417
3672001	3673000	3672501	330.0	0.825095	-0.034557
3673001	3674000	3673501	376.0	0.825618	0.153709
3674001	3675000	3674501	292.0	0.826140	-0.211055
3675001	3676000	3675501	257.0	0.826663	-0.395255
3676001	3677000	3676501	285.0	0.827185	-0.246061
3677001	3678000	3677501	287.0	0.827708	-0.235973
3678001	3679000	3678501	283.0	0.828230	-0.256221
3679001	3680000	3679501	357.0	0.828753	0.078901
3680001	3681000	3680501	281.0	0.829275	-0.266453
3681001	3682000	3681501	452.0	0.829798	0.419300
3682001	3683000	3682501	345.0	0.830320	0.029573
3683001	3684000	3683501	341.0	0.830843	0.012748
3684001	3685000	3684501	306.0	0.831366	-0.143492
3685001	3686000	3685501	322.0	0.831888	-0.069963
3686001	3687000	3686501	305.0	0.832411	-0.148214
3687001	3688000	3687501	350.0	0.832933	0.050332
3688001	3689000	3688501	267.0	0.833456	-0.340184
3689001	3690000	3689501	278.0	0.833978	-0.281938
3690001	3691000	3690501	301.0	0.834501	-0.167260
3691001	3692000	3691501	289.0	0.835023	-0.225954
3692001	3693000	3692501	249.0	0.835546	-0.440878
3693001	3694000	3693501	339.0	0.836068	0.004262
3694001	3695000	3694501	364.0	0.836591	0.106915
3695001	3696000	3695501	336.0	0.837113	-0.008562
3696001	3697000	3696501	397.0	0.837636	0.232116
3697001	3698000	3697501	249.0	0.838159	-0.440878
3698001	3699000	3698501	296.0	0.838681	-0.191426
3699001	3700000	3699501	312.0	0.839204	-0.115477
3700001	3701000	3700501	279.0	0.839726	-0.276758
3701001	3702000	3701501	253.0	0.840249	-0.417886
3702001	3703000	3702501	252.0	0.840771	-0.423600
3703001	3704000	3703501	290.0	0.841294	-0.220970
3704001	3705000	3704501	265.0	0.841816	-0.351031
3705001	3706000	3705501	310.0	0.842339	-0.124755
3706001	3707000	3706501	372.0	0.842861	0.138279
3707001	3708000	3707501	372.0	0.843384	0.138279
3708001	3709000	3708501	292.0	0.843907	-0.211055
3709001	3710000	3709501	302.0	0.844429	-0.162475
3710001	3711000	3710501	262.0	0.844952	-0.367456
3711001	3712000	3711501	321.0	0.845474	-0.074450
3712001	3713000	3712501	364.0	0.845997	0.106915
3713001	3714000	3713501	312.0	0.846519	-0.115477
3714001	3715000	3714501	467.0	0.847042	0.466399
3715001	3716000	3715501	472.0	0.847564	0.481764
3716001	3717000	3716501	296.0	0.848087	-0.191426
3717001	3718000	3717501	473.0	0.848609	0.484817
3718001	3719000	3718501	390.0	0.849132	0.206451
3719001	3720000	3719501	331.0	0.849655	-0.030192
3720001	3721000	3720501	382.0	0.850177	0.176549
3721001	3722000	3721501	361.0	0.850700	0.094976
3722001	3723000	3722501	302.0	0.851222	-0.162475
3723001	3724000	3723501	299.0	0.851745	-0.176878
3724001	3725000	3724501	353.0	0.852267	0.062645
3725001	3726000	3725501	295.0	0.852790	-0.196308
3726001	3727000	3726501	276.0	0.853312	-0.292355
3727001	3728000	3727501	297.0	0.853835	-0.186560
3728001	3729000	3728501	409.0	0.854357	0.275078
3729001	3730000	3729501	362.0	0.854880	0.098966
3730001	3731000	3730501	371.0	0.855402	0.134396
3731001	3732000	3731501	286.0	0.855925	-0.241008
3732001	3733000	3732501	300.0	0.856448	-0.172061
3733001	3734000	3733501	274.0	0.856970	-0.302847
3734001	3735000	3734501	318.0	0.857493	-0.087996
3735001	3736000	3735501	334.0	0.858015	-0.017175
3736001	3737000	3736501	309.0	0.858538	-0.129416
3737001	3738000	3737501	413.0	0.859060	0.289119
3738001	3739000	3738501	417.0	0.859583	0.303024
3739001	3740000	3739501	390.0	0.860105	0.206451
3740001	3741000	3740501	420.0	0.860628	0.313366
3741001	3742000	3741501	250.0	0.861150	-0.435095
3742001	3743000	3742501	237.0	0.861673	-0.512136
3743001	3744000	3743501	330.0	0.862196	-0.034557
3744001	3745000	3744501	363.0	0.862718	0.102946
3745001	3746000	3745501	361.0	0.863241	0.094976
3746001	3747000	3746501	336.0	0.863763	-0.008562
3747001	3748000	3747501	298.0	0.864286	-0.181711
3748001	3749000	3748501	262.0	0.864808	-0.367456
3749001	3750000	3749501	287.0	0.865331	-0.235973
3750001	3751000	3750501	327.0	0.865853	-0.047733
3751001	3752000	3751501	309.0	0.866376	-0.129416
3752001	3753000	3752501	310.0	0.866898	-0.124755
3753001	3754000	3753501	332.0	0.867421	-0.025840
3754001	3755000	3754501	391.0	0.867944	0.210145
3755001	3756000	3755501	402.0	0.868466	0.250172
3756001	3757000	3756501	330.0	0.868989	-0.034557
3757001	3758000	3757501	293.0	0.869511	-0.206123
3758001	3759000	3758501	410.0	0.870034	0.278601
3759001	3760000	3759501	315.0	0.870556	-0.101671
3760001	3761000	3760501	340.0	0.871079	0.008511
3761001	3762000	3761501	357.0	0.871601	0.078901
3762001	3763000	3762501	434.0	0.872124	0.360672
3763001	3764000	3763501	414.0	0.872646	0.292608
3764001	3765000	3764501	286.0	0.873169	-0.241008
3765001	3766000	3765501	283.0	0.873691	-0.256221
3766001	3767000	3766501	332.0	0.874214	-0.025840
3767001	3768000	3767501	341.0	0.874737	0.012748
3768001	3769000	3768501	296.0	0.875259	-0.191426
3769001	3770000	3769501	249.0	0.875782	-0.440878
3770001	3771000	3770501	313.0	0.876304	-0.110861
3771001	3772000	3771501	344.0	0.876827	0.025385
3772001	3773000	3772501	312.0	0.877349	-0.115477
3773001	3774000	3773501	314.0	0.877872	-0.106259
3774001	3775000	3774501	268.0	0.878394	-0.334790
3775001	3776000	3775501	258.0	0.878917	-0.389652
3776001	3777000	3776501	262.0	0.879439	-0.367456
3777001	3778000	3777501	245.0	0.879962	-0.464241
3778001	3779000	3778501	309.0	0.880485	-0.129416
3779001	3780000	3779501	305.0	0.881007	-0.148214
3780001	3781000	3780501	316.0	0.881530	-0.097099
3781001	3782000	3781501	328.0	0.882052	-0.043327
3782001	3783000	3782501	297.0	0.882575	-0.186560
3783001	3784000	3783501	324.0	0.883097	-0.061029
3784001	3785000	3784501	311.0	0.883620	-0.120109
3785001	3786000	3785501	300.0	0.884142	-0.172061
3786001	3787000	3786501	375.0	0.884665	0.149867
3787001	3788000	3787501	371.0	0.885187	0.134396
3788001	3789000	3788501	311.0	0.885710	-0.120109
3789001	3790000	3789501	274.0	0.886233	-0.302847
3790001	3791000	3790501	325.0	0.886755	-0.056584
3791001	3792000	3791501	250.0	0.887278	-0.435095
3792001	3793000	3792501	232.0	0.887800	-0.542898
3793001	3794000	3793501	334.0	0.888323	-0.017175
3794001	3795000	3794501	303.0	0.888845	-0.157705
3795001	3796000	3795501	375.0	0.889368	0.149867
3796001	3797000	3796501	359.0	0.889890	0.086961
3797001	3798000	3797501	299.0	0.890413	-0.176878
3798001	3799000	3798501	374.0	0.890935	0.146015
3799001	3800000	3799501	382.0	0.891458	0.176549
3800001	3801000	3800501	362.0	0.891980	0.098966
3801001	3802000	3801501	282.0	0.892503	-0.261328
3802001	3803000	3802501	257.0	0.893026	-0.395255
3803001	3804000	3803501	272.0	0.893548	-0.313417
3804001	3805000	3804501	302.0	0.894071	-0.162475
3805001	3806000	3805501	273.0	0.894593	-0.308122
3806001	3807000	3806501	246.0	0.895116	-0.458365
3807001	3808000	3807501	230.0	0.895638	-0.555389
3808001	3809000	3808501	273.0	0.896161	-0.308122
3809001	3810000	3809501	329.0	0.896683	-0.038936
3810001	3811000	3810501	410.0	0.897206	0.278601
3811001	3812000	3811501	399.0	0.897728	0.239365
3812001	3813000	3812501	280.0	0.898251	-0.271596
3813001	3814000	3813501	320.0	0.898774	-0.078951
3814001	3815000	3814501	278.0	0.899296	-0.281938
3815001	3816000	3815501	279.0	0.899819	-0.276758
3816001	3817000	3816501	237.0	0.900341	-0.512136
3817001	3818000	3817501	261.0	0.900864	-0.372973
3818001	3819000	3818501	214.0	0.901386	-0.659412
3819001	3820000	3819501	267.0	0.901909	-0.340184
3820001	3821000	3820501	287.0	0.902431	-0.235973
3821001	3822000	3821501	277.0	0.902954	-0.287137
3822001	3823000	3822501	357.0	0.903476	0.078901
3823001	3824000	3823501	301.0	0.903999	-0.167260
3824001	3825000	3824501	288.0	0.904522	-0.230954
3825001	3826000	3825501	344.0	0.905044	0.025385
3826001	3827000	3826501	305.0	0.905567	-0.148214
3827001	3828000	3827501	307.0	0.906089	-0.138785
3828001	3829000	3828501	362.0	0.906612	0.098966
3829001	3830000	3829501	340.0	0.907134	0.008511
3830001	3831000	3830501	320.0	0.907657	-0.078951
3831001	3832000	3831501	317.0	0.908179	-0.092540
3832001	3833000	3832501	327.0	0.908702	-0.047733
3833001	3834000	3833501	301.0	0.909224	-0.167260
3834001	3835000	3834501	358.0	0.909747	0.082936
3835001	3836000	3835501	334.0	0.910269	-0.017175
3836001	3837000	3836501	272.0	0.910792	-0.313417
3837001	3838000	3837501	357.0	0.911315	0.078901
3838001	3839000	3838501	393.0	0.911837	0.217506
3839001	3840000	3839501	302.0	0.912360	-0.162475
3840001	3841000	3840501	292.0	0.912882	-0.211055
3841001	3842000	3841501	308.0	0.913405	-0.134093
3842001	3843000	3842501	261.0	0.913927	-0.372973
3843001	3844000	3843501	414.0	0.914450	0.292608
3844001	3845000	3844501	361.0	0.914972	0.094976
3845001	3846000	3845501	296.0	0.915495	-0.191426
3846001	3847000	3846501	263.0	0.916017	-0.361960
3847001	3848000	3847501	322.0	0.916540	-0.069963
3848001	3849000	3848501	277.0	0.917063	-0.287137
3849001	3850000	3849501	305.0	0.917585	-0.148214
3850001	3851000	3850501	329.0	0.918108	-0.038936
3851001	3852000	3851501	327.0	0.918630	-0.047733
3852001	3853000	3852501	306.0	0.919153	-0.143492
3853001	3854000	3853501	303.0	0.919675	-0.157705
3854001	3855000	3854501	328.0	0.920198	-0.043327
3855001	3856000	3855501	334.0	0.920720	-0.017175
3856001	3857000	3856501	261.0	0.921243	-0.372973
3857001	3858000	3857501	306.0	0.921765	-0.143492
3858001	3859000	3858501	356.0	0.922288	0.074854
3859001	3860000	3859501	332.0	0.922811	-0.025840
3860001	3861000	3860501	335.0	0.923333	-0.012862
3861001	3862000	3861501	301.0	0.923856	-0.167260
3862001	3863000	3862501	253.0	0.924378	-0.417886
3863001	3864000	3863501	277.0	0.924901	-0.287137
3864001	3865000	3864501	368.0	0.925423	0.122683
3865001	3866000	3865501	330.0	0.925946	-0.034557
3866001	3867000	3866501	276.0	0.926468	-0.292355
3867001	3868000	3867501	301.0	0.926991	-0.167260
3868001	3869000	3868501	290.0	0.927513	-0.220970
3869001	3870000	3869501	354.0	0.928036	0.066726
3870001	3871000	3870501	295.0	0.928558	-0.196308
3871001	3872000	3871501	304.0	0.929081	-0.152952
3872001	3873000	3872501	399.0	0.929604	0.239365
3873001	3874000	3873501	323.0	0.930126	-0.065489
3874001	3875000	3874501	294.0	0.930649	-0.201207
3875001	3876000	3875501	286.0	0.931171	-0.241008
3876001	3877000	3876501	382.0	0.931694	0.176549
3877001	3878000	3877501	389.0	0.932216	0.202747
3878001	3879000	3878501	266.0	0.932739	-0.345597
3879001	3880000	3879501	289.0	0.933261	-0.225954
3880001	3881000	3880501	335.0	0.933784	-0.012862
3881001	3882000	3881501	317.0	0.934306	-0.092540
3882001	3883000	3882501	307.0	0.934829	-0.138785
3883001	3884000	3883501	413.0	0.935352	0.289119
3884001	3885000	3884501	307.0	0.935874	-0.138785
3885001	3886000	3885501	313.0	0.936397	-0.110861
3886001	3887000	3886501	346.0	0.936919	0.033749
3887001	3888000	3887501	263.0	0.937442	-0.361960
3888001	3889000	3888501	345.0	0.937964	0.029573
3889001	3890000	3889501	342.0	0.938487	0.016973
3890001	3891000	3890501	301.0	0.939009	-0.167260
3891001	3892000	3891501	316.0	0.939532	-0.097099
3892001	3893000	3892501	298.0	0.940054	-0.181711
3893001	3894000	3893501	345.0	0.940577	0.029573
3894001	3895000	3894501	344.0	0.941100	0.025385
3895001	3896000	3895501	339.0	0.941622	0.004262
3896001	3897000	3896501	328.0	0.942145	-0.043327
3897001	3898000	3897501	444.0	0.942667	0.393536
3898001	3899000	3898501	437.0	0.943190	0.370610
3899001	3900000	3899501	316.0	0.943712	-0.097099
3900001	3901000	3900501	354.0	0.944235	0.066726
3901001	3902000	3901501	359.0	0.944757	0.086961
3902001	3903000	3902501	341.0	0.945280	0.012748
3903001	3904000	3903501	282.0	0.945802	-0.261328
3904001	3905000	3904501	342.0	0.946325	0.016973
3905001	3906000	3905501	278.0	0.946847	-0.281938
3906001	3907000	3906501	310.0	0.947370	-0.124755
3907001	3908000	3907501	306.0	0.947893	-0.143492
3908001	3909000	3908501	302.0	0.948415	-0.162475
3909001	3910000	3909501	303.0	0.948938	-0.157705
3910001	3911000	3910501	316.0	0.949460	-0.097099
3911001	3912000	3911501	283.0	0.949983	-0.256221
3912001	3913000	3912501	338.0	0.950505	0.000000
3913001	3914000	3913501	328.0	0.951028	-0.043327
3914001	3915000	3914501	288.0	0.951550	-0.230954
3915001	3916000	3915501	332.0	0.952073	-0.025840
3916001	3917000	3916501	290.0	0.952595	-0.220970
3917001	3918000	3917501	306.0	0.953118	-0.143492
3918001	3919000	3918501	296.0	0.953641	-0.191426
3919001	3920000	3919501	298.0	0.954163	-0.181711
3920001	3921000	3920501	330.0	0.954686	-0.034557
3921001	3922000	3921501	347.0	0.955208	0.037912
3922001	3923000	3922501	312.0	0.955731	-0.115477
3923001	3924000	3923501	320.0	0.956253	-0.078951
3924001	3925000	3924501	310.0	0.956776	-0.124755
3925001	3926000	3925501	405.0	0.957298	0.260899
3926001	3927000	3926501	455.0	0.957821	0.428843
3927001	3928000	3927501	452.0	0.958343	0.419300
3928001	3929000	3928501	319.0	0.958866	-0.083467
3929001	3930000	3929501	273.0	0.959388	-0.308122
3930001	3931000	3930501	261.0	0.959911	-0.372973
3931001	3932000	3931501	371.0	0.960434	0.134396
3932001	3933000	3932501	372.0	0.960956	0.138279
3933001	3934000	3933501	370.0	0.961479	0.130502
3934001	3935000	3934501	538.0	0.962001	0.670583
3935001	3936000	3935501	414.0	0.962524	0.292608
3936001	3937000	3936501	320.0	0.963046	-0.078951
3937001	3938000	3937501	293.0	0.963569	-0.206123
3938001	3939000	3938501	283.0	0.964091	-0.256221
3939001	3940000	3939501	324.0	0.964614	-0.061029
3940001	3941000	3940501	367.0	0.965136	0.118757
3941001	3942000	3941501	278.0	0.965659	-0.281938
3942001	3943000	3942501	354.0	0.966182	0.066726
3943001	3944000	3943501	376.0	0.966704	0.153709
3944001	3945000	3944501	349.0	0.967227	0.046204
3945001	3946000	3945501	311.0	0.967749	-0.120109
3946001	3947000	3946501	392.0	0.968272	0.213830
3947001	3948000	3947501	376.0	0.968794	0.153709
3948001	3949000	3948501	256.0	0.969317	-0.400879
3949001	3950000	3949501	302.0	0.969839	-0.162475
3950001	3951000	3950501	257.0	0.970362	-0.395255
3951001	3952000	3951501	271.0	0.970884	-0.318730
3952001	3953000	3952501	315.0	0.971407	-0.101671
3953001	3954000	3953501	293.0	0.971930	-0.206123
3954001	3955000	3954501	380.0	0.972452	0.168976
3955001	3956000	3955501	327.0	0.972975	-0.047733
3956001	3957000	3956501	336.0	0.973497	-0.008562
3957001	3958000	3957501	330.0	0.974020	-0.034557
3958001	3959000	3958501	347.0	0.974542	0.037912
3959001	3960000	3959501	319.0	0.975065	-0.083467
3960001	3961000	3960501	412.0	0.975587	0.285621
3961001	3962000	3961501	299.0	0.976110	-0.176878
3962001	3963000	3962501	344.0	0.976632	0.025385
3963001	3964000	3963501	388.0	0.977155	0.199033
3964001	3965000	3964501	346.0	0.977677	0.033749
3965001	3966000	3965501	344.0	0.978200	0.025385
3966001	3967000	3966501	299.0	0.978723	-0.176878
3967001	3968000	3967501	313.0	0.979245	-0.110861
3968001	3969000	3968501	306.0	0.979768	-0.143492
3969001	3970000	3969501	263.0	0.980290	-0.361960
3970001	3971000	3970501	294.0	0.980813	-0.201207
3971001	3972000	3971501	253.0	0.981335	-0.417886
3972001	3973000	3972501	260.0	0.981858	-0.378512
3973001	3974000	3973501	286.0	0.982380	-0.241008
3974001	3975000	3974501	349.0	0.982903	0.046204
3975001	3976000	3975501	295.0	0.983425	-0.196308
3976001	3977000	3976501	340.0	0.983948	0.008511
3977001	3978000	3977501	357.0	0.984471	0.078901
3978001	3979000	3978501	400.0	0.984993	0.242977
3979001	3980000	3979501	478.0	0.985516	0.499987
3980001	3981000	3980501	418.0	0.986038	0.306480
3981001	3982000	3981501	378.0	0.986561	0.161363
3982001	3983000	3982501	313.0	0.987083	-0.110861
3983001	3984000	3983501	356.0	0.987606	0.074854
3984001	3985000	3984501	283.0	0.988128	-0.256221
3985001	3986000	3985501	279.0	0.988651	-0.276758
3986001	3987000	3986501	414.0	0.989173	0.292608
3987001	3988000	3987501	412.0	0.989696	0.285621
3988001	3989000	3988501	436.0	0.990219	0.367305
3989001	3990000	3989501	440.0	0.990741	0.380480
3990001	3991000	3990501	412.0	0.991264	0.285621
3991001	3992000	3991501	359.0	0.991786	0.086961
3992001	3993000	3992501	335.0	0.992309	-0.012862
3993001	3994000	3993501	368.0	0.992831	0.122683
3994001	3995000	3994501	436.0	0.993354	0.367305
3995001	3996000	3995501	364.0	0.993876	0.106915
3996001	3997000	3996501	302.0	0.994399	-0.162475
3997001	3998000	3997501	286.0	0.994921	-0.241008
3998001	3999000	3998501	292.0	0.995444	-0.211055
3999001	4000000	3999501	253.0	0.995966	-0.417886
4000001	4001000	4000501	269.0	0.996489	-0.329417
4001001	4002000	4001501	277.0	0.997012	-0.287137
4002001	4003000	4002501	315.0	0.997534	-0.101671
4003001	4004000	4003501	381.0	0.998057	0.172768
