window_start	window_end	window_mid	raw_count	norm_position	log2_ratio
1	1000	501	221.0	0.998955	-0.642550
1001	2000	1501	249.0	0.999477	-0.470451
2001	3000	2501	286.0	1.000000	-0.270581
3001	4000	3501	327.0	-0.999522	-0.077306
4001	5000	4501	352.0	-0.999044	0.028979
5001	6000	5501	350.0	-0.998565	0.020759
6001	7000	6501	403.0	-0.998087	0.224183
7001	8000	7501	368.0	-0.997609	0.093109
8001	9000	8501	315.0	-0.997131	-0.131245
9001	10000	9501	328.0	-0.996652	-0.072901
10001	11000	10501	331.0	-0.996174	-0.059765
11001	12000	11501	362.0	-0.995696	0.069393
12001	13000	12501	378.0	-0.995218	0.131790
13001	14000	13501	389.0	-0.994739	0.173174
14001	15000	14501	345.0	-0.994261	0.000000
15001	16000	15501	373.0	-0.993783	0.112579
16001	17000	16501	375.0	-0.993305	0.120294
17001	18000	17501	296.0	-0.992826	-0.220999
18001	19000	18501	351.0	-0.992348	0.024875
19001	20000	19501	355.0	-0.991870	0.041223
20001	21000	20501	325.0	-0.991392	-0.086157
21001	22000	21501	341.0	-0.990913	-0.016825
22001	23000	22501	390.0	-0.990435	0.176878
23001	24000	23501	386.0	-0.989957	0.162004
24001	25000	24501	330.0	-0.989479	-0.064130
25001	26000	25501	387.0	-0.989000	0.165737
26001	27000	26501	422.0	-0.988522	0.290647
27001	28000	27501	378.0	-0.988044	0.131790
28001	29000	28501	451.0	-0.987566	0.386531
29001	30000	29501	350.0	-0.987088	0.020759
30001	31000	30501	339.0	-0.986609	-0.025311
31001	32000	31501	357.0	-0.986131	0.049328
32001	33000	32501	331.0	-0.985653	-0.059765
33001	34000	33501	430.0	-0.985175	0.317740
34001	35000	34501	420.0	-0.984696	0.283793
35001	36000	35501	388.0	-0.984218	0.169460
36001	37000	36501	300.0	-0.983740	-0.201634
37001	38000	37501	294.0	-0.983262	-0.230780
38001	39000	38501	278.0	-0.982783	-0.311511
39001	40000	39501	356.0	-0.982305	0.045281
40001	41000	40501	355.0	-0.981827	0.041223
41001	42000	41501	403.0	-0.981349	0.224183
42001	43000	42501	419.0	-0.980870	0.280354
43001	44000	43501	358.0	-0.980392	0.053363
44001	45000	44501	432.0	-0.979914	0.324435
45001	46000	45501	379.0	-0.979436	0.135601
46001	47000	46501	316.0	-0.978957	-0.126672
47001	48000	47501	369.0	-0.978479	0.097024
48001	49000	48501	393.0	-0.978001	0.187933
49001	50000	49501	394.0	-0.977523	0.191599
50001	51000	50501	343.0	-0.977044	-0.008388
51001	52000	51501	345.0	-0.976566	0.000000
52001	53000	52501	395.0	-0.976088	0.195256
53001	54000	53501	328.0	-0.975610	-0.072901
54001	55000	54501	384.0	-0.975132	0.154510
55001	56000	55501	384.0	-0.974653	0.154510
56001	57000	56501	397.0	-0.974175	0.202543
57001	58000	57501	338.0	-0.973697	-0.029573
58001	59000	58501	349.0	-0.973219	0.016631
59001	60000	59501	316.0	-0.972740	-0.126672
60001	61000	60501	303.0	-0.972262	-0.187279
61001	62000	61501	335.0	-0.971784	-0.042435
62001	63000	62501	361.0	-0.971306	0.065402
63001	64000	63501	372.0	-0.970827	0.108706
64001	65000	64501	351.0	-0.970349	0.024875
65001	66000	65501	362.0	-0.969871	0.069393
66001	67000	66501	405.0	-0.969393	0.231326
67001	68000	67501	410.0	-0.968914	0.249028
68001	69000	68501	400.0	-0.968436	0.213404
69001	70000	69501	375.0	-0.967958	0.120294
70001	71000	70501	330.0	-0.967480	-0.064130
71001	72000	71501	403.0	-0.967001	0.224183
72001	73000	72501	314.0	-0.966523	-0.135832
73001	74000	73501	242.0	-0.966045	-0.511589
74001	75000	74501	260.0	-0.965567	-0.408085
75001	76000	75501	153.0	-0.965088	-1.173065
76001	77000	76501	160.0	-0.964610	-1.108524
77001	78000	77501	175.0	-0.964132	-0.979241
78001	79000	78501	236.0	-0.963654	-0.547810
79001	80000	79501	356.0	-0.963176	0.045281
80001	81000	80501	348.0	-0.962697	0.012491
81001	82000	81501	382.0	-0.962219	0.146976
82001	83000	82501	294.0	-0.961741	-0.230780
83001	84000	83501	379.0	-0.961263	0.135601
84001	85000	84501	415.0	-0.960784	0.266515
85001	86000	85501	361.0	-0.960306	0.065402
86001	87000	86501	382.0	-0.959828	0.146976
87001	88000	87501	374.0	-0.959350	0.116442
88001	89000	88501	390.0	-0.958871	0.176878
89001	90000	89501	384.0	-0.958393	0.154510
90001	91000	90501	383.0	-0.957915	0.150748
91001	92000	91501	370.0	-0.957437	0.100929
92001	93000	92501	390.0	-0.956958	0.176878
93001	94000	93501	384.0	-0.956480	0.154510
94001	95000	94501	353.0	-0.956002	0.033072
95001	96000	95501	276.0	-0.955524	-0.321928
96001	97000	96501	282.0	-0.955045	-0.290901
97001	98000	97501	290.0	-0.954567	-0.250543
98001	99000	98501	414.0	-0.954089	0.263034
99001	100000	99501	309.0	-0.953611	-0.158990
100001	101000	100501	399.0	-0.953132	0.209792
101001	102000	101501	355.0	-0.952654	0.041223
102001	103000	102501	393.0	-0.952176	0.187933
103001	104000	103501	319.0	-0.951698	-0.113040
104001	105000	104501	357.0	-0.951220	0.049328
105001	106000	105501	377.0	-0.950741	0.127968
106001	107000	106501	356.0	-0.950263	0.045281
107001	108000	107501	432.0	-0.949785	0.324435
108001	109000	108501	384.0	-0.949307	0.154510
109001	110000	109501	285.0	-0.948828	-0.275634
110001	111000	110501	300.0	-0.948350	-0.201634
111001	112000	111501	392.0	-0.947872	0.184257
112001	113000	112501	299.0	-0.947394	-0.206451
113001	114000	113501	385.0	-0.946915	0.158262
114001	115000	114501	330.0	-0.946437	-0.064130
115001	116000	115501	326.0	-0.945959	-0.081724
116001	117000	116501	282.0	-0.945481	-0.290901
117001	118000	117501	330.0	-0.945002	-0.064130
118001	119000	118501	365.0	-0.944524	0.081300
119001	120000	119501	298.0	-0.944046	-0.211284
120001	121000	120501	296.0	-0.943568	-0.220999
121001	122000	121501	265.0	-0.943089	-0.380604
122001	123000	122501	301.0	-0.942611	-0.196833
123001	124000	123501	275.0	-0.942133	-0.327165
124001	125000	124501	332.0	-0.941655	-0.055413
125001	126000	125501	258.0	-0.941176	-0.419225
126001	127000	126501	254.0	-0.940698	-0.441768
127001	128000	127501	288.0	-0.940220	-0.260528
128001	129000	128501	425.0	-0.939742	0.300866
129001	130000	129501	409.0	-0.939264	0.245504
130001	131000	130501	381.0	-0.938785	0.143195
131001	132000	131501	363.0	-0.938307	0.073373
132001	133000	132501	330.0	-0.937829	-0.064130
133001	134000	133501	294.0	-0.937351	-0.230780
134001	135000	134501	342.0	-0.936872	-0.012600
135001	136000	135501	374.0	-0.936394	0.116442
136001	137000	136501	345.0	-0.935916	0.000000
137001	138000	137501	361.0	-0.935438	0.065402
138001	139000	138501	273.0	-0.934959	-0.337695
139001	140000	139501	294.0	-0.934481	-0.230780
140001	141000	140501	322.0	-0.934003	-0.099536
141001	142000	141501	314.0	-0.933525	-0.135832
142001	143000	142501	360.0	-0.933046	0.061401
143001	144000	143501	294.0	-0.932568	-0.230780
144001	145000	144501	344.0	-0.932090	-0.004188
145001	146000	145501	245.0	-0.931612	-0.493815
146001	147000	146501	309.0	-0.931133	-0.158990
147001	148000	147501	348.0	-0.930655	0.012491
148001	149000	148501	319.0	-0.930177	-0.113040
149001	150000	149501	297.0	-0.929699	-0.216133
150001	151000	150501	297.0	-0.929220	-0.216133
151001	152000	151501	326.0	-0.928742	-0.081724
152001	153000	152501	312.0	-0.928264	-0.145050
153001	154000	153501	305.0	-0.927786	-0.177787
154001	155000	154501	316.0	-0.927308	-0.126672
155001	156000	155501	326.0	-0.926829	-0.081724
156001	157000	156501	282.0	-0.926351	-0.290901
157001	158000	157501	299.0	-0.925873	-0.206451
158001	159000	158501	271.0	-0.925395	-0.348304
159001	160000	159501	265.0	-0.924916	-0.380604
160001	161000	160501	269.0	-0.924438	-0.358990
161001	162000	161501	264.0	-0.923960	-0.386058
162001	163000	162501	307.0	-0.923482	-0.168358
163001	164000	163501	284.0	-0.923003	-0.280705
164001	165000	164501	210.0	-0.922525	-0.716207
165001	166000	165501	273.0	-0.922047	-0.337695
166001	167000	166501	355.0	-0.921569	0.041223
167001	168000	167501	268.0	-0.921090	-0.364363
168001	169000	168501	343.0	-0.920612	-0.008388
169001	170000	169501	309.0	-0.920134	-0.158990
170001	171000	170501	315.0	-0.919656	-0.131245
171001	172000	171501	296.0	-0.919177	-0.220999
172001	173000	172501	243.0	-0.918699	-0.505640
173001	174000	173501	270.0	-0.918221	-0.353637
174001	175000	174501	302.0	-0.917743	-0.192048
175001	176000	175501	340.0	-0.917264	-0.021062
176001	177000	176501	254.0	-0.916786	-0.441768
177001	178000	177501	260.0	-0.916308	-0.408085
178001	179000	178501	295.0	-0.915830	-0.225881
179001	180000	179501	276.0	-0.915352	-0.321928
180001	181000	180501	260.0	-0.914873	-0.408085
181001	182000	181501	203.0	-0.914395	-0.765117
182001	183000	182501	238.0	-0.913917	-0.535635
183001	184000	183501	271.0	-0.913439	-0.348304
184001	185000	184501	289.0	-0.912960	-0.255527
185001	186000	185501	309.0	-0.912482	-0.158990
186001	187000	186501	301.0	-0.912004	-0.196833
187001	188000	187501	305.0	-0.911526	-0.177787
188001	189000	188501	214.0	-0.911047	-0.688986
189001	190000	189501	295.0	-0.910569	-0.225881
190001	191000	190501	362.0	-0.910091	0.069393
191001	192000	191501	324.0	-0.909613	-0.090603
192001	193000	192501	307.0	-0.909134	-0.168358
193001	194000	193501	194.0	-0.908656	-0.830540
194001	195000	194501	254.0	-0.908178	-0.441768
195001	196000	195501	267.0	-0.907700	-0.369757
196001	197000	196501	313.0	-0.907221	-0.140434
197001	198000	197501	285.0	-0.906743	-0.275634
198001	199000	198501	283.0	-0.906265	-0.285794
199001	200000	199501	315.0	-0.905787	-0.131245
200001	201000	200501	357.0	-0.905308	0.049328
201001	202000	201501	382.0	-0.904830	0.146976
202001	203000	202501	309.0	-0.904352	-0.158990
203001	204000	203501	347.0	-0.903874	0.008339
204001	205000	204501	292.0	-0.903396	-0.240628
205001	206000	205501	262.0	-0.902917	-0.397030
206001	207000	206501	268.0	-0.902439	-0.364363
207001	208000	207501	238.0	-0.901961	-0.535635
208001	209000	208501	277.0	-0.901483	-0.316710
209001	210000	209501	270.0	-0.901004	-0.353637
210001	211000	210501	202.0	-0.900526	-0.772241
211001	212000	211501	206.0	-0.900048	-0.743952
212001	213000	212501	214.0	-0.899570	-0.688986
213001	214000	213501	194.0	-0.899091	-0.830540
214001	215000	214501	195.0	-0.898613	-0.823122
215001	216000	215501	189.0	-0.898135	-0.868210
216001	217000	216501	212.0	-0.897657	-0.702532
217001	218000	217501	257.0	-0.897178	-0.424828
218001	219000	218501	328.0	-0.896700	-0.072901
219001	220000	219501	378.0	-0.896222	0.131790
220001	221000	220501	299.0	-0.895744	-0.206451
221001	222000	221501	352.0	-0.895265	0.028979
222001	223000	222501	334.0	-0.894787	-0.046748
223001	224000	223501	280.0	-0.894309	-0.301170
224001	225000	224501	306.0	-0.893831	-0.173065
225001	226000	225501	399.0	-0.893352	0.209792
226001	227000	226501	372.0	-0.892874	0.108706
227001	228000	227501	235.0	-0.892396	-0.553936
228001	229000	228501	257.0	-0.891918	-0.424828
229001	230000	229501	334.0	-0.891440	-0.046748
230001	231000	230501	349.0	-0.890961	0.016631
231001	232000	231501	301.0	-0.890483	-0.196833
232001	233000	232501	332.0	-0.890005	-0.055413
233001	234000	233501	277.0	-0.889527	-0.316710
234001	235000	234501	244.0	-0.889048	-0.499715
235001	236000	235501	294.0	-0.888570	-0.230780
236001	237000	236501	312.0	-0.888092	-0.145050
237001	238000	237501	240.0	-0.887614	-0.523562
238001	239000	238501	240.0	-0.887135	-0.523562
239001	240000	239501	302.0	-0.886657	-0.192048
240001	241000	240501	324.0	-0.886179	-0.090603
241001	242000	241501	371.0	-0.885701	0.104823
242001	243000	242501	346.0	-0.885222	0.004176
243001	244000	243501	421.0	-0.884744	0.287224
244001	245000	244501	285.0	-0.884266	-0.275634
245001	246000	245501	215.0	-0.883788	-0.682260
246001	247000	246501	203.0	-0.883309	-0.765117
247001	248000	247501	237.0	-0.882831	-0.541709
248001	249000	248501	279.0	-0.882353	-0.306331
249001	250000	249501	344.0	-0.881875	-0.004188
250001	251000	250501	316.0	-0.881396	-0.126672
251001	252000	251501	295.0	-0.880918	-0.225881
252001	253000	252501	326.0	-0.880440	-0.081724
253001	254000	253501	347.0	-0.879962	0.008339
254001	255000	254501	381.0	-0.879484	0.143195
255001	256000	255501	331.0	-0.879005	-0.059765
256001	257000	256501	319.0	-0.878527	-0.113040
257001	258000	257501	316.0	-0.878049	-0.126672
258001	259000	258501	367.0	-0.877571	0.089184
259001	260000	259501	363.0	-0.877092	0.073373
260001	261000	260501	311.0	-0.876614	-0.149682
261001	262000	261501	276.0	-0.876136	-0.321928
262001	263000	262501	286.0	-0.875658	-0.270581
263001	264000	263501	257.0	-0.875179	-0.424828
264001	265000	264501	228.0	-0.874701	-0.597563
265001	266000	265501	260.0	-0.874223	-0.408085
266001	267000	266501	318.0	-0.873745	-0.117570
267001	268000	267501	370.0	-0.873266	0.100929
268001	269000	268501	353.0	-0.872788	0.033072
269001	270000	269501	315.0	-0.872310	-0.131245
270001	271000	270501	341.0	-0.871832	-0.016825
271001	272000	271501	324.0	-0.871353	-0.090603
272001	273000	272501	354.0	-0.870875	0.037153
273001	274000	273501	352.0	-0.870397	0.028979
274001	275000	274501	333.0	-0.869919	-0.051074
275001	276000	275501	379.0	-0.869440	0.135601
276001	277000	276501	325.0	-0.868962	-0.086157
277001	278000	277501	235.0	-0.868484	-0.553936
278001	279000	278501	325.0	-0.868006	-0.086157
279001	280000	279501	319.0	-0.867527	-0.113040
280001	281000	280501	304.0	-0.867049	-0.182525
281001	282000	281501	263.0	-0.866571	-0.391534
282001	283000	282501	309.0	-0.866093	-0.158990
283001	284000	283501	308.0	-0.865615	-0.163666
284001	285000	284501	296.0	-0.865136	-0.220999
285001	286000	285501	310.0	-0.864658	-0.154328
286001	287000	286501	323.0	-0.864180	-0.095062
287001	288000	287501	297.0	-0.863702	-0.216133
288001	289000	288501	230.0	-0.863223	-0.584963
289001	290000	289501	285.0	-0.862745	-0.275634
290001	291000	290501	259.0	-0.862267	-0.413644
291001	292000	291501	263.0	-0.861789	-0.391534
292001	293000	292501	358.0	-0.861310	0.053363
293001	294000	293501	399.0	-0.860832	0.209792
294001	295000	294501	335.0	-0.860354	-0.042435
295001	296000	295501	238.0	-0.859876	-0.535635
296001	297000	296501	257.0	-0.859397	-0.424828
297001	298000	297501	262.0	-0.858919	-0.397030
298001	299000	298501	199.0	-0.858441	-0.793828
299001	300000	299501	281.0	-0.857963	-0.296026
300001	301000	300501	348.0	-0.857484	0.012491
301001	302000	301501	336.0	-0.857006	-0.038135
302001	303000	302501	389.0	-0.856528	0.173174
303001	304000	303501	353.0	-0.856050	0.033072
304001	305000	304501	356.0	-0.855571	0.045281
305001	306000	305501	374.0	-0.855093	0.116442
306001	307000	306501	331.0	-0.854615	-0.059765
307001	308000	307501	286.0	-0.854137	-0.270581
308001	309000	308501	296.0	-0.853659	-0.220999
309001	310000	309501	280.0	-0.853180	-0.301170
310001	311000	310501	344.0	-0.852702	-0.004188
311001	312000	311501	343.0	-0.852224	-0.008388
312001	313000	312501	301.0	-0.851746	-0.196833
313001	314000	313501	377.0	-0.851267	0.127968
314001	315000	314501	406.0	-0.850789	0.234883
315001	316000	315501	413.0	-0.850311	0.259545
316001	317000	316501	366.0	-0.849833	0.085247
317001	318000	317501	363.0	-0.849354	0.073373
318001	319000	318501	302.0	-0.848876	-0.192048
319001	320000	319501	302.0	-0.848398	-0.192048
320001	321000	320501	369.0	-0.847920	0.097024
321001	322000	321501	411.0	-0.847441	0.252542
322001	323000	322501	372.0	-0.846963	0.108706
323001	324000	323501	406.0	-0.846485	0.234883
324001	325000	324501	381.0	-0.846007	0.143195
325001	326000	325501	354.0	-0.845528	0.037153
326001	327000	326501	395.0	-0.845050	0.195256
327001	328000	327501	376.0	-0.844572	0.124136
328001	329000	328501	349.0	-0.844094	0.016631
329001	330000	329501	331.0	-0.843615	-0.059765
330001	331000	330501	288.0	-0.843137	-0.260528
331001	332000	331501	321.0	-0.842659	-0.104023
332001	333000	332501	337.0	-0.842181	-0.033848
333001	334000	333501	348.0	-0.841703	0.012491
334001	335000	334501	359.0	-0.841224	0.057387
335001	336000	335501	430.0	-0.840746	0.317740
336001	337000	336501	313.0	-0.840268	-0.140434
337001	338000	337501	315.0	-0.839790	-0.131245
338001	339000	338501	265.0	-0.839311	-0.380604
339001	340000	339501	237.0	-0.838833	-0.541709
340001	341000	340501	245.0	-0.838355	-0.493815
341001	342000	341501	300.0	-0.837877	-0.201634
342001	343000	342501	279.0	-0.837398	-0.306331
343001	344000	343501	307.0	-0.836920	-0.168358
344001	345000	344501	292.0	-0.836442	-0.240628
345001	346000	345501	255.0	-0.835964	-0.436099
346001	347000	346501	278.0	-0.835485	-0.311511
347001	348000	347501	344.0	-0.835007	-0.004188
348001	349000	348501	313.0	-0.834529	-0.140434
349001	350000	349501	274.0	-0.834051	-0.332420
350001	351000	350501	262.0	-0.833572	-0.397030
351001	352000	351501	281.0	-0.833094	-0.296026
352001	353000	352501	276.0	-0.832616	-0.321928
353001	354000	353501	305.0	-0.832138	-0.177787
354001	355000	354501	276.0	-0.831659	-0.321928
355001	356000	355501	250.0	-0.831181	-0.464668
356001	357000	356501	260.0	-0.830703	-0.408085
357001	358000	357501	274.0	-0.830225	-0.332420
358001	359000	358501	333.0	-0.829747	-0.051074
359001	360000	359501	301.0	-0.829268	-0.196833
360001	361000	360501	308.0	-0.828790	-0.163666
361001	362000	361501	293.0	-0.828312	-0.235696
362001	363000	362501	313.0	-0.827834	-0.140434
363001	364000	363501	298.0	-0.827355	-0.211284
364001	365000	364501	334.0	-0.826877	-0.046748
365001	366000	365501	317.0	-0.826399	-0.122114
366001	367000	366501	278.0	-0.825921	-0.311511
367001	368000	367501	284.0	-0.825442	-0.280705
368001	369000	368501	311.0	-0.824964	-0.149682
369001	370000	369501	337.0	-0.824486	-0.033848
370001	371000	370501	356.0	-0.824008	0.045281
371001	372000	371501	327.0	-0.823529	-0.077306
372001	373000	372501	313.0	-0.823051	-0.140434
373001	374000	373501	353.0	-0.822573	0.033072
374001	375000	374501	312.0	-0.822095	-0.145050
375001	376000	375501	344.0	-0.821616	-0.004188
376001	377000	376501	307.0	-0.821138	-0.168358
377001	378000	377501	371.0	-0.820660	0.104823
378001	379000	378501	368.0	-0.820182	0.093109
379001	380000	379501	316.0	-0.819703	-0.126672
380001	381000	380501	303.0	-0.819225	-0.187279
381001	382000	381501	203.0	-0.818747	-0.765117
382001	383000	382501	234.0	-0.818269	-0.560088
383001	384000	383501	225.0	-0.817791	-0.616671
384001	385000	384501	232.0	-0.817312	-0.572472
385001	386000	385501	204.0	-0.816834	-0.758027
386001	387000	386501	181.0	-0.816356	-0.930607
387001	388000	387501	201.0	-0.815878	-0.779401
388001	389000	388501	268.0	-0.815399	-0.364363
389001	390000	389501	275.0	-0.814921	-0.327165
390001	391000	390501	373.0	-0.814443	0.112579
391001	392000	391501	313.0	-0.813965	-0.140434
392001	393000	392501	360.0	-0.813486	0.061401
393001	394000	393501	302.0	-0.813008	-0.192048
394001	395000	394501	306.0	-0.812530	-0.173065
395001	396000	395501	426.0	-0.812052	0.304257
396001	397000	396501	387.0	-0.811573	0.165737
397001	398000	397501	373.0	-0.811095	0.112579
398001	399000	398501	404.0	-0.810617	0.227759
399001	400000	399501	480.0	-0.810139	0.476438
400001	401000	400501	430.0	-0.809660	0.317740
401001	402000	401501	401.0	-0.809182	0.217006
402001	403000	402501	318.0	-0.808704	-0.117570
403001	404000	403501	400.0	-0.808226	0.213404
404001	405000	404501	376.0	-0.807747	0.124136
405001	406000	405501	360.0	-0.807269	0.061401
406001	407000	406501	362.0	-0.806791	0.069393
407001	408000	407501	393.0	-0.806313	0.187933
408001	409000	408501	382.0	-0.805835	0.146976
409001	410000	409501	344.0	-0.805356	-0.004188
410001	411000	410501	320.0	-0.804878	-0.108524
411001	412000	411501	321.0	-0.804400	-0.104023
412001	413000	412501	250.0	-0.803922	-0.464668
413001	414000	413501	363.0	-0.803443	0.073373
414001	415000	414501	349.0	-0.802965	0.016631
415001	416000	415501	286.0	-0.802487	-0.270581
416001	417000	416501	322.0	-0.802009	-0.099536
417001	418000	417501	371.0	-0.801530	0.104823
418001	419000	418501	306.0	-0.801052	-0.173065
419001	420000	419501	366.0	-0.800574	0.085247
420001	421000	420501	407.0	-0.800096	0.238432
421001	422000	421501	388.0	-0.799617	0.169460
422001	423000	422501	394.0	-0.799139	0.191599
423001	424000	423501	433.0	-0.798661	0.327771
424001	425000	424501	312.0	-0.798183	-0.145050
425001	426000	425501	351.0	-0.797704	0.024875
426001	427000	426501	294.0	-0.797226	-0.230780
427001	428000	427501	289.0	-0.796748	-0.255527
428001	429000	428501	334.0	-0.796270	-0.046748
429001	430000	429501	307.0	-0.795791	-0.168358
430001	431000	430501	270.0	-0.795313	-0.353637
431001	432000	431501	229.0	-0.794835	-0.591249
432001	433000	432501	289.0	-0.794357	-0.255527
433001	434000	433501	314.0	-0.793879	-0.135832
434001	435000	434501	351.0	-0.793400	0.024875
435001	436000	435501	327.0	-0.792922	-0.077306
436001	437000	436501	356.0	-0.792444	0.045281
437001	438000	437501	260.0	-0.791966	-0.408085
438001	439000	438501	267.0	-0.791487	-0.369757
439001	440000	439501	418.0	-0.791009	0.276907
440001	441000	440501	401.0	-0.790531	0.217006
441001	442000	441501	311.0	-0.790053	-0.149682
442001	443000	442501	316.0	-0.789574	-0.126672
443001	444000	443501	344.0	-0.789096	-0.004188
444001	445000	444501	417.0	-0.788618	0.273451
445001	446000	445501	412.0	-0.788140	0.256048
446001	447000	446501	330.0	-0.787661	-0.064130
447001	448000	447501	360.0	-0.787183	0.061401
448001	449000	448501	311.0	-0.786705	-0.149682
449001	450000	449501	291.0	-0.786227	-0.245577
450001	451000	450501	406.0	-0.785748	0.234883
451001	452000	451501	332.0	-0.785270	-0.055413
452001	453000	452501	262.0	-0.784792	-0.397030
453001	454000	453501	278.0	-0.784314	-0.311511
454001	455000	454501	286.0	-0.783835	-0.270581
455001	456000	455501	287.0	-0.783357	-0.265546
456001	457000	456501	270.0	-0.782879	-0.353637
457001	458000	457501	344.0	-0.782401	-0.004188
458001	459000	458501	398.0	-0.781923	0.206172
459001	460000	459501	286.0	-0.781444	-0.270581
460001	461000	460501	269.0	-0.780966	-0.358990
461001	462000	461501	270.0	-0.780488	-0.353637
462001	463000	462501	325.0	-0.780010	-0.086157
463001	464000	463501	342.0	-0.779531	-0.012600
464001	465000	464501	405.0	-0.779053	0.231326
465001	466000	465501	341.0	-0.778575	-0.016825
466001	467000	466501	339.0	-0.778097	-0.025311
467001	468000	467501	326.0	-0.777618	-0.081724
468001	469000	468501	320.0	-0.777140	-0.108524
469001	470000	469501	280.0	-0.776662	-0.301170
470001	471000	470501	293.0	-0.776184	-0.235696
471001	472000	471501	338.0	-0.775705	-0.029573
472001	473000	472501	250.0	-0.775227	-0.464668
473001	474000	473501	292.0	-0.774749	-0.240628
474001	475000	474501	306.0	-0.774271	-0.173065
475001	476000	475501	306.0	-0.773792	-0.173065
476001	477000	476501	366.0	-0.773314	0.085247
477001	478000	477501	347.0	-0.772836	0.008339
478001	479000	478501	307.0	-0.772358	-0.168358
479001	480000	479501	339.0	-0.771879	-0.025311
480001	481000	480501	277.0	-0.771401	-0.316710
481001	482000	481501	280.0	-0.770923	-0.301170
482001	483000	482501	424.0	-0.770445	0.297468
483001	484000	483501	386.0	-0.769967	0.162004
484001	485000	484501	331.0	-0.769488	-0.059765
485001	486000	485501	241.0	-0.769010	-0.517563
486001	487000	486501	294.0	-0.768532	-0.230780
487001	488000	487501	270.0	-0.768054	-0.353637
488001	489000	488501	314.0	-0.767575	-0.135832
489001	490000	489501	451.0	-0.767097	0.386531
490001	491000	490501	321.0	-0.766619	-0.104023
491001	492000	491501	315.0	-0.766141	-0.131245
492001	493000	492501	389.0	-0.765662	0.173174
493001	494000	493501	414.0	-0.765184	0.263034
494001	495000	494501	351.0	-0.764706	0.024875
495001	496000	495501	306.0	-0.764228	-0.173065
496001	497000	496501	288.0	-0.763749	-0.260528
497001	498000	497501	377.0	-0.763271	0.127968
498001	499000	498501	335.0	-0.762793	-0.042435
499001	500000	499501	306.0	-0.762315	-0.173065
500001	501000	500501	277.0	-0.761836	-0.316710
501001	502000	501501	315.0	-0.761358	-0.131245
502001	503000	502501	342.0	-0.760880	-0.012600
503001	504000	503501	322.0	-0.760402	-0.099536
504001	505000	504501	306.0	-0.759923	-0.173065
505001	506000	505501	333.0	-0.759445	-0.051074
506001	507000	506501	378.0	-0.758967	0.131790
507001	508000	507501	378.0	-0.758489	0.131790
508001	509000	508501	299.0	-0.758011	-0.206451
509001	510000	509501	370.0	-0.757532	0.100929
510001	511000	510501	290.0	-0.757054	-0.250543
511001	512000	511501	310.0	-0.756576	-0.154328
512001	513000	512501	307.0	-0.756098	-0.168358
513001	514000	513501	283.0	-0.755619	-0.285794
514001	515000	514501	299.0	-0.755141	-0.206451
515001	516000	515501	320.0	-0.754663	-0.108524
516001	517000	516501	339.0	-0.754185	-0.025311
517001	518000	517501	362.0	-0.753706	0.069393
518001	519000	518501	368.0	-0.753228	0.093109
519001	520000	519501	310.0	-0.752750	-0.154328
520001	521000	520501	304.0	-0.752272	-0.182525
521001	522000	521501	327.0	-0.751793	-0.077306
522001	523000	522501	324.0	-0.751315	-0.090603
523001	524000	523501	359.0	-0.750837	0.057387
524001	525000	524501	350.0	-0.750359	0.020759
525001	526000	525501	318.0	-0.749880	-0.117570
526001	527000	526501	354.0	-0.749402	0.037153
527001	528000	527501	368.0	-0.748924	0.093109
528001	529000	528501	377.0	-0.748446	0.127968
529001	530000	529501	328.0	-0.747967	-0.072901
530001	531000	530501	307.0	-0.747489	-0.168358
531001	532000	531501	301.0	-0.747011	-0.196833
532001	533000	532501	305.0	-0.746533	-0.177787
533001	534000	533501	371.0	-0.746055	0.104823
534001	535000	534501	384.0	-0.745576	0.154510
535001	536000	535501	375.0	-0.745098	0.120294
536001	537000	536501	333.0	-0.744620	-0.051074
537001	538000	537501	396.0	-0.744142	0.198904
538001	539000	538501	328.0	-0.743663	-0.072901
539001	540000	539501	389.0	-0.743185	0.173174
540001	541000	540501	350.0	-0.742707	0.020759
541001	542000	541501	333.0	-0.742229	-0.051074
542001	543000	542501	376.0	-0.741750	0.124136
543001	544000	543501	359.0	-0.741272	0.057387
544001	545000	544501	348.0	-0.740794	0.012491
545001	546000	545501	308.0	-0.740316	-0.163666
546001	547000	546501	276.0	-0.739837	-0.321928
547001	548000	547501	359.0	-0.739359	0.057387
548001	549000	548501	444.0	-0.738881	0.363963
549001	550000	549501	380.0	-0.738403	0.139403
550001	551000	550501	223.0	-0.737924	-0.629553
551001	552000	551501	276.0	-0.737446	-0.321928
552001	553000	552501	320.0	-0.736968	-0.108524
553001	554000	553501	347.0	-0.736490	0.008339
554001	555000	554501	273.0	-0.736011	-0.337695
555001	556000	555501	287.0	-0.735533	-0.265546
556001	557000	556501	296.0	-0.735055	-0.220999
557001	558000	557501	239.0	-0.734577	-0.529586
558001	559000	558501	289.0	-0.734099	-0.255527
559001	560000	559501	343.0	-0.733620	-0.008388
560001	561000	560501	426.0	-0.733142	0.304257
561001	562000	561501	415.0	-0.732664	0.266515
562001	563000	562501	318.0	-0.732186	-0.117570
563001	564000	563501	349.0	-0.731707	0.016631
564001	565000	564501	351.0	-0.731229	0.024875
565001	566000	565501	332.0	-0.730751	-0.055413
566001	567000	566501	318.0	-0.730273	-0.117570
567001	568000	567501	370.0	-0.729794	0.100929
568001	569000	568501	303.0	-0.729316	-0.187279
569001	570000	569501	350.0	-0.728838	0.020759
570001	571000	570501	258.0	-0.728360	-0.419225
571001	572000	571501	310.0	-0.727881	-0.154328
572001	573000	572501	272.0	-0.727403	-0.342990
573001	574000	573501	340.0	-0.726925	-0.021062
574001	575000	574501	299.0	-0.726447	-0.206451
575001	576000	575501	357.0	-0.725968	0.049328
576001	577000	576501	293.0	-0.725490	-0.235696
577001	578000	577501	255.0	-0.725012	-0.436099
578001	579000	578501	222.0	-0.724534	-0.636037
579001	580000	579501	244.0	-0.724055	-0.499715
580001	581000	580501	276.0	-0.723577	-0.321928
581001	582000	581501	290.0	-0.723099	-0.250543
582001	583000	582501	309.0	-0.722621	-0.158990
583001	584000	583501	261.0	-0.722143	-0.402547
584001	585000	584501	296.0	-0.721664	-0.220999
585001	586000	585501	319.0	-0.721186	-0.113040
586001	587000	586501	373.0	-0.720708	0.112579
587001	588000	587501	300.0	-0.720230	-0.201634
588001	589000	588501	310.0	-0.719751	-0.154328
589001	590000	589501	333.0	-0.719273	-0.051074
590001	591000	590501	321.0	-0.718795	-0.104023
591001	592000	591501	357.0	-0.718317	0.049328
592001	593000	592501	321.0	-0.717838	-0.104023
593001	594000	593501	298.0	-0.717360	-0.211284
594001	595000	594501	301.0	-0.716882	-0.196833
595001	596000	595501	253.0	-0.716404	-0.447459
596001	597000	596501	276.0	-0.715925	-0.321928
597001	598000	597501	254.0	-0.715447	-0.441768
598001	599000	598501	386.0	-0.714969	0.162004
599001	600000	599501	322.0	-0.714491	-0.099536
600001	601000	600501	272.0	-0.714012	-0.342990
601001	602000	601501	303.0	-0.713534	-0.187279
602001	603000	602501	322.0	-0.713056	-0.099536
603001	604000	603501	352.0	-0.712578	0.028979
604001	605000	604501	356.0	-0.712099	0.045281
605001	606000	605501	390.0	-0.711621	0.176878
606001	607000	606501	354.0	-0.711143	0.037153
607001	608000	607501	370.0	-0.710665	0.100929
608001	609000	608501	311.0	-0.710187	-0.149682
609001	610000	609501	306.0	-0.709708	-0.173065
610001	611000	610501	308.0	-0.709230	-0.163666
611001	612000	611501	269.0	-0.708752	-0.358990
612001	613000	612501	355.0	-0.708274	0.041223
613001	614000	613501	382.0	-0.707795	0.146976
614001	615000	614501	347.0	-0.707317	0.008339
615001	616000	615501	357.0	-0.706839	0.049328
616001	617000	616501	326.0	-0.706361	-0.081724
617001	618000	617501	311.0	-0.705882	-0.149682
618001	619000	618501	294.0	-0.705404	-0.230780
619001	620000	619501	274.0	-0.704926	-0.332420
620001	621000	620501	256.0	-0.704448	-0.430453
621001	622000	621501	269.0	-0.703969	-0.358990
622001	623000	622501	376.0	-0.703491	0.124136
623001	624000	623501	294.0	-0.703013	-0.230780
624001	625000	624501	327.0	-0.702535	-0.077306
625001	626000	625501	323.0	-0.702056	-0.095062
626001	627000	626501	365.0	-0.701578	0.081300
627001	628000	627501	303.0	-0.701100	-0.187279
628001	629000	628501	315.0	-0.700622	-0.131245
629001	630000	629501	317.0	-0.700143	-0.122114
630001	631000	630501	306.0	-0.699665	-0.173065
631001	632000	631501	341.0	-0.699187	-0.016825
632001	633000	632501	302.0	-0.698709	-0.192048
633001	634000	633501	293.0	-0.698231	-0.235696
634001	635000	634501	348.0	-0.697752	0.012491
635001	636000	635501	342.0	-0.697274	-0.012600
636001	637000	636501	296.0	-0.696796	-0.220999
637001	638000	637501	324.0	-0.696318	-0.090603
638001	639000	638501	337.0	-0.695839	-0.033848
639001	640000	639501	310.0	-0.695361	-0.154328
640001	641000	640501	360.0	-0.694883	0.061401
641001	642000	641501	303.0	-0.694405	-0.187279
642001	643000	642501	339.0	-0.693926	-0.025311
643001	644000	643501	320.0	-0.693448	-0.108524
644001	645000	644501	343.0	-0.692970	-0.008388
645001	646000	645501	324.0	-0.692492	-0.090603
646001	647000	646501	286.0	-0.692013	-0.270581
647001	648000	647501	258.0	-0.691535	-0.419225
648001	649000	648501	332.0	-0.691057	-0.055413
649001	650000	649501	336.0	-0.690579	-0.038135
650001	651000	650501	283.0	-0.690100	-0.285794
651001	652000	651501	275.0	-0.689622	-0.327165
652001	653000	652501	264.0	-0.689144	-0.386058
653001	654000	653501	272.0	-0.688666	-0.342990
654001	655000	654501	321.0	-0.688187	-0.104023
655001	656000	655501	338.0	-0.687709	-0.029573
656001	657000	656501	345.0	-0.687231	0.000000
657001	658000	657501	352.0	-0.686753	0.028979
658001	659000	658501	291.0	-0.686275	-0.245577
659001	660000	659501	379.0	-0.685796	0.135601
660001	661000	660501	378.0	-0.685318	0.131790
661001	662000	661501	384.0	-0.684840	0.154510
662001	663000	662501	371.0	-0.684362	0.104823
663001	664000	663501	337.0	-0.683883	-0.033848
664001	665000	664501	395.0	-0.683405	0.195256
665001	666000	665501	387.0	-0.682927	0.165737
666001	667000	666501	306.0	-0.682449	-0.173065
667001	668000	667501	264.0	-0.681970	-0.386058
668001	669000	668501	307.0	-0.681492	-0.168358
669001	670000	669501	357.0	-0.681014	0.049328
670001	671000	670501	334.0	-0.680536	-0.046748
671001	672000	671501	284.0	-0.680057	-0.280705
672001	673000	672501	276.0	-0.679579	-0.321928
673001	674000	673501	216.0	-0.679101	-0.675565
674001	675000	674501	264.0	-0.678623	-0.386058
675001	676000	675501	316.0	-0.678144	-0.126672
676001	677000	676501	279.0	-0.677666	-0.306331
677001	678000	677501	348.0	-0.677188	0.012491
678001	679000	678501	365.0	-0.676710	0.081300
679001	680000	679501	326.0	-0.676231	-0.081724
680001	681000	680501	384.0	-0.675753	0.154510
681001	682000	681501	348.0	-0.675275	0.012491
682001	683000	682501	363.0	-0.674797	0.073373
683001	684000	683501	443.0	-0.674319	0.360710
684001	685000	684501	366.0	-0.673840	0.085247
685001	686000	685501	336.0	-0.673362	-0.038135
686001	687000	686501	303.0	-0.672884	-0.187279
687001	688000	687501	318.0	-0.672406	-0.117570
688001	689000	688501	435.0	-0.671927	0.334419
689001	690000	689501	344.0	-0.671449	-0.004188
690001	691000	690501	307.0	-0.670971	-0.168358
691001	692000	691501	309.0	-0.670493	-0.158990
692001	693000	692501	330.0	-0.670014	-0.064130
693001	694000	693501	323.0	-0.669536	-0.095062
694001	695000	694501	414.0	-0.669058	0.263034
695001	696000	695501	302.0	-0.668580	-0.192048
696001	697000	696501	301.0	-0.668101	-0.196833
697001	698000	697501	325.0	-0.667623	-0.086157
698001	699000	698501	435.0	-0.667145	0.334419
699001	700000	699501	383.0	-0.666667	0.150748
700001	701000	700501	344.0	-0.666188	-0.004188
701001	702000	701501	325.0	-0.665710	-0.086157
702001	703000	702501	323.0	-0.665232	-0.095062
703001	704000	703501	366.0	-0.664754	0.085247
704001	705000	704501	384.0	-0.664275	0.154510
705001	706000	705501	383.0	-0.663797	0.150748
706001	707000	706501	365.0	-0.663319	0.081300
707001	708000	707501	378.0	-0.662841	0.131790
708001	709000	708501	278.0	-0.662363	-0.311511
709001	710000	709501	323.0	-0.661884	-0.095062
710001	711000	710501	290.0	-0.661406	-0.250543
711001	712000	711501	383.0	-0.660928	0.150748
712001	713000	712501	326.0	-0.660450	-0.081724
713001	714000	713501	329.0	-0.659971	-0.068509
714001	715000	714501	322.0	-0.659493	-0.099536
715001	716000	715501	273.0	-0.659015	-0.337695
716001	717000	716501	315.0	-0.658537	-0.131245
717001	718000	717501	342.0	-0.658058	-0.012600
718001	719000	718501	356.0	-0.657580	0.045281
719001	720000	719501	292.0	-0.657102	-0.240628
720001	721000	720501	369.0	-0.656624	0.097024
721001	722000	721501	342.0	-0.656145	-0.012600
722001	723000	722501	393.0	-0.655667	0.187933
723001	724000	723501	324.0	-0.655189	-0.090603
724001	725000	724501	322.0	-0.654711	-0.099536
725001	726000	725501	381.0	-0.654232	0.143195
726001	727000	726501	352.0	-0.653754	0.028979
727001	728000	727501	261.0	-0.653276	-0.402547
728001	729000	728501	314.0	-0.652798	-0.135832
729001	730000	729501	323.0	-0.652319	-0.095062
730001	731000	730501	316.0	-0.651841	-0.126672
731001	732000	731501	399.0	-0.651363	0.209792
732001	733000	732501	347.0	-0.650885	0.008339
733001	734000	733501	367.0	-0.650407	0.089184
734001	735000	734501	373.0	-0.649928	0.112579
735001	736000	735501	328.0	-0.649450	-0.072901
736001	737000	736501	337.0	-0.648972	-0.033848
737001	738000	737501	291.0	-0.648494	-0.245577
738001	739000	738501	300.0	-0.648015	-0.201634
739001	740000	739501	373.0	-0.647537	0.112579
740001	741000	740501	401.0	-0.647059	0.217006
741001	742000	741501	420.0	-0.646581	0.283793
742001	743000	742501	318.0	-0.646102	-0.117570
743001	744000	743501	322.0	-0.645624	-0.099536
744001	745000	744501	261.0	-0.645146	-0.402547
745001	746000	745501	338.0	-0.644668	-0.029573
746001	747000	746501	305.0	-0.644189	-0.177787
747001	748000	747501	258.0	-0.643711	-0.419225
748001	749000	748501	221.0	-0.643233	-0.642550
749001	750000	749501	271.0	-0.642755	-0.348304
750001	751000	750501	311.0	-0.642276	-0.149682
751001	752000	751501	326.0	-0.641798	-0.081724
752001	753000	752501	348.0	-0.641320	0.012491
753001	754000	753501	389.0	-0.640842	0.173174
754001	755000	754501	368.0	-0.640363	0.093109
755001	756000	755501	384.0	-0.639885	0.154510
756001	757000	756501	355.0	-0.639407	0.041223
757001	758000	757501	348.0	-0.638929	0.012491
758001	759000	758501	348.0	-0.638451	0.012491
759001	760000	759501	395.0	-0.637972	0.195256
760001	761000	760501	435.0	-0.637494	0.334419
761001	762000	761501	368.0	-0.637016	0.093109
762001	763000	762501	331.0	-0.636538	-0.059765
763001	764000	763501	286.0	-0.636059	-0.270581
764001	765000	764501	327.0	-0.635581	-0.077306
765001	766000	765501	373.0	-0.635103	0.112579
766001	767000	766501	480.0	-0.634625	0.476438
767001	768000	767501	337.0	-0.634146	-0.033848
768001	769000	768501	302.0	-0.633668	-0.192048
769001	770000	769501	389.0	-0.633190	0.173174
770001	771000	770501	352.0	-0.632712	0.028979
771001	772000	771501	351.0	-0.632233	0.024875
772001	773000	772501	334.0	-0.631755	-0.046748
773001	774000	773501	330.0	-0.631277	-0.064130
774001	775000	774501	305.0	-0.630799	-0.177787
775001	776000	775501	254.0	-0.630320	-0.441768
776001	777000	776501	329.0	-0.629842	-0.068509
777001	778000	777501	305.0	-0.629364	-0.177787
778001	779000	778501	342.0	-0.628886	-0.012600
779001	780000	779501	376.0	-0.628407	0.124136
780001	781000	780501	357.0	-0.627929	0.049328
781001	782000	781501	325.0	-0.627451	-0.086157
782001	783000	782501	384.0	-0.626973	0.154510
783001	784000	783501	365.0	-0.626495	0.081300
784001	785000	784501	375.0	-0.626016	0.120294
785001	786000	785501	362.0	-0.625538	0.069393
786001	787000	786501	266.0	-0.625060	-0.375170
787001	788000	787501	310.0	-0.624582	-0.154328
788001	789000	788501	367.0	-0.624103	0.089184
789001	790000	789501	381.0	-0.623625	0.143195
790001	791000	790501	329.0	-0.623147	-0.068509
791001	792000	791501	288.0	-0.622669	-0.260528
792001	793000	792501	273.0	-0.622190	-0.337695
793001	794000	793501	234.0	-0.621712	-0.560088
794001	795000	794501	231.0	-0.621234	-0.578704
795001	796000	795501	362.0	-0.620756	0.069393
796001	797000	796501	292.0	-0.620277	-0.240628
797001	798000	797501	406.0	-0.619799	0.234883
798001	799000	798501	422.0	-0.619321	0.290647
799001	800000	799501	347.0	-0.618843	0.008339
800001	801000	800501	379.0	-0.618364	0.135601
801001	802000	801501	344.0	-0.617886	-0.004188
802001	803000	802501	364.0	-0.617408	0.077342
803001	804000	803501	337.0	-0.616930	-0.033848
804001	805000	804501	339.0	-0.616451	-0.025311
805001	806000	805501	354.0	-0.615973	0.037153
806001	807000	806501	299.0	-0.615495	-0.206451
807001	808000	807501	342.0	-0.615017	-0.012600
808001	809000	808501	308.0	-0.614538	-0.163666
809001	810000	809501	365.0	-0.614060	0.081300
810001	811000	810501	422.0	-0.613582	0.290647
811001	812000	811501	360.0	-0.613104	0.061401
812001	813000	812501	404.0	-0.612626	0.227759
813001	814000	813501	300.0	-0.612147	-0.201634
814001	815000	814501	268.0	-0.611669	-0.364363
815001	816000	815501	346.0	-0.611191	0.004176
816001	817000	816501	263.0	-0.610713	-0.391534
817001	818000	817501	282.0	-0.610234	-0.290901
818001	819000	818501	265.0	-0.609756	-0.380604
819001	820000	819501	305.0	-0.609278	-0.177787
820001	821000	820501	359.0	-0.608800	0.057387
821001	822000	821501	335.0	-0.608321	-0.042435
822001	823000	822501	353.0	-0.607843	0.033072
823001	824000	823501	319.0	-0.607365	-0.113040
824001	825000	824501	315.0	-0.606887	-0.131245
825001	826000	825501	324.0	-0.606408	-0.090603
826001	827000	826501	337.0	-0.605930	-0.033848
827001	828000	827501	338.0	-0.605452	-0.029573
828001	829000	828501	252.0	-0.604974	-0.453173
829001	830000	829501	251.0	-0.604495	-0.458909
830001	831000	830501	338.0	-0.604017	-0.029573
831001	832000	831501	366.0	-0.603539	0.085247
832001	833000	832501	393.0	-0.603061	0.187933
833001	834000	833501	373.0	-0.602582	0.112579
834001	835000	834501	327.0	-0.602104	-0.077306
835001	836000	835501	299.0	-0.601626	-0.206451
836001	837000	836501	324.0	-0.601148	-0.090603
837001	838000	837501	392.0	-0.600670	0.184257
838001	839000	838501	321.0	-0.600191	-0.104023
839001	840000	839501	360.0	-0.599713	0.061401
840001	841000	840501	379.0	-0.599235	0.135601
841001	842000	841501	283.0	-0.598757	-0.285794
842001	843000	842501	287.0	-0.598278	-0.265546
843001	844000	843501	331.0	-0.597800	-0.059765
844001	845000	844501	333.0	-0.597322	-0.051074
845001	846000	845501	394.0	-0.596844	0.191599
846001	847000	846501	329.0	-0.596365	-0.068509
847001	848000	847501	274.0	-0.595887	-0.332420
848001	849000	848501	259.0	-0.595409	-0.413644
849001	850000	849501	253.0	-0.594931	-0.447459
850001	851000	850501	301.0	-0.594452	-0.196833
851001	852000	851501	266.0	-0.593974	-0.375170
852001	853000	852501	351.0	-0.593496	0.024875
853001	854000	853501	299.0	-0.593018	-0.206451
854001	855000	854501	248.0	-0.592539	-0.476256
855001	856000	855501	277.0	-0.592061	-0.316710
856001	857000	856501	324.0	-0.591583	-0.090603
857001	858000	857501	375.0	-0.591105	0.120294
858001	859000	858501	406.0	-0.590626	0.234883
859001	860000	859501	411.0	-0.590148	0.252542
860001	861000	860501	289.0	-0.589670	-0.255527
861001	862000	861501	309.0	-0.589192	-0.158990
862001	863000	862501	377.0	-0.588714	0.127968
863001	864000	863501	428.0	-0.588235	0.311014
864001	865000	864501	305.0	-0.587757	-0.177787
865001	866000	865501	306.0	-0.587279	-0.173065
866001	867000	866501	338.0	-0.586801	-0.029573
867001	868000	867501	325.0	-0.586322	-0.086157
868001	869000	868501	388.0	-0.585844	0.169460
869001	870000	869501	337.0	-0.585366	-0.033848
870001	871000	870501	333.0	-0.584888	-0.051074
871001	872000	871501	310.0	-0.584409	-0.154328
872001	873000	872501	266.0	-0.583931	-0.375170
873001	874000	873501	284.0	-0.583453	-0.280705
874001	875000	874501	336.0	-0.582975	-0.038135
875001	876000	875501	357.0	-0.582496	0.049328
876001	877000	876501	369.0	-0.582018	0.097024
877001	878000	877501	331.0	-0.581540	-0.059765
878001	879000	878501	321.0	-0.581062	-0.104023
879001	880000	879501	370.0	-0.580583	0.100929
880001	881000	880501	292.0	-0.580105	-0.240628
881001	882000	881501	358.0	-0.579627	0.053363
882001	883000	882501	339.0	-0.579149	-0.025311
883001	884000	883501	341.0	-0.578670	-0.016825
884001	885000	884501	273.0	-0.578192	-0.337695
885001	886000	885501	269.0	-0.577714	-0.358990
886001	887000	886501	375.0	-0.577236	0.120294
887001	888000	887501	298.0	-0.576758	-0.211284
888001	889000	888501	340.0	-0.576279	-0.021062
889001	890000	889501	399.0	-0.575801	0.209792
890001	891000	890501	365.0	-0.575323	0.081300
891001	892000	891501	333.0	-0.574845	-0.051074
892001	893000	892501	338.0	-0.574366	-0.029573
893001	894000	893501	371.0	-0.573888	0.104823
894001	895000	894501	280.0	-0.573410	-0.301170
895001	896000	895501	320.0	-0.572932	-0.108524
896001	897000	896501	314.0	-0.572453	-0.135832
897001	898000	897501	290.0	-0.571975	-0.250543
898001	899000	898501	294.0	-0.571497	-0.230780
899001	900000	899501	312.0	-0.571019	-0.145050
900001	901000	900501	295.0	-0.570540	-0.225881
901001	902000	901501	337.0	-0.570062	-0.033848
902001	903000	902501	329.0	-0.569584	-0.068509
903001	904000	903501	340.0	-0.569106	-0.021062
904001	905000	904501	389.0	-0.568627	0.173174
905001	906000	905501	336.0	-0.568149	-0.038135
906001	907000	906501	426.0	-0.567671	0.304257
907001	908000	907501	293.0	-0.567193	-0.235696
908001	909000	908501	229.0	-0.566714	-0.591249
909001	910000	909501	229.0	-0.566236	-0.591249
910001	911000	910501	261.0	-0.565758	-0.402547
911001	912000	911501	265.0	-0.565280	-0.380604
912001	913000	912501	292.0	-0.564802	-0.240628
913001	914000	913501	351.0	-0.564323	0.024875
914001	915000	914501	263.0	-0.563845	-0.391534
915001	916000	915501	223.0	-0.563367	-0.629553
916001	917000	916501	333.0	-0.562889	-0.051074
917001	918000	917501	345.0	-0.562410	0.000000
918001	919000	918501	310.0	-0.561932	-0.154328
919001	920000	919501	331.0	-0.561454	-0.059765
920001	921000	920501	379.0	-0.560976	0.135601
921001	922000	921501	508.0	-0.560497	0.558232
922001	923000	922501	450.0	-0.560019	0.383329
923001	924000	923501	357.0	-0.559541	0.049328
924001	925000	924501	220.0	-0.559063	-0.649093
925001	926000	925501	207.0	-0.558584	-0.736966
926001	927000	926501	220.0	-0.558106	-0.649093
927001	928000	927501	367.0	-0.557628	0.089184
928001	929000	928501	372.0	-0.557150	0.108706
929001	930000	929501	362.0	-0.556671	0.069393
930001	931000	930501	360.0	-0.556193	0.061401
931001	932000	931501	383.0	-0.555715	0.150748
932001	933000	932501	368.0	-0.555237	0.093109
933001	934000	933501	284.0	-0.554758	-0.280705
934001	935000	934501	286.0	-0.554280	-0.270581
935001	936000	935501	344.0	-0.553802	-0.004188
936001	937000	936501	324.0	-0.553324	-0.090603
937001	938000	937501	336.0	-0.552846	-0.038135
938001	939000	938501	275.0	-0.552367	-0.327165
939001	940000	939501	279.0	-0.551889	-0.306331
940001	941000	940501	288.0	-0.551411	-0.260528
941001	942000	941501	359.0	-0.550933	0.057387
942001	943000	942501	358.0	-0.550454	0.053363
943001	944000	943501	267.0	-0.549976	-0.369757
944001	945000	944501	353.0	-0.549498	0.033072
945001	946000	945501	319.0	-0.549020	-0.113040
946001	947000	946501	310.0	-0.548541	-0.154328
947001	948000	947501	241.0	-0.548063	-0.517563
948001	949000	948501	312.0	-0.547585	-0.145050
949001	950000	949501	307.0	-0.547107	-0.168358
950001	951000	950501	334.0	-0.546628	-0.046748
951001	952000	951501	357.0	-0.546150	0.049328
952001	953000	952501	312.0	-0.545672	-0.145050
953001	954000	953501	332.0	-0.545194	-0.055413
954001	955000	954501	291.0	-0.544715	-0.245577
955001	956000	955501	231.0	-0.544237	-0.578704
956001	957000	956501	262.0	-0.543759	-0.397030
957001	958000	957501	356.0	-0.543281	0.045281
958001	959000	958501	403.0	-0.542802	0.224183
959001	960000	959501	341.0	-0.542324	-0.016825
960001	961000	960501	369.0	-0.541846	0.097024
961001	962000	961501	371.0	-0.541368	0.104823
962001	963000	962501	289.0	-0.540890	-0.255527
963001	964000	963501	382.0	-0.540411	0.146976
964001	965000	964501	359.0	-0.539933	0.057387
965001	966000	965501	387.0	-0.539455	0.165737
966001	967000	966501	277.0	-0.538977	-0.316710
967001	968000	967501	301.0	-0.538498	-0.196833
968001	969000	968501	305.0	-0.538020	-0.177787
969001	970000	969501	255.0	-0.537542	-0.436099
970001	971000	970501	392.0	-0.537064	0.184257
971001	972000	971501	393.0	-0.536585	0.187933
972001	973000	972501	360.0	-0.536107	0.061401
973001	974000	973501	314.0	-0.535629	-0.135832
974001	975000	974501	293.0	-0.535151	-0.235696
975001	976000	975501	239.0	-0.534672	-0.529586
976001	977000	976501	206.0	-0.534194	-0.743952
977001	978000	977501	179.0	-0.533716	-0.946637
978001	979000	978501	214.0	-0.533238	-0.688986
979001	980000	979501	232.0	-0.532759	-0.572472
980001	981000	980501	366.0	-0.532281	0.085247
981001	982000	981501	386.0	-0.531803	0.162004
982001	983000	982501	416.0	-0.531325	0.269987
983001	984000	983501	343.0	-0.530846	-0.008388
984001	985000	984501	363.0	-0.530368	0.073373
985001	986000	985501	369.0	-0.529890	0.097024
986001	987000	986501	345.0	-0.529412	0.000000
987001	988000	987501	242.0	-0.528934	-0.511589
988001	989000	988501	347.0	-0.528455	0.008339
989001	990000	989501	324.0	-0.527977	-0.090603
990001	991000	990501	329.0	-0.527499	-0.068509
991001	992000	991501	429.0	-0.527021	0.314381
992001	993000	992501	368.0	-0.526542	0.093109
993001	994000	993501	300.0	-0.526064	-0.201634
994001	995000	994501	244.0	-0.525586	-0.499715
995001	996000	995501	378.0	-0.525108	0.131790
996001	997000	996501	281.0	-0.524629	-0.296026
997001	998000	997501	320.0	-0.524151	-0.108524
998001	999000	998501	316.0	-0.523673	-0.126672
999001	1000000	999501	276.0	-0.523195	-0.321928
1000001	1001000	1000501	297.0	-0.522716	-0.216133
1001001	1002000	1001501	249.0	-0.522238	-0.470451
1002001	1003000	1002501	300.0	-0.521760	-0.201634
1003001	1004000	1003501	305.0	-0.521282	-0.177787
1004001	1005000	1004501	323.0	-0.520803	-0.095062
1005001	1006000	1005501	405.0	-0.520325	0.231326
1006001	1007000	1006501	359.0	-0.519847	0.057387
1007001	1008000	1007501	389.0	-0.519369	0.173174
1008001	1009000	1008501	306.0	-0.518890	-0.173065
1009001	1010000	1009501	365.0	-0.518412	0.081300
1010001	1011000	1010501	338.0	-0.517934	-0.029573
1011001	1012000	1011501	397.0	-0.517456	0.202543
1012001	1013000	1012501	347.0	-0.516978	0.008339
1013001	1014000	1013501	348.0	-0.516499	0.012491
1014001	1015000	1014501	369.0	-0.516021	0.097024
1015001	1016000	1015501	346.0	-0.515543	0.004176
1016001	1017000	1016501	331.0	-0.515065	-0.059765
1017001	1018000	1017501	345.0	-0.514586	0.000000
1018001	1019000	1018501	356.0	-0.514108	0.045281
1019001	1020000	1019501	311.0	-0.513630	-0.149682
1020001	1021000	1020501	364.0	-0.513152	0.077342
1021001	1022000	1021501	360.0	-0.512673	0.061401
1022001	1023000	1022501	295.0	-0.512195	-0.225881
1023001	1024000	1023501	343.0	-0.511717	-0.008388
1024001	1025000	1024501	360.0	-0.511239	0.061401
1025001	1026000	1025501	284.0	-0.510760	-0.280705
1026001	1027000	1026501	337.0	-0.510282	-0.033848
1027001	1028000	1027501	372.0	-0.509804	0.108706
1028001	1029000	1028501	403.0	-0.509326	0.224183
1029001	1030000	1029501	343.0	-0.508847	-0.008388
1030001	1031000	1030501	331.0	-0.508369	-0.059765
1031001	1032000	1031501	386.0	-0.507891	0.162004
1032001	1033000	1032501	323.0	-0.507413	-0.095062
1033001	1034000	1033501	336.0	-0.506934	-0.038135
1034001	1035000	1034501	367.0	-0.506456	0.089184
1035001	1036000	1035501	390.0	-0.505978	0.176878
1036001	1037000	1036501	295.0	-0.505500	-0.225881
1037001	1038000	1037501	368.0	-0.505022	0.093109
1038001	1039000	1038501	361.0	-0.504543	0.065402
1039001	1040000	1039501	336.0	-0.504065	-0.038135
1040001	1041000	1040501	338.0	-0.503587	-0.029573
1041001	1042000	1041501	474.0	-0.503109	0.458291
1042001	1043000	1042501	363.0	-0.502630	0.073373
1043001	1044000	1043501	278.0	-0.502152	-0.311511
1044001	1045000	1044501	336.0	-0.501674	-0.038135
1045001	1046000	1045501	297.0	-0.501196	-0.216133
1046001	1047000	1046501	387.0	-0.500717	0.165737
1047001	1048000	1047501	391.0	-0.500239	0.180572
1048001	1049000	1048501	406.0	-0.499761	0.234883
1049001	1050000	1049501	362.0	-0.499283	0.069393
1050001	1051000	1050501	353.0	-0.498804	0.033072
1051001	1052000	1051501	335.0	-0.498326	-0.042435
1052001	1053000	1052501	322.0	-0.497848	-0.099536
1053001	1054000	1053501	355.0	-0.497370	0.041223
1054001	1055000	1054501	325.0	-0.496891	-0.086157
1055001	1056000	1055501	366.0	-0.496413	0.085247
1056001	1057000	1056501	359.0	-0.495935	0.057387
1057001	1058000	1057501	321.0	-0.495457	-0.104023
1058001	1059000	1058501	277.0	-0.494978	-0.316710
1059001	1060000	1059501	370.0	-0.494500	0.100929
1060001	1061000	1060501	384.0	-0.494022	0.154510
1061001	1062000	1061501	355.0	-0.493544	0.041223
1062001	1063000	1062501	285.0	-0.493066	-0.275634
1063001	1064000	1063501	408.0	-0.492587	0.241973
1064001	1065000	1064501	408.0	-0.492109	0.241973
1065001	1066000	1065501	340.0	-0.491631	-0.021062
1066001	1067000	1066501	404.0	-0.491153	0.227759
1067001	1068000	1067501	394.0	-0.490674	0.191599
1068001	1069000	1068501	360.0	-0.490196	0.061401
1069001	1070000	1069501	390.0	-0.489718	0.176878
1070001	1071000	1070501	381.0	-0.489240	0.143195
1071001	1072000	1071501	403.0	-0.488761	0.224183
1072001	1073000	1072501	342.0	-0.488283	-0.012600
1073001	1074000	1073501	344.0	-0.487805	-0.004188
1074001	1075000	1074501	337.0	-0.487327	-0.033848
1075001	1076000	1075501	361.0	-0.486848	0.065402
1076001	1077000	1076501	326.0	-0.486370	-0.081724
1077001	1078000	1077501	332.0	-0.485892	-0.055413
1078001	1079000	1078501	318.0	-0.485414	-0.117570
1079001	1080000	1079501	360.0	-0.484935	0.061401
1080001	1081000	1080501	362.0	-0.484457	0.069393
1081001	1082000	1081501	392.0	-0.483979	0.184257
1082001	1083000	1082501	378.0	-0.483501	0.131790
1083001	1084000	1083501	388.0	-0.483022	0.169460
1084001	1085000	1084501	358.0	-0.482544	0.053363
1085001	1086000	1085501	253.0	-0.482066	-0.447459
1086001	1087000	1086501	199.0	-0.481588	-0.793828
1087001	1088000	1087501	185.0	-0.481110	-0.899071
1088001	1089000	1088501	211.0	-0.480631	-0.709353
1089001	1090000	1089501	195.0	-0.480153	-0.823122
1090001	1091000	1090501	261.0	-0.479675	-0.402547
1091001	1092000	1091501	333.0	-0.479197	-0.051074
1092001	1093000	1092501	363.0	-0.478718	0.073373
1093001	1094000	1093501	412.0	-0.478240	0.256048
1094001	1095000	1094501	393.0	-0.477762	0.187933
1095001	1096000	1095501	299.0	-0.477284	-0.206451
1096001	1097000	1096501	422.0	-0.476805	0.290647
1097001	1098000	1097501	391.0	-0.476327	0.180572
1098001	1099000	1098501	377.0	-0.475849	0.127968
1099001	1100000	1099501	387.0	-0.475371	0.165737
1100001	1101000	1100501	372.0	-0.474892	0.108706
1101001	1102000	1101501	414.0	-0.474414	0.263034
1102001	1103000	1102501	459.0	-0.473936	0.411898
1103001	1104000	1103501	421.0	-0.473458	0.287224
1104001	1105000	1104501	353.0	-0.472979	0.033072
1105001	1106000	1105501	359.0	-0.472501	0.057387
1106001	1107000	1106501	359.0	-0.472023	0.057387
1107001	1108000	1107501	294.0	-0.471545	-0.230780
1108001	1109000	1108501	297.0	-0.471066	-0.216133
1109001	1110000	1109501	370.0	-0.470588	0.100929
1110001	1111000	1110501	346.0	-0.470110	0.004176
1111001	1112000	1111501	381.0	-0.469632	0.143195
1112001	1113000	1112501	378.0	-0.469154	0.131790
1113001	1114000	1113501	382.0	-0.468675	0.146976
1114001	1115000	1114501	379.0	-0.468197	0.135601
1115001	1116000	1115501	353.0	-0.467719	0.033072
1116001	1117000	1116501	390.0	-0.467241	0.176878
1117001	1118000	1117501	402.0	-0.466762	0.220599
1118001	1119000	1118501	329.0	-0.466284	-0.068509
1119001	1120000	1119501	338.0	-0.465806	-0.029573
1120001	1121000	1120501	247.0	-0.465328	-0.482085
1121001	1122000	1121501	323.0	-0.464849	-0.095062
1122001	1123000	1122501	253.0	-0.464371	-0.447459
1123001	1124000	1123501	337.0	-0.463893	-0.033848
1124001	1125000	1124501	322.0	-0.463415	-0.099536
1125001	1126000	1125501	328.0	-0.462936	-0.072901
1126001	1127000	1126501	314.0	-0.462458	-0.135832
1127001	1128000	1127501	288.0	-0.461980	-0.260528
1128001	1129000	1128501	288.0	-0.461502	-0.260528
1129001	1130000	1129501	283.0	-0.461023	-0.285794
1130001	1131000	1130501	357.0	-0.460545	0.049328
1131001	1132000	1131501	312.0	-0.460067	-0.145050
1132001	1133000	1132501	382.0	-0.459589	0.146976
1133001	1134000	1133501	342.0	-0.459110	-0.012600
1134001	1135000	1134501	321.0	-0.458632	-0.104023
1135001	1136000	1135501	343.0	-0.458154	-0.008388
1136001	1137000	1136501	357.0	-0.457676	0.049328
1137001	1138000	1137501	388.0	-0.457198	0.169460
1138001	1139000	1138501	349.0	-0.456719	0.016631
1139001	1140000	1139501	319.0	-0.456241	-0.113040
1140001	1141000	1140501	362.0	-0.455763	0.069393
1141001	1142000	1141501	424.0	-0.455285	0.297468
1142001	1143000	1142501	340.0	-0.454806	-0.021062
1143001	1144000	1143501	350.0	-0.454328	0.020759
1144001	1145000	1144501	312.0	-0.453850	-0.145050
1145001	1146000	1145501	368.0	-0.453372	0.093109
1146001	1147000	1146501	292.0	-0.452893	-0.240628
1147001	1148000	1147501	378.0	-0.452415	0.131790
1148001	1149000	1148501	334.0	-0.451937	-0.046748
1149001	1150000	1149501	357.0	-0.451459	0.049328
1150001	1151000	1150501	366.0	-0.450980	0.085247
1151001	1152000	1151501	291.0	-0.450502	-0.245577
1152001	1153000	1152501	279.0	-0.450024	-0.306331
1153001	1154000	1153501	308.0	-0.449546	-0.163666
1154001	1155000	1154501	266.0	-0.449067	-0.375170
1155001	1156000	1155501	310.0	-0.448589	-0.154328
1156001	1157000	1156501	320.0	-0.448111	-0.108524
1157001	1158000	1157501	319.0	-0.447633	-0.113040
1158001	1159000	1158501	318.0	-0.447154	-0.117570
1159001	1160000	1159501	265.0	-0.446676	-0.380604
1160001	1161000	1160501	286.0	-0.446198	-0.270581
1161001	1162000	1161501	408.0	-0.445720	0.241973
1162001	1163000	1162501	345.0	-0.445242	0.000000
1163001	1164000	1163501	265.0	-0.444763	-0.380604
1164001	1165000	1164501	335.0	-0.444285	-0.042435
1165001	1166000	1165501	368.0	-0.443807	0.093109
1166001	1167000	1166501	328.0	-0.443329	-0.072901
1167001	1168000	1167501	401.0	-0.442850	0.217006
1168001	1169000	1168501	359.0	-0.442372	0.057387
1169001	1170000	1169501	364.0	-0.441894	0.077342
1170001	1171000	1170501	381.0	-0.441416	0.143195
1171001	1172000	1171501	297.0	-0.440937	-0.216133
1172001	1173000	1172501	329.0	-0.440459	-0.068509
1173001	1174000	1173501	339.0	-0.439981	-0.025311
1174001	1175000	1174501	414.0	-0.439503	0.263034
1175001	1176000	1175501	351.0	-0.439024	0.024875
1176001	1177000	1176501	374.0	-0.438546	0.116442
1177001	1178000	1177501	412.0	-0.438068	0.256048
1178001	1179000	1178501	288.0	-0.437590	-0.260528
1179001	1180000	1179501	271.0	-0.437111	-0.348304
1180001	1181000	1180501	234.0	-0.436633	-0.560088
1181001	1182000	1181501	245.0	-0.436155	-0.493815
1182001	1183000	1182501	274.0	-0.435677	-0.332420
1183001	1184000	1183501	351.0	-0.435198	0.024875
1184001	1185000	1184501	311.0	-0.434720	-0.149682
1185001	1186000	1185501	364.0	-0.434242	0.077342
1186001	1187000	1186501	333.0	-0.433764	-0.051074
1187001	1188000	1187501	359.0	-0.433286	0.057387
1188001	1189000	1188501	370.0	-0.432807	0.100929
1189001	1190000	1189501	332.0	-0.432329	-0.055413
1190001	1191000	1190501	357.0	-0.431851	0.049328
1191001	1192000	1191501	334.0	-0.431373	-0.046748
1192001	1193000	1192501	372.0	-0.430894	0.108706
1193001	1194000	1193501	342.0	-0.430416	-0.012600
1194001	1195000	1194501	337.0	-0.429938	-0.033848
1195001	1196000	1195501	358.0	-0.429460	0.053363
1196001	1197000	1196501	334.0	-0.428981	-0.046748
1197001	1198000	1197501	383.0	-0.428503	0.150748
1198001	1199000	1198501	280.0	-0.428025	-0.301170
1199001	1200000	1199501	263.0	-0.427547	-0.391534
1200001	1201000	1200501	235.0	-0.427068	-0.553936
1201001	1202000	1201501	378.0	-0.426590	0.131790
1202001	1203000	1202501	342.0	-0.426112	-0.012600
1203001	1204000	1203501	408.0	-0.425634	0.241973
1204001	1205000	1204501	400.0	-0.425155	0.213404
1205001	1206000	1205501	417.0	-0.424677	0.273451
1206001	1207000	1206501	339.0	-0.424199	-0.025311
1207001	1208000	1207501	330.0	-0.423721	-0.064130
1208001	1209000	1208501	376.0	-0.423242	0.124136
1209001	1210000	1209501	342.0	-0.422764	-0.012600
1210001	1211000	1210501	341.0	-0.422286	-0.016825
1211001	1212000	1211501	366.0	-0.421808	0.085247
1212001	1213000	1212501	386.0	-0.421330	0.162004
1213001	1214000	1213501	288.0	-0.420851	-0.260528
1214001	1215000	1214501	330.0	-0.420373	-0.064130
1215001	1216000	1215501	314.0	-0.419895	-0.135832
1216001	1217000	1216501	387.0	-0.419417	0.165737
1217001	1218000	1217501	400.0	-0.418938	0.213404
1218001	1219000	1218501	404.0	-0.418460	0.227759
1219001	1220000	1219501	359.0	-0.417982	0.057387
1220001	1221000	1220501	378.0	-0.417504	0.131790
1221001	1222000	1221501	344.0	-0.417025	-0.004188
1222001	1223000	1222501	350.0	-0.416547	0.020759
1223001	1224000	1223501	314.0	-0.416069	-0.135832
1224001	1225000	1224501	306.0	-0.415591	-0.173065
1225001	1226000	1225501	333.0	-0.415112	-0.051074
1226001	1227000	1226501	337.0	-0.414634	-0.033848
1227001	1228000	1227501	361.0	-0.414156	0.065402
1228001	1229000	1228501	304.0	-0.413678	-0.182525
1229001	1230000	1229501	410.0	-0.413199	0.249028
1230001	1231000	1230501	321.0	-0.412721	-0.104023
1231001	1232000	1231501	296.0	-0.412243	-0.220999
1232001	1233000	1232501	334.0	-0.411765	-0.046748
1233001	1234000	1233501	327.0	-0.411286	-0.077306
1234001	1235000	1234501	380.0	-0.410808	0.139403
1235001	1236000	1235501	373.0	-0.410330	0.112579
1236001	1237000	1236501	321.0	-0.409852	-0.104023
1237001	1238000	1237501	250.0	-0.409374	-0.464668
1238001	1239000	1238501	298.0	-0.408895	-0.211284
1239001	1240000	1239501	362.0	-0.408417	0.069393
1240001	1241000	1240501	314.0	-0.407939	-0.135832
1241001	1242000	1241501	288.0	-0.407461	-0.260528
1242001	1243000	1242501	307.0	-0.406982	-0.168358
1243001	1244000	1243501	329.0	-0.406504	-0.068509
1244001	1245000	1244501	328.0	-0.406026	-0.072901
1245001	1246000	1245501	390.0	-0.405548	0.176878
1246001	1247000	1246501	393.0	-0.405069	0.187933
1247001	1248000	1247501	335.0	-0.404591	-0.042435
1248001	1249000	1248501	310.0	-0.404113	-0.154328
1249001	1250000	1249501	260.0	-0.403635	-0.408085
1250001	1251000	1250501	349.0	-0.403156	0.016631
1251001	1252000	1251501	344.0	-0.402678	-0.004188
1252001	1253000	1252501	358.0	-0.402200	0.053363
1253001	1254000	1253501	384.0	-0.401722	0.154510
1254001	1255000	1254501	364.0	-0.401243	0.077342
1255001	1256000	1255501	381.0	-0.400765	0.143195
1256001	1257000	1256501	309.0	-0.400287	-0.158990
1257001	1258000	1257501	350.0	-0.399809	0.020759
1258001	1259000	1258501	347.0	-0.399330	0.008339
1259001	1260000	1259501	309.0	-0.398852	-0.158990
1260001	1261000	1260501	335.0	-0.398374	-0.042435
1261001	1262000	1261501	353.0	-0.397896	0.033072
1262001	1263000	1262501	344.0	-0.397418	-0.004188
1263001	1264000	1263501	363.0	-0.396939	0.073373
1264001	1265000	1264501	365.0	-0.396461	0.081300
1265001	1266000	1265501	340.0	-0.395983	-0.021062
1266001	1267000	1266501	354.0	-0.395505	0.037153
1267001	1268000	1267501	375.0	-0.395026	0.120294
1268001	1269000	1268501	368.0	-0.394548	0.093109
1269001	1270000	1269501	354.0	-0.394070	0.037153
1270001	1271000	1270501	308.0	-0.393592	-0.163666
1271001	1272000	1271501	339.0	-0.393113	-0.025311
1272001	1273000	1272501	331.0	-0.392635	-0.059765
1273001	1274000	1273501	366.0	-0.392157	0.085247
1274001	1275000	1274501	330.0	-0.391679	-0.064130
1275001	1276000	1275501	282.0	-0.391200	-0.290901
1276001	1277000	1276501	310.0	-0.390722	-0.154328
1277001	1278000	1277501	395.0	-0.390244	0.195256
1278001	1279000	1278501	383.0	-0.389766	0.150748
1279001	1280000	1279501	357.0	-0.389287	0.049328
1280001	1281000	1280501	336.0	-0.388809	-0.038135
1281001	1282000	1281501	300.0	-0.388331	-0.201634
1282001	1283000	1282501	296.0	-0.387853	-0.220999
1283001	1284000	1283501	328.0	-0.387374	-0.072901
1284001	1285000	1284501	333.0	-0.386896	-0.051074
1285001	1286000	1285501	373.0	-0.386418	0.112579
1286001	1287000	1286501	367.0	-0.385940	0.089184
1287001	1288000	1287501	405.0	-0.385462	0.231326
1288001	1289000	1288501	351.0	-0.384983	0.024875
1289001	1290000	1289501	298.0	-0.384505	-0.211284
1290001	1291000	1290501	305.0	-0.384027	-0.177787
1291001	1292000	1291501	294.0	-0.383549	-0.230780
1292001	1293000	1292501	398.0	-0.383070	0.206172
1293001	1294000	1293501	359.0	-0.382592	0.057387
1294001	1295000	1294501	383.0	-0.382114	0.150748
1295001	1296000	1295501	330.0	-0.381636	-0.064130
1296001	1297000	1296501	376.0	-0.381157	0.124136
1297001	1298000	1297501	357.0	-0.380679	0.049328
1298001	1299000	1298501	304.0	-0.380201	-0.182525
1299001	1300000	1299501	366.0	-0.379723	0.085247
1300001	1301000	1300501	343.0	-0.379244	-0.008388
1301001	1302000	1301501	352.0	-0.378766	0.028979
1302001	1303000	1302501	371.0	-0.378288	0.104823
1303001	1304000	1303501	396.0	-0.377810	0.198904
1304001	1305000	1304501	356.0	-0.377331	0.045281
1305001	1306000	1305501	324.0	-0.376853	-0.090603
1306001	1307000	1306501	344.0	-0.376375	-0.004188
1307001	1308000	1307501	373.0	-0.375897	0.112579
1308001	1309000	1308501	392.0	-0.375418	0.184257
1309001	1310000	1309501	370.0	-0.374940	0.100929
1310001	1311000	1310501	350.0	-0.374462	0.020759
1311001	1312000	1311501	329.0	-0.373984	-0.068509
1312001	1313000	1312501	342.0	-0.373505	-0.012600
1313001	1314000	1313501	399.0	-0.373027	0.209792
1314001	1315000	1314501	342.0	-0.372549	-0.012600
1315001	1316000	1315501	360.0	-0.372071	0.061401
1316001	1317000	1316501	368.0	-0.371593	0.093109
1317001	1318000	1317501	402.0	-0.371114	0.220599
1318001	1319000	1318501	316.0	-0.370636	-0.126672
1319001	1320000	1319501	264.0	-0.370158	-0.386058
1320001	1321000	1320501	333.0	-0.369680	-0.051074
1321001	1322000	1321501	325.0	-0.369201	-0.086157
1322001	1323000	1322501	318.0	-0.368723	-0.117570
1323001	1324000	1323501	322.0	-0.368245	-0.099536
1324001	1325000	1324501	292.0	-0.367767	-0.240628
1325001	1326000	1325501	353.0	-0.367288	0.033072
1326001	1327000	1326501	339.0	-0.366810	-0.025311
1327001	1328000	1327501	392.0	-0.366332	0.184257
1328001	1329000	1328501	399.0	-0.365854	0.209792
1329001	1330000	1329501	367.0	-0.365375	0.089184
1330001	1331000	1330501	240.0	-0.364897	-0.523562
1331001	1332000	1331501	199.0	-0.364419	-0.793828
1332001	1333000	1332501	217.0	-0.363941	-0.668901
1333001	1334000	1333501	152.0	-0.363462	-1.182525
1334001	1335000	1334501	141.0	-0.362984	-1.290901
1335001	1336000	1335501	163.0	-0.362506	-1.081724
1336001	1337000	1336501	149.0	-0.362028	-1.211284
1337001	1338000	1337501	169.0	-0.361549	-1.029573
1338001	1339000	1338501	292.0	-0.361071	-0.240628
1339001	1340000	1339501	313.0	-0.360593	-0.140434
1340001	1341000	1340501	489.0	-0.360115	0.503238
1341001	1342000	1341501	414.0	-0.359637	0.263034
1342001	1343000	1342501	402.0	-0.359158	0.220599
1343001	1344000	1343501	358.0	-0.358680	0.053363
1344001	1345000	1344501	441.0	-0.358202	0.354182
1345001	1346000	1345501	405.0	-0.357724	0.231326
1346001	1347000	1346501	441.0	-0.357245	0.354182
1347001	1348000	1347501	419.0	-0.356767	0.280354
1348001	1349000	1348501	380.0	-0.356289	0.139403
1349001	1350000	1349501	346.0	-0.355811	0.004176
1350001	1351000	1350501	382.0	-0.355332	0.146976
1351001	1352000	1351501	370.0	-0.354854	0.100929
1352001	1353000	1352501	402.0	-0.354376	0.220599
1353001	1354000	1353501	372.0	-0.353898	0.108706
1354001	1355000	1354501	364.0	-0.353419	0.077342
1355001	1356000	1355501	376.0	-0.352941	0.124136
1356001	1357000	1356501	323.0	-0.352463	-0.095062
1357001	1358000	1357501	259.0	-0.351985	-0.413644
1358001	1359000	1358501	166.0	-0.351506	-1.055413
1359001	1360000	1359501	156.0	-0.351028	-1.145050
1360001	1361000	1360501	98.0	-0.350550	-1.815743
1361001	1362000	1361501	138.0	-0.350072	-1.321928
1362001	1363000	1362501	155.0	-0.349593	-1.154328
1363001	1364000	1363501	147.0	-0.349115	-1.230780
1364001	1365000	1364501	162.0	-0.348637	-1.090603
1365001	1366000	1365501	272.0	-0.348159	-0.342990
1366001	1367000	1366501	374.0	-0.347681	0.116442
1367001	1368000	1367501	388.0	-0.347202	0.169460
1368001	1369000	1368501	413.0	-0.346724	0.259545
1369001	1370000	1369501	429.0	-0.346246	0.314381
1370001	1371000	1370501	421.0	-0.345768	0.287224
1371001	1372000	1371501	402.0	-0.345289	0.220599
1372001	1373000	1372501	335.0	-0.344811	-0.042435
1373001	1374000	1373501	285.0	-0.344333	-0.275634
1374001	1375000	1374501	251.0	-0.343855	-0.458909
1375001	1376000	1375501	209.0	-0.343376	-0.723093
1376001	1377000	1376501	214.0	-0.342898	-0.688986
1377001	1378000	1377501	218.0	-0.342420	-0.662268
1378001	1379000	1378501	259.0	-0.341942	-0.413644
1379001	1380000	1379501	367.0	-0.341463	0.089184
1380001	1381000	1380501	443.0	-0.340985	0.360710
1381001	1382000	1381501	369.0	-0.340507	0.097024
1382001	1383000	1382501	336.0	-0.340029	-0.038135
1383001	1384000	1383501	514.0	-0.339550	0.575172
1384001	1385000	1384501	433.0	-0.339072	0.327771
1385001	1386000	1385501	338.0	-0.338594	-0.029573
1386001	1387000	1386501	371.0	-0.338116	0.104823
1387001	1388000	1387501	364.0	-0.337637	0.077342
1388001	1389000	1388501	392.0	-0.337159	0.184257
1389001	1390000	1389501	321.0	-0.336681	-0.104023
1390001	1391000	1390501	292.0	-0.336203	-0.240628
1391001	1392000	1391501	252.0	-0.335725	-0.453173
1392001	1393000	1392501	228.0	-0.335246	-0.597563
1393001	1394000	1393501	216.0	-0.334768	-0.675565
1394001	1395000	1394501	206.0	-0.334290	-0.743952
1395001	1396000	1395501	171.0	-0.333812	-1.012600
1396001	1397000	1396501	177.0	-0.333333	-0.962847
1397001	1398000	1397501	226.0	-0.332855	-0.610274
1398001	1399000	1398501	310.0	-0.332377	-0.154328
1399001	1400000	1399501	394.0	-0.331899	0.191599
1400001	1401000	1400501	382.0	-0.331420	0.146976
1401001	1402000	1401501	345.0	-0.330942	0.000000
1402001	1403000	1402501	385.0	-0.330464	0.158262
1403001	1404000	1403501	331.0	-0.329986	-0.059765
1404001	1405000	1404501	323.0	-0.329507	-0.095062
1405001	1406000	1405501	422.0	-0.329029	0.290647
1406001	1407000	1406501	352.0	-0.328551	0.028979
1407001	1408000	1407501	403.0	-0.328073	0.224183
1408001	1409000	1408501	502.0	-0.327594	0.541091
1409001	1410000	1409501	435.0	-0.327116	0.334419
1410001	1411000	1410501	373.0	-0.326638	0.112579
1411001	1412000	1411501	356.0	-0.326160	0.045281
1412001	1413000	1412501	239.0	-0.325681	-0.529586
1413001	1414000	1413501	222.0	-0.325203	-0.636037
1414001	1415000	1414501	209.0	-0.324725	-0.723093
1415001	1416000	1415501	216.0	-0.324247	-0.675565
1416001	1417000	1416501	363.0	-0.323769	0.073373
1417001	1418000	1417501	327.0	-0.323290	-0.077306
1418001	1419000	1418501	331.0	-0.322812	-0.059765
1419001	1420000	1419501	310.0	-0.322334	-0.154328
1420001	1421000	1420501	377.0	-0.321856	0.127968
1421001	1422000	1421501	331.0	-0.321377	-0.059765
1422001	1423000	1422501	411.0	-0.320899	0.252542
1423001	1424000	1423501	388.0	-0.320421	0.169460
1424001	1425000	1424501	302.0	-0.319943	-0.192048
1425001	1426000	1425501	328.0	-0.319464	-0.072901
1426001	1427000	1426501	388.0	-0.318986	0.169460
1427001	1428000	1427501	328.0	-0.318508	-0.072901
1428001	1429000	1428501	371.0	-0.318030	0.104823
1429001	1430000	1429501	310.0	-0.317551	-0.154328
1430001	1431000	1430501	333.0	-0.317073	-0.051074
1431001	1432000	1431501	381.0	-0.316595	0.143195
1432001	1433000	1432501	395.0	-0.316117	0.195256
1433001	1434000	1433501	328.0	-0.315638	-0.072901
1434001	1435000	1434501	309.0	-0.315160	-0.158990
1435001	1436000	1435501	358.0	-0.314682	0.053363
1436001	1437000	1436501	403.0	-0.314204	0.224183
1437001	1438000	1437501	395.0	-0.313725	0.195256
1438001	1439000	1438501	345.0	-0.313247	0.000000
1439001	1440000	1439501	413.0	-0.312769	0.259545
1440001	1441000	1440501	478.0	-0.312291	0.470414
1441001	1442000	1441501	369.0	-0.311813	0.097024
1442001	1443000	1442501	428.0	-0.311334	0.311014
1443001	1444000	1443501	342.0	-0.310856	-0.012600
1444001	1445000	1444501	343.0	-0.310378	-0.008388
1445001	1446000	1445501	336.0	-0.309900	-0.038135
1446001	1447000	1446501	330.0	-0.309421	-0.064130
1447001	1448000	1447501	406.0	-0.308943	0.234883
1448001	1449000	1448501	406.0	-0.308465	0.234883
1449001	1450000	1449501	448.0	-0.307987	0.376902
1450001	1451000	1450501	378.0	-0.307508	0.131790
1451001	1452000	1451501	392.0	-0.307030	0.184257
1452001	1453000	1452501	303.0	-0.306552	-0.187279
1453001	1454000	1453501	340.0	-0.306074	-0.021062
1454001	1455000	1454501	366.0	-0.305595	0.085247
1455001	1456000	1455501	318.0	-0.305117	-0.117570
1456001	1457000	1456501	276.0	-0.304639	-0.321928
1457001	1458000	1457501	243.0	-0.304161	-0.505640
1458001	1459000	1458501	213.0	-0.303682	-0.695743
1459001	1460000	1459501	247.0	-0.303204	-0.482085
1460001	1461000	1460501	247.0	-0.302726	-0.482085
1461001	1462000	1461501	298.0	-0.302248	-0.211284
1462001	1463000	1462501	236.0	-0.301769	-0.547810
1463001	1464000	1463501	301.0	-0.301291	-0.196833
1464001	1465000	1464501	331.0	-0.300813	-0.059765
1465001	1466000	1465501	436.0	-0.300335	0.337732
1466001	1467000	1466501	431.0	-0.299857	0.321092
1467001	1468000	1467501	450.0	-0.299378	0.383329
1468001	1469000	1468501	455.0	-0.298900	0.399270
1469001	1470000	1469501	419.0	-0.298422	0.280354
1470001	1471000	1470501	374.0	-0.297944	0.116442
1471001	1472000	1471501	345.0	-0.297465	0.000000
1472001	1473000	1472501	393.0	-0.296987	0.187933
1473001	1474000	1473501	338.0	-0.296509	-0.029573
1474001	1475000	1474501	355.0	-0.296031	0.041223
1475001	1476000	1475501	399.0	-0.295552	0.209792
1476001	1477000	1476501	373.0	-0.295074	0.112579
1477001	1478000	1477501	410.0	-0.294596	0.249028
1478001	1479000	1478501	385.0	-0.294118	0.158262
1479001	1480000	1479501	340.0	-0.293639	-0.021062
1480001	1481000	1480501	392.0	-0.293161	0.184257
1481001	1482000	1481501	342.0	-0.292683	-0.012600
1482001	1483000	1482501	369.0	-0.292205	0.097024
1483001	1484000	1483501	407.0	-0.291726	0.238432
1484001	1485000	1484501	365.0	-0.291248	0.081300
1485001	1486000	1485501	354.0	-0.290770	0.037153
1486001	1487000	1486501	380.0	-0.290292	0.139403
1487001	1488000	1487501	337.0	-0.289813	-0.033848
1488001	1489000	1488501	336.0	-0.289335	-0.038135
1489001	1490000	1489501	314.0	-0.288857	-0.135832
1490001	1491000	1490501	346.0	-0.288379	0.004176
1491001	1492000	1491501	333.0	-0.287901	-0.051074
1492001	1493000	1492501	288.0	-0.287422	-0.260528
1493001	1494000	1493501	350.0	-0.286944	0.020759
1494001	1495000	1494501	362.0	-0.286466	0.069393
1495001	1496000	1495501	284.0	-0.285988	-0.280705
1496001	1497000	1496501	324.0	-0.285509	-0.090603
1497001	1498000	1497501	317.0	-0.285031	-0.122114
1498001	1499000	1498501	307.0	-0.284553	-0.168358
1499001	1500000	1499501	341.0	-0.284075	-0.016825
1500001	1501000	1500501	396.0	-0.283596	0.198904
1501001	1502000	1501501	342.0	-0.283118	-0.012600
1502001	1503000	1502501	314.0	-0.282640	-0.135832
1503001	1504000	1503501	334.0	-0.282162	-0.046748
1504001	1505000	1504501	350.0	-0.281683	0.020759
1505001	1506000	1505501	428.0	-0.281205	0.311014
1506001	1507000	1506501	357.0	-0.280727	0.049328
1507001	1508000	1507501	430.0	-0.280249	0.317740
1508001	1509000	1508501	315.0	-0.279770	-0.131245
1509001	1510000	1509501	304.0	-0.279292	-0.182525
1510001	1511000	1510501	363.0	-0.278814	0.073373
1511001	1512000	1511501	339.0	-0.278336	-0.025311
1512001	1513000	1512501	299.0	-0.277857	-0.206451
1513001	1514000	1513501	331.0	-0.277379	-0.059765
1514001	1515000	1514501	327.0	-0.276901	-0.077306
1515001	1516000	1515501	318.0	-0.276423	-0.117570
1516001	1517000	1516501	293.0	-0.275945	-0.235696
1517001	1518000	1517501	342.0	-0.275466	-0.012600
1518001	1519000	1518501	332.0	-0.274988	-0.055413
1519001	1520000	1519501	342.0	-0.274510	-0.012600
1520001	1521000	1520501	306.0	-0.274032	-0.173065
1521001	1522000	1521501	360.0	-0.273553	0.061401
1522001	1523000	1522501	344.0	-0.273075	-0.004188
1523001	1524000	1523501	296.0	-0.272597	-0.220999
1524001	1525000	1524501	413.0	-0.272119	0.259545
1525001	1526000	1525501	379.0	-0.271640	0.135601
1526001	1527000	1526501	321.0	-0.271162	-0.104023
1527001	1528000	1527501	289.0	-0.270684	-0.255527
1528001	1529000	1528501	264.0	-0.270206	-0.386058
1529001	1530000	1529501	339.0	-0.269727	-0.025311
1530001	1531000	1530501	374.0	-0.269249	0.116442
1531001	1532000	1531501	377.0	-0.268771	0.127968
1532001	1533000	1532501	404.0	-0.268293	0.227759
1533001	1534000	1533501	382.0	-0.267814	0.146976
1534001	1535000	1534501	355.0	-0.267336	0.041223
1535001	1536000	1535501	378.0	-0.266858	0.131790
1536001	1537000	1536501	318.0	-0.266380	-0.117570
1537001	1538000	1537501	385.0	-0.265901	0.158262
1538001	1539000	1538501	376.0	-0.265423	0.124136
1539001	1540000	1539501	350.0	-0.264945	0.020759
1540001	1541000	1540501	364.0	-0.264467	0.077342
1541001	1542000	1541501	441.0	-0.263989	0.354182
1542001	1543000	1542501	326.0	-0.263510	-0.081724
1543001	1544000	1543501	263.0	-0.263032	-0.391534
1544001	1545000	1544501	259.0	-0.262554	-0.413644
1545001	1546000	1545501	331.0	-0.262076	-0.059765
1546001	1547000	1546501	354.0	-0.261597	0.037153
1547001	1548000	1547501	366.0	-0.261119	0.085247
1548001	1549000	1548501	351.0	-0.260641	0.024875
1549001	1550000	1549501	401.0	-0.260163	0.217006
1550001	1551000	1550501	288.0	-0.259684	-0.260528
1551001	1552000	1551501	317.0	-0.259206	-0.122114
1552001	1553000	1552501	316.0	-0.258728	-0.126672
1553001	1554000	1553501	329.0	-0.258250	-0.068509
1554001	1555000	1554501	322.0	-0.257771	-0.099536
1555001	1556000	1555501	351.0	-0.257293	0.024875
1556001	1557000	1556501	378.0	-0.256815	0.131790
1557001	1558000	1557501	366.0	-0.256337	0.085247
1558001	1559000	1558501	340.0	-0.255858	-0.021062
1559001	1560000	1559501	384.0	-0.255380	0.154510
1560001	1561000	1560501	282.0	-0.254902	-0.290901
1561001	1562000	1561501	298.0	-0.254424	-0.211284
1562001	1563000	1562501	283.0	-0.253945	-0.285794
1563001	1564000	1563501	326.0	-0.253467	-0.081724
1564001	1565000	1564501	433.0	-0.252989	0.327771
1565001	1566000	1565501	326.0	-0.252511	-0.081724
1566001	1567000	1566501	450.0	-0.252033	0.383329
1567001	1568000	1567501	355.0	-0.251554	0.041223
1568001	1569000	1568501	340.0	-0.251076	-0.021062
1569001	1570000	1569501	322.0	-0.250598	-0.099536
1570001	1571000	1570501	325.0	-0.250120	-0.086157
1571001	1572000	1571501	301.0	-0.249641	-0.196833
1572001	1573000	1572501	275.0	-0.249163	-0.327165
1573001	1574000	1573501	295.0	-0.248685	-0.225881
1574001	1575000	1574501	330.0	-0.248207	-0.064130
1575001	1576000	1575501	391.0	-0.247728	0.180572
1576001	1577000	1576501	334.0	-0.247250	-0.046748
1577001	1578000	1577501	349.0	-0.246772	0.016631
1578001	1579000	1578501	336.0	-0.246294	-0.038135
1579001	1580000	1579501	362.0	-0.245815	0.069393
1580001	1581000	1580501	372.0	-0.245337	0.108706
1581001	1582000	1581501	417.0	-0.244859	0.273451
1582001	1583000	1582501	342.0	-0.244381	-0.012600
1583001	1584000	1583501	354.0	-0.243902	0.037153
1584001	1585000	1584501	351.0	-0.243424	0.024875
1585001	1586000	1585501	324.0	-0.242946	-0.090603
1586001	1587000	1586501	324.0	-0.242468	-0.090603
1587001	1588000	1587501	368.0	-0.241989	0.093109
1588001	1589000	1588501	397.0	-0.241511	0.202543
1589001	1590000	1589501	393.0	-0.241033	0.187933
1590001	1591000	1590501	385.0	-0.240555	0.158262
1591001	1592000	1591501	340.0	-0.240077	-0.021062
1592001	1593000	1592501	337.0	-0.239598	-0.033848
1593001	1594000	1593501	319.0	-0.239120	-0.113040
1594001	1595000	1594501	344.0	-0.238642	-0.004188
1595001	1596000	1595501	416.0	-0.238164	0.269987
1596001	1597000	1596501	398.0	-0.237685	0.206172
1597001	1598000	1597501	281.0	-0.237207	-0.296026
1598001	1599000	1598501	377.0	-0.236729	0.127968
1599001	1600000	1599501	247.0	-0.236251	-0.482085
1600001	1601000	1600501	379.0	-0.235772	0.135601
1601001	1602000	1601501	365.0	-0.235294	0.081300
1602001	1603000	1602501	430.0	-0.234816	0.317740
1603001	1604000	1603501	334.0	-0.234338	-0.046748
1604001	1605000	1604501	338.0	-0.233859	-0.029573
1605001	1606000	1605501	367.0	-0.233381	0.089184
1606001	1607000	1606501	378.0	-0.232903	0.131790
1607001	1608000	1607501	357.0	-0.232425	0.049328
1608001	1609000	1608501	356.0	-0.231946	0.045281
1609001	1610000	1609501	346.0	-0.231468	0.004176
1610001	1611000	1610501	343.0	-0.230990	-0.008388
1611001	1612000	1611501	359.0	-0.230512	0.057387
1612001	1613000	1612501	337.0	-0.230033	-0.033848
1613001	1614000	1613501	352.0	-0.229555	0.028979
1614001	1615000	1614501	365.0	-0.229077	0.081300
1615001	1616000	1615501	290.0	-0.228599	-0.250543
1616001	1617000	1616501	332.0	-0.228121	-0.055413
1617001	1618000	1617501	322.0	-0.227642	-0.099536
1618001	1619000	1618501	363.0	-0.227164	0.073373
1619001	1620000	1619501	337.0	-0.226686	-0.033848
1620001	1621000	1620501	394.0	-0.226208	0.191599
1621001	1622000	1621501	356.0	-0.225729	0.045281
1622001	1623000	1622501	385.0	-0.225251	0.158262
1623001	1624000	1623501	337.0	-0.224773	-0.033848
1624001	1625000	1624501	326.0	-0.224295	-0.081724
1625001	1626000	1625501	351.0	-0.223816	0.024875
1626001	1627000	1626501	400.0	-0.223338	0.213404
1627001	1628000	1627501	319.0	-0.222860	-0.113040
1628001	1629000	1628501	365.0	-0.222382	0.081300
1629001	1630000	1629501	327.0	-0.221903	-0.077306
1630001	1631000	1630501	336.0	-0.221425	-0.038135
1631001	1632000	1631501	353.0	-0.220947	0.033072
1632001	1633000	1632501	296.0	-0.220469	-0.220999
1633001	1634000	1633501	351.0	-0.219990	0.024875
1634001	1635000	1634501	335.0	-0.219512	-0.042435
1635001	1636000	1635501	337.0	-0.219034	-0.033848
1636001	1637000	1636501	399.0	-0.218556	0.209792
1637001	1638000	1637501	375.0	-0.218077	0.120294
1638001	1639000	1638501	277.0	-0.217599	-0.316710
1639001	1640000	1639501	376.0	-0.217121	0.124136
1640001	1641000	1640501	336.0	-0.216643	-0.038135
1641001	1642000	1641501	381.0	-0.216165	0.143195
1642001	1643000	1642501	310.0	-0.215686	-0.154328
1643001	1644000	1643501	347.0	-0.215208	0.008339
1644001	1645000	1644501	349.0	-0.214730	0.016631
1645001	1646000	1645501	315.0	-0.214252	-0.131245
1646001	1647000	1646501	310.0	-0.213773	-0.154328
1647001	1648000	1647501	329.0	-0.213295	-0.068509
1648001	1649000	1648501	329.0	-0.212817	-0.068509
1649001	1650000	1649501	389.0	-0.212339	0.173174
1650001	1651000	1650501	449.0	-0.211860	0.380119
1651001	1652000	1651501	377.0	-0.211382	0.127968
1652001	1653000	1652501	355.0	-0.210904	0.041223
1653001	1654000	1653501	407.0	-0.210426	0.238432
1654001	1655000	1654501	377.0	-0.209947	0.127968
1655001	1656000	1655501	378.0	-0.209469	0.131790
1656001	1657000	1656501	348.0	-0.208991	0.012491
1657001	1658000	1657501	352.0	-0.208513	0.028979
1658001	1659000	1658501	310.0	-0.208034	-0.154328
1659001	1660000	1659501	369.0	-0.207556	0.097024
1660001	1661000	1660501	290.0	-0.207078	-0.250543
1661001	1662000	1661501	376.0	-0.206600	0.124136
1662001	1663000	1662501	375.0	-0.206121	0.120294
1663001	1664000	1663501	401.0	-0.205643	0.217006
1664001	1665000	1664501	354.0	-0.205165	0.037153
1665001	1666000	1665501	329.0	-0.204687	-0.068509
1666001	1667000	1666501	394.0	-0.204209	0.191599
1667001	1668000	1667501	343.0	-0.203730	-0.008388
1668001	1669000	1668501	394.0	-0.203252	0.191599
1669001	1670000	1669501	383.0	-0.202774	0.150748
1670001	1671000	1670501	377.0	-0.202296	0.127968
1671001	1672000	1671501	364.0	-0.201817	0.077342
1672001	1673000	1672501	359.0	-0.201339	0.057387
1673001	1674000	1673501	407.0	-0.200861	0.238432
1674001	1675000	1674501	336.0	-0.200383	-0.038135
1675001	1676000	1675501	387.0	-0.199904	0.165737
1676001	1677000	1676501	371.0	-0.199426	0.104823
1677001	1678000	1677501	346.0	-0.198948	0.004176
1678001	1679000	1678501	355.0	-0.198470	0.041223
1679001	1680000	1679501	383.0	-0.197991	0.150748
1680001	1681000	1680501	359.0	-0.197513	0.057387
1681001	1682000	1681501	362.0	-0.197035	0.069393
1682001	1683000	1682501	249.0	-0.196557	-0.470451
1683001	1684000	1683501	220.0	-0.196078	-0.649093
1684001	1685000	1684501	305.0	-0.195600	-0.177787
1685001	1686000	1685501	291.0	-0.195122	-0.245577
1686001	1687000	1686501	212.0	-0.194644	-0.702532
1687001	1688000	1687501	208.0	-0.194165	-0.730013
1688001	1689000	1688501	257.0	-0.193687	-0.424828
1689001	1690000	1689501	315.0	-0.193209	-0.131245
1690001	1691000	1690501	325.0	-0.192731	-0.086157
1691001	1692000	1691501	481.0	-0.192253	0.479441
1692001	1693000	1692501	439.0	-0.191774	0.347625
1693001	1694000	1693501	411.0	-0.191296	0.252542
1694001	1695000	1694501	350.0	-0.190818	0.020759
1695001	1696000	1695501	371.0	-0.190340	0.104823
1696001	1697000	1696501	389.0	-0.189861	0.173174
1697001	1698000	1697501	411.0	-0.189383	0.252542
1698001	1699000	1698501	401.0	-0.188905	0.217006
1699001	1700000	1699501	416.0	-0.188427	0.269987
1700001	1701000	1700501	337.0	-0.187948	-0.033848
1701001	1702000	1701501	289.0	-0.187470	-0.255527
1702001	1703000	1702501	323.0	-0.186992	-0.095062
1703001	1704000	1703501	376.0	-0.186514	0.124136
1704001	1705000	1704501	419.0	-0.186035	0.280354
1705001	1706000	1705501	347.0	-0.185557	0.008339
1706001	1707000	1706501	320.0	-0.185079	-0.108524
1707001	1708000	1707501	297.0	-0.184601	-0.216133
1708001	1709000	1708501	372.0	-0.184122	0.108706
1709001	1710000	1709501	312.0	-0.183644	-0.145050
1710001	1711000	1710501	313.0	-0.183166	-0.140434
1711001	1712000	1711501	362.0	-0.182688	0.069393
1712001	1713000	1712501	396.0	-0.182209	0.198904
1713001	1714000	1713501	327.0	-0.181731	-0.077306
1714001	1715000	1714501	350.0	-0.181253	0.020759
1715001	1716000	1715501	432.0	-0.180775	0.324435
1716001	1717000	1716501	345.0	-0.180297	0.000000
1717001	1718000	1717501	377.0	-0.179818	0.127968
1718001	1719000	1718501	380.0	-0.179340	0.139403
1719001	1720000	1719501	370.0	-0.178862	0.100929
1720001	1721000	1720501	383.0	-0.178384	0.150748
1721001	1722000	1721501	302.0	-0.177905	-0.192048
1722001	1723000	1722501	335.0	-0.177427	-0.042435
1723001	1724000	1723501	309.0	-0.176949	-0.158990
1724001	1725000	1724501	377.0	-0.176471	0.127968
1725001	1726000	1725501	282.0	-0.175992	-0.290901
1726001	1727000	1726501	364.0	-0.175514	0.077342
1727001	1728000	1727501	337.0	-0.175036	-0.033848
1728001	1729000	1728501	380.0	-0.174558	0.139403
1729001	1730000	1729501	385.0	-0.174079	0.158262
1730001	1731000	1730501	404.0	-0.173601	0.227759
1731001	1732000	1731501	402.0	-0.173123	0.220599
1732001	1733000	1732501	396.0	-0.172645	0.198904
1733001	1734000	1733501	345.0	-0.172166	0.000000
1734001	1735000	1734501	368.0	-0.171688	0.093109
1735001	1736000	1735501	311.0	-0.171210	-0.149682
1736001	1737000	1736501	326.0	-0.170732	-0.081724
1737001	1738000	1737501	360.0	-0.170253	0.061401
1738001	1739000	1738501	398.0	-0.169775	0.206172
1739001	1740000	1739501	382.0	-0.169297	0.146976
1740001	1741000	1740501	293.0	-0.168819	-0.235696
1741001	1742000	1741501	340.0	-0.168341	-0.021062
1742001	1743000	1742501	450.0	-0.167862	0.383329
1743001	1744000	1743501	358.0	-0.167384	0.053363
1744001	1745000	1744501	376.0	-0.166906	0.124136
1745001	1746000	1745501	377.0	-0.166428	0.127968
1746001	1747000	1746501	377.0	-0.165949	0.127968
1747001	1748000	1747501	375.0	-0.165471	0.120294
1748001	1749000	1748501	407.0	-0.164993	0.238432
1749001	1750000	1749501	338.0	-0.164515	-0.029573
1750001	1751000	1750501	330.0	-0.164036	-0.064130
1751001	1752000	1751501	317.0	-0.163558	-0.122114
1752001	1753000	1752501	368.0	-0.163080	0.093109
1753001	1754000	1753501	352.0	-0.162602	0.028979
1754001	1755000	1754501	359.0	-0.162123	0.057387
1755001	1756000	1755501	342.0	-0.161645	-0.012600
1756001	1757000	1756501	384.0	-0.161167	0.154510
1757001	1758000	1757501	390.0	-0.160689	0.176878
1758001	1759000	1758501	350.0	-0.160210	0.020759
1759001	1760000	1759501	333.0	-0.159732	-0.051074
1760001	1761000	1760501	331.0	-0.159254	-0.059765
1761001	1762000	1761501	312.0	-0.158776	-0.145050
1762001	1763000	1762501	339.0	-0.158297	-0.025311
1763001	1764000	1763501	349.0	-0.157819	0.016631
1764001	1765000	1764501	379.0	-0.157341	0.135601
1765001	1766000	1765501	383.0	-0.156863	0.150748
1766001	1767000	1766501	399.0	-0.156385	0.209792
1767001	1768000	1767501	334.0	-0.155906	-0.046748
1768001	1769000	1768501	290.0	-0.155428	-0.250543
1769001	1770000	1769501	390.0	-0.154950	0.176878
1770001	1771000	1770501	365.0	-0.154472	0.081300
1771001	1772000	1771501	357.0	-0.153993	0.049328
1772001	1773000	1772501	409.0	-0.153515	0.245504
1773001	1774000	1773501	419.0	-0.153037	0.280354
1774001	1775000	1774501	362.0	-0.152559	0.069393
1775001	1776000	1775501	364.0	-0.152080	0.077342
1776001	1777000	1776501	345.0	-0.151602	0.000000
1777001	1778000	1777501	357.0	-0.151124	0.049328
1778001	1779000	1778501	408.0	-0.150646	0.241973
1779001	1780000	1779501	350.0	-0.150167	0.020759
1780001	1781000	1780501	310.0	-0.149689	-0.154328
1781001	1782000	1781501	350.0	-0.149211	0.020759
1782001	1783000	1782501	455.0	-0.148733	0.399270
1783001	1784000	1783501	319.0	-0.148254	-0.113040
1784001	1785000	1784501	334.0	-0.147776	-0.046748
1785001	1786000	1785501	329.0	-0.147298	-0.068509
1786001	1787000	1786501	374.0	-0.146820	0.116442
1787001	1788000	1787501	332.0	-0.146341	-0.055413
1788001	1789000	1788501	383.0	-0.145863	0.150748
1789001	1790000	1789501	329.0	-0.145385	-0.068509
1790001	1791000	1790501	423.0	-0.144907	0.294061
1791001	1792000	1791501	383.0	-0.144429	0.150748
1792001	1793000	1792501	375.0	-0.143950	0.120294
1793001	1794000	1793501	336.0	-0.143472	-0.038135
1794001	1795000	1794501	332.0	-0.142994	-0.055413
1795001	1796000	1795501	377.0	-0.142516	0.127968
1796001	1797000	1796501	366.0	-0.142037	0.085247
1797001	1798000	1797501	387.0	-0.141559	0.165737
1798001	1799000	1798501	386.0	-0.141081	0.162004
1799001	1800000	1799501	381.0	-0.140603	0.143195
1800001	1801000	1800501	451.0	-0.140124	0.386531
1801001	1802000	1801501	446.0	-0.139646	0.370447
1802001	1803000	1802501	342.0	-0.139168	-0.012600
1803001	1804000	1803501	257.0	-0.138690	-0.424828
1804001	1805000	1804501	297.0	-0.138211	-0.216133
1805001	1806000	1805501	301.0	-0.137733	-0.196833
1806001	1807000	1806501	369.0	-0.137255	0.097024
1807001	1808000	1807501	567.0	-0.136777	0.716752
1808001	1809000	1808501	407.0	-0.136298	0.238432
1809001	1810000	1809501	364.0	-0.135820	0.077342
1810001	1811000	1810501	363.0	-0.135342	0.073373
1811001	1812000	1811501	357.0	-0.134864	0.049328
1812001	1813000	1812501	288.0	-0.134385	-0.260528
1813001	1814000	1813501	243.0	-0.133907	-0.505640
1814001	1815000	1814501	213.0	-0.133429	-0.695743
1815001	1816000	1815501	304.0	-0.132951	-0.182525
1816001	1817000	1816501	245.0	-0.132473	-0.493815
1817001	1818000	1817501	315.0	-0.131994	-0.131245
1818001	1819000	1818501	239.0	-0.131516	-0.529586
1819001	1820000	1819501	248.0	-0.131038	-0.476256
1820001	1821000	1820501	206.0	-0.130560	-0.743952
1821001	1822000	1821501	205.0	-0.130081	-0.750972
1822001	1823000	1822501	201.0	-0.129603	-0.779401
1823001	1824000	1823501	176.0	-0.129125	-0.971021
1824001	1825000	1824501	184.0	-0.128647	-0.906891
1825001	1826000	1825501	225.0	-0.128168	-0.616671
1826001	1827000	1826501	356.0	-0.127690	0.045281
1827001	1828000	1827501	354.0	-0.127212	0.037153
1828001	1829000	1828501	337.0	-0.126734	-0.033848
1829001	1830000	1829501	254.0	-0.126255	-0.441768
1830001	1831000	1830501	208.0	-0.125777	-0.730013
1831001	1832000	1831501	173.0	-0.125299	-0.995824
1832001	1833000	1832501	172.0	-0.124821	-1.004188
1833001	1834000	1833501	180.0	-0.124342	-0.938599
1834001	1835000	1834501	135.0	-0.123864	-1.353637
1835001	1836000	1835501	222.0	-0.123386	-0.636037
1836001	1837000	1836501	283.0	-0.122908	-0.285794
1837001	1838000	1837501	343.0	-0.122429	-0.008388
1838001	1839000	1838501	359.0	-0.121951	0.057387
1839001	1840000	1839501	431.0	-0.121473	0.321092
1840001	1841000	1840501	358.0	-0.120995	0.053363
1841001	1842000	1841501	314.0	-0.120516	-0.135832
1842001	1843000	1842501	445.0	-0.120038	0.367209
1843001	1844000	1843501	369.0	-0.119560	0.097024
1844001	1845000	1844501	272.0	-0.119082	-0.342990
1845001	1846000	1845501	336.0	-0.118604	-0.038135
1846001	1847000	1846501	253.0	-0.118125	-0.447459
1847001	1848000	1847501	258.0	-0.117647	-0.419225
1848001	1849000	1848501	260.0	-0.117169	-0.408085
1849001	1850000	1849501	262.0	-0.116691	-0.397030
1850001	1851000	1850501	379.0	-0.116212	0.135601
1851001	1852000	1851501	359.0	-0.115734	0.057387
1852001	1853000	1852501	371.0	-0.115256	0.104823
1853001	1854000	1853501	418.0	-0.114778	0.276907
1854001	1855000	1854501	401.0	-0.114299	0.217006
1855001	1856000	1855501	436.0	-0.113821	0.337732
1856001	1857000	1856501	378.0	-0.113343	0.131790
1857001	1858000	1857501	361.0	-0.112865	0.065402
1858001	1859000	1858501	279.0	-0.112386	-0.306331
1859001	1860000	1859501	375.0	-0.111908	0.120294
1860001	1861000	1860501	397.0	-0.111430	0.202543
1861001	1862000	1861501	348.0	-0.110952	0.012491
1862001	1863000	1862501	390.0	-0.110473	0.176878
1863001	1864000	1863501	388.0	-0.109995	0.169460
1864001	1865000	1864501	434.0	-0.109517	0.331099
1865001	1866000	1865501	390.0	-0.109039	0.176878
1866001	1867000	1866501	353.0	-0.108560	0.033072
1867001	1868000	1867501	449.0	-0.108082	0.380119
1868001	1869000	1868501	397.0	-0.107604	0.202543
1869001	1870000	1869501	446.0	-0.107126	0.370447
1870001	1871000	1870501	409.0	-0.106648	0.245504
1871001	1872000	1871501	339.0	-0.106169	-0.025311
1872001	1873000	1872501	352.0	-0.105691	0.028979
1873001	1874000	1873501	382.0	-0.105213	0.146976
1874001	1875000	1874501	438.0	-0.104735	0.344335
1875001	1876000	1875501	510.0	-0.104256	0.563901
1876001	1877000	1876501	337.0	-0.103778	-0.033848
1877001	1878000	1877501	247.0	-0.103300	-0.482085
1878001	1879000	1878501	304.0	-0.102822	-0.182525
1879001	1880000	1879501	353.0	-0.102343	0.033072
1880001	1881000	1880501	408.0	-0.101865	0.241973
1881001	1882000	1881501	430.0	-0.101387	0.317740
1882001	1883000	1882501	391.0	-0.100909	0.180572
1883001	1884000	1883501	338.0	-0.100430	-0.029573
1884001	1885000	1884501	440.0	-0.099952	0.350907
1885001	1886000	1885501	425.0	-0.099474	0.300866
1886001	1887000	1886501	309.0	-0.098996	-0.158990
1887001	1888000	1887501	381.0	-0.098517	0.143195
1888001	1889000	1888501	363.0	-0.098039	0.073373
1889001	1890000	1889501	363.0	-0.097561	0.073373
1890001	1891000	1890501	417.0	-0.097083	0.273451
1891001	1892000	1891501	429.0	-0.096604	0.314381
1892001	1893000	1892501	382.0	-0.096126	0.146976
1893001	1894000	1893501	442.0	-0.095648	0.357450
1894001	1895000	1894501	330.0	-0.095170	-0.064130
1895001	1896000	1895501	370.0	-0.094692	0.100929
1896001	1897000	1896501	402.0	-0.094213	0.220599
1897001	1898000	1897501	333.0	-0.093735	-0.051074
1898001	1899000	1898501	387.0	-0.093257	0.165737
1899001	1900000	1899501	285.0	-0.092779	-0.275634
1900001	1901000	1900501	248.0	-0.092300	-0.476256
1901001	1902000	1901501	313.0	-0.091822	-0.140434
1902001	1903000	1902501	422.0	-0.091344	0.290647
1903001	1904000	1903501	376.0	-0.090866	0.124136
1904001	1905000	1904501	383.0	-0.090387	0.150748
1905001	1906000	1905501	301.0	-0.089909	-0.196833
1906001	1907000	1906501	359.0	-0.089431	0.057387
1907001	1908000	1907501	309.0	-0.088953	-0.158990
1908001	1909000	1908501	347.0	-0.088474	0.008339
1909001	1910000	1909501	329.0	-0.087996	-0.068509
1910001	1911000	1910501	366.0	-0.087518	0.085247
1911001	1912000	1911501	357.0	-0.087040	0.049328
1912001	1913000	1912501	337.0	-0.086561	-0.033848
1913001	1914000	1913501	327.0	-0.086083	-0.077306
1914001	1915000	1914501	300.0	-0.085605	-0.201634
1915001	1916000	1915501	408.0	-0.085127	0.241973
1916001	1917000	1916501	361.0	-0.084648	0.065402
1917001	1918000	1917501	407.0	-0.084170	0.238432
1918001	1919000	1918501	360.0	-0.083692	0.061401
1919001	1920000	1919501	347.0	-0.083214	0.008339
1920001	1921000	1920501	344.0	-0.082736	-0.004188
1921001	1922000	1921501	333.0	-0.082257	-0.051074
1922001	1923000	1922501	322.0	-0.081779	-0.099536
1923001	1924000	1923501	378.0	-0.081301	0.131790
1924001	1925000	1924501	375.0	-0.080823	0.120294
1925001	1926000	1925501	402.0	-0.080344	0.220599
1926001	1927000	1926501	365.0	-0.079866	0.081300
1927001	1928000	1927501	409.0	-0.079388	0.245504
1928001	1929000	1928501	401.0	-0.078910	0.217006
1929001	1930000	1929501	371.0	-0.078431	0.104823
1930001	1931000	1930501	347.0	-0.077953	0.008339
1931001	1932000	1931501	422.0	-0.077475	0.290647
1932001	1933000	1932501	394.0	-0.076997	0.191599
1933001	1934000	1933501	411.0	-0.076518	0.252542
1934001	1935000	1934501	352.0	-0.076040	0.028979
1935001	1936000	1935501	296.0	-0.075562	-0.220999
1936001	1937000	1936501	361.0	-0.075084	0.065402
1937001	1938000	1937501	330.0	-0.074605	-0.064130
1938001	1939000	1938501	295.0	-0.074127	-0.225881
1939001	1940000	1939501	307.0	-0.073649	-0.168358
1940001	1941000	1940501	336.0	-0.073171	-0.038135
1941001	1942000	1941501	376.0	-0.072692	0.124136
1942001	1943000	1942501	343.0	-0.072214	-0.008388
1943001	1944000	1943501	339.0	-0.071736	-0.025311
1944001	1945000	1944501	335.0	-0.071258	-0.042435
1945001	1946000	1945501	367.0	-0.070780	0.089184
1946001	1947000	1946501	326.0	-0.070301	-0.081724
1947001	1948000	1947501	266.0	-0.069823	-0.375170
1948001	1949000	1948501	311.0	-0.069345	-0.149682
1949001	1950000	1949501	317.0	-0.068867	-0.122114
1950001	1951000	1950501	412.0	-0.068388	0.256048
1951001	1952000	1951501	321.0	-0.067910	-0.104023
1952001	1953000	1952501	353.0	-0.067432	0.033072
1953001	1954000	1953501	353.0	-0.066954	0.033072
1954001	1955000	1954501	344.0	-0.066475	-0.004188
1955001	1956000	1955501	377.0	-0.065997	0.127968
1956001	1957000	1956501	344.0	-0.065519	-0.004188
1957001	1958000	1957501	343.0	-0.065041	-0.008388
1958001	1959000	1958501	379.0	-0.064562	0.135601
1959001	1960000	1959501	381.0	-0.064084	0.143195
1960001	1961000	1960501	342.0	-0.063606	-0.012600
1961001	1962000	1961501	419.0	-0.063128	0.280354
1962001	1963000	1962501	399.0	-0.062649	0.209792
1963001	1964000	1963501	342.0	-0.062171	-0.012600
1964001	1965000	1964501	320.0	-0.061693	-0.108524
1965001	1966000	1965501	322.0	-0.061215	-0.099536
1966001	1967000	1966501	383.0	-0.060736	0.150748
1967001	1968000	1967501	420.0	-0.060258	0.283793
1968001	1969000	1968501	340.0	-0.059780	-0.021062
1969001	1970000	1969501	425.0	-0.059302	0.300866
1970001	1971000	1970501	332.0	-0.058824	-0.055413
1971001	1972000	1971501	313.0	-0.058345	-0.140434
1972001	1973000	1972501	251.0	-0.057867	-0.458909
1973001	1974000	1973501	311.0	-0.057389	-0.149682
1974001	1975000	1974501	370.0	-0.056911	0.100929
1975001	1976000	1975501	392.0	-0.056432	0.184257
1976001	1977000	1976501	441.0	-0.055954	0.354182
1977001	1978000	1977501	282.0	-0.055476	-0.290901
1978001	1979000	1978501	320.0	-0.054998	-0.108524
1979001	1980000	1979501	524.0	-0.054519	0.602970
1980001	1981000	1980501	406.0	-0.054041	0.234883
1981001	1982000	1981501	402.0	-0.053563	0.220599
1982001	1983000	1982501	449.0	-0.053085	0.380119
1983001	1984000	1983501	382.0	-0.052606	0.146976
1984001	1985000	1984501	335.0	-0.052128	-0.042435
1985001	1986000	1985501	374.0	-0.051650	0.116442
1986001	1987000	1986501	334.0	-0.051172	-0.046748
1987001	1988000	1987501	423.0	-0.050693	0.294061
1988001	1989000	1988501	365.0	-0.050215	0.081300
1989001	1990000	1989501	340.0	-0.049737	-0.021062
1990001	1991000	1990501	358.0	-0.049259	0.053363
1991001	1992000	1991501	313.0	-0.048780	-0.140434
1992001	1993000	1992501	372.0	-0.048302	0.108706
1993001	1994000	1993501	406.0	-0.047824	0.234883
1994001	1995000	1994501	358.0	-0.047346	0.053363
1995001	1996000	1995501	388.0	-0.046868	0.169460
1996001	1997000	1996501	376.0	-0.046389	0.124136
1997001	1998000	1997501	345.0	-0.045911	0.000000
1998001	1999000	1998501	393.0	-0.045433	0.187933
1999001	2000000	1999501	409.0	-0.044955	0.245504
2000001	2001000	2000501	481.0	-0.044476	0.479441
2001001	2002000	2001501	394.0	-0.043998	0.191599
2002001	2003000	2002501	431.0	-0.043520	0.321092
2003001	2004000	2003501	363.0	-0.043042	0.073373
2004001	2005000	2004501	256.0	-0.042563	-0.430453
2005001	2006000	2005501	272.0	-0.042085	-0.342990
2006001	2007000	2006501	257.0	-0.041607	-0.424828
2007001	2008000	2007501	280.0	-0.041129	-0.301170
2008001	2009000	2008501	215.0	-0.040650	-0.682260
2009001	2010000	2009501	183.0	-0.040172	-0.914753
2010001	2011000	2010501	163.0	-0.039694	-1.081724
2011001	2012000	2011501	163.0	-0.039216	-1.081724
2012001	2013000	2012501	174.0	-0.038737	-0.987509
2013001	2014000	2013501	172.0	-0.038259	-1.004188
2014001	2015000	2014501	258.0	-0.037781	-0.419225
2015001	2016000	2015501	312.0	-0.037303	-0.145050
2016001	2017000	2016501	456.0	-0.036824	0.402437
2017001	2018000	2017501	432.0	-0.036346	0.324435
2018001	2019000	2018501	343.0	-0.035868	-0.008388
2019001	2020000	2019501	364.0	-0.035390	0.077342
2020001	2021000	2020501	407.0	-0.034912	0.238432
2021001	2022000	2021501	363.0	-0.034433	0.073373
2022001	2023000	2022501	298.0	-0.033955	-0.211284
2023001	2024000	2023501	297.0	-0.033477	-0.216133
2024001	2025000	2024501	333.0	-0.032999	-0.051074
2025001	2026000	2025501	381.0	-0.032520	0.143195
2026001	2027000	2026501	341.0	-0.032042	-0.016825
2027001	2028000	2027501	425.0	-0.031564	0.300866
2028001	2029000	2028501	482.0	-0.031086	0.482437
2029001	2030000	2029501	398.0	-0.030607	0.206172
2030001	2031000	2030501	336.0	-0.030129	-0.038135
2031001	2032000	2031501	351.0	-0.029651	0.024875
2032001	2033000	2032501	400.0	-0.029173	0.213404
2033001	2034000	2033501	394.0	-0.028694	0.191599
2034001	2035000	2034501	417.0	-0.028216	0.273451
2035001	2036000	2035501	369.0	-0.027738	0.097024
2036001	2037000	2036501	349.0	-0.027260	0.016631
2037001	2038000	2037501	405.0	-0.026781	0.231326
2038001	2039000	2038501	439.0	-0.026303	0.347625
2039001	2040000	2039501	407.0	-0.025825	0.238432
2040001	2041000	2040501	330.0	-0.025347	-0.064130
2041001	2042000	2041501	446.0	-0.024868	0.370447
2042001	2043000	2042501	376.0	-0.024390	0.124136
2043001	2044000	2043501	384.0	-0.023912	0.154510
2044001	2045000	2044501	359.0	-0.023434	0.057387
2045001	2046000	2045501	381.0	-0.022956	0.143195
2046001	2047000	2046501	297.0	-0.022477	-0.216133
2047001	2048000	2047501	376.0	-0.021999	0.124136
2048001	2049000	2048501	346.0	-0.021521	0.004176
2049001	2050000	2049501	370.0	-0.021043	0.100929
2050001	2051000	2050501	371.0	-0.020564	0.104823
2051001	2052000	2051501	328.0	-0.020086	-0.072901
2052001	2053000	2052501	352.0	-0.019608	0.028979
2053001	2054000	2053501	349.0	-0.019130	0.016631
2054001	2055000	2054501	347.0	-0.018651	0.008339
2055001	2056000	2055501	424.0	-0.018173	0.297468
2056001	2057000	2056501	401.0	-0.017695	0.217006
2057001	2058000	2057501	329.0	-0.017217	-0.068509
2058001	2059000	2058501	448.0	-0.016738	0.376902
2059001	2060000	2059501	439.0	-0.016260	0.347625
2060001	2061000	2060501	367.0	-0.015782	0.089184
2061001	2062000	2061501	455.0	-0.015304	0.399270
2062001	2063000	2062501	432.0	-0.014825	0.324435
2063001	2064000	2063501	327.0	-0.014347	-0.077306
2064001	2065000	2064501	428.0	-0.013869	0.311014
2065001	2066000	2065501	333.0	-0.013391	-0.051074
2066001	2067000	2066501	322.0	-0.012912	-0.099536
2067001	2068000	2067501	302.0	-0.012434	-0.192048
2068001	2069000	2068501	405.0	-0.011956	0.231326
2069001	2070000	2069501	403.0	-0.011478	0.224183
2070001	2071000	2070501	351.0	-0.011000	0.024875
2071001	2072000	2071501	323.0	-0.010521	-0.095062
2072001	2073000	2072501	374.0	-0.010043	0.116442
2073001	2074000	2073501	391.0	-0.009565	0.180572
2074001	2075000	2074501	360.0	-0.009087	0.061401
2075001	2076000	2075501	351.0	-0.008608	0.024875
2076001	2077000	2076501	357.0	-0.008130	0.049328
2077001	2078000	2077501	373.0	-0.007652	0.112579
2078001	2079000	2078501	362.0	-0.007174	0.069393
2079001	2080000	2079501	342.0	-0.006695	-0.012600
2080001	2081000	2080501	337.0	-0.006217	-0.033848
2081001	2082000	2081501	401.0	-0.005739	0.217006
2082001	2083000	2082501	434.0	-0.005261	0.331099
2083001	2084000	2083501	367.0	-0.004782	0.089184
2084001	2085000	2084501	350.0	-0.004304	0.020759
2085001	2086000	2085501	318.0	-0.003826	-0.117570
2086001	2087000	2086501	271.0	-0.003348	-0.348304
2087001	2088000	2087501	295.0	-0.002869	-0.225881
2088001	2089000	2088501	343.0	-0.002391	-0.008388
2089001	2090000	2089501	333.0	-0.001913	-0.051074
2090001	2091000	2090501	388.0	-0.001435	0.169460
2091001	2092000	2091501	378.0	-0.000956	0.131790
2092001	2093000	2092501	360.0	-0.000478	0.061401
2093001	2094000	2093501	460.0	0.000000	0.415037
2094001	2095000	2094501	330.0	0.000523	-0.064130
2095001	2096000	2095501	315.0	0.001045	-0.131245
2096001	2097000	2096501	340.0	0.001568	-0.021062
2097001	2098000	2097501	360.0	0.002090	0.061401
2098001	2099000	2098501	296.0	0.002613	-0.220999
2099001	2100000	2099501	400.0	0.003135	0.213404
2100001	2101000	2100501	378.0	0.003658	0.131790
2101001	2102000	2101501	337.0	0.004180	-0.033848
2102001	2103000	2102501	325.0	0.004703	-0.086157
2103001	2104000	2103501	344.0	0.005225	-0.004188
2104001	2105000	2104501	390.0	0.005748	0.176878
2105001	2106000	2105501	368.0	0.006271	0.093109
2106001	2107000	2106501	397.0	0.006793	0.202543
2107001	2108000	2107501	395.0	0.007316	0.195256
2108001	2109000	2108501	387.0	0.007838	0.165737
2109001	2110000	2109501	346.0	0.008361	0.004176
2110001	2111000	2110501	359.0	0.008883	0.057387
2111001	2112000	2111501	508.0	0.009406	0.558232
2112001	2113000	2112501	443.0	0.009928	0.360710
2113001	2114000	2113501	359.0	0.010451	0.057387
2114001	2115000	2114501	524.0	0.010973	0.602970
2115001	2116000	2115501	438.0	0.011496	0.344335
2116001	2117000	2116501	368.0	0.012018	0.093109
2117001	2118000	2117501	478.0	0.012541	0.470414
2118001	2119000	2118501	334.0	0.013064	-0.046748
2119001	2120000	2119501	347.0	0.013586	0.008339
2120001	2121000	2120501	384.0	0.014109	0.154510
2121001	2122000	2121501	310.0	0.014631	-0.154328
2122001	2123000	2122501	337.0	0.015154	-0.033848
2123001	2124000	2123501	404.0	0.015676	0.227759
2124001	2125000	2124501	395.0	0.016199	0.195256
2125001	2126000	2125501	416.0	0.016721	0.269987
2126001	2127000	2126501	377.0	0.017244	0.127968
2127001	2128000	2127501	343.0	0.017766	-0.008388
2128001	2129000	2128501	403.0	0.018289	0.224183
2129001	2130000	2129501	430.0	0.018812	0.317740
2130001	2131000	2130501	353.0	0.019334	0.033072
2131001	2132000	2131501	370.0	0.019857	0.100929
2132001	2133000	2132501	348.0	0.020379	0.012491
2133001	2134000	2133501	319.0	0.020902	-0.113040
2134001	2135000	2134501	438.0	0.021424	0.344335
2135001	2136000	2135501	345.0	0.021947	0.000000
2136001	2137000	2136501	327.0	0.022469	-0.077306
2137001	2138000	2137501	363.0	0.022992	0.073373
2138001	2139000	2138501	343.0	0.023514	-0.008388
2139001	2140000	2139501	352.0	0.024037	0.028979
2140001	2141000	2140501	360.0	0.024560	0.061401
2141001	2142000	2141501	388.0	0.025082	0.169460
2142001	2143000	2142501	330.0	0.025605	-0.064130
2143001	2144000	2143501	306.0	0.026127	-0.173065
2144001	2145000	2144501	317.0	0.026650	-0.122114
2145001	2146000	2145501	316.0	0.027172	-0.126672
2146001	2147000	2146501	354.0	0.027695	0.037153
2147001	2148000	2147501	332.0	0.028217	-0.055413
2148001	2149000	2148501	321.0	0.028740	-0.104023
2149001	2150000	2149501	401.0	0.029262	0.217006
2150001	2151000	2150501	297.0	0.029785	-0.216133
2151001	2152000	2151501	363.0	0.030307	0.073373
2152001	2153000	2152501	409.0	0.030830	0.245504
2153001	2154000	2153501	413.0	0.031353	0.259545
2154001	2155000	2154501	407.0	0.031875	0.238432
2155001	2156000	2155501	367.0	0.032398	0.089184
2156001	2157000	2156501	392.0	0.032920	0.184257
2157001	2158000	2157501	362.0	0.033443	0.069393
2158001	2159000	2158501	355.0	0.033965	0.041223
2159001	2160000	2159501	353.0	0.034488	0.033072
2160001	2161000	2160501	399.0	0.035010	0.209792
2161001	2162000	2161501	413.0	0.035533	0.259545
2162001	2163000	2162501	379.0	0.036055	0.135601
2163001	2164000	2163501	369.0	0.036578	0.097024
2164001	2165000	2164501	271.0	0.037101	-0.348304
2165001	2166000	2165501	298.0	0.037623	-0.211284
2166001	2167000	2166501	273.0	0.038146	-0.337695
2167001	2168000	2167501	324.0	0.038668	-0.090603
2168001	2169000	2168501	353.0	0.039191	0.033072
2169001	2170000	2169501	394.0	0.039713	0.191599
2170001	2171000	2170501	399.0	0.040236	0.209792
2171001	2172000	2171501	388.0	0.040758	0.169460
2172001	2173000	2172501	335.0	0.041281	-0.042435
2173001	2174000	2173501	360.0	0.041803	0.061401
2174001	2175000	2174501	364.0	0.042326	0.077342
2175001	2176000	2175501	334.0	0.042849	-0.046748
2176001	2177000	2176501	413.0	0.043371	0.259545
2177001	2178000	2177501	352.0	0.043894	0.028979
2178001	2179000	2178501	282.0	0.044416	-0.290901
2179001	2180000	2179501	372.0	0.044939	0.108706
2180001	2181000	2180501	379.0	0.045461	0.135601
2181001	2182000	2181501	338.0	0.045984	-0.029573
2182001	2183000	2182501	334.0	0.046506	-0.046748
2183001	2184000	2183501	421.0	0.047029	0.287224
2184001	2185000	2184501	345.0	0.047551	0.000000
2185001	2186000	2185501	351.0	0.048074	0.024875
2186001	2187000	2186501	373.0	0.048596	0.112579
2187001	2188000	2187501	353.0	0.049119	0.033072
2188001	2189000	2188501	365.0	0.049642	0.081300
2189001	2190000	2189501	403.0	0.050164	0.224183
2190001	2191000	2190501	396.0	0.050687	0.198904
2191001	2192000	2191501	346.0	0.051209	0.004176
2192001	2193000	2192501	386.0	0.051732	0.162004
2193001	2194000	2193501	400.0	0.052254	0.213404
2194001	2195000	2194501	348.0	0.052777	0.012491
2195001	2196000	2195501	338.0	0.053299	-0.029573
2196001	2197000	2196501	337.0	0.053822	-0.033848
2197001	2198000	2197501	362.0	0.054344	0.069393
2198001	2199000	2198501	340.0	0.054867	-0.021062
2199001	2200000	2199501	385.0	0.055390	0.158262
2200001	2201000	2200501	375.0	0.055912	0.120294
2201001	2202000	2201501	419.0	0.056435	0.280354
2202001	2203000	2202501	310.0	0.056957	-0.154328
2203001	2204000	2203501	275.0	0.057480	-0.327165
2204001	2205000	2204501	358.0	0.058002	0.053363
2205001	2206000	2205501	333.0	0.058525	-0.051074
2206001	2207000	2206501	344.0	0.059047	-0.004188
2207001	2208000	2207501	415.0	0.059570	0.266515
2208001	2209000	2208501	449.0	0.060092	0.380119
2209001	2210000	2209501	446.0	0.060615	0.370447
2210001	2211000	2210501	430.0	0.061138	0.317740
2211001	2212000	2211501	388.0	0.061660	0.169460
2212001	2213000	2212501	365.0	0.062183	0.081300
2213001	2214000	2213501	328.0	0.062705	-0.072901
2214001	2215000	2214501	325.0	0.063228	-0.086157
2215001	2216000	2215501	345.0	0.063750	0.000000
2216001	2217000	2216501	400.0	0.064273	0.213404
2217001	2218000	2217501	380.0	0.064795	0.139403
2218001	2219000	2218501	373.0	0.065318	0.112579
2219001	2220000	2219501	371.0	0.065840	0.104823
2220001	2221000	2220501	421.0	0.066363	0.287224
2221001	2222000	2221501	382.0	0.066885	0.146976
2222001	2223000	2222501	376.0	0.067408	0.124136
2223001	2224000	2223501	345.0	0.067931	0.000000
2224001	2225000	2224501	351.0	0.068453	0.024875
2225001	2226000	2225501	289.0	0.068976	-0.255527
2226001	2227000	2226501	432.0	0.069498	0.324435
2227001	2228000	2227501	408.0	0.070021	0.241973
2228001	2229000	2228501	446.0	0.070543	0.370447
2229001	2230000	2229501	360.0	0.071066	0.061401
2230001	2231000	2230501	322.0	0.071588	-0.099536
2231001	2232000	2231501	246.0	0.072111	-0.487938
2232001	2233000	2232501	330.0	0.072633	-0.064130
2233001	2234000	2233501	304.0	0.073156	-0.182525
2234001	2235000	2234501	360.0	0.073679	0.061401
2235001	2236000	2235501	267.0	0.074201	-0.369757
2236001	2237000	2236501	228.0	0.074724	-0.597563
2237001	2238000	2237501	219.0	0.075246	-0.655665
2238001	2239000	2238501	321.0	0.075769	-0.104023
2239001	2240000	2239501	280.0	0.076291	-0.301170
2240001	2241000	2240501	155.0	0.076814	-1.154328
2241001	2242000	2241501	186.0	0.077336	-0.891294
2242001	2243000	2242501	153.0	0.077859	-1.173065
2243001	2244000	2243501	116.0	0.078381	-1.572472
2244001	2245000	2244501	143.0	0.078904	-1.270581
2245001	2246000	2245501	146.0	0.079426	-1.240628
2246001	2247000	2246501	189.0	0.079949	-0.868210
2247001	2248000	2247501	277.0	0.080472	-0.316710
2248001	2249000	2248501	316.0	0.080994	-0.126672
2249001	2250000	2249501	429.0	0.081517	0.314381
2250001	2251000	2250501	384.0	0.082039	0.154510
2251001	2252000	2251501	294.0	0.082562	-0.230780
2252001	2253000	2252501	319.0	0.083084	-0.113040
2253001	2254000	2253501	411.0	0.083607	0.252542
2254001	2255000	2254501	331.0	0.084129	-0.059765
2255001	2256000	2255501	340.0	0.084652	-0.021062
2256001	2257000	2256501	424.0	0.085174	0.297468
2257001	2258000	2257501	404.0	0.085697	0.227759
2258001	2259000	2258501	462.0	0.086220	0.421296
2259001	2260000	2259501	400.0	0.086742	0.213404
2260001	2261000	2260501	397.0	0.087265	0.202543
2261001	2262000	2261501	331.0	0.087787	-0.059765
2262001	2263000	2262501	284.0	0.088310	-0.280705
2263001	2264000	2263501	299.0	0.088832	-0.206451
2264001	2265000	2264501	397.0	0.089355	0.202543
2265001	2266000	2265501	363.0	0.089877	0.073373
2266001	2267000	2266501	251.0	0.090400	-0.458909
2267001	2268000	2267501	247.0	0.090922	-0.482085
2268001	2269000	2268501	200.0	0.091445	-0.786596
2269001	2270000	2269501	247.0	0.091968	-0.482085
2270001	2271000	2270501	298.0	0.092490	-0.211284
2271001	2272000	2271501	264.0	0.093013	-0.386058
2272001	2273000	2272501	272.0	0.093535	-0.342990
2273001	2274000	2273501	294.0	0.094058	-0.230780
2274001	2275000	2274501	267.0	0.094580	-0.369757
2275001	2276000	2275501	191.0	0.095103	-0.853024
2276001	2277000	2276501	146.0	0.095625	-1.240628
2277001	2278000	2277501	159.0	0.096148	-1.117570
2278001	2279000	2278501	164.0	0.096670	-1.072901
2279001	2280000	2279501	165.0	0.097193	-1.064130
2280001	2281000	2280501	138.0	0.097715	-1.321928
2281001	2282000	2281501	161.0	0.098238	-1.099536
2282001	2283000	2282501	218.0	0.098761	-0.662268
2283001	2284000	2283501	294.0	0.099283	-0.230780
2284001	2285000	2284501	292.0	0.099806	-0.240628
2285001	2286000	2285501	345.0	0.100328	0.000000
2286001	2287000	2286501	334.0	0.100851	-0.046748
2287001	2288000	2287501	404.0	0.101373	0.227759
2288001	2289000	2288501	435.0	0.101896	0.334419
2289001	2290000	2289501	473.0	0.102418	0.455244
2290001	2291000	2290501	449.0	0.102941	0.380119
2291001	2292000	2291501	366.0	0.103463	0.085247
2292001	2293000	2292501	313.0	0.103986	-0.140434
2293001	2294000	2293501	215.0	0.104509	-0.682260
2294001	2295000	2294501	271.0	0.105031	-0.348304
2295001	2296000	2295501	226.0	0.105554	-0.610274
2296001	2297000	2296501	254.0	0.106076	-0.441768
2297001	2298000	2297501	247.0	0.106599	-0.482085
2298001	2299000	2298501	238.0	0.107121	-0.535635
2299001	2300000	2299501	243.0	0.107644	-0.505640
2300001	2301000	2300501	199.0	0.108166	-0.793828
2301001	2302000	2301501	270.0	0.108689	-0.353637
2302001	2303000	2302501	262.0	0.109211	-0.397030
2303001	2304000	2303501	223.0	0.109734	-0.629553
2304001	2305000	2304501	156.0	0.110257	-1.145050
2305001	2306000	2305501	140.0	0.110779	-1.301170
2306001	2307000	2306501	128.0	0.111302	-1.430453
2307001	2308000	2307501	110.0	0.111824	-1.649093
2308001	2309000	2308501	121.0	0.112347	-1.511589
2309001	2310000	2309501	116.0	0.112869	-1.572472
2310001	2311000	2310501	99.0	0.113392	-1.801096
2311001	2312000	2311501	105.0	0.113914	-1.716207
2312001	2313000	2312501	88.0	0.114437	-1.971021
2313001	2314000	2313501	101.0	0.114959	-1.772241
2314001	2315000	2314501	99.0	0.115482	-1.801096
2315001	2316000	2315501	132.0	0.116004	-1.386058
2316001	2317000	2316501	196.0	0.116527	-0.815743
2317001	2318000	2317501	299.0	0.117050	-0.206451
2318001	2319000	2318501	363.0	0.117572	0.073373
2319001	2320000	2319501	452.0	0.118095	0.389726
2320001	2321000	2320501	344.0	0.118617	-0.004188
2321001	2322000	2321501	255.0	0.119140	-0.436099
2322001	2323000	2322501	217.0	0.119662	-0.668901
2323001	2324000	2323501	155.0	0.120185	-1.154328
2324001	2325000	2324501	212.0	0.120707	-0.702532
2325001	2326000	2325501	280.0	0.121230	-0.301170
2326001	2327000	2326501	365.0	0.121752	0.081300
2327001	2328000	2327501	282.0	0.122275	-0.290901
2328001	2329000	2328501	230.0	0.122798	-0.584963
2329001	2330000	2329501	251.0	0.123320	-0.458909
2330001	2331000	2330501	218.0	0.123843	-0.662268
2331001	2332000	2331501	272.0	0.124365	-0.342990
2332001	2333000	2332501	326.0	0.124888	-0.081724
2333001	2334000	2333501	298.0	0.125410	-0.211284
2334001	2335000	2334501	341.0	0.125933	-0.016825
2335001	2336000	2335501	398.0	0.126455	0.206172
2336001	2337000	2336501	394.0	0.126978	0.191599
2337001	2338000	2337501	378.0	0.127500	0.131790
2338001	2339000	2338501	329.0	0.128023	-0.068509
2339001	2340000	2339501	452.0	0.128546	0.389726
2340001	2341000	2340501	364.0	0.129068	0.077342
2341001	2342000	2341501	317.0	0.129591	-0.122114
2342001	2343000	2342501	413.0	0.130113	0.259545
2343001	2344000	2343501	381.0	0.130636	0.143195
2344001	2345000	2344501	343.0	0.131158	-0.008388
2345001	2346000	2345501	371.0	0.131681	0.104823
2346001	2347000	2346501	363.0	0.132203	0.073373
2347001	2348000	2347501	390.0	0.132726	0.176878
2348001	2349000	2348501	403.0	0.133248	0.224183
2349001	2350000	2349501	409.0	0.133771	0.245504
2350001	2351000	2350501	323.0	0.134293	-0.095062
2351001	2352000	2351501	335.0	0.134816	-0.042435
2352001	2353000	2352501	372.0	0.135339	0.108706
2353001	2354000	2353501	385.0	0.135861	0.158262
2354001	2355000	2354501	356.0	0.136384	0.045281
2355001	2356000	2355501	366.0	0.136906	0.085247
2356001	2357000	2356501	371.0	0.137429	0.104823
2357001	2358000	2357501	313.0	0.137951	-0.140434
2358001	2359000	2358501	360.0	0.138474	0.061401
2359001	2360000	2359501	391.0	0.138996	0.180572
2360001	2361000	2360501	411.0	0.139519	0.252542
2361001	2362000	2361501	355.0	0.140041	0.041223
2362001	2363000	2362501	402.0	0.140564	0.220599
2363001	2364000	2363501	387.0	0.141087	0.165737
2364001	2365000	2364501	358.0	0.141609	0.053363
2365001	2366000	2365501	347.0	0.142132	0.008339
2366001	2367000	2366501	386.0	0.142654	0.162004
2367001	2368000	2367501	394.0	0.143177	0.191599
2368001	2369000	2368501	378.0	0.143699	0.131790
2369001	2370000	2369501	377.0	0.144222	0.127968
2370001	2371000	2370501	365.0	0.144744	0.081300
2371001	2372000	2371501	361.0	0.145267	0.065402
2372001	2373000	2372501	375.0	0.145789	0.120294
2373001	2374000	2373501	371.0	0.146312	0.104823
2374001	2375000	2374501	321.0	0.146835	-0.104023
2375001	2376000	2375501	369.0	0.147357	0.097024
2376001	2377000	2376501	399.0	0.147880	0.209792
2377001	2378000	2377501	361.0	0.148402	0.065402
2378001	2379000	2378501	282.0	0.148925	-0.290901
2379001	2380000	2379501	365.0	0.149447	0.081300
2380001	2381000	2380501	339.0	0.149970	-0.025311
2381001	2382000	2381501	416.0	0.150492	0.269987
2382001	2383000	2382501	356.0	0.151015	0.045281
2383001	2384000	2383501	353.0	0.151537	0.033072
2384001	2385000	2384501	366.0	0.152060	0.085247
2385001	2386000	2385501	360.0	0.152582	0.061401
2386001	2387000	2386501	360.0	0.153105	0.061401
2387001	2388000	2387501	343.0	0.153628	-0.008388
2388001	2389000	2388501	357.0	0.154150	0.049328
2389001	2390000	2389501	284.0	0.154673	-0.280705
2390001	2391000	2390501	339.0	0.155195	-0.025311
2391001	2392000	2391501	369.0	0.155718	0.097024
2392001	2393000	2392501	462.0	0.156240	0.421296
2393001	2394000	2393501	429.0	0.156763	0.314381
2394001	2395000	2394501	395.0	0.157285	0.195256
2395001	2396000	2395501	403.0	0.157808	0.224183
2396001	2397000	2396501	391.0	0.158330	0.180572
2397001	2398000	2397501	380.0	0.158853	0.139403
2398001	2399000	2398501	362.0	0.159376	0.069393
2399001	2400000	2399501	384.0	0.159898	0.154510
2400001	2401000	2400501	386.0	0.160421	0.162004
2401001	2402000	2401501	388.0	0.160943	0.169460
2402001	2403000	2402501	356.0	0.161466	0.045281
2403001	2404000	2403501	357.0	0.161988	0.049328
2404001	2405000	2404501	396.0	0.162511	0.198904
2405001	2406000	2405501	426.0	0.163033	0.304257
2406001	2407000	2406501	405.0	0.163556	0.231326
2407001	2408000	2407501	367.0	0.164078	0.089184
2408001	2409000	2408501	350.0	0.164601	0.020759
2409001	2410000	2409501	379.0	0.165124	0.135601
2410001	2411000	2410501	393.0	0.165646	0.187933
2411001	2412000	2411501	326.0	0.166169	-0.081724
2412001	2413000	2412501	378.0	0.166691	0.131790
2413001	2414000	2413501	419.0	0.167214	0.280354
2414001	2415000	2414501	345.0	0.167736	0.000000
2415001	2416000	2415501	365.0	0.168259	0.081300
2416001	2417000	2416501	406.0	0.168781	0.234883
2417001	2418000	2417501	371.0	0.169304	0.104823
2418001	2419000	2418501	368.0	0.169826	0.093109
2419001	2420000	2419501	366.0	0.170349	0.085247
2420001	2421000	2420501	335.0	0.170871	-0.042435
2421001	2422000	2421501	301.0	0.171394	-0.196833
2422001	2423000	2422501	308.0	0.171917	-0.163666
2423001	2424000	2423501	342.0	0.172439	-0.012600
2424001	2425000	2424501	248.0	0.172962	-0.476256
2425001	2426000	2425501	215.0	0.173484	-0.682260
2426001	2427000	2426501	219.0	0.174007	-0.655665
2427001	2428000	2427501	188.0	0.174529	-0.875864
2428001	2429000	2428501	270.0	0.175052	-0.353637
2429001	2430000	2429501	418.0	0.175574	0.276907
2430001	2431000	2430501	469.0	0.176097	0.442992
2431001	2432000	2431501	397.0	0.176619	0.202543
2432001	2433000	2432501	341.0	0.177142	-0.016825
2433001	2434000	2433501	399.0	0.177665	0.209792
2434001	2435000	2434501	388.0	0.178187	0.169460
2435001	2436000	2435501	350.0	0.178710	0.020759
2436001	2437000	2436501	375.0	0.179232	0.120294
2437001	2438000	2437501	376.0	0.179755	0.124136
2438001	2439000	2438501	487.0	0.180277	0.497325
2439001	2440000	2439501	368.0	0.180800	0.093109
2440001	2441000	2440501	403.0	0.181322	0.224183
2441001	2442000	2441501	321.0	0.181845	-0.104023
2442001	2443000	2442501	328.0	0.182367	-0.072901
2443001	2444000	2443501	394.0	0.182890	0.191599
2444001	2445000	2444501	384.0	0.183413	0.154510
2445001	2446000	2445501	424.0	0.183935	0.297468
2446001	2447000	2446501	400.0	0.184458	0.213404
2447001	2448000	2447501	379.0	0.184980	0.135601
2448001	2449000	2448501	333.0	0.185503	-0.051074
2449001	2450000	2449501	354.0	0.186025	0.037153
2450001	2451000	2450501	345.0	0.186548	0.000000
2451001	2452000	2451501	361.0	0.187070	0.065402
2452001	2453000	2452501	401.0	0.187593	0.217006
2453001	2454000	2453501	414.0	0.188115	0.263034
2454001	2455000	2454501	378.0	0.188638	0.131790
2455001	2456000	2455501	340.0	0.189160	-0.021062
2456001	2457000	2456501	391.0	0.189683	0.180572
2457001	2458000	2457501	414.0	0.190206	0.263034
2458001	2459000	2458501	368.0	0.190728	0.093109
2459001	2460000	2459501	391.0	0.191251	0.180572
2460001	2461000	2460501	367.0	0.191773	0.089184
2461001	2462000	2461501	383.0	0.192296	0.150748
2462001	2463000	2462501	332.0	0.192818	-0.055413
2463001	2464000	2463501	367.0	0.193341	0.089184
2464001	2465000	2464501	394.0	0.193863	0.191599
2465001	2466000	2465501	351.0	0.194386	0.024875
2466001	2467000	2466501	410.0	0.194908	0.249028
2467001	2468000	2467501	383.0	0.195431	0.150748
2468001	2469000	2468501	301.0	0.195954	-0.196833
2469001	2470000	2469501	343.0	0.196476	-0.008388
2470001	2471000	2470501	370.0	0.196999	0.100929
2471001	2472000	2471501	354.0	0.197521	0.037153
2472001	2473000	2472501	364.0	0.198044	0.077342
2473001	2474000	2473501	337.0	0.198566	-0.033848
2474001	2475000	2474501	364.0	0.199089	0.077342
2475001	2476000	2475501	340.0	0.199611	-0.021062
2476001	2477000	2476501	397.0	0.200134	0.202543
2477001	2478000	2477501	347.0	0.200656	0.008339
2478001	2479000	2478501	374.0	0.201179	0.116442
2479001	2480000	2479501	348.0	0.201702	0.012491
2480001	2481000	2480501	378.0	0.202224	0.131790
2481001	2482000	2481501	353.0	0.202747	0.033072
2482001	2483000	2482501	408.0	0.203269	0.241973
2483001	2484000	2483501	341.0	0.203792	-0.016825
2484001	2485000	2484501	365.0	0.204314	0.081300
2485001	2486000	2485501	384.0	0.204837	0.154510
2486001	2487000	2486501	362.0	0.205359	0.069393
2487001	2488000	2487501	371.0	0.205882	0.104823
2488001	2489000	2488501	320.0	0.206404	-0.108524
2489001	2490000	2489501	400.0	0.206927	0.213404
2490001	2491000	2490501	356.0	0.207449	0.045281
2491001	2492000	2491501	303.0	0.207972	-0.187279
2492001	2493000	2492501	409.0	0.208495	0.245504
2493001	2494000	2493501	376.0	0.209017	0.124136
2494001	2495000	2494501	370.0	0.209540	0.100929
2495001	2496000	2495501	397.0	0.210062	0.202543
2496001	2497000	2496501	332.0	0.210585	-0.055413
2497001	2498000	2497501	341.0	0.211107	-0.016825
2498001	2499000	2498501	361.0	0.211630	0.065402
2499001	2500000	2499501	356.0	0.212152	0.045281
2500001	2501000	2500501	384.0	0.212675	0.154510
2501001	2502000	2501501	375.0	0.213197	0.120294
2502001	2503000	2502501	376.0	0.213720	0.124136
2503001	2504000	2503501	369.0	0.214243	0.097024
2504001	2505000	2504501	333.0	0.214765	-0.051074
2505001	2506000	2505501	340.0	0.215288	-0.021062
2506001	2507000	2506501	422.0	0.215810	0.290647
2507001	2508000	2507501	451.0	0.216333	0.386531
2508001	2509000	2508501	352.0	0.216855	0.028979
2509001	2510000	2509501	398.0	0.217378	0.206172
2510001	2511000	2510501	417.0	0.217900	0.273451
2511001	2512000	2511501	463.0	0.218423	0.424416
2512001	2513000	2512501	350.0	0.218945	0.020759
2513001	2514000	2513501	434.0	0.219468	0.331099
2514001	2515000	2514501	349.0	0.219991	0.016631
2515001	2516000	2515501	372.0	0.220513	0.108706
2516001	2517000	2516501	311.0	0.221036	-0.149682
2517001	2518000	2517501	333.0	0.221558	-0.051074
2518001	2519000	2518501	414.0	0.222081	0.263034
2519001	2520000	2519501	349.0	0.222603	0.016631
2520001	2521000	2520501	367.0	0.223126	0.089184
2521001	2522000	2521501	293.0	0.223648	-0.235696
2522001	2523000	2522501	291.0	0.224171	-0.245577
2523001	2524000	2523501	357.0	0.224693	0.049328
2524001	2525000	2524501	373.0	0.225216	0.112579
2525001	2526000	2525501	381.0	0.225738	0.143195
2526001	2527000	2526501	366.0	0.226261	0.085247
2527001	2528000	2527501	376.0	0.226784	0.124136
2528001	2529000	2528501	384.0	0.227306	0.154510
2529001	2530000	2529501	371.0	0.227829	0.104823
2530001	2531000	2530501	357.0	0.228351	0.049328
2531001	2532000	2531501	380.0	0.228874	0.139403
2532001	2533000	2532501	384.0	0.229396	0.154510
2533001	2534000	2533501	388.0	0.229919	0.169460
2534001	2535000	2534501	331.0	0.230441	-0.059765
2535001	2536000	2535501	355.0	0.230964	0.041223
2536001	2537000	2536501	344.0	0.231486	-0.004188
2537001	2538000	2537501	349.0	0.232009	0.016631
2538001	2539000	2538501	383.0	0.232532	0.150748
2539001	2540000	2539501	356.0	0.233054	0.045281
2540001	2541000	2540501	280.0	0.233577	-0.301170
2541001	2542000	2541501	253.0	0.234099	-0.447459
2542001	2543000	2542501	293.0	0.234622	-0.235696
2543001	2544000	2543501	370.0	0.235144	0.100929
2544001	2545000	2544501	390.0	0.235667	0.176878
2545001	2546000	2545501	377.0	0.236189	0.127968
2546001	2547000	2546501	350.0	0.236712	0.020759
2547001	2548000	2547501	423.0	0.237234	0.294061
2548001	2549000	2548501	395.0	0.237757	0.195256
2549001	2550000	2549501	366.0	0.238279	0.085247
2550001	2551000	2550501	358.0	0.238802	0.053363
2551001	2552000	2551501	363.0	0.239325	0.073373
2552001	2553000	2552501	392.0	0.239847	0.184257
2553001	2554000	2553501	403.0	0.240370	0.224183
2554001	2555000	2554501	368.0	0.240892	0.093109
2555001	2556000	2555501	339.0	0.241415	-0.025311
2556001	2557000	2556501	355.0	0.241937	0.041223
2557001	2558000	2557501	416.0	0.242460	0.269987
2558001	2559000	2558501	393.0	0.242982	0.187933
2559001	2560000	2559501	394.0	0.243505	0.191599
2560001	2561000	2560501	337.0	0.244027	-0.033848
2561001	2562000	2561501	260.0	0.244550	-0.408085
2562001	2563000	2562501	293.0	0.245073	-0.235696
2563001	2564000	2563501	304.0	0.245595	-0.182525
2564001	2565000	2564501	419.0	0.246118	0.280354
2565001	2566000	2565501	398.0	0.246640	0.206172
2566001	2567000	2566501	367.0	0.247163	0.089184
2567001	2568000	2567501	320.0	0.247685	-0.108524
2568001	2569000	2568501	355.0	0.248208	0.041223
2569001	2570000	2569501	374.0	0.248730	0.116442
2570001	2571000	2570501	391.0	0.249253	0.180572
2571001	2572000	2571501	423.0	0.249775	0.294061
2572001	2573000	2572501	400.0	0.250298	0.213404
2573001	2574000	2573501	349.0	0.250821	0.016631
2574001	2575000	2574501	342.0	0.251343	-0.012600
2575001	2576000	2575501	403.0	0.251866	0.224183
2576001	2577000	2576501	375.0	0.252388	0.120294
2577001	2578000	2577501	425.0	0.252911	0.300866
2578001	2579000	2578501	385.0	0.253433	0.158262
2579001	2580000	2579501	440.0	0.253956	0.350907
2580001	2581000	2580501	343.0	0.254478	-0.008388
2581001	2582000	2581501	377.0	0.255001	0.127968
2582001	2583000	2582501	307.0	0.255523	-0.168358
2583001	2584000	2583501	318.0	0.256046	-0.117570
2584001	2585000	2584501	372.0	0.256568	0.108706
2585001	2586000	2585501	372.0	0.257091	0.108706
2586001	2587000	2586501	467.0	0.257614	0.436826
2587001	2588000	2587501	376.0	0.258136	0.124136
2588001	2589000	2588501	329.0	0.258659	-0.068509
2589001	2590000	2589501	365.0	0.259181	0.081300
2590001	2591000	2590501	315.0	0.259704	-0.131245
2591001	2592000	2591501	357.0	0.260226	0.049328
2592001	2593000	2592501	398.0	0.260749	0.206172
2593001	2594000	2593501	342.0	0.261271	-0.012600
2594001	2595000	2594501	402.0	0.261794	0.220599
2595001	2596000	2595501	386.0	0.262316	0.162004
2596001	2597000	2596501	374.0	0.262839	0.116442
2597001	2598000	2597501	415.0	0.263362	0.266515
2598001	2599000	2598501	368.0	0.263884	0.093109
2599001	2600000	2599501	399.0	0.264407	0.209792
2600001	2601000	2600501	330.0	0.264929	-0.064130
2601001	2602000	2601501	347.0	0.265452	0.008339
2602001	2603000	2602501	349.0	0.265974	0.016631
2603001	2604000	2603501	293.0	0.266497	-0.235696
2604001	2605000	2604501	373.0	0.267019	0.112579
2605001	2606000	2605501	406.0	0.267542	0.234883
2606001	2607000	2606501	395.0	0.268064	0.195256
2607001	2608000	2607501	401.0	0.268587	0.217006
2608001	2609000	2608501	372.0	0.269110	0.108706
2609001	2610000	2609501	407.0	0.269632	0.238432
2610001	2611000	2610501	405.0	0.270155	0.231326
2611001	2612000	2611501	359.0	0.270677	0.057387
2612001	2613000	2612501	330.0	0.271200	-0.064130
2613001	2614000	2613501	442.0	0.271722	0.357450
2614001	2615000	2614501	435.0	0.272245	0.334419
2615001	2616000	2615501	399.0	0.272767	0.209792
2616001	2617000	2616501	387.0	0.273290	0.165737
2617001	2618000	2617501	341.0	0.273812	-0.016825
2618001	2619000	2618501	325.0	0.274335	-0.086157
2619001	2620000	2619501	375.0	0.274857	0.120294
2620001	2621000	2620501	376.0	0.275380	0.124136
2621001	2622000	2621501	309.0	0.275903	-0.158990
2622001	2623000	2622501	349.0	0.276425	0.016631
2623001	2624000	2623501	356.0	0.276948	0.045281
2624001	2625000	2624501	462.0	0.277470	0.421296
2625001	2626000	2625501	415.0	0.277993	0.266515
2626001	2627000	2626501	393.0	0.278515	0.187933
2627001	2628000	2627501	383.0	0.279038	0.150748
2628001	2629000	2628501	412.0	0.279560	0.256048
2629001	2630000	2629501	417.0	0.280083	0.273451
2630001	2631000	2630501	334.0	0.280605	-0.046748
2631001	2632000	2631501	392.0	0.281128	0.184257
2632001	2633000	2632501	458.0	0.281651	0.408751
2633001	2634000	2633501	361.0	0.282173	0.065402
2634001	2635000	2634501	315.0	0.282696	-0.131245
2635001	2636000	2635501	347.0	0.283218	0.008339
2636001	2637000	2636501	375.0	0.283741	0.120294
2637001	2638000	2637501	363.0	0.284263	0.073373
2638001	2639000	2638501	332.0	0.284786	-0.055413
2639001	2640000	2639501	291.0	0.285308	-0.245577
2640001	2641000	2640501	339.0	0.285831	-0.025311
2641001	2642000	2641501	291.0	0.286353	-0.245577
2642001	2643000	2642501	325.0	0.286876	-0.086157
2643001	2644000	2643501	338.0	0.287399	-0.029573
2644001	2645000	2644501	412.0	0.287921	0.256048
2645001	2646000	2645501	342.0	0.288444	-0.012600
2646001	2647000	2646501	339.0	0.288966	-0.025311
2647001	2648000	2647501	294.0	0.289489	-0.230780
2648001	2649000	2648501	369.0	0.290011	0.097024
2649001	2650000	2649501	393.0	0.290534	0.187933
2650001	2651000	2650501	372.0	0.291056	0.108706
2651001	2652000	2651501	390.0	0.291579	0.176878
2652001	2653000	2652501	396.0	0.292101	0.198904
2653001	2654000	2653501	336.0	0.292624	-0.038135
2654001	2655000	2654501	325.0	0.293146	-0.086157
2655001	2656000	2655501	338.0	0.293669	-0.029573
2656001	2657000	2656501	359.0	0.294192	0.057387
2657001	2658000	2657501	357.0	0.294714	0.049328
2658001	2659000	2658501	331.0	0.295237	-0.059765
2659001	2660000	2659501	314.0	0.295759	-0.135832
2660001	2661000	2660501	363.0	0.296282	0.073373
2661001	2662000	2661501	378.0	0.296804	0.131790
2662001	2663000	2662501	378.0	0.297327	0.131790
2663001	2664000	2663501	322.0	0.297849	-0.099536
2664001	2665000	2664501	348.0	0.298372	0.012491
2665001	2666000	2665501	342.0	0.298894	-0.012600
2666001	2667000	2666501	341.0	0.299417	-0.016825
2667001	2668000	2667501	365.0	0.299940	0.081300
2668001	2669000	2668501	283.0	0.300462	-0.285794
2669001	2670000	2669501	297.0	0.300985	-0.216133
2670001	2671000	2670501	347.0	0.301507	0.008339
2671001	2672000	2671501	365.0	0.302030	0.081300
2672001	2673000	2672501	313.0	0.302552	-0.140434
2673001	2674000	2673501	294.0	0.303075	-0.230780
2674001	2675000	2674501	313.0	0.303597	-0.140434
2675001	2676000	2675501	395.0	0.304120	0.195256
2676001	2677000	2676501	341.0	0.304642	-0.016825
2677001	2678000	2677501	329.0	0.305165	-0.068509
2678001	2679000	2678501	357.0	0.305688	0.049328
2679001	2680000	2679501	352.0	0.306210	0.028979
2680001	2681000	2680501	373.0	0.306733	0.112579
2681001	2682000	2681501	364.0	0.307255	0.077342
2682001	2683000	2682501	419.0	0.307778	0.280354
2683001	2684000	2683501	435.0	0.308300	0.334419
2684001	2685000	2684501	447.0	0.308823	0.373678
2685001	2686000	2685501	360.0	0.309345	0.061401
2686001	2687000	2686501	426.0	0.309868	0.304257
2687001	2688000	2687501	361.0	0.310390	0.065402
2688001	2689000	2688501	363.0	0.310913	0.073373
2689001	2690000	2689501	369.0	0.311435	0.097024
2690001	2691000	2690501	381.0	0.311958	0.143195
2691001	2692000	2691501	363.0	0.312481	0.073373
2692001	2693000	2692501	328.0	0.313003	-0.072901
2693001	2694000	2693501	372.0	0.313526	0.108706
2694001	2695000	2694501	359.0	0.314048	0.057387
2695001	2696000	2695501	387.0	0.314571	0.165737
2696001	2697000	2696501	418.0	0.315093	0.276907
2697001	2698000	2697501	392.0	0.315616	0.184257
2698001	2699000	2698501	376.0	0.316138	0.124136
2699001	2700000	2699501	393.0	0.316661	0.187933
2700001	2701000	2700501	406.0	0.317183	0.234883
2701001	2702000	2701501	284.0	0.317706	-0.280705
2702001	2703000	2702501	331.0	0.318229	-0.059765
2703001	2704000	2703501	396.0	0.318751	0.198904
2704001	2705000	2704501	367.0	0.319274	0.089184
2705001	2706000	2705501	344.0	0.319796	-0.004188
2706001	2707000	2706501	386.0	0.320319	0.162004
2707001	2708000	2707501	406.0	0.320841	0.234883
2708001	2709000	2708501	429.0	0.321364	0.314381
2709001	2710000	2709501	443.0	0.321886	0.360710
2710001	2711000	2710501	394.0	0.322409	0.191599
2711001	2712000	2711501	311.0	0.322931	-0.149682
2712001	2713000	2712501	310.0	0.323454	-0.154328
2713001	2714000	2713501	317.0	0.323977	-0.122114
2714001	2715000	2714501	393.0	0.324499	0.187933
2715001	2716000	2715501	380.0	0.325022	0.139403
2716001	2717000	2716501	389.0	0.325544	0.173174
2717001	2718000	2717501	407.0	0.326067	0.238432
2718001	2719000	2718501	386.0	0.326589	0.162004
2719001	2720000	2719501	328.0	0.327112	-0.072901
2720001	2721000	2720501	300.0	0.327634	-0.201634
2721001	2722000	2721501	321.0	0.328157	-0.104023
2722001	2723000	2722501	349.0	0.328679	0.016631
2723001	2724000	2723501	383.0	0.329202	0.150748
2724001	2725000	2724501	384.0	0.329724	0.154510
2725001	2726000	2725501	365.0	0.330247	0.081300
2726001	2727000	2726501	350.0	0.330770	0.020759
2727001	2728000	2727501	356.0	0.331292	0.045281
2728001	2729000	2728501	337.0	0.331815	-0.033848
2729001	2730000	2729501	309.0	0.332337	-0.158990
2730001	2731000	2730501	315.0	0.332860	-0.131245
2731001	2732000	2731501	361.0	0.333382	0.065402
2732001	2733000	2732501	343.0	0.333905	-0.008388
2733001	2734000	2733501	431.0	0.334427	0.321092
2734001	2735000	2734501	380.0	0.334950	0.139403
2735001	2736000	2735501	377.0	0.335472	0.127968
2736001	2737000	2736501	406.0	0.335995	0.234883
2737001	2738000	2737501	337.0	0.336518	-0.033848
2738001	2739000	2738501	384.0	0.337040	0.154510
2739001	2740000	2739501	313.0	0.337563	-0.140434
2740001	2741000	2740501	330.0	0.338085	-0.064130
2741001	2742000	2741501	344.0	0.338608	-0.004188
2742001	2743000	2742501	347.0	0.339130	0.008339
2743001	2744000	2743501	424.0	0.339653	0.297468
2744001	2745000	2744501	336.0	0.340175	-0.038135
2745001	2746000	2745501	387.0	0.340698	0.165737
2746001	2747000	2746501	312.0	0.341220	-0.145050
2747001	2748000	2747501	434.0	0.341743	0.331099
2748001	2749000	2748501	371.0	0.342266	0.104823
2749001	2750000	2749501	375.0	0.342788	0.120294
2750001	2751000	2750501	402.0	0.343311	0.220599
2751001	2752000	2751501	328.0	0.343833	-0.072901
2752001	2753000	2752501	395.0	0.344356	0.195256
2753001	2754000	2753501	388.0	0.344878	0.169460
2754001	2755000	2754501	398.0	0.345401	0.206172
2755001	2756000	2755501	420.0	0.345923	0.283793
2756001	2757000	2756501	434.0	0.346446	0.331099
2757001	2758000	2757501	328.0	0.346968	-0.072901
2758001	2759000	2758501	323.0	0.347491	-0.095062
2759001	2760000	2759501	364.0	0.348013	0.077342
2760001	2761000	2760501	353.0	0.348536	0.033072
2761001	2762000	2761501	382.0	0.349059	0.146976
2762001	2763000	2762501	313.0	0.349581	-0.140434
2763001	2764000	2763501	367.0	0.350104	0.089184
2764001	2765000	2764501	326.0	0.350626	-0.081724
2765001	2766000	2765501	416.0	0.351149	0.269987
2766001	2767000	2766501	461.0	0.351671	0.418170
2767001	2768000	2767501	439.0	0.352194	0.347625
2768001	2769000	2768501	424.0	0.352716	0.297468
2769001	2770000	2769501	396.0	0.353239	0.198904
2770001	2771000	2770501	374.0	0.353761	0.116442
2771001	2772000	2771501	363.0	0.354284	0.073373
2772001	2773000	2772501	423.0	0.354807	0.294061
2773001	2774000	2773501	458.0	0.355329	0.408751
2774001	2775000	2774501	407.0	0.355852	0.238432
2775001	2776000	2775501	466.0	0.356374	0.433734
2776001	2777000	2776501	472.0	0.356897	0.452190
2777001	2778000	2777501	370.0	0.357419	0.100929
2778001	2779000	2778501	452.0	0.357942	0.389726
2779001	2780000	2779501	361.0	0.358464	0.065402
2780001	2781000	2780501	322.0	0.358987	-0.099536
2781001	2782000	2781501	363.0	0.359509	0.073373
2782001	2783000	2782501	364.0	0.360032	0.077342
2783001	2784000	2783501	357.0	0.360555	0.049328
2784001	2785000	2784501	402.0	0.361077	0.220599
2785001	2786000	2785501	377.0	0.361600	0.127968
2786001	2787000	2786501	350.0	0.362122	0.020759
2787001	2788000	2787501	298.0	0.362645	-0.211284
2788001	2789000	2788501	327.0	0.363167	-0.077306
2789001	2790000	2789501	404.0	0.363690	0.227759
2790001	2791000	2790501	316.0	0.364212	-0.126672
2791001	2792000	2791501	389.0	0.364735	0.173174
2792001	2793000	2792501	441.0	0.365257	0.354182
2793001	2794000	2793501	414.0	0.365780	0.263034
2794001	2795000	2794501	323.0	0.366302	-0.095062
2795001	2796000	2795501	298.0	0.366825	-0.211284
2796001	2797000	2796501	400.0	0.367348	0.213404
2797001	2798000	2797501	364.0	0.367870	0.077342
2798001	2799000	2798501	364.0	0.368393	0.077342
2799001	2800000	2799501	386.0	0.368915	0.162004
2800001	2801000	2800501	442.0	0.369438	0.357450
2801001	2802000	2801501	423.0	0.369960	0.294061
2802001	2803000	2802501	352.0	0.370483	0.028979
2803001	2804000	2803501	315.0	0.371005	-0.131245
2804001	2805000	2804501	352.0	0.371528	0.028979
2805001	2806000	2805501	356.0	0.372050	0.045281
2806001	2807000	2806501	428.0	0.372573	0.311014
2807001	2808000	2807501	347.0	0.373096	0.008339
2808001	2809000	2808501	433.0	0.373618	0.327771
2809001	2810000	2809501	382.0	0.374141	0.146976
2810001	2811000	2810501	332.0	0.374663	-0.055413
2811001	2812000	2811501	278.0	0.375186	-0.311511
2812001	2813000	2812501	364.0	0.375708	0.077342
2813001	2814000	2813501	378.0	0.376231	0.131790
2814001	2815000	2814501	333.0	0.376753	-0.051074
2815001	2816000	2815501	343.0	0.377276	-0.008388
2816001	2817000	2816501	396.0	0.377798	0.198904
2817001	2818000	2817501	394.0	0.378321	0.191599
2818001	2819000	2818501	382.0	0.378843	0.146976
2819001	2820000	2819501	358.0	0.379366	0.053363
2820001	2821000	2820501	342.0	0.379889	-0.012600
2821001	2822000	2821501	354.0	0.380411	0.037153
2822001	2823000	2822501	344.0	0.380934	-0.004188
2823001	2824000	2823501	295.0	0.381456	-0.225881
2824001	2825000	2824501	314.0	0.381979	-0.135832
2825001	2826000	2825501	329.0	0.382501	-0.068509
2826001	2827000	2826501	428.0	0.383024	0.311014
2827001	2828000	2827501	392.0	0.383546	0.184257
2828001	2829000	2828501	349.0	0.384069	0.016631
2829001	2830000	2829501	361.0	0.384591	0.065402
2830001	2831000	2830501	331.0	0.385114	-0.059765
2831001	2832000	2831501	336.0	0.385637	-0.038135
2832001	2833000	2832501	395.0	0.386159	0.195256
2833001	2834000	2833501	321.0	0.386682	-0.104023
2834001	2835000	2834501	341.0	0.387204	-0.016825
2835001	2836000	2835501	422.0	0.387727	0.290647
2836001	2837000	2836501	362.0	0.388249	0.069393
2837001	2838000	2837501	335.0	0.388772	-0.042435
2838001	2839000	2838501	387.0	0.389294	0.165737
2839001	2840000	2839501	313.0	0.389817	-0.140434
2840001	2841000	2840501	341.0	0.390339	-0.016825
2841001	2842000	2841501	310.0	0.390862	-0.154328
2842001	2843000	2842501	298.0	0.391385	-0.211284
2843001	2844000	2843501	309.0	0.391907	-0.158990
2844001	2845000	2844501	404.0	0.392430	0.227759
2845001	2846000	2845501	473.0	0.392952	0.455244
2846001	2847000	2846501	434.0	0.393475	0.331099
2847001	2848000	2847501	463.0	0.393997	0.424416
2848001	2849000	2848501	426.0	0.394520	0.304257
2849001	2850000	2849501	413.0	0.395042	0.259545
2850001	2851000	2850501	419.0	0.395565	0.280354
2851001	2852000	2851501	424.0	0.396087	0.297468
2852001	2853000	2852501	448.0	0.396610	0.376902
2853001	2854000	2853501	330.0	0.397132	-0.064130
2854001	2855000	2854501	317.0	0.397655	-0.122114
2855001	2856000	2855501	295.0	0.398178	-0.225881
2856001	2857000	2856501	312.0	0.398700	-0.145050
2857001	2858000	2857501	328.0	0.399223	-0.072901
2858001	2859000	2858501	423.0	0.399745	0.294061
2859001	2860000	2859501	382.0	0.400268	0.146976
2860001	2861000	2860501	384.0	0.400790	0.154510
2861001	2862000	2861501	349.0	0.401313	0.016631
2862001	2863000	2862501	391.0	0.401835	0.180572
2863001	2864000	2863501	310.0	0.402358	-0.154328
2864001	2865000	2864501	362.0	0.402880	0.069393
2865001	2866000	2865501	395.0	0.403403	0.195256
2866001	2867000	2866501	337.0	0.403926	-0.033848
2867001	2868000	2867501	373.0	0.404448	0.112579
2868001	2869000	2868501	344.0	0.404971	-0.004188
2869001	2870000	2869501	310.0	0.405493	-0.154328
2870001	2871000	2870501	359.0	0.406016	0.057387
2871001	2872000	2871501	321.0	0.406538	-0.104023
2872001	2873000	2872501	423.0	0.407061	0.294061
2873001	2874000	2873501	369.0	0.407583	0.097024
2874001	2875000	2874501	337.0	0.408106	-0.033848
2875001	2876000	2875501	343.0	0.408628	-0.008388
2876001	2877000	2876501	413.0	0.409151	0.259545
2877001	2878000	2877501	369.0	0.409674	0.097024
2878001	2879000	2878501	304.0	0.410196	-0.182525
2879001	2880000	2879501	328.0	0.410719	-0.072901
2880001	2881000	2880501	396.0	0.411241	0.198904
2881001	2882000	2881501	371.0	0.411764	0.104823
2882001	2883000	2882501	347.0	0.412286	0.008339
2883001	2884000	2883501	341.0	0.412809	-0.016825
2884001	2885000	2884501	378.0	0.413331	0.131790
2885001	2886000	2885501	329.0	0.413854	-0.068509
2886001	2887000	2886501	282.0	0.414376	-0.290901
2887001	2888000	2887501	332.0	0.414899	-0.055413
2888001	2889000	2888501	356.0	0.415421	0.045281
2889001	2890000	2889501	362.0	0.415944	0.069393
2890001	2891000	2890501	300.0	0.416467	-0.201634
2891001	2892000	2891501	314.0	0.416989	-0.135832
2892001	2893000	2892501	393.0	0.417512	0.187933
2893001	2894000	2893501	378.0	0.418034	0.131790
2894001	2895000	2894501	386.0	0.418557	0.162004
2895001	2896000	2895501	410.0	0.419079	0.249028
2896001	2897000	2896501	413.0	0.419602	0.259545
2897001	2898000	2897501	306.0	0.420124	-0.173065
2898001	2899000	2898501	229.0	0.420647	-0.591249
2899001	2900000	2899501	337.0	0.421169	-0.033848
2900001	2901000	2900501	327.0	0.421692	-0.077306
2901001	2902000	2901501	334.0	0.422215	-0.046748
2902001	2903000	2902501	326.0	0.422737	-0.081724
2903001	2904000	2903501	316.0	0.423260	-0.126672
2904001	2905000	2904501	307.0	0.423782	-0.168358
2905001	2906000	2905501	347.0	0.424305	0.008339
2906001	2907000	2906501	410.0	0.424827	0.249028
2907001	2908000	2907501	377.0	0.425350	0.127968
2908001	2909000	2908501	386.0	0.425872	0.162004
2909001	2910000	2909501	316.0	0.426395	-0.126672
2910001	2911000	2910501	365.0	0.426917	0.081300
2911001	2912000	2911501	354.0	0.427440	0.037153
2912001	2913000	2912501	406.0	0.427963	0.234883
2913001	2914000	2913501	388.0	0.428485	0.169460
2914001	2915000	2914501	350.0	0.429008	0.020759
2915001	2916000	2915501	328.0	0.429530	-0.072901
2916001	2917000	2916501	338.0	0.430053	-0.029573
2917001	2918000	2917501	321.0	0.430575	-0.104023
2918001	2919000	2918501	351.0	0.431098	0.024875
2919001	2920000	2919501	405.0	0.431620	0.231326
2920001	2921000	2920501	354.0	0.432143	0.037153
2921001	2922000	2921501	350.0	0.432665	0.020759
2922001	2923000	2922501	350.0	0.433188	0.020759
2923001	2924000	2923501	363.0	0.433710	0.073373
2924001	2925000	2924501	432.0	0.434233	0.324435
2925001	2926000	2925501	365.0	0.434756	0.081300
2926001	2927000	2926501	281.0	0.435278	-0.296026
2927001	2928000	2927501	341.0	0.435801	-0.016825
2928001	2929000	2928501	381.0	0.436323	0.143195
2929001	2930000	2929501	334.0	0.436846	-0.046748
2930001	2931000	2930501	353.0	0.437368	0.033072
2931001	2932000	2931501	428.0	0.437891	0.311014
2932001	2933000	2932501	365.0	0.438413	0.081300
2933001	2934000	2933501	399.0	0.438936	0.209792
2934001	2935000	2934501	386.0	0.439458	0.162004
2935001	2936000	2935501	453.0	0.439981	0.392915
2936001	2937000	2936501	404.0	0.440504	0.227759
2937001	2938000	2937501	342.0	0.441026	-0.012600
2938001	2939000	2938501	360.0	0.441549	0.061401
2939001	2940000	2939501	364.0	0.442071	0.077342
2940001	2941000	2940501	317.0	0.442594	-0.122114
2941001	2942000	2941501	316.0	0.443116	-0.126672
2942001	2943000	2942501	291.0	0.443639	-0.245577
2943001	2944000	2943501	304.0	0.444161	-0.182525
2944001	2945000	2944501	410.0	0.444684	0.249028
2945001	2946000	2945501	408.0	0.445206	0.241973
2946001	2947000	2946501	379.0	0.445729	0.135601
2947001	2948000	2947501	304.0	0.446252	-0.182525
2948001	2949000	2948501	270.0	0.446774	-0.353637
2949001	2950000	2949501	353.0	0.447297	0.033072
2950001	2951000	2950501	364.0	0.447819	0.077342
2951001	2952000	2951501	362.0	0.448342	0.069393
2952001	2953000	2952501	357.0	0.448864	0.049328
2953001	2954000	2953501	382.0	0.449387	0.146976
2954001	2955000	2954501	408.0	0.449909	0.241973
2955001	2956000	2955501	414.0	0.450432	0.263034
2956001	2957000	2956501	387.0	0.450954	0.165737
2957001	2958000	2957501	369.0	0.451477	0.097024
2958001	2959000	2958501	327.0	0.451999	-0.077306
2959001	2960000	2959501	337.0	0.452522	-0.033848
2960001	2961000	2960501	376.0	0.453045	0.124136
2961001	2962000	2961501	330.0	0.453567	-0.064130
2962001	2963000	2962501	353.0	0.454090	0.033072
2963001	2964000	2963501	378.0	0.454612	0.131790
2964001	2965000	2964501	378.0	0.455135	0.131790
2965001	2966000	2965501	369.0	0.455657	0.097024
2966001	2967000	2966501	363.0	0.456180	0.073373
2967001	2968000	2967501	310.0	0.456702	-0.154328
2968001	2969000	2968501	351.0	0.457225	0.024875
2969001	2970000	2969501	322.0	0.457747	-0.099536
2970001	2971000	2970501	346.0	0.458270	0.004176
2971001	2972000	2971501	290.0	0.458793	-0.250543
2972001	2973000	2972501	302.0	0.459315	-0.192048
2973001	2974000	2973501	382.0	0.459838	0.146976
2974001	2975000	2974501	398.0	0.460360	0.206172
2975001	2976000	2975501	347.0	0.460883	0.008339
2976001	2977000	2976501	320.0	0.461405	-0.108524
2977001	2978000	2977501	380.0	0.461928	0.139403
2978001	2979000	2978501	429.0	0.462450	0.314381
2979001	2980000	2979501	344.0	0.462973	-0.004188
2980001	2981000	2980501	399.0	0.463495	0.209792
2981001	2982000	2981501	379.0	0.464018	0.135601
2982001	2983000	2982501	327.0	0.464541	-0.077306
2983001	2984000	2983501	320.0	0.465063	-0.108524
2984001	2985000	2984501	328.0	0.465586	-0.072901
2985001	2986000	2985501	349.0	0.466108	0.016631
2986001	2987000	2986501	388.0	0.466631	0.169460
2987001	2988000	2987501	411.0	0.467153	0.252542
2988001	2989000	2988501	366.0	0.467676	0.085247
2989001	2990000	2989501	408.0	0.468198	0.241973
2990001	2991000	2990501	336.0	0.468721	-0.038135
2991001	2992000	2991501	356.0	0.469243	0.045281
2992001	2993000	2992501	445.0	0.469766	0.367209
2993001	2994000	2993501	360.0	0.470288	0.061401
2994001	2995000	2994501	289.0	0.470811	-0.255527
2995001	2996000	2995501	316.0	0.471334	-0.126672
2996001	2997000	2996501	363.0	0.471856	0.073373
2997001	2998000	2997501	340.0	0.472379	-0.021062
2998001	2999000	2998501	412.0	0.472901	0.256048
2999001	3000000	2999501	388.0	0.473424	0.169460
3000001	3001000	3000501	366.0	0.473946	0.085247
3001001	3002000	3001501	323.0	0.474469	-0.095062
3002001	3003000	3002501	270.0	0.474991	-0.353637
3003001	3004000	3003501	282.0	0.475514	-0.290901
3004001	3005000	3004501	374.0	0.476036	0.116442
3005001	3006000	3005501	349.0	0.476559	0.016631
3006001	3007000	3006501	340.0	0.477082	-0.021062
3007001	3008000	3007501	333.0	0.477604	-0.051074
3008001	3009000	3008501	359.0	0.478127	0.057387
3009001	3010000	3009501	377.0	0.478649	0.127968
3010001	3011000	3010501	309.0	0.479172	-0.158990
3011001	3012000	3011501	332.0	0.479694	-0.055413
3012001	3013000	3012501	347.0	0.480217	0.008339
3013001	3014000	3013501	328.0	0.480739	-0.072901
3014001	3015000	3014501	301.0	0.481262	-0.196833
3015001	3016000	3015501	336.0	0.481784	-0.038135
3016001	3017000	3016501	382.0	0.482307	0.146976
3017001	3018000	3017501	351.0	0.482830	0.024875
3018001	3019000	3018501	328.0	0.483352	-0.072901
3019001	3020000	3019501	365.0	0.483875	0.081300
3020001	3021000	3020501	437.0	0.484397	0.341037
3021001	3022000	3021501	297.0	0.484920	-0.216133
3022001	3023000	3022501	327.0	0.485442	-0.077306
3023001	3024000	3023501	394.0	0.485965	0.191599
3024001	3025000	3024501	323.0	0.486487	-0.095062
3025001	3026000	3025501	354.0	0.487010	0.037153
3026001	3027000	3026501	450.0	0.487532	0.383329
3027001	3028000	3027501	349.0	0.488055	0.016631
3028001	3029000	3028501	379.0	0.488577	0.135601
3029001	3030000	3029501	436.0	0.489100	0.337732
3030001	3031000	3030501	376.0	0.489623	0.124136
3031001	3032000	3031501	367.0	0.490145	0.089184
3032001	3033000	3032501	329.0	0.490668	-0.068509
3033001	3034000	3033501	356.0	0.491190	0.045281
3034001	3035000	3034501	385.0	0.491713	0.158262
3035001	3036000	3035501	314.0	0.492235	-0.135832
3036001	3037000	3036501	357.0	0.492758	0.049328
3037001	3038000	3037501	308.0	0.493280	-0.163666
3038001	3039000	3038501	337.0	0.493803	-0.033848
3039001	3040000	3039501	384.0	0.494325	0.154510
3040001	3041000	3040501	394.0	0.494848	0.191599
3041001	3042000	3041501	387.0	0.495371	0.165737
3042001	3043000	3042501	337.0	0.495893	-0.033848
3043001	3044000	3043501	366.0	0.496416	0.085247
3044001	3045000	3044501	443.0	0.496938	0.360710
3045001	3046000	3045501	386.0	0.497461	0.162004
3046001	3047000	3046501	365.0	0.497983	0.081300
3047001	3048000	3047501	325.0	0.498506	-0.086157
3048001	3049000	3048501	367.0	0.499028	0.089184
3049001	3050000	3049501	364.0	0.499551	0.077342
3050001	3051000	3050501	392.0	0.500073	0.184257
3051001	3052000	3051501	396.0	0.500596	0.198904
3052001	3053000	3052501	436.0	0.501119	0.337732
3053001	3054000	3053501	304.0	0.501641	-0.182525
3054001	3055000	3054501	323.0	0.502164	-0.095062
3055001	3056000	3055501	314.0	0.502686	-0.135832
3056001	3057000	3056501	273.0	0.503209	-0.337695
3057001	3058000	3057501	256.0	0.503731	-0.430453
3058001	3059000	3058501	334.0	0.504254	-0.046748
3059001	3060000	3059501	328.0	0.504776	-0.072901
3060001	3061000	3060501	356.0	0.505299	0.045281
3061001	3062000	3061501	368.0	0.505821	0.093109
3062001	3063000	3062501	346.0	0.506344	0.004176
3063001	3064000	3063501	392.0	0.506866	0.184257
3064001	3065000	3064501	303.0	0.507389	-0.187279
3065001	3066000	3065501	311.0	0.507912	-0.149682
3066001	3067000	3066501	348.0	0.508434	0.012491
3067001	3068000	3067501	362.0	0.508957	0.069393
3068001	3069000	3068501	402.0	0.509479	0.220599
3069001	3070000	3069501	316.0	0.510002	-0.126672
3070001	3071000	3070501	365.0	0.510524	0.081300
3071001	3072000	3071501	327.0	0.511047	-0.077306
3072001	3073000	3072501	316.0	0.511569	-0.126672
3073001	3074000	3073501	342.0	0.512092	-0.012600
3074001	3075000	3074501	310.0	0.512614	-0.154328
3075001	3076000	3075501	403.0	0.513137	0.224183
3076001	3077000	3076501	348.0	0.513660	0.012491
3077001	3078000	3077501	304.0	0.514182	-0.182525
3078001	3079000	3078501	345.0	0.514705	0.000000
3079001	3080000	3079501	378.0	0.515227	0.131790
3080001	3081000	3080501	391.0	0.515750	0.180572
3081001	3082000	3081501	349.0	0.516272	0.016631
3082001	3083000	3082501	410.0	0.516795	0.249028
3083001	3084000	3083501	398.0	0.517317	0.206172
3084001	3085000	3084501	424.0	0.517840	0.297468
3085001	3086000	3085501	388.0	0.518362	0.169460
3086001	3087000	3086501	308.0	0.518885	-0.163666
3087001	3088000	3087501	300.0	0.519407	-0.201634
3088001	3089000	3088501	360.0	0.519930	0.061401
3089001	3090000	3089501	377.0	0.520453	0.127968
3090001	3091000	3090501	384.0	0.520975	0.154510
3091001	3092000	3091501	336.0	0.521498	-0.038135
3092001	3093000	3092501	309.0	0.522020	-0.158990
3093001	3094000	3093501	345.0	0.522543	0.000000
3094001	3095000	3094501	342.0	0.523065	-0.012600
3095001	3096000	3095501	327.0	0.523588	-0.077306
3096001	3097000	3096501	371.0	0.524110	0.104823
3097001	3098000	3097501	311.0	0.524633	-0.149682
3098001	3099000	3098501	350.0	0.525155	0.020759
3099001	3100000	3099501	358.0	0.525678	0.053363
3100001	3101000	3100501	349.0	0.526201	0.016631
3101001	3102000	3101501	369.0	0.526723	0.097024
3102001	3103000	3102501	327.0	0.527246	-0.077306
3103001	3104000	3103501	347.0	0.527768	0.008339
3104001	3105000	3104501	356.0	0.528291	0.045281
3105001	3106000	3105501	376.0	0.528813	0.124136
3106001	3107000	3106501	458.0	0.529336	0.408751
3107001	3108000	3107501	407.0	0.529858	0.238432
3108001	3109000	3108501	331.0	0.530381	-0.059765
3109001	3110000	3109501	289.0	0.530903	-0.255527
3110001	3111000	3110501	387.0	0.531426	0.165737
3111001	3112000	3111501	390.0	0.531949	0.176878
3112001	3113000	3112501	349.0	0.532471	0.016631
3113001	3114000	3113501	327.0	0.532994	-0.077306
3114001	3115000	3114501	279.0	0.533516	-0.306331
3115001	3116000	3115501	226.0	0.534039	-0.610274
3116001	3117000	3116501	307.0	0.534561	-0.168358
3117001	3118000	3117501	401.0	0.535084	0.217006
3118001	3119000	3118501	406.0	0.535606	0.234883
3119001	3120000	3119501	392.0	0.536129	0.184257
3120001	3121000	3120501	401.0	0.536651	0.217006
3121001	3122000	3121501	380.0	0.537174	0.139403
3122001	3123000	3122501	383.0	0.537696	0.150748
3123001	3124000	3123501	350.0	0.538219	0.020759
3124001	3125000	3124501	319.0	0.538742	-0.113040
3125001	3126000	3125501	267.0	0.539264	-0.369757
3126001	3127000	3126501	304.0	0.539787	-0.182525
3127001	3128000	3127501	465.0	0.540309	0.430634
3128001	3129000	3128501	414.0	0.540832	0.263034
3129001	3130000	3129501	377.0	0.541354	0.127968
3130001	3131000	3130501	392.0	0.541877	0.184257
3131001	3132000	3131501	393.0	0.542399	0.187933
3132001	3133000	3132501	332.0	0.542922	-0.055413
3133001	3134000	3133501	392.0	0.543444	0.184257
3134001	3135000	3134501	417.0	0.543967	0.273451
3135001	3136000	3135501	314.0	0.544490	-0.135832
3136001	3137000	3136501	355.0	0.545012	0.041223
3137001	3138000	3137501	445.0	0.545535	0.367209
3138001	3139000	3138501	364.0	0.546057	0.077342
3139001	3140000	3139501	401.0	0.546580	0.217006
3140001	3141000	3140501	396.0	0.547102	0.198904
3141001	3142000	3141501	385.0	0.547625	0.158262
3142001	3143000	3142501	356.0	0.548147	0.045281
3143001	3144000	3143501	377.0	0.548670	0.127968
3144001	3145000	3144501	405.0	0.549192	0.231326
3145001	3146000	3145501	317.0	0.549715	-0.122114
3146001	3147000	3146501	362.0	0.550238	0.069393
3147001	3148000	3147501	356.0	0.550760	0.045281
3148001	3149000	3148501	370.0	0.551283	0.100929
3149001	3150000	3149501	394.0	0.551805	0.191599
3150001	3151000	3150501	314.0	0.552328	-0.135832
3151001	3152000	3151501	336.0	0.552850	-0.038135
3152001	3153000	3152501	351.0	0.553373	0.024875
3153001	3154000	3153501	358.0	0.553895	0.053363
3154001	3155000	3154501	422.0	0.554418	0.290647
3155001	3156000	3155501	365.0	0.554940	0.081300
3156001	3157000	3156501	289.0	0.555463	-0.255527
3157001	3158000	3157501	351.0	0.555985	0.024875
3158001	3159000	3158501	384.0	0.556508	0.154510
3159001	3160000	3159501	396.0	0.557031	0.198904
3160001	3161000	3160501	349.0	0.557553	0.016631
3161001	3162000	3161501	242.0	0.558076	-0.511589
3162001	3163000	3162501	350.0	0.558598	0.020759
3163001	3164000	3163501	316.0	0.559121	-0.126672
3164001	3165000	3164501	382.0	0.559643	0.146976
3165001	3166000	3165501	439.0	0.560166	0.347625
3166001	3167000	3166501	408.0	0.560688	0.241973
3167001	3168000	3167501	430.0	0.561211	0.317740
3168001	3169000	3168501	319.0	0.561733	-0.113040
3169001	3170000	3169501	394.0	0.562256	0.191599
3170001	3171000	3170501	386.0	0.562779	0.162004
3171001	3172000	3171501	331.0	0.563301	-0.059765
3172001	3173000	3172501	348.0	0.563824	0.012491
3173001	3174000	3173501	380.0	0.564346	0.139403
3174001	3175000	3174501	371.0	0.564869	0.104823
3175001	3176000	3175501	373.0	0.565391	0.112579
3176001	3177000	3176501	385.0	0.565914	0.158262
3177001	3178000	3177501	353.0	0.566436	0.033072
3178001	3179000	3178501	307.0	0.566959	-0.168358
3179001	3180000	3179501	272.0	0.567481	-0.342990
3180001	3181000	3180501	276.0	0.568004	-0.321928
3181001	3182000	3181501	320.0	0.568527	-0.108524
3182001	3183000	3182501	355.0	0.569049	0.041223
3183001	3184000	3183501	337.0	0.569572	-0.033848
3184001	3185000	3184501	286.0	0.570094	-0.270581
3185001	3186000	3185501	254.0	0.570617	-0.441768
3186001	3187000	3186501	341.0	0.571139	-0.016825
3187001	3188000	3187501	378.0	0.571662	0.131790
3188001	3189000	3188501	312.0	0.572184	-0.145050
3189001	3190000	3189501	315.0	0.572707	-0.131245
3190001	3191000	3190501	342.0	0.573229	-0.012600
3191001	3192000	3191501	362.0	0.573752	0.069393
3192001	3193000	3192501	342.0	0.574274	-0.012600
3193001	3194000	3193501	385.0	0.574797	0.158262
3194001	3195000	3194501	426.0	0.575320	0.304257
3195001	3196000	3195501	295.0	0.575842	-0.225881
3196001	3197000	3196501	397.0	0.576365	0.202543
3197001	3198000	3197501	298.0	0.576887	-0.211284
3198001	3199000	3198501	334.0	0.577410	-0.046748
3199001	3200000	3199501	471.0	0.577932	0.449131
3200001	3201000	3200501	387.0	0.578455	0.165737
3201001	3202000	3201501	352.0	0.578977	0.028979
3202001	3203000	3202501	354.0	0.579500	0.037153
3203001	3204000	3203501	358.0	0.580022	0.053363
3204001	3205000	3204501	443.0	0.580545	0.360710
3205001	3206000	3205501	448.0	0.581068	0.376902
3206001	3207000	3206501	397.0	0.581590	0.202543
3207001	3208000	3207501	465.0	0.582113	0.430634
3208001	3209000	3208501	490.0	0.582635	0.506185
3209001	3210000	3209501	372.0	0.583158	0.108706
3210001	3211000	3210501	351.0	0.583680	0.024875
3211001	3212000	3211501	300.0	0.584203	-0.201634
3212001	3213000	3212501	256.0	0.584725	-0.430453
3213001	3214000	3213501	298.0	0.585248	-0.211284
3214001	3215000	3214501	247.0	0.585770	-0.482085
3215001	3216000	3215501	166.0	0.586293	-1.055413
3216001	3217000	3216501	166.0	0.586816	-1.055413
3217001	3218000	3217501	161.0	0.587338	-1.099536
3218001	3219000	3218501	169.0	0.587861	-1.029573
3219001	3220000	3219501	169.0	0.588383	-1.029573
3220001	3221000	3220501	172.0	0.588906	-1.004188
3221001	3222000	3221501	252.0	0.589428	-0.453173
3222001	3223000	3222501	304.0	0.589951	-0.182525
3223001	3224000	3223501	300.0	0.590473	-0.201634
3224001	3225000	3224501	314.0	0.590996	-0.135832
3225001	3226000	3225501	357.0	0.591518	0.049328
3226001	3227000	3226501	293.0	0.592041	-0.235696
3227001	3228000	3227501	367.0	0.592563	0.089184
3228001	3229000	3228501	306.0	0.593086	-0.173065
3229001	3230000	3229501	277.0	0.593609	-0.316710
3230001	3231000	3230501	256.0	0.594131	-0.430453
3231001	3232000	3231501	451.0	0.594654	0.386531
3232001	3233000	3232501	413.0	0.595176	0.259545
3233001	3234000	3233501	462.0	0.595699	0.421296
3234001	3235000	3234501	501.0	0.596221	0.538214
3235001	3236000	3235501	341.0	0.596744	-0.016825
3236001	3237000	3236501	369.0	0.597266	0.097024
3237001	3238000	3237501	374.0	0.597789	0.116442
3238001	3239000	3238501	321.0	0.598311	-0.104023
3239001	3240000	3239501	336.0	0.598834	-0.038135
3240001	3241000	3240501	359.0	0.599357	0.057387
3241001	3242000	3241501	376.0	0.599879	0.124136
3242001	3243000	3242501	380.0	0.600402	0.139403
3243001	3244000	3243501	481.0	0.600924	0.479441
3244001	3245000	3244501	351.0	0.601447	0.024875
3245001	3246000	3245501	353.0	0.601969	0.033072
3246001	3247000	3246501	456.0	0.602492	0.402437
3247001	3248000	3247501	342.0	0.603014	-0.012600
3248001	3249000	3248501	420.0	0.603537	0.283793
3249001	3250000	3249501	472.0	0.604059	0.452190
3250001	3251000	3250501	376.0	0.604582	0.124136
3251001	3252000	3251501	428.0	0.605105	0.311014
3252001	3253000	3252501	384.0	0.605627	0.154510
3253001	3254000	3253501	390.0	0.606150	0.176878
3254001	3255000	3254501	453.0	0.606672	0.392915
3255001	3256000	3255501	395.0	0.607195	0.195256
3256001	3257000	3256501	403.0	0.607717	0.224183
3257001	3258000	3257501	328.0	0.608240	-0.072901
3258001	3259000	3258501	350.0	0.608762	0.020759
3259001	3260000	3259501	337.0	0.609285	-0.033848
3260001	3261000	3260501	355.0	0.609807	0.041223
3261001	3262000	3261501	346.0	0.610330	0.004176
3262001	3263000	3262501	345.0	0.610852	0.000000
3263001	3264000	3263501	282.0	0.611375	-0.290901
3264001	3265000	3264501	324.0	0.611898	-0.090603
3265001	3266000	3265501	331.0	0.612420	-0.059765
3266001	3267000	3266501	288.0	0.612943	-0.260528
3267001	3268000	3267501	318.0	0.613465	-0.117570
3268001	3269000	3268501	347.0	0.613988	0.008339
3269001	3270000	3269501	378.0	0.614510	0.131790
3270001	3271000	3270501	309.0	0.615033	-0.158990
3271001	3272000	3271501	286.0	0.615555	-0.270581
3272001	3273000	3272501	379.0	0.616078	0.135601
3273001	3274000	3273501	403.0	0.616600	0.224183
3274001	3275000	3274501	319.0	0.617123	-0.113040
3275001	3276000	3275501	323.0	0.617646	-0.095062
3276001	3277000	3276501	404.0	0.618168	0.227759
3277001	3278000	3277501	381.0	0.618691	0.143195
3278001	3279000	3278501	352.0	0.619213	0.028979
3279001	3280000	3279501	329.0	0.619736	-0.068509
3280001	3281000	3280501	323.0	0.620258	-0.095062
3281001	3282000	3281501	350.0	0.620781	0.020759
3282001	3283000	3282501	350.0	0.621303	0.020759
3283001	3284000	3283501	314.0	0.621826	-0.135832
3284001	3285000	3284501	347.0	0.622348	0.008339
3285001	3286000	3285501	338.0	0.622871	-0.029573
3286001	3287000	3286501	278.0	0.623394	-0.311511
3287001	3288000	3287501	294.0	0.623916	-0.230780
3288001	3289000	3288501	413.0	0.624439	0.259545
3289001	3290000	3289501	300.0	0.624961	-0.201634
3290001	3291000	3290501	323.0	0.625484	-0.095062
3291001	3292000	3291501	393.0	0.626006	0.187933
3292001	3293000	3292501	315.0	0.626529	-0.131245
3293001	3294000	3293501	327.0	0.627051	-0.077306
3294001	3295000	3294501	358.0	0.627574	0.053363
3295001	3296000	3295501	370.0	0.628096	0.100929
3296001	3297000	3296501	466.0	0.628619	0.433734
3297001	3298000	3297501	463.0	0.629141	0.424416
3298001	3299000	3298501	387.0	0.629664	0.165737
3299001	3300000	3299501	314.0	0.630187	-0.135832
3300001	3301000	3300501	344.0	0.630709	-0.004188
3301001	3302000	3301501	290.0	0.631232	-0.250543
3302001	3303000	3302501	359.0	0.631754	0.057387
3303001	3304000	3303501	370.0	0.632277	0.100929
3304001	3305000	3304501	336.0	0.632799	-0.038135
3305001	3306000	3305501	360.0	0.633322	0.061401
3306001	3307000	3306501	330.0	0.633844	-0.064130
3307001	3308000	3307501	362.0	0.634367	0.069393
3308001	3309000	3308501	302.0	0.634889	-0.192048
3309001	3310000	3309501	334.0	0.635412	-0.046748
3310001	3311000	3310501	368.0	0.635935	0.093109
3311001	3312000	3311501	362.0	0.636457	0.069393
3312001	3313000	3312501	386.0	0.636980	0.162004
3313001	3314000	3313501	324.0	0.637502	-0.090603
3314001	3315000	3314501	281.0	0.638025	-0.296026
3315001	3316000	3315501	321.0	0.638547	-0.104023
3316001	3317000	3316501	318.0	0.639070	-0.117570
3317001	3318000	3317501	352.0	0.639592	0.028979
3318001	3319000	3318501	357.0	0.640115	0.049328
3319001	3320000	3319501	362.0	0.640637	0.069393
3320001	3321000	3320501	364.0	0.641160	0.077342
3321001	3322000	3321501	364.0	0.641683	0.077342
3322001	3323000	3322501	326.0	0.642205	-0.081724
3323001	3324000	3323501	382.0	0.642728	0.146976
3324001	3325000	3324501	416.0	0.643250	0.269987
3325001	3326000	3325501	403.0	0.643773	0.224183
3326001	3327000	3326501	389.0	0.644295	0.173174
3327001	3328000	3327501	388.0	0.644818	0.169460
3328001	3329000	3328501	372.0	0.645340	0.108706
3329001	3330000	3329501	420.0	0.645863	0.283793
3330001	3331000	3330501	343.0	0.646385	-0.008388
3331001	3332000	3331501	357.0	0.646908	0.049328
3332001	3333000	3332501	323.0	0.647430	-0.095062
3333001	3334000	3333501	331.0	0.647953	-0.059765
3334001	3335000	3334501	362.0	0.648476	0.069393
3335001	3336000	3335501	402.0	0.648998	0.220599
3336001	3337000	3336501	433.0	0.649521	0.327771
3337001	3338000	3337501	431.0	0.650043	0.321092
3338001	3339000	3338501	400.0	0.650566	0.213404
3339001	3340000	3339501	277.0	0.651088	-0.316710
3340001	3341000	3340501	355.0	0.651611	0.041223
3341001	3342000	3341501	304.0	0.652133	-0.182525
3342001	3343000	3342501	310.0	0.652656	-0.154328
3343001	3344000	3343501	350.0	0.653178	0.020759
3344001	3345000	3344501	274.0	0.653701	-0.332420
3345001	3346000	3345501	306.0	0.654224	-0.173065
3346001	3347000	3346501	379.0	0.654746	0.135601
3347001	3348000	3347501	408.0	0.655269	0.241973
3348001	3349000	3348501	368.0	0.655791	0.093109
3349001	3350000	3349501	391.0	0.656314	0.180572
3350001	3351000	3350501	405.0	0.656836	0.231326
3351001	3352000	3351501	434.0	0.657359	0.331099
3352001	3353000	3352501	353.0	0.657881	0.033072
3353001	3354000	3353501	412.0	0.658404	0.256048
3354001	3355000	3354501	340.0	0.658926	-0.021062
3355001	3356000	3355501	335.0	0.659449	-0.042435
3356001	3357000	3356501	348.0	0.659972	0.012491
3357001	3358000	3357501	307.0	0.660494	-0.168358
3358001	3359000	3358501	356.0	0.661017	0.045281
3359001	3360000	3359501	379.0	0.661539	0.135601
3360001	3361000	3360501	360.0	0.662062	0.061401
3361001	3362000	3361501	326.0	0.662584	-0.081724
3362001	3363000	3362501	347.0	0.663107	0.008339
3363001	3364000	3363501	323.0	0.663629	-0.095062
3364001	3365000	3364501	337.0	0.664152	-0.033848
3365001	3366000	3365501	345.0	0.664674	0.000000
3366001	3367000	3366501	348.0	0.665197	0.012491
3367001	3368000	3367501	379.0	0.665719	0.135601
3368001	3369000	3368501	386.0	0.666242	0.162004
3369001	3370000	3369501	339.0	0.666765	-0.025311
3370001	3371000	3370501	317.0	0.667287	-0.122114
3371001	3372000	3371501	284.0	0.667810	-0.280705
3372001	3373000	3372501	299.0	0.668332	-0.206451
3373001	3374000	3373501	332.0	0.668855	-0.055413
3374001	3375000	3374501	331.0	0.669377	-0.059765
3375001	3376000	3375501	359.0	0.669900	0.057387
3376001	3377000	3376501	377.0	0.670422	0.127968
3377001	3378000	3377501	398.0	0.670945	0.206172
3378001	3379000	3378501	316.0	0.671467	-0.126672
3379001	3380000	3379501	276.0	0.671990	-0.321928
3380001	3381000	3380501	372.0	0.672513	0.108706
3381001	3382000	3381501	346.0	0.673035	0.004176
3382001	3383000	3382501	353.0	0.673558	0.033072
3383001	3384000	3383501	348.0	0.674080	0.012491
3384001	3385000	3384501	353.0	0.674603	0.033072
3385001	3386000	3385501	352.0	0.675125	0.028979
3386001	3387000	3386501	365.0	0.675648	0.081300
3387001	3388000	3387501	407.0	0.676170	0.238432
3388001	3389000	3388501	386.0	0.676693	0.162004
3389001	3390000	3389501	375.0	0.677215	0.120294
3390001	3391000	3390501	365.0	0.677738	0.081300
3391001	3392000	3391501	360.0	0.678260	0.061401
3392001	3393000	3392501	305.0	0.678783	-0.177787
3393001	3394000	3393501	359.0	0.679306	0.057387
3394001	3395000	3394501	323.0	0.679828	-0.095062
3395001	3396000	3395501	289.0	0.680351	-0.255527
3396001	3397000	3396501	337.0	0.680873	-0.033848
3397001	3398000	3397501	315.0	0.681396	-0.131245
3398001	3399000	3398501	345.0	0.681918	0.000000
3399001	3400000	3399501	306.0	0.682441	-0.173065
3400001	3401000	3400501	279.0	0.682963	-0.306331
3401001	3402000	3401501	350.0	0.683486	0.020759
3402001	3403000	3402501	372.0	0.684008	0.108706
3403001	3404000	3403501	397.0	0.684531	0.202543
3404001	3405000	3404501	339.0	0.685054	-0.025311
3405001	3406000	3405501	252.0	0.685576	-0.453173
3406001	3407000	3406501	274.0	0.686099	-0.332420
3407001	3408000	3407501	203.0	0.686621	-0.765117
3408001	3409000	3408501	172.0	0.687144	-1.004188
3409001	3410000	3409501	278.0	0.687666	-0.311511
3410001	3411000	3410501	277.0	0.688189	-0.316710
3411001	3412000	3411501	305.0	0.688711	-0.177787
3412001	3413000	3412501	405.0	0.689234	0.231326
3413001	3414000	3413501	438.0	0.689756	0.344335
3414001	3415000	3414501	384.0	0.690279	0.154510
3415001	3416000	3415501	466.0	0.690802	0.433734
3416001	3417000	3416501	450.0	0.691324	0.383329
3417001	3418000	3417501	323.0	0.691847	-0.095062
3418001	3419000	3418501	405.0	0.692369	0.231326
3419001	3420000	3419501	418.0	0.692892	0.276907
3420001	3421000	3420501	356.0	0.693414	0.045281
3421001	3422000	3421501	423.0	0.693937	0.294061
3422001	3423000	3422501	400.0	0.694459	0.213404
3423001	3424000	3423501	369.0	0.694982	0.097024
3424001	3425000	3424501	369.0	0.695504	0.097024
3425001	3426000	3425501	356.0	0.696027	0.045281
3426001	3427000	3426501	363.0	0.696549	0.073373
3427001	3428000	3427501	391.0	0.697072	0.180572
3428001	3429000	3428501	361.0	0.697595	0.065402
3429001	3430000	3429501	354.0	0.698117	0.037153
3430001	3431000	3430501	382.0	0.698640	0.146976
3431001	3432000	3431501	419.0	0.699162	0.280354
3432001	3433000	3432501	370.0	0.699685	0.100929
3433001	3434000	3433501	361.0	0.700207	0.065402
3434001	3435000	3434501	344.0	0.700730	-0.004188
3435001	3436000	3435501	346.0	0.701252	0.004176
3436001	3437000	3436501	326.0	0.701775	-0.081724
3437001	3438000	3437501	322.0	0.702297	-0.099536
3438001	3439000	3438501	286.0	0.702820	-0.270581
3439001	3440000	3439501	388.0	0.703343	0.169460
3440001	3441000	3440501	527.0	0.703865	0.611207
3441001	3442000	3441501	430.0	0.704388	0.317740
3442001	3443000	3442501	330.0	0.704910	-0.064130
3443001	3444000	3443501	355.0	0.705433	0.041223
3444001	3445000	3444501	364.0	0.705955	0.077342
3445001	3446000	3445501	266.0	0.706478	-0.375170
3446001	3447000	3446501	245.0	0.707000	-0.493815
3447001	3448000	3447501	259.0	0.707523	-0.413644
3448001	3449000	3448501	216.0	0.708045	-0.675565
3449001	3450000	3449501	225.0	0.708568	-0.616671
3450001	3451000	3450501	232.0	0.709091	-0.572472
3451001	3452000	3451501	260.0	0.709613	-0.408085
3452001	3453000	3452501	339.0	0.710136	-0.025311
3453001	3454000	3453501	398.0	0.710658	0.206172
3454001	3455000	3454501	334.0	0.711181	-0.046748
3455001	3456000	3455501	382.0	0.711703	0.146976
3456001	3457000	3456501	363.0	0.712226	0.073373
3457001	3458000	3457501	328.0	0.712748	-0.072901
3458001	3459000	3458501	345.0	0.713271	0.000000
3459001	3460000	3459501	347.0	0.713793	0.008339
3460001	3461000	3460501	375.0	0.714316	0.120294
3461001	3462000	3461501	456.0	0.714838	0.402437
3462001	3463000	3462501	519.0	0.715361	0.589138
3463001	3464000	3463501	502.0	0.715884	0.541091
3464001	3465000	3464501	360.0	0.716406	0.061401
3465001	3466000	3465501	315.0	0.716929	-0.131245
3466001	3467000	3466501	338.0	0.717451	-0.029573
3467001	3468000	3467501	388.0	0.717974	0.169460
3468001	3469000	3468501	296.0	0.718496	-0.220999
3469001	3470000	3469501	318.0	0.719019	-0.117570
3470001	3471000	3470501	381.0	0.719541	0.143195
3471001	3472000	3471501	337.0	0.720064	-0.033848
3472001	3473000	3472501	319.0	0.720586	-0.113040
3473001	3474000	3473501	442.0	0.721109	0.357450
3474001	3475000	3474501	412.0	0.721632	0.256048
3475001	3476000	3475501	475.0	0.722154	0.461331
3476001	3477000	3476501	396.0	0.722677	0.198904
3477001	3478000	3477501	336.0	0.723199	-0.038135
3478001	3479000	3478501	391.0	0.723722	0.180572
3479001	3480000	3479501	410.0	0.724244	0.249028
3480001	3481000	3480501	361.0	0.724767	0.065402
3481001	3482000	3481501	414.0	0.725289	0.263034
3482001	3483000	3482501	351.0	0.725812	0.024875
3483001	3484000	3483501	272.0	0.726334	-0.342990
3484001	3485000	3484501	386.0	0.726857	0.162004
3485001	3486000	3485501	394.0	0.727380	0.191599
3486001	3487000	3486501	393.0	0.727902	0.187933
3487001	3488000	3487501	364.0	0.728425	0.077342
3488001	3489000	3488501	292.0	0.728947	-0.240628
3489001	3490000	3489501	260.0	0.729470	-0.408085
3490001	3491000	3490501	230.0	0.729992	-0.584963
3491001	3492000	3491501	257.0	0.730515	-0.424828
3492001	3493000	3492501	214.0	0.731037	-0.688986
3493001	3494000	3493501	187.0	0.731560	-0.883558
3494001	3495000	3494501	203.0	0.732082	-0.765117
3495001	3496000	3495501	176.0	0.732605	-0.971021
3496001	3497000	3496501	197.0	0.733127	-0.808401
3497001	3498000	3497501	197.0	0.733650	-0.808401
3498001	3499000	3498501	239.0	0.734173	-0.529586
3499001	3500000	3499501	359.0	0.734695	0.057387
3500001	3501000	3500501	362.0	0.735218	0.069393
3501001	3502000	3501501	368.0	0.735740	0.093109
3502001	3503000	3502501	375.0	0.736263	0.120294
3503001	3504000	3503501	438.0	0.736785	0.344335
3504001	3505000	3504501	360.0	0.737308	0.061401
3505001	3506000	3505501	334.0	0.737830	-0.046748
3506001	3507000	3506501	374.0	0.738353	0.116442
3507001	3508000	3507501	364.0	0.738875	0.077342
3508001	3509000	3508501	333.0	0.739398	-0.051074
3509001	3510000	3509501	318.0	0.739921	-0.117570
3510001	3511000	3510501	383.0	0.740443	0.150748
3511001	3512000	3511501	443.0	0.740966	0.360710
3512001	3513000	3512501	460.0	0.741488	0.415037
3513001	3514000	3513501	447.0	0.742011	0.373678
3514001	3515000	3514501	381.0	0.742533	0.143195
3515001	3516000	3515501	344.0	0.743056	-0.004188
3516001	3517000	3516501	354.0	0.743578	0.037153
3517001	3518000	3517501	330.0	0.744101	-0.064130
3518001	3519000	3518501	328.0	0.744623	-0.072901
3519001	3520000	3519501	336.0	0.745146	-0.038135
3520001	3521000	3520501	415.0	0.745669	0.266515
3521001	3522000	3521501	337.0	0.746191	-0.033848
3522001	3523000	3522501	302.0	0.746714	-0.192048
3523001	3524000	3523501	368.0	0.747236	0.093109
3524001	3525000	3524501	285.0	0.747759	-0.275634
3525001	3526000	3525501	333.0	0.748281	-0.051074
3526001	3527000	3526501	362.0	0.748804	0.069393
3527001	3528000	3527501	366.0	0.749326	0.085247
3528001	3529000	3528501	257.0	0.749849	-0.424828
3529001	3530000	3529501	321.0	0.750371	-0.104023
3530001	3531000	3530501	329.0	0.750894	-0.068509
3531001	3532000	3531501	348.0	0.751416	0.012491
3532001	3533000	3532501	397.0	0.751939	0.202543
3533001	3534000	3533501	327.0	0.752462	-0.077306
3534001	3535000	3534501	262.0	0.752984	-0.397030
3535001	3536000	3535501	283.0	0.753507	-0.285794
3536001	3537000	3536501	355.0	0.754029	0.041223
3537001	3538000	3537501	282.0	0.754552	-0.290901
3538001	3539000	3538501	295.0	0.755074	-0.225881
3539001	3540000	3539501	318.0	0.755597	-0.117570
3540001	3541000	3540501	330.0	0.756119	-0.064130
3541001	3542000	3541501	309.0	0.756642	-0.158990
3542001	3543000	3542501	291.0	0.757164	-0.245577
3543001	3544000	3543501	318.0	0.757687	-0.117570
3544001	3545000	3544501	323.0	0.758210	-0.095062
3545001	3546000	3545501	373.0	0.758732	0.112579
3546001	3547000	3546501	302.0	0.759255	-0.192048
3547001	3548000	3547501	365.0	0.759777	0.081300
3548001	3549000	3548501	399.0	0.760300	0.209792
3549001	3550000	3549501	376.0	0.760822	0.124136
3550001	3551000	3550501	430.0	0.761345	0.317740
3551001	3552000	3551501	433.0	0.761867	0.327771
3552001	3553000	3552501	406.0	0.762390	0.234883
3553001	3554000	3553501	354.0	0.762912	0.037153
3554001	3555000	3554501	387.0	0.763435	0.165737
3555001	3556000	3555501	351.0	0.763958	0.024875
3556001	3557000	3556501	332.0	0.764480	-0.055413
3557001	3558000	3557501	340.0	0.765003	-0.021062
3558001	3559000	3558501	323.0	0.765525	-0.095062
3559001	3560000	3559501	277.0	0.766048	-0.316710
3560001	3561000	3560501	259.0	0.766570	-0.413644
3561001	3562000	3561501	342.0	0.767093	-0.012600
3562001	3563000	3562501	367.0	0.767615	0.089184
3563001	3564000	3563501	302.0	0.768138	-0.192048
3564001	3565000	3564501	299.0	0.768660	-0.206451
3565001	3566000	3565501	314.0	0.769183	-0.135832
3566001	3567000	3566501	332.0	0.769705	-0.055413
3567001	3568000	3567501	379.0	0.770228	0.135601
3568001	3569000	3568501	373.0	0.770751	0.112579
3569001	3570000	3569501	399.0	0.771273	0.209792
3570001	3571000	3570501	509.0	0.771796	0.561069
3571001	3572000	3571501	308.0	0.772318	-0.163666
3572001	3573000	3572501	297.0	0.772841	-0.216133
3573001	3574000	3573501	385.0	0.773363	0.158262
3574001	3575000	3574501	345.0	0.773886	0.000000
3575001	3576000	3575501	405.0	0.774408	0.231326
3576001	3577000	3576501	394.0	0.774931	0.191599
3577001	3578000	3577501	357.0	0.775453	0.049328
3578001	3579000	3578501	268.0	0.775976	-0.364363
3579001	3580000	3579501	309.0	0.776499	-0.158990
3580001	3581000	3580501	303.0	0.777021	-0.187279
3581001	3582000	3581501	342.0	0.777544	-0.012600
3582001	3583000	3582501	301.0	0.778066	-0.196833
3583001	3584000	3583501	341.0	0.778589	-0.016825
3584001	3585000	3584501	318.0	0.779111	-0.117570
3585001	3586000	3585501	398.0	0.779634	0.206172
3586001	3587000	3586501	299.0	0.780156	-0.206451
3587001	3588000	3587501	300.0	0.780679	-0.201634
3588001	3589000	3588501	281.0	0.781201	-0.296026
3589001	3590000	3589501	338.0	0.781724	-0.029573
3590001	3591000	3590501	307.0	0.782247	-0.168358
3591001	3592000	3591501	437.0	0.782769	0.341037
3592001	3593000	3592501	307.0	0.783292	-0.168358
3593001	3594000	3593501	241.0	0.783814	-0.517563
3594001	3595000	3594501	272.0	0.784337	-0.342990
3595001	3596000	3595501	252.0	0.784859	-0.453173
3596001	3597000	3596501	308.0	0.785382	-0.163666
3597001	3598000	3597501	326.0	0.785904	-0.081724
3598001	3599000	3598501	316.0	0.786427	-0.126672
3599001	3600000	3599501	485.0	0.786949	0.491388
3600001	3601000	3600501	429.0	0.787472	0.314381
3601001	3602000	3601501	242.0	0.787994	-0.511589
3602001	3603000	3602501	397.0	0.788517	0.202543
3603001	3604000	3603501	332.0	0.789040	-0.055413
3604001	3605000	3604501	322.0	0.789562	-0.099536
3605001	3606000	3605501	312.0	0.790085	-0.145050
3606001	3607000	3606501	307.0	0.790607	-0.168358
3607001	3608000	3607501	300.0	0.791130	-0.201634
3608001	3609000	3608501	286.0	0.791652	-0.270581
3609001	3610000	3609501	324.0	0.792175	-0.090603
3610001	3611000	3610501	370.0	0.792697	0.100929
3611001	3612000	3611501	397.0	0.793220	0.202543
3612001	3613000	3612501	343.0	0.793742	-0.008388
3613001	3614000	3613501	350.0	0.794265	0.020759
3614001	3615000	3614501	302.0	0.794788	-0.192048
3615001	3616000	3615501	330.0	0.795310	-0.064130
3616001	3617000	3616501	366.0	0.795833	0.085247
3617001	3618000	3617501	358.0	0.796355	0.053363
3618001	3619000	3618501	327.0	0.796878	-0.077306
3619001	3620000	3619501	318.0	0.797400	-0.117570
3620001	3621000	3620501	440.0	0.797923	0.350907
3621001	3622000	3621501	316.0	0.798445	-0.126672
3622001	3623000	3622501	327.0	0.798968	-0.077306
3623001	3624000	3623501	346.0	0.799490	0.004176
3624001	3625000	3624501	362.0	0.800013	0.069393
3625001	3626000	3625501	354.0	0.800536	0.037153
3626001	3627000	3626501	340.0	0.801058	-0.021062
3627001	3628000	3627501	289.0	0.801581	-0.255527
3628001	3629000	3628501	364.0	0.802103	0.077342
3629001	3630000	3629501	322.0	0.802626	-0.099536
3630001	3631000	3630501	366.0	0.803148	0.085247
3631001	3632000	3631501	349.0	0.803671	0.016631
3632001	3633000	3632501	344.0	0.804193	-0.004188
3633001	3634000	3633501	307.0	0.804716	-0.168358
3634001	3635000	3634501	335.0	0.805238	-0.042435
3635001	3636000	3635501	333.0	0.805761	-0.051074
3636001	3637000	3636501	366.0	0.806283	0.085247
3637001	3638000	3637501	396.0	0.806806	0.198904
3638001	3639000	3638501	372.0	0.807329	0.108706
3639001	3640000	3639501	294.0	0.807851	-0.230780
3640001	3641000	3640501	316.0	0.808374	-0.126672
3641001	3642000	3641501	327.0	0.808896	-0.077306
3642001	3643000	3642501	291.0	0.809419	-0.245577
3643001	3644000	3643501	359.0	0.809941	0.057387
3644001	3645000	3644501	390.0	0.810464	0.176878
3645001	3646000	3645501	376.0	0.810986	0.124136
3646001	3647000	3646501	356.0	0.811509	0.045281
3647001	3648000	3647501	338.0	0.812031	-0.029573
3648001	3649000	3648501	332.0	0.812554	-0.055413
3649001	3650000	3649501	351.0	0.813077	0.024875
3650001	3651000	3650501	429.0	0.813599	0.314381
3651001	3652000	3651501	403.0	0.814122	0.224183
3652001	3653000	3652501	348.0	0.814644	0.012491
3653001	3654000	3653501	298.0	0.815167	-0.211284
3654001	3655000	3654501	395.0	0.815689	0.195256
3655001	3656000	3655501	266.0	0.816212	-0.375170
3656001	3657000	3656501	298.0	0.816734	-0.211284
3657001	3658000	3657501	326.0	0.817257	-0.081724
3658001	3659000	3658501	383.0	0.817779	0.150748
3659001	3660000	3659501	366.0	0.818302	0.085247
3660001	3661000	3660501	378.0	0.818824	0.131790
3661001	3662000	3661501	332.0	0.819347	-0.055413
3662001	3663000	3662501	355.0	0.819870	0.041223
3663001	3664000	3663501	389.0	0.820392	0.173174
3664001	3665000	3664501	384.0	0.820915	0.154510
3665001	3666000	3665501	343.0	0.821437	-0.008388
3666001	3667000	3666501	314.0	0.821960	-0.135832
3667001	3668000	3667501	316.0	0.822482	-0.126672
3668001	3669000	3668501	360.0	0.823005	0.061401
3669001	3670000	3669501	400.0	0.823527	0.213404
3670001	3671000	3670501	351.0	0.824050	0.024875
3671001	3672000	3671501	351.0	0.824572	0.024875
3672001	3673000	3672501	360.0	0.825095	0.061401
3673001	3674000	3673501	277.0	0.825618	-0.316710
3674001	3675000	3674501	274.0	0.826140	-0.332420
3675001	3676000	3675501	355.0	0.826663	0.041223
3676001	3677000	3676501	355.0	0.827185	0.041223
3677001	3678000	3677501	321.0	0.827708	-0.104023
3678001	3679000	3678501	386.0	0.828230	0.162004
3679001	3680000	3679501	344.0	0.828753	-0.004188
3680001	3681000	3680501	343.0	0.829275	-0.008388
3681001	3682000	3681501	427.0	0.829798	0.307640
3682001	3683000	3682501	338.0	0.830320	-0.029573
3683001	3684000	3683501	296.0	0.830843	-0.220999
3684001	3685000	3684501	349.0	0.831366	0.016631
3685001	3686000	3685501	308.0	0.831888	-0.163666
3686001	3687000	3686501	277.0	0.832411	-0.316710
3687001	3688000	3687501	291.0	0.832933	-0.245577
3688001	3689000	3688501	281.0	0.833456	-0.296026
3689001	3690000	3689501	327.0	0.833978	-0.077306
3690001	3691000	3690501	393.0	0.834501	0.187933
3691001	3692000	3691501	349.0	0.835023	0.016631
3692001	3693000	3692501	352.0	0.835546	0.028979
3693001	3694000	3693501	373.0	0.836068	0.112579
3694001	3695000	3694501	356.0	0.836591	0.045281
3695001	3696000	3695501	289.0	0.837113	-0.255527
3696001	3697000	3696501	255.0	0.837636	-0.436099
3697001	3698000	3697501	303.0	0.838159	-0.187279
3698001	3699000	3698501	342.0	0.838681	-0.012600
3699001	3700000	3699501	318.0	0.839204	-0.117570
3700001	3701000	3700501	302.0	0.839726	-0.192048
3701001	3702000	3701501	243.0	0.840249	-0.505640
3702001	3703000	3702501	345.0	0.840771	0.000000
3703001	3704000	3703501	339.0	0.841294	-0.025311
3704001	3705000	3704501	297.0	0.841816	-0.216133
3705001	3706000	3705501	249.0	0.842339	-0.470451
3706001	3707000	3706501	247.0	0.842861	-0.482085
3707001	3708000	3707501	302.0	0.843384	-0.192048
3708001	3709000	3708501	373.0	0.843907	0.112579
3709001	3710000	3709501	389.0	0.844429	0.173174
3710001	3711000	3710501	336.0	0.844952	-0.038135
3711001	3712000	3711501	363.0	0.845474	0.073373
3712001	3713000	3712501	325.0	0.845997	-0.086157
3713001	3714000	3713501	354.0	0.846519	0.037153
3714001	3715000	3714501	354.0	0.847042	0.037153
3715001	3716000	3715501	285.0	0.847564	-0.275634
3716001	3717000	3716501	286.0	0.848087	-0.270581
3717001	3718000	3717501	326.0	0.848609	-0.081724
3718001	3719000	3718501	303.0	0.849132	-0.187279
3719001	3720000	3719501	263.0	0.849655	-0.391534
3720001	3721000	3720501	317.0	0.850177	-0.122114
3721001	3722000	3721501	359.0	0.850700	0.057387
3722001	3723000	3722501	298.0	0.851222	-0.211284
3723001	3724000	3723501	304.0	0.851745	-0.182525
3724001	3725000	3724501	277.0	0.852267	-0.316710
3725001	3726000	3725501	240.0	0.852790	-0.523562
3726001	3727000	3726501	240.0	0.853312	-0.523562
3727001	3728000	3727501	202.0	0.853835	-0.772241
3728001	3729000	3728501	282.0	0.854357	-0.290901
3729001	3730000	3729501	244.0	0.854880	-0.499715
3730001	3731000	3730501	245.0	0.855402	-0.493815
3731001	3732000	3731501	237.0	0.855925	-0.541709
3732001	3733000	3732501	323.0	0.856448	-0.095062
3733001	3734000	3733501	380.0	0.856970	0.139403
3734001	3735000	3734501	412.0	0.857493	0.256048
3735001	3736000	3735501	365.0	0.858015	0.081300
3736001	3737000	3736501	291.0	0.858538	-0.245577
3737001	3738000	3737501	395.0	0.859060	0.195256
3738001	3739000	3738501	365.0	0.859583	0.081300
3739001	3740000	3739501	368.0	0.860105	0.093109
3740001	3741000	3740501	457.0	0.860628	0.405598
3741001	3742000	3741501	371.0	0.861150	0.104823
3742001	3743000	3742501	317.0	0.861673	-0.122114
3743001	3744000	3743501	290.0	0.862196	-0.250543
3744001	3745000	3744501	264.0	0.862718	-0.386058
3745001	3746000	3745501	269.0	0.863241	-0.358990
3746001	3747000	3746501	277.0	0.863763	-0.316710
3747001	3748000	3747501	230.0	0.864286	-0.584963
3748001	3749000	3748501	286.0	0.864808	-0.270581
3749001	3750000	3749501	336.0	0.865331	-0.038135
3750001	3751000	3750501	334.0	0.865853	-0.046748
3751001	3752000	3751501	336.0	0.866376	-0.038135
3752001	3753000	3752501	266.0	0.866898	-0.375170
3753001	3754000	3753501	379.0	0.867421	0.135601
3754001	3755000	3754501	362.0	0.867944	0.069393
3755001	3756000	3755501	396.0	0.868466	0.198904
3756001	3757000	3756501	334.0	0.868989	-0.046748
3757001	3758000	3757501	370.0	0.869511	0.100929
3758001	3759000	3758501	332.0	0.870034	-0.055413
3759001	3760000	3759501	199.0	0.870556	-0.793828
3760001	3761000	3760501	294.0	0.871079	-0.230780
3761001	3762000	3761501	313.0	0.871601	-0.140434
3762001	3763000	3762501	285.0	0.872124	-0.275634
3763001	3764000	3763501	266.0	0.872646	-0.375170
3764001	3765000	3764501	219.0	0.873169	-0.655665
3765001	3766000	3765501	319.0	0.873691	-0.113040
3766001	3767000	3766501	399.0	0.874214	0.209792
3767001	3768000	3767501	380.0	0.874737	0.139403
3768001	3769000	3768501	299.0	0.875259	-0.206451
3769001	3770000	3769501	262.0	0.875782	-0.397030
3770001	3771000	3770501	273.0	0.876304	-0.337695
3771001	3772000	3771501	356.0	0.876827	0.045281
3772001	3773000	3772501	358.0	0.877349	0.053363
3773001	3774000	3773501	331.0	0.877872	-0.059765
3774001	3775000	3774501	273.0	0.878394	-0.337695
3775001	3776000	3775501	277.0	0.878917	-0.316710
3776001	3777000	3776501	235.0	0.879439	-0.553936
3777001	3778000	3777501	266.0	0.879962	-0.375170
3778001	3779000	3778501	257.0	0.880485	-0.424828
3779001	3780000	3779501	257.0	0.881007	-0.424828
3780001	3781000	3780501	318.0	0.881530	-0.117570
3781001	3782000	3781501	276.0	0.882052	-0.321928
3782001	3783000	3782501	272.0	0.882575	-0.342990
3783001	3784000	3783501	290.0	0.883097	-0.250543
3784001	3785000	3784501	293.0	0.883620	-0.235696
3785001	3786000	3785501	281.0	0.884142	-0.296026
3786001	3787000	3786501	292.0	0.884665	-0.240628
3787001	3788000	3787501	248.0	0.885187	-0.476256
3788001	3789000	3788501	293.0	0.885710	-0.235696
3789001	3790000	3789501	379.0	0.886233	0.135601
3790001	3791000	3790501	326.0	0.886755	-0.081724
3791001	3792000	3791501	344.0	0.887278	-0.004188
3792001	3793000	3792501	334.0	0.887800	-0.046748
3793001	3794000	3793501	255.0	0.888323	-0.436099
3794001	3795000	3794501	256.0	0.888845	-0.430453
3795001	3796000	3795501	279.0	0.889368	-0.306331
3796001	3797000	3796501	259.0	0.889890	-0.413644
3797001	3798000	3797501	295.0	0.890413	-0.225881
3798001	3799000	3798501	390.0	0.890935	0.176878
3799001	3800000	3799501	339.0	0.891458	-0.025311
3800001	3801000	3800501	359.0	0.891980	0.057387
3801001	3802000	3801501	335.0	0.892503	-0.042435
3802001	3803000	3802501	332.0	0.893026	-0.055413
3803001	3804000	3803501	249.0	0.893548	-0.470451
3804001	3805000	3804501	237.0	0.894071	-0.541709
3805001	3806000	3805501	258.0	0.894593	-0.419225
3806001	3807000	3806501	306.0	0.895116	-0.173065
3807001	3808000	3807501	275.0	0.895638	-0.327165
3808001	3809000	3808501	292.0	0.896161	-0.240628
3809001	3810000	3809501	347.0	0.896683	0.008339
3810001	3811000	3810501	405.0	0.897206	0.231326
3811001	3812000	3811501	418.0	0.897728	0.276907
3812001	3813000	3812501	336.0	0.898251	-0.038135
3813001	3814000	3813501	377.0	0.898774	0.127968
3814001	3815000	3814501	340.0	0.899296	-0.021062
3815001	3816000	3815501	324.0	0.899819	-0.090603
3816001	3817000	3816501	343.0	0.900341	-0.008388
3817001	3818000	3817501	375.0	0.900864	0.120294
3818001	3819000	3818501	273.0	0.901386	-0.337695
3819001	3820000	3819501	308.0	0.901909	-0.163666
3820001	3821000	3820501	309.0	0.902431	-0.158990
3821001	3822000	3821501	341.0	0.902954	-0.016825
3822001	3823000	3822501	319.0	0.903476	-0.113040
3823001	3824000	3823501	322.0	0.903999	-0.099536
3824001	3825000	3824501	324.0	0.904522	-0.090603
3825001	3826000	3825501	338.0	0.905044	-0.029573
3826001	3827000	3826501	378.0	0.905567	0.131790
3827001	3828000	3827501	371.0	0.906089	0.104823
3828001	3829000	3828501	318.0	0.906612	-0.117570
3829001	3830000	3829501	279.0	0.907134	-0.306331
3830001	3831000	3830501	242.0	0.907657	-0.511589
3831001	3832000	3831501	315.0	0.908179	-0.131245
3832001	3833000	3832501	405.0	0.908702	0.231326
3833001	3834000	3833501	405.0	0.909224	0.231326
3834001	3835000	3834501	324.0	0.909747	-0.090603
3835001	3836000	3835501	293.0	0.910269	-0.235696
3836001	3837000	3836501	221.0	0.910792	-0.642550
3837001	3838000	3837501	269.0	0.911315	-0.358990
3838001	3839000	3838501	314.0	0.911837	-0.135832
3839001	3840000	3839501	395.0	0.912360	0.195256
3840001	3841000	3840501	332.0	0.912882	-0.055413
3841001	3842000	3841501	336.0	0.913405	-0.038135
3842001	3843000	3842501	361.0	0.913927	0.065402
3843001	3844000	3843501	371.0	0.914450	0.104823
3844001	3845000	3844501	255.0	0.914972	-0.436099
3845001	3846000	3845501	207.0	0.915495	-0.736966
3846001	3847000	3846501	243.0	0.916017	-0.505640
3847001	3848000	3847501	333.0	0.916540	-0.051074
3848001	3849000	3848501	260.0	0.917063	-0.408085
3849001	3850000	3849501	328.0	0.917585	-0.072901
3850001	3851000	3850501	377.0	0.918108	0.127968
3851001	3852000	3851501	407.0	0.918630	0.238432
3852001	3853000	3852501	341.0	0.919153	-0.016825
3853001	3854000	3853501	337.0	0.919675	-0.033848
3854001	3855000	3854501	346.0	0.920198	0.004176
3855001	3856000	3855501	310.0	0.920720	-0.154328
3856001	3857000	3856501	306.0	0.921243	-0.173065
3857001	3858000	3857501	324.0	0.921765	-0.090603
3858001	3859000	3858501	314.0	0.922288	-0.135832
3859001	3860000	3859501	223.0	0.922811	-0.629553
3860001	3861000	3860501	209.0	0.923333	-0.723093
3861001	3862000	3861501	220.0	0.923856	-0.649093
3862001	3863000	3862501	334.0	0.924378	-0.046748
3863001	3864000	3863501	375.0	0.924901	0.120294
3864001	3865000	3864501	383.0	0.925423	0.150748
3865001	3866000	3865501	337.0	0.925946	-0.033848
3866001	3867000	3866501	254.0	0.926468	-0.441768
3867001	3868000	3867501	336.0	0.926991	-0.038135
3868001	3869000	3868501	308.0	0.927513	-0.163666
3869001	3870000	3869501	335.0	0.928036	-0.042435
3870001	3871000	3870501	333.0	0.928558	-0.051074
3871001	3872000	3871501	352.0	0.929081	0.028979
3872001	3873000	3872501	357.0	0.929604	0.049328
3873001	3874000	3873501	264.0	0.930126	-0.386058
3874001	3875000	3874501	254.0	0.930649	-0.441768
3875001	3876000	3875501	320.0	0.931171	-0.108524
3876001	3877000	3876501	328.0	0.931694	-0.072901
3877001	3878000	3877501	332.0	0.932216	-0.055413
3878001	3879000	3878501	357.0	0.932739	0.049328
3879001	3880000	3879501	314.0	0.933261	-0.135832
3880001	3881000	3880501	309.0	0.933784	-0.158990
3881001	3882000	3881501	321.0	0.934306	-0.104023
3882001	3883000	3882501	282.0	0.934829	-0.290901
3883001	3884000	3883501	240.0	0.935352	-0.523562
3884001	3885000	3884501	192.0	0.935874	-0.845490
3885001	3886000	3885501	237.0	0.936397	-0.541709
3886001	3887000	3886501	241.0	0.936919	-0.517563
3887001	3888000	3887501	256.0	0.937442	-0.430453
3888001	3889000	3888501	314.0	0.937964	-0.135832
3889001	3890000	3889501	363.0	0.938487	0.073373
3890001	3891000	3890501	305.0	0.939009	-0.177787
3891001	3892000	3891501	214.0	0.939532	-0.688986
3892001	3893000	3892501	258.0	0.940054	-0.419225
3893001	3894000	3893501	308.0	0.940577	-0.163666
3894001	3895000	3894501	335.0	0.941100	-0.042435
3895001	3896000	3895501	259.0	0.941622	-0.413644
3896001	3897000	3896501	319.0	0.942145	-0.113040
3897001	3898000	3897501	339.0	0.942667	-0.025311
3898001	3899000	3898501	253.0	0.943190	-0.447459
3899001	3900000	3899501	219.0	0.943712	-0.655665
3900001	3901000	3900501	256.0	0.944235	-0.430453
3901001	3902000	3901501	250.0	0.944757	-0.464668
3902001	3903000	3902501	389.0	0.945280	0.173174
3903001	3904000	3903501	437.0	0.945802	0.341037
3904001	3905000	3904501	426.0	0.946325	0.304257
3905001	3906000	3905501	276.0	0.946847	-0.321928
3906001	3907000	3906501	283.0	0.947370	-0.285794
3907001	3908000	3907501	341.0	0.947893	-0.016825
3908001	3909000	3908501	304.0	0.948415	-0.182525
3909001	3910000	3909501	244.0	0.948938	-0.499715
3910001	3911000	3910501	218.0	0.949460	-0.662268
3911001	3912000	3911501	171.0	0.949983	-1.012600
3912001	3913000	3912501	195.0	0.950505	-0.823122
3913001	3914000	3913501	304.0	0.951028	-0.182525
3914001	3915000	3914501	256.0	0.951550	-0.430453
3915001	3916000	3915501	262.0	0.952073	-0.397030
3916001	3917000	3916501	261.0	0.952595	-0.402547
3917001	3918000	3917501	278.0	0.953118	-0.311511
3918001	3919000	3918501	322.0	0.953641	-0.099536
3919001	3920000	3919501	369.0	0.954163	0.097024
3920001	3921000	3920501	287.0	0.954686	-0.265546
3921001	3922000	3921501	241.0	0.955208	-0.517563
3922001	3923000	3922501	279.0	0.955731	-0.306331
3923001	3924000	3923501	287.0	0.956253	-0.265546
3924001	3925000	3924501	373.0	0.956776	0.112579
3925001	3926000	3925501	337.0	0.957298	-0.033848
3926001	3927000	3926501	295.0	0.957821	-0.225881
3927001	3928000	3927501	273.0	0.958343	-0.337695
3928001	3929000	3928501	219.0	0.958866	-0.655665
3929001	3930000	3929501	234.0	0.959388	-0.560088
3930001	3931000	3930501	250.0	0.959911	-0.464668
3931001	3932000	3931501	298.0	0.960434	-0.211284
3932001	3933000	3932501	372.0	0.960956	0.108706
3933001	3934000	3933501	255.0	0.961479	-0.436099
3934001	3935000	3934501	320.0	0.962001	-0.108524
3935001	3936000	3935501	371.0	0.962524	0.104823
3936001	3937000	3936501	372.0	0.963046	0.108706
3937001	3938000	3937501	353.0	0.963569	0.033072
3938001	3939000	3938501	339.0	0.964091	-0.025311
3939001	3940000	3939501	346.0	0.964614	0.004176
3940001	3941000	3940501	365.0	0.965136	0.081300
3941001	3942000	3941501	342.0	0.965659	-0.012600
3942001	3943000	3942501	434.0	0.966182	0.331099
3943001	3944000	3943501	397.0	0.966704	0.202543
3944001	3945000	3944501	381.0	0.967227	0.143195
3945001	3946000	3945501	367.0	0.967749	0.089184
3946001	3947000	3946501	325.0	0.968272	-0.086157
3947001	3948000	3947501	436.0	0.968794	0.337732
3948001	3949000	3948501	329.0	0.969317	-0.068509
3949001	3950000	3949501	368.0	0.969839	0.093109
3950001	3951000	3950501	345.0	0.970362	0.000000
3951001	3952000	3951501	294.0	0.970884	-0.230780
3952001	3953000	3952501	335.0	0.971407	-0.042435
3953001	3954000	3953501	354.0	0.971930	0.037153
3954001	3955000	3954501	339.0	0.972452	-0.025311
3955001	3956000	3955501	301.0	0.972975	-0.196833
3956001	3957000	3956501	297.0	0.973497	-0.216133
3957001	3958000	3957501	344.0	0.974020	-0.004188
3958001	3959000	3958501	398.0	0.974542	0.206172
3959001	3960000	3959501	392.0	0.975065	0.184257
3960001	3961000	3960501	399.0	0.975587	0.209792
3961001	3962000	3961501	290.0	0.976110	-0.250543
3962001	3963000	3962501	350.0	0.976632	0.020759
3963001	3964000	3963501	347.0	0.977155	0.008339
3964001	3965000	3964501	362.0	0.977677	0.069393
3965001	3966000	3965501	400.0	0.978200	0.213404
3966001	3967000	3966501	342.0	0.978723	-0.012600
3967001	3968000	3967501	323.0	0.979245	-0.095062
3968001	3969000	3968501	316.0	0.979768	-0.126672
3969001	3970000	3969501	340.0	0.980290	-0.021062
3970001	3971000	3970501	295.0	0.980813	-0.225881
3971001	3972000	3971501	268.0	0.981335	-0.364363
3972001	3973000	3972501	263.0	0.981858	-0.391534
3973001	3974000	3973501	304.0	0.982380	-0.182525
3974001	3975000	3974501	321.0	0.982903	-0.104023
3975001	3976000	3975501	236.0	0.983425	-0.547810
3976001	3977000	3976501	240.0	0.983948	-0.523562
3977001	3978000	3977501	178.0	0.984471	-0.954719
3978001	3979000	3978501	171.0	0.984993	-1.012600
3979001	3980000	3979501	210.0	0.985516	-0.716207
3980001	3981000	3980501	221.0	0.986038	-0.642550
3981001	3982000	3981501	221.0	0.986561	-0.642550
3982001	3983000	3982501	284.0	0.987083	-0.280705
3983001	3984000	3983501	377.0	0.987606	0.127968
3984001	3985000	3984501	386.0	0.988128	0.162004
3985001	3986000	3985501	357.0	0.988651	0.049328
3986001	3987000	3986501	367.0	0.989173	0.089184
3987001	3988000	3987501	252.0	0.989696	-0.453173
3988001	3989000	3988501	223.0	0.990219	-0.629553
3989001	3990000	3989501	233.0	0.990741	-0.566266
3990001	3991000	3990501	229.0	0.991264	-0.591249
3991001	3992000	3991501	307.0	0.991786	-0.168358
3992001	3993000	3992501	425.0	0.992309	0.300866
3993001	3994000	3993501	374.0	0.992831	0.116442
3994001	3995000	3994501	407.0	0.993354	0.238432
3995001	3996000	3995501	349.0	0.993876	0.016631
3996001	3997000	3996501	335.0	0.994399	-0.042435
3997001	3998000	3997501	297.0	0.994921	-0.216133
3998001	3999000	3998501	390.0	0.995444	0.176878
3999001	4000000	3999501	369.0	0.995966	0.097024
4000001	4001000	4000501	353.0	0.996489	0.033072
4001001	4002000	4001501	368.0	0.997012	0.093109
4002001	4003000	4002501	295.0	0.997534	-0.225881
4003001	4004000	4003501	298.0	0.998057	-0.211284
