window_start	window_end	window_mid	raw_count	norm_position	log2_ratio
1	1000	501	175.0	0.998955	0.222392
1001	2000	1501	127.0	0.999477	-0.240134
2001	3000	2501	124.0	1.000000	-0.274622
3001	4000	3501	95.0	-0.999522	-0.658963
4001	5000	4501	97.0	-0.999044	-0.628906
5001	6000	5501	120.0	-0.998565	-0.321928
6001	7000	6501	130.0	-0.998087	-0.206451
7001	8000	7501	149.0	-0.997609	-0.009650
8001	9000	8501	124.0	-0.997131	-0.274622
9001	10000	9501	179.0	-0.996652	0.254997
10001	11000	10501	196.0	-0.996174	0.385891
11001	12000	11501	170.0	-0.995696	0.180572
12001	13000	12501	187.0	-0.995218	0.318076
13001	14000	13501	181.0	-0.994739	0.271027
14001	15000	14501	211.0	-0.994261	0.492280
15001	16000	15501	234.0	-0.993783	0.641546
16001	17000	16501	186.0	-0.993305	0.310340
17001	18000	17501	212.0	-0.992826	0.499102
18001	19000	18501	251.0	-0.992348	0.742725
19001	20000	19501	163.0	-0.991870	0.119909
20001	21000	20501	172.0	-0.991392	0.197446
21001	22000	21501	169.0	-0.990913	0.172061
22001	23000	22501	142.0	-0.990435	-0.079072
23001	24000	23501	178.0	-0.989957	0.246915
24001	25000	24501	142.0	-0.989479	-0.079072
25001	26000	25501	129.0	-0.989000	-0.217591
26001	27000	26501	133.0	-0.988522	-0.173536
27001	28000	27501	122.0	-0.988044	-0.298081
28001	29000	28501	122.0	-0.987566	-0.298081
29001	30000	29501	93.0	-0.987088	-0.689660
30001	31000	30501	122.0	-0.986609	-0.298081
31001	32000	31501	149.0	-0.986131	-0.009650
32001	33000	32501	128.0	-0.985653	-0.228819
33001	34000	33501	136.0	-0.985175	-0.141356
34001	35000	34501	190.0	-0.984696	0.341037
35001	36000	35501	120.0	-0.984218	-0.321928
36001	37000	36501	124.0	-0.983740	-0.274622
37001	38000	37501	157.0	-0.983262	0.065802
38001	39000	38501	178.0	-0.982783	0.246915
39001	40000	39501	112.0	-0.982305	-0.421464
40001	41000	40501	92.0	-0.981827	-0.705257
41001	42000	41501	89.0	-0.981349	-0.753085
42001	43000	42501	82.0	-0.980870	-0.871267
43001	44000	43501	101.0	-0.980392	-0.570607
44001	45000	44501	110.0	-0.979914	-0.447459
45001	46000	45501	108.0	-0.979436	-0.473931
46001	47000	46501	95.0	-0.978957	-0.658963
47001	48000	47501	102.0	-0.978479	-0.556393
48001	49000	48501	134.0	-0.978001	-0.162730
49001	50000	49501	155.0	-0.977523	0.047306
50001	51000	50501	144.0	-0.977044	-0.058894
51001	52000	51501	158.0	-0.976566	0.074962
52001	53000	52501	189.0	-0.976088	0.333424
53001	54000	53501	196.0	-0.975610	0.385891
54001	55000	54501	203.0	-0.975132	0.436517
55001	56000	55501	260.0	-0.974653	0.793549
56001	57000	56501	301.0	-0.974175	1.004801
57001	58000	57501	318.0	-0.973697	1.084064
58001	59000	58501	311.0	-0.973219	1.051952
59001	60000	59501	400.0	-0.972740	1.415037
60001	61000	60501	393.0	-0.972262	1.389567
61001	62000	61501	474.0	-0.971784	1.659925
62001	63000	62501	280.0	-0.971306	0.900464
63001	64000	63501	312.0	-0.970827	1.056584
64001	65000	64501	244.0	-0.970349	0.701919
65001	66000	65501	203.0	-0.969871	0.436517
66001	67000	66501	233.0	-0.969393	0.635367
67001	68000	67501	190.0	-0.968914	0.341037
68001	69000	68501	194.0	-0.968436	0.371094
69001	70000	69501	173.0	-0.967958	0.205810
70001	71000	70501	160.0	-0.967480	0.093109
71001	72000	71501	113.0	-0.967001	-0.408640
72001	73000	72501	141.0	-0.966523	-0.089267
73001	74000	73501	191.0	-0.966045	0.348610
74001	75000	74501	225.0	-0.965567	0.584963
75001	76000	75501	199.0	-0.965088	0.407806
76001	77000	76501	265.0	-0.964610	0.821030
77001	78000	77501	249.0	-0.964132	0.731183
78001	79000	78501	326.0	-0.963654	1.119909
79001	80000	79501	454.0	-0.963176	1.597730
80001	81000	80501	284.0	-0.962697	0.920928
81001	82000	81501	281.0	-0.962219	0.905608
82001	83000	82501	207.0	-0.961741	0.464668
83001	84000	83501	244.0	-0.961263	0.701919
84001	85000	84501	222.0	-0.960784	0.565597
85001	86000	85501	216.0	-0.960306	0.526069
86001	87000	86501	181.0	-0.959828	0.271027
87001	88000	87501	183.0	-0.959350	0.286881
88001	89000	88501	220.0	-0.958871	0.552541
89001	90000	89501	252.0	-0.958393	0.748461
90001	91000	90501	282.0	-0.957915	0.910733
91001	92000	91501	247.0	-0.957437	0.719549
92001	93000	92501	245.0	-0.956958	0.707819
93001	94000	93501	223.0	-0.956480	0.572081
94001	95000	94501	140.0	-0.956002	-0.099536
95001	96000	95501	192.0	-0.955524	0.356144
96001	97000	96501	261.0	-0.955045	0.799087
97001	98000	97501	199.0	-0.954567	0.407806
98001	99000	98501	242.0	-0.954089	0.690045
99001	100000	99501	211.0	-0.953611	0.492280
100001	101000	100501	251.0	-0.953132	0.742725
101001	102000	101501	325.0	-0.952654	1.115477
102001	103000	102501	384.0	-0.952176	1.356144
103001	104000	103501	375.0	-0.951698	1.321928
104001	105000	104501	398.0	-0.951220	1.407806
105001	106000	105501	372.0	-0.950741	1.310340
106001	107000	106501	387.0	-0.950263	1.367371
107001	108000	107501	399.0	-0.949785	1.411426
108001	109000	108501	290.0	-0.949307	0.951090
109001	110000	109501	368.0	-0.948828	1.294743
110001	111000	110501	428.0	-0.948350	1.512648
111001	112000	111501	399.0	-0.947872	1.411426
112001	113000	112501	330.0	-0.947394	1.137504
113001	114000	113501	493.0	-0.946915	1.716625
114001	115000	114501	466.0	-0.946437	1.635367
115001	116000	115501	569.0	-0.945959	1.923466
116001	117000	116501	475.0	-0.945481	1.662965
117001	118000	117501	402.0	-0.945002	1.422233
118001	119000	118501	451.0	-0.944524	1.588165
119001	120000	119501	340.0	-0.944046	1.180572
120001	121000	120501	230.0	-0.943568	0.616671
121001	122000	121501	253.0	-0.943089	0.754175
122001	123000	122501	250.0	-0.942611	0.736966
123001	124000	123501	184.0	-0.942133	0.294743
124001	125000	124501	166.0	-0.941655	0.146221
125001	126000	125501	171.0	-0.941176	0.189034
126001	127000	126501	169.0	-0.940698	0.172061
127001	128000	127501	165.0	-0.940220	0.137504
128001	129000	128501	163.0	-0.939742	0.119909
129001	130000	129501	151.0	-0.939264	0.009586
130001	131000	130501	148.0	-0.938785	-0.019365
131001	132000	131501	163.0	-0.938307	0.119909
132001	133000	132501	134.0	-0.937829	-0.162730
133001	134000	133501	116.0	-0.937351	-0.370838
134001	135000	134501	151.0	-0.936872	0.009586
135001	136000	135501	189.0	-0.936394	0.333424
136001	137000	136501	191.0	-0.935916	0.348610
137001	138000	137501	113.0	-0.935438	-0.408640
138001	139000	138501	149.0	-0.934959	-0.009650
139001	140000	139501	112.0	-0.934481	-0.421464
140001	141000	140501	100.0	-0.934003	-0.584963
141001	142000	141501	120.0	-0.933525	-0.321928
142001	143000	142501	113.0	-0.933046	-0.408640
143001	144000	143501	146.0	-0.932568	-0.038994
144001	145000	144501	139.0	-0.932090	-0.109878
145001	146000	145501	118.0	-0.931612	-0.346176
146001	147000	146501	185.0	-0.931133	0.302563
147001	148000	147501	211.0	-0.930655	0.492280
148001	149000	148501	161.0	-0.930177	0.102098
149001	150000	149501	150.0	-0.929699	0.000000
150001	151000	150501	158.0	-0.929220	0.074962
151001	152000	151501	192.0	-0.928742	0.356144
152001	153000	152501	264.0	-0.928264	0.815575
153001	154000	153501	253.0	-0.927786	0.754175
154001	155000	154501	240.0	-0.927308	0.678072
155001	156000	155501	292.0	-0.926829	0.961006
156001	157000	156501	344.0	-0.926351	1.197446
157001	158000	157501	512.0	-0.925873	1.771181
158001	159000	158501	509.0	-0.925395	1.762703
159001	160000	159501	477.0	-0.924916	1.669027
160001	161000	160501	467.0	-0.924438	1.638460
161001	162000	161501	511.0	-0.923960	1.768361
162001	163000	162501	602.0	-0.923482	2.004801
163001	164000	163501	633.0	-0.923003	2.077243
164001	165000	164501	408.0	-0.922525	1.443607
165001	166000	165501	227.0	-0.922047	0.597730
166001	167000	166501	203.0	-0.921569	0.436517
167001	168000	167501	186.0	-0.921090	0.310340
168001	169000	168501	150.0	-0.920612	0.000000
169001	170000	169501	141.0	-0.920134	-0.089267
170001	171000	170501	155.0	-0.919656	0.047306
171001	172000	171501	139.0	-0.919177	-0.109878
172001	173000	172501	103.0	-0.918699	-0.542318
173001	174000	173501	79.0	-0.918221	-0.925038
174001	175000	174501	82.0	-0.917743	-0.871267
175001	176000	175501	77.0	-0.917264	-0.962032
176001	177000	176501	76.0	-0.916786	-0.980891
177001	178000	177501	83.0	-0.916308	-0.853779
178001	179000	178501	67.0	-0.915830	-1.162730
179001	180000	179501	84.0	-0.915352	-0.836501
180001	181000	180501	86.0	-0.914873	-0.802554
181001	182000	181501	65.0	-0.914395	-1.206451
182001	183000	182501	106.0	-0.913917	-0.500898
183001	184000	183501	95.0	-0.913439	-0.658963
184001	185000	184501	84.0	-0.912960	-0.836501
185001	186000	185501	67.0	-0.912482	-1.162730
186001	187000	186501	79.0	-0.912004	-0.925038
187001	188000	187501	73.0	-0.911526	-1.038994
188001	189000	188501	91.0	-0.911047	-0.721024
189001	190000	189501	90.0	-0.910569	-0.736966
190001	191000	190501	65.0	-0.910091	-1.206451
191001	192000	191501	74.0	-0.909613	-1.019365
192001	193000	192501	61.0	-0.909134	-1.298081
193001	194000	193501	78.0	-0.908656	-0.943416
194001	195000	194501	84.0	-0.908178	-0.836501
195001	196000	195501	73.0	-0.907700	-1.038994
196001	197000	196501	68.0	-0.907221	-1.141356
197001	198000	197501	89.0	-0.906743	-0.753085
198001	199000	198501	79.0	-0.906265	-0.925038
199001	200000	199501	87.0	-0.905787	-0.785875
200001	201000	200501	99.0	-0.905308	-0.599462
201001	202000	201501	63.0	-0.904830	-1.251539
202001	203000	202501	91.0	-0.904352	-0.721024
203001	204000	203501	66.0	-0.903874	-1.184425
204001	205000	204501	87.0	-0.903396	-0.785875
205001	206000	205501	84.0	-0.902917	-0.836501
206001	207000	206501	98.0	-0.902439	-0.614109
207001	208000	207501	80.0	-0.901961	-0.906891
208001	209000	208501	78.0	-0.901483	-0.943416
209001	210000	209501	71.0	-0.901004	-1.079072
210001	211000	210501	108.0	-0.900526	-0.473931
211001	212000	211501	71.0	-0.900048	-1.079072
212001	213000	212501	100.0	-0.899570	-0.584963
213001	214000	213501	95.0	-0.899091	-0.658963
214001	215000	214501	111.0	-0.898613	-0.434403
215001	216000	215501	105.0	-0.898135	-0.514573
216001	217000	216501	76.0	-0.897657	-0.980891
217001	218000	217501	70.0	-0.897178	-1.099536
218001	219000	218501	53.0	-0.896700	-1.500898
219001	220000	219501	76.0	-0.896222	-0.980891
220001	221000	220501	73.0	-0.895744	-1.038994
221001	222000	221501	95.0	-0.895265	-0.658963
222001	223000	222501	97.0	-0.894787	-0.628906
223001	224000	223501	113.0	-0.894309	-0.408640
224001	225000	224501	122.0	-0.893831	-0.298081
225001	226000	225501	79.0	-0.893352	-0.925038
226001	227000	226501	92.0	-0.892874	-0.705257
227001	228000	227501	63.0	-0.892396	-1.251539
228001	229000	228501	99.0	-0.891918	-0.599462
229001	230000	229501	92.0	-0.891440	-0.705257
230001	231000	230501	95.0	-0.890961	-0.658963
231001	232000	231501	100.0	-0.890483	-0.584963
232001	233000	232501	117.0	-0.890005	-0.358454
233001	234000	233501	107.0	-0.889527	-0.487352
234001	235000	234501	81.0	-0.889048	-0.888969
235001	236000	235501	91.0	-0.888570	-0.721024
236001	237000	236501	90.0	-0.888092	-0.736966
237001	238000	237501	83.0	-0.887614	-0.853779
238001	239000	238501	72.0	-0.887135	-1.058894
239001	240000	239501	131.0	-0.886657	-0.195396
240001	241000	240501	73.0	-0.886179	-1.038994
241001	242000	241501	77.0	-0.885701	-0.962032
242001	243000	242501	71.0	-0.885222	-1.079072
243001	244000	243501	94.0	-0.884744	-0.674230
244001	245000	244501	114.0	-0.884266	-0.395929
245001	246000	245501	86.0	-0.883788	-0.802554
246001	247000	246501	81.0	-0.883309	-0.888969
247001	248000	247501	71.0	-0.882831	-1.079072
248001	249000	248501	88.0	-0.882353	-0.769387
249001	250000	249501	71.0	-0.881875	-1.079072
250001	251000	250501	96.0	-0.881396	-0.643856
251001	252000	251501	92.0	-0.880918	-0.705257
252001	253000	252501	79.0	-0.880440	-0.925038
253001	254000	253501	70.0	-0.879962	-1.099536
254001	255000	254501	93.0	-0.879484	-0.689660
255001	256000	255501	83.0	-0.879005	-0.853779
256001	257000	256501	90.0	-0.878527	-0.736966
257001	258000	257501	71.0	-0.878049	-1.079072
258001	259000	258501	72.0	-0.877571	-1.058894
259001	260000	259501	76.0	-0.877092	-0.980891
260001	261000	260501	89.0	-0.876614	-0.753085
261001	262000	261501	84.0	-0.876136	-0.836501
262001	263000	262501	90.0	-0.875658	-0.736966
263001	264000	263501	79.0	-0.875179	-0.925038
264001	265000	264501	100.0	-0.874701	-0.584963
265001	266000	265501	126.0	-0.874223	-0.251539
266001	267000	266501	98.0	-0.873745	-0.614109
267001	268000	267501	63.0	-0.873266	-1.251539
268001	269000	268501	110.0	-0.872788	-0.447459
269001	270000	269501	84.0	-0.872310	-0.836501
270001	271000	270501	150.0	-0.871832	0.000000
271001	272000	271501	107.0	-0.871353	-0.487352
272001	273000	272501	108.0	-0.870875	-0.473931
273001	274000	273501	121.0	-0.870397	-0.309955
274001	275000	274501	139.0	-0.869919	-0.109878
275001	276000	275501	120.0	-0.869440	-0.321928
276001	277000	276501	131.0	-0.868962	-0.195396
277001	278000	277501	159.0	-0.868484	0.084064
278001	279000	278501	146.0	-0.868006	-0.038994
279001	280000	279501	147.0	-0.867527	-0.029146
280001	281000	280501	181.0	-0.867049	0.271027
281001	282000	281501	161.0	-0.866571	0.102098
282001	283000	282501	128.0	-0.866093	-0.228819
283001	284000	283501	193.0	-0.865615	0.363638
284001	285000	284501	163.0	-0.865136	0.119909
285001	286000	285501	226.0	-0.864658	0.591360
286001	287000	286501	212.0	-0.864180	0.499102
287001	288000	287501	212.0	-0.863702	0.499102
288001	289000	288501	247.0	-0.863223	0.719549
289001	290000	289501	237.0	-0.862745	0.659925
290001	291000	290501	265.0	-0.862267	0.821030
291001	292000	291501	243.0	-0.861789	0.695994
292001	293000	292501	190.0	-0.861310	0.341037
293001	294000	293501	182.0	-0.860832	0.278976
294001	295000	294501	258.0	-0.860354	0.782409
295001	296000	295501	247.0	-0.859876	0.719549
296001	297000	296501	285.0	-0.859397	0.925999
297001	298000	297501	331.0	-0.858919	1.141869
298001	299000	298501	269.0	-0.858441	0.842644
299001	300000	299501	305.0	-0.857963	1.023847
300001	301000	300501	275.0	-0.857484	0.874469
301001	302000	301501	265.0	-0.857006	0.821030
302001	303000	302501	262.0	-0.856528	0.804604
303001	304000	303501	230.0	-0.856050	0.616671
304001	305000	304501	228.0	-0.855571	0.604071
305001	306000	305501	211.0	-0.855093	0.492280
306001	307000	306501	141.0	-0.854615	-0.089267
307001	308000	307501	134.0	-0.854137	-0.162730
308001	309000	308501	138.0	-0.853659	-0.120294
309001	310000	309501	147.0	-0.853180	-0.029146
310001	311000	310501	114.0	-0.852702	-0.395929
311001	312000	311501	163.0	-0.852224	0.119909
312001	313000	312501	183.0	-0.851746	0.286881
313001	314000	313501	144.0	-0.851267	-0.058894
314001	315000	314501	104.0	-0.850789	-0.528379
315001	316000	315501	145.0	-0.850311	-0.048910
316001	317000	316501	140.0	-0.849833	-0.099536
317001	318000	317501	109.0	-0.849354	-0.460634
318001	319000	318501	128.0	-0.848876	-0.228819
319001	320000	319501	137.0	-0.848398	-0.130787
320001	321000	320501	148.0	-0.847920	-0.019365
321001	322000	321501	151.0	-0.847441	0.009586
322001	323000	322501	166.0	-0.846963	0.146221
323001	324000	323501	114.0	-0.846485	-0.395929
324001	325000	324501	154.0	-0.846007	0.037968
325001	326000	325501	166.0	-0.845528	0.146221
326001	327000	326501	147.0	-0.845050	-0.029146
327001	328000	327501	135.0	-0.844572	-0.152003
328001	329000	328501	168.0	-0.844094	0.163499
329001	330000	329501	168.0	-0.843615	0.163499
330001	331000	330501	153.0	-0.843137	0.028569
331001	332000	331501	136.0	-0.842659	-0.141356
332001	333000	332501	116.0	-0.842181	-0.370838
333001	334000	333501	89.0	-0.841703	-0.753085
334001	335000	334501	97.0	-0.841224	-0.628906
335001	336000	335501	112.0	-0.840746	-0.421464
336001	337000	336501	80.0	-0.840268	-0.906891
337001	338000	337501	67.0	-0.839790	-1.162730
338001	339000	338501	95.0	-0.839311	-0.658963
339001	340000	339501	102.0	-0.838833	-0.556393
340001	341000	340501	92.0	-0.838355	-0.705257
341001	342000	341501	63.0	-0.837877	-1.251539
342001	343000	342501	64.0	-0.837398	-1.228819
343001	344000	343501	66.0	-0.836920	-1.184425
344001	345000	344501	91.0	-0.836442	-0.721024
345001	346000	345501	90.0	-0.835964	-0.736966
346001	347000	346501	105.0	-0.835485	-0.514573
347001	348000	347501	90.0	-0.835007	-0.736966
348001	349000	348501	75.0	-0.834529	-1.000000
349001	350000	349501	115.0	-0.834051	-0.383329
350001	351000	350501	94.0	-0.833572	-0.674230
351001	352000	351501	82.0	-0.833094	-0.871267
352001	353000	352501	82.0	-0.832616	-0.871267
353001	354000	353501	72.0	-0.832138	-1.058894
354001	355000	354501	65.0	-0.831659	-1.206451
355001	356000	355501	63.0	-0.831181	-1.251539
356001	357000	356501	71.0	-0.830703	-1.079072
357001	358000	357501	83.0	-0.830225	-0.853779
358001	359000	358501	97.0	-0.829747	-0.628906
359001	360000	359501	82.0	-0.829268	-0.871267
360001	361000	360501	69.0	-0.828790	-1.120294
361001	362000	361501	81.0	-0.828312	-0.888969
362001	363000	362501	68.0	-0.827834	-1.141356
363001	364000	363501	67.0	-0.827355	-1.162730
364001	365000	364501	90.0	-0.826877	-0.736966
365001	366000	365501	59.0	-0.826399	-1.346176
366001	367000	366501	70.0	-0.825921	-1.099536
367001	368000	367501	77.0	-0.825442	-0.962032
368001	369000	368501	82.0	-0.824964	-0.871267
369001	370000	369501	94.0	-0.824486	-0.674230
370001	371000	370501	108.0	-0.824008	-0.473931
371001	372000	371501	70.0	-0.823529	-1.099536
372001	373000	372501	77.0	-0.823051	-0.962032
373001	374000	373501	87.0	-0.822573	-0.785875
374001	375000	374501	97.0	-0.822095	-0.628906
375001	376000	375501	91.0	-0.821616	-0.721024
376001	377000	376501	86.0	-0.821138	-0.802554
377001	378000	377501	83.0	-0.820660	-0.853779
378001	379000	378501	131.0	-0.820182	-0.195396
379001	380000	379501	76.0	-0.819703	-0.980891
380001	381000	380501	87.0	-0.819225	-0.785875
381001	382000	381501	91.0	-0.818747	-0.721024
382001	383000	382501	110.0	-0.818269	-0.447459
383001	384000	383501	106.0	-0.817791	-0.500898
384001	385000	384501	67.0	-0.817312	-1.162730
385001	386000	385501	84.0	-0.816834	-0.836501
386001	387000	386501	122.0	-0.816356	-0.298081
387001	388000	387501	96.0	-0.815878	-0.643856
388001	389000	388501	114.0	-0.815399	-0.395929
389001	390000	389501	103.0	-0.814921	-0.542318
390001	391000	390501	145.0	-0.814443	-0.048910
391001	392000	391501	144.0	-0.813965	-0.058894
392001	393000	392501	176.0	-0.813486	0.230613
393001	394000	393501	133.0	-0.813008	-0.173536
394001	395000	394501	141.0	-0.812530	-0.089267
395001	396000	395501	178.0	-0.812052	0.246915
396001	397000	396501	130.0	-0.811573	-0.206451
397001	398000	397501	231.0	-0.811095	0.622930
398001	399000	398501	258.0	-0.810617	0.782409
399001	400000	399501	325.0	-0.810139	1.115477
400001	401000	400501	278.0	-0.809660	0.890122
401001	402000	401501	153.0	-0.809182	0.028569
402001	403000	402501	197.0	-0.808704	0.393233
403001	404000	403501	211.0	-0.808226	0.492280
404001	405000	404501	196.0	-0.807747	0.385891
405001	406000	405501	146.0	-0.807269	-0.038994
406001	407000	406501	182.0	-0.806791	0.278976
407001	408000	407501	219.0	-0.806313	0.545968
408001	409000	408501	194.0	-0.805835	0.371094
409001	410000	409501	129.0	-0.805356	-0.217591
410001	411000	410501	105.0	-0.804878	-0.514573
411001	412000	411501	109.0	-0.804400	-0.460634
412001	413000	412501	113.0	-0.803922	-0.408640
413001	414000	413501	123.0	-0.803443	-0.286304
414001	415000	414501	111.0	-0.802965	-0.434403
415001	416000	415501	83.0	-0.802487	-0.853779
416001	417000	416501	90.0	-0.802009	-0.736966
417001	418000	417501	133.0	-0.801530	-0.173536
418001	419000	418501	88.0	-0.801052	-0.769387
419001	420000	419501	79.0	-0.800574	-0.925038
420001	421000	420501	116.0	-0.800096	-0.370838
421001	422000	421501	126.0	-0.799617	-0.251539
422001	423000	422501	122.0	-0.799139	-0.298081
423001	424000	423501	135.0	-0.798661	-0.152003
424001	425000	424501	119.0	-0.798183	-0.334001
425001	426000	425501	156.0	-0.797704	0.056584
426001	427000	426501	199.0	-0.797226	0.407806
427001	428000	427501	262.0	-0.796748	0.804604
428001	429000	428501	239.0	-0.796270	0.672048
429001	430000	429501	259.0	-0.795791	0.787990
430001	431000	430501	424.0	-0.795313	1.499102
431001	432000	431501	419.0	-0.794835	1.481988
432001	433000	432501	559.0	-0.794357	1.897886
433001	434000	433501	501.0	-0.793879	1.739848
434001	435000	434501	435.0	-0.793400	1.536053
435001	436000	435501	328.0	-0.792922	1.128733
436001	437000	436501	239.0	-0.792444	0.672048
437001	438000	437501	237.0	-0.791966	0.659925
438001	439000	438501	229.0	-0.791487	0.610385
439001	440000	439501	257.0	-0.791009	0.776806
440001	441000	440501	175.0	-0.790531	0.222392
441001	442000	441501	208.0	-0.790053	0.471621
442001	443000	442501	184.0	-0.789574	0.294743
443001	444000	443501	118.0	-0.789096	-0.346176
444001	445000	444501	150.0	-0.788618	0.000000
445001	446000	445501	197.0	-0.788140	0.393233
446001	447000	446501	101.0	-0.787661	-0.570607
447001	448000	447501	81.0	-0.787183	-0.888969
448001	449000	448501	85.0	-0.786705	-0.819428
449001	450000	449501	130.0	-0.786227	-0.206451
450001	451000	450501	110.0	-0.785748	-0.447459
451001	452000	451501	84.0	-0.785270	-0.836501
452001	453000	452501	85.0	-0.784792	-0.819428
453001	454000	453501	85.0	-0.784314	-0.819428
454001	455000	454501	99.0	-0.783835	-0.599462
455001	456000	455501	78.0	-0.783357	-0.943416
456001	457000	456501	93.0	-0.782879	-0.689660
457001	458000	457501	118.0	-0.782401	-0.346176
458001	459000	458501	87.0	-0.781923	-0.785875
459001	460000	459501	106.0	-0.781444	-0.500898
460001	461000	460501	78.0	-0.780966	-0.943416
461001	462000	461501	99.0	-0.780488	-0.599462
462001	463000	462501	113.0	-0.780010	-0.408640
463001	464000	463501	109.0	-0.779531	-0.460634
464001	465000	464501	122.0	-0.779053	-0.298081
465001	466000	465501	104.0	-0.778575	-0.528379
466001	467000	466501	92.0	-0.778097	-0.705257
467001	468000	467501	82.0	-0.777618	-0.871267
468001	469000	468501	115.0	-0.777140	-0.383329
469001	470000	469501	119.0	-0.776662	-0.334001
470001	471000	470501	111.0	-0.776184	-0.434403
471001	472000	471501	105.0	-0.775705	-0.514573
472001	473000	472501	126.0	-0.775227	-0.251539
473001	474000	473501	121.0	-0.774749	-0.309955
474001	475000	474501	156.0	-0.774271	0.056584
475001	476000	475501	159.0	-0.773792	0.084064
476001	477000	476501	163.0	-0.773314	0.119909
477001	478000	477501	241.0	-0.772836	0.684071
478001	479000	478501	217.0	-0.772358	0.532733
479001	480000	479501	228.0	-0.771879	0.604071
480001	481000	480501	384.0	-0.771401	1.356144
481001	482000	481501	402.0	-0.770923	1.422233
482001	483000	482501	577.0	-0.770445	1.943609
483001	484000	483501	552.0	-0.769967	1.879706
484001	485000	484501	447.0	-0.769488	1.575312
485001	486000	485501	479.0	-0.769010	1.675063
486001	487000	486501	405.0	-0.768532	1.432959
487001	488000	487501	370.0	-0.768054	1.302563
488001	489000	488501	339.0	-0.767575	1.176323
489001	490000	489501	361.0	-0.767097	1.267036
490001	491000	490501	311.0	-0.766619	1.051952
491001	492000	491501	402.0	-0.766141	1.422233
492001	493000	492501	263.0	-0.765662	0.810100
493001	494000	493501	161.0	-0.765184	0.102098
494001	495000	494501	138.0	-0.764706	-0.120294
495001	496000	495501	139.0	-0.764228	-0.109878
496001	497000	496501	139.0	-0.763749	-0.109878
497001	498000	497501	124.0	-0.763271	-0.274622
498001	499000	498501	99.0	-0.762793	-0.599462
499001	500000	499501	109.0	-0.762315	-0.460634
500001	501000	500501	100.0	-0.761836	-0.584963
501001	502000	501501	116.0	-0.761358	-0.370838
502001	503000	502501	128.0	-0.760880	-0.228819
503001	504000	503501	142.0	-0.760402	-0.079072
504001	505000	504501	114.0	-0.759923	-0.395929
505001	506000	505501	188.0	-0.759445	0.325770
506001	507000	506501	225.0	-0.758967	0.584963
507001	508000	507501	227.0	-0.758489	0.597730
508001	509000	508501	238.0	-0.758011	0.665999
509001	510000	509501	293.0	-0.757532	0.965938
510001	511000	510501	272.0	-0.757054	0.858644
511001	512000	511501	259.0	-0.756576	0.787990
512001	513000	512501	358.0	-0.756098	1.254997
513001	514000	513501	330.0	-0.755619	1.137504
514001	515000	514501	359.0	-0.755141	1.259021
515001	516000	515501	273.0	-0.754663	0.863938
516001	517000	516501	199.0	-0.754185	0.407806
517001	518000	517501	166.0	-0.753706	0.146221
518001	519000	518501	160.0	-0.753228	0.093109
519001	520000	519501	164.0	-0.752750	0.128733
520001	521000	520501	116.0	-0.752272	-0.370838
521001	522000	521501	156.0	-0.751793	0.056584
522001	523000	522501	126.0	-0.751315	-0.251539
523001	524000	523501	138.0	-0.750837	-0.120294
524001	525000	524501	118.0	-0.750359	-0.346176
525001	526000	525501	120.0	-0.749880	-0.321928
526001	527000	526501	100.0	-0.749402	-0.584963
527001	528000	527501	87.0	-0.748924	-0.785875
528001	529000	528501	101.0	-0.748446	-0.570607
529001	530000	529501	90.0	-0.747967	-0.736966
530001	531000	530501	94.0	-0.747489	-0.674230
531001	532000	531501	127.0	-0.747011	-0.240134
532001	533000	532501	113.0	-0.746533	-0.408640
533001	534000	533501	118.0	-0.746055	-0.346176
534001	535000	534501	146.0	-0.745576	-0.038994
535001	536000	535501	210.0	-0.745098	0.485427
536001	537000	536501	237.0	-0.744620	0.659925
537001	538000	537501	238.0	-0.744142	0.665999
538001	539000	538501	339.0	-0.743663	1.176323
539001	540000	539501	360.0	-0.743185	1.263034
540001	541000	540501	350.0	-0.742707	1.222392
541001	542000	541501	367.0	-0.742229	1.290818
542001	543000	542501	319.0	-0.741750	1.088594
543001	544000	543501	184.0	-0.741272	0.294743
544001	545000	544501	179.0	-0.740794	0.254997
545001	546000	545501	184.0	-0.740316	0.294743
546001	547000	546501	156.0	-0.739837	0.056584
547001	548000	547501	207.0	-0.739359	0.464668
548001	549000	548501	238.0	-0.738881	0.665999
549001	550000	549501	195.0	-0.738403	0.378512
550001	551000	550501	129.0	-0.737924	-0.217591
551001	552000	551501	115.0	-0.737446	-0.383329
552001	553000	552501	97.0	-0.736968	-0.628906
553001	554000	553501	135.0	-0.736490	-0.152003
554001	555000	554501	97.0	-0.736011	-0.628906
555001	556000	555501	167.0	-0.735533	0.154886
556001	557000	556501	209.0	-0.735055	0.478540
557001	558000	557501	141.0	-0.734577	-0.089267
558001	559000	558501	150.0	-0.734099	0.000000
559001	560000	559501	132.0	-0.733620	-0.184425
560001	561000	560501	136.0	-0.733142	-0.141356
561001	562000	561501	233.0	-0.732664	0.635367
562001	563000	562501	163.0	-0.732186	0.119909
563001	564000	563501	154.0	-0.731707	0.037968
564001	565000	564501	119.0	-0.731229	-0.334001
565001	566000	565501	125.0	-0.730751	-0.263034
566001	567000	566501	157.0	-0.730273	0.065802
567001	568000	567501	131.0	-0.729794	-0.195396
568001	569000	568501	144.0	-0.729316	-0.058894
569001	570000	569501	113.0	-0.728838	-0.408640
570001	571000	570501	98.0	-0.728360	-0.614109
571001	572000	571501	110.0	-0.727881	-0.447459
572001	573000	572501	89.0	-0.727403	-0.753085
573001	574000	573501	83.0	-0.726925	-0.853779
574001	575000	574501	95.0	-0.726447	-0.658963
575001	576000	575501	99.0	-0.725968	-0.599462
576001	577000	576501	86.0	-0.725490	-0.802554
577001	578000	577501	91.0	-0.725012	-0.721024
578001	579000	578501	101.0	-0.724534	-0.570607
579001	580000	579501	81.0	-0.724055	-0.888969
580001	581000	580501	73.0	-0.723577	-1.038994
581001	582000	581501	48.0	-0.723099	-1.643856
582001	583000	582501	77.0	-0.722621	-0.962032
583001	584000	583501	63.0	-0.722143	-1.251539
584001	585000	584501	83.0	-0.721664	-0.853779
585001	586000	585501	81.0	-0.721186	-0.888969
586001	587000	586501	90.0	-0.720708	-0.736966
587001	588000	587501	87.0	-0.720230	-0.785875
588001	589000	588501	76.0	-0.719751	-0.980891
589001	590000	589501	84.0	-0.719273	-0.836501
590001	591000	590501	81.0	-0.718795	-0.888969
591001	592000	591501	77.0	-0.718317	-0.962032
592001	593000	592501	106.0	-0.717838	-0.500898
593001	594000	593501	71.0	-0.717360	-1.079072
594001	595000	594501	91.0	-0.716882	-0.721024
595001	596000	595501	77.0	-0.716404	-0.962032
596001	597000	596501	69.0	-0.715925	-1.120294
597001	598000	597501	79.0	-0.715447	-0.925038
598001	599000	598501	60.0	-0.714969	-1.321928
599001	600000	599501	79.0	-0.714491	-0.925038
600001	601000	600501	77.0	-0.714012	-0.962032
601001	602000	601501	90.0	-0.713534	-0.736966
602001	603000	602501	94.0	-0.713056	-0.674230
603001	604000	603501	70.0	-0.712578	-1.099536
604001	605000	604501	52.0	-0.712099	-1.528379
605001	606000	605501	61.0	-0.711621	-1.298081
606001	607000	606501	72.0	-0.711143	-1.058894
607001	608000	607501	106.0	-0.710665	-0.500898
608001	609000	608501	84.0	-0.710187	-0.836501
609001	610000	609501	95.0	-0.709708	-0.658963
610001	611000	610501	63.0	-0.709230	-1.251539
611001	612000	611501	86.0	-0.708752	-0.802554
612001	613000	612501	95.0	-0.708274	-0.658963
613001	614000	613501	86.0	-0.707795	-0.802554
614001	615000	614501	86.0	-0.707317	-0.802554
615001	616000	615501	93.0	-0.706839	-0.689660
616001	617000	616501	91.0	-0.706361	-0.721024
617001	618000	617501	111.0	-0.705882	-0.434403
618001	619000	618501	80.0	-0.705404	-0.906891
619001	620000	619501	58.0	-0.704926	-1.370838
620001	621000	620501	80.0	-0.704448	-0.906891
621001	622000	621501	76.0	-0.703969	-0.980891
622001	623000	622501	96.0	-0.703491	-0.643856
623001	624000	623501	85.0	-0.703013	-0.819428
624001	625000	624501	65.0	-0.702535	-1.206451
625001	626000	625501	64.0	-0.702056	-1.228819
626001	627000	626501	88.0	-0.701578	-0.769387
627001	628000	627501	71.0	-0.701100	-1.079072
628001	629000	628501	88.0	-0.700622	-0.769387
629001	630000	629501	96.0	-0.700143	-0.643856
630001	631000	630501	94.0	-0.699665	-0.674230
631001	632000	631501	89.0	-0.699187	-0.753085
632001	633000	632501	109.0	-0.698709	-0.460634
633001	634000	633501	89.0	-0.698231	-0.753085
634001	635000	634501	141.0	-0.697752	-0.089267
635001	636000	635501	104.0	-0.697274	-0.528379
636001	637000	636501	117.0	-0.696796	-0.358454
637001	638000	637501	128.0	-0.696318	-0.228819
638001	639000	638501	139.0	-0.695839	-0.109878
639001	640000	639501	142.0	-0.695361	-0.079072
640001	641000	640501	134.0	-0.694883	-0.162730
641001	642000	641501	143.0	-0.694405	-0.068947
642001	643000	642501	216.0	-0.693926	0.526069
643001	644000	643501	216.0	-0.693448	0.526069
644001	645000	644501	244.0	-0.692970	0.701919
645001	646000	645501	233.0	-0.692492	0.635367
646001	647000	646501	221.0	-0.692013	0.559084
647001	648000	647501	191.0	-0.691535	0.348610
648001	649000	648501	155.0	-0.691057	0.047306
649001	650000	649501	127.0	-0.690579	-0.240134
650001	651000	650501	115.0	-0.690100	-0.383329
651001	652000	651501	91.0	-0.689622	-0.721024
652001	653000	652501	144.0	-0.689144	-0.058894
653001	654000	653501	135.0	-0.688666	-0.152003
654001	655000	654501	123.0	-0.688187	-0.286304
655001	656000	655501	83.0	-0.687709	-0.853779
656001	657000	656501	76.0	-0.687231	-0.980891
657001	658000	657501	111.0	-0.686753	-0.434403
658001	659000	658501	80.0	-0.686275	-0.906891
659001	660000	659501	95.0	-0.685796	-0.658963
660001	661000	660501	118.0	-0.685318	-0.346176
661001	662000	661501	103.0	-0.684840	-0.542318
662001	663000	662501	109.0	-0.684362	-0.460634
663001	664000	663501	113.0	-0.683883	-0.408640
664001	665000	664501	99.0	-0.683405	-0.599462
665001	666000	665501	142.0	-0.682927	-0.079072
666001	667000	666501	104.0	-0.682449	-0.528379
667001	668000	667501	103.0	-0.681970	-0.542318
668001	669000	668501	102.0	-0.681492	-0.556393
669001	670000	669501	83.0	-0.681014	-0.853779
670001	671000	670501	92.0	-0.680536	-0.705257
671001	672000	671501	90.0	-0.680057	-0.736966
672001	673000	672501	73.0	-0.679579	-1.038994
673001	674000	673501	105.0	-0.679101	-0.514573
674001	675000	674501	152.0	-0.678623	0.019109
675001	676000	675501	133.0	-0.678144	-0.173536
676001	677000	676501	89.0	-0.677666	-0.753085
677001	678000	677501	115.0	-0.677188	-0.383329
678001	679000	678501	104.0	-0.676710	-0.528379
679001	680000	679501	121.0	-0.676231	-0.309955
680001	681000	680501	135.0	-0.675753	-0.152003
681001	682000	681501	171.0	-0.675275	0.189034
682001	683000	682501	123.0	-0.674797	-0.286304
683001	684000	683501	153.0	-0.674319	0.028569
684001	685000	684501	135.0	-0.673840	-0.152003
685001	686000	685501	156.0	-0.673362	0.056584
686001	687000	686501	124.0	-0.672884	-0.274622
687001	688000	687501	97.0	-0.672406	-0.628906
688001	689000	688501	125.0	-0.671927	-0.263034
689001	690000	689501	123.0	-0.671449	-0.286304
690001	691000	690501	112.0	-0.670971	-0.421464
691001	692000	691501	89.0	-0.670493	-0.753085
692001	693000	692501	102.0	-0.670014	-0.556393
693001	694000	693501	92.0	-0.669536	-0.705257
694001	695000	694501	121.0	-0.669058	-0.309955
695001	696000	695501	128.0	-0.668580	-0.228819
696001	697000	696501	137.0	-0.668101	-0.130787
697001	698000	697501	137.0	-0.667623	-0.130787
698001	699000	698501	222.0	-0.667145	0.565597
699001	700000	699501	207.0	-0.666667	0.464668
700001	701000	700501	185.0	-0.666188	0.302563
701001	702000	701501	230.0	-0.665710	0.616671
702001	703000	702501	242.0	-0.665232	0.690045
703001	704000	703501	324.0	-0.664754	1.111031
704001	705000	704501	327.0	-0.664275	1.124328
705001	706000	705501	356.0	-0.663797	1.246915
706001	707000	706501	286.0	-0.663319	0.931053
707001	708000	707501	240.0	-0.662841	0.678072
708001	709000	708501	223.0	-0.662363	0.572081
709001	710000	709501	162.0	-0.661884	0.111031
710001	711000	710501	152.0	-0.661406	0.019109
711001	712000	711501	164.0	-0.660928	0.128733
712001	713000	712501	135.0	-0.660450	-0.152003
713001	714000	713501	123.0	-0.659971	-0.286304
714001	715000	714501	111.0	-0.659493	-0.434403
715001	716000	715501	93.0	-0.659015	-0.689660
716001	717000	716501	137.0	-0.658537	-0.130787
717001	718000	717501	143.0	-0.658058	-0.068947
718001	719000	718501	78.0	-0.657580	-0.943416
719001	720000	719501	73.0	-0.657102	-1.038994
720001	721000	720501	106.0	-0.656624	-0.500898
721001	722000	721501	90.0	-0.656145	-0.736966
722001	723000	722501	112.0	-0.655667	-0.421464
723001	724000	723501	79.0	-0.655189	-0.925038
724001	725000	724501	76.0	-0.654711	-0.980891
725001	726000	725501	94.0	-0.654232	-0.674230
726001	727000	726501	79.0	-0.653754	-0.925038
727001	728000	727501	85.0	-0.653276	-0.819428
728001	729000	728501	94.0	-0.652798	-0.674230
729001	730000	729501	82.0	-0.652319	-0.871267
730001	731000	730501	86.0	-0.651841	-0.802554
731001	732000	731501	76.0	-0.651363	-0.980891
732001	733000	732501	83.0	-0.650885	-0.853779
733001	734000	733501	74.0	-0.650407	-1.019365
734001	735000	734501	84.0	-0.649928	-0.836501
735001	736000	735501	53.0	-0.649450	-1.500898
736001	737000	736501	87.0	-0.648972	-0.785875
737001	738000	737501	68.0	-0.648494	-1.141356
738001	739000	738501	65.0	-0.648015	-1.206451
739001	740000	739501	71.0	-0.647537	-1.079072
740001	741000	740501	93.0	-0.647059	-0.689660
741001	742000	741501	77.0	-0.646581	-0.962032
742001	743000	742501	93.0	-0.646102	-0.689660
743001	744000	743501	106.0	-0.645624	-0.500898
744001	745000	744501	101.0	-0.645146	-0.570607
745001	746000	745501	106.0	-0.644668	-0.500898
746001	747000	746501	117.0	-0.644189	-0.358454
747001	748000	747501	131.0	-0.643711	-0.195396
748001	749000	748501	161.0	-0.643233	0.102098
749001	750000	749501	158.0	-0.642755	0.074962
750001	751000	750501	126.0	-0.642276	-0.251539
751001	752000	751501	111.0	-0.641798	-0.434403
752001	753000	752501	114.0	-0.641320	-0.395929
753001	754000	753501	103.0	-0.640842	-0.542318
754001	755000	754501	121.0	-0.640363	-0.309955
755001	756000	755501	133.0	-0.639885	-0.173536
756001	757000	756501	142.0	-0.639407	-0.079072
757001	758000	757501	134.0	-0.638929	-0.162730
758001	759000	758501	97.0	-0.638451	-0.628906
759001	760000	759501	131.0	-0.637972	-0.195396
760001	761000	760501	123.0	-0.637494	-0.286304
761001	762000	761501	152.0	-0.637016	0.019109
762001	763000	762501	173.0	-0.636538	0.205810
763001	764000	763501	179.0	-0.636059	0.254997
764001	765000	764501	176.0	-0.635581	0.230613
765001	766000	765501	202.0	-0.635103	0.429393
766001	767000	766501	310.0	-0.634625	1.047306
767001	768000	767501	209.0	-0.634146	0.478540
768001	769000	768501	202.0	-0.633668	0.429393
769001	770000	769501	302.0	-0.633190	1.009586
770001	771000	770501	271.0	-0.632712	0.853330
771001	772000	771501	270.0	-0.632233	0.847997
772001	773000	772501	231.0	-0.631755	0.622930
773001	774000	773501	175.0	-0.631277	0.222392
774001	775000	774501	148.0	-0.630799	-0.019365
775001	776000	775501	137.0	-0.630320	-0.130787
776001	777000	776501	105.0	-0.629842	-0.514573
777001	778000	777501	128.0	-0.629364	-0.228819
778001	779000	778501	126.0	-0.628886	-0.251539
779001	780000	779501	108.0	-0.628407	-0.473931
780001	781000	780501	96.0	-0.627929	-0.643856
781001	782000	781501	89.0	-0.627451	-0.753085
782001	783000	782501	85.0	-0.626973	-0.819428
783001	784000	783501	72.0	-0.626495	-1.058894
784001	785000	784501	95.0	-0.626016	-0.658963
785001	786000	785501	75.0	-0.625538	-1.000000
786001	787000	786501	99.0	-0.625060	-0.599462
787001	788000	787501	108.0	-0.624582	-0.473931
788001	789000	788501	102.0	-0.624103	-0.556393
789001	790000	789501	77.0	-0.623625	-0.962032
790001	791000	790501	85.0	-0.623147	-0.819428
791001	792000	791501	81.0	-0.622669	-0.888969
792001	793000	792501	99.0	-0.622190	-0.599462
793001	794000	793501	107.0	-0.621712	-0.487352
794001	795000	794501	90.0	-0.621234	-0.736966
795001	796000	795501	112.0	-0.620756	-0.421464
796001	797000	796501	86.0	-0.620277	-0.802554
797001	798000	797501	73.0	-0.619799	-1.038994
798001	799000	798501	73.0	-0.619321	-1.038994
799001	800000	799501	62.0	-0.618843	-1.274622
800001	801000	800501	71.0	-0.618364	-1.079072
801001	802000	801501	93.0	-0.617886	-0.689660
802001	803000	802501	96.0	-0.617408	-0.643856
803001	804000	803501	86.0	-0.616930	-0.802554
804001	805000	804501	105.0	-0.616451	-0.514573
805001	806000	805501	79.0	-0.615973	-0.925038
806001	807000	806501	99.0	-0.615495	-0.599462
807001	808000	807501	97.0	-0.615017	-0.628906
808001	809000	808501	86.0	-0.614538	-0.802554
809001	810000	809501	99.0	-0.614060	-0.599462
810001	811000	810501	111.0	-0.613582	-0.434403
811001	812000	811501	88.0	-0.613104	-0.769387
812001	813000	812501	114.0	-0.612626	-0.395929
813001	814000	813501	131.0	-0.612147	-0.195396
814001	815000	814501	122.0	-0.611669	-0.298081
815001	816000	815501	126.0	-0.611191	-0.251539
816001	817000	816501	180.0	-0.610713	0.263034
817001	818000	817501	171.0	-0.610234	0.189034
818001	819000	818501	111.0	-0.609756	-0.434403
819001	820000	819501	156.0	-0.609278	0.056584
820001	821000	820501	172.0	-0.608800	0.197446
821001	822000	821501	130.0	-0.608321	-0.206451
822001	823000	822501	159.0	-0.607843	0.084064
823001	824000	823501	167.0	-0.607365	0.154886
824001	825000	824501	140.0	-0.606887	-0.099536
825001	826000	825501	104.0	-0.606408	-0.528379
826001	827000	826501	138.0	-0.605930	-0.120294
827001	828000	827501	131.0	-0.605452	-0.195396
828001	829000	828501	129.0	-0.604974	-0.217591
829001	830000	829501	115.0	-0.604495	-0.383329
830001	831000	830501	147.0	-0.604017	-0.029146
831001	832000	831501	89.0	-0.603539	-0.753085
832001	833000	832501	100.0	-0.603061	-0.584963
833001	834000	833501	114.0	-0.602582	-0.395929
834001	835000	834501	102.0	-0.602104	-0.556393
835001	836000	835501	111.0	-0.601626	-0.434403
836001	837000	836501	113.0	-0.601148	-0.408640
837001	838000	837501	100.0	-0.600670	-0.584963
838001	839000	838501	77.0	-0.600191	-0.962032
839001	840000	839501	59.0	-0.599713	-1.346176
840001	841000	840501	84.0	-0.599235	-0.836501
841001	842000	841501	87.0	-0.598757	-0.785875
842001	843000	842501	74.0	-0.598278	-1.019365
843001	844000	843501	72.0	-0.597800	-1.058894
844001	845000	844501	120.0	-0.597322	-0.321928
845001	846000	845501	88.0	-0.596844	-0.769387
846001	847000	846501	83.0	-0.596365	-0.853779
847001	848000	847501	104.0	-0.595887	-0.528379
848001	849000	848501	109.0	-0.595409	-0.460634
849001	850000	849501	98.0	-0.594931	-0.614109
850001	851000	850501	83.0	-0.594452	-0.853779
851001	852000	851501	87.0	-0.593974	-0.785875
852001	853000	852501	102.0	-0.593496	-0.556393
853001	854000	853501	91.0	-0.593018	-0.721024
854001	855000	854501	107.0	-0.592539	-0.487352
855001	856000	855501	104.0	-0.592061	-0.528379
856001	857000	856501	134.0	-0.591583	-0.162730
857001	858000	857501	120.0	-0.591105	-0.321928
858001	859000	858501	124.0	-0.590626	-0.274622
859001	860000	859501	118.0	-0.590148	-0.346176
860001	861000	860501	113.0	-0.589670	-0.408640
861001	862000	861501	125.0	-0.589192	-0.263034
862001	863000	862501	112.0	-0.588714	-0.421464
863001	864000	863501	138.0	-0.588235	-0.120294
864001	865000	864501	132.0	-0.587757	-0.184425
865001	866000	865501	128.0	-0.587279	-0.228819
866001	867000	866501	124.0	-0.586801	-0.274622
867001	868000	867501	150.0	-0.586322	0.000000
868001	869000	868501	141.0	-0.585844	-0.089267
869001	870000	869501	114.0	-0.585366	-0.395929
870001	871000	870501	81.0	-0.584888	-0.888969
871001	872000	871501	114.0	-0.584409	-0.395929
872001	873000	872501	124.0	-0.583931	-0.274622
873001	874000	873501	86.0	-0.583453	-0.802554
874001	875000	874501	88.0	-0.582975	-0.769387
875001	876000	875501	137.0	-0.582496	-0.130787
876001	877000	876501	174.0	-0.582018	0.214125
877001	878000	877501	139.0	-0.581540	-0.109878
878001	879000	878501	99.0	-0.581062	-0.599462
879001	880000	879501	101.0	-0.580583	-0.570607
880001	881000	880501	74.0	-0.580105	-1.019365
881001	882000	881501	110.0	-0.579627	-0.447459
882001	883000	882501	78.0	-0.579149	-0.943416
883001	884000	883501	66.0	-0.578670	-1.184425
884001	885000	884501	78.0	-0.578192	-0.943416
885001	886000	885501	80.0	-0.577714	-0.906891
886001	887000	886501	89.0	-0.577236	-0.753085
887001	888000	887501	93.0	-0.576758	-0.689660
888001	889000	888501	65.0	-0.576279	-1.206451
889001	890000	889501	74.0	-0.575801	-1.019365
890001	891000	890501	122.0	-0.575323	-0.298081
891001	892000	891501	90.0	-0.574845	-0.736966
892001	893000	892501	84.0	-0.574366	-0.836501
893001	894000	893501	72.0	-0.573888	-1.058894
894001	895000	894501	75.0	-0.573410	-1.000000
895001	896000	895501	81.0	-0.572932	-0.888969
896001	897000	896501	90.0	-0.572453	-0.736966
897001	898000	897501	92.0	-0.571975	-0.705257
898001	899000	898501	91.0	-0.571497	-0.721024
899001	900000	899501	79.0	-0.571019	-0.925038
900001	901000	900501	94.0	-0.570540	-0.674230
901001	902000	901501	89.0	-0.570062	-0.753085
902001	903000	902501	93.0	-0.569584	-0.689660
903001	904000	903501	132.0	-0.569106	-0.184425
904001	905000	904501	97.0	-0.568627	-0.628906
905001	906000	905501	81.0	-0.568149	-0.888969
906001	907000	906501	71.0	-0.567671	-1.079072
907001	908000	907501	87.0	-0.567193	-0.785875
908001	909000	908501	69.0	-0.566714	-1.120294
909001	910000	909501	95.0	-0.566236	-0.658963
910001	911000	910501	78.0	-0.565758	-0.943416
911001	912000	911501	105.0	-0.565280	-0.514573
912001	913000	912501	77.0	-0.564802	-0.962032
913001	914000	913501	77.0	-0.564323	-0.962032
914001	915000	914501	108.0	-0.563845	-0.473931
915001	916000	915501	78.0	-0.563367	-0.943416
916001	917000	916501	85.0	-0.562889	-0.819428
917001	918000	917501	98.0	-0.562410	-0.614109
918001	919000	918501	95.0	-0.561932	-0.658963
919001	920000	919501	105.0	-0.561454	-0.514573
920001	921000	920501	95.0	-0.560976	-0.658963
921001	922000	921501	80.0	-0.560497	-0.906891
922001	923000	922501	113.0	-0.560019	-0.408640
923001	924000	923501	125.0	-0.559541	-0.263034
924001	925000	924501	52.0	-0.559063	-1.528379
925001	926000	925501	94.0	-0.558584	-0.674230
926001	927000	926501	97.0	-0.558106	-0.628906
927001	928000	927501	114.0	-0.557628	-0.395929
928001	929000	928501	69.0	-0.557150	-1.120294
929001	930000	929501	80.0	-0.556671	-0.906891
930001	931000	930501	68.0	-0.556193	-1.141356
931001	932000	931501	102.0	-0.555715	-0.556393
932001	933000	932501	102.0	-0.555237	-0.556393
933001	934000	933501	94.0	-0.554758	-0.674230
934001	935000	934501	126.0	-0.554280	-0.251539
935001	936000	935501	124.0	-0.553802	-0.274622
936001	937000	936501	85.0	-0.553324	-0.819428
937001	938000	937501	80.0	-0.552846	-0.906891
938001	939000	938501	84.0	-0.552367	-0.836501
939001	940000	939501	106.0	-0.551889	-0.500898
940001	941000	940501	97.0	-0.551411	-0.628906
941001	942000	941501	116.0	-0.550933	-0.370838
942001	943000	942501	92.0	-0.550454	-0.705257
943001	944000	943501	94.0	-0.549976	-0.674230
944001	945000	944501	107.0	-0.549498	-0.487352
945001	946000	945501	88.0	-0.549020	-0.769387
946001	947000	946501	95.0	-0.548541	-0.658963
947001	948000	947501	83.0	-0.548063	-0.853779
948001	949000	948501	86.0	-0.547585	-0.802554
949001	950000	949501	93.0	-0.547107	-0.689660
950001	951000	950501	77.0	-0.546628	-0.962032
951001	952000	951501	81.0	-0.546150	-0.888969
952001	953000	952501	120.0	-0.545672	-0.321928
953001	954000	953501	136.0	-0.545194	-0.141356
954001	955000	954501	146.0	-0.544715	-0.038994
955001	956000	955501	133.0	-0.544237	-0.173536
956001	957000	956501	134.0	-0.543759	-0.162730
957001	958000	957501	106.0	-0.543281	-0.500898
958001	959000	958501	131.0	-0.542802	-0.195396
959001	960000	959501	104.0	-0.542324	-0.528379
960001	961000	960501	133.0	-0.541846	-0.173536
961001	962000	961501	168.0	-0.541368	0.163499
962001	963000	962501	156.0	-0.540890	0.056584
963001	964000	963501	181.0	-0.540411	0.271027
964001	965000	964501	210.0	-0.539933	0.485427
965001	966000	965501	258.0	-0.539455	0.782409
966001	967000	966501	174.0	-0.538977	0.214125
967001	968000	967501	186.0	-0.538498	0.310340
968001	969000	968501	100.0	-0.538020	-0.584963
969001	970000	969501	101.0	-0.537542	-0.570607
970001	971000	970501	147.0	-0.537064	-0.029146
971001	972000	971501	123.0	-0.536585	-0.286304
972001	973000	972501	162.0	-0.536107	0.111031
973001	974000	973501	115.0	-0.535629	-0.383329
974001	975000	974501	116.0	-0.535151	-0.370838
975001	976000	975501	138.0	-0.534672	-0.120294
976001	977000	976501	152.0	-0.534194	0.019109
977001	978000	977501	115.0	-0.533716	-0.383329
978001	979000	978501	93.0	-0.533238	-0.689660
979001	980000	979501	103.0	-0.532759	-0.542318
980001	981000	980501	70.0	-0.532281	-1.099536
981001	982000	981501	108.0	-0.531803	-0.473931
982001	983000	982501	81.0	-0.531325	-0.888969
983001	984000	983501	75.0	-0.530846	-1.000000
984001	985000	984501	68.0	-0.530368	-1.141356
985001	986000	985501	136.0	-0.529890	-0.141356
986001	987000	986501	79.0	-0.529412	-0.925038
987001	988000	987501	75.0	-0.528934	-1.000000
988001	989000	988501	96.0	-0.528455	-0.643856
989001	990000	989501	68.0	-0.527977	-1.141356
990001	991000	990501	80.0	-0.527499	-0.906891
991001	992000	991501	99.0	-0.527021	-0.599462
992001	993000	992501	90.0	-0.526542	-0.736966
993001	994000	993501	70.0	-0.526064	-1.099536
994001	995000	994501	95.0	-0.525586	-0.658963
995001	996000	995501	116.0	-0.525108	-0.370838
996001	997000	996501	84.0	-0.524629	-0.836501
997001	998000	997501	52.0	-0.524151	-1.528379
998001	999000	998501	79.0	-0.523673	-0.925038
999001	1000000	999501	55.0	-0.523195	-1.447459
1000001	1001000	1000501	95.0	-0.522716	-0.658963
1001001	1002000	1001501	91.0	-0.522238	-0.721024
1002001	1003000	1002501	63.0	-0.521760	-1.251539
1003001	1004000	1003501	102.0	-0.521282	-0.556393
1004001	1005000	1004501	98.0	-0.520803	-0.614109
1005001	1006000	1005501	83.0	-0.520325	-0.853779
1006001	1007000	1006501	75.0	-0.519847	-1.000000
1007001	1008000	1007501	94.0	-0.519369	-0.674230
1008001	1009000	1008501	88.0	-0.518890	-0.769387
1009001	1010000	1009501	107.0	-0.518412	-0.487352
1010001	1011000	1010501	127.0	-0.517934	-0.240134
1011001	1012000	1011501	116.0	-0.517456	-0.370838
1012001	1013000	1012501	116.0	-0.516978	-0.370838
1013001	1014000	1013501	152.0	-0.516499	0.019109
1014001	1015000	1014501	159.0	-0.516021	0.084064
1015001	1016000	1015501	166.0	-0.515543	0.146221
1016001	1017000	1016501	179.0	-0.515065	0.254997
1017001	1018000	1017501	189.0	-0.514586	0.333424
1018001	1019000	1018501	206.0	-0.514108	0.457682
1019001	1020000	1019501	234.0	-0.513630	0.641546
1020001	1021000	1020501	363.0	-0.513152	1.275007
1021001	1022000	1021501	370.0	-0.512673	1.302563
1022001	1023000	1022501	469.0	-0.512195	1.644625
1023001	1024000	1023501	527.0	-0.511717	1.812840
1024001	1025000	1024501	587.0	-0.511239	1.968398
1025001	1026000	1025501	410.0	-0.510760	1.450661
1026001	1027000	1026501	501.0	-0.510282	1.739848
1027001	1028000	1027501	395.0	-0.509804	1.396890
1028001	1029000	1028501	604.0	-0.509326	2.009586
1029001	1030000	1029501	546.0	-0.508847	1.863938
1030001	1031000	1030501	461.0	-0.508369	1.619804
1031001	1032000	1031501	659.0	-0.507891	2.135316
1032001	1033000	1032501	511.0	-0.507413	1.768361
1033001	1034000	1033501	372.0	-0.506934	1.310340
1034001	1035000	1034501	250.0	-0.506456	0.736966
1035001	1036000	1035501	286.0	-0.505978	0.931053
1036001	1037000	1036501	234.0	-0.505500	0.641546
1037001	1038000	1037501	160.0	-0.505022	0.093109
1038001	1039000	1038501	124.0	-0.504543	-0.274622
1039001	1040000	1039501	118.0	-0.504065	-0.346176
1040001	1041000	1040501	144.0	-0.503587	-0.058894
1041001	1042000	1041501	179.0	-0.503109	0.254997
1042001	1043000	1042501	119.0	-0.502630	-0.334001
1043001	1044000	1043501	106.0	-0.502152	-0.500898
1044001	1045000	1044501	141.0	-0.501674	-0.089267
1045001	1046000	1045501	114.0	-0.501196	-0.395929
1046001	1047000	1046501	113.0	-0.500717	-0.408640
1047001	1048000	1047501	88.0	-0.500239	-0.769387
1048001	1049000	1048501	100.0	-0.499761	-0.584963
1049001	1050000	1049501	118.0	-0.499283	-0.346176
1050001	1051000	1050501	95.0	-0.498804	-0.658963
1051001	1052000	1051501	126.0	-0.498326	-0.251539
1052001	1053000	1052501	114.0	-0.497848	-0.395929
1053001	1054000	1053501	137.0	-0.497370	-0.130787
1054001	1055000	1054501	97.0	-0.496891	-0.628906
1055001	1056000	1055501	92.0	-0.496413	-0.705257
1056001	1057000	1056501	101.0	-0.495935	-0.570607
1057001	1058000	1057501	145.0	-0.495457	-0.048910
1058001	1059000	1058501	165.0	-0.494978	0.137504
1059001	1060000	1059501	165.0	-0.494500	0.137504
1060001	1061000	1060501	123.0	-0.494022	-0.286304
1061001	1062000	1061501	138.0	-0.493544	-0.120294
1062001	1063000	1062501	164.0	-0.493066	0.128733
1063001	1064000	1063501	209.0	-0.492587	0.478540
1064001	1065000	1064501	269.0	-0.492109	0.842644
1065001	1066000	1065501	245.0	-0.491631	0.707819
1066001	1067000	1066501	373.0	-0.491153	1.314213
1067001	1068000	1067501	435.0	-0.490674	1.536053
1068001	1069000	1068501	463.0	-0.490196	1.626050
1069001	1070000	1069501	549.0	-0.489718	1.871844
1070001	1071000	1070501	426.0	-0.489240	1.505891
1071001	1072000	1071501	377.0	-0.488761	1.329602
1072001	1073000	1072501	244.0	-0.488283	0.701919
1073001	1074000	1073501	223.0	-0.487805	0.572081
1074001	1075000	1074501	157.0	-0.487327	0.065802
1075001	1076000	1075501	143.0	-0.486848	-0.068947
1076001	1077000	1076501	117.0	-0.486370	-0.358454
1077001	1078000	1077501	135.0	-0.485892	-0.152003
1078001	1079000	1078501	95.0	-0.485414	-0.658963
1079001	1080000	1079501	94.0	-0.484935	-0.674230
1080001	1081000	1080501	98.0	-0.484457	-0.614109
1081001	1082000	1081501	110.0	-0.483979	-0.447459
1082001	1083000	1082501	126.0	-0.483501	-0.251539
1083001	1084000	1083501	141.0	-0.483022	-0.089267
1084001	1085000	1084501	149.0	-0.482544	-0.009650
1085001	1086000	1085501	134.0	-0.482066	-0.162730
1086001	1087000	1086501	158.0	-0.481588	0.074962
1087001	1088000	1087501	199.0	-0.481110	0.407806
1088001	1089000	1088501	226.0	-0.480631	0.591360
1089001	1090000	1089501	221.0	-0.480153	0.559084
1090001	1091000	1090501	270.0	-0.479675	0.847997
1091001	1092000	1091501	276.0	-0.479197	0.879706
1092001	1093000	1092501	321.0	-0.478718	1.097611
1093001	1094000	1093501	430.0	-0.478240	1.519374
1094001	1095000	1094501	519.0	-0.477762	1.790772
1095001	1096000	1095501	514.0	-0.477284	1.776806
1096001	1097000	1096501	472.0	-0.476805	1.653824
1097001	1098000	1097501	391.0	-0.476327	1.382206
1098001	1099000	1098501	317.0	-0.475849	1.079520
1099001	1100000	1099501	401.0	-0.475371	1.418640
1100001	1101000	1100501	351.0	-0.474892	1.226509
1101001	1102000	1101501	292.0	-0.474414	0.961006
1102001	1103000	1102501	189.0	-0.473936	0.333424
1103001	1104000	1103501	226.0	-0.473458	0.591360
1104001	1105000	1104501	222.0	-0.472979	0.565597
1105001	1106000	1105501	184.0	-0.472501	0.294743
1106001	1107000	1106501	169.0	-0.472023	0.172061
1107001	1108000	1107501	188.0	-0.471545	0.325770
1108001	1109000	1108501	188.0	-0.471066	0.325770
1109001	1110000	1109501	207.0	-0.470588	0.464668
1110001	1111000	1110501	199.0	-0.470110	0.407806
1111001	1112000	1111501	183.0	-0.469632	0.286881
1112001	1113000	1112501	170.0	-0.469154	0.180572
1113001	1114000	1113501	204.0	-0.468675	0.443607
1114001	1115000	1114501	166.0	-0.468197	0.146221
1115001	1116000	1115501	114.0	-0.467719	-0.395929
1116001	1117000	1116501	116.0	-0.467241	-0.370838
1117001	1118000	1117501	134.0	-0.466762	-0.162730
1118001	1119000	1118501	86.0	-0.466284	-0.802554
1119001	1120000	1119501	116.0	-0.465806	-0.370838
1120001	1121000	1120501	115.0	-0.465328	-0.383329
1121001	1122000	1121501	116.0	-0.464849	-0.370838
1122001	1123000	1122501	120.0	-0.464371	-0.321928
1123001	1124000	1123501	95.0	-0.463893	-0.658963
1124001	1125000	1124501	54.0	-0.463415	-1.473931
1125001	1126000	1125501	81.0	-0.462936	-0.888969
1126001	1127000	1126501	94.0	-0.462458	-0.674230
1127001	1128000	1127501	84.0	-0.461980	-0.836501
1128001	1129000	1128501	113.0	-0.461502	-0.408640
1129001	1130000	1129501	76.0	-0.461023	-0.980891
1130001	1131000	1130501	98.0	-0.460545	-0.614109
1131001	1132000	1131501	87.0	-0.460067	-0.785875
1132001	1133000	1132501	76.0	-0.459589	-0.980891
1133001	1134000	1133501	88.0	-0.459110	-0.769387
1134001	1135000	1134501	90.0	-0.458632	-0.736966
1135001	1136000	1135501	83.0	-0.458154	-0.853779
1136001	1137000	1136501	101.0	-0.457676	-0.570607
1137001	1138000	1137501	99.0	-0.457198	-0.599462
1138001	1139000	1138501	130.0	-0.456719	-0.206451
1139001	1140000	1139501	129.0	-0.456241	-0.217591
1140001	1141000	1140501	134.0	-0.455763	-0.162730
1141001	1142000	1141501	109.0	-0.455285	-0.460634
1142001	1143000	1142501	84.0	-0.454806	-0.836501
1143001	1144000	1143501	125.0	-0.454328	-0.263034
1144001	1145000	1144501	90.0	-0.453850	-0.736966
1145001	1146000	1145501	121.0	-0.453372	-0.309955
1146001	1147000	1146501	103.0	-0.452893	-0.542318
1147001	1148000	1147501	101.0	-0.452415	-0.570607
1148001	1149000	1148501	108.0	-0.451937	-0.473931
1149001	1150000	1149501	110.0	-0.451459	-0.447459
1150001	1151000	1150501	91.0	-0.450980	-0.721024
1151001	1152000	1151501	92.0	-0.450502	-0.705257
1152001	1153000	1152501	127.0	-0.450024	-0.240134
1153001	1154000	1153501	157.0	-0.449546	0.065802
1154001	1155000	1154501	124.0	-0.449067	-0.274622
1155001	1156000	1155501	171.0	-0.448589	0.189034
1156001	1157000	1156501	164.0	-0.448111	0.128733
1157001	1158000	1157501	120.0	-0.447633	-0.321928
1158001	1159000	1158501	152.0	-0.447154	0.019109
1159001	1160000	1159501	170.0	-0.446676	0.180572
1160001	1161000	1160501	140.0	-0.446198	-0.099536
1161001	1162000	1161501	145.0	-0.445720	-0.048910
1162001	1163000	1162501	166.0	-0.445242	0.146221
1163001	1164000	1163501	158.0	-0.444763	0.074962
1164001	1165000	1164501	141.0	-0.444285	-0.089267
1165001	1166000	1165501	105.0	-0.443807	-0.514573
1166001	1167000	1166501	116.0	-0.443329	-0.370838
1167001	1168000	1167501	117.0	-0.442850	-0.358454
1168001	1169000	1168501	109.0	-0.442372	-0.460634
1169001	1170000	1169501	114.0	-0.441894	-0.395929
1170001	1171000	1170501	90.0	-0.441416	-0.736966
1171001	1172000	1171501	77.0	-0.440937	-0.962032
1172001	1173000	1172501	106.0	-0.440459	-0.500898
1173001	1174000	1173501	65.0	-0.439981	-1.206451
1174001	1175000	1174501	105.0	-0.439503	-0.514573
1175001	1176000	1175501	73.0	-0.439024	-1.038994
1176001	1177000	1176501	107.0	-0.438546	-0.487352
1177001	1178000	1177501	95.0	-0.438068	-0.658963
1178001	1179000	1178501	95.0	-0.437590	-0.658963
1179001	1180000	1179501	102.0	-0.437111	-0.556393
1180001	1181000	1180501	101.0	-0.436633	-0.570607
1181001	1182000	1181501	79.0	-0.436155	-0.925038
1182001	1183000	1182501	93.0	-0.435677	-0.689660
1183001	1184000	1183501	103.0	-0.435198	-0.542318
1184001	1185000	1184501	89.0	-0.434720	-0.753085
1185001	1186000	1185501	125.0	-0.434242	-0.263034
1186001	1187000	1186501	125.0	-0.433764	-0.263034
1187001	1188000	1187501	103.0	-0.433286	-0.542318
1188001	1189000	1188501	142.0	-0.432807	-0.079072
1189001	1190000	1189501	192.0	-0.432329	0.356144
1190001	1191000	1190501	197.0	-0.431851	0.393233
1191001	1192000	1191501	214.0	-0.431373	0.512648
1192001	1193000	1192501	215.0	-0.430894	0.519374
1193001	1194000	1193501	259.0	-0.430416	0.787990
1194001	1195000	1194501	259.0	-0.429938	0.787990
1195001	1196000	1195501	307.0	-0.429460	1.033276
1196001	1197000	1196501	334.0	-0.428981	1.154886
1197001	1198000	1197501	280.0	-0.428503	0.900464
1198001	1199000	1198501	266.0	-0.428025	0.826464
1199001	1200000	1199501	284.0	-0.427547	0.920928
1200001	1201000	1200501	285.0	-0.427068	0.925999
1201001	1202000	1201501	436.0	-0.426590	1.539366
1202001	1203000	1202501	267.0	-0.426112	0.831877
1203001	1204000	1203501	282.0	-0.425634	0.910733
1204001	1205000	1204501	294.0	-0.425155	0.970854
1205001	1206000	1205501	371.0	-0.424677	1.306457
1206001	1207000	1206501	345.0	-0.424199	1.201634
1207001	1208000	1207501	355.0	-0.423721	1.242857
1208001	1209000	1208501	328.0	-0.423242	1.128733
1209001	1210000	1209501	230.0	-0.422764	0.616671
1210001	1211000	1210501	243.0	-0.422286	0.695994
1211001	1212000	1211501	317.0	-0.421808	1.079520
1212001	1213000	1212501	381.0	-0.421330	1.344828
1213001	1214000	1213501	411.0	-0.420851	1.454176
1214001	1215000	1214501	445.0	-0.420373	1.568843
1215001	1216000	1215501	536.0	-0.419895	1.837270
1216001	1217000	1216501	644.0	-0.419417	2.102098
1217001	1218000	1217501	686.0	-0.418938	2.193246
1218001	1219000	1218501	518.0	-0.418460	1.787990
1219001	1220000	1219501	482.0	-0.417982	1.684071
1220001	1221000	1220501	311.0	-0.417504	1.051952
1221001	1222000	1221501	352.0	-0.417025	1.230613
1222001	1223000	1222501	213.0	-0.416547	0.505891
1223001	1224000	1223501	200.0	-0.416069	0.415037
1224001	1225000	1224501	216.0	-0.415591	0.526069
1225001	1226000	1225501	200.0	-0.415112	0.415037
1226001	1227000	1226501	133.0	-0.414634	-0.173536
1227001	1228000	1227501	130.0	-0.414156	-0.206451
1228001	1229000	1228501	118.0	-0.413678	-0.346176
1229001	1230000	1229501	127.0	-0.413199	-0.240134
1230001	1231000	1230501	101.0	-0.412721	-0.570607
1231001	1232000	1231501	98.0	-0.412243	-0.614109
1232001	1233000	1232501	97.0	-0.411765	-0.628906
1233001	1234000	1233501	74.0	-0.411286	-1.019365
1234001	1235000	1234501	86.0	-0.410808	-0.802554
1235001	1236000	1235501	91.0	-0.410330	-0.721024
1236001	1237000	1236501	62.0	-0.409852	-1.274622
1237001	1238000	1237501	98.0	-0.409374	-0.614109
1238001	1239000	1238501	109.0	-0.408895	-0.460634
1239001	1240000	1239501	69.0	-0.408417	-1.120294
1240001	1241000	1240501	109.0	-0.407939	-0.460634
1241001	1242000	1241501	91.0	-0.407461	-0.721024
1242001	1243000	1242501	94.0	-0.406982	-0.674230
1243001	1244000	1243501	71.0	-0.406504	-1.079072
1244001	1245000	1244501	67.0	-0.406026	-1.162730
1245001	1246000	1245501	99.0	-0.405548	-0.599462
1246001	1247000	1246501	101.0	-0.405069	-0.570607
1247001	1248000	1247501	69.0	-0.404591	-1.120294
1248001	1249000	1248501	109.0	-0.404113	-0.460634
1249001	1250000	1249501	79.0	-0.403635	-0.925038
1250001	1251000	1250501	68.0	-0.403156	-1.141356
1251001	1252000	1251501	83.0	-0.402678	-0.853779
1252001	1253000	1252501	128.0	-0.402200	-0.228819
1253001	1254000	1253501	81.0	-0.401722	-0.888969
1254001	1255000	1254501	104.0	-0.401243	-0.528379
1255001	1256000	1255501	111.0	-0.400765	-0.434403
1256001	1257000	1256501	135.0	-0.400287	-0.152003
1257001	1258000	1257501	87.0	-0.399809	-0.785875
1258001	1259000	1258501	98.0	-0.399330	-0.614109
1259001	1260000	1259501	89.0	-0.398852	-0.753085
1260001	1261000	1260501	118.0	-0.398374	-0.346176
1261001	1262000	1261501	114.0	-0.397896	-0.395929
1262001	1263000	1262501	123.0	-0.397418	-0.286304
1263001	1264000	1263501	129.0	-0.396939	-0.217591
1264001	1265000	1264501	117.0	-0.396461	-0.358454
1265001	1266000	1265501	159.0	-0.395983	0.084064
1266001	1267000	1266501	164.0	-0.395505	0.128733
1267001	1268000	1267501	189.0	-0.395026	0.333424
1268001	1269000	1268501	192.0	-0.394548	0.356144
1269001	1270000	1269501	215.0	-0.394070	0.519374
1270001	1271000	1270501	189.0	-0.393592	0.333424
1271001	1272000	1271501	204.0	-0.393113	0.443607
1272001	1273000	1272501	260.0	-0.392635	0.793549
1273001	1274000	1273501	259.0	-0.392157	0.787990
1274001	1275000	1274501	210.0	-0.391679	0.485427
1275001	1276000	1275501	185.0	-0.391200	0.302563
1276001	1277000	1276501	228.0	-0.390722	0.604071
1277001	1278000	1277501	191.0	-0.390244	0.348610
1278001	1279000	1278501	177.0	-0.389766	0.238787
1279001	1280000	1279501	197.0	-0.389287	0.393233
1280001	1281000	1280501	197.0	-0.388809	0.393233
1281001	1282000	1281501	231.0	-0.388331	0.622930
1282001	1283000	1282501	213.0	-0.387853	0.505891
1283001	1284000	1283501	299.0	-0.387374	0.995183
1284001	1285000	1284501	297.0	-0.386896	0.985500
1285001	1286000	1285501	295.0	-0.386418	0.975752
1286001	1287000	1286501	303.0	-0.385940	1.014355
1287001	1288000	1287501	233.0	-0.385462	0.635367
1288001	1289000	1288501	197.0	-0.384983	0.393233
1289001	1290000	1289501	220.0	-0.384505	0.552541
1290001	1291000	1290501	180.0	-0.384027	0.263034
1291001	1292000	1291501	150.0	-0.383549	0.000000
1292001	1293000	1292501	111.0	-0.383070	-0.434403
1293001	1294000	1293501	93.0	-0.382592	-0.689660
1294001	1295000	1294501	131.0	-0.382114	-0.195396
1295001	1296000	1295501	156.0	-0.381636	0.056584
1296001	1297000	1296501	106.0	-0.381157	-0.500898
1297001	1298000	1297501	92.0	-0.380679	-0.705257
1298001	1299000	1298501	135.0	-0.380201	-0.152003
1299001	1300000	1299501	111.0	-0.379723	-0.434403
1300001	1301000	1300501	115.0	-0.379244	-0.383329
1301001	1302000	1301501	94.0	-0.378766	-0.674230
1302001	1303000	1302501	113.0	-0.378288	-0.408640
1303001	1304000	1303501	91.0	-0.377810	-0.721024
1304001	1305000	1304501	106.0	-0.377331	-0.500898
1305001	1306000	1305501	105.0	-0.376853	-0.514573
1306001	1307000	1306501	82.0	-0.376375	-0.871267
1307001	1308000	1307501	110.0	-0.375897	-0.447459
1308001	1309000	1308501	130.0	-0.375418	-0.206451
1309001	1310000	1309501	97.0	-0.374940	-0.628906
1310001	1311000	1310501	74.0	-0.374462	-1.019365
1311001	1312000	1311501	98.0	-0.373984	-0.614109
1312001	1313000	1312501	90.0	-0.373505	-0.736966
1313001	1314000	1313501	103.0	-0.373027	-0.542318
1314001	1315000	1314501	108.0	-0.372549	-0.473931
1315001	1316000	1315501	110.0	-0.372071	-0.447459
1316001	1317000	1316501	85.0	-0.371593	-0.819428
1317001	1318000	1317501	146.0	-0.371114	-0.038994
1318001	1319000	1318501	139.0	-0.370636	-0.109878
1319001	1320000	1319501	146.0	-0.370158	-0.038994
1320001	1321000	1320501	126.0	-0.369680	-0.251539
1321001	1322000	1321501	120.0	-0.369201	-0.321928
1322001	1323000	1322501	138.0	-0.368723	-0.120294
1323001	1324000	1323501	125.0	-0.368245	-0.263034
1324001	1325000	1324501	150.0	-0.367767	0.000000
1325001	1326000	1325501	133.0	-0.367288	-0.173536
1326001	1327000	1326501	134.0	-0.366810	-0.162730
1327001	1328000	1327501	109.0	-0.366332	-0.460634
1328001	1329000	1328501	102.0	-0.365854	-0.556393
1329001	1330000	1329501	92.0	-0.365375	-0.705257
1330001	1331000	1330501	135.0	-0.364897	-0.152003
1331001	1332000	1331501	163.0	-0.364419	0.119909
1332001	1333000	1332501	182.0	-0.363941	0.278976
1333001	1334000	1333501	199.0	-0.363462	0.407806
1334001	1335000	1334501	138.0	-0.362984	-0.120294
1335001	1336000	1335501	197.0	-0.362506	0.393233
1336001	1337000	1336501	174.0	-0.362028	0.214125
1337001	1338000	1337501	171.0	-0.361549	0.189034
1338001	1339000	1338501	169.0	-0.361071	0.172061
1339001	1340000	1339501	143.0	-0.360593	-0.068947
1340001	1341000	1340501	121.0	-0.360115	-0.309955
1341001	1342000	1341501	113.0	-0.359637	-0.408640
1342001	1343000	1342501	195.0	-0.359158	0.378512
1343001	1344000	1343501	176.0	-0.358680	0.230613
1344001	1345000	1344501	152.0	-0.358202	0.019109
1345001	1346000	1345501	157.0	-0.357724	0.065802
1346001	1347000	1346501	168.0	-0.357245	0.163499
1347001	1348000	1347501	218.0	-0.356767	0.539366
1348001	1349000	1348501	180.0	-0.356289	0.263034
1349001	1350000	1349501	250.0	-0.355811	0.736966
1350001	1351000	1350501	277.0	-0.355332	0.884923
1351001	1352000	1351501	234.0	-0.354854	0.641546
1352001	1353000	1352501	278.0	-0.354376	0.890122
1353001	1354000	1353501	210.0	-0.353898	0.485427
1354001	1355000	1354501	158.0	-0.353419	0.074962
1355001	1356000	1355501	169.0	-0.352941	0.172061
1356001	1357000	1356501	222.0	-0.352463	0.565597
1357001	1358000	1357501	197.0	-0.351985	0.393233
1358001	1359000	1358501	140.0	-0.351506	-0.099536
1359001	1360000	1359501	177.0	-0.351028	0.238787
1360001	1361000	1360501	144.0	-0.350550	-0.058894
1361001	1362000	1361501	160.0	-0.350072	0.093109
1362001	1363000	1362501	133.0	-0.349593	-0.173536
1363001	1364000	1363501	115.0	-0.349115	-0.383329
1364001	1365000	1364501	88.0	-0.348637	-0.769387
1365001	1366000	1365501	111.0	-0.348159	-0.434403
1366001	1367000	1366501	106.0	-0.347681	-0.500898
1367001	1368000	1367501	84.0	-0.347202	-0.836501
1368001	1369000	1368501	73.0	-0.346724	-1.038994
1369001	1370000	1369501	82.0	-0.346246	-0.871267
1370001	1371000	1370501	88.0	-0.345768	-0.769387
1371001	1372000	1371501	52.0	-0.345289	-1.528379
1372001	1373000	1372501	72.0	-0.344811	-1.058894
1373001	1374000	1373501	110.0	-0.344333	-0.447459
1374001	1375000	1374501	106.0	-0.343855	-0.500898
1375001	1376000	1375501	92.0	-0.343376	-0.705257
1376001	1377000	1376501	67.0	-0.342898	-1.162730
1377001	1378000	1377501	94.0	-0.342420	-0.674230
1378001	1379000	1378501	109.0	-0.341942	-0.460634
1379001	1380000	1379501	92.0	-0.341463	-0.705257
1380001	1381000	1380501	88.0	-0.340985	-0.769387
1381001	1382000	1381501	95.0	-0.340507	-0.658963
1382001	1383000	1382501	102.0	-0.340029	-0.556393
1383001	1384000	1383501	111.0	-0.339550	-0.434403
1384001	1385000	1384501	71.0	-0.339072	-1.079072
1385001	1386000	1385501	87.0	-0.338594	-0.785875
1386001	1387000	1386501	113.0	-0.338116	-0.408640
1387001	1388000	1387501	76.0	-0.337637	-0.980891
1388001	1389000	1388501	102.0	-0.337159	-0.556393
1389001	1390000	1389501	96.0	-0.336681	-0.643856
1390001	1391000	1390501	95.0	-0.336203	-0.658963
1391001	1392000	1391501	112.0	-0.335725	-0.421464
1392001	1393000	1392501	120.0	-0.335246	-0.321928
1393001	1394000	1393501	185.0	-0.334768	0.302563
1394001	1395000	1394501	223.0	-0.334290	0.572081
1395001	1396000	1395501	173.0	-0.333812	0.205810
1396001	1397000	1396501	177.0	-0.333333	0.238787
1397001	1398000	1397501	189.0	-0.332855	0.333424
1398001	1399000	1398501	192.0	-0.332377	0.356144
1399001	1400000	1399501	266.0	-0.331899	0.826464
1400001	1401000	1400501	264.0	-0.331420	0.815575
1401001	1402000	1401501	366.0	-0.330942	1.286881
1402001	1403000	1402501	602.0	-0.330464	2.004801
1403001	1404000	1403501	657.0	-0.329986	2.130931
1404001	1405000	1404501	654.0	-0.329507	2.124328
1405001	1406000	1405501	769.0	-0.329029	2.358021
1406001	1407000	1406501	597.0	-0.328551	1.992768
1407001	1408000	1407501	711.0	-0.328073	2.244887
1408001	1409000	1408501	963.0	-0.327594	2.682573
1409001	1410000	1409501	766.0	-0.327116	2.352382
1410001	1411000	1410501	823.0	-0.326638	2.455930
1411001	1412000	1411501	776.0	-0.326160	2.371094
1412001	1413000	1412501	550.0	-0.325681	1.874469
1413001	1414000	1413501	432.0	-0.325203	1.526069
1414001	1415000	1414501	355.0	-0.324725	1.242857
1415001	1416000	1415501	235.0	-0.324247	0.647698
1416001	1417000	1416501	234.0	-0.323769	0.641546
1417001	1418000	1417501	186.0	-0.323290	0.310340
1418001	1419000	1418501	197.0	-0.322812	0.393233
1419001	1420000	1419501	194.0	-0.322334	0.371094
1420001	1421000	1420501	186.0	-0.321856	0.310340
1421001	1422000	1421501	188.0	-0.321377	0.325770
1422001	1423000	1422501	237.0	-0.320899	0.659925
1423001	1424000	1423501	224.0	-0.320421	0.578536
1424001	1425000	1424501	302.0	-0.319943	1.009586
1425001	1426000	1425501	339.0	-0.319464	1.176323
1426001	1427000	1426501	338.0	-0.318986	1.172061
1427001	1428000	1427501	292.0	-0.318508	0.961006
1428001	1429000	1428501	335.0	-0.318030	1.159199
1429001	1430000	1429501	310.0	-0.317551	1.047306
1430001	1431000	1430501	309.0	-0.317073	1.042644
1431001	1432000	1431501	321.0	-0.316595	1.097611
1432001	1433000	1432501	334.0	-0.316117	1.154886
1433001	1434000	1433501	381.0	-0.315638	1.344828
1434001	1435000	1434501	460.0	-0.315160	1.616671
1435001	1436000	1435501	507.0	-0.314682	1.757023
1436001	1437000	1436501	682.0	-0.314204	2.184809
1437001	1438000	1437501	783.0	-0.313725	2.384050
1438001	1439000	1438501	592.0	-0.313247	1.980635
1439001	1440000	1439501	647.0	-0.312769	2.108803
1440001	1441000	1440501	912.0	-0.312291	2.604071
1441001	1442000	1441501	769.0	-0.311813	2.358021
1442001	1443000	1442501	769.0	-0.311334	2.358021
1443001	1444000	1443501	699.0	-0.310856	2.220330
1444001	1445000	1444501	488.0	-0.310378	1.701919
1445001	1446000	1445501	373.0	-0.309900	1.314213
1446001	1447000	1446501	342.0	-0.309421	1.189034
1447001	1448000	1447501	282.0	-0.308943	0.910733
1448001	1449000	1448501	236.0	-0.308465	0.653824
1449001	1450000	1449501	179.0	-0.307987	0.254997
1450001	1451000	1450501	123.0	-0.307508	-0.286304
1451001	1452000	1451501	141.0	-0.307030	-0.089267
1452001	1453000	1452501	127.0	-0.306552	-0.240134
1453001	1454000	1453501	95.0	-0.306074	-0.658963
1454001	1455000	1454501	94.0	-0.305595	-0.674230
1455001	1456000	1455501	124.0	-0.305117	-0.274622
1456001	1457000	1456501	126.0	-0.304639	-0.251539
1457001	1458000	1457501	119.0	-0.304161	-0.334001
1458001	1459000	1458501	122.0	-0.303682	-0.298081
1459001	1460000	1459501	131.0	-0.303204	-0.195396
1460001	1461000	1460501	163.0	-0.302726	0.119909
1461001	1462000	1461501	212.0	-0.302248	0.499102
1462001	1463000	1462501	188.0	-0.301769	0.325770
1463001	1464000	1463501	258.0	-0.301291	0.782409
1464001	1465000	1464501	303.0	-0.300813	1.014355
1465001	1466000	1465501	388.0	-0.300335	1.371094
1466001	1467000	1466501	322.0	-0.299857	1.102098
1467001	1468000	1467501	422.0	-0.299378	1.492280
1468001	1469000	1468501	332.0	-0.298900	1.146221
1469001	1470000	1469501	242.0	-0.298422	0.690045
1470001	1471000	1470501	195.0	-0.297944	0.378512
1471001	1472000	1471501	210.0	-0.297465	0.485427
1472001	1473000	1472501	196.0	-0.296987	0.385891
1473001	1474000	1473501	152.0	-0.296509	0.019109
1474001	1475000	1474501	132.0	-0.296031	-0.184425
1475001	1476000	1475501	176.0	-0.295552	0.230613
1476001	1477000	1476501	170.0	-0.295074	0.180572
1477001	1478000	1477501	120.0	-0.294596	-0.321928
1478001	1479000	1478501	138.0	-0.294118	-0.120294
1479001	1480000	1479501	182.0	-0.293639	0.278976
1480001	1481000	1480501	192.0	-0.293161	0.356144
1481001	1482000	1481501	212.0	-0.292683	0.499102
1482001	1483000	1482501	234.0	-0.292205	0.641546
1483001	1484000	1483501	202.0	-0.291726	0.429393
1484001	1485000	1484501	248.0	-0.291248	0.725378
1485001	1486000	1485501	269.0	-0.290770	0.842644
1486001	1487000	1486501	362.0	-0.290292	1.271027
1487001	1488000	1487501	325.0	-0.289813	1.115477
1488001	1489000	1488501	299.0	-0.289335	0.995183
1489001	1490000	1489501	379.0	-0.288857	1.337235
1490001	1491000	1490501	409.0	-0.288379	1.447138
1491001	1492000	1491501	437.0	-0.287901	1.542671
1492001	1493000	1492501	389.0	-0.287422	1.374808
1493001	1494000	1493501	322.0	-0.286944	1.102098
1494001	1495000	1494501	333.0	-0.286466	1.150560
1495001	1496000	1495501	280.0	-0.285988	0.900464
1496001	1497000	1496501	265.0	-0.285509	0.821030
1497001	1498000	1497501	236.0	-0.285031	0.653824
1498001	1499000	1498501	225.0	-0.284553	0.584963
1499001	1500000	1499501	170.0	-0.284075	0.180572
1500001	1501000	1500501	202.0	-0.283596	0.429393
1501001	1502000	1501501	182.0	-0.283118	0.278976
1502001	1503000	1502501	133.0	-0.282640	-0.173536
1503001	1504000	1503501	113.0	-0.282162	-0.408640
1504001	1505000	1504501	95.0	-0.281683	-0.658963
1505001	1506000	1505501	140.0	-0.281205	-0.099536
1506001	1507000	1506501	108.0	-0.280727	-0.473931
1507001	1508000	1507501	130.0	-0.280249	-0.206451
1508001	1509000	1508501	132.0	-0.279770	-0.184425
1509001	1510000	1509501	148.0	-0.279292	-0.019365
1510001	1511000	1510501	194.0	-0.278814	0.371094
1511001	1512000	1511501	135.0	-0.278336	-0.152003
1512001	1513000	1512501	147.0	-0.277857	-0.029146
1513001	1514000	1513501	185.0	-0.277379	0.302563
1514001	1515000	1514501	254.0	-0.276901	0.759866
1515001	1516000	1515501	288.0	-0.276423	0.941106
1516001	1517000	1516501	330.0	-0.275945	1.137504
1517001	1518000	1517501	362.0	-0.275466	1.271027
1518001	1519000	1518501	460.0	-0.274988	1.616671
1519001	1520000	1519501	610.0	-0.274510	2.023847
1520001	1521000	1520501	487.0	-0.274032	1.698959
1521001	1522000	1521501	529.0	-0.273553	1.818305
1522001	1523000	1522501	375.0	-0.273075	1.321928
1523001	1524000	1523501	334.0	-0.272597	1.154886
1524001	1525000	1524501	305.0	-0.272119	1.023847
1525001	1526000	1525501	330.0	-0.271640	1.137504
1526001	1527000	1526501	213.0	-0.271162	0.505891
1527001	1528000	1527501	207.0	-0.270684	0.464668
1528001	1529000	1528501	184.0	-0.270206	0.294743
1529001	1530000	1529501	188.0	-0.269727	0.325770
1530001	1531000	1530501	188.0	-0.269249	0.325770
1531001	1532000	1531501	155.0	-0.268771	0.047306
1532001	1533000	1532501	205.0	-0.268293	0.450661
1533001	1534000	1533501	201.0	-0.267814	0.422233
1534001	1535000	1534501	220.0	-0.267336	0.552541
1535001	1536000	1535501	202.0	-0.266858	0.429393
1536001	1537000	1536501	207.0	-0.266380	0.464668
1537001	1538000	1537501	213.0	-0.265901	0.505891
1538001	1539000	1538501	202.0	-0.265423	0.429393
1539001	1540000	1539501	168.0	-0.264945	0.163499
1540001	1541000	1540501	164.0	-0.264467	0.128733
1541001	1542000	1541501	255.0	-0.263989	0.765535
1542001	1543000	1542501	383.0	-0.263510	1.352382
1543001	1544000	1543501	343.0	-0.263032	1.193246
1544001	1545000	1544501	366.0	-0.262554	1.286881
1545001	1546000	1545501	334.0	-0.262076	1.154886
1546001	1547000	1546501	377.0	-0.261597	1.329602
1547001	1548000	1547501	372.0	-0.261119	1.310340
1548001	1549000	1548501	412.0	-0.260641	1.457682
1549001	1550000	1549501	311.0	-0.260163	1.051952
1550001	1551000	1550501	219.0	-0.259684	0.545968
1551001	1552000	1551501	177.0	-0.259206	0.238787
1552001	1553000	1552501	116.0	-0.258728	-0.370838
1553001	1554000	1553501	113.0	-0.258250	-0.408640
1554001	1555000	1554501	167.0	-0.257771	0.154886
1555001	1556000	1555501	161.0	-0.257293	0.102098
1556001	1557000	1556501	130.0	-0.256815	-0.206451
1557001	1558000	1557501	115.0	-0.256337	-0.383329
1558001	1559000	1558501	109.0	-0.255858	-0.460634
1559001	1560000	1559501	93.0	-0.255380	-0.689660
1560001	1561000	1560501	95.0	-0.254902	-0.658963
1561001	1562000	1561501	99.0	-0.254424	-0.599462
1562001	1563000	1562501	90.0	-0.253945	-0.736966
1563001	1564000	1563501	89.0	-0.253467	-0.753085
1564001	1565000	1564501	72.0	-0.252989	-1.058894
1565001	1566000	1565501	75.0	-0.252511	-1.000000
1566001	1567000	1566501	123.0	-0.252033	-0.286304
1567001	1568000	1567501	107.0	-0.251554	-0.487352
1568001	1569000	1568501	66.0	-0.251076	-1.184425
1569001	1570000	1569501	112.0	-0.250598	-0.421464
1570001	1571000	1570501	68.0	-0.250120	-1.141356
1571001	1572000	1571501	78.0	-0.249641	-0.943416
1572001	1573000	1572501	99.0	-0.249163	-0.599462
1573001	1574000	1573501	71.0	-0.248685	-1.079072
1574001	1575000	1574501	79.0	-0.248207	-0.925038
1575001	1576000	1575501	74.0	-0.247728	-1.019365
1576001	1577000	1576501	82.0	-0.247250	-0.871267
1577001	1578000	1577501	93.0	-0.246772	-0.689660
1578001	1579000	1578501	90.0	-0.246294	-0.736966
1579001	1580000	1579501	64.0	-0.245815	-1.228819
1580001	1581000	1580501	91.0	-0.245337	-0.721024
1581001	1582000	1581501	86.0	-0.244859	-0.802554
1582001	1583000	1582501	84.0	-0.244381	-0.836501
1583001	1584000	1583501	74.0	-0.243902	-1.019365
1584001	1585000	1584501	83.0	-0.243424	-0.853779
1585001	1586000	1585501	92.0	-0.242946	-0.705257
1586001	1587000	1586501	113.0	-0.242468	-0.408640
1587001	1588000	1587501	116.0	-0.241989	-0.370838
1588001	1589000	1588501	118.0	-0.241511	-0.346176
1589001	1590000	1589501	105.0	-0.241033	-0.514573
1590001	1591000	1590501	53.0	-0.240555	-1.500898
1591001	1592000	1591501	133.0	-0.240077	-0.173536
1592001	1593000	1592501	147.0	-0.239598	-0.029146
1593001	1594000	1593501	116.0	-0.239120	-0.370838
1594001	1595000	1594501	153.0	-0.238642	0.028569
1595001	1596000	1595501	179.0	-0.238164	0.254997
1596001	1597000	1596501	186.0	-0.237685	0.310340
1597001	1598000	1597501	244.0	-0.237207	0.701919
1598001	1599000	1598501	337.0	-0.236729	1.167786
1599001	1600000	1599501	350.0	-0.236251	1.222392
1600001	1601000	1600501	563.0	-0.235772	1.908172
1601001	1602000	1601501	598.0	-0.235294	1.995183
1602001	1603000	1602501	533.0	-0.234816	1.829173
1603001	1604000	1603501	427.0	-0.234338	1.509274
1604001	1605000	1604501	386.0	-0.233859	1.363638
1605001	1606000	1605501	256.0	-0.233381	0.771181
1606001	1607000	1606501	211.0	-0.232903	0.492280
1607001	1608000	1607501	192.0	-0.232425	0.356144
1608001	1609000	1608501	186.0	-0.231946	0.310340
1609001	1610000	1609501	159.0	-0.231468	0.084064
1610001	1611000	1610501	138.0	-0.230990	-0.120294
1611001	1612000	1611501	138.0	-0.230512	-0.120294
1612001	1613000	1612501	122.0	-0.230033	-0.298081
1613001	1614000	1613501	115.0	-0.229555	-0.383329
1614001	1615000	1614501	141.0	-0.229077	-0.089267
1615001	1616000	1615501	103.0	-0.228599	-0.542318
1616001	1617000	1616501	102.0	-0.228121	-0.556393
1617001	1618000	1617501	107.0	-0.227642	-0.487352
1618001	1619000	1618501	111.0	-0.227164	-0.434403
1619001	1620000	1619501	158.0	-0.226686	0.074962
1620001	1621000	1620501	131.0	-0.226208	-0.195396
1621001	1622000	1621501	135.0	-0.225729	-0.152003
1622001	1623000	1622501	159.0	-0.225251	0.084064
1623001	1624000	1623501	146.0	-0.224773	-0.038994
1624001	1625000	1624501	138.0	-0.224295	-0.120294
1625001	1626000	1625501	122.0	-0.223816	-0.298081
1626001	1627000	1626501	134.0	-0.223338	-0.162730
1627001	1628000	1627501	142.0	-0.222860	-0.079072
1628001	1629000	1628501	185.0	-0.222382	0.302563
1629001	1630000	1629501	135.0	-0.221903	-0.152003
1630001	1631000	1630501	165.0	-0.221425	0.137504
1631001	1632000	1631501	241.0	-0.220947	0.684071
1632001	1633000	1632501	218.0	-0.220469	0.539366
1633001	1634000	1633501	188.0	-0.219990	0.325770
1634001	1635000	1634501	214.0	-0.219512	0.512648
1635001	1636000	1635501	245.0	-0.219034	0.707819
1636001	1637000	1636501	249.0	-0.218556	0.731183
1637001	1638000	1637501	189.0	-0.218077	0.333424
1638001	1639000	1638501	209.0	-0.217599	0.478540
1639001	1640000	1639501	132.0	-0.217121	-0.184425
1640001	1641000	1640501	148.0	-0.216643	-0.019365
1641001	1642000	1641501	120.0	-0.216165	-0.321928
1642001	1643000	1642501	88.0	-0.215686	-0.769387
1643001	1644000	1643501	84.0	-0.215208	-0.836501
1644001	1645000	1644501	87.0	-0.214730	-0.785875
1645001	1646000	1645501	101.0	-0.214252	-0.570607
1646001	1647000	1646501	110.0	-0.213773	-0.447459
1647001	1648000	1647501	95.0	-0.213295	-0.658963
1648001	1649000	1648501	72.0	-0.212817	-1.058894
1649001	1650000	1649501	114.0	-0.212339	-0.395929
1650001	1651000	1650501	122.0	-0.211860	-0.298081
1651001	1652000	1651501	98.0	-0.211382	-0.614109
1652001	1653000	1652501	115.0	-0.210904	-0.383329
1653001	1654000	1653501	129.0	-0.210426	-0.217591
1654001	1655000	1654501	109.0	-0.209947	-0.460634
1655001	1656000	1655501	110.0	-0.209469	-0.447459
1656001	1657000	1656501	120.0	-0.208991	-0.321928
1657001	1658000	1657501	107.0	-0.208513	-0.487352
1658001	1659000	1658501	99.0	-0.208034	-0.599462
1659001	1660000	1659501	162.0	-0.207556	0.111031
1660001	1661000	1660501	104.0	-0.207078	-0.528379
1661001	1662000	1661501	131.0	-0.206600	-0.195396
1662001	1663000	1662501	121.0	-0.206121	-0.309955
1663001	1664000	1663501	125.0	-0.205643	-0.263034
1664001	1665000	1664501	135.0	-0.205165	-0.152003
1665001	1666000	1665501	109.0	-0.204687	-0.460634
1666001	1667000	1666501	173.0	-0.204209	0.205810
1667001	1668000	1667501	163.0	-0.203730	0.119909
1668001	1669000	1668501	158.0	-0.203252	0.074962
1669001	1670000	1669501	179.0	-0.202774	0.254997
1670001	1671000	1670501	240.0	-0.202296	0.678072
1671001	1672000	1671501	251.0	-0.201817	0.742725
1672001	1673000	1672501	238.0	-0.201339	0.665999
1673001	1674000	1673501	252.0	-0.200861	0.748461
1674001	1675000	1674501	292.0	-0.200383	0.961006
1675001	1676000	1675501	385.0	-0.199904	1.359896
1676001	1677000	1676501	428.0	-0.199426	1.512648
1677001	1678000	1677501	444.0	-0.198948	1.565597
1678001	1679000	1678501	535.0	-0.198470	1.834576
1679001	1680000	1679501	467.0	-0.197991	1.638460
1680001	1681000	1680501	410.0	-0.197513	1.450661
1681001	1682000	1681501	418.0	-0.197035	1.478540
1682001	1683000	1682501	367.0	-0.196557	1.290818
1683001	1684000	1683501	267.0	-0.196078	0.831877
1684001	1685000	1684501	332.0	-0.195600	1.146221
1685001	1686000	1685501	236.0	-0.195122	0.653824
1686001	1687000	1686501	262.0	-0.194644	0.804604
1687001	1688000	1687501	200.0	-0.194165	0.415037
1688001	1689000	1688501	202.0	-0.193687	0.429393
1689001	1690000	1689501	193.0	-0.193209	0.363638
1690001	1691000	1690501	191.0	-0.192731	0.348610
1691001	1692000	1691501	177.0	-0.192253	0.238787
1692001	1693000	1692501	136.0	-0.191774	-0.141356
1693001	1694000	1693501	141.0	-0.191296	-0.089267
1694001	1695000	1694501	105.0	-0.190818	-0.514573
1695001	1696000	1695501	123.0	-0.190340	-0.286304
1696001	1697000	1696501	139.0	-0.189861	-0.109878
1697001	1698000	1697501	143.0	-0.189383	-0.068947
1698001	1699000	1698501	134.0	-0.188905	-0.162730
1699001	1700000	1699501	194.0	-0.188427	0.371094
1700001	1701000	1700501	174.0	-0.187948	0.214125
1701001	1702000	1701501	168.0	-0.187470	0.163499
1702001	1703000	1702501	223.0	-0.186992	0.572081
1703001	1704000	1703501	265.0	-0.186514	0.821030
1704001	1705000	1704501	276.0	-0.186035	0.879706
1705001	1706000	1705501	321.0	-0.185557	1.097611
1706001	1707000	1706501	276.0	-0.185079	0.879706
1707001	1708000	1707501	309.0	-0.184601	1.042644
1708001	1709000	1708501	356.0	-0.184122	1.246915
1709001	1710000	1709501	307.0	-0.183644	1.033276
1710001	1711000	1710501	314.0	-0.183166	1.065802
1711001	1712000	1711501	268.0	-0.182688	0.837270
1712001	1713000	1712501	292.0	-0.182209	0.961006
1713001	1714000	1713501	238.0	-0.181731	0.665999
1714001	1715000	1714501	222.0	-0.181253	0.565597
1715001	1716000	1715501	252.0	-0.180775	0.748461
1716001	1717000	1716501	158.0	-0.180297	0.074962
1717001	1718000	1717501	202.0	-0.179818	0.429393
1718001	1719000	1718501	177.0	-0.179340	0.238787
1719001	1720000	1719501	157.0	-0.178862	0.065802
1720001	1721000	1720501	151.0	-0.178384	0.009586
1721001	1722000	1721501	132.0	-0.177905	-0.184425
1722001	1723000	1722501	111.0	-0.177427	-0.434403
1723001	1724000	1723501	111.0	-0.176949	-0.434403
1724001	1725000	1724501	124.0	-0.176471	-0.274622
1725001	1726000	1725501	156.0	-0.175992	0.056584
1726001	1727000	1726501	226.0	-0.175514	0.591360
1727001	1728000	1727501	141.0	-0.175036	-0.089267
1728001	1729000	1728501	177.0	-0.174558	0.238787
1729001	1730000	1729501	184.0	-0.174079	0.294743
1730001	1731000	1730501	173.0	-0.173601	0.205810
1731001	1732000	1731501	196.0	-0.173123	0.385891
1732001	1733000	1732501	216.0	-0.172645	0.526069
1733001	1734000	1733501	200.0	-0.172166	0.415037
1734001	1735000	1734501	225.0	-0.171688	0.584963
1735001	1736000	1735501	205.0	-0.171210	0.450661
1736001	1737000	1736501	255.0	-0.170732	0.765535
1737001	1738000	1737501	241.0	-0.170253	0.684071
1738001	1739000	1738501	224.0	-0.169775	0.578536
1739001	1740000	1739501	179.0	-0.169297	0.254997
1740001	1741000	1740501	185.0	-0.168819	0.302563
1741001	1742000	1741501	186.0	-0.168341	0.310340
1742001	1743000	1742501	214.0	-0.167862	0.512648
1743001	1744000	1743501	183.0	-0.167384	0.286881
1744001	1745000	1744501	199.0	-0.166906	0.407806
1745001	1746000	1745501	215.0	-0.166428	0.519374
1746001	1747000	1746501	135.0	-0.165949	-0.152003
1747001	1748000	1747501	147.0	-0.165471	-0.029146
1748001	1749000	1748501	128.0	-0.164993	-0.228819
1749001	1750000	1749501	152.0	-0.164515	0.019109
1750001	1751000	1750501	154.0	-0.164036	0.037968
1751001	1752000	1751501	155.0	-0.163558	0.047306
1752001	1753000	1752501	148.0	-0.163080	-0.019365
1753001	1754000	1753501	147.0	-0.162602	-0.029146
1754001	1755000	1754501	170.0	-0.162123	0.180572
1755001	1756000	1755501	175.0	-0.161645	0.222392
1756001	1757000	1756501	207.0	-0.161167	0.464668
1757001	1758000	1757501	261.0	-0.160689	0.799087
1758001	1759000	1758501	330.0	-0.160210	1.137504
1759001	1760000	1759501	376.0	-0.159732	1.325770
1760001	1761000	1760501	384.0	-0.159254	1.356144
1761001	1762000	1761501	491.0	-0.158776	1.710761
1762001	1763000	1762501	500.0	-0.158297	1.736966
1763001	1764000	1763501	527.0	-0.157819	1.812840
1764001	1765000	1764501	472.0	-0.157341	1.653824
1765001	1766000	1765501	385.0	-0.156863	1.359896
1766001	1767000	1766501	392.0	-0.156385	1.385891
1767001	1768000	1767501	337.0	-0.155906	1.167786
1768001	1769000	1768501	280.0	-0.155428	0.900464
1769001	1770000	1769501	297.0	-0.154950	0.985500
1770001	1771000	1770501	227.0	-0.154472	0.597730
1771001	1772000	1771501	235.0	-0.153993	0.647698
1772001	1773000	1772501	229.0	-0.153515	0.610385
1773001	1774000	1773501	197.0	-0.153037	0.393233
1774001	1775000	1774501	189.0	-0.152559	0.333424
1775001	1776000	1775501	186.0	-0.152080	0.310340
1776001	1777000	1776501	192.0	-0.151602	0.356144
1777001	1778000	1777501	211.0	-0.151124	0.492280
1778001	1779000	1778501	261.0	-0.150646	0.799087
1779001	1780000	1779501	169.0	-0.150167	0.172061
1780001	1781000	1780501	213.0	-0.149689	0.505891
1781001	1782000	1781501	170.0	-0.149211	0.180572
1782001	1783000	1782501	187.0	-0.148733	0.318076
1783001	1784000	1783501	136.0	-0.148254	-0.141356
1784001	1785000	1784501	162.0	-0.147776	0.111031
1785001	1786000	1785501	176.0	-0.147298	0.230613
1786001	1787000	1786501	149.0	-0.146820	-0.009650
1787001	1788000	1787501	141.0	-0.146341	-0.089267
1788001	1789000	1788501	159.0	-0.145863	0.084064
1789001	1790000	1789501	190.0	-0.145385	0.341037
1790001	1791000	1790501	204.0	-0.144907	0.443607
1791001	1792000	1791501	249.0	-0.144429	0.731183
1792001	1793000	1792501	187.0	-0.143950	0.318076
1793001	1794000	1793501	246.0	-0.143472	0.713696
1794001	1795000	1794501	242.0	-0.142994	0.690045
1795001	1796000	1795501	268.0	-0.142516	0.837270
1796001	1797000	1796501	289.0	-0.142037	0.946107
1797001	1798000	1797501	255.0	-0.141559	0.765535
1798001	1799000	1798501	276.0	-0.141081	0.879706
1799001	1800000	1799501	317.0	-0.140603	1.079520
1800001	1801000	1800501	279.0	-0.140124	0.895303
1801001	1802000	1801501	352.0	-0.139646	1.230613
1802001	1803000	1802501	431.0	-0.139168	1.522725
1803001	1804000	1803501	520.0	-0.138690	1.793549
1804001	1805000	1804501	520.0	-0.138211	1.793549
1805001	1806000	1805501	474.0	-0.137733	1.659925
1806001	1807000	1806501	380.0	-0.137255	1.341037
1807001	1808000	1807501	514.0	-0.136777	1.776806
1808001	1809000	1808501	336.0	-0.136298	1.163499
1809001	1810000	1809501	559.0	-0.135820	1.897886
1810001	1811000	1810501	738.0	-0.135342	2.298658
1811001	1812000	1811501	787.0	-0.134864	2.391401
1812001	1813000	1812501	698.0	-0.134385	2.218265
1813001	1814000	1813501	650.0	-0.133907	2.115477
1814001	1815000	1814501	521.0	-0.133429	1.796321
1815001	1816000	1815501	734.0	-0.132951	2.290818
1816001	1817000	1816501	591.0	-0.132473	1.978196
1817001	1818000	1817501	660.0	-0.131994	2.137504
1818001	1819000	1818501	633.0	-0.131516	2.077243
1819001	1820000	1819501	535.0	-0.131038	1.834576
1820001	1821000	1820501	454.0	-0.130560	1.597730
1821001	1822000	1821501	488.0	-0.130081	1.701919
1822001	1823000	1822501	499.0	-0.129603	1.734077
1823001	1824000	1823501	584.0	-0.129125	1.961006
1824001	1825000	1824501	474.0	-0.128647	1.659925
1825001	1826000	1825501	458.0	-0.128168	1.610385
1826001	1827000	1826501	828.0	-0.127690	2.464668
1827001	1828000	1827501	743.0	-0.127212	2.308400
1828001	1829000	1828501	588.0	-0.126734	1.970854
1829001	1830000	1829501	421.0	-0.126255	1.488858
1830001	1831000	1830501	471.0	-0.125777	1.650765
1831001	1832000	1831501	413.0	-0.125299	1.461179
1832001	1833000	1832501	403.0	-0.124821	1.425817
1833001	1834000	1833501	303.0	-0.124342	1.014355
1834001	1835000	1834501	187.0	-0.123864	0.318076
1835001	1836000	1835501	196.0	-0.123386	0.385891
1836001	1837000	1836501	183.0	-0.122908	0.286881
1837001	1838000	1837501	321.0	-0.122429	1.097611
1838001	1839000	1838501	267.0	-0.121951	0.831877
1839001	1840000	1839501	203.0	-0.121473	0.436517
1840001	1841000	1840501	198.0	-0.120995	0.400538
1841001	1842000	1841501	181.0	-0.120516	0.271027
1842001	1843000	1842501	176.0	-0.120038	0.230613
1843001	1844000	1843501	153.0	-0.119560	0.028569
1844001	1845000	1844501	122.0	-0.119082	-0.298081
1845001	1846000	1845501	143.0	-0.118604	-0.068947
1846001	1847000	1846501	139.0	-0.118125	-0.109878
1847001	1848000	1847501	155.0	-0.117647	0.047306
1848001	1849000	1848501	146.0	-0.117169	-0.038994
1849001	1850000	1849501	117.0	-0.116691	-0.358454
1850001	1851000	1850501	107.0	-0.116212	-0.487352
1851001	1852000	1851501	80.0	-0.115734	-0.906891
1852001	1853000	1852501	89.0	-0.115256	-0.753085
1853001	1854000	1853501	95.0	-0.114778	-0.658963
1854001	1855000	1854501	127.0	-0.114299	-0.240134
1855001	1856000	1855501	192.0	-0.113821	0.356144
1856001	1857000	1856501	138.0	-0.113343	-0.120294
1857001	1858000	1857501	149.0	-0.112865	-0.009650
1858001	1859000	1858501	141.0	-0.112386	-0.089267
1859001	1860000	1859501	174.0	-0.111908	0.214125
1860001	1861000	1860501	185.0	-0.111430	0.302563
1861001	1862000	1861501	167.0	-0.110952	0.154886
1862001	1863000	1862501	200.0	-0.110473	0.415037
1863001	1864000	1863501	190.0	-0.109995	0.341037
1864001	1865000	1864501	207.0	-0.109517	0.464668
1865001	1866000	1865501	202.0	-0.109039	0.429393
1866001	1867000	1866501	208.0	-0.108560	0.471621
1867001	1868000	1867501	210.0	-0.108082	0.485427
1868001	1869000	1868501	202.0	-0.107604	0.429393
1869001	1870000	1869501	186.0	-0.107126	0.310340
1870001	1871000	1870501	203.0	-0.106648	0.436517
1871001	1872000	1871501	186.0	-0.106169	0.310340
1872001	1873000	1872501	210.0	-0.105691	0.485427
1873001	1874000	1873501	182.0	-0.105213	0.278976
1874001	1875000	1874501	165.0	-0.104735	0.137504
1875001	1876000	1875501	268.0	-0.104256	0.837270
1876001	1877000	1876501	277.0	-0.103778	0.884923
1877001	1878000	1877501	306.0	-0.103300	1.028569
1878001	1879000	1878501	436.0	-0.102822	1.539366
1879001	1880000	1879501	496.0	-0.102343	1.725378
1880001	1881000	1880501	578.0	-0.101865	1.946107
1881001	1882000	1881501	961.0	-0.101387	2.679574
1882001	1883000	1882501	709.0	-0.100909	2.240823
1883001	1884000	1883501	560.0	-0.100430	1.900464
1884001	1885000	1884501	745.0	-0.099952	2.312278
1885001	1886000	1885501	839.0	-0.099474	2.483708
1886001	1887000	1886501	733.0	-0.098996	2.288851
1887001	1888000	1887501	811.0	-0.098517	2.434739
1888001	1889000	1888501	676.0	-0.098039	2.172061
1889001	1890000	1889501	483.0	-0.097561	1.687061
1890001	1891000	1890501	388.0	-0.097083	1.371094
1891001	1892000	1891501	287.0	-0.096604	0.936088
1892001	1893000	1892501	219.0	-0.096126	0.545968
1893001	1894000	1893501	266.0	-0.095648	0.826464
1894001	1895000	1894501	170.0	-0.095170	0.180572
1895001	1896000	1895501	196.0	-0.094692	0.385891
1896001	1897000	1896501	198.0	-0.094213	0.400538
1897001	1898000	1897501	209.0	-0.093735	0.478540
1898001	1899000	1898501	175.0	-0.093257	0.222392
1899001	1900000	1899501	186.0	-0.092779	0.310340
1900001	1901000	1900501	179.0	-0.092300	0.254997
1901001	1902000	1901501	246.0	-0.091822	0.713696
1902001	1903000	1902501	292.0	-0.091344	0.961006
1903001	1904000	1903501	255.0	-0.090866	0.765535
1904001	1905000	1904501	272.0	-0.090387	0.858644
1905001	1906000	1905501	291.0	-0.089909	0.956057
1906001	1907000	1906501	285.0	-0.089431	0.925999
1907001	1908000	1907501	300.0	-0.088953	1.000000
1908001	1909000	1908501	317.0	-0.088474	1.079520
1909001	1910000	1909501	283.0	-0.087996	0.915840
1910001	1911000	1910501	261.0	-0.087518	0.799087
1911001	1912000	1911501	219.0	-0.087040	0.545968
1912001	1913000	1912501	189.0	-0.086561	0.333424
1913001	1914000	1913501	183.0	-0.086083	0.286881
1914001	1915000	1914501	145.0	-0.085605	-0.048910
1915001	1916000	1915501	142.0	-0.085127	-0.079072
1916001	1917000	1916501	166.0	-0.084648	0.146221
1917001	1918000	1917501	103.0	-0.084170	-0.542318
1918001	1919000	1918501	126.0	-0.083692	-0.251539
1919001	1920000	1919501	118.0	-0.083214	-0.346176
1920001	1921000	1920501	120.0	-0.082736	-0.321928
1921001	1922000	1921501	139.0	-0.082257	-0.109878
1922001	1923000	1922501	146.0	-0.081779	-0.038994
1923001	1924000	1923501	150.0	-0.081301	0.000000
1924001	1925000	1924501	120.0	-0.080823	-0.321928
1925001	1926000	1925501	225.0	-0.080344	0.584963
1926001	1927000	1926501	180.0	-0.079866	0.263034
1927001	1928000	1927501	231.0	-0.079388	0.622930
1928001	1929000	1928501	315.0	-0.078910	1.070389
1929001	1930000	1929501	229.0	-0.078431	0.610385
1930001	1931000	1930501	216.0	-0.077953	0.526069
1931001	1932000	1931501	239.0	-0.077475	0.672048
1932001	1933000	1932501	206.0	-0.076997	0.457682
1933001	1934000	1933501	200.0	-0.076518	0.415037
1934001	1935000	1934501	179.0	-0.076040	0.254997
1935001	1936000	1935501	154.0	-0.075562	0.037968
1936001	1937000	1936501	160.0	-0.075084	0.093109
1937001	1938000	1937501	155.0	-0.074605	0.047306
1938001	1939000	1938501	162.0	-0.074127	0.111031
1939001	1940000	1939501	171.0	-0.073649	0.189034
1940001	1941000	1940501	152.0	-0.073171	0.019109
1941001	1942000	1941501	166.0	-0.072692	0.146221
1942001	1943000	1942501	142.0	-0.072214	-0.079072
1943001	1944000	1943501	136.0	-0.071736	-0.141356
1944001	1945000	1944501	175.0	-0.071258	0.222392
1945001	1946000	1945501	165.0	-0.070780	0.137504
1946001	1947000	1946501	216.0	-0.070301	0.526069
1947001	1948000	1947501	369.0	-0.069823	1.298658
1948001	1949000	1948501	450.0	-0.069345	1.584963
1949001	1950000	1949501	378.0	-0.068867	1.333424
1950001	1951000	1950501	367.0	-0.068388	1.290818
1951001	1952000	1951501	275.0	-0.067910	0.874469
1952001	1953000	1952501	354.0	-0.067432	1.238787
1953001	1954000	1953501	353.0	-0.066954	1.234706
1954001	1955000	1954501	393.0	-0.066475	1.389567
1955001	1956000	1955501	421.0	-0.065997	1.488858
1956001	1957000	1956501	400.0	-0.065519	1.415037
1957001	1958000	1957501	315.0	-0.065041	1.070389
1958001	1959000	1958501	257.0	-0.064562	0.776806
1959001	1960000	1959501	230.0	-0.064084	0.616671
1960001	1961000	1960501	176.0	-0.063606	0.230613
1961001	1962000	1961501	192.0	-0.063128	0.356144
1962001	1963000	1962501	169.0	-0.062649	0.172061
1963001	1964000	1963501	132.0	-0.062171	-0.184425
1964001	1965000	1964501	117.0	-0.061693	-0.358454
1965001	1966000	1965501	107.0	-0.061215	-0.487352
1966001	1967000	1966501	160.0	-0.060736	0.093109
1967001	1968000	1967501	154.0	-0.060258	0.037968
1968001	1969000	1968501	148.0	-0.059780	-0.019365
1969001	1970000	1969501	171.0	-0.059302	0.189034
1970001	1971000	1970501	182.0	-0.058824	0.278976
1971001	1972000	1971501	236.0	-0.058345	0.653824
1972001	1973000	1972501	316.0	-0.057867	1.074962
1973001	1974000	1973501	430.0	-0.057389	1.519374
1974001	1975000	1974501	613.0	-0.056911	2.030925
1975001	1976000	1975501	848.0	-0.056432	2.499102
1976001	1977000	1976501	848.0	-0.055954	2.499102
1977001	1978000	1977501	537.0	-0.055476	1.839960
1978001	1979000	1978501	611.0	-0.054998	2.026210
1979001	1980000	1979501	1073.0	-0.054519	2.838616
1980001	1981000	1980501	864.0	-0.054041	2.526069
1981001	1982000	1981501	895.0	-0.053563	2.576925
1982001	1983000	1982501	969.0	-0.053085	2.691534
1983001	1984000	1983501	991.0	-0.052606	2.723923
1984001	1985000	1984501	868.0	-0.052128	2.532733
1985001	1986000	1985501	1271.0	-0.051650	3.082930
1986001	1987000	1986501	1214.0	-0.051172	3.016734
1987001	1988000	1987501	1009.0	-0.050693	2.749892
1988001	1989000	1988501	655.0	-0.050215	2.126532
1989001	1990000	1989501	576.0	-0.049737	1.941106
1990001	1991000	1990501	616.0	-0.049259	2.037968
1991001	1992000	1991501	703.0	-0.048780	2.228562
1992001	1993000	1992501	652.0	-0.048302	2.119909
1993001	1994000	1993501	869.0	-0.047824	2.534394
1994001	1995000	1994501	599.0	-0.047346	1.997594
1995001	1996000	1995501	622.0	-0.046868	2.051952
1996001	1997000	1996501	551.0	-0.046389	1.877090
1997001	1998000	1997501	511.0	-0.045911	1.768361
1998001	1999000	1998501	452.0	-0.045433	1.591360
1999001	2000000	1999501	311.0	-0.044955	1.051952
2000001	2001000	2000501	361.0	-0.044476	1.267036
2001001	2002000	2001501	309.0	-0.043998	1.042644
2002001	2003000	2002501	279.0	-0.043520	0.895303
2003001	2004000	2003501	198.0	-0.043042	0.400538
2004001	2005000	2004501	203.0	-0.042563	0.436517
2005001	2006000	2005501	173.0	-0.042085	0.205810
2006001	2007000	2006501	181.0	-0.041607	0.271027
2007001	2008000	2007501	144.0	-0.041129	-0.058894
2008001	2009000	2008501	124.0	-0.040650	-0.274622
2009001	2010000	2009501	159.0	-0.040172	0.084064
2010001	2011000	2010501	172.0	-0.039694	0.197446
2011001	2012000	2011501	166.0	-0.039216	0.146221
2012001	2013000	2012501	154.0	-0.038737	0.037968
2013001	2014000	2013501	126.0	-0.038259	-0.251539
2014001	2015000	2014501	137.0	-0.037781	-0.130787
2015001	2016000	2015501	90.0	-0.037303	-0.736966
2016001	2017000	2016501	68.0	-0.036824	-1.141356
2017001	2018000	2017501	95.0	-0.036346	-0.658963
2018001	2019000	2018501	97.0	-0.035868	-0.628906
2019001	2020000	2019501	121.0	-0.035390	-0.309955
2020001	2021000	2020501	126.0	-0.034912	-0.251539
2021001	2022000	2021501	105.0	-0.034433	-0.514573
2022001	2023000	2022501	135.0	-0.033955	-0.152003
2023001	2024000	2023501	107.0	-0.033477	-0.487352
2024001	2025000	2024501	86.0	-0.032999	-0.802554
2025001	2026000	2025501	91.0	-0.032520	-0.721024
2026001	2027000	2026501	94.0	-0.032042	-0.674230
2027001	2028000	2027501	102.0	-0.031564	-0.556393
2028001	2029000	2028501	106.0	-0.031086	-0.500898
2029001	2030000	2029501	113.0	-0.030607	-0.408640
2030001	2031000	2030501	97.0	-0.030129	-0.628906
2031001	2032000	2031501	92.0	-0.029651	-0.705257
2032001	2033000	2032501	142.0	-0.029173	-0.079072
2033001	2034000	2033501	116.0	-0.028694	-0.370838
2034001	2035000	2034501	153.0	-0.028216	0.028569
2035001	2036000	2035501	184.0	-0.027738	0.294743
2036001	2037000	2036501	160.0	-0.027260	0.093109
2037001	2038000	2037501	173.0	-0.026781	0.205810
2038001	2039000	2038501	182.0	-0.026303	0.278976
2039001	2040000	2039501	210.0	-0.025825	0.485427
2040001	2041000	2040501	207.0	-0.025347	0.464668
2041001	2042000	2041501	215.0	-0.024868	0.519374
2042001	2043000	2042501	172.0	-0.024390	0.197446
2043001	2044000	2043501	176.0	-0.023912	0.230613
2044001	2045000	2044501	197.0	-0.023434	0.393233
2045001	2046000	2045501	123.0	-0.022956	-0.286304
2046001	2047000	2046501	197.0	-0.022477	0.393233
2047001	2048000	2047501	214.0	-0.021999	0.512648
2048001	2049000	2048501	193.0	-0.021521	0.363638
2049001	2050000	2049501	252.0	-0.021043	0.748461
2050001	2051000	2050501	194.0	-0.020564	0.371094
2051001	2052000	2051501	272.0	-0.020086	0.858644
2052001	2053000	2052501	273.0	-0.019608	0.863938
2053001	2054000	2053501	394.0	-0.019130	1.393233
2054001	2055000	2054501	631.0	-0.018651	2.072678
2055001	2056000	2055501	811.0	-0.018173	2.434739
2056001	2057000	2056501	809.0	-0.017695	2.431177
2057001	2058000	2057501	607.0	-0.017217	2.016734
2058001	2059000	2058501	730.0	-0.016738	2.282934
2059001	2060000	2059501	849.0	-0.016260	2.500802
2060001	2061000	2060501	780.0	-0.015782	2.378512
2061001	2062000	2061501	747.0	-0.015304	2.316146
2062001	2063000	2062501	691.0	-0.014825	2.203723
2063001	2064000	2063501	464.0	-0.014347	1.629162
2064001	2065000	2064501	449.0	-0.013869	1.581753
2065001	2066000	2065501	353.0	-0.013391	1.234706
2066001	2067000	2066501	271.0	-0.012912	0.853330
2067001	2068000	2067501	158.0	-0.012434	0.074962
2068001	2069000	2068501	124.0	-0.011956	-0.274622
2069001	2070000	2069501	221.0	-0.011478	0.559084
2070001	2071000	2070501	226.0	-0.011000	0.591360
2071001	2072000	2071501	215.0	-0.010521	0.519374
2072001	2073000	2072501	175.0	-0.010043	0.222392
2073001	2074000	2073501	153.0	-0.009565	0.028569
2074001	2075000	2074501	117.0	-0.009087	-0.358454
2075001	2076000	2075501	89.0	-0.008608	-0.753085
2076001	2077000	2076501	147.0	-0.008130	-0.029146
2077001	2078000	2077501	152.0	-0.007652	0.019109
2078001	2079000	2078501	157.0	-0.007174	0.065802
2079001	2080000	2079501	146.0	-0.006695	-0.038994
2080001	2081000	2080501	147.0	-0.006217	-0.029146
2081001	2082000	2081501	201.0	-0.005739	0.422233
2082001	2083000	2082501	181.0	-0.005261	0.271027
2083001	2084000	2083501	241.0	-0.004782	0.684071
2084001	2085000	2084501	185.0	-0.004304	0.302563
2085001	2086000	2085501	177.0	-0.003826	0.238787
2086001	2087000	2086501	191.0	-0.003348	0.348610
2087001	2088000	2087501	183.0	-0.002869	0.286881
2088001	2089000	2088501	158.0	-0.002391	0.074962
2089001	2090000	2089501	148.0	-0.001913	-0.019365
2090001	2091000	2090501	140.0	-0.001435	-0.099536
2091001	2092000	2091501	152.0	-0.000956	0.019109
2092001	2093000	2092501	125.0	-0.000478	-0.263034
2093001	2094000	2093501	169.0	0.000000	0.172061
2094001	2095000	2094501	174.0	0.000523	0.214125
2095001	2096000	2095501	126.0	0.001045	-0.251539
2096001	2097000	2096501	114.0	0.001568	-0.395929
2097001	2098000	2097501	97.0	0.002090	-0.628906
2098001	2099000	2098501	97.0	0.002613	-0.628906
2099001	2100000	2099501	125.0	0.003135	-0.263034
2100001	2101000	2100501	132.0	0.003658	-0.184425
2101001	2102000	2101501	160.0	0.004180	0.093109
2102001	2103000	2102501	138.0	0.004703	-0.120294
2103001	2104000	2103501	148.0	0.005225	-0.019365
2104001	2105000	2104501	216.0	0.005748	0.526069
2105001	2106000	2105501	218.0	0.006271	0.539366
2106001	2107000	2106501	275.0	0.006793	0.874469
2107001	2108000	2107501	303.0	0.007316	1.014355
2108001	2109000	2108501	381.0	0.007838	1.344828
2109001	2110000	2109501	371.0	0.008361	1.306457
2110001	2111000	2110501	477.0	0.008883	1.669027
2111001	2112000	2111501	870.0	0.009406	2.536053
2112001	2113000	2112501	814.0	0.009928	2.440066
2113001	2114000	2113501	852.0	0.010451	2.505891
2114001	2115000	2114501	942.0	0.010973	2.650765
2115001	2116000	2115501	689.0	0.011496	2.199541
2116001	2117000	2116501	683.0	0.012018	2.186923
2117001	2118000	2117501	903.0	0.012541	2.589763
2118001	2119000	2118501	846.0	0.013064	2.495695
2119001	2120000	2119501	683.0	0.013586	2.186923
2120001	2121000	2120501	419.0	0.014109	1.481988
2121001	2122000	2121501	305.0	0.014631	1.023847
2122001	2123000	2122501	214.0	0.015154	0.512648
2123001	2124000	2123501	275.0	0.015676	0.874469
2124001	2125000	2124501	237.0	0.016199	0.659925
2125001	2126000	2125501	223.0	0.016721	0.572081
2126001	2127000	2126501	292.0	0.017244	0.961006
2127001	2128000	2127501	251.0	0.017766	0.742725
2128001	2129000	2128501	316.0	0.018289	1.074962
2129001	2130000	2129501	289.0	0.018812	0.946107
2130001	2131000	2130501	406.0	0.019334	1.436517
2131001	2132000	2131501	426.0	0.019857	1.505891
2132001	2133000	2132501	382.0	0.020379	1.348610
2133001	2134000	2133501	382.0	0.020902	1.348610
2134001	2135000	2134501	478.0	0.021424	1.672048
2135001	2136000	2135501	323.0	0.021947	1.106572
2136001	2137000	2136501	317.0	0.022469	1.079520
2137001	2138000	2137501	328.0	0.022992	1.128733
2138001	2139000	2138501	460.0	0.023514	1.616671
2139001	2140000	2139501	477.0	0.024037	1.669027
2140001	2141000	2140501	470.0	0.024560	1.647698
2141001	2142000	2141501	376.0	0.025082	1.325770
2142001	2143000	2142501	348.0	0.025605	1.214125
2143001	2144000	2143501	355.0	0.026127	1.242857
2144001	2145000	2144501	390.0	0.026650	1.378512
2145001	2146000	2145501	437.0	0.027172	1.542671
2146001	2147000	2146501	418.0	0.027695	1.478540
2147001	2148000	2147501	477.0	0.028217	1.669027
2148001	2149000	2148501	404.0	0.028740	1.429393
2149001	2150000	2149501	453.0	0.029262	1.594549
2150001	2151000	2150501	346.0	0.029785	1.205810
2151001	2152000	2151501	339.0	0.030307	1.176323
2152001	2153000	2152501	310.0	0.030830	1.047306
2153001	2154000	2153501	260.0	0.031353	0.793549
2154001	2155000	2154501	204.0	0.031875	0.443607
2155001	2156000	2155501	214.0	0.032398	0.512648
2156001	2157000	2156501	189.0	0.032920	0.333424
2157001	2158000	2157501	218.0	0.033443	0.539366
2158001	2159000	2158501	185.0	0.033965	0.302563
2159001	2160000	2159501	179.0	0.034488	0.254997
2160001	2161000	2160501	191.0	0.035010	0.348610
2161001	2162000	2161501	183.0	0.035533	0.286881
2162001	2163000	2162501	186.0	0.036055	0.310340
2163001	2164000	2163501	189.0	0.036578	0.333424
2164001	2165000	2164501	202.0	0.037101	0.429393
2165001	2166000	2165501	185.0	0.037623	0.302563
2166001	2167000	2166501	200.0	0.038146	0.415037
2167001	2168000	2167501	226.0	0.038668	0.591360
2168001	2169000	2168501	251.0	0.039191	0.742725
2169001	2170000	2169501	350.0	0.039713	1.222392
2170001	2171000	2170501	401.0	0.040236	1.418640
2171001	2172000	2171501	529.0	0.040758	1.818305
2172001	2173000	2172501	446.0	0.041281	1.572081
2173001	2174000	2173501	583.0	0.041803	1.958533
2174001	2175000	2174501	618.0	0.042326	2.042644
2175001	2176000	2175501	355.0	0.042849	1.242857
2176001	2177000	2176501	339.0	0.043371	1.176323
2177001	2178000	2177501	227.0	0.043894	0.597730
2178001	2179000	2178501	187.0	0.044416	0.318076
2179001	2180000	2179501	151.0	0.044939	0.009586
2180001	2181000	2180501	172.0	0.045461	0.197446
2181001	2182000	2181501	116.0	0.045984	-0.370838
2182001	2183000	2182501	148.0	0.046506	-0.019365
2183001	2184000	2183501	183.0	0.047029	0.286881
2184001	2185000	2184501	120.0	0.047551	-0.321928
2185001	2186000	2185501	125.0	0.048074	-0.263034
2186001	2187000	2186501	152.0	0.048596	0.019109
2187001	2188000	2187501	179.0	0.049119	0.254997
2188001	2189000	2188501	216.0	0.049642	0.526069
2189001	2190000	2189501	168.0	0.050164	0.163499
2190001	2191000	2190501	167.0	0.050687	0.154886
2191001	2192000	2191501	174.0	0.051209	0.214125
2192001	2193000	2192501	160.0	0.051732	0.093109
2193001	2194000	2193501	247.0	0.052254	0.719549
2194001	2195000	2194501	199.0	0.052777	0.407806
2195001	2196000	2195501	251.0	0.053299	0.742725
2196001	2197000	2196501	254.0	0.053822	0.759866
2197001	2198000	2197501	268.0	0.054344	0.837270
2198001	2199000	2198501	289.0	0.054867	0.946107
2199001	2200000	2199501	272.0	0.055390	0.858644
2200001	2201000	2200501	290.0	0.055912	0.951090
2201001	2202000	2201501	236.0	0.056435	0.653824
2202001	2203000	2202501	222.0	0.056957	0.565597
2203001	2204000	2203501	192.0	0.057480	0.356144
2204001	2205000	2204501	212.0	0.058002	0.499102
2205001	2206000	2205501	128.0	0.058525	-0.228819
2206001	2207000	2206501	132.0	0.059047	-0.184425
2207001	2208000	2207501	146.0	0.059570	-0.038994
2208001	2209000	2208501	160.0	0.060092	0.093109
2209001	2210000	2209501	163.0	0.060615	0.119909
2210001	2211000	2210501	128.0	0.061138	-0.228819
2211001	2212000	2211501	134.0	0.061660	-0.162730
2212001	2213000	2212501	112.0	0.062183	-0.421464
2213001	2214000	2213501	136.0	0.062705	-0.141356
2214001	2215000	2214501	136.0	0.063228	-0.141356
2215001	2216000	2215501	140.0	0.063750	-0.099536
2216001	2217000	2216501	160.0	0.064273	0.093109
2217001	2218000	2217501	135.0	0.064795	-0.152003
2218001	2219000	2218501	141.0	0.065318	-0.089267
2219001	2220000	2219501	124.0	0.065840	-0.274622
2220001	2221000	2220501	125.0	0.066363	-0.263034
2221001	2222000	2221501	90.0	0.066885	-0.736966
2222001	2223000	2222501	123.0	0.067408	-0.286304
2223001	2224000	2223501	133.0	0.067931	-0.173536
2224001	2225000	2224501	272.0	0.068453	0.858644
2225001	2226000	2225501	97.0	0.068976	-0.628906
2226001	2227000	2226501	119.0	0.069498	-0.334001
2227001	2228000	2227501	123.0	0.070021	-0.286304
2228001	2229000	2228501	104.0	0.070543	-0.528379
2229001	2230000	2229501	131.0	0.071066	-0.195396
2230001	2231000	2230501	151.0	0.071588	0.009586
2231001	2232000	2231501	130.0	0.072111	-0.206451
2232001	2233000	2232501	146.0	0.072633	-0.038994
2233001	2234000	2233501	116.0	0.073156	-0.370838
2234001	2235000	2234501	100.0	0.073679	-0.584963
2235001	2236000	2235501	109.0	0.074201	-0.460634
2236001	2237000	2236501	100.0	0.074724	-0.584963
2237001	2238000	2237501	101.0	0.075246	-0.570607
2238001	2239000	2238501	132.0	0.075769	-0.184425
2239001	2240000	2239501	103.0	0.076291	-0.542318
2240001	2241000	2240501	113.0	0.076814	-0.408640
2241001	2242000	2241501	114.0	0.077336	-0.395929
2242001	2243000	2242501	85.0	0.077859	-0.819428
2243001	2244000	2243501	89.0	0.078381	-0.753085
2244001	2245000	2244501	104.0	0.078904	-0.528379
2245001	2246000	2245501	113.0	0.079426	-0.408640
2246001	2247000	2246501	128.0	0.079949	-0.228819
2247001	2248000	2247501	164.0	0.080472	0.128733
2248001	2249000	2248501	111.0	0.080994	-0.434403
2249001	2250000	2249501	95.0	0.081517	-0.658963
2250001	2251000	2250501	93.0	0.082039	-0.689660
2251001	2252000	2251501	82.0	0.082562	-0.871267
2252001	2253000	2252501	98.0	0.083084	-0.614109
2253001	2254000	2253501	67.0	0.083607	-1.162730
2254001	2255000	2254501	120.0	0.084129	-0.321928
2255001	2256000	2255501	157.0	0.084652	0.065802
2256001	2257000	2256501	105.0	0.085174	-0.514573
2257001	2258000	2257501	69.0	0.085697	-1.120294
2258001	2259000	2258501	98.0	0.086220	-0.614109
2259001	2260000	2259501	82.0	0.086742	-0.871267
2260001	2261000	2260501	76.0	0.087265	-0.980891
2261001	2262000	2261501	73.0	0.087787	-1.038994
2262001	2263000	2262501	130.0	0.088310	-0.206451
2263001	2264000	2263501	105.0	0.088832	-0.514573
2264001	2265000	2264501	122.0	0.089355	-0.298081
2265001	2266000	2265501	117.0	0.089877	-0.358454
2266001	2267000	2266501	122.0	0.090400	-0.298081
2267001	2268000	2267501	118.0	0.090922	-0.346176
2268001	2269000	2268501	87.0	0.091445	-0.785875
2269001	2270000	2269501	110.0	0.091968	-0.447459
2270001	2271000	2270501	101.0	0.092490	-0.570607
2271001	2272000	2271501	95.0	0.093013	-0.658963
2272001	2273000	2272501	106.0	0.093535	-0.500898
2273001	2274000	2273501	119.0	0.094058	-0.334001
2274001	2275000	2274501	94.0	0.094580	-0.674230
2275001	2276000	2275501	114.0	0.095103	-0.395929
2276001	2277000	2276501	117.0	0.095625	-0.358454
2277001	2278000	2277501	124.0	0.096148	-0.274622
2278001	2279000	2278501	141.0	0.096670	-0.089267
2279001	2280000	2279501	143.0	0.097193	-0.068947
2280001	2281000	2280501	168.0	0.097715	0.163499
2281001	2282000	2281501	183.0	0.098238	0.286881
2282001	2283000	2282501	226.0	0.098761	0.591360
2283001	2284000	2283501	273.0	0.099283	0.863938
2284001	2285000	2284501	298.0	0.099806	0.990350
2285001	2286000	2285501	344.0	0.100328	1.197446
2286001	2287000	2286501	382.0	0.100851	1.348610
2287001	2288000	2287501	606.0	0.101373	2.014355
2288001	2289000	2288501	597.0	0.101896	1.992768
2289001	2290000	2289501	521.0	0.102418	1.796321
2290001	2291000	2290501	435.0	0.102941	1.536053
2291001	2292000	2291501	458.0	0.103463	1.610385
2292001	2293000	2292501	472.0	0.103986	1.653824
2293001	2294000	2293501	334.0	0.104509	1.154886
2294001	2295000	2294501	342.0	0.105031	1.189034
2295001	2296000	2295501	266.0	0.105554	0.826464
2296001	2297000	2296501	159.0	0.106076	0.084064
2297001	2298000	2297501	166.0	0.106599	0.146221
2298001	2299000	2298501	175.0	0.107121	0.222392
2299001	2300000	2299501	166.0	0.107644	0.146221
2300001	2301000	2300501	142.0	0.108166	-0.079072
2301001	2302000	2301501	110.0	0.108689	-0.447459
2302001	2303000	2302501	148.0	0.109211	-0.019365
2303001	2304000	2303501	100.0	0.109734	-0.584963
2304001	2305000	2304501	84.0	0.110257	-0.836501
2305001	2306000	2305501	106.0	0.110779	-0.500898
2306001	2307000	2306501	77.0	0.111302	-0.962032
2307001	2308000	2307501	99.0	0.111824	-0.599462
2308001	2309000	2308501	93.0	0.112347	-0.689660
2309001	2310000	2309501	98.0	0.112869	-0.614109
2310001	2311000	2310501	94.0	0.113392	-0.674230
2311001	2312000	2311501	96.0	0.113914	-0.643856
2312001	2313000	2312501	94.0	0.114437	-0.674230
2313001	2314000	2313501	114.0	0.114959	-0.395929
2314001	2315000	2314501	75.0	0.115482	-1.000000
2315001	2316000	2315501	109.0	0.116004	-0.460634
2316001	2317000	2316501	101.0	0.116527	-0.570607
2317001	2318000	2317501	109.0	0.117050	-0.460634
2318001	2319000	2318501	118.0	0.117572	-0.346176
2319001	2320000	2319501	142.0	0.118095	-0.079072
2320001	2321000	2320501	105.0	0.118617	-0.514573
2321001	2322000	2321501	113.0	0.119140	-0.408640
2322001	2323000	2322501	124.0	0.119662	-0.274622
2323001	2324000	2323501	91.0	0.120185	-0.721024
2324001	2325000	2324501	117.0	0.120707	-0.358454
2325001	2326000	2325501	106.0	0.121230	-0.500898
2326001	2327000	2326501	140.0	0.121752	-0.099536
2327001	2328000	2327501	131.0	0.122275	-0.195396
2328001	2329000	2328501	121.0	0.122798	-0.309955
2329001	2330000	2329501	118.0	0.123320	-0.346176
2330001	2331000	2330501	142.0	0.123843	-0.079072
2331001	2332000	2331501	153.0	0.124365	0.028569
2332001	2333000	2332501	111.0	0.124888	-0.434403
2333001	2334000	2333501	110.0	0.125410	-0.447459
2334001	2335000	2334501	142.0	0.125933	-0.079072
2335001	2336000	2335501	134.0	0.126455	-0.162730
2336001	2337000	2336501	146.0	0.126978	-0.038994
2337001	2338000	2337501	178.0	0.127500	0.246915
2338001	2339000	2338501	160.0	0.128023	0.093109
2339001	2340000	2339501	204.0	0.128546	0.443607
2340001	2341000	2340501	263.0	0.129068	0.810100
2341001	2342000	2341501	298.0	0.129591	0.990350
2342001	2343000	2342501	360.0	0.130113	1.263034
2343001	2344000	2343501	426.0	0.130636	1.505891
2344001	2345000	2344501	384.0	0.131158	1.356144
2345001	2346000	2345501	353.0	0.131681	1.234706
2346001	2347000	2346501	269.0	0.132203	0.842644
2347001	2348000	2347501	269.0	0.132726	0.842644
2348001	2349000	2348501	237.0	0.133248	0.659925
2349001	2350000	2349501	249.0	0.133771	0.731183
2350001	2351000	2350501	238.0	0.134293	0.665999
2351001	2352000	2351501	206.0	0.134816	0.457682
2352001	2353000	2352501	222.0	0.135339	0.565597
2353001	2354000	2353501	165.0	0.135861	0.137504
2354001	2355000	2354501	187.0	0.136384	0.318076
2355001	2356000	2355501	186.0	0.136906	0.310340
2356001	2357000	2356501	180.0	0.137429	0.263034
2357001	2358000	2357501	197.0	0.137951	0.393233
2358001	2359000	2358501	205.0	0.138474	0.450661
2359001	2360000	2359501	232.0	0.138996	0.629162
2360001	2361000	2360501	255.0	0.139519	0.765535
2361001	2362000	2361501	243.0	0.140041	0.695994
2362001	2363000	2362501	270.0	0.140564	0.847997
2363001	2364000	2363501	186.0	0.141087	0.310340
2364001	2365000	2364501	204.0	0.141609	0.443607
2365001	2366000	2365501	233.0	0.142132	0.635367
2366001	2367000	2366501	226.0	0.142654	0.591360
2367001	2368000	2367501	242.0	0.143177	0.690045
2368001	2369000	2368501	185.0	0.143699	0.302563
2369001	2370000	2369501	213.0	0.144222	0.505891
2370001	2371000	2370501	275.0	0.144744	0.874469
2371001	2372000	2371501	312.0	0.145267	1.056584
2372001	2373000	2372501	340.0	0.145789	1.180572
2373001	2374000	2373501	344.0	0.146312	1.197446
2374001	2375000	2374501	402.0	0.146835	1.422233
2375001	2376000	2375501	354.0	0.147357	1.238787
2376001	2377000	2376501	334.0	0.147880	1.154886
2377001	2378000	2377501	388.0	0.148402	1.371094
2378001	2379000	2378501	370.0	0.148925	1.302563
2379001	2380000	2379501	403.0	0.149447	1.425817
2380001	2381000	2380501	365.0	0.149970	1.282934
2381001	2382000	2381501	309.0	0.150492	1.042644
2382001	2383000	2382501	273.0	0.151015	0.863938
2383001	2384000	2383501	199.0	0.151537	0.407806
2384001	2385000	2384501	201.0	0.152060	0.422233
2385001	2386000	2385501	238.0	0.152582	0.665999
2386001	2387000	2386501	146.0	0.153105	-0.038994
2387001	2388000	2387501	158.0	0.153628	0.074962
2388001	2389000	2388501	146.0	0.154150	-0.038994
2389001	2390000	2389501	106.0	0.154673	-0.500898
2390001	2391000	2390501	181.0	0.155195	0.271027
2391001	2392000	2391501	146.0	0.155718	-0.038994
2392001	2393000	2392501	142.0	0.156240	-0.079072
2393001	2394000	2393501	123.0	0.156763	-0.286304
2394001	2395000	2394501	201.0	0.157285	0.422233
2395001	2396000	2395501	188.0	0.157808	0.325770
2396001	2397000	2396501	200.0	0.158330	0.415037
2397001	2398000	2397501	224.0	0.158853	0.578536
2398001	2399000	2398501	203.0	0.159376	0.436517
2399001	2400000	2399501	242.0	0.159898	0.690045
2400001	2401000	2400501	239.0	0.160421	0.672048
2401001	2402000	2401501	216.0	0.160943	0.526069
2402001	2403000	2402501	159.0	0.161466	0.084064
2403001	2404000	2403501	191.0	0.161988	0.348610
2404001	2405000	2404501	208.0	0.162511	0.471621
2405001	2406000	2405501	227.0	0.163033	0.597730
2406001	2407000	2406501	233.0	0.163556	0.635367
2407001	2408000	2407501	270.0	0.164078	0.847997
2408001	2409000	2408501	293.0	0.164601	0.965938
2409001	2410000	2409501	289.0	0.165124	0.946107
2410001	2411000	2410501	411.0	0.165646	1.454176
2411001	2412000	2411501	388.0	0.166169	1.371094
2412001	2413000	2412501	468.0	0.166691	1.641546
2413001	2414000	2413501	704.0	0.167214	2.230613
2414001	2415000	2414501	601.0	0.167736	2.002402
2415001	2416000	2415501	502.0	0.168259	1.742725
2416001	2417000	2416501	418.0	0.168781	1.478540
2417001	2418000	2417501	471.0	0.169304	1.650765
2418001	2419000	2418501	343.0	0.169826	1.193246
2419001	2420000	2419501	209.0	0.170349	0.478540
2420001	2421000	2420501	201.0	0.170871	0.422233
2421001	2422000	2421501	158.0	0.171394	0.074962
2422001	2423000	2422501	124.0	0.171917	-0.274622
2423001	2424000	2423501	136.0	0.172439	-0.141356
2424001	2425000	2424501	147.0	0.172962	-0.029146
2425001	2426000	2425501	136.0	0.173484	-0.141356
2426001	2427000	2426501	168.0	0.174007	0.163499
2427001	2428000	2427501	105.0	0.174529	-0.514573
2428001	2429000	2428501	119.0	0.175052	-0.334001
2429001	2430000	2429501	195.0	0.175574	0.378512
2430001	2431000	2430501	140.0	0.176097	-0.099536
2431001	2432000	2431501	94.0	0.176619	-0.674230
2432001	2433000	2432501	82.0	0.177142	-0.871267
2433001	2434000	2433501	104.0	0.177665	-0.528379
2434001	2435000	2434501	119.0	0.178187	-0.334001
2435001	2436000	2435501	91.0	0.178710	-0.721024
2436001	2437000	2436501	89.0	0.179232	-0.753085
2437001	2438000	2437501	97.0	0.179755	-0.628906
2438001	2439000	2438501	145.0	0.180277	-0.048910
2439001	2440000	2439501	148.0	0.180800	-0.019365
2440001	2441000	2440501	140.0	0.181322	-0.099536
2441001	2442000	2441501	149.0	0.181845	-0.009650
2442001	2443000	2442501	175.0	0.182367	0.222392
2443001	2444000	2443501	150.0	0.182890	0.000000
2444001	2445000	2444501	203.0	0.183413	0.436517
2445001	2446000	2445501	188.0	0.183935	0.325770
2446001	2447000	2446501	244.0	0.184458	0.701919
2447001	2448000	2447501	270.0	0.184980	0.847997
2448001	2449000	2448501	325.0	0.185503	1.115477
2449001	2450000	2449501	426.0	0.186025	1.505891
2450001	2451000	2450501	492.0	0.186548	1.713696
2451001	2452000	2451501	423.0	0.187070	1.495695
2452001	2453000	2452501	426.0	0.187593	1.505891
2453001	2454000	2453501	384.0	0.188115	1.356144
2454001	2455000	2454501	382.0	0.188638	1.348610
2455001	2456000	2455501	392.0	0.189160	1.385891
2456001	2457000	2456501	315.0	0.189683	1.070389
2457001	2458000	2457501	360.0	0.190206	1.263034
2458001	2459000	2458501	334.0	0.190728	1.154886
2459001	2460000	2459501	324.0	0.191251	1.111031
2460001	2461000	2460501	252.0	0.191773	0.748461
2461001	2462000	2461501	225.0	0.192296	0.584963
2462001	2463000	2462501	225.0	0.192818	0.584963
2463001	2464000	2463501	183.0	0.193341	0.286881
2464001	2465000	2464501	214.0	0.193863	0.512648
2465001	2466000	2465501	215.0	0.194386	0.519374
2466001	2467000	2466501	176.0	0.194908	0.230613
2467001	2468000	2467501	119.0	0.195431	-0.334001
2468001	2469000	2468501	130.0	0.195954	-0.206451
2469001	2470000	2469501	153.0	0.196476	0.028569
2470001	2471000	2470501	174.0	0.196999	0.214125
2471001	2472000	2471501	151.0	0.197521	0.009586
2472001	2473000	2472501	165.0	0.198044	0.137504
2473001	2474000	2473501	114.0	0.198566	-0.395929
2474001	2475000	2474501	119.0	0.199089	-0.334001
2475001	2476000	2475501	104.0	0.199611	-0.528379
2476001	2477000	2476501	133.0	0.200134	-0.173536
2477001	2478000	2477501	135.0	0.200656	-0.152003
2478001	2479000	2478501	132.0	0.201179	-0.184425
2479001	2480000	2479501	129.0	0.201702	-0.217591
2480001	2481000	2480501	130.0	0.202224	-0.206451
2481001	2482000	2481501	149.0	0.202747	-0.009650
2482001	2483000	2482501	143.0	0.203269	-0.068947
2483001	2484000	2483501	120.0	0.203792	-0.321928
2484001	2485000	2484501	124.0	0.204314	-0.274622
2485001	2486000	2485501	127.0	0.204837	-0.240134
2486001	2487000	2486501	121.0	0.205359	-0.309955
2487001	2488000	2487501	110.0	0.205882	-0.447459
2488001	2489000	2488501	102.0	0.206404	-0.556393
2489001	2490000	2489501	126.0	0.206927	-0.251539
2490001	2491000	2490501	120.0	0.207449	-0.321928
2491001	2492000	2491501	113.0	0.207972	-0.408640
2492001	2493000	2492501	118.0	0.208495	-0.346176
2493001	2494000	2493501	102.0	0.209017	-0.556393
2494001	2495000	2494501	98.0	0.209540	-0.614109
2495001	2496000	2495501	97.0	0.210062	-0.628906
2496001	2497000	2496501	112.0	0.210585	-0.421464
2497001	2498000	2497501	128.0	0.211107	-0.228819
2498001	2499000	2498501	125.0	0.211630	-0.263034
2499001	2500000	2499501	169.0	0.212152	0.172061
2500001	2501000	2500501	190.0	0.212675	0.341037
2501001	2502000	2501501	154.0	0.213197	0.037968
2502001	2503000	2502501	187.0	0.213720	0.318076
2503001	2504000	2503501	142.0	0.214243	-0.079072
2504001	2505000	2504501	153.0	0.214765	0.028569
2505001	2506000	2505501	138.0	0.215288	-0.120294
2506001	2507000	2506501	177.0	0.215810	0.238787
2507001	2508000	2507501	285.0	0.216333	0.925999
2508001	2509000	2508501	175.0	0.216855	0.222392
2509001	2510000	2509501	155.0	0.217378	0.047306
2510001	2511000	2510501	137.0	0.217900	-0.130787
2511001	2512000	2511501	159.0	0.218423	0.084064
2512001	2513000	2512501	105.0	0.218945	-0.514573
2513001	2514000	2513501	131.0	0.219468	-0.195396
2514001	2515000	2514501	139.0	0.219991	-0.109878
2515001	2516000	2515501	118.0	0.220513	-0.346176
2516001	2517000	2516501	79.0	0.221036	-0.925038
2517001	2518000	2517501	81.0	0.221558	-0.888969
2518001	2519000	2518501	101.0	0.222081	-0.570607
2519001	2520000	2519501	135.0	0.222603	-0.152003
2520001	2521000	2520501	142.0	0.223126	-0.079072
2521001	2522000	2521501	159.0	0.223648	0.084064
2522001	2523000	2522501	126.0	0.224171	-0.251539
2523001	2524000	2523501	113.0	0.224693	-0.408640
2524001	2525000	2524501	140.0	0.225216	-0.099536
2525001	2526000	2525501	109.0	0.225738	-0.460634
2526001	2527000	2526501	145.0	0.226261	-0.048910
2527001	2528000	2527501	184.0	0.226784	0.294743
2528001	2529000	2528501	254.0	0.227306	0.759866
2529001	2530000	2529501	256.0	0.227829	0.771181
2530001	2531000	2530501	287.0	0.228351	0.936088
2531001	2532000	2531501	393.0	0.228874	1.389567
2532001	2533000	2532501	412.0	0.229396	1.457682
2533001	2534000	2533501	420.0	0.229919	1.485427
2534001	2535000	2534501	486.0	0.230441	1.695994
2535001	2536000	2535501	454.0	0.230964	1.597730
2536001	2537000	2536501	362.0	0.231486	1.271027
2537001	2538000	2537501	335.0	0.232009	1.159199
2538001	2539000	2538501	269.0	0.232532	0.842644
2539001	2540000	2539501	271.0	0.233054	0.853330
2540001	2541000	2540501	281.0	0.233577	0.905608
2541001	2542000	2541501	278.0	0.234099	0.890122
2542001	2543000	2542501	318.0	0.234622	1.084064
2543001	2544000	2543501	310.0	0.235144	1.047306
2544001	2545000	2544501	215.0	0.235667	0.519374
2545001	2546000	2545501	203.0	0.236189	0.436517
2546001	2547000	2546501	193.0	0.236712	0.363638
2547001	2548000	2547501	281.0	0.237234	0.905608
2548001	2549000	2548501	202.0	0.237757	0.429393
2549001	2550000	2549501	214.0	0.238279	0.512648
2550001	2551000	2550501	190.0	0.238802	0.341037
2551001	2552000	2551501	223.0	0.239325	0.572081
2552001	2553000	2552501	224.0	0.239847	0.578536
2553001	2554000	2553501	226.0	0.240370	0.591360
2554001	2555000	2554501	187.0	0.240892	0.318076
2555001	2556000	2555501	167.0	0.241415	0.154886
2556001	2557000	2556501	162.0	0.241937	0.111031
2557001	2558000	2557501	209.0	0.242460	0.478540
2558001	2559000	2558501	152.0	0.242982	0.019109
2559001	2560000	2559501	135.0	0.243505	-0.152003
2560001	2561000	2560501	131.0	0.244027	-0.195396
2561001	2562000	2561501	118.0	0.244550	-0.346176
2562001	2563000	2562501	127.0	0.245073	-0.240134
2563001	2564000	2563501	151.0	0.245595	0.009586
2564001	2565000	2564501	122.0	0.246118	-0.298081
2565001	2566000	2565501	155.0	0.246640	0.047306
2566001	2567000	2566501	147.0	0.247163	-0.029146
2567001	2568000	2567501	157.0	0.247685	0.065802
2568001	2569000	2568501	119.0	0.248208	-0.334001
2569001	2570000	2569501	118.0	0.248730	-0.346176
2570001	2571000	2570501	138.0	0.249253	-0.120294
2571001	2572000	2571501	124.0	0.249775	-0.274622
2572001	2573000	2572501	119.0	0.250298	-0.334001
2573001	2574000	2573501	137.0	0.250821	-0.130787
2574001	2575000	2574501	134.0	0.251343	-0.162730
2575001	2576000	2575501	141.0	0.251866	-0.089267
2576001	2577000	2576501	121.0	0.252388	-0.309955
2577001	2578000	2577501	158.0	0.252911	0.074962
2578001	2579000	2578501	106.0	0.253433	-0.500898
2579001	2580000	2579501	174.0	0.253956	0.214125
2580001	2581000	2580501	148.0	0.254478	-0.019365
2581001	2582000	2581501	156.0	0.255001	0.056584
2582001	2583000	2582501	120.0	0.255523	-0.321928
2583001	2584000	2583501	134.0	0.256046	-0.162730
2584001	2585000	2584501	166.0	0.256568	0.146221
2585001	2586000	2585501	146.0	0.257091	-0.038994
2586001	2587000	2586501	196.0	0.257614	0.385891
2587001	2588000	2587501	203.0	0.258136	0.436517
2588001	2589000	2588501	178.0	0.258659	0.246915
2589001	2590000	2589501	207.0	0.259181	0.464668
2590001	2591000	2590501	137.0	0.259704	-0.130787
2591001	2592000	2591501	142.0	0.260226	-0.079072
2592001	2593000	2592501	198.0	0.260749	0.400538
2593001	2594000	2593501	194.0	0.261271	0.371094
2594001	2595000	2594501	202.0	0.261794	0.429393
2595001	2596000	2595501	199.0	0.262316	0.407806
2596001	2597000	2596501	150.0	0.262839	0.000000
2597001	2598000	2597501	160.0	0.263362	0.093109
2598001	2599000	2598501	148.0	0.263884	-0.019365
2599001	2600000	2599501	174.0	0.264407	0.214125
2600001	2601000	2600501	126.0	0.264929	-0.251539
2601001	2602000	2601501	145.0	0.265452	-0.048910
2602001	2603000	2602501	156.0	0.265974	0.056584
2603001	2604000	2603501	152.0	0.266497	0.019109
2604001	2605000	2604501	141.0	0.267019	-0.089267
2605001	2606000	2605501	138.0	0.267542	-0.120294
2606001	2607000	2606501	139.0	0.268064	-0.109878
2607001	2608000	2607501	114.0	0.268587	-0.395929
2608001	2609000	2608501	123.0	0.269110	-0.286304
2609001	2610000	2609501	155.0	0.269632	0.047306
2610001	2611000	2610501	153.0	0.270155	0.028569
2611001	2612000	2611501	179.0	0.270677	0.254997
2612001	2613000	2612501	167.0	0.271200	0.154886
2613001	2614000	2613501	193.0	0.271722	0.363638
2614001	2615000	2614501	184.0	0.272245	0.294743
2615001	2616000	2615501	169.0	0.272767	0.172061
2616001	2617000	2616501	170.0	0.273290	0.180572
2617001	2618000	2617501	185.0	0.273812	0.302563
2618001	2619000	2618501	194.0	0.274335	0.371094
2619001	2620000	2619501	198.0	0.274857	0.400538
2620001	2621000	2620501	203.0	0.275380	0.436517
2621001	2622000	2621501	231.0	0.275903	0.622930
2622001	2623000	2622501	256.0	0.276425	0.771181
2623001	2624000	2623501	314.0	0.276948	1.065802
2624001	2625000	2624501	557.0	0.277470	1.892715
2625001	2626000	2625501	502.0	0.277993	1.742725
2626001	2627000	2626501	383.0	0.278515	1.352382
2627001	2628000	2627501	408.0	0.279038	1.443607
2628001	2629000	2628501	377.0	0.279560	1.329602
2629001	2630000	2629501	357.0	0.280083	1.250962
2630001	2631000	2630501	268.0	0.280605	0.837270
2631001	2632000	2631501	251.0	0.281128	0.742725
2632001	2633000	2632501	216.0	0.281651	0.526069
2633001	2634000	2633501	191.0	0.282173	0.348610
2634001	2635000	2634501	174.0	0.282696	0.214125
2635001	2636000	2635501	217.0	0.283218	0.532733
2636001	2637000	2636501	156.0	0.283741	0.056584
2637001	2638000	2637501	163.0	0.284263	0.119909
2638001	2639000	2638501	142.0	0.284786	-0.079072
2639001	2640000	2639501	121.0	0.285308	-0.309955
2640001	2641000	2640501	142.0	0.285831	-0.079072
2641001	2642000	2641501	94.0	0.286353	-0.674230
2642001	2643000	2642501	115.0	0.286876	-0.383329
2643001	2644000	2643501	135.0	0.287399	-0.152003
2644001	2645000	2644501	145.0	0.287921	-0.048910
2645001	2646000	2645501	91.0	0.288444	-0.721024
2646001	2647000	2646501	118.0	0.288966	-0.346176
2647001	2648000	2647501	118.0	0.289489	-0.346176
2648001	2649000	2648501	118.0	0.290011	-0.346176
2649001	2650000	2649501	129.0	0.290534	-0.217591
2650001	2651000	2650501	111.0	0.291056	-0.434403
2651001	2652000	2651501	141.0	0.291579	-0.089267
2652001	2653000	2652501	163.0	0.292101	0.119909
2653001	2654000	2653501	189.0	0.292624	0.333424
2654001	2655000	2654501	202.0	0.293146	0.429393
2655001	2656000	2655501	165.0	0.293669	0.137504
2656001	2657000	2656501	191.0	0.294192	0.348610
2657001	2658000	2657501	209.0	0.294714	0.478540
2658001	2659000	2658501	180.0	0.295237	0.263034
2659001	2660000	2659501	190.0	0.295759	0.341037
2660001	2661000	2660501	188.0	0.296282	0.325770
2661001	2662000	2661501	185.0	0.296804	0.302563
2662001	2663000	2662501	172.0	0.297327	0.197446
2663001	2664000	2663501	170.0	0.297849	0.180572
2664001	2665000	2664501	162.0	0.298372	0.111031
2665001	2666000	2665501	134.0	0.298894	-0.162730
2666001	2667000	2666501	146.0	0.299417	-0.038994
2667001	2668000	2667501	157.0	0.299940	0.065802
2668001	2669000	2668501	233.0	0.300462	0.635367
2669001	2670000	2669501	168.0	0.300985	0.163499
2670001	2671000	2670501	194.0	0.301507	0.371094
2671001	2672000	2671501	240.0	0.302030	0.678072
2672001	2673000	2672501	254.0	0.302552	0.759866
2673001	2674000	2673501	244.0	0.303075	0.701919
2674001	2675000	2674501	293.0	0.303597	0.965938
2675001	2676000	2675501	319.0	0.304120	1.088594
2676001	2677000	2676501	332.0	0.304642	1.146221
2677001	2678000	2677501	277.0	0.305165	0.884923
2678001	2679000	2678501	346.0	0.305688	1.205810
2679001	2680000	2679501	261.0	0.306210	0.799087
2680001	2681000	2680501	222.0	0.306733	0.565597
2681001	2682000	2681501	160.0	0.307255	0.093109
2682001	2683000	2682501	198.0	0.307778	0.400538
2683001	2684000	2683501	219.0	0.308300	0.545968
2684001	2685000	2684501	169.0	0.308823	0.172061
2685001	2686000	2685501	141.0	0.309345	-0.089267
2686001	2687000	2686501	178.0	0.309868	0.246915
2687001	2688000	2687501	226.0	0.310390	0.591360
2688001	2689000	2688501	183.0	0.310913	0.286881
2689001	2690000	2689501	185.0	0.311435	0.302563
2690001	2691000	2690501	335.0	0.311958	1.159199
2691001	2692000	2691501	366.0	0.312481	1.286881
2692001	2693000	2692501	271.0	0.313003	0.853330
2693001	2694000	2693501	236.0	0.313526	0.653824
2694001	2695000	2694501	249.0	0.314048	0.731183
2695001	2696000	2695501	314.0	0.314571	1.065802
2696001	2697000	2696501	268.0	0.315093	0.837270
2697001	2698000	2697501	317.0	0.315616	1.079520
2698001	2699000	2698501	261.0	0.316138	0.799087
2699001	2700000	2699501	248.0	0.316661	0.725378
2700001	2701000	2700501	281.0	0.317183	0.905608
2701001	2702000	2701501	269.0	0.317706	0.842644
2702001	2703000	2702501	323.0	0.318229	1.106572
2703001	2704000	2703501	399.0	0.318751	1.411426
2704001	2705000	2704501	292.0	0.319274	0.961006
2705001	2706000	2705501	289.0	0.319796	0.946107
2706001	2707000	2706501	291.0	0.320319	0.956057
2707001	2708000	2707501	302.0	0.320841	1.009586
2708001	2709000	2708501	270.0	0.321364	0.847997
2709001	2710000	2709501	277.0	0.321886	0.884923
2710001	2711000	2710501	213.0	0.322409	0.505891
2711001	2712000	2711501	186.0	0.322931	0.310340
2712001	2713000	2712501	195.0	0.323454	0.378512
2713001	2714000	2713501	205.0	0.323977	0.450661
2714001	2715000	2714501	183.0	0.324499	0.286881
2715001	2716000	2715501	197.0	0.325022	0.393233
2716001	2717000	2716501	307.0	0.325544	1.033276
2717001	2718000	2717501	404.0	0.326067	1.429393
2718001	2719000	2718501	466.0	0.326589	1.635367
2719001	2720000	2719501	461.0	0.327112	1.619804
2720001	2721000	2720501	359.0	0.327634	1.259021
2721001	2722000	2721501	327.0	0.328157	1.124328
2722001	2723000	2722501	300.0	0.328679	1.000000
2723001	2724000	2723501	254.0	0.329202	0.759866
2724001	2725000	2724501	167.0	0.329724	0.154886
2725001	2726000	2725501	148.0	0.330247	-0.019365
2726001	2727000	2726501	141.0	0.330770	-0.089267
2727001	2728000	2727501	131.0	0.331292	-0.195396
2728001	2729000	2728501	142.0	0.331815	-0.079072
2729001	2730000	2729501	142.0	0.332337	-0.079072
2730001	2731000	2730501	117.0	0.332860	-0.358454
2731001	2732000	2731501	91.0	0.333382	-0.721024
2732001	2733000	2732501	74.0	0.333905	-1.019365
2733001	2734000	2733501	118.0	0.334427	-0.346176
2734001	2735000	2734501	88.0	0.334950	-0.769387
2735001	2736000	2735501	131.0	0.335472	-0.195396
2736001	2737000	2736501	139.0	0.335995	-0.109878
2737001	2738000	2737501	131.0	0.336518	-0.195396
2738001	2739000	2738501	155.0	0.337040	0.047306
2739001	2740000	2739501	125.0	0.337563	-0.263034
2740001	2741000	2740501	137.0	0.338085	-0.130787
2741001	2742000	2741501	156.0	0.338608	0.056584
2742001	2743000	2742501	183.0	0.339130	0.286881
2743001	2744000	2743501	208.0	0.339653	0.471621
2744001	2745000	2744501	160.0	0.340175	0.093109
2745001	2746000	2745501	227.0	0.340698	0.597730
2746001	2747000	2746501	195.0	0.341220	0.378512
2747001	2748000	2747501	163.0	0.341743	0.119909
2748001	2749000	2748501	175.0	0.342266	0.222392
2749001	2750000	2749501	175.0	0.342788	0.222392
2750001	2751000	2750501	195.0	0.343311	0.378512
2751001	2752000	2751501	176.0	0.343833	0.230613
2752001	2753000	2752501	173.0	0.344356	0.205810
2753001	2754000	2753501	204.0	0.344878	0.443607
2754001	2755000	2754501	140.0	0.345401	-0.099536
2755001	2756000	2755501	121.0	0.345923	-0.309955
2756001	2757000	2756501	158.0	0.346446	0.074962
2757001	2758000	2757501	106.0	0.346968	-0.500898
2758001	2759000	2758501	124.0	0.347491	-0.274622
2759001	2760000	2759501	121.0	0.348013	-0.309955
2760001	2761000	2760501	135.0	0.348536	-0.152003
2761001	2762000	2761501	123.0	0.349059	-0.286304
2762001	2763000	2762501	132.0	0.349581	-0.184425
2763001	2764000	2763501	109.0	0.350104	-0.460634
2764001	2765000	2764501	139.0	0.350626	-0.109878
2765001	2766000	2765501	156.0	0.351149	0.056584
2766001	2767000	2766501	196.0	0.351671	0.385891
2767001	2768000	2767501	208.0	0.352194	0.471621
2768001	2769000	2768501	324.0	0.352716	1.111031
2769001	2770000	2769501	364.0	0.353239	1.278976
2770001	2771000	2770501	371.0	0.353761	1.306457
2771001	2772000	2771501	534.0	0.354284	1.831877
2772001	2773000	2772501	633.0	0.354807	2.077243
2773001	2774000	2773501	888.0	0.355329	2.565597
2774001	2775000	2774501	754.0	0.355852	2.329602
2775001	2776000	2775501	935.0	0.356374	2.640004
2776001	2777000	2776501	781.0	0.356897	2.380360
2777001	2778000	2777501	614.0	0.357419	2.033276
2778001	2779000	2778501	813.0	0.357942	2.438293
2779001	2780000	2779501	766.0	0.358464	2.352382
2780001	2781000	2780501	583.0	0.358987	1.958533
2781001	2782000	2781501	430.0	0.359509	1.519374
2782001	2783000	2782501	304.0	0.360032	1.019109
2783001	2784000	2783501	296.0	0.360555	0.980635
2784001	2785000	2784501	209.0	0.361077	0.478540
2785001	2786000	2785501	214.0	0.361600	0.512648
2786001	2787000	2786501	346.0	0.362122	1.205810
2787001	2788000	2787501	330.0	0.362645	1.137504
2788001	2789000	2788501	345.0	0.363167	1.201634
2789001	2790000	2789501	374.0	0.363690	1.318076
2790001	2791000	2790501	400.0	0.364212	1.415037
2791001	2792000	2791501	498.0	0.364735	1.731183
2792001	2793000	2792501	596.0	0.365257	1.990350
2793001	2794000	2793501	569.0	0.365780	1.923466
2794001	2795000	2794501	520.0	0.366302	1.793549
2795001	2796000	2795501	471.0	0.366825	1.650765
2796001	2797000	2796501	285.0	0.367348	0.925999
2797001	2798000	2797501	245.0	0.367870	0.707819
2798001	2799000	2798501	154.0	0.368393	0.037968
2799001	2800000	2799501	198.0	0.368915	0.400538
2800001	2801000	2800501	171.0	0.369438	0.189034
2801001	2802000	2801501	127.0	0.369960	-0.240134
2802001	2803000	2802501	172.0	0.370483	0.197446
2803001	2804000	2803501	167.0	0.371005	0.154886
2804001	2805000	2804501	143.0	0.371528	-0.068947
2805001	2806000	2805501	137.0	0.372050	-0.130787
2806001	2807000	2806501	184.0	0.372573	0.294743
2807001	2808000	2807501	245.0	0.373096	0.707819
2808001	2809000	2808501	304.0	0.373618	1.019109
2809001	2810000	2809501	314.0	0.374141	1.065802
2810001	2811000	2810501	297.0	0.374663	0.985500
2811001	2812000	2811501	312.0	0.375186	1.056584
2812001	2813000	2812501	414.0	0.375708	1.464668
2813001	2814000	2813501	407.0	0.376231	1.440066
2814001	2815000	2814501	310.0	0.376753	1.047306
2815001	2816000	2815501	361.0	0.377276	1.267036
2816001	2817000	2816501	386.0	0.377798	1.363638
2817001	2818000	2817501	353.0	0.378321	1.234706
2818001	2819000	2818501	401.0	0.378843	1.418640
2819001	2820000	2819501	400.0	0.379366	1.415037
2820001	2821000	2820501	391.0	0.379889	1.382206
2821001	2822000	2821501	334.0	0.380411	1.154886
2822001	2823000	2822501	305.0	0.380934	1.023847
2823001	2824000	2823501	290.0	0.381456	0.951090
2824001	2825000	2824501	241.0	0.381979	0.684071
2825001	2826000	2825501	234.0	0.382501	0.641546
2826001	2827000	2826501	228.0	0.383024	0.604071
2827001	2828000	2827501	236.0	0.383546	0.653824
2828001	2829000	2828501	255.0	0.384069	0.765535
2829001	2830000	2829501	172.0	0.384591	0.197446
2830001	2831000	2830501	133.0	0.385114	-0.173536
2831001	2832000	2831501	148.0	0.385637	-0.019365
2832001	2833000	2832501	140.0	0.386159	-0.099536
2833001	2834000	2833501	166.0	0.386682	0.146221
2834001	2835000	2834501	122.0	0.387204	-0.298081
2835001	2836000	2835501	134.0	0.387727	-0.162730
2836001	2837000	2836501	76.0	0.388249	-0.980891
2837001	2838000	2837501	106.0	0.388772	-0.500898
2838001	2839000	2838501	128.0	0.389294	-0.228819
2839001	2840000	2839501	126.0	0.389817	-0.251539
2840001	2841000	2840501	178.0	0.390339	0.246915
2841001	2842000	2841501	186.0	0.390862	0.310340
2842001	2843000	2842501	196.0	0.391385	0.385891
2843001	2844000	2843501	138.0	0.391907	-0.120294
2844001	2845000	2844501	163.0	0.392430	0.119909
2845001	2846000	2845501	167.0	0.392952	0.154886
2846001	2847000	2846501	181.0	0.393475	0.271027
2847001	2848000	2847501	199.0	0.393997	0.407806
2848001	2849000	2848501	249.0	0.394520	0.731183
2849001	2850000	2849501	201.0	0.395042	0.422233
2850001	2851000	2850501	227.0	0.395565	0.597730
2851001	2852000	2851501	305.0	0.396087	1.023847
2852001	2853000	2852501	520.0	0.396610	1.793549
2853001	2854000	2853501	547.0	0.397132	1.866578
2854001	2855000	2854501	527.0	0.397655	1.812840
2855001	2856000	2855501	422.0	0.398178	1.492280
2856001	2857000	2856501	337.0	0.398700	1.167786
2857001	2858000	2857501	290.0	0.399223	0.951090
2858001	2859000	2858501	336.0	0.399745	1.163499
2859001	2860000	2859501	232.0	0.400268	0.629162
2860001	2861000	2860501	201.0	0.400790	0.422233
2861001	2862000	2861501	227.0	0.401313	0.597730
2862001	2863000	2862501	223.0	0.401835	0.572081
2863001	2864000	2863501	145.0	0.402358	-0.048910
2864001	2865000	2864501	134.0	0.402880	-0.162730
2865001	2866000	2865501	139.0	0.403403	-0.109878
2866001	2867000	2866501	108.0	0.403926	-0.473931
2867001	2868000	2867501	121.0	0.404448	-0.309955
2868001	2869000	2868501	122.0	0.404971	-0.298081
2869001	2870000	2869501	97.0	0.405493	-0.628906
2870001	2871000	2870501	117.0	0.406016	-0.358454
2871001	2872000	2871501	107.0	0.406538	-0.487352
2872001	2873000	2872501	101.0	0.407061	-0.570607
2873001	2874000	2873501	121.0	0.407583	-0.309955
2874001	2875000	2874501	126.0	0.408106	-0.251539
2875001	2876000	2875501	78.0	0.408628	-0.943416
2876001	2877000	2876501	116.0	0.409151	-0.370838
2877001	2878000	2877501	102.0	0.409674	-0.556393
2878001	2879000	2878501	80.0	0.410196	-0.906891
2879001	2880000	2879501	107.0	0.410719	-0.487352
2880001	2881000	2880501	88.0	0.411241	-0.769387
2881001	2882000	2881501	93.0	0.411764	-0.689660
2882001	2883000	2882501	140.0	0.412286	-0.099536
2883001	2884000	2883501	71.0	0.412809	-1.079072
2884001	2885000	2884501	85.0	0.413331	-0.819428
2885001	2886000	2885501	79.0	0.413854	-0.925038
2886001	2887000	2886501	84.0	0.414376	-0.836501
2887001	2888000	2887501	75.0	0.414899	-1.000000
2888001	2889000	2888501	88.0	0.415421	-0.769387
2889001	2890000	2889501	54.0	0.415944	-1.473931
2890001	2891000	2890501	99.0	0.416467	-0.599462
2891001	2892000	2891501	93.0	0.416989	-0.689660
2892001	2893000	2892501	85.0	0.417512	-0.819428
2893001	2894000	2893501	87.0	0.418034	-0.785875
2894001	2895000	2894501	79.0	0.418557	-0.925038
2895001	2896000	2895501	78.0	0.419079	-0.943416
2896001	2897000	2896501	67.0	0.419602	-1.162730
2897001	2898000	2897501	110.0	0.420124	-0.447459
2898001	2899000	2898501	91.0	0.420647	-0.721024
2899001	2900000	2899501	114.0	0.421169	-0.395929
2900001	2901000	2900501	85.0	0.421692	-0.819428
2901001	2902000	2901501	99.0	0.422215	-0.599462
2902001	2903000	2902501	101.0	0.422737	-0.570607
2903001	2904000	2903501	78.0	0.423260	-0.943416
2904001	2905000	2904501	101.0	0.423782	-0.570607
2905001	2906000	2905501	82.0	0.424305	-0.871267
2906001	2907000	2906501	92.0	0.424827	-0.705257
2907001	2908000	2907501	98.0	0.425350	-0.614109
2908001	2909000	2908501	91.0	0.425872	-0.721024
2909001	2910000	2909501	80.0	0.426395	-0.906891
2910001	2911000	2910501	90.0	0.426917	-0.736966
2911001	2912000	2911501	84.0	0.427440	-0.836501
2912001	2913000	2912501	95.0	0.427963	-0.658963
2913001	2914000	2913501	146.0	0.428485	-0.038994
2914001	2915000	2914501	108.0	0.429008	-0.473931
2915001	2916000	2915501	78.0	0.429530	-0.943416
2916001	2917000	2916501	113.0	0.430053	-0.408640
2917001	2918000	2917501	101.0	0.430575	-0.570607
2918001	2919000	2918501	126.0	0.431098	-0.251539
2919001	2920000	2919501	119.0	0.431620	-0.334001
2920001	2921000	2920501	103.0	0.432143	-0.542318
2921001	2922000	2921501	112.0	0.432665	-0.421464
2922001	2923000	2922501	123.0	0.433188	-0.286304
2923001	2924000	2923501	163.0	0.433710	0.119909
2924001	2925000	2924501	241.0	0.434233	0.684071
2925001	2926000	2925501	277.0	0.434756	0.884923
2926001	2927000	2926501	218.0	0.435278	0.539366
2927001	2928000	2927501	193.0	0.435801	0.363638
2928001	2929000	2928501	323.0	0.436323	1.106572
2929001	2930000	2929501	332.0	0.436846	1.146221
2930001	2931000	2930501	360.0	0.437368	1.263034
2931001	2932000	2931501	415.0	0.437891	1.468149
2932001	2933000	2932501	429.0	0.438413	1.516015
2933001	2934000	2933501	330.0	0.438936	1.137504
2934001	2935000	2934501	240.0	0.439458	0.678072
2935001	2936000	2935501	221.0	0.439981	0.559084
2936001	2937000	2936501	206.0	0.440504	0.457682
2937001	2938000	2937501	235.0	0.441026	0.647698
2938001	2939000	2938501	249.0	0.441549	0.731183
2939001	2940000	2939501	196.0	0.442071	0.385891
2940001	2941000	2940501	288.0	0.442594	0.941106
2941001	2942000	2941501	341.0	0.443116	1.184809
2942001	2943000	2942501	368.0	0.443639	1.294743
2943001	2944000	2943501	312.0	0.444161	1.056584
2944001	2945000	2944501	434.0	0.444684	1.532733
2945001	2946000	2945501	488.0	0.445206	1.701919
2946001	2947000	2946501	559.0	0.445729	1.897886
2947001	2948000	2947501	505.0	0.446252	1.751321
2948001	2949000	2948501	434.0	0.446774	1.532733
2949001	2950000	2949501	391.0	0.447297	1.382206
2950001	2951000	2950501	264.0	0.447819	0.815575
2951001	2952000	2951501	286.0	0.448342	0.931053
2952001	2953000	2952501	283.0	0.448864	0.915840
2953001	2954000	2953501	308.0	0.449387	1.037968
2954001	2955000	2954501	364.0	0.449909	1.278976
2955001	2956000	2955501	413.0	0.450432	1.461179
2956001	2957000	2956501	495.0	0.450954	1.722466
2957001	2958000	2957501	613.0	0.451477	2.030925
2958001	2959000	2958501	622.0	0.451999	2.051952
2959001	2960000	2959501	543.0	0.452522	1.855990
2960001	2961000	2960501	380.0	0.453045	1.341037
2961001	2962000	2961501	253.0	0.453567	0.754175
2962001	2963000	2962501	271.0	0.454090	0.853330
2963001	2964000	2963501	172.0	0.454612	0.197446
2964001	2965000	2964501	204.0	0.455135	0.443607
2965001	2966000	2965501	166.0	0.455657	0.146221
2966001	2967000	2966501	178.0	0.456180	0.246915
2967001	2968000	2967501	136.0	0.456702	-0.141356
2968001	2969000	2968501	146.0	0.457225	-0.038994
2969001	2970000	2969501	141.0	0.457747	-0.089267
2970001	2971000	2970501	135.0	0.458270	-0.152003
2971001	2972000	2971501	166.0	0.458793	0.146221
2972001	2973000	2972501	135.0	0.459315	-0.152003
2973001	2974000	2973501	161.0	0.459838	0.102098
2974001	2975000	2974501	115.0	0.460360	-0.383329
2975001	2976000	2975501	171.0	0.460883	0.189034
2976001	2977000	2976501	173.0	0.461405	0.205810
2977001	2978000	2977501	185.0	0.461928	0.302563
2978001	2979000	2978501	189.0	0.462450	0.333424
2979001	2980000	2979501	167.0	0.462973	0.154886
2980001	2981000	2980501	217.0	0.463495	0.532733
2981001	2982000	2981501	211.0	0.464018	0.492280
2982001	2983000	2982501	208.0	0.464541	0.471621
2983001	2984000	2983501	153.0	0.465063	0.028569
2984001	2985000	2984501	177.0	0.465586	0.238787
2985001	2986000	2985501	159.0	0.466108	0.084064
2986001	2987000	2986501	148.0	0.466631	-0.019365
2987001	2988000	2987501	123.0	0.467153	-0.286304
2988001	2989000	2988501	103.0	0.467676	-0.542318
2989001	2990000	2989501	114.0	0.468198	-0.395929
2990001	2991000	2990501	87.0	0.468721	-0.785875
2991001	2992000	2991501	93.0	0.469243	-0.689660
2992001	2993000	2992501	96.0	0.469766	-0.643856
2993001	2994000	2993501	85.0	0.470288	-0.819428
2994001	2995000	2994501	77.0	0.470811	-0.962032
2995001	2996000	2995501	91.0	0.471334	-0.721024
2996001	2997000	2996501	91.0	0.471856	-0.721024
2997001	2998000	2997501	84.0	0.472379	-0.836501
2998001	2999000	2998501	92.0	0.472901	-0.705257
2999001	3000000	2999501	87.0	0.473424	-0.785875
3000001	3001000	3000501	82.0	0.473946	-0.871267
3001001	3002000	3001501	99.0	0.474469	-0.599462
3002001	3003000	3002501	88.0	0.474991	-0.769387
3003001	3004000	3003501	150.0	0.475514	0.000000
3004001	3005000	3004501	119.0	0.476036	-0.334001
3005001	3006000	3005501	85.0	0.476559	-0.819428
3006001	3007000	3006501	115.0	0.477082	-0.383329
3007001	3008000	3007501	94.0	0.477604	-0.674230
3008001	3009000	3008501	100.0	0.478127	-0.584963
3009001	3010000	3009501	110.0	0.478649	-0.447459
3010001	3011000	3010501	78.0	0.479172	-0.943416
3011001	3012000	3011501	79.0	0.479694	-0.925038
3012001	3013000	3012501	135.0	0.480217	-0.152003
3013001	3014000	3013501	130.0	0.480739	-0.206451
3014001	3015000	3014501	158.0	0.481262	0.074962
3015001	3016000	3015501	187.0	0.481784	0.318076
3016001	3017000	3016501	242.0	0.482307	0.690045
3017001	3018000	3017501	206.0	0.482830	0.457682
3018001	3019000	3018501	213.0	0.483352	0.505891
3019001	3020000	3019501	287.0	0.483875	0.936088
3020001	3021000	3020501	348.0	0.484397	1.214125
3021001	3022000	3021501	355.0	0.484920	1.242857
3022001	3023000	3022501	425.0	0.485442	1.502500
3023001	3024000	3023501	539.0	0.485965	1.845323
3024001	3025000	3024501	430.0	0.486487	1.519374
3025001	3026000	3025501	483.0	0.487010	1.687061
3026001	3027000	3026501	712.0	0.487532	2.246915
3027001	3028000	3027501	760.0	0.488055	2.341037
3028001	3029000	3028501	852.0	0.488577	2.505891
3029001	3030000	3029501	907.0	0.489100	2.596140
3030001	3031000	3030501	731.0	0.489623	2.284909
3031001	3032000	3031501	525.0	0.490145	1.807355
3032001	3033000	3032501	393.0	0.490668	1.389567
3033001	3034000	3033501	512.0	0.491190	1.771181
3034001	3035000	3034501	492.0	0.491713	1.713696
3035001	3036000	3035501	395.0	0.492235	1.396890
3036001	3037000	3036501	388.0	0.492758	1.371094
3037001	3038000	3037501	313.0	0.493280	1.061200
3038001	3039000	3038501	284.0	0.493803	0.920928
3039001	3040000	3039501	251.0	0.494325	0.742725
3040001	3041000	3040501	175.0	0.494848	0.222392
3041001	3042000	3041501	185.0	0.495371	0.302563
3042001	3043000	3042501	169.0	0.495893	0.172061
3043001	3044000	3043501	207.0	0.496416	0.464668
3044001	3045000	3044501	185.0	0.496938	0.302563
3045001	3046000	3045501	206.0	0.497461	0.457682
3046001	3047000	3046501	194.0	0.497983	0.371094
3047001	3048000	3047501	128.0	0.498506	-0.228819
3048001	3049000	3048501	120.0	0.499028	-0.321928
3049001	3050000	3049501	129.0	0.499551	-0.217591
3050001	3051000	3050501	95.0	0.500073	-0.658963
3051001	3052000	3051501	115.0	0.500596	-0.383329
3052001	3053000	3052501	132.0	0.501119	-0.184425
3053001	3054000	3053501	108.0	0.501641	-0.473931
3054001	3055000	3054501	149.0	0.502164	-0.009650
3055001	3056000	3055501	129.0	0.502686	-0.217591
3056001	3057000	3056501	157.0	0.503209	0.065802
3057001	3058000	3057501	147.0	0.503731	-0.029146
3058001	3059000	3058501	183.0	0.504254	0.286881
3059001	3060000	3059501	179.0	0.504776	0.254997
3060001	3061000	3060501	201.0	0.505299	0.422233
3061001	3062000	3061501	183.0	0.505821	0.286881
3062001	3063000	3062501	278.0	0.506344	0.890122
3063001	3064000	3063501	367.0	0.506866	1.290818
3064001	3065000	3064501	570.0	0.507389	1.925999
3065001	3066000	3065501	464.0	0.507912	1.629162
3066001	3067000	3066501	383.0	0.508434	1.352382
3067001	3068000	3067501	369.0	0.508957	1.298658
3068001	3069000	3068501	325.0	0.509479	1.115477
3069001	3070000	3069501	292.0	0.510002	0.961006
3070001	3071000	3070501	336.0	0.510524	1.163499
3071001	3072000	3071501	295.0	0.511047	0.975752
3072001	3073000	3072501	272.0	0.511569	0.858644
3073001	3074000	3073501	300.0	0.512092	1.000000
3074001	3075000	3074501	269.0	0.512614	0.842644
3075001	3076000	3075501	340.0	0.513137	1.180572
3076001	3077000	3076501	348.0	0.513660	1.214125
3077001	3078000	3077501	309.0	0.514182	1.042644
3078001	3079000	3078501	352.0	0.514705	1.230613
3079001	3080000	3079501	307.0	0.515227	1.033276
3080001	3081000	3080501	295.0	0.515750	0.975752
3081001	3082000	3081501	256.0	0.516272	0.771181
3082001	3083000	3082501	269.0	0.516795	0.842644
3083001	3084000	3083501	329.0	0.517317	1.133125
3084001	3085000	3084501	411.0	0.517840	1.454176
3085001	3086000	3085501	377.0	0.518362	1.329602
3086001	3087000	3086501	258.0	0.518885	0.782409
3087001	3088000	3087501	270.0	0.519407	0.847997
3088001	3089000	3088501	254.0	0.519930	0.759866
3089001	3090000	3089501	210.0	0.520453	0.485427
3090001	3091000	3090501	254.0	0.520975	0.759866
3091001	3092000	3091501	193.0	0.521498	0.363638
3092001	3093000	3092501	179.0	0.522020	0.254997
3093001	3094000	3093501	157.0	0.522543	0.065802
3094001	3095000	3094501	152.0	0.523065	0.019109
3095001	3096000	3095501	106.0	0.523588	-0.500898
3096001	3097000	3096501	152.0	0.524110	0.019109
3097001	3098000	3097501	137.0	0.524633	-0.130787
3098001	3099000	3098501	136.0	0.525155	-0.141356
3099001	3100000	3099501	130.0	0.525678	-0.206451
3100001	3101000	3100501	145.0	0.526201	-0.048910
3101001	3102000	3101501	190.0	0.526723	0.341037
3102001	3103000	3102501	164.0	0.527246	0.128733
3103001	3104000	3103501	150.0	0.527768	0.000000
3104001	3105000	3104501	206.0	0.528291	0.457682
3105001	3106000	3105501	187.0	0.528813	0.318076
3106001	3107000	3106501	223.0	0.529336	0.572081
3107001	3108000	3107501	249.0	0.529858	0.731183
3108001	3109000	3108501	206.0	0.530381	0.457682
3109001	3110000	3109501	224.0	0.530903	0.578536
3110001	3111000	3110501	183.0	0.531426	0.286881
3111001	3112000	3111501	199.0	0.531949	0.407806
3112001	3113000	3112501	151.0	0.532471	0.009586
3113001	3114000	3113501	110.0	0.532994	-0.447459
3114001	3115000	3114501	95.0	0.533516	-0.658963
3115001	3116000	3115501	114.0	0.534039	-0.395929
3116001	3117000	3116501	133.0	0.534561	-0.173536
3117001	3118000	3117501	111.0	0.535084	-0.434403
3118001	3119000	3118501	116.0	0.535606	-0.370838
3119001	3120000	3119501	133.0	0.536129	-0.173536
3120001	3121000	3120501	119.0	0.536651	-0.334001
3121001	3122000	3121501	125.0	0.537174	-0.263034
3122001	3123000	3122501	114.0	0.537696	-0.395929
3123001	3124000	3123501	94.0	0.538219	-0.674230
3124001	3125000	3124501	137.0	0.538742	-0.130787
3125001	3126000	3125501	98.0	0.539264	-0.614109
3126001	3127000	3126501	80.0	0.539787	-0.906891
3127001	3128000	3127501	82.0	0.540309	-0.871267
3128001	3129000	3128501	100.0	0.540832	-0.584963
3129001	3130000	3129501	117.0	0.541354	-0.358454
3130001	3131000	3130501	77.0	0.541877	-0.962032
3131001	3132000	3131501	94.0	0.542399	-0.674230
3132001	3133000	3132501	121.0	0.542922	-0.309955
3133001	3134000	3133501	109.0	0.543444	-0.460634
3134001	3135000	3134501	149.0	0.543967	-0.009650
3135001	3136000	3135501	142.0	0.544490	-0.079072
3136001	3137000	3136501	143.0	0.545012	-0.068947
3137001	3138000	3137501	170.0	0.545535	0.180572
3138001	3139000	3138501	177.0	0.546057	0.238787
3139001	3140000	3139501	194.0	0.546580	0.371094
3140001	3141000	3140501	308.0	0.547102	1.037968
3141001	3142000	3141501	260.0	0.547625	0.793549
3142001	3143000	3142501	319.0	0.548147	1.088594
3143001	3144000	3143501	344.0	0.548670	1.197446
3144001	3145000	3144501	317.0	0.549192	1.079520
3145001	3146000	3145501	209.0	0.549715	0.478540
3146001	3147000	3146501	243.0	0.550238	0.695994
3147001	3148000	3147501	206.0	0.550760	0.457682
3148001	3149000	3148501	225.0	0.551283	0.584963
3149001	3150000	3149501	214.0	0.551805	0.512648
3150001	3151000	3150501	185.0	0.552328	0.302563
3151001	3152000	3151501	127.0	0.552850	-0.240134
3152001	3153000	3152501	168.0	0.553373	0.163499
3153001	3154000	3153501	115.0	0.553895	-0.383329
3154001	3155000	3154501	141.0	0.554418	-0.089267
3155001	3156000	3155501	141.0	0.554940	-0.089267
3156001	3157000	3156501	198.0	0.555463	0.400538
3157001	3158000	3157501	145.0	0.555985	-0.048910
3158001	3159000	3158501	216.0	0.556508	0.526069
3159001	3160000	3159501	197.0	0.557031	0.393233
3160001	3161000	3160501	245.0	0.557553	0.707819
3161001	3162000	3161501	297.0	0.558076	0.985500
3162001	3163000	3162501	308.0	0.558598	1.037968
3163001	3164000	3163501	289.0	0.559121	0.946107
3164001	3165000	3164501	331.0	0.559643	1.141869
3165001	3166000	3165501	357.0	0.560166	1.250962
3166001	3167000	3166501	310.0	0.560688	1.047306
3167001	3168000	3167501	197.0	0.561211	0.393233
3168001	3169000	3168501	232.0	0.561733	0.629162
3169001	3170000	3169501	299.0	0.562256	0.995183
3170001	3171000	3170501	194.0	0.562779	0.371094
3171001	3172000	3171501	169.0	0.563301	0.172061
3172001	3173000	3172501	146.0	0.563824	-0.038994
3173001	3174000	3173501	100.0	0.564346	-0.584963
3174001	3175000	3174501	114.0	0.564869	-0.395929
3175001	3176000	3175501	122.0	0.565391	-0.298081
3176001	3177000	3176501	113.0	0.565914	-0.408640
3177001	3178000	3177501	106.0	0.566436	-0.500898
3178001	3179000	3178501	130.0	0.566959	-0.206451
3179001	3180000	3179501	115.0	0.567481	-0.383329
3180001	3181000	3180501	102.0	0.568004	-0.556393
3181001	3182000	3181501	100.0	0.568527	-0.584963
3182001	3183000	3182501	112.0	0.569049	-0.421464
3183001	3184000	3183501	114.0	0.569572	-0.395929
3184001	3185000	3184501	103.0	0.570094	-0.542318
3185001	3186000	3185501	102.0	0.570617	-0.556393
3186001	3187000	3186501	113.0	0.571139	-0.408640
3187001	3188000	3187501	78.0	0.571662	-0.943416
3188001	3189000	3188501	73.0	0.572184	-1.038994
3189001	3190000	3189501	105.0	0.572707	-0.514573
3190001	3191000	3190501	113.0	0.573229	-0.408640
3191001	3192000	3191501	125.0	0.573752	-0.263034
3192001	3193000	3192501	117.0	0.574274	-0.358454
3193001	3194000	3193501	113.0	0.574797	-0.408640
3194001	3195000	3194501	102.0	0.575320	-0.556393
3195001	3196000	3195501	102.0	0.575842	-0.556393
3196001	3197000	3196501	79.0	0.576365	-0.925038
3197001	3198000	3197501	97.0	0.576887	-0.628906
3198001	3199000	3198501	96.0	0.577410	-0.643856
3199001	3200000	3199501	118.0	0.577932	-0.346176
3200001	3201000	3200501	93.0	0.578455	-0.689660
3201001	3202000	3201501	118.0	0.578977	-0.346176
3202001	3203000	3202501	114.0	0.579500	-0.395929
3203001	3204000	3203501	106.0	0.580022	-0.500898
3204001	3205000	3204501	135.0	0.580545	-0.152003
3205001	3206000	3205501	139.0	0.581068	-0.109878
3206001	3207000	3206501	113.0	0.581590	-0.408640
3207001	3208000	3207501	111.0	0.582113	-0.434403
3208001	3209000	3208501	196.0	0.582635	0.385891
3209001	3210000	3209501	129.0	0.583158	-0.217591
3210001	3211000	3210501	135.0	0.583680	-0.152003
3211001	3212000	3211501	138.0	0.584203	-0.120294
3212001	3213000	3212501	148.0	0.584725	-0.019365
3213001	3214000	3213501	140.0	0.585248	-0.099536
3214001	3215000	3214501	102.0	0.585770	-0.556393
3215001	3216000	3215501	100.0	0.586293	-0.584963
3216001	3217000	3216501	143.0	0.586816	-0.068947
3217001	3218000	3217501	185.0	0.587338	0.302563
3218001	3219000	3218501	161.0	0.587861	0.102098
3219001	3220000	3219501	135.0	0.588383	-0.152003
3220001	3221000	3220501	160.0	0.588906	0.093109
3221001	3222000	3221501	176.0	0.589428	0.230613
3222001	3223000	3222501	125.0	0.589951	-0.263034
3223001	3224000	3223501	126.0	0.590473	-0.251539
3224001	3225000	3224501	151.0	0.590996	0.009586
3225001	3226000	3225501	171.0	0.591518	0.189034
3226001	3227000	3226501	190.0	0.592041	0.341037
3227001	3228000	3227501	273.0	0.592563	0.863938
3228001	3229000	3228501	274.0	0.593086	0.869213
3229001	3230000	3229501	268.0	0.593609	0.837270
3230001	3231000	3230501	279.0	0.594131	0.895303
3231001	3232000	3231501	461.0	0.594654	1.619804
3232001	3233000	3232501	354.0	0.595176	1.238787
3233001	3234000	3233501	373.0	0.595699	1.314213
3234001	3235000	3234501	360.0	0.596221	1.263034
3235001	3236000	3235501	218.0	0.596744	0.539366
3236001	3237000	3236501	201.0	0.597266	0.422233
3237001	3238000	3237501	160.0	0.597789	0.093109
3238001	3239000	3238501	115.0	0.598311	-0.383329
3239001	3240000	3239501	122.0	0.598834	-0.298081
3240001	3241000	3240501	116.0	0.599357	-0.370838
3241001	3242000	3241501	117.0	0.599879	-0.358454
3242001	3243000	3242501	104.0	0.600402	-0.528379
3243001	3244000	3243501	152.0	0.600924	0.019109
3244001	3245000	3244501	110.0	0.601447	-0.447459
3245001	3246000	3245501	104.0	0.601969	-0.528379
3246001	3247000	3246501	158.0	0.602492	0.074962
3247001	3248000	3247501	128.0	0.603014	-0.228819
3248001	3249000	3248501	217.0	0.603537	0.532733
3249001	3250000	3249501	240.0	0.604059	0.678072
3250001	3251000	3250501	150.0	0.604582	0.000000
3251001	3252000	3251501	146.0	0.605105	-0.038994
3252001	3253000	3252501	219.0	0.605627	0.545968
3253001	3254000	3253501	211.0	0.606150	0.492280
3254001	3255000	3254501	220.0	0.606672	0.552541
3255001	3256000	3255501	233.0	0.607195	0.635367
3256001	3257000	3256501	293.0	0.607717	0.965938
3257001	3258000	3257501	350.0	0.608240	1.222392
3258001	3259000	3258501	310.0	0.608762	1.047306
3259001	3260000	3259501	261.0	0.609285	0.799087
3260001	3261000	3260501	304.0	0.609807	1.019109
3261001	3262000	3261501	404.0	0.610330	1.429393
3262001	3263000	3262501	273.0	0.610852	0.863938
3263001	3264000	3263501	253.0	0.611375	0.754175
3264001	3265000	3264501	288.0	0.611898	0.941106
3265001	3266000	3265501	232.0	0.612420	0.629162
3266001	3267000	3266501	177.0	0.612943	0.238787
3267001	3268000	3267501	184.0	0.613465	0.294743
3268001	3269000	3268501	186.0	0.613988	0.310340
3269001	3270000	3269501	183.0	0.614510	0.286881
3270001	3271000	3270501	174.0	0.615033	0.214125
3271001	3272000	3271501	181.0	0.615555	0.271027
3272001	3273000	3272501	188.0	0.616078	0.325770
3273001	3274000	3273501	203.0	0.616600	0.436517
3274001	3275000	3274501	146.0	0.617123	-0.038994
3275001	3276000	3275501	131.0	0.617646	-0.195396
3276001	3277000	3276501	157.0	0.618168	0.065802
3277001	3278000	3277501	130.0	0.618691	-0.206451
3278001	3279000	3278501	115.0	0.619213	-0.383329
3279001	3280000	3279501	121.0	0.619736	-0.309955
3280001	3281000	3280501	112.0	0.620258	-0.421464
3281001	3282000	3281501	113.0	0.620781	-0.408640
3282001	3283000	3282501	109.0	0.621303	-0.460634
3283001	3284000	3283501	108.0	0.621826	-0.473931
3284001	3285000	3284501	116.0	0.622348	-0.370838
3285001	3286000	3285501	121.0	0.622871	-0.309955
3286001	3287000	3286501	167.0	0.623394	0.154886
3287001	3288000	3287501	149.0	0.623916	-0.009650
3288001	3289000	3288501	217.0	0.624439	0.532733
3289001	3290000	3289501	356.0	0.624961	1.246915
3290001	3291000	3290501	358.0	0.625484	1.254997
3291001	3292000	3291501	384.0	0.626006	1.356144
3292001	3293000	3292501	362.0	0.626529	1.271027
3293001	3294000	3293501	513.0	0.627051	1.773996
3294001	3295000	3294501	389.0	0.627574	1.374808
3295001	3296000	3295501	296.0	0.628096	0.980635
3296001	3297000	3296501	375.0	0.628619	1.321928
3297001	3298000	3297501	190.0	0.629141	0.341037
3298001	3299000	3298501	195.0	0.629664	0.378512
3299001	3300000	3299501	193.0	0.630187	0.363638
3300001	3301000	3300501	159.0	0.630709	0.084064
3301001	3302000	3301501	145.0	0.631232	-0.048910
3302001	3303000	3302501	182.0	0.631754	0.278976
3303001	3304000	3303501	199.0	0.632277	0.407806
3304001	3305000	3304501	216.0	0.632799	0.526069
3305001	3306000	3305501	214.0	0.633322	0.512648
3306001	3307000	3306501	246.0	0.633844	0.713696
3307001	3308000	3307501	340.0	0.634367	1.180572
3308001	3309000	3308501	383.0	0.634889	1.352382
3309001	3310000	3309501	340.0	0.635412	1.180572
3310001	3311000	3310501	313.0	0.635935	1.061200
3311001	3312000	3311501	321.0	0.636457	1.097611
3312001	3313000	3312501	247.0	0.636980	0.719549
3313001	3314000	3313501	213.0	0.637502	0.505891
3314001	3315000	3314501	231.0	0.638025	0.622930
3315001	3316000	3315501	185.0	0.638547	0.302563
3316001	3317000	3316501	151.0	0.639070	0.009586
3317001	3318000	3317501	126.0	0.639592	-0.251539
3318001	3319000	3318501	115.0	0.640115	-0.383329
3319001	3320000	3319501	162.0	0.640637	0.111031
3320001	3321000	3320501	183.0	0.641160	0.286881
3321001	3322000	3321501	138.0	0.641683	-0.120294
3322001	3323000	3322501	102.0	0.642205	-0.556393
3323001	3324000	3323501	152.0	0.642728	0.019109
3324001	3325000	3324501	156.0	0.643250	0.056584
3325001	3326000	3325501	158.0	0.643773	0.074962
3326001	3327000	3326501	177.0	0.644295	0.238787
3327001	3328000	3327501	248.0	0.644818	0.725378
3328001	3329000	3328501	204.0	0.645340	0.443607
3329001	3330000	3329501	268.0	0.645863	0.837270
3330001	3331000	3330501	233.0	0.646385	0.635367
3331001	3332000	3331501	282.0	0.646908	0.910733
3332001	3333000	3332501	251.0	0.647430	0.742725
3333001	3334000	3333501	209.0	0.647953	0.478540
3334001	3335000	3334501	193.0	0.648476	0.363638
3335001	3336000	3335501	158.0	0.648998	0.074962
3336001	3337000	3336501	152.0	0.649521	0.019109
3337001	3338000	3337501	113.0	0.650043	-0.408640
3338001	3339000	3338501	118.0	0.650566	-0.346176
3339001	3340000	3339501	86.0	0.651088	-0.802554
3340001	3341000	3340501	125.0	0.651611	-0.263034
3341001	3342000	3341501	113.0	0.652133	-0.408640
3342001	3343000	3342501	124.0	0.652656	-0.274622
3343001	3344000	3343501	159.0	0.653178	0.084064
3344001	3345000	3344501	136.0	0.653701	-0.141356
3345001	3346000	3345501	120.0	0.654224	-0.321928
3346001	3347000	3346501	96.0	0.654746	-0.643856
3347001	3348000	3347501	91.0	0.655269	-0.721024
3348001	3349000	3348501	111.0	0.655791	-0.434403
3349001	3350000	3349501	139.0	0.656314	-0.109878
3350001	3351000	3350501	124.0	0.656836	-0.274622
3351001	3352000	3351501	109.0	0.657359	-0.460634
3352001	3353000	3352501	102.0	0.657881	-0.556393
3353001	3354000	3353501	128.0	0.658404	-0.228819
3354001	3355000	3354501	113.0	0.658926	-0.408640
3355001	3356000	3355501	92.0	0.659449	-0.705257
3356001	3357000	3356501	108.0	0.659972	-0.473931
3357001	3358000	3357501	96.0	0.660494	-0.643856
3358001	3359000	3358501	122.0	0.661017	-0.298081
3359001	3360000	3359501	127.0	0.661539	-0.240134
3360001	3361000	3360501	76.0	0.662062	-0.980891
3361001	3362000	3361501	97.0	0.662584	-0.628906
3362001	3363000	3362501	102.0	0.663107	-0.556393
3363001	3364000	3363501	78.0	0.663629	-0.943416
3364001	3365000	3364501	95.0	0.664152	-0.658963
3365001	3366000	3365501	99.0	0.664674	-0.599462
3366001	3367000	3366501	93.0	0.665197	-0.689660
3367001	3368000	3367501	99.0	0.665719	-0.599462
3368001	3369000	3368501	85.0	0.666242	-0.819428
3369001	3370000	3369501	104.0	0.666765	-0.528379
3370001	3371000	3370501	105.0	0.667287	-0.514573
3371001	3372000	3371501	101.0	0.667810	-0.570607
3372001	3373000	3372501	87.0	0.668332	-0.785875
3373001	3374000	3373501	100.0	0.668855	-0.584963
3374001	3375000	3374501	132.0	0.669377	-0.184425
3375001	3376000	3375501	125.0	0.669900	-0.263034
3376001	3377000	3376501	86.0	0.670422	-0.802554
3377001	3378000	3377501	132.0	0.670945	-0.184425
3378001	3379000	3378501	143.0	0.671467	-0.068947
3379001	3380000	3379501	145.0	0.671990	-0.048910
3380001	3381000	3380501	135.0	0.672513	-0.152003
3381001	3382000	3381501	116.0	0.673035	-0.370838
3382001	3383000	3382501	95.0	0.673558	-0.658963
3383001	3384000	3383501	175.0	0.674080	0.222392
3384001	3385000	3384501	135.0	0.674603	-0.152003
3385001	3386000	3385501	169.0	0.675125	0.172061
3386001	3387000	3386501	183.0	0.675648	0.286881
3387001	3388000	3387501	269.0	0.676170	0.842644
3388001	3389000	3388501	268.0	0.676693	0.837270
3389001	3390000	3389501	211.0	0.677215	0.492280
3390001	3391000	3390501	233.0	0.677738	0.635367
3391001	3392000	3391501	174.0	0.678260	0.214125
3392001	3393000	3392501	182.0	0.678783	0.278976
3393001	3394000	3393501	215.0	0.679306	0.519374
3394001	3395000	3394501	166.0	0.679828	0.146221
3395001	3396000	3395501	130.0	0.680351	-0.206451
3396001	3397000	3396501	104.0	0.680873	-0.528379
3397001	3398000	3397501	158.0	0.681396	0.074962
3398001	3399000	3398501	152.0	0.681918	0.019109
3399001	3400000	3399501	161.0	0.682441	0.102098
3400001	3401000	3400501	169.0	0.682963	0.172061
3401001	3402000	3401501	141.0	0.683486	-0.089267
3402001	3403000	3402501	149.0	0.684008	-0.009650
3403001	3404000	3403501	176.0	0.684531	0.230613
3404001	3405000	3404501	193.0	0.685054	0.363638
3405001	3406000	3405501	209.0	0.685576	0.478540
3406001	3407000	3406501	336.0	0.686099	1.163499
3407001	3408000	3407501	438.0	0.686621	1.545968
3408001	3409000	3408501	440.0	0.687144	1.552541
3409001	3410000	3409501	651.0	0.687666	2.117695
3410001	3411000	3410501	746.0	0.688189	2.314213
3411001	3412000	3411501	566.0	0.688711	1.915840
3412001	3413000	3412501	543.0	0.689234	1.855990
3413001	3414000	3413501	489.0	0.689756	1.704872
3414001	3415000	3414501	588.0	0.690279	1.970854
3415001	3416000	3415501	627.0	0.690802	2.063503
3416001	3417000	3416501	383.0	0.691324	1.352382
3417001	3418000	3417501	254.0	0.691847	0.759866
3418001	3419000	3418501	244.0	0.692369	0.701919
3419001	3420000	3419501	208.0	0.692892	0.471621
3420001	3421000	3420501	219.0	0.693414	0.545968
3421001	3422000	3421501	204.0	0.693937	0.443607
3422001	3423000	3422501	223.0	0.694459	0.572081
3423001	3424000	3423501	159.0	0.694982	0.084064
3424001	3425000	3424501	184.0	0.695504	0.294743
3425001	3426000	3425501	140.0	0.696027	-0.099536
3426001	3427000	3426501	113.0	0.696549	-0.408640
3427001	3428000	3427501	160.0	0.697072	0.093109
3428001	3429000	3428501	130.0	0.697595	-0.206451
3429001	3430000	3429501	120.0	0.698117	-0.321928
3430001	3431000	3430501	106.0	0.698640	-0.500898
3431001	3432000	3431501	143.0	0.699162	-0.068947
3432001	3433000	3432501	101.0	0.699685	-0.570607
3433001	3434000	3433501	92.0	0.700207	-0.705257
3434001	3435000	3434501	100.0	0.700730	-0.584963
3435001	3436000	3435501	132.0	0.701252	-0.184425
3436001	3437000	3436501	121.0	0.701775	-0.309955
3437001	3438000	3437501	113.0	0.702297	-0.408640
3438001	3439000	3438501	83.0	0.702820	-0.853779
3439001	3440000	3439501	121.0	0.703343	-0.309955
3440001	3441000	3440501	197.0	0.703865	0.393233
3441001	3442000	3441501	123.0	0.704388	-0.286304
3442001	3443000	3442501	125.0	0.704910	-0.263034
3443001	3444000	3443501	141.0	0.705433	-0.089267
3444001	3445000	3444501	130.0	0.705955	-0.206451
3445001	3446000	3445501	116.0	0.706478	-0.370838
3446001	3447000	3446501	109.0	0.707000	-0.460634
3447001	3448000	3447501	115.0	0.707523	-0.383329
3448001	3449000	3448501	126.0	0.708045	-0.251539
3449001	3450000	3449501	163.0	0.708568	0.119909
3450001	3451000	3450501	179.0	0.709091	0.254997
3451001	3452000	3451501	165.0	0.709613	0.137504
3452001	3453000	3452501	185.0	0.710136	0.302563
3453001	3454000	3453501	180.0	0.710658	0.263034
3454001	3455000	3454501	210.0	0.711181	0.485427
3455001	3456000	3455501	211.0	0.711703	0.492280
3456001	3457000	3456501	255.0	0.712226	0.765535
3457001	3458000	3457501	212.0	0.712748	0.499102
3458001	3459000	3458501	273.0	0.713271	0.863938
3459001	3460000	3459501	278.0	0.713793	0.890122
3460001	3461000	3460501	405.0	0.714316	1.432959
3461001	3462000	3461501	508.0	0.714838	1.759866
3462001	3463000	3462501	886.0	0.715361	2.562344
3463001	3464000	3463501	763.0	0.715884	2.346721
3464001	3465000	3464501	471.0	0.716406	1.650765
3465001	3466000	3465501	371.0	0.716929	1.306457
3466001	3467000	3466501	370.0	0.717451	1.302563
3467001	3468000	3467501	389.0	0.717974	1.374808
3468001	3469000	3468501	367.0	0.718496	1.290818
3469001	3470000	3469501	362.0	0.719019	1.271027
3470001	3471000	3470501	450.0	0.719541	1.584963
3471001	3472000	3471501	498.0	0.720064	1.731183
3472001	3473000	3472501	561.0	0.720586	1.903038
3473001	3474000	3473501	884.0	0.721109	2.559084
3474001	3475000	3474501	809.0	0.721632	2.431177
3475001	3476000	3475501	646.0	0.722154	2.106572
3476001	3477000	3476501	338.0	0.722677	1.172061
3477001	3478000	3477501	252.0	0.723199	0.748461
3478001	3479000	3478501	290.0	0.723722	0.951090
3479001	3480000	3479501	429.0	0.724244	1.516015
3480001	3481000	3480501	379.0	0.724767	1.337235
3481001	3482000	3481501	627.0	0.725289	2.063503
3482001	3483000	3482501	527.0	0.725812	1.812840
3483001	3484000	3483501	446.0	0.726334	1.572081
3484001	3485000	3484501	736.0	0.726857	2.294743
3485001	3486000	3485501	729.0	0.727380	2.280956
3486001	3487000	3486501	433.0	0.727902	1.529405
3487001	3488000	3487501	527.0	0.728425	1.812840
3488001	3489000	3488501	466.0	0.728947	1.635367
3489001	3490000	3489501	361.0	0.729470	1.267036
3490001	3491000	3490501	232.0	0.729992	0.629162
3491001	3492000	3491501	187.0	0.730515	0.318076
3492001	3493000	3492501	187.0	0.731037	0.318076
3493001	3494000	3493501	157.0	0.731560	0.065802
3494001	3495000	3494501	151.0	0.732082	0.009586
3495001	3496000	3495501	151.0	0.732605	0.009586
3496001	3497000	3496501	151.0	0.733127	0.009586
3497001	3498000	3497501	154.0	0.733650	0.037968
3498001	3499000	3498501	139.0	0.734173	-0.109878
3499001	3500000	3499501	171.0	0.734695	0.189034
3500001	3501000	3500501	155.0	0.735218	0.047306
3501001	3502000	3501501	144.0	0.735740	-0.058894
3502001	3503000	3502501	189.0	0.736263	0.333424
3503001	3504000	3503501	165.0	0.736785	0.137504
3504001	3505000	3504501	142.0	0.737308	-0.079072
3505001	3506000	3505501	106.0	0.737830	-0.500898
3506001	3507000	3506501	122.0	0.738353	-0.298081
3507001	3508000	3507501	92.0	0.738875	-0.705257
3508001	3509000	3508501	107.0	0.739398	-0.487352
3509001	3510000	3509501	133.0	0.739921	-0.173536
3510001	3511000	3510501	108.0	0.740443	-0.473931
3511001	3512000	3511501	111.0	0.740966	-0.434403
3512001	3513000	3512501	125.0	0.741488	-0.263034
3513001	3514000	3513501	131.0	0.742011	-0.195396
3514001	3515000	3514501	141.0	0.742533	-0.089267
3515001	3516000	3515501	144.0	0.743056	-0.058894
3516001	3517000	3516501	173.0	0.743578	0.205810
3517001	3518000	3517501	214.0	0.744101	0.512648
3518001	3519000	3518501	261.0	0.744623	0.799087
3519001	3520000	3519501	235.0	0.745146	0.647698
3520001	3521000	3520501	231.0	0.745669	0.622930
3521001	3522000	3521501	289.0	0.746191	0.946107
3522001	3523000	3522501	406.0	0.746714	1.436517
3523001	3524000	3523501	385.0	0.747236	1.359896
3524001	3525000	3524501	347.0	0.747759	1.209973
3525001	3526000	3525501	515.0	0.748281	1.779610
3526001	3527000	3526501	459.0	0.748804	1.613532
3527001	3528000	3527501	403.0	0.749326	1.425817
3528001	3529000	3528501	289.0	0.749849	0.946107
3529001	3530000	3529501	210.0	0.750371	0.485427
3530001	3531000	3530501	215.0	0.750894	0.519374
3531001	3532000	3531501	195.0	0.751416	0.378512
3532001	3533000	3532501	310.0	0.751939	1.047306
3533001	3534000	3533501	239.0	0.752462	0.672048
3534001	3535000	3534501	182.0	0.752984	0.278976
3535001	3536000	3535501	163.0	0.753507	0.119909
3536001	3537000	3536501	251.0	0.754029	0.742725
3537001	3538000	3537501	198.0	0.754552	0.400538
3538001	3539000	3538501	179.0	0.755074	0.254997
3539001	3540000	3539501	237.0	0.755597	0.659925
3540001	3541000	3540501	239.0	0.756119	0.672048
3541001	3542000	3541501	240.0	0.756642	0.678072
3542001	3543000	3542501	272.0	0.757164	0.858644
3543001	3544000	3543501	319.0	0.757687	1.088594
3544001	3545000	3544501	250.0	0.758210	0.736966
3545001	3546000	3545501	258.0	0.758732	0.782409
3546001	3547000	3546501	198.0	0.759255	0.400538
3547001	3548000	3547501	205.0	0.759777	0.450661
3548001	3549000	3548501	295.0	0.760300	0.975752
3549001	3550000	3549501	322.0	0.760822	1.102098
3550001	3551000	3550501	304.0	0.761345	1.019109
3551001	3552000	3551501	174.0	0.761867	0.214125
3552001	3553000	3552501	146.0	0.762390	-0.038994
3553001	3554000	3553501	138.0	0.762912	-0.120294
3554001	3555000	3554501	98.0	0.763435	-0.614109
3555001	3556000	3555501	93.0	0.763958	-0.689660
3556001	3557000	3556501	80.0	0.764480	-0.906891
3557001	3558000	3557501	73.0	0.765003	-1.038994
3558001	3559000	3558501	75.0	0.765525	-1.000000
3559001	3560000	3559501	82.0	0.766048	-0.871267
3560001	3561000	3560501	94.0	0.766570	-0.674230
3561001	3562000	3561501	110.0	0.767093	-0.447459
3562001	3563000	3562501	79.0	0.767615	-0.925038
3563001	3564000	3563501	82.0	0.768138	-0.871267
3564001	3565000	3564501	90.0	0.768660	-0.736966
3565001	3566000	3565501	115.0	0.769183	-0.383329
3566001	3567000	3566501	86.0	0.769705	-0.802554
3567001	3568000	3567501	94.0	0.770228	-0.674230
3568001	3569000	3568501	90.0	0.770751	-0.736966
3569001	3570000	3569501	118.0	0.771273	-0.346176
3570001	3571000	3570501	199.0	0.771796	0.407806
3571001	3572000	3571501	149.0	0.772318	-0.009650
3572001	3573000	3572501	96.0	0.772841	-0.643856
3573001	3574000	3573501	142.0	0.773363	-0.079072
3574001	3575000	3574501	120.0	0.773886	-0.321928
3575001	3576000	3575501	201.0	0.774408	0.422233
3576001	3577000	3576501	235.0	0.774931	0.647698
3577001	3578000	3577501	229.0	0.775453	0.610385
3578001	3579000	3578501	223.0	0.775976	0.572081
3579001	3580000	3579501	265.0	0.776499	0.821030
3580001	3581000	3580501	256.0	0.777021	0.771181
3581001	3582000	3581501	278.0	0.777544	0.890122
3582001	3583000	3582501	220.0	0.778066	0.552541
3583001	3584000	3583501	246.0	0.778589	0.713696
3584001	3585000	3584501	226.0	0.779111	0.591360
3585001	3586000	3585501	217.0	0.779634	0.532733
3586001	3587000	3586501	191.0	0.780156	0.348610
3587001	3588000	3587501	168.0	0.780679	0.163499
3588001	3589000	3588501	151.0	0.781201	0.009586
3589001	3590000	3589501	129.0	0.781724	-0.217591
3590001	3591000	3590501	160.0	0.782247	0.093109
3591001	3592000	3591501	218.0	0.782769	0.539366
3592001	3593000	3592501	234.0	0.783292	0.641546
3593001	3594000	3593501	245.0	0.783814	0.707819
3594001	3595000	3594501	368.0	0.784337	1.294743
3595001	3596000	3595501	301.0	0.784859	1.004801
3596001	3597000	3596501	249.0	0.785382	0.731183
3597001	3598000	3597501	281.0	0.785904	0.905608
3598001	3599000	3598501	440.0	0.786427	1.552541
3599001	3600000	3599501	858.0	0.786949	2.516015
3600001	3601000	3600501	1094.0	0.787472	2.866578
3601001	3602000	3601501	528.0	0.787994	1.815575
3602001	3603000	3602501	579.0	0.788517	1.948601
3603001	3604000	3603501	385.0	0.789040	1.359896
3604001	3605000	3604501	312.0	0.789562	1.056584
3605001	3606000	3605501	263.0	0.790085	0.810100
3606001	3607000	3606501	247.0	0.790607	0.719549
3607001	3608000	3607501	207.0	0.791130	0.464668
3608001	3609000	3608501	158.0	0.791652	0.074962
3609001	3610000	3609501	181.0	0.792175	0.271027
3610001	3611000	3610501	201.0	0.792697	0.422233
3611001	3612000	3611501	202.0	0.793220	0.429393
3612001	3613000	3612501	162.0	0.793742	0.111031
3613001	3614000	3613501	158.0	0.794265	0.074962
3614001	3615000	3614501	164.0	0.794788	0.128733
3615001	3616000	3615501	188.0	0.795310	0.325770
3616001	3617000	3616501	223.0	0.795833	0.572081
3617001	3618000	3617501	303.0	0.796355	1.014355
3618001	3619000	3618501	252.0	0.796878	0.748461
3619001	3620000	3619501	240.0	0.797400	0.678072
3620001	3621000	3620501	331.0	0.797923	1.141869
3621001	3622000	3621501	276.0	0.798445	0.879706
3622001	3623000	3622501	252.0	0.798968	0.748461
3623001	3624000	3623501	208.0	0.799490	0.471621
3624001	3625000	3624501	157.0	0.800013	0.065802
3625001	3626000	3625501	172.0	0.800536	0.197446
3626001	3627000	3626501	158.0	0.801058	0.074962
3627001	3628000	3627501	143.0	0.801581	-0.068947
3628001	3629000	3628501	123.0	0.802103	-0.286304
3629001	3630000	3629501	131.0	0.802626	-0.195396
3630001	3631000	3630501	129.0	0.803148	-0.217591
3631001	3632000	3631501	170.0	0.803671	0.180572
3632001	3633000	3632501	155.0	0.804193	0.047306
3633001	3634000	3633501	217.0	0.804716	0.532733
3634001	3635000	3634501	176.0	0.805238	0.230613
3635001	3636000	3635501	152.0	0.805761	0.019109
3636001	3637000	3636501	174.0	0.806283	0.214125
3637001	3638000	3637501	178.0	0.806806	0.246915
3638001	3639000	3638501	148.0	0.807329	-0.019365
3639001	3640000	3639501	138.0	0.807851	-0.120294
3640001	3641000	3640501	153.0	0.808374	0.028569
3641001	3642000	3641501	136.0	0.808896	-0.141356
3642001	3643000	3642501	145.0	0.809419	-0.048910
3643001	3644000	3643501	160.0	0.809941	0.093109
3644001	3645000	3644501	170.0	0.810464	0.180572
3645001	3646000	3645501	126.0	0.810986	-0.251539
3646001	3647000	3646501	178.0	0.811509	0.246915
3647001	3648000	3647501	224.0	0.812031	0.578536
3648001	3649000	3648501	162.0	0.812554	0.111031
3649001	3650000	3649501	195.0	0.813077	0.378512
3650001	3651000	3650501	204.0	0.813599	0.443607
3651001	3652000	3651501	219.0	0.814122	0.545968
3652001	3653000	3652501	187.0	0.814644	0.318076
3653001	3654000	3653501	193.0	0.815167	0.363638
3654001	3655000	3654501	192.0	0.815689	0.356144
3655001	3656000	3655501	112.0	0.816212	-0.421464
3656001	3657000	3656501	94.0	0.816734	-0.674230
3657001	3658000	3657501	126.0	0.817257	-0.251539
3658001	3659000	3658501	120.0	0.817779	-0.321928
3659001	3660000	3659501	98.0	0.818302	-0.614109
3660001	3661000	3660501	123.0	0.818824	-0.286304
3661001	3662000	3661501	102.0	0.819347	-0.556393
3662001	3663000	3662501	86.0	0.819870	-0.802554
3663001	3664000	3663501	99.0	0.820392	-0.599462
3664001	3665000	3664501	74.0	0.820915	-1.019365
3665001	3666000	3665501	94.0	0.821437	-0.674230
3666001	3667000	3666501	114.0	0.821960	-0.395929
3667001	3668000	3667501	109.0	0.822482	-0.460634
3668001	3669000	3668501	96.0	0.823005	-0.643856
3669001	3670000	3669501	103.0	0.823527	-0.542318
3670001	3671000	3670501	109.0	0.824050	-0.460634
3671001	3672000	3671501	122.0	0.824572	-0.298081
3672001	3673000	3672501	101.0	0.825095	-0.570607
3673001	3674000	3673501	111.0	0.825618	-0.434403
3674001	3675000	3674501	109.0	0.826140	-0.460634
3675001	3676000	3675501	124.0	0.826663	-0.274622
3676001	3677000	3676501	115.0	0.827185	-0.383329
3677001	3678000	3677501	128.0	0.827708	-0.228819
3678001	3679000	3678501	130.0	0.828230	-0.206451
3679001	3680000	3679501	152.0	0.828753	0.019109
3680001	3681000	3680501	153.0	0.829275	0.028569
3681001	3682000	3681501	219.0	0.829798	0.545968
3682001	3683000	3682501	195.0	0.830320	0.378512
3683001	3684000	3683501	142.0	0.830843	-0.079072
3684001	3685000	3684501	107.0	0.831366	-0.487352
3685001	3686000	3685501	105.0	0.831888	-0.514573
3686001	3687000	3686501	113.0	0.832411	-0.408640
3687001	3688000	3687501	138.0	0.832933	-0.120294
3688001	3689000	3688501	89.0	0.833456	-0.753085
3689001	3690000	3689501	79.0	0.833978	-0.925038
3690001	3691000	3690501	104.0	0.834501	-0.528379
3691001	3692000	3691501	97.0	0.835023	-0.628906
3692001	3693000	3692501	71.0	0.835546	-1.079072
3693001	3694000	3693501	107.0	0.836068	-0.487352
3694001	3695000	3694501	95.0	0.836591	-0.658963
3695001	3696000	3695501	91.0	0.837113	-0.721024
3696001	3697000	3696501	118.0	0.837636	-0.346176
3697001	3698000	3697501	81.0	0.838159	-0.888969
3698001	3699000	3698501	93.0	0.838681	-0.689660
3699001	3700000	3699501	89.0	0.839204	-0.753085
3700001	3701000	3700501	77.0	0.839726	-0.962032
3701001	3702000	3701501	62.0	0.840249	-1.274622
3702001	3703000	3702501	48.0	0.840771	-1.643856
3703001	3704000	3703501	61.0	0.841294	-1.298081
3704001	3705000	3704501	69.0	0.841816	-1.120294
3705001	3706000	3705501	55.0	0.842339	-1.447459
3706001	3707000	3706501	90.0	0.842861	-0.736966
3707001	3708000	3707501	74.0	0.843384	-1.019365
3708001	3709000	3708501	73.0	0.843907	-1.038994
3709001	3710000	3709501	89.0	0.844429	-0.753085
3710001	3711000	3710501	70.0	0.844952	-1.099536
3711001	3712000	3711501	83.0	0.845474	-0.853779
3712001	3713000	3712501	89.0	0.845997	-0.753085
3713001	3714000	3713501	101.0	0.846519	-0.570607
3714001	3715000	3714501	105.0	0.847042	-0.514573
3715001	3716000	3715501	93.0	0.847564	-0.689660
3716001	3717000	3716501	97.0	0.848087	-0.628906
3717001	3718000	3717501	122.0	0.848609	-0.298081
3718001	3719000	3718501	93.0	0.849132	-0.689660
3719001	3720000	3719501	97.0	0.849655	-0.628906
3720001	3721000	3720501	90.0	0.850177	-0.736966
3721001	3722000	3721501	88.0	0.850700	-0.769387
3722001	3723000	3722501	76.0	0.851222	-0.980891
3723001	3724000	3723501	79.0	0.851745	-0.925038
3724001	3725000	3724501	99.0	0.852267	-0.599462
3725001	3726000	3725501	99.0	0.852790	-0.599462
3726001	3727000	3726501	81.0	0.853312	-0.888969
3727001	3728000	3727501	93.0	0.853835	-0.689660
3728001	3729000	3728501	106.0	0.854357	-0.500898
3729001	3730000	3729501	81.0	0.854880	-0.888969
3730001	3731000	3730501	74.0	0.855402	-1.019365
3731001	3732000	3731501	88.0	0.855925	-0.769387
3732001	3733000	3732501	97.0	0.856448	-0.628906
3733001	3734000	3733501	94.0	0.856970	-0.674230
3734001	3735000	3734501	78.0	0.857493	-0.943416
3735001	3736000	3735501	86.0	0.858015	-0.802554
3736001	3737000	3736501	77.0	0.858538	-0.962032
3737001	3738000	3737501	112.0	0.859060	-0.421464
3738001	3739000	3738501	138.0	0.859583	-0.120294
3739001	3740000	3739501	78.0	0.860105	-0.943416
3740001	3741000	3740501	135.0	0.860628	-0.152003
3741001	3742000	3741501	95.0	0.861150	-0.658963
3742001	3743000	3742501	77.0	0.861673	-0.962032
3743001	3744000	3743501	94.0	0.862196	-0.674230
3744001	3745000	3744501	95.0	0.862718	-0.658963
3745001	3746000	3745501	108.0	0.863241	-0.473931
3746001	3747000	3746501	77.0	0.863763	-0.962032
3747001	3748000	3747501	105.0	0.864286	-0.514573
3748001	3749000	3748501	73.0	0.864808	-1.038994
3749001	3750000	3749501	79.0	0.865331	-0.925038
3750001	3751000	3750501	104.0	0.865853	-0.528379
3751001	3752000	3751501	96.0	0.866376	-0.643856
3752001	3753000	3752501	65.0	0.866898	-1.206451
3753001	3754000	3753501	66.0	0.867421	-1.184425
3754001	3755000	3754501	95.0	0.867944	-0.658963
3755001	3756000	3755501	127.0	0.868466	-0.240134
3756001	3757000	3756501	80.0	0.868989	-0.906891
3757001	3758000	3757501	97.0	0.869511	-0.628906
3758001	3759000	3758501	88.0	0.870034	-0.769387
3759001	3760000	3759501	72.0	0.870556	-1.058894
3760001	3761000	3760501	105.0	0.871079	-0.514573
3761001	3762000	3761501	118.0	0.871601	-0.346176
3762001	3763000	3762501	136.0	0.872124	-0.141356
3763001	3764000	3763501	118.0	0.872646	-0.346176
3764001	3765000	3764501	110.0	0.873169	-0.447459
3765001	3766000	3765501	75.0	0.873691	-1.000000
3766001	3767000	3766501	86.0	0.874214	-0.802554
3767001	3768000	3767501	98.0	0.874737	-0.614109
3768001	3769000	3768501	68.0	0.875259	-1.141356
3769001	3770000	3769501	70.0	0.875782	-1.099536
3770001	3771000	3770501	80.0	0.876304	-0.906891
3771001	3772000	3771501	95.0	0.876827	-0.658963
3772001	3773000	3772501	101.0	0.877349	-0.570607
3773001	3774000	3773501	64.0	0.877872	-1.228819
3774001	3775000	3774501	93.0	0.878394	-0.689660
3775001	3776000	3775501	78.0	0.878917	-0.943416
3776001	3777000	3776501	73.0	0.879439	-1.038994
3777001	3778000	3777501	106.0	0.879962	-0.500898
3778001	3779000	3778501	65.0	0.880485	-1.206451
3779001	3780000	3779501	98.0	0.881007	-0.614109
3780001	3781000	3780501	81.0	0.881530	-0.888969
3781001	3782000	3781501	76.0	0.882052	-0.980891
3782001	3783000	3782501	75.0	0.882575	-1.000000
3783001	3784000	3783501	76.0	0.883097	-0.980891
3784001	3785000	3784501	96.0	0.883620	-0.643856
3785001	3786000	3785501	54.0	0.884142	-1.473931
3786001	3787000	3786501	84.0	0.884665	-0.836501
3787001	3788000	3787501	105.0	0.885187	-0.514573
3788001	3789000	3788501	91.0	0.885710	-0.721024
3789001	3790000	3789501	70.0	0.886233	-1.099536
3790001	3791000	3790501	78.0	0.886755	-0.943416
3791001	3792000	3791501	72.0	0.887278	-1.058894
3792001	3793000	3792501	66.0	0.887800	-1.184425
3793001	3794000	3793501	63.0	0.888323	-1.251539
3794001	3795000	3794501	108.0	0.888845	-0.473931
3795001	3796000	3795501	107.0	0.889368	-0.487352
3796001	3797000	3796501	99.0	0.889890	-0.599462
3797001	3798000	3797501	104.0	0.890413	-0.528379
3798001	3799000	3798501	126.0	0.890935	-0.251539
3799001	3800000	3799501	91.0	0.891458	-0.721024
3800001	3801000	3800501	82.0	0.891980	-0.871267
3801001	3802000	3801501	76.0	0.892503	-0.980891
3802001	3803000	3802501	93.0	0.893026	-0.689660
3803001	3804000	3803501	83.0	0.893548	-0.853779
3804001	3805000	3804501	95.0	0.894071	-0.658963
3805001	3806000	3805501	108.0	0.894593	-0.473931
3806001	3807000	3806501	108.0	0.895116	-0.473931
3807001	3808000	3807501	110.0	0.895638	-0.447459
3808001	3809000	3808501	127.0	0.896161	-0.240134
3809001	3810000	3809501	165.0	0.896683	0.137504
3810001	3811000	3810501	216.0	0.897206	0.526069
3811001	3812000	3811501	223.0	0.897728	0.572081
3812001	3813000	3812501	154.0	0.898251	0.037968
3813001	3814000	3813501	137.0	0.898774	-0.130787
3814001	3815000	3814501	156.0	0.899296	0.056584
3815001	3816000	3815501	121.0	0.899819	-0.309955
3816001	3817000	3816501	127.0	0.900341	-0.240134
3817001	3818000	3817501	122.0	0.900864	-0.298081
3818001	3819000	3818501	131.0	0.901386	-0.195396
3819001	3820000	3819501	138.0	0.901909	-0.120294
3820001	3821000	3820501	120.0	0.902431	-0.321928
3821001	3822000	3821501	142.0	0.902954	-0.079072
3822001	3823000	3822501	144.0	0.903476	-0.058894
3823001	3824000	3823501	120.0	0.903999	-0.321928
3824001	3825000	3824501	129.0	0.904522	-0.217591
3825001	3826000	3825501	143.0	0.905044	-0.068947
3826001	3827000	3826501	128.0	0.905567	-0.228819
3827001	3828000	3827501	139.0	0.906089	-0.109878
3828001	3829000	3828501	132.0	0.906612	-0.184425
3829001	3830000	3829501	143.0	0.907134	-0.068947
3830001	3831000	3830501	117.0	0.907657	-0.358454
3831001	3832000	3831501	132.0	0.908179	-0.184425
3832001	3833000	3832501	166.0	0.908702	0.146221
3833001	3834000	3833501	179.0	0.909224	0.254997
3834001	3835000	3834501	210.0	0.909747	0.485427
3835001	3836000	3835501	243.0	0.910269	0.695994
3836001	3837000	3836501	241.0	0.910792	0.684071
3837001	3838000	3837501	370.0	0.911315	1.302563
3838001	3839000	3838501	459.0	0.911837	1.613532
3839001	3840000	3839501	528.0	0.912360	1.815575
3840001	3841000	3840501	564.0	0.912882	1.910733
3841001	3842000	3841501	492.0	0.913405	1.713696
3842001	3843000	3842501	416.0	0.913927	1.471621
3843001	3844000	3843501	396.0	0.914450	1.400538
3844001	3845000	3844501	304.0	0.914972	1.019109
3845001	3846000	3845501	218.0	0.915495	0.539366
3846001	3847000	3846501	198.0	0.916017	0.400538
3847001	3848000	3847501	137.0	0.916540	-0.130787
3848001	3849000	3848501	183.0	0.917063	0.286881
3849001	3850000	3849501	130.0	0.917585	-0.206451
3850001	3851000	3850501	126.0	0.918108	-0.251539
3851001	3852000	3851501	129.0	0.918630	-0.217591
3852001	3853000	3852501	105.0	0.919153	-0.514573
3853001	3854000	3853501	102.0	0.919675	-0.556393
3854001	3855000	3854501	121.0	0.920198	-0.309955
3855001	3856000	3855501	130.0	0.920720	-0.206451
3856001	3857000	3856501	94.0	0.921243	-0.674230
3857001	3858000	3857501	96.0	0.921765	-0.643856
3858001	3859000	3858501	108.0	0.922288	-0.473931
3859001	3860000	3859501	98.0	0.922811	-0.614109
3860001	3861000	3860501	85.0	0.923333	-0.819428
3861001	3862000	3861501	82.0	0.923856	-0.871267
3862001	3863000	3862501	71.0	0.924378	-1.079072
3863001	3864000	3863501	79.0	0.924901	-0.925038
3864001	3865000	3864501	104.0	0.925423	-0.528379
3865001	3866000	3865501	107.0	0.925946	-0.487352
3866001	3867000	3866501	87.0	0.926468	-0.785875
3867001	3868000	3867501	88.0	0.926991	-0.769387
3868001	3869000	3868501	100.0	0.927513	-0.584963
3869001	3870000	3869501	110.0	0.928036	-0.447459
3870001	3871000	3870501	89.0	0.928558	-0.753085
3871001	3872000	3871501	71.0	0.929081	-1.079072
3872001	3873000	3872501	91.0	0.929604	-0.721024
3873001	3874000	3873501	110.0	0.930126	-0.447459
3874001	3875000	3874501	92.0	0.930649	-0.705257
3875001	3876000	3875501	118.0	0.931171	-0.346176
3876001	3877000	3876501	104.0	0.931694	-0.528379
3877001	3878000	3877501	97.0	0.932216	-0.628906
3878001	3879000	3878501	83.0	0.932739	-0.853779
3879001	3880000	3879501	91.0	0.933261	-0.721024
3880001	3881000	3880501	87.0	0.933784	-0.785875
3881001	3882000	3881501	88.0	0.934306	-0.769387
3882001	3883000	3882501	96.0	0.934829	-0.643856
3883001	3884000	3883501	136.0	0.935352	-0.141356
3884001	3885000	3884501	107.0	0.935874	-0.487352
3885001	3886000	3885501	87.0	0.936397	-0.785875
3886001	3887000	3886501	94.0	0.936919	-0.674230
3887001	3888000	3887501	78.0	0.937442	-0.943416
3888001	3889000	3888501	101.0	0.937964	-0.570607
3889001	3890000	3889501	84.0	0.938487	-0.836501
3890001	3891000	3890501	75.0	0.939009	-1.000000
3891001	3892000	3891501	93.0	0.939532	-0.689660
3892001	3893000	3892501	71.0	0.940054	-1.079072
3893001	3894000	3893501	68.0	0.940577	-1.141356
3894001	3895000	3894501	97.0	0.941100	-0.628906
3895001	3896000	3895501	92.0	0.941622	-0.705257
3896001	3897000	3896501	74.0	0.942145	-1.019365
3897001	3898000	3897501	100.0	0.942667	-0.584963
3898001	3899000	3898501	95.0	0.943190	-0.658963
3899001	3900000	3899501	90.0	0.943712	-0.736966
3900001	3901000	3900501	89.0	0.944235	-0.753085
3901001	3902000	3901501	87.0	0.944757	-0.785875
3902001	3903000	3902501	68.0	0.945280	-1.141356
3903001	3904000	3903501	55.0	0.945802	-1.447459
3904001	3905000	3904501	105.0	0.946325	-0.514573
3905001	3906000	3905501	85.0	0.946847	-0.819428
3906001	3907000	3906501	82.0	0.947370	-0.871267
3907001	3908000	3907501	64.0	0.947893	-1.228819
3908001	3909000	3908501	88.0	0.948415	-0.769387
3909001	3910000	3909501	102.0	0.948938	-0.556393
3910001	3911000	3910501	97.0	0.949460	-0.628906
3911001	3912000	3911501	83.0	0.949983	-0.853779
3912001	3913000	3912501	82.0	0.950505	-0.871267
3913001	3914000	3913501	89.0	0.951028	-0.753085
3914001	3915000	3914501	63.0	0.951550	-1.251539
3915001	3916000	3915501	79.0	0.952073	-0.925038
3916001	3917000	3916501	97.0	0.952595	-0.628906
3917001	3918000	3917501	71.0	0.953118	-1.079072
3918001	3919000	3918501	65.0	0.953641	-1.206451
3919001	3920000	3919501	85.0	0.954163	-0.819428
3920001	3921000	3920501	85.0	0.954686	-0.819428
3921001	3922000	3921501	78.0	0.955208	-0.943416
3922001	3923000	3922501	83.0	0.955731	-0.853779
3923001	3924000	3923501	77.0	0.956253	-0.962032
3924001	3925000	3924501	67.0	0.956776	-1.162730
3925001	3926000	3925501	89.0	0.957298	-0.753085
3926001	3927000	3926501	114.0	0.957821	-0.395929
3927001	3928000	3927501	115.0	0.958343	-0.383329
3928001	3929000	3928501	87.0	0.958866	-0.785875
3929001	3930000	3929501	93.0	0.959388	-0.689660
3930001	3931000	3930501	78.0	0.959911	-0.943416
3931001	3932000	3931501	108.0	0.960434	-0.473931
3932001	3933000	3932501	133.0	0.960956	-0.173536
3933001	3934000	3933501	108.0	0.961479	-0.473931
3934001	3935000	3934501	139.0	0.962001	-0.109878
3935001	3936000	3935501	110.0	0.962524	-0.447459
3936001	3937000	3936501	90.0	0.963046	-0.736966
3937001	3938000	3937501	87.0	0.963569	-0.785875
3938001	3939000	3938501	103.0	0.964091	-0.542318
3939001	3940000	3939501	89.0	0.964614	-0.753085
3940001	3941000	3940501	124.0	0.965136	-0.274622
3941001	3942000	3941501	99.0	0.965659	-0.599462
3942001	3943000	3942501	136.0	0.966182	-0.141356
3943001	3944000	3943501	181.0	0.966704	0.271027
3944001	3945000	3944501	158.0	0.967227	0.074962
3945001	3946000	3945501	177.0	0.967749	0.238787
3946001	3947000	3946501	226.0	0.968272	0.591360
3947001	3948000	3947501	218.0	0.968794	0.539366
3948001	3949000	3948501	122.0	0.969317	-0.298081
3949001	3950000	3949501	152.0	0.969839	0.019109
3950001	3951000	3950501	175.0	0.970362	0.222392
3951001	3952000	3951501	168.0	0.970884	0.163499
3952001	3953000	3952501	153.0	0.971407	0.028569
3953001	3954000	3953501	195.0	0.971930	0.378512
3954001	3955000	3954501	298.0	0.972452	0.990350
3955001	3956000	3955501	294.0	0.972975	0.970854
3956001	3957000	3956501	340.0	0.973497	1.180572
3957001	3958000	3957501	364.0	0.974020	1.278976
3958001	3959000	3958501	336.0	0.974542	1.163499
3959001	3960000	3959501	422.0	0.975065	1.492280
3960001	3961000	3960501	493.0	0.975587	1.716625
3961001	3962000	3961501	309.0	0.976110	1.042644
3962001	3963000	3962501	307.0	0.976632	1.033276
3963001	3964000	3963501	268.0	0.977155	0.837270
3964001	3965000	3964501	182.0	0.977677	0.278976
3965001	3966000	3965501	197.0	0.978200	0.393233
3966001	3967000	3966501	127.0	0.978723	-0.240134
3967001	3968000	3967501	112.0	0.979245	-0.421464
3968001	3969000	3968501	105.0	0.979768	-0.514573
3969001	3970000	3969501	118.0	0.980290	-0.346176
3970001	3971000	3970501	79.0	0.980813	-0.925038
3971001	3972000	3971501	98.0	0.981335	-0.614109
3972001	3973000	3972501	97.0	0.981858	-0.628906
3973001	3974000	3973501	132.0	0.982380	-0.184425
3974001	3975000	3974501	129.0	0.982903	-0.217591
3975001	3976000	3975501	105.0	0.983425	-0.514573
3976001	3977000	3976501	127.0	0.983948	-0.240134
3977001	3978000	3977501	87.0	0.984471	-0.785875
3978001	3979000	3978501	132.0	0.984993	-0.184425
3979001	3980000	3979501	164.0	0.985516	0.128733
3980001	3981000	3980501	152.0	0.986038	0.019109
3981001	3982000	3981501	134.0	0.986561	-0.162730
3982001	3983000	3982501	115.0	0.987083	-0.383329
3983001	3984000	3983501	110.0	0.987606	-0.447459
3984001	3985000	3984501	113.0	0.988128	-0.408640
3985001	3986000	3985501	91.0	0.988651	-0.721024
3986001	3987000	3986501	141.0	0.989173	-0.089267
3987001	3988000	3987501	155.0	0.989696	0.047306
3988001	3989000	3988501	155.0	0.990219	0.047306
3989001	3990000	3989501	166.0	0.990741	0.146221
3990001	3991000	3990501	187.0	0.991264	0.318076
3991001	3992000	3991501	153.0	0.991786	0.028569
3992001	3993000	3992501	104.0	0.992309	-0.528379
3993001	3994000	3993501	151.0	0.992831	0.009586
3994001	3995000	3994501	153.0	0.993354	0.028569
3995001	3996000	3995501	141.0	0.993876	-0.089267
3996001	3997000	3996501	116.0	0.994399	-0.370838
3997001	3998000	3997501	109.0	0.994921	-0.460634
3998001	3999000	3998501	112.0	0.995444	-0.421464
3999001	4000000	3999501	132.0	0.995966	-0.184425
4000001	4001000	4000501	109.0	0.996489	-0.460634
4001001	4002000	4001501	99.0	0.997012	-0.599462
4002001	4003000	4002501	153.0	0.997534	0.028569
4003001	4004000	4003501	150.0	0.998057	0.000000
