window_start	window_end	window_mid	raw_count	norm_position	log2_ratio
1	1000	501	338.0	0.998955	0.206123
1001	2000	1501	324.0	0.999477	0.145093
2001	3000	2501	352.0	1.000000	0.264675
3001	4000	3501	295.0	-0.999522	0.009814
4001	5000	4501	296.0	-0.999044	0.014697
5001	6000	5501	242.0	-0.998565	-0.275894
6001	7000	6501	291.0	-0.998087	-0.009882
7001	8000	7501	357.0	-0.997609	0.285023
8001	9000	8501	321.0	-0.997131	0.131673
9001	10000	9501	369.0	-0.996652	0.332720
10001	11000	10501	328.0	-0.996174	0.162795
11001	12000	11501	322.0	-0.995696	0.136160
12001	13000	12501	268.0	-0.995218	-0.128668
13001	14000	13501	216.0	-0.994739	-0.439869
14001	15000	14501	290.0	-0.994261	-0.014848
15001	16000	15501	339.0	-0.993783	0.210385
16001	17000	16501	337.0	-0.993305	0.201848
17001	18000	17501	403.0	-0.992826	0.459879
18001	19000	18501	540.0	-0.992348	0.882059
19001	20000	19501	390.0	-0.991870	0.412573
20001	21000	20501	423.0	-0.991392	0.529757
21001	22000	21501	329.0	-0.990913	0.167187
22001	23000	22501	349.0	-0.990435	0.252326
23001	24000	23501	393.0	-0.989957	0.423629
24001	25000	24501	288.0	-0.989479	-0.024832
25001	26000	25501	248.0	-0.989000	-0.240561
26001	27000	26501	305.0	-0.988522	0.057909
27001	28000	27501	267.0	-0.988044	-0.134061
28001	29000	28501	277.0	-0.987566	-0.081015
29001	30000	29501	216.0	-0.987088	-0.439869
30001	31000	30501	241.0	-0.986609	-0.281868
31001	32000	31501	294.0	-0.986131	0.004915
32001	33000	32501	256.0	-0.985653	-0.194757
33001	34000	33501	353.0	-0.985175	0.268768
34001	35000	34501	440.0	-0.984696	0.586603
35001	36000	35501	313.0	-0.984218	0.095262
36001	37000	36501	287.0	-0.983740	-0.029850
37001	38000	37501	412.0	-0.983262	0.491744
38001	39000	38501	477.0	-0.982783	0.703089
39001	40000	39501	257.0	-0.982305	-0.189132
40001	41000	40501	266.0	-0.981827	-0.139474
41001	42000	41501	242.0	-0.981349	-0.275894
42001	43000	42501	248.0	-0.980870	-0.240561
43001	44000	43501	246.0	-0.980392	-0.252242
44001	45000	44501	316.0	-0.979914	0.109024
45001	46000	45501	308.0	-0.979436	0.072030
46001	47000	46501	311.0	-0.978957	0.086014
47001	48000	47501	282.0	-0.978479	-0.055206
48001	49000	48501	267.0	-0.978001	-0.134061
49001	50000	49501	382.0	-0.977523	0.382672
50001	51000	50501	309.0	-0.977044	0.076706
51001	52000	51501	332.0	-0.976566	0.180283
52001	53000	52501	274.0	-0.976088	-0.096725
53001	54000	53501	329.0	-0.975610	0.167187
54001	55000	54501	323.0	-0.975132	0.140634
55001	56000	55501	315.0	-0.974653	0.104451
56001	57000	56501	330.0	-0.974175	0.171565
57001	58000	57501	262.0	-0.973697	-0.161334
58001	59000	58501	267.0	-0.973219	-0.134061
59001	60000	59501	270.0	-0.972740	-0.117941
60001	61000	60501	245.0	-0.972262	-0.258119
61001	62000	61501	281.0	-0.971784	-0.060331
62001	63000	62501	288.0	-0.971306	-0.024832
63001	64000	63501	318.0	-0.970827	0.118126
64001	65000	64501	325.0	-0.970349	0.149539
65001	66000	65501	264.0	-0.969871	-0.150363
66001	67000	66501	326.0	-0.969393	0.153971
67001	68000	67501	317.0	-0.968914	0.113582
68001	69000	68501	405.0	-0.968436	0.467021
69001	70000	69501	281.0	-0.967958	-0.060331
70001	71000	70501	305.0	-0.967480	0.057909
71001	72000	71501	284.0	-0.967001	-0.045010
72001	73000	72501	376.0	-0.966523	0.359832
73001	74000	73501	339.0	-0.966045	0.210385
74001	75000	74501	506.0	-0.965567	0.788237
75001	76000	75501	393.0	-0.965088	0.423629
76001	77000	76501	420.0	-0.964610	0.519489
77001	78000	77501	318.0	-0.964132	0.118126
78001	79000	78501	405.0	-0.963654	0.467021
79001	80000	79501	529.0	-0.963176	0.852367
80001	81000	80501	271.0	-0.962697	-0.112608
81001	82000	81501	330.0	-0.962219	0.171565
82001	83000	82501	270.0	-0.961741	-0.117941
83001	84000	83501	336.0	-0.961263	0.197561
84001	85000	84501	325.0	-0.960784	0.149539
85001	86000	85501	301.0	-0.960306	0.038863
86001	87000	86501	312.0	-0.959828	0.090645
87001	88000	87501	235.0	-0.959350	-0.318240
88001	89000	88501	267.0	-0.958871	-0.134061
89001	90000	89501	280.0	-0.958393	-0.065474
90001	91000	90501	391.0	-0.957915	0.416268
91001	92000	91501	325.0	-0.957437	0.149539
92001	93000	92501	294.0	-0.956958	0.004915
93001	94000	93501	257.0	-0.956480	-0.189132
94001	95000	94501	227.0	-0.956002	-0.368208
95001	96000	95501	265.0	-0.955524	-0.144908
96001	97000	96501	332.0	-0.955045	0.180283
97001	98000	97501	302.0	-0.954567	0.043648
98001	99000	98501	386.0	-0.954089	0.397700
99001	100000	99501	249.0	-0.953611	-0.234755
100001	101000	100501	229.0	-0.953132	-0.355553
101001	102000	101501	321.0	-0.952654	0.131673
102001	103000	102501	351.0	-0.952176	0.260570
103001	104000	103501	227.0	-0.951698	-0.368208
104001	105000	104501	267.0	-0.951220	-0.134061
105001	106000	105501	291.0	-0.950741	-0.009882
106001	107000	106501	302.0	-0.950263	0.043648
107001	108000	107501	384.0	-0.949785	0.390206
108001	109000	108501	281.0	-0.949307	-0.060331
109001	110000	109501	353.0	-0.948828	0.268768
110001	111000	110501	394.0	-0.948350	0.427295
111001	112000	111501	303.0	-0.947872	0.048417
112001	113000	112501	265.0	-0.947394	-0.144908
113001	114000	113501	243.0	-0.946915	-0.269944
114001	115000	114501	228.0	-0.946437	-0.361867
115001	116000	115501	259.0	-0.945959	-0.177949
116001	117000	116501	188.0	-0.945481	-0.640168
117001	118000	117501	269.0	-0.945002	-0.123294
118001	119000	118501	317.0	-0.944524	0.113582
119001	120000	119501	296.0	-0.944046	0.014697
120001	121000	120501	280.0	-0.943568	-0.065474
121001	122000	121501	270.0	-0.943089	-0.117941
122001	123000	122501	327.0	-0.942611	0.158390
123001	124000	123501	268.0	-0.942133	-0.128668
124001	125000	124501	268.0	-0.941655	-0.128668
125001	126000	125501	339.0	-0.941176	0.210385
126001	127000	126501	293.0	-0.940698	0.000000
127001	128000	127501	317.0	-0.940220	0.113582
128001	129000	128501	274.0	-0.939742	-0.096725
129001	130000	129501	247.0	-0.939264	-0.246390
130001	131000	130501	270.0	-0.938785	-0.117941
131001	132000	131501	278.0	-0.938307	-0.075816
132001	133000	132501	279.0	-0.937829	-0.070636
133001	134000	133501	223.0	-0.937351	-0.393857
134001	135000	134501	231.0	-0.936872	-0.343008
135001	136000	135501	371.0	-0.936394	0.340519
136001	137000	136501	373.0	-0.935916	0.348275
137001	138000	137501	279.0	-0.935438	-0.070636
138001	139000	138501	263.0	-0.934959	-0.155838
139001	140000	139501	203.0	-0.934481	-0.529421
140001	141000	140501	250.0	-0.934003	-0.228973
141001	142000	141501	261.0	-0.933525	-0.166851
142001	143000	142501	281.0	-0.933046	-0.060331
143001	144000	143501	337.0	-0.932568	0.201848
144001	145000	144501	389.0	-0.932090	0.408869
145001	146000	145501	333.0	-0.931612	0.184622
146001	147000	146501	389.0	-0.931133	0.408869
147001	148000	147501	370.0	-0.930655	0.336625
148001	149000	148501	226.0	-0.930177	-0.374578
149001	150000	149501	172.0	-0.929699	-0.768492
150001	151000	150501	239.0	-0.929220	-0.293890
151001	152000	151501	242.0	-0.928742	-0.275894
152001	153000	152501	221.0	-0.928264	-0.406854
153001	154000	153501	202.0	-0.927786	-0.536545
154001	155000	154501	181.0	-0.927308	-0.694911
155001	156000	155501	216.0	-0.926829	-0.439869
156001	157000	156501	179.0	-0.926351	-0.710941
157001	158000	157501	248.0	-0.925873	-0.240561
158001	159000	158501	224.0	-0.925395	-0.387402
159001	160000	159501	204.0	-0.924916	-0.522332
160001	161000	160501	163.0	-0.924438	-0.846029
161001	162000	161501	219.0	-0.923960	-0.419970
162001	163000	162501	339.0	-0.923482	0.210385
163001	164000	163501	373.0	-0.923003	0.348275
164001	165000	164501	285.0	-0.922525	-0.039939
165001	166000	165501	237.0	-0.922047	-0.306014
166001	167000	166501	260.0	-0.921569	-0.172389
167001	168000	167501	235.0	-0.921090	-0.318240
168001	169000	168501	268.0	-0.920612	-0.128668
169001	170000	169501	276.0	-0.920134	-0.086232
170001	171000	170501	276.0	-0.919656	-0.086232
171001	172000	171501	280.0	-0.919177	-0.065474
172001	173000	172501	262.0	-0.918699	-0.161334
173001	174000	173501	219.0	-0.918221	-0.419970
174001	175000	174501	260.0	-0.917743	-0.172389
175001	176000	175501	300.0	-0.917264	0.034062
176001	177000	176501	229.0	-0.916786	-0.355553
177001	178000	177501	275.0	-0.916308	-0.091469
178001	179000	178501	234.0	-0.915830	-0.324392
179001	180000	179501	213.0	-0.915352	-0.460047
180001	181000	180501	227.0	-0.914873	-0.368208
181001	182000	181501	239.0	-0.914395	-0.293890
182001	183000	182501	247.0	-0.913917	-0.246390
183001	184000	183501	302.0	-0.913439	0.043648
184001	185000	184501	276.0	-0.912960	-0.086232
185001	186000	185501	244.0	-0.912482	-0.264020
186001	187000	186501	224.0	-0.912004	-0.387402
187001	188000	187501	315.0	-0.911526	0.104451
188001	189000	188501	276.0	-0.911047	-0.086232
189001	190000	189501	276.0	-0.910569	-0.086232
190001	191000	190501	208.0	-0.910091	-0.494317
191001	192000	191501	196.0	-0.909613	-0.580047
192001	193000	192501	218.0	-0.909134	-0.426573
193001	194000	193501	252.0	-0.908656	-0.217477
194001	195000	194501	272.0	-0.908178	-0.107294
195001	196000	195501	287.0	-0.907700	-0.029850
196001	197000	196501	263.0	-0.907221	-0.155838
197001	198000	197501	275.0	-0.906743	-0.091469
198001	199000	198501	363.0	-0.906265	0.309069
199001	200000	199501	265.0	-0.905787	-0.144908
200001	201000	200501	234.0	-0.905308	-0.324392
201001	202000	201501	213.0	-0.904830	-0.460047
202001	203000	202501	342.0	-0.904352	0.223096
203001	204000	203501	311.0	-0.903874	0.086014
204001	205000	204501	298.0	-0.903396	0.024412
205001	206000	205501	288.0	-0.902917	-0.024832
206001	207000	206501	326.0	-0.902439	0.153971
207001	208000	207501	287.0	-0.901961	-0.029850
208001	209000	208501	279.0	-0.901483	-0.070636
209001	210000	209501	242.0	-0.901004	-0.275894
210001	211000	210501	301.0	-0.900526	0.038863
211001	212000	211501	292.0	-0.900048	-0.004932
212001	213000	212501	387.0	-0.899570	0.401433
213001	214000	213501	282.0	-0.899091	-0.055206
214001	215000	214501	372.0	-0.898613	0.344402
215001	216000	215501	343.0	-0.898135	0.227308
216001	217000	216501	334.0	-0.897657	0.188947
217001	218000	217501	252.0	-0.897178	-0.217477
218001	219000	218501	229.0	-0.896700	-0.355553
219001	220000	219501	229.0	-0.896222	-0.355553
220001	221000	220501	243.0	-0.895744	-0.269944
221001	222000	221501	277.0	-0.895265	-0.081015
222001	223000	222501	319.0	-0.894787	0.122656
223001	224000	223501	413.0	-0.894309	0.495241
224001	225000	224501	370.0	-0.893831	0.336625
225001	226000	225501	310.0	-0.893352	0.081368
226001	227000	226501	342.0	-0.892874	0.223096
227001	228000	227501	298.0	-0.892396	0.024412
228001	229000	228501	350.0	-0.891918	0.256454
229001	230000	229501	343.0	-0.891440	0.227308
230001	231000	230501	291.0	-0.890961	-0.009882
231001	232000	231501	296.0	-0.890483	0.014697
232001	233000	232501	416.0	-0.890005	0.505683
233001	234000	233501	499.0	-0.889527	0.768139
234001	235000	234501	339.0	-0.889048	0.210385
235001	236000	235501	323.0	-0.888570	0.140634
236001	237000	236501	261.0	-0.888092	-0.166851
237001	238000	237501	289.0	-0.887614	-0.019831
238001	239000	238501	354.0	-0.887135	0.272849
239001	240000	239501	363.0	-0.886657	0.309069
240001	241000	240501	297.0	-0.886179	0.019562
241001	242000	241501	229.0	-0.885701	-0.355553
242001	243000	242501	268.0	-0.885222	-0.128668
243001	244000	243501	317.0	-0.884744	0.113582
244001	245000	244501	293.0	-0.884266	0.000000
245001	246000	245501	309.0	-0.883788	0.076706
246001	247000	246501	265.0	-0.883309	-0.144908
247001	248000	247501	279.0	-0.882831	-0.070636
248001	249000	248501	274.0	-0.882353	-0.096725
249001	250000	249501	280.0	-0.881875	-0.065474
250001	251000	250501	293.0	-0.881396	0.000000
251001	252000	251501	290.0	-0.880918	-0.014848
252001	253000	252501	289.0	-0.880440	-0.019831
253001	254000	253501	288.0	-0.879962	-0.024832
254001	255000	254501	303.0	-0.879484	0.048417
255001	256000	255501	225.0	-0.879005	-0.380976
256001	257000	256501	294.0	-0.878527	0.004915
257001	258000	257501	250.0	-0.878049	-0.228973
258001	259000	258501	206.0	-0.877571	-0.508256
259001	260000	259501	282.0	-0.877092	-0.055206
260001	261000	260501	304.0	-0.876614	0.053171
261001	262000	261501	332.0	-0.876136	0.180283
262001	263000	262501	306.0	-0.875658	0.062631
263001	264000	263501	269.0	-0.875179	-0.123294
264001	265000	264501	311.0	-0.874701	0.086014
265001	266000	265501	393.0	-0.874223	0.423629
266001	267000	266501	348.0	-0.873745	0.248187
267001	268000	267501	214.0	-0.873266	-0.453290
268001	269000	268501	307.0	-0.872788	0.067338
269001	270000	269501	260.0	-0.872310	-0.172389
270001	271000	270501	338.0	-0.871832	0.206123
271001	272000	271501	277.0	-0.871353	-0.081015
272001	273000	272501	238.0	-0.870875	-0.299939
273001	274000	273501	283.0	-0.870397	-0.050099
274001	275000	274501	270.0	-0.869919	-0.117941
275001	276000	275501	236.0	-0.869440	-0.312114
276001	277000	276501	289.0	-0.868962	-0.019831
277001	278000	277501	286.0	-0.868484	-0.034886
278001	279000	278501	285.0	-0.868006	-0.039939
279001	280000	279501	279.0	-0.867527	-0.070636
280001	281000	280501	279.0	-0.867049	-0.070636
281001	282000	281501	241.0	-0.866571	-0.281868
282001	283000	282501	203.0	-0.866093	-0.529421
283001	284000	283501	271.0	-0.865615	-0.112608
284001	285000	284501	220.0	-0.865136	-0.413397
285001	286000	285501	229.0	-0.864658	-0.355553
286001	287000	286501	214.0	-0.864180	-0.453290
287001	288000	287501	209.0	-0.863702	-0.487398
288001	289000	288501	233.0	-0.863223	-0.330571
289001	290000	289501	296.0	-0.862745	0.014697
290001	291000	290501	263.0	-0.862267	-0.155838
291001	292000	291501	243.0	-0.861789	-0.269944
292001	293000	292501	281.0	-0.861310	-0.060331
293001	294000	293501	246.0	-0.860832	-0.252242
294001	295000	294501	320.0	-0.860354	0.127171
295001	296000	295501	327.0	-0.859876	0.158390
296001	297000	296501	410.0	-0.859397	0.484723
297001	298000	297501	480.0	-0.858919	0.712134
298001	299000	298501	301.0	-0.858441	0.038863
299001	300000	299501	265.0	-0.857963	-0.144908
300001	301000	300501	285.0	-0.857484	-0.039939
301001	302000	301501	245.0	-0.857006	-0.258119
302001	303000	302501	246.0	-0.856528	-0.252242
303001	304000	303501	253.0	-0.856050	-0.211763
304001	305000	304501	237.0	-0.855571	-0.306014
305001	306000	305501	271.0	-0.855093	-0.112608
306001	307000	306501	235.0	-0.854615	-0.318240
307001	308000	307501	245.0	-0.854137	-0.258119
308001	309000	308501	230.0	-0.853659	-0.349267
309001	310000	309501	272.0	-0.853180	-0.107294
310001	311000	310501	210.0	-0.852702	-0.480511
311001	312000	311501	324.0	-0.852224	0.145093
312001	313000	312501	289.0	-0.851746	-0.019831
313001	314000	313501	259.0	-0.851267	-0.177949
314001	315000	314501	257.0	-0.850789	-0.189132
315001	316000	315501	271.0	-0.850311	-0.112608
316001	317000	316501	288.0	-0.849833	-0.024832
317001	318000	317501	214.0	-0.849354	-0.453290
318001	319000	318501	226.0	-0.848876	-0.374578
319001	320000	319501	250.0	-0.848398	-0.228973
320001	321000	320501	244.0	-0.847920	-0.264020
321001	322000	321501	245.0	-0.847441	-0.258119
322001	323000	322501	292.0	-0.846963	-0.004932
323001	324000	323501	281.0	-0.846485	-0.060331
324001	325000	324501	248.0	-0.846007	-0.240561
325001	326000	325501	241.0	-0.845528	-0.281868
326001	327000	326501	224.0	-0.845050	-0.387402
327001	328000	327501	192.0	-0.844572	-0.609794
328001	329000	328501	287.0	-0.844094	-0.029850
329001	330000	329501	334.0	-0.843615	0.188947
330001	331000	330501	317.0	-0.843137	0.113582
331001	332000	331501	263.0	-0.842659	-0.155838
332001	333000	332501	240.0	-0.842181	-0.287866
333001	334000	333501	250.0	-0.841703	-0.228973
334001	335000	334501	233.0	-0.841224	-0.330571
335001	336000	335501	262.0	-0.840746	-0.161334
336001	337000	336501	229.0	-0.840268	-0.355553
337001	338000	337501	234.0	-0.839790	-0.324392
338001	339000	338501	255.0	-0.839311	-0.200403
339001	340000	339501	388.0	-0.838833	0.405156
340001	341000	340501	336.0	-0.838355	0.197561
341001	342000	341501	263.0	-0.837877	-0.155838
342001	343000	342501	259.0	-0.837398	-0.177949
343001	344000	343501	238.0	-0.836920	-0.299939
344001	345000	344501	288.0	-0.836442	-0.024832
345001	346000	345501	259.0	-0.835964	-0.177949
346001	347000	346501	345.0	-0.835485	0.235696
347001	348000	347501	380.0	-0.835007	0.375099
348001	349000	348501	422.0	-0.834529	0.526342
349001	350000	349501	424.0	-0.834051	0.533164
350001	351000	350501	321.0	-0.833572	0.131673
351001	352000	351501	293.0	-0.833094	0.000000
352001	353000	352501	220.0	-0.832616	-0.413397
353001	354000	353501	258.0	-0.832138	-0.183530
354001	355000	354501	276.0	-0.831659	-0.086232
355001	356000	355501	253.0	-0.831181	-0.211763
356001	357000	356501	242.0	-0.830703	-0.275894
357001	358000	357501	229.0	-0.830225	-0.355553
358001	359000	358501	298.0	-0.829747	0.024412
359001	360000	359501	251.0	-0.829268	-0.223213
360001	361000	360501	236.0	-0.828790	-0.312114
361001	362000	361501	244.0	-0.828312	-0.264020
362001	363000	362501	245.0	-0.827834	-0.258119
363001	364000	363501	195.0	-0.827355	-0.587427
364001	365000	364501	284.0	-0.826877	-0.045010
365001	366000	365501	290.0	-0.826399	-0.014848
366001	367000	366501	288.0	-0.825921	-0.024832
367001	368000	367501	227.0	-0.825442	-0.368208
368001	369000	368501	207.0	-0.824964	-0.501270
369001	370000	369501	322.0	-0.824486	0.136160
370001	371000	370501	252.0	-0.824008	-0.217477
371001	372000	371501	223.0	-0.823529	-0.393857
372001	373000	372501	231.0	-0.823051	-0.343008
373001	374000	373501	255.0	-0.822573	-0.200403
374001	375000	374501	252.0	-0.822095	-0.217477
375001	376000	375501	308.0	-0.821616	0.072030
376001	377000	376501	288.0	-0.821138	-0.024832
377001	378000	377501	242.0	-0.820660	-0.275894
378001	379000	378501	307.0	-0.820182	0.067338
379001	380000	379501	294.0	-0.819703	0.004915
380001	381000	380501	268.0	-0.819225	-0.128668
381001	382000	381501	297.0	-0.818747	0.019562
382001	383000	382501	360.0	-0.818269	0.297096
383001	384000	383501	410.0	-0.817791	0.484723
384001	385000	384501	295.0	-0.817312	0.009814
385001	386000	385501	274.0	-0.816834	-0.096725
386001	387000	386501	373.0	-0.816356	0.348275
387001	388000	387501	289.0	-0.815878	-0.019831
388001	389000	388501	336.0	-0.815399	0.197561
389001	390000	389501	315.0	-0.814921	0.104451
390001	391000	390501	314.0	-0.814443	0.099864
391001	392000	391501	366.0	-0.813965	0.320943
392001	393000	392501	428.0	-0.813486	0.546710
393001	394000	393501	382.0	-0.813008	0.382672
394001	395000	394501	322.0	-0.812530	0.136160
395001	396000	395501	339.0	-0.812052	0.210385
396001	397000	396501	205.0	-0.811573	-0.515277
397001	398000	397501	287.0	-0.811095	-0.029850
398001	399000	398501	319.0	-0.810617	0.122656
399001	400000	399501	476.0	-0.810139	0.700061
400001	401000	400501	333.0	-0.809660	0.184622
401001	402000	401501	264.0	-0.809182	-0.150363
402001	403000	402501	239.0	-0.808704	-0.293890
403001	404000	403501	299.0	-0.808226	0.029245
404001	405000	404501	328.0	-0.807747	0.162795
405001	406000	405501	274.0	-0.807269	-0.096725
406001	407000	406501	266.0	-0.806791	-0.139474
407001	408000	407501	359.0	-0.806313	0.293083
408001	409000	408501	331.0	-0.805835	0.175931
409001	410000	409501	272.0	-0.805356	-0.107294
410001	411000	410501	256.0	-0.804878	-0.194757
411001	412000	411501	276.0	-0.804400	-0.086232
412001	413000	412501	263.0	-0.803922	-0.155838
413001	414000	413501	318.0	-0.803443	0.118126
414001	415000	414501	268.0	-0.802965	-0.128668
415001	416000	415501	226.0	-0.802487	-0.374578
416001	417000	416501	253.0	-0.802009	-0.211763
417001	418000	417501	273.0	-0.801530	-0.102000
418001	419000	418501	219.0	-0.801052	-0.419970
419001	420000	419501	236.0	-0.800574	-0.312114
420001	421000	420501	291.0	-0.800096	-0.009882
421001	422000	421501	248.0	-0.799617	-0.240561
422001	423000	422501	283.0	-0.799139	-0.050099
423001	424000	423501	272.0	-0.798661	-0.107294
424001	425000	424501	255.0	-0.798183	-0.200403
425001	426000	425501	314.0	-0.797704	0.099864
426001	427000	426501	303.0	-0.797226	0.048417
427001	428000	427501	277.0	-0.796748	-0.081015
428001	429000	428501	239.0	-0.796270	-0.293890
429001	430000	429501	241.0	-0.795791	-0.281868
430001	431000	430501	293.0	-0.795313	0.000000
431001	432000	431501	226.0	-0.794835	-0.374578
432001	433000	432501	232.0	-0.794357	-0.336776
433001	434000	433501	237.0	-0.793879	-0.306014
434001	435000	434501	278.0	-0.793400	-0.075816
435001	436000	435501	224.0	-0.792922	-0.387402
436001	437000	436501	292.0	-0.792444	-0.004932
437001	438000	437501	328.0	-0.791966	0.162795
438001	439000	438501	334.0	-0.791487	0.188947
439001	440000	439501	346.0	-0.791009	0.239871
440001	441000	440501	312.0	-0.790531	0.090645
441001	442000	441501	299.0	-0.790053	0.029245
442001	443000	442501	382.0	-0.789574	0.382672
443001	444000	443501	268.0	-0.789096	-0.128668
444001	445000	444501	257.0	-0.788618	-0.189132
445001	446000	445501	395.0	-0.788140	0.430952
446001	447000	446501	318.0	-0.787661	0.118126
447001	448000	447501	235.0	-0.787183	-0.318240
448001	449000	448501	215.0	-0.786705	-0.446564
449001	450000	449501	243.0	-0.786227	-0.269944
450001	451000	450501	267.0	-0.785748	-0.134061
451001	452000	451501	266.0	-0.785270	-0.139474
452001	453000	452501	273.0	-0.784792	-0.102000
453001	454000	453501	353.0	-0.784314	0.268768
454001	455000	454501	335.0	-0.783835	0.193260
455001	456000	455501	265.0	-0.783357	-0.144908
456001	457000	456501	299.0	-0.782879	0.029245
457001	458000	457501	311.0	-0.782401	0.086014
458001	459000	458501	298.0	-0.781923	0.024412
459001	460000	459501	293.0	-0.781444	0.000000
460001	461000	460501	333.0	-0.780966	0.184622
461001	462000	461501	284.0	-0.780488	-0.045010
462001	463000	462501	239.0	-0.780010	-0.293890
463001	464000	463501	229.0	-0.779531	-0.355553
464001	465000	464501	269.0	-0.779053	-0.123294
465001	466000	465501	229.0	-0.778575	-0.355553
466001	467000	466501	247.0	-0.778097	-0.246390
467001	468000	467501	240.0	-0.777618	-0.287866
468001	469000	468501	239.0	-0.777140	-0.293890
469001	470000	469501	262.0	-0.776662	-0.161334
470001	471000	470501	258.0	-0.776184	-0.183530
471001	472000	471501	287.0	-0.775705	-0.029850
472001	473000	472501	275.0	-0.775227	-0.091469
473001	474000	473501	251.0	-0.774749	-0.223213
474001	475000	474501	269.0	-0.774271	-0.123294
475001	476000	475501	210.0	-0.773792	-0.480511
476001	477000	476501	226.0	-0.773314	-0.374578
477001	478000	477501	276.0	-0.772836	-0.086232
478001	479000	478501	209.0	-0.772358	-0.487398
479001	480000	479501	213.0	-0.771879	-0.460047
480001	481000	480501	294.0	-0.771401	0.004915
481001	482000	481501	305.0	-0.770923	0.057909
482001	483000	482501	316.0	-0.770445	0.109024
483001	484000	483501	259.0	-0.769967	-0.177949
484001	485000	484501	276.0	-0.769488	-0.086232
485001	486000	485501	315.0	-0.769010	0.104451
486001	487000	486501	329.0	-0.768532	0.167187
487001	488000	487501	354.0	-0.768054	0.272849
488001	489000	488501	246.0	-0.767575	-0.252242
489001	490000	489501	276.0	-0.767097	-0.086232
490001	491000	490501	316.0	-0.766619	0.109024
491001	492000	491501	407.0	-0.766141	0.474128
492001	493000	492501	315.0	-0.765662	0.104451
493001	494000	493501	247.0	-0.765184	-0.246390
494001	495000	494501	238.0	-0.764706	-0.299939
495001	496000	495501	272.0	-0.764228	-0.107294
496001	497000	496501	263.0	-0.763749	-0.155838
497001	498000	497501	283.0	-0.763271	-0.050099
498001	499000	498501	301.0	-0.762793	0.038863
499001	500000	499501	261.0	-0.762315	-0.166851
500001	501000	500501	257.0	-0.761836	-0.189132
501001	502000	501501	245.0	-0.761358	-0.258119
502001	503000	502501	251.0	-0.760880	-0.223213
503001	504000	503501	292.0	-0.760402	-0.004932
504001	505000	504501	268.0	-0.759923	-0.128668
505001	506000	505501	303.0	-0.759445	0.048417
506001	507000	506501	319.0	-0.758967	0.122656
507001	508000	507501	299.0	-0.758489	0.029245
508001	509000	508501	270.0	-0.758011	-0.117941
509001	510000	509501	328.0	-0.757532	0.162795
510001	511000	510501	229.0	-0.757054	-0.355553
511001	512000	511501	235.0	-0.756576	-0.318240
512001	513000	512501	286.0	-0.756098	-0.034886
513001	514000	513501	310.0	-0.755619	0.081368
514001	515000	514501	327.0	-0.755141	0.158390
515001	516000	515501	277.0	-0.754663	-0.081015
516001	517000	516501	232.0	-0.754185	-0.336776
517001	518000	517501	262.0	-0.753706	-0.161334
518001	519000	518501	280.0	-0.753228	-0.065474
519001	520000	519501	271.0	-0.752750	-0.112608
520001	521000	520501	274.0	-0.752272	-0.096725
521001	522000	521501	375.0	-0.751793	0.355990
522001	523000	522501	340.0	-0.751315	0.214634
523001	524000	523501	323.0	-0.750837	0.140634
524001	525000	524501	436.0	-0.750359	0.573427
525001	526000	525501	320.0	-0.749880	0.127171
526001	527000	526501	291.0	-0.749402	-0.009882
527001	528000	527501	262.0	-0.748924	-0.161334
528001	529000	528501	244.0	-0.748446	-0.264020
529001	530000	529501	291.0	-0.747967	-0.009882
530001	531000	530501	296.0	-0.747489	0.014697
531001	532000	531501	259.0	-0.747011	-0.177949
532001	533000	532501	267.0	-0.746533	-0.134061
533001	534000	533501	233.0	-0.746055	-0.330571
534001	535000	534501	256.0	-0.745576	-0.194757
535001	536000	535501	373.0	-0.745098	0.348275
536001	537000	536501	341.0	-0.744620	0.218871
537001	538000	537501	339.0	-0.744142	0.210385
538001	539000	538501	353.0	-0.743663	0.268768
539001	540000	539501	361.0	-0.743185	0.301098
540001	541000	540501	290.0	-0.742707	-0.014848
541001	542000	541501	366.0	-0.742229	0.320943
542001	543000	542501	308.0	-0.741750	0.072030
543001	544000	543501	286.0	-0.741272	-0.034886
544001	545000	544501	280.0	-0.740794	-0.065474
545001	546000	545501	290.0	-0.740316	-0.014848
546001	547000	546501	296.0	-0.739837	0.014697
547001	548000	547501	444.0	-0.739359	0.599659
548001	549000	548501	440.0	-0.738881	0.586603
549001	550000	549501	467.0	-0.738403	0.672522
550001	551000	550501	326.0	-0.737924	0.153971
551001	552000	551501	243.0	-0.737446	-0.269944
552001	553000	552501	253.0	-0.736968	-0.211763
553001	554000	553501	372.0	-0.736490	0.344402
554001	555000	554501	281.0	-0.736011	-0.060331
555001	556000	555501	342.0	-0.735533	0.223096
556001	557000	556501	454.0	-0.735055	0.631792
557001	558000	557501	336.0	-0.734577	0.197561
558001	559000	558501	239.0	-0.734099	-0.293890
559001	560000	559501	231.0	-0.733620	-0.343008
560001	561000	560501	244.0	-0.733142	-0.264020
561001	562000	561501	468.0	-0.732664	0.675608
562001	563000	562501	283.0	-0.732186	-0.050099
563001	564000	563501	303.0	-0.731707	0.048417
564001	565000	564501	196.0	-0.731229	-0.580047
565001	566000	565501	237.0	-0.730751	-0.306014
566001	567000	566501	229.0	-0.730273	-0.355553
567001	568000	567501	229.0	-0.729794	-0.355553
568001	569000	568501	244.0	-0.729316	-0.264020
569001	570000	569501	254.0	-0.728838	-0.206072
570001	571000	570501	256.0	-0.728360	-0.194757
571001	572000	571501	288.0	-0.727881	-0.024832
572001	573000	572501	291.0	-0.727403	-0.009882
573001	574000	573501	283.0	-0.726925	-0.050099
574001	575000	574501	246.0	-0.726447	-0.252242
575001	576000	575501	268.0	-0.725968	-0.128668
576001	577000	576501	280.0	-0.725490	-0.065474
577001	578000	577501	296.0	-0.725012	0.014697
578001	579000	578501	270.0	-0.724534	-0.117941
579001	580000	579501	302.0	-0.724055	0.043648
580001	581000	580501	285.0	-0.723577	-0.039939
581001	582000	581501	242.0	-0.723099	-0.275894
582001	583000	582501	253.0	-0.722621	-0.211763
583001	584000	583501	288.0	-0.722143	-0.024832
584001	585000	584501	254.0	-0.721664	-0.206072
585001	586000	585501	295.0	-0.721186	0.009814
586001	587000	586501	264.0	-0.720708	-0.150363
587001	588000	587501	282.0	-0.720230	-0.055206
588001	589000	588501	255.0	-0.719751	-0.200403
589001	590000	589501	309.0	-0.719273	0.076706
590001	591000	590501	256.0	-0.718795	-0.194757
591001	592000	591501	237.0	-0.718317	-0.306014
592001	593000	592501	306.0	-0.717838	0.062631
593001	594000	593501	302.0	-0.717360	0.043648
594001	595000	594501	296.0	-0.716882	0.014697
595001	596000	595501	267.0	-0.716404	-0.134061
596001	597000	596501	297.0	-0.715925	0.019562
597001	598000	597501	249.0	-0.715447	-0.234755
598001	599000	598501	251.0	-0.714969	-0.223213
599001	600000	599501	268.0	-0.714491	-0.128668
600001	601000	600501	268.0	-0.714012	-0.128668
601001	602000	601501	281.0	-0.713534	-0.060331
602001	603000	602501	346.0	-0.713056	0.239871
603001	604000	603501	298.0	-0.712578	0.024412
604001	605000	604501	244.0	-0.712099	-0.264020
605001	606000	605501	243.0	-0.711621	-0.269944
606001	607000	606501	282.0	-0.711143	-0.055206
607001	608000	607501	318.0	-0.710665	0.118126
608001	609000	608501	254.0	-0.710187	-0.206072
609001	610000	609501	267.0	-0.709708	-0.134061
610001	611000	610501	280.0	-0.709230	-0.065474
611001	612000	611501	239.0	-0.708752	-0.293890
612001	613000	612501	285.0	-0.708274	-0.039939
613001	614000	613501	276.0	-0.707795	-0.086232
614001	615000	614501	283.0	-0.707317	-0.050099
615001	616000	615501	224.0	-0.706839	-0.387402
616001	617000	616501	223.0	-0.706361	-0.393857
617001	618000	617501	327.0	-0.705882	0.158390
618001	619000	618501	290.0	-0.705404	-0.014848
619001	620000	619501	282.0	-0.704926	-0.055206
620001	621000	620501	286.0	-0.704448	-0.034886
621001	622000	621501	271.0	-0.703969	-0.112608
622001	623000	622501	358.0	-0.703491	0.289059
623001	624000	623501	259.0	-0.703013	-0.177949
624001	625000	624501	236.0	-0.702535	-0.312114
625001	626000	625501	208.0	-0.702056	-0.494317
626001	627000	626501	321.0	-0.701578	0.131673
627001	628000	627501	249.0	-0.701100	-0.234755
628001	629000	628501	234.0	-0.700622	-0.324392
629001	630000	629501	253.0	-0.700143	-0.211763
630001	631000	630501	301.0	-0.699665	0.038863
631001	632000	631501	283.0	-0.699187	-0.050099
632001	633000	632501	249.0	-0.698709	-0.234755
633001	634000	633501	204.0	-0.698231	-0.522332
634001	635000	634501	265.0	-0.697752	-0.144908
635001	636000	635501	198.0	-0.697274	-0.565400
636001	637000	636501	197.0	-0.696796	-0.572705
637001	638000	637501	232.0	-0.696318	-0.336776
638001	639000	638501	242.0	-0.695839	-0.275894
639001	640000	639501	214.0	-0.695361	-0.453290
640001	641000	640501	235.0	-0.694883	-0.318240
641001	642000	641501	236.0	-0.694405	-0.312114
642001	643000	642501	305.0	-0.693926	0.057909
643001	644000	643501	296.0	-0.693448	0.014697
644001	645000	644501	283.0	-0.692970	-0.050099
645001	646000	645501	313.0	-0.692492	0.095262
646001	647000	646501	307.0	-0.692013	0.067338
647001	648000	647501	255.0	-0.691535	-0.200403
648001	649000	648501	292.0	-0.691057	-0.004932
649001	650000	649501	275.0	-0.690579	-0.091469
650001	651000	650501	273.0	-0.690100	-0.102000
651001	652000	651501	288.0	-0.689622	-0.024832
652001	653000	652501	313.0	-0.689144	0.095262
653001	654000	653501	352.0	-0.688666	0.264675
654001	655000	654501	331.0	-0.688187	0.175931
655001	656000	655501	280.0	-0.687709	-0.065474
656001	657000	656501	216.0	-0.687231	-0.439869
657001	658000	657501	253.0	-0.686753	-0.211763
658001	659000	658501	258.0	-0.686275	-0.183530
659001	660000	659501	283.0	-0.685796	-0.050099
660001	661000	660501	324.0	-0.685318	0.145093
661001	662000	661501	335.0	-0.684840	0.193260
662001	663000	662501	324.0	-0.684362	0.145093
663001	664000	663501	261.0	-0.683883	-0.166851
664001	665000	664501	294.0	-0.683405	0.004915
665001	666000	665501	283.0	-0.682927	-0.050099
666001	667000	666501	224.0	-0.682449	-0.387402
667001	668000	667501	198.0	-0.681970	-0.565400
668001	669000	668501	268.0	-0.681492	-0.128668
669001	670000	669501	245.0	-0.681014	-0.258119
670001	671000	670501	252.0	-0.680536	-0.217477
671001	672000	671501	213.0	-0.680057	-0.460047
672001	673000	672501	323.0	-0.679579	0.140634
673001	674000	673501	340.0	-0.679101	0.214634
674001	675000	674501	312.0	-0.678623	0.090645
675001	676000	675501	301.0	-0.678144	0.038863
676001	677000	676501	286.0	-0.677666	-0.034886
677001	678000	677501	244.0	-0.677188	-0.264020
678001	679000	678501	231.0	-0.676710	-0.343008
679001	680000	679501	238.0	-0.676231	-0.299939
680001	681000	680501	274.0	-0.675753	-0.096725
681001	682000	681501	308.0	-0.675275	0.072030
682001	683000	682501	272.0	-0.674797	-0.107294
683001	684000	683501	324.0	-0.674319	0.145093
684001	685000	684501	252.0	-0.673840	-0.217477
685001	686000	685501	334.0	-0.673362	0.188947
686001	687000	686501	248.0	-0.672884	-0.240561
687001	688000	687501	190.0	-0.672406	-0.624901
688001	689000	688501	338.0	-0.671927	0.206123
689001	690000	689501	314.0	-0.671449	0.099864
690001	691000	690501	245.0	-0.670971	-0.258119
691001	692000	691501	245.0	-0.670493	-0.258119
692001	693000	692501	312.0	-0.670014	0.090645
693001	694000	693501	281.0	-0.669536	-0.060331
694001	695000	694501	310.0	-0.669058	0.081368
695001	696000	695501	251.0	-0.668580	-0.223213
696001	697000	696501	304.0	-0.668101	0.053171
697001	698000	697501	248.0	-0.667623	-0.240561
698001	699000	698501	337.0	-0.667145	0.201848
699001	700000	699501	266.0	-0.666667	-0.139474
700001	701000	700501	290.0	-0.666188	-0.014848
701001	702000	701501	259.0	-0.665710	-0.177949
702001	703000	702501	188.0	-0.665232	-0.640168
703001	704000	703501	229.0	-0.664754	-0.355553
704001	705000	704501	231.0	-0.664275	-0.343008
705001	706000	705501	271.0	-0.663797	-0.112608
706001	707000	706501	276.0	-0.663319	-0.086232
707001	708000	707501	301.0	-0.662841	0.038863
708001	709000	708501	291.0	-0.662363	-0.009882
709001	710000	709501	240.0	-0.661884	-0.287866
710001	711000	710501	235.0	-0.661406	-0.318240
711001	712000	711501	318.0	-0.660928	0.118126
712001	713000	712501	293.0	-0.660450	0.000000
713001	714000	713501	307.0	-0.659971	0.067338
714001	715000	714501	302.0	-0.659493	0.043648
715001	716000	715501	319.0	-0.659015	0.122656
716001	717000	716501	357.0	-0.658537	0.285023
717001	718000	717501	351.0	-0.658058	0.260570
718001	719000	718501	238.0	-0.657580	-0.299939
719001	720000	719501	230.0	-0.657102	-0.349267
720001	721000	720501	305.0	-0.656624	0.057909
721001	722000	721501	243.0	-0.656145	-0.269944
722001	723000	722501	297.0	-0.655667	0.019562
723001	724000	723501	223.0	-0.655189	-0.393857
724001	725000	724501	245.0	-0.654711	-0.258119
725001	726000	725501	254.0	-0.654232	-0.206072
726001	727000	726501	301.0	-0.653754	0.038863
727001	728000	727501	278.0	-0.653276	-0.075816
728001	729000	728501	339.0	-0.652798	0.210385
729001	730000	729501	278.0	-0.652319	-0.075816
730001	731000	730501	287.0	-0.651841	-0.029850
731001	732000	731501	292.0	-0.651363	-0.004932
732001	733000	732501	260.0	-0.650885	-0.172389
733001	734000	733501	256.0	-0.650407	-0.194757
734001	735000	734501	253.0	-0.649928	-0.211763
735001	736000	735501	245.0	-0.649450	-0.258119
736001	737000	736501	344.0	-0.648972	0.231508
737001	738000	737501	242.0	-0.648494	-0.275894
738001	739000	738501	270.0	-0.648015	-0.117941
739001	740000	739501	265.0	-0.647537	-0.144908
740001	741000	740501	299.0	-0.647059	0.029245
741001	742000	741501	262.0	-0.646581	-0.161334
742001	743000	742501	316.0	-0.646102	0.109024
743001	744000	743501	365.0	-0.645624	0.316996
744001	745000	744501	273.0	-0.645146	-0.102000
745001	746000	745501	309.0	-0.644668	0.076706
746001	747000	746501	314.0	-0.644189	0.099864
747001	748000	747501	335.0	-0.643711	0.193260
748001	749000	748501	355.0	-0.643233	0.276918
749001	750000	749501	333.0	-0.642755	0.184622
750001	751000	750501	260.0	-0.642276	-0.172389
751001	752000	751501	225.0	-0.641798	-0.380976
752001	753000	752501	235.0	-0.641320	-0.318240
753001	754000	753501	212.0	-0.640842	-0.466836
754001	755000	754501	262.0	-0.640363	-0.161334
755001	756000	755501	279.0	-0.639885	-0.070636
756001	757000	756501	284.0	-0.639407	-0.045010
757001	758000	757501	319.0	-0.638929	0.122656
758001	759000	758501	277.0	-0.638451	-0.081015
759001	760000	759501	307.0	-0.637972	0.067338
760001	761000	760501	297.0	-0.637494	0.019562
761001	762000	761501	353.0	-0.637016	0.268768
762001	763000	762501	322.0	-0.636538	0.136160
763001	764000	763501	351.0	-0.636059	0.260570
764001	765000	764501	300.0	-0.635581	0.034062
765001	766000	765501	295.0	-0.635103	0.009814
766001	767000	766501	406.0	-0.634625	0.470579
767001	768000	767501	282.0	-0.634146	-0.055206
768001	769000	768501	223.0	-0.633668	-0.393857
769001	770000	769501	264.0	-0.633190	-0.150363
770001	771000	770501	279.0	-0.632712	-0.070636
771001	772000	771501	306.0	-0.632233	0.062631
772001	773000	772501	297.0	-0.631755	0.019562
773001	774000	773501	246.0	-0.631277	-0.252242
774001	775000	774501	210.0	-0.630799	-0.480511
775001	776000	775501	267.0	-0.630320	-0.134061
776001	777000	776501	278.0	-0.629842	-0.075816
777001	778000	777501	310.0	-0.629364	0.081368
778001	779000	778501	264.0	-0.628886	-0.150363
779001	780000	779501	292.0	-0.628407	-0.004932
780001	781000	780501	239.0	-0.627929	-0.293890
781001	782000	781501	222.0	-0.627451	-0.400341
782001	783000	782501	265.0	-0.626973	-0.144908
783001	784000	783501	273.0	-0.626495	-0.102000
784001	785000	784501	267.0	-0.626016	-0.134061
785001	786000	785501	292.0	-0.625538	-0.004932
786001	787000	786501	285.0	-0.625060	-0.039939
787001	788000	787501	294.0	-0.624582	0.004915
788001	789000	788501	291.0	-0.624103	-0.009882
789001	790000	789501	259.0	-0.623625	-0.177949
790001	791000	790501	284.0	-0.623147	-0.045010
791001	792000	791501	179.0	-0.622669	-0.710941
792001	793000	792501	277.0	-0.622190	-0.081015
793001	794000	793501	339.0	-0.621712	0.210385
794001	795000	794501	321.0	-0.621234	0.131673
795001	796000	795501	370.0	-0.620756	0.336625
796001	797000	796501	278.0	-0.620277	-0.075816
797001	798000	797501	262.0	-0.619799	-0.161334
798001	799000	798501	261.0	-0.619321	-0.166851
799001	800000	799501	248.0	-0.618843	-0.240561
800001	801000	800501	278.0	-0.618364	-0.075816
801001	802000	801501	335.0	-0.617886	0.193260
802001	803000	802501	326.0	-0.617408	0.153971
803001	804000	803501	275.0	-0.616930	-0.091469
804001	805000	804501	267.0	-0.616451	-0.134061
805001	806000	805501	319.0	-0.615973	0.122656
806001	807000	806501	240.0	-0.615495	-0.287866
807001	808000	807501	247.0	-0.615017	-0.246390
808001	809000	808501	268.0	-0.614538	-0.128668
809001	810000	809501	324.0	-0.614060	0.145093
810001	811000	810501	371.0	-0.613582	0.340519
811001	812000	811501	292.0	-0.613104	-0.004932
812001	813000	812501	305.0	-0.612626	0.057909
813001	814000	813501	327.0	-0.612147	0.158390
814001	815000	814501	307.0	-0.611669	0.067338
815001	816000	815501	308.0	-0.611191	0.072030
816001	817000	816501	355.0	-0.610713	0.276918
817001	818000	817501	344.0	-0.610234	0.231508
818001	819000	818501	222.0	-0.609756	-0.400341
819001	820000	819501	199.0	-0.609278	-0.558132
820001	821000	820501	276.0	-0.608800	-0.086232
821001	822000	821501	240.0	-0.608321	-0.287866
822001	823000	822501	295.0	-0.607843	0.009814
823001	824000	823501	304.0	-0.607365	0.053171
824001	825000	824501	317.0	-0.606887	0.113582
825001	826000	825501	220.0	-0.606408	-0.413397
826001	827000	826501	247.0	-0.605930	-0.246390
827001	828000	827501	258.0	-0.605452	-0.183530
828001	829000	828501	286.0	-0.604974	-0.034886
829001	830000	829501	262.0	-0.604495	-0.161334
830001	831000	830501	296.0	-0.604017	0.014697
831001	832000	831501	281.0	-0.603539	-0.060331
832001	833000	832501	274.0	-0.603061	-0.096725
833001	834000	833501	320.0	-0.602582	0.127171
834001	835000	834501	298.0	-0.602104	0.024412
835001	836000	835501	359.0	-0.601626	0.293083
836001	837000	836501	333.0	-0.601148	0.184622
837001	838000	837501	320.0	-0.600670	0.127171
838001	839000	838501	210.0	-0.600191	-0.480511
839001	840000	839501	208.0	-0.599713	-0.494317
840001	841000	840501	280.0	-0.599235	-0.065474
841001	842000	841501	305.0	-0.598757	0.057909
842001	843000	842501	284.0	-0.598278	-0.045010
843001	844000	843501	311.0	-0.597800	0.086014
844001	845000	844501	255.0	-0.597322	-0.200403
845001	846000	845501	268.0	-0.596844	-0.128668
846001	847000	846501	263.0	-0.596365	-0.155838
847001	848000	847501	359.0	-0.595887	0.293083
848001	849000	848501	376.0	-0.595409	0.359832
849001	850000	849501	314.0	-0.594931	0.099864
850001	851000	850501	261.0	-0.594452	-0.166851
851001	852000	851501	326.0	-0.593974	0.153971
852001	853000	852501	301.0	-0.593496	0.038863
853001	854000	853501	342.0	-0.593018	0.223096
854001	855000	854501	271.0	-0.592539	-0.112608
855001	856000	855501	328.0	-0.592061	0.162795
856001	857000	856501	358.0	-0.591583	0.289059
857001	858000	857501	289.0	-0.591105	-0.019831
858001	859000	858501	261.0	-0.590626	-0.166851
859001	860000	859501	304.0	-0.590148	0.053171
860001	861000	860501	222.0	-0.589670	-0.400341
861001	862000	861501	242.0	-0.589192	-0.275894
862001	863000	862501	252.0	-0.588714	-0.217477
863001	864000	863501	289.0	-0.588235	-0.019831
864001	865000	864501	350.0	-0.587757	0.256454
865001	866000	865501	322.0	-0.587279	0.136160
866001	867000	866501	292.0	-0.586801	-0.004932
867001	868000	867501	299.0	-0.586322	0.029245
868001	869000	868501	366.0	-0.585844	0.320943
869001	870000	869501	241.0	-0.585366	-0.281868
870001	871000	870501	244.0	-0.584888	-0.264020
871001	872000	871501	254.0	-0.584409	-0.206072
872001	873000	872501	283.0	-0.583931	-0.050099
873001	874000	873501	329.0	-0.583453	0.167187
874001	875000	874501	278.0	-0.582975	-0.075816
875001	876000	875501	459.0	-0.582496	0.647593
876001	877000	876501	505.0	-0.582018	0.785383
877001	878000	877501	401.0	-0.581540	0.452702
878001	879000	878501	338.0	-0.581062	0.206123
879001	880000	879501	373.0	-0.580583	0.348275
880001	881000	880501	289.0	-0.580105	-0.019831
881001	882000	881501	311.0	-0.579627	0.086014
882001	883000	882501	281.0	-0.579149	-0.060331
883001	884000	883501	251.0	-0.578670	-0.223213
884001	885000	884501	249.0	-0.578192	-0.234755
885001	886000	885501	249.0	-0.577714	-0.234755
886001	887000	886501	285.0	-0.577236	-0.039939
887001	888000	887501	275.0	-0.576758	-0.091469
888001	889000	888501	262.0	-0.576279	-0.161334
889001	890000	889501	247.0	-0.575801	-0.246390
890001	891000	890501	311.0	-0.575323	0.086014
891001	892000	891501	249.0	-0.574845	-0.234755
892001	893000	892501	284.0	-0.574366	-0.045010
893001	894000	893501	296.0	-0.573888	0.014697
894001	895000	894501	263.0	-0.573410	-0.155838
895001	896000	895501	241.0	-0.572932	-0.281868
896001	897000	896501	263.0	-0.572453	-0.155838
897001	898000	897501	281.0	-0.571975	-0.060331
898001	899000	898501	227.0	-0.571497	-0.368208
899001	900000	899501	219.0	-0.571019	-0.419970
900001	901000	900501	244.0	-0.570540	-0.264020
901001	902000	901501	240.0	-0.570062	-0.287866
902001	903000	902501	255.0	-0.569584	-0.200403
903001	904000	903501	352.0	-0.569106	0.264675
904001	905000	904501	292.0	-0.568627	-0.004932
905001	906000	905501	208.0	-0.568149	-0.494317
906001	907000	906501	253.0	-0.567671	-0.211763
907001	908000	907501	308.0	-0.567193	0.072030
908001	909000	908501	284.0	-0.566714	-0.045010
909001	910000	909501	311.0	-0.566236	0.086014
910001	911000	910501	266.0	-0.565758	-0.139474
911001	912000	911501	297.0	-0.565280	0.019562
912001	913000	912501	334.0	-0.564802	0.188947
913001	914000	913501	322.0	-0.564323	0.136160
914001	915000	914501	262.0	-0.563845	-0.161334
915001	916000	915501	205.0	-0.563367	-0.515277
916001	917000	916501	301.0	-0.562889	0.038863
917001	918000	917501	261.0	-0.562410	-0.166851
918001	919000	918501	325.0	-0.561932	0.149539
919001	920000	919501	347.0	-0.561454	0.244035
920001	921000	920501	350.0	-0.560976	0.256454
921001	922000	921501	341.0	-0.560497	0.218871
922001	923000	922501	413.0	-0.560019	0.495241
923001	924000	923501	344.0	-0.559541	0.231508
924001	925000	924501	274.0	-0.559063	-0.096725
925001	926000	925501	349.0	-0.558584	0.252326
926001	927000	926501	366.0	-0.558106	0.320943
927001	928000	927501	297.0	-0.557628	0.019562
928001	929000	928501	286.0	-0.557150	-0.034886
929001	930000	929501	279.0	-0.556671	-0.070636
930001	931000	930501	297.0	-0.556193	0.019562
931001	932000	931501	300.0	-0.555715	0.034062
932001	933000	932501	255.0	-0.555237	-0.200403
933001	934000	933501	321.0	-0.554758	0.131673
934001	935000	934501	350.0	-0.554280	0.256454
935001	936000	935501	316.0	-0.553802	0.109024
936001	937000	936501	320.0	-0.553324	0.127171
937001	938000	937501	300.0	-0.552846	0.034062
938001	939000	938501	228.0	-0.552367	-0.361867
939001	940000	939501	279.0	-0.551889	-0.070636
940001	941000	940501	214.0	-0.551411	-0.453290
941001	942000	941501	232.0	-0.550933	-0.336776
942001	943000	942501	218.0	-0.550454	-0.426573
943001	944000	943501	227.0	-0.549976	-0.368208
944001	945000	944501	248.0	-0.549498	-0.240561
945001	946000	945501	273.0	-0.549020	-0.102000
946001	947000	946501	236.0	-0.548541	-0.312114
947001	948000	947501	225.0	-0.548063	-0.380976
948001	949000	948501	219.0	-0.547585	-0.419970
949001	950000	949501	203.0	-0.547107	-0.529421
950001	951000	950501	200.0	-0.546628	-0.550901
951001	952000	951501	262.0	-0.546150	-0.161334
952001	953000	952501	314.0	-0.545672	0.099864
953001	954000	953501	394.0	-0.545194	0.427295
954001	955000	954501	371.0	-0.544715	0.340519
955001	956000	955501	320.0	-0.544237	0.127171
956001	957000	956501	329.0	-0.543759	0.167187
957001	958000	957501	300.0	-0.543281	0.034062
958001	959000	958501	240.0	-0.542802	-0.287866
959001	960000	959501	206.0	-0.542324	-0.508256
960001	961000	960501	266.0	-0.541846	-0.139474
961001	962000	961501	249.0	-0.541368	-0.234755
962001	963000	962501	265.0	-0.540890	-0.144908
963001	964000	963501	260.0	-0.540411	-0.172389
964001	965000	964501	313.0	-0.539933	0.095262
965001	966000	965501	286.0	-0.539455	-0.034886
966001	967000	966501	287.0	-0.538977	-0.029850
967001	968000	967501	288.0	-0.538498	-0.024832
968001	969000	968501	153.0	-0.538020	-0.937369
969001	970000	969501	171.0	-0.537542	-0.776904
970001	971000	970501	255.0	-0.537064	-0.200403
971001	972000	971501	306.0	-0.536585	0.062631
972001	973000	972501	314.0	-0.536107	0.099864
973001	974000	973501	326.0	-0.535629	0.153971
974001	975000	974501	324.0	-0.535151	0.145093
975001	976000	975501	386.0	-0.534672	0.397700
976001	977000	976501	433.0	-0.534194	0.563466
977001	978000	977501	404.0	-0.533716	0.463455
978001	979000	978501	355.0	-0.533238	0.276918
979001	980000	979501	367.0	-0.532759	0.324879
980001	981000	980501	292.0	-0.532281	-0.004932
981001	982000	981501	296.0	-0.531803	0.014697
982001	983000	982501	282.0	-0.531325	-0.055206
983001	984000	983501	263.0	-0.530846	-0.155838
984001	985000	984501	270.0	-0.530368	-0.117941
985001	986000	985501	345.0	-0.529890	0.235696
986001	987000	986501	289.0	-0.529412	-0.019831
987001	988000	987501	268.0	-0.528934	-0.128668
988001	989000	988501	296.0	-0.528455	0.014697
989001	990000	989501	262.0	-0.527977	-0.161334
990001	991000	990501	247.0	-0.527499	-0.246390
991001	992000	991501	320.0	-0.527021	0.127171
992001	993000	992501	302.0	-0.526542	0.043648
993001	994000	993501	343.0	-0.526064	0.227308
994001	995000	994501	286.0	-0.525586	-0.034886
995001	996000	995501	375.0	-0.525108	0.355990
996001	997000	996501	274.0	-0.524629	-0.096725
997001	998000	997501	273.0	-0.524151	-0.102000
998001	999000	998501	252.0	-0.523673	-0.217477
999001	1000000	999501	264.0	-0.523195	-0.150363
1000001	1001000	1000501	323.0	-0.522716	0.140634
1001001	1002000	1001501	276.0	-0.522238	-0.086232
1002001	1003000	1002501	252.0	-0.521760	-0.217477
1003001	1004000	1003501	381.0	-0.521282	0.378890
1004001	1005000	1004501	281.0	-0.520803	-0.060331
1005001	1006000	1005501	222.0	-0.520325	-0.400341
1006001	1007000	1006501	288.0	-0.519847	-0.024832
1007001	1008000	1007501	287.0	-0.519369	-0.029850
1008001	1009000	1008501	243.0	-0.518890	-0.269944
1009001	1010000	1009501	320.0	-0.518412	0.127171
1010001	1011000	1010501	310.0	-0.517934	0.081368
1011001	1012000	1011501	285.0	-0.517456	-0.039939
1012001	1013000	1012501	287.0	-0.516978	-0.029850
1013001	1014000	1013501	296.0	-0.516499	0.014697
1014001	1015000	1014501	292.0	-0.516021	-0.004932
1015001	1016000	1015501	280.0	-0.515543	-0.065474
1016001	1017000	1016501	235.0	-0.515065	-0.318240
1017001	1018000	1017501	281.0	-0.514586	-0.060331
1018001	1019000	1018501	212.0	-0.514108	-0.466836
1019001	1020000	1019501	287.0	-0.513630	-0.029850
1020001	1021000	1020501	290.0	-0.513152	-0.014848
1021001	1022000	1021501	245.0	-0.512673	-0.258119
1022001	1023000	1022501	213.0	-0.512195	-0.460047
1023001	1024000	1023501	240.0	-0.511717	-0.287866
1024001	1025000	1024501	281.0	-0.511239	-0.060331
1025001	1026000	1025501	219.0	-0.510760	-0.419970
1026001	1027000	1026501	274.0	-0.510282	-0.096725
1027001	1028000	1027501	284.0	-0.509804	-0.045010
1028001	1029000	1028501	363.0	-0.509326	0.309069
1029001	1030000	1029501	339.0	-0.508847	0.210385
1030001	1031000	1030501	315.0	-0.508369	0.104451
1031001	1032000	1031501	404.0	-0.507891	0.463455
1032001	1033000	1032501	447.0	-0.507413	0.609374
1033001	1034000	1033501	405.0	-0.506934	0.467021
1034001	1035000	1034501	334.0	-0.506456	0.188947
1035001	1036000	1035501	428.0	-0.505978	0.546710
1036001	1037000	1036501	324.0	-0.505500	0.145093
1037001	1038000	1037501	265.0	-0.505022	-0.144908
1038001	1039000	1038501	320.0	-0.504543	0.127171
1039001	1040000	1039501	247.0	-0.504065	-0.246390
1040001	1041000	1040501	281.0	-0.503587	-0.060331
1041001	1042000	1041501	370.0	-0.503109	0.336625
1042001	1043000	1042501	354.0	-0.502630	0.272849
1043001	1044000	1043501	245.0	-0.502152	-0.258119
1044001	1045000	1044501	288.0	-0.501674	-0.024832
1045001	1046000	1045501	229.0	-0.501196	-0.355553
1046001	1047000	1046501	267.0	-0.500717	-0.134061
1047001	1048000	1047501	274.0	-0.500239	-0.096725
1048001	1049000	1048501	217.0	-0.499761	-0.433206
1049001	1050000	1049501	289.0	-0.499283	-0.019831
1050001	1051000	1050501	289.0	-0.498804	-0.019831
1051001	1052000	1051501	300.0	-0.498326	0.034062
1052001	1053000	1052501	275.0	-0.497848	-0.091469
1053001	1054000	1053501	290.0	-0.497370	-0.014848
1054001	1055000	1054501	277.0	-0.496891	-0.081015
1055001	1056000	1055501	247.0	-0.496413	-0.246390
1056001	1057000	1056501	247.0	-0.495935	-0.246390
1057001	1058000	1057501	292.0	-0.495457	-0.004932
1058001	1059000	1058501	358.0	-0.494978	0.289059
1059001	1060000	1059501	422.0	-0.494500	0.526342
1060001	1061000	1060501	254.0	-0.494022	-0.206072
1061001	1062000	1061501	228.0	-0.493544	-0.361867
1062001	1063000	1062501	318.0	-0.493066	0.118126
1063001	1064000	1063501	356.0	-0.492587	0.280977
1064001	1065000	1064501	350.0	-0.492109	0.256454
1065001	1066000	1065501	275.0	-0.491631	-0.091469
1066001	1067000	1066501	298.0	-0.491153	0.024412
1067001	1068000	1067501	279.0	-0.490674	-0.070636
1068001	1069000	1068501	265.0	-0.490196	-0.144908
1069001	1070000	1069501	328.0	-0.489718	0.162795
1070001	1071000	1070501	290.0	-0.489240	-0.014848
1071001	1072000	1071501	344.0	-0.488761	0.231508
1072001	1073000	1072501	252.0	-0.488283	-0.217477
1073001	1074000	1073501	256.0	-0.487805	-0.194757
1074001	1075000	1074501	277.0	-0.487327	-0.081015
1075001	1076000	1075501	295.0	-0.486848	0.009814
1076001	1077000	1076501	300.0	-0.486370	0.034062
1077001	1078000	1077501	291.0	-0.485892	-0.009882
1078001	1079000	1078501	226.0	-0.485414	-0.374578
1079001	1080000	1079501	275.0	-0.484935	-0.091469
1080001	1081000	1080501	289.0	-0.484457	-0.019831
1081001	1082000	1081501	273.0	-0.483979	-0.102000
1082001	1083000	1082501	297.0	-0.483501	0.019562
1083001	1084000	1083501	248.0	-0.483022	-0.240561
1084001	1085000	1084501	332.0	-0.482544	0.180283
1085001	1086000	1085501	325.0	-0.482066	0.149539
1086001	1087000	1086501	326.0	-0.481588	0.153971
1087001	1088000	1087501	310.0	-0.481110	0.081368
1088001	1089000	1088501	397.0	-0.480631	0.438238
1089001	1090000	1089501	323.0	-0.480153	0.140634
1090001	1091000	1090501	354.0	-0.479675	0.272849
1091001	1092000	1091501	300.0	-0.479197	0.034062
1092001	1093000	1092501	294.0	-0.478718	0.004915
1093001	1094000	1093501	313.0	-0.478240	0.095262
1094001	1095000	1094501	275.0	-0.477762	-0.091469
1095001	1096000	1095501	256.0	-0.477284	-0.194757
1096001	1097000	1096501	247.0	-0.476805	-0.246390
1097001	1098000	1097501	252.0	-0.476327	-0.217477
1098001	1099000	1098501	307.0	-0.475849	0.067338
1099001	1100000	1099501	454.0	-0.475371	0.631792
1100001	1101000	1100501	433.0	-0.474892	0.563466
1101001	1102000	1101501	332.0	-0.474414	0.180283
1102001	1103000	1102501	279.0	-0.473936	-0.070636
1103001	1104000	1103501	348.0	-0.473458	0.248187
1104001	1105000	1104501	292.0	-0.472979	-0.004932
1105001	1106000	1105501	252.0	-0.472501	-0.217477
1106001	1107000	1106501	242.0	-0.472023	-0.275894
1107001	1108000	1107501	265.0	-0.471545	-0.144908
1108001	1109000	1108501	323.0	-0.471066	0.140634
1109001	1110000	1109501	238.0	-0.470588	-0.299939
1110001	1111000	1110501	213.0	-0.470110	-0.460047
1111001	1112000	1111501	283.0	-0.469632	-0.050099
1112001	1113000	1112501	233.0	-0.469154	-0.330571
1113001	1114000	1113501	364.0	-0.468675	0.313038
1114001	1115000	1114501	314.0	-0.468197	0.099864
1115001	1116000	1115501	272.0	-0.467719	-0.107294
1116001	1117000	1116501	283.0	-0.467241	-0.050099
1117001	1118000	1117501	343.0	-0.466762	0.227308
1118001	1119000	1118501	214.0	-0.466284	-0.453290
1119001	1120000	1119501	258.0	-0.465806	-0.183530
1120001	1121000	1120501	275.0	-0.465328	-0.091469
1121001	1122000	1121501	400.0	-0.464849	0.449099
1122001	1123000	1122501	342.0	-0.464371	0.223096
1123001	1124000	1123501	262.0	-0.463893	-0.161334
1124001	1125000	1124501	261.0	-0.463415	-0.166851
1125001	1126000	1125501	233.0	-0.462936	-0.330571
1126001	1127000	1126501	276.0	-0.462458	-0.086232
1127001	1128000	1127501	316.0	-0.461980	0.109024
1128001	1129000	1128501	372.0	-0.461502	0.344402
1129001	1130000	1129501	307.0	-0.461023	0.067338
1130001	1131000	1130501	297.0	-0.460545	0.019562
1131001	1132000	1131501	283.0	-0.460067	-0.050099
1132001	1133000	1132501	259.0	-0.459589	-0.177949
1133001	1134000	1133501	237.0	-0.459110	-0.306014
1134001	1135000	1134501	320.0	-0.458632	0.127171
1135001	1136000	1135501	281.0	-0.458154	-0.060331
1136001	1137000	1136501	245.0	-0.457676	-0.258119
1137001	1138000	1137501	301.0	-0.457198	0.038863
1138001	1139000	1138501	289.0	-0.456719	-0.019831
1139001	1140000	1139501	282.0	-0.456241	-0.055206
1140001	1141000	1140501	359.0	-0.455763	0.293083
1141001	1142000	1141501	252.0	-0.455285	-0.217477
1142001	1143000	1142501	220.0	-0.454806	-0.413397
1143001	1144000	1143501	266.0	-0.454328	-0.139474
1144001	1145000	1144501	272.0	-0.453850	-0.107294
1145001	1146000	1145501	289.0	-0.453372	-0.019831
1146001	1147000	1146501	274.0	-0.452893	-0.096725
1147001	1148000	1147501	304.0	-0.452415	0.053171
1148001	1149000	1148501	290.0	-0.451937	-0.014848
1149001	1150000	1149501	292.0	-0.451459	-0.004932
1150001	1151000	1150501	221.0	-0.450980	-0.406854
1151001	1152000	1151501	180.0	-0.450502	-0.702904
1152001	1153000	1152501	230.0	-0.450024	-0.349267
1153001	1154000	1153501	342.0	-0.449546	0.223096
1154001	1155000	1154501	245.0	-0.449067	-0.258119
1155001	1156000	1155501	301.0	-0.448589	0.038863
1156001	1157000	1156501	334.0	-0.448111	0.188947
1157001	1158000	1157501	234.0	-0.447633	-0.324392
1158001	1159000	1158501	271.0	-0.447154	-0.112608
1159001	1160000	1159501	273.0	-0.446676	-0.102000
1160001	1161000	1160501	278.0	-0.446198	-0.075816
1161001	1162000	1161501	318.0	-0.445720	0.118126
1162001	1163000	1162501	320.0	-0.445242	0.127171
1163001	1164000	1163501	369.0	-0.444763	0.332720
1164001	1165000	1164501	395.0	-0.444285	0.430952
1165001	1166000	1165501	305.0	-0.443807	0.057909
1166001	1167000	1166501	282.0	-0.443329	-0.055206
1167001	1168000	1167501	312.0	-0.442850	0.090645
1168001	1169000	1168501	291.0	-0.442372	-0.009882
1169001	1170000	1169501	271.0	-0.441894	-0.112608
1170001	1171000	1170501	233.0	-0.441416	-0.330571
1171001	1172000	1171501	201.0	-0.440937	-0.543705
1172001	1173000	1172501	338.0	-0.440459	0.206123
1173001	1174000	1173501	280.0	-0.439981	-0.065474
1174001	1175000	1174501	301.0	-0.439503	0.038863
1175001	1176000	1175501	276.0	-0.439024	-0.086232
1176001	1177000	1176501	313.0	-0.438546	0.095262
1177001	1178000	1177501	291.0	-0.438068	-0.009882
1178001	1179000	1178501	299.0	-0.437590	0.029245
1179001	1180000	1179501	276.0	-0.437111	-0.086232
1180001	1181000	1180501	292.0	-0.436633	-0.004932
1181001	1182000	1181501	347.0	-0.436155	0.244035
1182001	1183000	1182501	289.0	-0.435677	-0.019831
1183001	1184000	1183501	264.0	-0.435198	-0.150363
1184001	1185000	1184501	299.0	-0.434720	0.029245
1185001	1186000	1185501	260.0	-0.434242	-0.172389
1186001	1187000	1186501	248.0	-0.433764	-0.240561
1187001	1188000	1187501	293.0	-0.433286	0.000000
1188001	1189000	1188501	237.0	-0.432807	-0.306014
1189001	1190000	1189501	310.0	-0.432329	0.081368
1190001	1191000	1190501	275.0	-0.431851	-0.091469
1191001	1192000	1191501	237.0	-0.431373	-0.306014
1192001	1193000	1192501	230.0	-0.430894	-0.349267
1193001	1194000	1193501	232.0	-0.430416	-0.336776
1194001	1195000	1194501	229.0	-0.429938	-0.355553
1195001	1196000	1195501	246.0	-0.429460	-0.252242
1196001	1197000	1196501	233.0	-0.428981	-0.330571
1197001	1198000	1197501	265.0	-0.428503	-0.144908
1198001	1199000	1198501	301.0	-0.428025	0.038863
1199001	1200000	1199501	326.0	-0.427547	0.153971
1200001	1201000	1200501	353.0	-0.427068	0.268768
1201001	1202000	1201501	517.0	-0.426590	0.819264
1202001	1203000	1202501	399.0	-0.426112	0.445488
1203001	1204000	1203501	256.0	-0.425634	-0.194757
1204001	1205000	1204501	343.0	-0.425155	0.227308
1205001	1206000	1205501	308.0	-0.424677	0.072030
1206001	1207000	1206501	255.0	-0.424199	-0.200403
1207001	1208000	1207501	357.0	-0.423721	0.285023
1208001	1209000	1208501	292.0	-0.423242	-0.004932
1209001	1210000	1209501	266.0	-0.422764	-0.139474
1210001	1211000	1210501	264.0	-0.422286	-0.150363
1211001	1212000	1211501	301.0	-0.421808	0.038863
1212001	1213000	1212501	356.0	-0.421330	0.280977
1213001	1214000	1213501	300.0	-0.420851	0.034062
1214001	1215000	1214501	254.0	-0.420373	-0.206072
1215001	1216000	1215501	302.0	-0.419895	0.043648
1216001	1217000	1216501	312.0	-0.419417	0.090645
1217001	1218000	1217501	338.0	-0.418938	0.206123
1218001	1219000	1218501	306.0	-0.418460	0.062631
1219001	1220000	1219501	327.0	-0.417982	0.158390
1220001	1221000	1220501	275.0	-0.417504	-0.091469
1221001	1222000	1221501	324.0	-0.417025	0.145093
1222001	1223000	1222501	278.0	-0.416547	-0.075816
1223001	1224000	1223501	264.0	-0.416069	-0.150363
1224001	1225000	1224501	303.0	-0.415591	0.048417
1225001	1226000	1225501	353.0	-0.415112	0.268768
1226001	1227000	1226501	235.0	-0.414634	-0.318240
1227001	1228000	1227501	280.0	-0.414156	-0.065474
1228001	1229000	1228501	247.0	-0.413678	-0.246390
1229001	1230000	1229501	383.0	-0.413199	0.386444
1230001	1231000	1230501	315.0	-0.412721	0.104451
1231001	1232000	1231501	255.0	-0.412243	-0.200403
1232001	1233000	1232501	250.0	-0.411765	-0.228973
1233001	1234000	1233501	261.0	-0.411286	-0.166851
1234001	1235000	1234501	311.0	-0.410808	0.086014
1235001	1236000	1235501	267.0	-0.410330	-0.134061
1236001	1237000	1236501	219.0	-0.409852	-0.419970
1237001	1238000	1237501	326.0	-0.409374	0.153971
1238001	1239000	1238501	335.0	-0.408895	0.193260
1239001	1240000	1239501	264.0	-0.408417	-0.150363
1240001	1241000	1240501	322.0	-0.407939	0.136160
1241001	1242000	1241501	238.0	-0.407461	-0.299939
1242001	1243000	1242501	253.0	-0.406982	-0.211763
1243001	1244000	1243501	255.0	-0.406504	-0.200403
1244001	1245000	1244501	312.0	-0.406026	0.090645
1245001	1246000	1245501	287.0	-0.405548	-0.029850
1246001	1247000	1246501	334.0	-0.405069	0.188947
1247001	1248000	1247501	256.0	-0.404591	-0.194757
1248001	1249000	1248501	370.0	-0.404113	0.336625
1249001	1250000	1249501	216.0	-0.403635	-0.439869
1250001	1251000	1250501	205.0	-0.403156	-0.515277
1251001	1252000	1251501	235.0	-0.402678	-0.318240
1252001	1253000	1252501	303.0	-0.402200	0.048417
1253001	1254000	1253501	291.0	-0.401722	-0.009882
1254001	1255000	1254501	334.0	-0.401243	0.188947
1255001	1256000	1255501	274.0	-0.400765	-0.096725
1256001	1257000	1256501	253.0	-0.400287	-0.211763
1257001	1258000	1257501	276.0	-0.399809	-0.086232
1258001	1259000	1258501	358.0	-0.399330	0.289059
1259001	1260000	1259501	219.0	-0.398852	-0.419970
1260001	1261000	1260501	294.0	-0.398374	0.004915
1261001	1262000	1261501	322.0	-0.397896	0.136160
1262001	1263000	1262501	302.0	-0.397418	0.043648
1263001	1264000	1263501	291.0	-0.396939	-0.009882
1264001	1265000	1264501	271.0	-0.396461	-0.112608
1265001	1266000	1265501	287.0	-0.395983	-0.029850
1266001	1267000	1266501	315.0	-0.395505	0.104451
1267001	1268000	1267501	295.0	-0.395026	0.009814
1268001	1269000	1268501	283.0	-0.394548	-0.050099
1269001	1270000	1269501	220.0	-0.394070	-0.413397
1270001	1271000	1270501	221.0	-0.393592	-0.406854
1271001	1272000	1271501	260.0	-0.393113	-0.172389
1272001	1273000	1272501	234.0	-0.392635	-0.324392
1273001	1274000	1273501	317.0	-0.392157	0.113582
1274001	1275000	1274501	258.0	-0.391679	-0.183530
1275001	1276000	1275501	264.0	-0.391200	-0.150363
1276001	1277000	1276501	336.0	-0.390722	0.197561
1277001	1278000	1277501	282.0	-0.390244	-0.055206
1278001	1279000	1278501	321.0	-0.389766	0.131673
1279001	1280000	1279501	272.0	-0.389287	-0.107294
1280001	1281000	1280501	265.0	-0.388809	-0.144908
1281001	1282000	1281501	280.0	-0.388331	-0.065474
1282001	1283000	1282501	250.0	-0.387853	-0.228973
1283001	1284000	1283501	286.0	-0.387374	-0.034886
1284001	1285000	1284501	263.0	-0.386896	-0.155838
1285001	1286000	1285501	285.0	-0.386418	-0.039939
1286001	1287000	1286501	301.0	-0.385940	0.038863
1287001	1288000	1287501	237.0	-0.385462	-0.306014
1288001	1289000	1288501	265.0	-0.384983	-0.144908
1289001	1290000	1289501	295.0	-0.384505	0.009814
1290001	1291000	1290501	254.0	-0.384027	-0.206072
1291001	1292000	1291501	279.0	-0.383549	-0.070636
1292001	1293000	1292501	305.0	-0.383070	0.057909
1293001	1294000	1293501	300.0	-0.382592	0.034062
1294001	1295000	1294501	271.0	-0.382114	-0.112608
1295001	1296000	1295501	333.0	-0.381636	0.184622
1296001	1297000	1296501	292.0	-0.381157	-0.004932
1297001	1298000	1297501	278.0	-0.380679	-0.075816
1298001	1299000	1298501	309.0	-0.380201	0.076706
1299001	1300000	1299501	270.0	-0.379723	-0.117941
1300001	1301000	1300501	244.0	-0.379244	-0.264020
1301001	1302000	1301501	278.0	-0.378766	-0.075816
1302001	1303000	1302501	324.0	-0.378288	0.145093
1303001	1304000	1303501	329.0	-0.377810	0.167187
1304001	1305000	1304501	279.0	-0.377331	-0.070636
1305001	1306000	1305501	264.0	-0.376853	-0.150363
1306001	1307000	1306501	260.0	-0.376375	-0.172389
1307001	1308000	1307501	288.0	-0.375897	-0.024832
1308001	1309000	1308501	335.0	-0.375418	0.193260
1309001	1310000	1309501	299.0	-0.374940	0.029245
1310001	1311000	1310501	249.0	-0.374462	-0.234755
1311001	1312000	1311501	290.0	-0.373984	-0.014848
1312001	1313000	1312501	266.0	-0.373505	-0.139474
1313001	1314000	1313501	259.0	-0.373027	-0.177949
1314001	1315000	1314501	315.0	-0.372549	0.104451
1315001	1316000	1315501	286.0	-0.372071	-0.034886
1316001	1317000	1316501	261.0	-0.371593	-0.166851
1317001	1318000	1317501	517.0	-0.371114	0.819264
1318001	1319000	1318501	497.0	-0.370636	0.762345
1319001	1320000	1319501	346.0	-0.370158	0.239871
1320001	1321000	1320501	324.0	-0.369680	0.145093
1321001	1322000	1321501	266.0	-0.369201	-0.139474
1322001	1323000	1322501	276.0	-0.368723	-0.086232
1323001	1324000	1323501	273.0	-0.368245	-0.102000
1324001	1325000	1324501	264.0	-0.367767	-0.150363
1325001	1326000	1325501	238.0	-0.367288	-0.299939
1326001	1327000	1326501	270.0	-0.366810	-0.117941
1327001	1328000	1327501	265.0	-0.366332	-0.144908
1328001	1329000	1328501	251.0	-0.365854	-0.223213
1329001	1330000	1329501	316.0	-0.365375	0.109024
1330001	1331000	1330501	367.0	-0.364897	0.324879
1331001	1332000	1331501	321.0	-0.364419	0.131673
1332001	1333000	1332501	486.0	-0.363941	0.730056
1333001	1334000	1333501	517.0	-0.363462	0.819264
1334001	1335000	1334501	391.0	-0.362984	0.416268
1335001	1336000	1335501	521.0	-0.362506	0.830383
1336001	1337000	1336501	444.0	-0.362028	0.599659
1337001	1338000	1337501	423.0	-0.361549	0.529757
1338001	1339000	1338501	524.0	-0.361071	0.838666
1339001	1340000	1339501	412.0	-0.360593	0.491744
1340001	1341000	1340501	340.0	-0.360115	0.214634
1341001	1342000	1341501	314.0	-0.359637	0.099864
1342001	1343000	1342501	296.0	-0.359158	0.014697
1343001	1344000	1343501	272.0	-0.358680	-0.107294
1344001	1345000	1344501	264.0	-0.358202	-0.150363
1345001	1346000	1345501	234.0	-0.357724	-0.324392
1346001	1347000	1346501	291.0	-0.357245	-0.009882
1347001	1348000	1347501	256.0	-0.356767	-0.194757
1348001	1349000	1348501	222.0	-0.356289	-0.400341
1349001	1350000	1349501	288.0	-0.355811	-0.024832
1350001	1351000	1350501	305.0	-0.355332	0.057909
1351001	1352000	1351501	291.0	-0.354854	-0.009882
1352001	1353000	1352501	344.0	-0.354376	0.231508
1353001	1354000	1353501	233.0	-0.353898	-0.330571
1354001	1355000	1354501	243.0	-0.353419	-0.269944
1355001	1356000	1355501	239.0	-0.352941	-0.293890
1356001	1357000	1356501	278.0	-0.352463	-0.075816
1357001	1358000	1357501	314.0	-0.351985	0.099864
1358001	1359000	1358501	331.0	-0.351506	0.175931
1359001	1360000	1359501	517.0	-0.351028	0.819264
1360001	1361000	1360501	380.0	-0.350550	0.375099
1361001	1362000	1361501	435.0	-0.350072	0.570115
1362001	1363000	1362501	399.0	-0.349593	0.445488
1363001	1364000	1363501	332.0	-0.349115	0.180283
1364001	1365000	1364501	360.0	-0.348637	0.297096
1365001	1366000	1365501	374.0	-0.348159	0.352138
1366001	1367000	1366501	344.0	-0.347681	0.231508
1367001	1368000	1367501	285.0	-0.347202	-0.039939
1368001	1369000	1368501	301.0	-0.346724	0.038863
1369001	1370000	1369501	272.0	-0.346246	-0.107294
1370001	1371000	1370501	300.0	-0.345768	0.034062
1371001	1372000	1371501	240.0	-0.345289	-0.287866
1372001	1373000	1372501	229.0	-0.344811	-0.355553
1373001	1374000	1373501	277.0	-0.344333	-0.081015
1374001	1375000	1374501	404.0	-0.343855	0.463455
1375001	1376000	1375501	309.0	-0.343376	0.076706
1376001	1377000	1376501	338.0	-0.342898	0.206123
1377001	1378000	1377501	350.0	-0.342420	0.256454
1378001	1379000	1378501	386.0	-0.341942	0.397700
1379001	1380000	1379501	335.0	-0.341463	0.193260
1380001	1381000	1380501	321.0	-0.340985	0.131673
1381001	1382000	1381501	293.0	-0.340507	0.000000
1382001	1383000	1382501	391.0	-0.340029	0.416268
1383001	1384000	1383501	385.0	-0.339550	0.393958
1384001	1385000	1384501	303.0	-0.339072	0.048417
1385001	1386000	1385501	288.0	-0.338594	-0.024832
1386001	1387000	1386501	284.0	-0.338116	-0.045010
1387001	1388000	1387501	287.0	-0.337637	-0.029850
1388001	1389000	1388501	272.0	-0.337159	-0.107294
1389001	1390000	1389501	314.0	-0.336681	0.099864
1390001	1391000	1390501	288.0	-0.336203	-0.024832
1391001	1392000	1391501	362.0	-0.335725	0.305089
1392001	1393000	1392501	364.0	-0.335246	0.313038
1393001	1394000	1393501	418.0	-0.334768	0.512602
1394001	1395000	1394501	440.0	-0.334290	0.586603
1395001	1396000	1395501	374.0	-0.333812	0.352138
1396001	1397000	1396501	326.0	-0.333333	0.153971
1397001	1398000	1397501	278.0	-0.332855	-0.075816
1398001	1399000	1398501	365.0	-0.332377	0.316996
1399001	1400000	1399501	298.0	-0.331899	0.024412
1400001	1401000	1400501	272.0	-0.331420	-0.107294
1401001	1402000	1401501	313.0	-0.330942	0.095262
1402001	1403000	1402501	424.0	-0.330464	0.533164
1403001	1404000	1403501	449.0	-0.329986	0.615815
1404001	1405000	1404501	367.0	-0.329507	0.324879
1405001	1406000	1405501	307.0	-0.329029	0.067338
1406001	1407000	1406501	228.0	-0.328551	-0.361867
1407001	1408000	1407501	290.0	-0.328073	-0.014848
1408001	1409000	1408501	336.0	-0.327594	0.197561
1409001	1410000	1409501	276.0	-0.327116	-0.086232
1410001	1411000	1410501	330.0	-0.326638	0.171565
1411001	1412000	1411501	351.0	-0.326160	0.260570
1412001	1413000	1412501	309.0	-0.325681	0.076706
1413001	1414000	1413501	318.0	-0.325203	0.118126
1414001	1415000	1414501	342.0	-0.324725	0.223096
1415001	1416000	1415501	264.0	-0.324247	-0.150363
1416001	1417000	1416501	332.0	-0.323769	0.180283
1417001	1418000	1417501	301.0	-0.323290	0.038863
1418001	1419000	1418501	290.0	-0.322812	-0.014848
1419001	1420000	1419501	302.0	-0.322334	0.043648
1420001	1421000	1420501	274.0	-0.321856	-0.096725
1421001	1422000	1421501	294.0	-0.321377	0.004915
1422001	1423000	1422501	262.0	-0.320899	-0.161334
1423001	1424000	1423501	272.0	-0.320421	-0.107294
1424001	1425000	1424501	344.0	-0.319943	0.231508
1425001	1426000	1425501	347.0	-0.319464	0.244035
1426001	1427000	1426501	281.0	-0.318986	-0.060331
1427001	1428000	1427501	195.0	-0.318508	-0.587427
1428001	1429000	1428501	264.0	-0.318030	-0.150363
1429001	1430000	1429501	236.0	-0.317551	-0.312114
1430001	1431000	1430501	244.0	-0.317073	-0.264020
1431001	1432000	1431501	236.0	-0.316595	-0.312114
1432001	1433000	1432501	269.0	-0.316117	-0.123294
1433001	1434000	1433501	261.0	-0.315638	-0.166851
1434001	1435000	1434501	300.0	-0.315160	0.034062
1435001	1436000	1435501	293.0	-0.314682	0.000000
1436001	1437000	1436501	347.0	-0.314204	0.244035
1437001	1438000	1437501	334.0	-0.313725	0.188947
1438001	1439000	1438501	246.0	-0.313247	-0.252242
1439001	1440000	1439501	260.0	-0.312769	-0.172389
1440001	1441000	1440501	392.0	-0.312291	0.419953
1441001	1442000	1441501	263.0	-0.311813	-0.155838
1442001	1443000	1442501	347.0	-0.311334	0.244035
1443001	1444000	1443501	354.0	-0.310856	0.272849
1444001	1445000	1444501	324.0	-0.310378	0.145093
1445001	1446000	1445501	273.0	-0.309900	-0.102000
1446001	1447000	1446501	276.0	-0.309421	-0.086232
1447001	1448000	1447501	331.0	-0.308943	0.175931
1448001	1449000	1448501	282.0	-0.308465	-0.055206
1449001	1450000	1449501	272.0	-0.307987	-0.107294
1450001	1451000	1450501	253.0	-0.307508	-0.211763
1451001	1452000	1451501	309.0	-0.307030	0.076706
1452001	1453000	1452501	289.0	-0.306552	-0.019831
1453001	1454000	1453501	278.0	-0.306074	-0.075816
1454001	1455000	1454501	252.0	-0.305595	-0.217477
1455001	1456000	1455501	272.0	-0.305117	-0.107294
1456001	1457000	1456501	356.0	-0.304639	0.280977
1457001	1458000	1457501	274.0	-0.304161	-0.096725
1458001	1459000	1458501	253.0	-0.303682	-0.211763
1459001	1460000	1459501	360.0	-0.303204	0.297096
1460001	1461000	1460501	331.0	-0.302726	0.175931
1461001	1462000	1461501	317.0	-0.302248	0.113582
1462001	1463000	1462501	339.0	-0.301769	0.210385
1463001	1464000	1463501	352.0	-0.301291	0.264675
1464001	1465000	1464501	345.0	-0.300813	0.235696
1465001	1466000	1465501	402.0	-0.300335	0.456295
1466001	1467000	1466501	313.0	-0.299857	0.095262
1467001	1468000	1467501	404.0	-0.299378	0.463455
1468001	1469000	1468501	432.0	-0.298900	0.560131
1469001	1470000	1469501	308.0	-0.298422	0.072030
1470001	1471000	1470501	300.0	-0.297944	0.034062
1471001	1472000	1471501	274.0	-0.297465	-0.096725
1472001	1473000	1472501	229.0	-0.296987	-0.355553
1473001	1474000	1473501	271.0	-0.296509	-0.112608
1474001	1475000	1474501	349.0	-0.296031	0.252326
1475001	1476000	1475501	362.0	-0.295552	0.305089
1476001	1477000	1476501	291.0	-0.295074	-0.009882
1477001	1478000	1477501	273.0	-0.294596	-0.102000
1478001	1479000	1478501	318.0	-0.294118	0.118126
1479001	1480000	1479501	425.0	-0.293639	0.536562
1480001	1481000	1480501	360.0	-0.293161	0.297096
1481001	1482000	1481501	309.0	-0.292683	0.076706
1482001	1483000	1482501	293.0	-0.292205	0.000000
1483001	1484000	1483501	280.0	-0.291726	-0.065474
1484001	1485000	1484501	291.0	-0.291248	-0.009882
1485001	1486000	1485501	232.0	-0.290770	-0.336776
1486001	1487000	1486501	318.0	-0.290292	0.118126
1487001	1488000	1487501	253.0	-0.289813	-0.211763
1488001	1489000	1488501	246.0	-0.289335	-0.252242
1489001	1490000	1489501	203.0	-0.288857	-0.529421
1490001	1491000	1490501	271.0	-0.288379	-0.112608
1491001	1492000	1491501	211.0	-0.287901	-0.473658
1492001	1493000	1492501	210.0	-0.287422	-0.480511
1493001	1494000	1493501	235.0	-0.286944	-0.318240
1494001	1495000	1494501	258.0	-0.286466	-0.183530
1495001	1496000	1495501	241.0	-0.285988	-0.281868
1496001	1497000	1496501	227.0	-0.285509	-0.368208
1497001	1498000	1497501	281.0	-0.285031	-0.060331
1498001	1499000	1498501	311.0	-0.284553	0.086014
1499001	1500000	1499501	251.0	-0.284075	-0.223213
1500001	1501000	1500501	349.0	-0.283596	0.252326
1501001	1502000	1501501	340.0	-0.283118	0.214634
1502001	1503000	1502501	296.0	-0.282640	0.014697
1503001	1504000	1503501	316.0	-0.282162	0.109024
1504001	1505000	1504501	277.0	-0.281683	-0.081015
1505001	1506000	1505501	307.0	-0.281205	0.067338
1506001	1507000	1506501	261.0	-0.280727	-0.166851
1507001	1508000	1507501	305.0	-0.280249	0.057909
1508001	1509000	1508501	287.0	-0.279770	-0.029850
1509001	1510000	1509501	345.0	-0.279292	0.235696
1510001	1511000	1510501	325.0	-0.278814	0.149539
1511001	1512000	1511501	311.0	-0.278336	0.086014
1512001	1513000	1512501	235.0	-0.277857	-0.318240
1513001	1514000	1513501	263.0	-0.277379	-0.155838
1514001	1515000	1514501	298.0	-0.276901	0.024412
1515001	1516000	1515501	304.0	-0.276423	0.053171
1516001	1517000	1516501	334.0	-0.275945	0.188947
1517001	1518000	1517501	267.0	-0.275466	-0.134061
1518001	1519000	1518501	256.0	-0.274988	-0.194757
1519001	1520000	1519501	247.0	-0.274510	-0.246390
1520001	1521000	1520501	249.0	-0.274032	-0.234755
1521001	1522000	1521501	319.0	-0.273553	0.122656
1522001	1523000	1522501	242.0	-0.273075	-0.275894
1523001	1524000	1523501	227.0	-0.272597	-0.368208
1524001	1525000	1524501	281.0	-0.272119	-0.060331
1525001	1526000	1525501	248.0	-0.271640	-0.240561
1526001	1527000	1526501	264.0	-0.271162	-0.150363
1527001	1528000	1527501	274.0	-0.270684	-0.096725
1528001	1529000	1528501	342.0	-0.270206	0.223096
1529001	1530000	1529501	298.0	-0.269727	0.024412
1530001	1531000	1530501	313.0	-0.269249	0.095262
1531001	1532000	1531501	300.0	-0.268771	0.034062
1532001	1533000	1532501	292.0	-0.268293	-0.004932
1533001	1534000	1533501	328.0	-0.267814	0.162795
1534001	1535000	1534501	334.0	-0.267336	0.188947
1535001	1536000	1535501	281.0	-0.266858	-0.060331
1536001	1537000	1536501	304.0	-0.266380	0.053171
1537001	1538000	1537501	307.0	-0.265901	0.067338
1538001	1539000	1538501	247.0	-0.265423	-0.246390
1539001	1540000	1539501	227.0	-0.264945	-0.368208
1540001	1541000	1540501	248.0	-0.264467	-0.240561
1541001	1542000	1541501	419.0	-0.263989	0.516050
1542001	1543000	1542501	436.0	-0.263510	0.573427
1543001	1544000	1543501	336.0	-0.263032	0.197561
1544001	1545000	1544501	317.0	-0.262554	0.113582
1545001	1546000	1545501	310.0	-0.262076	0.081368
1546001	1547000	1546501	292.0	-0.261597	-0.004932
1547001	1548000	1547501	309.0	-0.261119	0.076706
1548001	1549000	1548501	313.0	-0.260641	0.095262
1549001	1550000	1549501	330.0	-0.260163	0.171565
1550001	1551000	1550501	249.0	-0.259684	-0.234755
1551001	1552000	1551501	236.0	-0.259206	-0.312114
1552001	1553000	1552501	219.0	-0.258728	-0.419970
1553001	1554000	1553501	251.0	-0.258250	-0.223213
1554001	1555000	1554501	285.0	-0.257771	-0.039939
1555001	1556000	1555501	269.0	-0.257293	-0.123294
1556001	1557000	1556501	317.0	-0.256815	0.113582
1557001	1558000	1557501	358.0	-0.256337	0.289059
1558001	1559000	1558501	394.0	-0.255858	0.427295
1559001	1560000	1559501	300.0	-0.255380	0.034062
1560001	1561000	1560501	297.0	-0.254902	0.019562
1561001	1562000	1561501	304.0	-0.254424	0.053171
1562001	1563000	1562501	313.0	-0.253945	0.095262
1563001	1564000	1563501	259.0	-0.253467	-0.177949
1564001	1565000	1564501	308.0	-0.252989	0.072030
1565001	1566000	1565501	315.0	-0.252511	0.104451
1566001	1567000	1566501	351.0	-0.252033	0.260570
1567001	1568000	1567501	356.0	-0.251554	0.280977
1568001	1569000	1568501	273.0	-0.251076	-0.102000
1569001	1570000	1569501	281.0	-0.250598	-0.060331
1570001	1571000	1570501	285.0	-0.250120	-0.039939
1571001	1572000	1571501	356.0	-0.249641	0.280977
1572001	1573000	1572501	256.0	-0.249163	-0.194757
1573001	1574000	1573501	294.0	-0.248685	0.004915
1574001	1575000	1574501	276.0	-0.248207	-0.086232
1575001	1576000	1575501	333.0	-0.247728	0.184622
1576001	1577000	1576501	298.0	-0.247250	0.024412
1577001	1578000	1577501	322.0	-0.246772	0.136160
1578001	1579000	1578501	302.0	-0.246294	0.043648
1579001	1580000	1579501	269.0	-0.245815	-0.123294
1580001	1581000	1580501	321.0	-0.245337	0.131673
1581001	1582000	1581501	272.0	-0.244859	-0.107294
1582001	1583000	1582501	226.0	-0.244381	-0.374578
1583001	1584000	1583501	215.0	-0.243902	-0.446564
1584001	1585000	1584501	239.0	-0.243424	-0.293890
1585001	1586000	1585501	279.0	-0.242946	-0.070636
1586001	1587000	1586501	302.0	-0.242468	0.043648
1587001	1588000	1587501	316.0	-0.241989	0.109024
1588001	1589000	1588501	339.0	-0.241511	0.210385
1589001	1590000	1589501	391.0	-0.241033	0.416268
1590001	1591000	1590501	301.0	-0.240555	0.038863
1591001	1592000	1591501	383.0	-0.240077	0.386444
1592001	1593000	1592501	405.0	-0.239598	0.467021
1593001	1594000	1593501	291.0	-0.239120	-0.009882
1594001	1595000	1594501	234.0	-0.238642	-0.324392
1595001	1596000	1595501	374.0	-0.238164	0.352138
1596001	1597000	1596501	312.0	-0.237685	0.090645
1597001	1598000	1597501	362.0	-0.237207	0.305089
1598001	1599000	1598501	382.0	-0.236729	0.382672
1599001	1600000	1599501	345.0	-0.236251	0.235696
1600001	1601000	1600501	375.0	-0.235772	0.355990
1601001	1602000	1601501	339.0	-0.235294	0.210385
1602001	1603000	1602501	308.0	-0.234816	0.072030
1603001	1604000	1603501	296.0	-0.234338	0.014697
1604001	1605000	1604501	317.0	-0.233859	0.113582
1605001	1606000	1605501	271.0	-0.233381	-0.112608
1606001	1607000	1606501	291.0	-0.232903	-0.009882
1607001	1608000	1607501	282.0	-0.232425	-0.055206
1608001	1609000	1608501	241.0	-0.231946	-0.281868
1609001	1610000	1609501	233.0	-0.231468	-0.330571
1610001	1611000	1610501	269.0	-0.230990	-0.123294
1611001	1612000	1611501	307.0	-0.230512	0.067338
1612001	1613000	1612501	250.0	-0.230033	-0.228973
1613001	1614000	1613501	344.0	-0.229555	0.231508
1614001	1615000	1614501	437.0	-0.229077	0.576733
1615001	1616000	1615501	326.0	-0.228599	0.153971
1616001	1617000	1616501	292.0	-0.228121	-0.004932
1617001	1618000	1617501	298.0	-0.227642	0.024412
1618001	1619000	1618501	244.0	-0.227164	-0.264020
1619001	1620000	1619501	309.0	-0.226686	0.076706
1620001	1621000	1620501	244.0	-0.226208	-0.264020
1621001	1622000	1621501	240.0	-0.225729	-0.287866
1622001	1623000	1622501	273.0	-0.225251	-0.102000
1623001	1624000	1623501	293.0	-0.224773	0.000000
1624001	1625000	1624501	266.0	-0.224295	-0.139474
1625001	1626000	1625501	242.0	-0.223816	-0.275894
1626001	1627000	1626501	281.0	-0.223338	-0.060331
1627001	1628000	1627501	297.0	-0.222860	0.019562
1628001	1629000	1628501	266.0	-0.222382	-0.139474
1629001	1630000	1629501	292.0	-0.221903	-0.004932
1630001	1631000	1630501	284.0	-0.221425	-0.045010
1631001	1632000	1631501	384.0	-0.220947	0.390206
1632001	1633000	1632501	327.0	-0.220469	0.158390
1633001	1634000	1633501	278.0	-0.219990	-0.075816
1634001	1635000	1634501	242.0	-0.219512	-0.275894
1635001	1636000	1635501	386.0	-0.219034	0.397700
1636001	1637000	1636501	407.0	-0.218556	0.474128
1637001	1638000	1637501	287.0	-0.218077	-0.029850
1638001	1639000	1638501	305.0	-0.217599	0.057909
1639001	1640000	1639501	336.0	-0.217121	0.197561
1640001	1641000	1640501	255.0	-0.216643	-0.200403
1641001	1642000	1641501	264.0	-0.216165	-0.150363
1642001	1643000	1642501	260.0	-0.215686	-0.172389
1643001	1644000	1643501	228.0	-0.215208	-0.361867
1644001	1645000	1644501	248.0	-0.214730	-0.240561
1645001	1646000	1645501	281.0	-0.214252	-0.060331
1646001	1647000	1646501	345.0	-0.213773	0.235696
1647001	1648000	1647501	250.0	-0.213295	-0.228973
1648001	1649000	1648501	231.0	-0.212817	-0.343008
1649001	1650000	1649501	329.0	-0.212339	0.167187
1650001	1651000	1650501	379.0	-0.211860	0.371297
1651001	1652000	1651501	358.0	-0.211382	0.289059
1652001	1653000	1652501	424.0	-0.210904	0.533164
1653001	1654000	1653501	391.0	-0.210426	0.416268
1654001	1655000	1654501	283.0	-0.209947	-0.050099
1655001	1656000	1655501	282.0	-0.209469	-0.055206
1656001	1657000	1656501	250.0	-0.208991	-0.228973
1657001	1658000	1657501	271.0	-0.208513	-0.112608
1658001	1659000	1658501	238.0	-0.208034	-0.299939
1659001	1660000	1659501	344.0	-0.207556	0.231508
1660001	1661000	1660501	252.0	-0.207078	-0.217477
1661001	1662000	1661501	305.0	-0.206600	0.057909
1662001	1663000	1662501	301.0	-0.206121	0.038863
1663001	1664000	1663501	283.0	-0.205643	-0.050099
1664001	1665000	1664501	289.0	-0.205165	-0.019831
1665001	1666000	1665501	245.0	-0.204687	-0.258119
1666001	1667000	1666501	358.0	-0.204209	0.289059
1667001	1668000	1667501	286.0	-0.203730	-0.034886
1668001	1669000	1668501	285.0	-0.203252	-0.039939
1669001	1670000	1669501	283.0	-0.202774	-0.050099
1670001	1671000	1670501	309.0	-0.202296	0.076706
1671001	1672000	1671501	316.0	-0.201817	0.109024
1672001	1673000	1672501	258.0	-0.201339	-0.183530
1673001	1674000	1673501	259.0	-0.200861	-0.177949
1674001	1675000	1674501	236.0	-0.200383	-0.312114
1675001	1676000	1675501	284.0	-0.199904	-0.045010
1676001	1677000	1676501	260.0	-0.199426	-0.172389
1677001	1678000	1677501	295.0	-0.198948	0.009814
1678001	1679000	1678501	228.0	-0.198470	-0.361867
1679001	1680000	1679501	215.0	-0.197991	-0.446564
1680001	1681000	1680501	218.0	-0.197513	-0.426573
1681001	1682000	1681501	248.0	-0.197035	-0.240561
1682001	1683000	1682501	318.0	-0.196557	0.118126
1683001	1684000	1683501	309.0	-0.196078	0.076706
1684001	1685000	1684501	478.0	-0.195600	0.706110
1685001	1686000	1685501	410.0	-0.195122	0.484723
1686001	1687000	1686501	378.0	-0.194644	0.367486
1687001	1688000	1687501	332.0	-0.194165	0.180283
1688001	1689000	1688501	383.0	-0.193687	0.386444
1689001	1690000	1689501	448.0	-0.193209	0.612598
1690001	1691000	1690501	300.0	-0.192731	0.034062
1691001	1692000	1691501	341.0	-0.192253	0.218871
1692001	1693000	1692501	315.0	-0.191774	0.104451
1693001	1694000	1693501	283.0	-0.191296	-0.050099
1694001	1695000	1694501	252.0	-0.190818	-0.217477
1695001	1696000	1695501	287.0	-0.190340	-0.029850
1696001	1697000	1696501	303.0	-0.189861	0.048417
1697001	1698000	1697501	269.0	-0.189383	-0.123294
1698001	1699000	1698501	264.0	-0.188905	-0.150363
1699001	1700000	1699501	361.0	-0.188427	0.301098
1700001	1701000	1700501	336.0	-0.187948	0.197561
1701001	1702000	1701501	245.0	-0.187470	-0.258119
1702001	1703000	1702501	316.0	-0.186992	0.109024
1703001	1704000	1703501	376.0	-0.186514	0.359832
1704001	1705000	1704501	301.0	-0.186035	0.038863
1705001	1706000	1705501	255.0	-0.185557	-0.200403
1706001	1707000	1706501	224.0	-0.185079	-0.387402
1707001	1708000	1707501	226.0	-0.184601	-0.374578
1708001	1709000	1708501	237.0	-0.184122	-0.306014
1709001	1710000	1709501	238.0	-0.183644	-0.299939
1710001	1711000	1710501	238.0	-0.183166	-0.299939
1711001	1712000	1711501	292.0	-0.182688	-0.004932
1712001	1713000	1712501	280.0	-0.182209	-0.065474
1713001	1714000	1713501	226.0	-0.181731	-0.374578
1714001	1715000	1714501	232.0	-0.181253	-0.336776
1715001	1716000	1715501	312.0	-0.180775	0.090645
1716001	1717000	1716501	253.0	-0.180297	-0.211763
1717001	1718000	1717501	354.0	-0.179818	0.272849
1718001	1719000	1718501	264.0	-0.179340	-0.150363
1719001	1720000	1719501	297.0	-0.178862	0.019562
1720001	1721000	1720501	315.0	-0.178384	0.104451
1721001	1722000	1721501	236.0	-0.177905	-0.312114
1722001	1723000	1722501	246.0	-0.177427	-0.252242
1723001	1724000	1723501	289.0	-0.176949	-0.019831
1724001	1725000	1724501	332.0	-0.176471	0.180283
1725001	1726000	1725501	362.0	-0.175992	0.305089
1726001	1727000	1726501	457.0	-0.175514	0.641294
1727001	1728000	1727501	279.0	-0.175036	-0.070636
1728001	1729000	1728501	293.0	-0.174558	0.000000
1729001	1730000	1729501	341.0	-0.174079	0.218871
1730001	1731000	1730501	327.0	-0.173601	0.158390
1731001	1732000	1731501	274.0	-0.173123	-0.096725
1732001	1733000	1732501	280.0	-0.172645	-0.065474
1733001	1734000	1733501	235.0	-0.172166	-0.318240
1734001	1735000	1734501	263.0	-0.171688	-0.155838
1735001	1736000	1735501	249.0	-0.171210	-0.234755
1736001	1737000	1736501	319.0	-0.170732	0.122656
1737001	1738000	1737501	343.0	-0.170253	0.227308
1738001	1739000	1738501	350.0	-0.169775	0.256454
1739001	1740000	1739501	287.0	-0.169297	-0.029850
1740001	1741000	1740501	288.0	-0.168819	-0.024832
1741001	1742000	1741501	265.0	-0.168341	-0.144908
1742001	1743000	1742501	291.0	-0.167862	-0.009882
1743001	1744000	1743501	306.0	-0.167384	0.062631
1744001	1745000	1744501	398.0	-0.166906	0.441868
1745001	1746000	1745501	337.0	-0.166428	0.201848
1746001	1747000	1746501	285.0	-0.165949	-0.039939
1747001	1748000	1747501	279.0	-0.165471	-0.070636
1748001	1749000	1748501	317.0	-0.164993	0.113582
1749001	1750000	1749501	281.0	-0.164515	-0.060331
1750001	1751000	1750501	354.0	-0.164036	0.272849
1751001	1752000	1751501	260.0	-0.163558	-0.172389
1752001	1753000	1752501	261.0	-0.163080	-0.166851
1753001	1754000	1753501	214.0	-0.162602	-0.453290
1754001	1755000	1754501	291.0	-0.162123	-0.009882
1755001	1756000	1755501	273.0	-0.161645	-0.102000
1756001	1757000	1756501	289.0	-0.161167	-0.019831
1757001	1758000	1757501	357.0	-0.160689	0.285023
1758001	1759000	1758501	399.0	-0.160210	0.445488
1759001	1760000	1759501	351.0	-0.159732	0.260570
1760001	1761000	1760501	280.0	-0.159254	-0.065474
1761001	1762000	1761501	298.0	-0.158776	0.024412
1762001	1763000	1762501	291.0	-0.158297	-0.009882
1763001	1764000	1763501	230.0	-0.157819	-0.349267
1764001	1765000	1764501	236.0	-0.157341	-0.312114
1765001	1766000	1765501	283.0	-0.156863	-0.050099
1766001	1767000	1766501	278.0	-0.156385	-0.075816
1767001	1768000	1767501	300.0	-0.155906	0.034062
1768001	1769000	1768501	294.0	-0.155428	0.004915
1769001	1770000	1769501	306.0	-0.154950	0.062631
1770001	1771000	1770501	281.0	-0.154472	-0.060331
1771001	1772000	1771501	281.0	-0.153993	-0.060331
1772001	1773000	1772501	294.0	-0.153515	0.004915
1773001	1774000	1773501	257.0	-0.153037	-0.189132
1774001	1775000	1774501	270.0	-0.152559	-0.117941
1775001	1776000	1775501	260.0	-0.152080	-0.172389
1776001	1777000	1776501	262.0	-0.151602	-0.161334
1777001	1778000	1777501	276.0	-0.151124	-0.086232
1778001	1779000	1778501	348.0	-0.150646	0.248187
1779001	1780000	1779501	313.0	-0.150167	0.095262
1780001	1781000	1780501	391.0	-0.149689	0.416268
1781001	1782000	1781501	313.0	-0.149211	0.095262
1782001	1783000	1782501	369.0	-0.148733	0.332720
1783001	1784000	1783501	278.0	-0.148254	-0.075816
1784001	1785000	1784501	339.0	-0.147776	0.210385
1785001	1786000	1785501	375.0	-0.147298	0.355990
1786001	1787000	1786501	272.0	-0.146820	-0.107294
1787001	1788000	1787501	263.0	-0.146341	-0.155838
1788001	1789000	1788501	304.0	-0.145863	0.053171
1789001	1790000	1789501	263.0	-0.145385	-0.155838
1790001	1791000	1790501	305.0	-0.144907	0.057909
1791001	1792000	1791501	282.0	-0.144429	-0.055206
1792001	1793000	1792501	284.0	-0.143950	-0.045010
1793001	1794000	1793501	326.0	-0.143472	0.153971
1794001	1795000	1794501	337.0	-0.142994	0.201848
1795001	1796000	1795501	299.0	-0.142516	0.029245
1796001	1797000	1796501	295.0	-0.142037	0.009814
1797001	1798000	1797501	237.0	-0.141559	-0.306014
1798001	1799000	1798501	273.0	-0.141081	-0.102000
1799001	1800000	1799501	339.0	-0.140603	0.210385
1800001	1801000	1800501	353.0	-0.140124	0.268768
1801001	1802000	1801501	456.0	-0.139646	0.638133
1802001	1803000	1802501	509.0	-0.139168	0.796765
1803001	1804000	1803501	514.0	-0.138690	0.810868
1804001	1805000	1804501	544.0	-0.138211	0.892706
1805001	1806000	1805501	457.0	-0.137733	0.641294
1806001	1807000	1806501	399.0	-0.137255	0.445488
1807001	1808000	1807501	474.0	-0.136777	0.693986
1808001	1809000	1808501	326.0	-0.136298	0.153971
1809001	1810000	1809501	311.0	-0.135820	0.086014
1810001	1811000	1810501	354.0	-0.135342	0.272849
1811001	1812000	1811501	307.0	-0.134864	0.067338
1812001	1813000	1812501	206.0	-0.134385	-0.508256
1813001	1814000	1813501	188.0	-0.133907	-0.640168
1814001	1815000	1814501	162.0	-0.133429	-0.854907
1815001	1816000	1815501	194.0	-0.132951	-0.594844
1816001	1817000	1816501	152.0	-0.132473	-0.946829
1817001	1818000	1817501	175.0	-0.131994	-0.743546
1818001	1819000	1818501	155.0	-0.131516	-0.918632
1819001	1820000	1819501	139.0	-0.131038	-1.075816
1820001	1821000	1820501	129.0	-0.130560	-1.183530
1821001	1822000	1821501	133.0	-0.130081	-1.139474
1822001	1823000	1822501	121.0	-0.129603	-1.275894
1823001	1824000	1823501	173.0	-0.129125	-0.760129
1824001	1825000	1824501	163.0	-0.128647	-0.846029
1825001	1826000	1825501	159.0	-0.128168	-0.881874
1826001	1827000	1826501	281.0	-0.127690	-0.060331
1827001	1828000	1827501	292.0	-0.127212	-0.004932
1828001	1829000	1828501	318.0	-0.126734	0.118126
1829001	1830000	1829501	402.0	-0.126255	0.456295
1830001	1831000	1830501	429.0	-0.125777	0.550077
1831001	1832000	1831501	350.0	-0.125299	0.256454
1832001	1833000	1832501	444.0	-0.124821	0.599659
1833001	1834000	1833501	394.0	-0.124342	0.427295
1834001	1835000	1834501	334.0	-0.123864	0.188947
1835001	1836000	1835501	340.0	-0.123386	0.214634
1836001	1837000	1836501	467.0	-0.122908	0.672522
1837001	1838000	1837501	428.0	-0.122429	0.546710
1838001	1839000	1838501	424.0	-0.121951	0.533164
1839001	1840000	1839501	390.0	-0.121473	0.412573
1840001	1841000	1840501	372.0	-0.120995	0.344402
1841001	1842000	1841501	420.0	-0.120516	0.519489
1842001	1843000	1842501	451.0	-0.120038	0.622227
1843001	1844000	1843501	394.0	-0.119560	0.427295
1844001	1845000	1844501	317.0	-0.119082	0.113582
1845001	1846000	1845501	429.0	-0.118604	0.550077
1846001	1847000	1846501	361.0	-0.118125	0.301098
1847001	1848000	1847501	386.0	-0.117647	0.397700
1848001	1849000	1848501	424.0	-0.117169	0.533164
1849001	1850000	1849501	349.0	-0.116691	0.252326
1850001	1851000	1850501	362.0	-0.116212	0.305089
1851001	1852000	1851501	250.0	-0.115734	-0.228973
1852001	1853000	1852501	258.0	-0.115256	-0.183530
1853001	1854000	1853501	311.0	-0.114778	0.086014
1854001	1855000	1854501	345.0	-0.114299	0.235696
1855001	1856000	1855501	507.0	-0.113821	0.791085
1856001	1857000	1856501	350.0	-0.113343	0.256454
1857001	1858000	1857501	348.0	-0.112865	0.248187
1858001	1859000	1858501	282.0	-0.112386	-0.055206
1859001	1860000	1859501	277.0	-0.111908	-0.081015
1860001	1861000	1860501	275.0	-0.111430	-0.091469
1861001	1862000	1861501	296.0	-0.110952	0.014697
1862001	1863000	1862501	333.0	-0.110473	0.184622
1863001	1864000	1863501	292.0	-0.109995	-0.004932
1864001	1865000	1864501	336.0	-0.109517	0.197561
1865001	1866000	1865501	312.0	-0.109039	0.090645
1866001	1867000	1866501	332.0	-0.108560	0.180283
1867001	1868000	1867501	364.0	-0.108082	0.313038
1868001	1869000	1868501	330.0	-0.107604	0.171565
1869001	1870000	1869501	356.0	-0.107126	0.280977
1870001	1871000	1870501	345.0	-0.106648	0.235696
1871001	1872000	1871501	282.0	-0.106169	-0.055206
1872001	1873000	1872501	365.0	-0.105691	0.316996
1873001	1874000	1873501	318.0	-0.105213	0.118126
1874001	1875000	1874501	296.0	-0.104735	0.014697
1875001	1876000	1875501	359.0	-0.104256	0.293083
1876001	1877000	1876501	320.0	-0.103778	0.127171
1877001	1878000	1877501	298.0	-0.103300	0.024412
1878001	1879000	1878501	331.0	-0.102822	0.175931
1879001	1880000	1879501	409.0	-0.102343	0.481200
1880001	1881000	1880501	381.0	-0.101865	0.378890
1881001	1882000	1881501	432.0	-0.101387	0.560131
1882001	1883000	1882501	276.0	-0.100909	-0.086232
1883001	1884000	1883501	208.0	-0.100430	-0.494317
1884001	1885000	1884501	291.0	-0.099952	-0.009882
1885001	1886000	1885501	323.0	-0.099474	0.140634
1886001	1887000	1886501	271.0	-0.098996	-0.112608
1887001	1888000	1887501	414.0	-0.098517	0.498730
1888001	1889000	1888501	319.0	-0.098039	0.122656
1889001	1890000	1889501	343.0	-0.097561	0.227308
1890001	1891000	1890501	336.0	-0.097083	0.197561
1891001	1892000	1891501	260.0	-0.096604	-0.172389
1892001	1893000	1892501	259.0	-0.096126	-0.177949
1893001	1894000	1893501	336.0	-0.095648	0.197561
1894001	1895000	1894501	276.0	-0.095170	-0.086232
1895001	1896000	1895501	320.0	-0.094692	0.127171
1896001	1897000	1896501	400.0	-0.094213	0.449099
1897001	1898000	1897501	363.0	-0.093735	0.309069
1898001	1899000	1898501	341.0	-0.093257	0.218871
1899001	1900000	1899501	347.0	-0.092779	0.244035
1900001	1901000	1900501	353.0	-0.092300	0.268768
1901001	1902000	1901501	351.0	-0.091822	0.260570
1902001	1903000	1902501	358.0	-0.091344	0.289059
1903001	1904000	1903501	260.0	-0.090866	-0.172389
1904001	1905000	1904501	254.0	-0.090387	-0.206072
1905001	1906000	1905501	253.0	-0.089909	-0.211763
1906001	1907000	1906501	276.0	-0.089431	-0.086232
1907001	1908000	1907501	213.0	-0.088953	-0.460047
1908001	1909000	1908501	263.0	-0.088474	-0.155838
1909001	1910000	1909501	307.0	-0.087996	0.067338
1910001	1911000	1910501	346.0	-0.087518	0.239871
1911001	1912000	1911501	302.0	-0.087040	0.043648
1912001	1913000	1912501	322.0	-0.086561	0.136160
1913001	1914000	1913501	302.0	-0.086083	0.043648
1914001	1915000	1914501	274.0	-0.085605	-0.096725
1915001	1916000	1915501	393.0	-0.085127	0.423629
1916001	1917000	1916501	402.0	-0.084648	0.456295
1917001	1918000	1917501	268.0	-0.084170	-0.128668
1918001	1919000	1918501	342.0	-0.083692	0.223096
1919001	1920000	1919501	260.0	-0.083214	-0.172389
1920001	1921000	1920501	280.0	-0.082736	-0.065474
1921001	1922000	1921501	318.0	-0.082257	0.118126
1922001	1923000	1922501	415.0	-0.081779	0.502211
1923001	1924000	1923501	375.0	-0.081301	0.355990
1924001	1925000	1924501	291.0	-0.080823	-0.009882
1925001	1926000	1925501	333.0	-0.080344	0.184622
1926001	1927000	1926501	286.0	-0.079866	-0.034886
1927001	1928000	1927501	374.0	-0.079388	0.352138
1928001	1929000	1928501	423.0	-0.078910	0.529757
1929001	1930000	1929501	319.0	-0.078431	0.122656
1930001	1931000	1930501	323.0	-0.077953	0.140634
1931001	1932000	1931501	391.0	-0.077475	0.416268
1932001	1933000	1932501	319.0	-0.076997	0.122656
1933001	1934000	1933501	350.0	-0.076518	0.256454
1934001	1935000	1934501	295.0	-0.076040	0.009814
1935001	1936000	1935501	277.0	-0.075562	-0.081015
1936001	1937000	1936501	297.0	-0.075084	0.019562
1937001	1938000	1937501	181.0	-0.074605	-0.694911
1938001	1939000	1938501	237.0	-0.074127	-0.306014
1939001	1940000	1939501	250.0	-0.073649	-0.228973
1940001	1941000	1940501	267.0	-0.073171	-0.134061
1941001	1942000	1941501	325.0	-0.072692	0.149539
1942001	1943000	1942501	268.0	-0.072214	-0.128668
1943001	1944000	1943501	237.0	-0.071736	-0.306014
1944001	1945000	1944501	297.0	-0.071258	0.019562
1945001	1946000	1945501	255.0	-0.070780	-0.200403
1946001	1947000	1946501	372.0	-0.070301	0.344402
1947001	1948000	1947501	464.0	-0.069823	0.663224
1948001	1949000	1948501	503.0	-0.069345	0.779658
1949001	1950000	1949501	391.0	-0.068867	0.416268
1950001	1951000	1950501	288.0	-0.068388	-0.024832
1951001	1952000	1951501	236.0	-0.067910	-0.312114
1952001	1953000	1952501	304.0	-0.067432	0.053171
1953001	1954000	1953501	284.0	-0.066954	-0.045010
1954001	1955000	1954501	256.0	-0.066475	-0.194757
1955001	1956000	1955501	242.0	-0.065997	-0.275894
1956001	1957000	1956501	291.0	-0.065519	-0.009882
1957001	1958000	1957501	278.0	-0.065041	-0.075816
1958001	1959000	1958501	260.0	-0.064562	-0.172389
1959001	1960000	1959501	280.0	-0.064084	-0.065474
1960001	1961000	1960501	258.0	-0.063606	-0.183530
1961001	1962000	1961501	349.0	-0.063128	0.252326
1962001	1963000	1962501	291.0	-0.062649	-0.009882
1963001	1964000	1963501	257.0	-0.062171	-0.189132
1964001	1965000	1964501	273.0	-0.061693	-0.102000
1965001	1966000	1965501	203.0	-0.061215	-0.529421
1966001	1967000	1966501	304.0	-0.060736	0.053171
1967001	1968000	1967501	397.0	-0.060258	0.438238
1968001	1969000	1968501	293.0	-0.059780	0.000000
1969001	1970000	1969501	296.0	-0.059302	0.014697
1970001	1971000	1970501	323.0	-0.058824	0.140634
1971001	1972000	1971501	316.0	-0.058345	0.109024
1972001	1973000	1972501	415.0	-0.057867	0.502211
1973001	1974000	1973501	400.0	-0.057389	0.449099
1974001	1975000	1974501	544.0	-0.056911	0.892706
1975001	1976000	1975501	565.0	-0.056432	0.947350
1976001	1977000	1976501	432.0	-0.055954	0.560131
1977001	1978000	1977501	242.0	-0.055476	-0.275894
1978001	1979000	1978501	262.0	-0.054998	-0.161334
1979001	1980000	1979501	420.0	-0.054519	0.519489
1980001	1981000	1980501	321.0	-0.054041	0.131673
1981001	1982000	1981501	301.0	-0.053563	0.038863
1982001	1983000	1982501	379.0	-0.053085	0.371297
1983001	1984000	1983501	379.0	-0.052606	0.371297
1984001	1985000	1984501	341.0	-0.052128	0.218871
1985001	1986000	1985501	505.0	-0.051650	0.785383
1986001	1987000	1986501	458.0	-0.051172	0.644447
1987001	1988000	1987501	435.0	-0.050693	0.570115
1988001	1989000	1988501	256.0	-0.050215	-0.194757
1989001	1990000	1989501	265.0	-0.049737	-0.144908
1990001	1991000	1990501	280.0	-0.049259	-0.065474
1991001	1992000	1991501	259.0	-0.048780	-0.177949
1992001	1993000	1992501	285.0	-0.048302	-0.039939
1993001	1994000	1993501	397.0	-0.047824	0.438238
1994001	1995000	1994501	323.0	-0.047346	0.140634
1995001	1996000	1995501	275.0	-0.046868	-0.091469
1996001	1997000	1996501	277.0	-0.046389	-0.081015
1997001	1998000	1997501	258.0	-0.045911	-0.183530
1998001	1999000	1998501	318.0	-0.045433	0.118126
1999001	2000000	1999501	283.0	-0.044955	-0.050099
2000001	2001000	2000501	363.0	-0.044476	0.309069
2001001	2002000	2001501	345.0	-0.043998	0.235696
2002001	2003000	2002501	354.0	-0.043520	0.272849
2003001	2004000	2003501	334.0	-0.043042	0.188947
2004001	2005000	2004501	339.0	-0.042563	0.210385
2005001	2006000	2005501	339.0	-0.042085	0.210385
2006001	2007000	2006501	333.0	-0.041607	0.184622
2007001	2008000	2007501	375.0	-0.041129	0.355990
2008001	2009000	2008501	409.0	-0.040650	0.481200
2009001	2010000	2009501	460.0	-0.040172	0.650733
2010001	2011000	2010501	496.0	-0.039694	0.759439
2011001	2012000	2011501	527.0	-0.039216	0.846902
2012001	2013000	2012501	567.0	-0.038737	0.952448
2013001	2014000	2013501	511.0	-0.038259	0.802423
2014001	2015000	2014501	510.0	-0.037781	0.799597
2015001	2016000	2015501	370.0	-0.037303	0.336625
2016001	2017000	2016501	323.0	-0.036824	0.140634
2017001	2018000	2017501	371.0	-0.036346	0.340519
2018001	2019000	2018501	306.0	-0.035868	0.062631
2019001	2020000	2019501	417.0	-0.035390	0.509147
2020001	2021000	2020501	372.0	-0.034912	0.344402
2021001	2022000	2021501	387.0	-0.034433	0.401433
2022001	2023000	2022501	380.0	-0.033955	0.375099
2023001	2024000	2023501	312.0	-0.033477	0.090645
2024001	2025000	2024501	371.0	-0.032999	0.340519
2025001	2026000	2025501	281.0	-0.032520	-0.060331
2026001	2027000	2026501	332.0	-0.032042	0.180283
2027001	2028000	2027501	323.0	-0.031564	0.140634
2028001	2029000	2028501	356.0	-0.031086	0.280977
2029001	2030000	2029501	329.0	-0.030607	0.167187
2030001	2031000	2030501	235.0	-0.030129	-0.318240
2031001	2032000	2031501	245.0	-0.029651	-0.258119
2032001	2033000	2032501	381.0	-0.029173	0.378890
2033001	2034000	2033501	297.0	-0.028694	0.019562
2034001	2035000	2034501	313.0	-0.028216	0.095262
2035001	2036000	2035501	366.0	-0.027738	0.320943
2036001	2037000	2036501	326.0	-0.027260	0.153971
2037001	2038000	2037501	303.0	-0.026781	0.048417
2038001	2039000	2038501	276.0	-0.026303	-0.086232
2039001	2040000	2039501	326.0	-0.025825	0.153971
2040001	2041000	2040501	358.0	-0.025347	0.289059
2041001	2042000	2041501	407.0	-0.024868	0.474128
2042001	2043000	2042501	280.0	-0.024390	-0.065474
2043001	2044000	2043501	290.0	-0.023912	-0.014848
2044001	2045000	2044501	247.0	-0.023434	-0.246390
2045001	2046000	2045501	246.0	-0.022956	-0.252242
2046001	2047000	2046501	289.0	-0.022477	-0.019831
2047001	2048000	2047501	350.0	-0.021999	0.256454
2048001	2049000	2048501	275.0	-0.021521	-0.091469
2049001	2050000	2049501	387.0	-0.021043	0.401433
2050001	2051000	2050501	277.0	-0.020564	-0.081015
2051001	2052000	2051501	271.0	-0.020086	-0.112608
2052001	2053000	2052501	269.0	-0.019608	-0.123294
2053001	2054000	2053501	308.0	-0.019130	0.072030
2054001	2055000	2054501	386.0	-0.018651	0.397700
2055001	2056000	2055501	410.0	-0.018173	0.484723
2056001	2057000	2056501	289.0	-0.017695	-0.019831
2057001	2058000	2057501	244.0	-0.017217	-0.264020
2058001	2059000	2058501	310.0	-0.016738	0.081368
2059001	2060000	2059501	315.0	-0.016260	0.104451
2060001	2061000	2060501	275.0	-0.015782	-0.091469
2061001	2062000	2061501	387.0	-0.015304	0.401433
2062001	2063000	2062501	406.0	-0.014825	0.470579
2063001	2064000	2063501	330.0	-0.014347	0.171565
2064001	2065000	2064501	379.0	-0.013869	0.371297
2065001	2066000	2065501	339.0	-0.013391	0.210385
2066001	2067000	2066501	321.0	-0.012912	0.131673
2067001	2068000	2067501	295.0	-0.012434	0.009814
2068001	2069000	2068501	298.0	-0.011956	0.024412
2069001	2070000	2069501	439.0	-0.011478	0.583320
2070001	2071000	2070501	456.0	-0.011000	0.638133
2071001	2072000	2071501	396.0	-0.010521	0.434600
2072001	2073000	2072501	333.0	-0.010043	0.184622
2073001	2074000	2073501	354.0	-0.009565	0.272849
2074001	2075000	2074501	350.0	-0.009087	0.256454
2075001	2076000	2075501	256.0	-0.008608	-0.194757
2076001	2077000	2076501	325.0	-0.008130	0.149539
2077001	2078000	2077501	236.0	-0.007652	-0.312114
2078001	2079000	2078501	334.0	-0.007174	0.188947
2079001	2080000	2079501	309.0	-0.006695	0.076706
2080001	2081000	2080501	323.0	-0.006217	0.140634
2081001	2082000	2081501	331.0	-0.005739	0.175931
2082001	2083000	2082501	337.0	-0.005261	0.201848
2083001	2084000	2083501	331.0	-0.004782	0.175931
2084001	2085000	2084501	294.0	-0.004304	0.004915
2085001	2086000	2085501	281.0	-0.003826	-0.060331
2086001	2087000	2086501	299.0	-0.003348	0.029245
2087001	2088000	2087501	349.0	-0.002869	0.252326
2088001	2089000	2088501	263.0	-0.002391	-0.155838
2089001	2090000	2089501	264.0	-0.001913	-0.150363
2090001	2091000	2090501	273.0	-0.001435	-0.102000
2091001	2092000	2091501	300.0	-0.000956	0.034062
2092001	2093000	2092501	288.0	-0.000478	-0.024832
2093001	2094000	2093501	390.0	0.000000	0.412573
2094001	2095000	2094501	362.0	0.000523	0.305089
2095001	2096000	2095501	272.0	0.001045	-0.107294
2096001	2097000	2096501	313.0	0.001568	0.095262
2097001	2098000	2097501	324.0	0.002090	0.145093
2098001	2099000	2098501	245.0	0.002613	-0.258119
2099001	2100000	2099501	325.0	0.003135	0.149539
2100001	2101000	2100501	277.0	0.003658	-0.081015
2101001	2102000	2101501	283.0	0.004180	-0.050099
2102001	2103000	2102501	276.0	0.004703	-0.086232
2103001	2104000	2103501	322.0	0.005225	0.136160
2104001	2105000	2104501	339.0	0.005748	0.210385
2105001	2106000	2105501	321.0	0.006271	0.131673
2106001	2107000	2106501	337.0	0.006793	0.201848
2107001	2108000	2107501	370.0	0.007316	0.336625
2108001	2109000	2108501	312.0	0.007838	0.090645
2109001	2110000	2109501	302.0	0.008361	0.043648
2110001	2111000	2110501	326.0	0.008883	0.153971
2111001	2112000	2111501	446.0	0.009406	0.606143
2112001	2113000	2112501	320.0	0.009928	0.127171
2113001	2114000	2113501	311.0	0.010451	0.086014
2114001	2115000	2114501	362.0	0.010973	0.305089
2115001	2116000	2115501	259.0	0.011496	-0.177949
2116001	2117000	2116501	267.0	0.012018	-0.134061
2117001	2118000	2117501	443.0	0.012541	0.596406
2118001	2119000	2118501	412.0	0.013064	0.491744
2119001	2120000	2119501	468.0	0.013586	0.675608
2120001	2121000	2120501	365.0	0.014109	0.316996
2121001	2122000	2121501	314.0	0.014631	0.099864
2122001	2123000	2122501	250.0	0.015154	-0.228973
2123001	2124000	2123501	308.0	0.015676	0.072030
2124001	2125000	2124501	301.0	0.016199	0.038863
2125001	2126000	2125501	320.0	0.016721	0.127171
2126001	2127000	2126501	341.0	0.017244	0.218871
2127001	2128000	2127501	280.0	0.017766	-0.065474
2128001	2129000	2128501	313.0	0.018289	0.095262
2129001	2130000	2129501	326.0	0.018812	0.153971
2130001	2131000	2130501	303.0	0.019334	0.048417
2131001	2132000	2131501	275.0	0.019857	-0.091469
2132001	2133000	2132501	277.0	0.020379	-0.081015
2133001	2134000	2133501	283.0	0.020902	-0.050099
2134001	2135000	2134501	387.0	0.021424	0.401433
2135001	2136000	2135501	293.0	0.021947	0.000000
2136001	2137000	2136501	274.0	0.022469	-0.096725
2137001	2138000	2137501	284.0	0.022992	-0.045010
2138001	2139000	2138501	291.0	0.023514	-0.009882
2139001	2140000	2139501	275.0	0.024037	-0.091469
2140001	2141000	2140501	296.0	0.024560	0.014697
2141001	2142000	2141501	324.0	0.025082	0.145093
2142001	2143000	2142501	303.0	0.025605	0.048417
2143001	2144000	2143501	219.0	0.026127	-0.419970
2144001	2145000	2144501	270.0	0.026650	-0.117941
2145001	2146000	2145501	370.0	0.027172	0.336625
2146001	2147000	2146501	336.0	0.027695	0.197561
2147001	2148000	2147501	305.0	0.028217	0.057909
2148001	2149000	2148501	263.0	0.028740	-0.155838
2149001	2150000	2149501	295.0	0.029262	0.009814
2150001	2151000	2150501	256.0	0.029785	-0.194757
2151001	2152000	2151501	289.0	0.030307	-0.019831
2152001	2153000	2152501	394.0	0.030830	0.427295
2153001	2154000	2153501	327.0	0.031353	0.158390
2154001	2155000	2154501	261.0	0.031875	-0.166851
2155001	2156000	2155501	293.0	0.032398	0.000000
2156001	2157000	2156501	314.0	0.032920	0.099864
2157001	2158000	2157501	359.0	0.033443	0.293083
2158001	2159000	2158501	294.0	0.033965	0.004915
2159001	2160000	2159501	294.0	0.034488	0.004915
2160001	2161000	2160501	282.0	0.035010	-0.055206
2161001	2162000	2161501	329.0	0.035533	0.167187
2162001	2163000	2162501	321.0	0.036055	0.131673
2163001	2164000	2163501	345.0	0.036578	0.235696
2164001	2165000	2164501	379.0	0.037101	0.371297
2165001	2166000	2165501	302.0	0.037623	0.043648
2166001	2167000	2166501	340.0	0.038146	0.214634
2167001	2168000	2167501	308.0	0.038668	0.072030
2168001	2169000	2168501	290.0	0.039191	-0.014848
2169001	2170000	2169501	369.0	0.039713	0.332720
2170001	2171000	2170501	371.0	0.040236	0.340519
2171001	2172000	2171501	366.0	0.040758	0.320943
2172001	2173000	2172501	282.0	0.041281	-0.055206
2173001	2174000	2173501	429.0	0.041803	0.550077
2174001	2175000	2174501	458.0	0.042326	0.644447
2175001	2176000	2175501	300.0	0.042849	0.034062
2176001	2177000	2176501	350.0	0.043371	0.256454
2177001	2178000	2177501	281.0	0.043894	-0.060331
2178001	2179000	2178501	271.0	0.044416	-0.112608
2179001	2180000	2179501	224.0	0.044939	-0.387402
2180001	2181000	2180501	306.0	0.045461	0.062631
2181001	2182000	2181501	278.0	0.045984	-0.075816
2182001	2183000	2182501	311.0	0.046506	0.086014
2183001	2184000	2183501	455.0	0.047029	0.634966
2184001	2185000	2184501	312.0	0.047551	0.090645
2185001	2186000	2185501	296.0	0.048074	0.014697
2186001	2187000	2186501	309.0	0.048596	0.076706
2187001	2188000	2187501	352.0	0.049119	0.264675
2188001	2189000	2188501	413.0	0.049642	0.495241
2189001	2190000	2189501	420.0	0.050164	0.519489
2190001	2191000	2190501	291.0	0.050687	-0.009882
2191001	2192000	2191501	348.0	0.051209	0.248187
2192001	2193000	2192501	292.0	0.051732	-0.004932
2193001	2194000	2193501	372.0	0.052254	0.344402
2194001	2195000	2194501	276.0	0.052777	-0.086232
2195001	2196000	2195501	299.0	0.053299	0.029245
2196001	2197000	2196501	259.0	0.053822	-0.177949
2197001	2198000	2197501	365.0	0.054344	0.316996
2198001	2199000	2198501	299.0	0.054867	0.029245
2199001	2200000	2199501	263.0	0.055390	-0.155838
2200001	2201000	2200501	350.0	0.055912	0.256454
2201001	2202000	2201501	356.0	0.056435	0.280977
2202001	2203000	2202501	338.0	0.056957	0.206123
2203001	2204000	2203501	291.0	0.057480	-0.009882
2204001	2205000	2204501	352.0	0.058002	0.264675
2205001	2206000	2205501	275.0	0.058525	-0.091469
2206001	2207000	2206501	302.0	0.059047	0.043648
2207001	2208000	2207501	316.0	0.059570	0.109024
2208001	2209000	2208501	327.0	0.060092	0.158390
2209001	2210000	2209501	311.0	0.060615	0.086014
2210001	2211000	2210501	285.0	0.061138	-0.039939
2211001	2212000	2211501	331.0	0.061660	0.175931
2212001	2213000	2212501	360.0	0.062183	0.297096
2213001	2214000	2213501	296.0	0.062705	0.014697
2214001	2215000	2214501	272.0	0.063228	-0.107294
2215001	2216000	2215501	260.0	0.063750	-0.172389
2216001	2217000	2216501	274.0	0.064273	-0.096725
2217001	2218000	2217501	300.0	0.064795	0.034062
2218001	2219000	2218501	307.0	0.065318	0.067338
2219001	2220000	2219501	342.0	0.065840	0.223096
2220001	2221000	2220501	355.0	0.066363	0.276918
2221001	2222000	2221501	337.0	0.066885	0.201848
2222001	2223000	2222501	291.0	0.067408	-0.009882
2223001	2224000	2223501	293.0	0.067931	0.000000
2224001	2225000	2224501	286.0	0.068453	-0.034886
2225001	2226000	2225501	325.0	0.068976	0.149539
2226001	2227000	2226501	384.0	0.069498	0.390206
2227001	2228000	2227501	352.0	0.070021	0.264675
2228001	2229000	2228501	340.0	0.070543	0.214634
2229001	2230000	2229501	393.0	0.071066	0.423629
2230001	2231000	2230501	489.0	0.071588	0.738934
2231001	2232000	2231501	360.0	0.072111	0.297096
2232001	2233000	2232501	497.0	0.072633	0.762345
2233001	2234000	2233501	369.0	0.073156	0.332720
2234001	2235000	2234501	307.0	0.073679	0.067338
2235001	2236000	2235501	442.0	0.074201	0.593146
2236001	2237000	2236501	424.0	0.074724	0.533164
2237001	2238000	2237501	413.0	0.075246	0.495241
2238001	2239000	2238501	440.0	0.075769	0.586603
2239001	2240000	2239501	361.0	0.076291	0.301098
2240001	2241000	2240501	395.0	0.076814	0.430952
2241001	2242000	2241501	423.0	0.077336	0.529757
2242001	2243000	2242501	348.0	0.077859	0.248187
2243001	2244000	2243501	346.0	0.078381	0.239871
2244001	2245000	2244501	481.0	0.078904	0.715136
2245001	2246000	2245501	400.0	0.079426	0.449099
2246001	2247000	2246501	415.0	0.079949	0.502211
2247001	2248000	2247501	543.0	0.080472	0.890052
2248001	2249000	2248501	351.0	0.080994	0.260570
2249001	2250000	2249501	311.0	0.081517	0.086014
2250001	2251000	2250501	390.0	0.082039	0.412573
2251001	2252000	2251501	316.0	0.082562	0.109024
2252001	2253000	2252501	303.0	0.083084	0.048417
2253001	2254000	2253501	320.0	0.083607	0.127171
2254001	2255000	2254501	394.0	0.084129	0.427295
2255001	2256000	2255501	423.0	0.084652	0.529757
2256001	2257000	2256501	315.0	0.085174	0.104451
2257001	2258000	2257501	278.0	0.085697	-0.075816
2258001	2259000	2258501	372.0	0.086220	0.344402
2259001	2260000	2259501	315.0	0.086742	0.104451
2260001	2261000	2260501	270.0	0.087265	-0.117941
2261001	2262000	2261501	280.0	0.087787	-0.065474
2262001	2263000	2262501	394.0	0.088310	0.427295
2263001	2264000	2263501	402.0	0.088832	0.456295
2264001	2265000	2264501	354.0	0.089355	0.272849
2265001	2266000	2265501	317.0	0.089877	0.113582
2266001	2267000	2266501	374.0	0.090400	0.352138
2267001	2268000	2267501	428.0	0.090922	0.546710
2268001	2269000	2268501	352.0	0.091445	0.264675
2269001	2270000	2269501	328.0	0.091968	0.162795
2270001	2271000	2270501	356.0	0.092490	0.280977
2271001	2272000	2271501	352.0	0.093013	0.264675
2272001	2273000	2272501	342.0	0.093535	0.223096
2273001	2274000	2273501	305.0	0.094058	0.057909
2274001	2275000	2274501	340.0	0.094580	0.214634
2275001	2276000	2275501	356.0	0.095103	0.280977
2276001	2277000	2276501	375.0	0.095625	0.355990
2277001	2278000	2277501	389.0	0.096148	0.408869
2278001	2279000	2278501	401.0	0.096670	0.452702
2279001	2280000	2279501	361.0	0.097193	0.301098
2280001	2281000	2280501	424.0	0.097715	0.533164
2281001	2282000	2281501	358.0	0.098238	0.289059
2282001	2283000	2282501	358.0	0.098761	0.289059
2283001	2284000	2283501	374.0	0.099283	0.352138
2284001	2285000	2284501	357.0	0.099806	0.285023
2285001	2286000	2285501	343.0	0.100328	0.227308
2286001	2287000	2286501	313.0	0.100851	0.095262
2287001	2288000	2287501	415.0	0.101373	0.502211
2288001	2289000	2288501	301.0	0.101896	0.038863
2289001	2290000	2289501	367.0	0.102418	0.324879
2290001	2291000	2290501	376.0	0.102941	0.359832
2291001	2292000	2291501	375.0	0.103463	0.355990
2292001	2293000	2292501	535.0	0.103986	0.868638
2293001	2294000	2293501	496.0	0.104509	0.759439
2294001	2295000	2294501	539.0	0.105031	0.879385
2295001	2296000	2295501	501.0	0.105554	0.773910
2296001	2297000	2296501	447.0	0.106076	0.609374
2297001	2298000	2297501	435.0	0.106599	0.570115
2298001	2299000	2298501	416.0	0.107121	0.505683
2299001	2300000	2299501	414.0	0.107644	0.498730
2300001	2301000	2300501	302.0	0.108166	0.043648
2301001	2302000	2301501	333.0	0.108689	0.184622
2302001	2303000	2302501	351.0	0.109211	0.260570
2303001	2304000	2303501	338.0	0.109734	0.206123
2304001	2305000	2304501	357.0	0.110257	0.285023
2305001	2306000	2305501	367.0	0.110779	0.324879
2306001	2307000	2306501	384.0	0.111302	0.390206
2307001	2308000	2307501	345.0	0.111824	0.235696
2308001	2309000	2308501	367.0	0.112347	0.324879
2309001	2310000	2309501	313.0	0.112869	0.095262
2310001	2311000	2310501	443.0	0.113392	0.596406
2311001	2312000	2311501	368.0	0.113914	0.328805
2312001	2313000	2312501	402.0	0.114437	0.456295
2313001	2314000	2313501	409.0	0.114959	0.481200
2314001	2315000	2314501	412.0	0.115482	0.491744
2315001	2316000	2315501	497.0	0.116004	0.762345
2316001	2317000	2316501	381.0	0.116527	0.378890
2317001	2318000	2317501	418.0	0.117050	0.512602
2318001	2319000	2318501	414.0	0.117572	0.498730
2319001	2320000	2319501	428.0	0.118095	0.546710
2320001	2321000	2320501	382.0	0.118617	0.382672
2321001	2322000	2321501	397.0	0.119140	0.438238
2322001	2323000	2322501	451.0	0.119662	0.622227
2323001	2324000	2323501	370.0	0.120185	0.336625
2324001	2325000	2324501	402.0	0.120707	0.456295
2325001	2326000	2325501	396.0	0.121230	0.434600
2326001	2327000	2326501	454.0	0.121752	0.631792
2327001	2328000	2327501	526.0	0.122275	0.844162
2328001	2329000	2328501	354.0	0.122798	0.272849
2329001	2330000	2329501	419.0	0.123320	0.516050
2330001	2331000	2330501	408.0	0.123843	0.477668
2331001	2332000	2331501	328.0	0.124365	0.162795
2332001	2333000	2332501	362.0	0.124888	0.305089
2333001	2334000	2333501	379.0	0.125410	0.371297
2334001	2335000	2334501	384.0	0.125933	0.390206
2335001	2336000	2335501	379.0	0.126455	0.371297
2336001	2337000	2336501	414.0	0.126978	0.498730
2337001	2338000	2337501	437.0	0.127500	0.576733
2338001	2339000	2338501	367.0	0.128023	0.324879
2339001	2340000	2339501	445.0	0.128546	0.602905
2340001	2341000	2340501	419.0	0.129068	0.516050
2341001	2342000	2341501	445.0	0.129591	0.602905
2342001	2343000	2342501	368.0	0.130113	0.328805
2343001	2344000	2343501	348.0	0.130636	0.248187
2344001	2345000	2344501	289.0	0.131158	-0.019831
2345001	2346000	2345501	280.0	0.131681	-0.065474
2346001	2347000	2346501	285.0	0.132203	-0.039939
2347001	2348000	2347501	299.0	0.132726	0.029245
2348001	2349000	2348501	312.0	0.133248	0.090645
2349001	2350000	2349501	340.0	0.133771	0.214634
2350001	2351000	2350501	238.0	0.134293	-0.299939
2351001	2352000	2351501	311.0	0.134816	0.086014
2352001	2353000	2352501	354.0	0.135339	0.272849
2353001	2354000	2353501	306.0	0.135861	0.062631
2354001	2355000	2354501	356.0	0.136384	0.280977
2355001	2356000	2355501	284.0	0.136906	-0.045010
2356001	2357000	2356501	362.0	0.137429	0.305089
2357001	2358000	2357501	304.0	0.137951	0.053171
2358001	2359000	2358501	305.0	0.138474	0.057909
2359001	2360000	2359501	323.0	0.138996	0.140634
2360001	2361000	2360501	358.0	0.139519	0.289059
2361001	2362000	2361501	296.0	0.140041	0.014697
2362001	2363000	2362501	301.0	0.140564	0.038863
2363001	2364000	2363501	264.0	0.141087	-0.150363
2364001	2365000	2364501	313.0	0.141609	0.095262
2365001	2366000	2365501	352.0	0.142132	0.264675
2366001	2367000	2366501	312.0	0.142654	0.090645
2367001	2368000	2367501	302.0	0.143177	0.043648
2368001	2369000	2368501	273.0	0.143699	-0.102000
2369001	2370000	2369501	269.0	0.144222	-0.123294
2370001	2371000	2370501	291.0	0.144744	-0.009882
2371001	2372000	2371501	303.0	0.145267	0.048417
2372001	2373000	2372501	300.0	0.145789	0.034062
2373001	2374000	2373501	270.0	0.146312	-0.117941
2374001	2375000	2374501	324.0	0.146835	0.145093
2375001	2376000	2375501	318.0	0.147357	0.118126
2376001	2377000	2376501	250.0	0.147880	-0.228973
2377001	2378000	2377501	323.0	0.148402	0.140634
2378001	2379000	2378501	306.0	0.148925	0.062631
2379001	2380000	2379501	333.0	0.149447	0.184622
2380001	2381000	2380501	298.0	0.149970	0.024412
2381001	2382000	2381501	317.0	0.150492	0.113582
2382001	2383000	2382501	327.0	0.151015	0.158390
2383001	2384000	2383501	323.0	0.151537	0.140634
2384001	2385000	2384501	291.0	0.152060	-0.009882
2385001	2386000	2385501	407.0	0.152582	0.474128
2386001	2387000	2386501	245.0	0.153105	-0.258119
2387001	2388000	2387501	311.0	0.153628	0.086014
2388001	2389000	2388501	328.0	0.154150	0.162795
2389001	2390000	2389501	281.0	0.154673	-0.060331
2390001	2391000	2390501	460.0	0.155195	0.650733
2391001	2392000	2391501	356.0	0.155718	0.280977
2392001	2393000	2392501	299.0	0.156240	0.029245
2393001	2394000	2393501	283.0	0.156763	-0.050099
2394001	2395000	2394501	321.0	0.157285	0.131673
2395001	2396000	2395501	305.0	0.157808	0.057909
2396001	2397000	2396501	320.0	0.158330	0.127171
2397001	2398000	2397501	336.0	0.158853	0.197561
2398001	2399000	2398501	268.0	0.159376	-0.128668
2399001	2400000	2399501	327.0	0.159898	0.158390
2400001	2401000	2400501	333.0	0.160421	0.184622
2401001	2402000	2401501	316.0	0.160943	0.109024
2402001	2403000	2402501	279.0	0.161466	-0.070636
2403001	2404000	2403501	276.0	0.161988	-0.086232
2404001	2405000	2404501	307.0	0.162511	0.067338
2405001	2406000	2405501	347.0	0.163033	0.244035
2406001	2407000	2406501	341.0	0.163556	0.218871
2407001	2408000	2407501	295.0	0.164078	0.009814
2408001	2409000	2408501	240.0	0.164601	-0.287866
2409001	2410000	2409501	305.0	0.165124	0.057909
2410001	2411000	2410501	284.0	0.165646	-0.045010
2411001	2412000	2411501	256.0	0.166169	-0.194757
2412001	2413000	2412501	264.0	0.166691	-0.150363
2413001	2414000	2413501	289.0	0.167214	-0.019831
2414001	2415000	2414501	293.0	0.167736	0.000000
2415001	2416000	2415501	326.0	0.168259	0.153971
2416001	2417000	2416501	308.0	0.168781	0.072030
2417001	2418000	2417501	438.0	0.169304	0.580030
2418001	2419000	2418501	384.0	0.169826	0.390206
2419001	2420000	2419501	267.0	0.170349	-0.134061
2420001	2421000	2420501	349.0	0.170871	0.252326
2421001	2422000	2421501	367.0	0.171394	0.324879
2422001	2423000	2422501	306.0	0.171917	0.062631
2423001	2424000	2423501	299.0	0.172439	0.029245
2424001	2425000	2424501	306.0	0.172962	0.062631
2425001	2426000	2425501	349.0	0.173484	0.252326
2426001	2427000	2426501	411.0	0.174007	0.488238
2427001	2428000	2427501	384.0	0.174529	0.390206
2428001	2429000	2428501	445.0	0.175052	0.602905
2429001	2430000	2429501	590.0	0.175574	1.009814
2430001	2431000	2430501	493.0	0.176097	0.750687
2431001	2432000	2431501	252.0	0.176619	-0.217477
2432001	2433000	2432501	224.0	0.177142	-0.387402
2433001	2434000	2433501	242.0	0.177665	-0.275894
2434001	2435000	2434501	309.0	0.178187	0.076706
2435001	2436000	2435501	315.0	0.178710	0.104451
2436001	2437000	2436501	302.0	0.179232	0.043648
2437001	2438000	2437501	255.0	0.179755	-0.200403
2438001	2439000	2438501	327.0	0.180277	0.158390
2439001	2440000	2439501	331.0	0.180800	0.175931
2440001	2441000	2440501	335.0	0.181322	0.193260
2441001	2442000	2441501	306.0	0.181845	0.062631
2442001	2443000	2442501	435.0	0.182367	0.570115
2443001	2444000	2443501	312.0	0.182890	0.090645
2444001	2445000	2444501	312.0	0.183413	0.090645
2445001	2446000	2445501	277.0	0.183935	-0.081015
2446001	2447000	2446501	300.0	0.184458	0.034062
2447001	2448000	2447501	297.0	0.184980	0.019562
2448001	2449000	2448501	283.0	0.185503	-0.050099
2449001	2450000	2449501	311.0	0.186025	0.086014
2450001	2451000	2450501	287.0	0.186548	-0.029850
2451001	2452000	2451501	292.0	0.187070	-0.004932
2452001	2453000	2452501	330.0	0.187593	0.171565
2453001	2454000	2453501	371.0	0.188115	0.340519
2454001	2455000	2454501	289.0	0.188638	-0.019831
2455001	2456000	2455501	369.0	0.189160	0.332720
2456001	2457000	2456501	312.0	0.189683	0.090645
2457001	2458000	2457501	327.0	0.190206	0.158390
2458001	2459000	2458501	308.0	0.190728	0.072030
2459001	2460000	2459501	292.0	0.191251	-0.004932
2460001	2461000	2460501	279.0	0.191773	-0.070636
2461001	2462000	2461501	247.0	0.192296	-0.246390
2462001	2463000	2462501	260.0	0.192818	-0.172389
2463001	2464000	2463501	274.0	0.193341	-0.096725
2464001	2465000	2464501	301.0	0.193863	0.038863
2465001	2466000	2465501	299.0	0.194386	0.029245
2466001	2467000	2466501	296.0	0.194908	0.014697
2467001	2468000	2467501	247.0	0.195431	-0.246390
2468001	2469000	2468501	235.0	0.195954	-0.318240
2469001	2470000	2469501	315.0	0.196476	0.104451
2470001	2471000	2470501	413.0	0.196999	0.495241
2471001	2472000	2471501	281.0	0.197521	-0.060331
2472001	2473000	2472501	301.0	0.198044	0.038863
2473001	2474000	2473501	269.0	0.198566	-0.123294
2474001	2475000	2474501	260.0	0.199089	-0.172389
2475001	2476000	2475501	271.0	0.199611	-0.112608
2476001	2477000	2476501	300.0	0.200134	0.034062
2477001	2478000	2477501	289.0	0.200656	-0.019831
2478001	2479000	2478501	301.0	0.201179	0.038863
2479001	2480000	2479501	301.0	0.201702	0.038863
2480001	2481000	2480501	315.0	0.202224	0.104451
2481001	2482000	2481501	305.0	0.202747	0.057909
2482001	2483000	2482501	291.0	0.203269	-0.009882
2483001	2484000	2483501	252.0	0.203792	-0.217477
2484001	2485000	2484501	269.0	0.204314	-0.123294
2485001	2486000	2485501	294.0	0.204837	0.004915
2486001	2487000	2486501	253.0	0.205359	-0.211763
2487001	2488000	2487501	281.0	0.205882	-0.060331
2488001	2489000	2488501	266.0	0.206404	-0.139474
2489001	2490000	2489501	325.0	0.206927	0.149539
2490001	2491000	2490501	251.0	0.207449	-0.223213
2491001	2492000	2491501	312.0	0.207972	0.090645
2492001	2493000	2492501	340.0	0.208495	0.214634
2493001	2494000	2493501	272.0	0.209017	-0.107294
2494001	2495000	2494501	251.0	0.209540	-0.223213
2495001	2496000	2495501	299.0	0.210062	0.029245
2496001	2497000	2496501	313.0	0.210585	0.095262
2497001	2498000	2497501	295.0	0.211107	0.009814
2498001	2499000	2498501	299.0	0.211630	0.029245
2499001	2500000	2499501	353.0	0.212152	0.268768
2500001	2501000	2500501	317.0	0.212675	0.113582
2501001	2502000	2501501	304.0	0.213197	0.053171
2502001	2503000	2502501	261.0	0.213720	-0.166851
2503001	2504000	2503501	222.0	0.214243	-0.400341
2504001	2505000	2504501	279.0	0.214765	-0.070636
2505001	2506000	2505501	219.0	0.215288	-0.419970
2506001	2507000	2506501	340.0	0.215810	0.214634
2507001	2508000	2507501	504.0	0.216333	0.782523
2508001	2509000	2508501	319.0	0.216855	0.122656
2509001	2510000	2509501	315.0	0.217378	0.104451
2510001	2511000	2510501	338.0	0.217900	0.206123
2511001	2512000	2511501	433.0	0.218423	0.563466
2512001	2513000	2512501	294.0	0.218945	0.004915
2513001	2514000	2513501	298.0	0.219468	0.024412
2514001	2515000	2514501	282.0	0.219991	-0.055206
2515001	2516000	2515501	319.0	0.220513	0.122656
2516001	2517000	2516501	276.0	0.221036	-0.086232
2517001	2518000	2517501	251.0	0.221558	-0.223213
2518001	2519000	2518501	251.0	0.222081	-0.223213
2519001	2520000	2519501	304.0	0.222603	0.053171
2520001	2521000	2520501	309.0	0.223126	0.076706
2521001	2522000	2521501	300.0	0.223648	0.034062
2522001	2523000	2522501	295.0	0.224171	0.009814
2523001	2524000	2523501	267.0	0.224693	-0.134061
2524001	2525000	2524501	290.0	0.225216	-0.014848
2525001	2526000	2525501	215.0	0.225738	-0.446564
2526001	2527000	2526501	256.0	0.226261	-0.194757
2527001	2528000	2527501	294.0	0.226784	0.004915
2528001	2529000	2528501	364.0	0.227306	0.313038
2529001	2530000	2529501	292.0	0.227829	-0.004932
2530001	2531000	2530501	277.0	0.228351	-0.081015
2531001	2532000	2531501	323.0	0.228874	0.140634
2532001	2533000	2532501	321.0	0.229396	0.131673
2533001	2534000	2533501	275.0	0.229919	-0.091469
2534001	2535000	2534501	222.0	0.230441	-0.400341
2535001	2536000	2535501	245.0	0.230964	-0.258119
2536001	2537000	2536501	240.0	0.231486	-0.287866
2537001	2538000	2537501	279.0	0.232009	-0.070636
2538001	2539000	2538501	347.0	0.232532	0.244035
2539001	2540000	2539501	272.0	0.233054	-0.107294
2540001	2541000	2540501	281.0	0.233577	-0.060331
2541001	2542000	2541501	337.0	0.234099	0.201848
2542001	2543000	2542501	424.0	0.234622	0.533164
2543001	2544000	2543501	469.0	0.235144	0.678687
2544001	2545000	2544501	314.0	0.235667	0.099864
2545001	2546000	2545501	263.0	0.236189	-0.155838
2546001	2547000	2546501	240.0	0.236712	-0.287866
2547001	2548000	2547501	352.0	0.237234	0.264675
2548001	2549000	2548501	310.0	0.237757	0.081368
2549001	2550000	2549501	301.0	0.238279	0.038863
2550001	2551000	2550501	296.0	0.238802	0.014697
2551001	2552000	2551501	311.0	0.239325	0.086014
2552001	2553000	2552501	342.0	0.239847	0.223096
2553001	2554000	2553501	286.0	0.240370	-0.034886
2554001	2555000	2554501	293.0	0.240892	0.000000
2555001	2556000	2555501	302.0	0.241415	0.043648
2556001	2557000	2556501	265.0	0.241937	-0.144908
2557001	2558000	2557501	448.0	0.242460	0.612598
2558001	2559000	2558501	281.0	0.242982	-0.060331
2559001	2560000	2559501	255.0	0.243505	-0.200403
2560001	2561000	2560501	301.0	0.244027	0.038863
2561001	2562000	2561501	278.0	0.244550	-0.075816
2562001	2563000	2562501	310.0	0.245073	0.081368
2563001	2564000	2563501	268.0	0.245595	-0.128668
2564001	2565000	2564501	334.0	0.246118	0.188947
2565001	2566000	2565501	334.0	0.246640	0.188947
2566001	2567000	2566501	340.0	0.247163	0.214634
2567001	2568000	2567501	364.0	0.247685	0.313038
2568001	2569000	2568501	315.0	0.248208	0.104451
2569001	2570000	2569501	348.0	0.248730	0.248187
2570001	2571000	2570501	331.0	0.249253	0.175931
2571001	2572000	2571501	304.0	0.249775	0.053171
2572001	2573000	2572501	308.0	0.250298	0.072030
2573001	2574000	2573501	343.0	0.250821	0.227308
2574001	2575000	2574501	329.0	0.251343	0.167187
2575001	2576000	2575501	308.0	0.251866	0.072030
2576001	2577000	2576501	242.0	0.252388	-0.275894
2577001	2578000	2577501	297.0	0.252911	0.019562
2578001	2579000	2578501	260.0	0.253433	-0.172389
2579001	2580000	2579501	353.0	0.253956	0.268768
2580001	2581000	2580501	329.0	0.254478	0.167187
2581001	2582000	2581501	247.0	0.255001	-0.246390
2582001	2583000	2582501	249.0	0.255523	-0.234755
2583001	2584000	2583501	284.0	0.256046	-0.045010
2584001	2585000	2584501	276.0	0.256568	-0.086232
2585001	2586000	2585501	284.0	0.257091	-0.045010
2586001	2587000	2586501	314.0	0.257614	0.099864
2587001	2588000	2587501	283.0	0.258136	-0.050099
2588001	2589000	2588501	278.0	0.258659	-0.075816
2589001	2590000	2589501	341.0	0.259181	0.218871
2590001	2591000	2590501	263.0	0.259704	-0.155838
2591001	2592000	2591501	249.0	0.260226	-0.234755
2592001	2593000	2592501	308.0	0.260749	0.072030
2593001	2594000	2593501	295.0	0.261271	0.009814
2594001	2595000	2594501	302.0	0.261794	0.043648
2595001	2596000	2595501	289.0	0.262316	-0.019831
2596001	2597000	2596501	275.0	0.262839	-0.091469
2597001	2598000	2597501	279.0	0.263362	-0.070636
2598001	2599000	2598501	272.0	0.263884	-0.107294
2599001	2600000	2599501	325.0	0.264407	0.149539
2600001	2601000	2600501	304.0	0.264929	0.053171
2601001	2602000	2601501	295.0	0.265452	0.009814
2602001	2603000	2602501	374.0	0.265974	0.352138
2603001	2604000	2603501	333.0	0.266497	0.184622
2604001	2605000	2604501	342.0	0.267019	0.223096
2605001	2606000	2605501	275.0	0.267542	-0.091469
2606001	2607000	2606501	260.0	0.268064	-0.172389
2607001	2608000	2607501	256.0	0.268587	-0.194757
2608001	2609000	2608501	275.0	0.269110	-0.091469
2609001	2610000	2609501	279.0	0.269632	-0.070636
2610001	2611000	2610501	366.0	0.270155	0.320943
2611001	2612000	2611501	370.0	0.270677	0.336625
2612001	2613000	2612501	300.0	0.271200	0.034062
2613001	2614000	2613501	392.0	0.271722	0.419953
2614001	2615000	2614501	271.0	0.272245	-0.112608
2615001	2616000	2615501	325.0	0.272767	0.149539
2616001	2617000	2616501	289.0	0.273290	-0.019831
2617001	2618000	2617501	263.0	0.273812	-0.155838
2618001	2619000	2618501	336.0	0.274335	0.197561
2619001	2620000	2619501	237.0	0.274857	-0.306014
2620001	2621000	2620501	289.0	0.275380	-0.019831
2621001	2622000	2621501	269.0	0.275903	-0.123294
2622001	2623000	2622501	265.0	0.276425	-0.144908
2623001	2624000	2623501	311.0	0.276948	0.086014
2624001	2625000	2624501	433.0	0.277470	0.563466
2625001	2626000	2625501	373.0	0.277993	0.348275
2626001	2627000	2626501	268.0	0.278515	-0.128668
2627001	2628000	2627501	266.0	0.279038	-0.139474
2628001	2629000	2628501	316.0	0.279560	0.109024
2629001	2630000	2629501	347.0	0.280083	0.244035
2630001	2631000	2630501	280.0	0.280605	-0.065474
2631001	2632000	2631501	277.0	0.281128	-0.081015
2632001	2633000	2632501	298.0	0.281651	0.024412
2633001	2634000	2633501	301.0	0.282173	0.038863
2634001	2635000	2634501	261.0	0.282696	-0.166851
2635001	2636000	2635501	294.0	0.283218	0.004915
2636001	2637000	2636501	257.0	0.283741	-0.189132
2637001	2638000	2637501	281.0	0.284263	-0.060331
2638001	2639000	2638501	258.0	0.284786	-0.183530
2639001	2640000	2639501	241.0	0.285308	-0.281868
2640001	2641000	2640501	298.0	0.285831	0.024412
2641001	2642000	2641501	262.0	0.286353	-0.161334
2642001	2643000	2642501	285.0	0.286876	-0.039939
2643001	2644000	2643501	290.0	0.287399	-0.014848
2644001	2645000	2644501	310.0	0.287921	0.081368
2645001	2646000	2645501	245.0	0.288444	-0.258119
2646001	2647000	2646501	259.0	0.288966	-0.177949
2647001	2648000	2647501	292.0	0.289489	-0.004932
2648001	2649000	2648501	246.0	0.290011	-0.252242
2649001	2650000	2649501	304.0	0.290534	0.053171
2650001	2651000	2650501	277.0	0.291056	-0.081015
2651001	2652000	2651501	316.0	0.291579	0.109024
2652001	2653000	2652501	353.0	0.292101	0.268768
2653001	2654000	2653501	261.0	0.292624	-0.166851
2654001	2655000	2654501	303.0	0.293146	0.048417
2655001	2656000	2655501	291.0	0.293669	-0.009882
2656001	2657000	2656501	271.0	0.294192	-0.112608
2657001	2658000	2657501	229.0	0.294714	-0.355553
2658001	2659000	2658501	259.0	0.295237	-0.177949
2659001	2660000	2659501	241.0	0.295759	-0.281868
2660001	2661000	2660501	256.0	0.296282	-0.194757
2661001	2662000	2661501	282.0	0.296804	-0.055206
2662001	2663000	2662501	262.0	0.297327	-0.161334
2663001	2664000	2663501	297.0	0.297849	0.019562
2664001	2665000	2664501	271.0	0.298372	-0.112608
2665001	2666000	2665501	298.0	0.298894	0.024412
2666001	2667000	2666501	230.0	0.299417	-0.349267
2667001	2668000	2667501	320.0	0.299940	0.127171
2668001	2669000	2668501	303.0	0.300462	0.048417
2669001	2670000	2669501	276.0	0.300985	-0.086232
2670001	2671000	2670501	309.0	0.301507	0.076706
2671001	2672000	2671501	300.0	0.302030	0.034062
2672001	2673000	2672501	284.0	0.302552	-0.045010
2673001	2674000	2673501	266.0	0.303075	-0.139474
2674001	2675000	2674501	230.0	0.303597	-0.349267
2675001	2676000	2675501	274.0	0.304120	-0.096725
2676001	2677000	2676501	231.0	0.304642	-0.343008
2677001	2678000	2677501	259.0	0.305165	-0.177949
2678001	2679000	2678501	295.0	0.305688	0.009814
2679001	2680000	2679501	237.0	0.306210	-0.306014
2680001	2681000	2680501	309.0	0.306733	0.076706
2681001	2682000	2681501	272.0	0.307255	-0.107294
2682001	2683000	2682501	319.0	0.307778	0.122656
2683001	2684000	2683501	406.0	0.308300	0.470579
2684001	2685000	2684501	297.0	0.308823	0.019562
2685001	2686000	2685501	259.0	0.309345	-0.177949
2686001	2687000	2686501	313.0	0.309868	0.095262
2687001	2688000	2687501	351.0	0.310390	0.260570
2688001	2689000	2688501	330.0	0.310913	0.171565
2689001	2690000	2689501	327.0	0.311435	0.158390
2690001	2691000	2690501	459.0	0.311958	0.647593
2691001	2692000	2691501	390.0	0.312481	0.412573
2692001	2693000	2692501	331.0	0.313003	0.175931
2693001	2694000	2693501	287.0	0.313526	-0.029850
2694001	2695000	2694501	250.0	0.314048	-0.228973
2695001	2696000	2695501	330.0	0.314571	0.171565
2696001	2697000	2696501	290.0	0.315093	-0.014848
2697001	2698000	2697501	408.0	0.315616	0.477668
2698001	2699000	2698501	303.0	0.316138	0.048417
2699001	2700000	2699501	280.0	0.316661	-0.065474
2700001	2701000	2700501	303.0	0.317183	0.048417
2701001	2702000	2701501	288.0	0.317706	-0.024832
2702001	2703000	2702501	300.0	0.318229	0.034062
2703001	2704000	2703501	294.0	0.318751	0.004915
2704001	2705000	2704501	274.0	0.319274	-0.096725
2705001	2706000	2705501	264.0	0.319796	-0.150363
2706001	2707000	2706501	313.0	0.320319	0.095262
2707001	2708000	2707501	325.0	0.320841	0.149539
2708001	2709000	2708501	371.0	0.321364	0.340519
2709001	2710000	2709501	406.0	0.321886	0.470579
2710001	2711000	2710501	343.0	0.322409	0.227308
2711001	2712000	2711501	276.0	0.322931	-0.086232
2712001	2713000	2712501	328.0	0.323454	0.162795
2713001	2714000	2713501	300.0	0.323977	0.034062
2714001	2715000	2714501	291.0	0.324499	-0.009882
2715001	2716000	2715501	258.0	0.325022	-0.183530
2716001	2717000	2716501	226.0	0.325544	-0.374578
2717001	2718000	2717501	302.0	0.326067	0.043648
2718001	2719000	2718501	280.0	0.326589	-0.065474
2719001	2720000	2719501	207.0	0.327112	-0.501270
2720001	2721000	2720501	226.0	0.327634	-0.374578
2721001	2722000	2721501	290.0	0.328157	-0.014848
2722001	2723000	2722501	332.0	0.328679	0.180283
2723001	2724000	2723501	366.0	0.329202	0.320943
2724001	2725000	2724501	291.0	0.329724	-0.009882
2725001	2726000	2725501	265.0	0.330247	-0.144908
2726001	2727000	2726501	283.0	0.330770	-0.050099
2727001	2728000	2727501	305.0	0.331292	0.057909
2728001	2729000	2728501	299.0	0.331815	0.029245
2729001	2730000	2729501	328.0	0.332337	0.162795
2730001	2731000	2730501	323.0	0.332860	0.140634
2731001	2732000	2731501	242.0	0.333382	-0.275894
2732001	2733000	2732501	193.0	0.333905	-0.602300
2733001	2734000	2733501	293.0	0.334427	0.000000
2734001	2735000	2734501	241.0	0.334950	-0.281868
2735001	2736000	2735501	337.0	0.335472	0.201848
2736001	2737000	2736501	281.0	0.335995	-0.060331
2737001	2738000	2737501	265.0	0.336518	-0.144908
2738001	2739000	2738501	322.0	0.337040	0.136160
2739001	2740000	2739501	268.0	0.337563	-0.128668
2740001	2741000	2740501	233.0	0.338085	-0.330571
2741001	2742000	2741501	345.0	0.338608	0.235696
2742001	2743000	2742501	343.0	0.339130	0.227308
2743001	2744000	2743501	321.0	0.339653	0.131673
2744001	2745000	2744501	253.0	0.340175	-0.211763
2745001	2746000	2745501	300.0	0.340698	0.034062
2746001	2747000	2746501	288.0	0.341220	-0.024832
2747001	2748000	2747501	285.0	0.341743	-0.039939
2748001	2749000	2748501	254.0	0.342266	-0.206072
2749001	2750000	2749501	274.0	0.342788	-0.096725
2750001	2751000	2750501	282.0	0.343311	-0.055206
2751001	2752000	2751501	284.0	0.343833	-0.045010
2752001	2753000	2752501	311.0	0.344356	0.086014
2753001	2754000	2753501	308.0	0.344878	0.072030
2754001	2755000	2754501	243.0	0.345401	-0.269944
2755001	2756000	2755501	231.0	0.345923	-0.343008
2756001	2757000	2756501	300.0	0.346446	0.034062
2757001	2758000	2757501	343.0	0.346968	0.227308
2758001	2759000	2758501	273.0	0.347491	-0.102000
2759001	2760000	2759501	328.0	0.348013	0.162795
2760001	2761000	2760501	370.0	0.348536	0.336625
2761001	2762000	2761501	368.0	0.349059	0.328805
2762001	2763000	2762501	298.0	0.349581	0.024412
2763001	2764000	2763501	266.0	0.350104	-0.139474
2764001	2765000	2764501	265.0	0.350626	-0.144908
2765001	2766000	2765501	301.0	0.351149	0.038863
2766001	2767000	2766501	291.0	0.351671	-0.009882
2767001	2768000	2767501	274.0	0.352194	-0.096725
2768001	2769000	2768501	356.0	0.352716	0.280977
2769001	2770000	2769501	360.0	0.353239	0.297096
2770001	2771000	2770501	285.0	0.353761	-0.039939
2771001	2772000	2771501	361.0	0.354284	0.301098
2772001	2773000	2772501	341.0	0.354807	0.218871
2773001	2774000	2773501	397.0	0.355329	0.438238
2774001	2775000	2774501	305.0	0.355852	0.057909
2775001	2776000	2775501	378.0	0.356374	0.367486
2776001	2777000	2776501	342.0	0.356897	0.223096
2777001	2778000	2777501	278.0	0.357419	-0.075816
2778001	2779000	2778501	308.0	0.357942	0.072030
2779001	2780000	2779501	367.0	0.358464	0.324879
2780001	2781000	2780501	372.0	0.358987	0.344402
2781001	2782000	2781501	315.0	0.359509	0.104451
2782001	2783000	2782501	296.0	0.360032	0.014697
2783001	2784000	2783501	332.0	0.360555	0.180283
2784001	2785000	2784501	251.0	0.361077	-0.223213
2785001	2786000	2785501	244.0	0.361600	-0.264020
2786001	2787000	2786501	386.0	0.362122	0.397700
2787001	2788000	2787501	430.0	0.362645	0.553436
2788001	2789000	2788501	409.0	0.363167	0.481200
2789001	2790000	2789501	391.0	0.363690	0.416268
2790001	2791000	2790501	397.0	0.364212	0.438238
2791001	2792000	2791501	390.0	0.364735	0.412573
2792001	2793000	2792501	362.0	0.365257	0.305089
2793001	2794000	2793501	270.0	0.365780	-0.117941
2794001	2795000	2794501	341.0	0.366302	0.218871
2795001	2796000	2795501	343.0	0.366825	0.227308
2796001	2797000	2796501	313.0	0.367348	0.095262
2797001	2798000	2797501	302.0	0.367870	0.043648
2798001	2799000	2798501	247.0	0.368393	-0.246390
2799001	2800000	2799501	284.0	0.368915	-0.045010
2800001	2801000	2800501	302.0	0.369438	0.043648
2801001	2802000	2801501	263.0	0.369960	-0.155838
2802001	2803000	2802501	284.0	0.370483	-0.045010
2803001	2804000	2803501	336.0	0.371005	0.197561
2804001	2805000	2804501	314.0	0.371528	0.099864
2805001	2806000	2805501	289.0	0.372050	-0.019831
2806001	2807000	2806501	302.0	0.372573	0.043648
2807001	2808000	2807501	347.0	0.373096	0.244035
2808001	2809000	2808501	332.0	0.373618	0.180283
2809001	2810000	2809501	314.0	0.374141	0.099864
2810001	2811000	2810501	280.0	0.374663	-0.065474
2811001	2812000	2811501	237.0	0.375186	-0.306014
2812001	2813000	2812501	301.0	0.375708	0.038863
2813001	2814000	2813501	292.0	0.376231	-0.004932
2814001	2815000	2814501	211.0	0.376753	-0.473658
2815001	2816000	2815501	258.0	0.377276	-0.183530
2816001	2817000	2816501	272.0	0.377798	-0.107294
2817001	2818000	2817501	250.0	0.378321	-0.228973
2818001	2819000	2818501	320.0	0.378843	0.127171
2819001	2820000	2819501	290.0	0.379366	-0.014848
2820001	2821000	2820501	306.0	0.379889	0.062631
2821001	2822000	2821501	208.0	0.380411	-0.494317
2822001	2823000	2822501	240.0	0.380934	-0.287866
2823001	2824000	2823501	251.0	0.381456	-0.223213
2824001	2825000	2824501	230.0	0.381979	-0.349267
2825001	2826000	2825501	213.0	0.382501	-0.460047
2826001	2827000	2826501	236.0	0.383024	-0.312114
2827001	2828000	2827501	268.0	0.383546	-0.128668
2828001	2829000	2828501	327.0	0.384069	0.158390
2829001	2830000	2829501	306.0	0.384591	0.062631
2830001	2831000	2830501	307.0	0.385114	0.067338
2831001	2832000	2831501	320.0	0.385637	0.127171
2832001	2833000	2832501	311.0	0.386159	0.086014
2833001	2834000	2833501	304.0	0.386682	0.053171
2834001	2835000	2834501	319.0	0.387204	0.122656
2835001	2836000	2835501	314.0	0.387727	0.099864
2836001	2837000	2836501	255.0	0.388249	-0.200403
2837001	2838000	2837501	262.0	0.388772	-0.161334
2838001	2839000	2838501	293.0	0.389294	0.000000
2839001	2840000	2839501	309.0	0.389817	0.076706
2840001	2841000	2840501	446.0	0.390339	0.606143
2841001	2842000	2841501	484.0	0.390862	0.724106
2842001	2843000	2842501	425.0	0.391385	0.536562
2843001	2844000	2843501	369.0	0.391907	0.332720
2844001	2845000	2844501	349.0	0.392430	0.252326
2845001	2846000	2845501	291.0	0.392952	-0.009882
2846001	2847000	2846501	354.0	0.393475	0.272849
2847001	2848000	2847501	336.0	0.393997	0.197561
2848001	2849000	2848501	382.0	0.394520	0.382672
2849001	2850000	2849501	297.0	0.395042	0.019562
2850001	2851000	2850501	312.0	0.395565	0.090645
2851001	2852000	2851501	268.0	0.396087	-0.128668
2852001	2853000	2852501	360.0	0.396610	0.297096
2853001	2854000	2853501	373.0	0.397132	0.348275
2854001	2855000	2854501	258.0	0.397655	-0.183530
2855001	2856000	2855501	264.0	0.398178	-0.150363
2856001	2857000	2856501	264.0	0.398700	-0.150363
2857001	2858000	2857501	265.0	0.399223	-0.144908
2858001	2859000	2858501	355.0	0.399745	0.276918
2859001	2860000	2859501	254.0	0.400268	-0.206072
2860001	2861000	2860501	313.0	0.400790	0.095262
2861001	2862000	2861501	340.0	0.401313	0.214634
2862001	2863000	2862501	406.0	0.401835	0.470579
2863001	2864000	2863501	249.0	0.402358	-0.234755
2864001	2865000	2864501	290.0	0.402880	-0.014848
2865001	2866000	2865501	280.0	0.403403	-0.065474
2866001	2867000	2866501	308.0	0.403926	0.072030
2867001	2868000	2867501	263.0	0.404448	-0.155838
2868001	2869000	2868501	275.0	0.404971	-0.091469
2869001	2870000	2869501	234.0	0.405493	-0.324392
2870001	2871000	2870501	244.0	0.406016	-0.264020
2871001	2872000	2871501	258.0	0.406538	-0.183530
2872001	2873000	2872501	273.0	0.407061	-0.102000
2873001	2874000	2873501	300.0	0.407583	0.034062
2874001	2875000	2874501	295.0	0.408106	0.009814
2875001	2876000	2875501	287.0	0.408628	-0.029850
2876001	2877000	2876501	317.0	0.409151	0.113582
2877001	2878000	2877501	317.0	0.409674	0.113582
2878001	2879000	2878501	310.0	0.410196	0.081368
2879001	2880000	2879501	293.0	0.410719	0.000000
2880001	2881000	2880501	266.0	0.411241	-0.139474
2881001	2882000	2881501	281.0	0.411764	-0.060331
2882001	2883000	2882501	322.0	0.412286	0.136160
2883001	2884000	2883501	365.0	0.412809	0.316996
2884001	2885000	2884501	341.0	0.413331	0.218871
2885001	2886000	2885501	272.0	0.413854	-0.107294
2886001	2887000	2886501	231.0	0.414376	-0.343008
2887001	2888000	2887501	271.0	0.414899	-0.112608
2888001	2889000	2888501	301.0	0.415421	0.038863
2889001	2890000	2889501	256.0	0.415944	-0.194757
2890001	2891000	2890501	262.0	0.416467	-0.161334
2891001	2892000	2891501	324.0	0.416989	0.145093
2892001	2893000	2892501	237.0	0.417512	-0.306014
2893001	2894000	2893501	271.0	0.418034	-0.112608
2894001	2895000	2894501	289.0	0.418557	-0.019831
2895001	2896000	2895501	259.0	0.419079	-0.177949
2896001	2897000	2896501	309.0	0.419602	0.076706
2897001	2898000	2897501	468.0	0.420124	0.675608
2898001	2899000	2898501	331.0	0.420647	0.175931
2899001	2900000	2899501	383.0	0.421169	0.386444
2900001	2901000	2900501	343.0	0.421692	0.227308
2901001	2902000	2901501	303.0	0.422215	0.048417
2902001	2903000	2902501	371.0	0.422737	0.340519
2903001	2904000	2903501	294.0	0.423260	0.004915
2904001	2905000	2904501	351.0	0.423782	0.260570
2905001	2906000	2905501	307.0	0.424305	0.067338
2906001	2907000	2906501	296.0	0.424827	0.014697
2907001	2908000	2907501	258.0	0.425350	-0.183530
2908001	2909000	2908501	304.0	0.425872	0.053171
2909001	2910000	2909501	295.0	0.426395	0.009814
2910001	2911000	2910501	234.0	0.426917	-0.324392
2911001	2912000	2911501	266.0	0.427440	-0.139474
2912001	2913000	2912501	314.0	0.427963	0.099864
2913001	2914000	2913501	381.0	0.428485	0.378890
2914001	2915000	2914501	233.0	0.429008	-0.330571
2915001	2916000	2915501	207.0	0.429530	-0.501270
2916001	2917000	2916501	269.0	0.430053	-0.123294
2917001	2918000	2917501	278.0	0.430575	-0.075816
2918001	2919000	2918501	242.0	0.431098	-0.275894
2919001	2920000	2919501	245.0	0.431620	-0.258119
2920001	2921000	2920501	268.0	0.432143	-0.128668
2921001	2922000	2921501	290.0	0.432665	-0.014848
2922001	2923000	2922501	233.0	0.433188	-0.330571
2923001	2924000	2923501	293.0	0.433710	0.000000
2924001	2925000	2924501	399.0	0.434233	0.445488
2925001	2926000	2925501	503.0	0.434756	0.779658
2926001	2927000	2926501	279.0	0.435278	-0.070636
2927001	2928000	2927501	280.0	0.435801	-0.065474
2928001	2929000	2928501	398.0	0.436323	0.441868
2929001	2930000	2929501	281.0	0.436846	-0.060331
2930001	2931000	2930501	245.0	0.437368	-0.258119
2931001	2932000	2931501	313.0	0.437891	0.095262
2932001	2933000	2932501	341.0	0.438413	0.218871
2933001	2934000	2933501	317.0	0.438936	0.113582
2934001	2935000	2934501	311.0	0.439458	0.086014
2935001	2936000	2935501	297.0	0.439981	0.019562
2936001	2937000	2936501	279.0	0.440504	-0.070636
2937001	2938000	2937501	351.0	0.441026	0.260570
2938001	2939000	2938501	319.0	0.441549	0.122656
2939001	2940000	2939501	271.0	0.442071	-0.112608
2940001	2941000	2940501	285.0	0.442594	-0.039939
2941001	2942000	2941501	312.0	0.443116	0.090645
2942001	2943000	2942501	331.0	0.443639	0.175931
2943001	2944000	2943501	260.0	0.444161	-0.172389
2944001	2945000	2944501	265.0	0.444684	-0.144908
2945001	2946000	2945501	229.0	0.445206	-0.355553
2946001	2947000	2946501	213.0	0.445729	-0.460047
2947001	2948000	2947501	270.0	0.446252	-0.117941
2948001	2949000	2948501	279.0	0.446774	-0.070636
2949001	2950000	2949501	273.0	0.447297	-0.102000
2950001	2951000	2950501	248.0	0.447819	-0.240561
2951001	2952000	2951501	272.0	0.448342	-0.107294
2952001	2953000	2952501	237.0	0.448864	-0.306014
2953001	2954000	2953501	301.0	0.449387	0.038863
2954001	2955000	2954501	316.0	0.449909	0.109024
2955001	2956000	2955501	294.0	0.450432	0.004915
2956001	2957000	2956501	290.0	0.450954	-0.014848
2957001	2958000	2957501	280.0	0.451477	-0.065474
2958001	2959000	2958501	277.0	0.451999	-0.081015
2959001	2960000	2959501	359.0	0.452522	0.293083
2960001	2961000	2960501	285.0	0.453045	-0.039939
2961001	2962000	2961501	228.0	0.453567	-0.361867
2962001	2963000	2962501	265.0	0.454090	-0.144908
2963001	2964000	2963501	235.0	0.454612	-0.318240
2964001	2965000	2964501	283.0	0.455135	-0.050099
2965001	2966000	2965501	292.0	0.455657	-0.004932
2966001	2967000	2966501	229.0	0.456180	-0.355553
2967001	2968000	2967501	257.0	0.456702	-0.189132
2968001	2969000	2968501	338.0	0.457225	0.206123
2969001	2970000	2969501	287.0	0.457747	-0.029850
2970001	2971000	2970501	317.0	0.458270	0.113582
2971001	2972000	2971501	467.0	0.458793	0.672522
2972001	2973000	2972501	380.0	0.459315	0.375099
2973001	2974000	2973501	376.0	0.459838	0.359832
2974001	2975000	2974501	284.0	0.460360	-0.045010
2975001	2976000	2975501	324.0	0.460883	0.145093
2976001	2977000	2976501	303.0	0.461405	0.048417
2977001	2978000	2977501	285.0	0.461928	-0.039939
2978001	2979000	2978501	259.0	0.462450	-0.177949
2979001	2980000	2979501	231.0	0.462973	-0.343008
2980001	2981000	2980501	312.0	0.463495	0.090645
2981001	2982000	2981501	318.0	0.464018	0.118126
2982001	2983000	2982501	328.0	0.464541	0.162795
2983001	2984000	2983501	308.0	0.465063	0.072030
2984001	2985000	2984501	345.0	0.465586	0.235696
2985001	2986000	2985501	376.0	0.466108	0.359832
2986001	2987000	2986501	268.0	0.466631	-0.128668
2987001	2988000	2987501	271.0	0.467153	-0.112608
2988001	2989000	2988501	258.0	0.467676	-0.183530
2989001	2990000	2989501	233.0	0.468198	-0.330571
2990001	2991000	2990501	255.0	0.468721	-0.200403
2991001	2992000	2991501	267.0	0.469243	-0.134061
2992001	2993000	2992501	274.0	0.469766	-0.096725
2993001	2994000	2993501	317.0	0.470288	0.113582
2994001	2995000	2994501	218.0	0.470811	-0.426573
2995001	2996000	2995501	273.0	0.471334	-0.102000
2996001	2997000	2996501	320.0	0.471856	0.127171
2997001	2998000	2997501	254.0	0.472379	-0.206072
2998001	2999000	2998501	278.0	0.472901	-0.075816
2999001	3000000	2999501	392.0	0.473424	0.419953
3000001	3001000	3000501	301.0	0.473946	0.038863
3001001	3002000	3001501	255.0	0.474469	-0.200403
3002001	3003000	3002501	303.0	0.474991	0.048417
3003001	3004000	3003501	450.0	0.475514	0.619024
3004001	3005000	3004501	296.0	0.476036	0.014697
3005001	3006000	3005501	235.0	0.476559	-0.318240
3006001	3007000	3006501	301.0	0.477082	0.038863
3007001	3008000	3007501	246.0	0.477604	-0.252242
3008001	3009000	3008501	205.0	0.478127	-0.515277
3009001	3010000	3009501	269.0	0.478649	-0.123294
3010001	3011000	3010501	234.0	0.479172	-0.324392
3011001	3012000	3011501	220.0	0.479694	-0.413397
3012001	3013000	3012501	218.0	0.480217	-0.426573
3013001	3014000	3013501	213.0	0.480739	-0.460047
3014001	3015000	3014501	282.0	0.481262	-0.055206
3015001	3016000	3015501	320.0	0.481784	0.127171
3016001	3017000	3016501	338.0	0.482307	0.206123
3017001	3018000	3017501	300.0	0.482830	0.034062
3018001	3019000	3018501	258.0	0.483352	-0.183530
3019001	3020000	3019501	272.0	0.483875	-0.107294
3020001	3021000	3020501	294.0	0.484397	0.004915
3021001	3022000	3021501	228.0	0.484920	-0.361867
3022001	3023000	3022501	232.0	0.485442	-0.336776
3023001	3024000	3023501	325.0	0.485965	0.149539
3024001	3025000	3024501	273.0	0.486487	-0.102000
3025001	3026000	3025501	288.0	0.487010	-0.024832
3026001	3027000	3026501	490.0	0.487532	0.741881
3027001	3028000	3027501	393.0	0.488055	0.423629
3028001	3029000	3028501	433.0	0.488577	0.563466
3029001	3030000	3029501	384.0	0.489100	0.390206
3030001	3031000	3030501	291.0	0.489623	-0.009882
3031001	3032000	3031501	244.0	0.490145	-0.264020
3032001	3033000	3032501	229.0	0.490668	-0.355553
3033001	3034000	3033501	217.0	0.491190	-0.433206
3034001	3035000	3034501	283.0	0.491713	-0.050099
3035001	3036000	3035501	252.0	0.492235	-0.217477
3036001	3037000	3036501	294.0	0.492758	0.004915
3037001	3038000	3037501	298.0	0.493280	0.024412
3038001	3039000	3038501	262.0	0.493803	-0.161334
3039001	3040000	3039501	276.0	0.494325	-0.086232
3040001	3041000	3040501	243.0	0.494848	-0.269944
3041001	3042000	3041501	293.0	0.495371	0.000000
3042001	3043000	3042501	282.0	0.495893	-0.055206
3043001	3044000	3043501	281.0	0.496416	-0.060331
3044001	3045000	3044501	368.0	0.496938	0.328805
3045001	3046000	3045501	295.0	0.497461	0.009814
3046001	3047000	3046501	255.0	0.497983	-0.200403
3047001	3048000	3047501	253.0	0.498506	-0.211763
3048001	3049000	3048501	266.0	0.499028	-0.139474
3049001	3050000	3049501	286.0	0.499551	-0.034886
3050001	3051000	3050501	226.0	0.500073	-0.374578
3051001	3052000	3051501	257.0	0.500596	-0.189132
3052001	3053000	3052501	332.0	0.501119	0.180283
3053001	3054000	3053501	295.0	0.501641	0.009814
3054001	3055000	3054501	336.0	0.502164	0.197561
3055001	3056000	3055501	310.0	0.502686	0.081368
3056001	3057000	3056501	312.0	0.503209	0.090645
3057001	3058000	3057501	305.0	0.503731	0.057909
3058001	3059000	3058501	290.0	0.504254	-0.014848
3059001	3060000	3059501	295.0	0.504776	0.009814
3060001	3061000	3060501	295.0	0.505299	0.009814
3061001	3062000	3061501	259.0	0.505821	-0.177949
3062001	3063000	3062501	268.0	0.506344	-0.128668
3063001	3064000	3063501	302.0	0.506866	0.043648
3064001	3065000	3064501	371.0	0.507389	0.340519
3065001	3066000	3065501	255.0	0.507912	-0.200403
3066001	3067000	3066501	198.0	0.508434	-0.565400
3067001	3068000	3067501	272.0	0.508957	-0.107294
3068001	3069000	3068501	229.0	0.509479	-0.355553
3069001	3070000	3069501	232.0	0.510002	-0.336776
3070001	3071000	3070501	253.0	0.510524	-0.211763
3071001	3072000	3071501	197.0	0.511047	-0.572705
3072001	3073000	3072501	224.0	0.511569	-0.387402
3073001	3074000	3073501	257.0	0.512092	-0.189132
3074001	3075000	3074501	218.0	0.512614	-0.426573
3075001	3076000	3075501	240.0	0.513137	-0.287866
3076001	3077000	3076501	236.0	0.513660	-0.312114
3077001	3078000	3077501	243.0	0.514182	-0.269944
3078001	3079000	3078501	306.0	0.514705	0.062631
3079001	3080000	3079501	266.0	0.515227	-0.139474
3080001	3081000	3080501	304.0	0.515750	0.053171
3081001	3082000	3081501	249.0	0.516272	-0.234755
3082001	3083000	3082501	252.0	0.516795	-0.217477
3083001	3084000	3083501	321.0	0.517317	0.131673
3084001	3085000	3084501	431.0	0.517840	0.556787
3085001	3086000	3085501	432.0	0.518362	0.560131
3086001	3087000	3086501	294.0	0.518885	0.004915
3087001	3088000	3087501	379.0	0.519407	0.371297
3088001	3089000	3088501	249.0	0.519930	-0.234755
3089001	3090000	3089501	247.0	0.520453	-0.246390
3090001	3091000	3090501	233.0	0.520975	-0.330571
3091001	3092000	3091501	236.0	0.521498	-0.312114
3092001	3093000	3092501	245.0	0.522020	-0.258119
3093001	3094000	3093501	218.0	0.522543	-0.426573
3094001	3095000	3094501	243.0	0.523065	-0.269944
3095001	3096000	3095501	246.0	0.523588	-0.252242
3096001	3097000	3096501	330.0	0.524110	0.171565
3097001	3098000	3097501	311.0	0.524633	0.086014
3098001	3099000	3098501	253.0	0.525155	-0.211763
3099001	3100000	3099501	272.0	0.525678	-0.107294
3100001	3101000	3100501	268.0	0.526201	-0.128668
3101001	3102000	3101501	346.0	0.526723	0.239871
3102001	3103000	3102501	324.0	0.527246	0.145093
3103001	3104000	3103501	238.0	0.527768	-0.299939
3104001	3105000	3104501	287.0	0.528291	-0.029850
3105001	3106000	3105501	382.0	0.528813	0.382672
3106001	3107000	3106501	328.0	0.529336	0.162795
3107001	3108000	3107501	348.0	0.529858	0.248187
3108001	3109000	3108501	359.0	0.530381	0.293083
3109001	3110000	3109501	336.0	0.530903	0.197561
3110001	3111000	3110501	269.0	0.531426	-0.123294
3111001	3112000	3111501	318.0	0.531949	0.118126
3112001	3113000	3112501	303.0	0.532471	0.048417
3113001	3114000	3113501	224.0	0.532994	-0.387402
3114001	3115000	3114501	210.0	0.533516	-0.480511
3115001	3116000	3115501	261.0	0.534039	-0.166851
3116001	3117000	3116501	354.0	0.534561	0.272849
3117001	3118000	3117501	302.0	0.535084	0.043648
3118001	3119000	3118501	304.0	0.535606	0.053171
3119001	3120000	3119501	346.0	0.536129	0.239871
3120001	3121000	3120501	400.0	0.536651	0.449099
3121001	3122000	3121501	264.0	0.537174	-0.150363
3122001	3123000	3122501	301.0	0.537696	0.038863
3123001	3124000	3123501	312.0	0.538219	0.090645
3124001	3125000	3124501	433.0	0.538742	0.563466
3125001	3126000	3125501	341.0	0.539264	0.218871
3126001	3127000	3126501	265.0	0.539787	-0.144908
3127001	3128000	3127501	326.0	0.540309	0.153971
3128001	3129000	3128501	332.0	0.540832	0.180283
3129001	3130000	3129501	288.0	0.541354	-0.024832
3130001	3131000	3130501	281.0	0.541877	-0.060331
3131001	3132000	3131501	319.0	0.542399	0.122656
3132001	3133000	3132501	309.0	0.542922	0.076706
3133001	3134000	3133501	327.0	0.543444	0.158390
3134001	3135000	3134501	516.0	0.543967	0.816470
3135001	3136000	3135501	295.0	0.544490	0.009814
3136001	3137000	3136501	305.0	0.545012	0.057909
3137001	3138000	3137501	374.0	0.545535	0.352138
3138001	3139000	3138501	303.0	0.546057	0.048417
3139001	3140000	3139501	232.0	0.546580	-0.336776
3140001	3141000	3140501	344.0	0.547102	0.231508
3141001	3142000	3141501	298.0	0.547625	0.024412
3142001	3143000	3142501	276.0	0.548147	-0.086232
3143001	3144000	3143501	268.0	0.548670	-0.128668
3144001	3145000	3144501	289.0	0.549192	-0.019831
3145001	3146000	3145501	227.0	0.549715	-0.368208
3146001	3147000	3146501	235.0	0.550238	-0.318240
3147001	3148000	3147501	244.0	0.550760	-0.264020
3148001	3149000	3148501	243.0	0.551283	-0.269944
3149001	3150000	3149501	333.0	0.551805	0.184622
3150001	3151000	3150501	284.0	0.552328	-0.045010
3151001	3152000	3151501	263.0	0.552850	-0.155838
3152001	3153000	3152501	292.0	0.553373	-0.004932
3153001	3154000	3153501	284.0	0.553895	-0.045010
3154001	3155000	3154501	307.0	0.554418	0.067338
3155001	3156000	3155501	298.0	0.554940	0.024412
3156001	3157000	3156501	285.0	0.555463	-0.039939
3157001	3158000	3157501	305.0	0.555985	0.057909
3158001	3159000	3158501	288.0	0.556508	-0.024832
3159001	3160000	3159501	238.0	0.557031	-0.299939
3160001	3161000	3160501	248.0	0.557553	-0.240561
3161001	3162000	3161501	322.0	0.558076	0.136160
3162001	3163000	3162501	273.0	0.558598	-0.102000
3163001	3164000	3163501	215.0	0.559121	-0.446564
3164001	3165000	3164501	240.0	0.559643	-0.287866
3165001	3166000	3165501	323.0	0.560166	0.140634
3166001	3167000	3166501	392.0	0.560688	0.419953
3167001	3168000	3167501	272.0	0.561211	-0.107294
3168001	3169000	3168501	332.0	0.561733	0.180283
3169001	3170000	3169501	440.0	0.562256	0.586603
3170001	3171000	3170501	350.0	0.562779	0.256454
3171001	3172000	3171501	209.0	0.563301	-0.487398
3172001	3173000	3172501	288.0	0.563824	-0.024832
3173001	3174000	3173501	292.0	0.564346	-0.004932
3174001	3175000	3174501	236.0	0.564869	-0.312114
3175001	3176000	3175501	256.0	0.565391	-0.194757
3176001	3177000	3176501	286.0	0.565914	-0.034886
3177001	3178000	3177501	273.0	0.566436	-0.102000
3178001	3179000	3178501	290.0	0.566959	-0.014848
3179001	3180000	3179501	315.0	0.567481	0.104451
3180001	3181000	3180501	265.0	0.568004	-0.144908
3181001	3182000	3181501	264.0	0.568527	-0.150363
3182001	3183000	3182501	314.0	0.569049	0.099864
3183001	3184000	3183501	294.0	0.569572	0.004915
3184001	3185000	3184501	284.0	0.570094	-0.045010
3185001	3186000	3185501	299.0	0.570617	0.029245
3186001	3187000	3186501	296.0	0.571139	0.014697
3187001	3188000	3187501	284.0	0.571662	-0.045010
3188001	3189000	3188501	236.0	0.572184	-0.312114
3189001	3190000	3189501	318.0	0.572707	0.118126
3190001	3191000	3190501	312.0	0.573229	0.090645
3191001	3192000	3191501	334.0	0.573752	0.188947
3192001	3193000	3192501	329.0	0.574274	0.167187
3193001	3194000	3193501	270.0	0.574797	-0.117941
3194001	3195000	3194501	300.0	0.575320	0.034062
3195001	3196000	3195501	259.0	0.575842	-0.177949
3196001	3197000	3196501	248.0	0.576365	-0.240561
3197001	3198000	3197501	301.0	0.576887	0.038863
3198001	3199000	3198501	278.0	0.577410	-0.075816
3199001	3200000	3199501	345.0	0.577932	0.235696
3200001	3201000	3200501	266.0	0.578455	-0.139474
3201001	3202000	3201501	295.0	0.578977	0.009814
3202001	3203000	3202501	316.0	0.579500	0.109024
3203001	3204000	3203501	252.0	0.580022	-0.217477
3204001	3205000	3204501	426.0	0.580545	0.539953
3205001	3206000	3205501	330.0	0.581068	0.171565
3206001	3207000	3206501	256.0	0.581590	-0.194757
3207001	3208000	3207501	298.0	0.582113	0.024412
3208001	3209000	3208501	483.0	0.582635	0.721123
3209001	3210000	3209501	325.0	0.583158	0.149539
3210001	3211000	3210501	379.0	0.583680	0.371297
3211001	3212000	3211501	408.0	0.584203	0.477668
3212001	3213000	3212501	431.0	0.584725	0.556787
3213001	3214000	3213501	429.0	0.585248	0.550077
3214001	3215000	3214501	351.0	0.585770	0.260570
3215001	3216000	3215501	357.0	0.586293	0.285023
3216001	3217000	3216501	548.0	0.586816	0.903275
3217001	3218000	3217501	661.0	0.587338	1.173750
3218001	3219000	3218501	515.0	0.587861	0.813672
3219001	3220000	3219501	397.0	0.588383	0.438238
3220001	3221000	3220501	447.0	0.588906	0.609374
3221001	3222000	3221501	465.0	0.589428	0.666330
3222001	3223000	3222501	349.0	0.589951	0.252326
3223001	3224000	3223501	350.0	0.590473	0.256454
3224001	3225000	3224501	375.0	0.590996	0.355990
3225001	3226000	3225501	350.0	0.591518	0.256454
3226001	3227000	3226501	326.0	0.592041	0.153971
3227001	3228000	3227501	562.0	0.592563	0.939669
3228001	3229000	3228501	444.0	0.593086	0.599659
3229001	3230000	3229501	349.0	0.593609	0.252326
3230001	3231000	3230501	406.0	0.594131	0.470579
3231001	3232000	3231501	415.0	0.594654	0.502211
3232001	3233000	3232501	260.0	0.595176	-0.172389
3233001	3234000	3233501	417.0	0.595699	0.509147
3234001	3235000	3234501	393.0	0.596221	0.423629
3235001	3236000	3235501	328.0	0.596744	0.162795
3236001	3237000	3236501	329.0	0.597266	0.167187
3237001	3238000	3237501	299.0	0.597789	0.029245
3238001	3239000	3238501	281.0	0.598311	-0.060331
3239001	3240000	3239501	269.0	0.598834	-0.123294
3240001	3241000	3240501	277.0	0.599357	-0.081015
3241001	3242000	3241501	240.0	0.599879	-0.287866
3242001	3243000	3242501	251.0	0.600402	-0.223213
3243001	3244000	3243501	381.0	0.600924	0.378890
3244001	3245000	3244501	265.0	0.601447	-0.144908
3245001	3246000	3245501	275.0	0.601969	-0.091469
3246001	3247000	3246501	359.0	0.602492	0.293083
3247001	3248000	3247501	338.0	0.603014	0.206123
3248001	3249000	3248501	629.0	0.603537	1.102159
3249001	3250000	3249501	537.0	0.604059	0.874021
3250001	3251000	3250501	295.0	0.604582	0.009814
3251001	3252000	3251501	288.0	0.605105	-0.024832
3252001	3253000	3252501	296.0	0.605627	0.014697
3253001	3254000	3253501	289.0	0.606150	-0.019831
3254001	3255000	3254501	284.0	0.606672	-0.045010
3255001	3256000	3255501	300.0	0.607195	0.034062
3256001	3257000	3256501	285.0	0.607717	-0.039939
3257001	3258000	3257501	309.0	0.608240	0.076706
3258001	3259000	3258501	266.0	0.608762	-0.139474
3259001	3260000	3259501	281.0	0.609285	-0.060331
3260001	3261000	3260501	275.0	0.609807	-0.091469
3261001	3262000	3261501	317.0	0.610330	0.113582
3262001	3263000	3262501	226.0	0.610852	-0.374578
3263001	3264000	3263501	252.0	0.611375	-0.217477
3264001	3265000	3264501	246.0	0.611898	-0.252242
3265001	3266000	3265501	217.0	0.612420	-0.433206
3266001	3267000	3266501	209.0	0.612943	-0.487398
3267001	3268000	3267501	248.0	0.613465	-0.240561
3268001	3269000	3268501	254.0	0.613988	-0.206072
3269001	3270000	3269501	245.0	0.614510	-0.258119
3270001	3271000	3270501	188.0	0.615033	-0.640168
3271001	3272000	3271501	255.0	0.615555	-0.200403
3272001	3273000	3272501	270.0	0.616078	-0.117941
3273001	3274000	3273501	307.0	0.616600	0.067338
3274001	3275000	3274501	258.0	0.617123	-0.183530
3275001	3276000	3275501	273.0	0.617646	-0.102000
3276001	3277000	3276501	349.0	0.618168	0.252326
3277001	3278000	3277501	305.0	0.618691	0.057909
3278001	3279000	3278501	266.0	0.619213	-0.139474
3279001	3280000	3279501	255.0	0.619736	-0.200403
3280001	3281000	3280501	242.0	0.620258	-0.275894
3281001	3282000	3281501	257.0	0.620781	-0.189132
3282001	3283000	3282501	267.0	0.621303	-0.134061
3283001	3284000	3283501	251.0	0.621826	-0.223213
3284001	3285000	3284501	237.0	0.622348	-0.306014
3285001	3286000	3285501	243.0	0.622871	-0.269944
3286001	3287000	3286501	282.0	0.623394	-0.055206
3287001	3288000	3287501	271.0	0.623916	-0.112608
3288001	3289000	3288501	305.0	0.624439	0.057909
3289001	3290000	3289501	274.0	0.624961	-0.096725
3290001	3291000	3290501	331.0	0.625484	0.175931
3291001	3292000	3291501	358.0	0.626006	0.289059
3292001	3293000	3292501	321.0	0.626529	0.131673
3293001	3294000	3293501	287.0	0.627051	-0.029850
3294001	3295000	3294501	208.0	0.627574	-0.494317
3295001	3296000	3295501	282.0	0.628096	-0.055206
3296001	3297000	3296501	449.0	0.628619	0.615815
3297001	3298000	3297501	319.0	0.629141	0.122656
3298001	3299000	3298501	302.0	0.629664	0.043648
3299001	3300000	3299501	270.0	0.630187	-0.117941
3300001	3301000	3300501	275.0	0.630709	-0.091469
3301001	3302000	3301501	260.0	0.631232	-0.172389
3302001	3303000	3302501	280.0	0.631754	-0.065474
3303001	3304000	3303501	314.0	0.632277	0.099864
3304001	3305000	3304501	319.0	0.632799	0.122656
3305001	3306000	3305501	300.0	0.633322	0.034062
3306001	3307000	3306501	237.0	0.633844	-0.306014
3307001	3308000	3307501	336.0	0.634367	0.197561
3308001	3309000	3308501	288.0	0.634889	-0.024832
3309001	3310000	3309501	255.0	0.635412	-0.200403
3310001	3311000	3310501	242.0	0.635935	-0.275894
3311001	3312000	3311501	252.0	0.636457	-0.217477
3312001	3313000	3312501	243.0	0.636980	-0.269944
3313001	3314000	3313501	249.0	0.637502	-0.234755
3314001	3315000	3314501	276.0	0.638025	-0.086232
3315001	3316000	3315501	283.0	0.638547	-0.050099
3316001	3317000	3316501	264.0	0.639070	-0.150363
3317001	3318000	3317501	248.0	0.639592	-0.240561
3318001	3319000	3318501	266.0	0.640115	-0.139474
3319001	3320000	3319501	260.0	0.640637	-0.172389
3320001	3321000	3320501	293.0	0.641160	0.000000
3321001	3322000	3321501	209.0	0.641683	-0.487398
3322001	3323000	3322501	217.0	0.642205	-0.433206
3323001	3324000	3323501	295.0	0.642728	0.009814
3324001	3325000	3324501	294.0	0.643250	0.004915
3325001	3326000	3325501	272.0	0.643773	-0.107294
3326001	3327000	3326501	294.0	0.644295	0.004915
3327001	3328000	3327501	364.0	0.644818	0.313038
3328001	3329000	3328501	294.0	0.645340	0.004915
3329001	3330000	3329501	247.0	0.645863	-0.246390
3330001	3331000	3330501	251.0	0.646385	-0.223213
3331001	3332000	3331501	308.0	0.646908	0.072030
3332001	3333000	3332501	258.0	0.647430	-0.183530
3333001	3334000	3333501	273.0	0.647953	-0.102000
3334001	3335000	3334501	282.0	0.648476	-0.055206
3335001	3336000	3335501	265.0	0.648998	-0.144908
3336001	3337000	3336501	234.0	0.649521	-0.324392
3337001	3338000	3337501	282.0	0.650043	-0.055206
3338001	3339000	3338501	298.0	0.650566	0.024412
3339001	3340000	3339501	263.0	0.651088	-0.155838
3340001	3341000	3340501	411.0	0.651611	0.488238
3341001	3342000	3341501	299.0	0.652133	0.029245
3342001	3343000	3342501	374.0	0.652656	0.352138
3343001	3344000	3343501	455.0	0.653178	0.634966
3344001	3345000	3344501	408.0	0.653701	0.477668
3345001	3346000	3345501	293.0	0.654224	0.000000
3346001	3347000	3346501	251.0	0.654746	-0.223213
3347001	3348000	3347501	250.0	0.655269	-0.228973
3348001	3349000	3348501	286.0	0.655791	-0.034886
3349001	3350000	3349501	301.0	0.656314	0.038863
3350001	3351000	3350501	298.0	0.656836	0.024412
3351001	3352000	3351501	250.0	0.657359	-0.228973
3352001	3353000	3352501	305.0	0.657881	0.057909
3353001	3354000	3353501	373.0	0.658404	0.348275
3354001	3355000	3354501	264.0	0.658926	-0.150363
3355001	3356000	3355501	284.0	0.659449	-0.045010
3356001	3357000	3356501	244.0	0.659972	-0.264020
3357001	3358000	3357501	301.0	0.660494	0.038863
3358001	3359000	3358501	352.0	0.661017	0.264675
3359001	3360000	3359501	276.0	0.661539	-0.086232
3360001	3361000	3360501	231.0	0.662062	-0.343008
3361001	3362000	3361501	348.0	0.662584	0.248187
3362001	3363000	3362501	311.0	0.663107	0.086014
3363001	3364000	3363501	273.0	0.663629	-0.102000
3364001	3365000	3364501	301.0	0.664152	0.038863
3365001	3366000	3365501	342.0	0.664674	0.223096
3366001	3367000	3366501	255.0	0.665197	-0.200403
3367001	3368000	3367501	274.0	0.665719	-0.096725
3368001	3369000	3368501	280.0	0.666242	-0.065474
3369001	3370000	3369501	346.0	0.666765	0.239871
3370001	3371000	3370501	287.0	0.667287	-0.029850
3371001	3372000	3371501	268.0	0.667810	-0.128668
3372001	3373000	3372501	274.0	0.668332	-0.096725
3373001	3374000	3373501	282.0	0.668855	-0.055206
3374001	3375000	3374501	294.0	0.669377	0.004915
3375001	3376000	3375501	325.0	0.669900	0.149539
3376001	3377000	3376501	287.0	0.670422	-0.029850
3377001	3378000	3377501	294.0	0.670945	0.004915
3378001	3379000	3378501	261.0	0.671467	-0.166851
3379001	3380000	3379501	253.0	0.671990	-0.211763
3380001	3381000	3380501	244.0	0.672513	-0.264020
3381001	3382000	3381501	254.0	0.673035	-0.206072
3382001	3383000	3382501	214.0	0.673558	-0.453290
3383001	3384000	3383501	289.0	0.674080	-0.019831
3384001	3385000	3384501	277.0	0.674603	-0.081015
3385001	3386000	3385501	268.0	0.675125	-0.128668
3386001	3387000	3386501	252.0	0.675648	-0.217477
3387001	3388000	3387501	392.0	0.676170	0.419953
3388001	3389000	3388501	321.0	0.676693	0.131673
3389001	3390000	3389501	273.0	0.677215	-0.102000
3390001	3391000	3390501	309.0	0.677738	0.076706
3391001	3392000	3391501	229.0	0.678260	-0.355553
3392001	3393000	3392501	250.0	0.678783	-0.228973
3393001	3394000	3393501	303.0	0.679306	0.048417
3394001	3395000	3394501	282.0	0.679828	-0.055206
3395001	3396000	3395501	229.0	0.680351	-0.355553
3396001	3397000	3396501	216.0	0.680873	-0.439869
3397001	3398000	3397501	255.0	0.681396	-0.200403
3398001	3399000	3398501	320.0	0.681918	0.127171
3399001	3400000	3399501	385.0	0.682441	0.393958
3400001	3401000	3400501	413.0	0.682963	0.495241
3401001	3402000	3401501	272.0	0.683486	-0.107294
3402001	3403000	3402501	314.0	0.684008	0.099864
3403001	3404000	3403501	369.0	0.684531	0.332720
3404001	3405000	3404501	425.0	0.685054	0.536562
3405001	3406000	3405501	344.0	0.685576	0.231508
3406001	3407000	3406501	466.0	0.686099	0.669429
3407001	3408000	3407501	460.0	0.686621	0.650733
3408001	3409000	3408501	414.0	0.687144	0.498730
3409001	3410000	3409501	479.0	0.687666	0.709125
3410001	3411000	3410501	438.0	0.688189	0.580030
3411001	3412000	3411501	297.0	0.688711	0.019562
3412001	3413000	3412501	255.0	0.689234	-0.200403
3413001	3414000	3413501	308.0	0.689756	0.072030
3414001	3415000	3414501	379.0	0.690279	0.371297
3415001	3416000	3415501	461.0	0.690802	0.653866
3416001	3417000	3416501	395.0	0.691324	0.430952
3417001	3418000	3417501	266.0	0.691847	-0.139474
3418001	3419000	3418501	268.0	0.692369	-0.128668
3419001	3420000	3419501	285.0	0.692892	-0.039939
3420001	3421000	3420501	306.0	0.693414	0.062631
3421001	3422000	3421501	321.0	0.693937	0.131673
3422001	3423000	3422501	303.0	0.694459	0.048417
3423001	3424000	3423501	240.0	0.694982	-0.287866
3424001	3425000	3424501	273.0	0.695504	-0.102000
3425001	3426000	3425501	226.0	0.696027	-0.374578
3426001	3427000	3426501	259.0	0.696549	-0.177949
3427001	3428000	3427501	283.0	0.697072	-0.050099
3428001	3429000	3428501	258.0	0.697595	-0.183530
3429001	3430000	3429501	306.0	0.698117	0.062631
3430001	3431000	3430501	286.0	0.698640	-0.034886
3431001	3432000	3431501	423.0	0.699162	0.529757
3432001	3433000	3432501	337.0	0.699685	0.201848
3433001	3434000	3433501	236.0	0.700207	-0.312114
3434001	3435000	3434501	250.0	0.700730	-0.228973
3435001	3436000	3435501	333.0	0.701252	0.184622
3436001	3437000	3436501	420.0	0.701775	0.519489
3437001	3438000	3437501	367.0	0.702297	0.324879
3438001	3439000	3438501	284.0	0.702820	-0.045010
3439001	3440000	3439501	299.0	0.703343	0.029245
3440001	3441000	3440501	546.0	0.703865	0.898000
3441001	3442000	3441501	413.0	0.704388	0.495241
3442001	3443000	3442501	327.0	0.704910	0.158390
3443001	3444000	3443501	369.0	0.705433	0.332720
3444001	3445000	3444501	403.0	0.705955	0.459879
3445001	3446000	3445501	299.0	0.706478	0.029245
3446001	3447000	3446501	328.0	0.707000	0.162795
3447001	3448000	3447501	337.0	0.707523	0.201848
3448001	3449000	3448501	318.0	0.708045	0.118126
3449001	3450000	3449501	459.0	0.708568	0.647593
3450001	3451000	3450501	399.0	0.709091	0.445488
3451001	3452000	3451501	327.0	0.709613	0.158390
3452001	3453000	3452501	365.0	0.710136	0.316996
3453001	3454000	3453501	335.0	0.710658	0.193260
3454001	3455000	3454501	286.0	0.711181	-0.034886
3455001	3456000	3455501	288.0	0.711703	-0.024832
3456001	3457000	3456501	255.0	0.712226	-0.200403
3457001	3458000	3457501	219.0	0.712748	-0.419970
3458001	3459000	3458501	270.0	0.713271	-0.117941
3459001	3460000	3459501	207.0	0.713793	-0.501270
3460001	3461000	3460501	265.0	0.714316	-0.144908
3461001	3462000	3461501	375.0	0.714838	0.355990
3462001	3463000	3462501	538.0	0.715361	0.876706
3463001	3464000	3463501	485.0	0.715884	0.727084
3464001	3465000	3464501	314.0	0.716406	0.099864
3465001	3466000	3465501	242.0	0.716929	-0.275894
3466001	3467000	3466501	226.0	0.717451	-0.374578
3467001	3468000	3467501	262.0	0.717974	-0.161334
3468001	3469000	3468501	213.0	0.718496	-0.460047
3469001	3470000	3469501	197.0	0.719019	-0.572705
3470001	3471000	3470501	253.0	0.719541	-0.211763
3471001	3472000	3471501	229.0	0.720064	-0.355553
3472001	3473000	3472501	380.0	0.720586	0.375099
3473001	3474000	3473501	542.0	0.721109	0.887392
3474001	3475000	3474501	612.0	0.721632	1.062631
3475001	3476000	3475501	459.0	0.722154	0.647593
3476001	3477000	3476501	293.0	0.722677	0.000000
3477001	3478000	3477501	269.0	0.723199	-0.123294
3478001	3479000	3478501	259.0	0.723722	-0.177949
3479001	3480000	3479501	320.0	0.724244	0.127171
3480001	3481000	3480501	273.0	0.724767	-0.102000
3481001	3482000	3481501	316.0	0.725289	0.109024
3482001	3483000	3482501	266.0	0.725812	-0.139474
3483001	3484000	3483501	182.0	0.726334	-0.686962
3484001	3485000	3484501	323.0	0.726857	0.140634
3485001	3486000	3485501	413.0	0.727380	0.495241
3486001	3487000	3486501	302.0	0.727902	0.043648
3487001	3488000	3487501	374.0	0.728425	0.352138
3488001	3489000	3488501	392.0	0.728947	0.419953
3489001	3490000	3489501	409.0	0.729470	0.481200
3490001	3491000	3490501	300.0	0.729992	0.034062
3491001	3492000	3491501	272.0	0.730515	-0.107294
3492001	3493000	3492501	301.0	0.731037	0.038863
3493001	3494000	3493501	341.0	0.731560	0.218871
3494001	3495000	3494501	334.0	0.732082	0.188947
3495001	3496000	3495501	303.0	0.732605	0.048417
3496001	3497000	3496501	344.0	0.733127	0.231508
3497001	3498000	3497501	310.0	0.733650	0.081368
3498001	3499000	3498501	275.0	0.734173	-0.091469
3499001	3500000	3499501	347.0	0.734695	0.244035
3500001	3501000	3500501	259.0	0.735218	-0.177949
3501001	3502000	3501501	322.0	0.735740	0.136160
3502001	3503000	3502501	311.0	0.736263	0.086014
3503001	3504000	3503501	398.0	0.736785	0.441868
3504001	3505000	3504501	263.0	0.737308	-0.155838
3505001	3506000	3505501	292.0	0.737830	-0.004932
3506001	3507000	3506501	289.0	0.738353	-0.019831
3507001	3508000	3507501	249.0	0.738875	-0.234755
3508001	3509000	3508501	286.0	0.739398	-0.034886
3509001	3510000	3509501	293.0	0.739921	0.000000
3510001	3511000	3510501	296.0	0.740443	0.014697
3511001	3512000	3511501	307.0	0.740966	0.067338
3512001	3513000	3512501	336.0	0.741488	0.197561
3513001	3514000	3513501	264.0	0.742011	-0.150363
3514001	3515000	3514501	338.0	0.742533	0.206123
3515001	3516000	3515501	354.0	0.743056	0.272849
3516001	3517000	3516501	404.0	0.743578	0.463455
3517001	3518000	3517501	438.0	0.744101	0.580030
3518001	3519000	3518501	375.0	0.744623	0.355990
3519001	3520000	3519501	278.0	0.745146	-0.075816
3520001	3521000	3520501	330.0	0.745669	0.171565
3521001	3522000	3521501	349.0	0.746191	0.252326
3522001	3523000	3522501	360.0	0.746714	0.297096
3523001	3524000	3523501	278.0	0.747236	-0.075816
3524001	3525000	3524501	211.0	0.747759	-0.473658
3525001	3526000	3525501	242.0	0.748281	-0.275894
3526001	3527000	3526501	243.0	0.748804	-0.269944
3527001	3528000	3527501	274.0	0.749326	-0.096725
3528001	3529000	3528501	223.0	0.749849	-0.393857
3529001	3530000	3529501	235.0	0.750371	-0.318240
3530001	3531000	3530501	267.0	0.750894	-0.134061
3531001	3532000	3531501	243.0	0.751416	-0.269944
3532001	3533000	3532501	385.0	0.751939	0.393958
3533001	3534000	3533501	296.0	0.752462	0.014697
3534001	3535000	3534501	234.0	0.752984	-0.324392
3535001	3536000	3535501	234.0	0.753507	-0.324392
3536001	3537000	3536501	290.0	0.754029	-0.014848
3537001	3538000	3537501	203.0	0.754552	-0.529421
3538001	3539000	3538501	226.0	0.755074	-0.374578
3539001	3540000	3539501	195.0	0.755597	-0.587427
3540001	3541000	3540501	238.0	0.756119	-0.299939
3541001	3542000	3541501	228.0	0.756642	-0.361867
3542001	3543000	3542501	237.0	0.757164	-0.306014
3543001	3544000	3543501	230.0	0.757687	-0.349267
3544001	3545000	3544501	260.0	0.758210	-0.172389
3545001	3546000	3545501	238.0	0.758732	-0.299939
3546001	3547000	3546501	253.0	0.759255	-0.211763
3547001	3548000	3547501	261.0	0.759777	-0.166851
3548001	3549000	3548501	411.0	0.760300	0.488238
3549001	3550000	3549501	458.0	0.760822	0.644447
3550001	3551000	3550501	547.0	0.761345	0.900640
3551001	3552000	3551501	367.0	0.761867	0.324879
3552001	3553000	3552501	410.0	0.762390	0.484723
3553001	3554000	3553501	272.0	0.762912	-0.107294
3554001	3555000	3554501	264.0	0.763435	-0.150363
3555001	3556000	3555501	252.0	0.763958	-0.217477
3556001	3557000	3556501	277.0	0.764480	-0.081015
3557001	3558000	3557501	238.0	0.765003	-0.299939
3558001	3559000	3558501	264.0	0.765525	-0.150363
3559001	3560000	3559501	295.0	0.766048	0.009814
3560001	3561000	3560501	379.0	0.766570	0.371297
3561001	3562000	3561501	377.0	0.767093	0.363664
3562001	3563000	3562501	279.0	0.767615	-0.070636
3563001	3564000	3563501	256.0	0.768138	-0.194757
3564001	3565000	3564501	274.0	0.768660	-0.096725
3565001	3566000	3565501	311.0	0.769183	0.086014
3566001	3567000	3566501	248.0	0.769705	-0.240561
3567001	3568000	3567501	256.0	0.770228	-0.194757
3568001	3569000	3568501	250.0	0.770751	-0.228973
3569001	3570000	3569501	244.0	0.771273	-0.264020
3570001	3571000	3570501	486.0	0.771796	0.730056
3571001	3572000	3571501	325.0	0.772318	0.149539
3572001	3573000	3572501	227.0	0.772841	-0.368208
3573001	3574000	3573501	245.0	0.773363	-0.258119
3574001	3575000	3574501	265.0	0.773886	-0.144908
3575001	3576000	3575501	313.0	0.774408	0.095262
3576001	3577000	3576501	336.0	0.774931	0.197561
3577001	3578000	3577501	249.0	0.775453	-0.234755
3578001	3579000	3578501	206.0	0.775976	-0.508256
3579001	3580000	3579501	216.0	0.776499	-0.439869
3580001	3581000	3580501	224.0	0.777021	-0.387402
3581001	3582000	3581501	238.0	0.777544	-0.299939
3582001	3583000	3582501	234.0	0.778066	-0.324392
3583001	3584000	3583501	278.0	0.778589	-0.075816
3584001	3585000	3584501	286.0	0.779111	-0.034886
3585001	3586000	3585501	293.0	0.779634	0.000000
3586001	3587000	3586501	270.0	0.780156	-0.117941
3587001	3588000	3587501	309.0	0.780679	0.076706
3588001	3589000	3588501	320.0	0.781201	0.127171
3589001	3590000	3589501	300.0	0.781724	0.034062
3590001	3591000	3590501	334.0	0.782247	0.188947
3591001	3592000	3591501	390.0	0.782769	0.412573
3592001	3593000	3592501	381.0	0.783292	0.378890
3593001	3594000	3593501	340.0	0.783814	0.214634
3594001	3595000	3594501	492.0	0.784337	0.747758
3595001	3596000	3595501	344.0	0.784859	0.231508
3596001	3597000	3596501	241.0	0.785382	-0.281868
3597001	3598000	3597501	259.0	0.785904	-0.177949
3598001	3599000	3598501	320.0	0.786427	0.127171
3599001	3600000	3599501	476.0	0.786949	0.700061
3600001	3601000	3600501	487.0	0.787472	0.733021
3601001	3602000	3601501	219.0	0.787994	-0.419970
3602001	3603000	3602501	330.0	0.788517	0.171565
3603001	3604000	3603501	260.0	0.789040	-0.172389
3604001	3605000	3604501	252.0	0.789562	-0.217477
3605001	3606000	3605501	216.0	0.790085	-0.439869
3606001	3607000	3606501	215.0	0.790607	-0.446564
3607001	3608000	3607501	266.0	0.791130	-0.139474
3608001	3609000	3608501	222.0	0.791652	-0.400341
3609001	3610000	3609501	258.0	0.792175	-0.183530
3610001	3611000	3610501	297.0	0.792697	0.019562
3611001	3612000	3611501	306.0	0.793220	0.062631
3612001	3613000	3612501	267.0	0.793742	-0.134061
3613001	3614000	3613501	247.0	0.794265	-0.246390
3614001	3615000	3614501	227.0	0.794788	-0.368208
3615001	3616000	3615501	298.0	0.795310	0.024412
3616001	3617000	3616501	294.0	0.795833	0.004915
3617001	3618000	3617501	314.0	0.796355	0.099864
3618001	3619000	3618501	240.0	0.796878	-0.287866
3619001	3620000	3619501	258.0	0.797400	-0.183530
3620001	3621000	3620501	349.0	0.797923	0.252326
3621001	3622000	3621501	325.0	0.798445	0.149539
3622001	3623000	3622501	280.0	0.798968	-0.065474
3623001	3624000	3623501	330.0	0.799490	0.171565
3624001	3625000	3624501	279.0	0.800013	-0.070636
3625001	3626000	3625501	254.0	0.800536	-0.206072
3626001	3627000	3626501	301.0	0.801058	0.038863
3627001	3628000	3627501	273.0	0.801581	-0.102000
3628001	3629000	3628501	239.0	0.802103	-0.293890
3629001	3630000	3629501	291.0	0.802626	-0.009882
3630001	3631000	3630501	257.0	0.803148	-0.189132
3631001	3632000	3631501	284.0	0.803671	-0.045010
3632001	3633000	3632501	294.0	0.804193	0.004915
3633001	3634000	3633501	284.0	0.804716	-0.045010
3634001	3635000	3634501	260.0	0.805238	-0.172389
3635001	3636000	3635501	242.0	0.805761	-0.275894
3636001	3637000	3636501	257.0	0.806283	-0.189132
3637001	3638000	3637501	257.0	0.806806	-0.189132
3638001	3639000	3638501	202.0	0.807329	-0.536545
3639001	3640000	3639501	273.0	0.807851	-0.102000
3640001	3641000	3640501	263.0	0.808374	-0.155838
3641001	3642000	3641501	239.0	0.808896	-0.293890
3642001	3643000	3642501	275.0	0.809419	-0.091469
3643001	3644000	3643501	287.0	0.809941	-0.029850
3644001	3645000	3644501	259.0	0.810464	-0.177949
3645001	3646000	3645501	274.0	0.810986	-0.096725
3646001	3647000	3646501	346.0	0.811509	0.239871
3647001	3648000	3647501	343.0	0.812031	0.227308
3648001	3649000	3648501	250.0	0.812554	-0.228973
3649001	3650000	3649501	299.0	0.813077	0.029245
3650001	3651000	3650501	282.0	0.813599	-0.055206
3651001	3652000	3651501	310.0	0.814122	0.081368
3652001	3653000	3652501	264.0	0.814644	-0.150363
3653001	3654000	3653501	289.0	0.815167	-0.019831
3654001	3655000	3654501	316.0	0.815689	0.109024
3655001	3656000	3655501	205.0	0.816212	-0.515277
3656001	3657000	3656501	245.0	0.816734	-0.258119
3657001	3658000	3657501	227.0	0.817257	-0.368208
3658001	3659000	3658501	298.0	0.817779	0.024412
3659001	3660000	3659501	252.0	0.818302	-0.217477
3660001	3661000	3660501	387.0	0.818824	0.401433
3661001	3662000	3661501	394.0	0.819347	0.427295
3662001	3663000	3662501	343.0	0.819870	0.227308
3663001	3664000	3663501	321.0	0.820392	0.131673
3664001	3665000	3664501	259.0	0.820915	-0.177949
3665001	3666000	3665501	298.0	0.821437	0.024412
3666001	3667000	3666501	321.0	0.821960	0.131673
3667001	3668000	3667501	339.0	0.822482	0.210385
3668001	3669000	3668501	335.0	0.823005	0.193260
3669001	3670000	3669501	295.0	0.823527	0.009814
3670001	3671000	3670501	241.0	0.824050	-0.281868
3671001	3672000	3671501	303.0	0.824572	0.048417
3672001	3673000	3672501	275.0	0.825095	-0.091469
3673001	3674000	3673501	291.0	0.825618	-0.009882
3674001	3675000	3674501	280.0	0.826140	-0.065474
3675001	3676000	3675501	240.0	0.826663	-0.287866
3676001	3677000	3676501	267.0	0.827185	-0.134061
3677001	3678000	3677501	229.0	0.827708	-0.355553
3678001	3679000	3678501	315.0	0.828230	0.104451
3679001	3680000	3679501	250.0	0.828753	-0.228973
3680001	3681000	3680501	285.0	0.829275	-0.039939
3681001	3682000	3681501	433.0	0.829798	0.563466
3682001	3683000	3682501	265.0	0.830320	-0.144908
3683001	3684000	3683501	319.0	0.830843	0.122656
3684001	3685000	3684501	294.0	0.831366	0.004915
3685001	3686000	3685501	324.0	0.831888	0.145093
3686001	3687000	3686501	293.0	0.832411	0.000000
3687001	3688000	3687501	321.0	0.832933	0.131673
3688001	3689000	3688501	278.0	0.833456	-0.075816
3689001	3690000	3689501	238.0	0.833978	-0.299939
3690001	3691000	3690501	265.0	0.834501	-0.144908
3691001	3692000	3691501	247.0	0.835023	-0.246390
3692001	3693000	3692501	262.0	0.835546	-0.161334
3693001	3694000	3693501	355.0	0.836068	0.276918
3694001	3695000	3694501	305.0	0.836591	0.057909
3695001	3696000	3695501	275.0	0.837113	-0.091469
3696001	3697000	3696501	345.0	0.837636	0.235696
3697001	3698000	3697501	266.0	0.838159	-0.139474
3698001	3699000	3698501	237.0	0.838681	-0.306014
3699001	3700000	3699501	319.0	0.839204	0.122656
3700001	3701000	3700501	248.0	0.839726	-0.240561
3701001	3702000	3701501	206.0	0.840249	-0.508256
3702001	3703000	3702501	241.0	0.840771	-0.281868
3703001	3704000	3703501	245.0	0.841294	-0.258119
3704001	3705000	3704501	241.0	0.841816	-0.281868
3705001	3706000	3705501	272.0	0.842339	-0.107294
3706001	3707000	3706501	335.0	0.842861	0.193260
3707001	3708000	3707501	299.0	0.843384	0.029245
3708001	3709000	3708501	268.0	0.843907	-0.128668
3709001	3710000	3709501	268.0	0.844429	-0.128668
3710001	3711000	3710501	246.0	0.844952	-0.252242
3711001	3712000	3711501	306.0	0.845474	0.062631
3712001	3713000	3712501	309.0	0.845997	0.076706
3713001	3714000	3713501	304.0	0.846519	0.053171
3714001	3715000	3714501	422.0	0.847042	0.526342
3715001	3716000	3715501	413.0	0.847564	0.495241
3716001	3717000	3716501	322.0	0.848087	0.136160
3717001	3718000	3717501	441.0	0.848609	0.589878
3718001	3719000	3718501	353.0	0.849132	0.268768
3719001	3720000	3719501	348.0	0.849655	0.248187
3720001	3721000	3720501	389.0	0.850177	0.408869
3721001	3722000	3721501	311.0	0.850700	0.086014
3722001	3723000	3722501	303.0	0.851222	0.048417
3723001	3724000	3723501	316.0	0.851745	0.109024
3724001	3725000	3724501	370.0	0.852267	0.336625
3725001	3726000	3725501	329.0	0.852790	0.167187
3726001	3727000	3726501	285.0	0.853312	-0.039939
3727001	3728000	3727501	296.0	0.853835	0.014697
3728001	3729000	3728501	372.0	0.854357	0.344402
3729001	3730000	3729501	366.0	0.854880	0.320943
3730001	3731000	3730501	358.0	0.855402	0.289059
3731001	3732000	3731501	292.0	0.855925	-0.004932
3732001	3733000	3732501	269.0	0.856448	-0.123294
3733001	3734000	3733501	240.0	0.856970	-0.287866
3734001	3735000	3734501	249.0	0.857493	-0.234755
3735001	3736000	3735501	334.0	0.858015	0.188947
3736001	3737000	3736501	308.0	0.858538	0.072030
3737001	3738000	3737501	370.0	0.859060	0.336625
3738001	3739000	3738501	373.0	0.859583	0.348275
3739001	3740000	3739501	325.0	0.860105	0.149539
3740001	3741000	3740501	356.0	0.860628	0.280977
3741001	3742000	3741501	273.0	0.861150	-0.102000
3742001	3743000	3742501	252.0	0.861673	-0.217477
3743001	3744000	3743501	360.0	0.862196	0.297096
3744001	3745000	3744501	333.0	0.862718	0.184622
3745001	3746000	3745501	307.0	0.863241	0.067338
3746001	3747000	3746501	328.0	0.863763	0.162795
3747001	3748000	3747501	271.0	0.864286	-0.112608
3748001	3749000	3748501	266.0	0.864808	-0.139474
3749001	3750000	3749501	252.0	0.865331	-0.217477
3750001	3751000	3750501	242.0	0.865853	-0.275894
3751001	3752000	3751501	249.0	0.866376	-0.234755
3752001	3753000	3752501	251.0	0.866898	-0.223213
3753001	3754000	3753501	209.0	0.867421	-0.487398
3754001	3755000	3754501	379.0	0.867944	0.371297
3755001	3756000	3755501	361.0	0.868466	0.301098
3756001	3757000	3756501	289.0	0.868989	-0.019831
3757001	3758000	3757501	309.0	0.869511	0.076706
3758001	3759000	3758501	381.0	0.870034	0.378890
3759001	3760000	3759501	318.0	0.870556	0.118126
3760001	3761000	3760501	335.0	0.871079	0.193260
3761001	3762000	3761501	346.0	0.871601	0.239871
3762001	3763000	3762501	412.0	0.872124	0.491744
3763001	3764000	3763501	440.0	0.872646	0.586603
3764001	3765000	3764501	315.0	0.873169	0.104451
3765001	3766000	3765501	254.0	0.873691	-0.206072
3766001	3767000	3766501	270.0	0.874214	-0.117941
3767001	3768000	3767501	286.0	0.874737	-0.034886
3768001	3769000	3768501	260.0	0.875259	-0.172389
3769001	3770000	3769501	241.0	0.875782	-0.281868
3770001	3771000	3770501	314.0	0.876304	0.099864
3771001	3772000	3771501	262.0	0.876827	-0.161334
3772001	3773000	3772501	276.0	0.877349	-0.086232
3773001	3774000	3773501	295.0	0.877872	0.009814
3774001	3775000	3774501	287.0	0.878394	-0.029850
3775001	3776000	3775501	236.0	0.878917	-0.312114
3776001	3777000	3776501	252.0	0.879439	-0.217477
3777001	3778000	3777501	288.0	0.879962	-0.024832
3778001	3779000	3778501	285.0	0.880485	-0.039939
3779001	3780000	3779501	261.0	0.881007	-0.166851
3780001	3781000	3780501	311.0	0.881530	0.086014
3781001	3782000	3781501	314.0	0.882052	0.099864
3782001	3783000	3782501	317.0	0.882575	0.113582
3783001	3784000	3783501	318.0	0.883097	0.118126
3784001	3785000	3784501	309.0	0.883620	0.076706
3785001	3786000	3785501	259.0	0.884142	-0.177949
3786001	3787000	3786501	321.0	0.884665	0.131673
3787001	3788000	3787501	332.0	0.885187	0.180283
3788001	3789000	3788501	314.0	0.885710	0.099864
3789001	3790000	3789501	268.0	0.886233	-0.128668
3790001	3791000	3790501	289.0	0.886755	-0.019831
3791001	3792000	3791501	241.0	0.887278	-0.281868
3792001	3793000	3792501	262.0	0.887800	-0.161334
3793001	3794000	3793501	307.0	0.888323	0.067338
3794001	3795000	3794501	311.0	0.888845	0.086014
3795001	3796000	3795501	408.0	0.889368	0.477668
3796001	3797000	3796501	372.0	0.889890	0.344402
3797001	3798000	3797501	330.0	0.890413	0.171565
3798001	3799000	3798501	331.0	0.890935	0.175931
3799001	3800000	3799501	300.0	0.891458	0.034062
3800001	3801000	3800501	304.0	0.891980	0.053171
3801001	3802000	3801501	275.0	0.892503	-0.091469
3802001	3803000	3802501	247.0	0.893026	-0.246390
3803001	3804000	3803501	263.0	0.893548	-0.155838
3804001	3805000	3804501	318.0	0.894071	0.118126
3805001	3806000	3805501	255.0	0.894593	-0.200403
3806001	3807000	3806501	277.0	0.895116	-0.081015
3807001	3808000	3807501	220.0	0.895638	-0.413397
3808001	3809000	3808501	276.0	0.896161	-0.086232
3809001	3810000	3809501	345.0	0.896683	0.235696
3810001	3811000	3810501	354.0	0.897206	0.272849
3811001	3812000	3811501	309.0	0.897728	0.076706
3812001	3813000	3812501	250.0	0.898251	-0.228973
3813001	3814000	3813501	297.0	0.898774	0.019562
3814001	3815000	3814501	256.0	0.899296	-0.194757
3815001	3816000	3815501	248.0	0.899819	-0.240561
3816001	3817000	3816501	233.0	0.900341	-0.330571
3817001	3818000	3817501	223.0	0.900864	-0.393857
3818001	3819000	3818501	197.0	0.901386	-0.572705
3819001	3820000	3819501	244.0	0.901909	-0.264020
3820001	3821000	3820501	270.0	0.902431	-0.117941
3821001	3822000	3821501	197.0	0.902954	-0.572705
3822001	3823000	3822501	266.0	0.903476	-0.139474
3823001	3824000	3823501	214.0	0.903999	-0.453290
3824001	3825000	3824501	262.0	0.904522	-0.161334
3825001	3826000	3825501	300.0	0.905044	0.034062
3826001	3827000	3826501	284.0	0.905567	-0.045010
3827001	3828000	3827501	302.0	0.906089	0.043648
3828001	3829000	3828501	358.0	0.906612	0.289059
3829001	3830000	3829501	322.0	0.907134	0.136160
3830001	3831000	3830501	269.0	0.907657	-0.123294
3831001	3832000	3831501	308.0	0.908179	0.072030
3832001	3833000	3832501	276.0	0.908702	-0.086232
3833001	3834000	3833501	250.0	0.909224	-0.228973
3834001	3835000	3834501	330.0	0.909747	0.171565
3835001	3836000	3835501	360.0	0.910269	0.297096
3836001	3837000	3836501	283.0	0.910792	-0.050099
3837001	3838000	3837501	317.0	0.911315	0.113582
3838001	3839000	3838501	328.0	0.911837	0.162795
3839001	3840000	3839501	266.0	0.912360	-0.139474
3840001	3841000	3840501	265.0	0.912882	-0.144908
3841001	3842000	3841501	267.0	0.913405	-0.134061
3842001	3843000	3842501	312.0	0.913927	0.090645
3843001	3844000	3843501	431.0	0.914450	0.556787
3844001	3845000	3844501	332.0	0.914972	0.180283
3845001	3846000	3845501	281.0	0.915495	-0.060331
3846001	3847000	3846501	263.0	0.916017	-0.155838
3847001	3848000	3847501	261.0	0.916540	-0.166851
3848001	3849000	3848501	262.0	0.917063	-0.161334
3849001	3850000	3849501	282.0	0.917585	-0.055206
3850001	3851000	3850501	319.0	0.918108	0.122656
3851001	3852000	3851501	320.0	0.918630	0.127171
3852001	3853000	3852501	297.0	0.919153	0.019562
3853001	3854000	3853501	291.0	0.919675	-0.009882
3854001	3855000	3854501	390.0	0.920198	0.412573
3855001	3856000	3855501	357.0	0.920720	0.285023
3856001	3857000	3856501	264.0	0.921243	-0.150363
3857001	3858000	3857501	258.0	0.921765	-0.183530
3858001	3859000	3858501	306.0	0.922288	0.062631
3859001	3860000	3859501	318.0	0.922811	0.118126
3860001	3861000	3860501	348.0	0.923333	0.248187
3861001	3862000	3861501	262.0	0.923856	-0.161334
3862001	3863000	3862501	202.0	0.924378	-0.536545
3863001	3864000	3863501	235.0	0.924901	-0.318240
3864001	3865000	3864501	322.0	0.925423	0.136160
3865001	3866000	3865501	306.0	0.925946	0.062631
3866001	3867000	3866501	338.0	0.926468	0.206123
3867001	3868000	3867501	277.0	0.926991	-0.081015
3868001	3869000	3868501	262.0	0.927513	-0.161334
3869001	3870000	3869501	239.0	0.928036	-0.293890
3870001	3871000	3870501	254.0	0.928558	-0.206072
3871001	3872000	3871501	247.0	0.929081	-0.246390
3872001	3873000	3872501	299.0	0.929604	0.029245
3873001	3874000	3873501	291.0	0.930126	-0.009882
3874001	3875000	3874501	272.0	0.930649	-0.107294
3875001	3876000	3875501	287.0	0.931171	-0.029850
3876001	3877000	3876501	358.0	0.931694	0.289059
3877001	3878000	3877501	441.0	0.932216	0.589878
3878001	3879000	3878501	247.0	0.932739	-0.246390
3879001	3880000	3879501	244.0	0.933261	-0.264020
3880001	3881000	3880501	298.0	0.933784	0.024412
3881001	3882000	3881501	290.0	0.934306	-0.014848
3882001	3883000	3882501	304.0	0.934829	0.053171
3883001	3884000	3883501	430.0	0.935352	0.553436
3884001	3885000	3884501	349.0	0.935874	0.252326
3885001	3886000	3885501	309.0	0.936397	0.076706
3886001	3887000	3886501	330.0	0.936919	0.171565
3887001	3888000	3887501	287.0	0.937442	-0.029850
3888001	3889000	3888501	352.0	0.937964	0.264675
3889001	3890000	3889501	321.0	0.938487	0.131673
3890001	3891000	3890501	295.0	0.939009	0.009814
3891001	3892000	3891501	285.0	0.939532	-0.039939
3892001	3893000	3892501	325.0	0.940054	0.149539
3893001	3894000	3893501	343.0	0.940577	0.227308
3894001	3895000	3894501	372.0	0.941100	0.344402
3895001	3896000	3895501	303.0	0.941622	0.048417
3896001	3897000	3896501	326.0	0.942145	0.153971
3897001	3898000	3897501	411.0	0.942667	0.488238
3898001	3899000	3898501	390.0	0.943190	0.412573
3899001	3900000	3899501	330.0	0.943712	0.171565
3900001	3901000	3900501	290.0	0.944235	-0.014848
3901001	3902000	3901501	325.0	0.944757	0.149539
3902001	3903000	3902501	303.0	0.945280	0.048417
3903001	3904000	3903501	213.0	0.945802	-0.460047
3904001	3905000	3904501	285.0	0.946325	-0.039939
3905001	3906000	3905501	237.0	0.946847	-0.306014
3906001	3907000	3906501	314.0	0.947370	0.099864
3907001	3908000	3907501	290.0	0.947893	-0.014848
3908001	3909000	3908501	320.0	0.948415	0.127171
3909001	3910000	3909501	323.0	0.948938	0.140634
3910001	3911000	3910501	359.0	0.949460	0.293083
3911001	3912000	3911501	324.0	0.949983	0.145093
3912001	3913000	3912501	293.0	0.950505	0.000000
3913001	3914000	3913501	348.0	0.951028	0.248187
3914001	3915000	3914501	323.0	0.951550	0.140634
3915001	3916000	3915501	330.0	0.952073	0.171565
3916001	3917000	3916501	382.0	0.952595	0.382672
3917001	3918000	3917501	308.0	0.953118	0.072030
3918001	3919000	3918501	245.0	0.953641	-0.258119
3919001	3920000	3919501	298.0	0.954163	0.024412
3920001	3921000	3920501	297.0	0.954686	0.019562
3921001	3922000	3921501	263.0	0.955208	-0.155838
3922001	3923000	3922501	300.0	0.955731	0.034062
3923001	3924000	3923501	332.0	0.956253	0.180283
3924001	3925000	3924501	269.0	0.956776	-0.123294
3925001	3926000	3925501	377.0	0.957298	0.363664
3926001	3927000	3926501	492.0	0.957821	0.747758
3927001	3928000	3927501	414.0	0.958343	0.498730
3928001	3929000	3928501	279.0	0.958866	-0.070636
3929001	3930000	3929501	344.0	0.959388	0.231508
3930001	3931000	3930501	290.0	0.959911	-0.014848
3931001	3932000	3931501	336.0	0.960434	0.197561
3932001	3933000	3932501	330.0	0.960956	0.171565
3933001	3934000	3933501	355.0	0.961479	0.276918
3934001	3935000	3934501	469.0	0.962001	0.678687
3935001	3936000	3935501	452.0	0.962524	0.625422
3936001	3937000	3936501	326.0	0.963046	0.153971
3937001	3938000	3937501	280.0	0.963569	-0.065474
3938001	3939000	3938501	273.0	0.964091	-0.102000
3939001	3940000	3939501	232.0	0.964614	-0.336776
3940001	3941000	3940501	327.0	0.965136	0.158390
3941001	3942000	3941501	266.0	0.965659	-0.139474
3942001	3943000	3942501	334.0	0.966182	0.188947
3943001	3944000	3943501	389.0	0.966704	0.408869
3944001	3945000	3944501	306.0	0.967227	0.062631
3945001	3946000	3945501	308.0	0.967749	0.072030
3946001	3947000	3946501	344.0	0.968272	0.231508
3947001	3948000	3947501	404.0	0.968794	0.463455
3948001	3949000	3948501	242.0	0.969317	-0.275894
3949001	3950000	3949501	241.0	0.969839	-0.281868
3950001	3951000	3950501	232.0	0.970362	-0.336776
3951001	3952000	3951501	240.0	0.970884	-0.287866
3952001	3953000	3952501	236.0	0.971407	-0.312114
3953001	3954000	3953501	262.0	0.971930	-0.161334
3954001	3955000	3954501	314.0	0.972452	0.099864
3955001	3956000	3955501	298.0	0.972975	0.024412
3956001	3957000	3956501	333.0	0.973497	0.184622
3957001	3958000	3957501	336.0	0.974020	0.197561
3958001	3959000	3958501	271.0	0.974542	-0.112608
3959001	3960000	3959501	262.0	0.975065	-0.161334
3960001	3961000	3960501	339.0	0.975587	0.210385
3961001	3962000	3961501	269.0	0.976110	-0.123294
3962001	3963000	3962501	288.0	0.976632	-0.024832
3963001	3964000	3963501	317.0	0.977155	0.113582
3964001	3965000	3964501	313.0	0.977677	0.095262
3965001	3966000	3965501	324.0	0.978200	0.145093
3966001	3967000	3966501	317.0	0.978723	0.113582
3967001	3968000	3967501	296.0	0.979245	0.014697
3968001	3969000	3968501	293.0	0.979768	0.000000
3969001	3970000	3969501	282.0	0.980290	-0.055206
3970001	3971000	3970501	262.0	0.980813	-0.161334
3971001	3972000	3971501	320.0	0.981335	0.127171
3972001	3973000	3972501	278.0	0.981858	-0.075816
3973001	3974000	3973501	337.0	0.982380	0.201848
3974001	3975000	3974501	335.0	0.982903	0.193260
3975001	3976000	3975501	300.0	0.983425	0.034062
3976001	3977000	3976501	372.0	0.983948	0.344402
3977001	3978000	3977501	319.0	0.984471	0.122656
3978001	3979000	3978501	362.0	0.984993	0.305089
3979001	3980000	3979501	482.0	0.985516	0.718132
3980001	3981000	3980501	425.0	0.986038	0.536562
3981001	3982000	3981501	388.0	0.986561	0.405156
3982001	3983000	3982501	321.0	0.987083	0.131673
3983001	3984000	3983501	254.0	0.987606	-0.206072
3984001	3985000	3984501	278.0	0.988128	-0.075816
3985001	3986000	3985501	304.0	0.988651	0.053171
3986001	3987000	3986501	407.0	0.989173	0.474128
3987001	3988000	3987501	417.0	0.989696	0.509147
3988001	3989000	3988501	399.0	0.990219	0.445488
3989001	3990000	3989501	445.0	0.990741	0.602905
3990001	3991000	3990501	396.0	0.991264	0.434600
3991001	3992000	3991501	408.0	0.991786	0.477668
3992001	3993000	3992501	300.0	0.992309	0.034062
3993001	3994000	3993501	360.0	0.992831	0.297096
3994001	3995000	3994501	331.0	0.993354	0.175931
3995001	3996000	3995501	297.0	0.993876	0.019562
3996001	3997000	3996501	268.0	0.994399	-0.128668
3997001	3998000	3997501	236.0	0.994921	-0.312114
3998001	3999000	3998501	258.0	0.995444	-0.183530
3999001	4000000	3999501	219.0	0.995966	-0.419970
4000001	4001000	4000501	244.0	0.996489	-0.264020
4001001	4002000	4001501	274.0	0.997012	-0.096725
4002001	4003000	4002501	312.0	0.997534	0.090645
4003001	4004000	4003501	399.0	0.998057	0.445488
