window_start	window_end	window_mid	raw_count	norm_position	log2_ratio
1	1000	501	308.0	0.998955	-0.299267
1001	2000	1501	286.0	0.999477	-0.406183
2001	3000	2501	256.0	1.000000	-0.566054
3001	4000	3501	252.0	-0.999522	-0.588774
4001	5000	4501	254.0	-0.999044	-0.577369
5001	6000	5501	238.0	-0.998565	-0.671236
6001	7000	6501	292.0	-0.998087	-0.376229
7001	8000	7501	379.0	-0.997609	0.000000
8001	9000	8501	333.0	-0.997131	-0.186676
9001	10000	9501	430.0	-0.996652	0.182139
10001	11000	10501	416.0	-0.996174	0.134386
11001	12000	11501	386.0	-0.995696	0.026403
12001	13000	12501	450.0	-0.995218	0.247727
13001	14000	13501	419.0	-0.994739	0.144752
14001	15000	14501	429.0	-0.994261	0.178780
15001	16000	15501	444.0	-0.993783	0.228362
16001	17000	16501	379.0	-0.993305	0.000000
17001	18000	17501	454.0	-0.992826	0.260494
18001	19000	18501	618.0	-0.992348	0.705409
19001	20000	19501	426.0	-0.991870	0.168656
20001	21000	20501	474.0	-0.991392	0.322689
21001	22000	21501	481.0	-0.990913	0.343839
22001	23000	22501	463.0	-0.990435	0.288814
23001	24000	23501	490.0	-0.989957	0.370584
24001	25000	24501	450.0	-0.989479	0.247727
25001	26000	25501	444.0	-0.989000	0.228362
26001	27000	26501	445.0	-0.988522	0.231607
27001	28000	27501	403.0	-0.988044	0.088582
28001	29000	28501	399.0	-0.987566	0.074191
29001	30000	29501	404.0	-0.987088	0.092157
30001	31000	30501	404.0	-0.986609	0.092157
31001	32000	31501	481.0	-0.986131	0.343839
32001	33000	32501	417.0	-0.985653	0.137850
33001	34000	33501	536.0	-0.985175	0.500035
34001	35000	34501	658.0	-0.984696	0.795890
35001	36000	35501	533.0	-0.984218	0.491938
36001	37000	36501	433.0	-0.983740	0.192169
37001	38000	37501	588.0	-0.983262	0.633618
38001	39000	38501	516.0	-0.982783	0.445173
39001	40000	39501	352.0	-0.982305	-0.106622
40001	41000	40501	318.0	-0.981827	-0.253171
41001	42000	41501	348.0	-0.981349	-0.123111
42001	43000	42501	331.0	-0.980870	-0.195367
43001	44000	43501	355.0	-0.980392	-0.094379
44001	45000	44501	420.0	-0.979914	0.148191
45001	46000	45501	367.0	-0.979436	-0.046418
46001	47000	46501	303.0	-0.978957	-0.322880
47001	48000	47501	321.0	-0.978479	-0.239625
48001	49000	48501	391.0	-0.978001	0.044971
49001	50000	49501	478.0	-0.977523	0.334813
50001	51000	50501	402.0	-0.977044	0.084998
51001	52000	51501	429.0	-0.976566	0.178780
52001	53000	52501	387.0	-0.976088	0.030136
53001	54000	53501	427.0	-0.975610	0.172038
54001	55000	54501	373.0	-0.975132	-0.023022
55001	56000	55501	429.0	-0.974653	0.178780
56001	57000	56501	482.0	-0.974175	0.346835
57001	58000	57501	407.0	-0.973697	0.102831
58001	59000	58501	445.0	-0.973219	0.231607
59001	60000	59501	472.0	-0.972740	0.316589
60001	61000	60501	397.0	-0.972262	0.066941
61001	62000	61501	445.0	-0.971784	0.231607
62001	63000	62501	329.0	-0.971306	-0.204110
63001	64000	63501	411.0	-0.970827	0.116941
64001	65000	64501	384.0	-0.970349	0.018908
65001	66000	65501	354.0	-0.969871	-0.098448
66001	67000	66501	445.0	-0.969393	0.231607
67001	68000	67501	510.0	-0.968914	0.428299
68001	69000	68501	466.0	-0.968436	0.298132
69001	70000	69501	364.0	-0.967958	-0.058259
70001	71000	70501	358.0	-0.967480	-0.082238
71001	72000	71501	284.0	-0.967001	-0.416307
72001	73000	72501	289.0	-0.966523	-0.391128
73001	74000	73501	317.0	-0.966045	-0.257715
74001	75000	74501	354.0	-0.965567	-0.098448
75001	76000	75501	332.0	-0.965088	-0.191015
76001	77000	76501	474.0	-0.964610	0.322689
77001	78000	77501	384.0	-0.964132	0.018908
78001	79000	78501	460.0	-0.963654	0.279436
79001	80000	79501	660.0	-0.963176	0.800268
80001	81000	80501	444.0	-0.962697	0.228362
81001	82000	81501	498.0	-0.962219	0.393948
82001	83000	82501	381.0	-0.961741	0.007593
83001	84000	83501	473.0	-0.961263	0.319642
84001	85000	84501	415.0	-0.960784	0.130913
85001	86000	85501	421.0	-0.960306	0.151622
86001	87000	86501	411.0	-0.959828	0.116941
87001	88000	87501	405.0	-0.959350	0.095724
88001	89000	88501	458.0	-0.958871	0.273150
89001	90000	89501	419.0	-0.958393	0.144752
90001	91000	90501	509.0	-0.957915	0.425468
91001	92000	91501	538.0	-0.957437	0.505408
92001	93000	92501	441.0	-0.956958	0.218581
93001	94000	93501	513.0	-0.956480	0.436761
94001	95000	94501	398.0	-0.956002	0.070571
95001	96000	95501	396.0	-0.955524	0.063303
96001	97000	96501	448.0	-0.955045	0.241301
97001	98000	97501	415.0	-0.954567	0.130913
98001	99000	98501	513.0	-0.954089	0.436761
99001	100000	99501	398.0	-0.953611	0.070571
100001	101000	100501	381.0	-0.953132	0.007593
101001	102000	101501	531.0	-0.952654	0.486514
102001	103000	102501	513.0	-0.952176	0.436761
103001	104000	103501	464.0	-0.951698	0.291927
104001	105000	104501	470.0	-0.951220	0.310463
105001	106000	105501	464.0	-0.950741	0.291927
106001	107000	106501	451.0	-0.950263	0.250930
107001	108000	107501	588.0	-0.949785	0.633618
108001	109000	108501	456.0	-0.949307	0.266836
109001	110000	109501	447.0	-0.948828	0.238077
110001	111000	110501	513.0	-0.948350	0.436761
111001	112000	111501	420.0	-0.947872	0.148191
112001	113000	112501	367.0	-0.947394	-0.046418
113001	114000	113501	402.0	-0.946915	0.084998
114001	115000	114501	398.0	-0.946437	0.070571
115001	116000	115501	407.0	-0.945959	0.102831
116001	117000	116501	340.0	-0.945481	-0.156663
117001	118000	117501	325.0	-0.945002	-0.221758
118001	119000	118501	375.0	-0.944524	-0.015307
119001	120000	119501	361.0	-0.944046	-0.070199
120001	121000	120501	293.0	-0.943568	-0.371297
121001	122000	121501	269.0	-0.943089	-0.494592
122001	123000	122501	321.0	-0.942611	-0.239625
123001	124000	123501	284.0	-0.942133	-0.416307
124001	125000	124501	364.0	-0.941655	-0.058259
125001	126000	125501	386.0	-0.941176	0.026403
126001	127000	126501	391.0	-0.940698	0.044971
127001	128000	127501	372.0	-0.940220	-0.026895
128001	129000	128501	419.0	-0.939742	0.144752
129001	130000	129501	396.0	-0.939264	0.063303
130001	131000	130501	380.0	-0.938785	0.003802
131001	132000	131501	373.0	-0.938307	-0.023022
132001	133000	132501	395.0	-0.937829	0.059655
133001	134000	133501	326.0	-0.937351	-0.217326
134001	135000	134501	409.0	-0.936872	0.109903
135001	136000	135501	524.0	-0.936394	0.467369
136001	137000	136501	420.0	-0.935916	0.148191
137001	138000	137501	341.0	-0.935438	-0.152426
138001	139000	138501	361.0	-0.934959	-0.070199
139001	140000	139501	349.0	-0.934481	-0.118971
140001	141000	140501	371.0	-0.934003	-0.030779
141001	142000	141501	427.0	-0.933525	0.172038
142001	143000	142501	384.0	-0.933046	0.018908
143001	144000	143501	425.0	-0.932568	0.165265
144001	145000	144501	392.0	-0.932090	0.048656
145001	146000	145501	354.0	-0.931612	-0.098448
146001	147000	146501	427.0	-0.931133	0.172038
147001	148000	147501	483.0	-0.930655	0.349825
148001	149000	148501	374.0	-0.930177	-0.019160
149001	150000	149501	330.0	-0.929699	-0.199732
150001	151000	150501	376.0	-0.929220	-0.011465
151001	152000	151501	347.0	-0.928742	-0.127262
152001	153000	152501	341.0	-0.928264	-0.152426
153001	154000	153501	317.0	-0.927786	-0.257715
154001	155000	154501	368.0	-0.927308	-0.042492
155001	156000	155501	387.0	-0.926829	0.030136
156001	157000	156501	351.0	-0.926351	-0.110727
157001	158000	157501	423.0	-0.925873	0.158460
158001	159000	158501	361.0	-0.925395	-0.070199
159001	160000	159501	349.0	-0.924916	-0.118971
160001	161000	160501	357.0	-0.924438	-0.086274
161001	162000	161501	386.0	-0.923960	0.026403
162001	163000	162501	516.0	-0.923482	0.445173
163001	164000	163501	602.0	-0.923003	0.667566
164001	165000	164501	417.0	-0.922525	0.137850
165001	166000	165501	334.0	-0.922047	-0.182350
166001	167000	166501	300.0	-0.921569	-0.337235
167001	168000	167501	293.0	-0.921090	-0.371297
168001	169000	168501	284.0	-0.920612	-0.416307
169001	170000	169501	273.0	-0.920134	-0.473297
170001	171000	170501	354.0	-0.919656	-0.098448
171001	172000	171501	348.0	-0.919177	-0.123111
172001	173000	172501	253.0	-0.918699	-0.583060
173001	174000	173501	190.0	-0.918221	-0.996198
174001	175000	174501	212.0	-0.917743	-0.838134
175001	176000	175501	233.0	-0.917264	-0.701868
176001	177000	176501	168.0	-0.916786	-1.173737
177001	178000	177501	201.0	-0.916308	-0.915002
178001	179000	178501	162.0	-0.915830	-1.226204
179001	180000	179501	145.0	-0.915352	-1.386145
180001	181000	180501	145.0	-0.914873	-1.386145
181001	182000	181501	150.0	-0.914395	-1.337235
182001	183000	182501	181.0	-0.913917	-1.066208
183001	184000	183501	206.0	-0.913439	-0.879554
184001	185000	184501	197.0	-0.912960	-0.944002
185001	186000	185501	216.0	-0.912482	-0.811167
186001	187000	186501	261.0	-0.912004	-0.538148
187001	188000	187501	295.0	-0.911526	-0.361483
188001	189000	188501	333.0	-0.911047	-0.186676
189001	190000	189501	279.0	-0.910569	-0.441933
190001	191000	190501	291.0	-0.910091	-0.381179
191001	192000	191501	243.0	-0.909613	-0.641242
192001	193000	192501	230.0	-0.909134	-0.720564
193001	194000	193501	281.0	-0.908656	-0.431628
194001	195000	194501	256.0	-0.908178	-0.566054
195001	196000	195501	248.0	-0.907700	-0.611858
196001	197000	196501	218.0	-0.907221	-0.797870
197001	198000	197501	255.0	-0.906743	-0.571701
198001	199000	198501	364.0	-0.906265	-0.058259
199001	200000	199501	286.0	-0.905787	-0.406183
200001	201000	200501	299.0	-0.905308	-0.342052
201001	202000	201501	276.0	-0.904830	-0.457530
202001	203000	202501	296.0	-0.904352	-0.356601
203001	204000	203501	265.0	-0.903874	-0.516205
204001	205000	204501	227.0	-0.903396	-0.739506
205001	206000	205501	194.0	-0.902917	-0.966141
206001	207000	206501	228.0	-0.902439	-0.733164
207001	208000	207501	186.0	-0.901961	-1.026895
208001	209000	208501	153.0	-0.901483	-1.308666
209001	210000	209501	184.0	-0.901004	-1.042492
210001	211000	210501	211.0	-0.900526	-0.844955
211001	212000	211501	193.0	-0.900048	-0.973597
212001	213000	212501	218.0	-0.899570	-0.797870
213001	214000	213501	169.0	-0.899091	-1.165175
214001	215000	214501	272.0	-0.898613	-0.478591
215001	216000	215501	269.0	-0.898135	-0.494592
216001	217000	216501	263.0	-0.897657	-0.527135
217001	218000	217501	276.0	-0.897178	-0.457530
218001	219000	218501	326.0	-0.896700	-0.217326
219001	220000	219501	305.0	-0.896222	-0.313389
220001	221000	220501	294.0	-0.895744	-0.366382
221001	222000	221501	338.0	-0.895265	-0.165175
222001	223000	222501	328.0	-0.894787	-0.208502
223001	224000	223501	370.0	-0.894309	-0.034673
224001	225000	224501	390.0	-0.893831	0.041276
225001	226000	225501	331.0	-0.893352	-0.195367
226001	227000	226501	322.0	-0.892874	-0.235137
227001	228000	227501	242.0	-0.892396	-0.647191
228001	229000	228501	266.0	-0.891918	-0.510772
229001	230000	229501	263.0	-0.891440	-0.527135
230001	231000	230501	211.0	-0.890961	-0.844955
231001	232000	231501	190.0	-0.890483	-0.996198
232001	233000	232501	247.0	-0.890005	-0.617687
233001	234000	233501	245.0	-0.889527	-0.629416
234001	235000	234501	175.0	-0.889048	-1.114843
235001	236000	235501	163.0	-0.888570	-1.217326
236001	237000	236501	149.0	-0.888092	-1.346886
237001	238000	237501	184.0	-0.887614	-1.042492
238001	239000	238501	278.0	-0.887135	-0.447113
239001	240000	239501	283.0	-0.886657	-0.421396
240001	241000	240501	241.0	-0.886179	-0.653165
241001	242000	241501	294.0	-0.885701	-0.366382
242001	243000	242501	374.0	-0.885222	-0.019160
243001	244000	243501	427.0	-0.884744	0.172038
244001	245000	244501	414.0	-0.884266	0.127433
245001	246000	245501	327.0	-0.883788	-0.212907
246001	247000	246501	287.0	-0.883309	-0.401147
247001	248000	247501	297.0	-0.882831	-0.351735
248001	249000	248501	273.0	-0.882353	-0.473297
249001	250000	249501	248.0	-0.881875	-0.611858
250001	251000	250501	240.0	-0.881396	-0.659163
251001	252000	251501	231.0	-0.880918	-0.714305
252001	253000	252501	268.0	-0.880440	-0.499965
253001	254000	253501	239.0	-0.879962	-0.665187
254001	255000	254501	334.0	-0.879484	-0.182350
255001	256000	255501	255.0	-0.879005	-0.571701
256001	257000	256501	291.0	-0.878527	-0.381179
257001	258000	257501	279.0	-0.878049	-0.441933
258001	259000	258501	245.0	-0.877571	-0.629416
259001	260000	259501	356.0	-0.877092	-0.090321
260001	261000	260501	297.0	-0.876614	-0.351735
261001	262000	261501	310.0	-0.876136	-0.289930
262001	263000	262501	257.0	-0.875658	-0.560429
263001	264000	263501	257.0	-0.875179	-0.560429
264001	265000	264501	337.0	-0.874701	-0.169449
265001	266000	265501	397.0	-0.874223	0.066941
266001	267000	266501	434.0	-0.873745	0.195497
267001	268000	267501	310.0	-0.873266	-0.289930
268001	269000	268501	444.0	-0.872788	0.228362
269001	270000	269501	338.0	-0.872310	-0.165175
270001	271000	270501	373.0	-0.871832	-0.023022
271001	272000	271501	376.0	-0.871353	-0.011465
272001	273000	272501	309.0	-0.870875	-0.294591
273001	274000	273501	490.0	-0.870397	0.370584
274001	275000	274501	417.0	-0.869919	0.137850
275001	276000	275501	396.0	-0.869440	0.063303
276001	277000	276501	433.0	-0.868962	0.192169
277001	278000	277501	385.0	-0.868484	0.022661
278001	279000	278501	300.0	-0.868006	-0.337235
279001	280000	279501	388.0	-0.867527	0.033859
280001	281000	280501	375.0	-0.867049	-0.015307
281001	282000	281501	385.0	-0.866571	0.022661
282001	283000	282501	391.0	-0.866093	0.044971
283001	284000	283501	424.0	-0.865615	0.161866
284001	285000	284501	361.0	-0.865136	-0.070199
285001	286000	285501	384.0	-0.864658	0.018908
286001	287000	286501	384.0	-0.864180	0.018908
287001	288000	287501	319.0	-0.863702	-0.248641
288001	289000	288501	318.0	-0.863223	-0.253171
289001	290000	289501	360.0	-0.862745	-0.074201
290001	291000	290501	354.0	-0.862267	-0.098448
291001	292000	291501	427.0	-0.861789	0.172038
292001	293000	292501	368.0	-0.861310	-0.042492
293001	294000	293501	378.0	-0.860832	-0.003812
294001	295000	294501	407.0	-0.860354	0.102831
295001	296000	295501	416.0	-0.859876	0.134386
296001	297000	296501	534.0	-0.859397	0.494642
297001	298000	297501	441.0	-0.858919	0.218581
298001	299000	298501	357.0	-0.858441	-0.086274
299001	300000	299501	443.0	-0.857963	0.225109
300001	301000	300501	327.0	-0.857484	-0.212907
301001	302000	301501	385.0	-0.857006	0.022661
302001	303000	302501	404.0	-0.856528	0.092157
303001	304000	303501	364.0	-0.856050	-0.058259
304001	305000	304501	404.0	-0.855571	0.092157
305001	306000	305501	393.0	-0.855093	0.052331
306001	307000	306501	321.0	-0.854615	-0.239625
307001	308000	307501	323.0	-0.854137	-0.230664
308001	309000	308501	325.0	-0.853659	-0.221758
309001	310000	309501	437.0	-0.853180	0.205435
310001	311000	310501	386.0	-0.852702	0.026403
311001	312000	311501	509.0	-0.852224	0.425468
312001	313000	312501	449.0	-0.851746	0.244518
313001	314000	313501	365.0	-0.851267	-0.054301
314001	315000	314501	421.0	-0.850789	0.151622
315001	316000	315501	523.0	-0.850311	0.464613
316001	317000	316501	457.0	-0.849833	0.269996
317001	318000	317501	401.0	-0.849354	0.081404
318001	319000	318501	308.0	-0.848876	-0.299267
319001	320000	319501	322.0	-0.848398	-0.235137
320001	321000	320501	325.0	-0.847920	-0.221758
321001	322000	321501	304.0	-0.847441	-0.318127
322001	323000	322501	406.0	-0.846963	0.099282
323001	324000	323501	459.0	-0.846485	0.276296
324001	325000	324501	362.0	-0.846007	-0.066208
325001	326000	325501	413.0	-0.845528	0.123944
326001	327000	326501	464.0	-0.845050	0.291927
327001	328000	327501	393.0	-0.844572	0.052331
328001	329000	328501	404.0	-0.844094	0.092157
329001	330000	329501	412.0	-0.843615	0.120446
330001	331000	330501	373.0	-0.843137	-0.023022
331001	332000	331501	267.0	-0.842659	-0.505358
332001	333000	332501	226.0	-0.842181	-0.745875
333001	334000	333501	245.0	-0.841703	-0.629416
334001	335000	334501	219.0	-0.841224	-0.791267
335001	336000	335501	286.0	-0.840746	-0.406183
336001	337000	336501	246.0	-0.840268	-0.623540
337001	338000	337501	164.0	-0.839790	-1.208502
338001	339000	338501	218.0	-0.839311	-0.797870
339001	340000	339501	209.0	-0.838833	-0.858695
340001	341000	340501	202.0	-0.838355	-0.907843
341001	342000	341501	162.0	-0.837877	-1.226204
342001	343000	342501	145.0	-0.837398	-1.386145
343001	344000	343501	97.0	-0.836920	-1.966141
344001	345000	344501	102.0	-0.836442	-1.893629
345001	346000	345501	107.0	-0.835964	-1.824587
346001	347000	346501	154.0	-0.835485	-1.299267
347001	348000	347501	156.0	-0.835007	-1.280652
348001	349000	348501	174.0	-0.834529	-1.123111
349001	350000	349501	216.0	-0.834051	-0.811167
350001	351000	350501	170.0	-0.833572	-1.156663
351001	352000	351501	167.0	-0.833094	-1.182350
352001	353000	352501	121.0	-0.832616	-1.647191
353001	354000	353501	130.0	-0.832138	-1.543686
354001	355000	354501	172.0	-0.831659	-1.139789
355001	356000	355501	175.0	-0.831181	-1.114843
356001	357000	356501	202.0	-0.830703	-0.907843
357001	358000	357501	213.0	-0.830225	-0.831344
358001	359000	358501	314.0	-0.829747	-0.271433
359001	360000	359501	296.0	-0.829268	-0.356601
360001	361000	360501	338.0	-0.828790	-0.165175
361001	362000	361501	311.0	-0.828312	-0.285283
362001	363000	362501	367.0	-0.827834	-0.046418
363001	364000	363501	264.0	-0.827355	-0.521660
364001	365000	364501	348.0	-0.826877	-0.123111
365001	366000	365501	309.0	-0.826399	-0.294591
366001	367000	366501	326.0	-0.825921	-0.217326
367001	368000	367501	290.0	-0.825442	-0.386145
368001	369000	368501	305.0	-0.824964	-0.313389
369001	370000	369501	374.0	-0.824486	-0.019160
370001	371000	370501	432.0	-0.824008	0.188833
371001	372000	371501	316.0	-0.823529	-0.262273
372001	373000	372501	334.0	-0.823051	-0.182350
373001	374000	373501	377.0	-0.822573	-0.007633
374001	375000	374501	361.0	-0.822095	-0.070199
375001	376000	375501	390.0	-0.821616	0.041276
376001	377000	376501	331.0	-0.821138	-0.195367
377001	378000	377501	334.0	-0.820660	-0.182350
378001	379000	378501	386.0	-0.820182	0.026403
379001	380000	379501	300.0	-0.819703	-0.337235
380001	381000	380501	212.0	-0.819225	-0.838134
381001	382000	381501	210.0	-0.818747	-0.851809
382001	383000	382501	313.0	-0.818269	-0.276035
383001	384000	383501	273.0	-0.817791	-0.473297
384001	385000	384501	176.0	-0.817312	-1.106622
385001	386000	385501	143.0	-0.816834	-1.406183
386001	387000	386501	189.0	-0.816356	-1.003812
387001	388000	387501	170.0	-0.815878	-1.156663
388001	389000	388501	165.0	-0.815399	-1.199732
389001	390000	389501	184.0	-0.814921	-1.042492
390001	391000	390501	233.0	-0.814443	-0.701868
391001	392000	391501	245.0	-0.813965	-0.629416
392001	393000	392501	336.0	-0.813486	-0.173737
393001	394000	393501	231.0	-0.813008	-0.714305
394001	395000	394501	283.0	-0.812530	-0.421396
395001	396000	395501	399.0	-0.812052	0.074191
396001	397000	396501	350.0	-0.811573	-0.114843
397001	398000	397501	424.0	-0.811095	0.161866
398001	399000	398501	464.0	-0.810617	0.291927
399001	400000	399501	674.0	-0.810139	0.830551
400001	401000	400501	471.0	-0.809660	0.313529
401001	402000	401501	348.0	-0.809182	-0.123111
402001	403000	402501	380.0	-0.808704	0.003802
403001	404000	403501	490.0	-0.808226	0.370584
404001	405000	404501	529.0	-0.807747	0.481070
405001	406000	405501	438.0	-0.807269	0.208733
406001	407000	406501	416.0	-0.806791	0.134386
407001	408000	407501	528.0	-0.806313	0.478340
408001	409000	408501	482.0	-0.805835	0.346835
409001	410000	409501	320.0	-0.805356	-0.244126
410001	411000	410501	277.0	-0.804878	-0.452312
411001	412000	411501	265.0	-0.804400	-0.516205
412001	413000	412501	333.0	-0.803922	-0.186676
413001	414000	413501	327.0	-0.803443	-0.212907
414001	415000	414501	263.0	-0.802965	-0.527135
415001	416000	415501	281.0	-0.802487	-0.431628
416001	417000	416501	301.0	-0.802009	-0.332434
417001	418000	417501	372.0	-0.801530	-0.026895
418001	419000	418501	305.0	-0.801052	-0.313389
419001	420000	419501	354.0	-0.800574	-0.098448
420001	421000	420501	389.0	-0.800096	0.037572
421001	422000	421501	346.0	-0.799617	-0.131426
422001	423000	422501	423.0	-0.799139	0.158460
423001	424000	423501	388.0	-0.798661	0.033859
424001	425000	424501	346.0	-0.798183	-0.131426
425001	426000	425501	364.0	-0.797704	-0.058259
426001	427000	426501	393.0	-0.797226	0.052331
427001	428000	427501	437.0	-0.796748	0.205435
428001	429000	428501	343.0	-0.796270	-0.143989
429001	430000	429501	394.0	-0.795791	0.055998
430001	431000	430501	426.0	-0.795313	0.168656
431001	432000	431501	330.0	-0.794835	-0.199732
432001	433000	432501	408.0	-0.794357	0.106371
433001	434000	433501	448.0	-0.793879	0.241301
434001	435000	434501	399.0	-0.793400	0.074191
435001	436000	435501	375.0	-0.792922	-0.015307
436001	437000	436501	342.0	-0.792444	-0.148202
437001	438000	437501	323.0	-0.791966	-0.230664
438001	439000	438501	368.0	-0.791487	-0.042492
439001	440000	439501	454.0	-0.791009	0.260494
440001	441000	440501	502.0	-0.790531	0.405490
441001	442000	441501	527.0	-0.790053	0.475605
442001	443000	442501	501.0	-0.789574	0.402613
443001	444000	443501	449.0	-0.789096	0.244518
444001	445000	444501	428.0	-0.788618	0.175413
445001	446000	445501	605.0	-0.788140	0.674737
446001	447000	446501	360.0	-0.787661	-0.074201
447001	448000	447501	336.0	-0.787183	-0.173737
448001	449000	448501	362.0	-0.786705	-0.066208
449001	450000	449501	389.0	-0.786227	0.037572
450001	451000	450501	355.0	-0.785748	-0.094379
451001	452000	451501	343.0	-0.785270	-0.143989
452001	453000	452501	283.0	-0.784792	-0.421396
453001	454000	453501	334.0	-0.784314	-0.182350
454001	455000	454501	308.0	-0.783835	-0.299267
455001	456000	455501	224.0	-0.783357	-0.758699
456001	457000	456501	324.0	-0.782879	-0.226204
457001	458000	457501	348.0	-0.782401	-0.123111
458001	459000	458501	400.0	-0.781923	0.077802
459001	460000	459501	390.0	-0.781444	0.041276
460001	461000	460501	314.0	-0.780966	-0.271433
461001	462000	461501	338.0	-0.780488	-0.165175
462001	463000	462501	345.0	-0.780010	-0.135601
463001	464000	463501	327.0	-0.779531	-0.212907
464001	465000	464501	381.0	-0.779053	0.007593
465001	466000	465501	353.0	-0.778575	-0.102530
466001	467000	466501	342.0	-0.778097	-0.148202
467001	468000	467501	314.0	-0.777618	-0.271433
468001	469000	468501	318.0	-0.777140	-0.253171
469001	470000	469501	307.0	-0.776662	-0.303959
470001	471000	470501	283.0	-0.776184	-0.421396
471001	472000	471501	273.0	-0.775705	-0.473297
472001	473000	472501	338.0	-0.775227	-0.165175
473001	474000	473501	310.0	-0.774749	-0.289930
474001	475000	474501	335.0	-0.774271	-0.178037
475001	476000	475501	324.0	-0.773792	-0.226204
476001	477000	476501	359.0	-0.773314	-0.078214
477001	478000	477501	438.0	-0.772836	0.208733
478001	479000	478501	365.0	-0.772358	-0.054301
479001	480000	479501	414.0	-0.771879	0.127433
480001	481000	480501	399.0	-0.771401	0.074191
481001	482000	481501	415.0	-0.770923	0.130913
482001	483000	482501	539.0	-0.770445	0.508087
483001	484000	483501	442.0	-0.769967	0.221849
484001	485000	484501	428.0	-0.769488	0.175413
485001	486000	485501	344.0	-0.769010	-0.139789
486001	487000	486501	376.0	-0.768532	-0.011465
487001	488000	487501	450.0	-0.768054	0.247727
488001	489000	488501	369.0	-0.767575	-0.038577
489001	490000	489501	417.0	-0.767097	0.137850
490001	491000	490501	408.0	-0.766619	0.106371
491001	492000	491501	492.0	-0.766141	0.376460
492001	493000	492501	395.0	-0.765662	0.059655
493001	494000	493501	323.0	-0.765184	-0.230664
494001	495000	494501	282.0	-0.764706	-0.426503
495001	496000	495501	310.0	-0.764228	-0.289930
496001	497000	496501	314.0	-0.763749	-0.271433
497001	498000	497501	280.0	-0.763271	-0.436771
498001	499000	498501	275.0	-0.762793	-0.462766
499001	500000	499501	256.0	-0.762315	-0.566054
500001	501000	500501	299.0	-0.761836	-0.342052
501001	502000	501501	313.0	-0.761358	-0.276035
502001	503000	502501	329.0	-0.760880	-0.204110
503001	504000	503501	349.0	-0.760402	-0.118971
504001	505000	504501	306.0	-0.759923	-0.308666
505001	506000	505501	357.0	-0.759445	-0.086274
506001	507000	506501	463.0	-0.758967	0.288814
507001	508000	507501	506.0	-0.758489	0.416940
508001	509000	508501	400.0	-0.758011	0.077802
509001	510000	509501	443.0	-0.757532	0.225109
510001	511000	510501	329.0	-0.757054	-0.204110
511001	512000	511501	337.0	-0.756576	-0.169449
512001	513000	512501	421.0	-0.756098	0.151622
513001	514000	513501	399.0	-0.755619	0.074191
514001	515000	514501	418.0	-0.755141	0.141305
515001	516000	515501	393.0	-0.754663	0.052331
516001	517000	516501	323.0	-0.754185	-0.230664
517001	518000	517501	354.0	-0.753706	-0.098448
518001	519000	518501	319.0	-0.753228	-0.248641
519001	520000	519501	266.0	-0.752750	-0.510772
520001	521000	520501	229.0	-0.752272	-0.726850
521001	522000	521501	295.0	-0.751793	-0.361483
522001	523000	522501	298.0	-0.751315	-0.346886
523001	524000	523501	254.0	-0.750837	-0.577369
524001	525000	524501	311.0	-0.750359	-0.285283
525001	526000	525501	237.0	-0.749880	-0.677311
526001	527000	526501	286.0	-0.749402	-0.406183
527001	528000	527501	210.0	-0.748924	-0.851809
528001	529000	528501	259.0	-0.748446	-0.549246
529001	530000	529501	299.0	-0.747967	-0.342052
530001	531000	530501	413.0	-0.747489	0.123944
531001	532000	531501	429.0	-0.747011	0.178780
532001	533000	532501	357.0	-0.746533	-0.086274
533001	534000	533501	324.0	-0.746055	-0.226204
534001	535000	534501	405.0	-0.745576	0.095724
535001	536000	535501	431.0	-0.745098	0.185490
536001	537000	536501	440.0	-0.744620	0.215306
537001	538000	537501	502.0	-0.744142	0.405490
538001	539000	538501	457.0	-0.743663	0.269996
539001	540000	539501	539.0	-0.743185	0.508087
540001	541000	540501	472.0	-0.742707	0.316589
541001	542000	541501	512.0	-0.742229	0.433946
542001	543000	542501	515.0	-0.741750	0.442375
543001	544000	543501	366.0	-0.741272	-0.050354
544001	545000	544501	308.0	-0.740794	-0.299267
545001	546000	545501	288.0	-0.740316	-0.396129
546001	547000	546501	297.0	-0.739837	-0.351735
547001	548000	547501	443.0	-0.739359	0.225109
548001	549000	548501	399.0	-0.738881	0.074191
549001	550000	549501	477.0	-0.738403	0.331791
550001	551000	550501	293.0	-0.737924	-0.371297
551001	552000	551501	271.0	-0.737446	-0.483905
552001	553000	552501	233.0	-0.736968	-0.701868
553001	554000	553501	369.0	-0.736490	-0.038577
554001	555000	554501	278.0	-0.736011	-0.447113
555001	556000	555501	351.0	-0.735533	-0.110727
556001	557000	556501	519.0	-0.735055	0.453537
557001	558000	557501	418.0	-0.734577	0.141305
558001	559000	558501	353.0	-0.734099	-0.102530
559001	560000	559501	315.0	-0.733620	-0.266846
560001	561000	560501	390.0	-0.733142	0.041276
561001	562000	561501	624.0	-0.732664	0.719348
562001	563000	562501	431.0	-0.732186	0.185490
563001	564000	563501	415.0	-0.731707	0.130913
564001	565000	564501	366.0	-0.731229	-0.050354
565001	566000	565501	389.0	-0.730751	0.037572
566001	567000	566501	385.0	-0.730273	0.022661
567001	568000	567501	456.0	-0.729794	0.266836
568001	569000	568501	402.0	-0.729316	0.084998
569001	570000	569501	367.0	-0.728838	-0.046418
570001	571000	570501	335.0	-0.728360	-0.178037
571001	572000	571501	390.0	-0.727881	0.041276
572001	573000	572501	374.0	-0.727403	-0.019160
573001	574000	573501	306.0	-0.726925	-0.308666
574001	575000	574501	295.0	-0.726447	-0.361483
575001	576000	575501	360.0	-0.725968	-0.074201
576001	577000	576501	345.0	-0.725490	-0.135601
577001	578000	577501	308.0	-0.725012	-0.299267
578001	579000	578501	257.0	-0.724534	-0.560429
579001	580000	579501	216.0	-0.724055	-0.811167
580001	581000	580501	176.0	-0.723577	-1.106622
581001	582000	581501	176.0	-0.723099	-1.106622
582001	583000	582501	206.0	-0.722621	-0.879554
583001	584000	583501	197.0	-0.722143	-0.944002
584001	585000	584501	217.0	-0.721664	-0.804503
585001	586000	585501	218.0	-0.721186	-0.797870
586001	587000	586501	226.0	-0.720708	-0.745875
587001	588000	587501	225.0	-0.720230	-0.752273
588001	589000	588501	232.0	-0.719751	-0.708073
589001	590000	589501	341.0	-0.719273	-0.152426
590001	591000	590501	268.0	-0.718795	-0.499965
591001	592000	591501	250.0	-0.718317	-0.600270
592001	593000	592501	323.0	-0.717838	-0.230664
593001	594000	593501	371.0	-0.717360	-0.030779
594001	595000	594501	284.0	-0.716882	-0.416307
595001	596000	595501	244.0	-0.716404	-0.635317
596001	597000	596501	322.0	-0.715925	-0.235137
597001	598000	597501	341.0	-0.715447	-0.152426
598001	599000	598501	321.0	-0.714969	-0.239625
599001	600000	599501	378.0	-0.714491	-0.003812
600001	601000	600501	290.0	-0.714012	-0.386145
601001	602000	601501	326.0	-0.713534	-0.217326
602001	603000	602501	408.0	-0.713056	0.106371
603001	604000	603501	300.0	-0.712578	-0.337235
604001	605000	604501	348.0	-0.712099	-0.123111
605001	606000	605501	338.0	-0.711621	-0.165175
606001	607000	606501	377.0	-0.711143	-0.007633
607001	608000	607501	350.0	-0.710665	-0.114843
608001	609000	608501	287.0	-0.710187	-0.401147
609001	610000	609501	270.0	-0.709708	-0.489238
610001	611000	610501	296.0	-0.709230	-0.356601
611001	612000	611501	290.0	-0.708752	-0.386145
612001	613000	612501	321.0	-0.708274	-0.239625
613001	614000	613501	288.0	-0.707795	-0.396129
614001	615000	614501	279.0	-0.707317	-0.441933
615001	616000	615501	281.0	-0.706839	-0.431628
616001	617000	616501	259.0	-0.706361	-0.549246
617001	618000	617501	314.0	-0.705882	-0.271433
618001	619000	618501	229.0	-0.705404	-0.726850
619001	620000	619501	204.0	-0.704926	-0.893629
620001	621000	620501	228.0	-0.704448	-0.733164
621001	622000	621501	209.0	-0.703969	-0.858695
622001	623000	622501	261.0	-0.703491	-0.538148
623001	624000	623501	234.0	-0.703013	-0.695689
624001	625000	624501	237.0	-0.702535	-0.677311
625001	626000	625501	245.0	-0.702056	-0.629416
626001	627000	626501	280.0	-0.701578	-0.436771
627001	628000	627501	233.0	-0.701100	-0.701868
628001	629000	628501	264.0	-0.700622	-0.521660
629001	630000	629501	262.0	-0.700143	-0.532631
630001	631000	630501	294.0	-0.699665	-0.366382
631001	632000	631501	268.0	-0.699187	-0.499965
632001	633000	632501	307.0	-0.698709	-0.303959
633001	634000	633501	348.0	-0.698231	-0.123111
634001	635000	634501	325.0	-0.697752	-0.221758
635001	636000	635501	367.0	-0.697274	-0.046418
636001	637000	636501	370.0	-0.696796	-0.034673
637001	638000	637501	453.0	-0.696318	0.257313
638001	639000	638501	396.0	-0.695839	0.063303
639001	640000	639501	399.0	-0.695361	0.074191
640001	641000	640501	359.0	-0.694883	-0.078214
641001	642000	641501	349.0	-0.694405	-0.118971
642001	643000	642501	437.0	-0.693926	0.205435
643001	644000	643501	439.0	-0.693448	0.212023
644001	645000	644501	464.0	-0.692970	0.291927
645001	646000	645501	429.0	-0.692492	0.178780
646001	647000	646501	402.0	-0.692013	0.084998
647001	648000	647501	305.0	-0.691535	-0.313389
648001	649000	648501	288.0	-0.691057	-0.396129
649001	650000	649501	272.0	-0.690579	-0.478591
650001	651000	650501	266.0	-0.690100	-0.510772
651001	652000	651501	233.0	-0.689622	-0.701868
652001	653000	652501	289.0	-0.689144	-0.391128
653001	654000	653501	337.0	-0.688666	-0.169449
654001	655000	654501	352.0	-0.688187	-0.106622
655001	656000	655501	341.0	-0.687709	-0.152426
656001	657000	656501	373.0	-0.687231	-0.023022
657001	658000	657501	388.0	-0.686753	0.033859
658001	659000	658501	401.0	-0.686275	0.081404
659001	660000	659501	417.0	-0.685796	0.137850
660001	661000	660501	473.0	-0.685318	0.319642
661001	662000	661501	442.0	-0.684840	0.221849
662001	663000	662501	461.0	-0.684362	0.282569
663001	664000	663501	346.0	-0.683883	-0.131426
664001	665000	664501	414.0	-0.683405	0.127433
665001	666000	665501	408.0	-0.682927	0.106371
666001	667000	666501	354.0	-0.682449	-0.098448
667001	668000	667501	314.0	-0.681970	-0.271433
668001	669000	668501	350.0	-0.681492	-0.114843
669001	670000	669501	261.0	-0.681014	-0.538148
670001	671000	670501	228.0	-0.680536	-0.733164
671001	672000	671501	215.0	-0.680057	-0.817861
672001	673000	672501	284.0	-0.679579	-0.416307
673001	674000	673501	292.0	-0.679101	-0.376229
674001	675000	674501	359.0	-0.678623	-0.078214
675001	676000	675501	306.0	-0.678144	-0.308666
676001	677000	676501	258.0	-0.677666	-0.554827
677001	678000	677501	256.0	-0.677188	-0.566054
678001	679000	678501	287.0	-0.676710	-0.401147
679001	680000	679501	380.0	-0.676231	0.003802
680001	681000	680501	459.0	-0.675753	0.276296
681001	682000	681501	448.0	-0.675275	0.241301
682001	683000	682501	406.0	-0.674797	0.099282
683001	684000	683501	452.0	-0.674319	0.254125
684001	685000	684501	291.0	-0.673840	-0.381179
685001	686000	685501	407.0	-0.673362	0.102831
686001	687000	686501	268.0	-0.672884	-0.499965
687001	688000	687501	280.0	-0.672406	-0.436771
688001	689000	688501	477.0	-0.671927	0.331791
689001	690000	689501	395.0	-0.671449	0.059655
690001	691000	690501	273.0	-0.670971	-0.473297
691001	692000	691501	257.0	-0.670493	-0.560429
692001	693000	692501	305.0	-0.670014	-0.313389
693001	694000	693501	247.0	-0.669536	-0.617687
694001	695000	694501	295.0	-0.669058	-0.361483
695001	696000	695501	270.0	-0.668580	-0.489238
696001	697000	696501	303.0	-0.668101	-0.322880
697001	698000	697501	332.0	-0.667623	-0.191015
698001	699000	698501	431.0	-0.667145	0.185490
699001	700000	699501	361.0	-0.666667	-0.070199
700001	701000	700501	397.0	-0.666188	0.066941
701001	702000	701501	401.0	-0.665710	0.081404
702001	703000	702501	401.0	-0.665232	0.081404
703001	704000	703501	452.0	-0.664754	0.254125
704001	705000	704501	384.0	-0.664275	0.018908
705001	706000	705501	351.0	-0.663797	-0.110727
706001	707000	706501	398.0	-0.663319	0.070571
707001	708000	707501	371.0	-0.662841	-0.030779
708001	709000	708501	340.0	-0.662363	-0.156663
709001	710000	709501	317.0	-0.661884	-0.257715
710001	711000	710501	302.0	-0.661406	-0.327649
711001	712000	711501	385.0	-0.660928	0.022661
712001	713000	712501	327.0	-0.660450	-0.212907
713001	714000	713501	312.0	-0.659971	-0.280652
714001	715000	714501	298.0	-0.659493	-0.346886
715001	716000	715501	359.0	-0.659015	-0.078214
716001	717000	716501	531.0	-0.658537	0.486514
717001	718000	717501	529.0	-0.658058	0.481070
718001	719000	718501	377.0	-0.657580	-0.007633
719001	720000	719501	362.0	-0.657102	-0.066208
720001	721000	720501	488.0	-0.656624	0.364683
721001	722000	721501	413.0	-0.656145	0.123944
722001	723000	722501	478.0	-0.655667	0.334813
723001	724000	723501	341.0	-0.655189	-0.152426
724001	725000	724501	342.0	-0.654711	-0.148202
725001	726000	725501	375.0	-0.654232	-0.015307
726001	727000	726501	367.0	-0.653754	-0.046418
727001	728000	727501	264.0	-0.653276	-0.521660
728001	729000	728501	240.0	-0.652798	-0.659163
729001	730000	729501	215.0	-0.652319	-0.817861
730001	731000	730501	200.0	-0.651841	-0.922198
731001	732000	731501	198.0	-0.651363	-0.936697
732001	733000	732501	191.0	-0.650885	-0.988625
733001	734000	733501	188.0	-0.650407	-1.011465
734001	735000	734501	147.0	-0.649928	-1.366382
735001	736000	735501	212.0	-0.649450	-0.838134
736001	737000	736501	285.0	-0.648972	-0.411236
737001	738000	737501	173.0	-0.648494	-1.131426
738001	739000	738501	169.0	-0.648015	-1.165175
739001	740000	739501	211.0	-0.647537	-0.844955
740001	741000	740501	239.0	-0.647059	-0.665187
741001	742000	741501	206.0	-0.646581	-0.879554
742001	743000	742501	222.0	-0.646102	-0.771638
743001	744000	743501	224.0	-0.645624	-0.758699
744001	745000	744501	218.0	-0.645146	-0.797870
745001	746000	745501	261.0	-0.644668	-0.538148
746001	747000	746501	337.0	-0.644189	-0.169449
747001	748000	747501	330.0	-0.643711	-0.199732
748001	749000	748501	389.0	-0.643233	0.037572
749001	750000	749501	401.0	-0.642755	0.081404
750001	751000	750501	385.0	-0.642276	0.022661
751001	752000	751501	342.0	-0.641798	-0.148202
752001	753000	752501	316.0	-0.641320	-0.262273
753001	754000	753501	384.0	-0.640842	0.018908
754001	755000	754501	409.0	-0.640363	0.109903
755001	756000	755501	483.0	-0.639885	0.349825
756001	757000	756501	472.0	-0.639407	0.316589
757001	758000	757501	428.0	-0.638929	0.175413
758001	759000	758501	341.0	-0.638451	-0.152426
759001	760000	759501	391.0	-0.637972	0.044971
760001	761000	760501	404.0	-0.637494	0.092157
761001	762000	761501	358.0	-0.637016	-0.082238
762001	763000	762501	389.0	-0.636538	0.037572
763001	764000	763501	448.0	-0.636059	0.241301
764001	765000	764501	438.0	-0.635581	0.208733
765001	766000	765501	417.0	-0.635103	0.137850
766001	767000	766501	611.0	-0.634625	0.688975
767001	768000	767501	412.0	-0.634146	0.120446
768001	769000	768501	353.0	-0.633668	-0.102530
769001	770000	769501	505.0	-0.633190	0.414086
770001	771000	770501	408.0	-0.632712	0.106371
771001	772000	771501	416.0	-0.632233	0.134386
772001	773000	772501	364.0	-0.631755	-0.058259
773001	774000	773501	299.0	-0.631277	-0.342052
774001	775000	774501	249.0	-0.630799	-0.606052
775001	776000	775501	295.0	-0.630320	-0.361483
776001	777000	776501	314.0	-0.629842	-0.271433
777001	778000	777501	345.0	-0.629364	-0.135601
778001	779000	778501	340.0	-0.628886	-0.156663
779001	780000	779501	357.0	-0.628407	-0.086274
780001	781000	780501	396.0	-0.627929	0.063303
781001	782000	781501	326.0	-0.627451	-0.217326
782001	783000	782501	321.0	-0.626973	-0.239625
783001	784000	783501	393.0	-0.626495	0.052331
784001	785000	784501	376.0	-0.626016	-0.011465
785001	786000	785501	388.0	-0.625538	0.033859
786001	787000	786501	359.0	-0.625060	-0.078214
787001	788000	787501	390.0	-0.624582	0.041276
788001	789000	788501	410.0	-0.624103	0.113426
789001	790000	789501	381.0	-0.623625	0.007593
790001	791000	790501	362.0	-0.623147	-0.066208
791001	792000	791501	278.0	-0.622669	-0.447113
792001	793000	792501	322.0	-0.622190	-0.235137
793001	794000	793501	410.0	-0.621712	0.113426
794001	795000	794501	375.0	-0.621234	-0.015307
795001	796000	795501	471.0	-0.620756	0.313529
796001	797000	796501	372.0	-0.620277	-0.026895
797001	798000	797501	391.0	-0.619799	0.044971
798001	799000	798501	366.0	-0.619321	-0.050354
799001	800000	799501	329.0	-0.618843	-0.204110
800001	801000	800501	355.0	-0.618364	-0.094379
801001	802000	801501	398.0	-0.617886	0.070571
802001	803000	802501	351.0	-0.617408	-0.110727
803001	804000	803501	306.0	-0.616930	-0.308666
804001	805000	804501	328.0	-0.616451	-0.208502
805001	806000	805501	406.0	-0.615973	0.099282
806001	807000	806501	346.0	-0.615495	-0.131426
807001	808000	807501	360.0	-0.615017	-0.074201
808001	809000	808501	284.0	-0.614538	-0.416307
809001	810000	809501	354.0	-0.614060	-0.098448
810001	811000	810501	506.0	-0.613582	0.416940
811001	812000	811501	472.0	-0.613104	0.316589
812001	813000	812501	414.0	-0.612626	0.127433
813001	814000	813501	434.0	-0.612147	0.195497
814001	815000	814501	349.0	-0.611669	-0.118971
815001	816000	815501	369.0	-0.611191	-0.038577
816001	817000	816501	411.0	-0.610713	0.116941
817001	818000	817501	400.0	-0.610234	0.077802
818001	819000	818501	375.0	-0.609756	-0.015307
819001	820000	819501	392.0	-0.609278	0.048656
820001	821000	820501	380.0	-0.608800	0.003802
821001	822000	821501	324.0	-0.608321	-0.226204
822001	823000	822501	368.0	-0.607843	-0.042492
823001	824000	823501	358.0	-0.607365	-0.082238
824001	825000	824501	397.0	-0.606887	0.066941
825001	826000	825501	348.0	-0.606408	-0.123111
826001	827000	826501	424.0	-0.605930	0.161866
827001	828000	827501	393.0	-0.605452	0.052331
828001	829000	828501	359.0	-0.604974	-0.078214
829001	830000	829501	371.0	-0.604495	-0.030779
830001	831000	830501	407.0	-0.604017	0.102831
831001	832000	831501	315.0	-0.603539	-0.266846
832001	833000	832501	318.0	-0.603061	-0.253171
833001	834000	833501	363.0	-0.602582	-0.062228
834001	835000	834501	284.0	-0.602104	-0.416307
835001	836000	835501	438.0	-0.601626	0.208733
836001	837000	836501	384.0	-0.601148	0.018908
837001	838000	837501	350.0	-0.600670	-0.114843
838001	839000	838501	220.0	-0.600191	-0.784694
839001	840000	839501	277.0	-0.599713	-0.452312
840001	841000	840501	352.0	-0.599235	-0.106622
841001	842000	841501	312.0	-0.598757	-0.280652
842001	843000	842501	276.0	-0.598278	-0.457530
843001	844000	843501	270.0	-0.597800	-0.489238
844001	845000	844501	365.0	-0.597322	-0.054301
845001	846000	845501	344.0	-0.596844	-0.139789
846001	847000	846501	287.0	-0.596365	-0.401147
847001	848000	847501	287.0	-0.595887	-0.401147
848001	849000	848501	306.0	-0.595409	-0.308666
849001	850000	849501	260.0	-0.594931	-0.543686
850001	851000	850501	211.0	-0.594452	-0.844955
851001	852000	851501	226.0	-0.593974	-0.745875
852001	853000	852501	211.0	-0.593496	-0.844955
853001	854000	853501	234.0	-0.593018	-0.695689
854001	855000	854501	242.0	-0.592539	-0.647191
855001	856000	855501	289.0	-0.592061	-0.391128
856001	857000	856501	415.0	-0.591583	0.130913
857001	858000	857501	374.0	-0.591105	-0.019160
858001	859000	858501	378.0	-0.590626	-0.003812
859001	860000	859501	404.0	-0.590148	0.092157
860001	861000	860501	367.0	-0.589670	-0.046418
861001	862000	861501	402.0	-0.589192	0.084998
862001	863000	862501	365.0	-0.588714	-0.054301
863001	864000	863501	472.0	-0.588235	0.316589
864001	865000	864501	463.0	-0.587757	0.288814
865001	866000	865501	415.0	-0.587279	0.130913
866001	867000	866501	304.0	-0.586801	-0.318127
867001	868000	867501	387.0	-0.586322	0.030136
868001	869000	868501	387.0	-0.585844	0.030136
869001	870000	869501	329.0	-0.585366	-0.204110
870001	871000	870501	353.0	-0.584888	-0.102530
871001	872000	871501	396.0	-0.584409	0.063303
872001	873000	872501	415.0	-0.583931	0.130913
873001	874000	873501	320.0	-0.583453	-0.244126
874001	875000	874501	253.0	-0.582975	-0.583060
875001	876000	875501	417.0	-0.582496	0.137850
876001	877000	876501	390.0	-0.582018	0.041276
877001	878000	877501	315.0	-0.581540	-0.266846
878001	879000	878501	225.0	-0.581062	-0.752273
879001	880000	879501	298.0	-0.580583	-0.346886
880001	881000	880501	255.0	-0.580105	-0.571701
881001	882000	881501	296.0	-0.579627	-0.356601
882001	883000	882501	251.0	-0.579149	-0.594510
883001	884000	883501	206.0	-0.578670	-0.879554
884001	885000	884501	242.0	-0.578192	-0.647191
885001	886000	885501	183.0	-0.577714	-1.050354
886001	887000	886501	228.0	-0.577236	-0.733164
887001	888000	887501	224.0	-0.576758	-0.758699
888001	889000	888501	236.0	-0.576279	-0.683411
889001	890000	889501	318.0	-0.575801	-0.253171
890001	891000	890501	351.0	-0.575323	-0.110727
891001	892000	891501	315.0	-0.574845	-0.266846
892001	893000	892501	348.0	-0.574366	-0.123111
893001	894000	893501	362.0	-0.573888	-0.066208
894001	895000	894501	351.0	-0.573410	-0.110727
895001	896000	895501	316.0	-0.572932	-0.262273
896001	897000	896501	365.0	-0.572453	-0.054301
897001	898000	897501	314.0	-0.571975	-0.271433
898001	899000	898501	333.0	-0.571497	-0.186676
899001	900000	899501	313.0	-0.571019	-0.276035
900001	901000	900501	404.0	-0.570540	0.092157
901001	902000	901501	364.0	-0.570062	-0.058259
902001	903000	902501	358.0	-0.569584	-0.082238
903001	904000	903501	454.0	-0.569106	0.260494
904001	905000	904501	375.0	-0.568627	-0.015307
905001	906000	905501	293.0	-0.568149	-0.371297
906001	907000	906501	304.0	-0.567671	-0.318127
907001	908000	907501	286.0	-0.567193	-0.406183
908001	909000	908501	272.0	-0.566714	-0.478591
909001	910000	909501	218.0	-0.566236	-0.797870
910001	911000	910501	207.0	-0.565758	-0.872567
911001	912000	911501	233.0	-0.565280	-0.701868
912001	913000	912501	255.0	-0.564802	-0.571701
913001	914000	913501	240.0	-0.564323	-0.659163
914001	915000	914501	222.0	-0.563845	-0.771638
915001	916000	915501	243.0	-0.563367	-0.641242
916001	917000	916501	273.0	-0.562889	-0.473297
917001	918000	917501	235.0	-0.562410	-0.689537
918001	919000	918501	305.0	-0.561932	-0.313389
919001	920000	919501	390.0	-0.561454	0.041276
920001	921000	920501	399.0	-0.560976	0.074191
921001	922000	921501	453.0	-0.560497	0.257313
922001	923000	922501	453.0	-0.560019	0.257313
923001	924000	923501	437.0	-0.559541	0.205435
924001	925000	924501	254.0	-0.559063	-0.577369
925001	926000	925501	316.0	-0.558584	-0.262273
926001	927000	926501	368.0	-0.558106	-0.042492
927001	928000	927501	281.0	-0.557628	-0.431628
928001	929000	928501	249.0	-0.557150	-0.606052
929001	930000	929501	298.0	-0.556671	-0.346886
930001	931000	930501	313.0	-0.556193	-0.276035
931001	932000	931501	389.0	-0.555715	0.037572
932001	933000	932501	386.0	-0.555237	0.026403
933001	934000	933501	393.0	-0.554758	0.052331
934001	935000	934501	372.0	-0.554280	-0.026895
935001	936000	935501	376.0	-0.553802	-0.011465
936001	937000	936501	345.0	-0.553324	-0.135601
937001	938000	937501	300.0	-0.552846	-0.337235
938001	939000	938501	263.0	-0.552367	-0.527135
939001	940000	939501	301.0	-0.551889	-0.332434
940001	941000	940501	298.0	-0.551411	-0.346886
941001	942000	941501	359.0	-0.550933	-0.078214
942001	943000	942501	401.0	-0.550454	0.081404
943001	944000	943501	341.0	-0.549976	-0.152426
944001	945000	944501	400.0	-0.549498	0.077802
945001	946000	945501	373.0	-0.549020	-0.023022
946001	947000	946501	380.0	-0.548541	0.003802
947001	948000	947501	281.0	-0.548063	-0.431628
948001	949000	948501	284.0	-0.547585	-0.416307
949001	950000	949501	338.0	-0.547107	-0.165175
950001	951000	950501	358.0	-0.546628	-0.082238
951001	952000	951501	433.0	-0.546150	0.192169
952001	953000	952501	411.0	-0.545672	0.116941
953001	954000	953501	503.0	-0.545194	0.408361
954001	955000	954501	491.0	-0.544715	0.373525
955001	956000	955501	374.0	-0.544237	-0.019160
956001	957000	956501	430.0	-0.543759	0.182139
957001	958000	957501	416.0	-0.543281	0.134386
958001	959000	958501	354.0	-0.542802	-0.098448
959001	960000	959501	348.0	-0.542324	-0.123111
960001	961000	960501	420.0	-0.541846	0.148191
961001	962000	961501	426.0	-0.541368	0.168656
962001	963000	962501	442.0	-0.540890	0.221849
963001	964000	963501	470.0	-0.540411	0.310463
964001	965000	964501	536.0	-0.539933	0.500035
965001	966000	965501	435.0	-0.539455	0.198818
966001	967000	966501	438.0	-0.538977	0.208733
967001	968000	967501	433.0	-0.538498	0.192169
968001	969000	968501	293.0	-0.538020	-0.371297
969001	970000	969501	288.0	-0.537542	-0.396129
970001	971000	970501	347.0	-0.537064	-0.127262
971001	972000	971501	339.0	-0.536585	-0.160913
972001	973000	972501	312.0	-0.536107	-0.280652
973001	974000	973501	289.0	-0.535629	-0.391128
974001	975000	974501	270.0	-0.535151	-0.489238
975001	976000	975501	350.0	-0.534672	-0.114843
976001	977000	976501	398.0	-0.534194	0.070571
977001	978000	977501	284.0	-0.533716	-0.416307
978001	979000	978501	304.0	-0.533238	-0.318127
979001	980000	979501	344.0	-0.532759	-0.139789
980001	981000	980501	273.0	-0.532281	-0.473297
981001	982000	981501	304.0	-0.531803	-0.318127
982001	983000	982501	313.0	-0.531325	-0.276035
983001	984000	983501	243.0	-0.530846	-0.641242
984001	985000	984501	270.0	-0.530368	-0.489238
985001	986000	985501	308.0	-0.529890	-0.299267
986001	987000	986501	232.0	-0.529412	-0.708073
987001	988000	987501	239.0	-0.528934	-0.665187
988001	989000	988501	282.0	-0.528455	-0.426503
989001	990000	989501	239.0	-0.527977	-0.665187
990001	991000	990501	224.0	-0.527499	-0.758699
991001	992000	991501	291.0	-0.527021	-0.381179
992001	993000	992501	261.0	-0.526542	-0.538148
993001	994000	993501	276.0	-0.526064	-0.457530
994001	995000	994501	281.0	-0.525586	-0.431628
995001	996000	995501	250.0	-0.525108	-0.600270
996001	997000	996501	183.0	-0.524629	-1.050354
997001	998000	997501	189.0	-0.524151	-1.003812
998001	999000	998501	226.0	-0.523673	-0.745875
999001	1000000	999501	226.0	-0.523195	-0.745875
1000001	1001000	1000501	276.0	-0.522716	-0.457530
1001001	1002000	1001501	237.0	-0.522238	-0.677311
1002001	1003000	1002501	265.0	-0.521760	-0.516205
1003001	1004000	1003501	331.0	-0.521282	-0.195367
1004001	1005000	1004501	364.0	-0.520803	-0.058259
1005001	1006000	1005501	289.0	-0.520325	-0.391128
1006001	1007000	1006501	415.0	-0.519847	0.130913
1007001	1008000	1007501	377.0	-0.519369	-0.007633
1008001	1009000	1008501	312.0	-0.518890	-0.280652
1009001	1010000	1009501	397.0	-0.518412	0.066941
1010001	1011000	1010501	441.0	-0.517934	0.218581
1011001	1012000	1011501	450.0	-0.517456	0.247727
1012001	1013000	1012501	452.0	-0.516978	0.254125
1013001	1014000	1013501	346.0	-0.516499	-0.131426
1014001	1015000	1014501	360.0	-0.516021	-0.074201
1015001	1016000	1015501	394.0	-0.515543	0.055998
1016001	1017000	1016501	342.0	-0.515065	-0.148202
1017001	1018000	1017501	365.0	-0.514586	-0.054301
1018001	1019000	1018501	370.0	-0.514108	-0.034673
1019001	1020000	1019501	364.0	-0.513630	-0.058259
1020001	1021000	1020501	383.0	-0.513152	0.015147
1021001	1022000	1021501	395.0	-0.512673	0.059655
1022001	1023000	1022501	433.0	-0.512195	0.192169
1023001	1024000	1023501	396.0	-0.511717	0.063303
1024001	1025000	1024501	509.0	-0.511239	0.425468
1025001	1026000	1025501	404.0	-0.510760	0.092157
1026001	1027000	1026501	339.0	-0.510282	-0.160913
1027001	1028000	1027501	353.0	-0.509804	-0.102530
1028001	1029000	1028501	517.0	-0.509326	0.447966
1029001	1030000	1029501	481.0	-0.508847	0.343839
1030001	1031000	1030501	445.0	-0.508369	0.231607
1031001	1032000	1031501	605.0	-0.507891	0.674737
1032001	1033000	1032501	536.0	-0.507413	0.500035
1033001	1034000	1033501	454.0	-0.506934	0.260494
1034001	1035000	1034501	363.0	-0.506456	-0.062228
1035001	1036000	1035501	363.0	-0.505978	-0.062228
1036001	1037000	1036501	342.0	-0.505500	-0.148202
1037001	1038000	1037501	299.0	-0.505022	-0.342052
1038001	1039000	1038501	282.0	-0.504543	-0.426503
1039001	1040000	1039501	268.0	-0.504065	-0.499965
1040001	1041000	1040501	327.0	-0.503587	-0.212907
1041001	1042000	1041501	494.0	-0.503109	0.382313
1042001	1043000	1042501	502.0	-0.502630	0.405490
1043001	1044000	1043501	351.0	-0.502152	-0.110727
1044001	1045000	1044501	350.0	-0.501674	-0.114843
1045001	1046000	1045501	345.0	-0.501196	-0.135601
1046001	1047000	1046501	424.0	-0.500717	0.161866
1047001	1048000	1047501	500.0	-0.500239	0.399730
1048001	1049000	1048501	379.0	-0.499761	0.000000
1049001	1050000	1049501	417.0	-0.499283	0.137850
1050001	1051000	1050501	374.0	-0.498804	-0.019160
1051001	1052000	1051501	402.0	-0.498326	0.084998
1052001	1053000	1052501	351.0	-0.497848	-0.110727
1053001	1054000	1053501	411.0	-0.497370	0.116941
1054001	1055000	1054501	382.0	-0.496891	0.011375
1055001	1056000	1055501	376.0	-0.496413	-0.011465
1056001	1057000	1056501	437.0	-0.495935	0.205435
1057001	1058000	1057501	460.0	-0.495457	0.279436
1058001	1059000	1058501	444.0	-0.494978	0.228362
1059001	1060000	1059501	499.0	-0.494500	0.396842
1060001	1061000	1060501	359.0	-0.494022	-0.078214
1061001	1062000	1061501	348.0	-0.493544	-0.123111
1062001	1063000	1062501	413.0	-0.493066	0.123944
1063001	1064000	1063501	389.0	-0.492587	0.037572
1064001	1065000	1064501	374.0	-0.492109	-0.019160
1065001	1066000	1065501	355.0	-0.491631	-0.094379
1066001	1067000	1066501	454.0	-0.491153	0.260494
1067001	1068000	1067501	407.0	-0.490674	0.102831
1068001	1069000	1068501	374.0	-0.490196	-0.019160
1069001	1070000	1069501	487.0	-0.489718	0.361724
1070001	1071000	1070501	481.0	-0.489240	0.343839
1071001	1072000	1071501	439.0	-0.488761	0.212023
1072001	1073000	1072501	393.0	-0.488283	0.052331
1073001	1074000	1073501	318.0	-0.487805	-0.253171
1074001	1075000	1074501	273.0	-0.487327	-0.473297
1075001	1076000	1075501	291.0	-0.486848	-0.381179
1076001	1077000	1076501	284.0	-0.486370	-0.416307
1077001	1078000	1077501	313.0	-0.485892	-0.276035
1078001	1079000	1078501	309.0	-0.485414	-0.294591
1079001	1080000	1079501	318.0	-0.484935	-0.253171
1080001	1081000	1080501	344.0	-0.484457	-0.139789
1081001	1082000	1081501	363.0	-0.483979	-0.062228
1082001	1083000	1082501	442.0	-0.483501	0.221849
1083001	1084000	1083501	424.0	-0.483022	0.161866
1084001	1085000	1084501	387.0	-0.482544	0.030136
1085001	1086000	1085501	363.0	-0.482066	-0.062228
1086001	1087000	1086501	315.0	-0.481588	-0.266846
1087001	1088000	1087501	337.0	-0.481110	-0.169449
1088001	1089000	1088501	375.0	-0.480631	-0.015307
1089001	1090000	1089501	313.0	-0.480153	-0.276035
1090001	1091000	1090501	302.0	-0.479675	-0.327649
1091001	1092000	1091501	266.0	-0.479197	-0.510772
1092001	1093000	1092501	327.0	-0.478718	-0.212907
1093001	1094000	1093501	395.0	-0.478240	0.059655
1094001	1095000	1094501	409.0	-0.477762	0.109903
1095001	1096000	1095501	466.0	-0.477284	0.298132
1096001	1097000	1096501	483.0	-0.476805	0.349825
1097001	1098000	1097501	372.0	-0.476327	-0.026895
1098001	1099000	1098501	369.0	-0.475849	-0.038577
1099001	1100000	1099501	430.0	-0.475371	0.182139
1100001	1101000	1100501	437.0	-0.474892	0.205435
1101001	1102000	1101501	398.0	-0.474414	0.070571
1102001	1103000	1102501	359.0	-0.473936	-0.078214
1103001	1104000	1103501	355.0	-0.473458	-0.094379
1104001	1105000	1104501	325.0	-0.472979	-0.221758
1105001	1106000	1105501	318.0	-0.472501	-0.253171
1106001	1107000	1106501	304.0	-0.472023	-0.318127
1107001	1108000	1107501	333.0	-0.471545	-0.186676
1108001	1109000	1108501	373.0	-0.471066	-0.023022
1109001	1110000	1109501	401.0	-0.470588	0.081404
1110001	1111000	1110501	363.0	-0.470110	-0.062228
1111001	1112000	1111501	354.0	-0.469632	-0.098448
1112001	1113000	1112501	370.0	-0.469154	-0.034673
1113001	1114000	1113501	486.0	-0.468675	0.358758
1114001	1115000	1114501	369.0	-0.468197	-0.038577
1115001	1116000	1115501	380.0	-0.467719	0.003802
1116001	1117000	1116501	397.0	-0.467241	0.066941
1117001	1118000	1117501	503.0	-0.466762	0.408361
1118001	1119000	1118501	379.0	-0.466284	0.000000
1119001	1120000	1119501	393.0	-0.465806	0.052331
1120001	1121000	1120501	392.0	-0.465328	0.048656
1121001	1122000	1121501	512.0	-0.464849	0.433946
1122001	1123000	1122501	319.0	-0.464371	-0.248641
1123001	1124000	1123501	308.0	-0.463893	-0.299267
1124001	1125000	1124501	261.0	-0.463415	-0.538148
1125001	1126000	1125501	252.0	-0.462936	-0.588774
1126001	1127000	1126501	246.0	-0.462458	-0.623540
1127001	1128000	1127501	209.0	-0.461980	-0.858695
1128001	1129000	1128501	243.0	-0.461502	-0.641242
1129001	1130000	1129501	293.0	-0.461023	-0.371297
1130001	1131000	1130501	284.0	-0.460545	-0.416307
1131001	1132000	1131501	288.0	-0.460067	-0.396129
1132001	1133000	1132501	306.0	-0.459589	-0.308666
1133001	1134000	1133501	309.0	-0.459110	-0.294591
1134001	1135000	1134501	426.0	-0.458632	0.168656
1135001	1136000	1135501	412.0	-0.458154	0.120446
1136001	1137000	1136501	434.0	-0.457676	0.195497
1137001	1138000	1137501	485.0	-0.457198	0.355787
1138001	1139000	1138501	432.0	-0.456719	0.188833
1139001	1140000	1139501	435.0	-0.456241	0.198818
1140001	1141000	1140501	524.0	-0.455763	0.467369
1141001	1142000	1141501	421.0	-0.455285	0.151622
1142001	1143000	1142501	363.0	-0.454806	-0.062228
1143001	1144000	1143501	450.0	-0.454328	0.247727
1144001	1145000	1144501	360.0	-0.453850	-0.074201
1145001	1146000	1145501	382.0	-0.453372	0.011375
1146001	1147000	1146501	341.0	-0.452893	-0.152426
1147001	1148000	1147501	384.0	-0.452415	0.018908
1148001	1149000	1148501	309.0	-0.451937	-0.294591
1149001	1150000	1149501	358.0	-0.451459	-0.082238
1150001	1151000	1150501	337.0	-0.450980	-0.169449
1151001	1152000	1151501	307.0	-0.450502	-0.303959
1152001	1153000	1152501	305.0	-0.450024	-0.313389
1153001	1154000	1153501	467.0	-0.449546	0.301225
1154001	1155000	1154501	292.0	-0.449067	-0.376229
1155001	1156000	1155501	401.0	-0.448589	0.081404
1156001	1157000	1156501	455.0	-0.448111	0.263669
1157001	1158000	1157501	346.0	-0.447633	-0.131426
1158001	1159000	1158501	371.0	-0.447154	-0.030779
1159001	1160000	1159501	351.0	-0.446676	-0.110727
1160001	1161000	1160501	334.0	-0.446198	-0.182350
1161001	1162000	1161501	286.0	-0.445720	-0.406183
1162001	1163000	1162501	360.0	-0.445242	-0.074201
1163001	1164000	1163501	324.0	-0.444763	-0.226204
1164001	1165000	1164501	300.0	-0.444285	-0.337235
1165001	1166000	1165501	326.0	-0.443807	-0.217326
1166001	1167000	1166501	315.0	-0.443329	-0.266846
1167001	1168000	1167501	362.0	-0.442850	-0.066208
1168001	1169000	1168501	440.0	-0.442372	0.215306
1169001	1170000	1169501	400.0	-0.441894	0.077802
1170001	1171000	1170501	453.0	-0.441416	0.257313
1171001	1172000	1171501	366.0	-0.440937	-0.050354
1172001	1173000	1172501	483.0	-0.440459	0.349825
1173001	1174000	1173501	379.0	-0.439981	0.000000
1174001	1175000	1174501	408.0	-0.439503	0.106371
1175001	1176000	1175501	330.0	-0.439024	-0.199732
1176001	1177000	1176501	366.0	-0.438546	-0.050354
1177001	1178000	1177501	391.0	-0.438068	0.044971
1178001	1179000	1178501	343.0	-0.437590	-0.143989
1179001	1180000	1179501	249.0	-0.437111	-0.606052
1180001	1181000	1180501	307.0	-0.436633	-0.303959
1181001	1182000	1181501	246.0	-0.436155	-0.623540
1182001	1183000	1182501	252.0	-0.435677	-0.588774
1183001	1184000	1183501	226.0	-0.435198	-0.745875
1184001	1185000	1184501	228.0	-0.434720	-0.733164
1185001	1186000	1185501	258.0	-0.434242	-0.554827
1186001	1187000	1186501	237.0	-0.433764	-0.677311
1187001	1188000	1187501	249.0	-0.433286	-0.606052
1188001	1189000	1188501	279.0	-0.432807	-0.441933
1189001	1190000	1189501	342.0	-0.432329	-0.148202
1190001	1191000	1190501	330.0	-0.431851	-0.199732
1191001	1192000	1191501	403.0	-0.431373	0.088582
1192001	1193000	1192501	456.0	-0.430894	0.266836
1193001	1194000	1193501	414.0	-0.430416	0.127433
1194001	1195000	1194501	378.0	-0.429938	-0.003812
1195001	1196000	1195501	390.0	-0.429460	0.041276
1196001	1197000	1196501	489.0	-0.428981	0.367637
1197001	1198000	1197501	389.0	-0.428503	0.037572
1198001	1199000	1198501	421.0	-0.428025	0.151622
1199001	1200000	1199501	380.0	-0.427547	0.003802
1200001	1201000	1200501	387.0	-0.427068	0.030136
1201001	1202000	1201501	594.0	-0.426590	0.648265
1202001	1203000	1202501	485.0	-0.426112	0.355787
1203001	1204000	1203501	363.0	-0.425634	-0.062228
1204001	1205000	1204501	480.0	-0.425155	0.340837
1205001	1206000	1205501	524.0	-0.424677	0.467369
1206001	1207000	1206501	407.0	-0.424199	0.102831
1207001	1208000	1207501	476.0	-0.423721	0.328764
1208001	1209000	1208501	373.0	-0.423242	-0.023022
1209001	1210000	1209501	297.0	-0.422764	-0.351735
1210001	1211000	1210501	314.0	-0.422286	-0.271433
1211001	1212000	1211501	337.0	-0.421808	-0.169449
1212001	1213000	1212501	400.0	-0.421330	0.077802
1213001	1214000	1213501	371.0	-0.420851	-0.030779
1214001	1215000	1214501	402.0	-0.420373	0.084998
1215001	1216000	1215501	451.0	-0.419895	0.250930
1216001	1217000	1216501	513.0	-0.419417	0.436761
1217001	1218000	1217501	497.0	-0.418938	0.391048
1218001	1219000	1218501	442.0	-0.418460	0.221849
1219001	1220000	1219501	439.0	-0.417982	0.212023
1220001	1221000	1220501	365.0	-0.417504	-0.054301
1221001	1222000	1221501	372.0	-0.417025	-0.026895
1222001	1223000	1222501	360.0	-0.416547	-0.074201
1223001	1224000	1223501	322.0	-0.416069	-0.235137
1224001	1225000	1224501	401.0	-0.415591	0.081404
1225001	1226000	1225501	480.0	-0.415112	0.340837
1226001	1227000	1226501	410.0	-0.414634	0.113426
1227001	1228000	1227501	396.0	-0.414156	0.063303
1228001	1229000	1228501	304.0	-0.413678	-0.318127
1229001	1230000	1229501	430.0	-0.413199	0.182139
1230001	1231000	1230501	344.0	-0.412721	-0.139789
1231001	1232000	1231501	285.0	-0.412243	-0.411236
1232001	1233000	1232501	220.0	-0.411765	-0.784694
1233001	1234000	1233501	213.0	-0.411286	-0.831344
1234001	1235000	1234501	254.0	-0.410808	-0.577369
1235001	1236000	1235501	226.0	-0.410330	-0.745875
1236001	1237000	1236501	240.0	-0.409852	-0.659163
1237001	1238000	1237501	337.0	-0.409374	-0.169449
1238001	1239000	1238501	291.0	-0.408895	-0.381179
1239001	1240000	1239501	246.0	-0.408417	-0.623540
1240001	1241000	1240501	296.0	-0.407939	-0.356601
1241001	1242000	1241501	239.0	-0.407461	-0.665187
1242001	1243000	1242501	251.0	-0.406982	-0.594510
1243001	1244000	1243501	188.0	-0.406504	-1.011465
1244001	1245000	1244501	295.0	-0.406026	-0.361483
1245001	1246000	1245501	314.0	-0.405548	-0.271433
1246001	1247000	1246501	330.0	-0.405069	-0.199732
1247001	1248000	1247501	269.0	-0.404591	-0.494592
1248001	1249000	1248501	373.0	-0.404113	-0.023022
1249001	1250000	1249501	315.0	-0.403635	-0.266846
1250001	1251000	1250501	320.0	-0.403156	-0.244126
1251001	1252000	1251501	363.0	-0.402678	-0.062228
1252001	1253000	1252501	358.0	-0.402200	-0.082238
1253001	1254000	1253501	361.0	-0.401722	-0.070199
1254001	1255000	1254501	358.0	-0.401243	-0.082238
1255001	1256000	1255501	354.0	-0.400765	-0.098448
1256001	1257000	1256501	273.0	-0.400287	-0.473297
1257001	1258000	1257501	341.0	-0.399809	-0.152426
1258001	1259000	1258501	427.0	-0.399330	0.172038
1259001	1260000	1259501	301.0	-0.398852	-0.332434
1260001	1261000	1260501	380.0	-0.398374	0.003802
1261001	1262000	1261501	360.0	-0.397896	-0.074201
1262001	1263000	1262501	355.0	-0.397418	-0.094379
1263001	1264000	1263501	423.0	-0.396939	0.158460
1264001	1265000	1264501	411.0	-0.396461	0.116941
1265001	1266000	1265501	405.0	-0.395983	0.095724
1266001	1267000	1266501	477.0	-0.395505	0.331791
1267001	1268000	1267501	460.0	-0.395026	0.279436
1268001	1269000	1268501	463.0	-0.394548	0.288814
1269001	1270000	1269501	484.0	-0.394070	0.352809
1270001	1271000	1270501	366.0	-0.393592	-0.050354
1271001	1272000	1271501	399.0	-0.393113	0.074191
1272001	1273000	1272501	447.0	-0.392635	0.238077
1273001	1274000	1273501	458.0	-0.392157	0.273150
1274001	1275000	1274501	399.0	-0.391679	0.074191
1275001	1276000	1275501	375.0	-0.391200	-0.015307
1276001	1277000	1276501	446.0	-0.390722	0.234846
1277001	1278000	1277501	383.0	-0.390244	0.015147
1278001	1279000	1278501	449.0	-0.389766	0.244518
1279001	1280000	1279501	413.0	-0.389287	0.123944
1280001	1281000	1280501	382.0	-0.388809	0.011375
1281001	1282000	1281501	369.0	-0.388331	-0.038577
1282001	1283000	1282501	418.0	-0.387853	0.141305
1283001	1284000	1283501	415.0	-0.387374	0.130913
1284001	1285000	1284501	402.0	-0.386896	0.084998
1285001	1286000	1285501	430.0	-0.386418	0.182139
1286001	1287000	1286501	373.0	-0.385940	-0.023022
1287001	1288000	1287501	358.0	-0.385462	-0.082238
1288001	1289000	1288501	414.0	-0.384983	0.127433
1289001	1290000	1289501	361.0	-0.384505	-0.070199
1290001	1291000	1290501	348.0	-0.384027	-0.123111
1291001	1292000	1291501	380.0	-0.383549	0.003802
1292001	1293000	1292501	347.0	-0.383070	-0.127262
1293001	1294000	1293501	309.0	-0.382592	-0.294591
1294001	1295000	1294501	363.0	-0.382114	-0.062228
1295001	1296000	1295501	452.0	-0.381636	0.254125
1296001	1297000	1296501	390.0	-0.381157	0.041276
1297001	1298000	1297501	372.0	-0.380679	-0.026895
1298001	1299000	1298501	411.0	-0.380201	0.116941
1299001	1300000	1299501	406.0	-0.379723	0.099282
1300001	1301000	1300501	398.0	-0.379244	0.070571
1301001	1302000	1301501	340.0	-0.378766	-0.156663
1302001	1303000	1302501	352.0	-0.378288	-0.106622
1303001	1304000	1303501	407.0	-0.377810	0.102831
1304001	1305000	1304501	349.0	-0.377331	-0.118971
1305001	1306000	1305501	322.0	-0.376853	-0.235137
1306001	1307000	1306501	316.0	-0.376375	-0.262273
1307001	1308000	1307501	376.0	-0.375897	-0.011465
1308001	1309000	1308501	450.0	-0.375418	0.247727
1309001	1310000	1309501	400.0	-0.374940	0.077802
1310001	1311000	1310501	363.0	-0.374462	-0.062228
1311001	1312000	1311501	331.0	-0.373984	-0.195367
1312001	1313000	1312501	408.0	-0.373505	0.106371
1313001	1314000	1313501	458.0	-0.373027	0.273150
1314001	1315000	1314501	432.0	-0.372549	0.188833
1315001	1316000	1315501	298.0	-0.372071	-0.346886
1316001	1317000	1316501	311.0	-0.371593	-0.285283
1317001	1318000	1317501	526.0	-0.371114	0.472865
1318001	1319000	1318501	543.0	-0.370636	0.518754
1319001	1320000	1319501	418.0	-0.370158	0.141305
1320001	1321000	1320501	274.0	-0.369680	-0.468022
1321001	1322000	1321501	236.0	-0.369201	-0.683411
1322001	1323000	1322501	334.0	-0.368723	-0.182350
1323001	1324000	1323501	327.0	-0.368245	-0.212907
1324001	1325000	1324501	346.0	-0.367767	-0.131426
1325001	1326000	1325501	328.0	-0.367288	-0.208502
1326001	1327000	1326501	409.0	-0.366810	0.109903
1327001	1328000	1327501	377.0	-0.366332	-0.007633
1328001	1329000	1328501	372.0	-0.365854	-0.026895
1329001	1330000	1329501	406.0	-0.365375	0.099282
1330001	1331000	1330501	333.0	-0.364897	-0.186676
1331001	1332000	1331501	379.0	-0.364419	0.000000
1332001	1333000	1332501	460.0	-0.363941	0.279436
1333001	1334000	1333501	398.0	-0.363462	0.070571
1334001	1335000	1334501	374.0	-0.362984	-0.019160
1335001	1336000	1335501	485.0	-0.362506	0.355787
1336001	1337000	1336501	408.0	-0.362028	0.106371
1337001	1338000	1337501	389.0	-0.361549	0.037572
1338001	1339000	1338501	485.0	-0.361071	0.355787
1339001	1340000	1339501	404.0	-0.360593	0.092157
1340001	1341000	1340501	398.0	-0.360115	0.070571
1341001	1342000	1341501	357.0	-0.359637	-0.086274
1342001	1343000	1342501	389.0	-0.359158	0.037572
1343001	1344000	1343501	418.0	-0.358680	0.141305
1344001	1345000	1344501	288.0	-0.358202	-0.396129
1345001	1346000	1345501	296.0	-0.357724	-0.356601
1346001	1347000	1346501	401.0	-0.357245	0.081404
1347001	1348000	1347501	370.0	-0.356767	-0.034673
1348001	1349000	1348501	369.0	-0.356289	-0.038577
1349001	1350000	1349501	426.0	-0.355811	0.168656
1350001	1351000	1350501	460.0	-0.355332	0.279436
1351001	1352000	1351501	492.0	-0.354854	0.376460
1352001	1353000	1352501	482.0	-0.354376	0.346835
1353001	1354000	1353501	370.0	-0.353898	-0.034673
1354001	1355000	1354501	390.0	-0.353419	0.041276
1355001	1356000	1355501	377.0	-0.352941	-0.007633
1356001	1357000	1356501	403.0	-0.352463	0.088582
1357001	1358000	1357501	415.0	-0.351985	0.130913
1358001	1359000	1358501	352.0	-0.351506	-0.106622
1359001	1360000	1359501	378.0	-0.351028	-0.003812
1360001	1361000	1360501	318.0	-0.350550	-0.253171
1361001	1362000	1361501	379.0	-0.350072	0.000000
1362001	1363000	1362501	331.0	-0.349593	-0.195367
1363001	1364000	1363501	222.0	-0.349115	-0.771638
1364001	1365000	1364501	230.0	-0.348637	-0.720564
1365001	1366000	1365501	259.0	-0.348159	-0.549246
1366001	1367000	1366501	309.0	-0.347681	-0.294591
1367001	1368000	1367501	240.0	-0.347202	-0.659163
1368001	1369000	1368501	266.0	-0.346724	-0.510772
1369001	1370000	1369501	272.0	-0.346246	-0.478591
1370001	1371000	1370501	272.0	-0.345768	-0.478591
1371001	1372000	1371501	234.0	-0.345289	-0.695689
1372001	1373000	1372501	194.0	-0.344811	-0.966141
1373001	1374000	1373501	232.0	-0.344333	-0.708073
1374001	1375000	1374501	257.0	-0.343855	-0.560429
1375001	1376000	1375501	247.0	-0.343376	-0.617687
1376001	1377000	1376501	248.0	-0.342898	-0.611858
1377001	1378000	1377501	259.0	-0.342420	-0.549246
1378001	1379000	1378501	193.0	-0.341942	-0.973597
1379001	1380000	1379501	204.0	-0.341463	-0.893629
1380001	1381000	1380501	217.0	-0.340985	-0.804503
1381001	1382000	1381501	273.0	-0.340507	-0.473297
1382001	1383000	1382501	341.0	-0.340029	-0.152426
1383001	1384000	1383501	410.0	-0.339550	0.113426
1384001	1385000	1384501	273.0	-0.339072	-0.473297
1385001	1386000	1385501	208.0	-0.338594	-0.865614
1386001	1387000	1386501	275.0	-0.338116	-0.462766
1387001	1388000	1387501	225.0	-0.337637	-0.752273
1388001	1389000	1388501	269.0	-0.337159	-0.494592
1389001	1390000	1389501	243.0	-0.336681	-0.641242
1390001	1391000	1390501	212.0	-0.336203	-0.838134
1391001	1392000	1391501	235.0	-0.335725	-0.689537
1392001	1393000	1392501	252.0	-0.335246	-0.588774
1393001	1394000	1393501	297.0	-0.334768	-0.351735
1394001	1395000	1394501	371.0	-0.334290	-0.030779
1395001	1396000	1395501	282.0	-0.333812	-0.426503
1396001	1397000	1396501	274.0	-0.333333	-0.468022
1397001	1398000	1397501	239.0	-0.332855	-0.665187
1398001	1399000	1398501	325.0	-0.332377	-0.221758
1399001	1400000	1399501	357.0	-0.331899	-0.086274
1400001	1401000	1400501	367.0	-0.331420	-0.046418
1401001	1402000	1401501	448.0	-0.330942	0.241301
1402001	1403000	1402501	504.0	-0.330464	0.411226
1403001	1404000	1403501	575.0	-0.329986	0.601364
1404001	1405000	1404501	492.0	-0.329507	0.376460
1405001	1406000	1405501	526.0	-0.329029	0.472865
1406001	1407000	1406501	416.0	-0.328551	0.134386
1407001	1408000	1407501	501.0	-0.328073	0.402613
1408001	1409000	1408501	534.0	-0.327594	0.494642
1409001	1410000	1409501	454.0	-0.327116	0.260494
1410001	1411000	1410501	565.0	-0.326638	0.576053
1411001	1412000	1411501	479.0	-0.326160	0.337828
1412001	1413000	1412501	375.0	-0.325681	-0.015307
1413001	1414000	1413501	310.0	-0.325203	-0.289930
1414001	1415000	1414501	301.0	-0.324725	-0.332434
1415001	1416000	1415501	255.0	-0.324247	-0.571701
1416001	1417000	1416501	231.0	-0.323769	-0.714305
1417001	1418000	1417501	256.0	-0.323290	-0.566054
1418001	1419000	1418501	281.0	-0.322812	-0.431628
1419001	1420000	1419501	275.0	-0.322334	-0.462766
1420001	1421000	1420501	263.0	-0.321856	-0.527135
1421001	1422000	1421501	314.0	-0.321377	-0.271433
1422001	1423000	1422501	334.0	-0.320899	-0.182350
1423001	1424000	1423501	317.0	-0.320421	-0.257715
1424001	1425000	1424501	407.0	-0.319943	0.102831
1425001	1426000	1425501	421.0	-0.319464	0.151622
1426001	1427000	1426501	403.0	-0.318986	0.088582
1427001	1428000	1427501	452.0	-0.318508	0.254125
1428001	1429000	1428501	457.0	-0.318030	0.269996
1429001	1430000	1429501	370.0	-0.317551	-0.034673
1430001	1431000	1430501	412.0	-0.317073	0.120446
1431001	1432000	1431501	478.0	-0.316595	0.334813
1432001	1433000	1432501	431.0	-0.316117	0.185490
1433001	1434000	1433501	362.0	-0.315638	-0.066208
1434001	1435000	1434501	431.0	-0.315160	0.185490
1435001	1436000	1435501	449.0	-0.314682	0.244518
1436001	1437000	1436501	518.0	-0.314204	0.450754
1437001	1438000	1437501	527.0	-0.313725	0.475605
1438001	1439000	1438501	435.0	-0.313247	0.198818
1439001	1440000	1439501	490.0	-0.312769	0.370584
1440001	1441000	1440501	578.0	-0.312291	0.608872
1441001	1442000	1441501	444.0	-0.311813	0.228362
1442001	1443000	1442501	525.0	-0.311334	0.470120
1443001	1444000	1443501	482.0	-0.310856	0.346835
1444001	1445000	1444501	388.0	-0.310378	0.033859
1445001	1446000	1445501	354.0	-0.309900	-0.098448
1446001	1447000	1446501	444.0	-0.309421	0.228362
1447001	1448000	1447501	448.0	-0.308943	0.241301
1448001	1449000	1448501	391.0	-0.308465	0.044971
1449001	1450000	1449501	381.0	-0.307987	0.007593
1450001	1451000	1450501	311.0	-0.307508	-0.285283
1451001	1452000	1451501	396.0	-0.307030	0.063303
1452001	1453000	1452501	335.0	-0.306552	-0.178037
1453001	1454000	1453501	237.0	-0.306074	-0.677311
1454001	1455000	1454501	251.0	-0.305595	-0.594510
1455001	1456000	1455501	266.0	-0.305117	-0.510772
1456001	1457000	1456501	307.0	-0.304639	-0.303959
1457001	1458000	1457501	261.0	-0.304161	-0.538148
1458001	1459000	1458501	223.0	-0.303682	-0.765154
1459001	1460000	1459501	262.0	-0.303204	-0.532631
1460001	1461000	1460501	266.0	-0.302726	-0.510772
1461001	1462000	1461501	238.0	-0.302248	-0.671236
1462001	1463000	1462501	272.0	-0.301769	-0.478591
1463001	1464000	1463501	366.0	-0.301291	-0.050354
1464001	1465000	1464501	386.0	-0.300813	0.026403
1465001	1466000	1465501	504.0	-0.300335	0.411226
1466001	1467000	1466501	496.0	-0.299857	0.388142
1467001	1468000	1467501	607.0	-0.299378	0.679499
1468001	1469000	1468501	538.0	-0.298900	0.505408
1469001	1470000	1469501	418.0	-0.298422	0.141305
1470001	1471000	1470501	341.0	-0.297944	-0.152426
1471001	1472000	1471501	325.0	-0.297465	-0.221758
1472001	1473000	1472501	285.0	-0.296987	-0.411236
1473001	1474000	1473501	284.0	-0.296509	-0.416307
1474001	1475000	1474501	360.0	-0.296031	-0.074201
1475001	1476000	1475501	439.0	-0.295552	0.212023
1476001	1477000	1476501	391.0	-0.295074	0.044971
1477001	1478000	1477501	369.0	-0.294596	-0.038577
1478001	1479000	1478501	438.0	-0.294118	0.208733
1479001	1480000	1479501	406.0	-0.293639	0.099282
1480001	1481000	1480501	450.0	-0.293161	0.247727
1481001	1482000	1481501	409.0	-0.292683	0.109903
1482001	1483000	1482501	417.0	-0.292205	0.137850
1483001	1484000	1483501	352.0	-0.291726	-0.106622
1484001	1485000	1484501	376.0	-0.291248	-0.011465
1485001	1486000	1485501	433.0	-0.290770	0.192169
1486001	1487000	1486501	505.0	-0.290292	0.414086
1487001	1488000	1487501	405.0	-0.289813	0.095724
1488001	1489000	1488501	449.0	-0.289335	0.244518
1489001	1490000	1489501	417.0	-0.288857	0.137850
1490001	1491000	1490501	420.0	-0.288379	0.148191
1491001	1492000	1491501	383.0	-0.287901	0.015147
1492001	1493000	1492501	325.0	-0.287422	-0.221758
1493001	1494000	1493501	381.0	-0.286944	0.007593
1494001	1495000	1494501	433.0	-0.286466	0.192169
1495001	1496000	1495501	384.0	-0.285988	0.018908
1496001	1497000	1496501	429.0	-0.285509	0.178780
1497001	1498000	1497501	441.0	-0.285031	0.218581
1498001	1499000	1498501	457.0	-0.284553	0.269996
1499001	1500000	1499501	366.0	-0.284075	-0.050354
1500001	1501000	1500501	449.0	-0.283596	0.244518
1501001	1502000	1501501	369.0	-0.283118	-0.038577
1502001	1503000	1502501	344.0	-0.282640	-0.139789
1503001	1504000	1503501	372.0	-0.282162	-0.026895
1504001	1505000	1504501	360.0	-0.281683	-0.074201
1505001	1506000	1505501	348.0	-0.281205	-0.123111
1506001	1507000	1506501	382.0	-0.280727	0.011375
1507001	1508000	1507501	409.0	-0.280249	0.109903
1508001	1509000	1508501	359.0	-0.279770	-0.078214
1509001	1510000	1509501	349.0	-0.279292	-0.118971
1510001	1511000	1510501	412.0	-0.278814	0.120446
1511001	1512000	1511501	349.0	-0.278336	-0.118971
1512001	1513000	1512501	357.0	-0.277857	-0.086274
1513001	1514000	1513501	417.0	-0.277379	0.137850
1514001	1515000	1514501	361.0	-0.276901	-0.070199
1515001	1516000	1515501	370.0	-0.276423	-0.034673
1516001	1517000	1516501	391.0	-0.275945	0.044971
1517001	1518000	1517501	348.0	-0.275466	-0.123111
1518001	1519000	1518501	396.0	-0.274988	0.063303
1519001	1520000	1519501	404.0	-0.274510	0.092157
1520001	1521000	1520501	373.0	-0.274032	-0.023022
1521001	1522000	1521501	465.0	-0.273553	0.295033
1522001	1523000	1522501	424.0	-0.273075	0.161866
1523001	1524000	1523501	421.0	-0.272597	0.151622
1524001	1525000	1524501	518.0	-0.272119	0.450754
1525001	1526000	1525501	440.0	-0.271640	0.215306
1526001	1527000	1526501	343.0	-0.271162	-0.143989
1527001	1528000	1527501	374.0	-0.270684	-0.019160
1528001	1529000	1528501	409.0	-0.270206	0.109903
1529001	1530000	1529501	407.0	-0.269727	0.102831
1530001	1531000	1530501	391.0	-0.269249	0.044971
1531001	1532000	1531501	338.0	-0.268771	-0.165175
1532001	1533000	1532501	449.0	-0.268293	0.244518
1533001	1534000	1533501	484.0	-0.267814	0.352809
1534001	1535000	1534501	440.0	-0.267336	0.215306
1535001	1536000	1535501	386.0	-0.266858	0.026403
1536001	1537000	1536501	401.0	-0.266380	0.081404
1537001	1538000	1537501	427.0	-0.265901	0.172038
1538001	1539000	1538501	436.0	-0.265423	0.202130
1539001	1540000	1539501	352.0	-0.264945	-0.106622
1540001	1541000	1540501	399.0	-0.264467	0.074191
1541001	1542000	1541501	543.0	-0.263989	0.518754
1542001	1543000	1542501	556.0	-0.263510	0.552887
1543001	1544000	1543501	439.0	-0.263032	0.212023
1544001	1545000	1544501	404.0	-0.262554	0.092157
1545001	1546000	1545501	371.0	-0.262076	-0.030779
1546001	1547000	1546501	393.0	-0.261597	0.052331
1547001	1548000	1547501	456.0	-0.261119	0.266836
1548001	1549000	1548501	488.0	-0.260641	0.364683
1549001	1550000	1549501	411.0	-0.260163	0.116941
1550001	1551000	1550501	351.0	-0.259684	-0.110727
1551001	1552000	1551501	380.0	-0.259206	0.003802
1552001	1553000	1552501	335.0	-0.258728	-0.178037
1553001	1554000	1553501	371.0	-0.258250	-0.030779
1554001	1555000	1554501	422.0	-0.257771	0.155045
1555001	1556000	1555501	377.0	-0.257293	-0.007633
1556001	1557000	1556501	336.0	-0.256815	-0.173737
1557001	1558000	1557501	377.0	-0.256337	-0.007633
1558001	1559000	1558501	461.0	-0.255858	0.282569
1559001	1560000	1559501	288.0	-0.255380	-0.396129
1560001	1561000	1560501	318.0	-0.254902	-0.253171
1561001	1562000	1561501	349.0	-0.254424	-0.118971
1562001	1563000	1562501	278.0	-0.253945	-0.447113
1563001	1564000	1563501	274.0	-0.253467	-0.468022
1564001	1565000	1564501	325.0	-0.252989	-0.221758
1565001	1566000	1565501	263.0	-0.252511	-0.527135
1566001	1567000	1566501	347.0	-0.252033	-0.127262
1567001	1568000	1567501	334.0	-0.251554	-0.182350
1568001	1569000	1568501	276.0	-0.251076	-0.457530
1569001	1570000	1569501	260.0	-0.250598	-0.543686
1570001	1571000	1570501	197.0	-0.250120	-0.944002
1571001	1572000	1571501	246.0	-0.249641	-0.623540
1572001	1573000	1572501	242.0	-0.249163	-0.647191
1573001	1574000	1573501	223.0	-0.248685	-0.765154
1574001	1575000	1574501	211.0	-0.248207	-0.844955
1575001	1576000	1575501	201.0	-0.247728	-0.915002
1576001	1577000	1576501	232.0	-0.247250	-0.708073
1577001	1578000	1577501	249.0	-0.246772	-0.606052
1578001	1579000	1578501	281.0	-0.246294	-0.431628
1579001	1580000	1579501	254.0	-0.245815	-0.577369
1580001	1581000	1580501	343.0	-0.245337	-0.143989
1581001	1582000	1581501	350.0	-0.244859	-0.114843
1582001	1583000	1582501	317.0	-0.244381	-0.257715
1583001	1584000	1583501	329.0	-0.243902	-0.204110
1584001	1585000	1584501	313.0	-0.243424	-0.276035
1585001	1586000	1585501	290.0	-0.242946	-0.386145
1586001	1587000	1586501	312.0	-0.242468	-0.280652
1587001	1588000	1587501	309.0	-0.241989	-0.294591
1588001	1589000	1588501	263.0	-0.241511	-0.527135
1589001	1590000	1589501	314.0	-0.241033	-0.271433
1590001	1591000	1590501	230.0	-0.240555	-0.720564
1591001	1592000	1591501	276.0	-0.240077	-0.457530
1592001	1593000	1592501	276.0	-0.239598	-0.457530
1593001	1594000	1593501	238.0	-0.239120	-0.671236
1594001	1595000	1594501	236.0	-0.238642	-0.683411
1595001	1596000	1595501	269.0	-0.238164	-0.494592
1596001	1597000	1596501	290.0	-0.237685	-0.386145
1597001	1598000	1597501	331.0	-0.237207	-0.195367
1598001	1599000	1598501	333.0	-0.236729	-0.186676
1599001	1600000	1599501	325.0	-0.236251	-0.221758
1600001	1601000	1600501	455.0	-0.235772	0.263669
1601001	1602000	1601501	485.0	-0.235294	0.355787
1602001	1603000	1602501	440.0	-0.234816	0.215306
1603001	1604000	1603501	421.0	-0.234338	0.151622
1604001	1605000	1604501	366.0	-0.233859	-0.050354
1605001	1606000	1605501	439.0	-0.233381	0.212023
1606001	1607000	1606501	442.0	-0.232903	0.221849
1607001	1608000	1607501	472.0	-0.232425	0.316589
1608001	1609000	1608501	431.0	-0.231946	0.185490
1609001	1610000	1609501	347.0	-0.231468	-0.127262
1610001	1611000	1610501	389.0	-0.230990	0.037572
1611001	1612000	1611501	362.0	-0.230512	-0.066208
1612001	1613000	1612501	316.0	-0.230033	-0.262273
1613001	1614000	1613501	345.0	-0.229555	-0.135601
1614001	1615000	1614501	358.0	-0.229077	-0.082238
1615001	1616000	1615501	322.0	-0.228599	-0.235137
1616001	1617000	1616501	307.0	-0.228121	-0.303959
1617001	1618000	1617501	360.0	-0.227642	-0.074201
1618001	1619000	1618501	295.0	-0.227164	-0.361483
1619001	1620000	1619501	402.0	-0.226686	0.084998
1620001	1621000	1620501	367.0	-0.226208	-0.046418
1621001	1622000	1621501	375.0	-0.225729	-0.015307
1622001	1623000	1622501	425.0	-0.225251	0.165265
1623001	1624000	1623501	417.0	-0.224773	0.137850
1624001	1625000	1624501	419.0	-0.224295	0.144752
1625001	1626000	1625501	356.0	-0.223816	-0.090321
1626001	1627000	1626501	423.0	-0.223338	0.158460
1627001	1628000	1627501	345.0	-0.222860	-0.135601
1628001	1629000	1628501	329.0	-0.222382	-0.204110
1629001	1630000	1629501	342.0	-0.221903	-0.148202
1630001	1631000	1630501	344.0	-0.221425	-0.139789
1631001	1632000	1631501	420.0	-0.220947	0.148191
1632001	1633000	1632501	404.0	-0.220469	0.092157
1633001	1634000	1633501	409.0	-0.219990	0.109903
1634001	1635000	1634501	449.0	-0.219512	0.244518
1635001	1636000	1635501	525.0	-0.219034	0.470120
1636001	1637000	1636501	587.0	-0.218556	0.631163
1637001	1638000	1637501	459.0	-0.218077	0.276296
1638001	1639000	1638501	439.0	-0.217599	0.212023
1639001	1640000	1639501	440.0	-0.217121	0.215306
1640001	1641000	1640501	386.0	-0.216643	0.026403
1641001	1642000	1641501	428.0	-0.216165	0.175413
1642001	1643000	1642501	315.0	-0.215686	-0.266846
1643001	1644000	1643501	329.0	-0.215208	-0.204110
1644001	1645000	1644501	314.0	-0.214730	-0.271433
1645001	1646000	1645501	279.0	-0.214252	-0.441933
1646001	1647000	1646501	362.0	-0.213773	-0.066208
1647001	1648000	1647501	280.0	-0.213295	-0.436771
1648001	1649000	1648501	319.0	-0.212817	-0.248641
1649001	1650000	1649501	356.0	-0.212339	-0.090321
1650001	1651000	1650501	439.0	-0.211860	0.212023
1651001	1652000	1651501	404.0	-0.211382	0.092157
1652001	1653000	1652501	430.0	-0.210904	0.182139
1653001	1654000	1653501	445.0	-0.210426	0.231607
1654001	1655000	1654501	367.0	-0.209947	-0.046418
1655001	1656000	1655501	394.0	-0.209469	0.055998
1656001	1657000	1656501	455.0	-0.208991	0.263669
1657001	1658000	1657501	373.0	-0.208513	-0.023022
1658001	1659000	1658501	399.0	-0.208034	0.074191
1659001	1660000	1659501	495.0	-0.207556	0.385231
1660001	1661000	1660501	403.0	-0.207078	0.088582
1661001	1662000	1661501	400.0	-0.206600	0.077802
1662001	1663000	1662501	352.0	-0.206121	-0.106622
1663001	1664000	1663501	423.0	-0.205643	0.158460
1664001	1665000	1664501	425.0	-0.205165	0.165265
1665001	1666000	1665501	381.0	-0.204687	0.007593
1666001	1667000	1666501	520.0	-0.204209	0.456314
1667001	1668000	1667501	417.0	-0.203730	0.137850
1668001	1669000	1668501	359.0	-0.203252	-0.078214
1669001	1670000	1669501	379.0	-0.202774	0.000000
1670001	1671000	1670501	455.0	-0.202296	0.263669
1671001	1672000	1671501	454.0	-0.201817	0.260494
1672001	1673000	1672501	406.0	-0.201339	0.099282
1673001	1674000	1673501	431.0	-0.200861	0.185490
1674001	1675000	1674501	424.0	-0.200383	0.161866
1675001	1676000	1675501	474.0	-0.199904	0.322689
1676001	1677000	1676501	491.0	-0.199426	0.373525
1677001	1678000	1677501	438.0	-0.198948	0.208733
1678001	1679000	1678501	404.0	-0.198470	0.092157
1679001	1680000	1679501	372.0	-0.197991	-0.026895
1680001	1681000	1680501	399.0	-0.197513	0.074191
1681001	1682000	1681501	387.0	-0.197035	0.030136
1682001	1683000	1682501	343.0	-0.196557	-0.143989
1683001	1684000	1683501	305.0	-0.196078	-0.313389
1684001	1685000	1684501	419.0	-0.195600	0.144752
1685001	1686000	1685501	381.0	-0.195122	0.007593
1686001	1687000	1686501	339.0	-0.194644	-0.160913
1687001	1688000	1687501	300.0	-0.194165	-0.337235
1688001	1689000	1688501	385.0	-0.193687	0.022661
1689001	1690000	1689501	553.0	-0.193209	0.545082
1690001	1691000	1690501	481.0	-0.192731	0.343839
1691001	1692000	1691501	560.0	-0.192253	0.563229
1692001	1693000	1692501	476.0	-0.191774	0.328764
1693001	1694000	1693501	464.0	-0.191296	0.291927
1694001	1695000	1694501	404.0	-0.190818	0.092157
1695001	1696000	1695501	440.0	-0.190340	0.215306
1696001	1697000	1696501	453.0	-0.189861	0.257313
1697001	1698000	1697501	414.0	-0.189383	0.127433
1698001	1699000	1698501	430.0	-0.188905	0.182139
1699001	1700000	1699501	510.0	-0.188427	0.428299
1700001	1701000	1700501	434.0	-0.187948	0.195497
1701001	1702000	1701501	298.0	-0.187470	-0.346886
1702001	1703000	1702501	351.0	-0.186992	-0.110727
1703001	1704000	1703501	402.0	-0.186514	0.084998
1704001	1705000	1704501	399.0	-0.186035	0.074191
1705001	1706000	1705501	356.0	-0.185557	-0.090321
1706001	1707000	1706501	350.0	-0.185079	-0.114843
1707001	1708000	1707501	427.0	-0.184601	0.172038
1708001	1709000	1708501	403.0	-0.184122	0.088582
1709001	1710000	1709501	381.0	-0.183644	0.007593
1710001	1711000	1710501	450.0	-0.183166	0.247727
1711001	1712000	1711501	487.0	-0.182688	0.361724
1712001	1713000	1712501	467.0	-0.182209	0.301225
1713001	1714000	1713501	388.0	-0.181731	0.033859
1714001	1715000	1714501	455.0	-0.181253	0.263669
1715001	1716000	1715501	517.0	-0.180775	0.447966
1716001	1717000	1716501	378.0	-0.180297	-0.003812
1717001	1718000	1717501	496.0	-0.179818	0.388142
1718001	1719000	1718501	479.0	-0.179340	0.337828
1719001	1720000	1719501	506.0	-0.178862	0.416940
1720001	1721000	1720501	478.0	-0.178384	0.334813
1721001	1722000	1721501	408.0	-0.177905	0.106371
1722001	1723000	1722501	395.0	-0.177427	0.059655
1723001	1724000	1723501	336.0	-0.176949	-0.173737
1724001	1725000	1724501	391.0	-0.176471	0.044971
1725001	1726000	1725501	376.0	-0.175992	-0.011465
1726001	1727000	1726501	533.0	-0.175514	0.491938
1727001	1728000	1727501	369.0	-0.175036	-0.038577
1728001	1729000	1728501	440.0	-0.174558	0.215306
1729001	1730000	1729501	531.0	-0.174079	0.486514
1730001	1731000	1730501	459.0	-0.173601	0.276296
1731001	1732000	1731501	375.0	-0.173123	-0.015307
1732001	1733000	1732501	470.0	-0.172645	0.310463
1733001	1734000	1733501	390.0	-0.172166	0.041276
1734001	1735000	1734501	442.0	-0.171688	0.221849
1735001	1736000	1735501	384.0	-0.171210	0.018908
1736001	1737000	1736501	468.0	-0.170732	0.304311
1737001	1738000	1737501	458.0	-0.170253	0.273150
1738001	1739000	1738501	459.0	-0.169775	0.276296
1739001	1740000	1739501	419.0	-0.169297	0.144752
1740001	1741000	1740501	429.0	-0.168819	0.178780
1741001	1742000	1741501	439.0	-0.168341	0.212023
1742001	1743000	1742501	540.0	-0.167862	0.510762
1743001	1744000	1743501	536.0	-0.167384	0.500035
1744001	1745000	1744501	534.0	-0.166906	0.494642
1745001	1746000	1745501	402.0	-0.166428	0.084998
1746001	1747000	1746501	355.0	-0.165949	-0.094379
1747001	1748000	1747501	397.0	-0.165471	0.066941
1748001	1749000	1748501	419.0	-0.164993	0.144752
1749001	1750000	1749501	431.0	-0.164515	0.185490
1750001	1751000	1750501	426.0	-0.164036	0.168656
1751001	1752000	1751501	358.0	-0.163558	-0.082238
1752001	1753000	1752501	367.0	-0.163080	-0.046418
1753001	1754000	1753501	368.0	-0.162602	-0.042492
1754001	1755000	1754501	433.0	-0.162123	0.192169
1755001	1756000	1755501	411.0	-0.161645	0.116941
1756001	1757000	1756501	378.0	-0.161167	-0.003812
1757001	1758000	1757501	403.0	-0.160689	0.088582
1758001	1759000	1758501	414.0	-0.160210	0.127433
1759001	1760000	1759501	366.0	-0.159732	-0.050354
1760001	1761000	1760501	356.0	-0.159254	-0.090321
1761001	1762000	1761501	397.0	-0.158776	0.066941
1762001	1763000	1762501	378.0	-0.158297	-0.003812
1763001	1764000	1763501	367.0	-0.157819	-0.046418
1764001	1765000	1764501	468.0	-0.157341	0.304311
1765001	1766000	1765501	435.0	-0.156863	0.198818
1766001	1767000	1766501	430.0	-0.156385	0.182139
1767001	1768000	1767501	462.0	-0.155906	0.285695
1768001	1769000	1768501	418.0	-0.155428	0.141305
1769001	1770000	1769501	482.0	-0.154950	0.346835
1770001	1771000	1770501	431.0	-0.154472	0.185490
1771001	1772000	1771501	391.0	-0.153993	0.044971
1772001	1773000	1772501	441.0	-0.153515	0.218581
1773001	1774000	1773501	448.0	-0.153037	0.241301
1774001	1775000	1774501	432.0	-0.152559	0.188833
1775001	1776000	1775501	369.0	-0.152080	-0.038577
1776001	1777000	1776501	430.0	-0.151602	0.182139
1777001	1778000	1777501	491.0	-0.151124	0.373525
1778001	1779000	1778501	451.0	-0.150646	0.250930
1779001	1780000	1779501	405.0	-0.150167	0.095724
1780001	1781000	1780501	526.0	-0.149689	0.472865
1781001	1782000	1781501	382.0	-0.149211	0.011375
1782001	1783000	1782501	456.0	-0.148733	0.266836
1783001	1784000	1783501	409.0	-0.148254	0.109903
1784001	1785000	1784501	411.0	-0.147776	0.116941
1785001	1786000	1785501	433.0	-0.147298	0.192169
1786001	1787000	1786501	394.0	-0.146820	0.055998
1787001	1788000	1787501	402.0	-0.146341	0.084998
1788001	1789000	1788501	445.0	-0.145863	0.231607
1789001	1790000	1789501	419.0	-0.145385	0.144752
1790001	1791000	1790501	479.0	-0.144907	0.337828
1791001	1792000	1791501	480.0	-0.144429	0.340837
1792001	1793000	1792501	463.0	-0.143950	0.288814
1793001	1794000	1793501	471.0	-0.143472	0.313529
1794001	1795000	1794501	434.0	-0.142994	0.195497
1795001	1796000	1795501	480.0	-0.142516	0.340837
1796001	1797000	1796501	414.0	-0.142037	0.127433
1797001	1798000	1797501	429.0	-0.141559	0.178780
1798001	1799000	1798501	404.0	-0.141081	0.092157
1799001	1800000	1799501	461.0	-0.140603	0.282569
1800001	1801000	1800501	403.0	-0.140124	0.088582
1801001	1802000	1801501	563.0	-0.139646	0.570937
1802001	1803000	1802501	599.0	-0.139168	0.660358
1803001	1804000	1803501	658.0	-0.138690	0.795890
1804001	1805000	1804501	614.0	-0.138211	0.696041
1805001	1806000	1805501	553.0	-0.137733	0.545082
1806001	1807000	1806501	483.0	-0.137255	0.349825
1807001	1808000	1807501	638.0	-0.136777	0.751359
1808001	1809000	1808501	405.0	-0.136298	0.095724
1809001	1810000	1809501	403.0	-0.135820	0.088582
1810001	1811000	1810501	466.0	-0.135342	0.298132
1811001	1812000	1811501	433.0	-0.134864	0.192169
1812001	1813000	1812501	326.0	-0.134385	-0.217326
1813001	1814000	1813501	297.0	-0.133907	-0.351735
1814001	1815000	1814501	267.0	-0.133429	-0.505358
1815001	1816000	1815501	344.0	-0.132951	-0.139789
1816001	1817000	1816501	303.0	-0.132473	-0.322880
1817001	1818000	1817501	306.0	-0.131994	-0.308666
1818001	1819000	1818501	297.0	-0.131516	-0.351735
1819001	1820000	1819501	281.0	-0.131038	-0.431628
1820001	1821000	1820501	247.0	-0.130560	-0.617687
1821001	1822000	1821501	222.0	-0.130081	-0.771638
1822001	1823000	1822501	210.0	-0.129603	-0.851809
1823001	1824000	1823501	256.0	-0.129125	-0.566054
1824001	1825000	1824501	209.0	-0.128647	-0.858695
1825001	1826000	1825501	230.0	-0.128168	-0.720564
1826001	1827000	1826501	449.0	-0.127690	0.244518
1827001	1828000	1827501	473.0	-0.127212	0.319642
1828001	1829000	1828501	406.0	-0.126734	0.099282
1829001	1830000	1829501	303.0	-0.126255	-0.322880
1830001	1831000	1830501	359.0	-0.125777	-0.078214
1831001	1832000	1831501	245.0	-0.125299	-0.629416
1832001	1833000	1832501	310.0	-0.124821	-0.289930
1833001	1834000	1833501	263.0	-0.124342	-0.527135
1834001	1835000	1834501	176.0	-0.123864	-1.106622
1835001	1836000	1835501	185.0	-0.123386	-1.034673
1836001	1837000	1836501	264.0	-0.122908	-0.521660
1837001	1838000	1837501	374.0	-0.122429	-0.019160
1838001	1839000	1838501	397.0	-0.121951	0.066941
1839001	1840000	1839501	258.0	-0.121473	-0.554827
1840001	1841000	1840501	201.0	-0.120995	-0.915002
1841001	1842000	1841501	182.0	-0.120516	-1.058259
1842001	1843000	1842501	234.0	-0.120038	-0.695689
1843001	1844000	1843501	192.0	-0.119560	-0.981092
1844001	1845000	1844501	152.0	-0.119082	-1.318127
1845001	1846000	1845501	177.0	-0.118604	-1.098448
1846001	1847000	1846501	163.0	-0.118125	-1.217326
1847001	1848000	1847501	177.0	-0.117647	-1.098448
1848001	1849000	1848501	221.0	-0.117169	-0.778151
1849001	1850000	1849501	215.0	-0.116691	-0.817861
1850001	1851000	1850501	249.0	-0.116212	-0.606052
1851001	1852000	1851501	233.0	-0.115734	-0.701868
1852001	1853000	1852501	274.0	-0.115256	-0.468022
1853001	1854000	1853501	281.0	-0.114778	-0.431628
1854001	1855000	1854501	362.0	-0.114299	-0.066208
1855001	1856000	1855501	454.0	-0.113821	0.260494
1856001	1857000	1856501	296.0	-0.113343	-0.356601
1857001	1858000	1857501	324.0	-0.112865	-0.226204
1858001	1859000	1858501	324.0	-0.112386	-0.226204
1859001	1860000	1859501	352.0	-0.111908	-0.106622
1860001	1861000	1860501	383.0	-0.111430	0.015147
1861001	1862000	1861501	378.0	-0.110952	-0.003812
1862001	1863000	1862501	496.0	-0.110473	0.388142
1863001	1864000	1863501	466.0	-0.109995	0.298132
1864001	1865000	1864501	480.0	-0.109517	0.340837
1865001	1866000	1865501	412.0	-0.109039	0.120446
1866001	1867000	1866501	464.0	-0.108560	0.291927
1867001	1868000	1867501	477.0	-0.108082	0.331791
1868001	1869000	1868501	515.0	-0.107604	0.442375
1869001	1870000	1869501	470.0	-0.107126	0.310463
1870001	1871000	1870501	467.0	-0.106648	0.301225
1871001	1872000	1871501	342.0	-0.106169	-0.148202
1872001	1873000	1872501	464.0	-0.105691	0.291927
1873001	1874000	1873501	403.0	-0.105213	0.088582
1874001	1875000	1874501	358.0	-0.104735	-0.082238
1875001	1876000	1875501	508.0	-0.104256	0.422631
1876001	1877000	1876501	437.0	-0.103778	0.205435
1877001	1878000	1877501	412.0	-0.103300	0.120446
1878001	1879000	1878501	385.0	-0.102822	0.022661
1879001	1880000	1879501	388.0	-0.102343	0.033859
1880001	1881000	1880501	438.0	-0.101865	0.208733
1881001	1882000	1881501	568.0	-0.101387	0.583693
1882001	1883000	1882501	470.0	-0.100909	0.310463
1883001	1884000	1883501	424.0	-0.100430	0.161866
1884001	1885000	1884501	518.0	-0.099952	0.450754
1885001	1886000	1885501	531.0	-0.099474	0.486514
1886001	1887000	1886501	503.0	-0.098996	0.408361
1887001	1888000	1887501	578.0	-0.098517	0.608872
1888001	1889000	1888501	496.0	-0.098039	0.388142
1889001	1890000	1889501	469.0	-0.097561	0.307390
1890001	1891000	1890501	419.0	-0.097083	0.144752
1891001	1892000	1891501	378.0	-0.096604	-0.003812
1892001	1893000	1892501	339.0	-0.096126	-0.160913
1893001	1894000	1893501	332.0	-0.095648	-0.191015
1894001	1895000	1894501	273.0	-0.095170	-0.473297
1895001	1896000	1895501	280.0	-0.094692	-0.436771
1896001	1897000	1896501	343.0	-0.094213	-0.143989
1897001	1898000	1897501	355.0	-0.093735	-0.094379
1898001	1899000	1898501	318.0	-0.093257	-0.253171
1899001	1900000	1899501	347.0	-0.092779	-0.127262
1900001	1901000	1900501	360.0	-0.092300	-0.074201
1901001	1902000	1901501	385.0	-0.091822	0.022661
1902001	1903000	1902501	484.0	-0.091344	0.352809
1903001	1904000	1903501	369.0	-0.090866	-0.038577
1904001	1905000	1904501	422.0	-0.090387	0.155045
1905001	1906000	1905501	399.0	-0.089909	0.074191
1906001	1907000	1906501	393.0	-0.089431	0.052331
1907001	1908000	1907501	387.0	-0.088953	0.030136
1908001	1909000	1908501	402.0	-0.088474	0.084998
1909001	1910000	1909501	404.0	-0.087996	0.092157
1910001	1911000	1910501	432.0	-0.087518	0.188833
1911001	1912000	1911501	336.0	-0.087040	-0.173737
1912001	1913000	1912501	298.0	-0.086561	-0.346886
1913001	1914000	1913501	355.0	-0.086083	-0.094379
1914001	1915000	1914501	311.0	-0.085605	-0.285283
1915001	1916000	1915501	412.0	-0.085127	0.120446
1916001	1917000	1916501	433.0	-0.084648	0.192169
1917001	1918000	1917501	328.0	-0.084170	-0.208502
1918001	1919000	1918501	309.0	-0.083692	-0.294591
1919001	1920000	1919501	299.0	-0.083214	-0.342052
1920001	1921000	1920501	277.0	-0.082736	-0.452312
1921001	1922000	1921501	408.0	-0.082257	0.106371
1922001	1923000	1922501	423.0	-0.081779	0.158460
1923001	1924000	1923501	381.0	-0.081301	0.007593
1924001	1925000	1924501	392.0	-0.080823	0.048656
1925001	1926000	1925501	451.0	-0.080344	0.250930
1926001	1927000	1926501	387.0	-0.079866	0.030136
1927001	1928000	1927501	490.0	-0.079388	0.370584
1928001	1929000	1928501	453.0	-0.078910	0.257313
1929001	1930000	1929501	414.0	-0.078431	0.127433
1930001	1931000	1930501	450.0	-0.077953	0.247727
1931001	1932000	1931501	570.0	-0.077475	0.588764
1932001	1933000	1932501	433.0	-0.076997	0.192169
1933001	1934000	1933501	462.0	-0.076518	0.285695
1934001	1935000	1934501	447.0	-0.076040	0.238077
1935001	1936000	1935501	377.0	-0.075562	-0.007633
1936001	1937000	1936501	464.0	-0.075084	0.291927
1937001	1938000	1937501	402.0	-0.074605	0.084998
1938001	1939000	1938501	419.0	-0.074127	0.144752
1939001	1940000	1939501	374.0	-0.073649	-0.019160
1940001	1941000	1940501	432.0	-0.073171	0.188833
1941001	1942000	1941501	398.0	-0.072692	0.070571
1942001	1943000	1942501	420.0	-0.072214	0.148191
1943001	1944000	1943501	357.0	-0.071736	-0.086274
1944001	1945000	1944501	405.0	-0.071258	0.095724
1945001	1946000	1945501	414.0	-0.070780	0.127433
1946001	1947000	1946501	418.0	-0.070301	0.141305
1947001	1948000	1947501	536.0	-0.069823	0.500035
1948001	1949000	1948501	548.0	-0.069345	0.531978
1949001	1950000	1949501	500.0	-0.068867	0.399730
1950001	1951000	1950501	424.0	-0.068388	0.161866
1951001	1952000	1951501	385.0	-0.067910	0.022661
1952001	1953000	1952501	427.0	-0.067432	0.172038
1953001	1954000	1953501	443.0	-0.066954	0.225109
1954001	1955000	1954501	449.0	-0.066475	0.244518
1955001	1956000	1955501	464.0	-0.065997	0.291927
1956001	1957000	1956501	445.0	-0.065519	0.231607
1957001	1958000	1957501	382.0	-0.065041	0.011375
1958001	1959000	1958501	421.0	-0.064562	0.151622
1959001	1960000	1959501	407.0	-0.064084	0.102831
1960001	1961000	1960501	405.0	-0.063606	0.095724
1961001	1962000	1961501	486.0	-0.063128	0.358758
1962001	1963000	1962501	456.0	-0.062649	0.266836
1963001	1964000	1963501	391.0	-0.062171	0.044971
1964001	1965000	1964501	413.0	-0.061693	0.123944
1965001	1966000	1965501	320.0	-0.061215	-0.244126
1966001	1967000	1966501	427.0	-0.060736	0.172038
1967001	1968000	1967501	449.0	-0.060258	0.244518
1968001	1969000	1968501	322.0	-0.059780	-0.235137
1969001	1970000	1969501	345.0	-0.059302	-0.135601
1970001	1971000	1970501	344.0	-0.058824	-0.139789
1971001	1972000	1971501	351.0	-0.058345	-0.110727
1972001	1973000	1972501	373.0	-0.057867	-0.023022
1973001	1974000	1973501	425.0	-0.057389	0.165265
1974001	1975000	1974501	543.0	-0.056911	0.518754
1975001	1976000	1975501	602.0	-0.056432	0.667566
1976001	1977000	1976501	682.0	-0.055954	0.847574
1977001	1978000	1977501	395.0	-0.055476	0.059655
1978001	1979000	1978501	410.0	-0.054998	0.113426
1979001	1980000	1979501	659.0	-0.054519	0.798081
1980001	1981000	1980501	515.0	-0.054041	0.442375
1981001	1982000	1981501	501.0	-0.053563	0.402613
1982001	1983000	1982501	617.0	-0.053085	0.703073
1983001	1984000	1983501	584.0	-0.052606	0.623771
1984001	1985000	1984501	519.0	-0.052128	0.453537
1985001	1986000	1985501	774.0	-0.051650	1.030136
1986001	1987000	1986501	727.0	-0.051172	0.939758
1987001	1988000	1987501	654.0	-0.050693	0.787093
1988001	1989000	1988501	368.0	-0.050215	-0.042492
1989001	1990000	1989501	409.0	-0.049737	0.109903
1990001	1991000	1990501	421.0	-0.049259	0.151622
1991001	1992000	1991501	457.0	-0.048780	0.269996
1992001	1993000	1992501	460.0	-0.048302	0.279436
1993001	1994000	1993501	543.0	-0.047824	0.518754
1994001	1995000	1994501	425.0	-0.047346	0.165265
1995001	1996000	1995501	462.0	-0.046868	0.285695
1996001	1997000	1996501	524.0	-0.046389	0.467369
1997001	1998000	1997501	457.0	-0.045911	0.269996
1998001	1999000	1998501	459.0	-0.045433	0.276296
1999001	2000000	1999501	393.0	-0.044955	0.052331
2000001	2001000	2000501	477.0	-0.044476	0.331791
2001001	2002000	2001501	309.0	-0.043998	-0.294591
2002001	2003000	2002501	289.0	-0.043520	-0.391128
2003001	2004000	2003501	306.0	-0.043042	-0.308666
2004001	2005000	2004501	192.0	-0.042563	-0.981092
2005001	2006000	2005501	175.0	-0.042085	-1.114843
2006001	2007000	2006501	182.0	-0.041607	-1.058259
2007001	2008000	2007501	143.0	-0.041129	-1.406183
2008001	2009000	2008501	198.0	-0.040650	-0.936697
2009001	2010000	2009501	215.0	-0.040172	-0.817861
2010001	2011000	2010501	195.0	-0.039694	-0.958724
2011001	2012000	2011501	231.0	-0.039216	-0.714305
2012001	2013000	2012501	232.0	-0.038737	-0.708073
2013001	2014000	2013501	235.0	-0.038259	-0.689537
2014001	2015000	2014501	207.0	-0.037781	-0.872567
2015001	2016000	2015501	199.0	-0.037303	-0.929429
2016001	2017000	2016501	173.0	-0.036824	-1.131426
2017001	2018000	2017501	187.0	-0.036346	-1.019160
2018001	2019000	2018501	177.0	-0.035868	-1.098448
2019001	2020000	2019501	254.0	-0.035390	-0.577369
2020001	2021000	2020501	199.0	-0.034912	-0.929429
2021001	2022000	2021501	187.0	-0.034433	-1.019160
2022001	2023000	2022501	252.0	-0.033955	-0.588774
2023001	2024000	2023501	234.0	-0.033477	-0.695689
2024001	2025000	2024501	267.0	-0.032999	-0.505358
2025001	2026000	2025501	237.0	-0.032520	-0.677311
2026001	2027000	2026501	333.0	-0.032042	-0.186676
2027001	2028000	2027501	379.0	-0.031564	0.000000
2028001	2029000	2028501	521.0	-0.031086	0.459086
2029001	2030000	2029501	505.0	-0.030607	0.414086
2030001	2031000	2030501	389.0	-0.030129	0.037572
2031001	2032000	2031501	397.0	-0.029651	0.066941
2032001	2033000	2032501	483.0	-0.029173	0.349825
2033001	2034000	2033501	462.0	-0.028694	0.285695
2034001	2035000	2034501	454.0	-0.028216	0.260494
2035001	2036000	2035501	466.0	-0.027738	0.298132
2036001	2037000	2036501	470.0	-0.027260	0.310463
2037001	2038000	2037501	469.0	-0.026781	0.307390
2038001	2039000	2038501	501.0	-0.026303	0.402613
2039001	2040000	2039501	585.0	-0.025825	0.626239
2040001	2041000	2040501	526.0	-0.025347	0.472865
2041001	2042000	2041501	462.0	-0.024868	0.285695
2042001	2043000	2042501	492.0	-0.024390	0.376460
2043001	2044000	2043501	456.0	-0.023912	0.266836
2044001	2045000	2044501	482.0	-0.023434	0.346835
2045001	2046000	2045501	361.0	-0.022956	-0.070199
2046001	2047000	2046501	408.0	-0.022477	0.106371
2047001	2048000	2047501	394.0	-0.021999	0.055998
2048001	2049000	2048501	315.0	-0.021521	-0.266846
2049001	2050000	2049501	382.0	-0.021043	0.011375
2050001	2051000	2050501	246.0	-0.020564	-0.623540
2051001	2052000	2051501	245.0	-0.020086	-0.629416
2052001	2053000	2052501	332.0	-0.019608	-0.191015
2053001	2054000	2053501	327.0	-0.019130	-0.212907
2054001	2055000	2054501	454.0	-0.018651	0.260494
2055001	2056000	2055501	528.0	-0.018173	0.478340
2056001	2057000	2056501	514.0	-0.017695	0.439571
2057001	2058000	2057501	410.0	-0.017217	0.113426
2058001	2059000	2058501	520.0	-0.016738	0.456314
2059001	2060000	2059501	521.0	-0.016260	0.459086
2060001	2061000	2060501	473.0	-0.015782	0.319642
2061001	2062000	2061501	510.0	-0.015304	0.428299
2062001	2063000	2062501	563.0	-0.014825	0.570937
2063001	2064000	2063501	482.0	-0.014347	0.346835
2064001	2065000	2064501	408.0	-0.013869	0.106371
2065001	2066000	2065501	351.0	-0.013391	-0.110727
2066001	2067000	2066501	313.0	-0.012912	-0.276035
2067001	2068000	2067501	289.0	-0.012434	-0.391128
2068001	2069000	2068501	267.0	-0.011956	-0.505358
2069001	2070000	2069501	428.0	-0.011478	0.175413
2070001	2071000	2070501	532.0	-0.011000	0.489228
2071001	2072000	2071501	448.0	-0.010521	0.241301
2072001	2073000	2072501	417.0	-0.010043	0.137850
2073001	2074000	2073501	514.0	-0.009565	0.439571
2074001	2075000	2074501	439.0	-0.009087	0.212023
2075001	2076000	2075501	347.0	-0.008608	-0.127262
2076001	2077000	2076501	530.0	-0.008130	0.483795
2077001	2078000	2077501	393.0	-0.007652	0.052331
2078001	2079000	2078501	392.0	-0.007174	0.048656
2079001	2080000	2079501	395.0	-0.006695	0.059655
2080001	2081000	2080501	413.0	-0.006217	0.123944
2081001	2082000	2081501	466.0	-0.005739	0.298132
2082001	2083000	2082501	409.0	-0.005261	0.109903
2083001	2084000	2083501	439.0	-0.004782	0.212023
2084001	2085000	2084501	456.0	-0.004304	0.266836
2085001	2086000	2085501	365.0	-0.003826	-0.054301
2086001	2087000	2086501	374.0	-0.003348	-0.019160
2087001	2088000	2087501	379.0	-0.002869	0.000000
2088001	2089000	2088501	402.0	-0.002391	0.084998
2089001	2090000	2089501	348.0	-0.001913	-0.123111
2090001	2091000	2090501	361.0	-0.001435	-0.070199
2091001	2092000	2091501	353.0	-0.000956	-0.102530
2092001	2093000	2092501	372.0	-0.000478	-0.026895
2093001	2094000	2093501	502.0	0.000000	0.405490
2094001	2095000	2094501	389.0	0.000523	0.037572
2095001	2096000	2095501	304.0	0.001045	-0.318127
2096001	2097000	2096501	356.0	0.001568	-0.090321
2097001	2098000	2097501	382.0	0.002090	0.011375
2098001	2099000	2098501	373.0	0.002613	-0.023022
2099001	2100000	2099501	490.0	0.003135	0.370584
2100001	2101000	2100501	387.0	0.003658	0.030136
2101001	2102000	2101501	426.0	0.004180	0.168656
2102001	2103000	2102501	325.0	0.004703	-0.221758
2103001	2104000	2103501	328.0	0.005225	-0.208502
2104001	2105000	2104501	340.0	0.005748	-0.156663
2105001	2106000	2105501	309.0	0.006271	-0.294591
2106001	2107000	2106501	350.0	0.006793	-0.114843
2107001	2108000	2107501	372.0	0.007316	-0.026895
2108001	2109000	2108501	352.0	0.007838	-0.106622
2109001	2110000	2109501	325.0	0.008361	-0.221758
2110001	2111000	2110501	378.0	0.008883	-0.003812
2111001	2112000	2111501	527.0	0.009406	0.475605
2112001	2113000	2112501	576.0	0.009928	0.603871
2113001	2114000	2113501	515.0	0.010451	0.442375
2114001	2115000	2114501	651.0	0.010973	0.780460
2115001	2116000	2115501	484.0	0.011496	0.352809
2116001	2117000	2116501	447.0	0.012018	0.238077
2117001	2118000	2117501	611.0	0.012541	0.688975
2118001	2119000	2118501	588.0	0.013064	0.633618
2119001	2120000	2119501	566.0	0.013586	0.578604
2120001	2121000	2120501	452.0	0.014109	0.254125
2121001	2122000	2121501	383.0	0.014631	0.015147
2122001	2123000	2122501	355.0	0.015154	-0.094379
2123001	2124000	2123501	468.0	0.015676	0.304311
2124001	2125000	2124501	460.0	0.016199	0.279436
2125001	2126000	2125501	393.0	0.016721	0.052331
2126001	2127000	2126501	405.0	0.017244	0.095724
2127001	2128000	2127501	413.0	0.017766	0.123944
2128001	2129000	2128501	385.0	0.018289	0.022661
2129001	2130000	2129501	402.0	0.018812	0.084998
2130001	2131000	2130501	472.0	0.019334	0.316589
2131001	2132000	2131501	416.0	0.019857	0.134386
2132001	2133000	2132501	422.0	0.020379	0.155045
2133001	2134000	2133501	421.0	0.020902	0.151622
2134001	2135000	2134501	563.0	0.021424	0.570937
2135001	2136000	2135501	431.0	0.021947	0.185490
2136001	2137000	2136501	415.0	0.022469	0.130913
2137001	2138000	2137501	412.0	0.022992	0.120446
2138001	2139000	2138501	441.0	0.023514	0.218581
2139001	2140000	2139501	480.0	0.024037	0.340837
2140001	2141000	2140501	444.0	0.024560	0.228362
2141001	2142000	2141501	494.0	0.025082	0.382313
2142001	2143000	2142501	438.0	0.025605	0.208733
2143001	2144000	2143501	378.0	0.026127	-0.003812
2144001	2145000	2144501	399.0	0.026650	0.074191
2145001	2146000	2145501	425.0	0.027172	0.165265
2146001	2147000	2146501	464.0	0.027695	0.291927
2147001	2148000	2147501	409.0	0.028217	0.109903
2148001	2149000	2148501	428.0	0.028740	0.175413
2149001	2150000	2149501	454.0	0.029262	0.260494
2150001	2151000	2150501	420.0	0.029785	0.148191
2151001	2152000	2151501	500.0	0.030307	0.399730
2152001	2153000	2152501	500.0	0.030830	0.399730
2153001	2154000	2153501	419.0	0.031353	0.144752
2154001	2155000	2154501	384.0	0.031875	0.018908
2155001	2156000	2155501	375.0	0.032398	-0.015307
2156001	2157000	2156501	387.0	0.032920	0.030136
2157001	2158000	2157501	453.0	0.033443	0.257313
2158001	2159000	2158501	412.0	0.033965	0.120446
2159001	2160000	2159501	406.0	0.034488	0.099282
2160001	2161000	2160501	399.0	0.035010	0.074191
2161001	2162000	2161501	417.0	0.035533	0.137850
2162001	2163000	2162501	421.0	0.036055	0.151622
2163001	2164000	2163501	368.0	0.036578	-0.042492
2164001	2165000	2164501	354.0	0.037101	-0.098448
2165001	2166000	2165501	301.0	0.037623	-0.332434
2166001	2167000	2166501	339.0	0.038146	-0.160913
2167001	2168000	2167501	311.0	0.038668	-0.285283
2168001	2169000	2168501	362.0	0.039191	-0.066208
2169001	2170000	2169501	447.0	0.039713	0.238077
2170001	2171000	2170501	448.0	0.040236	0.241301
2171001	2172000	2171501	480.0	0.040758	0.340837
2172001	2173000	2172501	424.0	0.041281	0.161866
2173001	2174000	2173501	522.0	0.041803	0.461852
2174001	2175000	2174501	614.0	0.042326	0.696041
2175001	2176000	2175501	428.0	0.042849	0.175413
2176001	2177000	2176501	504.0	0.043371	0.411226
2177001	2178000	2177501	458.0	0.043894	0.273150
2178001	2179000	2178501	449.0	0.044416	0.244518
2179001	2180000	2179501	467.0	0.044939	0.301225
2180001	2181000	2180501	462.0	0.045461	0.285695
2181001	2182000	2181501	390.0	0.045984	0.041276
2182001	2183000	2182501	456.0	0.046506	0.266836
2183001	2184000	2183501	592.0	0.047029	0.643399
2184001	2185000	2184501	433.0	0.047551	0.192169
2185001	2186000	2185501	365.0	0.048074	-0.054301
2186001	2187000	2186501	405.0	0.048596	0.095724
2187001	2188000	2187501	471.0	0.049119	0.313529
2188001	2189000	2188501	602.0	0.049642	0.667566
2189001	2190000	2189501	595.0	0.050164	0.650692
2190001	2191000	2190501	451.0	0.050687	0.250930
2191001	2192000	2191501	403.0	0.051209	0.088582
2192001	2193000	2192501	382.0	0.051732	0.011375
2193001	2194000	2193501	494.0	0.052254	0.382313
2194001	2195000	2194501	400.0	0.052777	0.077802
2195001	2196000	2195501	453.0	0.053299	0.257313
2196001	2197000	2196501	363.0	0.053822	-0.062228
2197001	2198000	2197501	455.0	0.054344	0.263669
2198001	2199000	2198501	459.0	0.054867	0.276296
2199001	2200000	2199501	459.0	0.055390	0.276296
2200001	2201000	2200501	499.0	0.055912	0.396842
2201001	2202000	2201501	456.0	0.056435	0.266836
2202001	2203000	2202501	412.0	0.056957	0.120446
2203001	2204000	2203501	384.0	0.057480	0.018908
2204001	2205000	2204501	422.0	0.058002	0.155045
2205001	2206000	2205501	334.0	0.058525	-0.182350
2206001	2207000	2206501	374.0	0.059047	-0.019160
2207001	2208000	2207501	509.0	0.059570	0.425468
2208001	2209000	2208501	541.0	0.060092	0.513431
2209001	2210000	2209501	486.0	0.060615	0.358758
2210001	2211000	2210501	411.0	0.061138	0.116941
2211001	2212000	2211501	429.0	0.061660	0.178780
2212001	2213000	2212501	515.0	0.062183	0.442375
2213001	2214000	2213501	487.0	0.062705	0.361724
2214001	2215000	2214501	434.0	0.063228	0.195497
2215001	2216000	2215501	453.0	0.063750	0.257313
2216001	2217000	2216501	443.0	0.064273	0.225109
2217001	2218000	2217501	351.0	0.064795	-0.110727
2218001	2219000	2218501	368.0	0.065318	-0.042492
2219001	2220000	2219501	389.0	0.065840	0.037572
2220001	2221000	2220501	438.0	0.066363	0.208733
2221001	2222000	2221501	363.0	0.066885	-0.062228
2222001	2223000	2222501	378.0	0.067408	-0.003812
2223001	2224000	2223501	373.0	0.067931	-0.023022
2224001	2225000	2224501	436.0	0.068453	0.202130
2225001	2226000	2225501	427.0	0.068976	0.172038
2226001	2227000	2226501	447.0	0.069498	0.238077
2227001	2228000	2227501	542.0	0.070021	0.516095
2228001	2229000	2228501	468.0	0.070543	0.304311
2229001	2230000	2229501	423.0	0.071066	0.158460
2230001	2231000	2230501	480.0	0.071588	0.340837
2231001	2232000	2231501	351.0	0.072111	-0.110727
2232001	2233000	2232501	430.0	0.072633	0.182139
2233001	2234000	2233501	253.0	0.073156	-0.583060
2234001	2235000	2234501	175.0	0.073679	-1.114843
2235001	2236000	2235501	215.0	0.074201	-0.817861
2236001	2237000	2236501	193.0	0.074724	-0.973597
2237001	2238000	2237501	169.0	0.075246	-1.165175
2238001	2239000	2238501	178.0	0.075769	-1.090321
2239001	2240000	2239501	151.0	0.076291	-1.327649
2240001	2241000	2240501	164.0	0.076814	-1.208502
2241001	2242000	2241501	174.0	0.077336	-1.123111
2242001	2243000	2242501	141.0	0.077859	-1.426503
2243001	2244000	2243501	147.0	0.078381	-1.366382
2244001	2245000	2244501	203.0	0.078904	-0.900718
2245001	2246000	2245501	195.0	0.079426	-0.958724
2246001	2247000	2246501	255.0	0.079949	-0.571701
2247001	2248000	2247501	342.0	0.080472	-0.148202
2248001	2249000	2248501	252.0	0.080994	-0.588774
2249001	2250000	2249501	275.0	0.081517	-0.462766
2250001	2251000	2250501	308.0	0.082039	-0.299267
2251001	2252000	2251501	382.0	0.082562	0.011375
2252001	2253000	2252501	388.0	0.083084	0.033859
2253001	2254000	2253501	322.0	0.083607	-0.235137
2254001	2255000	2254501	453.0	0.084129	0.257313
2255001	2256000	2255501	461.0	0.084652	0.282569
2256001	2257000	2256501	389.0	0.085174	0.037572
2257001	2258000	2257501	318.0	0.085697	-0.253171
2258001	2259000	2258501	324.0	0.086220	-0.226204
2259001	2260000	2259501	352.0	0.086742	-0.106622
2260001	2261000	2260501	343.0	0.087265	-0.143989
2261001	2262000	2261501	271.0	0.087787	-0.483905
2262001	2263000	2262501	322.0	0.088310	-0.235137
2263001	2264000	2263501	305.0	0.088832	-0.313389
2264001	2265000	2264501	280.0	0.089355	-0.436771
2265001	2266000	2265501	210.0	0.089877	-0.851809
2266001	2267000	2266501	216.0	0.090400	-0.811167
2267001	2268000	2267501	215.0	0.090922	-0.817861
2268001	2269000	2268501	147.0	0.091445	-1.366382
2269001	2270000	2269501	167.0	0.091968	-1.182350
2270001	2271000	2270501	147.0	0.092490	-1.366382
2271001	2272000	2271501	126.0	0.093013	-1.588774
2272001	2273000	2272501	144.0	0.093535	-1.396129
2273001	2274000	2273501	115.0	0.094058	-1.720564
2274001	2275000	2274501	125.0	0.094580	-1.600270
2275001	2276000	2275501	108.0	0.095103	-1.811167
2276001	2277000	2276501	113.0	0.095625	-1.745875
2277001	2278000	2277501	144.0	0.096148	-1.396129
2278001	2279000	2278501	152.0	0.096670	-1.318127
2279001	2280000	2279501	114.0	0.097193	-1.733164
2280001	2281000	2280501	182.0	0.097715	-1.058259
2281001	2282000	2281501	181.0	0.098238	-1.066208
2282001	2283000	2282501	167.0	0.098761	-1.182350
2283001	2284000	2283501	190.0	0.099283	-0.996198
2284001	2285000	2284501	242.0	0.099806	-0.647191
2285001	2286000	2285501	291.0	0.100328	-0.381179
2286001	2287000	2286501	267.0	0.100851	-0.505358
2287001	2288000	2287501	398.0	0.101373	0.070571
2288001	2289000	2288501	461.0	0.101896	0.282569
2289001	2290000	2289501	396.0	0.102418	0.063303
2290001	2291000	2290501	302.0	0.102941	-0.327649
2291001	2292000	2291501	330.0	0.103463	-0.199732
2292001	2293000	2292501	375.0	0.103986	-0.015307
2293001	2294000	2293501	319.0	0.104509	-0.248641
2294001	2295000	2294501	277.0	0.105031	-0.452312
2295001	2296000	2295501	241.0	0.105554	-0.653165
2296001	2297000	2296501	147.0	0.106076	-1.366382
2297001	2298000	2297501	137.0	0.106599	-1.468022
2298001	2299000	2298501	126.0	0.107121	-1.588774
2299001	2300000	2299501	118.0	0.107644	-1.683411
2300001	2301000	2300501	90.0	0.108166	-2.074201
2301001	2302000	2301501	74.0	0.108689	-2.356601
2302001	2303000	2302501	82.0	0.109211	-2.208502
2303001	2304000	2303501	64.0	0.109734	-2.566054
2304001	2305000	2304501	79.0	0.110257	-2.262273
2305001	2306000	2305501	63.0	0.110779	-2.588774
2306001	2307000	2306501	80.0	0.111302	-2.244126
2307001	2308000	2307501	62.0	0.111824	-2.611858
2308001	2309000	2308501	46.0	0.112347	-3.042492
2309001	2310000	2309501	39.0	0.112869	-3.280652
2310001	2311000	2310501	87.0	0.113392	-2.123111
2311001	2312000	2311501	84.0	0.113914	-2.173737
2312001	2313000	2312501	87.0	0.114437	-2.123111
2313001	2314000	2313501	103.0	0.114959	-1.879554
2314001	2315000	2314501	85.0	0.115482	-2.156663
2315001	2316000	2315501	97.0	0.116004	-1.966141
2316001	2317000	2316501	100.0	0.116527	-1.922198
2317001	2318000	2317501	118.0	0.117050	-1.683411
2318001	2319000	2318501	98.0	0.117572	-1.951344
2319001	2320000	2319501	116.0	0.118095	-1.708073
2320001	2321000	2320501	104.0	0.118617	-1.865614
2321001	2322000	2321501	132.0	0.119140	-1.521660
2322001	2323000	2322501	102.0	0.119662	-1.893629
2323001	2324000	2323501	97.0	0.120185	-1.966141
2324001	2325000	2324501	99.0	0.120707	-1.936697
2325001	2326000	2325501	101.0	0.121230	-1.907843
2326001	2327000	2326501	99.0	0.121752	-1.936697
2327001	2328000	2327501	116.0	0.122275	-1.708073
2328001	2329000	2328501	122.0	0.122798	-1.635317
2329001	2330000	2329501	187.0	0.123320	-1.019160
2330001	2331000	2330501	202.0	0.123843	-0.907843
2331001	2332000	2331501	220.0	0.124365	-0.784694
2332001	2333000	2332501	146.0	0.124888	-1.376229
2333001	2334000	2333501	130.0	0.125410	-1.543686
2334001	2335000	2334501	162.0	0.125933	-1.226204
2335001	2336000	2335501	150.0	0.126455	-1.337235
2336001	2337000	2336501	204.0	0.126978	-0.893629
2337001	2338000	2337501	241.0	0.127500	-0.653165
2338001	2339000	2338501	204.0	0.128023	-0.893629
2339001	2340000	2339501	228.0	0.128546	-0.733164
2340001	2341000	2340501	308.0	0.129068	-0.299267
2341001	2342000	2341501	358.0	0.129591	-0.082238
2342001	2343000	2342501	454.0	0.130113	0.260494
2343001	2344000	2343501	474.0	0.130636	0.322689
2344001	2345000	2344501	420.0	0.131158	0.148191
2345001	2346000	2345501	420.0	0.131681	0.148191
2346001	2347000	2346501	410.0	0.132203	0.113426
2347001	2348000	2347501	438.0	0.132726	0.208733
2348001	2349000	2348501	440.0	0.133248	0.215306
2349001	2350000	2349501	455.0	0.133771	0.263669
2350001	2351000	2350501	407.0	0.134293	0.102831
2351001	2352000	2351501	514.0	0.134816	0.439571
2352001	2353000	2352501	403.0	0.135339	0.088582
2353001	2354000	2353501	355.0	0.135861	-0.094379
2354001	2355000	2354501	364.0	0.136384	-0.058259
2355001	2356000	2355501	320.0	0.136906	-0.244126
2356001	2357000	2356501	389.0	0.137429	0.037572
2357001	2358000	2357501	317.0	0.137951	-0.257715
2358001	2359000	2358501	315.0	0.138474	-0.266846
2359001	2360000	2359501	377.0	0.138996	-0.007633
2360001	2361000	2360501	476.0	0.139519	0.328764
2361001	2362000	2361501	427.0	0.140041	0.172038
2362001	2363000	2362501	507.0	0.140564	0.419788
2363001	2364000	2363501	396.0	0.141087	0.063303
2364001	2365000	2364501	419.0	0.141609	0.144752
2365001	2366000	2365501	447.0	0.142132	0.238077
2366001	2367000	2366501	396.0	0.142654	0.063303
2367001	2368000	2367501	417.0	0.143177	0.137850
2368001	2369000	2368501	435.0	0.143699	0.198818
2369001	2370000	2369501	443.0	0.144222	0.225109
2370001	2371000	2370501	351.0	0.144744	-0.110727
2371001	2372000	2371501	451.0	0.145267	0.250930
2372001	2373000	2372501	377.0	0.145789	-0.007633
2373001	2374000	2373501	447.0	0.146312	0.238077
2374001	2375000	2374501	452.0	0.146835	0.254125
2375001	2376000	2375501	475.0	0.147357	0.325730
2376001	2377000	2376501	420.0	0.147880	0.148191
2377001	2378000	2377501	422.0	0.148402	0.155045
2378001	2379000	2378501	431.0	0.148925	0.185490
2379001	2380000	2379501	478.0	0.149447	0.334813
2380001	2381000	2380501	412.0	0.149970	0.120446
2381001	2382000	2381501	364.0	0.150492	-0.058259
2382001	2383000	2382501	410.0	0.151015	0.113426
2383001	2384000	2383501	387.0	0.151537	0.030136
2384001	2385000	2384501	397.0	0.152060	0.066941
2385001	2386000	2385501	555.0	0.152582	0.550290
2386001	2387000	2386501	322.0	0.153105	-0.235137
2387001	2388000	2387501	362.0	0.153628	-0.066208
2388001	2389000	2388501	368.0	0.154150	-0.042492
2389001	2390000	2389501	335.0	0.154673	-0.178037
2390001	2391000	2390501	511.0	0.155195	0.431125
2391001	2392000	2391501	481.0	0.155718	0.343839
2392001	2393000	2392501	413.0	0.156240	0.123944
2393001	2394000	2393501	354.0	0.156763	-0.098448
2394001	2395000	2394501	394.0	0.157285	0.055998
2395001	2396000	2395501	473.0	0.157808	0.319642
2396001	2397000	2396501	476.0	0.158330	0.328764
2397001	2398000	2397501	472.0	0.158853	0.316589
2398001	2399000	2398501	402.0	0.159376	0.084998
2399001	2400000	2399501	472.0	0.159898	0.316589
2400001	2401000	2400501	454.0	0.160421	0.260494
2401001	2402000	2401501	475.0	0.160943	0.325730
2402001	2403000	2402501	436.0	0.161466	0.202130
2403001	2404000	2403501	427.0	0.161988	0.172038
2404001	2405000	2404501	409.0	0.162511	0.109903
2405001	2406000	2405501	510.0	0.163033	0.428299
2406001	2407000	2406501	442.0	0.163556	0.221849
2407001	2408000	2407501	377.0	0.164078	-0.007633
2408001	2409000	2408501	381.0	0.164601	0.007593
2409001	2410000	2409501	456.0	0.165124	0.266836
2410001	2411000	2410501	532.0	0.165646	0.489228
2411001	2412000	2411501	492.0	0.166169	0.376460
2412001	2413000	2412501	404.0	0.166691	0.092157
2413001	2414000	2413501	519.0	0.167214	0.453537
2414001	2415000	2414501	485.0	0.167736	0.355787
2415001	2416000	2415501	458.0	0.168259	0.273150
2416001	2417000	2416501	436.0	0.168781	0.202130
2417001	2418000	2417501	493.0	0.169304	0.379390
2418001	2419000	2418501	461.0	0.169826	0.282569
2419001	2420000	2419501	249.0	0.170349	-0.606052
2420001	2421000	2420501	228.0	0.170871	-0.733164
2421001	2422000	2421501	264.0	0.171394	-0.521660
2422001	2423000	2422501	226.0	0.171917	-0.745875
2423001	2424000	2423501	187.0	0.172439	-1.019160
2424001	2425000	2424501	232.0	0.172962	-0.708073
2425001	2426000	2425501	248.0	0.173484	-0.611858
2426001	2427000	2426501	328.0	0.174007	-0.208502
2427001	2428000	2427501	309.0	0.174529	-0.294591
2428001	2429000	2428501	424.0	0.175052	0.161866
2429001	2430000	2429501	730.0	0.175574	0.945699
2430001	2431000	2430501	616.0	0.176097	0.700733
2431001	2432000	2431501	337.0	0.176619	-0.169449
2432001	2433000	2432501	346.0	0.177142	-0.131426
2433001	2434000	2433501	371.0	0.177665	-0.030779
2434001	2435000	2434501	421.0	0.178187	0.151622
2435001	2436000	2435501	409.0	0.178710	0.109903
2436001	2437000	2436501	393.0	0.179232	0.052331
2437001	2438000	2437501	396.0	0.179755	0.063303
2438001	2439000	2438501	484.0	0.180277	0.352809
2439001	2440000	2439501	435.0	0.180800	0.198818
2440001	2441000	2440501	319.0	0.181322	-0.248641
2441001	2442000	2441501	365.0	0.181845	-0.054301
2442001	2443000	2442501	448.0	0.182367	0.241301
2443001	2444000	2443501	306.0	0.182890	-0.308666
2444001	2445000	2444501	342.0	0.183413	-0.148202
2445001	2446000	2445501	343.0	0.183935	-0.143989
2446001	2447000	2446501	393.0	0.184458	0.052331
2447001	2448000	2447501	375.0	0.184980	-0.015307
2448001	2449000	2448501	385.0	0.185503	0.022661
2449001	2450000	2449501	435.0	0.186025	0.198818
2450001	2451000	2450501	424.0	0.186548	0.161866
2451001	2452000	2451501	357.0	0.187070	-0.086274
2452001	2453000	2452501	425.0	0.187593	0.165265
2453001	2454000	2453501	417.0	0.188115	0.137850
2454001	2455000	2454501	377.0	0.188638	-0.007633
2455001	2456000	2455501	371.0	0.189160	-0.030779
2456001	2457000	2456501	417.0	0.189683	0.137850
2457001	2458000	2457501	453.0	0.190206	0.257313
2458001	2459000	2458501	434.0	0.190728	0.195497
2459001	2460000	2459501	452.0	0.191251	0.254125
2460001	2461000	2460501	430.0	0.191773	0.182139
2461001	2462000	2461501	439.0	0.192296	0.212023
2462001	2463000	2462501	467.0	0.192818	0.301225
2463001	2464000	2463501	492.0	0.193341	0.376460
2464001	2465000	2464501	443.0	0.193863	0.225109
2465001	2466000	2465501	481.0	0.194386	0.343839
2466001	2467000	2466501	432.0	0.194908	0.188833
2467001	2468000	2467501	449.0	0.195431	0.244518
2468001	2469000	2468501	422.0	0.195954	0.155045
2469001	2470000	2469501	422.0	0.196476	0.155045
2470001	2471000	2470501	588.0	0.196999	0.633618
2471001	2472000	2471501	403.0	0.197521	0.088582
2472001	2473000	2472501	417.0	0.198044	0.137850
2473001	2474000	2473501	394.0	0.198566	0.055998
2474001	2475000	2474501	403.0	0.199089	0.088582
2475001	2476000	2475501	387.0	0.199611	0.030136
2476001	2477000	2476501	431.0	0.200134	0.185490
2477001	2478000	2477501	388.0	0.200656	0.033859
2478001	2479000	2478501	394.0	0.201179	0.055998
2479001	2480000	2479501	444.0	0.201702	0.228362
2480001	2481000	2480501	428.0	0.202224	0.175413
2481001	2482000	2481501	409.0	0.202747	0.109903
2482001	2483000	2482501	509.0	0.203269	0.425468
2483001	2484000	2483501	428.0	0.203792	0.175413
2484001	2485000	2484501	419.0	0.204314	0.144752
2485001	2486000	2485501	446.0	0.204837	0.234846
2486001	2487000	2486501	461.0	0.205359	0.282569
2487001	2488000	2487501	359.0	0.205882	-0.078214
2488001	2489000	2488501	361.0	0.206404	-0.070199
2489001	2490000	2489501	455.0	0.206927	0.263669
2490001	2491000	2490501	386.0	0.207449	0.026403
2491001	2492000	2491501	465.0	0.207972	0.295033
2492001	2493000	2492501	426.0	0.208495	0.168656
2493001	2494000	2493501	412.0	0.209017	0.120446
2494001	2495000	2494501	350.0	0.209540	-0.114843
2495001	2496000	2495501	392.0	0.210062	0.048656
2496001	2497000	2496501	412.0	0.210585	0.120446
2497001	2498000	2497501	420.0	0.211107	0.148191
2498001	2499000	2498501	363.0	0.211630	-0.062228
2499001	2500000	2499501	398.0	0.212152	0.070571
2500001	2501000	2500501	431.0	0.212675	0.185490
2501001	2502000	2501501	359.0	0.213197	-0.078214
2502001	2503000	2502501	373.0	0.213720	-0.023022
2503001	2504000	2503501	389.0	0.214243	0.037572
2504001	2505000	2504501	411.0	0.214765	0.116941
2505001	2506000	2505501	416.0	0.215288	0.134386
2506001	2507000	2506501	458.0	0.215810	0.273150
2507001	2508000	2507501	691.0	0.216333	0.866488
2508001	2509000	2508501	434.0	0.216855	0.195497
2509001	2510000	2509501	373.0	0.217378	-0.023022
2510001	2511000	2510501	398.0	0.217900	0.070571
2511001	2512000	2511501	465.0	0.218423	0.295033
2512001	2513000	2512501	321.0	0.218945	-0.239625
2513001	2514000	2513501	259.0	0.219468	-0.549246
2514001	2515000	2514501	291.0	0.219991	-0.381179
2515001	2516000	2515501	290.0	0.220513	-0.386145
2516001	2517000	2516501	330.0	0.221036	-0.199732
2517001	2518000	2517501	295.0	0.221558	-0.361483
2518001	2519000	2518501	364.0	0.222081	-0.058259
2519001	2520000	2519501	402.0	0.222603	0.084998
2520001	2521000	2520501	394.0	0.223126	0.055998
2521001	2522000	2521501	388.0	0.223648	0.033859
2522001	2523000	2522501	388.0	0.224171	0.033859
2523001	2524000	2523501	344.0	0.224693	-0.139789
2524001	2525000	2524501	375.0	0.225216	-0.015307
2525001	2526000	2525501	318.0	0.225738	-0.253171
2526001	2527000	2526501	324.0	0.226261	-0.226204
2527001	2528000	2527501	360.0	0.226784	-0.074201
2528001	2529000	2528501	411.0	0.227306	0.116941
2529001	2530000	2529501	383.0	0.227829	0.015147
2530001	2531000	2530501	379.0	0.228351	0.000000
2531001	2532000	2531501	480.0	0.228874	0.340837
2532001	2533000	2532501	508.0	0.229396	0.422631
2533001	2534000	2533501	457.0	0.229919	0.269996
2534001	2535000	2534501	427.0	0.230441	0.172038
2535001	2536000	2535501	390.0	0.230964	0.041276
2536001	2537000	2536501	359.0	0.231486	-0.078214
2537001	2538000	2537501	344.0	0.232009	-0.139789
2538001	2539000	2538501	345.0	0.232532	-0.135601
2539001	2540000	2539501	306.0	0.233054	-0.308666
2540001	2541000	2540501	343.0	0.233577	-0.143989
2541001	2542000	2541501	322.0	0.234099	-0.235137
2542001	2543000	2542501	466.0	0.234622	0.298132
2543001	2544000	2543501	606.0	0.235144	0.677120
2544001	2545000	2544501	440.0	0.235667	0.215306
2545001	2546000	2545501	442.0	0.236189	0.221849
2546001	2547000	2546501	457.0	0.236712	0.269996
2547001	2548000	2547501	593.0	0.237234	0.645834
2548001	2549000	2548501	449.0	0.237757	0.244518
2549001	2550000	2549501	431.0	0.238279	0.185490
2550001	2551000	2550501	400.0	0.238802	0.077802
2551001	2552000	2551501	402.0	0.239325	0.084998
2552001	2553000	2552501	498.0	0.239847	0.393948
2553001	2554000	2553501	452.0	0.240370	0.254125
2554001	2555000	2554501	459.0	0.240892	0.276296
2555001	2556000	2555501	431.0	0.241415	0.185490
2556001	2557000	2556501	360.0	0.241937	-0.074201
2557001	2558000	2557501	477.0	0.242460	0.331791
2558001	2559000	2558501	396.0	0.242982	0.063303
2559001	2560000	2559501	442.0	0.243505	0.221849
2560001	2561000	2560501	426.0	0.244027	0.168656
2561001	2562000	2561501	357.0	0.244550	-0.086274
2562001	2563000	2562501	342.0	0.245073	-0.148202
2563001	2564000	2563501	352.0	0.245595	-0.106622
2564001	2565000	2564501	357.0	0.246118	-0.086274
2565001	2566000	2565501	340.0	0.246640	-0.156663
2566001	2567000	2566501	459.0	0.247163	0.276296
2567001	2568000	2567501	472.0	0.247685	0.316589
2568001	2569000	2568501	380.0	0.248208	0.003802
2569001	2570000	2569501	497.0	0.248730	0.391048
2570001	2571000	2570501	441.0	0.249253	0.218581
2571001	2572000	2571501	422.0	0.249775	0.155045
2572001	2573000	2572501	364.0	0.250298	-0.058259
2573001	2574000	2573501	473.0	0.250821	0.319642
2574001	2575000	2574501	495.0	0.251343	0.385231
2575001	2576000	2575501	450.0	0.251866	0.247727
2576001	2577000	2576501	409.0	0.252388	0.109903
2577001	2578000	2577501	403.0	0.252911	0.088582
2578001	2579000	2578501	378.0	0.253433	-0.003812
2579001	2580000	2579501	529.0	0.253956	0.481070
2580001	2581000	2580501	419.0	0.254478	0.144752
2581001	2582000	2581501	345.0	0.255001	-0.135601
2582001	2583000	2582501	343.0	0.255523	-0.143989
2583001	2584000	2583501	359.0	0.256046	-0.078214
2584001	2585000	2584501	439.0	0.256568	0.212023
2585001	2586000	2585501	354.0	0.257091	-0.098448
2586001	2587000	2586501	478.0	0.257614	0.334813
2587001	2588000	2587501	445.0	0.258136	0.231607
2588001	2589000	2588501	377.0	0.258659	-0.007633
2589001	2590000	2589501	471.0	0.259181	0.313529
2590001	2591000	2590501	408.0	0.259704	0.106371
2591001	2592000	2591501	380.0	0.260226	0.003802
2592001	2593000	2592501	497.0	0.260749	0.391048
2593001	2594000	2593501	413.0	0.261271	0.123944
2594001	2595000	2594501	422.0	0.261794	0.155045
2595001	2596000	2595501	493.0	0.262316	0.379390
2596001	2597000	2596501	431.0	0.262839	0.185490
2597001	2598000	2597501	457.0	0.263362	0.269996
2598001	2599000	2598501	436.0	0.263884	0.202130
2599001	2600000	2599501	452.0	0.264407	0.254125
2600001	2601000	2600501	373.0	0.264929	-0.023022
2601001	2602000	2601501	364.0	0.265452	-0.058259
2602001	2603000	2602501	354.0	0.265974	-0.098448
2603001	2604000	2603501	332.0	0.266497	-0.191015
2604001	2605000	2604501	393.0	0.267019	0.052331
2605001	2606000	2605501	372.0	0.267542	-0.026895
2606001	2607000	2606501	491.0	0.268064	0.373525
2607001	2608000	2607501	434.0	0.268587	0.195497
2608001	2609000	2608501	475.0	0.269110	0.325730
2609001	2610000	2609501	454.0	0.269632	0.260494
2610001	2611000	2610501	470.0	0.270155	0.310463
2611001	2612000	2611501	503.0	0.270677	0.408361
2612001	2613000	2612501	444.0	0.271200	0.228362
2613001	2614000	2613501	595.0	0.271722	0.650692
2614001	2615000	2614501	443.0	0.272245	0.225109
2615001	2616000	2615501	485.0	0.272767	0.355787
2616001	2617000	2616501	407.0	0.273290	0.102831
2617001	2618000	2617501	366.0	0.273812	-0.050354
2618001	2619000	2618501	392.0	0.274335	0.048656
2619001	2620000	2619501	384.0	0.274857	0.018908
2620001	2621000	2620501	377.0	0.275380	-0.007633
2621001	2622000	2621501	384.0	0.275903	0.018908
2622001	2623000	2622501	521.0	0.276425	0.459086
2623001	2624000	2623501	437.0	0.276948	0.205435
2624001	2625000	2624501	669.0	0.277470	0.819808
2625001	2626000	2625501	510.0	0.277993	0.428299
2626001	2627000	2626501	428.0	0.278515	0.175413
2627001	2628000	2627501	460.0	0.279038	0.279436
2628001	2629000	2628501	476.0	0.279560	0.328764
2629001	2630000	2629501	535.0	0.280083	0.497341
2630001	2631000	2630501	411.0	0.280605	0.116941
2631001	2632000	2631501	395.0	0.281128	0.059655
2632001	2633000	2632501	458.0	0.281651	0.273150
2633001	2634000	2633501	433.0	0.282173	0.192169
2634001	2635000	2634501	399.0	0.282696	0.074191
2635001	2636000	2635501	420.0	0.283218	0.148191
2636001	2637000	2636501	456.0	0.283741	0.266836
2637001	2638000	2637501	479.0	0.284263	0.337828
2638001	2639000	2638501	384.0	0.284786	0.018908
2639001	2640000	2639501	386.0	0.285308	0.026403
2640001	2641000	2640501	407.0	0.285831	0.102831
2641001	2642000	2641501	374.0	0.286353	-0.019160
2642001	2643000	2642501	434.0	0.286876	0.195497
2643001	2644000	2643501	431.0	0.287399	0.185490
2644001	2645000	2644501	416.0	0.287921	0.134386
2645001	2646000	2645501	384.0	0.288444	0.018908
2646001	2647000	2646501	369.0	0.288966	-0.038577
2647001	2648000	2647501	357.0	0.289489	-0.086274
2648001	2649000	2648501	380.0	0.290011	0.003802
2649001	2650000	2649501	417.0	0.290534	0.137850
2650001	2651000	2650501	399.0	0.291056	0.074191
2651001	2652000	2651501	430.0	0.291579	0.182139
2652001	2653000	2652501	450.0	0.292101	0.247727
2653001	2654000	2653501	302.0	0.292624	-0.327649
2654001	2655000	2654501	345.0	0.293146	-0.135601
2655001	2656000	2655501	373.0	0.293669	-0.023022
2656001	2657000	2656501	356.0	0.294192	-0.090321
2657001	2658000	2657501	407.0	0.294714	0.102831
2658001	2659000	2658501	393.0	0.295237	0.052331
2659001	2660000	2659501	365.0	0.295759	-0.054301
2660001	2661000	2660501	355.0	0.296282	-0.094379
2661001	2662000	2661501	387.0	0.296804	0.030136
2662001	2663000	2662501	371.0	0.297327	-0.030779
2663001	2664000	2663501	373.0	0.297849	-0.023022
2664001	2665000	2664501	434.0	0.298372	0.195497
2665001	2666000	2665501	430.0	0.298894	0.182139
2666001	2667000	2666501	388.0	0.299417	0.033859
2667001	2668000	2667501	373.0	0.299940	-0.023022
2668001	2669000	2668501	356.0	0.300462	-0.090321
2669001	2670000	2669501	349.0	0.300985	-0.118971
2670001	2671000	2670501	369.0	0.301507	-0.038577
2671001	2672000	2671501	487.0	0.302030	0.361724
2672001	2673000	2672501	452.0	0.302552	0.254125
2673001	2674000	2673501	426.0	0.303075	0.168656
2674001	2675000	2674501	376.0	0.303597	-0.011465
2675001	2676000	2675501	449.0	0.304120	0.244518
2676001	2677000	2676501	420.0	0.304642	0.148191
2677001	2678000	2677501	356.0	0.305165	-0.090321
2678001	2679000	2678501	438.0	0.305688	0.208733
2679001	2680000	2679501	379.0	0.306210	0.000000
2680001	2681000	2680501	384.0	0.306733	0.018908
2681001	2682000	2681501	401.0	0.307255	0.081404
2682001	2683000	2682501	509.0	0.307778	0.425468
2683001	2684000	2683501	576.0	0.308300	0.603871
2684001	2685000	2684501	443.0	0.308823	0.225109
2685001	2686000	2685501	346.0	0.309345	-0.131426
2686001	2687000	2686501	421.0	0.309868	0.151622
2687001	2688000	2687501	454.0	0.310390	0.260494
2688001	2689000	2688501	361.0	0.310913	-0.070199
2689001	2690000	2689501	456.0	0.311435	0.266836
2690001	2691000	2690501	599.0	0.311958	0.660358
2691001	2692000	2691501	575.0	0.312481	0.601364
2692001	2693000	2692501	511.0	0.313003	0.431125
2693001	2694000	2693501	398.0	0.313526	0.070571
2694001	2695000	2694501	407.0	0.314048	0.102831
2695001	2696000	2695501	444.0	0.314571	0.228362
2696001	2697000	2696501	390.0	0.315093	0.041276
2697001	2698000	2697501	451.0	0.315616	0.250930
2698001	2699000	2698501	365.0	0.316138	-0.054301
2699001	2700000	2699501	315.0	0.316661	-0.266846
2700001	2701000	2700501	306.0	0.317183	-0.308666
2701001	2702000	2701501	345.0	0.317706	-0.135601
2702001	2703000	2702501	362.0	0.318229	-0.066208
2703001	2704000	2703501	435.0	0.318751	0.198818
2704001	2705000	2704501	366.0	0.319274	-0.050354
2705001	2706000	2705501	394.0	0.319796	0.055998
2706001	2707000	2706501	476.0	0.320319	0.328764
2707001	2708000	2707501	561.0	0.320841	0.565803
2708001	2709000	2708501	506.0	0.321364	0.416940
2709001	2710000	2709501	545.0	0.321886	0.524058
2710001	2711000	2710501	503.0	0.322409	0.408361
2711001	2712000	2711501	403.0	0.322931	0.088582
2712001	2713000	2712501	416.0	0.323454	0.134386
2713001	2714000	2713501	412.0	0.323977	0.120446
2714001	2715000	2714501	367.0	0.324499	-0.046418
2715001	2716000	2715501	446.0	0.325022	0.234846
2716001	2717000	2716501	426.0	0.325544	0.168656
2717001	2718000	2717501	535.0	0.326067	0.497341
2718001	2719000	2718501	473.0	0.326589	0.319642
2719001	2720000	2719501	462.0	0.327112	0.285695
2720001	2721000	2720501	383.0	0.327634	0.015147
2721001	2722000	2721501	355.0	0.328157	-0.094379
2722001	2723000	2722501	392.0	0.328679	0.048656
2723001	2724000	2723501	423.0	0.329202	0.158460
2724001	2725000	2724501	293.0	0.329724	-0.371297
2725001	2726000	2725501	259.0	0.330247	-0.549246
2726001	2727000	2726501	265.0	0.330770	-0.516205
2727001	2728000	2727501	269.0	0.331292	-0.494592
2728001	2729000	2728501	257.0	0.331815	-0.560429
2729001	2730000	2729501	341.0	0.332337	-0.152426
2730001	2731000	2730501	331.0	0.332860	-0.195367
2731001	2732000	2731501	358.0	0.333382	-0.082238
2732001	2733000	2732501	350.0	0.333905	-0.114843
2733001	2734000	2733501	443.0	0.334427	0.225109
2734001	2735000	2734501	394.0	0.334950	0.055998
2735001	2736000	2735501	422.0	0.335472	0.155045
2736001	2737000	2736501	408.0	0.335995	0.106371
2737001	2738000	2737501	418.0	0.336518	0.141305
2738001	2739000	2738501	478.0	0.337040	0.334813
2739001	2740000	2739501	418.0	0.337563	0.141305
2740001	2741000	2740501	312.0	0.338085	-0.280652
2741001	2742000	2741501	430.0	0.338608	0.182139
2742001	2743000	2742501	428.0	0.339130	0.175413
2743001	2744000	2743501	532.0	0.339653	0.489228
2744001	2745000	2744501	477.0	0.340175	0.331791
2745001	2746000	2745501	446.0	0.340698	0.234846
2746001	2747000	2746501	400.0	0.341220	0.077802
2747001	2748000	2747501	452.0	0.341743	0.254125
2748001	2749000	2748501	421.0	0.342266	0.151622
2749001	2750000	2749501	424.0	0.342788	0.161866
2750001	2751000	2750501	472.0	0.343311	0.316589
2751001	2752000	2751501	502.0	0.343833	0.405490
2752001	2753000	2752501	395.0	0.344356	0.059655
2753001	2754000	2753501	459.0	0.344878	0.276296
2754001	2755000	2754501	407.0	0.345401	0.102831
2755001	2756000	2755501	375.0	0.345923	-0.015307
2756001	2757000	2756501	464.0	0.346446	0.291927
2757001	2758000	2757501	378.0	0.346968	-0.003812
2758001	2759000	2758501	330.0	0.347491	-0.199732
2759001	2760000	2759501	326.0	0.348013	-0.217326
2760001	2761000	2760501	308.0	0.348536	-0.299267
2761001	2762000	2761501	330.0	0.349059	-0.199732
2762001	2763000	2762501	290.0	0.349581	-0.386145
2763001	2764000	2763501	277.0	0.350104	-0.452312
2764001	2765000	2764501	328.0	0.350626	-0.208502
2765001	2766000	2765501	353.0	0.351149	-0.102530
2766001	2767000	2766501	396.0	0.351671	0.063303
2767001	2768000	2767501	386.0	0.352194	0.026403
2768001	2769000	2768501	520.0	0.352716	0.456314
2769001	2770000	2769501	466.0	0.353239	0.298132
2770001	2771000	2770501	426.0	0.353761	0.168656
2771001	2772000	2771501	482.0	0.354284	0.346835
2772001	2773000	2772501	499.0	0.354807	0.396842
2773001	2774000	2773501	594.0	0.355329	0.648265
2774001	2775000	2774501	486.0	0.355852	0.358758
2775001	2776000	2775501	540.0	0.356374	0.510762
2776001	2777000	2776501	528.0	0.356897	0.478340
2777001	2778000	2777501	414.0	0.357419	0.127433
2778001	2779000	2778501	522.0	0.357942	0.461852
2779001	2780000	2779501	540.0	0.358464	0.510762
2780001	2781000	2780501	517.0	0.358987	0.447966
2781001	2782000	2781501	394.0	0.359509	0.055998
2782001	2783000	2782501	333.0	0.360032	-0.186676
2783001	2784000	2783501	366.0	0.360555	-0.050354
2784001	2785000	2784501	312.0	0.361077	-0.280652
2785001	2786000	2785501	286.0	0.361600	-0.406183
2786001	2787000	2786501	347.0	0.362122	-0.127262
2787001	2788000	2787501	374.0	0.362645	-0.019160
2788001	2789000	2788501	350.0	0.363167	-0.114843
2789001	2790000	2789501	407.0	0.363690	0.102831
2790001	2791000	2790501	370.0	0.364212	-0.034673
2791001	2792000	2791501	455.0	0.364735	0.263669
2792001	2793000	2792501	493.0	0.365257	0.379390
2793001	2794000	2793501	461.0	0.365780	0.282569
2794001	2795000	2794501	512.0	0.366302	0.433946
2795001	2796000	2795501	440.0	0.366825	0.215306
2796001	2797000	2796501	409.0	0.367348	0.109903
2797001	2798000	2797501	370.0	0.367870	-0.034673
2798001	2799000	2798501	387.0	0.368393	0.030136
2799001	2800000	2799501	465.0	0.368915	0.295033
2800001	2801000	2800501	454.0	0.369438	0.260494
2801001	2802000	2801501	374.0	0.369960	-0.019160
2802001	2803000	2802501	334.0	0.370483	-0.182350
2803001	2804000	2803501	372.0	0.371005	-0.026895
2804001	2805000	2804501	350.0	0.371528	-0.114843
2805001	2806000	2805501	321.0	0.372050	-0.239625
2806001	2807000	2806501	343.0	0.372573	-0.143989
2807001	2808000	2807501	337.0	0.373096	-0.169449
2808001	2809000	2808501	411.0	0.373618	0.116941
2809001	2810000	2809501	392.0	0.374141	0.048656
2810001	2811000	2810501	401.0	0.374663	0.081404
2811001	2812000	2811501	407.0	0.375186	0.102831
2812001	2813000	2812501	539.0	0.375708	0.508087
2813001	2814000	2813501	493.0	0.376231	0.379390
2814001	2815000	2814501	388.0	0.376753	0.033859
2815001	2816000	2815501	408.0	0.377276	0.106371
2816001	2817000	2816501	531.0	0.377798	0.486514
2817001	2818000	2817501	456.0	0.378321	0.266836
2818001	2819000	2818501	466.0	0.378843	0.298132
2819001	2820000	2819501	496.0	0.379366	0.388142
2820001	2821000	2820501	444.0	0.379889	0.228362
2821001	2822000	2821501	404.0	0.380411	0.092157
2822001	2823000	2822501	410.0	0.380934	0.113426
2823001	2824000	2823501	400.0	0.381456	0.077802
2824001	2825000	2824501	423.0	0.381979	0.158460
2825001	2826000	2825501	435.0	0.382501	0.198818
2826001	2827000	2826501	413.0	0.383024	0.123944
2827001	2828000	2827501	467.0	0.383546	0.301225
2828001	2829000	2828501	449.0	0.384069	0.244518
2829001	2830000	2829501	445.0	0.384591	0.231607
2830001	2831000	2830501	469.0	0.385114	0.307390
2831001	2832000	2831501	378.0	0.385637	-0.003812
2832001	2833000	2832501	384.0	0.386159	0.018908
2833001	2834000	2833501	332.0	0.386682	-0.191015
2834001	2835000	2834501	403.0	0.387204	0.088582
2835001	2836000	2835501	465.0	0.387727	0.295033
2836001	2837000	2836501	436.0	0.388249	0.202130
2837001	2838000	2837501	409.0	0.388772	0.109903
2838001	2839000	2838501	409.0	0.389294	0.109903
2839001	2840000	2839501	418.0	0.389817	0.141305
2840001	2841000	2840501	522.0	0.390339	0.461852
2841001	2842000	2841501	500.0	0.390862	0.399730
2842001	2843000	2842501	412.0	0.391385	0.120446
2843001	2844000	2843501	447.0	0.391907	0.238077
2844001	2845000	2844501	434.0	0.392430	0.195497
2845001	2846000	2845501	395.0	0.392952	0.059655
2846001	2847000	2846501	462.0	0.393475	0.285695
2847001	2848000	2847501	504.0	0.393997	0.411226
2848001	2849000	2848501	621.0	0.394520	0.712395
2849001	2850000	2849501	480.0	0.395042	0.340837
2850001	2851000	2850501	490.0	0.395565	0.370584
2851001	2852000	2851501	532.0	0.396087	0.489228
2852001	2853000	2852501	631.0	0.396610	0.735442
2853001	2854000	2853501	473.0	0.397132	0.319642
2854001	2855000	2854501	425.0	0.397655	0.165265
2855001	2856000	2855501	418.0	0.398178	0.141305
2856001	2857000	2856501	372.0	0.398700	-0.026895
2857001	2858000	2857501	454.0	0.399223	0.260494
2858001	2859000	2858501	564.0	0.399745	0.573497
2859001	2860000	2859501	390.0	0.400268	0.041276
2860001	2861000	2860501	497.0	0.400790	0.391048
2861001	2862000	2861501	575.0	0.401313	0.601364
2862001	2863000	2862501	597.0	0.401835	0.655533
2863001	2864000	2863501	479.0	0.402358	0.337828
2864001	2865000	2864501	401.0	0.402880	0.081404
2865001	2866000	2865501	421.0	0.403403	0.151622
2866001	2867000	2866501	389.0	0.403926	0.037572
2867001	2868000	2867501	414.0	0.404448	0.127433
2868001	2869000	2868501	457.0	0.404971	0.269996
2869001	2870000	2869501	361.0	0.405493	-0.070199
2870001	2871000	2870501	403.0	0.406016	0.088582
2871001	2872000	2871501	414.0	0.406538	0.127433
2872001	2873000	2872501	406.0	0.407061	0.099282
2873001	2874000	2873501	309.0	0.407583	-0.294591
2874001	2875000	2874501	305.0	0.408106	-0.313389
2875001	2876000	2875501	316.0	0.408628	-0.262273
2876001	2877000	2876501	352.0	0.409151	-0.106622
2877001	2878000	2877501	336.0	0.409674	-0.173737
2878001	2879000	2878501	371.0	0.410196	-0.030779
2879001	2880000	2879501	314.0	0.410719	-0.271433
2880001	2881000	2880501	260.0	0.411241	-0.543686
2881001	2882000	2881501	339.0	0.411764	-0.160913
2882001	2883000	2882501	434.0	0.412286	0.195497
2883001	2884000	2883501	419.0	0.412809	0.144752
2884001	2885000	2884501	422.0	0.413331	0.155045
2885001	2886000	2885501	333.0	0.413854	-0.186676
2886001	2887000	2886501	254.0	0.414376	-0.577369
2887001	2888000	2887501	233.0	0.414899	-0.701868
2888001	2889000	2888501	273.0	0.415421	-0.473297
2889001	2890000	2889501	223.0	0.415944	-0.765154
2890001	2891000	2890501	233.0	0.416467	-0.701868
2891001	2892000	2891501	296.0	0.416989	-0.356601
2892001	2893000	2892501	232.0	0.417512	-0.708073
2893001	2894000	2893501	308.0	0.418034	-0.299267
2894001	2895000	2894501	262.0	0.418557	-0.532631
2895001	2896000	2895501	271.0	0.419079	-0.483905
2896001	2897000	2896501	266.0	0.419602	-0.510772
2897001	2898000	2897501	338.0	0.420124	-0.165175
2898001	2899000	2898501	240.0	0.420647	-0.659163
2899001	2900000	2899501	253.0	0.421169	-0.583060
2900001	2901000	2900501	281.0	0.421692	-0.431628
2901001	2902000	2901501	258.0	0.422215	-0.554827
2902001	2903000	2902501	267.0	0.422737	-0.505358
2903001	2904000	2903501	259.0	0.423260	-0.549246
2904001	2905000	2904501	287.0	0.423782	-0.401147
2905001	2906000	2905501	292.0	0.424305	-0.376229
2906001	2907000	2906501	279.0	0.424827	-0.441933
2907001	2908000	2907501	359.0	0.425350	-0.078214
2908001	2909000	2908501	307.0	0.425872	-0.303959
2909001	2910000	2909501	301.0	0.426395	-0.332434
2910001	2911000	2910501	272.0	0.426917	-0.478591
2911001	2912000	2911501	339.0	0.427440	-0.160913
2912001	2913000	2912501	423.0	0.427963	0.158460
2913001	2914000	2913501	479.0	0.428485	0.337828
2914001	2915000	2914501	410.0	0.429008	0.113426
2915001	2916000	2915501	319.0	0.429530	-0.248641
2916001	2917000	2916501	377.0	0.430053	-0.007633
2917001	2918000	2917501	370.0	0.430575	-0.034673
2918001	2919000	2918501	348.0	0.431098	-0.123111
2919001	2920000	2919501	403.0	0.431620	0.088582
2920001	2921000	2920501	394.0	0.432143	0.055998
2921001	2922000	2921501	379.0	0.432665	0.000000
2922001	2923000	2922501	299.0	0.433188	-0.342052
2923001	2924000	2923501	345.0	0.433710	-0.135601
2924001	2925000	2924501	486.0	0.434233	0.358758
2925001	2926000	2925501	521.0	0.434756	0.459086
2926001	2927000	2926501	299.0	0.435278	-0.342052
2927001	2928000	2927501	302.0	0.435801	-0.327649
2928001	2929000	2928501	420.0	0.436323	0.148191
2929001	2930000	2929501	371.0	0.436846	-0.030779
2930001	2931000	2930501	396.0	0.437368	0.063303
2931001	2932000	2931501	457.0	0.437891	0.269996
2932001	2933000	2932501	541.0	0.438413	0.513431
2933001	2934000	2933501	511.0	0.438936	0.431125
2934001	2935000	2934501	392.0	0.439458	0.048656
2935001	2936000	2935501	394.0	0.439981	0.055998
2936001	2937000	2936501	355.0	0.440504	-0.094379
2937001	2938000	2937501	419.0	0.441026	0.144752
2938001	2939000	2938501	401.0	0.441549	0.081404
2939001	2940000	2939501	342.0	0.442071	-0.148202
2940001	2941000	2940501	359.0	0.442594	-0.078214
2941001	2942000	2941501	413.0	0.443116	0.123944
2942001	2943000	2942501	426.0	0.443639	0.168656
2943001	2944000	2943501	359.0	0.444161	-0.078214
2944001	2945000	2944501	359.0	0.444684	-0.078214
2945001	2946000	2945501	418.0	0.445206	0.141305
2946001	2947000	2946501	436.0	0.445729	0.202130
2947001	2948000	2947501	372.0	0.446252	-0.026895
2948001	2949000	2948501	339.0	0.446774	-0.160913
2949001	2950000	2949501	366.0	0.447297	-0.050354
2950001	2951000	2950501	337.0	0.447819	-0.169449
2951001	2952000	2951501	389.0	0.448342	0.037572
2952001	2953000	2952501	378.0	0.448864	-0.003812
2953001	2954000	2953501	410.0	0.449387	0.113426
2954001	2955000	2954501	439.0	0.449909	0.212023
2955001	2956000	2955501	372.0	0.450432	-0.026895
2956001	2957000	2956501	511.0	0.450954	0.431125
2957001	2958000	2957501	475.0	0.451477	0.325730
2958001	2959000	2958501	469.0	0.451999	0.307390
2959001	2960000	2959501	552.0	0.452522	0.542470
2960001	2961000	2960501	460.0	0.453045	0.279436
2961001	2962000	2961501	396.0	0.453567	0.063303
2962001	2963000	2962501	449.0	0.454090	0.244518
2963001	2964000	2963501	422.0	0.454612	0.155045
2964001	2965000	2964501	439.0	0.455135	0.212023
2965001	2966000	2965501	433.0	0.455657	0.192169
2966001	2967000	2966501	356.0	0.456180	-0.090321
2967001	2968000	2967501	294.0	0.456702	-0.366382
2968001	2969000	2968501	423.0	0.457225	0.158460
2969001	2970000	2969501	322.0	0.457747	-0.235137
2970001	2971000	2970501	336.0	0.458270	-0.173737
2971001	2972000	2971501	514.0	0.458793	0.439571
2972001	2973000	2972501	398.0	0.459315	0.070571
2973001	2974000	2973501	389.0	0.459838	0.037572
2974001	2975000	2974501	392.0	0.460360	0.048656
2975001	2976000	2975501	469.0	0.460883	0.307390
2976001	2977000	2976501	392.0	0.461405	0.048656
2977001	2978000	2977501	436.0	0.461928	0.202130
2978001	2979000	2978501	374.0	0.462450	-0.019160
2979001	2980000	2979501	370.0	0.462973	-0.034673
2980001	2981000	2980501	480.0	0.463495	0.340837
2981001	2982000	2981501	427.0	0.464018	0.172038
2982001	2983000	2982501	424.0	0.464541	0.161866
2983001	2984000	2983501	443.0	0.465063	0.225109
2984001	2985000	2984501	430.0	0.465586	0.182139
2985001	2986000	2985501	454.0	0.466108	0.260494
2986001	2987000	2986501	388.0	0.466631	0.033859
2987001	2988000	2987501	409.0	0.467153	0.109903
2988001	2989000	2988501	334.0	0.467676	-0.182350
2989001	2990000	2989501	425.0	0.468198	0.165265
2990001	2991000	2990501	394.0	0.468721	0.055998
2991001	2992000	2991501	300.0	0.469243	-0.337235
2992001	2993000	2992501	385.0	0.469766	0.022661
2993001	2994000	2993501	350.0	0.470288	-0.114843
2994001	2995000	2994501	317.0	0.470811	-0.257715
2995001	2996000	2995501	307.0	0.471334	-0.303959
2996001	2997000	2996501	320.0	0.471856	-0.244126
2997001	2998000	2997501	277.0	0.472379	-0.452312
2998001	2999000	2998501	305.0	0.472901	-0.313389
2999001	3000000	2999501	321.0	0.473424	-0.239625
3000001	3001000	3000501	279.0	0.473946	-0.441933
3001001	3002000	3001501	260.0	0.474469	-0.543686
3002001	3003000	3002501	332.0	0.474991	-0.191015
3003001	3004000	3003501	372.0	0.475514	-0.026895
3004001	3005000	3004501	350.0	0.476036	-0.114843
3005001	3006000	3005501	302.0	0.476559	-0.327649
3006001	3007000	3006501	410.0	0.477082	0.113426
3007001	3008000	3007501	402.0	0.477604	0.084998
3008001	3009000	3008501	410.0	0.478127	0.113426
3009001	3010000	3009501	464.0	0.478649	0.291927
3010001	3011000	3010501	323.0	0.479172	-0.230664
3011001	3012000	3011501	306.0	0.479694	-0.308666
3012001	3013000	3012501	294.0	0.480217	-0.366382
3013001	3014000	3013501	403.0	0.480739	0.088582
3014001	3015000	3014501	458.0	0.481262	0.273150
3015001	3016000	3015501	430.0	0.481784	0.182139
3016001	3017000	3016501	507.0	0.482307	0.419788
3017001	3018000	3017501	427.0	0.482830	0.172038
3018001	3019000	3018501	447.0	0.483352	0.238077
3019001	3020000	3019501	508.0	0.483875	0.422631
3020001	3021000	3020501	444.0	0.484397	0.228362
3021001	3022000	3021501	396.0	0.484920	0.063303
3022001	3023000	3022501	420.0	0.485442	0.148191
3023001	3024000	3023501	527.0	0.485965	0.475605
3024001	3025000	3024501	433.0	0.486487	0.192169
3025001	3026000	3025501	483.0	0.487010	0.349825
3026001	3027000	3026501	748.0	0.487532	0.980840
3027001	3028000	3027501	608.0	0.488055	0.681873
3028001	3029000	3028501	756.0	0.488577	0.996188
3029001	3030000	3029501	728.0	0.489100	0.941741
3030001	3031000	3030501	526.0	0.489623	0.472865
3031001	3032000	3031501	357.0	0.490145	-0.086274
3032001	3033000	3032501	395.0	0.490668	0.059655
3033001	3034000	3033501	426.0	0.491190	0.168656
3034001	3035000	3034501	471.0	0.491713	0.313529
3035001	3036000	3035501	414.0	0.492235	0.127433
3036001	3037000	3036501	391.0	0.492758	0.044971
3037001	3038000	3037501	371.0	0.493280	-0.030779
3038001	3039000	3038501	387.0	0.493803	0.030136
3039001	3040000	3039501	391.0	0.494325	0.044971
3040001	3041000	3040501	436.0	0.494848	0.202130
3041001	3042000	3041501	469.0	0.495371	0.307390
3042001	3043000	3042501	406.0	0.495893	0.099282
3043001	3044000	3043501	444.0	0.496416	0.228362
3044001	3045000	3044501	563.0	0.496938	0.570937
3045001	3046000	3045501	493.0	0.497461	0.379390
3046001	3047000	3046501	430.0	0.497983	0.182139
3047001	3048000	3047501	378.0	0.498506	-0.003812
3048001	3049000	3048501	424.0	0.499028	0.161866
3049001	3050000	3049501	472.0	0.499551	0.316589
3050001	3051000	3050501	437.0	0.500073	0.205435
3051001	3052000	3051501	431.0	0.500596	0.185490
3052001	3053000	3052501	538.0	0.501119	0.505408
3053001	3054000	3053501	410.0	0.501641	0.113426
3054001	3055000	3054501	401.0	0.502164	0.081404
3055001	3056000	3055501	339.0	0.502686	-0.160913
3056001	3057000	3056501	365.0	0.503209	-0.054301
3057001	3058000	3057501	288.0	0.503731	-0.396129
3058001	3059000	3058501	331.0	0.504254	-0.195367
3059001	3060000	3059501	304.0	0.504776	-0.318127
3060001	3061000	3060501	420.0	0.505299	0.148191
3061001	3062000	3061501	436.0	0.505821	0.202130
3062001	3063000	3062501	386.0	0.506344	0.026403
3063001	3064000	3063501	398.0	0.506866	0.070571
3064001	3065000	3064501	514.0	0.507389	0.439571
3065001	3066000	3065501	437.0	0.507912	0.205435
3066001	3067000	3066501	420.0	0.508434	0.148191
3067001	3068000	3067501	425.0	0.508957	0.165265
3068001	3069000	3068501	382.0	0.509479	0.011375
3069001	3070000	3069501	400.0	0.510002	0.077802
3070001	3071000	3070501	497.0	0.510524	0.391048
3071001	3072000	3071501	380.0	0.511047	0.003802
3072001	3073000	3072501	436.0	0.511569	0.202130
3073001	3074000	3073501	427.0	0.512092	0.172038
3074001	3075000	3074501	373.0	0.512614	-0.023022
3075001	3076000	3075501	462.0	0.513137	0.285695
3076001	3077000	3076501	404.0	0.513660	0.092157
3077001	3078000	3077501	401.0	0.514182	0.081404
3078001	3079000	3078501	468.0	0.514705	0.304311
3079001	3080000	3079501	400.0	0.515227	0.077802
3080001	3081000	3080501	508.0	0.515750	0.422631
3081001	3082000	3081501	446.0	0.516272	0.234846
3082001	3083000	3082501	466.0	0.516795	0.298132
3083001	3084000	3083501	520.0	0.517317	0.456314
3084001	3085000	3084501	645.0	0.517840	0.767101
3085001	3086000	3085501	656.0	0.518362	0.791498
3086001	3087000	3086501	405.0	0.518885	0.095724
3087001	3088000	3087501	477.0	0.519407	0.331791
3088001	3089000	3088501	471.0	0.519930	0.313529
3089001	3090000	3089501	439.0	0.520453	0.212023
3090001	3091000	3090501	464.0	0.520975	0.291927
3091001	3092000	3091501	406.0	0.521498	0.099282
3092001	3093000	3092501	425.0	0.522020	0.165265
3093001	3094000	3093501	360.0	0.522543	-0.074201
3094001	3095000	3094501	436.0	0.523065	0.202130
3095001	3096000	3095501	438.0	0.523588	0.208733
3096001	3097000	3096501	472.0	0.524110	0.316589
3097001	3098000	3097501	367.0	0.524633	-0.046418
3098001	3099000	3098501	376.0	0.525155	-0.011465
3099001	3100000	3099501	356.0	0.525678	-0.090321
3100001	3101000	3100501	331.0	0.526201	-0.195367
3101001	3102000	3101501	430.0	0.526723	0.182139
3102001	3103000	3102501	304.0	0.527246	-0.318127
3103001	3104000	3103501	307.0	0.527768	-0.303959
3104001	3105000	3104501	318.0	0.528291	-0.253171
3105001	3106000	3105501	318.0	0.528813	-0.253171
3106001	3107000	3106501	441.0	0.529336	0.218581
3107001	3108000	3107501	465.0	0.529858	0.295033
3108001	3109000	3108501	472.0	0.530381	0.316589
3109001	3110000	3109501	390.0	0.530903	0.041276
3110001	3111000	3110501	391.0	0.531426	0.044971
3111001	3112000	3111501	418.0	0.531949	0.141305
3112001	3113000	3112501	461.0	0.532471	0.282569
3113001	3114000	3113501	392.0	0.532994	0.048656
3114001	3115000	3114501	319.0	0.533516	-0.248641
3115001	3116000	3115501	305.0	0.534039	-0.313389
3116001	3117000	3116501	347.0	0.534561	-0.127262
3117001	3118000	3117501	373.0	0.535084	-0.023022
3118001	3119000	3118501	314.0	0.535606	-0.271433
3119001	3120000	3119501	389.0	0.536129	0.037572
3120001	3121000	3120501	460.0	0.536651	0.279436
3121001	3122000	3121501	427.0	0.537174	0.172038
3122001	3123000	3122501	378.0	0.537696	-0.003812
3123001	3124000	3123501	338.0	0.538219	-0.165175
3124001	3125000	3124501	439.0	0.538742	0.212023
3125001	3126000	3125501	336.0	0.539264	-0.173737
3126001	3127000	3126501	287.0	0.539787	-0.401147
3127001	3128000	3127501	294.0	0.540309	-0.366382
3128001	3129000	3128501	366.0	0.540832	-0.050354
3129001	3130000	3129501	299.0	0.541354	-0.342052
3130001	3131000	3130501	256.0	0.541877	-0.566054
3131001	3132000	3131501	282.0	0.542399	-0.426503
3132001	3133000	3132501	273.0	0.542922	-0.473297
3133001	3134000	3133501	286.0	0.543444	-0.406183
3134001	3135000	3134501	382.0	0.543967	0.011375
3135001	3136000	3135501	261.0	0.544490	-0.538148
3136001	3137000	3136501	296.0	0.545012	-0.356601
3137001	3138000	3137501	334.0	0.545535	-0.182350
3138001	3139000	3138501	299.0	0.546057	-0.342052
3139001	3140000	3139501	310.0	0.546580	-0.289930
3140001	3141000	3140501	434.0	0.547102	0.195497
3141001	3142000	3141501	392.0	0.547625	0.048656
3142001	3143000	3142501	469.0	0.548147	0.307390
3143001	3144000	3143501	436.0	0.548670	0.202130
3144001	3145000	3144501	458.0	0.549192	0.273150
3145001	3146000	3145501	356.0	0.549715	-0.090321
3146001	3147000	3146501	446.0	0.550238	0.234846
3147001	3148000	3147501	423.0	0.550760	0.158460
3148001	3149000	3148501	482.0	0.551283	0.346835
3149001	3150000	3149501	496.0	0.551805	0.388142
3150001	3151000	3150501	377.0	0.552328	-0.007633
3151001	3152000	3151501	377.0	0.552850	-0.007633
3152001	3153000	3152501	334.0	0.553373	-0.182350
3153001	3154000	3153501	364.0	0.553895	-0.058259
3154001	3155000	3154501	454.0	0.554418	0.260494
3155001	3156000	3155501	421.0	0.554940	0.151622
3156001	3157000	3156501	391.0	0.555463	0.044971
3157001	3158000	3157501	453.0	0.555985	0.257313
3158001	3159000	3158501	446.0	0.556508	0.234846
3159001	3160000	3159501	353.0	0.557031	-0.102530
3160001	3161000	3160501	407.0	0.557553	0.102831
3161001	3162000	3161501	422.0	0.558076	0.155045
3162001	3163000	3162501	488.0	0.558598	0.364683
3163001	3164000	3163501	387.0	0.559121	0.030136
3164001	3165000	3164501	421.0	0.559643	0.151622
3165001	3166000	3165501	472.0	0.560166	0.316589
3166001	3167000	3166501	524.0	0.560688	0.467369
3167001	3168000	3167501	504.0	0.561211	0.411226
3168001	3169000	3168501	439.0	0.561733	0.212023
3169001	3170000	3169501	542.0	0.562256	0.516095
3170001	3171000	3170501	429.0	0.562779	0.178780
3171001	3172000	3171501	294.0	0.563301	-0.366382
3172001	3173000	3172501	299.0	0.563824	-0.342052
3173001	3174000	3173501	251.0	0.564346	-0.594510
3174001	3175000	3174501	290.0	0.564869	-0.386145
3175001	3176000	3175501	338.0	0.565391	-0.165175
3176001	3177000	3176501	356.0	0.565914	-0.090321
3177001	3178000	3177501	369.0	0.566436	-0.038577
3178001	3179000	3178501	371.0	0.566959	-0.030779
3179001	3180000	3179501	317.0	0.567481	-0.257715
3180001	3181000	3180501	292.0	0.568004	-0.376229
3181001	3182000	3181501	281.0	0.568527	-0.431628
3182001	3183000	3182501	290.0	0.569049	-0.386145
3183001	3184000	3183501	324.0	0.569572	-0.226204
3184001	3185000	3184501	323.0	0.570094	-0.230664
3185001	3186000	3185501	336.0	0.570617	-0.173737
3186001	3187000	3186501	324.0	0.571139	-0.226204
3187001	3188000	3187501	395.0	0.571662	0.059655
3188001	3189000	3188501	384.0	0.572184	0.018908
3189001	3190000	3189501	403.0	0.572707	0.088582
3190001	3191000	3190501	359.0	0.573229	-0.078214
3191001	3192000	3191501	332.0	0.573752	-0.191015
3192001	3193000	3192501	346.0	0.574274	-0.131426
3193001	3194000	3193501	325.0	0.574797	-0.221758
3194001	3195000	3194501	396.0	0.575320	0.063303
3195001	3196000	3195501	277.0	0.575842	-0.452312
3196001	3197000	3196501	318.0	0.576365	-0.253171
3197001	3198000	3197501	360.0	0.576887	-0.074201
3198001	3199000	3198501	449.0	0.577410	0.244518
3199001	3200000	3199501	501.0	0.577932	0.402613
3200001	3201000	3200501	395.0	0.578455	0.059655
3201001	3202000	3201501	419.0	0.578977	0.144752
3202001	3203000	3202501	416.0	0.579500	0.134386
3203001	3204000	3203501	351.0	0.580022	-0.110727
3204001	3205000	3204501	514.0	0.580545	0.439571
3205001	3206000	3205501	494.0	0.581068	0.382313
3206001	3207000	3206501	379.0	0.581590	0.000000
3207001	3208000	3207501	555.0	0.582113	0.550290
3208001	3209000	3208501	541.0	0.582635	0.513431
3209001	3210000	3209501	327.0	0.583158	-0.212907
3210001	3211000	3210501	378.0	0.583680	-0.003812
3211001	3212000	3211501	323.0	0.584203	-0.230664
3212001	3213000	3212501	307.0	0.584725	-0.303959
3213001	3214000	3213501	300.0	0.585248	-0.337235
3214001	3215000	3214501	189.0	0.585770	-1.003812
3215001	3216000	3215501	145.0	0.586293	-1.386145
3216001	3217000	3216501	259.0	0.586816	-0.549246
3217001	3218000	3217501	197.0	0.587338	-0.944002
3218001	3219000	3218501	177.0	0.587861	-1.098448
3219001	3220000	3219501	128.0	0.588383	-1.566054
3220001	3221000	3220501	143.0	0.588906	-1.406183
3221001	3222000	3221501	148.0	0.589428	-1.356601
3222001	3223000	3222501	101.0	0.589951	-1.907843
3223001	3224000	3223501	134.0	0.590473	-1.499965
3224001	3225000	3224501	157.0	0.590996	-1.271433
3225001	3226000	3225501	193.0	0.591518	-0.973597
3226001	3227000	3226501	164.0	0.592041	-1.208502
3227001	3228000	3227501	311.0	0.592563	-0.285283
3228001	3229000	3228501	301.0	0.593086	-0.332434
3229001	3230000	3229501	262.0	0.593609	-0.532631
3230001	3231000	3230501	325.0	0.594131	-0.221758
3231001	3232000	3231501	560.0	0.594654	0.563229
3232001	3233000	3232501	470.0	0.595176	0.310463
3233001	3234000	3233501	531.0	0.595699	0.486514
3234001	3235000	3234501	580.0	0.596221	0.613855
3235001	3236000	3235501	428.0	0.596744	0.175413
3236001	3237000	3236501	363.0	0.597266	-0.062228
3237001	3238000	3237501	363.0	0.597789	-0.062228
3238001	3239000	3238501	333.0	0.598311	-0.186676
3239001	3240000	3239501	278.0	0.598834	-0.447113
3240001	3241000	3240501	307.0	0.599357	-0.303959
3241001	3242000	3241501	344.0	0.599879	-0.139789
3242001	3243000	3242501	293.0	0.600402	-0.371297
3243001	3244000	3243501	475.0	0.600924	0.325730
3244001	3245000	3244501	349.0	0.601447	-0.118971
3245001	3246000	3245501	348.0	0.601969	-0.123111
3246001	3247000	3246501	452.0	0.602492	0.254125
3247001	3248000	3247501	347.0	0.603014	-0.127262
3248001	3249000	3248501	665.0	0.603537	0.811156
3249001	3250000	3249501	736.0	0.604059	0.957508
3250001	3251000	3250501	349.0	0.604582	-0.118971
3251001	3252000	3251501	409.0	0.605105	0.109903
3252001	3253000	3252501	456.0	0.605627	0.266836
3253001	3254000	3253501	412.0	0.606150	0.120446
3254001	3255000	3254501	483.0	0.606672	0.349825
3255001	3256000	3255501	446.0	0.607195	0.234846
3256001	3257000	3256501	482.0	0.607717	0.346835
3257001	3258000	3257501	447.0	0.608240	0.238077
3258001	3259000	3258501	419.0	0.608762	0.144752
3259001	3260000	3259501	433.0	0.609285	0.192169
3260001	3261000	3260501	415.0	0.609807	0.130913
3261001	3262000	3261501	471.0	0.610330	0.313529
3262001	3263000	3262501	402.0	0.610852	0.084998
3263001	3264000	3263501	399.0	0.611375	0.074191
3264001	3265000	3264501	436.0	0.611898	0.202130
3265001	3266000	3265501	462.0	0.612420	0.285695
3266001	3267000	3266501	369.0	0.612943	-0.038577
3267001	3268000	3267501	400.0	0.613465	0.077802
3268001	3269000	3268501	403.0	0.613988	0.088582
3269001	3270000	3269501	438.0	0.614510	0.208733
3270001	3271000	3270501	358.0	0.615033	-0.082238
3271001	3272000	3271501	430.0	0.615555	0.182139
3272001	3273000	3272501	473.0	0.616078	0.319642
3273001	3274000	3273501	511.0	0.616600	0.431125
3274001	3275000	3274501	422.0	0.617123	0.155045
3275001	3276000	3275501	395.0	0.617646	0.059655
3276001	3277000	3276501	538.0	0.618168	0.505408
3277001	3278000	3277501	437.0	0.618691	0.205435
3278001	3279000	3278501	380.0	0.619213	0.003802
3279001	3280000	3279501	393.0	0.619736	0.052331
3280001	3281000	3280501	393.0	0.620258	0.052331
3281001	3282000	3281501	437.0	0.620781	0.205435
3282001	3283000	3282501	429.0	0.621303	0.178780
3283001	3284000	3283501	393.0	0.621826	0.052331
3284001	3285000	3284501	335.0	0.622348	-0.178037
3285001	3286000	3285501	289.0	0.622871	-0.391128
3286001	3287000	3286501	382.0	0.623394	0.011375
3287001	3288000	3287501	390.0	0.623916	0.041276
3288001	3289000	3288501	432.0	0.624439	0.188833
3289001	3290000	3289501	429.0	0.624961	0.178780
3290001	3291000	3290501	481.0	0.625484	0.343839
3291001	3292000	3291501	543.0	0.626006	0.518754
3292001	3293000	3292501	461.0	0.626529	0.282569
3293001	3294000	3293501	411.0	0.627051	0.116941
3294001	3295000	3294501	404.0	0.627574	0.092157
3295001	3296000	3295501	392.0	0.628096	0.048656
3296001	3297000	3296501	594.0	0.628619	0.648265
3297001	3298000	3297501	372.0	0.629141	-0.026895
3298001	3299000	3298501	379.0	0.629664	0.000000
3299001	3300000	3299501	282.0	0.630187	-0.426503
3300001	3301000	3300501	326.0	0.630709	-0.217326
3301001	3302000	3301501	383.0	0.631232	0.015147
3302001	3303000	3302501	431.0	0.631754	0.185490
3303001	3304000	3303501	452.0	0.632277	0.254125
3304001	3305000	3304501	334.0	0.632799	-0.182350
3305001	3306000	3305501	355.0	0.633322	-0.094379
3306001	3307000	3306501	308.0	0.633844	-0.299267
3307001	3308000	3307501	475.0	0.634367	0.325730
3308001	3309000	3308501	461.0	0.634889	0.282569
3309001	3310000	3309501	384.0	0.635412	0.018908
3310001	3311000	3310501	390.0	0.635935	0.041276
3311001	3312000	3311501	387.0	0.636457	0.030136
3312001	3313000	3312501	372.0	0.636980	-0.026895
3313001	3314000	3313501	333.0	0.637502	-0.186676
3314001	3315000	3314501	459.0	0.638025	0.276296
3315001	3316000	3315501	381.0	0.638547	0.007593
3316001	3317000	3316501	359.0	0.639070	-0.078214
3317001	3318000	3317501	385.0	0.639592	0.022661
3318001	3319000	3318501	379.0	0.640115	0.000000
3319001	3320000	3319501	443.0	0.640637	0.225109
3320001	3321000	3320501	537.0	0.641160	0.502724
3321001	3322000	3321501	380.0	0.641683	0.003802
3322001	3323000	3322501	400.0	0.642205	0.077802
3323001	3324000	3323501	502.0	0.642728	0.405490
3324001	3325000	3324501	424.0	0.643250	0.161866
3325001	3326000	3325501	436.0	0.643773	0.202130
3326001	3327000	3326501	457.0	0.644295	0.269996
3327001	3328000	3327501	514.0	0.644818	0.439571
3328001	3329000	3328501	379.0	0.645340	0.000000
3329001	3330000	3329501	419.0	0.645863	0.144752
3330001	3331000	3330501	412.0	0.646385	0.120446
3331001	3332000	3331501	434.0	0.646908	0.195497
3332001	3333000	3332501	379.0	0.647430	0.000000
3333001	3334000	3333501	325.0	0.647953	-0.221758
3334001	3335000	3334501	361.0	0.648476	-0.070199
3335001	3336000	3335501	373.0	0.648998	-0.023022
3336001	3337000	3336501	306.0	0.649521	-0.308666
3337001	3338000	3337501	272.0	0.650043	-0.478591
3338001	3339000	3338501	320.0	0.650566	-0.244126
3339001	3340000	3339501	248.0	0.651088	-0.611858
3340001	3341000	3340501	386.0	0.651611	0.026403
3341001	3342000	3341501	315.0	0.652133	-0.266846
3342001	3343000	3342501	345.0	0.652656	-0.135601
3343001	3344000	3343501	497.0	0.653178	0.391048
3344001	3345000	3344501	386.0	0.653701	0.026403
3345001	3346000	3345501	400.0	0.654224	0.077802
3346001	3347000	3346501	310.0	0.654746	-0.289930
3347001	3348000	3347501	294.0	0.655269	-0.366382
3348001	3349000	3348501	303.0	0.655791	-0.322880
3349001	3350000	3349501	444.0	0.656314	0.228362
3350001	3351000	3350501	431.0	0.656836	0.185490
3351001	3352000	3351501	450.0	0.657359	0.247727
3352001	3353000	3352501	466.0	0.657881	0.298132
3353001	3354000	3353501	544.0	0.658404	0.521409
3354001	3355000	3354501	410.0	0.658926	0.113426
3355001	3356000	3355501	409.0	0.659449	0.109903
3356001	3357000	3356501	305.0	0.659972	-0.313389
3357001	3358000	3357501	405.0	0.660494	0.095724
3358001	3359000	3358501	435.0	0.661017	0.198818
3359001	3360000	3359501	392.0	0.661539	0.048656
3360001	3361000	3360501	344.0	0.662062	-0.139789
3361001	3362000	3361501	423.0	0.662584	0.158460
3362001	3363000	3362501	420.0	0.663107	0.148191
3363001	3364000	3363501	291.0	0.663629	-0.381179
3364001	3365000	3364501	428.0	0.664152	0.175413
3365001	3366000	3365501	457.0	0.664674	0.269996
3366001	3367000	3366501	337.0	0.665197	-0.169449
3367001	3368000	3367501	459.0	0.665719	0.276296
3368001	3369000	3368501	431.0	0.666242	0.185490
3369001	3370000	3369501	389.0	0.666765	0.037572
3370001	3371000	3370501	462.0	0.667287	0.285695
3371001	3372000	3371501	368.0	0.667810	-0.042492
3372001	3373000	3372501	330.0	0.668332	-0.199732
3373001	3374000	3373501	328.0	0.668855	-0.208502
3374001	3375000	3374501	534.0	0.669377	0.494642
3375001	3376000	3375501	460.0	0.669900	0.279436
3376001	3377000	3376501	400.0	0.670422	0.077802
3377001	3378000	3377501	502.0	0.670945	0.405490
3378001	3379000	3378501	387.0	0.671467	0.030136
3379001	3380000	3379501	433.0	0.671990	0.192169
3380001	3381000	3380501	483.0	0.672513	0.349825
3381001	3382000	3381501	388.0	0.673035	0.033859
3382001	3383000	3382501	409.0	0.673558	0.109903
3383001	3384000	3383501	426.0	0.674080	0.168656
3384001	3385000	3384501	383.0	0.674603	0.015147
3385001	3386000	3385501	374.0	0.675125	-0.019160
3386001	3387000	3386501	446.0	0.675648	0.234846
3387001	3388000	3387501	581.0	0.676170	0.616340
3388001	3389000	3388501	535.0	0.676693	0.497341
3389001	3390000	3389501	387.0	0.677215	0.030136
3390001	3391000	3390501	429.0	0.677738	0.178780
3391001	3392000	3391501	405.0	0.678260	0.095724
3392001	3393000	3392501	413.0	0.678783	0.123944
3393001	3394000	3393501	431.0	0.679306	0.185490
3394001	3395000	3394501	366.0	0.679828	-0.050354
3395001	3396000	3395501	372.0	0.680351	-0.026895
3396001	3397000	3396501	382.0	0.680873	0.011375
3397001	3398000	3397501	392.0	0.681396	0.048656
3398001	3399000	3398501	421.0	0.681918	0.151622
3399001	3400000	3399501	377.0	0.682441	-0.007633
3400001	3401000	3400501	421.0	0.682963	0.151622
3401001	3402000	3401501	354.0	0.683486	-0.098448
3402001	3403000	3402501	342.0	0.684008	-0.148202
3403001	3404000	3403501	400.0	0.684531	0.077802
3404001	3405000	3404501	387.0	0.685054	0.030136
3405001	3406000	3405501	315.0	0.685576	-0.266846
3406001	3407000	3406501	437.0	0.686099	0.205435
3407001	3408000	3407501	432.0	0.686621	0.188833
3408001	3409000	3408501	384.0	0.687144	0.018908
3409001	3410000	3409501	556.0	0.687666	0.552887
3410001	3411000	3410501	504.0	0.688189	0.411226
3411001	3412000	3411501	399.0	0.688711	0.074191
3412001	3413000	3412501	341.0	0.689234	-0.152426
3413001	3414000	3413501	449.0	0.689756	0.244518
3414001	3415000	3414501	565.0	0.690279	0.576053
3415001	3416000	3415501	720.0	0.690802	0.925799
3416001	3417000	3416501	606.0	0.691324	0.677120
3417001	3418000	3417501	398.0	0.691847	0.070571
3418001	3419000	3418501	427.0	0.692369	0.172038
3419001	3420000	3419501	511.0	0.692892	0.431125
3420001	3421000	3420501	454.0	0.693414	0.260494
3421001	3422000	3421501	466.0	0.693937	0.298132
3422001	3423000	3422501	483.0	0.694459	0.349825
3423001	3424000	3423501	410.0	0.694982	0.113426
3424001	3425000	3424501	365.0	0.695504	-0.054301
3425001	3426000	3425501	337.0	0.696027	-0.169449
3426001	3427000	3426501	333.0	0.696549	-0.186676
3427001	3428000	3427501	380.0	0.697072	0.003802
3428001	3429000	3428501	335.0	0.697595	-0.178037
3429001	3430000	3429501	351.0	0.698117	-0.110727
3430001	3431000	3430501	346.0	0.698640	-0.131426
3431001	3432000	3431501	436.0	0.699162	0.202130
3432001	3433000	3432501	385.0	0.699685	0.022661
3433001	3434000	3433501	347.0	0.700207	-0.127262
3434001	3435000	3434501	353.0	0.700730	-0.102530
3435001	3436000	3435501	464.0	0.701252	0.291927
3436001	3437000	3436501	446.0	0.701775	0.234846
3437001	3438000	3437501	452.0	0.702297	0.254125
3438001	3439000	3438501	375.0	0.702820	-0.015307
3439001	3440000	3439501	375.0	0.703343	-0.015307
3440001	3441000	3440501	716.0	0.703865	0.917762
3441001	3442000	3441501	513.0	0.704388	0.436761
3442001	3443000	3442501	434.0	0.704910	0.195497
3443001	3444000	3443501	353.0	0.705433	-0.102530
3444001	3445000	3444501	362.0	0.705955	-0.066208
3445001	3446000	3445501	207.0	0.706478	-0.872567
3446001	3447000	3446501	260.0	0.707000	-0.543686
3447001	3448000	3447501	202.0	0.707523	-0.907843
3448001	3449000	3448501	256.0	0.708045	-0.566054
3449001	3450000	3449501	286.0	0.708568	-0.406183
3450001	3451000	3450501	348.0	0.709091	-0.123111
3451001	3452000	3451501	293.0	0.709613	-0.371297
3452001	3453000	3452501	294.0	0.710136	-0.366382
3453001	3454000	3453501	348.0	0.710658	-0.123111
3454001	3455000	3454501	411.0	0.711181	0.116941
3455001	3456000	3455501	455.0	0.711703	0.263669
3456001	3457000	3456501	428.0	0.712226	0.175413
3457001	3458000	3457501	378.0	0.712748	-0.003812
3458001	3459000	3458501	447.0	0.713271	0.238077
3459001	3460000	3459501	342.0	0.713793	-0.148202
3460001	3461000	3460501	433.0	0.714316	0.192169
3461001	3462000	3461501	540.0	0.714838	0.510762
3462001	3463000	3462501	836.0	0.715361	1.141305
3463001	3464000	3463501	809.0	0.715884	1.093942
3464001	3465000	3464501	530.0	0.716406	0.483795
3465001	3466000	3465501	406.0	0.716929	0.099282
3466001	3467000	3466501	482.0	0.717451	0.346835
3467001	3468000	3467501	423.0	0.717974	0.158460
3468001	3469000	3468501	392.0	0.718496	0.048656
3469001	3470000	3469501	394.0	0.719019	0.055998
3470001	3471000	3470501	416.0	0.719541	0.134386
3471001	3472000	3471501	376.0	0.720064	-0.011465
3472001	3473000	3472501	455.0	0.720586	0.263669
3473001	3474000	3473501	730.0	0.721109	0.945699
3474001	3475000	3474501	747.0	0.721632	0.978910
3475001	3476000	3475501	684.0	0.722154	0.851798
3476001	3477000	3476501	426.0	0.722677	0.168656
3477001	3478000	3477501	385.0	0.723199	0.022661
3478001	3479000	3478501	382.0	0.723722	0.011375
3479001	3480000	3479501	397.0	0.724244	0.066941
3480001	3481000	3480501	376.0	0.724767	-0.011465
3481001	3482000	3481501	523.0	0.725289	0.464613
3482001	3483000	3482501	448.0	0.725812	0.241301
3483001	3484000	3483501	391.0	0.726334	0.044971
3484001	3485000	3484501	539.0	0.726857	0.508087
3485001	3486000	3485501	590.0	0.727380	0.638517
3486001	3487000	3486501	443.0	0.727902	0.225109
3487001	3488000	3487501	495.0	0.728425	0.385231
3488001	3489000	3488501	454.0	0.728947	0.260494
3489001	3490000	3489501	370.0	0.729470	-0.034673
3490001	3491000	3490501	248.0	0.729992	-0.611858
3491001	3492000	3491501	199.0	0.730515	-0.929429
3492001	3493000	3492501	170.0	0.731037	-1.156663
3493001	3494000	3493501	181.0	0.731560	-1.066208
3494001	3495000	3494501	261.0	0.732082	-0.538148
3495001	3496000	3495501	217.0	0.732605	-0.804503
3496001	3497000	3496501	240.0	0.733127	-0.659163
3497001	3498000	3497501	220.0	0.733650	-0.784694
3498001	3499000	3498501	270.0	0.734173	-0.489238
3499001	3500000	3499501	385.0	0.734695	0.022661
3500001	3501000	3500501	360.0	0.735218	-0.074201
3501001	3502000	3501501	496.0	0.735740	0.388142
3502001	3503000	3502501	452.0	0.736263	0.254125
3503001	3504000	3503501	537.0	0.736785	0.502724
3504001	3505000	3504501	393.0	0.737308	0.052331
3505001	3506000	3505501	398.0	0.737830	0.070571
3506001	3507000	3506501	462.0	0.738353	0.285695
3507001	3508000	3507501	387.0	0.738875	0.030136
3508001	3509000	3508501	425.0	0.739398	0.165265
3509001	3510000	3509501	451.0	0.739921	0.250930
3510001	3511000	3510501	372.0	0.740443	-0.026895
3511001	3512000	3511501	419.0	0.740966	0.144752
3512001	3513000	3512501	418.0	0.741488	0.141305
3513001	3514000	3513501	336.0	0.742011	-0.173737
3514001	3515000	3514501	358.0	0.742533	-0.082238
3515001	3516000	3515501	369.0	0.743056	-0.038577
3516001	3517000	3516501	327.0	0.743578	-0.212907
3517001	3518000	3517501	352.0	0.744101	-0.106622
3518001	3519000	3518501	376.0	0.744623	-0.011465
3519001	3520000	3519501	349.0	0.745146	-0.118971
3520001	3521000	3520501	381.0	0.745669	0.007593
3521001	3522000	3521501	427.0	0.746191	0.172038
3522001	3523000	3522501	463.0	0.746714	0.288814
3523001	3524000	3523501	435.0	0.747236	0.198818
3524001	3525000	3524501	376.0	0.747759	-0.011465
3525001	3526000	3525501	497.0	0.748281	0.391048
3526001	3527000	3526501	436.0	0.748804	0.202130
3527001	3528000	3527501	544.0	0.749326	0.521409
3528001	3529000	3528501	384.0	0.749849	0.018908
3529001	3530000	3529501	371.0	0.750371	-0.030779
3530001	3531000	3530501	456.0	0.750894	0.266836
3531001	3532000	3531501	427.0	0.751416	0.172038
3532001	3533000	3532501	537.0	0.751939	0.502724
3533001	3534000	3533501	487.0	0.752462	0.361724
3534001	3535000	3534501	382.0	0.752984	0.011375
3535001	3536000	3535501	376.0	0.753507	-0.011465
3536001	3537000	3536501	454.0	0.754029	0.260494
3537001	3538000	3537501	382.0	0.754552	0.011375
3538001	3539000	3538501	367.0	0.755074	-0.046418
3539001	3540000	3539501	357.0	0.755597	-0.086274
3540001	3541000	3540501	388.0	0.756119	0.033859
3541001	3542000	3541501	404.0	0.756642	0.092157
3542001	3543000	3542501	346.0	0.757164	-0.131426
3543001	3544000	3543501	422.0	0.757687	0.155045
3544001	3545000	3544501	376.0	0.758210	-0.011465
3545001	3546000	3545501	437.0	0.758732	0.205435
3546001	3547000	3546501	360.0	0.759255	-0.074201
3547001	3548000	3547501	413.0	0.759777	0.123944
3548001	3549000	3548501	711.0	0.760300	0.907652
3549001	3550000	3549501	637.0	0.760822	0.749096
3550001	3551000	3550501	766.0	0.761345	1.015147
3551001	3552000	3551501	577.0	0.761867	0.606373
3552001	3553000	3552501	601.0	0.762390	0.665167
3553001	3554000	3553501	436.0	0.762912	0.202130
3554001	3555000	3554501	312.0	0.763435	-0.280652
3555001	3556000	3555501	336.0	0.763958	-0.173737
3556001	3557000	3556501	333.0	0.764480	-0.186676
3557001	3558000	3557501	299.0	0.765003	-0.342052
3558001	3559000	3558501	302.0	0.765525	-0.327649
3559001	3560000	3559501	336.0	0.766048	-0.173737
3560001	3561000	3560501	325.0	0.766570	-0.221758
3561001	3562000	3561501	420.0	0.767093	0.148191
3562001	3563000	3562501	307.0	0.767615	-0.303959
3563001	3564000	3563501	279.0	0.768138	-0.441933
3564001	3565000	3564501	352.0	0.768660	-0.106622
3565001	3566000	3565501	368.0	0.769183	-0.042492
3566001	3567000	3566501	371.0	0.769705	-0.030779
3567001	3568000	3567501	346.0	0.770228	-0.131426
3568001	3569000	3568501	372.0	0.770751	-0.026895
3569001	3570000	3569501	442.0	0.771273	0.221849
3570001	3571000	3570501	733.0	0.771796	0.951615
3571001	3572000	3571501	413.0	0.772318	0.123944
3572001	3573000	3572501	349.0	0.772841	-0.118971
3573001	3574000	3573501	381.0	0.773363	0.007593
3574001	3575000	3574501	357.0	0.773886	-0.086274
3575001	3576000	3575501	436.0	0.774408	0.202130
3576001	3577000	3576501	505.0	0.774931	0.414086
3577001	3578000	3577501	427.0	0.775453	0.172038
3578001	3579000	3578501	396.0	0.775976	0.063303
3579001	3580000	3579501	394.0	0.776499	0.055998
3580001	3581000	3580501	374.0	0.777021	-0.019160
3581001	3582000	3581501	373.0	0.777544	-0.023022
3582001	3583000	3582501	428.0	0.778066	0.175413
3583001	3584000	3583501	428.0	0.778589	0.175413
3584001	3585000	3584501	357.0	0.779111	-0.086274
3585001	3586000	3585501	356.0	0.779634	-0.090321
3586001	3587000	3586501	322.0	0.780156	-0.235137
3587001	3588000	3587501	331.0	0.780679	-0.195367
3588001	3589000	3588501	295.0	0.781201	-0.361483
3589001	3590000	3589501	349.0	0.781724	-0.118971
3590001	3591000	3590501	351.0	0.782247	-0.110727
3591001	3592000	3591501	518.0	0.782769	0.450754
3592001	3593000	3592501	443.0	0.783292	0.225109
3593001	3594000	3593501	405.0	0.783814	0.095724
3594001	3595000	3594501	469.0	0.784337	0.307390
3595001	3596000	3595501	378.0	0.784859	-0.003812
3596001	3597000	3596501	295.0	0.785382	-0.361483
3597001	3598000	3597501	323.0	0.785904	-0.230664
3598001	3599000	3598501	352.0	0.786427	-0.106622
3599001	3600000	3599501	707.0	0.786949	0.899512
3600001	3601000	3600501	690.0	0.787472	0.864399
3601001	3602000	3601501	381.0	0.787994	0.007593
3602001	3603000	3602501	491.0	0.788517	0.373525
3603001	3604000	3603501	397.0	0.789040	0.066941
3604001	3605000	3604501	326.0	0.789562	-0.217326
3605001	3606000	3605501	253.0	0.790085	-0.583060
3606001	3607000	3606501	297.0	0.790607	-0.351735
3607001	3608000	3607501	336.0	0.791130	-0.173737
3608001	3609000	3608501	294.0	0.791652	-0.366382
3609001	3610000	3609501	322.0	0.792175	-0.235137
3610001	3611000	3610501	424.0	0.792697	0.161866
3611001	3612000	3611501	422.0	0.793220	0.155045
3612001	3613000	3612501	339.0	0.793742	-0.160913
3613001	3614000	3613501	406.0	0.794265	0.099282
3614001	3615000	3614501	326.0	0.794788	-0.217326
3615001	3616000	3615501	457.0	0.795310	0.269996
3616001	3617000	3616501	426.0	0.795833	0.168656
3617001	3618000	3617501	464.0	0.796355	0.291927
3618001	3619000	3618501	362.0	0.796878	-0.066208
3619001	3620000	3619501	416.0	0.797400	0.134386
3620001	3621000	3620501	551.0	0.797923	0.539854
3621001	3622000	3621501	429.0	0.798445	0.178780
3622001	3623000	3622501	489.0	0.798968	0.367637
3623001	3624000	3623501	451.0	0.799490	0.250930
3624001	3625000	3624501	359.0	0.800013	-0.078214
3625001	3626000	3625501	347.0	0.800536	-0.127262
3626001	3627000	3626501	353.0	0.801058	-0.102530
3627001	3628000	3627501	350.0	0.801581	-0.114843
3628001	3629000	3628501	310.0	0.802103	-0.289930
3629001	3630000	3629501	387.0	0.802626	0.030136
3630001	3631000	3630501	412.0	0.803148	0.120446
3631001	3632000	3631501	458.0	0.803671	0.273150
3632001	3633000	3632501	429.0	0.804193	0.178780
3633001	3634000	3633501	408.0	0.804716	0.106371
3634001	3635000	3634501	471.0	0.805238	0.313529
3635001	3636000	3635501	367.0	0.805761	-0.046418
3636001	3637000	3636501	391.0	0.806283	0.044971
3637001	3638000	3637501	424.0	0.806806	0.161866
3638001	3639000	3638501	405.0	0.807329	0.095724
3639001	3640000	3639501	438.0	0.807851	0.208733
3640001	3641000	3640501	386.0	0.808374	0.026403
3641001	3642000	3641501	392.0	0.808896	0.048656
3642001	3643000	3642501	393.0	0.809419	0.052331
3643001	3644000	3643501	424.0	0.809941	0.161866
3644001	3645000	3644501	380.0	0.810464	0.003802
3645001	3646000	3645501	335.0	0.810986	-0.178037
3646001	3647000	3646501	420.0	0.811509	0.148191
3647001	3648000	3647501	497.0	0.812031	0.391048
3648001	3649000	3648501	322.0	0.812554	-0.235137
3649001	3650000	3649501	434.0	0.813077	0.195497
3650001	3651000	3650501	426.0	0.813599	0.168656
3651001	3652000	3651501	470.0	0.814122	0.310463
3652001	3653000	3652501	387.0	0.814644	0.030136
3653001	3654000	3653501	366.0	0.815167	-0.050354
3654001	3655000	3654501	415.0	0.815689	0.130913
3655001	3656000	3655501	296.0	0.816212	-0.356601
3656001	3657000	3656501	294.0	0.816734	-0.366382
3657001	3658000	3657501	293.0	0.817257	-0.371297
3658001	3659000	3658501	391.0	0.817779	0.044971
3659001	3660000	3659501	371.0	0.818302	-0.030779
3660001	3661000	3660501	453.0	0.818824	0.257313
3661001	3662000	3661501	493.0	0.819347	0.379390
3662001	3663000	3662501	467.0	0.819870	0.301225
3663001	3664000	3663501	539.0	0.820392	0.508087
3664001	3665000	3664501	375.0	0.820915	-0.015307
3665001	3666000	3665501	431.0	0.821437	0.185490
3666001	3667000	3666501	510.0	0.821960	0.428299
3667001	3668000	3667501	428.0	0.822482	0.175413
3668001	3669000	3668501	403.0	0.823005	0.088582
3669001	3670000	3669501	407.0	0.823527	0.102831
3670001	3671000	3670501	341.0	0.824050	-0.152426
3671001	3672000	3671501	405.0	0.824572	0.095724
3672001	3673000	3672501	400.0	0.825095	0.077802
3673001	3674000	3673501	431.0	0.825618	0.185490
3674001	3675000	3674501	297.0	0.826140	-0.351735
3675001	3676000	3675501	303.0	0.826663	-0.322880
3676001	3677000	3676501	337.0	0.827185	-0.169449
3677001	3678000	3677501	348.0	0.827708	-0.123111
3678001	3679000	3678501	413.0	0.828230	0.123944
3679001	3680000	3679501	389.0	0.828753	0.037572
3680001	3681000	3680501	388.0	0.829275	0.033859
3681001	3682000	3681501	514.0	0.829798	0.439571
3682001	3683000	3682501	389.0	0.830320	0.037572
3683001	3684000	3683501	329.0	0.830843	-0.204110
3684001	3685000	3684501	322.0	0.831366	-0.235137
3685001	3686000	3685501	355.0	0.831888	-0.094379
3686001	3687000	3686501	294.0	0.832411	-0.366382
3687001	3688000	3687501	352.0	0.832933	-0.106622
3688001	3689000	3688501	288.0	0.833456	-0.396129
3689001	3690000	3689501	286.0	0.833978	-0.406183
3690001	3691000	3690501	317.0	0.834501	-0.257715
3691001	3692000	3691501	427.0	0.835023	0.172038
3692001	3693000	3692501	349.0	0.835546	-0.118971
3693001	3694000	3693501	478.0	0.836068	0.334813
3694001	3695000	3694501	377.0	0.836591	-0.007633
3695001	3696000	3695501	323.0	0.837113	-0.230664
3696001	3697000	3696501	378.0	0.837636	-0.003812
3697001	3698000	3697501	275.0	0.838159	-0.462766
3698001	3699000	3698501	290.0	0.838681	-0.386145
3699001	3700000	3699501	276.0	0.839204	-0.457530
3700001	3701000	3700501	246.0	0.839726	-0.623540
3701001	3702000	3701501	262.0	0.840249	-0.532631
3702001	3703000	3702501	218.0	0.840771	-0.797870
3703001	3704000	3703501	222.0	0.841294	-0.771638
3704001	3705000	3704501	203.0	0.841816	-0.900718
3705001	3706000	3705501	254.0	0.842339	-0.577369
3706001	3707000	3706501	283.0	0.842861	-0.421396
3707001	3708000	3707501	326.0	0.843384	-0.217326
3708001	3709000	3708501	280.0	0.843907	-0.436771
3709001	3710000	3709501	284.0	0.844429	-0.416307
3710001	3711000	3710501	223.0	0.844952	-0.765154
3711001	3712000	3711501	241.0	0.845474	-0.653165
3712001	3713000	3712501	338.0	0.845997	-0.165175
3713001	3714000	3713501	231.0	0.846519	-0.714305
3714001	3715000	3714501	340.0	0.847042	-0.156663
3715001	3716000	3715501	277.0	0.847564	-0.452312
3716001	3717000	3716501	163.0	0.848087	-1.217326
3717001	3718000	3717501	258.0	0.848609	-0.554827
3718001	3719000	3718501	188.0	0.849132	-1.011465
3719001	3720000	3719501	137.0	0.849655	-1.468022
3720001	3721000	3720501	170.0	0.850177	-1.156663
3721001	3722000	3721501	129.0	0.850700	-1.554827
3722001	3723000	3722501	152.0	0.851222	-1.318127
3723001	3724000	3723501	138.0	0.851745	-1.457530
3724001	3725000	3724501	167.0	0.852267	-1.182350
3725001	3726000	3725501	162.0	0.852790	-1.226204
3726001	3727000	3726501	137.0	0.853312	-1.468022
3727001	3728000	3727501	158.0	0.853835	-1.262273
3728001	3729000	3728501	216.0	0.854357	-0.811167
3729001	3730000	3729501	247.0	0.854880	-0.617687
3730001	3731000	3730501	265.0	0.855402	-0.516205
3731001	3732000	3731501	262.0	0.855925	-0.532631
3732001	3733000	3732501	287.0	0.856448	-0.401147
3733001	3734000	3733501	288.0	0.856970	-0.396129
3734001	3735000	3734501	327.0	0.857493	-0.212907
3735001	3736000	3735501	430.0	0.858015	0.182139
3736001	3737000	3736501	367.0	0.858538	-0.046418
3737001	3738000	3737501	416.0	0.859060	0.134386
3738001	3739000	3738501	453.0	0.859583	0.257313
3739001	3740000	3739501	380.0	0.860105	0.003802
3740001	3741000	3740501	433.0	0.860628	0.192169
3741001	3742000	3741501	328.0	0.861150	-0.208502
3742001	3743000	3742501	267.0	0.861673	-0.505358
3743001	3744000	3743501	363.0	0.862196	-0.062228
3744001	3745000	3744501	309.0	0.862718	-0.294591
3745001	3746000	3745501	320.0	0.863241	-0.244126
3746001	3747000	3746501	303.0	0.863763	-0.322880
3747001	3748000	3747501	304.0	0.864286	-0.318127
3748001	3749000	3748501	251.0	0.864808	-0.594510
3749001	3750000	3749501	269.0	0.865331	-0.494592
3750001	3751000	3750501	328.0	0.865853	-0.208502
3751001	3752000	3751501	252.0	0.866376	-0.588774
3752001	3753000	3752501	252.0	0.866898	-0.588774
3753001	3754000	3753501	337.0	0.867421	-0.169449
3754001	3755000	3754501	467.0	0.867944	0.301225
3755001	3756000	3755501	438.0	0.868466	0.208733
3756001	3757000	3756501	360.0	0.868989	-0.074201
3757001	3758000	3757501	379.0	0.869511	0.000000
3758001	3759000	3758501	359.0	0.870034	-0.078214
3759001	3760000	3759501	308.0	0.870556	-0.299267
3760001	3761000	3760501	398.0	0.871079	0.070571
3761001	3762000	3761501	347.0	0.871601	-0.127262
3762001	3763000	3762501	417.0	0.872124	0.137850
3763001	3764000	3763501	440.0	0.872646	0.215306
3764001	3765000	3764501	308.0	0.873169	-0.299267
3765001	3766000	3765501	304.0	0.873691	-0.318127
3766001	3767000	3766501	354.0	0.874214	-0.098448
3767001	3768000	3767501	421.0	0.874737	0.151622
3768001	3769000	3768501	279.0	0.875259	-0.441933
3769001	3770000	3769501	273.0	0.875782	-0.473297
3770001	3771000	3770501	362.0	0.876304	-0.066208
3771001	3772000	3771501	313.0	0.876827	-0.276035
3772001	3773000	3772501	264.0	0.877349	-0.521660
3773001	3774000	3773501	236.0	0.877872	-0.683411
3774001	3775000	3774501	229.0	0.878394	-0.726850
3775001	3776000	3775501	183.0	0.878917	-1.050354
3776001	3777000	3776501	137.0	0.879439	-1.468022
3777001	3778000	3777501	163.0	0.879962	-1.217326
3778001	3779000	3778501	135.0	0.880485	-1.489238
3779001	3780000	3779501	125.0	0.881007	-1.600270
3780001	3781000	3780501	176.0	0.881530	-1.106622
3781001	3782000	3781501	115.0	0.882052	-1.720564
3782001	3783000	3782501	118.0	0.882575	-1.683411
3783001	3784000	3783501	108.0	0.883097	-1.811167
3784001	3785000	3784501	134.0	0.883620	-1.499965
3785001	3786000	3785501	104.0	0.884142	-1.865614
3786001	3787000	3786501	144.0	0.884665	-1.396129
3787001	3788000	3787501	204.0	0.885187	-0.893629
3788001	3789000	3788501	175.0	0.885710	-1.114843
3789001	3790000	3789501	134.0	0.886233	-1.499965
3790001	3791000	3790501	196.0	0.886755	-0.951344
3791001	3792000	3791501	136.0	0.887278	-1.478591
3792001	3793000	3792501	140.0	0.887800	-1.436771
3793001	3794000	3793501	131.0	0.888323	-1.532631
3794001	3795000	3794501	159.0	0.888845	-1.253171
3795001	3796000	3795501	223.0	0.889368	-0.765154
3796001	3797000	3796501	230.0	0.889890	-0.720564
3797001	3798000	3797501	202.0	0.890413	-0.907843
3798001	3799000	3798501	212.0	0.890935	-0.838134
3799001	3800000	3799501	188.0	0.891458	-1.011465
3800001	3801000	3800501	212.0	0.891980	-0.838134
3801001	3802000	3801501	165.0	0.892503	-1.199732
3802001	3803000	3802501	172.0	0.893026	-1.139789
3803001	3804000	3803501	163.0	0.893548	-1.217326
3804001	3805000	3804501	203.0	0.894071	-0.900718
3805001	3806000	3805501	202.0	0.894593	-0.907843
3806001	3807000	3806501	226.0	0.895116	-0.745875
3807001	3808000	3807501	240.0	0.895638	-0.659163
3808001	3809000	3808501	225.0	0.896161	-0.752273
3809001	3810000	3809501	358.0	0.896683	-0.082238
3810001	3811000	3810501	466.0	0.897206	0.298132
3811001	3812000	3811501	521.0	0.897728	0.459086
3812001	3813000	3812501	416.0	0.898251	0.134386
3813001	3814000	3813501	469.0	0.898774	0.307390
3814001	3815000	3814501	406.0	0.899296	0.099282
3815001	3816000	3815501	359.0	0.899819	-0.078214
3816001	3817000	3816501	326.0	0.900341	-0.217326
3817001	3818000	3817501	347.0	0.900864	-0.127262
3818001	3819000	3818501	382.0	0.901386	0.011375
3819001	3820000	3819501	411.0	0.901909	0.116941
3820001	3821000	3820501	380.0	0.902431	0.003802
3821001	3822000	3821501	400.0	0.902954	0.077802
3822001	3823000	3822501	400.0	0.903476	0.077802
3823001	3824000	3823501	359.0	0.903999	-0.078214
3824001	3825000	3824501	406.0	0.904522	0.099282
3825001	3826000	3825501	444.0	0.905044	0.228362
3826001	3827000	3826501	437.0	0.905567	0.205435
3827001	3828000	3827501	386.0	0.906089	0.026403
3828001	3829000	3828501	388.0	0.906612	0.033859
3829001	3830000	3829501	387.0	0.907134	0.030136
3830001	3831000	3830501	326.0	0.907657	-0.217326
3831001	3832000	3831501	338.0	0.908179	-0.165175
3832001	3833000	3832501	402.0	0.908702	0.084998
3833001	3834000	3833501	427.0	0.909224	0.172038
3834001	3835000	3834501	444.0	0.909747	0.228362
3835001	3836000	3835501	468.0	0.910269	0.304311
3836001	3837000	3836501	304.0	0.910792	-0.318127
3837001	3838000	3837501	359.0	0.911315	-0.078214
3838001	3839000	3838501	436.0	0.911837	0.202130
3839001	3840000	3839501	411.0	0.912360	0.116941
3840001	3841000	3840501	409.0	0.912882	0.109903
3841001	3842000	3841501	393.0	0.913405	0.052331
3842001	3843000	3842501	305.0	0.913927	-0.313389
3843001	3844000	3843501	417.0	0.914450	0.137850
3844001	3845000	3844501	332.0	0.914972	-0.191015
3845001	3846000	3845501	281.0	0.915495	-0.431628
3846001	3847000	3846501	266.0	0.916017	-0.510772
3847001	3848000	3847501	258.0	0.916540	-0.554827
3848001	3849000	3848501	310.0	0.917063	-0.289930
3849001	3850000	3849501	314.0	0.917585	-0.271433
3850001	3851000	3850501	401.0	0.918108	0.081404
3851001	3852000	3851501	439.0	0.918630	0.212023
3852001	3853000	3852501	302.0	0.919153	-0.327649
3853001	3854000	3853501	283.0	0.919675	-0.421396
3854001	3855000	3854501	432.0	0.920198	0.188833
3855001	3856000	3855501	372.0	0.920720	-0.026895
3856001	3857000	3856501	308.0	0.921243	-0.299267
3857001	3858000	3857501	294.0	0.921765	-0.366382
3858001	3859000	3858501	317.0	0.922288	-0.257715
3859001	3860000	3859501	321.0	0.922811	-0.239625
3860001	3861000	3860501	340.0	0.923333	-0.156663
3861001	3862000	3861501	317.0	0.923856	-0.257715
3862001	3863000	3862501	256.0	0.924378	-0.566054
3863001	3864000	3863501	306.0	0.924901	-0.308666
3864001	3865000	3864501	361.0	0.925423	-0.070199
3865001	3866000	3865501	285.0	0.925946	-0.411236
3866001	3867000	3866501	268.0	0.926468	-0.499965
3867001	3868000	3867501	239.0	0.926991	-0.665187
3868001	3869000	3868501	246.0	0.927513	-0.623540
3869001	3870000	3869501	337.0	0.928036	-0.169449
3870001	3871000	3870501	314.0	0.928558	-0.271433
3871001	3872000	3871501	318.0	0.929081	-0.253171
3872001	3873000	3872501	482.0	0.929604	0.346835
3873001	3874000	3873501	338.0	0.930126	-0.165175
3874001	3875000	3874501	291.0	0.930649	-0.381179
3875001	3876000	3875501	345.0	0.931171	-0.135601
3876001	3877000	3876501	466.0	0.931694	0.298132
3877001	3878000	3877501	439.0	0.932216	0.212023
3878001	3879000	3878501	341.0	0.932739	-0.152426
3879001	3880000	3879501	341.0	0.933261	-0.152426
3880001	3881000	3880501	293.0	0.933784	-0.371297
3881001	3882000	3881501	251.0	0.934306	-0.594510
3882001	3883000	3882501	254.0	0.934829	-0.577369
3883001	3884000	3883501	309.0	0.935352	-0.294591
3884001	3885000	3884501	201.0	0.935874	-0.915002
3885001	3886000	3885501	177.0	0.936397	-1.098448
3886001	3887000	3886501	150.0	0.936919	-1.337235
3887001	3888000	3887501	120.0	0.937442	-1.659163
3888001	3889000	3888501	135.0	0.937964	-1.489238
3889001	3890000	3889501	168.0	0.938487	-1.173737
3890001	3891000	3890501	156.0	0.939009	-1.280652
3891001	3892000	3891501	158.0	0.939532	-1.262273
3892001	3893000	3892501	136.0	0.940054	-1.478591
3893001	3894000	3893501	194.0	0.940577	-0.966141
3894001	3895000	3894501	159.0	0.941100	-1.253171
3895001	3896000	3895501	207.0	0.941622	-0.872567
3896001	3897000	3896501	193.0	0.942145	-0.973597
3897001	3898000	3897501	221.0	0.942667	-0.778151
3898001	3899000	3898501	208.0	0.943190	-0.865614
3899001	3900000	3899501	206.0	0.943712	-0.879554
3900001	3901000	3900501	285.0	0.944235	-0.411236
3901001	3902000	3901501	318.0	0.944757	-0.253171
3902001	3903000	3902501	345.0	0.945280	-0.135601
3903001	3904000	3903501	283.0	0.945802	-0.421396
3904001	3905000	3904501	333.0	0.946325	-0.186676
3905001	3906000	3905501	257.0	0.946847	-0.560429
3906001	3907000	3906501	217.0	0.947370	-0.804503
3907001	3908000	3907501	187.0	0.947893	-1.019160
3908001	3909000	3908501	196.0	0.948415	-0.951344
3909001	3910000	3909501	202.0	0.948938	-0.907843
3910001	3911000	3910501	169.0	0.949460	-1.165175
3911001	3912000	3911501	138.0	0.949983	-1.457530
3912001	3913000	3912501	131.0	0.950505	-1.532631
3913001	3914000	3913501	137.0	0.951028	-1.468022
3914001	3915000	3914501	146.0	0.951550	-1.376229
3915001	3916000	3915501	118.0	0.952073	-1.683411
3916001	3917000	3916501	149.0	0.952595	-1.346886
3917001	3918000	3917501	165.0	0.953118	-1.199732
3918001	3919000	3918501	117.0	0.953641	-1.695689
3919001	3920000	3919501	144.0	0.954163	-1.396129
3920001	3921000	3920501	163.0	0.954686	-1.217326
3921001	3922000	3921501	170.0	0.955208	-1.156663
3922001	3923000	3922501	169.0	0.955731	-1.165175
3923001	3924000	3923501	214.0	0.956253	-0.824587
3924001	3925000	3924501	203.0	0.956776	-0.900718
3925001	3926000	3925501	257.0	0.957298	-0.560429
3926001	3927000	3926501	284.0	0.957821	-0.416307
3927001	3928000	3927501	267.0	0.958343	-0.505358
3928001	3929000	3928501	185.0	0.958866	-1.034673
3929001	3930000	3929501	195.0	0.959388	-0.958724
3930001	3931000	3930501	163.0	0.959911	-1.217326
3931001	3932000	3931501	215.0	0.960434	-0.817861
3932001	3933000	3932501	270.0	0.960956	-0.489238
3933001	3934000	3933501	330.0	0.961479	-0.199732
3934001	3935000	3934501	503.0	0.962001	0.408361
3935001	3936000	3935501	431.0	0.962524	0.185490
3936001	3937000	3936501	347.0	0.963046	-0.127262
3937001	3938000	3937501	396.0	0.963569	0.063303
3938001	3939000	3938501	390.0	0.964091	0.041276
3939001	3940000	3939501	368.0	0.964614	-0.042492
3940001	3941000	3940501	377.0	0.965136	-0.007633
3941001	3942000	3941501	356.0	0.965659	-0.090321
3942001	3943000	3942501	463.0	0.966182	0.288814
3943001	3944000	3943501	474.0	0.966704	0.322689
3944001	3945000	3944501	363.0	0.967227	-0.062228
3945001	3946000	3945501	336.0	0.967749	-0.173737
3946001	3947000	3946501	492.0	0.968272	0.376460
3947001	3948000	3947501	564.0	0.968794	0.573497
3948001	3949000	3948501	412.0	0.969317	0.120446
3949001	3950000	3949501	462.0	0.969839	0.285695
3950001	3951000	3950501	461.0	0.970362	0.282569
3951001	3952000	3951501	357.0	0.970884	-0.086274
3952001	3953000	3952501	390.0	0.971407	0.041276
3953001	3954000	3953501	418.0	0.971930	0.141305
3954001	3955000	3954501	458.0	0.972452	0.273150
3955001	3956000	3955501	428.0	0.972975	0.175413
3956001	3957000	3956501	465.0	0.973497	0.295033
3957001	3958000	3957501	492.0	0.974020	0.376460
3958001	3959000	3958501	448.0	0.974542	0.241301
3959001	3960000	3959501	484.0	0.975065	0.352809
3960001	3961000	3960501	513.0	0.975587	0.436761
3961001	3962000	3961501	425.0	0.976110	0.165265
3962001	3963000	3962501	413.0	0.976632	0.123944
3963001	3964000	3963501	418.0	0.977155	0.141305
3964001	3965000	3964501	380.0	0.977677	0.003802
3965001	3966000	3965501	380.0	0.978200	0.003802
3966001	3967000	3966501	346.0	0.978723	-0.131426
3967001	3968000	3967501	296.0	0.979245	-0.356601
3968001	3969000	3968501	254.0	0.979768	-0.577369
3969001	3970000	3969501	267.0	0.980290	-0.505358
3970001	3971000	3970501	217.0	0.980813	-0.804503
3971001	3972000	3971501	173.0	0.981335	-1.131426
3972001	3973000	3972501	170.0	0.981858	-1.156663
3973001	3974000	3973501	180.0	0.982380	-1.074201
3974001	3975000	3974501	205.0	0.982903	-0.886574
3975001	3976000	3975501	166.0	0.983425	-1.191015
3976001	3977000	3976501	232.0	0.983948	-0.708073
3977001	3978000	3977501	225.0	0.984471	-0.752273
3978001	3979000	3978501	316.0	0.984993	-0.262273
3979001	3980000	3979501	396.0	0.985516	0.063303
3980001	3981000	3980501	335.0	0.986038	-0.178037
3981001	3982000	3981501	403.0	0.986561	0.088582
3982001	3983000	3982501	321.0	0.987083	-0.239625
3983001	3984000	3983501	385.0	0.987606	0.022661
3984001	3985000	3984501	367.0	0.988128	-0.046418
3985001	3986000	3985501	356.0	0.988651	-0.090321
3986001	3987000	3986501	450.0	0.989173	0.247727
3987001	3988000	3987501	474.0	0.989696	0.322689
3988001	3989000	3988501	480.0	0.990219	0.340837
3989001	3990000	3989501	431.0	0.990741	0.185490
3990001	3991000	3990501	459.0	0.991264	0.276296
3991001	3992000	3991501	484.0	0.991786	0.352809
3992001	3993000	3992501	397.0	0.992309	0.066941
3993001	3994000	3993501	479.0	0.992831	0.337828
3994001	3995000	3994501	506.0	0.993354	0.416940
3995001	3996000	3995501	429.0	0.993876	0.178780
3996001	3997000	3996501	384.0	0.994399	0.018908
3997001	3998000	3997501	318.0	0.994921	-0.253171
3998001	3999000	3998501	434.0	0.995444	0.195497
3999001	4000000	3999501	379.0	0.995966	0.000000
4000001	4001000	4000501	357.0	0.996489	-0.086274
4001001	4002000	4001501	363.0	0.997012	-0.062228
4002001	4003000	4002501	346.0	0.997534	-0.131426
4003001	4004000	4003501	344.0	0.998057	-0.139789
