window_start	window_end	window_mid	raw_count	norm_position	log2_ratio
1	1000	501	297.0	1.000000	-0.052467
1001	2000	1501	387.0	-0.999479	0.329403
2001	3000	2501	291.0	-0.998957	-0.081911
3001	4000	3501	277.0	-0.998436	-0.153044
4001	5000	4501	267.0	-0.997914	-0.206091
5001	6000	5501	256.0	-0.997393	-0.266787
6001	7000	6501	269.0	-0.996872	-0.195324
7001	8000	7501	268.0	-0.996350	-0.200697
8001	9000	8501	334.0	-0.995829	0.116918
9001	10000	9501	270.0	-0.995308	-0.189971
10001	11000	10501	374.0	-0.994786	0.280108
11001	12000	11501	331.0	-0.994265	0.103901
12001	13000	12501	329.0	-0.993743	0.095157
13001	14000	13501	401.0	-0.993222	0.380672
14001	15000	14501	451.0	-0.992701	0.550197
15001	16000	15501	453.0	-0.992179	0.556581
16001	17000	16501	413.0	-0.991658	0.423211
17001	18000	17501	408.0	-0.991137	0.405639
18001	19000	18501	313.0	-0.990615	0.023232
19001	20000	19501	265.0	-0.990094	-0.216938
20001	21000	20501	285.0	-0.989572	-0.111968
21001	22000	21501	278.0	-0.989051	-0.147845
22001	23000	22501	342.0	-0.988530	0.151066
23001	24000	23501	401.0	-0.988008	0.380672
24001	25000	24501	450.0	-0.987487	0.546995
25001	26000	25501	435.0	-0.986966	0.498085
26001	27000	26501	369.0	-0.986444	0.260690
27001	28000	27501	368.0	-0.985923	0.256775
28001	29000	28501	333.0	-0.985401	0.112592
29001	30000	29501	375.0	-0.984880	0.283960
30001	31000	30501	350.0	-0.984359	0.184425
31001	32000	31501	347.0	-0.983837	0.172005
32001	33000	32501	311.0	-0.983316	0.013984
33001	34000	33501	301.0	-0.982795	-0.033167
34001	35000	34501	286.0	-0.982273	-0.106915
35001	36000	35501	319.0	-0.981752	0.050626
36001	37000	36501	304.0	-0.981230	-0.018859
37001	38000	37501	276.0	-0.980709	-0.158262
38001	39000	38501	324.0	-0.980188	0.073063
39001	40000	39501	274.0	-0.979666	-0.168754
40001	41000	40501	282.0	-0.979145	-0.127235
41001	42000	41501	333.0	-0.978624	0.112592
42001	43000	42501	321.0	-0.978102	0.059643
43001	44000	43501	286.0	-0.977581	-0.106915
44001	45000	44501	381.0	-0.977059	0.306861
45001	46000	45501	292.0	-0.976538	-0.076962
46001	47000	46501	286.0	-0.976017	-0.106915
47001	48000	47501	361.0	-0.975495	0.229068
48001	49000	48501	338.0	-0.974974	0.134093
49001	50000	49501	313.0	-0.974453	0.023232
50001	51000	50501	317.0	-0.973931	0.041552
51001	52000	51501	187.0	-0.973410	-0.719892
52001	53000	52501	252.0	-0.972888	-0.289507
53001	54000	53501	252.0	-0.972367	-0.289507
54001	55000	54501	226.0	-0.971846	-0.446608
55001	56000	55501	249.0	-0.971324	-0.306785
56001	57000	56501	228.0	-0.970803	-0.433897
57001	58000	57501	379.0	-0.970282	0.299267
58001	59000	58501	354.0	-0.969760	0.200819
59001	60000	59501	294.0	-0.969239	-0.067114
60001	61000	60501	305.0	-0.968717	-0.014121
61001	62000	61501	339.0	-0.968196	0.138355
62001	63000	62501	264.0	-0.967675	-0.222392
63001	64000	63501	277.0	-0.967153	-0.153044
64001	65000	64501	337.0	-0.966632	0.129818
65001	66000	65501	283.0	-0.966111	-0.122128
66001	67000	66501	254.0	-0.965589	-0.278102
67001	68000	67501	267.0	-0.965068	-0.206091
68001	69000	68501	340.0	-0.964546	0.142604
69001	70000	69501	483.0	-0.964025	0.649093
70001	71000	70501	467.0	-0.963504	0.600492
71001	72000	71501	380.0	-0.962982	0.303069
72001	73000	72501	351.0	-0.962461	0.188541
73001	74000	73501	317.0	-0.961940	0.041552
74001	75000	74501	310.0	-0.961418	0.009338
75001	76000	75501	341.0	-0.960897	0.146841
76001	77000	76501	312.0	-0.960375	0.018616
77001	78000	77501	463.0	-0.959854	0.588082
78001	79000	78501	462.0	-0.959333	0.584963
79001	80000	79501	422.0	-0.958811	0.454313
80001	81000	80501	293.0	-0.958290	-0.072030
81001	82000	81501	287.0	-0.957769	-0.101880
82001	83000	82501	315.0	-0.957247	0.032421
83001	84000	83501	332.0	-0.956726	0.108253
84001	85000	84501	303.0	-0.956204	-0.023613
85001	86000	85501	312.0	-0.955683	0.018616
86001	87000	86501	251.0	-0.955162	-0.295243
87001	88000	87501	345.0	-0.954640	0.163666
88001	89000	88501	335.0	-0.954119	0.121231
89001	90000	89501	304.0	-0.953597	-0.018859
90001	91000	90501	376.0	-0.953076	0.287802
91001	92000	91501	386.0	-0.952555	0.325670
92001	93000	92501	330.0	-0.952033	0.099536
93001	94000	93501	305.0	-0.951512	-0.014121
94001	95000	94501	388.0	-0.950991	0.333126
95001	96000	95501	345.0	-0.950469	0.163666
96001	97000	96501	343.0	-0.949948	0.155278
97001	98000	97501	311.0	-0.949426	0.013984
98001	99000	98501	299.0	-0.948905	-0.042785
99001	100000	99501	329.0	-0.948384	0.095157
100001	101000	100501	325.0	-0.947862	0.077509
101001	102000	101501	263.0	-0.947341	-0.227868
102001	103000	102501	283.0	-0.946820	-0.122128
103001	104000	103501	403.0	-0.946298	0.387849
104001	105000	104501	310.0	-0.945777	0.009338
105001	106000	105501	368.0	-0.945255	0.256775
106001	107000	106501	417.0	-0.944734	0.437117
107001	108000	107501	359.0	-0.944213	0.221053
108001	109000	108501	321.0	-0.943691	0.059643
109001	110000	109501	374.0	-0.943170	0.280108
110001	111000	110501	376.0	-0.942649	0.287802
111001	112000	111501	349.0	-0.942127	0.180297
112001	113000	112501	342.0	-0.941606	0.151066
113001	114000	113501	309.0	-0.941084	0.004676
114001	115000	114501	331.0	-0.940563	0.103901
115001	116000	115501	353.0	-0.940042	0.196738
116001	117000	116501	307.0	-0.939520	-0.004692
117001	118000	117501	295.0	-0.938999	-0.062215
118001	119000	118501	371.0	-0.938478	0.268489
119001	120000	119501	340.0	-0.937956	0.142604
120001	121000	120501	383.0	-0.937435	0.314414
121001	122000	121501	356.0	-0.936913	0.208947
122001	123000	122501	306.0	-0.936392	-0.009399
123001	124000	123501	315.0	-0.935871	0.032421
124001	125000	124501	302.0	-0.935349	-0.028382
125001	126000	125501	245.0	-0.934828	-0.330149
126001	127000	126501	312.0	-0.934307	0.018616
127001	128000	127501	478.0	-0.933785	0.634080
128001	129000	128501	358.0	-0.933264	0.217029
129001	130000	129501	306.0	-0.932742	-0.009399
130001	131000	130501	328.0	-0.932221	0.090765
131001	132000	131501	383.0	-0.931700	0.314414
132001	133000	132501	340.0	-0.931178	0.142604
133001	134000	133501	331.0	-0.930657	0.103901
134001	135000	134501	303.0	-0.930136	-0.023613
135001	136000	135501	295.0	-0.929614	-0.062215
136001	137000	136501	292.0	-0.929093	-0.076962
137001	138000	137501	313.0	-0.928571	0.023232
138001	139000	138501	279.0	-0.928050	-0.142665
139001	140000	139501	323.0	-0.927529	0.068604
140001	141000	140501	379.0	-0.927007	0.299267
141001	142000	141501	256.0	-0.926486	-0.266787
142001	143000	142501	280.0	-0.925965	-0.137504
143001	144000	143501	297.0	-0.925443	-0.052467
144001	145000	144501	311.0	-0.924922	0.013984
145001	146000	145501	372.0	-0.924400	0.272372
146001	147000	146501	296.0	-0.923879	-0.057333
147001	148000	147501	288.0	-0.923358	-0.096862
148001	149000	148501	312.0	-0.922836	0.018616
149001	150000	149501	374.0	-0.922315	0.280108
150001	151000	150501	401.0	-0.921794	0.380672
151001	152000	151501	312.0	-0.921272	0.018616
152001	153000	152501	305.0	-0.920751	-0.014121
153001	154000	153501	333.0	-0.920229	0.112592
154001	155000	154501	316.0	-0.919708	0.036994
155001	156000	155501	321.0	-0.919187	0.059643
156001	157000	156501	341.0	-0.918665	0.146841
157001	158000	157501	277.0	-0.918144	-0.153044
158001	159000	158501	310.0	-0.917623	0.009338
159001	160000	159501	310.0	-0.917101	0.009338
160001	161000	160501	443.0	-0.916580	0.524376
161001	162000	161501	373.0	-0.916058	0.276245
162001	163000	162501	326.0	-0.915537	0.081942
163001	164000	163501	332.0	-0.915016	0.108253
164001	165000	164501	292.0	-0.914494	-0.076962
165001	166000	165501	313.0	-0.913973	0.023232
166001	167000	166501	320.0	-0.913452	0.055142
167001	168000	167501	293.0	-0.912930	-0.072030
168001	169000	168501	274.0	-0.912409	-0.168754
169001	170000	169501	418.0	-0.911887	0.440573
170001	171000	170501	306.0	-0.911366	-0.009399
171001	172000	171501	229.0	-0.910845	-0.427583
172001	173000	172501	326.0	-0.910323	0.081942
173001	174000	173501	323.0	-0.909802	0.068604
174001	175000	174501	344.0	-0.909281	0.159478
175001	176000	175501	381.0	-0.908759	0.306861
176001	177000	176501	346.0	-0.908238	0.167842
177001	178000	177501	272.0	-0.907716	-0.179324
178001	179000	178501	281.0	-0.907195	-0.132360
179001	180000	179501	308.0	-0.906674	0.000000
180001	181000	180501	283.0	-0.906152	-0.122128
181001	182000	181501	271.0	-0.905631	-0.184637
182001	183000	182501	297.0	-0.905109	-0.052467
183001	184000	183501	287.0	-0.904588	-0.101880
184001	185000	184501	230.0	-0.904067	-0.421296
185001	186000	185501	286.0	-0.903545	-0.106915
186001	187000	186501	299.0	-0.903024	-0.042785
187001	188000	187501	249.0	-0.902503	-0.306785
188001	189000	188501	255.0	-0.901981	-0.272433
189001	190000	189501	297.0	-0.901460	-0.052467
190001	191000	190501	306.0	-0.900938	-0.009399
191001	192000	191501	259.0	-0.900417	-0.249978
192001	193000	192501	341.0	-0.899896	0.146841
193001	194000	193501	366.0	-0.899374	0.248913
194001	195000	194501	400.0	-0.898853	0.377070
195001	196000	195501	297.0	-0.898332	-0.052467
196001	197000	196501	273.0	-0.897810	-0.174029
197001	198000	197501	295.0	-0.897289	-0.062215
198001	199000	198501	285.0	-0.896767	-0.111968
199001	200000	199501	299.0	-0.896246	-0.042785
200001	201000	200501	331.0	-0.895725	0.103901
201001	202000	201501	292.0	-0.895203	-0.076962
202001	203000	202501	285.0	-0.894682	-0.111968
203001	204000	203501	296.0	-0.894161	-0.057333
204001	205000	204501	334.0	-0.893639	0.116918
205001	206000	205501	310.0	-0.893118	0.009338
206001	207000	206501	374.0	-0.892596	0.280108
207001	208000	207501	357.0	-0.892075	0.212994
208001	209000	208501	450.0	-0.891554	0.546995
209001	210000	209501	409.0	-0.891032	0.409170
210001	211000	210501	355.0	-0.890511	0.204889
211001	212000	211501	312.0	-0.889990	0.018616
212001	213000	212501	261.0	-0.889468	-0.238881
213001	214000	213501	258.0	-0.888947	-0.255559
214001	215000	214501	284.0	-0.888425	-0.117039
215001	216000	215501	344.0	-0.887904	0.159478
216001	217000	216501	328.0	-0.887383	0.090765
217001	218000	217501	355.0	-0.886861	0.204889
218001	219000	218501	342.0	-0.886340	0.151066
219001	220000	219501	281.0	-0.885819	-0.132360
220001	221000	220501	341.0	-0.885297	0.146841
221001	222000	221501	338.0	-0.884776	0.134093
222001	223000	222501	335.0	-0.884254	0.121231
223001	224000	223501	325.0	-0.883733	0.077509
224001	225000	224501	337.0	-0.883212	0.129818
225001	226000	225501	231.0	-0.882690	-0.415037
226001	227000	226501	335.0	-0.882169	0.121231
227001	228000	227501	255.0	-0.881648	-0.272433
228001	229000	228501	262.0	-0.881126	-0.233364
229001	230000	229501	267.0	-0.880605	-0.206091
230001	231000	230501	294.0	-0.880083	-0.067114
231001	232000	231501	287.0	-0.879562	-0.101880
232001	233000	232501	261.0	-0.879041	-0.238881
233001	234000	233501	308.0	-0.878519	0.000000
234001	235000	234501	291.0	-0.877998	-0.081911
235001	236000	235501	238.0	-0.877477	-0.371969
236001	237000	236501	290.0	-0.876955	-0.086877
237001	238000	237501	321.0	-0.876434	0.059643
238001	239000	238501	301.0	-0.875912	-0.033167
239001	240000	239501	307.0	-0.875391	-0.004692
240001	241000	240501	377.0	-0.874870	0.291634
241001	242000	241501	383.0	-0.874348	0.314414
242001	243000	242501	427.0	-0.873827	0.471306
243001	244000	243501	382.0	-0.873306	0.310642
244001	245000	244501	431.0	-0.872784	0.484758
245001	246000	245501	307.0	-0.872263	-0.004692
246001	247000	246501	333.0	-0.871741	0.112592
247001	248000	247501	335.0	-0.871220	0.121231
248001	249000	248501	325.0	-0.870699	0.077509
249001	250000	249501	422.0	-0.870177	0.454313
250001	251000	250501	331.0	-0.869656	0.103901
251001	252000	251501	242.0	-0.869135	-0.347923
252001	253000	252501	273.0	-0.868613	-0.174029
253001	254000	253501	255.0	-0.868092	-0.272433
254001	255000	254501	314.0	-0.867570	0.027834
255001	256000	255501	272.0	-0.867049	-0.179324
256001	257000	256501	284.0	-0.866528	-0.117039
257001	258000	257501	275.0	-0.866006	-0.163499
258001	259000	258501	353.0	-0.865485	0.196738
259001	260000	259501	416.0	-0.864964	0.433653
260001	261000	260501	349.0	-0.864442	0.180297
261001	262000	261501	360.0	-0.863921	0.225067
262001	263000	262501	266.0	-0.863399	-0.211504
263001	264000	263501	352.0	-0.862878	0.192645
264001	265000	264501	329.0	-0.862357	0.095157
265001	266000	265501	384.0	-0.861835	0.318176
266001	267000	266501	409.0	-0.861314	0.409170
267001	268000	267501	376.0	-0.860792	0.287802
268001	269000	268501	358.0	-0.860271	0.217029
269001	270000	269501	325.0	-0.859750	0.077509
270001	271000	270501	279.0	-0.859228	-0.142665
271001	272000	271501	319.0	-0.858707	0.050626
272001	273000	272501	313.0	-0.858186	0.023232
273001	274000	273501	296.0	-0.857664	-0.057333
274001	275000	274501	431.0	-0.857143	0.484758
275001	276000	275501	439.0	-0.856621	0.511291
276001	277000	276501	425.0	-0.856100	0.464532
277001	278000	277501	327.0	-0.855579	0.086360
278001	279000	278501	328.0	-0.855057	0.090765
279001	280000	279501	404.0	-0.854536	0.391425
280001	281000	280501	353.0	-0.854015	0.196738
281001	282000	281501	290.0	-0.853493	-0.086877
282001	283000	282501	338.0	-0.852972	0.134093
283001	284000	283501	378.0	-0.852450	0.295456
284001	285000	284501	409.0	-0.851929	0.409170
285001	286000	285501	354.0	-0.851408	0.200819
286001	287000	286501	436.0	-0.850886	0.501398
287001	288000	287501	512.0	-0.850365	0.733213
288001	289000	288501	337.0	-0.849844	0.129818
289001	290000	289501	510.0	-0.849322	0.727567
290001	291000	290501	398.0	-0.848801	0.369838
291001	292000	291501	314.0	-0.848279	0.027834
292001	293000	292501	301.0	-0.847758	-0.033167
293001	294000	293501	313.0	-0.847237	0.023232
294001	295000	294501	275.0	-0.846715	-0.163499
295001	296000	295501	315.0	-0.846194	0.032421
296001	297000	296501	328.0	-0.845673	0.090765
297001	298000	297501	346.0	-0.845151	0.167842
298001	299000	298501	318.0	-0.844630	0.046096
299001	300000	299501	258.0	-0.844108	-0.255559
300001	301000	300501	274.0	-0.843587	-0.168754
301001	302000	301501	296.0	-0.843066	-0.057333
302001	303000	302501	298.0	-0.842544	-0.047618
303001	304000	303501	261.0	-0.842023	-0.238881
304001	305000	304501	300.0	-0.841502	-0.037968
305001	306000	305501	315.0	-0.840980	0.032421
306001	307000	306501	284.0	-0.840459	-0.117039
307001	308000	307501	335.0	-0.839937	0.121231
308001	309000	308501	389.0	-0.839416	0.336840
309001	310000	309501	328.0	-0.838895	0.090765
310001	311000	310501	357.0	-0.838373	0.212994
311001	312000	311501	343.0	-0.837852	0.155278
312001	313000	312501	267.0	-0.837331	-0.206091
313001	314000	313501	249.0	-0.836809	-0.306785
314001	315000	314501	262.0	-0.836288	-0.233364
315001	316000	315501	271.0	-0.835766	-0.184637
316001	317000	316501	302.0	-0.835245	-0.028382
317001	318000	317501	333.0	-0.834724	0.112592
318001	319000	318501	308.0	-0.834202	0.000000
319001	320000	319501	338.0	-0.833681	0.134093
320001	321000	320501	309.0	-0.833160	0.004676
321001	322000	321501	350.0	-0.832638	0.184425
322001	323000	322501	409.0	-0.832117	0.409170
323001	324000	323501	362.0	-0.831595	0.233059
324001	325000	324501	291.0	-0.831074	-0.081911
325001	326000	325501	290.0	-0.830553	-0.086877
326001	327000	326501	274.0	-0.830031	-0.168754
327001	328000	327501	266.0	-0.829510	-0.211504
328001	329000	328501	298.0	-0.828989	-0.047618
329001	330000	329501	277.0	-0.828467	-0.153044
330001	331000	330501	280.0	-0.827946	-0.137504
331001	332000	331501	342.0	-0.827424	0.151066
332001	333000	332501	337.0	-0.826903	0.129818
333001	334000	333501	267.0	-0.826382	-0.206091
334001	335000	334501	266.0	-0.825860	-0.211504
335001	336000	335501	317.0	-0.825339	0.041552
336001	337000	336501	341.0	-0.824818	0.146841
337001	338000	337501	332.0	-0.824296	0.108253
338001	339000	338501	435.0	-0.823775	0.498085
339001	340000	339501	308.0	-0.823253	0.000000
340001	341000	340501	274.0	-0.822732	-0.168754
341001	342000	341501	279.0	-0.822211	-0.142665
342001	343000	342501	406.0	-0.821689	0.398549
343001	344000	343501	353.0	-0.821168	0.196738
344001	345000	344501	397.0	-0.820647	0.366209
345001	346000	345501	304.0	-0.820125	-0.018859
346001	347000	346501	311.0	-0.819604	0.013984
347001	348000	347501	305.0	-0.819082	-0.014121
348001	349000	348501	249.0	-0.818561	-0.306785
349001	350000	349501	258.0	-0.818040	-0.255559
350001	351000	350501	364.0	-0.817518	0.241008
351001	352000	351501	321.0	-0.816997	0.059643
352001	353000	352501	288.0	-0.816475	-0.096862
353001	354000	353501	325.0	-0.815954	0.077509
354001	355000	354501	297.0	-0.815433	-0.052467
355001	356000	355501	329.0	-0.814911	0.095157
356001	357000	356501	330.0	-0.814390	0.099536
357001	358000	357501	398.0	-0.813869	0.369838
358001	359000	358501	297.0	-0.813347	-0.052467
359001	360000	359501	264.0	-0.812826	-0.222392
360001	361000	360501	345.0	-0.812304	0.163666
361001	362000	361501	290.0	-0.811783	-0.086877
362001	363000	362501	301.0	-0.811262	-0.033167
363001	364000	363501	242.0	-0.810740	-0.347923
364001	365000	364501	308.0	-0.810219	0.000000
365001	366000	365501	289.0	-0.809698	-0.091861
366001	367000	366501	274.0	-0.809176	-0.168754
367001	368000	367501	308.0	-0.808655	0.000000
368001	369000	368501	296.0	-0.808133	-0.057333
369001	370000	369501	259.0	-0.807612	-0.249978
370001	371000	370501	292.0	-0.807091	-0.076962
371001	372000	371501	294.0	-0.806569	-0.067114
372001	373000	372501	271.0	-0.806048	-0.184637
373001	374000	373501	311.0	-0.805527	0.013984
374001	375000	374501	300.0	-0.805005	-0.037968
375001	376000	375501	305.0	-0.804484	-0.014121
376001	377000	376501	272.0	-0.803962	-0.179324
377001	378000	377501	351.0	-0.803441	0.188541
378001	379000	378501	284.0	-0.802920	-0.117039
379001	380000	379501	290.0	-0.802398	-0.086877
380001	381000	380501	313.0	-0.801877	0.023232
381001	382000	381501	350.0	-0.801356	0.184425
382001	383000	382501	284.0	-0.800834	-0.117039
383001	384000	383501	286.0	-0.800313	-0.106915
384001	385000	384501	329.0	-0.799791	0.095157
385001	386000	385501	231.0	-0.799270	-0.415037
386001	387000	386501	283.0	-0.798749	-0.122128
387001	388000	387501	311.0	-0.798227	0.013984
388001	389000	388501	271.0	-0.797706	-0.184637
389001	390000	389501	273.0	-0.797185	-0.174029
390001	391000	390501	287.0	-0.796663	-0.101880
391001	392000	391501	292.0	-0.796142	-0.076962
392001	393000	392501	284.0	-0.795620	-0.117039
393001	394000	393501	333.0	-0.795099	0.112592
394001	395000	394501	281.0	-0.794578	-0.132360
395001	396000	395501	249.0	-0.794056	-0.306785
396001	397000	396501	256.0	-0.793535	-0.266787
397001	398000	397501	340.0	-0.793014	0.142604
398001	399000	398501	309.0	-0.792492	0.004676
399001	400000	399501	253.0	-0.791971	-0.283793
400001	401000	400501	286.0	-0.791449	-0.106915
401001	402000	401501	271.0	-0.790928	-0.184637
402001	403000	402501	330.0	-0.790407	0.099536
403001	404000	403501	202.0	-0.789885	-0.608575
404001	405000	404501	472.0	-0.789364	0.615857
405001	406000	405501	475.0	-0.788843	0.624997
406001	407000	406501	274.0	-0.788321	-0.168754
407001	408000	407501	257.0	-0.787800	-0.261162
408001	409000	408501	331.0	-0.787278	0.103901
409001	410000	409501	474.0	-0.786757	0.621957
410001	411000	410501	427.0	-0.786236	0.471306
411001	412000	411501	389.0	-0.785714	0.336840
412001	413000	412501	389.0	-0.785193	0.336840
413001	414000	413501	383.0	-0.784672	0.314414
414001	415000	414501	332.0	-0.784150	0.108253
415001	416000	415501	309.0	-0.783629	0.004676
416001	417000	416501	330.0	-0.783107	0.099536
417001	418000	417501	348.0	-0.782586	0.176157
418001	419000	418501	326.0	-0.782065	0.081942
419001	420000	419501	354.0	-0.781543	0.200819
420001	421000	420501	319.0	-0.781022	0.050626
421001	422000	421501	310.0	-0.780501	0.009338
422001	423000	422501	245.0	-0.779979	-0.330149
423001	424000	423501	244.0	-0.779458	-0.336049
424001	425000	424501	247.0	-0.778936	-0.318419
425001	426000	425501	248.0	-0.778415	-0.312590
426001	427000	426501	249.0	-0.777894	-0.306785
427001	428000	427501	322.0	-0.777372	0.064130
428001	429000	428501	316.0	-0.776851	0.036994
429001	430000	429501	303.0	-0.776330	-0.023613
430001	431000	430501	227.0	-0.775808	-0.440238
431001	432000	431501	274.0	-0.775287	-0.168754
432001	433000	432501	270.0	-0.774765	-0.189971
433001	434000	433501	391.0	-0.774244	0.344238
434001	435000	434501	480.0	-0.773723	0.640104
435001	436000	435501	290.0	-0.773201	-0.086877
436001	437000	436501	287.0	-0.772680	-0.101880
437001	438000	437501	256.0	-0.772158	-0.266787
438001	439000	438501	284.0	-0.771637	-0.117039
439001	440000	439501	323.0	-0.771116	0.068604
440001	441000	440501	255.0	-0.770594	-0.272433
441001	442000	441501	224.0	-0.770073	-0.459432
442001	443000	442501	319.0	-0.769552	0.050626
443001	444000	443501	394.0	-0.769030	0.355265
444001	445000	444501	379.0	-0.768509	0.299267
445001	446000	445501	340.0	-0.767987	0.142604
446001	447000	446501	304.0	-0.767466	-0.018859
447001	448000	447501	279.0	-0.766945	-0.142665
448001	449000	448501	297.0	-0.766423	-0.052467
449001	450000	449501	291.0	-0.765902	-0.081911
450001	451000	450501	244.0	-0.765381	-0.336049
451001	452000	451501	393.0	-0.764859	0.351599
452001	453000	452501	403.0	-0.764338	0.387849
453001	454000	453501	445.0	-0.763816	0.530875
454001	455000	454501	588.0	-0.763295	0.932886
455001	456000	455501	565.0	-0.762774	0.875321
456001	457000	456501	400.0	-0.762252	0.377070
457001	458000	457501	285.0	-0.761731	-0.111968
458001	459000	458501	271.0	-0.761210	-0.184637
459001	460000	459501	312.0	-0.760688	0.018616
460001	461000	460501	242.0	-0.760167	-0.347923
461001	462000	461501	274.0	-0.759645	-0.168754
462001	463000	462501	217.0	-0.759124	-0.505235
463001	464000	463501	212.0	-0.758603	-0.538866
464001	465000	464501	209.0	-0.758081	-0.559427
465001	466000	465501	252.0	-0.757560	-0.289507
466001	467000	466501	188.0	-0.757039	-0.712198
467001	468000	467501	214.0	-0.756517	-0.525320
468001	469000	468501	262.0	-0.755996	-0.233364
469001	470000	469501	254.0	-0.755474	-0.278102
470001	471000	470501	263.0	-0.754953	-0.227868
471001	472000	471501	365.0	-0.754432	0.244966
472001	473000	472501	370.0	-0.753910	0.264595
473001	474000	473501	311.0	-0.753389	0.013984
474001	475000	474501	322.0	-0.752868	0.064130
475001	476000	475501	228.0	-0.752346	-0.433897
476001	477000	476501	247.0	-0.751825	-0.318419
477001	478000	477501	330.0	-0.751303	0.099536
478001	479000	478501	248.0	-0.750782	-0.312590
479001	480000	479501	273.0	-0.750261	-0.174029
480001	481000	480501	251.0	-0.749739	-0.295243
481001	482000	481501	304.0	-0.749218	-0.018859
482001	483000	482501	402.0	-0.748697	0.384265
483001	484000	483501	341.0	-0.748175	0.146841
484001	485000	484501	362.0	-0.747654	0.233059
485001	486000	485501	354.0	-0.747132	0.200819
486001	487000	486501	467.0	-0.746611	0.600492
487001	488000	487501	394.0	-0.746090	0.355265
488001	489000	488501	374.0	-0.745568	0.280108
489001	490000	489501	400.0	-0.745047	0.377070
490001	491000	490501	322.0	-0.744526	0.064130
491001	492000	491501	278.0	-0.744004	-0.147845
492001	493000	492501	385.0	-0.743483	0.321928
493001	494000	493501	281.0	-0.742961	-0.132360
494001	495000	494501	323.0	-0.742440	0.068604
495001	496000	495501	321.0	-0.741919	0.059643
496001	497000	496501	315.0	-0.741397	0.032421
497001	498000	497501	325.0	-0.740876	0.077509
498001	499000	498501	357.0	-0.740355	0.212994
499001	500000	499501	302.0	-0.739833	-0.028382
500001	501000	500501	347.0	-0.739312	0.172005
501001	502000	501501	378.0	-0.738790	0.295456
502001	503000	502501	351.0	-0.738269	0.188541
503001	504000	503501	297.0	-0.737748	-0.052467
504001	505000	504501	296.0	-0.737226	-0.057333
505001	506000	505501	367.0	-0.736705	0.252850
506001	507000	506501	317.0	-0.736184	0.041552
507001	508000	507501	345.0	-0.735662	0.163666
508001	509000	508501	378.0	-0.735141	0.295456
509001	510000	509501	338.0	-0.734619	0.134093
510001	511000	510501	358.0	-0.734098	0.217029
511001	512000	511501	283.0	-0.733577	-0.122128
512001	513000	512501	329.0	-0.733055	0.095157
513001	514000	513501	287.0	-0.732534	-0.101880
514001	515000	514501	377.0	-0.732013	0.291634
515001	516000	515501	494.0	-0.731491	0.681581
516001	517000	516501	440.0	-0.730970	0.514573
517001	518000	517501	436.0	-0.730448	0.501398
518001	519000	518501	346.0	-0.729927	0.167842
519001	520000	519501	461.0	-0.729406	0.581836
520001	521000	520501	311.0	-0.728884	0.013984
521001	522000	521501	211.0	-0.728363	-0.545687
522001	523000	522501	306.0	-0.727842	-0.009399
523001	524000	523501	339.0	-0.727320	0.138355
524001	525000	524501	290.0	-0.726799	-0.086877
525001	526000	525501	302.0	-0.726277	-0.028382
526001	527000	526501	286.0	-0.725756	-0.106915
527001	528000	527501	293.0	-0.725235	-0.072030
528001	529000	528501	347.0	-0.724713	0.172005
529001	530000	529501	567.0	-0.724192	0.880418
530001	531000	530501	611.0	-0.723670	0.988242
531001	532000	531501	602.0	-0.723149	0.966833
532001	533000	532501	341.0	-0.722628	0.146841
533001	534000	533501	244.0	-0.722106	-0.336049
534001	535000	534501	249.0	-0.721585	-0.306785
535001	536000	535501	219.0	-0.721064	-0.491999
536001	537000	536501	203.0	-0.720542	-0.601451
537001	538000	537501	274.0	-0.720021	-0.168754
538001	539000	538501	241.0	-0.719499	-0.353897
539001	540000	539501	317.0	-0.718978	0.041552
540001	541000	540501	366.0	-0.718457	0.248913
541001	542000	541501	564.0	-0.717935	0.872765
542001	543000	542501	502.0	-0.717414	0.704757
543001	544000	543501	343.0	-0.716893	0.155278
544001	545000	544501	322.0	-0.716371	0.064130
545001	546000	545501	219.0	-0.715850	-0.491999
546001	547000	546501	236.0	-0.715328	-0.384143
547001	548000	547501	275.0	-0.714807	-0.163499
548001	549000	548501	279.0	-0.714286	-0.142665
549001	550000	549501	307.0	-0.713764	-0.004692
550001	551000	550501	312.0	-0.713243	0.018616
551001	552000	551501	317.0	-0.712722	0.041552
552001	553000	552501	409.0	-0.712200	0.409170
553001	554000	553501	372.0	-0.711679	0.272372
554001	555000	554501	416.0	-0.711157	0.433653
555001	556000	555501	426.0	-0.710636	0.467923
556001	557000	556501	369.0	-0.710115	0.260690
557001	558000	557501	359.0	-0.709593	0.221053
558001	559000	558501	330.0	-0.709072	0.099536
559001	560000	559501	286.0	-0.708551	-0.106915
560001	561000	560501	384.0	-0.708029	0.318176
561001	562000	561501	368.0	-0.707508	0.256775
562001	563000	562501	396.0	-0.706986	0.362570
563001	564000	563501	419.0	-0.706465	0.444020
564001	565000	564501	507.0	-0.705944	0.719055
565001	566000	565501	300.0	-0.705422	-0.037968
566001	567000	566501	323.0	-0.704901	0.068604
567001	568000	567501	430.0	-0.704380	0.481406
568001	569000	568501	388.0	-0.703858	0.333126
569001	570000	569501	286.0	-0.703337	-0.106915
570001	571000	570501	249.0	-0.702815	-0.306785
571001	572000	571501	273.0	-0.702294	-0.174029
572001	573000	572501	384.0	-0.701773	0.318176
573001	574000	573501	397.0	-0.701251	0.366209
574001	575000	574501	283.0	-0.700730	-0.122128
575001	576000	575501	357.0	-0.700209	0.212994
576001	577000	576501	333.0	-0.699687	0.112592
577001	578000	577501	333.0	-0.699166	0.112592
578001	579000	578501	301.0	-0.698644	-0.033167
579001	580000	579501	247.0	-0.698123	-0.318419
580001	581000	580501	296.0	-0.697602	-0.057333
581001	582000	581501	269.0	-0.697080	-0.195324
582001	583000	582501	329.0	-0.696559	0.095157
583001	584000	583501	342.0	-0.696038	0.151066
584001	585000	584501	290.0	-0.695516	-0.086877
585001	586000	585501	250.0	-0.694995	-0.301002
586001	587000	586501	247.0	-0.694473	-0.318419
587001	588000	587501	281.0	-0.693952	-0.132360
588001	589000	588501	438.0	-0.693431	0.508001
589001	590000	589501	422.0	-0.692909	0.454313
590001	591000	590501	371.0	-0.692388	0.268489
591001	592000	591501	311.0	-0.691867	0.013984
592001	593000	592501	286.0	-0.691345	-0.106915
593001	594000	593501	422.0	-0.690824	0.454313
594001	595000	594501	471.0	-0.690302	0.612797
595001	596000	595501	515.0	-0.689781	0.741642
596001	597000	596501	447.0	-0.689260	0.537344
597001	598000	597501	639.0	-0.688738	1.052886
598001	599000	598501	448.0	-0.688217	0.540568
599001	600000	599501	380.0	-0.687696	0.303069
600001	601000	600501	419.0	-0.687174	0.444020
601001	602000	601501	403.0	-0.686653	0.387849
602001	603000	602501	301.0	-0.686131	-0.033167
603001	604000	603501	357.0	-0.685610	0.212994
604001	605000	604501	373.0	-0.685089	0.276245
605001	606000	605501	392.0	-0.684567	0.347923
606001	607000	606501	322.0	-0.684046	0.064130
607001	608000	607501	228.0	-0.683525	-0.433897
608001	609000	608501	211.0	-0.683003	-0.545687
609001	610000	609501	238.0	-0.682482	-0.371969
610001	611000	610501	278.0	-0.681960	-0.147845
611001	612000	611501	290.0	-0.681439	-0.086877
612001	613000	612501	269.0	-0.680918	-0.195324
613001	614000	613501	289.0	-0.680396	-0.091861
614001	615000	614501	285.0	-0.679875	-0.111968
615001	616000	615501	280.0	-0.679353	-0.137504
616001	617000	616501	375.0	-0.678832	0.283960
617001	618000	617501	347.0	-0.678311	0.172005
618001	619000	618501	251.0	-0.677789	-0.295243
619001	620000	619501	295.0	-0.677268	-0.062215
620001	621000	620501	359.0	-0.676747	0.221053
621001	622000	621501	345.0	-0.676225	0.163666
622001	623000	622501	286.0	-0.675704	-0.106915
623001	624000	623501	263.0	-0.675182	-0.227868
624001	625000	624501	316.0	-0.674661	0.036994
625001	626000	625501	318.0	-0.674140	0.046096
626001	627000	626501	318.0	-0.673618	0.046096
627001	628000	627501	354.0	-0.673097	0.200819
628001	629000	628501	266.0	-0.672576	-0.211504
629001	630000	629501	302.0	-0.672054	-0.028382
630001	631000	630501	311.0	-0.671533	0.013984
631001	632000	631501	280.0	-0.671011	-0.137504
632001	633000	632501	269.0	-0.670490	-0.195324
633001	634000	633501	282.0	-0.669969	-0.127235
634001	635000	634501	301.0	-0.669447	-0.033167
635001	636000	635501	312.0	-0.668926	0.018616
636001	637000	636501	343.0	-0.668405	0.155278
637001	638000	637501	272.0	-0.667883	-0.179324
638001	639000	638501	318.0	-0.667362	0.046096
639001	640000	639501	336.0	-0.666840	0.125531
640001	641000	640501	266.0	-0.666319	-0.211504
641001	642000	641501	296.0	-0.665798	-0.057333
642001	643000	642501	335.0	-0.665276	0.121231
643001	644000	643501	298.0	-0.664755	-0.047618
644001	645000	644501	205.0	-0.664234	-0.587306
645001	646000	645501	286.0	-0.663712	-0.106915
646001	647000	646501	327.0	-0.663191	0.086360
647001	648000	647501	325.0	-0.662669	0.077509
648001	649000	648501	299.0	-0.662148	-0.042785
649001	650000	649501	294.0	-0.661627	-0.067114
650001	651000	650501	267.0	-0.661105	-0.206091
651001	652000	651501	343.0	-0.660584	0.155278
652001	653000	652501	283.0	-0.660063	-0.122128
653001	654000	653501	302.0	-0.659541	-0.028382
654001	655000	654501	341.0	-0.659020	0.146841
655001	656000	655501	301.0	-0.658498	-0.033167
656001	657000	656501	310.0	-0.657977	0.009338
657001	658000	657501	286.0	-0.657456	-0.106915
658001	659000	658501	316.0	-0.656934	0.036994
659001	660000	659501	349.0	-0.656413	0.180297
660001	661000	660501	447.0	-0.655892	0.537344
661001	662000	661501	548.0	-0.655370	0.831246
662001	663000	662501	350.0	-0.654849	0.184425
663001	664000	663501	417.0	-0.654327	0.437117
664001	665000	664501	399.0	-0.653806	0.373458
665001	666000	665501	272.0	-0.653285	-0.179324
666001	667000	666501	310.0	-0.652763	0.009338
667001	668000	667501	291.0	-0.652242	-0.081911
668001	669000	668501	294.0	-0.651721	-0.067114
669001	670000	669501	329.0	-0.651199	0.095157
670001	671000	670501	332.0	-0.650678	0.108253
671001	672000	671501	272.0	-0.650156	-0.179324
672001	673000	672501	299.0	-0.649635	-0.042785
673001	674000	673501	303.0	-0.649114	-0.023613
674001	675000	674501	256.0	-0.648592	-0.266787
675001	676000	675501	323.0	-0.648071	0.068604
676001	677000	676501	343.0	-0.647550	0.155278
677001	678000	677501	330.0	-0.647028	0.099536
678001	679000	678501	331.0	-0.646507	0.103901
679001	680000	679501	264.0	-0.645985	-0.222392
680001	681000	680501	314.0	-0.645464	0.027834
681001	682000	681501	328.0	-0.644943	0.090765
682001	683000	682501	200.0	-0.644421	-0.622930
683001	684000	683501	304.0	-0.643900	-0.018859
684001	685000	684501	326.0	-0.643379	0.081942
685001	686000	685501	294.0	-0.642857	-0.067114
686001	687000	686501	244.0	-0.642336	-0.336049
687001	688000	687501	266.0	-0.641814	-0.211504
688001	689000	688501	307.0	-0.641293	-0.004692
689001	690000	689501	308.0	-0.640772	0.000000
690001	691000	690501	359.0	-0.640250	0.221053
691001	692000	691501	252.0	-0.639729	-0.289507
692001	693000	692501	266.0	-0.639208	-0.211504
693001	694000	693501	262.0	-0.638686	-0.233364
694001	695000	694501	276.0	-0.638165	-0.158262
695001	696000	695501	342.0	-0.637643	0.151066
696001	697000	696501	333.0	-0.637122	0.112592
697001	698000	697501	361.0	-0.636601	0.229068
698001	699000	698501	303.0	-0.636079	-0.023613
699001	700000	699501	352.0	-0.635558	0.192645
700001	701000	700501	304.0	-0.635036	-0.018859
701001	702000	701501	275.0	-0.634515	-0.163499
702001	703000	702501	295.0	-0.633994	-0.062215
703001	704000	703501	276.0	-0.633472	-0.158262
704001	705000	704501	308.0	-0.632951	0.000000
705001	706000	705501	311.0	-0.632430	0.013984
706001	707000	706501	316.0	-0.631908	0.036994
707001	708000	707501	294.0	-0.631387	-0.067114
708001	709000	708501	436.0	-0.630865	0.501398
709001	710000	709501	275.0	-0.630344	-0.163499
710001	711000	710501	289.0	-0.629823	-0.091861
711001	712000	711501	313.0	-0.629301	0.023232
712001	713000	712501	302.0	-0.628780	-0.028382
713001	714000	713501	417.0	-0.628259	0.437117
714001	715000	714501	338.0	-0.627737	0.134093
715001	716000	715501	266.0	-0.627216	-0.211504
716001	717000	716501	245.0	-0.626694	-0.330149
717001	718000	717501	293.0	-0.626173	-0.072030
718001	719000	718501	329.0	-0.625652	0.095157
719001	720000	719501	254.0	-0.625130	-0.278102
720001	721000	720501	264.0	-0.624609	-0.222392
721001	722000	721501	270.0	-0.624088	-0.189971
722001	723000	722501	237.0	-0.623566	-0.378043
723001	724000	723501	274.0	-0.623045	-0.168754
724001	725000	724501	290.0	-0.622523	-0.086877
725001	726000	725501	329.0	-0.622002	0.095157
726001	727000	726501	305.0	-0.621481	-0.014121
727001	728000	727501	339.0	-0.620959	0.138355
728001	729000	728501	291.0	-0.620438	-0.081911
729001	730000	729501	292.0	-0.619917	-0.076962
730001	731000	730501	224.0	-0.619395	-0.459432
731001	732000	731501	278.0	-0.618874	-0.147845
732001	733000	732501	305.0	-0.618352	-0.014121
733001	734000	733501	230.0	-0.617831	-0.421296
734001	735000	734501	243.0	-0.617310	-0.341974
735001	736000	735501	291.0	-0.616788	-0.081911
736001	737000	736501	220.0	-0.616267	-0.485427
737001	738000	737501	293.0	-0.615746	-0.072030
738001	739000	738501	213.0	-0.615224	-0.532077
739001	740000	739501	274.0	-0.614703	-0.168754
740001	741000	740501	236.0	-0.614181	-0.384143
741001	742000	741501	250.0	-0.613660	-0.301002
742001	743000	742501	239.0	-0.613139	-0.365920
743001	744000	743501	319.0	-0.612617	0.050626
744001	745000	744501	262.0	-0.612096	-0.233364
745001	746000	745501	263.0	-0.611575	-0.227868
746001	747000	746501	297.0	-0.611053	-0.052467
747001	748000	747501	320.0	-0.610532	0.055142
748001	749000	748501	326.0	-0.610010	0.081942
749001	750000	749501	334.0	-0.609489	0.116918
750001	751000	750501	285.0	-0.608968	-0.111968
751001	752000	751501	310.0	-0.608446	0.009338
752001	753000	752501	330.0	-0.607925	0.099536
753001	754000	753501	272.0	-0.607404	-0.179324
754001	755000	754501	345.0	-0.606882	0.163666
755001	756000	755501	589.0	-0.606361	0.935337
756001	757000	756501	483.0	-0.605839	0.649093
757001	758000	757501	282.0	-0.605318	-0.127235
758001	759000	758501	385.0	-0.604797	0.321928
759001	760000	759501	290.0	-0.604275	-0.086877
760001	761000	760501	314.0	-0.603754	0.027834
761001	762000	761501	409.0	-0.603233	0.409170
762001	763000	762501	261.0	-0.602711	-0.238881
763001	764000	763501	259.0	-0.602190	-0.249978
764001	765000	764501	258.0	-0.601668	-0.255559
765001	766000	765501	252.0	-0.601147	-0.289507
766001	767000	766501	296.0	-0.600626	-0.057333
767001	768000	767501	307.0	-0.600104	-0.004692
768001	769000	768501	262.0	-0.599583	-0.233364
769001	770000	769501	380.0	-0.599062	0.303069
770001	771000	770501	413.0	-0.598540	0.423211
771001	772000	771501	344.0	-0.598019	0.159478
772001	773000	772501	388.0	-0.597497	0.333126
773001	774000	773501	451.0	-0.596976	0.550197
774001	775000	774501	365.0	-0.596455	0.244966
775001	776000	775501	344.0	-0.595933	0.159478
776001	777000	776501	540.0	-0.595412	0.810029
777001	778000	777501	444.0	-0.594891	0.527629
778001	779000	778501	333.0	-0.594369	0.112592
779001	780000	779501	425.0	-0.593848	0.464532
780001	781000	780501	347.0	-0.593326	0.172005
781001	782000	781501	357.0	-0.592805	0.212994
782001	783000	782501	451.0	-0.592284	0.550197
783001	784000	783501	534.0	-0.591762	0.793909
784001	785000	784501	419.0	-0.591241	0.444020
785001	786000	785501	456.0	-0.590719	0.566103
786001	787000	786501	604.0	-0.590198	0.971618
787001	788000	787501	667.0	-0.589677	1.114756
788001	789000	788501	502.0	-0.589155	0.704757
789001	790000	789501	365.0	-0.588634	0.244966
790001	791000	790501	370.0	-0.588113	0.264595
791001	792000	791501	526.0	-0.587591	0.772132
792001	793000	792501	423.0	-0.587070	0.457727
793001	794000	793501	512.0	-0.586548	0.733213
794001	795000	794501	380.0	-0.586027	0.303069
795001	796000	795501	350.0	-0.585506	0.184425
796001	797000	796501	497.0	-0.584984	0.690316
797001	798000	797501	303.0	-0.584463	-0.023613
798001	799000	798501	227.0	-0.583942	-0.440238
799001	800000	799501	348.0	-0.583420	0.176157
800001	801000	800501	337.0	-0.582899	0.129818
801001	802000	801501	271.0	-0.582377	-0.184637
802001	803000	802501	319.0	-0.581856	0.050626
803001	804000	803501	314.0	-0.581335	0.027834
804001	805000	804501	283.0	-0.580813	-0.122128
805001	806000	805501	356.0	-0.580292	0.208947
806001	807000	806501	334.0	-0.579771	0.116918
807001	808000	807501	275.0	-0.579249	-0.163499
808001	809000	808501	295.0	-0.578728	-0.062215
809001	810000	809501	280.0	-0.578206	-0.137504
810001	811000	810501	331.0	-0.577685	0.103901
811001	812000	811501	343.0	-0.577164	0.155278
812001	813000	812501	260.0	-0.576642	-0.244419
813001	814000	813501	323.0	-0.576121	0.068604
814001	815000	814501	296.0	-0.575600	-0.057333
815001	816000	815501	283.0	-0.575078	-0.122128
816001	817000	816501	217.0	-0.574557	-0.505235
817001	818000	817501	286.0	-0.574035	-0.106915
818001	819000	818501	250.0	-0.573514	-0.301002
819001	820000	819501	301.0	-0.572993	-0.033167
820001	821000	820501	303.0	-0.572471	-0.023613
821001	822000	821501	351.0	-0.571950	0.188541
822001	823000	822501	319.0	-0.571429	0.050626
823001	824000	823501	343.0	-0.570907	0.155278
824001	825000	824501	340.0	-0.570386	0.142604
825001	826000	825501	326.0	-0.569864	0.081942
826001	827000	826501	324.0	-0.569343	0.073063
827001	828000	827501	309.0	-0.568822	0.004676
828001	829000	828501	288.0	-0.568300	-0.096862
829001	830000	829501	287.0	-0.567779	-0.101880
830001	831000	830501	255.0	-0.567258	-0.272433
831001	832000	831501	295.0	-0.566736	-0.062215
832001	833000	832501	308.0	-0.566215	0.000000
833001	834000	833501	273.0	-0.565693	-0.174029
834001	835000	834501	445.0	-0.565172	0.530875
835001	836000	835501	377.0	-0.564651	0.291634
836001	837000	836501	330.0	-0.564129	0.099536
837001	838000	837501	323.0	-0.563608	0.068604
838001	839000	838501	340.0	-0.563087	0.142604
839001	840000	839501	299.0	-0.562565	-0.042785
840001	841000	840501	261.0	-0.562044	-0.238881
841001	842000	841501	251.0	-0.561522	-0.295243
842001	843000	842501	287.0	-0.561001	-0.101880
843001	844000	843501	357.0	-0.560480	0.212994
844001	845000	844501	291.0	-0.559958	-0.081911
845001	846000	845501	289.0	-0.559437	-0.091861
846001	847000	846501	299.0	-0.558916	-0.042785
847001	848000	847501	303.0	-0.558394	-0.023613
848001	849000	848501	345.0	-0.557873	0.163666
849001	850000	849501	286.0	-0.557351	-0.106915
850001	851000	850501	307.0	-0.556830	-0.004692
851001	852000	851501	255.0	-0.556309	-0.272433
852001	853000	852501	280.0	-0.555787	-0.137504
853001	854000	853501	318.0	-0.555266	0.046096
854001	855000	854501	369.0	-0.554745	0.260690
855001	856000	855501	354.0	-0.554223	0.200819
856001	857000	856501	240.0	-0.553702	-0.359896
857001	858000	857501	246.0	-0.553180	-0.324272
858001	859000	858501	261.0	-0.552659	-0.238881
859001	860000	859501	247.0	-0.552138	-0.318419
860001	861000	860501	306.0	-0.551616	-0.009399
861001	862000	861501	274.0	-0.551095	-0.168754
862001	863000	862501	297.0	-0.550574	-0.052467
863001	864000	863501	298.0	-0.550052	-0.047618
864001	865000	864501	352.0	-0.549531	0.192645
865001	866000	865501	287.0	-0.549009	-0.101880
866001	867000	866501	303.0	-0.548488	-0.023613
867001	868000	867501	357.0	-0.547967	0.212994
868001	869000	868501	341.0	-0.547445	0.146841
869001	870000	869501	365.0	-0.546924	0.244966
870001	871000	870501	438.0	-0.546403	0.508001
871001	872000	871501	365.0	-0.545881	0.244966
872001	873000	872501	326.0	-0.545360	0.081942
873001	874000	873501	322.0	-0.544838	0.064130
874001	875000	874501	300.0	-0.544317	-0.037968
875001	876000	875501	389.0	-0.543796	0.336840
876001	877000	876501	348.0	-0.543274	0.176157
877001	878000	877501	283.0	-0.542753	-0.122128
878001	879000	878501	289.0	-0.542231	-0.091861
879001	880000	879501	318.0	-0.541710	0.046096
880001	881000	880501	447.0	-0.541189	0.537344
881001	882000	881501	337.0	-0.540667	0.129818
882001	883000	882501	270.0	-0.540146	-0.189971
883001	884000	883501	272.0	-0.539625	-0.179324
884001	885000	884501	395.0	-0.539103	0.358922
885001	886000	885501	284.0	-0.538582	-0.117039
886001	887000	886501	305.0	-0.538060	-0.014121
887001	888000	887501	354.0	-0.537539	0.200819
888001	889000	888501	348.0	-0.537018	0.176157
889001	890000	889501	254.0	-0.536496	-0.278102
890001	891000	890501	278.0	-0.535975	-0.147845
891001	892000	891501	251.0	-0.535454	-0.295243
892001	893000	892501	267.0	-0.534932	-0.206091
893001	894000	893501	288.0	-0.534411	-0.096862
894001	895000	894501	385.0	-0.533889	0.321928
895001	896000	895501	341.0	-0.533368	0.146841
896001	897000	896501	381.0	-0.532847	0.306861
897001	898000	897501	366.0	-0.532325	0.248913
898001	899000	898501	347.0	-0.531804	0.172005
899001	900000	899501	341.0	-0.531283	0.146841
900001	901000	900501	319.0	-0.530761	0.050626
901001	902000	901501	253.0	-0.530240	-0.283793
902001	903000	902501	408.0	-0.529718	0.405639
903001	904000	903501	344.0	-0.529197	0.159478
904001	905000	904501	279.0	-0.528676	-0.142665
905001	906000	905501	299.0	-0.528154	-0.042785
906001	907000	906501	260.0	-0.527633	-0.244419
907001	908000	907501	323.0	-0.527112	0.068604
908001	909000	908501	265.0	-0.526590	-0.216938
909001	910000	909501	242.0	-0.526069	-0.347923
910001	911000	910501	229.0	-0.525547	-0.427583
911001	912000	911501	253.0	-0.525026	-0.283793
912001	913000	912501	271.0	-0.524505	-0.184637
913001	914000	913501	273.0	-0.523983	-0.174029
914001	915000	914501	253.0	-0.523462	-0.283793
915001	916000	915501	285.0	-0.522941	-0.111968
916001	917000	916501	322.0	-0.522419	0.064130
917001	918000	917501	360.0	-0.521898	0.225067
918001	919000	918501	339.0	-0.521376	0.138355
919001	920000	919501	528.0	-0.520855	0.777608
920001	921000	920501	393.0	-0.520334	0.351599
921001	922000	921501	303.0	-0.519812	-0.023613
922001	923000	922501	269.0	-0.519291	-0.195324
923001	924000	923501	325.0	-0.518770	0.077509
924001	925000	924501	355.0	-0.518248	0.204889
925001	926000	925501	268.0	-0.517727	-0.200697
926001	927000	926501	307.0	-0.517205	-0.004692
927001	928000	927501	283.0	-0.516684	-0.122128
928001	929000	928501	234.0	-0.516163	-0.396422
929001	930000	929501	261.0	-0.515641	-0.238881
930001	931000	930501	222.0	-0.515120	-0.472371
931001	932000	931501	265.0	-0.514599	-0.216938
932001	933000	932501	267.0	-0.514077	-0.206091
933001	934000	933501	277.0	-0.513556	-0.153044
934001	935000	934501	273.0	-0.513034	-0.174029
935001	936000	935501	264.0	-0.512513	-0.222392
936001	937000	936501	257.0	-0.511992	-0.261162
937001	938000	937501	265.0	-0.511470	-0.216938
938001	939000	938501	253.0	-0.510949	-0.283793
939001	940000	939501	335.0	-0.510428	0.121231
940001	941000	940501	331.0	-0.509906	0.103901
941001	942000	941501	326.0	-0.509385	0.081942
942001	943000	942501	271.0	-0.508863	-0.184637
943001	944000	943501	267.0	-0.508342	-0.206091
944001	945000	944501	311.0	-0.507821	0.013984
945001	946000	945501	329.0	-0.507299	0.095157
946001	947000	946501	338.0	-0.506778	0.134093
947001	948000	947501	324.0	-0.506257	0.073063
948001	949000	948501	342.0	-0.505735	0.151066
949001	950000	949501	275.0	-0.505214	-0.163499
950001	951000	950501	329.0	-0.504692	0.095157
951001	952000	951501	358.0	-0.504171	0.217029
952001	953000	952501	322.0	-0.503650	0.064130
953001	954000	953501	326.0	-0.503128	0.081942
954001	955000	954501	272.0	-0.502607	-0.179324
955001	956000	955501	324.0	-0.502086	0.073063
956001	957000	956501	300.0	-0.501564	-0.037968
957001	958000	957501	248.0	-0.501043	-0.312590
958001	959000	958501	298.0	-0.500521	-0.047618
959001	960000	959501	305.0	-0.500000	-0.014121
960001	961000	960501	388.0	-0.499479	0.333126
961001	962000	961501	319.0	-0.498957	0.050626
962001	963000	962501	332.0	-0.498436	0.108253
963001	964000	963501	356.0	-0.497914	0.208947
964001	965000	964501	293.0	-0.497393	-0.072030
965001	966000	965501	265.0	-0.496872	-0.216938
966001	967000	966501	266.0	-0.496350	-0.211504
967001	968000	967501	276.0	-0.495829	-0.158262
968001	969000	968501	286.0	-0.495308	-0.106915
969001	970000	969501	226.0	-0.494786	-0.446608
970001	971000	970501	298.0	-0.494265	-0.047618
971001	972000	971501	194.0	-0.493743	-0.666874
972001	973000	972501	284.0	-0.493222	-0.117039
973001	974000	973501	254.0	-0.492701	-0.278102
974001	975000	974501	326.0	-0.492179	0.081942
975001	976000	975501	428.0	-0.491658	0.474680
976001	977000	976501	528.0	-0.491137	0.777608
977001	978000	977501	434.0	-0.490615	0.494765
978001	979000	978501	433.0	-0.490094	0.491437
979001	980000	979501	258.0	-0.489572	-0.255559
980001	981000	980501	297.0	-0.489051	-0.052467
981001	982000	981501	300.0	-0.488530	-0.037968
982001	983000	982501	275.0	-0.488008	-0.163499
983001	984000	983501	273.0	-0.487487	-0.174029
984001	985000	984501	299.0	-0.486966	-0.042785
985001	986000	985501	271.0	-0.486444	-0.184637
986001	987000	986501	302.0	-0.485923	-0.028382
987001	988000	987501	304.0	-0.485401	-0.018859
988001	989000	988501	359.0	-0.484880	0.221053
989001	990000	989501	310.0	-0.484359	0.009338
990001	991000	990501	301.0	-0.483837	-0.033167
991001	992000	991501	227.0	-0.483316	-0.440238
992001	993000	992501	246.0	-0.482795	-0.324272
993001	994000	993501	228.0	-0.482273	-0.433897
994001	995000	994501	283.0	-0.481752	-0.122128
995001	996000	995501	327.0	-0.481230	0.086360
996001	997000	996501	269.0	-0.480709	-0.195324
997001	998000	997501	258.0	-0.480188	-0.255559
998001	999000	998501	304.0	-0.479666	-0.018859
999001	1000000	999501	245.0	-0.479145	-0.330149
1000001	1001000	1000501	322.0	-0.478624	0.064130
1001001	1002000	1001501	367.0	-0.478102	0.252850
1002001	1003000	1002501	360.0	-0.477581	0.225067
1003001	1004000	1003501	302.0	-0.477059	-0.028382
1004001	1005000	1004501	292.0	-0.476538	-0.076962
1005001	1006000	1005501	352.0	-0.476017	0.192645
1006001	1007000	1006501	332.0	-0.475495	0.108253
1007001	1008000	1007501	281.0	-0.474974	-0.132360
1008001	1009000	1008501	290.0	-0.474453	-0.086877
1009001	1010000	1009501	262.0	-0.473931	-0.233364
1010001	1011000	1010501	245.0	-0.473410	-0.330149
1011001	1012000	1011501	334.0	-0.472888	0.116918
1012001	1013000	1012501	331.0	-0.472367	0.103901
1013001	1014000	1013501	280.0	-0.471846	-0.137504
1014001	1015000	1014501	280.0	-0.471324	-0.137504
1015001	1016000	1015501	276.0	-0.470803	-0.158262
1016001	1017000	1016501	274.0	-0.470282	-0.168754
1017001	1018000	1017501	350.0	-0.469760	0.184425
1018001	1019000	1018501	319.0	-0.469239	0.050626
1019001	1020000	1019501	341.0	-0.468717	0.146841
1020001	1021000	1020501	361.0	-0.468196	0.229068
1021001	1022000	1021501	358.0	-0.467675	0.217029
1022001	1023000	1022501	297.0	-0.467153	-0.052467
1023001	1024000	1023501	316.0	-0.466632	0.036994
1024001	1025000	1024501	240.0	-0.466111	-0.359896
1025001	1026000	1025501	278.0	-0.465589	-0.147845
1026001	1027000	1026501	253.0	-0.465068	-0.283793
1027001	1028000	1027501	274.0	-0.464546	-0.168754
1028001	1029000	1028501	285.0	-0.464025	-0.111968
1029001	1030000	1029501	281.0	-0.463504	-0.132360
1030001	1031000	1030501	314.0	-0.462982	0.027834
1031001	1032000	1031501	350.0	-0.462461	0.184425
1032001	1033000	1032501	402.0	-0.461940	0.384265
1033001	1034000	1033501	367.0	-0.461418	0.252850
1034001	1035000	1034501	300.0	-0.460897	-0.037968
1035001	1036000	1035501	333.0	-0.460375	0.112592
1036001	1037000	1036501	334.0	-0.459854	0.116918
1037001	1038000	1037501	295.0	-0.459333	-0.062215
1038001	1039000	1038501	272.0	-0.458811	-0.179324
1039001	1040000	1039501	284.0	-0.458290	-0.117039
1040001	1041000	1040501	286.0	-0.457769	-0.106915
1041001	1042000	1041501	272.0	-0.457247	-0.179324
1042001	1043000	1042501	294.0	-0.456726	-0.067114
1043001	1044000	1043501	250.0	-0.456204	-0.301002
1044001	1045000	1044501	338.0	-0.455683	0.134093
1045001	1046000	1045501	312.0	-0.455162	0.018616
1046001	1047000	1046501	285.0	-0.454640	-0.111968
1047001	1048000	1047501	287.0	-0.454119	-0.101880
1048001	1049000	1048501	347.0	-0.453597	0.172005
1049001	1050000	1049501	290.0	-0.453076	-0.086877
1050001	1051000	1050501	297.0	-0.452555	-0.052467
1051001	1052000	1051501	279.0	-0.452033	-0.142665
1052001	1053000	1052501	257.0	-0.451512	-0.261162
1053001	1054000	1053501	342.0	-0.450991	0.151066
1054001	1055000	1054501	313.0	-0.450469	0.023232
1055001	1056000	1055501	282.0	-0.449948	-0.127235
1056001	1057000	1056501	334.0	-0.449426	0.116918
1057001	1058000	1057501	283.0	-0.448905	-0.122128
1058001	1059000	1058501	275.0	-0.448384	-0.163499
1059001	1060000	1059501	306.0	-0.447862	-0.009399
1060001	1061000	1060501	292.0	-0.447341	-0.076962
1061001	1062000	1061501	296.0	-0.446820	-0.057333
1062001	1063000	1062501	404.0	-0.446298	0.391425
1063001	1064000	1063501	419.0	-0.445777	0.444020
1064001	1065000	1064501	263.0	-0.445255	-0.227868
1065001	1066000	1065501	288.0	-0.444734	-0.096862
1066001	1067000	1066501	376.0	-0.444213	0.287802
1067001	1068000	1067501	315.0	-0.443691	0.032421
1068001	1069000	1068501	295.0	-0.443170	-0.062215
1069001	1070000	1069501	271.0	-0.442649	-0.184637
1070001	1071000	1070501	276.0	-0.442127	-0.158262
1071001	1072000	1071501	345.0	-0.441606	0.163666
1072001	1073000	1072501	357.0	-0.441084	0.212994
1073001	1074000	1073501	266.0	-0.440563	-0.211504
1074001	1075000	1074501	270.0	-0.440042	-0.189971
1075001	1076000	1075501	337.0	-0.439520	0.129818
1076001	1077000	1076501	362.0	-0.438999	0.233059
1077001	1078000	1077501	267.0	-0.438478	-0.206091
1078001	1079000	1078501	279.0	-0.437956	-0.142665
1079001	1080000	1079501	528.0	-0.437435	0.777608
1080001	1081000	1080501	370.0	-0.436913	0.264595
1081001	1082000	1081501	312.0	-0.436392	0.018616
1082001	1083000	1082501	256.0	-0.435871	-0.266787
1083001	1084000	1083501	351.0	-0.435349	0.188541
1084001	1085000	1084501	301.0	-0.434828	-0.033167
1085001	1086000	1085501	253.0	-0.434307	-0.283793
1086001	1087000	1086501	240.0	-0.433785	-0.359896
1087001	1088000	1087501	332.0	-0.433264	0.108253
1088001	1089000	1088501	268.0	-0.432742	-0.200697
1089001	1090000	1089501	238.0	-0.432221	-0.371969
1090001	1091000	1090501	268.0	-0.431700	-0.200697
1091001	1092000	1091501	330.0	-0.431178	0.099536
1092001	1093000	1092501	290.0	-0.430657	-0.086877
1093001	1094000	1093501	286.0	-0.430136	-0.106915
1094001	1095000	1094501	271.0	-0.429614	-0.184637
1095001	1096000	1095501	338.0	-0.429093	0.134093
1096001	1097000	1096501	316.0	-0.428571	0.036994
1097001	1098000	1097501	301.0	-0.428050	-0.033167
1098001	1099000	1098501	306.0	-0.427529	-0.009399
1099001	1100000	1099501	311.0	-0.427007	0.013984
1100001	1101000	1100501	346.0	-0.426486	0.167842
1101001	1102000	1101501	319.0	-0.425965	0.050626
1102001	1103000	1102501	371.0	-0.425443	0.268489
1103001	1104000	1103501	380.0	-0.424922	0.303069
1104001	1105000	1104501	396.0	-0.424400	0.362570
1105001	1106000	1105501	374.0	-0.423879	0.280108
1106001	1107000	1106501	332.0	-0.423358	0.108253
1107001	1108000	1107501	430.0	-0.422836	0.481406
1108001	1109000	1108501	310.0	-0.422315	0.009338
1109001	1110000	1109501	276.0	-0.421794	-0.158262
1110001	1111000	1110501	317.0	-0.421272	0.041552
1111001	1112000	1111501	307.0	-0.420751	-0.004692
1112001	1113000	1112501	286.0	-0.420229	-0.106915
1113001	1114000	1113501	390.0	-0.419708	0.340544
1114001	1115000	1114501	263.0	-0.419187	-0.227868
1115001	1116000	1115501	265.0	-0.418665	-0.216938
1116001	1117000	1116501	314.0	-0.418144	0.027834
1117001	1118000	1117501	273.0	-0.417623	-0.174029
1118001	1119000	1118501	286.0	-0.417101	-0.106915
1119001	1120000	1119501	312.0	-0.416580	0.018616
1120001	1121000	1120501	305.0	-0.416058	-0.014121
1121001	1122000	1121501	312.0	-0.415537	0.018616
1122001	1123000	1122501	359.0	-0.415016	0.221053
1123001	1124000	1123501	255.0	-0.414494	-0.272433
1124001	1125000	1124501	285.0	-0.413973	-0.111968
1125001	1126000	1125501	346.0	-0.413452	0.167842
1126001	1127000	1126501	307.0	-0.412930	-0.004692
1127001	1128000	1127501	345.0	-0.412409	0.163666
1128001	1129000	1128501	298.0	-0.411887	-0.047618
1129001	1130000	1129501	272.0	-0.411366	-0.179324
1130001	1131000	1130501	307.0	-0.410845	-0.004692
1131001	1132000	1131501	279.0	-0.410323	-0.142665
1132001	1133000	1132501	290.0	-0.409802	-0.086877
1133001	1134000	1133501	233.0	-0.409281	-0.402600
1134001	1135000	1134501	257.0	-0.408759	-0.261162
1135001	1136000	1135501	244.0	-0.408238	-0.336049
1136001	1137000	1136501	285.0	-0.407716	-0.111968
1137001	1138000	1137501	295.0	-0.407195	-0.062215
1138001	1139000	1138501	317.0	-0.406674	0.041552
1139001	1140000	1139501	266.0	-0.406152	-0.211504
1140001	1141000	1140501	275.0	-0.405631	-0.163499
1141001	1142000	1141501	293.0	-0.405109	-0.072030
1142001	1143000	1142501	413.0	-0.404588	0.423211
1143001	1144000	1143501	367.0	-0.404067	0.252850
1144001	1145000	1144501	258.0	-0.403545	-0.255559
1145001	1146000	1145501	322.0	-0.403024	0.064130
1146001	1147000	1146501	401.0	-0.402503	0.380672
1147001	1148000	1147501	243.0	-0.401981	-0.341974
1148001	1149000	1148501	286.0	-0.401460	-0.106915
1149001	1150000	1149501	238.0	-0.400938	-0.371969
1150001	1151000	1150501	235.0	-0.400417	-0.390270
1151001	1152000	1151501	341.0	-0.399896	0.146841
1152001	1153000	1152501	330.0	-0.399374	0.099536
1153001	1154000	1153501	306.0	-0.398853	-0.009399
1154001	1155000	1154501	335.0	-0.398332	0.121231
1155001	1156000	1155501	352.0	-0.397810	0.192645
1156001	1157000	1156501	357.0	-0.397289	0.212994
1157001	1158000	1157501	356.0	-0.396767	0.208947
1158001	1159000	1158501	348.0	-0.396246	0.176157
1159001	1160000	1159501	335.0	-0.395725	0.121231
1160001	1161000	1160501	421.0	-0.395203	0.450890
1161001	1162000	1161501	409.0	-0.394682	0.409170
1162001	1163000	1162501	462.0	-0.394161	0.584963
1163001	1164000	1163501	463.0	-0.393639	0.588082
1164001	1165000	1164501	482.0	-0.393118	0.646103
1165001	1166000	1165501	275.0	-0.392596	-0.163499
1166001	1167000	1166501	354.0	-0.392075	0.200819
1167001	1168000	1167501	303.0	-0.391554	-0.023613
1168001	1169000	1168501	268.0	-0.391032	-0.200697
1169001	1170000	1169501	305.0	-0.390511	-0.014121
1170001	1171000	1170501	303.0	-0.389990	-0.023613
1171001	1172000	1171501	334.0	-0.389468	0.116918
1172001	1173000	1172501	304.0	-0.388947	-0.018859
1173001	1174000	1173501	328.0	-0.388425	0.090765
1174001	1175000	1174501	291.0	-0.387904	-0.081911
1175001	1176000	1175501	311.0	-0.387383	0.013984
1176001	1177000	1176501	303.0	-0.386861	-0.023613
1177001	1178000	1177501	271.0	-0.386340	-0.184637
1178001	1179000	1178501	276.0	-0.385819	-0.158262
1179001	1180000	1179501	253.0	-0.385297	-0.283793
1180001	1181000	1180501	227.0	-0.384776	-0.440238
1181001	1182000	1181501	245.0	-0.384254	-0.330149
1182001	1183000	1182501	239.0	-0.383733	-0.365920
1183001	1184000	1183501	243.0	-0.383212	-0.341974
1184001	1185000	1184501	330.0	-0.382690	0.099536
1185001	1186000	1185501	330.0	-0.382169	0.099536
1186001	1187000	1186501	361.0	-0.381648	0.229068
1187001	1188000	1187501	296.0	-0.381126	-0.057333
1188001	1189000	1188501	301.0	-0.380605	-0.033167
1189001	1190000	1189501	234.0	-0.380083	-0.396422
1190001	1191000	1190501	275.0	-0.379562	-0.163499
1191001	1192000	1191501	346.0	-0.379041	0.167842
1192001	1193000	1192501	256.0	-0.378519	-0.266787
1193001	1194000	1193501	241.0	-0.377998	-0.353897
1194001	1195000	1194501	299.0	-0.377477	-0.042785
1195001	1196000	1195501	320.0	-0.376955	0.055142
1196001	1197000	1196501	319.0	-0.376434	0.050626
1197001	1198000	1197501	317.0	-0.375912	0.041552
1198001	1199000	1198501	295.0	-0.375391	-0.062215
1199001	1200000	1199501	280.0	-0.374870	-0.137504
1200001	1201000	1200501	321.0	-0.374348	0.059643
1201001	1202000	1201501	354.0	-0.373827	0.200819
1202001	1203000	1202501	304.0	-0.373306	-0.018859
1203001	1204000	1203501	308.0	-0.372784	0.000000
1204001	1205000	1204501	347.0	-0.372263	0.172005
1205001	1206000	1205501	267.0	-0.371741	-0.206091
1206001	1207000	1206501	244.0	-0.371220	-0.336049
1207001	1208000	1207501	291.0	-0.370699	-0.081911
1208001	1209000	1208501	343.0	-0.370177	0.155278
1209001	1210000	1209501	382.0	-0.369656	0.310642
1210001	1211000	1210501	356.0	-0.369135	0.208947
1211001	1212000	1211501	317.0	-0.368613	0.041552
1212001	1213000	1212501	372.0	-0.368092	0.272372
1213001	1214000	1213501	343.0	-0.367570	0.155278
1214001	1215000	1214501	387.0	-0.367049	0.329403
1215001	1216000	1215501	427.0	-0.366528	0.471306
1216001	1217000	1216501	366.0	-0.366006	0.248913
1217001	1218000	1217501	418.0	-0.365485	0.440573
1218001	1219000	1218501	297.0	-0.364964	-0.052467
1219001	1220000	1219501	256.0	-0.364442	-0.266787
1220001	1221000	1220501	297.0	-0.363921	-0.052467
1221001	1222000	1221501	288.0	-0.363399	-0.096862
1222001	1223000	1222501	322.0	-0.362878	0.064130
1223001	1224000	1223501	350.0	-0.362357	0.184425
1224001	1225000	1224501	331.0	-0.361835	0.103901
1225001	1226000	1225501	408.0	-0.361314	0.405639
1226001	1227000	1226501	249.0	-0.360792	-0.306785
1227001	1228000	1227501	268.0	-0.360271	-0.200697
1228001	1229000	1228501	326.0	-0.359750	0.081942
1229001	1230000	1229501	323.0	-0.359228	0.068604
1230001	1231000	1230501	269.0	-0.358707	-0.195324
1231001	1232000	1231501	346.0	-0.358186	0.167842
1232001	1233000	1232501	315.0	-0.357664	0.032421
1233001	1234000	1233501	324.0	-0.357143	0.073063
1234001	1235000	1234501	272.0	-0.356621	-0.179324
1235001	1236000	1235501	338.0	-0.356100	0.134093
1236001	1237000	1236501	309.0	-0.355579	0.004676
1237001	1238000	1237501	285.0	-0.355057	-0.111968
1238001	1239000	1238501	261.0	-0.354536	-0.238881
1239001	1240000	1239501	324.0	-0.354015	0.073063
1240001	1241000	1240501	260.0	-0.353493	-0.244419
1241001	1242000	1241501	275.0	-0.352972	-0.163499
1242001	1243000	1242501	334.0	-0.352450	0.116918
1243001	1244000	1243501	325.0	-0.351929	0.077509
1244001	1245000	1244501	327.0	-0.351408	0.086360
1245001	1246000	1245501	305.0	-0.350886	-0.014121
1246001	1247000	1246501	287.0	-0.350365	-0.101880
1247001	1248000	1247501	317.0	-0.349844	0.041552
1248001	1249000	1248501	299.0	-0.349322	-0.042785
1249001	1250000	1249501	287.0	-0.348801	-0.101880
1250001	1251000	1250501	276.0	-0.348279	-0.158262
1251001	1252000	1251501	286.0	-0.347758	-0.106915
1252001	1253000	1252501	299.0	-0.347237	-0.042785
1253001	1254000	1253501	323.0	-0.346715	0.068604
1254001	1255000	1254501	257.0	-0.346194	-0.261162
1255001	1256000	1255501	252.0	-0.345673	-0.289507
1256001	1257000	1256501	279.0	-0.345151	-0.142665
1257001	1258000	1257501	237.0	-0.344630	-0.378043
1258001	1259000	1258501	232.0	-0.344108	-0.408806
1259001	1260000	1259501	268.0	-0.343587	-0.200697
1260001	1261000	1260501	300.0	-0.343066	-0.037968
1261001	1262000	1261501	311.0	-0.342544	0.013984
1262001	1263000	1262501	346.0	-0.342023	0.167842
1263001	1264000	1263501	337.0	-0.341502	0.129818
1264001	1265000	1264501	262.0	-0.340980	-0.233364
1265001	1266000	1265501	279.0	-0.340459	-0.142665
1266001	1267000	1266501	334.0	-0.339937	0.116918
1267001	1268000	1267501	265.0	-0.339416	-0.216938
1268001	1269000	1268501	282.0	-0.338895	-0.127235
1269001	1270000	1269501	285.0	-0.338373	-0.111968
1270001	1271000	1270501	277.0	-0.337852	-0.153044
1271001	1272000	1271501	303.0	-0.337331	-0.023613
1272001	1273000	1272501	304.0	-0.336809	-0.018859
1273001	1274000	1273501	271.0	-0.336288	-0.184637
1274001	1275000	1274501	303.0	-0.335766	-0.023613
1275001	1276000	1275501	249.0	-0.335245	-0.306785
1276001	1277000	1276501	277.0	-0.334724	-0.153044
1277001	1278000	1277501	278.0	-0.334202	-0.147845
1278001	1279000	1278501	255.0	-0.333681	-0.272433
1279001	1280000	1279501	285.0	-0.333160	-0.111968
1280001	1281000	1280501	277.0	-0.332638	-0.153044
1281001	1282000	1281501	373.0	-0.332117	0.276245
1282001	1283000	1282501	303.0	-0.331595	-0.023613
1283001	1284000	1283501	273.0	-0.331074	-0.174029
1284001	1285000	1284501	277.0	-0.330553	-0.153044
1285001	1286000	1285501	304.0	-0.330031	-0.018859
1286001	1287000	1286501	348.0	-0.329510	0.176157
1287001	1288000	1287501	309.0	-0.328989	0.004676
1288001	1289000	1288501	251.0	-0.328467	-0.295243
1289001	1290000	1289501	244.0	-0.327946	-0.336049
1290001	1291000	1290501	256.0	-0.327424	-0.266787
1291001	1292000	1291501	265.0	-0.326903	-0.216938
1292001	1293000	1292501	281.0	-0.326382	-0.132360
1293001	1294000	1293501	292.0	-0.325860	-0.076962
1294001	1295000	1294501	294.0	-0.325339	-0.067114
1295001	1296000	1295501	426.0	-0.324818	0.467923
1296001	1297000	1296501	343.0	-0.324296	0.155278
1297001	1298000	1297501	254.0	-0.323775	-0.278102
1298001	1299000	1298501	284.0	-0.323253	-0.117039
1299001	1300000	1299501	262.0	-0.322732	-0.233364
1300001	1301000	1300501	301.0	-0.322211	-0.033167
1301001	1302000	1301501	283.0	-0.321689	-0.122128
1302001	1303000	1302501	278.0	-0.321168	-0.147845
1303001	1304000	1303501	301.0	-0.320647	-0.033167
1304001	1305000	1304501	311.0	-0.320125	0.013984
1305001	1306000	1305501	296.0	-0.319604	-0.057333
1306001	1307000	1306501	357.0	-0.319082	0.212994
1307001	1308000	1307501	335.0	-0.318561	0.121231
1308001	1309000	1308501	326.0	-0.318040	0.081942
1309001	1310000	1309501	348.0	-0.317518	0.176157
1310001	1311000	1310501	292.0	-0.316997	-0.076962
1311001	1312000	1311501	291.0	-0.316475	-0.081911
1312001	1313000	1312501	359.0	-0.315954	0.221053
1313001	1314000	1313501	433.0	-0.315433	0.491437
1314001	1315000	1314501	364.0	-0.314911	0.241008
1315001	1316000	1315501	331.0	-0.314390	0.103901
1316001	1317000	1316501	348.0	-0.313869	0.176157
1317001	1318000	1317501	413.0	-0.313347	0.423211
1318001	1319000	1318501	261.0	-0.312826	-0.238881
1319001	1320000	1319501	265.0	-0.312304	-0.216938
1320001	1321000	1320501	285.0	-0.311783	-0.111968
1321001	1322000	1321501	410.0	-0.311262	0.412694
1322001	1323000	1322501	292.0	-0.310740	-0.076962
1323001	1324000	1323501	271.0	-0.310219	-0.184637
1324001	1325000	1324501	295.0	-0.309698	-0.062215
1325001	1326000	1325501	269.0	-0.309176	-0.195324
1326001	1327000	1326501	340.0	-0.308655	0.142604
1327001	1328000	1327501	271.0	-0.308133	-0.184637
1328001	1329000	1328501	262.0	-0.307612	-0.233364
1329001	1330000	1329501	273.0	-0.307091	-0.174029
1330001	1331000	1330501	204.0	-0.306569	-0.594361
1331001	1332000	1331501	240.0	-0.306048	-0.359896
1332001	1333000	1332501	289.0	-0.305527	-0.091861
1333001	1334000	1333501	347.0	-0.305005	0.172005
1334001	1335000	1334501	271.0	-0.304484	-0.184637
1335001	1336000	1335501	281.0	-0.303962	-0.132360
1336001	1337000	1336501	330.0	-0.303441	0.099536
1337001	1338000	1337501	251.0	-0.302920	-0.295243
1338001	1339000	1338501	257.0	-0.302398	-0.261162
1339001	1340000	1339501	283.0	-0.301877	-0.122128
1340001	1341000	1340501	311.0	-0.301356	0.013984
1341001	1342000	1341501	258.0	-0.300834	-0.255559
1342001	1343000	1342501	258.0	-0.300313	-0.255559
1343001	1344000	1343501	266.0	-0.299791	-0.211504
1344001	1345000	1344501	235.0	-0.299270	-0.390270
1345001	1346000	1345501	251.0	-0.298749	-0.295243
1346001	1347000	1346501	251.0	-0.298227	-0.295243
1347001	1348000	1347501	253.0	-0.297706	-0.283793
1348001	1349000	1348501	270.0	-0.297185	-0.189971
1349001	1350000	1349501	296.0	-0.296663	-0.057333
1350001	1351000	1350501	301.0	-0.296142	-0.033167
1351001	1352000	1351501	258.0	-0.295620	-0.255559
1352001	1353000	1352501	270.0	-0.295099	-0.189971
1353001	1354000	1353501	271.0	-0.294578	-0.184637
1354001	1355000	1354501	304.0	-0.294056	-0.018859
1355001	1356000	1355501	344.0	-0.293535	0.159478
1356001	1357000	1356501	260.0	-0.293014	-0.244419
1357001	1358000	1357501	290.0	-0.292492	-0.086877
1358001	1359000	1358501	297.0	-0.291971	-0.052467
1359001	1360000	1359501	283.0	-0.291449	-0.122128
1360001	1361000	1360501	324.0	-0.290928	0.073063
1361001	1362000	1361501	285.0	-0.290407	-0.111968
1362001	1363000	1362501	283.0	-0.289885	-0.122128
1363001	1364000	1363501	248.0	-0.289364	-0.312590
1364001	1365000	1364501	286.0	-0.288843	-0.106915
1365001	1366000	1365501	238.0	-0.288321	-0.371969
1366001	1367000	1366501	344.0	-0.287800	0.159478
1367001	1368000	1367501	321.0	-0.287278	0.059643
1368001	1369000	1368501	275.0	-0.286757	-0.163499
1369001	1370000	1369501	325.0	-0.286236	0.077509
1370001	1371000	1370501	278.0	-0.285714	-0.147845
1371001	1372000	1371501	299.0	-0.285193	-0.042785
1372001	1373000	1372501	247.0	-0.284672	-0.318419
1373001	1374000	1373501	301.0	-0.284150	-0.033167
1374001	1375000	1374501	350.0	-0.283629	0.184425
1375001	1376000	1375501	293.0	-0.283107	-0.072030
1376001	1377000	1376501	311.0	-0.282586	0.013984
1377001	1378000	1377501	263.0	-0.282065	-0.227868
1378001	1379000	1378501	264.0	-0.281543	-0.222392
1379001	1380000	1379501	425.0	-0.281022	0.464532
1380001	1381000	1380501	355.0	-0.280501	0.204889
1381001	1382000	1381501	292.0	-0.279979	-0.076962
1382001	1383000	1382501	278.0	-0.279458	-0.147845
1383001	1384000	1383501	269.0	-0.278936	-0.195324
1384001	1385000	1384501	219.0	-0.278415	-0.491999
1385001	1386000	1385501	300.0	-0.277894	-0.037968
1386001	1387000	1386501	324.0	-0.277372	0.073063
1387001	1388000	1387501	302.0	-0.276851	-0.028382
1388001	1389000	1388501	308.0	-0.276330	0.000000
1389001	1390000	1389501	290.0	-0.275808	-0.086877
1390001	1391000	1390501	389.0	-0.275287	0.336840
1391001	1392000	1391501	383.0	-0.274765	0.314414
1392001	1393000	1392501	371.0	-0.274244	0.268489
1393001	1394000	1393501	345.0	-0.273723	0.163666
1394001	1395000	1394501	350.0	-0.273201	0.184425
1395001	1396000	1395501	266.0	-0.272680	-0.211504
1396001	1397000	1396501	281.0	-0.272158	-0.132360
1397001	1398000	1397501	363.0	-0.271637	0.237039
1398001	1399000	1398501	338.0	-0.271116	0.134093
1399001	1400000	1399501	349.0	-0.270594	0.180297
1400001	1401000	1400501	364.0	-0.270073	0.241008
1401001	1402000	1401501	368.0	-0.269552	0.256775
1402001	1403000	1402501	320.0	-0.269030	0.055142
1403001	1404000	1403501	290.0	-0.268509	-0.086877
1404001	1405000	1404501	334.0	-0.267987	0.116918
1405001	1406000	1405501	307.0	-0.267466	-0.004692
1406001	1407000	1406501	258.0	-0.266945	-0.255559
1407001	1408000	1407501	256.0	-0.266423	-0.266787
1408001	1409000	1408501	318.0	-0.265902	0.046096
1409001	1410000	1409501	303.0	-0.265381	-0.023613
1410001	1411000	1410501	282.0	-0.264859	-0.127235
1411001	1412000	1411501	316.0	-0.264338	0.036994
1412001	1413000	1412501	348.0	-0.263816	0.176157
1413001	1414000	1413501	250.0	-0.263295	-0.301002
1414001	1415000	1414501	268.0	-0.262774	-0.200697
1415001	1416000	1415501	289.0	-0.262252	-0.091861
1416001	1417000	1416501	320.0	-0.261731	0.055142
1417001	1418000	1417501	317.0	-0.261210	0.041552
1418001	1419000	1418501	279.0	-0.260688	-0.142665
1419001	1420000	1419501	306.0	-0.260167	-0.009399
1420001	1421000	1420501	277.0	-0.259645	-0.153044
1421001	1422000	1421501	306.0	-0.259124	-0.009399
1422001	1423000	1422501	252.0	-0.258603	-0.289507
1423001	1424000	1423501	266.0	-0.258081	-0.211504
1424001	1425000	1424501	329.0	-0.257560	0.095157
1425001	1426000	1425501	314.0	-0.257039	0.027834
1426001	1427000	1426501	230.0	-0.256517	-0.421296
1427001	1428000	1427501	331.0	-0.255996	0.103901
1428001	1429000	1428501	269.0	-0.255474	-0.195324
1429001	1430000	1429501	347.0	-0.254953	0.172005
1430001	1431000	1430501	315.0	-0.254432	0.032421
1431001	1432000	1431501	265.0	-0.253910	-0.216938
1432001	1433000	1432501	297.0	-0.253389	-0.052467
1433001	1434000	1433501	306.0	-0.252868	-0.009399
1434001	1435000	1434501	302.0	-0.252346	-0.028382
1435001	1436000	1435501	284.0	-0.251825	-0.117039
1436001	1437000	1436501	299.0	-0.251303	-0.042785
1437001	1438000	1437501	423.0	-0.250782	0.457727
1438001	1439000	1438501	358.0	-0.250261	0.217029
1439001	1440000	1439501	278.0	-0.249739	-0.147845
1440001	1441000	1440501	315.0	-0.249218	0.032421
1441001	1442000	1441501	298.0	-0.248697	-0.047618
1442001	1443000	1442501	344.0	-0.248175	0.159478
1443001	1444000	1443501	243.0	-0.247654	-0.341974
1444001	1445000	1444501	278.0	-0.247132	-0.147845
1445001	1446000	1445501	278.0	-0.246611	-0.147845
1446001	1447000	1446501	351.0	-0.246090	0.188541
1447001	1448000	1447501	369.0	-0.245568	0.260690
1448001	1449000	1448501	288.0	-0.245047	-0.096862
1449001	1450000	1449501	315.0	-0.244526	0.032421
1450001	1451000	1450501	273.0	-0.244004	-0.174029
1451001	1452000	1451501	360.0	-0.243483	0.225067
1452001	1453000	1452501	312.0	-0.242961	0.018616
1453001	1454000	1453501	295.0	-0.242440	-0.062215
1454001	1455000	1454501	261.0	-0.241919	-0.238881
1455001	1456000	1455501	264.0	-0.241397	-0.222392
1456001	1457000	1456501	272.0	-0.240876	-0.179324
1457001	1458000	1457501	296.0	-0.240355	-0.057333
1458001	1459000	1458501	274.0	-0.239833	-0.168754
1459001	1460000	1459501	225.0	-0.239312	-0.453005
1460001	1461000	1460501	419.0	-0.238790	0.444020
1461001	1462000	1461501	395.0	-0.238269	0.358922
1462001	1463000	1462501	424.0	-0.237748	0.461134
1463001	1464000	1463501	343.0	-0.237226	0.155278
1464001	1465000	1464501	283.0	-0.236705	-0.122128
1465001	1466000	1465501	284.0	-0.236184	-0.117039
1466001	1467000	1466501	302.0	-0.235662	-0.028382
1467001	1468000	1467501	267.0	-0.235141	-0.206091
1468001	1469000	1468501	259.0	-0.234619	-0.249978
1469001	1470000	1469501	264.0	-0.234098	-0.222392
1470001	1471000	1470501	266.0	-0.233577	-0.211504
1471001	1472000	1471501	258.0	-0.233055	-0.255559
1472001	1473000	1472501	331.0	-0.232534	0.103901
1473001	1474000	1473501	353.0	-0.232013	0.196738
1474001	1475000	1474501	249.0	-0.231491	-0.306785
1475001	1476000	1475501	291.0	-0.230970	-0.081911
1476001	1477000	1476501	292.0	-0.230448	-0.076962
1477001	1478000	1477501	300.0	-0.229927	-0.037968
1478001	1479000	1478501	257.0	-0.229406	-0.261162
1479001	1480000	1479501	248.0	-0.228884	-0.312590
1480001	1481000	1480501	288.0	-0.228363	-0.096862
1481001	1482000	1481501	326.0	-0.227842	0.081942
1482001	1483000	1482501	285.0	-0.227320	-0.111968
1483001	1484000	1483501	321.0	-0.226799	0.059643
1484001	1485000	1484501	307.0	-0.226277	-0.004692
1485001	1486000	1485501	258.0	-0.225756	-0.255559
1486001	1487000	1486501	290.0	-0.225235	-0.086877
1487001	1488000	1487501	267.0	-0.224713	-0.206091
1488001	1489000	1488501	274.0	-0.224192	-0.168754
1489001	1490000	1489501	269.0	-0.223670	-0.195324
1490001	1491000	1490501	310.0	-0.223149	0.009338
1491001	1492000	1491501	299.0	-0.222628	-0.042785
1492001	1493000	1492501	286.0	-0.222106	-0.106915
1493001	1494000	1493501	403.0	-0.221585	0.387849
1494001	1495000	1494501	273.0	-0.221064	-0.174029
1495001	1496000	1495501	281.0	-0.220542	-0.132360
1496001	1497000	1496501	374.0	-0.220021	0.280108
1497001	1498000	1497501	462.0	-0.219499	0.584963
1498001	1499000	1498501	235.0	-0.218978	-0.390270
1499001	1500000	1499501	246.0	-0.218457	-0.324272
1500001	1501000	1500501	227.0	-0.217935	-0.440238
1501001	1502000	1501501	240.0	-0.217414	-0.359896
1502001	1503000	1502501	285.0	-0.216893	-0.111968
1503001	1504000	1503501	285.0	-0.216371	-0.111968
1504001	1505000	1504501	362.0	-0.215850	0.233059
1505001	1506000	1505501	312.0	-0.215328	0.018616
1506001	1507000	1506501	354.0	-0.214807	0.200819
1507001	1508000	1507501	305.0	-0.214286	-0.014121
1508001	1509000	1508501	295.0	-0.213764	-0.062215
1509001	1510000	1509501	273.0	-0.213243	-0.174029
1510001	1511000	1510501	269.0	-0.212722	-0.195324
1511001	1512000	1511501	296.0	-0.212200	-0.057333
1512001	1513000	1512501	343.0	-0.211679	0.155278
1513001	1514000	1513501	321.0	-0.211157	0.059643
1514001	1515000	1514501	269.0	-0.210636	-0.195324
1515001	1516000	1515501	267.0	-0.210115	-0.206091
1516001	1517000	1516501	246.0	-0.209593	-0.324272
1517001	1518000	1517501	270.0	-0.209072	-0.189971
1518001	1519000	1518501	257.0	-0.208551	-0.261162
1519001	1520000	1519501	312.0	-0.208029	0.018616
1520001	1521000	1520501	231.0	-0.207508	-0.415037
1521001	1522000	1521501	267.0	-0.206986	-0.206091
1522001	1523000	1522501	307.0	-0.206465	-0.004692
1523001	1524000	1523501	294.0	-0.205944	-0.067114
1524001	1525000	1524501	311.0	-0.205422	0.013984
1525001	1526000	1525501	284.0	-0.204901	-0.117039
1526001	1527000	1526501	244.0	-0.204380	-0.336049
1527001	1528000	1527501	265.0	-0.203858	-0.216938
1528001	1529000	1528501	271.0	-0.203337	-0.184637
1529001	1530000	1529501	220.0	-0.202815	-0.485427
1530001	1531000	1530501	288.0	-0.202294	-0.096862
1531001	1532000	1531501	298.0	-0.201773	-0.047618
1532001	1533000	1532501	304.0	-0.201251	-0.018859
1533001	1534000	1533501	303.0	-0.200730	-0.023613
1534001	1535000	1534501	399.0	-0.200209	0.373458
1535001	1536000	1535501	280.0	-0.199687	-0.137504
1536001	1537000	1536501	271.0	-0.199166	-0.184637
1537001	1538000	1537501	281.0	-0.198644	-0.132360
1538001	1539000	1538501	344.0	-0.198123	0.159478
1539001	1540000	1539501	304.0	-0.197602	-0.018859
1540001	1541000	1540501	300.0	-0.197080	-0.037968
1541001	1542000	1541501	295.0	-0.196559	-0.062215
1542001	1543000	1542501	291.0	-0.196038	-0.081911
1543001	1544000	1543501	313.0	-0.195516	0.023232
1544001	1545000	1544501	309.0	-0.194995	0.004676
1545001	1546000	1545501	246.0	-0.194473	-0.324272
1546001	1547000	1546501	303.0	-0.193952	-0.023613
1547001	1548000	1547501	327.0	-0.193431	0.086360
1548001	1549000	1548501	296.0	-0.192909	-0.057333
1549001	1550000	1549501	285.0	-0.192388	-0.111968
1550001	1551000	1550501	257.0	-0.191867	-0.261162
1551001	1552000	1551501	325.0	-0.191345	0.077509
1552001	1553000	1552501	284.0	-0.190824	-0.117039
1553001	1554000	1553501	275.0	-0.190302	-0.163499
1554001	1555000	1554501	305.0	-0.189781	-0.014121
1555001	1556000	1555501	347.0	-0.189260	0.172005
1556001	1557000	1556501	271.0	-0.188738	-0.184637
1557001	1558000	1557501	307.0	-0.188217	-0.004692
1558001	1559000	1558501	252.0	-0.187696	-0.289507
1559001	1560000	1559501	323.0	-0.187174	0.068604
1560001	1561000	1560501	286.0	-0.186653	-0.106915
1561001	1562000	1561501	297.0	-0.186131	-0.052467
1562001	1563000	1562501	396.0	-0.185610	0.362570
1563001	1564000	1563501	287.0	-0.185089	-0.101880
1564001	1565000	1564501	314.0	-0.184567	0.027834
1565001	1566000	1565501	383.0	-0.184046	0.314414
1566001	1567000	1566501	330.0	-0.183525	0.099536
1567001	1568000	1567501	251.0	-0.183003	-0.295243
1568001	1569000	1568501	313.0	-0.182482	0.023232
1569001	1570000	1569501	309.0	-0.181960	0.004676
1570001	1571000	1570501	294.0	-0.181439	-0.067114
1571001	1572000	1571501	226.0	-0.180918	-0.446608
1572001	1573000	1572501	258.0	-0.180396	-0.255559
1573001	1574000	1573501	285.0	-0.179875	-0.111968
1574001	1575000	1574501	585.0	-0.179353	0.925506
1575001	1576000	1575501	541.0	-0.178832	0.812698
1576001	1577000	1576501	369.0	-0.178311	0.260690
1577001	1578000	1577501	373.0	-0.177789	0.276245
1578001	1579000	1578501	425.0	-0.177268	0.464532
1579001	1580000	1579501	326.0	-0.176747	0.081942
1580001	1581000	1580501	338.0	-0.176225	0.134093
1581001	1582000	1581501	322.0	-0.175704	0.064130
1582001	1583000	1582501	329.0	-0.175182	0.095157
1583001	1584000	1583501	357.0	-0.174661	0.212994
1584001	1585000	1584501	282.0	-0.174140	-0.127235
1585001	1586000	1585501	305.0	-0.173618	-0.014121
1586001	1587000	1586501	383.0	-0.173097	0.314414
1587001	1588000	1587501	415.0	-0.172576	0.430181
1588001	1589000	1588501	301.0	-0.172054	-0.033167
1589001	1590000	1589501	385.0	-0.171533	0.321928
1590001	1591000	1590501	281.0	-0.171011	-0.132360
1591001	1592000	1591501	298.0	-0.170490	-0.047618
1592001	1593000	1592501	203.0	-0.169969	-0.601451
1593001	1594000	1593501	292.0	-0.169447	-0.076962
1594001	1595000	1594501	277.0	-0.168926	-0.153044
1595001	1596000	1595501	316.0	-0.168405	0.036994
1596001	1597000	1596501	295.0	-0.167883	-0.062215
1597001	1598000	1597501	283.0	-0.167362	-0.122128
1598001	1599000	1598501	286.0	-0.166840	-0.106915
1599001	1600000	1599501	294.0	-0.166319	-0.067114
1600001	1601000	1600501	274.0	-0.165798	-0.168754
1601001	1602000	1601501	260.0	-0.165276	-0.244419
1602001	1603000	1602501	238.0	-0.164755	-0.371969
1603001	1604000	1603501	272.0	-0.164234	-0.179324
1604001	1605000	1604501	301.0	-0.163712	-0.033167
1605001	1606000	1605501	271.0	-0.163191	-0.184637
1606001	1607000	1606501	330.0	-0.162669	0.099536
1607001	1608000	1607501	316.0	-0.162148	0.036994
1608001	1609000	1608501	323.0	-0.161627	0.068604
1609001	1610000	1609501	358.0	-0.161105	0.217029
1610001	1611000	1610501	323.0	-0.160584	0.068604
1611001	1612000	1611501	223.0	-0.160063	-0.465887
1612001	1613000	1612501	352.0	-0.159541	0.192645
1613001	1614000	1613501	445.0	-0.159020	0.530875
1614001	1615000	1614501	396.0	-0.158498	0.362570
1615001	1616000	1615501	265.0	-0.157977	-0.216938
1616001	1617000	1616501	291.0	-0.157456	-0.081911
1617001	1618000	1617501	250.0	-0.156934	-0.301002
1618001	1619000	1618501	264.0	-0.156413	-0.222392
1619001	1620000	1619501	347.0	-0.155892	0.172005
1620001	1621000	1620501	282.0	-0.155370	-0.127235
1621001	1622000	1621501	290.0	-0.154849	-0.086877
1622001	1623000	1622501	310.0	-0.154327	0.009338
1623001	1624000	1623501	329.0	-0.153806	0.095157
1624001	1625000	1624501	298.0	-0.153285	-0.047618
1625001	1626000	1625501	316.0	-0.152763	0.036994
1626001	1627000	1626501	254.0	-0.152242	-0.278102
1627001	1628000	1627501	300.0	-0.151721	-0.037968
1628001	1629000	1628501	235.0	-0.151199	-0.390270
1629001	1630000	1629501	300.0	-0.150678	-0.037968
1630001	1631000	1630501	290.0	-0.150156	-0.086877
1631001	1632000	1631501	244.0	-0.149635	-0.336049
1632001	1633000	1632501	263.0	-0.149114	-0.227868
1633001	1634000	1633501	306.0	-0.148592	-0.009399
1634001	1635000	1634501	264.0	-0.148071	-0.222392
1635001	1636000	1635501	252.0	-0.147550	-0.289507
1636001	1637000	1636501	275.0	-0.147028	-0.163499
1637001	1638000	1637501	297.0	-0.146507	-0.052467
1638001	1639000	1638501	292.0	-0.145985	-0.076962
1639001	1640000	1639501	323.0	-0.145464	0.068604
1640001	1641000	1640501	276.0	-0.144943	-0.158262
1641001	1642000	1641501	302.0	-0.144421	-0.028382
1642001	1643000	1642501	306.0	-0.143900	-0.009399
1643001	1644000	1643501	282.0	-0.143379	-0.127235
1644001	1645000	1644501	322.0	-0.142857	0.064130
1645001	1646000	1645501	353.0	-0.142336	0.196738
1646001	1647000	1646501	261.0	-0.141814	-0.238881
1647001	1648000	1647501	292.0	-0.141293	-0.076962
1648001	1649000	1648501	294.0	-0.140772	-0.067114
1649001	1650000	1649501	250.0	-0.140250	-0.301002
1650001	1651000	1650501	299.0	-0.139729	-0.042785
1651001	1652000	1651501	302.0	-0.139208	-0.028382
1652001	1653000	1652501	276.0	-0.138686	-0.158262
1653001	1654000	1653501	253.0	-0.138165	-0.283793
1654001	1655000	1654501	297.0	-0.137643	-0.052467
1655001	1656000	1655501	315.0	-0.137122	0.032421
1656001	1657000	1656501	301.0	-0.136601	-0.033167
1657001	1658000	1657501	251.0	-0.136079	-0.295243
1658001	1659000	1658501	254.0	-0.135558	-0.278102
1659001	1660000	1659501	285.0	-0.135036	-0.111968
1660001	1661000	1660501	270.0	-0.134515	-0.189971
1661001	1662000	1661501	357.0	-0.133994	0.212994
1662001	1663000	1662501	546.0	-0.133472	0.825971
1663001	1664000	1663501	600.0	-0.132951	0.962032
1664001	1665000	1664501	649.0	-0.132430	1.075288
1665001	1666000	1665501	537.0	-0.131908	0.801992
1666001	1667000	1666501	553.0	-0.131387	0.844349
1667001	1668000	1667501	703.0	-0.130865	1.190594
1668001	1669000	1668501	535.0	-0.130344	0.796609
1669001	1670000	1669501	586.0	-0.129823	0.927970
1670001	1671000	1670501	618.0	-0.129301	1.004676
1671001	1672000	1671501	671.0	-0.128780	1.123382
1672001	1673000	1672501	740.0	-0.128259	1.264595
1673001	1674000	1673501	846.0	-0.127737	1.457727
1674001	1675000	1674501	524.0	-0.127216	0.766636
1675001	1676000	1675501	439.0	-0.126694	0.511291
1676001	1677000	1676501	282.0	-0.126173	-0.127235
1677001	1678000	1677501	274.0	-0.125652	-0.168754
1678001	1679000	1678501	229.0	-0.125130	-0.427583
1679001	1680000	1679501	288.0	-0.124609	-0.096862
1680001	1681000	1680501	383.0	-0.124088	0.314414
1681001	1682000	1681501	305.0	-0.123566	-0.014121
1682001	1683000	1682501	305.0	-0.123045	-0.014121
1683001	1684000	1683501	324.0	-0.122523	0.073063
1684001	1685000	1684501	279.0	-0.122002	-0.142665
1685001	1686000	1685501	338.0	-0.121481	0.134093
1686001	1687000	1686501	249.0	-0.120959	-0.306785
1687001	1688000	1687501	277.0	-0.120438	-0.153044
1688001	1689000	1688501	293.0	-0.119917	-0.072030
1689001	1690000	1689501	294.0	-0.119395	-0.067114
1690001	1691000	1690501	308.0	-0.118874	0.000000
1691001	1692000	1691501	334.0	-0.118352	0.116918
1692001	1693000	1692501	357.0	-0.117831	0.212994
1693001	1694000	1693501	315.0	-0.117310	0.032421
1694001	1695000	1694501	312.0	-0.116788	0.018616
1695001	1696000	1695501	315.0	-0.116267	0.032421
1696001	1697000	1696501	270.0	-0.115746	-0.189971
1697001	1698000	1697501	368.0	-0.115224	0.256775
1698001	1699000	1698501	323.0	-0.114703	0.068604
1699001	1700000	1699501	255.0	-0.114181	-0.272433
1700001	1701000	1700501	297.0	-0.113660	-0.052467
1701001	1702000	1701501	361.0	-0.113139	0.229068
1702001	1703000	1702501	313.0	-0.112617	0.023232
1703001	1704000	1703501	355.0	-0.112096	0.204889
1704001	1705000	1704501	373.0	-0.111575	0.276245
1705001	1706000	1705501	305.0	-0.111053	-0.014121
1706001	1707000	1706501	417.0	-0.110532	0.437117
1707001	1708000	1707501	363.0	-0.110010	0.237039
1708001	1709000	1708501	218.0	-0.109489	-0.498602
1709001	1710000	1709501	284.0	-0.108968	-0.117039
1710001	1711000	1710501	288.0	-0.108446	-0.096862
1711001	1712000	1711501	266.0	-0.107925	-0.211504
1712001	1713000	1712501	329.0	-0.107404	0.095157
1713001	1714000	1713501	342.0	-0.106882	0.151066
1714001	1715000	1714501	322.0	-0.106361	0.064130
1715001	1716000	1715501	340.0	-0.105839	0.142604
1716001	1717000	1716501	250.0	-0.105318	-0.301002
1717001	1718000	1717501	239.0	-0.104797	-0.365920
1718001	1719000	1718501	290.0	-0.104275	-0.086877
1719001	1720000	1719501	289.0	-0.103754	-0.091861
1720001	1721000	1720501	276.0	-0.103233	-0.158262
1721001	1722000	1721501	346.0	-0.102711	0.167842
1722001	1723000	1722501	376.0	-0.102190	0.287802
1723001	1724000	1723501	325.0	-0.101668	0.077509
1724001	1725000	1724501	330.0	-0.101147	0.099536
1725001	1726000	1725501	356.0	-0.100626	0.208947
1726001	1727000	1726501	344.0	-0.100104	0.159478
1727001	1728000	1727501	383.0	-0.099583	0.314414
1728001	1729000	1728501	361.0	-0.099062	0.229068
1729001	1730000	1729501	257.0	-0.098540	-0.261162
1730001	1731000	1730501	266.0	-0.098019	-0.211504
1731001	1732000	1731501	270.0	-0.097497	-0.189971
1732001	1733000	1732501	205.0	-0.096976	-0.587306
1733001	1734000	1733501	279.0	-0.096455	-0.142665
1734001	1735000	1734501	268.0	-0.095933	-0.200697
1735001	1736000	1735501	362.0	-0.095412	0.233059
1736001	1737000	1736501	282.0	-0.094891	-0.127235
1737001	1738000	1737501	248.0	-0.094369	-0.312590
1738001	1739000	1738501	308.0	-0.093848	0.000000
1739001	1740000	1739501	273.0	-0.093326	-0.174029
1740001	1741000	1740501	303.0	-0.092805	-0.023613
1741001	1742000	1741501	418.0	-0.092284	0.440573
1742001	1743000	1742501	290.0	-0.091762	-0.086877
1743001	1744000	1743501	305.0	-0.091241	-0.014121
1744001	1745000	1744501	262.0	-0.090719	-0.233364
1745001	1746000	1745501	280.0	-0.090198	-0.137504
1746001	1747000	1746501	299.0	-0.089677	-0.042785
1747001	1748000	1747501	421.0	-0.089155	0.450890
1748001	1749000	1748501	369.0	-0.088634	0.260690
1749001	1750000	1749501	270.0	-0.088113	-0.189971
1750001	1751000	1750501	283.0	-0.087591	-0.122128
1751001	1752000	1751501	278.0	-0.087070	-0.147845
1752001	1753000	1752501	335.0	-0.086548	0.121231
1753001	1754000	1753501	383.0	-0.086027	0.314414
1754001	1755000	1754501	325.0	-0.085506	0.077509
1755001	1756000	1755501	289.0	-0.084984	-0.091861
1756001	1757000	1756501	348.0	-0.084463	0.176157
1757001	1758000	1757501	351.0	-0.083942	0.188541
1758001	1759000	1758501	313.0	-0.083420	0.023232
1759001	1760000	1759501	317.0	-0.082899	0.041552
1760001	1761000	1760501	256.0	-0.082377	-0.266787
1761001	1762000	1761501	286.0	-0.081856	-0.106915
1762001	1763000	1762501	282.0	-0.081335	-0.127235
1763001	1764000	1763501	242.0	-0.080813	-0.347923
1764001	1765000	1764501	235.0	-0.080292	-0.390270
1765001	1766000	1765501	268.0	-0.079771	-0.200697
1766001	1767000	1766501	311.0	-0.079249	0.013984
1767001	1768000	1767501	255.0	-0.078728	-0.272433
1768001	1769000	1768501	234.0	-0.078206	-0.396422
1769001	1770000	1769501	282.0	-0.077685	-0.127235
1770001	1771000	1770501	284.0	-0.077164	-0.117039
1771001	1772000	1771501	289.0	-0.076642	-0.091861
1772001	1773000	1772501	377.0	-0.076121	0.291634
1773001	1774000	1773501	451.0	-0.075600	0.550197
1774001	1775000	1774501	376.0	-0.075078	0.287802
1775001	1776000	1775501	335.0	-0.074557	0.121231
1776001	1777000	1776501	234.0	-0.074035	-0.396422
1777001	1778000	1777501	297.0	-0.073514	-0.052467
1778001	1779000	1778501	255.0	-0.072993	-0.272433
1779001	1780000	1779501	235.0	-0.072471	-0.390270
1780001	1781000	1780501	260.0	-0.071950	-0.244419
1781001	1782000	1781501	232.0	-0.071429	-0.408806
1782001	1783000	1782501	227.0	-0.070907	-0.440238
1783001	1784000	1783501	234.0	-0.070386	-0.396422
1784001	1785000	1784501	279.0	-0.069864	-0.142665
1785001	1786000	1785501	294.0	-0.069343	-0.067114
1786001	1787000	1786501	323.0	-0.068822	0.068604
1787001	1788000	1787501	248.0	-0.068300	-0.312590
1788001	1789000	1788501	273.0	-0.067779	-0.174029
1789001	1790000	1789501	284.0	-0.067258	-0.117039
1790001	1791000	1790501	215.0	-0.066736	-0.518594
1791001	1792000	1791501	321.0	-0.066215	0.059643
1792001	1793000	1792501	337.0	-0.065693	0.129818
1793001	1794000	1793501	325.0	-0.065172	0.077509
1794001	1795000	1794501	278.0	-0.064651	-0.147845
1795001	1796000	1795501	268.0	-0.064129	-0.200697
1796001	1797000	1796501	280.0	-0.063608	-0.137504
1797001	1798000	1797501	381.0	-0.063087	0.306861
1798001	1799000	1798501	391.0	-0.062565	0.344238
1799001	1800000	1799501	488.0	-0.062044	0.663951
1800001	1801000	1800501	528.0	-0.061522	0.777608
1801001	1802000	1801501	467.0	-0.061001	0.600492
1802001	1803000	1802501	297.0	-0.060480	-0.052467
1803001	1804000	1803501	198.0	-0.059958	-0.637430
1804001	1805000	1804501	395.0	-0.059437	0.358922
1805001	1806000	1805501	322.0	-0.058916	0.064130
1806001	1807000	1806501	282.0	-0.058394	-0.127235
1807001	1808000	1807501	345.0	-0.057873	0.163666
1808001	1809000	1808501	334.0	-0.057351	0.116918
1809001	1810000	1809501	356.0	-0.056830	0.208947
1810001	1811000	1810501	487.0	-0.056309	0.660991
1811001	1812000	1811501	458.0	-0.055787	0.572417
1812001	1813000	1812501	400.0	-0.055266	0.377070
1813001	1814000	1813501	248.0	-0.054745	-0.312590
1814001	1815000	1814501	240.0	-0.054223	-0.359896
1815001	1816000	1815501	240.0	-0.053702	-0.359896
1816001	1817000	1816501	271.0	-0.053180	-0.184637
1817001	1818000	1817501	244.0	-0.052659	-0.336049
1818001	1819000	1818501	319.0	-0.052138	0.050626
1819001	1820000	1819501	266.0	-0.051616	-0.211504
1820001	1821000	1820501	265.0	-0.051095	-0.216938
1821001	1822000	1821501	284.0	-0.050574	-0.117039
1822001	1823000	1822501	244.0	-0.050052	-0.336049
1823001	1824000	1823501	313.0	-0.049531	0.023232
1824001	1825000	1824501	249.0	-0.049009	-0.306785
1825001	1826000	1825501	313.0	-0.048488	0.023232
1826001	1827000	1826501	335.0	-0.047967	0.121231
1827001	1828000	1827501	330.0	-0.047445	0.099536
1828001	1829000	1828501	340.0	-0.046924	0.142604
1829001	1830000	1829501	251.0	-0.046403	-0.295243
1830001	1831000	1830501	319.0	-0.045881	0.050626
1831001	1832000	1831501	365.0	-0.045360	0.244966
1832001	1833000	1832501	365.0	-0.044838	0.244966
1833001	1834000	1833501	476.0	-0.044317	0.628031
1834001	1835000	1834501	442.0	-0.043796	0.521116
1835001	1836000	1835501	458.0	-0.043274	0.572417
1836001	1837000	1836501	555.0	-0.042753	0.849557
1837001	1838000	1837501	650.0	-0.042231	1.077509
1838001	1839000	1838501	509.0	-0.041710	0.724735
1839001	1840000	1839501	477.0	-0.041189	0.631059
1840001	1841000	1840501	385.0	-0.040667	0.321928
1841001	1842000	1841501	309.0	-0.040146	0.004676
1842001	1843000	1842501	335.0	-0.039625	0.121231
1843001	1844000	1843501	350.0	-0.039103	0.184425
1844001	1845000	1844501	369.0	-0.038582	0.260690
1845001	1846000	1845501	340.0	-0.038060	0.142604
1846001	1847000	1846501	323.0	-0.037539	0.068604
1847001	1848000	1847501	351.0	-0.037018	0.188541
1848001	1849000	1848501	300.0	-0.036496	-0.037968
1849001	1850000	1849501	292.0	-0.035975	-0.076962
1850001	1851000	1850501	262.0	-0.035454	-0.233364
1851001	1852000	1851501	279.0	-0.034932	-0.142665
1852001	1853000	1852501	285.0	-0.034411	-0.111968
1853001	1854000	1853501	334.0	-0.033889	0.116918
1854001	1855000	1854501	297.0	-0.033368	-0.052467
1855001	1856000	1855501	265.0	-0.032847	-0.216938
1856001	1857000	1856501	235.0	-0.032325	-0.390270
1857001	1858000	1857501	286.0	-0.031804	-0.106915
1858001	1859000	1858501	286.0	-0.031283	-0.106915
1859001	1860000	1859501	293.0	-0.030761	-0.072030
1860001	1861000	1860501	339.0	-0.030240	0.138355
1861001	1862000	1861501	342.0	-0.029718	0.151066
1862001	1863000	1862501	294.0	-0.029197	-0.067114
1863001	1864000	1863501	329.0	-0.028676	0.095157
1864001	1865000	1864501	284.0	-0.028154	-0.117039
1865001	1866000	1865501	317.0	-0.027633	0.041552
1866001	1867000	1866501	349.0	-0.027112	0.180297
1867001	1868000	1867501	340.0	-0.026590	0.142604
1868001	1869000	1868501	249.0	-0.026069	-0.306785
1869001	1870000	1869501	273.0	-0.025547	-0.174029
1870001	1871000	1870501	241.0	-0.025026	-0.353897
1871001	1872000	1871501	312.0	-0.024505	0.018616
1872001	1873000	1872501	330.0	-0.023983	0.099536
1873001	1874000	1873501	302.0	-0.023462	-0.028382
1874001	1875000	1874501	296.0	-0.022941	-0.057333
1875001	1876000	1875501	294.0	-0.022419	-0.067114
1876001	1877000	1876501	214.0	-0.021898	-0.525320
1877001	1878000	1877501	250.0	-0.021376	-0.301002
1878001	1879000	1878501	294.0	-0.020855	-0.067114
1879001	1880000	1879501	340.0	-0.020334	0.142604
1880001	1881000	1880501	401.0	-0.019812	0.380672
1881001	1882000	1881501	364.0	-0.019291	0.241008
1882001	1883000	1882501	259.0	-0.018770	-0.249978
1883001	1884000	1883501	272.0	-0.018248	-0.179324
1884001	1885000	1884501	316.0	-0.017727	0.036994
1885001	1886000	1885501	252.0	-0.017205	-0.289507
1886001	1887000	1886501	341.0	-0.016684	0.146841
1887001	1888000	1887501	354.0	-0.016163	0.200819
1888001	1889000	1888501	325.0	-0.015641	0.077509
1889001	1890000	1889501	400.0	-0.015120	0.377070
1890001	1891000	1890501	324.0	-0.014599	0.073063
1891001	1892000	1891501	311.0	-0.014077	0.013984
1892001	1893000	1892501	259.0	-0.013556	-0.249978
1893001	1894000	1893501	299.0	-0.013034	-0.042785
1894001	1895000	1894501	346.0	-0.012513	0.167842
1895001	1896000	1895501	412.0	-0.011992	0.419714
1896001	1897000	1896501	377.0	-0.011470	0.291634
1897001	1898000	1897501	329.0	-0.010949	0.095157
1898001	1899000	1898501	343.0	-0.010428	0.155278
1899001	1900000	1899501	381.0	-0.009906	0.306861
1900001	1901000	1900501	271.0	-0.009385	-0.184637
1901001	1902000	1901501	344.0	-0.008863	0.159478
1902001	1903000	1902501	209.0	-0.008342	-0.559427
1903001	1904000	1903501	246.0	-0.007821	-0.324272
1904001	1905000	1904501	321.0	-0.007299	0.059643
1905001	1906000	1905501	297.0	-0.006778	-0.052467
1906001	1907000	1906501	340.0	-0.006257	0.142604
1907001	1908000	1907501	323.0	-0.005735	0.068604
1908001	1909000	1908501	324.0	-0.005214	0.073063
1909001	1910000	1909501	273.0	-0.004692	-0.174029
1910001	1911000	1910501	254.0	-0.004171	-0.278102
1911001	1912000	1911501	290.0	-0.003650	-0.086877
1912001	1913000	1912501	293.0	-0.003128	-0.072030
1913001	1914000	1913501	313.0	-0.002607	0.023232
1914001	1915000	1914501	252.0	-0.002086	-0.289507
1915001	1916000	1915501	218.0	-0.001564	-0.498602
1916001	1917000	1916501	238.0	-0.001043	-0.371969
1917001	1918000	1917501	282.0	-0.000521	-0.127235
1918001	1919000	1918501	281.0	0.000000	-0.132360
1919001	1920000	1919501	348.0	0.000516	0.176157
1920001	1921000	1920501	252.0	0.001031	-0.289507
1921001	1922000	1921501	285.0	0.001547	-0.111968
1922001	1923000	1922501	281.0	0.002062	-0.132360
1923001	1924000	1923501	299.0	0.002578	-0.042785
1924001	1925000	1924501	259.0	0.003093	-0.249978
1925001	1926000	1925501	280.0	0.003609	-0.137504
1926001	1927000	1926501	332.0	0.004124	0.108253
1927001	1928000	1927501	236.0	0.004640	-0.384143
1928001	1929000	1928501	234.0	0.005155	-0.396422
1929001	1930000	1929501	232.0	0.005671	-0.408806
1930001	1931000	1930501	344.0	0.006186	0.159478
1931001	1932000	1931501	296.0	0.006702	-0.057333
1932001	1933000	1932501	283.0	0.007217	-0.122128
1933001	1934000	1933501	337.0	0.007733	0.129818
1934001	1935000	1934501	289.0	0.008249	-0.091861
1935001	1936000	1935501	249.0	0.008764	-0.306785
1936001	1937000	1936501	395.0	0.009280	0.358922
1937001	1938000	1937501	397.0	0.009795	0.366209
1938001	1939000	1938501	284.0	0.010311	-0.117039
1939001	1940000	1939501	361.0	0.010826	0.229068
1940001	1941000	1940501	309.0	0.011342	0.004676
1941001	1942000	1941501	259.0	0.011857	-0.249978
1942001	1943000	1942501	355.0	0.012373	0.204889
1943001	1944000	1943501	422.0	0.012888	0.454313
1944001	1945000	1944501	445.0	0.013404	0.530875
1945001	1946000	1945501	305.0	0.013919	-0.014121
1946001	1947000	1946501	281.0	0.014435	-0.132360
1947001	1948000	1947501	234.0	0.014950	-0.396422
1948001	1949000	1948501	273.0	0.015466	-0.174029
1949001	1950000	1949501	285.0	0.015981	-0.111968
1950001	1951000	1950501	268.0	0.016497	-0.200697
1951001	1952000	1951501	286.0	0.017013	-0.106915
1952001	1953000	1952501	300.0	0.017528	-0.037968
1953001	1954000	1953501	299.0	0.018044	-0.042785
1954001	1955000	1954501	282.0	0.018559	-0.127235
1955001	1956000	1955501	285.0	0.019075	-0.111968
1956001	1957000	1956501	256.0	0.019590	-0.266787
1957001	1958000	1957501	260.0	0.020106	-0.244419
1958001	1959000	1958501	255.0	0.020621	-0.272433
1959001	1960000	1959501	330.0	0.021137	0.099536
1960001	1961000	1960501	267.0	0.021652	-0.206091
1961001	1962000	1961501	215.0	0.022168	-0.518594
1962001	1963000	1962501	284.0	0.022683	-0.117039
1963001	1964000	1963501	277.0	0.023199	-0.153044
1964001	1965000	1964501	270.0	0.023714	-0.189971
1965001	1966000	1965501	252.0	0.024230	-0.289507
1966001	1967000	1966501	263.0	0.024746	-0.227868
1967001	1968000	1967501	281.0	0.025261	-0.132360
1968001	1969000	1968501	258.0	0.025777	-0.255559
1969001	1970000	1969501	254.0	0.026292	-0.278102
1970001	1971000	1970501	347.0	0.026808	0.172005
1971001	1972000	1971501	315.0	0.027323	0.032421
1972001	1973000	1972501	243.0	0.027839	-0.341974
1973001	1974000	1973501	211.0	0.028354	-0.545687
1974001	1975000	1974501	314.0	0.028870	0.027834
1975001	1976000	1975501	224.0	0.029385	-0.459432
1976001	1977000	1976501	234.0	0.029901	-0.396422
1977001	1978000	1977501	288.0	0.030416	-0.096862
1978001	1979000	1978501	351.0	0.030932	0.188541
1979001	1980000	1979501	272.0	0.031447	-0.179324
1980001	1981000	1980501	272.0	0.031963	-0.179324
1981001	1982000	1981501	284.0	0.032479	-0.117039
1982001	1983000	1982501	317.0	0.032994	0.041552
1983001	1984000	1983501	282.0	0.033510	-0.127235
1984001	1985000	1984501	267.0	0.034025	-0.206091
1985001	1986000	1985501	284.0	0.034541	-0.117039
1986001	1987000	1986501	300.0	0.035056	-0.037968
1987001	1988000	1987501	352.0	0.035572	0.192645
1988001	1989000	1988501	278.0	0.036087	-0.147845
1989001	1990000	1989501	281.0	0.036603	-0.132360
1990001	1991000	1990501	272.0	0.037118	-0.179324
1991001	1992000	1991501	282.0	0.037634	-0.127235
1992001	1993000	1992501	316.0	0.038149	0.036994
1993001	1994000	1993501	273.0	0.038665	-0.174029
1994001	1995000	1994501	320.0	0.039180	0.055142
1995001	1996000	1995501	324.0	0.039696	0.073063
1996001	1997000	1996501	327.0	0.040212	0.086360
1997001	1998000	1997501	268.0	0.040727	-0.200697
1998001	1999000	1998501	335.0	0.041243	0.121231
1999001	2000000	1999501	450.0	0.041758	0.546995
2000001	2001000	2000501	292.0	0.042274	-0.076962
2001001	2002000	2001501	351.0	0.042789	0.188541
2002001	2003000	2002501	237.0	0.043305	-0.378043
2003001	2004000	2003501	254.0	0.043820	-0.278102
2004001	2005000	2004501	267.0	0.044336	-0.206091
2005001	2006000	2005501	244.0	0.044851	-0.336049
2006001	2007000	2006501	227.0	0.045367	-0.440238
2007001	2008000	2007501	261.0	0.045882	-0.238881
2008001	2009000	2008501	319.0	0.046398	0.050626
2009001	2010000	2009501	355.0	0.046913	0.204889
2010001	2011000	2010501	270.0	0.047429	-0.189971
2011001	2012000	2011501	279.0	0.047944	-0.142665
2012001	2013000	2012501	345.0	0.048460	0.163666
2013001	2014000	2013501	392.0	0.048976	0.347923
2014001	2015000	2014501	406.0	0.049491	0.398549
2015001	2016000	2015501	233.0	0.050007	-0.402600
2016001	2017000	2016501	311.0	0.050522	0.013984
2017001	2018000	2017501	321.0	0.051038	0.059643
2018001	2019000	2018501	318.0	0.051553	0.046096
2019001	2020000	2019501	288.0	0.052069	-0.096862
2020001	2021000	2020501	240.0	0.052584	-0.359896
2021001	2022000	2021501	213.0	0.053100	-0.532077
2022001	2023000	2022501	253.0	0.053615	-0.283793
2023001	2024000	2023501	244.0	0.054131	-0.336049
2024001	2025000	2024501	245.0	0.054646	-0.330149
2025001	2026000	2025501	308.0	0.055162	0.000000
2026001	2027000	2026501	303.0	0.055677	-0.023613
2027001	2028000	2027501	259.0	0.056193	-0.249978
2028001	2029000	2028501	276.0	0.056709	-0.158262
2029001	2030000	2029501	295.0	0.057224	-0.062215
2030001	2031000	2030501	289.0	0.057740	-0.091861
2031001	2032000	2031501	248.0	0.058255	-0.312590
2032001	2033000	2032501	277.0	0.058771	-0.153044
2033001	2034000	2033501	301.0	0.059286	-0.033167
2034001	2035000	2034501	310.0	0.059802	0.009338
2035001	2036000	2035501	257.0	0.060317	-0.261162
2036001	2037000	2036501	282.0	0.060833	-0.127235
2037001	2038000	2037501	324.0	0.061348	0.073063
2038001	2039000	2038501	305.0	0.061864	-0.014121
2039001	2040000	2039501	295.0	0.062379	-0.062215
2040001	2041000	2040501	274.0	0.062895	-0.168754
2041001	2042000	2041501	244.0	0.063410	-0.336049
2042001	2043000	2042501	280.0	0.063926	-0.137504
2043001	2044000	2043501	286.0	0.064442	-0.106915
2044001	2045000	2044501	313.0	0.064957	0.023232
2045001	2046000	2045501	348.0	0.065473	0.176157
2046001	2047000	2046501	328.0	0.065988	0.090765
2047001	2048000	2047501	313.0	0.066504	0.023232
2048001	2049000	2048501	282.0	0.067019	-0.127235
2049001	2050000	2049501	419.0	0.067535	0.444020
2050001	2051000	2050501	466.0	0.068050	0.597400
2051001	2052000	2051501	341.0	0.068566	0.146841
2052001	2053000	2052501	435.0	0.069081	0.498085
2053001	2054000	2053501	610.0	0.069597	0.985879
2054001	2055000	2054501	524.0	0.070112	0.766636
2055001	2056000	2055501	523.0	0.070628	0.763881
2056001	2057000	2056501	428.0	0.071143	0.474680
2057001	2058000	2057501	326.0	0.071659	0.081942
2058001	2059000	2058501	293.0	0.072175	-0.072030
2059001	2060000	2059501	281.0	0.072690	-0.132360
2060001	2061000	2060501	275.0	0.073206	-0.163499
2061001	2062000	2061501	283.0	0.073721	-0.122128
2062001	2063000	2062501	310.0	0.074237	0.009338
2063001	2064000	2063501	290.0	0.074752	-0.086877
2064001	2065000	2064501	323.0	0.075268	0.068604
2065001	2066000	2065501	256.0	0.075783	-0.266787
2066001	2067000	2066501	332.0	0.076299	0.108253
2067001	2068000	2067501	353.0	0.076814	0.196738
2068001	2069000	2068501	281.0	0.077330	-0.132360
2069001	2070000	2069501	312.0	0.077845	0.018616
2070001	2071000	2070501	238.0	0.078361	-0.371969
2071001	2072000	2071501	318.0	0.078876	0.046096
2072001	2073000	2072501	375.0	0.079392	0.283960
2073001	2074000	2073501	344.0	0.079907	0.159478
2074001	2075000	2074501	319.0	0.080423	0.050626
2075001	2076000	2075501	371.0	0.080939	0.268489
2076001	2077000	2076501	313.0	0.081454	0.023232
2077001	2078000	2077501	371.0	0.081970	0.268489
2078001	2079000	2078501	309.0	0.082485	0.004676
2079001	2080000	2079501	331.0	0.083001	0.103901
2080001	2081000	2080501	318.0	0.083516	0.046096
2081001	2082000	2081501	338.0	0.084032	0.134093
2082001	2083000	2082501	279.0	0.084547	-0.142665
2083001	2084000	2083501	255.0	0.085063	-0.272433
2084001	2085000	2084501	257.0	0.085578	-0.261162
2085001	2086000	2085501	297.0	0.086094	-0.052467
2086001	2087000	2086501	289.0	0.086609	-0.091861
2087001	2088000	2087501	254.0	0.087125	-0.278102
2088001	2089000	2088501	307.0	0.087640	-0.004692
2089001	2090000	2089501	286.0	0.088156	-0.106915
2090001	2091000	2090501	283.0	0.088672	-0.122128
2091001	2092000	2091501	299.0	0.089187	-0.042785
2092001	2093000	2092501	251.0	0.089703	-0.295243
2093001	2094000	2093501	291.0	0.090218	-0.081911
2094001	2095000	2094501	221.0	0.090734	-0.478884
2095001	2096000	2095501	229.0	0.091249	-0.427583
2096001	2097000	2096501	314.0	0.091765	0.027834
2097001	2098000	2097501	287.0	0.092280	-0.101880
2098001	2099000	2098501	337.0	0.092796	0.129818
2099001	2100000	2099501	333.0	0.093311	0.112592
2100001	2101000	2100501	303.0	0.093827	-0.023613
2101001	2102000	2101501	299.0	0.094342	-0.042785
2102001	2103000	2102501	301.0	0.094858	-0.033167
2103001	2104000	2103501	267.0	0.095373	-0.206091
2104001	2105000	2104501	185.0	0.095889	-0.735405
2105001	2106000	2105501	282.0	0.096405	-0.127235
2106001	2107000	2106501	282.0	0.096920	-0.127235
2107001	2108000	2107501	312.0	0.097436	0.018616
2108001	2109000	2108501	313.0	0.097951	0.023232
2109001	2110000	2109501	330.0	0.098467	0.099536
2110001	2111000	2110501	337.0	0.098982	0.129818
2111001	2112000	2111501	289.0	0.099498	-0.091861
2112001	2113000	2112501	368.0	0.100013	0.256775
2113001	2114000	2113501	389.0	0.100529	0.336840
2114001	2115000	2114501	316.0	0.101044	0.036994
2115001	2116000	2115501	344.0	0.101560	0.159478
2116001	2117000	2116501	270.0	0.102075	-0.189971
2117001	2118000	2117501	278.0	0.102591	-0.147845
2118001	2119000	2118501	236.0	0.103106	-0.384143
2119001	2120000	2119501	331.0	0.103622	0.103901
2120001	2121000	2120501	331.0	0.104138	0.103901
2121001	2122000	2121501	286.0	0.104653	-0.106915
2122001	2123000	2122501	255.0	0.105169	-0.272433
2123001	2124000	2123501	272.0	0.105684	-0.179324
2124001	2125000	2124501	251.0	0.106200	-0.295243
2125001	2126000	2125501	330.0	0.106715	0.099536
2126001	2127000	2126501	287.0	0.107231	-0.101880
2127001	2128000	2127501	364.0	0.107746	0.241008
2128001	2129000	2128501	316.0	0.108262	0.036994
2129001	2130000	2129501	337.0	0.108777	0.129818
2130001	2131000	2130501	305.0	0.109293	-0.014121
2131001	2132000	2131501	429.0	0.109808	0.478047
2132001	2133000	2132501	383.0	0.110324	0.314414
2133001	2134000	2133501	325.0	0.110839	0.077509
2134001	2135000	2134501	271.0	0.111355	-0.184637
2135001	2136000	2135501	215.0	0.111870	-0.518594
2136001	2137000	2136501	246.0	0.112386	-0.324272
2137001	2138000	2137501	295.0	0.112902	-0.062215
2138001	2139000	2138501	316.0	0.113417	0.036994
2139001	2140000	2139501	298.0	0.113933	-0.047618
2140001	2141000	2140501	396.0	0.114448	0.362570
2141001	2142000	2141501	282.0	0.114964	-0.127235
2142001	2143000	2142501	330.0	0.115479	0.099536
2143001	2144000	2143501	303.0	0.115995	-0.023613
2144001	2145000	2144501	268.0	0.116510	-0.200697
2145001	2146000	2145501	300.0	0.117026	-0.037968
2146001	2147000	2146501	287.0	0.117541	-0.101880
2147001	2148000	2147501	287.0	0.118057	-0.101880
2148001	2149000	2148501	279.0	0.118572	-0.142665
2149001	2150000	2149501	229.0	0.119088	-0.427583
2150001	2151000	2150501	230.0	0.119603	-0.421296
2151001	2152000	2151501	227.0	0.120119	-0.440238
2152001	2153000	2152501	250.0	0.120635	-0.301002
2153001	2154000	2153501	323.0	0.121150	0.068604
2154001	2155000	2154501	320.0	0.121666	0.055142
2155001	2156000	2155501	301.0	0.122181	-0.033167
2156001	2157000	2156501	287.0	0.122697	-0.101880
2157001	2158000	2157501	313.0	0.123212	0.023232
2158001	2159000	2158501	366.0	0.123728	0.248913
2159001	2160000	2159501	320.0	0.124243	0.055142
2160001	2161000	2160501	272.0	0.124759	-0.179324
2161001	2162000	2161501	317.0	0.125274	0.041552
2162001	2163000	2162501	319.0	0.125790	0.050626
2163001	2164000	2163501	274.0	0.126305	-0.168754
2164001	2165000	2164501	331.0	0.126821	0.103901
2165001	2166000	2165501	301.0	0.127336	-0.033167
2166001	2167000	2166501	367.0	0.127852	0.252850
2167001	2168000	2167501	305.0	0.128368	-0.014121
2168001	2169000	2168501	508.0	0.128883	0.721898
2169001	2170000	2169501	403.0	0.129399	0.387849
2170001	2171000	2170501	346.0	0.129914	0.167842
2171001	2172000	2171501	465.0	0.130430	0.594300
2172001	2173000	2172501	405.0	0.130945	0.394992
2173001	2174000	2173501	500.0	0.131461	0.698998
2174001	2175000	2174501	334.0	0.131976	0.116918
2175001	2176000	2175501	324.0	0.132492	0.073063
2176001	2177000	2176501	316.0	0.133007	0.036994
2177001	2178000	2177501	277.0	0.133523	-0.153044
2178001	2179000	2178501	286.0	0.134038	-0.106915
2179001	2180000	2179501	269.0	0.134554	-0.195324
2180001	2181000	2180501	311.0	0.135069	0.013984
2181001	2182000	2181501	305.0	0.135585	-0.014121
2182001	2183000	2182501	307.0	0.136101	-0.004692
2183001	2184000	2183501	278.0	0.136616	-0.147845
2184001	2185000	2184501	288.0	0.137132	-0.096862
2185001	2186000	2185501	260.0	0.137647	-0.244419
2186001	2187000	2186501	319.0	0.138163	0.050626
2187001	2188000	2187501	350.0	0.138678	0.184425
2188001	2189000	2188501	309.0	0.139194	0.004676
2189001	2190000	2189501	242.0	0.139709	-0.347923
2190001	2191000	2190501	278.0	0.140225	-0.147845
2191001	2192000	2191501	347.0	0.140740	0.172005
2192001	2193000	2192501	237.0	0.141256	-0.378043
2193001	2194000	2193501	263.0	0.141771	-0.227868
2194001	2195000	2194501	310.0	0.142287	0.009338
2195001	2196000	2195501	290.0	0.142802	-0.086877
2196001	2197000	2196501	276.0	0.143318	-0.158262
2197001	2198000	2197501	236.0	0.143833	-0.384143
2198001	2199000	2198501	367.0	0.144349	0.252850
2199001	2200000	2199501	294.0	0.144865	-0.067114
2200001	2201000	2200501	230.0	0.145380	-0.421296
2201001	2202000	2201501	299.0	0.145896	-0.042785
2202001	2203000	2202501	304.0	0.146411	-0.018859
2203001	2204000	2203501	367.0	0.146927	0.252850
2204001	2205000	2204501	375.0	0.147442	0.283960
2205001	2206000	2205501	394.0	0.147958	0.355265
2206001	2207000	2206501	296.0	0.148473	-0.057333
2207001	2208000	2207501	359.0	0.148989	0.221053
2208001	2209000	2208501	365.0	0.149504	0.244966
2209001	2210000	2209501	265.0	0.150020	-0.216938
2210001	2211000	2210501	236.0	0.150535	-0.384143
2211001	2212000	2211501	324.0	0.151051	0.073063
2212001	2213000	2212501	261.0	0.151566	-0.238881
2213001	2214000	2213501	266.0	0.152082	-0.211504
2214001	2215000	2214501	275.0	0.152598	-0.163499
2215001	2216000	2215501	272.0	0.153113	-0.179324
2216001	2217000	2216501	258.0	0.153629	-0.255559
2217001	2218000	2217501	253.0	0.154144	-0.283793
2218001	2219000	2218501	328.0	0.154660	0.090765
2219001	2220000	2219501	306.0	0.155175	-0.009399
2220001	2221000	2220501	261.0	0.155691	-0.238881
2221001	2222000	2221501	366.0	0.156206	0.248913
2222001	2223000	2222501	367.0	0.156722	0.252850
2223001	2224000	2223501	304.0	0.157237	-0.018859
2224001	2225000	2224501	243.0	0.157753	-0.341974
2225001	2226000	2225501	282.0	0.158268	-0.127235
2226001	2227000	2226501	332.0	0.158784	0.108253
2227001	2228000	2227501	296.0	0.159299	-0.057333
2228001	2229000	2228501	270.0	0.159815	-0.189971
2229001	2230000	2229501	271.0	0.160331	-0.184637
2230001	2231000	2230501	273.0	0.160846	-0.174029
2231001	2232000	2231501	288.0	0.161362	-0.096862
2232001	2233000	2232501	230.0	0.161877	-0.421296
2233001	2234000	2233501	273.0	0.162393	-0.174029
2234001	2235000	2234501	292.0	0.162908	-0.076962
2235001	2236000	2235501	285.0	0.163424	-0.111968
2236001	2237000	2236501	268.0	0.163939	-0.200697
2237001	2238000	2237501	272.0	0.164455	-0.179324
2238001	2239000	2238501	299.0	0.164970	-0.042785
2239001	2240000	2239501	249.0	0.165486	-0.306785
2240001	2241000	2240501	301.0	0.166001	-0.033167
2241001	2242000	2241501	249.0	0.166517	-0.306785
2242001	2243000	2242501	306.0	0.167032	-0.009399
2243001	2244000	2243501	376.0	0.167548	0.287802
2244001	2245000	2244501	303.0	0.168064	-0.023613
2245001	2246000	2245501	280.0	0.168579	-0.137504
2246001	2247000	2246501	285.0	0.169095	-0.111968
2247001	2248000	2247501	243.0	0.169610	-0.341974
2248001	2249000	2248501	251.0	0.170126	-0.295243
2249001	2250000	2249501	243.0	0.170641	-0.341974
2250001	2251000	2250501	288.0	0.171157	-0.096862
2251001	2252000	2251501	281.0	0.171672	-0.132360
2252001	2253000	2252501	248.0	0.172188	-0.312590
2253001	2254000	2253501	281.0	0.172703	-0.132360
2254001	2255000	2254501	250.0	0.173219	-0.301002
2255001	2256000	2255501	286.0	0.173734	-0.106915
2256001	2257000	2256501	390.0	0.174250	0.340544
2257001	2258000	2257501	437.0	0.174765	0.504703
2258001	2259000	2258501	302.0	0.175281	-0.028382
2259001	2260000	2259501	408.0	0.175796	0.405639
2260001	2261000	2260501	345.0	0.176312	0.163666
2261001	2262000	2261501	317.0	0.176828	0.041552
2262001	2263000	2262501	357.0	0.177343	0.212994
2263001	2264000	2263501	348.0	0.177859	0.176157
2264001	2265000	2264501	285.0	0.178374	-0.111968
2265001	2266000	2265501	384.0	0.178890	0.318176
2266001	2267000	2266501	367.0	0.179405	0.252850
2267001	2268000	2267501	283.0	0.179921	-0.122128
2268001	2269000	2268501	376.0	0.180436	0.287802
2269001	2270000	2269501	385.0	0.180952	0.321928
2270001	2271000	2270501	404.0	0.181467	0.391425
2271001	2272000	2271501	356.0	0.181983	0.208947
2272001	2273000	2272501	317.0	0.182498	0.041552
2273001	2274000	2273501	252.0	0.183014	-0.289507
2274001	2275000	2274501	222.0	0.183529	-0.472371
2275001	2276000	2275501	225.0	0.184045	-0.453005
2276001	2277000	2276501	305.0	0.184561	-0.014121
2277001	2278000	2277501	319.0	0.185076	0.050626
2278001	2279000	2278501	279.0	0.185592	-0.142665
2279001	2280000	2279501	385.0	0.186107	0.321928
2280001	2281000	2280501	341.0	0.186623	0.146841
2281001	2282000	2281501	289.0	0.187138	-0.091861
2282001	2283000	2282501	309.0	0.187654	0.004676
2283001	2284000	2283501	305.0	0.188169	-0.014121
2284001	2285000	2284501	261.0	0.188685	-0.238881
2285001	2286000	2285501	328.0	0.189200	0.090765
2286001	2287000	2286501	362.0	0.189716	0.233059
2287001	2288000	2287501	291.0	0.190231	-0.081911
2288001	2289000	2288501	273.0	0.190747	-0.174029
2289001	2290000	2289501	294.0	0.191262	-0.067114
2290001	2291000	2290501	331.0	0.191778	0.103901
2291001	2292000	2291501	338.0	0.192294	0.134093
2292001	2293000	2292501	344.0	0.192809	0.159478
2293001	2294000	2293501	343.0	0.193325	0.155278
2294001	2295000	2294501	310.0	0.193840	0.009338
2295001	2296000	2295501	292.0	0.194356	-0.076962
2296001	2297000	2296501	353.0	0.194871	0.196738
2297001	2298000	2297501	324.0	0.195387	0.073063
2298001	2299000	2298501	231.0	0.195902	-0.415037
2299001	2300000	2299501	385.0	0.196418	0.321928
2300001	2301000	2300501	322.0	0.196933	0.064130
2301001	2302000	2301501	280.0	0.197449	-0.137504
2302001	2303000	2302501	316.0	0.197964	0.036994
2303001	2304000	2303501	263.0	0.198480	-0.227868
2304001	2305000	2304501	224.0	0.198995	-0.459432
2305001	2306000	2305501	251.0	0.199511	-0.295243
2306001	2307000	2306501	186.0	0.200026	-0.727628
2307001	2308000	2307501	259.0	0.200542	-0.249978
2308001	2309000	2308501	317.0	0.201058	0.041552
2309001	2310000	2309501	373.0	0.201573	0.276245
2310001	2311000	2310501	252.0	0.202089	-0.289507
2311001	2312000	2311501	318.0	0.202604	0.046096
2312001	2313000	2312501	325.0	0.203120	0.077509
2313001	2314000	2313501	346.0	0.203635	0.167842
2314001	2315000	2314501	364.0	0.204151	0.241008
2315001	2316000	2315501	471.0	0.204666	0.612797
2316001	2317000	2316501	361.0	0.205182	0.229068
2317001	2318000	2317501	246.0	0.205697	-0.324272
2318001	2319000	2318501	236.0	0.206213	-0.384143
2319001	2320000	2319501	258.0	0.206728	-0.255559
2320001	2321000	2320501	340.0	0.207244	0.142604
2321001	2322000	2321501	306.0	0.207759	-0.009399
2322001	2323000	2322501	283.0	0.208275	-0.122128
2323001	2324000	2323501	296.0	0.208791	-0.057333
2324001	2325000	2324501	292.0	0.209306	-0.076962
2325001	2326000	2325501	334.0	0.209822	0.116918
2326001	2327000	2326501	312.0	0.210337	0.018616
2327001	2328000	2327501	318.0	0.210853	0.046096
2328001	2329000	2328501	296.0	0.211368	-0.057333
2329001	2330000	2329501	321.0	0.211884	0.059643
2330001	2331000	2330501	286.0	0.212399	-0.106915
2331001	2332000	2331501	253.0	0.212915	-0.283793
2332001	2333000	2332501	292.0	0.213430	-0.076962
2333001	2334000	2333501	306.0	0.213946	-0.009399
2334001	2335000	2334501	242.0	0.214461	-0.347923
2335001	2336000	2335501	288.0	0.214977	-0.096862
2336001	2337000	2336501	342.0	0.215492	0.151066
2337001	2338000	2337501	246.0	0.216008	-0.324272
2338001	2339000	2338501	282.0	0.216524	-0.127235
2339001	2340000	2339501	294.0	0.217039	-0.067114
2340001	2341000	2340501	240.0	0.217555	-0.359896
2341001	2342000	2341501	284.0	0.218070	-0.117039
2342001	2343000	2342501	343.0	0.218586	0.155278
2343001	2344000	2343501	339.0	0.219101	0.138355
2344001	2345000	2344501	318.0	0.219617	0.046096
2345001	2346000	2345501	263.0	0.220132	-0.227868
2346001	2347000	2346501	315.0	0.220648	0.032421
2347001	2348000	2347501	361.0	0.221163	0.229068
2348001	2349000	2348501	292.0	0.221679	-0.076962
2349001	2350000	2349501	298.0	0.222194	-0.047618
2350001	2351000	2350501	310.0	0.222710	0.009338
2351001	2352000	2351501	278.0	0.223225	-0.147845
2352001	2353000	2352501	332.0	0.223741	0.108253
2353001	2354000	2353501	227.0	0.224257	-0.440238
2354001	2355000	2354501	292.0	0.224772	-0.076962
2355001	2356000	2355501	271.0	0.225288	-0.184637
2356001	2357000	2356501	320.0	0.225803	0.055142
2357001	2358000	2357501	328.0	0.226319	0.090765
2358001	2359000	2358501	267.0	0.226834	-0.206091
2359001	2360000	2359501	285.0	0.227350	-0.111968
2360001	2361000	2360501	294.0	0.227865	-0.067114
2361001	2362000	2361501	285.0	0.228381	-0.111968
2362001	2363000	2362501	239.0	0.228896	-0.365920
2363001	2364000	2363501	275.0	0.229412	-0.163499
2364001	2365000	2364501	212.0	0.229927	-0.538866
2365001	2366000	2365501	202.0	0.230443	-0.608575
2366001	2367000	2366501	195.0	0.230958	-0.659456
2367001	2368000	2367501	260.0	0.231474	-0.244419
2368001	2369000	2368501	265.0	0.231989	-0.216938
2369001	2370000	2369501	251.0	0.232505	-0.295243
2370001	2371000	2370501	262.0	0.233021	-0.233364
2371001	2372000	2371501	345.0	0.233536	0.163666
2372001	2373000	2372501	264.0	0.234052	-0.222392
2373001	2374000	2373501	269.0	0.234567	-0.195324
2374001	2375000	2374501	258.0	0.235083	-0.255559
2375001	2376000	2375501	344.0	0.235598	0.159478
2376001	2377000	2376501	345.0	0.236114	0.163666
2377001	2378000	2377501	294.0	0.236629	-0.067114
2378001	2379000	2378501	367.0	0.237145	0.252850
2379001	2380000	2379501	350.0	0.237660	0.184425
2380001	2381000	2380501	335.0	0.238176	0.121231
2381001	2382000	2381501	346.0	0.238691	0.167842
2382001	2383000	2382501	360.0	0.239207	0.225067
2383001	2384000	2383501	353.0	0.239722	0.196738
2384001	2385000	2384501	264.0	0.240238	-0.222392
2385001	2386000	2385501	252.0	0.240754	-0.289507
2386001	2387000	2386501	276.0	0.241269	-0.158262
2387001	2388000	2387501	271.0	0.241785	-0.184637
2388001	2389000	2388501	309.0	0.242300	0.004676
2389001	2390000	2389501	368.0	0.242816	0.256775
2390001	2391000	2390501	371.0	0.243331	0.268489
2391001	2392000	2391501	333.0	0.243847	0.112592
2392001	2393000	2392501	372.0	0.244362	0.272372
2393001	2394000	2393501	415.0	0.244878	0.430181
2394001	2395000	2394501	419.0	0.245393	0.444020
2395001	2396000	2395501	345.0	0.245909	0.163666
2396001	2397000	2396501	316.0	0.246424	0.036994
2397001	2398000	2397501	342.0	0.246940	0.151066
2398001	2399000	2398501	369.0	0.247455	0.260690
2399001	2400000	2399501	319.0	0.247971	0.050626
2400001	2401000	2400501	321.0	0.248487	0.059643
2401001	2402000	2401501	383.0	0.249002	0.314414
2402001	2403000	2402501	367.0	0.249518	0.252850
2403001	2404000	2403501	300.0	0.250033	-0.037968
2404001	2405000	2404501	244.0	0.250549	-0.336049
2405001	2406000	2405501	275.0	0.251064	-0.163499
2406001	2407000	2406501	333.0	0.251580	0.112592
2407001	2408000	2407501	272.0	0.252095	-0.179324
2408001	2409000	2408501	346.0	0.252611	0.167842
2409001	2410000	2409501	321.0	0.253126	0.059643
2410001	2411000	2410501	318.0	0.253642	0.046096
2411001	2412000	2411501	298.0	0.254157	-0.047618
2412001	2413000	2412501	304.0	0.254673	-0.018859
2413001	2414000	2413501	341.0	0.255188	0.146841
2414001	2415000	2414501	361.0	0.255704	0.229068
2415001	2416000	2415501	344.0	0.256220	0.159478
2416001	2417000	2416501	279.0	0.256735	-0.142665
2417001	2418000	2417501	381.0	0.257251	0.306861
2418001	2419000	2418501	292.0	0.257766	-0.076962
2419001	2420000	2419501	239.0	0.258282	-0.365920
2420001	2421000	2420501	326.0	0.258797	0.081942
2421001	2422000	2421501	369.0	0.259313	0.260690
2422001	2423000	2422501	328.0	0.259828	0.090765
2423001	2424000	2423501	294.0	0.260344	-0.067114
2424001	2425000	2424501	267.0	0.260859	-0.206091
2425001	2426000	2425501	267.0	0.261375	-0.206091
2426001	2427000	2426501	278.0	0.261890	-0.147845
2427001	2428000	2427501	235.0	0.262406	-0.390270
2428001	2429000	2428501	273.0	0.262921	-0.174029
2429001	2430000	2429501	269.0	0.263437	-0.195324
2430001	2431000	2430501	262.0	0.263952	-0.233364
2431001	2432000	2431501	280.0	0.264468	-0.137504
2432001	2433000	2432501	386.0	0.264984	0.325670
2433001	2434000	2433501	394.0	0.265499	0.355265
2434001	2435000	2434501	302.0	0.266015	-0.028382
2435001	2436000	2435501	317.0	0.266530	0.041552
2436001	2437000	2436501	282.0	0.267046	-0.127235
2437001	2438000	2437501	306.0	0.267561	-0.009399
2438001	2439000	2438501	296.0	0.268077	-0.057333
2439001	2440000	2439501	308.0	0.268592	0.000000
2440001	2441000	2440501	266.0	0.269108	-0.211504
2441001	2442000	2441501	321.0	0.269623	0.059643
2442001	2443000	2442501	297.0	0.270139	-0.052467
2443001	2444000	2443501	355.0	0.270654	0.204889
2444001	2445000	2444501	361.0	0.271170	0.229068
2445001	2446000	2445501	359.0	0.271685	0.221053
2446001	2447000	2446501	464.0	0.272201	0.591194
2447001	2448000	2447501	388.0	0.272717	0.333126
2448001	2449000	2448501	279.0	0.273232	-0.142665
2449001	2450000	2449501	323.0	0.273748	0.068604
2450001	2451000	2450501	280.0	0.274263	-0.137504
2451001	2452000	2451501	259.0	0.274779	-0.249978
2452001	2453000	2452501	351.0	0.275294	0.188541
2453001	2454000	2453501	363.0	0.275810	0.237039
2454001	2455000	2454501	422.0	0.276325	0.454313
2455001	2456000	2455501	491.0	0.276841	0.672793
2456001	2457000	2456501	374.0	0.277356	0.280108
2457001	2458000	2457501	268.0	0.277872	-0.200697
2458001	2459000	2458501	292.0	0.278387	-0.076962
2459001	2460000	2459501	367.0	0.278903	0.252850
2460001	2461000	2460501	311.0	0.279418	0.013984
2461001	2462000	2461501	324.0	0.279934	0.073063
2462001	2463000	2462501	421.0	0.280450	0.450890
2463001	2464000	2463501	558.0	0.280965	0.857335
2464001	2465000	2464501	494.0	0.281481	0.681581
2465001	2466000	2465501	374.0	0.281996	0.280108
2466001	2467000	2466501	412.0	0.282512	0.419714
2467001	2468000	2467501	317.0	0.283027	0.041552
2468001	2469000	2468501	350.0	0.283543	0.184425
2469001	2470000	2469501	349.0	0.284058	0.180297
2470001	2471000	2470501	275.0	0.284574	-0.163499
2471001	2472000	2471501	339.0	0.285089	0.138355
2472001	2473000	2472501	321.0	0.285605	0.059643
2473001	2474000	2473501	280.0	0.286120	-0.137504
2474001	2475000	2474501	373.0	0.286636	0.276245
2475001	2476000	2475501	430.0	0.287151	0.481406
2476001	2477000	2476501	335.0	0.287667	0.121231
2477001	2478000	2477501	343.0	0.288183	0.155278
2478001	2479000	2478501	324.0	0.288698	0.073063
2479001	2480000	2479501	405.0	0.289214	0.394992
2480001	2481000	2480501	379.0	0.289729	0.299267
2481001	2482000	2481501	396.0	0.290245	0.362570
2482001	2483000	2482501	367.0	0.290760	0.252850
2483001	2484000	2483501	414.0	0.291276	0.426700
2484001	2485000	2484501	284.0	0.291791	-0.117039
2485001	2486000	2485501	241.0	0.292307	-0.353897
2486001	2487000	2486501	286.0	0.292822	-0.106915
2487001	2488000	2487501	323.0	0.293338	0.068604
2488001	2489000	2488501	316.0	0.293853	0.036994
2489001	2490000	2489501	316.0	0.294369	0.036994
2490001	2491000	2490501	295.0	0.294884	-0.062215
2491001	2492000	2491501	361.0	0.295400	0.229068
2492001	2493000	2492501	388.0	0.295915	0.333126
2493001	2494000	2493501	369.0	0.296431	0.260690
2494001	2495000	2494501	391.0	0.296947	0.344238
2495001	2496000	2495501	422.0	0.297462	0.454313
2496001	2497000	2496501	507.0	0.297978	0.719055
2497001	2498000	2497501	400.0	0.298493	0.377070
2498001	2499000	2498501	473.0	0.299009	0.618910
2499001	2500000	2499501	388.0	0.299524	0.333126
2500001	2501000	2500501	391.0	0.300040	0.344238
2501001	2502000	2501501	365.0	0.300555	0.244966
2502001	2503000	2502501	226.0	0.301071	-0.446608
2503001	2504000	2503501	222.0	0.301586	-0.472371
2504001	2505000	2504501	309.0	0.302102	0.004676
2505001	2506000	2505501	345.0	0.302617	0.163666
2506001	2507000	2506501	314.0	0.303133	0.027834
2507001	2508000	2507501	308.0	0.303648	0.000000
2508001	2509000	2508501	264.0	0.304164	-0.222392
2509001	2510000	2509501	253.0	0.304680	-0.283793
2510001	2511000	2510501	290.0	0.305195	-0.086877
2511001	2512000	2511501	284.0	0.305711	-0.117039
2512001	2513000	2512501	297.0	0.306226	-0.052467
2513001	2514000	2513501	307.0	0.306742	-0.004692
2514001	2515000	2514501	330.0	0.307257	0.099536
2515001	2516000	2515501	375.0	0.307773	0.283960
2516001	2517000	2516501	313.0	0.308288	0.023232
2517001	2518000	2517501	363.0	0.308804	0.237039
2518001	2519000	2518501	433.0	0.309319	0.491437
2519001	2520000	2519501	497.0	0.309835	0.690316
2520001	2521000	2520501	456.0	0.310350	0.566103
2521001	2522000	2521501	507.0	0.310866	0.719055
2522001	2523000	2522501	580.0	0.311381	0.913123
2523001	2524000	2523501	510.0	0.311897	0.727567
2524001	2525000	2524501	496.0	0.312413	0.687410
2525001	2526000	2525501	524.0	0.312928	0.766636
2526001	2527000	2526501	389.0	0.313444	0.336840
2527001	2528000	2527501	353.0	0.313959	0.196738
2528001	2529000	2528501	303.0	0.314475	-0.023613
2529001	2530000	2529501	296.0	0.314990	-0.057333
2530001	2531000	2530501	299.0	0.315506	-0.042785
2531001	2532000	2531501	295.0	0.316021	-0.062215
2532001	2533000	2532501	231.0	0.316537	-0.415037
2533001	2534000	2533501	305.0	0.317052	-0.014121
2534001	2535000	2534501	308.0	0.317568	0.000000
2535001	2536000	2535501	310.0	0.318083	0.009338
2536001	2537000	2536501	285.0	0.318599	-0.111968
2537001	2538000	2537501	260.0	0.319114	-0.244419
2538001	2539000	2538501	392.0	0.319630	0.347923
2539001	2540000	2539501	471.0	0.320146	0.612797
2540001	2541000	2540501	525.0	0.320661	0.769387
2541001	2542000	2541501	279.0	0.321177	-0.142665
2542001	2543000	2542501	305.0	0.321692	-0.014121
2543001	2544000	2543501	359.0	0.322208	0.221053
2544001	2545000	2544501	308.0	0.322723	0.000000
2545001	2546000	2545501	310.0	0.323239	0.009338
2546001	2547000	2546501	275.0	0.323754	-0.163499
2547001	2548000	2547501	234.0	0.324270	-0.396422
2548001	2549000	2548501	317.0	0.324785	0.041552
2549001	2550000	2549501	312.0	0.325301	0.018616
2550001	2551000	2550501	273.0	0.325816	-0.174029
2551001	2552000	2551501	250.0	0.326332	-0.301002
2552001	2553000	2552501	285.0	0.326847	-0.111968
2553001	2554000	2553501	316.0	0.327363	0.036994
2554001	2555000	2554501	374.0	0.327878	0.280108
2555001	2556000	2555501	325.0	0.328394	0.077509
2556001	2557000	2556501	293.0	0.328910	-0.072030
2557001	2558000	2557501	248.0	0.329425	-0.312590
2558001	2559000	2558501	260.0	0.329941	-0.244419
2559001	2560000	2559501	314.0	0.330456	0.027834
2560001	2561000	2560501	321.0	0.330972	0.059643
2561001	2562000	2561501	308.0	0.331487	0.000000
2562001	2563000	2562501	411.0	0.332003	0.416208
2563001	2564000	2563501	271.0	0.332518	-0.184637
2564001	2565000	2564501	268.0	0.333034	-0.200697
2565001	2566000	2565501	305.0	0.333549	-0.014121
2566001	2567000	2566501	335.0	0.334065	0.121231
2567001	2568000	2567501	262.0	0.334580	-0.233364
2568001	2569000	2568501	352.0	0.335096	0.192645
2569001	2570000	2569501	259.0	0.335611	-0.249978
2570001	2571000	2570501	287.0	0.336127	-0.101880
2571001	2572000	2571501	309.0	0.336643	0.004676
2572001	2573000	2572501	297.0	0.337158	-0.052467
2573001	2574000	2573501	276.0	0.337674	-0.158262
2574001	2575000	2574501	280.0	0.338189	-0.137504
2575001	2576000	2575501	276.0	0.338705	-0.158262
2576001	2577000	2576501	298.0	0.339220	-0.047618
2577001	2578000	2577501	257.0	0.339736	-0.261162
2578001	2579000	2578501	324.0	0.340251	0.073063
2579001	2580000	2579501	343.0	0.340767	0.155278
2580001	2581000	2580501	322.0	0.341282	0.064130
2581001	2582000	2581501	356.0	0.341798	0.208947
2582001	2583000	2582501	309.0	0.342313	0.004676
2583001	2584000	2583501	312.0	0.342829	0.018616
2584001	2585000	2584501	310.0	0.343344	0.009338
2585001	2586000	2585501	310.0	0.343860	0.009338
2586001	2587000	2586501	253.0	0.344376	-0.283793
2587001	2588000	2587501	211.0	0.344891	-0.545687
2588001	2589000	2588501	278.0	0.345407	-0.147845
2589001	2590000	2589501	252.0	0.345922	-0.289507
2590001	2591000	2590501	338.0	0.346438	0.134093
2591001	2592000	2591501	382.0	0.346953	0.310642
2592001	2593000	2592501	310.0	0.347469	0.009338
2593001	2594000	2593501	245.0	0.347984	-0.330149
2594001	2595000	2594501	275.0	0.348500	-0.163499
2595001	2596000	2595501	316.0	0.349015	0.036994
2596001	2597000	2596501	298.0	0.349531	-0.047618
2597001	2598000	2597501	318.0	0.350046	0.046096
2598001	2599000	2598501	242.0	0.350562	-0.347923
2599001	2600000	2599501	337.0	0.351077	0.129818
2600001	2601000	2600501	212.0	0.351593	-0.538866
2601001	2602000	2601501	278.0	0.352109	-0.147845
2602001	2603000	2602501	323.0	0.352624	0.068604
2603001	2604000	2603501	370.0	0.353140	0.264595
2604001	2605000	2604501	309.0	0.353655	0.004676
2605001	2606000	2605501	351.0	0.354171	0.188541
2606001	2607000	2606501	262.0	0.354686	-0.233364
2607001	2608000	2607501	241.0	0.355202	-0.353897
2608001	2609000	2608501	281.0	0.355717	-0.132360
2609001	2610000	2609501	302.0	0.356233	-0.028382
2610001	2611000	2610501	249.0	0.356748	-0.306785
2611001	2612000	2611501	328.0	0.357264	0.090765
2612001	2613000	2612501	320.0	0.357779	0.055142
2613001	2614000	2613501	293.0	0.358295	-0.072030
2614001	2615000	2614501	278.0	0.358810	-0.147845
2615001	2616000	2615501	323.0	0.359326	0.068604
2616001	2617000	2616501	285.0	0.359841	-0.111968
2617001	2618000	2617501	348.0	0.360357	0.176157
2618001	2619000	2618501	309.0	0.360873	0.004676
2619001	2620000	2619501	381.0	0.361388	0.306861
2620001	2621000	2620501	346.0	0.361904	0.167842
2621001	2622000	2621501	267.0	0.362419	-0.206091
2622001	2623000	2622501	283.0	0.362935	-0.122128
2623001	2624000	2623501	305.0	0.363450	-0.014121
2624001	2625000	2624501	272.0	0.363966	-0.179324
2625001	2626000	2625501	265.0	0.364481	-0.216938
2626001	2627000	2626501	306.0	0.364997	-0.009399
2627001	2628000	2627501	390.0	0.365512	0.340544
2628001	2629000	2628501	346.0	0.366028	0.167842
2629001	2630000	2629501	289.0	0.366543	-0.091861
2630001	2631000	2630501	293.0	0.367059	-0.072030
2631001	2632000	2631501	292.0	0.367574	-0.076962
2632001	2633000	2632501	367.0	0.368090	0.252850
2633001	2634000	2633501	305.0	0.368606	-0.014121
2634001	2635000	2634501	300.0	0.369121	-0.037968
2635001	2636000	2635501	311.0	0.369637	0.013984
2636001	2637000	2636501	317.0	0.370152	0.041552
2637001	2638000	2637501	286.0	0.370668	-0.106915
2638001	2639000	2638501	337.0	0.371183	0.129818
2639001	2640000	2639501	319.0	0.371699	0.050626
2640001	2641000	2640501	271.0	0.372214	-0.184637
2641001	2642000	2641501	350.0	0.372730	0.184425
2642001	2643000	2642501	295.0	0.373245	-0.062215
2643001	2644000	2643501	253.0	0.373761	-0.283793
2644001	2645000	2644501	299.0	0.374276	-0.042785
2645001	2646000	2645501	386.0	0.374792	0.325670
2646001	2647000	2646501	276.0	0.375307	-0.158262
2647001	2648000	2647501	302.0	0.375823	-0.028382
2648001	2649000	2648501	321.0	0.376339	0.059643
2649001	2650000	2649501	264.0	0.376854	-0.222392
2650001	2651000	2650501	316.0	0.377370	0.036994
2651001	2652000	2651501	294.0	0.377885	-0.067114
2652001	2653000	2652501	312.0	0.378401	0.018616
2653001	2654000	2653501	333.0	0.378916	0.112592
2654001	2655000	2654501	284.0	0.379432	-0.117039
2655001	2656000	2655501	334.0	0.379947	0.116918
2656001	2657000	2656501	431.0	0.380463	0.484758
2657001	2658000	2657501	403.0	0.380978	0.387849
2658001	2659000	2658501	351.0	0.381494	0.188541
2659001	2660000	2659501	320.0	0.382009	0.055142
2660001	2661000	2660501	323.0	0.382525	0.068604
2661001	2662000	2661501	309.0	0.383040	0.004676
2662001	2663000	2662501	289.0	0.383556	-0.091861
2663001	2664000	2663501	214.0	0.384071	-0.525320
2664001	2665000	2664501	275.0	0.384587	-0.163499
2665001	2666000	2665501	288.0	0.385103	-0.096862
2666001	2667000	2666501	231.0	0.385618	-0.415037
2667001	2668000	2667501	260.0	0.386134	-0.244419
2668001	2669000	2668501	293.0	0.386649	-0.072030
2669001	2670000	2669501	270.0	0.387165	-0.189971
2670001	2671000	2670501	318.0	0.387680	0.046096
2671001	2672000	2671501	274.0	0.388196	-0.168754
2672001	2673000	2672501	294.0	0.388711	-0.067114
2673001	2674000	2673501	311.0	0.389227	0.013984
2674001	2675000	2674501	364.0	0.389742	0.241008
2675001	2676000	2675501	352.0	0.390258	0.192645
2676001	2677000	2676501	308.0	0.390773	0.000000
2677001	2678000	2677501	363.0	0.391289	0.237039
2678001	2679000	2678501	304.0	0.391804	-0.018859
2679001	2680000	2679501	346.0	0.392320	0.167842
2680001	2681000	2680501	317.0	0.392836	0.041552
2681001	2682000	2681501	335.0	0.393351	0.121231
2682001	2683000	2682501	307.0	0.393867	-0.004692
2683001	2684000	2683501	363.0	0.394382	0.237039
2684001	2685000	2684501	284.0	0.394898	-0.117039
2685001	2686000	2685501	322.0	0.395413	0.064130
2686001	2687000	2686501	209.0	0.395929	-0.559427
2687001	2688000	2687501	268.0	0.396444	-0.200697
2688001	2689000	2688501	285.0	0.396960	-0.111968
2689001	2690000	2689501	303.0	0.397475	-0.023613
2690001	2691000	2690501	288.0	0.397991	-0.096862
2691001	2692000	2691501	287.0	0.398506	-0.101880
2692001	2693000	2692501	360.0	0.399022	0.225067
2693001	2694000	2693501	425.0	0.399537	0.464532
2694001	2695000	2694501	374.0	0.400053	0.280108
2695001	2696000	2695501	361.0	0.400569	0.229068
2696001	2697000	2696501	310.0	0.401084	0.009338
2697001	2698000	2697501	292.0	0.401600	-0.076962
2698001	2699000	2698501	308.0	0.402115	0.000000
2699001	2700000	2699501	345.0	0.402631	0.163666
2700001	2701000	2700501	241.0	0.403146	-0.353897
2701001	2702000	2701501	369.0	0.403662	0.260690
2702001	2703000	2702501	354.0	0.404177	0.200819
2703001	2704000	2703501	239.0	0.404693	-0.365920
2704001	2705000	2704501	391.0	0.405208	0.344238
2705001	2706000	2705501	249.0	0.405724	-0.306785
2706001	2707000	2706501	213.0	0.406239	-0.532077
2707001	2708000	2707501	248.0	0.406755	-0.312590
2708001	2709000	2708501	278.0	0.407270	-0.147845
2709001	2710000	2709501	288.0	0.407786	-0.096862
2710001	2711000	2710501	298.0	0.408302	-0.047618
2711001	2712000	2711501	295.0	0.408817	-0.062215
2712001	2713000	2712501	337.0	0.409333	0.129818
2713001	2714000	2713501	295.0	0.409848	-0.062215
2714001	2715000	2714501	252.0	0.410364	-0.289507
2715001	2716000	2715501	251.0	0.410879	-0.295243
2716001	2717000	2716501	296.0	0.411395	-0.057333
2717001	2718000	2717501	407.0	0.411910	0.402098
2718001	2719000	2718501	334.0	0.412426	0.116918
2719001	2720000	2719501	343.0	0.412941	0.155278
2720001	2721000	2720501	339.0	0.413457	0.138355
2721001	2722000	2721501	320.0	0.413972	0.055142
2722001	2723000	2722501	299.0	0.414488	-0.042785
2723001	2724000	2723501	362.0	0.415003	0.233059
2724001	2725000	2724501	270.0	0.415519	-0.189971
2725001	2726000	2725501	245.0	0.416034	-0.330149
2726001	2727000	2726501	255.0	0.416550	-0.272433
2727001	2728000	2727501	328.0	0.417066	0.090765
2728001	2729000	2728501	353.0	0.417581	0.196738
2729001	2730000	2729501	334.0	0.418097	0.116918
2730001	2731000	2730501	347.0	0.418612	0.172005
2731001	2732000	2731501	311.0	0.419128	0.013984
2732001	2733000	2732501	324.0	0.419643	0.073063
2733001	2734000	2733501	252.0	0.420159	-0.289507
2734001	2735000	2734501	322.0	0.420674	0.064130
2735001	2736000	2735501	319.0	0.421190	0.050626
2736001	2737000	2736501	445.0	0.421705	0.530875
2737001	2738000	2737501	346.0	0.422221	0.167842
2738001	2739000	2738501	321.0	0.422736	0.059643
2739001	2740000	2739501	287.0	0.423252	-0.101880
2740001	2741000	2740501	337.0	0.423767	0.129818
2741001	2742000	2741501	297.0	0.424283	-0.052467
2742001	2743000	2742501	237.0	0.424799	-0.378043
2743001	2744000	2743501	303.0	0.425314	-0.023613
2744001	2745000	2744501	341.0	0.425830	0.146841
2745001	2746000	2745501	290.0	0.426345	-0.086877
2746001	2747000	2746501	248.0	0.426861	-0.312590
2747001	2748000	2747501	233.0	0.427376	-0.402600
2748001	2749000	2748501	251.0	0.427892	-0.295243
2749001	2750000	2749501	286.0	0.428407	-0.106915
2750001	2751000	2750501	262.0	0.428923	-0.233364
2751001	2752000	2751501	306.0	0.429438	-0.009399
2752001	2753000	2752501	275.0	0.429954	-0.163499
2753001	2754000	2753501	313.0	0.430469	0.023232
2754001	2755000	2754501	371.0	0.430985	0.268489
2755001	2756000	2755501	339.0	0.431500	0.138355
2756001	2757000	2756501	340.0	0.432016	0.142604
2757001	2758000	2757501	409.0	0.432532	0.409170
2758001	2759000	2758501	408.0	0.433047	0.405639
2759001	2760000	2759501	402.0	0.433563	0.384265
2760001	2761000	2760501	307.0	0.434078	-0.004692
2761001	2762000	2761501	288.0	0.434594	-0.096862
2762001	2763000	2762501	332.0	0.435109	0.108253
2763001	2764000	2763501	315.0	0.435625	0.032421
2764001	2765000	2764501	313.0	0.436140	0.023232
2765001	2766000	2765501	296.0	0.436656	-0.057333
2766001	2767000	2766501	360.0	0.437171	0.225067
2767001	2768000	2767501	395.0	0.437687	0.358922
2768001	2769000	2768501	355.0	0.438202	0.204889
2769001	2770000	2769501	437.0	0.438718	0.504703
2770001	2771000	2770501	353.0	0.439233	0.196738
2771001	2772000	2771501	368.0	0.439749	0.256775
2772001	2773000	2772501	318.0	0.440265	0.046096
2773001	2774000	2773501	321.0	0.440780	0.059643
2774001	2775000	2774501	352.0	0.441296	0.192645
2775001	2776000	2775501	294.0	0.441811	-0.067114
2776001	2777000	2776501	292.0	0.442327	-0.076962
2777001	2778000	2777501	303.0	0.442842	-0.023613
2778001	2779000	2778501	270.0	0.443358	-0.189971
2779001	2780000	2779501	333.0	0.443873	0.112592
2780001	2781000	2780501	327.0	0.444389	0.086360
2781001	2782000	2781501	294.0	0.444904	-0.067114
2782001	2783000	2782501	266.0	0.445420	-0.211504
2783001	2784000	2783501	247.0	0.445935	-0.318419
2784001	2785000	2784501	288.0	0.446451	-0.096862
2785001	2786000	2785501	251.0	0.446966	-0.295243
2786001	2787000	2786501	351.0	0.447482	0.188541
2787001	2788000	2787501	310.0	0.447997	0.009338
2788001	2789000	2788501	318.0	0.448513	0.046096
2789001	2790000	2789501	254.0	0.449029	-0.278102
2790001	2791000	2790501	338.0	0.449544	0.134093
2791001	2792000	2791501	365.0	0.450060	0.244966
2792001	2793000	2792501	243.0	0.450575	-0.341974
2793001	2794000	2793501	278.0	0.451091	-0.147845
2794001	2795000	2794501	315.0	0.451606	0.032421
2795001	2796000	2795501	315.0	0.452122	0.032421
2796001	2797000	2796501	291.0	0.452637	-0.081911
2797001	2798000	2797501	307.0	0.453153	-0.004692
2798001	2799000	2798501	443.0	0.453668	0.524376
2799001	2800000	2799501	408.0	0.454184	0.405639
2800001	2801000	2800501	376.0	0.454699	0.287802
2801001	2802000	2801501	282.0	0.455215	-0.127235
2802001	2803000	2802501	312.0	0.455730	0.018616
2803001	2804000	2803501	308.0	0.456246	0.000000
2804001	2805000	2804501	336.0	0.456762	0.125531
2805001	2806000	2805501	350.0	0.457277	0.184425
2806001	2807000	2806501	281.0	0.457793	-0.132360
2807001	2808000	2807501	318.0	0.458308	0.046096
2808001	2809000	2808501	319.0	0.458824	0.050626
2809001	2810000	2809501	252.0	0.459339	-0.289507
2810001	2811000	2810501	304.0	0.459855	-0.018859
2811001	2812000	2811501	281.0	0.460370	-0.132360
2812001	2813000	2812501	266.0	0.460886	-0.211504
2813001	2814000	2813501	317.0	0.461401	0.041552
2814001	2815000	2814501	321.0	0.461917	0.059643
2815001	2816000	2815501	372.0	0.462432	0.272372
2816001	2817000	2816501	360.0	0.462948	0.225067
2817001	2818000	2817501	254.0	0.463463	-0.278102
2818001	2819000	2818501	216.0	0.463979	-0.511899
2819001	2820000	2819501	288.0	0.464495	-0.096862
2820001	2821000	2820501	288.0	0.465010	-0.096862
2821001	2822000	2821501	494.0	0.465526	0.681581
2822001	2823000	2822501	356.0	0.466041	0.208947
2823001	2824000	2823501	400.0	0.466557	0.377070
2824001	2825000	2824501	502.0	0.467072	0.704757
2825001	2826000	2825501	483.0	0.467588	0.649093
2826001	2827000	2826501	420.0	0.468103	0.447459
2827001	2828000	2827501	359.0	0.468619	0.221053
2828001	2829000	2828501	431.0	0.469134	0.484758
2829001	2830000	2829501	393.0	0.469650	0.351599
2830001	2831000	2830501	282.0	0.470165	-0.127235
2831001	2832000	2831501	279.0	0.470681	-0.142665
2832001	2833000	2832501	268.0	0.471196	-0.200697
2833001	2834000	2833501	316.0	0.471712	0.036994
2834001	2835000	2834501	293.0	0.472228	-0.072030
2835001	2836000	2835501	264.0	0.472743	-0.222392
2836001	2837000	2836501	301.0	0.473259	-0.033167
2837001	2838000	2837501	271.0	0.473774	-0.184637
2838001	2839000	2838501	226.0	0.474290	-0.446608
2839001	2840000	2839501	247.0	0.474805	-0.318419
2840001	2841000	2840501	276.0	0.475321	-0.158262
2841001	2842000	2841501	287.0	0.475836	-0.101880
2842001	2843000	2842501	301.0	0.476352	-0.033167
2843001	2844000	2843501	276.0	0.476867	-0.158262
2844001	2845000	2844501	347.0	0.477383	0.172005
2845001	2846000	2845501	331.0	0.477898	0.103901
2846001	2847000	2846501	355.0	0.478414	0.204889
2847001	2848000	2847501	340.0	0.478929	0.142604
2848001	2849000	2848501	343.0	0.479445	0.155278
2849001	2850000	2849501	267.0	0.479960	-0.206091
2850001	2851000	2850501	302.0	0.480476	-0.028382
2851001	2852000	2851501	326.0	0.480992	0.081942
2852001	2853000	2852501	260.0	0.481507	-0.244419
2853001	2854000	2853501	352.0	0.482023	0.192645
2854001	2855000	2854501	340.0	0.482538	0.142604
2855001	2856000	2855501	239.0	0.483054	-0.365920
2856001	2857000	2856501	281.0	0.483569	-0.132360
2857001	2858000	2857501	384.0	0.484085	0.318176
2858001	2859000	2858501	329.0	0.484600	0.095157
2859001	2860000	2859501	294.0	0.485116	-0.067114
2860001	2861000	2860501	285.0	0.485631	-0.111968
2861001	2862000	2861501	287.0	0.486147	-0.101880
2862001	2863000	2862501	352.0	0.486662	0.192645
2863001	2864000	2863501	333.0	0.487178	0.112592
2864001	2865000	2864501	356.0	0.487693	0.208947
2865001	2866000	2865501	294.0	0.488209	-0.067114
2866001	2867000	2866501	344.0	0.488725	0.159478
2867001	2868000	2867501	318.0	0.489240	0.046096
2868001	2869000	2868501	346.0	0.489756	0.167842
2869001	2870000	2869501	359.0	0.490271	0.221053
2870001	2871000	2870501	334.0	0.490787	0.116918
2871001	2872000	2871501	359.0	0.491302	0.221053
2872001	2873000	2872501	349.0	0.491818	0.180297
2873001	2874000	2873501	330.0	0.492333	0.099536
2874001	2875000	2874501	303.0	0.492849	-0.023613
2875001	2876000	2875501	325.0	0.493364	0.077509
2876001	2877000	2876501	314.0	0.493880	0.027834
2877001	2878000	2877501	323.0	0.494395	0.068604
2878001	2879000	2878501	460.0	0.494911	0.578704
2879001	2880000	2879501	393.0	0.495426	0.351599
2880001	2881000	2880501	453.0	0.495942	0.556581
2881001	2882000	2881501	607.0	0.496458	0.978766
2882001	2883000	2882501	389.0	0.496973	0.336840
2883001	2884000	2883501	357.0	0.497489	0.212994
2884001	2885000	2884501	380.0	0.498004	0.303069
2885001	2886000	2885501	348.0	0.498520	0.176157
2886001	2887000	2886501	304.0	0.499035	-0.018859
2887001	2888000	2887501	314.0	0.499551	0.027834
2888001	2889000	2888501	153.0	0.500066	-1.009399
2889001	2890000	2889501	250.0	0.500582	-0.301002
2890001	2891000	2890501	314.0	0.501097	0.027834
2891001	2892000	2891501	304.0	0.501613	-0.018859
2892001	2893000	2892501	338.0	0.502128	0.134093
2893001	2894000	2893501	284.0	0.502644	-0.117039
2894001	2895000	2894501	307.0	0.503159	-0.004692
2895001	2896000	2895501	272.0	0.503675	-0.179324
2896001	2897000	2896501	299.0	0.504191	-0.042785
2897001	2898000	2897501	253.0	0.504706	-0.283793
2898001	2899000	2898501	235.0	0.505222	-0.390270
2899001	2900000	2899501	263.0	0.505737	-0.227868
2900001	2901000	2900501	326.0	0.506253	0.081942
2901001	2902000	2901501	361.0	0.506768	0.229068
2902001	2903000	2902501	351.0	0.507284	0.188541
2903001	2904000	2903501	419.0	0.507799	0.444020
2904001	2905000	2904501	475.0	0.508315	0.624997
2905001	2906000	2905501	294.0	0.508830	-0.067114
2906001	2907000	2906501	303.0	0.509346	-0.023613
2907001	2908000	2907501	234.0	0.509861	-0.396422
2908001	2909000	2908501	241.0	0.510377	-0.353897
2909001	2910000	2909501	253.0	0.510892	-0.283793
2910001	2911000	2910501	252.0	0.511408	-0.289507
2911001	2912000	2911501	279.0	0.511923	-0.142665
2912001	2913000	2912501	253.0	0.512439	-0.283793
2913001	2914000	2913501	317.0	0.512955	0.041552
2914001	2915000	2914501	285.0	0.513470	-0.111968
2915001	2916000	2915501	300.0	0.513986	-0.037968
2916001	2917000	2916501	265.0	0.514501	-0.216938
2917001	2918000	2917501	256.0	0.515017	-0.266787
2918001	2919000	2918501	270.0	0.515532	-0.189971
2919001	2920000	2919501	277.0	0.516048	-0.153044
2920001	2921000	2920501	306.0	0.516563	-0.009399
2921001	2922000	2921501	319.0	0.517079	0.050626
2922001	2923000	2922501	369.0	0.517594	0.260690
2923001	2924000	2923501	335.0	0.518110	0.121231
2924001	2925000	2924501	399.0	0.518625	0.373458
2925001	2926000	2925501	309.0	0.519141	0.004676
2926001	2927000	2926501	359.0	0.519656	0.221053
2927001	2928000	2927501	337.0	0.520172	0.129818
2928001	2929000	2928501	287.0	0.520688	-0.101880
2929001	2930000	2929501	312.0	0.521203	0.018616
2930001	2931000	2930501	352.0	0.521719	0.192645
2931001	2932000	2931501	368.0	0.522234	0.256775
2932001	2933000	2932501	321.0	0.522750	0.059643
2933001	2934000	2933501	330.0	0.523265	0.099536
2934001	2935000	2934501	489.0	0.523781	0.666904
2935001	2936000	2935501	441.0	0.524296	0.517848
2936001	2937000	2936501	337.0	0.524812	0.129818
2937001	2938000	2937501	378.0	0.525327	0.295456
2938001	2939000	2938501	406.0	0.525843	0.398549
2939001	2940000	2939501	399.0	0.526358	0.373458
2940001	2941000	2940501	367.0	0.526874	0.252850
2941001	2942000	2941501	292.0	0.527389	-0.076962
2942001	2943000	2942501	277.0	0.527905	-0.153044
2943001	2944000	2943501	359.0	0.528421	0.221053
2944001	2945000	2944501	341.0	0.528936	0.146841
2945001	2946000	2945501	403.0	0.529452	0.387849
2946001	2947000	2946501	407.0	0.529967	0.402098
2947001	2948000	2947501	301.0	0.530483	-0.033167
2948001	2949000	2948501	341.0	0.530998	0.146841
2949001	2950000	2949501	319.0	0.531514	0.050626
2950001	2951000	2950501	314.0	0.532029	0.027834
2951001	2952000	2951501	317.0	0.532545	0.041552
2952001	2953000	2952501	272.0	0.533060	-0.179324
2953001	2954000	2953501	358.0	0.533576	0.217029
2954001	2955000	2954501	360.0	0.534091	0.225067
2955001	2956000	2955501	263.0	0.534607	-0.227868
2956001	2957000	2956501	254.0	0.535122	-0.278102
2957001	2958000	2957501	277.0	0.535638	-0.153044
2958001	2959000	2958501	222.0	0.536154	-0.472371
2959001	2960000	2959501	243.0	0.536669	-0.341974
2960001	2961000	2960501	270.0	0.537185	-0.189971
2961001	2962000	2961501	341.0	0.537700	0.146841
2962001	2963000	2962501	278.0	0.538216	-0.147845
2963001	2964000	2963501	296.0	0.538731	-0.057333
2964001	2965000	2964501	291.0	0.539247	-0.081911
2965001	2966000	2965501	314.0	0.539762	0.027834
2966001	2967000	2966501	343.0	0.540278	0.155278
2967001	2968000	2967501	331.0	0.540793	0.103901
2968001	2969000	2968501	283.0	0.541309	-0.122128
2969001	2970000	2969501	262.0	0.541824	-0.233364
2970001	2971000	2970501	347.0	0.542340	0.172005
2971001	2972000	2971501	289.0	0.542855	-0.091861
2972001	2973000	2972501	323.0	0.543371	0.068604
2973001	2974000	2973501	280.0	0.543886	-0.137504
2974001	2975000	2974501	267.0	0.544402	-0.206091
2975001	2976000	2975501	364.0	0.544918	0.241008
2976001	2977000	2976501	381.0	0.545433	0.306861
2977001	2978000	2977501	337.0	0.545949	0.129818
2978001	2979000	2978501	389.0	0.546464	0.336840
2979001	2980000	2979501	376.0	0.546980	0.287802
2980001	2981000	2980501	469.0	0.547495	0.606658
2981001	2982000	2981501	579.0	0.548011	0.910633
2982001	2983000	2982501	393.0	0.548526	0.351599
2983001	2984000	2983501	295.0	0.549042	-0.062215
2984001	2985000	2984501	357.0	0.549557	0.212994
2985001	2986000	2985501	308.0	0.550073	0.000000
2986001	2987000	2986501	334.0	0.550588	0.116918
2987001	2988000	2987501	286.0	0.551104	-0.106915
2988001	2989000	2988501	320.0	0.551619	0.055142
2989001	2990000	2989501	372.0	0.552135	0.272372
2990001	2991000	2990501	289.0	0.552651	-0.091861
2991001	2992000	2991501	289.0	0.553166	-0.091861
2992001	2993000	2992501	380.0	0.553682	0.303069
2993001	2994000	2993501	309.0	0.554197	0.004676
2994001	2995000	2994501	289.0	0.554713	-0.091861
2995001	2996000	2995501	306.0	0.555228	-0.009399
2996001	2997000	2996501	339.0	0.555744	0.138355
2997001	2998000	2997501	307.0	0.556259	-0.004692
2998001	2999000	2998501	351.0	0.556775	0.188541
2999001	3000000	2999501	311.0	0.557290	0.013984
3000001	3001000	3000501	334.0	0.557806	0.116918
3001001	3002000	3001501	368.0	0.558321	0.256775
3002001	3003000	3002501	300.0	0.558837	-0.037968
3003001	3004000	3003501	285.0	0.559352	-0.111968
3004001	3005000	3004501	359.0	0.559868	0.221053
3005001	3006000	3005501	297.0	0.560384	-0.052467
3006001	3007000	3006501	308.0	0.560899	0.000000
3007001	3008000	3007501	306.0	0.561415	-0.009399
3008001	3009000	3008501	313.0	0.561930	0.023232
3009001	3010000	3009501	434.0	0.562446	0.494765
3010001	3011000	3010501	322.0	0.562961	0.064130
3011001	3012000	3011501	297.0	0.563477	-0.052467
3012001	3013000	3012501	300.0	0.563992	-0.037968
3013001	3014000	3013501	291.0	0.564508	-0.081911
3014001	3015000	3014501	281.0	0.565023	-0.132360
3015001	3016000	3015501	289.0	0.565539	-0.091861
3016001	3017000	3016501	361.0	0.566054	0.229068
3017001	3018000	3017501	294.0	0.566570	-0.067114
3018001	3019000	3018501	251.0	0.567085	-0.295243
3019001	3020000	3019501	264.0	0.567601	-0.222392
3020001	3021000	3020501	351.0	0.568116	0.188541
3021001	3022000	3021501	395.0	0.568632	0.358922
3022001	3023000	3022501	365.0	0.569148	0.244966
3023001	3024000	3023501	334.0	0.569663	0.116918
3024001	3025000	3024501	391.0	0.570179	0.344238
3025001	3026000	3025501	265.0	0.570694	-0.216938
3026001	3027000	3026501	320.0	0.571210	0.055142
3027001	3028000	3027501	342.0	0.571725	0.151066
3028001	3029000	3028501	335.0	0.572241	0.121231
3029001	3030000	3029501	296.0	0.572756	-0.057333
3030001	3031000	3030501	299.0	0.573272	-0.042785
3031001	3032000	3031501	292.0	0.573787	-0.076962
3032001	3033000	3032501	282.0	0.574303	-0.127235
3033001	3034000	3033501	342.0	0.574818	0.151066
3034001	3035000	3034501	288.0	0.575334	-0.096862
3035001	3036000	3035501	289.0	0.575849	-0.091861
3036001	3037000	3036501	314.0	0.576365	0.027834
3037001	3038000	3037501	280.0	0.576881	-0.137504
3038001	3039000	3038501	252.0	0.577396	-0.289507
3039001	3040000	3039501	301.0	0.577912	-0.033167
3040001	3041000	3040501	418.0	0.578427	0.440573
3041001	3042000	3041501	335.0	0.578943	0.121231
3042001	3043000	3042501	424.0	0.579458	0.461134
3043001	3044000	3043501	350.0	0.579974	0.184425
3044001	3045000	3044501	428.0	0.580489	0.474680
3045001	3046000	3045501	277.0	0.581005	-0.153044
3046001	3047000	3046501	433.0	0.581520	0.491437
3047001	3048000	3047501	329.0	0.582036	0.095157
3048001	3049000	3048501	301.0	0.582551	-0.033167
3049001	3050000	3049501	264.0	0.583067	-0.222392
3050001	3051000	3050501	329.0	0.583582	0.095157
3051001	3052000	3051501	251.0	0.584098	-0.295243
3052001	3053000	3052501	322.0	0.584614	0.064130
3053001	3054000	3053501	277.0	0.585129	-0.153044
3054001	3055000	3054501	277.0	0.585645	-0.153044
3055001	3056000	3055501	402.0	0.586160	0.384265
3056001	3057000	3056501	343.0	0.586676	0.155278
3057001	3058000	3057501	295.0	0.587191	-0.062215
3058001	3059000	3058501	300.0	0.587707	-0.037968
3059001	3060000	3059501	272.0	0.588222	-0.179324
3060001	3061000	3060501	293.0	0.588738	-0.072030
3061001	3062000	3061501	285.0	0.589253	-0.111968
3062001	3063000	3062501	418.0	0.589769	0.440573
3063001	3064000	3063501	317.0	0.590284	0.041552
3064001	3065000	3064501	368.0	0.590800	0.256775
3065001	3066000	3065501	339.0	0.591315	0.138355
3066001	3067000	3066501	307.0	0.591831	-0.004692
3067001	3068000	3067501	274.0	0.592347	-0.168754
3068001	3069000	3068501	294.0	0.592862	-0.067114
3069001	3070000	3069501	316.0	0.593378	0.036994
3070001	3071000	3070501	331.0	0.593893	0.103901
3071001	3072000	3071501	350.0	0.594409	0.184425
3072001	3073000	3072501	345.0	0.594924	0.163666
3073001	3074000	3073501	305.0	0.595440	-0.014121
3074001	3075000	3074501	348.0	0.595955	0.176157
3075001	3076000	3075501	275.0	0.596471	-0.163499
3076001	3077000	3076501	276.0	0.596986	-0.158262
3077001	3078000	3077501	275.0	0.597502	-0.163499
3078001	3079000	3078501	338.0	0.598017	0.134093
3079001	3080000	3079501	314.0	0.598533	0.027834
3080001	3081000	3080501	289.0	0.599048	-0.091861
3081001	3082000	3081501	317.0	0.599564	0.041552
3082001	3083000	3082501	359.0	0.600079	0.221053
3083001	3084000	3083501	250.0	0.600595	-0.301002
3084001	3085000	3084501	299.0	0.601111	-0.042785
3085001	3086000	3085501	405.0	0.601626	0.394992
3086001	3087000	3086501	306.0	0.602142	-0.009399
3087001	3088000	3087501	294.0	0.602657	-0.067114
3088001	3089000	3088501	235.0	0.603173	-0.390270
3089001	3090000	3089501	262.0	0.603688	-0.233364
3090001	3091000	3090501	373.0	0.604204	0.276245
3091001	3092000	3091501	381.0	0.604719	0.306861
3092001	3093000	3092501	262.0	0.605235	-0.233364
3093001	3094000	3093501	403.0	0.605750	0.387849
3094001	3095000	3094501	323.0	0.606266	0.068604
3095001	3096000	3095501	382.0	0.606781	0.310642
3096001	3097000	3096501	333.0	0.607297	0.112592
3097001	3098000	3097501	293.0	0.607812	-0.072030
3098001	3099000	3098501	334.0	0.608328	0.116918
3099001	3100000	3099501	337.0	0.608844	0.129818
3100001	3101000	3100501	312.0	0.609359	0.018616
3101001	3102000	3101501	399.0	0.609875	0.373458
3102001	3103000	3102501	361.0	0.610390	0.229068
3103001	3104000	3103501	336.0	0.610906	0.125531
3104001	3105000	3104501	270.0	0.611421	-0.189971
3105001	3106000	3105501	279.0	0.611937	-0.142665
3106001	3107000	3106501	281.0	0.612452	-0.132360
3107001	3108000	3107501	335.0	0.612968	0.121231
3108001	3109000	3108501	444.0	0.613483	0.527629
3109001	3110000	3109501	452.0	0.613999	0.553392
3110001	3111000	3110501	426.0	0.614514	0.467923
3111001	3112000	3111501	403.0	0.615030	0.387849
3112001	3113000	3112501	361.0	0.615545	0.229068
3113001	3114000	3113501	302.0	0.616061	-0.028382
3114001	3115000	3114501	345.0	0.616577	0.163666
3115001	3116000	3115501	311.0	0.617092	0.013984
3116001	3117000	3116501	303.0	0.617608	-0.023613
3117001	3118000	3117501	424.0	0.618123	0.461134
3118001	3119000	3118501	319.0	0.618639	0.050626
3119001	3120000	3119501	336.0	0.619154	0.125531
3120001	3121000	3120501	323.0	0.619670	0.068604
3121001	3122000	3121501	385.0	0.620185	0.321928
3122001	3123000	3122501	251.0	0.620701	-0.295243
3123001	3124000	3123501	282.0	0.621216	-0.127235
3124001	3125000	3124501	303.0	0.621732	-0.023613
3125001	3126000	3125501	365.0	0.622247	0.244966
3126001	3127000	3126501	322.0	0.622763	0.064130
3127001	3128000	3127501	337.0	0.623278	0.129818
3128001	3129000	3128501	336.0	0.623794	0.125531
3129001	3130000	3129501	340.0	0.624310	0.142604
3130001	3131000	3130501	347.0	0.624825	0.172005
3131001	3132000	3131501	324.0	0.625341	0.073063
3132001	3133000	3132501	352.0	0.625856	0.192645
3133001	3134000	3133501	285.0	0.626372	-0.111968
3134001	3135000	3134501	288.0	0.626887	-0.096862
3135001	3136000	3135501	300.0	0.627403	-0.037968
3136001	3137000	3136501	308.0	0.627918	0.000000
3137001	3138000	3137501	342.0	0.628434	0.151066
3138001	3139000	3138501	228.0	0.628949	-0.433897
3139001	3140000	3139501	314.0	0.629465	0.027834
3140001	3141000	3140501	383.0	0.629980	0.314414
3141001	3142000	3141501	428.0	0.630496	0.474680
3142001	3143000	3142501	333.0	0.631011	0.112592
3143001	3144000	3143501	333.0	0.631527	0.112592
3144001	3145000	3144501	327.0	0.632042	0.086360
3145001	3146000	3145501	353.0	0.632558	0.196738
3146001	3147000	3146501	354.0	0.633074	0.200819
3147001	3148000	3147501	306.0	0.633589	-0.009399
3148001	3149000	3148501	334.0	0.634105	0.116918
3149001	3150000	3149501	332.0	0.634620	0.108253
3150001	3151000	3150501	404.0	0.635136	0.391425
3151001	3152000	3151501	309.0	0.635651	0.004676
3152001	3153000	3152501	270.0	0.636167	-0.189971
3153001	3154000	3153501	264.0	0.636682	-0.222392
3154001	3155000	3154501	254.0	0.637198	-0.278102
3155001	3156000	3155501	256.0	0.637713	-0.266787
3156001	3157000	3156501	286.0	0.638229	-0.106915
3157001	3158000	3157501	273.0	0.638744	-0.174029
3158001	3159000	3158501	370.0	0.639260	0.264595
3159001	3160000	3159501	324.0	0.639775	0.073063
3160001	3161000	3160501	291.0	0.640291	-0.081911
3161001	3162000	3161501	320.0	0.640807	0.055142
3162001	3163000	3162501	334.0	0.641322	0.116918
3163001	3164000	3163501	348.0	0.641838	0.176157
3164001	3165000	3164501	288.0	0.642353	-0.096862
3165001	3166000	3165501	319.0	0.642869	0.050626
3166001	3167000	3166501	277.0	0.643384	-0.153044
3167001	3168000	3167501	307.0	0.643900	-0.004692
3168001	3169000	3168501	403.0	0.644415	0.387849
3169001	3170000	3169501	349.0	0.644931	0.180297
3170001	3171000	3170501	280.0	0.645446	-0.137504
3171001	3172000	3171501	307.0	0.645962	-0.004692
3172001	3173000	3172501	366.0	0.646477	0.248913
3173001	3174000	3173501	354.0	0.646993	0.200819
3174001	3175000	3174501	352.0	0.647508	0.192645
3175001	3176000	3175501	366.0	0.648024	0.248913
3176001	3177000	3176501	373.0	0.648540	0.276245
3177001	3178000	3177501	354.0	0.649055	0.200819
3178001	3179000	3178501	237.0	0.649571	-0.378043
3179001	3180000	3179501	281.0	0.650086	-0.132360
3180001	3181000	3180501	284.0	0.650602	-0.117039
3181001	3182000	3181501	337.0	0.651117	0.129818
3182001	3183000	3182501	324.0	0.651633	0.073063
3183001	3184000	3183501	433.0	0.652148	0.491437
3184001	3185000	3184501	409.0	0.652664	0.409170
3185001	3186000	3185501	322.0	0.653179	0.064130
3186001	3187000	3186501	291.0	0.653695	-0.081911
3187001	3188000	3187501	300.0	0.654210	-0.037968
3188001	3189000	3188501	286.0	0.654726	-0.106915
3189001	3190000	3189501	277.0	0.655241	-0.153044
3190001	3191000	3190501	233.0	0.655757	-0.402600
3191001	3192000	3191501	347.0	0.656273	0.172005
3192001	3193000	3192501	308.0	0.656788	0.000000
3193001	3194000	3193501	307.0	0.657304	-0.004692
3194001	3195000	3194501	280.0	0.657819	-0.137504
3195001	3196000	3195501	323.0	0.658335	0.068604
3196001	3197000	3196501	314.0	0.658850	0.027834
3197001	3198000	3197501	332.0	0.659366	0.108253
3198001	3199000	3198501	350.0	0.659881	0.184425
3199001	3200000	3199501	328.0	0.660397	0.090765
3200001	3201000	3200501	289.0	0.660912	-0.091861
3201001	3202000	3201501	274.0	0.661428	-0.168754
3202001	3203000	3202501	329.0	0.661943	0.095157
3203001	3204000	3203501	333.0	0.662459	0.112592
3204001	3205000	3204501	343.0	0.662974	0.155278
3205001	3206000	3205501	331.0	0.663490	0.103901
3206001	3207000	3206501	326.0	0.664005	0.081942
3207001	3208000	3207501	292.0	0.664521	-0.076962
3208001	3209000	3208501	324.0	0.665037	0.073063
3209001	3210000	3209501	336.0	0.665552	0.125531
3210001	3211000	3210501	367.0	0.666068	0.252850
3211001	3212000	3211501	357.0	0.666583	0.212994
3212001	3213000	3212501	354.0	0.667099	0.200819
3213001	3214000	3213501	380.0	0.667614	0.303069
3214001	3215000	3214501	330.0	0.668130	0.099536
3215001	3216000	3215501	349.0	0.668645	0.180297
3216001	3217000	3216501	258.0	0.669161	-0.255559
3217001	3218000	3217501	256.0	0.669676	-0.266787
3218001	3219000	3218501	254.0	0.670192	-0.278102
3219001	3220000	3219501	247.0	0.670707	-0.318419
3220001	3221000	3220501	295.0	0.671223	-0.062215
3221001	3222000	3221501	262.0	0.671738	-0.233364
3222001	3223000	3222501	261.0	0.672254	-0.238881
3223001	3224000	3223501	279.0	0.672770	-0.142665
3224001	3225000	3224501	300.0	0.673285	-0.037968
3225001	3226000	3225501	334.0	0.673801	0.116918
3226001	3227000	3226501	275.0	0.674316	-0.163499
3227001	3228000	3227501	339.0	0.674832	0.138355
3228001	3229000	3228501	258.0	0.675347	-0.255559
3229001	3230000	3229501	260.0	0.675863	-0.244419
3230001	3231000	3230501	273.0	0.676378	-0.174029
3231001	3232000	3231501	321.0	0.676894	0.059643
3232001	3233000	3232501	277.0	0.677409	-0.153044
3233001	3234000	3233501	306.0	0.677925	-0.009399
3234001	3235000	3234501	283.0	0.678440	-0.122128
3235001	3236000	3235501	402.0	0.678956	0.384265
3236001	3237000	3236501	317.0	0.679471	0.041552
3237001	3238000	3237501	359.0	0.679987	0.221053
3238001	3239000	3238501	325.0	0.680503	0.077509
3239001	3240000	3239501	347.0	0.681018	0.172005
3240001	3241000	3240501	369.0	0.681534	0.260690
3241001	3242000	3241501	282.0	0.682049	-0.127235
3242001	3243000	3242501	319.0	0.682565	0.050626
3243001	3244000	3243501	323.0	0.683080	0.068604
3244001	3245000	3244501	308.0	0.683596	0.000000
3245001	3246000	3245501	324.0	0.684111	0.073063
3246001	3247000	3246501	289.0	0.684627	-0.091861
3247001	3248000	3247501	338.0	0.685142	0.134093
3248001	3249000	3248501	340.0	0.685658	0.142604
3249001	3250000	3249501	322.0	0.686173	0.064130
3250001	3251000	3250501	343.0	0.686689	0.155278
3251001	3252000	3251501	321.0	0.687204	0.059643
3252001	3253000	3252501	281.0	0.687720	-0.132360
3253001	3254000	3253501	312.0	0.688236	0.018616
3254001	3255000	3254501	319.0	0.688751	0.050626
3255001	3256000	3255501	327.0	0.689267	0.086360
3256001	3257000	3256501	282.0	0.689782	-0.127235
3257001	3258000	3257501	274.0	0.690298	-0.168754
3258001	3259000	3258501	323.0	0.690813	0.068604
3259001	3260000	3259501	276.0	0.691329	-0.158262
3260001	3261000	3260501	288.0	0.691844	-0.096862
3261001	3262000	3261501	342.0	0.692360	0.151066
3262001	3263000	3262501	296.0	0.692875	-0.057333
3263001	3264000	3263501	354.0	0.693391	0.200819
3264001	3265000	3264501	374.0	0.693906	0.280108
3265001	3266000	3265501	254.0	0.694422	-0.278102
3266001	3267000	3266501	317.0	0.694937	0.041552
3267001	3268000	3267501	315.0	0.695453	0.032421
3268001	3269000	3268501	351.0	0.695968	0.188541
3269001	3270000	3269501	323.0	0.696484	0.068604
3270001	3271000	3270501	309.0	0.697000	0.004676
3271001	3272000	3271501	326.0	0.697515	0.081942
3272001	3273000	3272501	291.0	0.698031	-0.081911
3273001	3274000	3273501	299.0	0.698546	-0.042785
3274001	3275000	3274501	332.0	0.699062	0.108253
3275001	3276000	3275501	285.0	0.699577	-0.111968
3276001	3277000	3276501	268.0	0.700093	-0.200697
3277001	3278000	3277501	309.0	0.700608	0.004676
3278001	3279000	3278501	329.0	0.701124	0.095157
3279001	3280000	3279501	328.0	0.701639	0.090765
3280001	3281000	3280501	341.0	0.702155	0.146841
3281001	3282000	3281501	287.0	0.702670	-0.101880
3282001	3283000	3282501	286.0	0.703186	-0.106915
3283001	3284000	3283501	296.0	0.703701	-0.057333
3284001	3285000	3284501	310.0	0.704217	0.009338
3285001	3286000	3285501	302.0	0.704733	-0.028382
3286001	3287000	3286501	350.0	0.705248	0.184425
3287001	3288000	3287501	257.0	0.705764	-0.261162
3288001	3289000	3288501	321.0	0.706279	0.059643
3289001	3290000	3289501	303.0	0.706795	-0.023613
3290001	3291000	3290501	300.0	0.707310	-0.037968
3291001	3292000	3291501	246.0	0.707826	-0.324272
3292001	3293000	3292501	245.0	0.708341	-0.330149
3293001	3294000	3293501	263.0	0.708857	-0.227868
3294001	3295000	3294501	340.0	0.709372	0.142604
3295001	3296000	3295501	368.0	0.709888	0.256775
3296001	3297000	3296501	369.0	0.710403	0.260690
3297001	3298000	3297501	230.0	0.710919	-0.421296
3298001	3299000	3298501	267.0	0.711434	-0.206091
3299001	3300000	3299501	348.0	0.711950	0.176157
3300001	3301000	3300501	473.0	0.712466	0.618910
3301001	3302000	3301501	507.0	0.712981	0.719055
3302001	3303000	3302501	370.0	0.713497	0.264595
3303001	3304000	3303501	322.0	0.714012	0.064130
3304001	3305000	3304501	392.0	0.714528	0.347923
3305001	3306000	3305501	255.0	0.715043	-0.272433
3306001	3307000	3306501	302.0	0.715559	-0.028382
3307001	3308000	3307501	474.0	0.716074	0.621957
3308001	3309000	3308501	494.0	0.716590	0.681581
3309001	3310000	3309501	441.0	0.717105	0.517848
3310001	3311000	3310501	535.0	0.717621	0.796609
3311001	3312000	3311501	342.0	0.718136	0.151066
3312001	3313000	3312501	362.0	0.718652	0.233059
3313001	3314000	3313501	316.0	0.719167	0.036994
3314001	3315000	3314501	301.0	0.719683	-0.033167
3315001	3316000	3315501	391.0	0.720199	0.344238
3316001	3317000	3316501	352.0	0.720714	0.192645
3317001	3318000	3317501	390.0	0.721230	0.340544
3318001	3319000	3318501	443.0	0.721745	0.524376
3319001	3320000	3319501	413.0	0.722261	0.423211
3320001	3321000	3320501	420.0	0.722776	0.447459
3321001	3322000	3321501	353.0	0.723292	0.196738
3322001	3323000	3322501	389.0	0.723807	0.336840
3323001	3324000	3323501	230.0	0.724323	-0.421296
3324001	3325000	3324501	280.0	0.724838	-0.137504
3325001	3326000	3325501	296.0	0.725354	-0.057333
3326001	3327000	3326501	383.0	0.725869	0.314414
3327001	3328000	3327501	317.0	0.726385	0.041552
3328001	3329000	3328501	352.0	0.726900	0.192645
3329001	3330000	3329501	265.0	0.727416	-0.216938
3330001	3331000	3330501	366.0	0.727931	0.248913
3331001	3332000	3331501	323.0	0.728447	0.068604
3332001	3333000	3332501	428.0	0.728963	0.474680
3333001	3334000	3333501	364.0	0.729478	0.241008
3334001	3335000	3334501	351.0	0.729994	0.188541
3335001	3336000	3335501	402.0	0.730509	0.384265
3336001	3337000	3336501	405.0	0.731025	0.394992
3337001	3338000	3337501	318.0	0.731540	0.046096
3338001	3339000	3338501	346.0	0.732056	0.167842
3339001	3340000	3339501	288.0	0.732571	-0.096862
3340001	3341000	3340501	271.0	0.733087	-0.184637
3341001	3342000	3341501	281.0	0.733602	-0.132360
3342001	3343000	3342501	344.0	0.734118	0.159478
3343001	3344000	3343501	322.0	0.734633	0.064130
3344001	3345000	3344501	347.0	0.735149	0.172005
3345001	3346000	3345501	290.0	0.735664	-0.086877
3346001	3347000	3346501	279.0	0.736180	-0.142665
3347001	3348000	3347501	291.0	0.736696	-0.081911
3348001	3349000	3348501	367.0	0.737211	0.252850
3349001	3350000	3349501	347.0	0.737727	0.172005
3350001	3351000	3350501	337.0	0.738242	0.129818
3351001	3352000	3351501	356.0	0.738758	0.208947
3352001	3353000	3352501	291.0	0.739273	-0.081911
3353001	3354000	3353501	314.0	0.739789	0.027834
3354001	3355000	3354501	333.0	0.740304	0.112592
3355001	3356000	3355501	278.0	0.740820	-0.147845
3356001	3357000	3356501	342.0	0.741335	0.151066
3357001	3358000	3357501	288.0	0.741851	-0.096862
3358001	3359000	3358501	329.0	0.742366	0.095157
3359001	3360000	3359501	346.0	0.742882	0.167842
3360001	3361000	3360501	266.0	0.743397	-0.211504
3361001	3362000	3361501	305.0	0.743913	-0.014121
3362001	3363000	3362501	303.0	0.744429	-0.023613
3363001	3364000	3363501	269.0	0.744944	-0.195324
3364001	3365000	3364501	293.0	0.745460	-0.072030
3365001	3366000	3365501	384.0	0.745975	0.318176
3366001	3367000	3366501	403.0	0.746491	0.387849
3367001	3368000	3367501	325.0	0.747006	0.077509
3368001	3369000	3368501	316.0	0.747522	0.036994
3369001	3370000	3369501	293.0	0.748037	-0.072030
3370001	3371000	3370501	337.0	0.748553	0.129818
3371001	3372000	3371501	347.0	0.749068	0.172005
3372001	3373000	3372501	310.0	0.749584	0.009338
3373001	3374000	3373501	307.0	0.750099	-0.004692
3374001	3375000	3374501	365.0	0.750615	0.244966
3375001	3376000	3375501	350.0	0.751130	0.184425
3376001	3377000	3376501	350.0	0.751646	0.184425
3377001	3378000	3377501	355.0	0.752161	0.204889
3378001	3379000	3378501	259.0	0.752677	-0.249978
3379001	3380000	3379501	293.0	0.753193	-0.072030
3380001	3381000	3380501	338.0	0.753708	0.134093
3381001	3382000	3381501	225.0	0.754224	-0.453005
3382001	3383000	3382501	284.0	0.754739	-0.117039
3383001	3384000	3383501	296.0	0.755255	-0.057333
3384001	3385000	3384501	301.0	0.755770	-0.033167
3385001	3386000	3385501	345.0	0.756286	0.163666
3386001	3387000	3386501	276.0	0.756801	-0.158262
3387001	3388000	3387501	292.0	0.757317	-0.076962
3388001	3389000	3388501	317.0	0.757832	0.041552
3389001	3390000	3389501	262.0	0.758348	-0.233364
3390001	3391000	3390501	277.0	0.758863	-0.153044
3391001	3392000	3391501	259.0	0.759379	-0.249978
3392001	3393000	3392501	239.0	0.759894	-0.365920
3393001	3394000	3393501	251.0	0.760410	-0.295243
3394001	3395000	3394501	253.0	0.760926	-0.283793
3395001	3396000	3395501	289.0	0.761441	-0.091861
3396001	3397000	3396501	263.0	0.761957	-0.227868
3397001	3398000	3397501	351.0	0.762472	0.188541
3398001	3399000	3398501	377.0	0.762988	0.291634
3399001	3400000	3399501	328.0	0.763503	0.090765
3400001	3401000	3400501	332.0	0.764019	0.108253
3401001	3402000	3401501	263.0	0.764534	-0.227868
3402001	3403000	3402501	307.0	0.765050	-0.004692
3403001	3404000	3403501	332.0	0.765565	0.108253
3404001	3405000	3404501	293.0	0.766081	-0.072030
3405001	3406000	3405501	345.0	0.766596	0.163666
3406001	3407000	3406501	342.0	0.767112	0.151066
3407001	3408000	3407501	283.0	0.767627	-0.122128
3408001	3409000	3408501	264.0	0.768143	-0.222392
3409001	3410000	3409501	285.0	0.768659	-0.111968
3410001	3411000	3410501	282.0	0.769174	-0.127235
3411001	3412000	3411501	458.0	0.769690	0.572417
3412001	3413000	3412501	426.0	0.770205	0.467923
3413001	3414000	3413501	326.0	0.770721	0.081942
3414001	3415000	3414501	392.0	0.771236	0.347923
3415001	3416000	3415501	374.0	0.771752	0.280108
3416001	3417000	3416501	353.0	0.772267	0.196738
3417001	3418000	3417501	381.0	0.772783	0.306861
3418001	3419000	3418501	368.0	0.773298	0.256775
3419001	3420000	3419501	380.0	0.773814	0.303069
3420001	3421000	3420501	334.0	0.774329	0.116918
3421001	3422000	3421501	314.0	0.774845	0.027834
3422001	3423000	3422501	313.0	0.775360	0.023232
3423001	3424000	3423501	337.0	0.775876	0.129818
3424001	3425000	3424501	265.0	0.776392	-0.216938
3425001	3426000	3425501	279.0	0.776907	-0.142665
3426001	3427000	3426501	318.0	0.777423	0.046096
3427001	3428000	3427501	360.0	0.777938	0.225067
3428001	3429000	3428501	258.0	0.778454	-0.255559
3429001	3430000	3429501	235.0	0.778969	-0.390270
3430001	3431000	3430501	377.0	0.779485	0.291634
3431001	3432000	3431501	342.0	0.780000	0.151066
3432001	3433000	3432501	298.0	0.780516	-0.047618
3433001	3434000	3433501	310.0	0.781031	0.009338
3434001	3435000	3434501	295.0	0.781547	-0.062215
3435001	3436000	3435501	326.0	0.782062	0.081942
3436001	3437000	3436501	314.0	0.782578	0.027834
3437001	3438000	3437501	310.0	0.783093	0.009338
3438001	3439000	3438501	253.0	0.783609	-0.283793
3439001	3440000	3439501	263.0	0.784124	-0.227868
3440001	3441000	3440501	325.0	0.784640	0.077509
3441001	3442000	3441501	318.0	0.785156	0.046096
3442001	3443000	3442501	321.0	0.785671	0.059643
3443001	3444000	3443501	358.0	0.786187	0.217029
3444001	3445000	3444501	318.0	0.786702	0.046096
3445001	3446000	3445501	360.0	0.787218	0.225067
3446001	3447000	3446501	328.0	0.787733	0.090765
3447001	3448000	3447501	281.0	0.788249	-0.132360
3448001	3449000	3448501	323.0	0.788764	0.068604
3449001	3450000	3449501	433.0	0.789280	0.491437
3450001	3451000	3450501	354.0	0.789795	0.200819
3451001	3452000	3451501	303.0	0.790311	-0.023613
3452001	3453000	3452501	325.0	0.790826	0.077509
3453001	3454000	3453501	402.0	0.791342	0.384265
3454001	3455000	3454501	334.0	0.791857	0.116918
3455001	3456000	3455501	287.0	0.792373	-0.101880
3456001	3457000	3456501	280.0	0.792889	-0.137504
3457001	3458000	3457501	435.0	0.793404	0.498085
3458001	3459000	3458501	429.0	0.793920	0.478047
3459001	3460000	3459501	402.0	0.794435	0.384265
3460001	3461000	3460501	320.0	0.794951	0.055142
3461001	3462000	3461501	312.0	0.795466	0.018616
3462001	3463000	3462501	430.0	0.795982	0.481406
3463001	3464000	3463501	308.0	0.796497	0.000000
3464001	3465000	3464501	421.0	0.797013	0.450890
3465001	3466000	3465501	535.0	0.797528	0.796609
3466001	3467000	3466501	450.0	0.798044	0.546995
3467001	3468000	3467501	353.0	0.798559	0.196738
3468001	3469000	3468501	345.0	0.799075	0.163666
3469001	3470000	3469501	394.0	0.799590	0.355265
3470001	3471000	3470501	402.0	0.800106	0.384265
3471001	3472000	3471501	404.0	0.800622	0.391425
3472001	3473000	3472501	296.0	0.801137	-0.057333
3473001	3474000	3473501	285.0	0.801653	-0.111968
3474001	3475000	3474501	523.0	0.802168	0.763881
3475001	3476000	3475501	358.0	0.802684	0.217029
3476001	3477000	3476501	306.0	0.803199	-0.009399
3477001	3478000	3477501	298.0	0.803715	-0.047618
3478001	3479000	3478501	312.0	0.804230	0.018616
3479001	3480000	3479501	329.0	0.804746	0.095157
3480001	3481000	3480501	295.0	0.805261	-0.062215
3481001	3482000	3481501	333.0	0.805777	0.112592
3482001	3483000	3482501	299.0	0.806292	-0.042785
3483001	3484000	3483501	341.0	0.806808	0.146841
3484001	3485000	3484501	371.0	0.807323	0.268489
3485001	3486000	3485501	253.0	0.807839	-0.283793
3486001	3487000	3486501	298.0	0.808355	-0.047618
3487001	3488000	3487501	290.0	0.808870	-0.086877
3488001	3489000	3488501	274.0	0.809386	-0.168754
3489001	3490000	3489501	250.0	0.809901	-0.301002
3490001	3491000	3490501	261.0	0.810417	-0.238881
3491001	3492000	3491501	335.0	0.810932	0.121231
3492001	3493000	3492501	244.0	0.811448	-0.336049
3493001	3494000	3493501	302.0	0.811963	-0.028382
3494001	3495000	3494501	258.0	0.812479	-0.255559
3495001	3496000	3495501	273.0	0.812994	-0.174029
3496001	3497000	3496501	267.0	0.813510	-0.206091
3497001	3498000	3497501	323.0	0.814025	0.068604
3498001	3499000	3498501	347.0	0.814541	0.172005
3499001	3500000	3499501	361.0	0.815056	0.229068
3500001	3501000	3500501	280.0	0.815572	-0.137504
3501001	3502000	3501501	286.0	0.816087	-0.106915
3502001	3503000	3502501	300.0	0.816603	-0.037968
3503001	3504000	3503501	316.0	0.817119	0.036994
3504001	3505000	3504501	283.0	0.817634	-0.122128
3505001	3506000	3505501	324.0	0.818150	0.073063
3506001	3507000	3506501	342.0	0.818665	0.151066
3507001	3508000	3507501	431.0	0.819181	0.484758
3508001	3509000	3508501	494.0	0.819696	0.681581
3509001	3510000	3509501	448.0	0.820212	0.540568
3510001	3511000	3510501	489.0	0.820727	0.666904
3511001	3512000	3511501	415.0	0.821243	0.430181
3512001	3513000	3512501	312.0	0.821758	0.018616
3513001	3514000	3513501	323.0	0.822274	0.068604
3514001	3515000	3514501	306.0	0.822789	-0.009399
3515001	3516000	3515501	270.0	0.823305	-0.189971
3516001	3517000	3516501	396.0	0.823820	0.362570
3517001	3518000	3517501	373.0	0.824336	0.276245
3518001	3519000	3518501	436.0	0.824852	0.501398
3519001	3520000	3519501	283.0	0.825367	-0.122128
3520001	3521000	3520501	284.0	0.825883	-0.117039
3521001	3522000	3521501	335.0	0.826398	0.121231
3522001	3523000	3522501	271.0	0.826914	-0.184637
3523001	3524000	3523501	270.0	0.827429	-0.189971
3524001	3525000	3524501	271.0	0.827945	-0.184637
3525001	3526000	3525501	353.0	0.828460	0.196738
3526001	3527000	3526501	362.0	0.828976	0.233059
3527001	3528000	3527501	445.0	0.829491	0.530875
3528001	3529000	3528501	436.0	0.830007	0.501398
3529001	3530000	3529501	353.0	0.830522	0.196738
3530001	3531000	3530501	285.0	0.831038	-0.111968
3531001	3532000	3531501	281.0	0.831553	-0.132360
3532001	3533000	3532501	355.0	0.832069	0.204889
3533001	3534000	3533501	319.0	0.832585	0.050626
3534001	3535000	3534501	347.0	0.833100	0.172005
3535001	3536000	3535501	297.0	0.833616	-0.052467
3536001	3537000	3536501	288.0	0.834131	-0.096862
3537001	3538000	3537501	297.0	0.834647	-0.052467
3538001	3539000	3538501	293.0	0.835162	-0.072030
3539001	3540000	3539501	314.0	0.835678	0.027834
3540001	3541000	3540501	308.0	0.836193	0.000000
3541001	3542000	3541501	368.0	0.836709	0.256775
3542001	3543000	3542501	328.0	0.837224	0.090765
3543001	3544000	3543501	317.0	0.837740	0.041552
3544001	3545000	3544501	358.0	0.838255	0.217029
3545001	3546000	3545501	358.0	0.838771	0.217029
3546001	3547000	3546501	337.0	0.839286	0.129818
3547001	3548000	3547501	316.0	0.839802	0.036994
3548001	3549000	3548501	338.0	0.840318	0.134093
3549001	3550000	3549501	334.0	0.840833	0.116918
3550001	3551000	3550501	298.0	0.841349	-0.047618
3551001	3552000	3551501	301.0	0.841864	-0.033167
3552001	3553000	3552501	332.0	0.842380	0.108253
3553001	3554000	3553501	261.0	0.842895	-0.238881
3554001	3555000	3554501	261.0	0.843411	-0.238881
3555001	3556000	3555501	292.0	0.843926	-0.076962
3556001	3557000	3556501	239.0	0.844442	-0.365920
3557001	3558000	3557501	375.0	0.844957	0.283960
3558001	3559000	3558501	302.0	0.845473	-0.028382
3559001	3560000	3559501	362.0	0.845988	0.233059
3560001	3561000	3560501	463.0	0.846504	0.588082
3561001	3562000	3561501	403.0	0.847019	0.387849
3562001	3563000	3562501	373.0	0.847535	0.276245
3563001	3564000	3563501	323.0	0.848050	0.068604
3564001	3565000	3564501	260.0	0.848566	-0.244419
3565001	3566000	3565501	307.0	0.849082	-0.004692
3566001	3567000	3566501	297.0	0.849597	-0.052467
3567001	3568000	3567501	347.0	0.850113	0.172005
3568001	3569000	3568501	267.0	0.850628	-0.206091
3569001	3570000	3569501	211.0	0.851144	-0.545687
3570001	3571000	3570501	247.0	0.851659	-0.318419
3571001	3572000	3571501	275.0	0.852175	-0.163499
3572001	3573000	3572501	279.0	0.852690	-0.142665
3573001	3574000	3573501	258.0	0.853206	-0.255559
3574001	3575000	3574501	269.0	0.853721	-0.195324
3575001	3576000	3575501	256.0	0.854237	-0.266787
3576001	3577000	3576501	277.0	0.854752	-0.153044
3577001	3578000	3577501	295.0	0.855268	-0.062215
3578001	3579000	3578501	299.0	0.855783	-0.042785
3579001	3580000	3579501	312.0	0.856299	0.018616
3580001	3581000	3580501	336.0	0.856815	0.125531
3581001	3582000	3581501	321.0	0.857330	0.059643
3582001	3583000	3582501	260.0	0.857846	-0.244419
3583001	3584000	3583501	260.0	0.858361	-0.244419
3584001	3585000	3584501	321.0	0.858877	0.059643
3585001	3586000	3585501	274.0	0.859392	-0.168754
3586001	3587000	3586501	331.0	0.859908	0.103901
3587001	3588000	3587501	325.0	0.860423	0.077509
3588001	3589000	3588501	251.0	0.860939	-0.295243
3589001	3590000	3589501	325.0	0.861454	0.077509
3590001	3591000	3590501	276.0	0.861970	-0.158262
3591001	3592000	3591501	451.0	0.862485	0.550197
3592001	3593000	3592501	436.0	0.863001	0.501398
3593001	3594000	3593501	350.0	0.863516	0.184425
3594001	3595000	3594501	300.0	0.864032	-0.037968
3595001	3596000	3595501	338.0	0.864548	0.134093
3596001	3597000	3596501	356.0	0.865063	0.208947
3597001	3598000	3597501	350.0	0.865579	0.184425
3598001	3599000	3598501	255.0	0.866094	-0.272433
3599001	3600000	3599501	281.0	0.866610	-0.132360
3600001	3601000	3600501	319.0	0.867125	0.050626
3601001	3602000	3601501	318.0	0.867641	0.046096
3602001	3603000	3602501	285.0	0.868156	-0.111968
3603001	3604000	3603501	338.0	0.868672	0.134093
3604001	3605000	3604501	326.0	0.869187	0.081942
3605001	3606000	3605501	357.0	0.869703	0.212994
3606001	3607000	3606501	331.0	0.870218	0.103901
3607001	3608000	3607501	333.0	0.870734	0.112592
3608001	3609000	3608501	323.0	0.871249	0.068604
3609001	3610000	3609501	372.0	0.871765	0.272372
3610001	3611000	3610501	333.0	0.872281	0.112592
3611001	3612000	3611501	304.0	0.872796	-0.018859
3612001	3613000	3612501	369.0	0.873312	0.260690
3613001	3614000	3613501	422.0	0.873827	0.454313
3614001	3615000	3614501	374.0	0.874343	0.280108
3615001	3616000	3615501	289.0	0.874858	-0.091861
3616001	3617000	3616501	290.0	0.875374	-0.086877
3617001	3618000	3617501	287.0	0.875889	-0.101880
3618001	3619000	3618501	431.0	0.876405	0.484758
3619001	3620000	3619501	411.0	0.876920	0.416208
3620001	3621000	3620501	331.0	0.877436	0.103901
3621001	3622000	3621501	288.0	0.877951	-0.096862
3622001	3623000	3622501	307.0	0.878467	-0.004692
3623001	3624000	3623501	440.0	0.878982	0.514573
3624001	3625000	3624501	564.0	0.879498	0.872765
3625001	3626000	3625501	428.0	0.880013	0.474680
3626001	3627000	3626501	353.0	0.880529	0.196738
3627001	3628000	3627501	423.0	0.881045	0.457727
3628001	3629000	3628501	433.0	0.881560	0.491437
3629001	3630000	3629501	400.0	0.882076	0.377070
3630001	3631000	3630501	362.0	0.882591	0.233059
3631001	3632000	3631501	377.0	0.883107	0.291634
3632001	3633000	3632501	366.0	0.883622	0.248913
3633001	3634000	3633501	451.0	0.884138	0.550197
3634001	3635000	3634501	421.0	0.884653	0.450890
3635001	3636000	3635501	379.0	0.885169	0.299267
3636001	3637000	3636501	314.0	0.885684	0.027834
3637001	3638000	3637501	285.0	0.886200	-0.111968
3638001	3639000	3638501	302.0	0.886715	-0.028382
3639001	3640000	3639501	256.0	0.887231	-0.266787
3640001	3641000	3640501	282.0	0.887746	-0.127235
3641001	3642000	3641501	351.0	0.888262	0.188541
3642001	3643000	3642501	438.0	0.888778	0.508001
3643001	3644000	3643501	375.0	0.889293	0.283960
3644001	3645000	3644501	319.0	0.889809	0.050626
3645001	3646000	3645501	415.0	0.890324	0.430181
3646001	3647000	3646501	347.0	0.890840	0.172005
3647001	3648000	3647501	369.0	0.891355	0.260690
3648001	3649000	3648501	309.0	0.891871	0.004676
3649001	3650000	3649501	329.0	0.892386	0.095157
3650001	3651000	3650501	369.0	0.892902	0.260690
3651001	3652000	3651501	418.0	0.893417	0.440573
3652001	3653000	3652501	351.0	0.893933	0.188541
3653001	3654000	3653501	355.0	0.894448	0.204889
3654001	3655000	3654501	313.0	0.894964	0.023232
3655001	3656000	3655501	392.0	0.895479	0.347923
3656001	3657000	3656501	254.0	0.895995	-0.278102
3657001	3658000	3657501	255.0	0.896511	-0.272433
3658001	3659000	3658501	343.0	0.897026	0.155278
3659001	3660000	3659501	408.0	0.897542	0.405639
3660001	3661000	3660501	305.0	0.898057	-0.014121
3661001	3662000	3661501	296.0	0.898573	-0.057333
3662001	3663000	3662501	318.0	0.899088	0.046096
3663001	3664000	3663501	300.0	0.899604	-0.037968
3664001	3665000	3664501	306.0	0.900119	-0.009399
3665001	3666000	3665501	294.0	0.900635	-0.067114
3666001	3667000	3666501	260.0	0.901150	-0.244419
3667001	3668000	3667501	260.0	0.901666	-0.244419
3668001	3669000	3668501	315.0	0.902181	0.032421
3669001	3670000	3669501	306.0	0.902697	-0.009399
3670001	3671000	3670501	280.0	0.903212	-0.137504
3671001	3672000	3671501	309.0	0.903728	0.004676
3672001	3673000	3672501	285.0	0.904244	-0.111968
3673001	3674000	3673501	359.0	0.904759	0.221053
3674001	3675000	3674501	312.0	0.905275	0.018616
3675001	3676000	3675501	292.0	0.905790	-0.076962
3676001	3677000	3676501	286.0	0.906306	-0.106915
3677001	3678000	3677501	288.0	0.906821	-0.096862
3678001	3679000	3678501	267.0	0.907337	-0.206091
3679001	3680000	3679501	318.0	0.907852	0.046096
3680001	3681000	3680501	299.0	0.908368	-0.042785
3681001	3682000	3681501	274.0	0.908883	-0.168754
3682001	3683000	3682501	291.0	0.909399	-0.081911
3683001	3684000	3683501	289.0	0.909914	-0.091861
3684001	3685000	3684501	271.0	0.910430	-0.184637
3685001	3686000	3685501	315.0	0.910945	0.032421
3686001	3687000	3686501	318.0	0.911461	0.046096
3687001	3688000	3687501	355.0	0.911976	0.204889
3688001	3689000	3688501	296.0	0.912492	-0.057333
3689001	3690000	3689501	303.0	0.913008	-0.023613
3690001	3691000	3690501	320.0	0.913523	0.055142
3691001	3692000	3691501	238.0	0.914039	-0.371969
3692001	3693000	3692501	325.0	0.914554	0.077509
3693001	3694000	3693501	474.0	0.915070	0.621957
3694001	3695000	3694501	449.0	0.915585	0.543785
3695001	3696000	3695501	378.0	0.916101	0.295456
3696001	3697000	3696501	246.0	0.916616	-0.324272
3697001	3698000	3697501	218.0	0.917132	-0.498602
3698001	3699000	3698501	212.0	0.917647	-0.538866
3699001	3700000	3699501	276.0	0.918163	-0.158262
3700001	3701000	3700501	291.0	0.918678	-0.081911
3701001	3702000	3701501	275.0	0.919194	-0.163499
3702001	3703000	3702501	284.0	0.919709	-0.117039
3703001	3704000	3703501	237.0	0.920225	-0.378043
3704001	3705000	3704501	222.0	0.920741	-0.472371
3705001	3706000	3705501	304.0	0.921256	-0.018859
3706001	3707000	3706501	278.0	0.921772	-0.147845
3707001	3708000	3707501	267.0	0.922287	-0.206091
3708001	3709000	3708501	228.0	0.922803	-0.433897
3709001	3710000	3709501	304.0	0.923318	-0.018859
3710001	3711000	3710501	403.0	0.923834	0.387849
3711001	3712000	3711501	361.0	0.924349	0.229068
3712001	3713000	3712501	352.0	0.924865	0.192645
3713001	3714000	3713501	321.0	0.925380	0.059643
3714001	3715000	3714501	356.0	0.925896	0.208947
3715001	3716000	3715501	268.0	0.926411	-0.200697
3716001	3717000	3716501	303.0	0.926927	-0.023613
3717001	3718000	3717501	265.0	0.927442	-0.216938
3718001	3719000	3718501	244.0	0.927958	-0.336049
3719001	3720000	3719501	263.0	0.928474	-0.227868
3720001	3721000	3720501	311.0	0.928989	0.013984
3721001	3722000	3721501	440.0	0.929505	0.514573
3722001	3723000	3722501	358.0	0.930020	0.217029
3723001	3724000	3723501	232.0	0.930536	-0.408806
3724001	3725000	3724501	226.0	0.931051	-0.446608
3725001	3726000	3725501	299.0	0.931567	-0.042785
3726001	3727000	3726501	276.0	0.932082	-0.158262
3727001	3728000	3727501	269.0	0.932598	-0.195324
3728001	3729000	3728501	262.0	0.933113	-0.233364
3729001	3730000	3729501	305.0	0.933629	-0.014121
3730001	3731000	3730501	332.0	0.934144	0.108253
3731001	3732000	3731501	326.0	0.934660	0.081942
3732001	3733000	3732501	293.0	0.935175	-0.072030
3733001	3734000	3733501	323.0	0.935691	0.068604
3734001	3735000	3734501	265.0	0.936206	-0.216938
3735001	3736000	3735501	356.0	0.936722	0.208947
3736001	3737000	3736501	316.0	0.937238	0.036994
3737001	3738000	3737501	291.0	0.937753	-0.081911
3738001	3739000	3738501	343.0	0.938269	0.155278
3739001	3740000	3739501	365.0	0.938784	0.244966
3740001	3741000	3740501	258.0	0.939300	-0.255559
3741001	3742000	3741501	246.0	0.939815	-0.324272
3742001	3743000	3742501	265.0	0.940331	-0.216938
3743001	3744000	3743501	271.0	0.940846	-0.184637
3744001	3745000	3744501	304.0	0.941362	-0.018859
3745001	3746000	3745501	265.0	0.941877	-0.216938
3746001	3747000	3746501	335.0	0.942393	0.121231
3747001	3748000	3747501	346.0	0.942908	0.167842
3748001	3749000	3748501	278.0	0.943424	-0.147845
3749001	3750000	3749501	272.0	0.943939	-0.179324
3750001	3751000	3750501	398.0	0.944455	0.369838
3751001	3752000	3751501	329.0	0.944971	0.095157
3752001	3753000	3752501	341.0	0.945486	0.146841
3753001	3754000	3753501	251.0	0.946002	-0.295243
3754001	3755000	3754501	292.0	0.946517	-0.076962
3755001	3756000	3755501	365.0	0.947033	0.244966
3756001	3757000	3756501	286.0	0.947548	-0.106915
3757001	3758000	3757501	258.0	0.948064	-0.255559
3758001	3759000	3758501	261.0	0.948579	-0.238881
3759001	3760000	3759501	384.0	0.949095	0.318176
3760001	3761000	3760501	335.0	0.949610	0.121231
3761001	3762000	3761501	336.0	0.950126	0.125531
3762001	3763000	3762501	249.0	0.950641	-0.306785
3763001	3764000	3763501	262.0	0.951157	-0.233364
3764001	3765000	3764501	291.0	0.951672	-0.081911
3765001	3766000	3765501	337.0	0.952188	0.129818
3766001	3767000	3766501	348.0	0.952704	0.176157
3767001	3768000	3767501	345.0	0.953219	0.163666
3768001	3769000	3768501	313.0	0.953735	0.023232
3769001	3770000	3769501	231.0	0.954250	-0.415037
3770001	3771000	3770501	240.0	0.954766	-0.359896
3771001	3772000	3771501	273.0	0.955281	-0.174029
3772001	3773000	3772501	293.0	0.955797	-0.072030
3773001	3774000	3773501	335.0	0.956312	0.121231
3774001	3775000	3774501	313.0	0.956828	0.023232
3775001	3776000	3775501	279.0	0.957343	-0.142665
3776001	3777000	3776501	322.0	0.957859	0.064130
3777001	3778000	3777501	373.0	0.958374	0.276245
3778001	3779000	3778501	597.0	0.958890	0.954801
3779001	3780000	3779501	525.0	0.959405	0.769387
3780001	3781000	3780501	470.0	0.959921	0.609730
3781001	3782000	3781501	526.0	0.960437	0.772132
3782001	3783000	3782501	405.0	0.960952	0.394992
3783001	3784000	3783501	464.0	0.961468	0.591194
3784001	3785000	3784501	332.0	0.961983	0.108253
3785001	3786000	3785501	371.0	0.962499	0.268489
3786001	3787000	3786501	325.0	0.963014	0.077509
3787001	3788000	3787501	335.0	0.963530	0.121231
3788001	3789000	3788501	349.0	0.964045	0.180297
3789001	3790000	3789501	340.0	0.964561	0.142604
3790001	3791000	3790501	341.0	0.965076	0.146841
3791001	3792000	3791501	375.0	0.965592	0.283960
3792001	3793000	3792501	327.0	0.966107	0.086360
3793001	3794000	3793501	334.0	0.966623	0.116918
3794001	3795000	3794501	297.0	0.967138	-0.052467
3795001	3796000	3795501	305.0	0.967654	-0.014121
3796001	3797000	3796501	319.0	0.968169	0.050626
3797001	3798000	3797501	235.0	0.968685	-0.390270
3798001	3799000	3798501	276.0	0.969201	-0.158262
3799001	3800000	3799501	242.0	0.969716	-0.347923
3800001	3801000	3800501	306.0	0.970232	-0.009399
3801001	3802000	3801501	311.0	0.970747	0.013984
3802001	3803000	3802501	363.0	0.971263	0.237039
3803001	3804000	3803501	281.0	0.971778	-0.132360
3804001	3805000	3804501	273.0	0.972294	-0.174029
3805001	3806000	3805501	281.0	0.972809	-0.132360
3806001	3807000	3806501	313.0	0.973325	0.023232
3807001	3808000	3807501	342.0	0.973840	0.151066
3808001	3809000	3808501	405.0	0.974356	0.394992
3809001	3810000	3809501	310.0	0.974871	0.009338
3810001	3811000	3810501	292.0	0.975387	-0.076962
3811001	3812000	3811501	307.0	0.975902	-0.004692
3812001	3813000	3812501	354.0	0.976418	0.200819
3813001	3814000	3813501	320.0	0.976934	0.055142
3814001	3815000	3814501	323.0	0.977449	0.068604
3815001	3816000	3815501	309.0	0.977965	0.004676
3816001	3817000	3816501	289.0	0.978480	-0.091861
3817001	3818000	3817501	284.0	0.978996	-0.117039
3818001	3819000	3818501	307.0	0.979511	-0.004692
3819001	3820000	3819501	447.0	0.980027	0.537344
3820001	3821000	3820501	428.0	0.980542	0.474680
3821001	3822000	3821501	315.0	0.981058	0.032421
3822001	3823000	3822501	308.0	0.981573	0.000000
3823001	3824000	3823501	488.0	0.982089	0.663951
3824001	3825000	3824501	270.0	0.982604	-0.189971
3825001	3826000	3825501	226.0	0.983120	-0.446608
3826001	3827000	3826501	317.0	0.983635	0.041552
3827001	3828000	3827501	279.0	0.984151	-0.142665
3828001	3829000	3828501	257.0	0.984667	-0.261162
3829001	3830000	3829501	298.0	0.985182	-0.047618
3830001	3831000	3830501	261.0	0.985698	-0.238881
3831001	3832000	3831501	278.0	0.986213	-0.147845
3832001	3833000	3832501	259.0	0.986729	-0.249978
3833001	3834000	3833501	345.0	0.987244	0.163666
3834001	3835000	3834501	381.0	0.987760	0.306861
3835001	3836000	3835501	374.0	0.988275	0.280108
3836001	3837000	3836501	334.0	0.988791	0.116918
3837001	3838000	3837501	416.0	0.989306	0.433653
3838001	3839000	3838501	414.0	0.989822	0.426700
3839001	3840000	3839501	471.0	0.990337	0.612797
3840001	3841000	3840501	380.0	0.990853	0.303069
3841001	3842000	3841501	345.0	0.991368	0.163666
3842001	3843000	3842501	333.0	0.991884	0.112592
3843001	3844000	3843501	328.0	0.992400	0.090765
3844001	3845000	3844501	274.0	0.992915	-0.168754
3845001	3846000	3845501	309.0	0.993431	0.004676
3846001	3847000	3846501	324.0	0.993946	0.073063
3847001	3848000	3847501	297.0	0.994462	-0.052467
3848001	3849000	3848501	354.0	0.994977	0.200819
3849001	3850000	3849501	317.0	0.995493	0.041552
3850001	3851000	3850501	351.0	0.996008	0.188541
3851001	3852000	3851501	260.0	0.996524	-0.244419
3852001	3853000	3852501	239.0	0.997039	-0.365920
3853001	3854000	3853501	238.0	0.997555	-0.371969
3854001	3855000	3854501	351.0	0.998070	0.188541
3855001	3856000	3855501	324.0	0.998586	0.073063
3856001	3857000	3856501	321.0	0.999101	0.059643
