window_start	window_end	window_mid	raw_count	norm_position	log2_ratio
1	1000	501	303.0	1.000000	-0.014214
1001	2000	1501	402.0	-0.999479	0.393664
2001	3000	2501	336.0	-0.998957	0.134930
3001	4000	3501	311.0	-0.998436	0.023383
4001	5000	4501	253.0	-0.997914	-0.274394
5001	6000	5501	255.0	-0.997393	-0.263034
6001	7000	6501	240.0	-0.996872	-0.350497
7001	8000	7501	257.0	-0.996350	-0.251763
8001	9000	8501	292.0	-0.995829	-0.067563
9001	10000	9501	276.0	-0.995308	-0.148863
10001	11000	10501	359.0	-0.994786	0.230452
11001	12000	11501	384.0	-0.994265	0.327575
12001	13000	12501	322.0	-0.993743	0.073529
13001	14000	13501	398.0	-0.993222	0.379237
14001	15000	14501	427.0	-0.992701	0.480704
15001	16000	15501	432.0	-0.992179	0.497500
16001	17000	16501	347.0	-0.991658	0.181404
17001	18000	17501	381.0	-0.991137	0.316259
18001	19000	18501	291.0	-0.990615	-0.072512
19001	20000	19501	243.0	-0.990094	-0.332575
20001	21000	20501	235.0	-0.989572	-0.380871
21001	22000	21501	322.0	-0.989051	0.073529
22001	23000	22501	271.0	-0.988530	-0.175239
23001	24000	23501	428.0	-0.988008	0.484079
24001	25000	24501	504.0	-0.987487	0.719892
25001	26000	25501	407.0	-0.986966	0.411497
26001	27000	26501	327.0	-0.986444	0.095759
27001	28000	27501	315.0	-0.985923	0.041820
28001	29000	28501	351.0	-0.985401	0.197939
29001	30000	29501	345.0	-0.984880	0.173065
30001	31000	30501	379.0	-0.984359	0.308666
31001	32000	31501	328.0	-0.983837	0.100164
32001	33000	32501	260.0	-0.983316	-0.235020
33001	34000	33501	305.0	-0.982795	-0.004722
34001	35000	34501	314.0	-0.982273	0.037233
35001	36000	35501	295.0	-0.981752	-0.052817
36001	37000	36501	290.0	-0.981230	-0.077479
37001	38000	37501	313.0	-0.980709	0.032631
38001	39000	38501	377.0	-0.980188	0.301033
39001	40000	39501	278.0	-0.979666	-0.138447
40001	41000	40501	298.0	-0.979145	-0.038219
41001	42000	41501	340.0	-0.978624	0.152003
42001	43000	42501	329.0	-0.978102	0.104556
43001	44000	43501	359.0	-0.977581	0.230452
44001	45000	44501	369.0	-0.977059	0.270089
45001	46000	45501	306.0	-0.976538	0.000000
46001	47000	46501	272.0	-0.976017	-0.169925
47001	48000	47501	325.0	-0.975495	0.086908
48001	49000	48501	312.0	-0.974974	0.028014
49001	50000	49501	331.0	-0.974453	0.113300
50001	51000	50501	300.0	-0.973931	-0.028569
51001	52000	51501	249.0	-0.973410	-0.297386
52001	53000	52501	257.0	-0.972888	-0.251763
53001	54000	53501	236.0	-0.972367	-0.374745
54001	55000	54501	272.0	-0.971846	-0.169925
55001	56000	55501	238.0	-0.971324	-0.362570
56001	57000	56501	265.0	-0.970803	-0.207539
57001	58000	57501	385.0	-0.970282	0.331327
58001	59000	58501	331.0	-0.969760	0.113300
59001	60000	59501	294.0	-0.969239	-0.057715
60001	61000	60501	363.0	-0.968717	0.246438
61001	62000	61501	393.0	-0.968196	0.360998
62001	63000	62501	323.0	-0.967675	0.078003
63001	64000	63501	311.0	-0.967153	0.023383
64001	65000	64501	308.0	-0.966632	0.009399
65001	66000	65501	289.0	-0.966111	-0.082462
66001	67000	66501	260.0	-0.965589	-0.235020
67001	68000	67501	302.0	-0.965068	-0.018983
68001	69000	68501	324.0	-0.964546	0.082462
69001	70000	69501	458.0	-0.964025	0.581816
70001	71000	70501	489.0	-0.963504	0.676303
71001	72000	71501	427.0	-0.962982	0.480704
72001	73000	72501	345.0	-0.962461	0.173065
73001	74000	73501	357.0	-0.961940	0.222392
74001	75000	74501	329.0	-0.961418	0.104556
75001	76000	75501	294.0	-0.960897	-0.057715
76001	77000	76501	320.0	-0.960375	0.064540
77001	78000	77501	448.0	-0.959854	0.549967
78001	79000	78501	382.0	-0.959333	0.320041
79001	80000	79501	421.0	-0.958811	0.460289
80001	81000	80501	309.0	-0.958290	0.014075
81001	82000	81501	345.0	-0.957769	0.173065
82001	83000	82501	340.0	-0.957247	0.152003
83001	84000	83501	301.0	-0.956726	-0.023768
84001	85000	84501	351.0	-0.956204	0.197939
85001	86000	85501	287.0	-0.955683	-0.092481
86001	87000	86501	293.0	-0.955162	-0.062631
87001	88000	87501	344.0	-0.954640	0.168877
88001	89000	88501	300.0	-0.954119	-0.028569
89001	90000	89501	349.0	-0.953597	0.189695
90001	91000	90501	406.0	-0.953076	0.407948
91001	92000	91501	373.0	-0.952555	0.285644
92001	93000	92501	356.0	-0.952033	0.218346
93001	94000	93501	344.0	-0.951512	0.168877
94001	95000	94501	354.0	-0.950991	0.210218
95001	96000	95501	372.0	-0.950469	0.281771
96001	97000	96501	346.0	-0.949948	0.177240
97001	98000	97501	309.0	-0.949426	0.014075
98001	99000	98501	267.0	-0.948905	-0.196692
99001	100000	99501	319.0	-0.948384	0.060025
100001	101000	100501	276.0	-0.947862	-0.148863
101001	102000	101501	288.0	-0.947341	-0.087463
102001	103000	102501	262.0	-0.946820	-0.223965
103001	104000	103501	360.0	-0.946298	0.234465
104001	105000	104501	333.0	-0.945777	0.121991
105001	106000	105501	358.0	-0.945255	0.226428
106001	107000	106501	418.0	-0.944734	0.449971
107001	108000	107501	391.0	-0.944213	0.353637
108001	109000	108501	329.0	-0.943691	0.104556
109001	110000	109501	364.0	-0.943170	0.250407
110001	111000	110501	354.0	-0.942649	0.210218
111001	112000	111501	328.0	-0.942127	0.100164
112001	113000	112501	301.0	-0.941606	-0.023768
113001	114000	113501	298.0	-0.941084	-0.038219
114001	115000	114501	278.0	-0.940563	-0.138447
115001	116000	115501	369.0	-0.940042	0.270089
116001	117000	116501	240.0	-0.939520	-0.350497
117001	118000	117501	238.0	-0.938999	-0.362570
118001	119000	118501	350.0	-0.938478	0.193823
119001	120000	119501	305.0	-0.937956	-0.004722
120001	121000	120501	403.0	-0.937435	0.397248
121001	122000	121501	367.0	-0.936913	0.262248
122001	123000	122501	266.0	-0.936392	-0.202105
123001	124000	123501	277.0	-0.935871	-0.143646
124001	125000	124501	304.0	-0.935349	-0.009460
125001	126000	125501	285.0	-0.934828	-0.102570
126001	127000	126501	266.0	-0.934307	-0.202105
127001	128000	127501	396.0	-0.933785	0.371969
128001	129000	128501	426.0	-0.933264	0.477322
129001	130000	129501	287.0	-0.932742	-0.092481
130001	131000	130501	287.0	-0.932221	-0.092481
131001	132000	131501	389.0	-0.931700	0.346239
132001	133000	132501	354.0	-0.931178	0.210218
133001	134000	133501	294.0	-0.930657	-0.057715
134001	135000	134501	354.0	-0.930136	0.210218
135001	136000	135501	360.0	-0.929614	0.234465
136001	137000	136501	228.0	-0.929093	-0.424498
137001	138000	137501	267.0	-0.928571	-0.196692
138001	139000	138501	333.0	-0.928050	0.121991
139001	140000	139501	297.0	-0.927529	-0.043069
140001	141000	140501	372.0	-0.927007	0.281771
141001	142000	141501	257.0	-0.926486	-0.251763
142001	143000	142501	286.0	-0.925965	-0.097517
143001	144000	143501	344.0	-0.925443	0.168877
144001	145000	144501	318.0	-0.924922	0.055495
145001	146000	145501	377.0	-0.924400	0.301033
146001	147000	146501	308.0	-0.923879	0.009399
147001	148000	147501	263.0	-0.923358	-0.218469
148001	149000	148501	254.0	-0.922836	-0.268703
149001	150000	149501	386.0	-0.922315	0.335069
150001	151000	150501	363.0	-0.921794	0.246438
151001	152000	151501	299.0	-0.921272	-0.033386
152001	153000	152501	293.0	-0.920751	-0.062631
153001	154000	153501	334.0	-0.920229	0.126316
154001	155000	154501	322.0	-0.919708	0.073529
155001	156000	155501	288.0	-0.919187	-0.087463
156001	157000	156501	314.0	-0.918665	0.037233
157001	158000	157501	266.0	-0.918144	-0.202105
158001	159000	158501	386.0	-0.917623	0.335069
159001	160000	159501	323.0	-0.917101	0.078003
160001	161000	160501	364.0	-0.916580	0.250407
161001	162000	161501	349.0	-0.916058	0.189695
162001	163000	162501	338.0	-0.915537	0.143492
163001	164000	163501	326.0	-0.915016	0.091340
164001	165000	164501	297.0	-0.914494	-0.043069
165001	166000	165501	330.0	-0.913973	0.108934
166001	167000	166501	360.0	-0.913452	0.234465
167001	168000	167501	333.0	-0.912930	0.121991
168001	169000	168501	314.0	-0.912409	0.037233
169001	170000	169501	424.0	-0.911887	0.470533
170001	171000	170501	319.0	-0.911366	0.060025
171001	172000	171501	284.0	-0.910845	-0.107641
172001	173000	172501	299.0	-0.910323	-0.033386
173001	174000	173501	230.0	-0.909802	-0.411898
174001	175000	174501	281.0	-0.909281	-0.122962
175001	176000	175501	347.0	-0.908759	0.181404
176001	177000	176501	357.0	-0.908238	0.222392
177001	178000	177501	293.0	-0.907716	-0.062631
178001	179000	178501	283.0	-0.907195	-0.112730
179001	180000	179501	305.0	-0.906674	-0.004722
180001	181000	180501	281.0	-0.906152	-0.122962
181001	182000	181501	240.0	-0.905631	-0.350497
182001	183000	182501	296.0	-0.905109	-0.047934
183001	184000	183501	292.0	-0.904588	-0.067563
184001	185000	184501	245.0	-0.904067	-0.320750
185001	186000	185501	232.0	-0.903545	-0.399407
186001	187000	186501	244.0	-0.903024	-0.326651
187001	188000	187501	260.0	-0.902503	-0.235020
188001	189000	188501	297.0	-0.901981	-0.043069
189001	190000	189501	297.0	-0.901460	-0.043069
190001	191000	190501	283.0	-0.900938	-0.112730
191001	192000	191501	318.0	-0.900417	0.055495
192001	193000	192501	296.0	-0.899896	-0.047934
193001	194000	193501	362.0	-0.899374	0.242458
194001	195000	194501	361.0	-0.898853	0.238467
195001	196000	195501	293.0	-0.898332	-0.062631
196001	197000	196501	293.0	-0.897810	-0.062631
197001	198000	197501	285.0	-0.897289	-0.102570
198001	199000	198501	235.0	-0.896767	-0.380871
199001	200000	199501	310.0	-0.896246	0.018737
200001	201000	200501	362.0	-0.895725	0.242458
201001	202000	201501	283.0	-0.895203	-0.112730
202001	203000	202501	305.0	-0.894682	-0.004722
203001	204000	203501	310.0	-0.894161	0.018737
204001	205000	204501	319.0	-0.893639	0.060025
205001	206000	205501	328.0	-0.893118	0.100164
206001	207000	206501	440.0	-0.892596	0.523972
207001	208000	207501	389.0	-0.892075	0.346239
208001	209000	208501	454.0	-0.891554	0.569161
209001	210000	209501	391.0	-0.891032	0.353637
210001	211000	210501	362.0	-0.890511	0.242458
211001	212000	211501	355.0	-0.889990	0.214287
212001	213000	212501	266.0	-0.889468	-0.202105
213001	214000	213501	333.0	-0.888947	0.121991
214001	215000	214501	328.0	-0.888425	0.100164
215001	216000	215501	312.0	-0.887904	0.028014
216001	217000	216501	368.0	-0.887383	0.266174
217001	218000	217501	322.0	-0.886861	0.073529
218001	219000	218501	380.0	-0.886340	0.312468
219001	220000	219501	279.0	-0.885819	-0.133267
220001	221000	220501	314.0	-0.885297	0.037233
221001	222000	221501	311.0	-0.884776	0.023383
222001	223000	222501	345.0	-0.884254	0.173065
223001	224000	223501	295.0	-0.883733	-0.052817
224001	225000	224501	363.0	-0.883212	0.246438
225001	226000	225501	270.0	-0.882690	-0.180572
226001	227000	226501	312.0	-0.882169	0.028014
227001	228000	227501	280.0	-0.881648	-0.128105
228001	229000	228501	267.0	-0.881126	-0.196692
229001	230000	229501	332.0	-0.880605	0.117652
230001	231000	230501	325.0	-0.880083	0.086908
231001	232000	231501	242.0	-0.879562	-0.338525
232001	233000	232501	271.0	-0.879041	-0.175239
233001	234000	233501	293.0	-0.878519	-0.062631
234001	235000	234501	270.0	-0.877998	-0.180572
235001	236000	235501	233.0	-0.877477	-0.393202
236001	237000	236501	274.0	-0.876955	-0.159356
237001	238000	237501	336.0	-0.876434	0.134930
238001	239000	238501	255.0	-0.875912	-0.263034
239001	240000	239501	246.0	-0.875391	-0.314873
240001	241000	240501	361.0	-0.874870	0.238467
241001	242000	241501	456.0	-0.874348	0.575502
242001	243000	242501	434.0	-0.873827	0.504163
243001	244000	243501	339.0	-0.873306	0.147754
244001	245000	244501	413.0	-0.872784	0.432610
245001	246000	245501	296.0	-0.872263	-0.047934
246001	247000	246501	330.0	-0.871741	0.108934
247001	248000	247501	321.0	-0.871220	0.069042
248001	249000	248501	346.0	-0.870699	0.177240
249001	250000	249501	383.0	-0.870177	0.323813
250001	251000	250501	350.0	-0.869656	0.193823
251001	252000	251501	313.0	-0.869135	0.032631
252001	253000	252501	253.0	-0.868613	-0.274394
253001	254000	253501	306.0	-0.868092	0.000000
254001	255000	254501	306.0	-0.867570	0.000000
255001	256000	255501	284.0	-0.867049	-0.107641
256001	257000	256501	320.0	-0.866528	0.064540
257001	258000	257501	275.0	-0.866006	-0.154100
258001	259000	258501	331.0	-0.865485	0.113300
259001	260000	259501	423.0	-0.864964	0.467126
260001	261000	260501	334.0	-0.864442	0.126316
261001	262000	261501	352.0	-0.863921	0.202044
262001	263000	262501	318.0	-0.863399	0.055495
263001	264000	263501	351.0	-0.862878	0.197939
264001	265000	264501	325.0	-0.862357	0.086908
265001	266000	265501	341.0	-0.861835	0.156240
266001	267000	266501	360.0	-0.861314	0.234465
267001	268000	267501	362.0	-0.860792	0.242458
268001	269000	268501	333.0	-0.860271	0.121991
269001	270000	269501	328.0	-0.859750	0.100164
270001	271000	270501	247.0	-0.859228	-0.309021
271001	272000	271501	252.0	-0.858707	-0.280108
272001	273000	272501	326.0	-0.858186	0.091340
273001	274000	273501	323.0	-0.857664	0.078003
274001	275000	274501	372.0	-0.857143	0.281771
275001	276000	275501	367.0	-0.856621	0.262248
276001	277000	276501	478.0	-0.856100	0.643479
277001	278000	277501	395.0	-0.855579	0.368321
278001	279000	278501	367.0	-0.855057	0.262248
279001	280000	279501	373.0	-0.854536	0.285644
280001	281000	280501	330.0	-0.854015	0.108934
281001	282000	281501	320.0	-0.853493	0.064540
282001	283000	282501	359.0	-0.852972	0.230452
283001	284000	283501	429.0	-0.852450	0.487446
284001	285000	284501	438.0	-0.851929	0.517399
285001	286000	285501	381.0	-0.851408	0.316259
286001	287000	286501	356.0	-0.850886	0.218346
287001	288000	287501	477.0	-0.850365	0.640458
288001	289000	288501	319.0	-0.849844	0.060025
289001	290000	289501	440.0	-0.849322	0.523972
290001	291000	290501	387.0	-0.848801	0.338802
291001	292000	291501	365.0	-0.848279	0.254365
292001	293000	292501	331.0	-0.847758	0.113300
293001	294000	293501	312.0	-0.847237	0.028014
294001	295000	294501	315.0	-0.846715	0.041820
295001	296000	295501	290.0	-0.846194	-0.077479
296001	297000	296501	285.0	-0.845673	-0.102570
297001	298000	297501	329.0	-0.845151	0.104556
298001	299000	298501	324.0	-0.844630	0.082462
299001	300000	299501	278.0	-0.844108	-0.138447
300001	301000	300501	265.0	-0.843587	-0.207539
301001	302000	301501	280.0	-0.843066	-0.128105
302001	303000	302501	263.0	-0.842544	-0.218469
303001	304000	303501	218.0	-0.842023	-0.489204
304001	305000	304501	227.0	-0.841502	-0.430839
305001	306000	305501	286.0	-0.840980	-0.097517
306001	307000	306501	290.0	-0.840459	-0.077479
307001	308000	307501	297.0	-0.839937	-0.043069
308001	309000	308501	389.0	-0.839416	0.346239
309001	310000	309501	346.0	-0.838895	0.177240
310001	311000	310501	329.0	-0.838373	0.104556
311001	312000	311501	414.0	-0.837852	0.436099
312001	313000	312501	249.0	-0.837331	-0.297386
313001	314000	313501	273.0	-0.836809	-0.164631
314001	315000	314501	284.0	-0.836288	-0.107641
315001	316000	315501	277.0	-0.835766	-0.143646
316001	317000	316501	305.0	-0.835245	-0.004722
317001	318000	317501	339.0	-0.834724	0.147754
318001	319000	318501	297.0	-0.834202	-0.043069
319001	320000	319501	298.0	-0.833681	-0.038219
320001	321000	320501	273.0	-0.833160	-0.164631
321001	322000	321501	365.0	-0.832638	0.254365
322001	323000	322501	410.0	-0.832117	0.422092
323001	324000	323501	391.0	-0.831595	0.353637
324001	325000	324501	269.0	-0.831074	-0.185925
325001	326000	325501	284.0	-0.830553	-0.107641
326001	327000	326501	260.0	-0.830031	-0.235020
327001	328000	327501	283.0	-0.829510	-0.112730
328001	329000	328501	279.0	-0.828989	-0.133267
329001	330000	329501	244.0	-0.828467	-0.326651
330001	331000	330501	302.0	-0.827946	-0.018983
331001	332000	331501	326.0	-0.827424	0.091340
332001	333000	332501	296.0	-0.826903	-0.047934
333001	334000	333501	268.0	-0.826382	-0.191299
334001	335000	334501	229.0	-0.825860	-0.418184
335001	336000	335501	341.0	-0.825339	0.156240
336001	337000	336501	312.0	-0.824818	0.028014
337001	338000	337501	347.0	-0.824296	0.181404
338001	339000	338501	378.0	-0.823775	0.304855
339001	340000	339501	296.0	-0.823253	-0.047934
340001	341000	340501	268.0	-0.822732	-0.191299
341001	342000	341501	278.0	-0.822211	-0.138447
342001	343000	342501	386.0	-0.821689	0.335069
343001	344000	343501	291.0	-0.821168	-0.072512
344001	345000	344501	316.0	-0.820647	0.046393
345001	346000	345501	300.0	-0.820125	-0.028569
346001	347000	346501	306.0	-0.819604	0.000000
347001	348000	347501	234.0	-0.819082	-0.387023
348001	349000	348501	260.0	-0.818561	-0.235020
349001	350000	349501	301.0	-0.818040	-0.023768
350001	351000	350501	355.0	-0.817518	0.214287
351001	352000	351501	276.0	-0.816997	-0.148863
352001	353000	352501	286.0	-0.816475	-0.097517
353001	354000	353501	361.0	-0.815954	0.238467
354001	355000	354501	345.0	-0.815433	0.173065
355001	356000	355501	275.0	-0.814911	-0.154100
356001	357000	356501	257.0	-0.814390	-0.251763
357001	358000	357501	411.0	-0.813869	0.425607
358001	359000	358501	317.0	-0.813347	0.050951
359001	360000	359501	299.0	-0.812826	-0.033386
360001	361000	360501	377.0	-0.812304	0.301033
361001	362000	361501	320.0	-0.811783	0.064540
362001	363000	362501	268.0	-0.811262	-0.191299
363001	364000	363501	292.0	-0.810740	-0.067563
364001	365000	364501	306.0	-0.810219	0.000000
365001	366000	365501	280.0	-0.809698	-0.128105
366001	367000	366501	279.0	-0.809176	-0.133267
367001	368000	367501	322.0	-0.808655	0.073529
368001	369000	368501	252.0	-0.808133	-0.280108
369001	370000	369501	250.0	-0.807612	-0.291604
370001	371000	370501	343.0	-0.807091	0.164677
371001	372000	371501	334.0	-0.806569	0.126316
372001	373000	372501	290.0	-0.806048	-0.077479
373001	374000	373501	296.0	-0.805527	-0.047934
374001	375000	374501	279.0	-0.805005	-0.133267
375001	376000	375501	284.0	-0.804484	-0.107641
376001	377000	376501	270.0	-0.803962	-0.180572
377001	378000	377501	299.0	-0.803441	-0.033386
378001	379000	378501	257.0	-0.802920	-0.251763
379001	380000	379501	257.0	-0.802398	-0.251763
380001	381000	380501	288.0	-0.801877	-0.087463
381001	382000	381501	347.0	-0.801356	0.181404
382001	383000	382501	314.0	-0.800834	0.037233
383001	384000	383501	307.0	-0.800313	0.004707
384001	385000	384501	300.0	-0.799791	-0.028569
385001	386000	385501	215.0	-0.799270	-0.509195
386001	387000	386501	276.0	-0.798749	-0.148863
387001	388000	387501	294.0	-0.798227	-0.057715
388001	389000	388501	291.0	-0.797706	-0.072512
389001	390000	389501	295.0	-0.797185	-0.052817
390001	391000	390501	264.0	-0.796663	-0.212994
391001	392000	391501	268.0	-0.796142	-0.191299
392001	393000	392501	299.0	-0.795620	-0.033386
393001	394000	393501	297.0	-0.795099	-0.043069
394001	395000	394501	324.0	-0.794578	0.082462
395001	396000	395501	260.0	-0.794056	-0.235020
396001	397000	396501	284.0	-0.793535	-0.107641
397001	398000	397501	282.0	-0.793014	-0.117836
398001	399000	398501	264.0	-0.792492	-0.212994
399001	400000	399501	282.0	-0.791971	-0.117836
400001	401000	400501	322.0	-0.791449	0.073529
401001	402000	401501	331.0	-0.790928	0.113300
402001	403000	402501	306.0	-0.790407	0.000000
403001	404000	403501	244.0	-0.789885	-0.326651
404001	405000	404501	467.0	-0.789364	0.609891
405001	406000	405501	405.0	-0.788843	0.404390
406001	407000	406501	313.0	-0.788321	0.032631
407001	408000	407501	207.0	-0.787800	-0.563901
408001	409000	408501	303.0	-0.787278	-0.014214
409001	410000	409501	448.0	-0.786757	0.549967
410001	411000	410501	437.0	-0.786236	0.514102
411001	412000	411501	384.0	-0.785714	0.327575
412001	413000	412501	372.0	-0.785193	0.281771
413001	414000	413501	471.0	-0.784672	0.622195
414001	415000	414501	325.0	-0.784150	0.086908
415001	416000	415501	278.0	-0.783629	-0.138447
416001	417000	416501	316.0	-0.783107	0.046393
417001	418000	417501	301.0	-0.782586	-0.023768
418001	419000	418501	249.0	-0.782065	-0.297386
419001	420000	419501	323.0	-0.781543	0.078003
420001	421000	420501	280.0	-0.781022	-0.128105
421001	422000	421501	296.0	-0.780501	-0.047934
422001	423000	422501	243.0	-0.779979	-0.332575
423001	424000	423501	232.0	-0.779458	-0.399407
424001	425000	424501	252.0	-0.778936	-0.280108
425001	426000	425501	233.0	-0.778415	-0.393202
426001	427000	426501	244.0	-0.777894	-0.326651
427001	428000	427501	374.0	-0.777372	0.289507
428001	429000	428501	318.0	-0.776851	0.055495
429001	430000	429501	306.0	-0.776330	0.000000
430001	431000	430501	280.0	-0.775808	-0.128105
431001	432000	431501	268.0	-0.775287	-0.191299
432001	433000	432501	239.0	-0.774765	-0.356521
433001	434000	433501	339.0	-0.774244	0.147754
434001	435000	434501	486.0	-0.773723	0.667425
435001	436000	435501	336.0	-0.773201	0.134930
436001	437000	436501	293.0	-0.772680	-0.062631
437001	438000	437501	268.0	-0.772158	-0.191299
438001	439000	438501	316.0	-0.771637	0.046393
439001	440000	439501	269.0	-0.771116	-0.185925
440001	441000	440501	265.0	-0.770594	-0.207539
441001	442000	441501	247.0	-0.770073	-0.309021
442001	443000	442501	359.0	-0.769552	0.230452
443001	444000	443501	350.0	-0.769030	0.193823
444001	445000	444501	369.0	-0.768509	0.270089
445001	446000	445501	291.0	-0.767987	-0.072512
446001	447000	446501	308.0	-0.767466	0.009399
447001	448000	447501	254.0	-0.766945	-0.268703
448001	449000	448501	267.0	-0.766423	-0.196692
449001	450000	449501	284.0	-0.765902	-0.107641
450001	451000	450501	290.0	-0.765381	-0.077479
451001	452000	451501	410.0	-0.764859	0.422092
452001	453000	452501	359.0	-0.764338	0.230452
453001	454000	453501	384.0	-0.763816	0.327575
454001	455000	454501	484.0	-0.763295	0.661475
455001	456000	455501	454.0	-0.762774	0.569161
456001	457000	456501	405.0	-0.762252	0.404390
457001	458000	457501	277.0	-0.761731	-0.143646
458001	459000	458501	300.0	-0.761210	-0.028569
459001	460000	459501	261.0	-0.760688	-0.229482
460001	461000	460501	234.0	-0.760167	-0.387023
461001	462000	461501	270.0	-0.759645	-0.180572
462001	463000	462501	209.0	-0.759124	-0.550029
463001	464000	463501	224.0	-0.758603	-0.450033
464001	465000	464501	277.0	-0.758081	-0.143646
465001	466000	465501	290.0	-0.757560	-0.077479
466001	467000	466501	225.0	-0.757039	-0.443607
467001	468000	467501	237.0	-0.756517	-0.368645
468001	469000	468501	283.0	-0.755996	-0.112730
469001	470000	469501	228.0	-0.755474	-0.424498
470001	471000	470501	227.0	-0.754953	-0.430839
471001	472000	471501	354.0	-0.754432	0.210218
472001	473000	472501	344.0	-0.753910	0.168877
473001	474000	473501	261.0	-0.753389	-0.229482
474001	475000	474501	249.0	-0.752868	-0.297386
475001	476000	475501	267.0	-0.752346	-0.196692
476001	477000	476501	266.0	-0.751825	-0.202105
477001	478000	477501	374.0	-0.751303	0.289507
478001	479000	478501	273.0	-0.750782	-0.164631
479001	480000	479501	224.0	-0.750261	-0.450033
480001	481000	480501	235.0	-0.749739	-0.380871
481001	482000	481501	299.0	-0.749218	-0.033386
482001	483000	482501	426.0	-0.748697	0.477322
483001	484000	483501	311.0	-0.748175	0.023383
484001	485000	484501	350.0	-0.747654	0.193823
485001	486000	485501	353.0	-0.747132	0.206137
486001	487000	486501	408.0	-0.746611	0.415037
487001	488000	487501	341.0	-0.746090	0.156240
488001	489000	488501	381.0	-0.745568	0.316259
489001	490000	489501	362.0	-0.745047	0.242458
490001	491000	490501	354.0	-0.744526	0.210218
491001	492000	491501	281.0	-0.744004	-0.122962
492001	493000	492501	344.0	-0.743483	0.168877
493001	494000	493501	296.0	-0.742961	-0.047934
494001	495000	494501	306.0	-0.742440	0.000000
495001	496000	495501	330.0	-0.741919	0.108934
496001	497000	496501	361.0	-0.741397	0.238467
497001	498000	497501	328.0	-0.740876	0.100164
498001	499000	498501	333.0	-0.740355	0.121991
499001	500000	499501	312.0	-0.739833	0.028014
500001	501000	500501	346.0	-0.739312	0.177240
501001	502000	501501	401.0	-0.738790	0.390071
502001	503000	502501	347.0	-0.738269	0.181404
503001	504000	503501	285.0	-0.737748	-0.102570
504001	505000	504501	320.0	-0.737226	0.064540
505001	506000	505501	326.0	-0.736705	0.091340
506001	507000	506501	301.0	-0.736184	-0.023768
507001	508000	507501	358.0	-0.735662	0.226428
508001	509000	508501	361.0	-0.735141	0.238467
509001	510000	509501	365.0	-0.734619	0.254365
510001	511000	510501	351.0	-0.734098	0.197939
511001	512000	511501	356.0	-0.733577	0.218346
512001	513000	512501	314.0	-0.733055	0.037233
513001	514000	513501	309.0	-0.732534	0.014075
514001	515000	514501	356.0	-0.732013	0.218346
515001	516000	515501	367.0	-0.731491	0.262248
516001	517000	516501	377.0	-0.730970	0.301033
517001	518000	517501	410.0	-0.730448	0.422092
518001	519000	518501	342.0	-0.729927	0.160465
519001	520000	519501	486.0	-0.729406	0.667425
520001	521000	520501	296.0	-0.728884	-0.047934
521001	522000	521501	214.0	-0.728363	-0.515921
522001	523000	522501	342.0	-0.727842	0.160465
523001	524000	523501	301.0	-0.727320	-0.023768
524001	525000	524501	279.0	-0.726799	-0.133267
525001	526000	525501	287.0	-0.726277	-0.092481
526001	527000	526501	252.0	-0.725756	-0.280108
527001	528000	527501	268.0	-0.725235	-0.191299
528001	529000	528501	285.0	-0.724713	-0.102570
529001	530000	529501	488.0	-0.724192	0.673349
530001	531000	530501	509.0	-0.723670	0.734134
531001	532000	531501	569.0	-0.723149	0.894897
532001	533000	532501	315.0	-0.722628	0.041820
533001	534000	533501	281.0	-0.722106	-0.122962
534001	535000	534501	239.0	-0.721585	-0.356521
535001	536000	535501	254.0	-0.721064	-0.268703
536001	537000	536501	257.0	-0.720542	-0.251763
537001	538000	537501	296.0	-0.720021	-0.047934
538001	539000	538501	253.0	-0.719499	-0.274394
539001	540000	539501	244.0	-0.718978	-0.326651
540001	541000	540501	378.0	-0.718457	0.304855
541001	542000	541501	513.0	-0.717935	0.745427
542001	543000	542501	547.0	-0.717414	0.838009
543001	544000	543501	389.0	-0.716893	0.346239
544001	545000	544501	238.0	-0.716371	-0.362570
545001	546000	545501	223.0	-0.715850	-0.456488
546001	547000	546501	250.0	-0.715328	-0.291604
547001	548000	547501	220.0	-0.714807	-0.476028
548001	549000	548501	292.0	-0.714286	-0.067563
549001	550000	549501	255.0	-0.713764	-0.263034
550001	551000	550501	344.0	-0.713243	0.168877
551001	552000	551501	359.0	-0.712722	0.230452
552001	553000	552501	406.0	-0.712200	0.407948
553001	554000	553501	367.0	-0.711679	0.262248
554001	555000	554501	425.0	-0.711157	0.473931
555001	556000	555501	392.0	-0.710636	0.357322
556001	557000	556501	353.0	-0.710115	0.206137
557001	558000	557501	298.0	-0.709593	-0.038219
558001	559000	558501	291.0	-0.709072	-0.072512
559001	560000	559501	295.0	-0.708551	-0.052817
560001	561000	560501	377.0	-0.708029	0.301033
561001	562000	561501	339.0	-0.707508	0.147754
562001	563000	562501	359.0	-0.706986	0.230452
563001	564000	563501	412.0	-0.706465	0.429113
564001	565000	564501	484.0	-0.705944	0.661475
565001	566000	565501	332.0	-0.705422	0.117652
566001	567000	566501	314.0	-0.704901	0.037233
567001	568000	567501	396.0	-0.704380	0.371969
568001	569000	568501	367.0	-0.703858	0.262248
569001	570000	569501	297.0	-0.703337	-0.043069
570001	571000	570501	247.0	-0.702815	-0.309021
571001	572000	571501	253.0	-0.702294	-0.274394
572001	573000	572501	342.0	-0.701773	0.160465
573001	574000	573501	368.0	-0.701251	0.266174
574001	575000	574501	315.0	-0.700730	0.041820
575001	576000	575501	297.0	-0.700209	-0.043069
576001	577000	576501	311.0	-0.699687	0.023383
577001	578000	577501	306.0	-0.699166	0.000000
578001	579000	578501	227.0	-0.698644	-0.430839
579001	580000	579501	272.0	-0.698123	-0.169925
580001	581000	580501	295.0	-0.697602	-0.052817
581001	582000	581501	249.0	-0.697080	-0.297386
582001	583000	582501	326.0	-0.696559	0.091340
583001	584000	583501	321.0	-0.696038	0.069042
584001	585000	584501	258.0	-0.695516	-0.246161
585001	586000	585501	272.0	-0.694995	-0.169925
586001	587000	586501	298.0	-0.694473	-0.038219
587001	588000	587501	272.0	-0.693952	-0.169925
588001	589000	588501	429.0	-0.693431	0.487446
589001	590000	589501	419.0	-0.692909	0.453419
590001	591000	590501	376.0	-0.692388	0.297201
591001	592000	591501	297.0	-0.691867	-0.043069
592001	593000	592501	270.0	-0.691345	-0.180572
593001	594000	593501	396.0	-0.690824	0.371969
594001	595000	594501	442.0	-0.690302	0.530515
595001	596000	595501	458.0	-0.689781	0.581816
596001	597000	596501	411.0	-0.689260	0.425607
597001	598000	597501	543.0	-0.688738	0.827421
598001	599000	598501	389.0	-0.688217	0.346239
599001	600000	599501	320.0	-0.687696	0.064540
600001	601000	600501	439.0	-0.687174	0.520689
601001	602000	601501	402.0	-0.686653	0.393664
602001	603000	602501	291.0	-0.686131	-0.072512
603001	604000	603501	328.0	-0.685610	0.100164
604001	605000	604501	387.0	-0.685089	0.338802
605001	606000	605501	345.0	-0.684567	0.173065
606001	607000	606501	321.0	-0.684046	0.069042
607001	608000	607501	263.0	-0.683525	-0.218469
608001	609000	608501	240.0	-0.683003	-0.350497
609001	610000	609501	245.0	-0.682482	-0.320750
610001	611000	610501	308.0	-0.681960	0.009399
611001	612000	611501	296.0	-0.681439	-0.047934
612001	613000	612501	245.0	-0.680918	-0.320750
613001	614000	613501	269.0	-0.680396	-0.185925
614001	615000	614501	256.0	-0.679875	-0.257388
615001	616000	615501	332.0	-0.679353	0.117652
616001	617000	616501	332.0	-0.678832	0.117652
617001	618000	617501	296.0	-0.678311	-0.047934
618001	619000	618501	266.0	-0.677789	-0.202105
619001	620000	619501	328.0	-0.677268	0.100164
620001	621000	620501	284.0	-0.676747	-0.107641
621001	622000	621501	311.0	-0.676225	0.023383
622001	623000	622501	270.0	-0.675704	-0.180572
623001	624000	623501	255.0	-0.675182	-0.263034
624001	625000	624501	314.0	-0.674661	0.037233
625001	626000	625501	268.0	-0.674140	-0.191299
626001	627000	626501	314.0	-0.673618	0.037233
627001	628000	627501	322.0	-0.673097	0.073529
628001	629000	628501	250.0	-0.672576	-0.291604
629001	630000	629501	273.0	-0.672054	-0.164631
630001	631000	630501	392.0	-0.671533	0.357322
631001	632000	631501	287.0	-0.671011	-0.092481
632001	633000	632501	290.0	-0.670490	-0.077479
633001	634000	633501	288.0	-0.669969	-0.087463
634001	635000	634501	325.0	-0.669447	0.086908
635001	636000	635501	289.0	-0.668926	-0.082462
636001	637000	636501	298.0	-0.668405	-0.038219
637001	638000	637501	261.0	-0.667883	-0.229482
638001	639000	638501	238.0	-0.667362	-0.362570
639001	640000	639501	358.0	-0.666840	0.226428
640001	641000	640501	253.0	-0.666319	-0.274394
641001	642000	641501	271.0	-0.665798	-0.175239
642001	643000	642501	347.0	-0.665276	0.181404
643001	644000	643501	303.0	-0.664755	-0.014214
644001	645000	644501	236.0	-0.664234	-0.374745
645001	646000	645501	319.0	-0.663712	0.060025
646001	647000	646501	361.0	-0.663191	0.238467
647001	648000	647501	343.0	-0.662669	0.164677
648001	649000	648501	310.0	-0.662148	0.018737
649001	650000	649501	332.0	-0.661627	0.117652
650001	651000	650501	289.0	-0.661105	-0.082462
651001	652000	651501	373.0	-0.660584	0.285644
652001	653000	652501	289.0	-0.660063	-0.082462
653001	654000	653501	262.0	-0.659541	-0.223965
654001	655000	654501	286.0	-0.659020	-0.097517
655001	656000	655501	290.0	-0.658498	-0.077479
656001	657000	656501	283.0	-0.657977	-0.112730
657001	658000	657501	260.0	-0.657456	-0.235020
658001	659000	658501	284.0	-0.656934	-0.107641
659001	660000	659501	353.0	-0.656413	0.206137
660001	661000	660501	402.0	-0.655892	0.393664
661001	662000	661501	485.0	-0.655370	0.664453
662001	663000	662501	369.0	-0.654849	0.270089
663001	664000	663501	365.0	-0.654327	0.254365
664001	665000	664501	318.0	-0.653806	0.055495
665001	666000	665501	288.0	-0.653285	-0.087463
666001	667000	666501	344.0	-0.652763	0.168877
667001	668000	667501	274.0	-0.652242	-0.159356
668001	669000	668501	275.0	-0.651721	-0.154100
669001	670000	669501	337.0	-0.651199	0.139217
670001	671000	670501	309.0	-0.650678	0.014075
671001	672000	671501	286.0	-0.650156	-0.097517
672001	673000	672501	265.0	-0.649635	-0.207539
673001	674000	673501	300.0	-0.649114	-0.028569
674001	675000	674501	220.0	-0.648592	-0.476028
675001	676000	675501	297.0	-0.648071	-0.043069
676001	677000	676501	325.0	-0.647550	0.086908
677001	678000	677501	342.0	-0.647028	0.160465
678001	679000	678501	305.0	-0.646507	-0.004722
679001	680000	679501	286.0	-0.645985	-0.097517
680001	681000	680501	342.0	-0.645464	0.160465
681001	682000	681501	338.0	-0.644943	0.143492
682001	683000	682501	229.0	-0.644421	-0.418184
683001	684000	683501	285.0	-0.643900	-0.102570
684001	685000	684501	325.0	-0.643379	0.086908
685001	686000	685501	279.0	-0.642857	-0.133267
686001	687000	686501	279.0	-0.642336	-0.133267
687001	688000	687501	274.0	-0.641814	-0.159356
688001	689000	688501	275.0	-0.641293	-0.154100
689001	690000	689501	297.0	-0.640772	-0.043069
690001	691000	690501	342.0	-0.640250	0.160465
691001	692000	691501	271.0	-0.639729	-0.175239
692001	693000	692501	273.0	-0.639208	-0.164631
693001	694000	693501	224.0	-0.638686	-0.450033
694001	695000	694501	285.0	-0.638165	-0.102570
695001	696000	695501	336.0	-0.637643	0.134930
696001	697000	696501	372.0	-0.637122	0.281771
697001	698000	697501	353.0	-0.636601	0.206137
698001	699000	698501	283.0	-0.636079	-0.112730
699001	700000	699501	268.0	-0.635558	-0.191299
700001	701000	700501	315.0	-0.635036	0.041820
701001	702000	701501	330.0	-0.634515	0.108934
702001	703000	702501	292.0	-0.633994	-0.067563
703001	704000	703501	289.0	-0.633472	-0.082462
704001	705000	704501	269.0	-0.632951	-0.185925
705001	706000	705501	286.0	-0.632430	-0.097517
706001	707000	706501	341.0	-0.631908	0.156240
707001	708000	707501	350.0	-0.631387	0.193823
708001	709000	708501	443.0	-0.630865	0.533775
709001	710000	709501	328.0	-0.630344	0.100164
710001	711000	710501	315.0	-0.629823	0.041820
711001	712000	711501	291.0	-0.629301	-0.072512
712001	713000	712501	316.0	-0.628780	0.046393
713001	714000	713501	381.0	-0.628259	0.316259
714001	715000	714501	358.0	-0.627737	0.226428
715001	716000	715501	270.0	-0.627216	-0.180572
716001	717000	716501	268.0	-0.626694	-0.191299
717001	718000	717501	290.0	-0.626173	-0.077479
718001	719000	718501	317.0	-0.625652	0.050951
719001	720000	719501	276.0	-0.625130	-0.148863
720001	721000	720501	292.0	-0.624609	-0.067563
721001	722000	721501	275.0	-0.624088	-0.154100
722001	723000	722501	266.0	-0.623566	-0.202105
723001	724000	723501	269.0	-0.623045	-0.185925
724001	725000	724501	289.0	-0.622523	-0.082462
725001	726000	725501	326.0	-0.622002	0.091340
726001	727000	726501	293.0	-0.621481	-0.062631
727001	728000	727501	329.0	-0.620959	0.104556
728001	729000	728501	306.0	-0.620438	0.000000
729001	730000	729501	284.0	-0.619917	-0.107641
730001	731000	730501	261.0	-0.619395	-0.229482
731001	732000	731501	307.0	-0.618874	0.004707
732001	733000	732501	302.0	-0.618352	-0.018983
733001	734000	733501	208.0	-0.617831	-0.556948
734001	735000	734501	238.0	-0.617310	-0.362570
735001	736000	735501	290.0	-0.616788	-0.077479
736001	737000	736501	235.0	-0.616267	-0.380871
737001	738000	737501	228.0	-0.615746	-0.424498
738001	739000	738501	249.0	-0.615224	-0.297386
739001	740000	739501	267.0	-0.614703	-0.196692
740001	741000	740501	241.0	-0.614181	-0.344499
741001	742000	741501	235.0	-0.613660	-0.380871
742001	743000	742501	300.0	-0.613139	-0.028569
743001	744000	743501	378.0	-0.612617	0.304855
744001	745000	744501	232.0	-0.612096	-0.399407
745001	746000	745501	267.0	-0.611575	-0.196692
746001	747000	746501	309.0	-0.611053	0.014075
747001	748000	747501	337.0	-0.610532	0.139217
748001	749000	748501	302.0	-0.610010	-0.018983
749001	750000	749501	307.0	-0.609489	0.004707
750001	751000	750501	287.0	-0.608968	-0.092481
751001	752000	751501	327.0	-0.608446	0.095759
752001	753000	752501	282.0	-0.607925	-0.117836
753001	754000	753501	298.0	-0.607404	-0.038219
754001	755000	754501	364.0	-0.606882	0.250407
755001	756000	755501	562.0	-0.606361	0.877038
756001	757000	756501	466.0	-0.605839	0.606798
757001	758000	757501	315.0	-0.605318	0.041820
758001	759000	758501	385.0	-0.604797	0.331327
759001	760000	759501	295.0	-0.604275	-0.052817
760001	761000	760501	301.0	-0.603754	-0.023768
761001	762000	761501	367.0	-0.603233	0.262248
762001	763000	762501	256.0	-0.602711	-0.257388
763001	764000	763501	292.0	-0.602190	-0.067563
764001	765000	764501	297.0	-0.601668	-0.043069
765001	766000	765501	286.0	-0.601147	-0.097517
766001	767000	766501	287.0	-0.600626	-0.092481
767001	768000	767501	299.0	-0.600104	-0.033386
768001	769000	768501	274.0	-0.599583	-0.159356
769001	770000	769501	357.0	-0.599062	0.222392
770001	771000	770501	427.0	-0.598540	0.480704
771001	772000	771501	327.0	-0.598019	0.095759
772001	773000	772501	367.0	-0.597497	0.262248
773001	774000	773501	404.0	-0.596976	0.400824
774001	775000	774501	363.0	-0.596455	0.246438
775001	776000	775501	344.0	-0.595933	0.168877
776001	777000	776501	443.0	-0.595412	0.533775
777001	778000	777501	431.0	-0.594891	0.494156
778001	779000	778501	344.0	-0.594369	0.168877
779001	780000	779501	401.0	-0.593848	0.390071
780001	781000	780501	348.0	-0.593326	0.185556
781001	782000	781501	344.0	-0.592805	0.168877
782001	783000	782501	368.0	-0.592284	0.266174
783001	784000	783501	466.0	-0.591762	0.606798
784001	785000	784501	412.0	-0.591241	0.429113
785001	786000	785501	456.0	-0.590719	0.575502
786001	787000	786501	567.0	-0.590198	0.889817
787001	788000	787501	601.0	-0.589677	0.973833
788001	789000	788501	451.0	-0.589155	0.559596
789001	790000	789501	386.0	-0.588634	0.335069
790001	791000	790501	352.0	-0.588113	0.202044
791001	792000	791501	463.0	-0.587591	0.597481
792001	793000	792501	434.0	-0.587070	0.504163
793001	794000	793501	474.0	-0.586548	0.631355
794001	795000	794501	368.0	-0.586027	0.266174
795001	796000	795501	397.0	-0.585506	0.375607
796001	797000	796501	522.0	-0.584984	0.770518
797001	798000	797501	315.0	-0.584463	0.041820
798001	799000	798501	267.0	-0.583942	-0.196692
799001	800000	799501	410.0	-0.583420	0.422092
800001	801000	800501	329.0	-0.582899	0.104556
801001	802000	801501	276.0	-0.582377	-0.148863
802001	803000	802501	352.0	-0.581856	0.202044
803001	804000	803501	275.0	-0.581335	-0.154100
804001	805000	804501	267.0	-0.580813	-0.196692
805001	806000	805501	333.0	-0.580292	0.121991
806001	807000	806501	283.0	-0.579771	-0.112730
807001	808000	807501	287.0	-0.579249	-0.092481
808001	809000	808501	279.0	-0.578728	-0.133267
809001	810000	809501	247.0	-0.578206	-0.309021
810001	811000	810501	321.0	-0.577685	0.069042
811001	812000	811501	324.0	-0.577164	0.082462
812001	813000	812501	314.0	-0.576642	0.037233
813001	814000	813501	321.0	-0.576121	0.069042
814001	815000	814501	318.0	-0.575600	0.055495
815001	816000	815501	287.0	-0.575078	-0.092481
816001	817000	816501	242.0	-0.574557	-0.338525
817001	818000	817501	320.0	-0.574035	0.064540
818001	819000	818501	292.0	-0.573514	-0.067563
819001	820000	819501	316.0	-0.572993	0.046393
820001	821000	820501	320.0	-0.572471	0.064540
821001	822000	821501	318.0	-0.571950	0.055495
822001	823000	822501	336.0	-0.571429	0.134930
823001	824000	823501	281.0	-0.570907	-0.122962
824001	825000	824501	343.0	-0.570386	0.164677
825001	826000	825501	391.0	-0.569864	0.353637
826001	827000	826501	310.0	-0.569343	0.018737
827001	828000	827501	286.0	-0.568822	-0.097517
828001	829000	828501	296.0	-0.568300	-0.047934
829001	830000	829501	277.0	-0.567779	-0.143646
830001	831000	830501	291.0	-0.567258	-0.072512
831001	832000	831501	253.0	-0.566736	-0.274394
832001	833000	832501	281.0	-0.566215	-0.122962
833001	834000	833501	243.0	-0.565693	-0.332575
834001	835000	834501	376.0	-0.565172	0.297201
835001	836000	835501	361.0	-0.564651	0.238467
836001	837000	836501	320.0	-0.564129	0.064540
837001	838000	837501	304.0	-0.563608	-0.009460
838001	839000	838501	343.0	-0.563087	0.164677
839001	840000	839501	309.0	-0.562565	0.014075
840001	841000	840501	291.0	-0.562044	-0.072512
841001	842000	841501	233.0	-0.561522	-0.393202
842001	843000	842501	260.0	-0.561001	-0.235020
843001	844000	843501	324.0	-0.560480	0.082462
844001	845000	844501	267.0	-0.559958	-0.196692
845001	846000	845501	262.0	-0.559437	-0.223965
846001	847000	846501	257.0	-0.558916	-0.251763
847001	848000	847501	322.0	-0.558394	0.073529
848001	849000	848501	299.0	-0.557873	-0.033386
849001	850000	849501	292.0	-0.557351	-0.067563
850001	851000	850501	331.0	-0.556830	0.113300
851001	852000	851501	271.0	-0.556309	-0.175239
852001	853000	852501	302.0	-0.555787	-0.018983
853001	854000	853501	292.0	-0.555266	-0.067563
854001	855000	854501	346.0	-0.554745	0.177240
855001	856000	855501	342.0	-0.554223	0.160465
856001	857000	856501	257.0	-0.553702	-0.251763
857001	858000	857501	275.0	-0.553180	-0.154100
858001	859000	858501	238.0	-0.552659	-0.362570
859001	860000	859501	248.0	-0.552138	-0.303192
860001	861000	860501	308.0	-0.551616	0.009399
861001	862000	861501	274.0	-0.551095	-0.159356
862001	863000	862501	302.0	-0.550574	-0.018983
863001	864000	863501	317.0	-0.550052	0.050951
864001	865000	864501	306.0	-0.549531	0.000000
865001	866000	865501	259.0	-0.549009	-0.240580
866001	867000	866501	285.0	-0.548488	-0.102570
867001	868000	867501	311.0	-0.547967	0.023383
868001	869000	868501	324.0	-0.547445	0.082462
869001	870000	869501	341.0	-0.546924	0.156240
870001	871000	870501	352.0	-0.546403	0.202044
871001	872000	871501	343.0	-0.545881	0.164677
872001	873000	872501	319.0	-0.545360	0.060025
873001	874000	873501	298.0	-0.544838	-0.038219
874001	875000	874501	312.0	-0.544317	0.028014
875001	876000	875501	370.0	-0.543796	0.273994
876001	877000	876501	328.0	-0.543274	0.100164
877001	878000	877501	309.0	-0.542753	0.014075
878001	879000	878501	269.0	-0.542231	-0.185925
879001	880000	879501	321.0	-0.541710	0.069042
880001	881000	880501	392.0	-0.541189	0.357322
881001	882000	881501	315.0	-0.540667	0.041820
882001	883000	882501	341.0	-0.540146	0.156240
883001	884000	883501	300.0	-0.539625	-0.028569
884001	885000	884501	382.0	-0.539103	0.320041
885001	886000	885501	327.0	-0.538582	0.095759
886001	887000	886501	310.0	-0.538060	0.018737
887001	888000	887501	367.0	-0.537539	0.262248
888001	889000	888501	322.0	-0.537018	0.073529
889001	890000	889501	282.0	-0.536496	-0.117836
890001	891000	890501	318.0	-0.535975	0.055495
891001	892000	891501	264.0	-0.535454	-0.212994
892001	893000	892501	242.0	-0.534932	-0.338525
893001	894000	893501	309.0	-0.534411	0.014075
894001	895000	894501	320.0	-0.533889	0.064540
895001	896000	895501	350.0	-0.533368	0.193823
896001	897000	896501	340.0	-0.532847	0.152003
897001	898000	897501	350.0	-0.532325	0.193823
898001	899000	898501	350.0	-0.531804	0.193823
899001	900000	899501	350.0	-0.531283	0.193823
900001	901000	900501	321.0	-0.530761	0.069042
901001	902000	901501	291.0	-0.530240	-0.072512
902001	903000	902501	351.0	-0.529718	0.197939
903001	904000	903501	389.0	-0.529197	0.346239
904001	905000	904501	276.0	-0.528676	-0.148863
905001	906000	905501	301.0	-0.528154	-0.023768
906001	907000	906501	272.0	-0.527633	-0.169925
907001	908000	907501	315.0	-0.527112	0.041820
908001	909000	908501	330.0	-0.526590	0.108934
909001	910000	909501	214.0	-0.526069	-0.515921
910001	911000	910501	279.0	-0.525547	-0.133267
911001	912000	911501	238.0	-0.525026	-0.362570
912001	913000	912501	233.0	-0.524505	-0.393202
913001	914000	913501	253.0	-0.523983	-0.274394
914001	915000	914501	222.0	-0.523462	-0.462972
915001	916000	915501	276.0	-0.522941	-0.148863
916001	917000	916501	251.0	-0.522419	-0.285844
917001	918000	917501	389.0	-0.521898	0.346239
918001	919000	918501	350.0	-0.521376	0.193823
919001	920000	919501	466.0	-0.520855	0.606798
920001	921000	920501	341.0	-0.520334	0.156240
921001	922000	921501	352.0	-0.519812	0.202044
922001	923000	922501	269.0	-0.519291	-0.185925
923001	924000	923501	292.0	-0.518770	-0.067563
924001	925000	924501	330.0	-0.518248	0.108934
925001	926000	925501	285.0	-0.517727	-0.102570
926001	927000	926501	324.0	-0.517205	0.082462
927001	928000	927501	281.0	-0.516684	-0.122962
928001	929000	928501	266.0	-0.516163	-0.202105
929001	930000	929501	261.0	-0.515641	-0.229482
930001	931000	930501	200.0	-0.515120	-0.613532
931001	932000	931501	262.0	-0.514599	-0.223965
932001	933000	932501	241.0	-0.514077	-0.344499
933001	934000	933501	266.0	-0.513556	-0.202105
934001	935000	934501	272.0	-0.513034	-0.169925
935001	936000	935501	242.0	-0.512513	-0.338525
936001	937000	936501	283.0	-0.511992	-0.112730
937001	938000	937501	262.0	-0.511470	-0.223965
938001	939000	938501	253.0	-0.510949	-0.274394
939001	940000	939501	320.0	-0.510428	0.064540
940001	941000	940501	297.0	-0.509906	-0.043069
941001	942000	941501	346.0	-0.509385	0.177240
942001	943000	942501	290.0	-0.508863	-0.077479
943001	944000	943501	279.0	-0.508342	-0.133267
944001	945000	944501	245.0	-0.507821	-0.320750
945001	946000	945501	279.0	-0.507299	-0.133267
946001	947000	946501	326.0	-0.506778	0.091340
947001	948000	947501	301.0	-0.506257	-0.023768
948001	949000	948501	296.0	-0.505735	-0.047934
949001	950000	949501	299.0	-0.505214	-0.033386
950001	951000	950501	352.0	-0.504692	0.202044
951001	952000	951501	297.0	-0.504171	-0.043069
952001	953000	952501	317.0	-0.503650	0.050951
953001	954000	953501	311.0	-0.503128	0.023383
954001	955000	954501	276.0	-0.502607	-0.148863
955001	956000	955501	332.0	-0.502086	0.117652
956001	957000	956501	339.0	-0.501564	0.147754
957001	958000	957501	256.0	-0.501043	-0.257388
958001	959000	958501	326.0	-0.500521	0.091340
959001	960000	959501	308.0	-0.500000	0.009399
960001	961000	960501	360.0	-0.499479	0.234465
961001	962000	961501	305.0	-0.498957	-0.004722
962001	963000	962501	252.0	-0.498436	-0.280108
963001	964000	963501	310.0	-0.497914	0.018737
964001	965000	964501	278.0	-0.497393	-0.138447
965001	966000	965501	319.0	-0.496872	0.060025
966001	967000	966501	277.0	-0.496350	-0.143646
967001	968000	967501	284.0	-0.495829	-0.107641
968001	969000	968501	313.0	-0.495308	0.032631
969001	970000	969501	287.0	-0.494786	-0.092481
970001	971000	970501	283.0	-0.494265	-0.112730
971001	972000	971501	272.0	-0.493743	-0.169925
972001	973000	972501	273.0	-0.493222	-0.164631
973001	974000	973501	283.0	-0.492701	-0.112730
974001	975000	974501	304.0	-0.492179	-0.009460
975001	976000	975501	411.0	-0.491658	0.425607
976001	977000	976501	500.0	-0.491137	0.708396
977001	978000	977501	446.0	-0.490615	0.543512
978001	979000	978501	439.0	-0.490094	0.520689
979001	980000	979501	315.0	-0.489572	0.041820
980001	981000	980501	302.0	-0.489051	-0.018983
981001	982000	981501	302.0	-0.488530	-0.018983
982001	983000	982501	263.0	-0.488008	-0.218469
983001	984000	983501	245.0	-0.487487	-0.320750
984001	985000	984501	265.0	-0.486966	-0.207539
985001	986000	985501	253.0	-0.486444	-0.274394
986001	987000	986501	277.0	-0.485923	-0.143646
987001	988000	987501	334.0	-0.485401	0.126316
988001	989000	988501	315.0	-0.484880	0.041820
989001	990000	989501	290.0	-0.484359	-0.077479
990001	991000	990501	329.0	-0.483837	0.104556
991001	992000	991501	250.0	-0.483316	-0.291604
992001	993000	992501	200.0	-0.482795	-0.613532
993001	994000	993501	246.0	-0.482273	-0.314873
994001	995000	994501	250.0	-0.481752	-0.291604
995001	996000	995501	274.0	-0.481230	-0.159356
996001	997000	996501	267.0	-0.480709	-0.196692
997001	998000	997501	278.0	-0.480188	-0.138447
998001	999000	998501	254.0	-0.479666	-0.268703
999001	1000000	999501	250.0	-0.479145	-0.291604
1000001	1001000	1000501	331.0	-0.478624	0.113300
1001001	1002000	1001501	299.0	-0.478102	-0.033386
1002001	1003000	1002501	311.0	-0.477581	0.023383
1003001	1004000	1003501	288.0	-0.477059	-0.087463
1004001	1005000	1004501	288.0	-0.476538	-0.087463
1005001	1006000	1005501	354.0	-0.476017	0.210218
1006001	1007000	1006501	327.0	-0.475495	0.095759
1007001	1008000	1007501	289.0	-0.474974	-0.082462
1008001	1009000	1008501	347.0	-0.474453	0.181404
1009001	1010000	1009501	342.0	-0.473931	0.160465
1010001	1011000	1010501	283.0	-0.473410	-0.112730
1011001	1012000	1011501	350.0	-0.472888	0.193823
1012001	1013000	1012501	332.0	-0.472367	0.117652
1013001	1014000	1013501	246.0	-0.471846	-0.314873
1014001	1015000	1014501	284.0	-0.471324	-0.107641
1015001	1016000	1015501	326.0	-0.470803	0.091340
1016001	1017000	1016501	275.0	-0.470282	-0.154100
1017001	1018000	1017501	321.0	-0.469760	0.069042
1018001	1019000	1018501	319.0	-0.469239	0.060025
1019001	1020000	1019501	359.0	-0.468717	0.230452
1020001	1021000	1020501	385.0	-0.468196	0.331327
1021001	1022000	1021501	337.0	-0.467675	0.139217
1022001	1023000	1022501	357.0	-0.467153	0.222392
1023001	1024000	1023501	312.0	-0.466632	0.028014
1024001	1025000	1024501	253.0	-0.466111	-0.274394
1025001	1026000	1025501	258.0	-0.465589	-0.246161
1026001	1027000	1026501	306.0	-0.465068	0.000000
1027001	1028000	1027501	309.0	-0.464546	0.014075
1028001	1029000	1028501	252.0	-0.464025	-0.280108
1029001	1030000	1029501	342.0	-0.463504	0.160465
1030001	1031000	1030501	339.0	-0.462982	0.147754
1031001	1032000	1031501	372.0	-0.462461	0.281771
1032001	1033000	1032501	437.0	-0.461940	0.514102
1033001	1034000	1033501	413.0	-0.461418	0.432610
1034001	1035000	1034501	295.0	-0.460897	-0.052817
1035001	1036000	1035501	302.0	-0.460375	-0.018983
1036001	1037000	1036501	373.0	-0.459854	0.285644
1037001	1038000	1037501	244.0	-0.459333	-0.326651
1038001	1039000	1038501	257.0	-0.458811	-0.251763
1039001	1040000	1039501	302.0	-0.458290	-0.018983
1040001	1041000	1040501	261.0	-0.457769	-0.229482
1041001	1042000	1041501	298.0	-0.457247	-0.038219
1042001	1043000	1042501	295.0	-0.456726	-0.052817
1043001	1044000	1043501	250.0	-0.456204	-0.291604
1044001	1045000	1044501	298.0	-0.455683	-0.038219
1045001	1046000	1045501	384.0	-0.455162	0.327575
1046001	1047000	1046501	291.0	-0.454640	-0.072512
1047001	1048000	1047501	321.0	-0.454119	0.069042
1048001	1049000	1048501	345.0	-0.453597	0.173065
1049001	1050000	1049501	280.0	-0.453076	-0.128105
1050001	1051000	1050501	280.0	-0.452555	-0.128105
1051001	1052000	1051501	287.0	-0.452033	-0.092481
1052001	1053000	1052501	297.0	-0.451512	-0.043069
1053001	1054000	1053501	272.0	-0.450991	-0.169925
1054001	1055000	1054501	319.0	-0.450469	0.060025
1055001	1056000	1055501	268.0	-0.449948	-0.191299
1056001	1057000	1056501	304.0	-0.449426	-0.009460
1057001	1058000	1057501	291.0	-0.448905	-0.072512
1058001	1059000	1058501	286.0	-0.448384	-0.097517
1059001	1060000	1059501	287.0	-0.447862	-0.092481
1060001	1061000	1060501	249.0	-0.447341	-0.297386
1061001	1062000	1061501	299.0	-0.446820	-0.033386
1062001	1063000	1062501	380.0	-0.446298	0.312468
1063001	1064000	1063501	348.0	-0.445777	0.185556
1064001	1065000	1064501	319.0	-0.445255	0.060025
1065001	1066000	1065501	284.0	-0.444734	-0.107641
1066001	1067000	1066501	323.0	-0.444213	0.078003
1067001	1068000	1067501	360.0	-0.443691	0.234465
1068001	1069000	1068501	258.0	-0.443170	-0.246161
1069001	1070000	1069501	288.0	-0.442649	-0.087463
1070001	1071000	1070501	301.0	-0.442127	-0.023768
1071001	1072000	1071501	371.0	-0.441606	0.277888
1072001	1073000	1072501	315.0	-0.441084	0.041820
1073001	1074000	1073501	291.0	-0.440563	-0.072512
1074001	1075000	1074501	294.0	-0.440042	-0.057715
1075001	1076000	1075501	293.0	-0.439520	-0.062631
1076001	1077000	1076501	380.0	-0.438999	0.312468
1077001	1078000	1077501	279.0	-0.438478	-0.133267
1078001	1079000	1078501	336.0	-0.437956	0.134930
1079001	1080000	1079501	459.0	-0.437435	0.584963
1080001	1081000	1080501	339.0	-0.436913	0.147754
1081001	1082000	1081501	341.0	-0.436392	0.156240
1082001	1083000	1082501	283.0	-0.435871	-0.112730
1083001	1084000	1083501	291.0	-0.435349	-0.072512
1084001	1085000	1084501	286.0	-0.434828	-0.097517
1085001	1086000	1085501	274.0	-0.434307	-0.159356
1086001	1087000	1086501	261.0	-0.433785	-0.229482
1087001	1088000	1087501	307.0	-0.433264	0.004707
1088001	1089000	1088501	253.0	-0.432742	-0.274394
1089001	1090000	1089501	239.0	-0.432221	-0.356521
1090001	1091000	1090501	273.0	-0.431700	-0.164631
1091001	1092000	1091501	318.0	-0.431178	0.055495
1092001	1093000	1092501	320.0	-0.430657	0.064540
1093001	1094000	1093501	230.0	-0.430136	-0.411898
1094001	1095000	1094501	244.0	-0.429614	-0.326651
1095001	1096000	1095501	301.0	-0.429093	-0.023768
1096001	1097000	1096501	299.0	-0.428571	-0.033386
1097001	1098000	1097501	326.0	-0.428050	0.091340
1098001	1099000	1098501	312.0	-0.427529	0.028014
1099001	1100000	1099501	332.0	-0.427007	0.117652
1100001	1101000	1100501	366.0	-0.426486	0.258312
1101001	1102000	1101501	340.0	-0.425965	0.152003
1102001	1103000	1102501	346.0	-0.425443	0.177240
1103001	1104000	1103501	340.0	-0.424922	0.152003
1104001	1105000	1104501	357.0	-0.424400	0.222392
1105001	1106000	1105501	380.0	-0.423879	0.312468
1106001	1107000	1106501	330.0	-0.423358	0.108934
1107001	1108000	1107501	420.0	-0.422836	0.456858
1108001	1109000	1108501	333.0	-0.422315	0.121991
1109001	1110000	1109501	276.0	-0.421794	-0.148863
1110001	1111000	1110501	306.0	-0.421272	0.000000
1111001	1112000	1111501	325.0	-0.420751	0.086908
1112001	1113000	1112501	278.0	-0.420229	-0.138447
1113001	1114000	1113501	317.0	-0.419708	0.050951
1114001	1115000	1114501	274.0	-0.419187	-0.159356
1115001	1116000	1115501	253.0	-0.418665	-0.274394
1116001	1117000	1116501	320.0	-0.418144	0.064540
1117001	1118000	1117501	253.0	-0.417623	-0.274394
1118001	1119000	1118501	300.0	-0.417101	-0.028569
1119001	1120000	1119501	316.0	-0.416580	0.046393
1120001	1121000	1120501	299.0	-0.416058	-0.033386
1121001	1122000	1121501	344.0	-0.415537	0.168877
1122001	1123000	1122501	397.0	-0.415016	0.375607
1123001	1124000	1123501	272.0	-0.414494	-0.169925
1124001	1125000	1124501	290.0	-0.413973	-0.077479
1125001	1126000	1125501	354.0	-0.413452	0.210218
1126001	1127000	1126501	332.0	-0.412930	0.117652
1127001	1128000	1127501	325.0	-0.412409	0.086908
1128001	1129000	1128501	295.0	-0.411887	-0.052817
1129001	1130000	1129501	267.0	-0.411366	-0.196692
1130001	1131000	1130501	306.0	-0.410845	0.000000
1131001	1132000	1131501	283.0	-0.410323	-0.112730
1132001	1133000	1132501	261.0	-0.409802	-0.229482
1133001	1134000	1133501	256.0	-0.409281	-0.257388
1134001	1135000	1134501	286.0	-0.408759	-0.097517
1135001	1136000	1135501	190.0	-0.408238	-0.687532
1136001	1137000	1136501	268.0	-0.407716	-0.191299
1137001	1138000	1137501	268.0	-0.407195	-0.191299
1138001	1139000	1138501	282.0	-0.406674	-0.117836
1139001	1140000	1139501	258.0	-0.406152	-0.246161
1140001	1141000	1140501	263.0	-0.405631	-0.218469
1141001	1142000	1141501	312.0	-0.405109	0.028014
1142001	1143000	1142501	417.0	-0.404588	0.446516
1143001	1144000	1143501	393.0	-0.404067	0.360998
1144001	1145000	1144501	275.0	-0.403545	-0.154100
1145001	1146000	1145501	280.0	-0.403024	-0.128105
1146001	1147000	1146501	358.0	-0.402503	0.226428
1147001	1148000	1147501	294.0	-0.401981	-0.057715
1148001	1149000	1148501	279.0	-0.401460	-0.133267
1149001	1150000	1149501	254.0	-0.400938	-0.268703
1150001	1151000	1150501	269.0	-0.400417	-0.185925
1151001	1152000	1151501	281.0	-0.399896	-0.122962
1152001	1153000	1152501	361.0	-0.399374	0.238467
1153001	1154000	1153501	325.0	-0.398853	0.086908
1154001	1155000	1154501	342.0	-0.398332	0.160465
1155001	1156000	1155501	350.0	-0.397810	0.193823
1156001	1157000	1156501	369.0	-0.397289	0.270089
1157001	1158000	1157501	337.0	-0.396767	0.139217
1158001	1159000	1158501	379.0	-0.396246	0.308666
1159001	1160000	1159501	323.0	-0.395725	0.078003
1160001	1161000	1160501	379.0	-0.395203	0.308666
1161001	1162000	1161501	365.0	-0.394682	0.254365
1162001	1163000	1162501	442.0	-0.394161	0.530515
1163001	1164000	1163501	436.0	-0.393639	0.510796
1164001	1165000	1164501	411.0	-0.393118	0.425607
1165001	1166000	1165501	271.0	-0.392596	-0.175239
1166001	1167000	1166501	314.0	-0.392075	0.037233
1167001	1168000	1167501	246.0	-0.391554	-0.314873
1168001	1169000	1168501	317.0	-0.391032	0.050951
1169001	1170000	1169501	315.0	-0.390511	0.041820
1170001	1171000	1170501	365.0	-0.389990	0.254365
1171001	1172000	1171501	320.0	-0.389468	0.064540
1172001	1173000	1172501	290.0	-0.388947	-0.077479
1173001	1174000	1173501	342.0	-0.388425	0.160465
1174001	1175000	1174501	297.0	-0.387904	-0.043069
1175001	1176000	1175501	300.0	-0.387383	-0.028569
1176001	1177000	1176501	336.0	-0.386861	0.134930
1177001	1178000	1177501	290.0	-0.386340	-0.077479
1178001	1179000	1178501	274.0	-0.385819	-0.159356
1179001	1180000	1179501	277.0	-0.385297	-0.143646
1180001	1181000	1180501	277.0	-0.384776	-0.143646
1181001	1182000	1181501	303.0	-0.384254	-0.014214
1182001	1183000	1182501	266.0	-0.383733	-0.202105
1183001	1184000	1183501	276.0	-0.383212	-0.148863
1184001	1185000	1184501	286.0	-0.382690	-0.097517
1185001	1186000	1185501	291.0	-0.382169	-0.072512
1186001	1187000	1186501	362.0	-0.381648	0.242458
1187001	1188000	1187501	280.0	-0.381126	-0.128105
1188001	1189000	1188501	312.0	-0.380605	0.028014
1189001	1190000	1189501	249.0	-0.380083	-0.297386
1190001	1191000	1190501	235.0	-0.379562	-0.380871
1191001	1192000	1191501	311.0	-0.379041	0.023383
1192001	1193000	1192501	312.0	-0.378519	0.028014
1193001	1194000	1193501	229.0	-0.377998	-0.418184
1194001	1195000	1194501	291.0	-0.377477	-0.072512
1195001	1196000	1195501	368.0	-0.376955	0.266174
1196001	1197000	1196501	298.0	-0.376434	-0.038219
1197001	1198000	1197501	291.0	-0.375912	-0.072512
1198001	1199000	1198501	317.0	-0.375391	0.050951
1199001	1200000	1199501	306.0	-0.374870	0.000000
1200001	1201000	1200501	305.0	-0.374348	-0.004722
1201001	1202000	1201501	344.0	-0.373827	0.168877
1202001	1203000	1202501	298.0	-0.373306	-0.038219
1203001	1204000	1203501	315.0	-0.372784	0.041820
1204001	1205000	1204501	316.0	-0.372263	0.046393
1205001	1206000	1205501	263.0	-0.371741	-0.218469
1206001	1207000	1206501	281.0	-0.371220	-0.122962
1207001	1208000	1207501	302.0	-0.370699	-0.018983
1208001	1209000	1208501	323.0	-0.370177	0.078003
1209001	1210000	1209501	345.0	-0.369656	0.173065
1210001	1211000	1210501	396.0	-0.369135	0.371969
1211001	1212000	1211501	318.0	-0.368613	0.055495
1212001	1213000	1212501	378.0	-0.368092	0.304855
1213001	1214000	1213501	298.0	-0.367570	-0.038219
1214001	1215000	1214501	411.0	-0.367049	0.425607
1215001	1216000	1215501	400.0	-0.366528	0.386468
1216001	1217000	1216501	356.0	-0.366006	0.218346
1217001	1218000	1217501	451.0	-0.365485	0.559596
1218001	1219000	1218501	350.0	-0.364964	0.193823
1219001	1220000	1219501	214.0	-0.364442	-0.515921
1220001	1221000	1220501	282.0	-0.363921	-0.117836
1221001	1222000	1221501	297.0	-0.363399	-0.043069
1222001	1223000	1222501	284.0	-0.362878	-0.107641
1223001	1224000	1223501	381.0	-0.362357	0.316259
1224001	1225000	1224501	358.0	-0.361835	0.226428
1225001	1226000	1225501	416.0	-0.361314	0.443052
1226001	1227000	1226501	292.0	-0.360792	-0.067563
1227001	1228000	1227501	265.0	-0.360271	-0.207539
1228001	1229000	1228501	358.0	-0.359750	0.226428
1229001	1230000	1229501	307.0	-0.359228	0.004707
1230001	1231000	1230501	302.0	-0.358707	-0.018983
1231001	1232000	1231501	336.0	-0.358186	0.134930
1232001	1233000	1232501	351.0	-0.357664	0.197939
1233001	1234000	1233501	368.0	-0.357143	0.266174
1234001	1235000	1234501	279.0	-0.356621	-0.133267
1235001	1236000	1235501	347.0	-0.356100	0.181404
1236001	1237000	1236501	366.0	-0.355579	0.258312
1237001	1238000	1237501	312.0	-0.355057	0.028014
1238001	1239000	1238501	275.0	-0.354536	-0.154100
1239001	1240000	1239501	312.0	-0.354015	0.028014
1240001	1241000	1240501	347.0	-0.353493	0.181404
1241001	1242000	1241501	253.0	-0.352972	-0.274394
1242001	1243000	1242501	410.0	-0.352450	0.422092
1243001	1244000	1243501	351.0	-0.351929	0.197939
1244001	1245000	1244501	371.0	-0.351408	0.277888
1245001	1246000	1245501	322.0	-0.350886	0.073529
1246001	1247000	1246501	245.0	-0.350365	-0.320750
1247001	1248000	1247501	310.0	-0.349844	0.018737
1248001	1249000	1248501	317.0	-0.349322	0.050951
1249001	1250000	1249501	262.0	-0.348801	-0.223965
1250001	1251000	1250501	290.0	-0.348279	-0.077479
1251001	1252000	1251501	342.0	-0.347758	0.160465
1252001	1253000	1252501	336.0	-0.347237	0.134930
1253001	1254000	1253501	281.0	-0.346715	-0.122962
1254001	1255000	1254501	300.0	-0.346194	-0.028569
1255001	1256000	1255501	278.0	-0.345673	-0.138447
1256001	1257000	1256501	245.0	-0.345151	-0.320750
1257001	1258000	1257501	283.0	-0.344630	-0.112730
1258001	1259000	1258501	278.0	-0.344108	-0.138447
1259001	1260000	1259501	328.0	-0.343587	0.100164
1260001	1261000	1260501	323.0	-0.343066	0.078003
1261001	1262000	1261501	300.0	-0.342544	-0.028569
1262001	1263000	1262501	330.0	-0.342023	0.108934
1263001	1264000	1263501	293.0	-0.341502	-0.062631
1264001	1265000	1264501	279.0	-0.340980	-0.133267
1265001	1266000	1265501	289.0	-0.340459	-0.082462
1266001	1267000	1266501	348.0	-0.339937	0.185556
1267001	1268000	1267501	269.0	-0.339416	-0.185925
1268001	1269000	1268501	282.0	-0.338895	-0.117836
1269001	1270000	1269501	280.0	-0.338373	-0.128105
1270001	1271000	1270501	249.0	-0.337852	-0.297386
1271001	1272000	1271501	271.0	-0.337331	-0.175239
1272001	1273000	1272501	214.0	-0.336809	-0.515921
1273001	1274000	1273501	266.0	-0.336288	-0.202105
1274001	1275000	1274501	277.0	-0.335766	-0.143646
1275001	1276000	1275501	287.0	-0.335245	-0.092481
1276001	1277000	1276501	266.0	-0.334724	-0.202105
1277001	1278000	1277501	268.0	-0.334202	-0.191299
1278001	1279000	1278501	279.0	-0.333681	-0.133267
1279001	1280000	1279501	287.0	-0.333160	-0.092481
1280001	1281000	1280501	339.0	-0.332638	0.147754
1281001	1282000	1281501	382.0	-0.332117	0.320041
1282001	1283000	1282501	311.0	-0.331595	0.023383
1283001	1284000	1283501	286.0	-0.331074	-0.097517
1284001	1285000	1284501	266.0	-0.330553	-0.202105
1285001	1286000	1285501	254.0	-0.330031	-0.268703
1286001	1287000	1286501	340.0	-0.329510	0.152003
1287001	1288000	1287501	312.0	-0.328989	0.028014
1288001	1289000	1288501	223.0	-0.328467	-0.456488
1289001	1290000	1289501	255.0	-0.327946	-0.263034
1290001	1291000	1290501	244.0	-0.327424	-0.326651
1291001	1292000	1291501	312.0	-0.326903	0.028014
1292001	1293000	1292501	298.0	-0.326382	-0.038219
1293001	1294000	1293501	326.0	-0.325860	0.091340
1294001	1295000	1294501	296.0	-0.325339	-0.047934
1295001	1296000	1295501	379.0	-0.324818	0.308666
1296001	1297000	1296501	319.0	-0.324296	0.060025
1297001	1298000	1297501	276.0	-0.323775	-0.148863
1298001	1299000	1298501	298.0	-0.323253	-0.038219
1299001	1300000	1299501	260.0	-0.322732	-0.235020
1300001	1301000	1300501	229.0	-0.322211	-0.418184
1301001	1302000	1301501	284.0	-0.321689	-0.107641
1302001	1303000	1302501	335.0	-0.321168	0.130629
1303001	1304000	1303501	281.0	-0.320647	-0.122962
1304001	1305000	1304501	338.0	-0.320125	0.143492
1305001	1306000	1305501	324.0	-0.319604	0.082462
1306001	1307000	1306501	373.0	-0.319082	0.285644
1307001	1308000	1307501	380.0	-0.318561	0.312468
1308001	1309000	1308501	307.0	-0.318040	0.004707
1309001	1310000	1309501	301.0	-0.317518	-0.023768
1310001	1311000	1310501	236.0	-0.316997	-0.374745
1311001	1312000	1311501	264.0	-0.316475	-0.212994
1312001	1313000	1312501	420.0	-0.315954	0.456858
1313001	1314000	1313501	435.0	-0.315433	0.507484
1314001	1315000	1314501	350.0	-0.314911	0.193823
1315001	1316000	1315501	315.0	-0.314390	0.041820
1316001	1317000	1316501	370.0	-0.313869	0.273994
1317001	1318000	1317501	391.0	-0.313347	0.353637
1318001	1319000	1318501	260.0	-0.312826	-0.235020
1319001	1320000	1319501	297.0	-0.312304	-0.043069
1320001	1321000	1320501	305.0	-0.311783	-0.004722
1321001	1322000	1321501	379.0	-0.311262	0.308666
1322001	1323000	1322501	290.0	-0.310740	-0.077479
1323001	1324000	1323501	271.0	-0.310219	-0.175239
1324001	1325000	1324501	307.0	-0.309698	0.004707
1325001	1326000	1325501	280.0	-0.309176	-0.128105
1326001	1327000	1326501	279.0	-0.308655	-0.133267
1327001	1328000	1327501	246.0	-0.308133	-0.314873
1328001	1329000	1328501	243.0	-0.307612	-0.332575
1329001	1330000	1329501	264.0	-0.307091	-0.212994
1330001	1331000	1330501	245.0	-0.306569	-0.320750
1331001	1332000	1331501	207.0	-0.306048	-0.563901
1332001	1333000	1332501	282.0	-0.305527	-0.117836
1333001	1334000	1333501	309.0	-0.305005	0.014075
1334001	1335000	1334501	247.0	-0.304484	-0.309021
1335001	1336000	1335501	274.0	-0.303962	-0.159356
1336001	1337000	1336501	363.0	-0.303441	0.246438
1337001	1338000	1337501	287.0	-0.302920	-0.092481
1338001	1339000	1338501	213.0	-0.302398	-0.522678
1339001	1340000	1339501	276.0	-0.301877	-0.148863
1340001	1341000	1340501	279.0	-0.301356	-0.133267
1341001	1342000	1341501	281.0	-0.300834	-0.122962
1342001	1343000	1342501	282.0	-0.300313	-0.117836
1343001	1344000	1343501	279.0	-0.299791	-0.133267
1344001	1345000	1344501	269.0	-0.299270	-0.185925
1345001	1346000	1345501	295.0	-0.298749	-0.052817
1346001	1347000	1346501	272.0	-0.298227	-0.169925
1347001	1348000	1347501	264.0	-0.297706	-0.212994
1348001	1349000	1348501	270.0	-0.297185	-0.180572
1349001	1350000	1349501	267.0	-0.296663	-0.196692
1350001	1351000	1350501	277.0	-0.296142	-0.143646
1351001	1352000	1351501	303.0	-0.295620	-0.014214
1352001	1353000	1352501	303.0	-0.295099	-0.014214
1353001	1354000	1353501	296.0	-0.294578	-0.047934
1354001	1355000	1354501	263.0	-0.294056	-0.218469
1355001	1356000	1355501	299.0	-0.293535	-0.033386
1356001	1357000	1356501	246.0	-0.293014	-0.314873
1357001	1358000	1357501	268.0	-0.292492	-0.191299
1358001	1359000	1358501	271.0	-0.291971	-0.175239
1359001	1360000	1359501	270.0	-0.291449	-0.180572
1360001	1361000	1360501	314.0	-0.290928	0.037233
1361001	1362000	1361501	277.0	-0.290407	-0.143646
1362001	1363000	1362501	271.0	-0.289885	-0.175239
1363001	1364000	1363501	231.0	-0.289364	-0.405639
1364001	1365000	1364501	228.0	-0.288843	-0.424498
1365001	1366000	1365501	243.0	-0.288321	-0.332575
1366001	1367000	1366501	252.0	-0.287800	-0.280108
1367001	1368000	1367501	330.0	-0.287278	0.108934
1368001	1369000	1368501	267.0	-0.286757	-0.196692
1369001	1370000	1369501	304.0	-0.286236	-0.009460
1370001	1371000	1370501	288.0	-0.285714	-0.087463
1371001	1372000	1371501	320.0	-0.285193	0.064540
1372001	1373000	1372501	283.0	-0.284672	-0.112730
1373001	1374000	1373501	250.0	-0.284150	-0.291604
1374001	1375000	1374501	317.0	-0.283629	0.050951
1375001	1376000	1375501	304.0	-0.283107	-0.009460
1376001	1377000	1376501	289.0	-0.282586	-0.082462
1377001	1378000	1377501	279.0	-0.282065	-0.133267
1378001	1379000	1378501	261.0	-0.281543	-0.229482
1379001	1380000	1379501	484.0	-0.281022	0.661475
1380001	1381000	1380501	361.0	-0.280501	0.238467
1381001	1382000	1381501	271.0	-0.279979	-0.175239
1382001	1383000	1382501	269.0	-0.279458	-0.185925
1383001	1384000	1383501	269.0	-0.278936	-0.185925
1384001	1385000	1384501	276.0	-0.278415	-0.148863
1385001	1386000	1385501	292.0	-0.277894	-0.067563
1386001	1387000	1386501	313.0	-0.277372	0.032631
1387001	1388000	1387501	336.0	-0.276851	0.134930
1388001	1389000	1388501	360.0	-0.276330	0.234465
1389001	1390000	1389501	304.0	-0.275808	-0.009460
1390001	1391000	1390501	328.0	-0.275287	0.100164
1391001	1392000	1391501	312.0	-0.274765	0.028014
1392001	1393000	1392501	357.0	-0.274244	0.222392
1393001	1394000	1393501	371.0	-0.273723	0.277888
1394001	1395000	1394501	372.0	-0.273201	0.281771
1395001	1396000	1395501	278.0	-0.272680	-0.138447
1396001	1397000	1396501	314.0	-0.272158	0.037233
1397001	1398000	1397501	313.0	-0.271637	0.032631
1398001	1399000	1398501	300.0	-0.271116	-0.028569
1399001	1400000	1399501	324.0	-0.270594	0.082462
1400001	1401000	1400501	333.0	-0.270073	0.121991
1401001	1402000	1401501	274.0	-0.269552	-0.159356
1402001	1403000	1402501	344.0	-0.269030	0.168877
1403001	1404000	1403501	336.0	-0.268509	0.134930
1404001	1405000	1404501	318.0	-0.267987	0.055495
1405001	1406000	1405501	302.0	-0.267466	-0.018983
1406001	1407000	1406501	261.0	-0.266945	-0.229482
1407001	1408000	1407501	273.0	-0.266423	-0.164631
1408001	1409000	1408501	327.0	-0.265902	0.095759
1409001	1410000	1409501	332.0	-0.265381	0.117652
1410001	1411000	1410501	305.0	-0.264859	-0.004722
1411001	1412000	1411501	284.0	-0.264338	-0.107641
1412001	1413000	1412501	304.0	-0.263816	-0.009460
1413001	1414000	1413501	255.0	-0.263295	-0.263034
1414001	1415000	1414501	292.0	-0.262774	-0.067563
1415001	1416000	1415501	325.0	-0.262252	0.086908
1416001	1417000	1416501	336.0	-0.261731	0.134930
1417001	1418000	1417501	302.0	-0.261210	-0.018983
1418001	1419000	1418501	245.0	-0.260688	-0.320750
1419001	1420000	1419501	313.0	-0.260167	0.032631
1420001	1421000	1420501	289.0	-0.259645	-0.082462
1421001	1422000	1421501	315.0	-0.259124	0.041820
1422001	1423000	1422501	271.0	-0.258603	-0.175239
1423001	1424000	1423501	318.0	-0.258081	0.055495
1424001	1425000	1424501	348.0	-0.257560	0.185556
1425001	1426000	1425501	323.0	-0.257039	0.078003
1426001	1427000	1426501	286.0	-0.256517	-0.097517
1427001	1428000	1427501	261.0	-0.255996	-0.229482
1428001	1429000	1428501	306.0	-0.255474	0.000000
1429001	1430000	1429501	365.0	-0.254953	0.254365
1430001	1431000	1430501	354.0	-0.254432	0.210218
1431001	1432000	1431501	265.0	-0.253910	-0.207539
1432001	1433000	1432501	295.0	-0.253389	-0.052817
1433001	1434000	1433501	243.0	-0.252868	-0.332575
1434001	1435000	1434501	279.0	-0.252346	-0.133267
1435001	1436000	1435501	297.0	-0.251825	-0.043069
1436001	1437000	1436501	277.0	-0.251303	-0.143646
1437001	1438000	1437501	418.0	-0.250782	0.449971
1438001	1439000	1438501	314.0	-0.250261	0.037233
1439001	1440000	1439501	305.0	-0.249739	-0.004722
1440001	1441000	1440501	347.0	-0.249218	0.181404
1441001	1442000	1441501	311.0	-0.248697	0.023383
1442001	1443000	1442501	279.0	-0.248175	-0.133267
1443001	1444000	1443501	321.0	-0.247654	0.069042
1444001	1445000	1444501	261.0	-0.247132	-0.229482
1445001	1446000	1445501	273.0	-0.246611	-0.164631
1446001	1447000	1446501	330.0	-0.246090	0.108934
1447001	1448000	1447501	373.0	-0.245568	0.285644
1448001	1449000	1448501	262.0	-0.245047	-0.223965
1449001	1450000	1449501	288.0	-0.244526	-0.087463
1450001	1451000	1450501	281.0	-0.244004	-0.122962
1451001	1452000	1451501	332.0	-0.243483	0.117652
1452001	1453000	1452501	300.0	-0.242961	-0.028569
1453001	1454000	1453501	352.0	-0.242440	0.202044
1454001	1455000	1454501	277.0	-0.241919	-0.143646
1455001	1456000	1455501	330.0	-0.241397	0.108934
1456001	1457000	1456501	313.0	-0.240876	0.032631
1457001	1458000	1457501	328.0	-0.240355	0.100164
1458001	1459000	1458501	295.0	-0.239833	-0.052817
1459001	1460000	1459501	256.0	-0.239312	-0.257388
1460001	1461000	1460501	367.0	-0.238790	0.262248
1461001	1462000	1461501	346.0	-0.238269	0.177240
1462001	1463000	1462501	355.0	-0.237748	0.214287
1463001	1464000	1463501	309.0	-0.237226	0.014075
1464001	1465000	1464501	290.0	-0.236705	-0.077479
1465001	1466000	1465501	272.0	-0.236184	-0.169925
1466001	1467000	1466501	266.0	-0.235662	-0.202105
1467001	1468000	1467501	229.0	-0.235141	-0.418184
1468001	1469000	1468501	248.0	-0.234619	-0.303192
1469001	1470000	1469501	236.0	-0.234098	-0.374745
1470001	1471000	1470501	236.0	-0.233577	-0.374745
1471001	1472000	1471501	269.0	-0.233055	-0.185925
1472001	1473000	1472501	284.0	-0.232534	-0.107641
1473001	1474000	1473501	305.0	-0.232013	-0.004722
1474001	1475000	1474501	222.0	-0.231491	-0.462972
1475001	1476000	1475501	293.0	-0.230970	-0.062631
1476001	1477000	1476501	275.0	-0.230448	-0.154100
1477001	1478000	1477501	282.0	-0.229927	-0.117836
1478001	1479000	1478501	257.0	-0.229406	-0.251763
1479001	1480000	1479501	254.0	-0.228884	-0.268703
1480001	1481000	1480501	305.0	-0.228363	-0.004722
1481001	1482000	1481501	312.0	-0.227842	0.028014
1482001	1483000	1482501	285.0	-0.227320	-0.102570
1483001	1484000	1483501	315.0	-0.226799	0.041820
1484001	1485000	1484501	310.0	-0.226277	0.018737
1485001	1486000	1485501	247.0	-0.225756	-0.309021
1486001	1487000	1486501	265.0	-0.225235	-0.207539
1487001	1488000	1487501	273.0	-0.224713	-0.164631
1488001	1489000	1488501	252.0	-0.224192	-0.280108
1489001	1490000	1489501	297.0	-0.223670	-0.043069
1490001	1491000	1490501	249.0	-0.223149	-0.297386
1491001	1492000	1491501	276.0	-0.222628	-0.148863
1492001	1493000	1492501	283.0	-0.222106	-0.112730
1493001	1494000	1493501	312.0	-0.221585	0.028014
1494001	1495000	1494501	333.0	-0.221064	0.121991
1495001	1496000	1495501	320.0	-0.220542	0.064540
1496001	1497000	1496501	358.0	-0.220021	0.226428
1497001	1498000	1497501	424.0	-0.219499	0.470533
1498001	1499000	1498501	257.0	-0.218978	-0.251763
1499001	1500000	1499501	232.0	-0.218457	-0.399407
1500001	1501000	1500501	248.0	-0.217935	-0.303192
1501001	1502000	1501501	273.0	-0.217414	-0.164631
1502001	1503000	1502501	252.0	-0.216893	-0.280108
1503001	1504000	1503501	255.0	-0.216371	-0.263034
1504001	1505000	1504501	378.0	-0.215850	0.304855
1505001	1506000	1505501	268.0	-0.215328	-0.191299
1506001	1507000	1506501	300.0	-0.214807	-0.028569
1507001	1508000	1507501	326.0	-0.214286	0.091340
1508001	1509000	1508501	286.0	-0.213764	-0.097517
1509001	1510000	1509501	292.0	-0.213243	-0.067563
1510001	1511000	1510501	252.0	-0.212722	-0.280108
1511001	1512000	1511501	305.0	-0.212200	-0.004722
1512001	1513000	1512501	297.0	-0.211679	-0.043069
1513001	1514000	1513501	275.0	-0.211157	-0.154100
1514001	1515000	1514501	217.0	-0.210636	-0.495837
1515001	1516000	1515501	282.0	-0.210115	-0.117836
1516001	1517000	1516501	270.0	-0.209593	-0.180572
1517001	1518000	1517501	275.0	-0.209072	-0.154100
1518001	1519000	1518501	295.0	-0.208551	-0.052817
1519001	1520000	1519501	284.0	-0.208029	-0.107641
1520001	1521000	1520501	245.0	-0.207508	-0.320750
1521001	1522000	1521501	274.0	-0.206986	-0.159356
1522001	1523000	1522501	298.0	-0.206465	-0.038219
1523001	1524000	1523501	274.0	-0.205944	-0.159356
1524001	1525000	1524501	340.0	-0.205422	0.152003
1525001	1526000	1525501	288.0	-0.204901	-0.087463
1526001	1527000	1526501	294.0	-0.204380	-0.057715
1527001	1528000	1527501	285.0	-0.203858	-0.102570
1528001	1529000	1528501	311.0	-0.203337	0.023383
1529001	1530000	1529501	241.0	-0.202815	-0.344499
1530001	1531000	1530501	290.0	-0.202294	-0.077479
1531001	1532000	1531501	270.0	-0.201773	-0.180572
1532001	1533000	1532501	346.0	-0.201251	0.177240
1533001	1534000	1533501	307.0	-0.200730	0.004707
1534001	1535000	1534501	392.0	-0.200209	0.357322
1535001	1536000	1535501	264.0	-0.199687	-0.212994
1536001	1537000	1536501	297.0	-0.199166	-0.043069
1537001	1538000	1537501	255.0	-0.198644	-0.263034
1538001	1539000	1538501	309.0	-0.198123	0.014075
1539001	1540000	1539501	318.0	-0.197602	0.055495
1540001	1541000	1540501	273.0	-0.197080	-0.164631
1541001	1542000	1541501	264.0	-0.196559	-0.212994
1542001	1543000	1542501	287.0	-0.196038	-0.092481
1543001	1544000	1543501	241.0	-0.195516	-0.344499
1544001	1545000	1544501	241.0	-0.194995	-0.344499
1545001	1546000	1545501	284.0	-0.194473	-0.107641
1546001	1547000	1546501	306.0	-0.193952	0.000000
1547001	1548000	1547501	275.0	-0.193431	-0.154100
1548001	1549000	1548501	308.0	-0.192909	0.009399
1549001	1550000	1549501	280.0	-0.192388	-0.128105
1550001	1551000	1550501	328.0	-0.191867	0.100164
1551001	1552000	1551501	332.0	-0.191345	0.117652
1552001	1553000	1552501	298.0	-0.190824	-0.038219
1553001	1554000	1553501	281.0	-0.190302	-0.122962
1554001	1555000	1554501	313.0	-0.189781	0.032631
1555001	1556000	1555501	294.0	-0.189260	-0.057715
1556001	1557000	1556501	294.0	-0.188738	-0.057715
1557001	1558000	1557501	291.0	-0.188217	-0.072512
1558001	1559000	1558501	275.0	-0.187696	-0.154100
1559001	1560000	1559501	296.0	-0.187174	-0.047934
1560001	1561000	1560501	287.0	-0.186653	-0.092481
1561001	1562000	1561501	283.0	-0.186131	-0.112730
1562001	1563000	1562501	364.0	-0.185610	0.250407
1563001	1564000	1563501	276.0	-0.185089	-0.148863
1564001	1565000	1564501	289.0	-0.184567	-0.082462
1565001	1566000	1565501	339.0	-0.184046	0.147754
1566001	1567000	1566501	339.0	-0.183525	0.147754
1567001	1568000	1567501	259.0	-0.183003	-0.240580
1568001	1569000	1568501	311.0	-0.182482	0.023383
1569001	1570000	1569501	315.0	-0.181960	0.041820
1570001	1571000	1570501	299.0	-0.181439	-0.033386
1571001	1572000	1571501	249.0	-0.180918	-0.297386
1572001	1573000	1572501	250.0	-0.180396	-0.291604
1573001	1574000	1573501	285.0	-0.179875	-0.102570
1574001	1575000	1574501	533.0	-0.179353	0.800604
1575001	1576000	1575501	525.0	-0.178832	0.778786
1576001	1577000	1576501	386.0	-0.178311	0.335069
1577001	1578000	1577501	363.0	-0.177789	0.246438
1578001	1579000	1578501	405.0	-0.177268	0.404390
1579001	1580000	1579501	288.0	-0.176747	-0.087463
1580001	1581000	1580501	352.0	-0.176225	0.202044
1581001	1582000	1581501	340.0	-0.175704	0.152003
1582001	1583000	1582501	318.0	-0.175182	0.055495
1583001	1584000	1583501	343.0	-0.174661	0.164677
1584001	1585000	1584501	282.0	-0.174140	-0.117836
1585001	1586000	1585501	321.0	-0.173618	0.069042
1586001	1587000	1586501	340.0	-0.173097	0.152003
1587001	1588000	1587501	412.0	-0.172576	0.429113
1588001	1589000	1588501	270.0	-0.172054	-0.180572
1589001	1590000	1589501	338.0	-0.171533	0.143492
1590001	1591000	1590501	271.0	-0.171011	-0.175239
1591001	1592000	1591501	296.0	-0.170490	-0.047934
1592001	1593000	1592501	224.0	-0.169969	-0.450033
1593001	1594000	1593501	264.0	-0.169447	-0.212994
1594001	1595000	1594501	285.0	-0.168926	-0.102570
1595001	1596000	1595501	244.0	-0.168405	-0.326651
1596001	1597000	1596501	288.0	-0.167883	-0.087463
1597001	1598000	1597501	273.0	-0.167362	-0.164631
1598001	1599000	1598501	278.0	-0.166840	-0.138447
1599001	1600000	1599501	311.0	-0.166319	0.023383
1600001	1601000	1600501	271.0	-0.165798	-0.175239
1601001	1602000	1601501	272.0	-0.165276	-0.169925
1602001	1603000	1602501	243.0	-0.164755	-0.332575
1603001	1604000	1603501	273.0	-0.164234	-0.164631
1604001	1605000	1604501	280.0	-0.163712	-0.128105
1605001	1606000	1605501	296.0	-0.163191	-0.047934
1606001	1607000	1606501	322.0	-0.162669	0.073529
1607001	1608000	1607501	330.0	-0.162148	0.108934
1608001	1609000	1608501	315.0	-0.161627	0.041820
1609001	1610000	1609501	288.0	-0.161105	-0.087463
1610001	1611000	1610501	284.0	-0.160584	-0.107641
1611001	1612000	1611501	224.0	-0.160063	-0.450033
1612001	1613000	1612501	316.0	-0.159541	0.046393
1613001	1614000	1613501	417.0	-0.159020	0.446516
1614001	1615000	1614501	318.0	-0.158498	0.055495
1615001	1616000	1615501	282.0	-0.157977	-0.117836
1616001	1617000	1616501	317.0	-0.157456	0.050951
1617001	1618000	1617501	243.0	-0.156934	-0.332575
1618001	1619000	1618501	303.0	-0.156413	-0.014214
1619001	1620000	1619501	385.0	-0.155892	0.331327
1620001	1621000	1620501	256.0	-0.155370	-0.257388
1621001	1622000	1621501	261.0	-0.154849	-0.229482
1622001	1623000	1622501	308.0	-0.154327	0.009399
1623001	1624000	1623501	321.0	-0.153806	0.069042
1624001	1625000	1624501	281.0	-0.153285	-0.122962
1625001	1626000	1625501	309.0	-0.152763	0.014075
1626001	1627000	1626501	244.0	-0.152242	-0.326651
1627001	1628000	1627501	272.0	-0.151721	-0.169925
1628001	1629000	1628501	275.0	-0.151199	-0.154100
1629001	1630000	1629501	325.0	-0.150678	0.086908
1630001	1631000	1630501	324.0	-0.150156	0.082462
1631001	1632000	1631501	234.0	-0.149635	-0.387023
1632001	1633000	1632501	260.0	-0.149114	-0.235020
1633001	1634000	1633501	276.0	-0.148592	-0.148863
1634001	1635000	1634501	228.0	-0.148071	-0.424498
1635001	1636000	1635501	268.0	-0.147550	-0.191299
1636001	1637000	1636501	267.0	-0.147028	-0.196692
1637001	1638000	1637501	335.0	-0.146507	0.130629
1638001	1639000	1638501	329.0	-0.145985	0.104556
1639001	1640000	1639501	304.0	-0.145464	-0.009460
1640001	1641000	1640501	290.0	-0.144943	-0.077479
1641001	1642000	1641501	278.0	-0.144421	-0.138447
1642001	1643000	1642501	303.0	-0.143900	-0.014214
1643001	1644000	1643501	271.0	-0.143379	-0.175239
1644001	1645000	1644501	297.0	-0.142857	-0.043069
1645001	1646000	1645501	355.0	-0.142336	0.214287
1646001	1647000	1646501	284.0	-0.141814	-0.107641
1647001	1648000	1647501	300.0	-0.141293	-0.028569
1648001	1649000	1648501	320.0	-0.140772	0.064540
1649001	1650000	1649501	270.0	-0.140250	-0.180572
1650001	1651000	1650501	334.0	-0.139729	0.126316
1651001	1652000	1651501	297.0	-0.139208	-0.043069
1652001	1653000	1652501	298.0	-0.138686	-0.038219
1653001	1654000	1653501	282.0	-0.138165	-0.117836
1654001	1655000	1654501	293.0	-0.137643	-0.062631
1655001	1656000	1655501	336.0	-0.137122	0.134930
1656001	1657000	1656501	298.0	-0.136601	-0.038219
1657001	1658000	1657501	283.0	-0.136079	-0.112730
1658001	1659000	1658501	254.0	-0.135558	-0.268703
1659001	1660000	1659501	240.0	-0.135036	-0.350497
1660001	1661000	1660501	245.0	-0.134515	-0.320750
1661001	1662000	1661501	329.0	-0.133994	0.104556
1662001	1663000	1662501	562.0	-0.133472	0.877038
1663001	1664000	1663501	656.0	-0.132951	1.100164
1664001	1665000	1664501	614.0	-0.132430	1.004707
1665001	1666000	1665501	574.0	-0.131908	0.907519
1666001	1667000	1666501	546.0	-0.131387	0.835369
1667001	1668000	1667501	718.0	-0.130865	1.230452
1668001	1669000	1668501	588.0	-0.130344	0.942285
1669001	1670000	1669501	609.0	-0.129823	0.992911
1670001	1671000	1670501	613.0	-0.129301	1.002355
1671001	1672000	1671501	722.0	-0.128780	1.238467
1672001	1673000	1672501	739.0	-0.128259	1.272043
1673001	1674000	1673501	748.0	-0.127737	1.289507
1674001	1675000	1674501	640.0	-0.127216	1.064540
1675001	1676000	1675501	450.0	-0.126694	0.556393
1676001	1677000	1676501	308.0	-0.126173	0.009399
1677001	1678000	1677501	290.0	-0.125652	-0.077479
1678001	1679000	1678501	279.0	-0.125130	-0.133267
1679001	1680000	1679501	291.0	-0.124609	-0.072512
1680001	1681000	1680501	416.0	-0.124088	0.443052
1681001	1682000	1681501	317.0	-0.123566	0.050951
1682001	1683000	1682501	381.0	-0.123045	0.316259
1683001	1684000	1683501	375.0	-0.122523	0.293359
1684001	1685000	1684501	308.0	-0.122002	0.009399
1685001	1686000	1685501	390.0	-0.121481	0.349942
1686001	1687000	1686501	278.0	-0.120959	-0.138447
1687001	1688000	1687501	309.0	-0.120438	0.014075
1688001	1689000	1688501	316.0	-0.119917	0.046393
1689001	1690000	1689501	301.0	-0.119395	-0.023768
1690001	1691000	1690501	342.0	-0.118874	0.160465
1691001	1692000	1691501	304.0	-0.118352	-0.009460
1692001	1693000	1692501	351.0	-0.117831	0.197939
1693001	1694000	1693501	328.0	-0.117310	0.100164
1694001	1695000	1694501	330.0	-0.116788	0.108934
1695001	1696000	1695501	301.0	-0.116267	-0.023768
1696001	1697000	1696501	306.0	-0.115746	0.000000
1697001	1698000	1697501	376.0	-0.115224	0.297201
1698001	1699000	1698501	311.0	-0.114703	0.023383
1699001	1700000	1699501	295.0	-0.114181	-0.052817
1700001	1701000	1700501	347.0	-0.113660	0.181404
1701001	1702000	1701501	370.0	-0.113139	0.273994
1702001	1703000	1702501	273.0	-0.112617	-0.164631
1703001	1704000	1703501	327.0	-0.112096	0.095759
1704001	1705000	1704501	374.0	-0.111575	0.289507
1705001	1706000	1705501	353.0	-0.111053	0.206137
1706001	1707000	1706501	443.0	-0.110532	0.533775
1707001	1708000	1707501	344.0	-0.110010	0.168877
1708001	1709000	1708501	245.0	-0.109489	-0.320750
1709001	1710000	1709501	371.0	-0.108968	0.277888
1710001	1711000	1710501	346.0	-0.108446	0.177240
1711001	1712000	1711501	302.0	-0.107925	-0.018983
1712001	1713000	1712501	346.0	-0.107404	0.177240
1713001	1714000	1713501	384.0	-0.106882	0.327575
1714001	1715000	1714501	307.0	-0.106361	0.004707
1715001	1716000	1715501	355.0	-0.105839	0.214287
1716001	1717000	1716501	291.0	-0.105318	-0.072512
1717001	1718000	1717501	304.0	-0.104797	-0.009460
1718001	1719000	1718501	308.0	-0.104275	0.009399
1719001	1720000	1719501	332.0	-0.103754	0.117652
1720001	1721000	1720501	256.0	-0.103233	-0.257388
1721001	1722000	1721501	311.0	-0.102711	0.023383
1722001	1723000	1722501	368.0	-0.102190	0.266174
1723001	1724000	1723501	339.0	-0.101668	0.147754
1724001	1725000	1724501	337.0	-0.101147	0.139217
1725001	1726000	1725501	359.0	-0.100626	0.230452
1726001	1727000	1726501	391.0	-0.100104	0.353637
1727001	1728000	1727501	436.0	-0.099583	0.510796
1728001	1729000	1728501	331.0	-0.099062	0.113300
1729001	1730000	1729501	249.0	-0.098540	-0.297386
1730001	1731000	1730501	286.0	-0.098019	-0.097517
1731001	1732000	1731501	264.0	-0.097497	-0.212994
1732001	1733000	1732501	219.0	-0.096976	-0.482601
1733001	1734000	1733501	274.0	-0.096455	-0.159356
1734001	1735000	1734501	277.0	-0.095933	-0.143646
1735001	1736000	1735501	304.0	-0.095412	-0.009460
1736001	1737000	1736501	287.0	-0.094891	-0.092481
1737001	1738000	1737501	294.0	-0.094369	-0.057715
1738001	1739000	1738501	295.0	-0.093848	-0.052817
1739001	1740000	1739501	279.0	-0.093326	-0.133267
1740001	1741000	1740501	330.0	-0.092805	0.108934
1741001	1742000	1741501	423.0	-0.092284	0.467126
1742001	1743000	1742501	277.0	-0.091762	-0.143646
1743001	1744000	1743501	329.0	-0.091241	0.104556
1744001	1745000	1744501	293.0	-0.090719	-0.062631
1745001	1746000	1745501	251.0	-0.090198	-0.285844
1746001	1747000	1746501	335.0	-0.089677	0.130629
1747001	1748000	1747501	370.0	-0.089155	0.273994
1748001	1749000	1748501	303.0	-0.088634	-0.014214
1749001	1750000	1749501	267.0	-0.088113	-0.196692
1750001	1751000	1750501	334.0	-0.087591	0.126316
1751001	1752000	1751501	275.0	-0.087070	-0.154100
1752001	1753000	1752501	337.0	-0.086548	0.139217
1753001	1754000	1753501	379.0	-0.086027	0.308666
1754001	1755000	1754501	305.0	-0.085506	-0.004722
1755001	1756000	1755501	303.0	-0.084984	-0.014214
1756001	1757000	1756501	342.0	-0.084463	0.160465
1757001	1758000	1757501	323.0	-0.083942	0.078003
1758001	1759000	1758501	333.0	-0.083420	0.121991
1759001	1760000	1759501	321.0	-0.082899	0.069042
1760001	1761000	1760501	281.0	-0.082377	-0.122962
1761001	1762000	1761501	281.0	-0.081856	-0.122962
1762001	1763000	1762501	230.0	-0.081335	-0.411898
1763001	1764000	1763501	258.0	-0.080813	-0.246161
1764001	1765000	1764501	250.0	-0.080292	-0.291604
1765001	1766000	1765501	238.0	-0.079771	-0.362570
1766001	1767000	1766501	276.0	-0.079249	-0.148863
1767001	1768000	1767501	252.0	-0.078728	-0.280108
1768001	1769000	1768501	268.0	-0.078206	-0.191299
1769001	1770000	1769501	250.0	-0.077685	-0.291604
1770001	1771000	1770501	272.0	-0.077164	-0.169925
1771001	1772000	1771501	268.0	-0.076642	-0.191299
1772001	1773000	1772501	361.0	-0.076121	0.238467
1773001	1774000	1773501	412.0	-0.075600	0.429113
1774001	1775000	1774501	384.0	-0.075078	0.327575
1775001	1776000	1775501	327.0	-0.074557	0.095759
1776001	1777000	1776501	242.0	-0.074035	-0.338525
1777001	1778000	1777501	298.0	-0.073514	-0.038219
1778001	1779000	1778501	311.0	-0.072993	0.023383
1779001	1780000	1779501	295.0	-0.072471	-0.052817
1780001	1781000	1780501	272.0	-0.071950	-0.169925
1781001	1782000	1781501	264.0	-0.071429	-0.212994
1782001	1783000	1782501	256.0	-0.070907	-0.257388
1783001	1784000	1783501	260.0	-0.070386	-0.235020
1784001	1785000	1784501	259.0	-0.069864	-0.240580
1785001	1786000	1785501	281.0	-0.069343	-0.122962
1786001	1787000	1786501	347.0	-0.068822	0.181404
1787001	1788000	1787501	283.0	-0.068300	-0.112730
1788001	1789000	1788501	287.0	-0.067779	-0.092481
1789001	1790000	1789501	256.0	-0.067258	-0.257388
1790001	1791000	1790501	247.0	-0.066736	-0.309021
1791001	1792000	1791501	280.0	-0.066215	-0.128105
1792001	1793000	1792501	335.0	-0.065693	0.130629
1793001	1794000	1793501	305.0	-0.065172	-0.004722
1794001	1795000	1794501	304.0	-0.064651	-0.009460
1795001	1796000	1795501	319.0	-0.064129	0.060025
1796001	1797000	1796501	302.0	-0.063608	-0.018983
1797001	1798000	1797501	345.0	-0.063087	0.173065
1798001	1799000	1798501	431.0	-0.062565	0.494156
1799001	1800000	1799501	439.0	-0.062044	0.520689
1800001	1801000	1800501	500.0	-0.061522	0.708396
1801001	1802000	1801501	490.0	-0.061001	0.679250
1802001	1803000	1802501	265.0	-0.060480	-0.207539
1803001	1804000	1803501	221.0	-0.059958	-0.469485
1804001	1805000	1804501	389.0	-0.059437	0.346239
1805001	1806000	1805501	362.0	-0.058916	0.242458
1806001	1807000	1806501	287.0	-0.058394	-0.092481
1807001	1808000	1807501	324.0	-0.057873	0.082462
1808001	1809000	1808501	388.0	-0.057351	0.342525
1809001	1810000	1809501	331.0	-0.056830	0.113300
1810001	1811000	1810501	442.0	-0.056309	0.530515
1811001	1812000	1811501	423.0	-0.055787	0.467126
1812001	1813000	1812501	425.0	-0.055266	0.473931
1813001	1814000	1813501	260.0	-0.054745	-0.235020
1814001	1815000	1814501	175.0	-0.054223	-0.806177
1815001	1816000	1815501	262.0	-0.053702	-0.223965
1816001	1817000	1816501	254.0	-0.053180	-0.268703
1817001	1818000	1817501	263.0	-0.052659	-0.218469
1818001	1819000	1818501	321.0	-0.052138	0.069042
1819001	1820000	1819501	279.0	-0.051616	-0.133267
1820001	1821000	1820501	296.0	-0.051095	-0.047934
1821001	1822000	1821501	280.0	-0.050574	-0.128105
1822001	1823000	1822501	300.0	-0.050052	-0.028569
1823001	1824000	1823501	318.0	-0.049531	0.055495
1824001	1825000	1824501	249.0	-0.049009	-0.297386
1825001	1826000	1825501	302.0	-0.048488	-0.018983
1826001	1827000	1826501	365.0	-0.047967	0.254365
1827001	1828000	1827501	304.0	-0.047445	-0.009460
1828001	1829000	1828501	347.0	-0.046924	0.181404
1829001	1830000	1829501	299.0	-0.046403	-0.033386
1830001	1831000	1830501	327.0	-0.045881	0.095759
1831001	1832000	1831501	393.0	-0.045360	0.360998
1832001	1833000	1832501	372.0	-0.044838	0.281771
1833001	1834000	1833501	428.0	-0.044317	0.484079
1834001	1835000	1834501	408.0	-0.043796	0.415037
1835001	1836000	1835501	388.0	-0.043274	0.342525
1836001	1837000	1836501	520.0	-0.042753	0.764980
1837001	1838000	1837501	544.0	-0.042231	0.830075
1838001	1839000	1838501	467.0	-0.041710	0.609891
1839001	1840000	1839501	571.0	-0.041189	0.899959
1840001	1841000	1840501	430.0	-0.040667	0.490805
1841001	1842000	1841501	320.0	-0.040146	0.064540
1842001	1843000	1842501	293.0	-0.039625	-0.062631
1843001	1844000	1843501	354.0	-0.039103	0.210218
1844001	1845000	1844501	380.0	-0.038582	0.312468
1845001	1846000	1845501	346.0	-0.038060	0.177240
1846001	1847000	1846501	374.0	-0.037539	0.289507
1847001	1848000	1847501	347.0	-0.037018	0.181404
1848001	1849000	1848501	306.0	-0.036496	0.000000
1849001	1850000	1849501	298.0	-0.035975	-0.038219
1850001	1851000	1850501	275.0	-0.035454	-0.154100
1851001	1852000	1851501	277.0	-0.034932	-0.143646
1852001	1853000	1852501	307.0	-0.034411	0.004707
1853001	1854000	1853501	324.0	-0.033889	0.082462
1854001	1855000	1854501	316.0	-0.033368	0.046393
1855001	1856000	1855501	294.0	-0.032847	-0.057715
1856001	1857000	1856501	236.0	-0.032325	-0.374745
1857001	1858000	1857501	286.0	-0.031804	-0.097517
1858001	1859000	1858501	298.0	-0.031283	-0.038219
1859001	1860000	1859501	285.0	-0.030761	-0.102570
1860001	1861000	1860501	315.0	-0.030240	0.041820
1861001	1862000	1861501	354.0	-0.029718	0.210218
1862001	1863000	1862501	300.0	-0.029197	-0.028569
1863001	1864000	1863501	326.0	-0.028676	0.091340
1864001	1865000	1864501	272.0	-0.028154	-0.169925
1865001	1866000	1865501	362.0	-0.027633	0.242458
1866001	1867000	1866501	315.0	-0.027112	0.041820
1867001	1868000	1867501	322.0	-0.026590	0.073529
1868001	1869000	1868501	295.0	-0.026069	-0.052817
1869001	1870000	1869501	239.0	-0.025547	-0.356521
1870001	1871000	1870501	254.0	-0.025026	-0.268703
1871001	1872000	1871501	276.0	-0.024505	-0.148863
1872001	1873000	1872501	352.0	-0.023983	0.202044
1873001	1874000	1873501	275.0	-0.023462	-0.154100
1874001	1875000	1874501	312.0	-0.022941	0.028014
1875001	1876000	1875501	302.0	-0.022419	-0.018983
1876001	1877000	1876501	234.0	-0.021898	-0.387023
1877001	1878000	1877501	224.0	-0.021376	-0.450033
1878001	1879000	1878501	286.0	-0.020855	-0.097517
1879001	1880000	1879501	344.0	-0.020334	0.168877
1880001	1881000	1880501	407.0	-0.019812	0.411497
1881001	1882000	1881501	318.0	-0.019291	0.055495
1882001	1883000	1882501	293.0	-0.018770	-0.062631
1883001	1884000	1883501	313.0	-0.018248	0.032631
1884001	1885000	1884501	383.0	-0.017727	0.323813
1885001	1886000	1885501	272.0	-0.017205	-0.169925
1886001	1887000	1886501	335.0	-0.016684	0.130629
1887001	1888000	1887501	361.0	-0.016163	0.238467
1888001	1889000	1888501	306.0	-0.015641	0.000000
1889001	1890000	1889501	393.0	-0.015120	0.360998
1890001	1891000	1890501	332.0	-0.014599	0.117652
1891001	1892000	1891501	282.0	-0.014077	-0.117836
1892001	1893000	1892501	236.0	-0.013556	-0.374745
1893001	1894000	1893501	298.0	-0.013034	-0.038219
1894001	1895000	1894501	344.0	-0.012513	0.168877
1895001	1896000	1895501	436.0	-0.011992	0.510796
1896001	1897000	1896501	394.0	-0.011470	0.364664
1897001	1898000	1897501	334.0	-0.010949	0.126316
1898001	1899000	1898501	348.0	-0.010428	0.185556
1899001	1900000	1899501	345.0	-0.009906	0.173065
1900001	1901000	1900501	231.0	-0.009385	-0.405639
1901001	1902000	1901501	350.0	-0.008863	0.193823
1902001	1903000	1902501	246.0	-0.008342	-0.314873
1903001	1904000	1903501	262.0	-0.007821	-0.223965
1904001	1905000	1904501	338.0	-0.007299	0.143492
1905001	1906000	1905501	301.0	-0.006778	-0.023768
1906001	1907000	1906501	331.0	-0.006257	0.113300
1907001	1908000	1907501	312.0	-0.005735	0.028014
1908001	1909000	1908501	312.0	-0.005214	0.028014
1909001	1910000	1909501	301.0	-0.004692	-0.023768
1910001	1911000	1910501	253.0	-0.004171	-0.274394
1911001	1912000	1911501	247.0	-0.003650	-0.309021
1912001	1913000	1912501	323.0	-0.003128	0.078003
1913001	1914000	1913501	304.0	-0.002607	-0.009460
1914001	1915000	1914501	254.0	-0.002086	-0.268703
1915001	1916000	1915501	228.0	-0.001564	-0.424498
1916001	1917000	1916501	297.0	-0.001043	-0.043069
1917001	1918000	1917501	299.0	-0.000521	-0.033386
1918001	1919000	1918501	331.0	0.000000	0.113300
1919001	1920000	1919501	387.0	0.000516	0.338802
1920001	1921000	1920501	274.0	0.001031	-0.159356
1921001	1922000	1921501	276.0	0.001547	-0.148863
1922001	1923000	1922501	289.0	0.002062	-0.082462
1923001	1924000	1923501	250.0	0.002578	-0.291604
1924001	1925000	1924501	312.0	0.003093	0.028014
1925001	1926000	1925501	276.0	0.003609	-0.148863
1926001	1927000	1926501	324.0	0.004124	0.082462
1927001	1928000	1927501	242.0	0.004640	-0.338525
1928001	1929000	1928501	257.0	0.005155	-0.251763
1929001	1930000	1929501	308.0	0.005671	0.009399
1930001	1931000	1930501	321.0	0.006186	0.069042
1931001	1932000	1931501	364.0	0.006702	0.250407
1932001	1933000	1932501	345.0	0.007217	0.173065
1933001	1934000	1933501	327.0	0.007733	0.095759
1934001	1935000	1934501	322.0	0.008249	0.073529
1935001	1936000	1935501	245.0	0.008764	-0.320750
1936001	1937000	1936501	391.0	0.009280	0.353637
1937001	1938000	1937501	380.0	0.009795	0.312468
1938001	1939000	1938501	292.0	0.010311	-0.067563
1939001	1940000	1939501	373.0	0.010826	0.285644
1940001	1941000	1940501	276.0	0.011342	-0.148863
1941001	1942000	1941501	225.0	0.011857	-0.443607
1942001	1943000	1942501	375.0	0.012373	0.293359
1943001	1944000	1943501	381.0	0.012888	0.316259
1944001	1945000	1944501	397.0	0.013404	0.375607
1945001	1946000	1945501	343.0	0.013919	0.164677
1946001	1947000	1946501	287.0	0.014435	-0.092481
1947001	1948000	1947501	235.0	0.014950	-0.380871
1948001	1949000	1948501	253.0	0.015466	-0.274394
1949001	1950000	1949501	277.0	0.015981	-0.143646
1950001	1951000	1950501	325.0	0.016497	0.086908
1951001	1952000	1951501	305.0	0.017013	-0.004722
1952001	1953000	1952501	309.0	0.017528	0.014075
1953001	1954000	1953501	287.0	0.018044	-0.092481
1954001	1955000	1954501	277.0	0.018559	-0.143646
1955001	1956000	1955501	321.0	0.019075	0.069042
1956001	1957000	1956501	281.0	0.019590	-0.122962
1957001	1958000	1957501	287.0	0.020106	-0.092481
1958001	1959000	1958501	253.0	0.020621	-0.274394
1959001	1960000	1959501	353.0	0.021137	0.206137
1960001	1961000	1960501	267.0	0.021652	-0.196692
1961001	1962000	1961501	267.0	0.022168	-0.196692
1962001	1963000	1962501	249.0	0.022683	-0.297386
1963001	1964000	1963501	272.0	0.023199	-0.169925
1964001	1965000	1964501	264.0	0.023714	-0.212994
1965001	1966000	1965501	286.0	0.024230	-0.097517
1966001	1967000	1966501	293.0	0.024746	-0.062631
1967001	1968000	1967501	311.0	0.025261	0.023383
1968001	1969000	1968501	310.0	0.025777	0.018737
1969001	1970000	1969501	248.0	0.026292	-0.303192
1970001	1971000	1970501	334.0	0.026808	0.126316
1971001	1972000	1971501	364.0	0.027323	0.250407
1972001	1973000	1972501	324.0	0.027839	0.082462
1973001	1974000	1973501	240.0	0.028354	-0.350497
1974001	1975000	1974501	288.0	0.028870	-0.087463
1975001	1976000	1975501	237.0	0.029385	-0.368645
1976001	1977000	1976501	250.0	0.029901	-0.291604
1977001	1978000	1977501	294.0	0.030416	-0.057715
1978001	1979000	1978501	374.0	0.030932	0.289507
1979001	1980000	1979501	247.0	0.031447	-0.309021
1980001	1981000	1980501	270.0	0.031963	-0.180572
1981001	1982000	1981501	335.0	0.032479	0.130629
1982001	1983000	1982501	358.0	0.032994	0.226428
1983001	1984000	1983501	292.0	0.033510	-0.067563
1984001	1985000	1984501	261.0	0.034025	-0.229482
1985001	1986000	1985501	281.0	0.034541	-0.122962
1986001	1987000	1986501	276.0	0.035056	-0.148863
1987001	1988000	1987501	308.0	0.035572	0.009399
1988001	1989000	1988501	309.0	0.036087	0.014075
1989001	1990000	1989501	317.0	0.036603	0.050951
1990001	1991000	1990501	302.0	0.037118	-0.018983
1991001	1992000	1991501	297.0	0.037634	-0.043069
1992001	1993000	1992501	276.0	0.038149	-0.148863
1993001	1994000	1993501	285.0	0.038665	-0.102570
1994001	1995000	1994501	339.0	0.039180	0.147754
1995001	1996000	1995501	312.0	0.039696	0.028014
1996001	1997000	1996501	334.0	0.040212	0.126316
1997001	1998000	1997501	301.0	0.040727	-0.023768
1998001	1999000	1998501	371.0	0.041243	0.277888
1999001	2000000	1999501	440.0	0.041758	0.523972
2000001	2001000	2000501	258.0	0.042274	-0.246161
2001001	2002000	2001501	302.0	0.042789	-0.018983
2002001	2003000	2002501	248.0	0.043305	-0.303192
2003001	2004000	2003501	223.0	0.043820	-0.456488
2004001	2005000	2004501	259.0	0.044336	-0.240580
2005001	2006000	2005501	288.0	0.044851	-0.087463
2006001	2007000	2006501	265.0	0.045367	-0.207539
2007001	2008000	2007501	237.0	0.045882	-0.368645
2008001	2009000	2008501	367.0	0.046398	0.262248
2009001	2010000	2009501	385.0	0.046913	0.331327
2010001	2011000	2010501	242.0	0.047429	-0.338525
2011001	2012000	2011501	296.0	0.047944	-0.047934
2012001	2013000	2012501	361.0	0.048460	0.238467
2013001	2014000	2013501	382.0	0.048976	0.320041
2014001	2015000	2014501	374.0	0.049491	0.289507
2015001	2016000	2015501	267.0	0.050007	-0.196692
2016001	2017000	2016501	288.0	0.050522	-0.087463
2017001	2018000	2017501	296.0	0.051038	-0.047934
2018001	2019000	2018501	347.0	0.051553	0.181404
2019001	2020000	2019501	274.0	0.052069	-0.159356
2020001	2021000	2020501	268.0	0.052584	-0.191299
2021001	2022000	2021501	268.0	0.053100	-0.191299
2022001	2023000	2022501	228.0	0.053615	-0.424498
2023001	2024000	2023501	270.0	0.054131	-0.180572
2024001	2025000	2024501	275.0	0.054646	-0.154100
2025001	2026000	2025501	295.0	0.055162	-0.052817
2026001	2027000	2026501	314.0	0.055677	0.037233
2027001	2028000	2027501	318.0	0.056193	0.055495
2028001	2029000	2028501	287.0	0.056709	-0.092481
2029001	2030000	2029501	336.0	0.057224	0.134930
2030001	2031000	2030501	286.0	0.057740	-0.097517
2031001	2032000	2031501	266.0	0.058255	-0.202105
2032001	2033000	2032501	294.0	0.058771	-0.057715
2033001	2034000	2033501	330.0	0.059286	0.108934
2034001	2035000	2034501	324.0	0.059802	0.082462
2035001	2036000	2035501	278.0	0.060317	-0.138447
2036001	2037000	2036501	304.0	0.060833	-0.009460
2037001	2038000	2037501	305.0	0.061348	-0.004722
2038001	2039000	2038501	277.0	0.061864	-0.143646
2039001	2040000	2039501	326.0	0.062379	0.091340
2040001	2041000	2040501	254.0	0.062895	-0.268703
2041001	2042000	2041501	243.0	0.063410	-0.332575
2042001	2043000	2042501	238.0	0.063926	-0.362570
2043001	2044000	2043501	287.0	0.064442	-0.092481
2044001	2045000	2044501	320.0	0.064957	0.064540
2045001	2046000	2045501	349.0	0.065473	0.189695
2046001	2047000	2046501	303.0	0.065988	-0.014214
2047001	2048000	2047501	314.0	0.066504	0.037233
2048001	2049000	2048501	293.0	0.067019	-0.062631
2049001	2050000	2049501	435.0	0.067535	0.507484
2050001	2051000	2050501	490.0	0.068050	0.679250
2051001	2052000	2051501	351.0	0.068566	0.197939
2052001	2053000	2052501	461.0	0.069081	0.591235
2053001	2054000	2053501	480.0	0.069597	0.649503
2054001	2055000	2054501	423.0	0.070112	0.467126
2055001	2056000	2055501	450.0	0.070628	0.556393
2056001	2057000	2056501	464.0	0.071143	0.600593
2057001	2058000	2057501	369.0	0.071659	0.270089
2058001	2059000	2058501	360.0	0.072175	0.234465
2059001	2060000	2059501	270.0	0.072690	-0.180572
2060001	2061000	2060501	242.0	0.073206	-0.338525
2061001	2062000	2061501	272.0	0.073721	-0.169925
2062001	2063000	2062501	253.0	0.074237	-0.274394
2063001	2064000	2063501	292.0	0.074752	-0.067563
2064001	2065000	2064501	350.0	0.075268	0.193823
2065001	2066000	2065501	307.0	0.075783	0.004707
2066001	2067000	2066501	295.0	0.076299	-0.052817
2067001	2068000	2067501	366.0	0.076814	0.258312
2068001	2069000	2068501	341.0	0.077330	0.156240
2069001	2070000	2069501	315.0	0.077845	0.041820
2070001	2071000	2070501	272.0	0.078361	-0.169925
2071001	2072000	2071501	266.0	0.078876	-0.202105
2072001	2073000	2072501	363.0	0.079392	0.246438
2073001	2074000	2073501	380.0	0.079907	0.312468
2074001	2075000	2074501	342.0	0.080423	0.160465
2075001	2076000	2075501	352.0	0.080939	0.202044
2076001	2077000	2076501	311.0	0.081454	0.023383
2077001	2078000	2077501	351.0	0.081970	0.197939
2078001	2079000	2078501	341.0	0.082485	0.156240
2079001	2080000	2079501	325.0	0.083001	0.086908
2080001	2081000	2080501	318.0	0.083516	0.055495
2081001	2082000	2081501	289.0	0.084032	-0.082462
2082001	2083000	2082501	232.0	0.084547	-0.399407
2083001	2084000	2083501	268.0	0.085063	-0.191299
2084001	2085000	2084501	299.0	0.085578	-0.033386
2085001	2086000	2085501	292.0	0.086094	-0.067563
2086001	2087000	2086501	273.0	0.086609	-0.164631
2087001	2088000	2087501	283.0	0.087125	-0.112730
2088001	2089000	2088501	297.0	0.087640	-0.043069
2089001	2090000	2089501	269.0	0.088156	-0.185925
2090001	2091000	2090501	286.0	0.088672	-0.097517
2091001	2092000	2091501	268.0	0.089187	-0.191299
2092001	2093000	2092501	183.0	0.089703	-0.741688
2093001	2094000	2093501	295.0	0.090218	-0.052817
2094001	2095000	2094501	230.0	0.090734	-0.411898
2095001	2096000	2095501	260.0	0.091249	-0.235020
2096001	2097000	2096501	295.0	0.091765	-0.052817
2097001	2098000	2097501	331.0	0.092280	0.113300
2098001	2099000	2098501	359.0	0.092796	0.230452
2099001	2100000	2099501	347.0	0.093311	0.181404
2100001	2101000	2100501	286.0	0.093827	-0.097517
2101001	2102000	2101501	281.0	0.094342	-0.122962
2102001	2103000	2102501	264.0	0.094858	-0.212994
2103001	2104000	2103501	290.0	0.095373	-0.077479
2104001	2105000	2104501	260.0	0.095889	-0.235020
2105001	2106000	2105501	275.0	0.096405	-0.154100
2106001	2107000	2106501	278.0	0.096920	-0.138447
2107001	2108000	2107501	300.0	0.097436	-0.028569
2108001	2109000	2108501	317.0	0.097951	0.050951
2109001	2110000	2109501	270.0	0.098467	-0.180572
2110001	2111000	2110501	313.0	0.098982	0.032631
2111001	2112000	2111501	300.0	0.099498	-0.028569
2112001	2113000	2112501	317.0	0.100013	0.050951
2113001	2114000	2113501	381.0	0.100529	0.316259
2114001	2115000	2114501	296.0	0.101044	-0.047934
2115001	2116000	2115501	343.0	0.101560	0.164677
2116001	2117000	2116501	288.0	0.102075	-0.087463
2117001	2118000	2117501	308.0	0.102591	0.009399
2118001	2119000	2118501	252.0	0.103106	-0.280108
2119001	2120000	2119501	338.0	0.103622	0.143492
2120001	2121000	2120501	326.0	0.104138	0.091340
2121001	2122000	2121501	331.0	0.104653	0.113300
2122001	2123000	2122501	251.0	0.105169	-0.285844
2123001	2124000	2123501	301.0	0.105684	-0.023768
2124001	2125000	2124501	243.0	0.106200	-0.332575
2125001	2126000	2125501	301.0	0.106715	-0.023768
2126001	2127000	2126501	256.0	0.107231	-0.257388
2127001	2128000	2127501	307.0	0.107746	0.004707
2128001	2129000	2128501	384.0	0.108262	0.327575
2129001	2130000	2129501	285.0	0.108777	-0.102570
2130001	2131000	2130501	290.0	0.109293	-0.077479
2131001	2132000	2131501	422.0	0.109808	0.463711
2132001	2133000	2132501	380.0	0.110324	0.312468
2133001	2134000	2133501	326.0	0.110839	0.091340
2134001	2135000	2134501	204.0	0.111355	-0.584963
2135001	2136000	2135501	242.0	0.111870	-0.338525
2136001	2137000	2136501	284.0	0.112386	-0.107641
2137001	2138000	2137501	310.0	0.112902	0.018737
2138001	2139000	2138501	332.0	0.113417	0.117652
2139001	2140000	2139501	278.0	0.113933	-0.138447
2140001	2141000	2140501	326.0	0.114448	0.091340
2141001	2142000	2141501	275.0	0.114964	-0.154100
2142001	2143000	2142501	384.0	0.115479	0.327575
2143001	2144000	2143501	253.0	0.115995	-0.274394
2144001	2145000	2144501	250.0	0.116510	-0.291604
2145001	2146000	2145501	278.0	0.117026	-0.138447
2146001	2147000	2146501	265.0	0.117541	-0.207539
2147001	2148000	2147501	272.0	0.118057	-0.169925
2148001	2149000	2148501	228.0	0.118572	-0.424498
2149001	2150000	2149501	244.0	0.119088	-0.326651
2150001	2151000	2150501	304.0	0.119603	-0.009460
2151001	2152000	2151501	233.0	0.120119	-0.393202
2152001	2153000	2152501	283.0	0.120635	-0.112730
2153001	2154000	2153501	358.0	0.121150	0.226428
2154001	2155000	2154501	379.0	0.121666	0.308666
2155001	2156000	2155501	334.0	0.122181	0.126316
2156001	2157000	2156501	268.0	0.122697	-0.191299
2157001	2158000	2157501	319.0	0.123212	0.060025
2158001	2159000	2158501	369.0	0.123728	0.270089
2159001	2160000	2159501	284.0	0.124243	-0.107641
2160001	2161000	2160501	297.0	0.124759	-0.043069
2161001	2162000	2161501	307.0	0.125274	0.004707
2162001	2163000	2162501	290.0	0.125790	-0.077479
2163001	2164000	2163501	257.0	0.126305	-0.251763
2164001	2165000	2164501	280.0	0.126821	-0.128105
2165001	2166000	2165501	317.0	0.127336	0.050951
2166001	2167000	2166501	347.0	0.127852	0.181404
2167001	2168000	2167501	309.0	0.128368	0.014075
2168001	2169000	2168501	501.0	0.128883	0.711279
2169001	2170000	2169501	403.0	0.129399	0.397248
2170001	2171000	2170501	371.0	0.129914	0.277888
2171001	2172000	2171501	403.0	0.130430	0.397248
2172001	2173000	2172501	381.0	0.130945	0.316259
2173001	2174000	2173501	443.0	0.131461	0.533775
2174001	2175000	2174501	330.0	0.131976	0.108934
2175001	2176000	2175501	349.0	0.132492	0.189695
2176001	2177000	2176501	276.0	0.133007	-0.148863
2177001	2178000	2177501	240.0	0.133523	-0.350497
2178001	2179000	2178501	306.0	0.134038	0.000000
2179001	2180000	2179501	255.0	0.134554	-0.263034
2180001	2181000	2180501	274.0	0.135069	-0.159356
2181001	2182000	2181501	334.0	0.135585	0.126316
2182001	2183000	2182501	291.0	0.136101	-0.072512
2183001	2184000	2183501	263.0	0.136616	-0.218469
2184001	2185000	2184501	249.0	0.137132	-0.297386
2185001	2186000	2185501	282.0	0.137647	-0.117836
2186001	2187000	2186501	319.0	0.138163	0.060025
2187001	2188000	2187501	329.0	0.138678	0.104556
2188001	2189000	2188501	321.0	0.139194	0.069042
2189001	2190000	2189501	300.0	0.139709	-0.028569
2190001	2191000	2190501	290.0	0.140225	-0.077479
2191001	2192000	2191501	353.0	0.140740	0.206137
2192001	2193000	2192501	269.0	0.141256	-0.185925
2193001	2194000	2193501	293.0	0.141771	-0.062631
2194001	2195000	2194501	288.0	0.142287	-0.087463
2195001	2196000	2195501	269.0	0.142802	-0.185925
2196001	2197000	2196501	319.0	0.143318	0.060025
2197001	2198000	2197501	277.0	0.143833	-0.143646
2198001	2199000	2198501	381.0	0.144349	0.316259
2199001	2200000	2199501	245.0	0.144865	-0.320750
2200001	2201000	2200501	257.0	0.145380	-0.251763
2201001	2202000	2201501	295.0	0.145896	-0.052817
2202001	2203000	2202501	309.0	0.146411	0.014075
2203001	2204000	2203501	327.0	0.146927	0.095759
2204001	2205000	2204501	348.0	0.147442	0.185556
2205001	2206000	2205501	371.0	0.147958	0.277888
2206001	2207000	2206501	330.0	0.148473	0.108934
2207001	2208000	2207501	356.0	0.148989	0.218346
2208001	2209000	2208501	370.0	0.149504	0.273994
2209001	2210000	2209501	249.0	0.150020	-0.297386
2210001	2211000	2210501	264.0	0.150535	-0.212994
2211001	2212000	2211501	323.0	0.151051	0.078003
2212001	2213000	2212501	285.0	0.151566	-0.102570
2213001	2214000	2213501	282.0	0.152082	-0.117836
2214001	2215000	2214501	262.0	0.152598	-0.223965
2215001	2216000	2215501	251.0	0.153113	-0.285844
2216001	2217000	2216501	278.0	0.153629	-0.138447
2217001	2218000	2217501	245.0	0.154144	-0.320750
2218001	2219000	2218501	271.0	0.154660	-0.175239
2219001	2220000	2219501	296.0	0.155175	-0.047934
2220001	2221000	2220501	285.0	0.155691	-0.102570
2221001	2222000	2221501	398.0	0.156206	0.379237
2222001	2223000	2222501	361.0	0.156722	0.238467
2223001	2224000	2223501	322.0	0.157237	0.073529
2224001	2225000	2224501	314.0	0.157753	0.037233
2225001	2226000	2225501	306.0	0.158268	0.000000
2226001	2227000	2226501	326.0	0.158784	0.091340
2227001	2228000	2227501	312.0	0.159299	0.028014
2228001	2229000	2228501	296.0	0.159815	-0.047934
2229001	2230000	2229501	284.0	0.160331	-0.107641
2230001	2231000	2230501	279.0	0.160846	-0.133267
2231001	2232000	2231501	267.0	0.161362	-0.196692
2232001	2233000	2232501	237.0	0.161877	-0.368645
2233001	2234000	2233501	337.0	0.162393	0.139217
2234001	2235000	2234501	331.0	0.162908	0.113300
2235001	2236000	2235501	258.0	0.163424	-0.246161
2236001	2237000	2236501	265.0	0.163939	-0.207539
2237001	2238000	2237501	309.0	0.164455	0.014075
2238001	2239000	2238501	292.0	0.164970	-0.067563
2239001	2240000	2239501	275.0	0.165486	-0.154100
2240001	2241000	2240501	306.0	0.166001	0.000000
2241001	2242000	2241501	274.0	0.166517	-0.159356
2242001	2243000	2242501	337.0	0.167032	0.139217
2243001	2244000	2243501	376.0	0.167548	0.297201
2244001	2245000	2244501	359.0	0.168064	0.230452
2245001	2246000	2245501	287.0	0.168579	-0.092481
2246001	2247000	2246501	279.0	0.169095	-0.133267
2247001	2248000	2247501	275.0	0.169610	-0.154100
2248001	2249000	2248501	247.0	0.170126	-0.309021
2249001	2250000	2249501	279.0	0.170641	-0.133267
2250001	2251000	2250501	299.0	0.171157	-0.033386
2251001	2252000	2251501	282.0	0.171672	-0.117836
2252001	2253000	2252501	274.0	0.172188	-0.159356
2253001	2254000	2253501	319.0	0.172703	0.060025
2254001	2255000	2254501	319.0	0.173219	0.060025
2255001	2256000	2255501	286.0	0.173734	-0.097517
2256001	2257000	2256501	350.0	0.174250	0.193823
2257001	2258000	2257501	397.0	0.174765	0.375607
2258001	2259000	2258501	323.0	0.175281	0.078003
2259001	2260000	2259501	414.0	0.175796	0.436099
2260001	2261000	2260501	343.0	0.176312	0.164677
2261001	2262000	2261501	300.0	0.176828	-0.028569
2262001	2263000	2262501	337.0	0.177343	0.139217
2263001	2264000	2263501	340.0	0.177859	0.152003
2264001	2265000	2264501	335.0	0.178374	0.130629
2265001	2266000	2265501	354.0	0.178890	0.210218
2266001	2267000	2266501	407.0	0.179405	0.411497
2267001	2268000	2267501	276.0	0.179921	-0.148863
2268001	2269000	2268501	322.0	0.180436	0.073529
2269001	2270000	2269501	338.0	0.180952	0.143492
2270001	2271000	2270501	333.0	0.181467	0.121991
2271001	2272000	2271501	304.0	0.181983	-0.009460
2272001	2273000	2272501	303.0	0.182498	-0.014214
2273001	2274000	2273501	264.0	0.183014	-0.212994
2274001	2275000	2274501	225.0	0.183529	-0.443607
2275001	2276000	2275501	241.0	0.184045	-0.344499
2276001	2277000	2276501	313.0	0.184561	0.032631
2277001	2278000	2277501	306.0	0.185076	0.000000
2278001	2279000	2278501	298.0	0.185592	-0.038219
2279001	2280000	2279501	353.0	0.186107	0.206137
2280001	2281000	2280501	345.0	0.186623	0.173065
2281001	2282000	2281501	300.0	0.187138	-0.028569
2282001	2283000	2282501	260.0	0.187654	-0.235020
2283001	2284000	2283501	315.0	0.188169	0.041820
2284001	2285000	2284501	317.0	0.188685	0.050951
2285001	2286000	2285501	314.0	0.189200	0.037233
2286001	2287000	2286501	331.0	0.189716	0.113300
2287001	2288000	2287501	303.0	0.190231	-0.014214
2288001	2289000	2288501	300.0	0.190747	-0.028569
2289001	2290000	2289501	286.0	0.191262	-0.097517
2290001	2291000	2290501	328.0	0.191778	0.100164
2291001	2292000	2291501	319.0	0.192294	0.060025
2292001	2293000	2292501	313.0	0.192809	0.032631
2293001	2294000	2293501	317.0	0.193325	0.050951
2294001	2295000	2294501	314.0	0.193840	0.037233
2295001	2296000	2295501	305.0	0.194356	-0.004722
2296001	2297000	2296501	344.0	0.194871	0.168877
2297001	2298000	2297501	301.0	0.195387	-0.023768
2298001	2299000	2298501	335.0	0.195902	0.130629
2299001	2300000	2299501	360.0	0.196418	0.234465
2300001	2301000	2300501	321.0	0.196933	0.069042
2301001	2302000	2301501	295.0	0.197449	-0.052817
2302001	2303000	2302501	296.0	0.197964	-0.047934
2303001	2304000	2303501	321.0	0.198480	0.069042
2304001	2305000	2304501	225.0	0.198995	-0.443607
2305001	2306000	2305501	209.0	0.199511	-0.550029
2306001	2307000	2306501	262.0	0.200026	-0.223965
2307001	2308000	2307501	245.0	0.200542	-0.320750
2308001	2309000	2308501	334.0	0.201058	0.126316
2309001	2310000	2309501	309.0	0.201573	0.014075
2310001	2311000	2310501	284.0	0.202089	-0.107641
2311001	2312000	2311501	309.0	0.202604	0.014075
2312001	2313000	2312501	344.0	0.203120	0.168877
2313001	2314000	2313501	368.0	0.203635	0.266174
2314001	2315000	2314501	368.0	0.204151	0.266174
2315001	2316000	2315501	450.0	0.204666	0.556393
2316001	2317000	2316501	339.0	0.205182	0.147754
2317001	2318000	2317501	268.0	0.205697	-0.191299
2318001	2319000	2318501	229.0	0.206213	-0.418184
2319001	2320000	2319501	287.0	0.206728	-0.092481
2320001	2321000	2320501	328.0	0.207244	0.100164
2321001	2322000	2321501	283.0	0.207759	-0.112730
2322001	2323000	2322501	291.0	0.208275	-0.072512
2323001	2324000	2323501	327.0	0.208791	0.095759
2324001	2325000	2324501	340.0	0.209306	0.152003
2325001	2326000	2325501	336.0	0.209822	0.134930
2326001	2327000	2326501	349.0	0.210337	0.189695
2327001	2328000	2327501	260.0	0.210853	-0.235020
2328001	2329000	2328501	295.0	0.211368	-0.052817
2329001	2330000	2329501	356.0	0.211884	0.218346
2330001	2331000	2330501	311.0	0.212399	0.023383
2331001	2332000	2331501	271.0	0.212915	-0.175239
2332001	2333000	2332501	299.0	0.213430	-0.033386
2333001	2334000	2333501	305.0	0.213946	-0.004722
2334001	2335000	2334501	242.0	0.214461	-0.338525
2335001	2336000	2335501	239.0	0.214977	-0.356521
2336001	2337000	2336501	318.0	0.215492	0.055495
2337001	2338000	2337501	264.0	0.216008	-0.212994
2338001	2339000	2338501	271.0	0.216524	-0.175239
2339001	2340000	2339501	294.0	0.217039	-0.057715
2340001	2341000	2340501	278.0	0.217555	-0.138447
2341001	2342000	2341501	277.0	0.218070	-0.143646
2342001	2343000	2342501	312.0	0.218586	0.028014
2343001	2344000	2343501	285.0	0.219101	-0.102570
2344001	2345000	2344501	290.0	0.219617	-0.077479
2345001	2346000	2345501	262.0	0.220132	-0.223965
2346001	2347000	2346501	269.0	0.220648	-0.185925
2347001	2348000	2347501	346.0	0.221163	0.177240
2348001	2349000	2348501	352.0	0.221679	0.202044
2349001	2350000	2349501	310.0	0.222194	0.018737
2350001	2351000	2350501	314.0	0.222710	0.037233
2351001	2352000	2351501	299.0	0.223225	-0.033386
2352001	2353000	2352501	360.0	0.223741	0.234465
2353001	2354000	2353501	294.0	0.224257	-0.057715
2354001	2355000	2354501	317.0	0.224772	0.050951
2355001	2356000	2355501	301.0	0.225288	-0.023768
2356001	2357000	2356501	339.0	0.225803	0.147754
2357001	2358000	2357501	282.0	0.226319	-0.117836
2358001	2359000	2358501	260.0	0.226834	-0.235020
2359001	2360000	2359501	294.0	0.227350	-0.057715
2360001	2361000	2360501	297.0	0.227865	-0.043069
2361001	2362000	2361501	257.0	0.228381	-0.251763
2362001	2363000	2362501	251.0	0.228896	-0.285844
2363001	2364000	2363501	274.0	0.229412	-0.159356
2364001	2365000	2364501	268.0	0.229927	-0.191299
2365001	2366000	2365501	207.0	0.230443	-0.563901
2366001	2367000	2366501	231.0	0.230958	-0.405639
2367001	2368000	2367501	256.0	0.231474	-0.257388
2368001	2369000	2368501	279.0	0.231989	-0.133267
2369001	2370000	2369501	299.0	0.232505	-0.033386
2370001	2371000	2370501	263.0	0.233021	-0.218469
2371001	2372000	2371501	313.0	0.233536	0.032631
2372001	2373000	2372501	248.0	0.234052	-0.303192
2373001	2374000	2373501	280.0	0.234567	-0.128105
2374001	2375000	2374501	309.0	0.235083	0.014075
2375001	2376000	2375501	315.0	0.235598	0.041820
2376001	2377000	2376501	352.0	0.236114	0.202044
2377001	2378000	2377501	368.0	0.236629	0.266174
2378001	2379000	2378501	362.0	0.237145	0.242458
2379001	2380000	2379501	326.0	0.237660	0.091340
2380001	2381000	2380501	326.0	0.238176	0.091340
2381001	2382000	2381501	341.0	0.238691	0.156240
2382001	2383000	2382501	368.0	0.239207	0.266174
2383001	2384000	2383501	381.0	0.239722	0.316259
2384001	2385000	2384501	266.0	0.240238	-0.202105
2385001	2386000	2385501	297.0	0.240754	-0.043069
2386001	2387000	2386501	288.0	0.241269	-0.087463
2387001	2388000	2387501	320.0	0.241785	0.064540
2388001	2389000	2388501	313.0	0.242300	0.032631
2389001	2390000	2389501	334.0	0.242816	0.126316
2390001	2391000	2390501	324.0	0.243331	0.082462
2391001	2392000	2391501	313.0	0.243847	0.032631
2392001	2393000	2392501	387.0	0.244362	0.338802
2393001	2394000	2393501	354.0	0.244878	0.210218
2394001	2395000	2394501	386.0	0.245393	0.335069
2395001	2396000	2395501	358.0	0.245909	0.226428
2396001	2397000	2396501	323.0	0.246424	0.078003
2397001	2398000	2397501	347.0	0.246940	0.181404
2398001	2399000	2398501	345.0	0.247455	0.173065
2399001	2400000	2399501	321.0	0.247971	0.069042
2400001	2401000	2400501	313.0	0.248487	0.032631
2401001	2402000	2401501	322.0	0.249002	0.073529
2402001	2403000	2402501	302.0	0.249518	-0.018983
2403001	2404000	2403501	271.0	0.250033	-0.175239
2404001	2405000	2404501	254.0	0.250549	-0.268703
2405001	2406000	2405501	310.0	0.251064	0.018737
2406001	2407000	2406501	350.0	0.251580	0.193823
2407001	2408000	2407501	275.0	0.252095	-0.154100
2408001	2409000	2408501	376.0	0.252611	0.297201
2409001	2410000	2409501	300.0	0.253126	-0.028569
2410001	2411000	2410501	293.0	0.253642	-0.062631
2411001	2412000	2411501	311.0	0.254157	0.023383
2412001	2413000	2412501	278.0	0.254673	-0.138447
2413001	2414000	2413501	328.0	0.255188	0.100164
2414001	2415000	2414501	391.0	0.255704	0.353637
2415001	2416000	2415501	352.0	0.256220	0.202044
2416001	2417000	2416501	224.0	0.256735	-0.450033
2417001	2418000	2417501	390.0	0.257251	0.349942
2418001	2419000	2418501	278.0	0.257766	-0.138447
2419001	2420000	2419501	250.0	0.258282	-0.291604
2420001	2421000	2420501	344.0	0.258797	0.168877
2421001	2422000	2421501	378.0	0.259313	0.304855
2422001	2423000	2422501	280.0	0.259828	-0.128105
2423001	2424000	2423501	314.0	0.260344	0.037233
2424001	2425000	2424501	287.0	0.260859	-0.092481
2425001	2426000	2425501	305.0	0.261375	-0.004722
2426001	2427000	2426501	278.0	0.261890	-0.138447
2427001	2428000	2427501	286.0	0.262406	-0.097517
2428001	2429000	2428501	256.0	0.262921	-0.257388
2429001	2430000	2429501	308.0	0.263437	0.009399
2430001	2431000	2430501	255.0	0.263952	-0.263034
2431001	2432000	2431501	283.0	0.264468	-0.112730
2432001	2433000	2432501	355.0	0.264984	0.214287
2433001	2434000	2433501	359.0	0.265499	0.230452
2434001	2435000	2434501	314.0	0.266015	0.037233
2435001	2436000	2435501	344.0	0.266530	0.168877
2436001	2437000	2436501	302.0	0.267046	-0.018983
2437001	2438000	2437501	289.0	0.267561	-0.082462
2438001	2439000	2438501	271.0	0.268077	-0.175239
2439001	2440000	2439501	299.0	0.268592	-0.033386
2440001	2441000	2440501	292.0	0.269108	-0.067563
2441001	2442000	2441501	287.0	0.269623	-0.092481
2442001	2443000	2442501	268.0	0.270139	-0.191299
2443001	2444000	2443501	366.0	0.270654	0.258312
2444001	2445000	2444501	359.0	0.271170	0.230452
2445001	2446000	2445501	334.0	0.271685	0.126316
2446001	2447000	2446501	402.0	0.272201	0.393664
2447001	2448000	2447501	412.0	0.272717	0.429113
2448001	2449000	2448501	265.0	0.273232	-0.207539
2449001	2450000	2449501	351.0	0.273748	0.197939
2450001	2451000	2450501	312.0	0.274263	0.028014
2451001	2452000	2451501	223.0	0.274779	-0.456488
2452001	2453000	2452501	342.0	0.275294	0.160465
2453001	2454000	2453501	405.0	0.275810	0.404390
2454001	2455000	2454501	408.0	0.276325	0.415037
2455001	2456000	2455501	413.0	0.276841	0.432610
2456001	2457000	2456501	394.0	0.277356	0.364664
2457001	2458000	2457501	302.0	0.277872	-0.018983
2458001	2459000	2458501	310.0	0.278387	0.018737
2459001	2460000	2459501	398.0	0.278903	0.379237
2460001	2461000	2460501	353.0	0.279418	0.206137
2461001	2462000	2461501	364.0	0.279934	0.250407
2462001	2463000	2462501	392.0	0.280450	0.357322
2463001	2464000	2463501	500.0	0.280965	0.708396
2464001	2465000	2464501	499.0	0.281481	0.705508
2465001	2466000	2465501	389.0	0.281996	0.346239
2466001	2467000	2466501	404.0	0.282512	0.400824
2467001	2468000	2467501	347.0	0.283027	0.181404
2468001	2469000	2468501	337.0	0.283543	0.139217
2469001	2470000	2469501	310.0	0.284058	0.018737
2470001	2471000	2470501	290.0	0.284574	-0.077479
2471001	2472000	2471501	312.0	0.285089	0.028014
2472001	2473000	2472501	322.0	0.285605	0.073529
2473001	2474000	2473501	337.0	0.286120	0.139217
2474001	2475000	2474501	436.0	0.286636	0.510796
2475001	2476000	2475501	394.0	0.287151	0.364664
2476001	2477000	2476501	283.0	0.287667	-0.112730
2477001	2478000	2477501	319.0	0.288183	0.060025
2478001	2479000	2478501	303.0	0.288698	-0.014214
2479001	2480000	2479501	364.0	0.289214	0.250407
2480001	2481000	2480501	367.0	0.289729	0.262248
2481001	2482000	2481501	404.0	0.290245	0.400824
2482001	2483000	2482501	355.0	0.290760	0.214287
2483001	2484000	2483501	386.0	0.291276	0.335069
2484001	2485000	2484501	288.0	0.291791	-0.087463
2485001	2486000	2485501	273.0	0.292307	-0.164631
2486001	2487000	2486501	344.0	0.292822	0.168877
2487001	2488000	2487501	300.0	0.293338	-0.028569
2488001	2489000	2488501	311.0	0.293853	0.023383
2489001	2490000	2489501	287.0	0.294369	-0.092481
2490001	2491000	2490501	302.0	0.294884	-0.018983
2491001	2492000	2491501	324.0	0.295400	0.082462
2492001	2493000	2492501	397.0	0.295915	0.375607
2493001	2494000	2493501	316.0	0.296431	0.046393
2494001	2495000	2494501	348.0	0.296947	0.185556
2495001	2496000	2495501	409.0	0.297462	0.418569
2496001	2497000	2496501	479.0	0.297978	0.646494
2497001	2498000	2497501	428.0	0.298493	0.484079
2498001	2499000	2498501	449.0	0.299009	0.553184
2499001	2500000	2499501	328.0	0.299524	0.100164
2500001	2501000	2500501	351.0	0.300040	0.197939
2501001	2502000	2501501	346.0	0.300555	0.177240
2502001	2503000	2502501	247.0	0.301071	-0.309021
2503001	2504000	2503501	229.0	0.301586	-0.418184
2504001	2505000	2504501	239.0	0.302102	-0.356521
2505001	2506000	2505501	277.0	0.302617	-0.143646
2506001	2507000	2506501	312.0	0.303133	0.028014
2507001	2508000	2507501	320.0	0.303648	0.064540
2508001	2509000	2508501	283.0	0.304164	-0.112730
2509001	2510000	2509501	235.0	0.304680	-0.380871
2510001	2511000	2510501	321.0	0.305195	0.069042
2511001	2512000	2511501	318.0	0.305711	0.055495
2512001	2513000	2512501	263.0	0.306226	-0.218469
2513001	2514000	2513501	273.0	0.306742	-0.164631
2514001	2515000	2514501	338.0	0.307257	0.143492
2515001	2516000	2515501	328.0	0.307773	0.100164
2516001	2517000	2516501	314.0	0.308288	0.037233
2517001	2518000	2517501	357.0	0.308804	0.222392
2518001	2519000	2518501	415.0	0.309319	0.439580
2519001	2520000	2519501	502.0	0.309835	0.714156
2520001	2521000	2520501	453.0	0.310350	0.565979
2521001	2522000	2521501	457.0	0.310866	0.578663
2522001	2523000	2522501	497.0	0.311381	0.699714
2523001	2524000	2523501	415.0	0.311897	0.439580
2524001	2525000	2524501	454.0	0.312413	0.569161
2525001	2526000	2525501	508.0	0.312928	0.731297
2526001	2527000	2526501	426.0	0.313444	0.477322
2527001	2528000	2527501	344.0	0.313959	0.168877
2528001	2529000	2528501	283.0	0.314475	-0.112730
2529001	2530000	2529501	249.0	0.314990	-0.297386
2530001	2531000	2530501	296.0	0.315506	-0.047934
2531001	2532000	2531501	272.0	0.316021	-0.169925
2532001	2533000	2532501	202.0	0.316537	-0.599176
2533001	2534000	2533501	309.0	0.317052	0.014075
2534001	2535000	2534501	351.0	0.317568	0.197939
2535001	2536000	2535501	319.0	0.318083	0.060025
2536001	2537000	2536501	241.0	0.318599	-0.344499
2537001	2538000	2537501	285.0	0.319114	-0.102570
2538001	2539000	2538501	390.0	0.319630	0.349942
2539001	2540000	2539501	459.0	0.320146	0.584963
2540001	2541000	2540501	458.0	0.320661	0.581816
2541001	2542000	2541501	232.0	0.321177	-0.399407
2542001	2543000	2542501	258.0	0.321692	-0.246161
2543001	2544000	2543501	368.0	0.322208	0.266174
2544001	2545000	2544501	319.0	0.322723	0.060025
2545001	2546000	2545501	333.0	0.323239	0.121991
2546001	2547000	2546501	314.0	0.323754	0.037233
2547001	2548000	2547501	328.0	0.324270	0.100164
2548001	2549000	2548501	297.0	0.324785	-0.043069
2549001	2550000	2549501	296.0	0.325301	-0.047934
2550001	2551000	2550501	294.0	0.325816	-0.057715
2551001	2552000	2551501	257.0	0.326332	-0.251763
2552001	2553000	2552501	258.0	0.326847	-0.246161
2553001	2554000	2553501	278.0	0.327363	-0.138447
2554001	2555000	2554501	361.0	0.327878	0.238467
2555001	2556000	2555501	298.0	0.328394	-0.038219
2556001	2557000	2556501	257.0	0.328910	-0.251763
2557001	2558000	2557501	282.0	0.329425	-0.117836
2558001	2559000	2558501	283.0	0.329941	-0.112730
2559001	2560000	2559501	332.0	0.330456	0.117652
2560001	2561000	2560501	291.0	0.330972	-0.072512
2561001	2562000	2561501	307.0	0.331487	0.004707
2562001	2563000	2562501	385.0	0.332003	0.331327
2563001	2564000	2563501	296.0	0.332518	-0.047934
2564001	2565000	2564501	218.0	0.333034	-0.489204
2565001	2566000	2565501	291.0	0.333549	-0.072512
2566001	2567000	2566501	318.0	0.334065	0.055495
2567001	2568000	2567501	279.0	0.334580	-0.133267
2568001	2569000	2568501	328.0	0.335096	0.100164
2569001	2570000	2569501	304.0	0.335611	-0.009460
2570001	2571000	2570501	264.0	0.336127	-0.212994
2571001	2572000	2571501	281.0	0.336643	-0.122962
2572001	2573000	2572501	258.0	0.337158	-0.246161
2573001	2574000	2573501	236.0	0.337674	-0.374745
2574001	2575000	2574501	296.0	0.338189	-0.047934
2575001	2576000	2575501	286.0	0.338705	-0.097517
2576001	2577000	2576501	277.0	0.339220	-0.143646
2577001	2578000	2577501	263.0	0.339736	-0.218469
2578001	2579000	2578501	274.0	0.340251	-0.159356
2579001	2580000	2579501	317.0	0.340767	0.050951
2580001	2581000	2580501	281.0	0.341282	-0.122962
2581001	2582000	2581501	342.0	0.341798	0.160465
2582001	2583000	2582501	269.0	0.342313	-0.185925
2583001	2584000	2583501	265.0	0.342829	-0.207539
2584001	2585000	2584501	307.0	0.343344	0.004707
2585001	2586000	2585501	304.0	0.343860	-0.009460
2586001	2587000	2586501	250.0	0.344376	-0.291604
2587001	2588000	2587501	245.0	0.344891	-0.320750
2588001	2589000	2588501	262.0	0.345407	-0.223965
2589001	2590000	2589501	271.0	0.345922	-0.175239
2590001	2591000	2590501	352.0	0.346438	0.202044
2591001	2592000	2591501	367.0	0.346953	0.262248
2592001	2593000	2592501	280.0	0.347469	-0.128105
2593001	2594000	2593501	305.0	0.347984	-0.004722
2594001	2595000	2594501	288.0	0.348500	-0.087463
2595001	2596000	2595501	295.0	0.349015	-0.052817
2596001	2597000	2596501	341.0	0.349531	0.156240
2597001	2598000	2597501	310.0	0.350046	0.018737
2598001	2599000	2598501	249.0	0.350562	-0.297386
2599001	2600000	2599501	371.0	0.351077	0.277888
2600001	2601000	2600501	276.0	0.351593	-0.148863
2601001	2602000	2601501	290.0	0.352109	-0.077479
2602001	2603000	2602501	332.0	0.352624	0.117652
2603001	2604000	2603501	346.0	0.353140	0.177240
2604001	2605000	2604501	303.0	0.353655	-0.014214
2605001	2606000	2605501	293.0	0.354171	-0.062631
2606001	2607000	2606501	294.0	0.354686	-0.057715
2607001	2608000	2607501	217.0	0.355202	-0.495837
2608001	2609000	2608501	287.0	0.355717	-0.092481
2609001	2610000	2609501	349.0	0.356233	0.189695
2610001	2611000	2610501	250.0	0.356748	-0.291604
2611001	2612000	2611501	354.0	0.357264	0.210218
2612001	2613000	2612501	326.0	0.357779	0.091340
2613001	2614000	2613501	239.0	0.358295	-0.356521
2614001	2615000	2614501	288.0	0.358810	-0.087463
2615001	2616000	2615501	322.0	0.359326	0.073529
2616001	2617000	2616501	266.0	0.359841	-0.202105
2617001	2618000	2617501	314.0	0.360357	0.037233
2618001	2619000	2618501	325.0	0.360873	0.086908
2619001	2620000	2619501	319.0	0.361388	0.060025
2620001	2621000	2620501	369.0	0.361904	0.270089
2621001	2622000	2621501	287.0	0.362419	-0.092481
2622001	2623000	2622501	283.0	0.362935	-0.112730
2623001	2624000	2623501	289.0	0.363450	-0.082462
2624001	2625000	2624501	252.0	0.363966	-0.280108
2625001	2626000	2625501	238.0	0.364481	-0.362570
2626001	2627000	2626501	273.0	0.364997	-0.164631
2627001	2628000	2627501	348.0	0.365512	0.185556
2628001	2629000	2628501	337.0	0.366028	0.139217
2629001	2630000	2629501	292.0	0.366543	-0.067563
2630001	2631000	2630501	345.0	0.367059	0.173065
2631001	2632000	2631501	265.0	0.367574	-0.207539
2632001	2633000	2632501	371.0	0.368090	0.277888
2633001	2634000	2633501	309.0	0.368606	0.014075
2634001	2635000	2634501	281.0	0.369121	-0.122962
2635001	2636000	2635501	287.0	0.369637	-0.092481
2636001	2637000	2636501	371.0	0.370152	0.277888
2637001	2638000	2637501	297.0	0.370668	-0.043069
2638001	2639000	2638501	322.0	0.371183	0.073529
2639001	2640000	2639501	331.0	0.371699	0.113300
2640001	2641000	2640501	342.0	0.372214	0.160465
2641001	2642000	2641501	326.0	0.372730	0.091340
2642001	2643000	2642501	311.0	0.373245	0.023383
2643001	2644000	2643501	269.0	0.373761	-0.185925
2644001	2645000	2644501	354.0	0.374276	0.210218
2645001	2646000	2645501	358.0	0.374792	0.226428
2646001	2647000	2646501	324.0	0.375307	0.082462
2647001	2648000	2647501	362.0	0.375823	0.242458
2648001	2649000	2648501	288.0	0.376339	-0.087463
2649001	2650000	2649501	276.0	0.376854	-0.148863
2650001	2651000	2650501	360.0	0.377370	0.234465
2651001	2652000	2651501	299.0	0.377885	-0.033386
2652001	2653000	2652501	370.0	0.378401	0.273994
2653001	2654000	2653501	311.0	0.378916	0.023383
2654001	2655000	2654501	281.0	0.379432	-0.122962
2655001	2656000	2655501	350.0	0.379947	0.193823
2656001	2657000	2656501	439.0	0.380463	0.520689
2657001	2658000	2657501	373.0	0.380978	0.285644
2658001	2659000	2658501	334.0	0.381494	0.126316
2659001	2660000	2659501	340.0	0.382009	0.152003
2660001	2661000	2660501	340.0	0.382525	0.152003
2661001	2662000	2661501	284.0	0.383040	-0.107641
2662001	2663000	2662501	232.0	0.383556	-0.399407
2663001	2664000	2663501	222.0	0.384071	-0.462972
2664001	2665000	2664501	275.0	0.384587	-0.154100
2665001	2666000	2665501	265.0	0.385103	-0.207539
2666001	2667000	2666501	275.0	0.385618	-0.154100
2667001	2668000	2667501	297.0	0.386134	-0.043069
2668001	2669000	2668501	292.0	0.386649	-0.067563
2669001	2670000	2669501	290.0	0.387165	-0.077479
2670001	2671000	2670501	298.0	0.387680	-0.038219
2671001	2672000	2671501	246.0	0.388196	-0.314873
2672001	2673000	2672501	299.0	0.388711	-0.033386
2673001	2674000	2673501	315.0	0.389227	0.041820
2674001	2675000	2674501	319.0	0.389742	0.060025
2675001	2676000	2675501	340.0	0.390258	0.152003
2676001	2677000	2676501	306.0	0.390773	0.000000
2677001	2678000	2677501	305.0	0.391289	-0.004722
2678001	2679000	2678501	297.0	0.391804	-0.043069
2679001	2680000	2679501	292.0	0.392320	-0.067563
2680001	2681000	2680501	349.0	0.392836	0.189695
2681001	2682000	2681501	336.0	0.393351	0.134930
2682001	2683000	2682501	292.0	0.393867	-0.067563
2683001	2684000	2683501	349.0	0.394382	0.189695
2684001	2685000	2684501	293.0	0.394898	-0.062631
2685001	2686000	2685501	338.0	0.395413	0.143492
2686001	2687000	2686501	224.0	0.395929	-0.450033
2687001	2688000	2687501	261.0	0.396444	-0.229482
2688001	2689000	2688501	294.0	0.396960	-0.057715
2689001	2690000	2689501	332.0	0.397475	0.117652
2690001	2691000	2690501	330.0	0.397991	0.108934
2691001	2692000	2691501	341.0	0.398506	0.156240
2692001	2693000	2692501	382.0	0.399022	0.320041
2693001	2694000	2693501	354.0	0.399537	0.210218
2694001	2695000	2694501	336.0	0.400053	0.134930
2695001	2696000	2695501	418.0	0.400569	0.449971
2696001	2697000	2696501	326.0	0.401084	0.091340
2697001	2698000	2697501	274.0	0.401600	-0.159356
2698001	2699000	2698501	260.0	0.402115	-0.235020
2699001	2700000	2699501	281.0	0.402631	-0.122962
2700001	2701000	2700501	255.0	0.403146	-0.263034
2701001	2702000	2701501	335.0	0.403662	0.130629
2702001	2703000	2702501	285.0	0.404177	-0.102570
2703001	2704000	2703501	242.0	0.404693	-0.338525
2704001	2705000	2704501	362.0	0.405208	0.242458
2705001	2706000	2705501	277.0	0.405724	-0.143646
2706001	2707000	2706501	198.0	0.406239	-0.628031
2707001	2708000	2707501	304.0	0.406755	-0.009460
2708001	2709000	2708501	265.0	0.407270	-0.207539
2709001	2710000	2709501	232.0	0.407786	-0.399407
2710001	2711000	2710501	296.0	0.408302	-0.047934
2711001	2712000	2711501	263.0	0.408817	-0.218469
2712001	2713000	2712501	274.0	0.409333	-0.159356
2713001	2714000	2713501	296.0	0.409848	-0.047934
2714001	2715000	2714501	278.0	0.410364	-0.138447
2715001	2716000	2715501	269.0	0.410879	-0.185925
2716001	2717000	2716501	301.0	0.411395	-0.023768
2717001	2718000	2717501	345.0	0.411910	0.173065
2718001	2719000	2718501	286.0	0.412426	-0.097517
2719001	2720000	2719501	306.0	0.412941	0.000000
2720001	2721000	2720501	347.0	0.413457	0.181404
2721001	2722000	2721501	316.0	0.413972	0.046393
2722001	2723000	2722501	293.0	0.414488	-0.062631
2723001	2724000	2723501	285.0	0.415003	-0.102570
2724001	2725000	2724501	264.0	0.415519	-0.212994
2725001	2726000	2725501	244.0	0.416034	-0.326651
2726001	2727000	2726501	304.0	0.416550	-0.009460
2727001	2728000	2727501	297.0	0.417066	-0.043069
2728001	2729000	2728501	341.0	0.417581	0.156240
2729001	2730000	2729501	400.0	0.418097	0.386468
2730001	2731000	2730501	274.0	0.418612	-0.159356
2731001	2732000	2731501	267.0	0.419128	-0.196692
2732001	2733000	2732501	341.0	0.419643	0.156240
2733001	2734000	2733501	251.0	0.420159	-0.285844
2734001	2735000	2734501	321.0	0.420674	0.069042
2735001	2736000	2735501	323.0	0.421190	0.078003
2736001	2737000	2736501	500.0	0.421705	0.708396
2737001	2738000	2737501	327.0	0.422221	0.095759
2738001	2739000	2738501	292.0	0.422736	-0.067563
2739001	2740000	2739501	277.0	0.423252	-0.143646
2740001	2741000	2740501	398.0	0.423767	0.379237
2741001	2742000	2741501	292.0	0.424283	-0.067563
2742001	2743000	2742501	274.0	0.424799	-0.159356
2743001	2744000	2743501	296.0	0.425314	-0.047934
2744001	2745000	2744501	337.0	0.425830	0.139217
2745001	2746000	2745501	274.0	0.426345	-0.159356
2746001	2747000	2746501	296.0	0.426861	-0.047934
2747001	2748000	2747501	255.0	0.427376	-0.263034
2748001	2749000	2748501	288.0	0.427892	-0.087463
2749001	2750000	2749501	358.0	0.428407	0.226428
2750001	2751000	2750501	308.0	0.428923	0.009399
2751001	2752000	2751501	310.0	0.429438	0.018737
2752001	2753000	2752501	287.0	0.429954	-0.092481
2753001	2754000	2753501	292.0	0.430469	-0.067563
2754001	2755000	2754501	405.0	0.430985	0.404390
2755001	2756000	2755501	348.0	0.431500	0.185556
2756001	2757000	2756501	396.0	0.432016	0.371969
2757001	2758000	2757501	395.0	0.432532	0.368321
2758001	2759000	2758501	415.0	0.433047	0.439580
2759001	2760000	2759501	368.0	0.433563	0.266174
2760001	2761000	2760501	348.0	0.434078	0.185556
2761001	2762000	2761501	274.0	0.434594	-0.159356
2762001	2763000	2762501	262.0	0.435109	-0.223965
2763001	2764000	2763501	344.0	0.435625	0.168877
2764001	2765000	2764501	355.0	0.436140	0.214287
2765001	2766000	2765501	297.0	0.436656	-0.043069
2766001	2767000	2766501	337.0	0.437171	0.139217
2767001	2768000	2767501	380.0	0.437687	0.312468
2768001	2769000	2768501	329.0	0.438202	0.104556
2769001	2770000	2769501	402.0	0.438718	0.393664
2770001	2771000	2770501	362.0	0.439233	0.242458
2771001	2772000	2771501	437.0	0.439749	0.514102
2772001	2773000	2772501	293.0	0.440265	-0.062631
2773001	2774000	2773501	397.0	0.440780	0.375607
2774001	2775000	2774501	316.0	0.441296	0.046393
2775001	2776000	2775501	264.0	0.441811	-0.212994
2776001	2777000	2776501	274.0	0.442327	-0.159356
2777001	2778000	2777501	261.0	0.442842	-0.229482
2778001	2779000	2778501	282.0	0.443358	-0.117836
2779001	2780000	2779501	288.0	0.443873	-0.087463
2780001	2781000	2780501	303.0	0.444389	-0.014214
2781001	2782000	2781501	282.0	0.444904	-0.117836
2782001	2783000	2782501	292.0	0.445420	-0.067563
2783001	2784000	2783501	259.0	0.445935	-0.240580
2784001	2785000	2784501	304.0	0.446451	-0.009460
2785001	2786000	2785501	321.0	0.446966	0.069042
2786001	2787000	2786501	373.0	0.447482	0.285644
2787001	2788000	2787501	332.0	0.447997	0.117652
2788001	2789000	2788501	337.0	0.448513	0.139217
2789001	2790000	2789501	278.0	0.449029	-0.138447
2790001	2791000	2790501	307.0	0.449544	0.004707
2791001	2792000	2791501	386.0	0.450060	0.335069
2792001	2793000	2792501	313.0	0.450575	0.032631
2793001	2794000	2793501	287.0	0.451091	-0.092481
2794001	2795000	2794501	334.0	0.451606	0.126316
2795001	2796000	2795501	302.0	0.452122	-0.018983
2796001	2797000	2796501	285.0	0.452637	-0.102570
2797001	2798000	2797501	267.0	0.453153	-0.196692
2798001	2799000	2798501	444.0	0.453668	0.537028
2799001	2800000	2799501	363.0	0.454184	0.246438
2800001	2801000	2800501	379.0	0.454699	0.308666
2801001	2802000	2801501	256.0	0.455215	-0.257388
2802001	2803000	2802501	315.0	0.455730	0.041820
2803001	2804000	2803501	301.0	0.456246	-0.023768
2804001	2805000	2804501	312.0	0.456762	0.028014
2805001	2806000	2805501	362.0	0.457277	0.242458
2806001	2807000	2806501	347.0	0.457793	0.181404
2807001	2808000	2807501	311.0	0.458308	0.023383
2808001	2809000	2808501	237.0	0.458824	-0.368645
2809001	2810000	2809501	255.0	0.459339	-0.263034
2810001	2811000	2810501	279.0	0.459855	-0.133267
2811001	2812000	2811501	260.0	0.460370	-0.235020
2812001	2813000	2812501	300.0	0.460886	-0.028569
2813001	2814000	2813501	256.0	0.461401	-0.257388
2814001	2815000	2814501	287.0	0.461917	-0.092481
2815001	2816000	2815501	379.0	0.462432	0.308666
2816001	2817000	2816501	382.0	0.462948	0.320041
2817001	2818000	2817501	291.0	0.463463	-0.072512
2818001	2819000	2818501	272.0	0.463979	-0.169925
2819001	2820000	2819501	318.0	0.464495	0.055495
2820001	2821000	2820501	291.0	0.465010	-0.072512
2821001	2822000	2821501	449.0	0.465526	0.553184
2822001	2823000	2822501	358.0	0.466041	0.226428
2823001	2824000	2823501	378.0	0.466557	0.304855
2824001	2825000	2824501	497.0	0.467072	0.699714
2825001	2826000	2825501	441.0	0.467588	0.527247
2826001	2827000	2826501	441.0	0.468103	0.527247
2827001	2828000	2827501	302.0	0.468619	-0.018983
2828001	2829000	2828501	433.0	0.469134	0.500835
2829001	2830000	2829501	375.0	0.469650	0.293359
2830001	2831000	2830501	255.0	0.470165	-0.263034
2831001	2832000	2831501	298.0	0.470681	-0.038219
2832001	2833000	2832501	269.0	0.471196	-0.185925
2833001	2834000	2833501	303.0	0.471712	-0.014214
2834001	2835000	2834501	288.0	0.472228	-0.087463
2835001	2836000	2835501	278.0	0.472743	-0.138447
2836001	2837000	2836501	236.0	0.473259	-0.374745
2837001	2838000	2837501	275.0	0.473774	-0.154100
2838001	2839000	2838501	277.0	0.474290	-0.143646
2839001	2840000	2839501	279.0	0.474805	-0.133267
2840001	2841000	2840501	234.0	0.475321	-0.387023
2841001	2842000	2841501	307.0	0.475836	0.004707
2842001	2843000	2842501	318.0	0.476352	0.055495
2843001	2844000	2843501	246.0	0.476867	-0.314873
2844001	2845000	2844501	279.0	0.477383	-0.133267
2845001	2846000	2845501	288.0	0.477898	-0.087463
2846001	2847000	2846501	372.0	0.478414	0.281771
2847001	2848000	2847501	307.0	0.478929	0.004707
2848001	2849000	2848501	279.0	0.479445	-0.133267
2849001	2850000	2849501	278.0	0.479960	-0.138447
2850001	2851000	2850501	305.0	0.480476	-0.004722
2851001	2852000	2851501	306.0	0.480992	0.000000
2852001	2853000	2852501	292.0	0.481507	-0.067563
2853001	2854000	2853501	391.0	0.482023	0.353637
2854001	2855000	2854501	342.0	0.482538	0.160465
2855001	2856000	2855501	276.0	0.483054	-0.148863
2856001	2857000	2856501	343.0	0.483569	0.164677
2857001	2858000	2857501	389.0	0.484085	0.346239
2858001	2859000	2858501	300.0	0.484600	-0.028569
2859001	2860000	2859501	282.0	0.485116	-0.117836
2860001	2861000	2860501	286.0	0.485631	-0.097517
2861001	2862000	2861501	280.0	0.486147	-0.128105
2862001	2863000	2862501	364.0	0.486662	0.250407
2863001	2864000	2863501	343.0	0.487178	0.164677
2864001	2865000	2864501	436.0	0.487693	0.510796
2865001	2866000	2865501	281.0	0.488209	-0.122962
2866001	2867000	2866501	364.0	0.488725	0.250407
2867001	2868000	2867501	300.0	0.489240	-0.028569
2868001	2869000	2868501	340.0	0.489756	0.152003
2869001	2870000	2869501	355.0	0.490271	0.214287
2870001	2871000	2870501	328.0	0.490787	0.100164
2871001	2872000	2871501	319.0	0.491302	0.060025
2872001	2873000	2872501	383.0	0.491818	0.323813
2873001	2874000	2873501	271.0	0.492333	-0.175239
2874001	2875000	2874501	292.0	0.492849	-0.067563
2875001	2876000	2875501	282.0	0.493364	-0.117836
2876001	2877000	2876501	287.0	0.493880	-0.092481
2877001	2878000	2877501	343.0	0.494395	0.164677
2878001	2879000	2878501	437.0	0.494911	0.514102
2879001	2880000	2879501	366.0	0.495426	0.258312
2880001	2881000	2880501	402.0	0.495942	0.393664
2881001	2882000	2881501	509.0	0.496458	0.734134
2882001	2883000	2882501	441.0	0.496973	0.527247
2883001	2884000	2883501	353.0	0.497489	0.206137
2884001	2885000	2884501	330.0	0.498004	0.108934
2885001	2886000	2885501	331.0	0.498520	0.113300
2886001	2887000	2886501	269.0	0.499035	-0.185925
2887001	2888000	2887501	281.0	0.499551	-0.122962
2888001	2889000	2888501	173.0	0.500066	-0.822760
2889001	2890000	2889501	245.0	0.500582	-0.320750
2890001	2891000	2890501	357.0	0.501097	0.222392
2891001	2892000	2891501	331.0	0.501613	0.113300
2892001	2893000	2892501	360.0	0.502128	0.234465
2893001	2894000	2893501	280.0	0.502644	-0.128105
2894001	2895000	2894501	302.0	0.503159	-0.018983
2895001	2896000	2895501	268.0	0.503675	-0.191299
2896001	2897000	2896501	297.0	0.504191	-0.043069
2897001	2898000	2897501	249.0	0.504706	-0.297386
2898001	2899000	2898501	271.0	0.505222	-0.175239
2899001	2900000	2899501	263.0	0.505737	-0.218469
2900001	2901000	2900501	303.0	0.506253	-0.014214
2901001	2902000	2901501	397.0	0.506768	0.375607
2902001	2903000	2902501	396.0	0.507284	0.371969
2903001	2904000	2903501	385.0	0.507799	0.331327
2904001	2905000	2904501	411.0	0.508315	0.425607
2905001	2906000	2905501	294.0	0.508830	-0.057715
2906001	2907000	2906501	344.0	0.509346	0.168877
2907001	2908000	2907501	266.0	0.509861	-0.202105
2908001	2909000	2908501	225.0	0.510377	-0.443607
2909001	2910000	2909501	235.0	0.510892	-0.380871
2910001	2911000	2910501	267.0	0.511408	-0.196692
2911001	2912000	2911501	300.0	0.511923	-0.028569
2912001	2913000	2912501	207.0	0.512439	-0.563901
2913001	2914000	2913501	260.0	0.512955	-0.235020
2914001	2915000	2914501	243.0	0.513470	-0.332575
2915001	2916000	2915501	258.0	0.513986	-0.246161
2916001	2917000	2916501	267.0	0.514501	-0.196692
2917001	2918000	2917501	195.0	0.515017	-0.650058
2918001	2919000	2918501	249.0	0.515532	-0.297386
2919001	2920000	2919501	253.0	0.516048	-0.274394
2920001	2921000	2920501	301.0	0.516563	-0.023768
2921001	2922000	2921501	320.0	0.517079	0.064540
2922001	2923000	2922501	324.0	0.517594	0.082462
2923001	2924000	2923501	301.0	0.518110	-0.023768
2924001	2925000	2924501	336.0	0.518625	0.134930
2925001	2926000	2925501	297.0	0.519141	-0.043069
2926001	2927000	2926501	281.0	0.519656	-0.122962
2927001	2928000	2927501	327.0	0.520172	0.095759
2928001	2929000	2928501	313.0	0.520688	0.032631
2929001	2930000	2929501	309.0	0.521203	0.014075
2930001	2931000	2930501	308.0	0.521719	0.009399
2931001	2932000	2931501	436.0	0.522234	0.510796
2932001	2933000	2932501	353.0	0.522750	0.206137
2933001	2934000	2933501	334.0	0.523265	0.126316
2934001	2935000	2934501	491.0	0.523781	0.682191
2935001	2936000	2935501	417.0	0.524296	0.446516
2936001	2937000	2936501	326.0	0.524812	0.091340
2937001	2938000	2937501	394.0	0.525327	0.364664
2938001	2939000	2938501	306.0	0.525843	0.000000
2939001	2940000	2939501	379.0	0.526358	0.308666
2940001	2941000	2940501	403.0	0.526874	0.397248
2941001	2942000	2941501	309.0	0.527389	0.014075
2942001	2943000	2942501	293.0	0.527905	-0.062631
2943001	2944000	2943501	349.0	0.528421	0.189695
2944001	2945000	2944501	326.0	0.528936	0.091340
2945001	2946000	2945501	403.0	0.529452	0.397248
2946001	2947000	2946501	397.0	0.529967	0.375607
2947001	2948000	2947501	310.0	0.530483	0.018737
2948001	2949000	2948501	363.0	0.530998	0.246438
2949001	2950000	2949501	319.0	0.531514	0.060025
2950001	2951000	2950501	323.0	0.532029	0.078003
2951001	2952000	2951501	273.0	0.532545	-0.164631
2952001	2953000	2952501	271.0	0.533060	-0.175239
2953001	2954000	2953501	363.0	0.533576	0.246438
2954001	2955000	2954501	370.0	0.534091	0.273994
2955001	2956000	2955501	283.0	0.534607	-0.112730
2956001	2957000	2956501	265.0	0.535122	-0.207539
2957001	2958000	2957501	322.0	0.535638	0.073529
2958001	2959000	2958501	258.0	0.536154	-0.246161
2959001	2960000	2959501	265.0	0.536669	-0.207539
2960001	2961000	2960501	308.0	0.537185	0.009399
2961001	2962000	2961501	315.0	0.537700	0.041820
2962001	2963000	2962501	275.0	0.538216	-0.154100
2963001	2964000	2963501	304.0	0.538731	-0.009460
2964001	2965000	2964501	327.0	0.539247	0.095759
2965001	2966000	2965501	307.0	0.539762	0.004707
2966001	2967000	2966501	329.0	0.540278	0.104556
2967001	2968000	2967501	362.0	0.540793	0.242458
2968001	2969000	2968501	252.0	0.541309	-0.280108
2969001	2970000	2969501	271.0	0.541824	-0.175239
2970001	2971000	2970501	309.0	0.542340	0.014075
2971001	2972000	2971501	305.0	0.542855	-0.004722
2972001	2973000	2972501	366.0	0.543371	0.258312
2973001	2974000	2973501	282.0	0.543886	-0.117836
2974001	2975000	2974501	293.0	0.544402	-0.062631
2975001	2976000	2975501	366.0	0.544918	0.258312
2976001	2977000	2976501	342.0	0.545433	0.160465
2977001	2978000	2977501	361.0	0.545949	0.238467
2978001	2979000	2978501	369.0	0.546464	0.270089
2979001	2980000	2979501	323.0	0.546980	0.078003
2980001	2981000	2980501	533.0	0.547495	0.800604
2981001	2982000	2981501	533.0	0.548011	0.800604
2982001	2983000	2982501	358.0	0.548526	0.226428
2983001	2984000	2983501	311.0	0.549042	0.023383
2984001	2985000	2984501	357.0	0.549557	0.222392
2985001	2986000	2985501	352.0	0.550073	0.202044
2986001	2987000	2986501	336.0	0.550588	0.134930
2987001	2988000	2987501	286.0	0.551104	-0.097517
2988001	2989000	2988501	358.0	0.551619	0.226428
2989001	2990000	2989501	389.0	0.552135	0.346239
2990001	2991000	2990501	326.0	0.552651	0.091340
2991001	2992000	2991501	305.0	0.553166	-0.004722
2992001	2993000	2992501	322.0	0.553682	0.073529
2993001	2994000	2993501	333.0	0.554197	0.121991
2994001	2995000	2994501	273.0	0.554713	-0.164631
2995001	2996000	2995501	244.0	0.555228	-0.326651
2996001	2997000	2996501	305.0	0.555744	-0.004722
2997001	2998000	2997501	337.0	0.556259	0.139217
2998001	2999000	2998501	399.0	0.556775	0.382857
2999001	3000000	2999501	314.0	0.557290	0.037233
3000001	3001000	3000501	352.0	0.557806	0.202044
3001001	3002000	3001501	308.0	0.558321	0.009399
3002001	3003000	3002501	283.0	0.558837	-0.112730
3003001	3004000	3003501	302.0	0.559352	-0.018983
3004001	3005000	3004501	349.0	0.559868	0.189695
3005001	3006000	3005501	309.0	0.560384	0.014075
3006001	3007000	3006501	313.0	0.560899	0.032631
3007001	3008000	3007501	303.0	0.561415	-0.014214
3008001	3009000	3008501	316.0	0.561930	0.046393
3009001	3010000	3009501	326.0	0.562446	0.091340
3010001	3011000	3010501	345.0	0.562961	0.173065
3011001	3012000	3011501	314.0	0.563477	0.037233
3012001	3013000	3012501	287.0	0.563992	-0.092481
3013001	3014000	3013501	322.0	0.564508	0.073529
3014001	3015000	3014501	301.0	0.565023	-0.023768
3015001	3016000	3015501	235.0	0.565539	-0.380871
3016001	3017000	3016501	360.0	0.566054	0.234465
3017001	3018000	3017501	265.0	0.566570	-0.207539
3018001	3019000	3018501	255.0	0.567085	-0.263034
3019001	3020000	3019501	265.0	0.567601	-0.207539
3020001	3021000	3020501	359.0	0.568116	0.230452
3021001	3022000	3021501	364.0	0.568632	0.250407
3022001	3023000	3022501	380.0	0.569148	0.312468
3023001	3024000	3023501	335.0	0.569663	0.130629
3024001	3025000	3024501	366.0	0.570179	0.258312
3025001	3026000	3025501	286.0	0.570694	-0.097517
3026001	3027000	3026501	299.0	0.571210	-0.033386
3027001	3028000	3027501	316.0	0.571725	0.046393
3028001	3029000	3028501	315.0	0.572241	0.041820
3029001	3030000	3029501	336.0	0.572756	0.134930
3030001	3031000	3030501	280.0	0.573272	-0.128105
3031001	3032000	3031501	294.0	0.573787	-0.057715
3032001	3033000	3032501	300.0	0.574303	-0.028569
3033001	3034000	3033501	300.0	0.574818	-0.028569
3034001	3035000	3034501	296.0	0.575334	-0.047934
3035001	3036000	3035501	308.0	0.575849	0.009399
3036001	3037000	3036501	291.0	0.576365	-0.072512
3037001	3038000	3037501	271.0	0.576881	-0.175239
3038001	3039000	3038501	223.0	0.577396	-0.456488
3039001	3040000	3039501	296.0	0.577912	-0.047934
3040001	3041000	3040501	382.0	0.578427	0.320041
3041001	3042000	3041501	344.0	0.578943	0.168877
3042001	3043000	3042501	326.0	0.579458	0.091340
3043001	3044000	3043501	319.0	0.579974	0.060025
3044001	3045000	3044501	339.0	0.580489	0.147754
3045001	3046000	3045501	323.0	0.581005	0.078003
3046001	3047000	3046501	339.0	0.581520	0.147754
3047001	3048000	3047501	330.0	0.582036	0.108934
3048001	3049000	3048501	304.0	0.582551	-0.009460
3049001	3050000	3049501	249.0	0.583067	-0.297386
3050001	3051000	3050501	295.0	0.583582	-0.052817
3051001	3052000	3051501	224.0	0.584098	-0.450033
3052001	3053000	3052501	323.0	0.584614	0.078003
3053001	3054000	3053501	306.0	0.585129	0.000000
3054001	3055000	3054501	273.0	0.585645	-0.164631
3055001	3056000	3055501	335.0	0.586160	0.130629
3056001	3057000	3056501	335.0	0.586676	0.130629
3057001	3058000	3057501	274.0	0.587191	-0.159356
3058001	3059000	3058501	283.0	0.587707	-0.112730
3059001	3060000	3059501	324.0	0.588222	0.082462
3060001	3061000	3060501	299.0	0.588738	-0.033386
3061001	3062000	3061501	273.0	0.589253	-0.164631
3062001	3063000	3062501	389.0	0.589769	0.346239
3063001	3064000	3063501	319.0	0.590284	0.060025
3064001	3065000	3064501	354.0	0.590800	0.210218
3065001	3066000	3065501	323.0	0.591315	0.078003
3066001	3067000	3066501	272.0	0.591831	-0.169925
3067001	3068000	3067501	298.0	0.592347	-0.038219
3068001	3069000	3068501	324.0	0.592862	0.082462
3069001	3070000	3069501	322.0	0.593378	0.073529
3070001	3071000	3070501	333.0	0.593893	0.121991
3071001	3072000	3071501	289.0	0.594409	-0.082462
3072001	3073000	3072501	324.0	0.594924	0.082462
3073001	3074000	3073501	307.0	0.595440	0.004707
3074001	3075000	3074501	244.0	0.595955	-0.326651
3075001	3076000	3075501	265.0	0.596471	-0.207539
3076001	3077000	3076501	255.0	0.596986	-0.263034
3077001	3078000	3077501	321.0	0.597502	0.069042
3078001	3079000	3078501	320.0	0.598017	0.064540
3079001	3080000	3079501	261.0	0.598533	-0.229482
3080001	3081000	3080501	377.0	0.599048	0.301033
3081001	3082000	3081501	316.0	0.599564	0.046393
3082001	3083000	3082501	322.0	0.600079	0.073529
3083001	3084000	3083501	281.0	0.600595	-0.122962
3084001	3085000	3084501	359.0	0.601111	0.230452
3085001	3086000	3085501	339.0	0.601626	0.147754
3086001	3087000	3086501	287.0	0.602142	-0.092481
3087001	3088000	3087501	280.0	0.602657	-0.128105
3088001	3089000	3088501	259.0	0.603173	-0.240580
3089001	3090000	3089501	277.0	0.603688	-0.143646
3090001	3091000	3090501	391.0	0.604204	0.353637
3091001	3092000	3091501	396.0	0.604719	0.371969
3092001	3093000	3092501	287.0	0.605235	-0.092481
3093001	3094000	3093501	382.0	0.605750	0.320041
3094001	3095000	3094501	360.0	0.606266	0.234465
3095001	3096000	3095501	395.0	0.606781	0.368321
3096001	3097000	3096501	280.0	0.607297	-0.128105
3097001	3098000	3097501	330.0	0.607812	0.108934
3098001	3099000	3098501	326.0	0.608328	0.091340
3099001	3100000	3099501	368.0	0.608844	0.266174
3100001	3101000	3100501	334.0	0.609359	0.126316
3101001	3102000	3101501	424.0	0.609875	0.470533
3102001	3103000	3102501	367.0	0.610390	0.262248
3103001	3104000	3103501	330.0	0.610906	0.108934
3104001	3105000	3104501	250.0	0.611421	-0.291604
3105001	3106000	3105501	292.0	0.611937	-0.067563
3106001	3107000	3106501	301.0	0.612452	-0.023768
3107001	3108000	3107501	315.0	0.612968	0.041820
3108001	3109000	3108501	407.0	0.613483	0.411497
3109001	3110000	3109501	439.0	0.613999	0.520689
3110001	3111000	3110501	321.0	0.614514	0.069042
3111001	3112000	3111501	362.0	0.615030	0.242458
3112001	3113000	3112501	356.0	0.615545	0.218346
3113001	3114000	3113501	317.0	0.616061	0.050951
3114001	3115000	3114501	325.0	0.616577	0.086908
3115001	3116000	3115501	296.0	0.617092	-0.047934
3116001	3117000	3116501	304.0	0.617608	-0.009460
3117001	3118000	3117501	382.0	0.618123	0.320041
3118001	3119000	3118501	376.0	0.618639	0.297201
3119001	3120000	3119501	282.0	0.619154	-0.117836
3120001	3121000	3120501	282.0	0.619670	-0.117836
3121001	3122000	3121501	342.0	0.620185	0.160465
3122001	3123000	3122501	266.0	0.620701	-0.202105
3123001	3124000	3123501	294.0	0.621216	-0.057715
3124001	3125000	3124501	292.0	0.621732	-0.067563
3125001	3126000	3125501	261.0	0.622247	-0.229482
3126001	3127000	3126501	305.0	0.622763	-0.004722
3127001	3128000	3127501	341.0	0.623278	0.156240
3128001	3129000	3128501	348.0	0.623794	0.185556
3129001	3130000	3129501	321.0	0.624310	0.069042
3130001	3131000	3130501	332.0	0.624825	0.117652
3131001	3132000	3131501	312.0	0.625341	0.028014
3132001	3133000	3132501	321.0	0.625856	0.069042
3133001	3134000	3133501	308.0	0.626372	0.009399
3134001	3135000	3134501	288.0	0.626887	-0.087463
3135001	3136000	3135501	320.0	0.627403	0.064540
3136001	3137000	3136501	310.0	0.627918	0.018737
3137001	3138000	3137501	322.0	0.628434	0.073529
3138001	3139000	3138501	212.0	0.628949	-0.529467
3139001	3140000	3139501	327.0	0.629465	0.095759
3140001	3141000	3140501	395.0	0.629980	0.368321
3141001	3142000	3141501	439.0	0.630496	0.520689
3142001	3143000	3142501	311.0	0.631011	0.023383
3143001	3144000	3143501	269.0	0.631527	-0.185925
3144001	3145000	3144501	290.0	0.632042	-0.077479
3145001	3146000	3145501	356.0	0.632558	0.218346
3146001	3147000	3146501	367.0	0.633074	0.262248
3147001	3148000	3147501	287.0	0.633589	-0.092481
3148001	3149000	3148501	327.0	0.634105	0.095759
3149001	3150000	3149501	353.0	0.634620	0.206137
3150001	3151000	3150501	399.0	0.635136	0.382857
3151001	3152000	3151501	296.0	0.635651	-0.047934
3152001	3153000	3152501	271.0	0.636167	-0.175239
3153001	3154000	3153501	287.0	0.636682	-0.092481
3154001	3155000	3154501	281.0	0.637198	-0.122962
3155001	3156000	3155501	228.0	0.637713	-0.424498
3156001	3157000	3156501	321.0	0.638229	0.069042
3157001	3158000	3157501	327.0	0.638744	0.095759
3158001	3159000	3158501	364.0	0.639260	0.250407
3159001	3160000	3159501	293.0	0.639775	-0.062631
3160001	3161000	3160501	290.0	0.640291	-0.077479
3161001	3162000	3161501	289.0	0.640807	-0.082462
3162001	3163000	3162501	289.0	0.641322	-0.082462
3163001	3164000	3163501	315.0	0.641838	0.041820
3164001	3165000	3164501	297.0	0.642353	-0.043069
3165001	3166000	3165501	326.0	0.642869	0.091340
3166001	3167000	3166501	271.0	0.643384	-0.175239
3167001	3168000	3167501	303.0	0.643900	-0.014214
3168001	3169000	3168501	408.0	0.644415	0.415037
3169001	3170000	3169501	294.0	0.644931	-0.057715
3170001	3171000	3170501	285.0	0.645446	-0.102570
3171001	3172000	3171501	335.0	0.645962	0.130629
3172001	3173000	3172501	339.0	0.646477	0.147754
3173001	3174000	3173501	351.0	0.646993	0.197939
3174001	3175000	3174501	349.0	0.647508	0.189695
3175001	3176000	3175501	308.0	0.648024	0.009399
3176001	3177000	3176501	318.0	0.648540	0.055495
3177001	3178000	3177501	322.0	0.649055	0.073529
3178001	3179000	3178501	351.0	0.649571	0.197939
3179001	3180000	3179501	306.0	0.650086	0.000000
3180001	3181000	3180501	267.0	0.650602	-0.196692
3181001	3182000	3181501	287.0	0.651117	-0.092481
3182001	3183000	3182501	375.0	0.651633	0.293359
3183001	3184000	3183501	432.0	0.652148	0.497500
3184001	3185000	3184501	412.0	0.652664	0.429113
3185001	3186000	3185501	307.0	0.653179	0.004707
3186001	3187000	3186501	205.0	0.653695	-0.577908
3187001	3188000	3187501	251.0	0.654210	-0.285844
3188001	3189000	3188501	326.0	0.654726	0.091340
3189001	3190000	3189501	294.0	0.655241	-0.057715
3190001	3191000	3190501	226.0	0.655757	-0.437209
3191001	3192000	3191501	310.0	0.656273	0.018737
3192001	3193000	3192501	306.0	0.656788	0.000000
3193001	3194000	3193501	292.0	0.657304	-0.067563
3194001	3195000	3194501	304.0	0.657819	-0.009460
3195001	3196000	3195501	332.0	0.658335	0.117652
3196001	3197000	3196501	339.0	0.658850	0.147754
3197001	3198000	3197501	331.0	0.659366	0.113300
3198001	3199000	3198501	355.0	0.659881	0.214287
3199001	3200000	3199501	283.0	0.660397	-0.112730
3200001	3201000	3200501	302.0	0.660912	-0.018983
3201001	3202000	3201501	256.0	0.661428	-0.257388
3202001	3203000	3202501	348.0	0.661943	0.185556
3203001	3204000	3203501	326.0	0.662459	0.091340
3204001	3205000	3204501	351.0	0.662974	0.197939
3205001	3206000	3205501	368.0	0.663490	0.266174
3206001	3207000	3206501	336.0	0.664005	0.134930
3207001	3208000	3207501	276.0	0.664521	-0.148863
3208001	3209000	3208501	295.0	0.665037	-0.052817
3209001	3210000	3209501	321.0	0.665552	0.069042
3210001	3211000	3210501	360.0	0.666068	0.234465
3211001	3212000	3211501	310.0	0.666583	0.018737
3212001	3213000	3212501	329.0	0.667099	0.104556
3213001	3214000	3213501	357.0	0.667614	0.222392
3214001	3215000	3214501	295.0	0.668130	-0.052817
3215001	3216000	3215501	348.0	0.668645	0.185556
3216001	3217000	3216501	238.0	0.669161	-0.362570
3217001	3218000	3217501	270.0	0.669676	-0.180572
3218001	3219000	3218501	234.0	0.670192	-0.387023
3219001	3220000	3219501	245.0	0.670707	-0.320750
3220001	3221000	3220501	262.0	0.671223	-0.223965
3221001	3222000	3221501	255.0	0.671738	-0.263034
3222001	3223000	3222501	302.0	0.672254	-0.018983
3223001	3224000	3223501	272.0	0.672770	-0.169925
3224001	3225000	3224501	304.0	0.673285	-0.009460
3225001	3226000	3225501	296.0	0.673801	-0.047934
3226001	3227000	3226501	318.0	0.674316	0.055495
3227001	3228000	3227501	351.0	0.674832	0.197939
3228001	3229000	3228501	270.0	0.675347	-0.180572
3229001	3230000	3229501	249.0	0.675863	-0.297386
3230001	3231000	3230501	242.0	0.676378	-0.338525
3231001	3232000	3231501	275.0	0.676894	-0.154100
3232001	3233000	3232501	255.0	0.677409	-0.263034
3233001	3234000	3233501	328.0	0.677925	0.100164
3234001	3235000	3234501	304.0	0.678440	-0.009460
3235001	3236000	3235501	368.0	0.678956	0.266174
3236001	3237000	3236501	306.0	0.679471	0.000000
3237001	3238000	3237501	303.0	0.679987	-0.014214
3238001	3239000	3238501	293.0	0.680503	-0.062631
3239001	3240000	3239501	375.0	0.681018	0.293359
3240001	3241000	3240501	344.0	0.681534	0.168877
3241001	3242000	3241501	273.0	0.682049	-0.164631
3242001	3243000	3242501	274.0	0.682565	-0.159356
3243001	3244000	3243501	310.0	0.683080	0.018737
3244001	3245000	3244501	365.0	0.683596	0.254365
3245001	3246000	3245501	338.0	0.684111	0.143492
3246001	3247000	3246501	340.0	0.684627	0.152003
3247001	3248000	3247501	370.0	0.685142	0.273994
3248001	3249000	3248501	293.0	0.685658	-0.062631
3249001	3250000	3249501	250.0	0.686173	-0.291604
3250001	3251000	3250501	358.0	0.686689	0.226428
3251001	3252000	3251501	335.0	0.687204	0.130629
3252001	3253000	3252501	298.0	0.687720	-0.038219
3253001	3254000	3253501	296.0	0.688236	-0.047934
3254001	3255000	3254501	294.0	0.688751	-0.057715
3255001	3256000	3255501	330.0	0.689267	0.108934
3256001	3257000	3256501	281.0	0.689782	-0.122962
3257001	3258000	3257501	226.0	0.690298	-0.437209
3258001	3259000	3258501	358.0	0.690813	0.226428
3259001	3260000	3259501	290.0	0.691329	-0.077479
3260001	3261000	3260501	287.0	0.691844	-0.092481
3261001	3262000	3261501	362.0	0.692360	0.242458
3262001	3263000	3262501	312.0	0.692875	0.028014
3263001	3264000	3263501	315.0	0.693391	0.041820
3264001	3265000	3264501	361.0	0.693906	0.238467
3265001	3266000	3265501	229.0	0.694422	-0.418184
3266001	3267000	3266501	208.0	0.694937	-0.556948
3267001	3268000	3267501	305.0	0.695453	-0.004722
3268001	3269000	3268501	335.0	0.695968	0.130629
3269001	3270000	3269501	275.0	0.696484	-0.154100
3270001	3271000	3270501	308.0	0.697000	0.009399
3271001	3272000	3271501	343.0	0.697515	0.164677
3272001	3273000	3272501	325.0	0.698031	0.086908
3273001	3274000	3273501	314.0	0.698546	0.037233
3274001	3275000	3274501	355.0	0.699062	0.214287
3275001	3276000	3275501	301.0	0.699577	-0.023768
3276001	3277000	3276501	252.0	0.700093	-0.280108
3277001	3278000	3277501	304.0	0.700608	-0.009460
3278001	3279000	3278501	304.0	0.701124	-0.009460
3279001	3280000	3279501	293.0	0.701639	-0.062631
3280001	3281000	3280501	339.0	0.702155	0.147754
3281001	3282000	3281501	296.0	0.702670	-0.047934
3282001	3283000	3282501	315.0	0.703186	0.041820
3283001	3284000	3283501	287.0	0.703701	-0.092481
3284001	3285000	3284501	310.0	0.704217	0.018737
3285001	3286000	3285501	341.0	0.704733	0.156240
3286001	3287000	3286501	334.0	0.705248	0.126316
3287001	3288000	3287501	249.0	0.705764	-0.297386
3288001	3289000	3288501	342.0	0.706279	0.160465
3289001	3290000	3289501	288.0	0.706795	-0.087463
3290001	3291000	3290501	320.0	0.707310	0.064540
3291001	3292000	3291501	251.0	0.707826	-0.285844
3292001	3293000	3292501	259.0	0.708341	-0.240580
3293001	3294000	3293501	235.0	0.708857	-0.380871
3294001	3295000	3294501	322.0	0.709372	0.073529
3295001	3296000	3295501	340.0	0.709888	0.152003
3296001	3297000	3296501	370.0	0.710403	0.273994
3297001	3298000	3297501	294.0	0.710919	-0.057715
3298001	3299000	3298501	260.0	0.711434	-0.235020
3299001	3300000	3299501	304.0	0.711950	-0.009460
3300001	3301000	3300501	385.0	0.712466	0.331327
3301001	3302000	3301501	419.0	0.712981	0.453419
3302001	3303000	3302501	386.0	0.713497	0.335069
3303001	3304000	3303501	326.0	0.714012	0.091340
3304001	3305000	3304501	331.0	0.714528	0.113300
3305001	3306000	3305501	260.0	0.715043	-0.235020
3306001	3307000	3306501	323.0	0.715559	0.078003
3307001	3308000	3307501	414.0	0.716074	0.436099
3308001	3309000	3308501	468.0	0.716590	0.612977
3309001	3310000	3309501	438.0	0.717105	0.517399
3310001	3311000	3310501	488.0	0.717621	0.673349
3311001	3312000	3311501	296.0	0.718136	-0.047934
3312001	3313000	3312501	338.0	0.718652	0.143492
3313001	3314000	3313501	309.0	0.719167	0.014075
3314001	3315000	3314501	284.0	0.719683	-0.107641
3315001	3316000	3315501	435.0	0.720199	0.507484
3316001	3317000	3316501	310.0	0.720714	0.018737
3317001	3318000	3317501	363.0	0.721230	0.246438
3318001	3319000	3318501	445.0	0.721745	0.540274
3319001	3320000	3319501	447.0	0.722261	0.546743
3320001	3321000	3320501	397.0	0.722776	0.375607
3321001	3322000	3321501	382.0	0.723292	0.320041
3322001	3323000	3322501	403.0	0.723807	0.397248
3323001	3324000	3323501	297.0	0.724323	-0.043069
3324001	3325000	3324501	322.0	0.724838	0.073529
3325001	3326000	3325501	241.0	0.725354	-0.344499
3326001	3327000	3326501	344.0	0.725869	0.168877
3327001	3328000	3327501	281.0	0.726385	-0.122962
3328001	3329000	3328501	344.0	0.726900	0.168877
3329001	3330000	3329501	239.0	0.727416	-0.356521
3330001	3331000	3330501	342.0	0.727931	0.160465
3331001	3332000	3331501	322.0	0.728447	0.073529
3332001	3333000	3332501	389.0	0.728963	0.346239
3333001	3334000	3333501	342.0	0.729478	0.160465
3334001	3335000	3334501	324.0	0.729994	0.082462
3335001	3336000	3335501	355.0	0.730509	0.214287
3336001	3337000	3336501	389.0	0.731025	0.346239
3337001	3338000	3337501	334.0	0.731540	0.126316
3338001	3339000	3338501	320.0	0.732056	0.064540
3339001	3340000	3339501	269.0	0.732571	-0.185925
3340001	3341000	3340501	265.0	0.733087	-0.207539
3341001	3342000	3341501	266.0	0.733602	-0.202105
3342001	3343000	3342501	350.0	0.734118	0.193823
3343001	3344000	3343501	360.0	0.734633	0.234465
3344001	3345000	3344501	284.0	0.735149	-0.107641
3345001	3346000	3345501	293.0	0.735664	-0.062631
3346001	3347000	3346501	236.0	0.736180	-0.374745
3347001	3348000	3347501	317.0	0.736696	0.050951
3348001	3349000	3348501	345.0	0.737211	0.173065
3349001	3350000	3349501	344.0	0.737727	0.168877
3350001	3351000	3350501	343.0	0.738242	0.164677
3351001	3352000	3351501	334.0	0.738758	0.126316
3352001	3353000	3352501	323.0	0.739273	0.078003
3353001	3354000	3353501	309.0	0.739789	0.014075
3354001	3355000	3354501	329.0	0.740304	0.104556
3355001	3356000	3355501	318.0	0.740820	0.055495
3356001	3357000	3356501	336.0	0.741335	0.134930
3357001	3358000	3357501	310.0	0.741851	0.018737
3358001	3359000	3358501	259.0	0.742366	-0.240580
3359001	3360000	3359501	353.0	0.742882	0.206137
3360001	3361000	3360501	251.0	0.743397	-0.285844
3361001	3362000	3361501	305.0	0.743913	-0.004722
3362001	3363000	3362501	287.0	0.744429	-0.092481
3363001	3364000	3363501	245.0	0.744944	-0.320750
3364001	3365000	3364501	283.0	0.745460	-0.112730
3365001	3366000	3365501	385.0	0.745975	0.331327
3366001	3367000	3366501	391.0	0.746491	0.353637
3367001	3368000	3367501	325.0	0.747006	0.086908
3368001	3369000	3368501	361.0	0.747522	0.238467
3369001	3370000	3369501	312.0	0.748037	0.028014
3370001	3371000	3370501	375.0	0.748553	0.293359
3371001	3372000	3371501	356.0	0.749068	0.218346
3372001	3373000	3372501	330.0	0.749584	0.108934
3373001	3374000	3373501	312.0	0.750099	0.028014
3374001	3375000	3374501	298.0	0.750615	-0.038219
3375001	3376000	3375501	312.0	0.751130	0.028014
3376001	3377000	3376501	293.0	0.751646	-0.062631
3377001	3378000	3377501	362.0	0.752161	0.242458
3378001	3379000	3378501	250.0	0.752677	-0.291604
3379001	3380000	3379501	264.0	0.753193	-0.212994
3380001	3381000	3380501	310.0	0.753708	0.018737
3381001	3382000	3381501	283.0	0.754224	-0.112730
3382001	3383000	3382501	254.0	0.754739	-0.268703
3383001	3384000	3383501	293.0	0.755255	-0.062631
3384001	3385000	3384501	311.0	0.755770	0.023383
3385001	3386000	3385501	356.0	0.756286	0.218346
3386001	3387000	3386501	281.0	0.756801	-0.122962
3387001	3388000	3387501	325.0	0.757317	0.086908
3388001	3389000	3388501	329.0	0.757832	0.104556
3389001	3390000	3389501	256.0	0.758348	-0.257388
3390001	3391000	3390501	266.0	0.758863	-0.202105
3391001	3392000	3391501	286.0	0.759379	-0.097517
3392001	3393000	3392501	284.0	0.759894	-0.107641
3393001	3394000	3393501	288.0	0.760410	-0.087463
3394001	3395000	3394501	231.0	0.760926	-0.405639
3395001	3396000	3395501	259.0	0.761441	-0.240580
3396001	3397000	3396501	323.0	0.761957	0.078003
3397001	3398000	3397501	325.0	0.762472	0.086908
3398001	3399000	3398501	316.0	0.762988	0.046393
3399001	3400000	3399501	298.0	0.763503	-0.038219
3400001	3401000	3400501	335.0	0.764019	0.130629
3401001	3402000	3401501	317.0	0.764534	0.050951
3402001	3403000	3402501	317.0	0.765050	0.050951
3403001	3404000	3403501	358.0	0.765565	0.226428
3404001	3405000	3404501	334.0	0.766081	0.126316
3405001	3406000	3405501	327.0	0.766596	0.095759
3406001	3407000	3406501	321.0	0.767112	0.069042
3407001	3408000	3407501	307.0	0.767627	0.004707
3408001	3409000	3408501	281.0	0.768143	-0.122962
3409001	3410000	3409501	278.0	0.768659	-0.138447
3410001	3411000	3410501	251.0	0.769174	-0.285844
3411001	3412000	3411501	405.0	0.769690	0.404390
3412001	3413000	3412501	365.0	0.770205	0.254365
3413001	3414000	3413501	299.0	0.770721	-0.033386
3414001	3415000	3414501	323.0	0.771236	0.078003
3415001	3416000	3415501	367.0	0.771752	0.262248
3416001	3417000	3416501	373.0	0.772267	0.285644
3417001	3418000	3417501	370.0	0.772783	0.273994
3418001	3419000	3418501	381.0	0.773298	0.316259
3419001	3420000	3419501	344.0	0.773814	0.168877
3420001	3421000	3420501	298.0	0.774329	-0.038219
3421001	3422000	3421501	322.0	0.774845	0.073529
3422001	3423000	3422501	305.0	0.775360	-0.004722
3423001	3424000	3423501	315.0	0.775876	0.041820
3424001	3425000	3424501	260.0	0.776392	-0.235020
3425001	3426000	3425501	290.0	0.776907	-0.077479
3426001	3427000	3426501	340.0	0.777423	0.152003
3427001	3428000	3427501	318.0	0.777938	0.055495
3428001	3429000	3428501	262.0	0.778454	-0.223965
3429001	3430000	3429501	288.0	0.778969	-0.087463
3430001	3431000	3430501	348.0	0.779485	0.185556
3431001	3432000	3431501	330.0	0.780000	0.108934
3432001	3433000	3432501	291.0	0.780516	-0.072512
3433001	3434000	3433501	284.0	0.781031	-0.107641
3434001	3435000	3434501	287.0	0.781547	-0.092481
3435001	3436000	3435501	271.0	0.782062	-0.175239
3436001	3437000	3436501	268.0	0.782578	-0.191299
3437001	3438000	3437501	290.0	0.783093	-0.077479
3438001	3439000	3438501	267.0	0.783609	-0.196692
3439001	3440000	3439501	281.0	0.784124	-0.122962
3440001	3441000	3440501	356.0	0.784640	0.218346
3441001	3442000	3441501	317.0	0.785156	0.050951
3442001	3443000	3442501	326.0	0.785671	0.091340
3443001	3444000	3443501	338.0	0.786187	0.143492
3444001	3445000	3444501	319.0	0.786702	0.060025
3445001	3446000	3445501	329.0	0.787218	0.104556
3446001	3447000	3446501	267.0	0.787733	-0.196692
3447001	3448000	3447501	262.0	0.788249	-0.223965
3448001	3449000	3448501	314.0	0.788764	0.037233
3449001	3450000	3449501	401.0	0.789280	0.390071
3450001	3451000	3450501	386.0	0.789795	0.335069
3451001	3452000	3451501	307.0	0.790311	0.004707
3452001	3453000	3452501	291.0	0.790826	-0.072512
3453001	3454000	3453501	420.0	0.791342	0.456858
3454001	3455000	3454501	291.0	0.791857	-0.072512
3455001	3456000	3455501	301.0	0.792373	-0.023768
3456001	3457000	3456501	281.0	0.792889	-0.122962
3457001	3458000	3457501	440.0	0.793404	0.523972
3458001	3459000	3458501	464.0	0.793920	0.600593
3459001	3460000	3459501	407.0	0.794435	0.411497
3460001	3461000	3460501	341.0	0.794951	0.156240
3461001	3462000	3461501	262.0	0.795466	-0.223965
3462001	3463000	3462501	421.0	0.795982	0.460289
3463001	3464000	3463501	374.0	0.796497	0.289507
3464001	3465000	3464501	373.0	0.797013	0.285644
3465001	3466000	3465501	511.0	0.797528	0.739792
3466001	3467000	3466501	392.0	0.798044	0.357322
3467001	3468000	3467501	425.0	0.798559	0.473931
3468001	3469000	3468501	312.0	0.799075	0.028014
3469001	3470000	3469501	326.0	0.799590	0.091340
3470001	3471000	3470501	394.0	0.800106	0.364664
3471001	3472000	3471501	398.0	0.800622	0.379237
3472001	3473000	3472501	321.0	0.801137	0.069042
3473001	3474000	3473501	375.0	0.801653	0.293359
3474001	3475000	3474501	500.0	0.802168	0.708396
3475001	3476000	3475501	372.0	0.802684	0.281771
3476001	3477000	3476501	291.0	0.803199	-0.072512
3477001	3478000	3477501	285.0	0.803715	-0.102570
3478001	3479000	3478501	346.0	0.804230	0.177240
3479001	3480000	3479501	341.0	0.804746	0.156240
3480001	3481000	3480501	259.0	0.805261	-0.240580
3481001	3482000	3481501	299.0	0.805777	-0.033386
3482001	3483000	3482501	307.0	0.806292	0.004707
3483001	3484000	3483501	313.0	0.806808	0.032631
3484001	3485000	3484501	313.0	0.807323	0.032631
3485001	3486000	3485501	220.0	0.807839	-0.476028
3486001	3487000	3486501	301.0	0.808355	-0.023768
3487001	3488000	3487501	319.0	0.808870	0.060025
3488001	3489000	3488501	298.0	0.809386	-0.038219
3489001	3490000	3489501	292.0	0.809901	-0.067563
3490001	3491000	3490501	246.0	0.810417	-0.314873
3491001	3492000	3491501	330.0	0.810932	0.108934
3492001	3493000	3492501	303.0	0.811448	-0.014214
3493001	3494000	3493501	296.0	0.811963	-0.047934
3494001	3495000	3494501	249.0	0.812479	-0.297386
3495001	3496000	3495501	305.0	0.812994	-0.004722
3496001	3497000	3496501	263.0	0.813510	-0.218469
3497001	3498000	3497501	287.0	0.814025	-0.092481
3498001	3499000	3498501	319.0	0.814541	0.060025
3499001	3500000	3499501	356.0	0.815056	0.218346
3500001	3501000	3500501	296.0	0.815572	-0.047934
3501001	3502000	3501501	319.0	0.816087	0.060025
3502001	3503000	3502501	354.0	0.816603	0.210218
3503001	3504000	3503501	292.0	0.817119	-0.067563
3504001	3505000	3504501	278.0	0.817634	-0.138447
3505001	3506000	3505501	274.0	0.818150	-0.159356
3506001	3507000	3506501	356.0	0.818665	0.218346
3507001	3508000	3507501	421.0	0.819181	0.460289
3508001	3509000	3508501	447.0	0.819696	0.546743
3509001	3510000	3509501	447.0	0.820212	0.546743
3510001	3511000	3510501	423.0	0.820727	0.467126
3511001	3512000	3511501	396.0	0.821243	0.371969
3512001	3513000	3512501	320.0	0.821758	0.064540
3513001	3514000	3513501	355.0	0.822274	0.214287
3514001	3515000	3514501	321.0	0.822789	0.069042
3515001	3516000	3515501	304.0	0.823305	-0.009460
3516001	3517000	3516501	328.0	0.823820	0.100164
3517001	3518000	3517501	369.0	0.824336	0.270089
3518001	3519000	3518501	401.0	0.824852	0.390071
3519001	3520000	3519501	271.0	0.825367	-0.175239
3520001	3521000	3520501	252.0	0.825883	-0.280108
3521001	3522000	3521501	296.0	0.826398	-0.047934
3522001	3523000	3522501	308.0	0.826914	0.009399
3523001	3524000	3523501	291.0	0.827429	-0.072512
3524001	3525000	3524501	300.0	0.827945	-0.028569
3525001	3526000	3525501	293.0	0.828460	-0.062631
3526001	3527000	3526501	304.0	0.828976	-0.009460
3527001	3528000	3527501	398.0	0.829491	0.379237
3528001	3529000	3528501	300.0	0.830007	-0.028569
3529001	3530000	3529501	318.0	0.830522	0.055495
3530001	3531000	3530501	301.0	0.831038	-0.023768
3531001	3532000	3531501	266.0	0.831553	-0.202105
3532001	3533000	3532501	314.0	0.832069	0.037233
3533001	3534000	3533501	306.0	0.832585	0.000000
3534001	3535000	3534501	334.0	0.833100	0.126316
3535001	3536000	3535501	314.0	0.833616	0.037233
3536001	3537000	3536501	289.0	0.834131	-0.082462
3537001	3538000	3537501	322.0	0.834647	0.073529
3538001	3539000	3538501	266.0	0.835162	-0.202105
3539001	3540000	3539501	276.0	0.835678	-0.148863
3540001	3541000	3540501	300.0	0.836193	-0.028569
3541001	3542000	3541501	306.0	0.836709	0.000000
3542001	3543000	3542501	315.0	0.837224	0.041820
3543001	3544000	3543501	313.0	0.837740	0.032631
3544001	3545000	3544501	336.0	0.838255	0.134930
3545001	3546000	3545501	416.0	0.838771	0.443052
3546001	3547000	3546501	323.0	0.839286	0.078003
3547001	3548000	3547501	282.0	0.839802	-0.117836
3548001	3549000	3548501	273.0	0.840318	-0.164631
3549001	3550000	3549501	291.0	0.840833	-0.072512
3550001	3551000	3550501	276.0	0.841349	-0.148863
3551001	3552000	3551501	295.0	0.841864	-0.052817
3552001	3553000	3552501	311.0	0.842380	0.023383
3553001	3554000	3553501	273.0	0.842895	-0.164631
3554001	3555000	3554501	261.0	0.843411	-0.229482
3555001	3556000	3555501	294.0	0.843926	-0.057715
3556001	3557000	3556501	290.0	0.844442	-0.077479
3557001	3558000	3557501	351.0	0.844957	0.197939
3558001	3559000	3558501	323.0	0.845473	0.078003
3559001	3560000	3559501	364.0	0.845988	0.250407
3560001	3561000	3560501	498.0	0.846504	0.702614
3561001	3562000	3561501	378.0	0.847019	0.304855
3562001	3563000	3562501	344.0	0.847535	0.168877
3563001	3564000	3563501	335.0	0.848050	0.130629
3564001	3565000	3564501	264.0	0.848566	-0.212994
3565001	3566000	3565501	276.0	0.849082	-0.148863
3566001	3567000	3566501	330.0	0.849597	0.108934
3567001	3568000	3567501	378.0	0.850113	0.304855
3568001	3569000	3568501	295.0	0.850628	-0.052817
3569001	3570000	3569501	239.0	0.851144	-0.356521
3570001	3571000	3570501	257.0	0.851659	-0.251763
3571001	3572000	3571501	280.0	0.852175	-0.128105
3572001	3573000	3572501	266.0	0.852690	-0.202105
3573001	3574000	3573501	275.0	0.853206	-0.154100
3574001	3575000	3574501	310.0	0.853721	0.018737
3575001	3576000	3575501	263.0	0.854237	-0.218469
3576001	3577000	3576501	266.0	0.854752	-0.202105
3577001	3578000	3577501	260.0	0.855268	-0.235020
3578001	3579000	3578501	329.0	0.855783	0.104556
3579001	3580000	3579501	343.0	0.856299	0.164677
3580001	3581000	3580501	323.0	0.856815	0.078003
3581001	3582000	3581501	281.0	0.857330	-0.122962
3582001	3583000	3582501	296.0	0.857846	-0.047934
3583001	3584000	3583501	324.0	0.858361	0.082462
3584001	3585000	3584501	343.0	0.858877	0.164677
3585001	3586000	3585501	259.0	0.859392	-0.240580
3586001	3587000	3586501	368.0	0.859908	0.266174
3587001	3588000	3587501	301.0	0.860423	-0.023768
3588001	3589000	3588501	274.0	0.860939	-0.159356
3589001	3590000	3589501	312.0	0.861454	0.028014
3590001	3591000	3590501	259.0	0.861970	-0.240580
3591001	3592000	3591501	474.0	0.862485	0.631355
3592001	3593000	3592501	432.0	0.863001	0.497500
3593001	3594000	3593501	343.0	0.863516	0.164677
3594001	3595000	3594501	304.0	0.864032	-0.009460
3595001	3596000	3595501	320.0	0.864548	0.064540
3596001	3597000	3596501	330.0	0.865063	0.108934
3597001	3598000	3597501	358.0	0.865579	0.226428
3598001	3599000	3598501	287.0	0.866094	-0.092481
3599001	3600000	3599501	267.0	0.866610	-0.196692
3600001	3601000	3600501	299.0	0.867125	-0.033386
3601001	3602000	3601501	300.0	0.867641	-0.028569
3602001	3603000	3602501	304.0	0.868156	-0.009460
3603001	3604000	3603501	369.0	0.868672	0.270089
3604001	3605000	3604501	330.0	0.869187	0.108934
3605001	3606000	3605501	343.0	0.869703	0.164677
3606001	3607000	3606501	332.0	0.870218	0.117652
3607001	3608000	3607501	315.0	0.870734	0.041820
3608001	3609000	3608501	315.0	0.871249	0.041820
3609001	3610000	3609501	341.0	0.871765	0.156240
3610001	3611000	3610501	353.0	0.872281	0.206137
3611001	3612000	3611501	312.0	0.872796	0.028014
3612001	3613000	3612501	334.0	0.873312	0.126316
3613001	3614000	3613501	405.0	0.873827	0.404390
3614001	3615000	3614501	402.0	0.874343	0.393664
3615001	3616000	3615501	310.0	0.874858	0.018737
3616001	3617000	3616501	315.0	0.875374	0.041820
3617001	3618000	3617501	325.0	0.875889	0.086908
3618001	3619000	3618501	479.0	0.876405	0.646494
3619001	3620000	3619501	435.0	0.876920	0.507484
3620001	3621000	3620501	313.0	0.877436	0.032631
3621001	3622000	3621501	296.0	0.877951	-0.047934
3622001	3623000	3622501	313.0	0.878467	0.032631
3623001	3624000	3623501	433.0	0.878982	0.500835
3624001	3625000	3624501	405.0	0.879498	0.404390
3625001	3626000	3625501	422.0	0.880013	0.463711
3626001	3627000	3626501	398.0	0.880529	0.379237
3627001	3628000	3627501	363.0	0.881045	0.246438
3628001	3629000	3628501	376.0	0.881560	0.297201
3629001	3630000	3629501	326.0	0.882076	0.091340
3630001	3631000	3630501	381.0	0.882591	0.316259
3631001	3632000	3631501	367.0	0.883107	0.262248
3632001	3633000	3632501	371.0	0.883622	0.277888
3633001	3634000	3633501	382.0	0.884138	0.320041
3634001	3635000	3634501	389.0	0.884653	0.346239
3635001	3636000	3635501	402.0	0.885169	0.393664
3636001	3637000	3636501	322.0	0.885684	0.073529
3637001	3638000	3637501	328.0	0.886200	0.100164
3638001	3639000	3638501	230.0	0.886715	-0.411898
3639001	3640000	3639501	253.0	0.887231	-0.274394
3640001	3641000	3640501	286.0	0.887746	-0.097517
3641001	3642000	3641501	326.0	0.888262	0.091340
3642001	3643000	3642501	413.0	0.888778	0.432610
3643001	3644000	3643501	329.0	0.889293	0.104556
3644001	3645000	3644501	299.0	0.889809	-0.033386
3645001	3646000	3645501	371.0	0.890324	0.277888
3646001	3647000	3646501	343.0	0.890840	0.164677
3647001	3648000	3647501	314.0	0.891355	0.037233
3648001	3649000	3648501	296.0	0.891871	-0.047934
3649001	3650000	3649501	353.0	0.892386	0.206137
3650001	3651000	3650501	393.0	0.892902	0.360998
3651001	3652000	3651501	399.0	0.893417	0.382857
3652001	3653000	3652501	282.0	0.893933	-0.117836
3653001	3654000	3653501	315.0	0.894448	0.041820
3654001	3655000	3654501	311.0	0.894964	0.023383
3655001	3656000	3655501	329.0	0.895479	0.104556
3656001	3657000	3656501	256.0	0.895995	-0.257388
3657001	3658000	3657501	262.0	0.896511	-0.223965
3658001	3659000	3658501	323.0	0.897026	0.078003
3659001	3660000	3659501	405.0	0.897542	0.404390
3660001	3661000	3660501	307.0	0.898057	0.004707
3661001	3662000	3661501	269.0	0.898573	-0.185925
3662001	3663000	3662501	305.0	0.899088	-0.004722
3663001	3664000	3663501	286.0	0.899604	-0.097517
3664001	3665000	3664501	280.0	0.900119	-0.128105
3665001	3666000	3665501	258.0	0.900635	-0.246161
3666001	3667000	3666501	266.0	0.901150	-0.202105
3667001	3668000	3667501	275.0	0.901666	-0.154100
3668001	3669000	3668501	339.0	0.902181	0.147754
3669001	3670000	3669501	348.0	0.902697	0.185556
3670001	3671000	3670501	293.0	0.903212	-0.062631
3671001	3672000	3671501	247.0	0.903728	-0.309021
3672001	3673000	3672501	262.0	0.904244	-0.223965
3673001	3674000	3673501	372.0	0.904759	0.281771
3674001	3675000	3674501	272.0	0.905275	-0.169925
3675001	3676000	3675501	275.0	0.905790	-0.154100
3676001	3677000	3676501	256.0	0.906306	-0.257388
3677001	3678000	3677501	264.0	0.906821	-0.212994
3678001	3679000	3678501	307.0	0.907337	0.004707
3679001	3680000	3679501	320.0	0.907852	0.064540
3680001	3681000	3680501	329.0	0.908368	0.104556
3681001	3682000	3681501	343.0	0.908883	0.164677
3682001	3683000	3682501	337.0	0.909399	0.139217
3683001	3684000	3683501	296.0	0.909914	-0.047934
3684001	3685000	3684501	288.0	0.910430	-0.087463
3685001	3686000	3685501	298.0	0.910945	-0.038219
3686001	3687000	3686501	346.0	0.911461	0.177240
3687001	3688000	3687501	357.0	0.911976	0.222392
3688001	3689000	3688501	272.0	0.912492	-0.169925
3689001	3690000	3689501	310.0	0.913008	0.018737
3690001	3691000	3690501	317.0	0.913523	0.050951
3691001	3692000	3691501	274.0	0.914039	-0.159356
3692001	3693000	3692501	336.0	0.914554	0.134930
3693001	3694000	3693501	423.0	0.915070	0.467126
3694001	3695000	3694501	460.0	0.915585	0.588102
3695001	3696000	3695501	402.0	0.916101	0.393664
3696001	3697000	3696501	227.0	0.916616	-0.430839
3697001	3698000	3697501	211.0	0.917132	-0.536289
3698001	3699000	3698501	225.0	0.917647	-0.443607
3699001	3700000	3699501	271.0	0.918163	-0.175239
3700001	3701000	3700501	268.0	0.918678	-0.191299
3701001	3702000	3701501	231.0	0.919194	-0.405639
3702001	3703000	3702501	242.0	0.919709	-0.338525
3703001	3704000	3703501	229.0	0.920225	-0.418184
3704001	3705000	3704501	255.0	0.920741	-0.263034
3705001	3706000	3705501	279.0	0.921256	-0.133267
3706001	3707000	3706501	264.0	0.921772	-0.212994
3707001	3708000	3707501	249.0	0.922287	-0.297386
3708001	3709000	3708501	253.0	0.922803	-0.274394
3709001	3710000	3709501	288.0	0.923318	-0.087463
3710001	3711000	3710501	366.0	0.923834	0.258312
3711001	3712000	3711501	420.0	0.924349	0.456858
3712001	3713000	3712501	384.0	0.924865	0.327575
3713001	3714000	3713501	354.0	0.925380	0.210218
3714001	3715000	3714501	344.0	0.925896	0.168877
3715001	3716000	3715501	263.0	0.926411	-0.218469
3716001	3717000	3716501	296.0	0.926927	-0.047934
3717001	3718000	3717501	268.0	0.927442	-0.191299
3718001	3719000	3718501	252.0	0.927958	-0.280108
3719001	3720000	3719501	339.0	0.928474	0.147754
3720001	3721000	3720501	328.0	0.928989	0.100164
3721001	3722000	3721501	346.0	0.929505	0.177240
3722001	3723000	3722501	350.0	0.930020	0.193823
3723001	3724000	3723501	295.0	0.930536	-0.052817
3724001	3725000	3724501	252.0	0.931051	-0.280108
3725001	3726000	3725501	280.0	0.931567	-0.128105
3726001	3727000	3726501	242.0	0.932082	-0.338525
3727001	3728000	3727501	281.0	0.932598	-0.122962
3728001	3729000	3728501	263.0	0.933113	-0.218469
3729001	3730000	3729501	316.0	0.933629	0.046393
3730001	3731000	3730501	296.0	0.934144	-0.047934
3731001	3732000	3731501	315.0	0.934660	0.041820
3732001	3733000	3732501	341.0	0.935175	0.156240
3733001	3734000	3733501	313.0	0.935691	0.032631
3734001	3735000	3734501	293.0	0.936206	-0.062631
3735001	3736000	3735501	320.0	0.936722	0.064540
3736001	3737000	3736501	297.0	0.937238	-0.043069
3737001	3738000	3737501	303.0	0.937753	-0.014214
3738001	3739000	3738501	342.0	0.938269	0.160465
3739001	3740000	3739501	347.0	0.938784	0.181404
3740001	3741000	3740501	239.0	0.939300	-0.356521
3741001	3742000	3741501	262.0	0.939815	-0.223965
3742001	3743000	3742501	294.0	0.940331	-0.057715
3743001	3744000	3743501	309.0	0.940846	0.014075
3744001	3745000	3744501	305.0	0.941362	-0.004722
3745001	3746000	3745501	304.0	0.941877	-0.009460
3746001	3747000	3746501	359.0	0.942393	0.230452
3747001	3748000	3747501	359.0	0.942908	0.230452
3748001	3749000	3748501	306.0	0.943424	0.000000
3749001	3750000	3749501	304.0	0.943939	-0.009460
3750001	3751000	3750501	323.0	0.944455	0.078003
3751001	3752000	3751501	317.0	0.944971	0.050951
3752001	3753000	3752501	315.0	0.945486	0.041820
3753001	3754000	3753501	280.0	0.946002	-0.128105
3754001	3755000	3754501	286.0	0.946517	-0.097517
3755001	3756000	3755501	366.0	0.947033	0.258312
3756001	3757000	3756501	287.0	0.947548	-0.092481
3757001	3758000	3757501	246.0	0.948064	-0.314873
3758001	3759000	3758501	236.0	0.948579	-0.374745
3759001	3760000	3759501	360.0	0.949095	0.234465
3760001	3761000	3760501	324.0	0.949610	0.082462
3761001	3762000	3761501	329.0	0.950126	0.104556
3762001	3763000	3762501	281.0	0.950641	-0.122962
3763001	3764000	3763501	295.0	0.951157	-0.052817
3764001	3765000	3764501	280.0	0.951672	-0.128105
3765001	3766000	3765501	370.0	0.952188	0.273994
3766001	3767000	3766501	371.0	0.952704	0.277888
3767001	3768000	3767501	328.0	0.953219	0.100164
3768001	3769000	3768501	285.0	0.953735	-0.102570
3769001	3770000	3769501	290.0	0.954250	-0.077479
3770001	3771000	3770501	223.0	0.954766	-0.456488
3771001	3772000	3771501	276.0	0.955281	-0.148863
3772001	3773000	3772501	321.0	0.955797	0.069042
3773001	3774000	3773501	317.0	0.956312	0.050951
3774001	3775000	3774501	328.0	0.956828	0.100164
3775001	3776000	3775501	239.0	0.957343	-0.356521
3776001	3777000	3776501	307.0	0.957859	0.004707
3777001	3778000	3777501	388.0	0.958374	0.342525
3778001	3779000	3778501	523.0	0.958890	0.773279
3779001	3780000	3779501	455.0	0.959405	0.572335
3780001	3781000	3780501	388.0	0.959921	0.342525
3781001	3782000	3781501	505.0	0.960437	0.722752
3782001	3783000	3782501	427.0	0.960952	0.480704
3783001	3784000	3783501	495.0	0.961468	0.693897
3784001	3785000	3784501	349.0	0.961983	0.189695
3785001	3786000	3785501	306.0	0.962499	0.000000
3786001	3787000	3786501	320.0	0.963014	0.064540
3787001	3788000	3787501	336.0	0.963530	0.134930
3788001	3789000	3788501	315.0	0.964045	0.041820
3789001	3790000	3789501	369.0	0.964561	0.270089
3790001	3791000	3790501	344.0	0.965076	0.168877
3791001	3792000	3791501	319.0	0.965592	0.060025
3792001	3793000	3792501	331.0	0.966107	0.113300
3793001	3794000	3793501	305.0	0.966623	-0.004722
3794001	3795000	3794501	311.0	0.967138	0.023383
3795001	3796000	3795501	283.0	0.967654	-0.112730
3796001	3797000	3796501	344.0	0.968169	0.168877
3797001	3798000	3797501	237.0	0.968685	-0.368645
3798001	3799000	3798501	326.0	0.969201	0.091340
3799001	3800000	3799501	252.0	0.969716	-0.280108
3800001	3801000	3800501	293.0	0.970232	-0.062631
3801001	3802000	3801501	377.0	0.970747	0.301033
3802001	3803000	3802501	337.0	0.971263	0.139217
3803001	3804000	3803501	298.0	0.971778	-0.038219
3804001	3805000	3804501	299.0	0.972294	-0.033386
3805001	3806000	3805501	280.0	0.972809	-0.128105
3806001	3807000	3806501	364.0	0.973325	0.250407
3807001	3808000	3807501	365.0	0.973840	0.254365
3808001	3809000	3808501	364.0	0.974356	0.250407
3809001	3810000	3809501	323.0	0.974871	0.078003
3810001	3811000	3810501	265.0	0.975387	-0.207539
3811001	3812000	3811501	321.0	0.975902	0.069042
3812001	3813000	3812501	367.0	0.976418	0.262248
3813001	3814000	3813501	334.0	0.976934	0.126316
3814001	3815000	3814501	274.0	0.977449	-0.159356
3815001	3816000	3815501	284.0	0.977965	-0.107641
3816001	3817000	3816501	227.0	0.978480	-0.430839
3817001	3818000	3817501	249.0	0.978996	-0.297386
3818001	3819000	3818501	327.0	0.979511	0.095759
3819001	3820000	3819501	467.0	0.980027	0.609891
3820001	3821000	3820501	432.0	0.980542	0.497500
3821001	3822000	3821501	322.0	0.981058	0.073529
3822001	3823000	3822501	319.0	0.981573	0.060025
3823001	3824000	3823501	401.0	0.982089	0.390071
3824001	3825000	3824501	268.0	0.982604	-0.191299
3825001	3826000	3825501	256.0	0.983120	-0.257388
3826001	3827000	3826501	360.0	0.983635	0.234465
3827001	3828000	3827501	278.0	0.984151	-0.138447
3828001	3829000	3828501	251.0	0.984667	-0.285844
3829001	3830000	3829501	261.0	0.985182	-0.229482
3830001	3831000	3830501	260.0	0.985698	-0.235020
3831001	3832000	3831501	318.0	0.986213	0.055495
3832001	3833000	3832501	262.0	0.986729	-0.223965
3833001	3834000	3833501	381.0	0.987244	0.316259
3834001	3835000	3834501	388.0	0.987760	0.342525
3835001	3836000	3835501	385.0	0.988275	0.331327
3836001	3837000	3836501	348.0	0.988791	0.185556
3837001	3838000	3837501	428.0	0.989306	0.484079
3838001	3839000	3838501	408.0	0.989822	0.415037
3839001	3840000	3839501	393.0	0.990337	0.360998
3840001	3841000	3840501	406.0	0.990853	0.407948
3841001	3842000	3841501	368.0	0.991368	0.266174
3842001	3843000	3842501	369.0	0.991884	0.270089
3843001	3844000	3843501	314.0	0.992400	0.037233
3844001	3845000	3844501	263.0	0.992915	-0.218469
3845001	3846000	3845501	332.0	0.993431	0.117652
3846001	3847000	3846501	341.0	0.993946	0.156240
3847001	3848000	3847501	316.0	0.994462	0.046393
3848001	3849000	3848501	325.0	0.994977	0.086908
3849001	3850000	3849501	339.0	0.995493	0.147754
3850001	3851000	3850501	361.0	0.996008	0.238467
3851001	3852000	3851501	274.0	0.996524	-0.159356
3852001	3853000	3852501	255.0	0.997039	-0.263034
3853001	3854000	3853501	272.0	0.997555	-0.169925
3854001	3855000	3854501	280.0	0.998070	-0.128105
3855001	3856000	3855501	348.0	0.998586	0.185556
3856001	3857000	3856501	366.0	0.999101	0.258312
