Sample	0	1	2	3	4	5	6	7	8	9	10	11	12	13	14	15	16	17	18	19	20	21	22	23	24	25	26	27	28	29	30	31	32	33	34	35	36	37	38	39	40	41	42	43	44	45	46	47	48	49	50	51	52	53	54	55	56	57	58	59	60	61	62	63	64	65	66	67	68	69	70	71	72	73	74	75	76	77	78	79	80	81	82	83	84	85	86	87	88	89	90	91	92	93	94	95	96	97	98	99	100
PID-2861-10_R1	(0.0, 0.0)	(1.0, 0.0)	(2.0, 0.0)	(3.0, 0.0)	(4.0, 0.0)	(5.0, 0.0)	(6.0, 0.0)	(7.0, 1.0)	(8.0, 3.5)	(9.0, 11.5)	(10.0, 27.5)	(11.0, 44.0)	(12.0, 71.5)	(13.0, 137.0)	(14.0, 241.0)	(15.0, 423.5)	(16.0, 641.0)	(17.0, 915.5)	(18.0, 1270.5)	(19.0, 1630.5)	(20.0, 2131.5)	(21.0, 2696.0)	(22.0, 3253.0)	(23.0, 3977.0)	(24.0, 4881.0)	(25.0, 5900.5)	(26.0, 7074.0)	(27.0, 8328.5)	(28.0, 10009.0)	(29.0, 12089.0)	(30.0, 14386.0)	(31.0, 17202.0)	(32.0, 20333.5)	(33.0, 23858.5)	(34.0, 28109.0)	(35.0, 32451.5)	(36.0, 37082.0)	(37.0, 41855.0)	(38.0, 46143.5)	(39.0, 49804.0)	(40.0, 52299.5)	(41.0, 53561.5)	(42.0, 52532.5)	(43.0, 49447.5)	(44.0, 45385.0)	(45.0, 40170.0)	(46.0, 34579.0)	(47.0, 28629.0)	(48.0, 22425.5)	(49.0, 16935.5)	(50.0, 12551.5)	(51.0, 9112.5)	(52.0, 6387.5)	(53.0, 4453.5)	(54.0, 2943.5)	(55.0, 1981.0)	(56.0, 1425.5)	(57.0, 949.5)	(58.0, 642.0)	(59.0, 459.0)	(60.0, 331.0)	(61.0, 249.5)	(62.0, 201.5)	(63.0, 165.5)	(64.0, 139.0)	(65.0, 107.0)	(66.0, 81.5)	(67.0, 72.5)	(68.0, 48.0)	(69.0, 18.5)	(70.0, 21.5)	(71.0, 21.0)	(72.0, 9.5)	(73.0, 4.0)	(74.0, 4.0)	(75.0, 4.0)	(76.0, 2.0)	(77.0, 1.5)	(78.0, 0.5)	(79.0, 0.0)	(80.0, 1.0)	(81.0, 1.0)	(82.0, 1.0)	(83.0, 1.5)	(84.0, 0.5)	(85.0, 0.0)	(86.0, 0.0)	(87.0, 0.0)	(88.0, 0.0)	(89.0, 0.0)	(90.0, 0.0)	(91.0, 1.0)	(92.0, 1.0)	(93.0, 0.0)	(94.0, 0.5)	(95.0, 0.5)	(96.0, 0.0)	(97.0, 0.0)	(98.0, 0.5)	(99.0, 0.5)	(100.0, 0.0)
PID-2861-10_R2	(0.0, 0.0)	(1.0, 0.5)	(2.0, 0.5)	(3.0, 0.0)	(4.0, 0.0)	(5.0, 0.0)	(6.0, 0.5)	(7.0, 0.5)	(8.0, 1.5)	(9.0, 14.5)	(10.0, 30.0)	(11.0, 41.5)	(12.0, 71.0)	(13.0, 139.0)	(14.0, 240.0)	(15.0, 414.0)	(16.0, 614.0)	(17.0, 874.0)	(18.0, 1207.0)	(19.0, 1495.5)	(20.0, 2013.0)	(21.0, 2614.5)	(22.0, 3102.5)	(23.0, 3804.5)	(24.0, 4645.0)	(25.0, 5669.0)	(26.0, 6787.0)	(27.0, 8054.5)	(28.0, 9787.0)	(29.0, 11760.5)	(30.0, 14021.0)	(31.0, 16798.0)	(32.0, 19962.0)	(33.0, 23482.0)	(34.0, 27498.0)	(35.0, 32106.0)	(36.0, 36798.0)	(37.0, 41568.0)	(38.0, 46073.0)	(39.0, 49489.0)	(40.0, 52052.0)	(41.0, 53174.0)	(42.0, 52288.0)	(43.0, 49641.0)	(44.0, 45606.0)	(45.0, 40795.0)	(46.0, 34767.5)	(47.0, 27995.5)	(48.0, 22167.5)	(49.0, 17207.0)	(50.0, 12969.5)	(51.0, 9509.5)	(52.0, 6739.0)	(53.0, 4648.5)	(54.0, 3087.0)	(55.0, 2139.0)	(56.0, 1546.5)	(57.0, 1095.0)	(58.0, 762.0)	(59.0, 513.5)	(60.0, 397.0)	(61.0, 348.5)	(62.0, 273.0)	(63.0, 216.5)	(64.0, 181.0)	(65.0, 151.0)	(66.0, 150.0)	(67.0, 123.5)	(68.0, 79.0)	(69.0, 58.5)	(70.0, 60.0)	(71.0, 52.0)	(72.0, 42.5)	(73.0, 42.0)	(74.0, 33.0)	(75.0, 34.0)	(76.0, 36.5)	(77.0, 28.0)	(78.0, 19.0)	(79.0, 30.0)	(80.0, 34.5)	(81.0, 23.5)	(82.0, 21.0)	(83.0, 25.0)	(84.0, 20.5)	(85.0, 20.0)	(86.0, 25.0)	(87.0, 27.5)	(88.0, 27.0)	(89.0, 27.5)	(90.0, 34.0)	(91.0, 35.0)	(92.0, 31.5)	(93.0, 29.0)	(94.0, 32.5)	(95.0, 38.0)	(96.0, 50.5)	(97.0, 76.5)	(98.0, 114.0)	(99.0, 205.5)	(100.0, 1183.5)
PID-2861-11_R1	(0.0, 0.0)	(1.0, 0.0)	(2.0, 0.0)	(3.0, 0.0)	(4.0, 0.0)	(5.0, 0.5)	(6.0, 1.0)	(7.0, 2.0)	(8.0, 5.0)	(9.0, 14.0)	(10.0, 40.0)	(11.0, 70.0)	(12.0, 106.5)	(13.0, 200.5)	(14.0, 360.0)	(15.0, 632.5)	(16.0, 935.0)	(17.0, 1356.0)	(18.0, 1835.0)	(19.0, 2288.5)	(20.0, 2982.5)	(21.0, 3726.0)	(22.0, 4517.5)	(23.0, 5451.5)	(24.0, 6649.5)	(25.0, 8112.0)	(26.0, 9476.0)	(27.0, 11070.0)	(28.0, 13138.5)	(29.0, 15509.0)	(30.0, 18063.5)	(31.0, 20971.0)	(32.0, 24475.5)	(33.0, 28198.5)	(34.0, 32483.5)	(35.0, 36921.0)	(36.0, 41217.5)	(37.0, 45674.0)	(38.0, 49219.5)	(39.0, 52023.0)	(40.0, 54119.5)	(41.0, 54101.0)	(42.0, 51985.0)	(43.0, 48219.0)	(44.0, 43507.0)	(45.0, 38481.0)	(46.0, 32621.0)	(47.0, 26296.0)	(48.0, 20477.0)	(49.0, 15547.5)	(50.0, 11489.0)	(51.0, 8331.5)	(52.0, 5912.0)	(53.0, 4059.5)	(54.0, 2652.0)	(55.0, 1759.0)	(56.0, 1271.5)	(57.0, 899.0)	(58.0, 649.0)	(59.0, 461.0)	(60.0, 344.0)	(61.0, 288.5)	(62.0, 211.0)	(63.0, 163.0)	(64.0, 143.5)	(65.0, 107.0)	(66.0, 87.0)	(67.0, 73.5)	(68.0, 49.0)	(69.0, 27.0)	(70.0, 19.5)	(71.0, 16.0)	(72.0, 9.5)	(73.0, 3.5)	(74.0, 0.5)	(75.0, 0.5)	(76.0, 1.5)	(77.0, 1.5)	(78.0, 0.5)	(79.0, 0.0)	(80.0, 0.0)	(81.0, 1.0)	(82.0, 1.0)	(83.0, 1.5)	(84.0, 1.5)	(85.0, 1.0)	(86.0, 1.0)	(87.0, 0.5)	(88.0, 1.0)	(89.0, 0.5)	(90.0, 0.0)	(91.0, 0.0)	(92.0, 0.5)	(93.0, 1.0)	(94.0, 0.5)	(95.0, 0.0)	(96.0, 0.5)	(97.0, 1.0)	(98.0, 1.0)	(99.0, 0.5)	(100.0, 0.0)
PID-2861-11_R2	(0.0, 0.0)	(1.0, 0.0)	(2.0, 0.0)	(3.0, 0.0)	(4.0, 0.0)	(5.0, 0.0)	(6.0, 0.5)	(7.0, 3.0)	(8.0, 7.5)	(9.0, 18.0)	(10.0, 39.0)	(11.0, 63.0)	(12.0, 106.0)	(13.0, 200.5)	(14.0, 351.5)	(15.0, 607.5)	(16.0, 917.5)	(17.0, 1276.0)	(18.0, 1681.5)	(19.0, 2184.0)	(20.0, 2970.5)	(21.0, 3758.5)	(22.0, 4490.5)	(23.0, 5355.5)	(24.0, 6541.0)	(25.0, 7855.0)	(26.0, 9158.5)	(27.0, 10945.5)	(28.0, 13187.0)	(29.0, 15561.5)	(30.0, 18068.5)	(31.0, 21072.0)	(32.0, 24639.5)	(33.0, 28267.0)	(34.0, 32225.0)	(35.0, 36783.5)	(36.0, 41120.0)	(37.0, 45448.0)	(38.0, 49075.5)	(39.0, 51716.5)	(40.0, 53271.0)	(41.0, 53255.5)	(42.0, 51633.5)	(43.0, 48128.0)	(44.0, 43722.0)	(45.0, 38390.0)	(46.0, 32324.5)	(47.0, 26209.0)	(48.0, 20473.0)	(49.0, 15490.0)	(50.0, 11466.5)	(51.0, 8363.0)	(52.0, 5924.5)	(53.0, 4151.0)	(54.0, 2790.0)	(55.0, 1912.0)	(56.0, 1428.5)	(57.0, 1001.5)	(58.0, 672.0)	(59.0, 480.5)	(60.0, 380.5)	(61.0, 306.0)	(62.0, 257.0)	(63.0, 221.0)	(64.0, 173.5)	(65.0, 149.0)	(66.0, 126.5)	(67.0, 105.0)	(68.0, 84.0)	(69.0, 62.5)	(70.0, 49.5)	(71.0, 38.0)	(72.0, 37.5)	(73.0, 33.0)	(74.0, 30.5)	(75.0, 23.5)	(76.0, 25.0)	(77.0, 25.5)	(78.0, 25.5)	(79.0, 26.0)	(80.0, 24.5)	(81.0, 25.0)	(82.0, 19.0)	(83.0, 25.5)	(84.0, 30.5)	(85.0, 25.5)	(86.0, 24.0)	(87.0, 22.0)	(88.0, 19.0)	(89.0, 21.0)	(90.0, 22.0)	(91.0, 21.0)	(92.0, 20.0)	(93.0, 24.5)	(94.0, 34.0)	(95.0, 37.5)	(96.0, 44.0)	(97.0, 64.0)	(98.0, 107.0)	(99.0, 202.5)	(100.0, 1243.5)
PID-2861-12_R1	(0.0, 0.0)	(1.0, 0.0)	(2.0, 0.0)	(3.0, 0.0)	(4.0, 0.5)	(5.0, 1.0)	(6.0, 1.5)	(7.0, 4.5)	(8.0, 7.0)	(9.0, 12.0)	(10.0, 22.5)	(11.0, 43.5)	(12.0, 75.0)	(13.0, 152.0)	(14.0, 270.0)	(15.0, 469.0)	(16.0, 737.0)	(17.0, 1056.0)	(18.0, 1449.5)	(19.0, 1836.5)	(20.0, 2487.0)	(21.0, 3227.0)	(22.0, 3901.5)	(23.0, 4716.5)	(24.0, 5745.0)	(25.0, 6952.5)	(26.0, 8225.5)	(27.0, 9695.5)	(28.0, 11519.5)	(29.0, 13457.0)	(30.0, 15748.5)	(31.0, 18560.0)	(32.0, 21508.5)	(33.0, 24798.5)	(34.0, 28366.0)	(35.0, 32372.5)	(36.0, 36344.5)	(37.0, 40002.5)	(38.0, 43206.5)	(39.0, 45563.5)	(40.0, 47100.0)	(41.0, 46968.5)	(42.0, 45264.0)	(43.0, 42294.0)	(44.0, 38160.5)	(45.0, 33112.0)	(46.0, 27788.5)	(47.0, 22632.0)	(48.0, 17496.5)	(49.0, 13150.5)	(50.0, 9748.0)	(51.0, 7064.5)	(52.0, 4947.5)	(53.0, 3420.5)	(54.0, 2307.5)	(55.0, 1496.0)	(56.0, 1092.5)	(57.0, 781.5)	(58.0, 545.0)	(59.0, 372.5)	(60.0, 268.0)	(61.0, 222.5)	(62.0, 189.5)	(63.0, 150.0)	(64.0, 111.0)	(65.0, 91.5)	(66.0, 73.5)	(67.0, 56.0)	(68.0, 38.0)	(69.0, 19.5)	(70.0, 10.5)	(71.0, 10.0)	(72.0, 7.5)	(73.0, 3.5)	(74.0, 1.5)	(75.0, 0.0)	(76.0, 1.0)	(77.0, 1.0)	(78.0, 0.5)	(79.0, 0.5)	(80.0, 0.0)	(81.0, 0.0)	(82.0, 0.0)	(83.0, 0.0)	(84.0, 0.0)	(85.0, 0.0)	(86.0, 0.0)	(87.0, 0.5)	(88.0, 1.0)	(89.0, 0.5)	(90.0, 0.0)	(91.0, 0.0)	(92.0, 0.0)	(93.0, 0.0)	(94.0, 0.0)	(95.0, 0.5)	(96.0, 1.0)	(97.0, 1.5)	(98.0, 1.0)	(99.0, 0.0)	(100.0, 0.0)
PID-2861-12_R2	(0.0, 0.0)	(1.0, 0.0)	(2.0, 0.0)	(3.0, 0.5)	(4.0, 0.5)	(5.0, 0.0)	(6.0, 2.0)	(7.0, 3.0)	(8.0, 5.0)	(9.0, 9.5)	(10.0, 19.5)	(11.0, 44.0)	(12.0, 77.0)	(13.0, 139.5)	(14.0, 238.5)	(15.0, 440.0)	(16.0, 701.5)	(17.0, 1020.0)	(18.0, 1454.5)	(19.0, 1889.0)	(20.0, 2500.0)	(21.0, 3224.5)	(22.0, 3909.5)	(23.0, 4677.5)	(24.0, 5698.0)	(25.0, 6936.0)	(26.0, 8189.5)	(27.0, 9653.5)	(28.0, 11563.5)	(29.0, 13639.0)	(30.0, 15732.0)	(31.0, 18492.5)	(32.0, 21713.0)	(33.0, 24964.0)	(34.0, 28519.5)	(35.0, 32148.0)	(36.0, 36095.0)	(37.0, 40054.0)	(38.0, 42962.5)	(39.0, 45096.5)	(40.0, 46678.0)	(41.0, 46878.5)	(42.0, 45107.0)	(43.0, 41663.5)	(44.0, 37432.5)	(45.0, 32885.5)	(46.0, 27693.0)	(47.0, 22214.0)	(48.0, 17383.0)	(49.0, 13386.5)	(50.0, 9994.0)	(51.0, 7107.0)	(52.0, 4916.5)	(53.0, 3433.5)	(54.0, 2360.0)	(55.0, 1623.5)	(56.0, 1169.5)	(57.0, 854.0)	(58.0, 605.5)	(59.0, 406.5)	(60.0, 312.5)	(61.0, 259.0)	(62.0, 197.5)	(63.0, 167.5)	(64.0, 138.0)	(65.0, 114.5)	(66.0, 93.5)	(67.0, 78.5)	(68.0, 66.0)	(69.0, 46.0)	(70.0, 33.5)	(71.0, 35.0)	(72.0, 33.5)	(73.0, 32.0)	(74.0, 33.0)	(75.0, 28.5)	(76.0, 27.0)	(77.0, 23.0)	(78.0, 26.0)	(79.0, 23.0)	(80.0, 18.5)	(81.0, 20.5)	(82.0, 20.5)	(83.0, 15.0)	(84.0, 20.5)	(85.0, 22.0)	(86.0, 16.0)	(87.0, 17.5)	(88.0, 18.5)	(89.0, 18.0)	(90.0, 18.5)	(91.0, 16.0)	(92.0, 17.0)	(93.0, 19.5)	(94.0, 24.0)	(95.0, 29.0)	(96.0, 33.5)	(97.0, 51.5)	(98.0, 78.5)	(99.0, 143.5)	(100.0, 817.5)
PID-2861-13_R1	(0.0, 0.0)	(1.0, 0.0)	(2.0, 0.0)	(3.0, 0.0)	(4.0, 0.0)	(5.0, 0.5)	(6.0, 3.0)	(7.0, 9.0)	(8.0, 9.0)	(9.0, 22.0)	(10.0, 39.0)	(11.0, 54.5)	(12.0, 100.5)	(13.0, 210.5)	(14.0, 363.0)	(15.0, 609.0)	(16.0, 895.0)	(17.0, 1315.5)	(18.0, 1853.0)	(19.0, 2285.0)	(20.0, 2943.5)	(21.0, 3716.5)	(22.0, 4567.5)	(23.0, 5507.0)	(24.0, 6676.5)	(25.0, 7970.5)	(26.0, 9314.0)	(27.0, 10982.0)	(28.0, 12933.0)	(29.0, 15151.0)	(30.0, 17746.5)	(31.0, 20902.5)	(32.0, 24408.0)	(33.0, 28349.5)	(34.0, 32789.5)	(35.0, 37490.5)	(36.0, 42493.0)	(37.0, 47281.0)	(38.0, 51356.0)	(39.0, 54871.0)	(40.0, 57175.0)	(41.0, 57878.0)	(42.0, 56499.0)	(43.0, 53291.5)	(44.0, 48769.0)	(45.0, 43156.0)	(46.0, 36660.0)	(47.0, 29644.0)	(48.0, 23470.0)	(49.0, 18179.0)	(50.0, 13696.5)	(51.0, 10171.0)	(52.0, 7333.5)	(53.0, 5127.0)	(54.0, 3420.5)	(55.0, 2296.5)	(56.0, 1645.0)	(57.0, 1165.5)	(58.0, 773.0)	(59.0, 537.5)	(60.0, 422.0)	(61.0, 318.5)	(62.0, 233.0)	(63.0, 184.0)	(64.0, 156.0)	(65.0, 125.5)	(66.0, 120.0)	(67.0, 94.0)	(68.0, 52.0)	(69.0, 29.0)	(70.0, 16.0)	(71.0, 16.5)	(72.0, 14.0)	(73.0, 6.5)	(74.0, 3.5)	(75.0, 1.5)	(76.0, 1.5)	(77.0, 0.5)	(78.0, 0.5)	(79.0, 1.0)	(80.0, 0.5)	(81.0, 0.0)	(82.0, 0.0)	(83.0, 0.5)	(84.0, 1.5)	(85.0, 2.0)	(86.0, 2.5)	(87.0, 1.5)	(88.0, 0.0)	(89.0, 0.0)	(90.0, 0.0)	(91.0, 0.0)	(92.0, 0.0)	(93.0, 0.0)	(94.0, 0.0)	(95.0, 0.0)	(96.0, 0.5)	(97.0, 1.0)	(98.0, 0.5)	(99.0, 0.0)	(100.0, 0.0)
PID-2861-13_R2	(0.0, 0.0)	(1.0, 0.0)	(2.0, 0.0)	(3.0, 0.0)	(4.0, 0.5)	(5.0, 0.5)	(6.0, 0.5)	(7.0, 1.5)	(8.0, 6.0)	(9.0, 17.0)	(10.0, 33.0)	(11.0, 56.5)	(12.0, 96.0)	(13.0, 185.0)	(14.0, 335.5)	(15.0, 553.5)	(16.0, 810.0)	(17.0, 1223.0)	(18.0, 1762.5)	(19.0, 2188.5)	(20.0, 2844.0)	(21.0, 3603.0)	(22.0, 4332.5)	(23.0, 5249.0)	(24.0, 6299.5)	(25.0, 7616.5)	(26.0, 9092.5)	(27.0, 10703.0)	(28.0, 12679.0)	(29.0, 14941.5)	(30.0, 17460.0)	(31.0, 20578.5)	(32.0, 24148.5)	(33.0, 27989.5)	(34.0, 32322.0)	(35.0, 36997.0)	(36.0, 41938.0)	(37.0, 46582.5)	(38.0, 50878.5)	(39.0, 54485.5)	(40.0, 57030.5)	(41.0, 57907.5)	(42.0, 56213.5)	(43.0, 52796.5)	(44.0, 48194.5)	(45.0, 42758.0)	(46.0, 36816.5)	(47.0, 30212.0)	(48.0, 24076.5)	(49.0, 18762.0)	(50.0, 14146.0)	(51.0, 10497.5)	(52.0, 7572.5)	(53.0, 5447.5)	(54.0, 3727.0)	(55.0, 2570.0)	(56.0, 1860.5)	(57.0, 1303.0)	(58.0, 920.0)	(59.0, 640.5)	(60.0, 490.5)	(61.0, 397.0)	(62.0, 327.5)	(63.0, 267.0)	(64.0, 222.5)	(65.0, 198.0)	(66.0, 154.0)	(67.0, 106.5)	(68.0, 86.5)	(69.0, 75.5)	(70.0, 66.0)	(71.0, 63.5)	(72.0, 55.0)	(73.0, 47.5)	(74.0, 44.0)	(75.0, 40.5)	(76.0, 37.5)	(77.0, 37.5)	(78.0, 40.5)	(79.0, 31.5)	(80.0, 25.5)	(81.0, 30.5)	(82.0, 27.0)	(83.0, 29.5)	(84.0, 36.5)	(85.0, 34.5)	(86.0, 31.5)	(87.0, 30.0)	(88.0, 32.0)	(89.0, 34.5)	(90.0, 33.0)	(91.0, 37.0)	(92.0, 41.5)	(93.0, 39.5)	(94.0, 44.5)	(95.0, 45.0)	(96.0, 40.0)	(97.0, 57.5)	(98.0, 121.0)	(99.0, 236.5)	(100.0, 1400.0)
PID-2861-14_R1	(0.0, 0.0)	(1.0, 0.0)	(2.0, 0.0)	(3.0, 0.0)	(4.0, 0.5)	(5.0, 0.5)	(6.0, 2.5)	(7.0, 5.5)	(8.0, 9.5)	(9.0, 23.0)	(10.0, 46.5)	(11.0, 62.5)	(12.0, 111.5)	(13.0, 235.5)	(14.0, 419.0)	(15.0, 675.0)	(16.0, 972.5)	(17.0, 1386.0)	(18.0, 1962.0)	(19.0, 2482.0)	(20.0, 3179.0)	(21.0, 4070.5)	(22.0, 4948.0)	(23.0, 5917.0)	(24.0, 7098.0)	(25.0, 8421.0)	(26.0, 9954.5)	(27.0, 11688.0)	(28.0, 13840.0)	(29.0, 16438.0)	(30.0, 19073.0)	(31.0, 21995.0)	(32.0, 25657.5)	(33.0, 29779.5)	(34.0, 34264.5)	(35.0, 38971.0)	(36.0, 43818.0)	(37.0, 48688.0)	(38.0, 52445.0)	(39.0, 55427.5)	(40.0, 57455.5)	(41.0, 57547.5)	(42.0, 55521.5)	(43.0, 51728.0)	(44.0, 47152.5)	(45.0, 41741.5)	(46.0, 35556.5)	(47.0, 28951.5)	(48.0, 22560.0)	(49.0, 17199.0)	(50.0, 13098.5)	(51.0, 9816.0)	(52.0, 6955.0)	(53.0, 4874.0)	(54.0, 3363.5)	(55.0, 2365.5)	(56.0, 1748.0)	(57.0, 1254.0)	(58.0, 872.0)	(59.0, 595.5)	(60.0, 457.0)	(61.0, 359.5)	(62.0, 276.5)	(63.0, 219.5)	(64.0, 169.0)	(65.0, 140.0)	(66.0, 122.5)	(67.0, 86.5)	(68.0, 53.5)	(69.0, 32.5)	(70.0, 29.5)	(71.0, 31.5)	(72.0, 20.0)	(73.0, 5.5)	(74.0, 1.0)	(75.0, 1.0)	(76.0, 1.5)	(77.0, 1.5)	(78.0, 1.5)	(79.0, 2.0)	(80.0, 1.5)	(81.0, 1.0)	(82.0, 1.5)	(83.0, 1.5)	(84.0, 1.5)	(85.0, 1.5)	(86.0, 2.0)	(87.0, 1.5)	(88.0, 0.5)	(89.0, 1.0)	(90.0, 1.0)	(91.0, 0.5)	(92.0, 0.0)	(93.0, 0.5)	(94.0, 0.5)	(95.0, 0.0)	(96.0, 0.0)	(97.0, 0.0)	(98.0, 1.0)	(99.0, 1.0)	(100.0, 0.0)
PID-2861-14_R2	(0.0, 0.0)	(1.0, 0.0)	(2.0, 0.0)	(3.0, 0.0)	(4.0, 0.0)	(5.0, 0.0)	(6.0, 0.0)	(7.0, 3.0)	(8.0, 9.0)	(9.0, 29.5)	(10.0, 47.0)	(11.0, 67.5)	(12.0, 103.5)	(13.0, 228.0)	(14.0, 423.0)	(15.0, 674.5)	(16.0, 990.5)	(17.0, 1443.0)	(18.0, 1934.5)	(19.0, 2431.5)	(20.0, 3201.0)	(21.0, 3994.5)	(22.0, 4919.0)	(23.0, 5923.5)	(24.0, 6972.0)	(25.0, 8285.0)	(26.0, 9835.5)	(27.0, 11645.5)	(28.0, 13728.5)	(29.0, 15980.5)	(30.0, 18732.0)	(31.0, 22183.0)	(32.0, 25698.5)	(33.0, 29754.5)	(34.0, 34253.5)	(35.0, 38644.0)	(36.0, 43362.5)	(37.0, 48216.0)	(38.0, 51979.0)	(39.0, 54743.5)	(40.0, 56942.0)	(41.0, 57111.0)	(42.0, 55013.5)	(43.0, 51579.0)	(44.0, 46784.0)	(45.0, 41305.0)	(46.0, 35150.5)	(47.0, 28415.0)	(48.0, 22565.5)	(49.0, 17534.5)	(50.0, 13190.0)	(51.0, 9728.0)	(52.0, 6995.0)	(53.0, 5009.5)	(54.0, 3470.5)	(55.0, 2423.5)	(56.0, 1805.0)	(57.0, 1311.0)	(58.0, 957.5)	(59.0, 694.0)	(60.0, 527.0)	(61.0, 430.0)	(62.0, 349.5)	(63.0, 287.0)	(64.0, 243.0)	(65.0, 206.0)	(66.0, 187.0)	(67.0, 169.5)	(68.0, 131.5)	(69.0, 84.5)	(70.0, 63.5)	(71.0, 69.0)	(72.0, 69.0)	(73.0, 54.5)	(74.0, 45.5)	(75.0, 42.5)	(76.0, 39.0)	(77.0, 35.5)	(78.0, 39.5)	(79.0, 42.5)	(80.0, 42.0)	(81.0, 37.0)	(82.0, 34.0)	(83.0, 33.5)	(84.0, 40.5)	(85.0, 44.5)	(86.0, 46.0)	(87.0, 48.5)	(88.0, 37.5)	(89.0, 32.0)	(90.0, 37.0)	(91.0, 39.0)	(92.0, 43.0)	(93.0, 43.5)	(94.0, 45.0)	(95.0, 56.5)	(96.0, 65.0)	(97.0, 86.5)	(98.0, 154.0)	(99.0, 293.0)	(100.0, 1927.5)
PID-2861-15_R1	(0.0, 0.0)	(1.0, 0.0)	(2.0, 0.0)	(3.0, 0.0)	(4.0, 0.0)	(5.0, 0.0)	(6.0, 2.5)	(7.0, 7.5)	(8.0, 8.5)	(9.0, 16.5)	(10.0, 33.5)	(11.0, 48.5)	(12.0, 84.0)	(13.0, 143.0)	(14.0, 204.0)	(15.0, 321.0)	(16.0, 468.5)	(17.0, 713.5)	(18.0, 998.5)	(19.0, 1205.5)	(20.0, 1613.5)	(21.0, 2161.5)	(22.0, 2683.5)	(23.0, 3228.5)	(24.0, 3979.5)	(25.0, 4801.5)	(26.0, 5623.0)	(27.0, 6427.0)	(28.0, 7393.0)	(29.0, 8812.5)	(30.0, 10436.0)	(31.0, 12151.5)	(32.0, 13982.5)	(33.0, 15983.0)	(34.0, 18004.0)	(35.0, 20216.0)	(36.0, 22492.5)	(37.0, 24710.5)	(38.0, 26675.0)	(39.0, 28482.0)	(40.0, 29722.0)	(41.0, 29943.0)	(42.0, 29032.5)	(43.0, 27263.0)	(44.0, 24955.5)	(45.0, 22275.0)	(46.0, 19328.5)	(47.0, 15990.0)	(48.0, 12997.5)	(49.0, 10514.0)	(50.0, 8595.5)	(51.0, 6921.0)	(52.0, 5375.0)	(53.0, 4190.5)	(54.0, 3071.0)	(55.0, 2348.0)	(56.0, 1900.5)	(57.0, 1407.5)	(58.0, 1046.0)	(59.0, 821.0)	(60.0, 722.5)	(61.0, 578.0)	(62.0, 446.0)	(63.0, 357.0)	(64.0, 315.5)	(65.0, 285.0)	(66.0, 222.0)	(67.0, 170.5)	(68.0, 112.0)	(69.0, 62.0)	(70.0, 56.0)	(71.0, 52.5)	(72.0, 35.0)	(73.0, 11.0)	(74.0, 4.5)	(75.0, 1.5)	(76.0, 1.5)	(77.0, 2.0)	(78.0, 1.5)	(79.0, 0.5)	(80.0, 0.0)	(81.0, 0.5)	(82.0, 0.5)	(83.0, 0.0)	(84.0, 1.0)	(85.0, 1.0)	(86.0, 0.0)	(87.0, 0.0)	(88.0, 0.0)	(89.0, 0.0)	(90.0, 0.0)	(91.0, 0.0)	(92.0, 0.0)	(93.0, 0.0)	(94.0, 0.0)	(95.0, 0.0)	(96.0, 0.0)	(97.0, 0.0)	(98.0, 0.0)	(99.0, 0.0)	(100.0, 0.0)
PID-2861-15_R2	(0.0, 0.0)	(1.0, 0.0)	(2.0, 0.0)	(3.0, 0.0)	(4.0, 0.0)	(5.0, 0.0)	(6.0, 2.0)	(7.0, 5.0)	(8.0, 5.0)	(9.0, 19.5)	(10.0, 35.5)	(11.0, 39.0)	(12.0, 69.0)	(13.0, 135.5)	(14.0, 202.5)	(15.0, 324.0)	(16.0, 488.0)	(17.0, 733.5)	(18.0, 1024.5)	(19.0, 1238.0)	(20.0, 1600.5)	(21.0, 2129.5)	(22.0, 2656.5)	(23.0, 3190.5)	(24.0, 3960.5)	(25.0, 4771.0)	(26.0, 5537.5)	(27.0, 6427.0)	(28.0, 7480.0)	(29.0, 8787.5)	(30.0, 10312.5)	(31.0, 12108.0)	(32.0, 14021.0)	(33.0, 15913.0)	(34.0, 17968.0)	(35.0, 20177.0)	(36.0, 22617.5)	(37.0, 25043.5)	(38.0, 26655.0)	(39.0, 28142.0)	(40.0, 29593.0)	(41.0, 29740.5)	(42.0, 28692.0)	(43.0, 27010.5)	(44.0, 24784.0)	(45.0, 22332.5)	(46.0, 19323.0)	(47.0, 15832.0)	(48.0, 12740.0)	(49.0, 10317.0)	(50.0, 8555.0)	(51.0, 6827.5)	(52.0, 5258.5)	(53.0, 4097.0)	(54.0, 3025.0)	(55.0, 2457.5)	(56.0, 2049.5)	(57.0, 1510.5)	(58.0, 1130.0)	(59.0, 893.0)	(60.0, 722.0)	(61.0, 536.0)	(62.0, 470.0)	(63.0, 429.5)	(64.0, 338.5)	(65.0, 282.5)	(66.0, 222.5)	(67.0, 161.5)	(68.0, 123.0)	(69.0, 93.5)	(70.0, 83.5)	(71.0, 78.5)	(72.0, 56.0)	(73.0, 30.0)	(74.0, 22.0)	(75.0, 18.0)	(76.0, 15.5)	(77.0, 12.0)	(78.0, 11.5)	(79.0, 15.0)	(80.0, 19.0)	(81.0, 20.0)	(82.0, 17.5)	(83.0, 14.5)	(84.0, 13.0)	(85.0, 13.0)	(86.0, 13.0)	(87.0, 16.0)	(88.0, 15.0)	(89.0, 12.5)	(90.0, 16.0)	(91.0, 14.0)	(92.0, 10.0)	(93.0, 16.5)	(94.0, 22.5)	(95.0, 22.0)	(96.0, 23.5)	(97.0, 29.5)	(98.0, 52.0)	(99.0, 105.5)	(100.0, 573.0)
PID-2861-16_R1	(0.0, 0.0)	(1.0, 0.0)	(2.0, 0.0)	(3.0, 0.0)	(4.0, 0.0)	(5.0, 0.5)	(6.0, 3.5)	(7.0, 5.0)	(8.0, 5.5)	(9.0, 19.5)	(10.0, 42.5)	(11.0, 63.5)	(12.0, 107.5)	(13.0, 218.5)	(14.0, 347.5)	(15.0, 584.0)	(16.0, 840.0)	(17.0, 1185.5)	(18.0, 1639.0)	(19.0, 1992.5)	(20.0, 2560.0)	(21.0, 3273.0)	(22.0, 3949.5)	(23.0, 4750.5)	(24.0, 5688.0)	(25.0, 6678.0)	(26.0, 7961.5)	(27.0, 9513.0)	(28.0, 11260.0)	(29.0, 13126.0)	(30.0, 15313.5)	(31.0, 17994.5)	(32.0, 20920.5)	(33.0, 24139.0)	(34.0, 27597.5)	(35.0, 31359.0)	(36.0, 35286.5)	(37.0, 39043.0)	(38.0, 42333.0)	(39.0, 44602.5)	(40.0, 45913.0)	(41.0, 45836.5)	(42.0, 44178.0)	(43.0, 41168.0)	(44.0, 37104.0)	(45.0, 32503.5)	(46.0, 27283.5)	(47.0, 21678.0)	(48.0, 16644.0)	(49.0, 12627.5)	(50.0, 9370.0)	(51.0, 6773.0)	(52.0, 4748.5)	(53.0, 3228.0)	(54.0, 2088.5)	(55.0, 1413.5)	(56.0, 1002.5)	(57.0, 695.0)	(58.0, 460.5)	(59.0, 337.5)	(60.0, 282.5)	(61.0, 212.0)	(62.0, 159.0)	(63.0, 130.5)	(64.0, 95.0)	(65.0, 79.0)	(66.0, 75.0)	(67.0, 49.0)	(68.0, 30.0)	(69.0, 18.0)	(70.0, 12.0)	(71.0, 10.0)	(72.0, 8.5)	(73.0, 6.0)	(74.0, 3.5)	(75.0, 2.5)	(76.0, 2.5)	(77.0, 1.0)	(78.0, 0.0)	(79.0, 0.0)	(80.0, 0.5)	(81.0, 0.5)	(82.0, 0.5)	(83.0, 1.0)	(84.0, 0.5)	(85.0, 0.5)	(86.0, 0.5)	(87.0, 0.0)	(88.0, 0.0)	(89.0, 0.0)	(90.0, 0.0)	(91.0, 0.0)	(92.0, 0.0)	(93.0, 0.5)	(94.0, 1.0)	(95.0, 0.5)	(96.0, 0.5)	(97.0, 0.5)	(98.0, 0.0)	(99.0, 0.5)	(100.0, 0.5)
PID-2861-16_R2	(0.0, 0.0)	(1.0, 0.0)	(2.0, 0.0)	(3.0, 0.0)	(4.0, 0.0)	(5.0, 0.0)	(6.0, 1.5)	(7.0, 1.5)	(8.0, 1.5)	(9.0, 13.0)	(10.0, 32.5)	(11.0, 62.5)	(12.0, 105.5)	(13.0, 206.0)	(14.0, 361.5)	(15.0, 564.0)	(16.0, 833.5)	(17.0, 1199.5)	(18.0, 1591.5)	(19.0, 2027.0)	(20.0, 2654.0)	(21.0, 3334.0)	(22.0, 4002.0)	(23.0, 4702.5)	(24.0, 5671.0)	(25.0, 6809.5)	(26.0, 8009.5)	(27.0, 9568.0)	(28.0, 11304.0)	(29.0, 13187.5)	(30.0, 15424.5)	(31.0, 18099.5)	(32.0, 21069.5)	(33.0, 24116.0)	(34.0, 27563.5)	(35.0, 31466.5)	(36.0, 35316.5)	(37.0, 38871.5)	(38.0, 41955.0)	(39.0, 44266.5)	(40.0, 45543.5)	(41.0, 45483.5)	(42.0, 43887.5)	(43.0, 40708.0)	(44.0, 36522.0)	(45.0, 32041.5)	(46.0, 26906.0)	(47.0, 21503.5)	(48.0, 16850.5)	(49.0, 12804.5)	(50.0, 9383.5)	(51.0, 6718.0)	(52.0, 4733.5)	(53.0, 3259.0)	(54.0, 2132.0)	(55.0, 1492.0)	(56.0, 1082.0)	(57.0, 758.5)	(58.0, 559.0)	(59.0, 387.0)	(60.0, 295.0)	(61.0, 253.5)	(62.0, 198.0)	(63.0, 151.0)	(64.0, 115.5)	(65.0, 97.0)	(66.0, 86.5)	(67.0, 75.5)	(68.0, 64.0)	(69.0, 50.0)	(70.0, 40.0)	(71.0, 34.5)	(72.0, 36.0)	(73.0, 35.0)	(74.0, 29.0)	(75.0, 27.0)	(76.0, 25.0)	(77.0, 24.5)	(78.0, 25.0)	(79.0, 22.5)	(80.0, 19.0)	(81.0, 17.5)	(82.0, 20.0)	(83.0, 21.5)	(84.0, 15.5)	(85.0, 14.0)	(86.0, 15.5)	(87.0, 14.5)	(88.0, 14.5)	(89.0, 16.0)	(90.0, 18.5)	(91.0, 19.0)	(92.0, 19.0)	(93.0, 17.5)	(94.0, 23.0)	(95.0, 29.0)	(96.0, 27.5)	(97.0, 29.5)	(98.0, 54.5)	(99.0, 114.5)	(100.0, 692.0)
PID-2861-17_R1	(0.0, 0.0)	(1.0, 0.0)	(2.0, 0.0)	(3.0, 0.0)	(4.0, 0.0)	(5.0, 0.0)	(6.0, 1.5)	(7.0, 2.5)	(8.0, 2.5)	(9.0, 5.5)	(10.0, 16.0)	(11.0, 29.5)	(12.0, 49.0)	(13.0, 119.0)	(14.0, 246.5)	(15.0, 432.5)	(16.0, 687.0)	(17.0, 1029.0)	(18.0, 1486.0)	(19.0, 2016.5)	(20.0, 2595.0)	(21.0, 3301.0)	(22.0, 4233.5)	(23.0, 5282.5)	(24.0, 6272.5)	(25.0, 7396.0)	(26.0, 9077.5)	(27.0, 10919.5)	(28.0, 13050.5)	(29.0, 15454.0)	(30.0, 18141.0)	(31.0, 21637.0)	(32.0, 25769.0)	(33.0, 30235.5)	(34.0, 34908.5)	(35.0, 40028.5)	(36.0, 45569.5)	(37.0, 50373.0)	(38.0, 54204.5)	(39.0, 57243.5)	(40.0, 58865.0)	(41.0, 58741.0)	(42.0, 56532.0)	(43.0, 52610.0)	(44.0, 47529.5)	(45.0, 41468.0)	(46.0, 34702.0)	(47.0, 27842.5)	(48.0, 21651.0)	(49.0, 16484.0)	(50.0, 12205.5)	(51.0, 8739.0)	(52.0, 6067.0)	(53.0, 4196.0)	(54.0, 2739.5)	(55.0, 1775.5)	(56.0, 1268.5)	(57.0, 837.5)	(58.0, 533.0)	(59.0, 365.0)	(60.0, 278.5)	(61.0, 203.0)	(62.0, 135.0)	(63.0, 86.5)	(64.0, 62.0)	(65.0, 45.5)	(66.0, 43.0)	(67.0, 35.0)	(68.0, 17.5)	(69.0, 11.0)	(70.0, 9.5)	(71.0, 8.0)	(72.0, 5.0)	(73.0, 2.5)	(74.0, 3.0)	(75.0, 2.5)	(76.0, 1.0)	(77.0, 1.0)	(78.0, 1.0)	(79.0, 1.5)	(80.0, 2.0)	(81.0, 0.5)	(82.0, 1.5)	(83.0, 2.0)	(84.0, 1.0)	(85.0, 0.5)	(86.0, 0.0)	(87.0, 0.0)	(88.0, 0.0)	(89.0, 0.0)	(90.0, 0.0)	(91.0, 0.0)	(92.0, 0.0)	(93.0, 0.0)	(94.0, 0.0)	(95.0, 0.0)	(96.0, 0.0)	(97.0, 0.0)	(98.0, 1.0)	(99.0, 1.0)	(100.0, 0.0)
PID-2861-17_R2	(0.0, 1.0)	(1.0, 0.5)	(2.0, 0.0)	(3.0, 0.0)	(4.0, 0.5)	(5.0, 1.0)	(6.0, 0.5)	(7.0, 0.5)	(8.0, 1.5)	(9.0, 6.5)	(10.0, 16.0)	(11.0, 24.5)	(12.0, 50.5)	(13.0, 120.0)	(14.0, 219.5)	(15.0, 382.0)	(16.0, 632.0)	(17.0, 951.5)	(18.0, 1385.5)	(19.0, 1929.5)	(20.0, 2603.5)	(21.0, 3345.5)	(22.0, 4249.0)	(23.0, 5147.5)	(24.0, 6184.0)	(25.0, 7472.0)	(26.0, 8894.5)	(27.0, 10763.5)	(28.0, 12962.0)	(29.0, 15469.5)	(30.0, 18390.0)	(31.0, 21752.0)	(32.0, 25847.5)	(33.0, 30052.0)	(34.0, 34542.0)	(35.0, 39782.0)	(36.0, 45324.0)	(37.0, 50255.0)	(38.0, 54234.0)	(39.0, 57048.0)	(40.0, 58352.5)	(41.0, 58247.5)	(42.0, 56101.0)	(43.0, 52222.0)	(44.0, 46982.5)	(45.0, 41101.0)	(46.0, 34622.0)	(47.0, 27775.0)	(48.0, 21740.5)	(49.0, 16486.0)	(50.0, 12089.5)	(51.0, 8717.5)	(52.0, 6105.5)	(53.0, 4196.0)	(54.0, 2739.0)	(55.0, 1803.5)	(56.0, 1294.0)	(57.0, 884.5)	(58.0, 617.0)	(59.0, 436.5)	(60.0, 321.5)	(61.0, 223.0)	(62.0, 166.0)	(63.0, 136.5)	(64.0, 107.5)	(65.0, 84.0)	(66.0, 80.5)	(67.0, 72.0)	(68.0, 60.0)	(69.0, 50.5)	(70.0, 41.5)	(71.0, 37.5)	(72.0, 45.0)	(73.0, 38.0)	(74.0, 26.0)	(75.0, 30.5)	(76.0, 27.0)	(77.0, 27.0)	(78.0, 31.0)	(79.0, 30.0)	(80.0, 31.5)	(81.0, 29.0)	(82.0, 30.0)	(83.0, 26.5)	(84.0, 22.0)	(85.0, 26.0)	(86.0, 29.5)	(87.0, 24.0)	(88.0, 19.0)	(89.0, 22.5)	(90.0, 23.5)	(91.0, 28.0)	(92.0, 28.5)	(93.0, 30.0)	(94.0, 33.0)	(95.0, 31.5)	(96.0, 40.0)	(97.0, 56.0)	(98.0, 87.5)	(99.0, 165.5)	(100.0, 1531.5)
PID-2861-18_R1	(0.0, 0.0)	(1.0, 0.0)	(2.0, 0.0)	(3.0, 0.0)	(4.0, 0.0)	(5.0, 0.0)	(6.0, 0.0)	(7.0, 2.5)	(8.0, 6.5)	(9.0, 14.5)	(10.0, 20.5)	(11.0, 48.5)	(12.0, 82.5)	(13.0, 173.0)	(14.0, 326.0)	(15.0, 568.5)	(16.0, 887.0)	(17.0, 1321.0)	(18.0, 1883.0)	(19.0, 2420.5)	(20.0, 3074.0)	(21.0, 3868.0)	(22.0, 4797.0)	(23.0, 5759.5)	(24.0, 6903.0)	(25.0, 8248.0)	(26.0, 9867.5)	(27.0, 11823.5)	(28.0, 14074.5)	(29.0, 16917.5)	(30.0, 20076.5)	(31.0, 23737.0)	(32.0, 28148.0)	(33.0, 32813.0)	(34.0, 37494.5)	(35.0, 43031.0)	(36.0, 49011.0)	(37.0, 54070.0)	(38.0, 57941.5)	(39.0, 60652.0)	(40.0, 62720.0)	(41.0, 62812.5)	(42.0, 60307.5)	(43.0, 56122.5)	(44.0, 50527.0)	(45.0, 44023.5)	(46.0, 36897.0)	(47.0, 29576.0)	(48.0, 23038.0)	(49.0, 17675.5)	(50.0, 13136.0)	(51.0, 9366.5)	(52.0, 6506.0)	(53.0, 4435.5)	(54.0, 2908.0)	(55.0, 1928.5)	(56.0, 1307.5)	(57.0, 923.5)	(58.0, 654.5)	(59.0, 439.0)	(60.0, 311.5)	(61.0, 217.5)	(62.0, 137.0)	(63.0, 95.5)	(64.0, 71.0)	(65.0, 59.0)	(66.0, 49.5)	(67.0, 34.0)	(68.0, 20.0)	(69.0, 12.0)	(70.0, 13.5)	(71.0, 15.0)	(72.0, 11.5)	(73.0, 5.0)	(74.0, 0.5)	(75.0, 0.0)	(76.0, 0.5)	(77.0, 1.5)	(78.0, 1.0)	(79.0, 0.5)	(80.0, 1.5)	(81.0, 1.0)	(82.0, 1.0)	(83.0, 1.0)	(84.0, 0.5)	(85.0, 1.0)	(86.0, 1.5)	(87.0, 1.0)	(88.0, 0.0)	(89.0, 0.0)	(90.0, 0.5)	(91.0, 0.5)	(92.0, 1.0)	(93.0, 1.5)	(94.0, 0.5)	(95.0, 0.0)	(96.0, 0.0)	(97.0, 0.0)	(98.0, 1.0)	(99.0, 2.0)	(100.0, 1.0)
PID-2861-18_R2	(0.0, 0.0)	(1.0, 0.0)	(2.0, 0.5)	(3.0, 0.5)	(4.0, 0.0)	(5.0, 0.0)	(6.0, 0.5)	(7.0, 1.5)	(8.0, 5.0)	(9.0, 11.0)	(10.0, 20.5)	(11.0, 40.5)	(12.0, 70.5)	(13.0, 161.0)	(14.0, 313.0)	(15.0, 550.5)	(16.0, 882.5)	(17.0, 1292.5)	(18.0, 1800.5)	(19.0, 2313.5)	(20.0, 3000.0)	(21.0, 3831.0)	(22.0, 4723.5)	(23.0, 5731.0)	(24.0, 6927.0)	(25.0, 8335.5)	(26.0, 9854.5)	(27.0, 11795.5)	(28.0, 14106.5)	(29.0, 16634.0)	(30.0, 19712.0)	(31.0, 23612.5)	(32.0, 27966.0)	(33.0, 32453.0)	(34.0, 37239.0)	(35.0, 42582.5)	(36.0, 48500.5)	(37.0, 53612.5)	(38.0, 57399.0)	(39.0, 60496.5)	(40.0, 62250.0)	(41.0, 61989.5)	(42.0, 59770.5)	(43.0, 55787.5)	(44.0, 50270.0)	(45.0, 44310.5)	(46.0, 37368.0)	(47.0, 29647.5)	(48.0, 23021.5)	(49.0, 17564.5)	(50.0, 13172.0)	(51.0, 9602.0)	(52.0, 6659.0)	(53.0, 4507.5)	(54.0, 2962.5)	(55.0, 1954.0)	(56.0, 1392.5)	(57.0, 1026.5)	(58.0, 756.5)	(59.0, 525.0)	(60.0, 386.0)	(61.0, 287.0)	(62.0, 218.0)	(63.0, 149.0)	(64.0, 108.0)	(65.0, 115.5)	(66.0, 108.0)	(67.0, 77.0)	(68.0, 59.0)	(69.0, 53.5)	(70.0, 50.0)	(71.0, 48.0)	(72.0, 45.5)	(73.0, 37.0)	(74.0, 38.0)	(75.0, 35.0)	(76.0, 27.5)	(77.0, 27.5)	(78.0, 31.0)	(79.0, 30.0)	(80.0, 25.5)	(81.0, 26.0)	(82.0, 33.5)	(83.0, 30.5)	(84.0, 26.5)	(85.0, 29.0)	(86.0, 29.0)	(87.0, 27.5)	(88.0, 29.0)	(89.0, 29.5)	(90.0, 31.0)	(91.0, 28.5)	(92.0, 29.5)	(93.0, 35.0)	(94.0, 34.5)	(95.0, 37.0)	(96.0, 38.0)	(97.0, 48.5)	(98.0, 84.5)	(99.0, 154.0)	(100.0, 1651.5)
PID-2861-19_R1	(0.0, 0.0)	(1.0, 0.0)	(2.0, 0.0)	(3.0, 0.0)	(4.0, 0.0)	(5.0, 0.0)	(6.0, 1.0)	(7.0, 1.5)	(8.0, 2.0)	(9.0, 9.0)	(10.0, 28.5)	(11.0, 48.5)	(12.0, 65.0)	(13.0, 144.0)	(14.0, 299.0)	(15.0, 526.0)	(16.0, 887.5)	(17.0, 1433.5)	(18.0, 2077.0)	(19.0, 2678.5)	(20.0, 3322.0)	(21.0, 4186.0)	(22.0, 5334.0)	(23.0, 6615.0)	(24.0, 8033.5)	(25.0, 9484.0)	(26.0, 11204.0)	(27.0, 13400.0)	(28.0, 16110.5)	(29.0, 19374.5)	(30.0, 22967.5)	(31.0, 27299.5)	(32.0, 32758.5)	(33.0, 37965.5)	(34.0, 43001.0)	(35.0, 49458.0)	(36.0, 56322.0)	(37.0, 61856.0)	(38.0, 66316.0)	(39.0, 69528.0)	(40.0, 71178.5)	(41.0, 70764.5)	(42.0, 68168.5)	(43.0, 63544.5)	(44.0, 57228.5)	(45.0, 49919.5)	(46.0, 41706.5)	(47.0, 33415.0)	(48.0, 26178.0)	(49.0, 20064.5)	(50.0, 14779.5)	(51.0, 10595.0)	(52.0, 7367.5)	(53.0, 5059.5)	(54.0, 3344.0)	(55.0, 2205.0)	(56.0, 1504.5)	(57.0, 1049.5)	(58.0, 728.0)	(59.0, 507.0)	(60.0, 355.0)	(61.0, 209.0)	(62.0, 121.5)	(63.0, 84.5)	(64.0, 58.0)	(65.0, 48.0)	(66.0, 46.5)	(67.0, 36.0)	(68.0, 21.0)	(69.0, 11.5)	(70.0, 10.0)	(71.0, 5.5)	(72.0, 5.0)	(73.0, 4.5)	(74.0, 1.5)	(75.0, 0.5)	(76.0, 0.5)	(77.0, 1.5)	(78.0, 2.5)	(79.0, 2.0)	(80.0, 1.0)	(81.0, 2.0)	(82.0, 3.5)	(83.0, 2.5)	(84.0, 1.5)	(85.0, 1.0)	(86.0, 0.0)	(87.0, 0.5)	(88.0, 1.0)	(89.0, 0.5)	(90.0, 0.0)	(91.0, 0.0)	(92.0, 0.0)	(93.0, 0.0)	(94.0, 0.0)	(95.0, 0.0)	(96.0, 0.5)	(97.0, 3.0)	(98.0, 4.0)	(99.0, 1.5)	(100.0, 0.0)
PID-2861-19_R2	(0.0, 0.0)	(1.0, 0.0)	(2.0, 0.0)	(3.0, 0.5)	(4.0, 0.5)	(5.0, 0.0)	(6.0, 1.0)	(7.0, 1.0)	(8.0, 1.5)	(9.0, 10.0)	(10.0, 26.0)	(11.0, 46.5)	(12.0, 63.0)	(13.0, 134.0)	(14.0, 283.5)	(15.0, 518.0)	(16.0, 898.5)	(17.0, 1405.0)	(18.0, 1950.5)	(19.0, 2627.0)	(20.0, 3378.0)	(21.0, 4163.5)	(22.0, 5297.0)	(23.0, 6602.0)	(24.0, 8035.0)	(25.0, 9447.5)	(26.0, 11032.5)	(27.0, 13304.5)	(28.0, 16046.5)	(29.0, 19071.5)	(30.0, 22881.5)	(31.0, 27351.0)	(32.0, 32659.0)	(33.0, 38140.5)	(34.0, 43175.5)	(35.0, 49151.5)	(36.0, 55978.5)	(37.0, 61807.5)	(38.0, 66145.5)	(39.0, 68630.0)	(40.0, 70204.5)	(41.0, 70214.5)	(42.0, 67514.5)	(43.0, 62961.0)	(44.0, 56891.0)	(45.0, 49395.5)	(46.0, 41171.5)	(47.0, 33138.0)	(48.0, 25890.5)	(49.0, 20008.0)	(50.0, 14865.0)	(51.0, 10698.0)	(52.0, 7522.0)	(53.0, 5240.5)	(54.0, 3481.0)	(55.0, 2274.0)	(56.0, 1605.5)	(57.0, 1143.5)	(58.0, 841.0)	(59.0, 620.5)	(60.0, 438.0)	(61.0, 294.0)	(62.0, 206.0)	(63.0, 155.0)	(64.0, 120.5)	(65.0, 109.5)	(66.0, 108.5)	(67.0, 88.0)	(68.0, 74.0)	(69.0, 61.5)	(70.0, 51.5)	(71.0, 52.0)	(72.0, 46.5)	(73.0, 41.0)	(74.0, 40.5)	(75.0, 36.5)	(76.0, 34.5)	(77.0, 39.0)	(78.0, 38.0)	(79.0, 32.5)	(80.0, 27.5)	(81.0, 26.0)	(82.0, 34.0)	(83.0, 34.0)	(84.0, 31.0)	(85.0, 29.0)	(86.0, 23.5)	(87.0, 30.5)	(88.0, 32.0)	(89.0, 27.0)	(90.0, 28.0)	(91.0, 30.5)	(92.0, 36.5)	(93.0, 36.0)	(94.0, 36.5)	(95.0, 36.0)	(96.0, 39.5)	(97.0, 68.0)	(98.0, 123.5)	(99.0, 226.5)	(100.0, 2137.5)
PID-2861-1_R1	(0.0, 0.0)	(1.0, 0.0)	(2.0, 0.0)	(3.0, 0.0)	(4.0, 0.0)	(5.0, 1.5)	(6.0, 3.5)	(7.0, 5.5)	(8.0, 12.0)	(9.0, 14.0)	(10.0, 23.5)	(11.0, 68.5)	(12.0, 122.5)	(13.0, 218.5)	(14.0, 374.0)	(15.0, 613.0)	(16.0, 924.0)	(17.0, 1348.5)	(18.0, 1820.5)	(19.0, 2309.0)	(20.0, 3011.0)	(21.0, 3777.5)	(22.0, 4598.0)	(23.0, 5595.0)	(24.0, 6912.5)	(25.0, 8386.5)	(26.0, 9911.5)	(27.0, 11962.5)	(28.0, 14109.0)	(29.0, 16456.5)	(30.0, 19519.5)	(31.0, 23023.0)	(32.0, 27223.0)	(33.0, 32150.0)	(34.0, 37580.0)	(35.0, 43688.5)	(36.0, 49267.5)	(37.0, 54211.0)	(38.0, 58705.0)	(39.0, 62020.0)	(40.0, 63836.0)	(41.0, 63218.5)	(42.0, 60755.5)	(43.0, 56671.5)	(44.0, 51056.5)	(45.0, 44465.5)	(46.0, 37362.5)	(47.0, 30231.5)	(48.0, 23402.0)	(49.0, 17651.0)	(50.0, 12986.0)	(51.0, 9404.5)	(52.0, 6650.5)	(53.0, 4456.5)	(54.0, 2959.0)	(55.0, 1974.5)	(56.0, 1397.0)	(57.0, 969.0)	(58.0, 612.5)	(59.0, 399.0)	(60.0, 275.0)	(61.0, 212.0)	(62.0, 148.5)	(63.0, 97.5)	(64.0, 66.0)	(65.0, 47.0)	(66.0, 52.0)	(67.0, 46.5)	(68.0, 22.0)	(69.0, 11.0)	(70.0, 13.5)	(71.0, 13.0)	(72.0, 9.0)	(73.0, 3.5)	(74.0, 1.0)	(75.0, 0.5)	(76.0, 0.0)	(77.0, 0.0)	(78.0, 0.0)	(79.0, 0.0)	(80.0, 0.5)	(81.0, 0.5)	(82.0, 0.5)	(83.0, 0.5)	(84.0, 0.5)	(85.0, 0.5)	(86.0, 1.0)	(87.0, 1.0)	(88.0, 0.0)	(89.0, 0.0)	(90.0, 0.0)	(91.0, 0.0)	(92.0, 1.0)	(93.0, 1.0)	(94.0, 0.0)	(95.0, 0.0)	(96.0, 1.5)	(97.0, 1.5)	(98.0, 0.0)	(99.0, 0.5)	(100.0, 0.5)
PID-2861-1_R2	(0.0, 0.0)	(1.0, 0.0)	(2.0, 0.0)	(3.0, 0.0)	(4.0, 0.0)	(5.0, 0.5)	(6.0, 1.0)	(7.0, 3.0)	(8.0, 4.0)	(9.0, 8.0)	(10.0, 24.0)	(11.0, 69.0)	(12.0, 131.5)	(13.0, 228.5)	(14.0, 384.5)	(15.0, 671.5)	(16.0, 993.5)	(17.0, 1316.0)	(18.0, 1757.0)	(19.0, 2307.5)	(20.0, 2899.5)	(21.0, 3643.0)	(22.0, 4558.0)	(23.0, 5582.5)	(24.0, 6882.5)	(25.0, 8374.0)	(26.0, 9892.5)	(27.0, 11836.0)	(28.0, 13946.0)	(29.0, 16291.5)	(30.0, 19482.0)	(31.0, 23043.0)	(32.0, 27115.5)	(33.0, 31902.5)	(34.0, 37098.0)	(35.0, 43147.0)	(36.0, 49030.5)	(37.0, 53814.0)	(38.0, 58180.0)	(39.0, 61534.0)	(40.0, 63196.5)	(41.0, 62866.5)	(42.0, 60485.5)	(43.0, 56399.0)	(44.0, 51032.5)	(45.0, 44526.0)	(46.0, 37296.0)	(47.0, 30083.5)	(48.0, 23404.0)	(49.0, 17646.0)	(50.0, 12940.0)	(51.0, 9466.5)	(52.0, 6746.5)	(53.0, 4648.5)	(54.0, 3183.0)	(55.0, 2145.5)	(56.0, 1466.5)	(57.0, 980.5)	(58.0, 697.5)	(59.0, 501.5)	(60.0, 364.5)	(61.0, 287.0)	(62.0, 226.0)	(63.0, 175.5)	(64.0, 142.5)	(65.0, 101.0)	(66.0, 81.0)	(67.0, 93.0)	(68.0, 83.0)	(69.0, 57.0)	(70.0, 46.0)	(71.0, 45.5)	(72.0, 54.0)	(73.0, 54.0)	(74.0, 45.0)	(75.0, 42.0)	(76.0, 34.0)	(77.0, 30.0)	(78.0, 31.0)	(79.0, 37.0)	(80.0, 37.5)	(81.0, 31.5)	(82.0, 37.0)	(83.0, 34.5)	(84.0, 28.0)	(85.0, 27.0)	(86.0, 31.0)	(87.0, 37.0)	(88.0, 38.0)	(89.0, 36.5)	(90.0, 33.0)	(91.0, 40.0)	(92.0, 45.0)	(93.0, 34.5)	(94.0, 37.0)	(95.0, 48.0)	(96.0, 59.5)	(97.0, 82.5)	(98.0, 119.0)	(99.0, 218.5)	(100.0, 1328.0)
PID-2861-20_R1	(0.0, 0.0)	(1.0, 0.0)	(2.0, 0.0)	(3.0, 0.0)	(4.0, 0.0)	(5.0, 0.0)	(6.0, 1.0)	(7.0, 3.5)	(8.0, 6.5)	(9.0, 10.5)	(10.0, 20.0)	(11.0, 43.0)	(12.0, 72.5)	(13.0, 141.0)	(14.0, 281.0)	(15.0, 501.5)	(16.0, 833.5)	(17.0, 1269.5)	(18.0, 1733.0)	(19.0, 2179.5)	(20.0, 2781.5)	(21.0, 3557.5)	(22.0, 4443.5)	(23.0, 5445.0)	(24.0, 6582.0)	(25.0, 7785.0)	(26.0, 9093.5)	(27.0, 10922.0)	(28.0, 13265.5)	(29.0, 15970.0)	(30.0, 19327.5)	(31.0, 23243.0)	(32.0, 27970.0)	(33.0, 32735.5)	(34.0, 37792.5)	(35.0, 44041.0)	(36.0, 50648.5)	(37.0, 56694.0)	(38.0, 61465.5)	(39.0, 64900.0)	(40.0, 67181.5)	(41.0, 67601.5)	(42.0, 65728.5)	(43.0, 61763.0)	(44.0, 55950.5)	(45.0, 48886.0)	(46.0, 40964.5)	(47.0, 33022.0)	(48.0, 25876.0)	(49.0, 19886.0)	(50.0, 14884.0)	(51.0, 10698.0)	(52.0, 7433.0)	(53.0, 5013.5)	(54.0, 3250.5)	(55.0, 2188.0)	(56.0, 1535.5)	(57.0, 1048.5)	(58.0, 694.5)	(59.0, 494.5)	(60.0, 377.0)	(61.0, 235.5)	(62.0, 133.5)	(63.0, 87.0)	(64.0, 62.0)	(65.0, 48.0)	(66.0, 47.5)	(67.0, 35.0)	(68.0, 15.5)	(69.0, 9.0)	(70.0, 10.0)	(71.0, 7.5)	(72.0, 5.5)	(73.0, 3.5)	(74.0, 1.5)	(75.0, 2.5)	(76.0, 2.5)	(77.0, 1.0)	(78.0, 2.0)	(79.0, 2.0)	(80.0, 3.5)	(81.0, 4.0)	(82.0, 1.5)	(83.0, 1.0)	(84.0, 1.0)	(85.0, 1.5)	(86.0, 1.5)	(87.0, 0.5)	(88.0, 1.0)	(89.0, 1.5)	(90.0, 1.0)	(91.0, 0.5)	(92.0, 0.0)	(93.0, 0.0)	(94.0, 0.5)	(95.0, 0.5)	(96.0, 0.5)	(97.0, 1.0)	(98.0, 1.0)	(99.0, 1.0)	(100.0, 0.5)
PID-2861-20_R2	(0.0, 0.0)	(1.0, 0.0)	(2.0, 0.0)	(3.0, 0.0)	(4.0, 0.5)	(5.0, 0.5)	(6.0, 1.0)	(7.0, 1.5)	(8.0, 3.5)	(9.0, 8.0)	(10.0, 17.0)	(11.0, 49.5)	(12.0, 72.5)	(13.0, 129.0)	(14.0, 270.0)	(15.0, 482.0)	(16.0, 797.0)	(17.0, 1191.5)	(18.0, 1633.0)	(19.0, 2121.5)	(20.0, 2714.0)	(21.0, 3478.5)	(22.0, 4473.5)	(23.0, 5386.5)	(24.0, 6268.5)	(25.0, 7455.5)	(26.0, 8980.5)	(27.0, 10858.5)	(28.0, 13188.0)	(29.0, 16003.5)	(30.0, 19147.5)	(31.0, 22955.0)	(32.0, 27786.0)	(33.0, 32541.5)	(34.0, 37610.5)	(35.0, 43821.0)	(36.0, 50295.5)	(37.0, 56027.5)	(38.0, 60824.0)	(39.0, 64614.0)	(40.0, 66944.0)	(41.0, 67260.5)	(42.0, 65023.5)	(43.0, 61128.5)	(44.0, 55678.5)	(45.0, 48532.5)	(46.0, 40674.5)	(47.0, 32764.0)	(48.0, 25726.5)	(49.0, 19805.5)	(50.0, 14750.0)	(51.0, 10685.5)	(52.0, 7481.0)	(53.0, 5133.0)	(54.0, 3400.0)	(55.0, 2262.0)	(56.0, 1591.5)	(57.0, 1142.0)	(58.0, 835.5)	(59.0, 601.5)	(60.0, 415.5)	(61.0, 279.0)	(62.0, 202.5)	(63.0, 163.0)	(64.0, 133.5)	(65.0, 110.5)	(66.0, 107.5)	(67.0, 93.5)	(68.0, 82.0)	(69.0, 73.5)	(70.0, 58.0)	(71.0, 51.0)	(72.0, 57.0)	(73.0, 58.0)	(74.0, 60.0)	(75.0, 57.5)	(76.0, 51.5)	(77.0, 51.5)	(78.0, 40.0)	(79.0, 37.0)	(80.0, 37.0)	(81.0, 37.0)	(82.0, 33.5)	(83.0, 32.0)	(84.0, 36.5)	(85.0, 41.0)	(86.0, 39.0)	(87.0, 37.5)	(88.0, 43.5)	(89.0, 45.5)	(90.0, 43.5)	(91.0, 36.0)	(92.0, 41.5)	(93.0, 43.5)	(94.0, 39.0)	(95.0, 51.5)	(96.0, 70.0)	(97.0, 95.5)	(98.0, 152.5)	(99.0, 290.5)	(100.0, 2562.5)
PID-2861-21_R1	(0.0, 0.0)	(1.0, 0.0)	(2.0, 0.0)	(3.0, 0.5)	(4.0, 0.5)	(5.0, 0.0)	(6.0, 0.5)	(7.0, 1.5)	(8.0, 5.5)	(9.0, 14.0)	(10.0, 22.5)	(11.0, 45.5)	(12.0, 72.0)	(13.0, 138.0)	(14.0, 299.0)	(15.0, 558.0)	(16.0, 867.0)	(17.0, 1351.5)	(18.0, 2007.5)	(19.0, 2610.5)	(20.0, 3353.0)	(21.0, 4204.0)	(22.0, 5178.0)	(23.0, 6272.5)	(24.0, 7526.0)	(25.0, 9183.0)	(26.0, 11075.5)	(27.0, 13107.0)	(28.0, 15807.5)	(29.0, 18789.0)	(30.0, 22084.5)	(31.0, 25902.0)	(32.0, 30626.5)	(33.0, 35851.5)	(34.0, 41015.0)	(35.0, 46923.0)	(36.0, 53233.5)	(37.0, 58689.5)	(38.0, 63198.0)	(39.0, 66527.0)	(40.0, 68406.0)	(41.0, 68227.0)	(42.0, 65743.5)	(43.0, 61193.5)	(44.0, 54937.5)	(45.0, 48140.0)	(46.0, 40421.0)	(47.0, 32445.5)	(48.0, 25342.0)	(49.0, 19458.0)	(50.0, 14499.0)	(51.0, 10435.0)	(52.0, 7356.5)	(53.0, 5047.5)	(54.0, 3346.0)	(55.0, 2237.5)	(56.0, 1620.5)	(57.0, 1152.5)	(58.0, 759.0)	(59.0, 542.5)	(60.0, 430.5)	(61.0, 295.0)	(62.0, 188.0)	(63.0, 133.5)	(64.0, 90.0)	(65.0, 72.5)	(66.0, 70.5)	(67.0, 56.0)	(68.0, 28.0)	(69.0, 12.0)	(70.0, 11.0)	(71.0, 9.0)	(72.0, 10.0)	(73.0, 8.0)	(74.0, 3.5)	(75.0, 1.5)	(76.0, 1.5)	(77.0, 4.0)	(78.0, 3.0)	(79.0, 2.0)	(80.0, 3.0)	(81.0, 2.5)	(82.0, 1.5)	(83.0, 0.5)	(84.0, 1.5)	(85.0, 3.0)	(86.0, 1.5)	(87.0, 0.0)	(88.0, 0.0)	(89.0, 0.5)	(90.0, 0.5)	(91.0, 0.5)	(92.0, 0.5)	(93.0, 0.0)	(94.0, 0.0)	(95.0, 0.0)	(96.0, 0.5)	(97.0, 1.0)	(98.0, 1.5)	(99.0, 1.0)	(100.0, 0.0)
PID-2861-21_R2	(0.0, 0.0)	(1.0, 0.0)	(2.0, 0.0)	(3.0, 0.0)	(4.0, 0.0)	(5.0, 0.0)	(6.0, 0.0)	(7.0, 0.0)	(8.0, 2.0)	(9.0, 11.0)	(10.0, 18.0)	(11.0, 38.0)	(12.0, 67.5)	(13.0, 156.0)	(14.0, 296.5)	(15.0, 518.5)	(16.0, 850.0)	(17.0, 1329.5)	(18.0, 1932.0)	(19.0, 2507.0)	(20.0, 3192.5)	(21.0, 4086.5)	(22.0, 5137.0)	(23.0, 6237.0)	(24.0, 7511.5)	(25.0, 9167.0)	(26.0, 11039.0)	(27.0, 13012.0)	(28.0, 15562.5)	(29.0, 18526.0)	(30.0, 21815.0)	(31.0, 25930.5)	(32.0, 30706.0)	(33.0, 35726.0)	(34.0, 40996.5)	(35.0, 46746.0)	(36.0, 52794.0)	(37.0, 58302.0)	(38.0, 62679.0)	(39.0, 65785.5)	(40.0, 68069.0)	(41.0, 67915.5)	(42.0, 64967.5)	(43.0, 60597.0)	(44.0, 54682.5)	(45.0, 47611.0)	(46.0, 39772.5)	(47.0, 32010.0)	(48.0, 25177.0)	(49.0, 19463.0)	(50.0, 14465.0)	(51.0, 10400.0)	(52.0, 7370.5)	(53.0, 5078.5)	(54.0, 3434.0)	(55.0, 2362.0)	(56.0, 1684.5)	(57.0, 1204.0)	(58.0, 811.5)	(59.0, 569.5)	(60.0, 469.5)	(61.0, 344.0)	(62.0, 237.0)	(63.0, 207.0)	(64.0, 163.0)	(65.0, 120.0)	(66.0, 112.5)	(67.0, 92.5)	(68.0, 66.0)	(69.0, 57.0)	(70.0, 47.5)	(71.0, 44.0)	(72.0, 50.0)	(73.0, 44.5)	(74.0, 43.0)	(75.0, 40.0)	(76.0, 38.5)	(77.0, 38.0)	(78.0, 35.0)	(79.0, 33.0)	(80.0, 30.0)	(81.0, 32.0)	(82.0, 30.5)	(83.0, 34.5)	(84.0, 41.5)	(85.0, 35.0)	(86.0, 30.0)	(87.0, 32.5)	(88.0, 36.5)	(89.0, 39.0)	(90.0, 39.5)	(91.0, 44.5)	(92.0, 43.0)	(93.0, 40.5)	(94.0, 44.5)	(95.0, 54.5)	(96.0, 66.0)	(97.0, 98.0)	(98.0, 176.0)	(99.0, 352.5)	(100.0, 2821.0)
PID-2861-22_R1	(0.0, 0.0)	(1.0, 0.0)	(2.0, 0.0)	(3.0, 0.0)	(4.0, 0.0)	(5.0, 0.5)	(6.0, 3.0)	(7.0, 3.0)	(8.0, 4.5)	(9.0, 11.0)	(10.0, 28.0)	(11.0, 61.5)	(12.0, 97.5)	(13.0, 179.5)	(14.0, 353.0)	(15.0, 587.5)	(16.0, 936.5)	(17.0, 1474.0)	(18.0, 2039.5)	(19.0, 2498.0)	(20.0, 3277.5)	(21.0, 4196.0)	(22.0, 5126.5)	(23.0, 6195.5)	(24.0, 7462.5)	(25.0, 8916.0)	(26.0, 10560.5)	(27.0, 12530.0)	(28.0, 14851.5)	(29.0, 17720.0)	(30.0, 21073.5)	(31.0, 24943.5)	(32.0, 29261.0)	(33.0, 33964.0)	(34.0, 38928.0)	(35.0, 44285.5)	(36.0, 50133.5)	(37.0, 55535.5)	(38.0, 59671.5)	(39.0, 62254.5)	(40.0, 63518.0)	(41.0, 63200.5)	(42.0, 60914.5)	(43.0, 56701.5)	(44.0, 50992.0)	(45.0, 44414.0)	(46.0, 37056.0)	(47.0, 29585.0)	(48.0, 22910.0)	(49.0, 17361.0)	(50.0, 12921.0)	(51.0, 9424.0)	(52.0, 6638.0)	(53.0, 4540.5)	(54.0, 2927.0)	(55.0, 1901.5)	(56.0, 1384.0)	(57.0, 963.5)	(58.0, 645.0)	(59.0, 465.0)	(60.0, 325.0)	(61.0, 207.5)	(62.0, 138.0)	(63.0, 98.5)	(64.0, 79.0)	(65.0, 61.5)	(66.0, 51.0)	(67.0, 52.0)	(68.0, 35.0)	(69.0, 19.5)	(70.0, 15.5)	(71.0, 7.0)	(72.0, 2.0)	(73.0, 1.5)	(74.0, 0.5)	(75.0, 1.0)	(76.0, 1.5)	(77.0, 1.0)	(78.0, 0.5)	(79.0, 0.0)	(80.0, 0.0)	(81.0, 0.0)	(82.0, 0.0)	(83.0, 0.0)	(84.0, 1.0)	(85.0, 1.0)	(86.0, 0.0)	(87.0, 0.5)	(88.0, 0.5)	(89.0, 0.5)	(90.0, 0.5)	(91.0, 0.0)	(92.0, 0.5)	(93.0, 1.0)	(94.0, 0.5)	(95.0, 0.5)	(96.0, 1.0)	(97.0, 0.5)	(98.0, 0.0)	(99.0, 0.0)	(100.0, 0.0)
PID-2861-22_R2	(0.0, 0.0)	(1.0, 0.0)	(2.0, 0.0)	(3.0, 0.0)	(4.0, 0.0)	(5.0, 0.5)	(6.0, 1.5)	(7.0, 3.0)	(8.0, 6.5)	(9.0, 11.5)	(10.0, 29.5)	(11.0, 50.5)	(12.0, 72.5)	(13.0, 160.0)	(14.0, 338.5)	(15.0, 613.5)	(16.0, 951.5)	(17.0, 1393.0)	(18.0, 1962.0)	(19.0, 2489.5)	(20.0, 3216.0)	(21.0, 4158.0)	(22.0, 5035.0)	(23.0, 6071.5)	(24.0, 7371.0)	(25.0, 8718.5)	(26.0, 10208.0)	(27.0, 12265.5)	(28.0, 14793.5)	(29.0, 17500.0)	(30.0, 20629.0)	(31.0, 24465.5)	(32.0, 28971.0)	(33.0, 33665.0)	(34.0, 38518.5)	(35.0, 43976.5)	(36.0, 49832.5)	(37.0, 54983.0)	(38.0, 58801.0)	(39.0, 61697.0)	(40.0, 63413.0)	(41.0, 63218.5)	(42.0, 60755.0)	(43.0, 56267.0)	(44.0, 50609.0)	(45.0, 44178.5)	(46.0, 36976.0)	(47.0, 29675.0)	(48.0, 23042.5)	(49.0, 17516.0)	(50.0, 13228.5)	(51.0, 9670.5)	(52.0, 6664.5)	(53.0, 4473.5)	(54.0, 2927.5)	(55.0, 1983.5)	(56.0, 1451.5)	(57.0, 1025.0)	(58.0, 706.0)	(59.0, 519.0)	(60.0, 409.5)	(61.0, 298.0)	(62.0, 215.0)	(63.0, 158.5)	(64.0, 115.5)	(65.0, 103.5)	(66.0, 108.0)	(67.0, 94.5)	(68.0, 73.0)	(69.0, 58.5)	(70.0, 57.0)	(71.0, 58.0)	(72.0, 50.0)	(73.0, 38.0)	(74.0, 42.0)	(75.0, 42.5)	(76.0, 36.0)	(77.0, 33.0)	(78.0, 30.5)	(79.0, 31.5)	(80.0, 37.5)	(81.0, 35.5)	(82.0, 31.5)	(83.0, 34.0)	(84.0, 35.0)	(85.0, 35.0)	(86.0, 32.5)	(87.0, 30.0)	(88.0, 36.0)	(89.0, 35.0)	(90.0, 31.0)	(91.0, 39.5)	(92.0, 47.0)	(93.0, 40.0)	(94.0, 33.0)	(95.0, 49.0)	(96.0, 61.5)	(97.0, 84.0)	(98.0, 149.0)	(99.0, 284.0)	(100.0, 2225.0)
PID-2861-23_R1	(0.0, 0.0)	(1.0, 0.0)	(2.0, 0.0)	(3.0, 0.0)	(4.0, 0.0)	(5.0, 0.0)	(6.0, 1.0)	(7.0, 1.5)	(8.0, 2.5)	(9.0, 8.5)	(10.0, 22.5)	(11.0, 44.0)	(12.0, 68.5)	(13.0, 153.5)	(14.0, 313.0)	(15.0, 487.0)	(16.0, 759.0)	(17.0, 1167.5)	(18.0, 1600.5)	(19.0, 2082.5)	(20.0, 2700.5)	(21.0, 3358.0)	(22.0, 4144.5)	(23.0, 5022.0)	(24.0, 5967.0)	(25.0, 7092.0)	(26.0, 8396.5)	(27.0, 9977.0)	(28.0, 11859.5)	(29.0, 14223.0)	(30.0, 16904.5)	(31.0, 19949.5)	(32.0, 23814.5)	(33.0, 27762.5)	(34.0, 31796.0)	(35.0, 36711.0)	(36.0, 42233.5)	(37.0, 46907.0)	(38.0, 50286.0)	(39.0, 52598.0)	(40.0, 53824.5)	(41.0, 53394.5)	(42.0, 51534.0)	(43.0, 48081.0)	(44.0, 43028.0)	(45.0, 37566.5)	(46.0, 31465.0)	(47.0, 25004.5)	(48.0, 19450.5)	(49.0, 15073.5)	(50.0, 11201.0)	(51.0, 7967.0)	(52.0, 5511.0)	(53.0, 3745.0)	(54.0, 2429.5)	(55.0, 1567.5)	(56.0, 1065.0)	(57.0, 726.0)	(58.0, 507.0)	(59.0, 371.5)	(60.0, 262.5)	(61.0, 156.5)	(62.0, 96.5)	(63.0, 68.0)	(64.0, 36.0)	(65.0, 32.0)	(66.0, 29.0)	(67.0, 19.0)	(68.0, 12.0)	(69.0, 6.5)	(70.0, 7.0)	(71.0, 9.0)	(72.0, 7.0)	(73.0, 4.0)	(74.0, 2.0)	(75.0, 1.5)	(76.0, 3.0)	(77.0, 2.5)	(78.0, 1.5)	(79.0, 3.0)	(80.0, 3.0)	(81.0, 1.5)	(82.0, 0.5)	(83.0, 0.0)	(84.0, 0.5)	(85.0, 1.0)	(86.0, 0.5)	(87.0, 0.0)	(88.0, 0.0)	(89.0, 0.0)	(90.0, 0.5)	(91.0, 0.5)	(92.0, 0.0)	(93.0, 0.0)	(94.0, 0.0)	(95.0, 0.0)	(96.0, 0.0)	(97.0, 0.0)	(98.0, 0.0)	(99.0, 0.5)	(100.0, 0.5)
PID-2861-23_R2	(0.0, 0.0)	(1.0, 0.5)	(2.0, 0.5)	(3.0, 0.0)	(4.0, 0.0)	(5.0, 1.0)	(6.0, 1.0)	(7.0, 1.5)	(8.0, 6.5)	(9.0, 13.5)	(10.0, 18.5)	(11.0, 38.5)	(12.0, 66.0)	(13.0, 138.0)	(14.0, 265.0)	(15.0, 470.0)	(16.0, 733.0)	(17.0, 1067.5)	(18.0, 1517.5)	(19.0, 2017.5)	(20.0, 2591.5)	(21.0, 3271.5)	(22.0, 4099.5)	(23.0, 4899.5)	(24.0, 5794.5)	(25.0, 6961.0)	(26.0, 8247.5)	(27.0, 9817.5)	(28.0, 11770.0)	(29.0, 14117.5)	(30.0, 16631.0)	(31.0, 19555.0)	(32.0, 23590.5)	(33.0, 27748.0)	(34.0, 31937.0)	(35.0, 36593.0)	(36.0, 41523.0)	(37.0, 46086.0)	(38.0, 49544.0)	(39.0, 51840.5)	(40.0, 53283.0)	(41.0, 53014.0)	(42.0, 50957.0)	(43.0, 47764.0)	(44.0, 43140.0)	(45.0, 37490.0)	(46.0, 31396.0)	(47.0, 25183.0)	(48.0, 19606.0)	(49.0, 15212.0)	(50.0, 11367.5)	(51.0, 8063.5)	(52.0, 5579.5)	(53.0, 3854.5)	(54.0, 2517.5)	(55.0, 1646.5)	(56.0, 1182.0)	(57.0, 846.5)	(58.0, 579.0)	(59.0, 408.5)	(60.0, 324.0)	(61.0, 225.5)	(62.0, 146.0)	(63.0, 125.5)	(64.0, 95.5)	(65.0, 76.0)	(66.0, 76.0)	(67.0, 71.5)	(68.0, 55.0)	(69.0, 41.0)	(70.0, 50.5)	(71.0, 49.0)	(72.0, 39.0)	(73.0, 41.0)	(74.0, 34.5)	(75.0, 38.0)	(76.0, 34.0)	(77.0, 27.0)	(78.0, 32.5)	(79.0, 28.5)	(80.0, 31.5)	(81.0, 32.5)	(82.0, 25.5)	(83.0, 26.5)	(84.0, 25.5)	(85.0, 17.5)	(86.0, 17.5)	(87.0, 27.5)	(88.0, 30.5)	(89.0, 25.5)	(90.0, 25.0)	(91.0, 29.5)	(92.0, 25.5)	(93.0, 28.0)	(94.0, 35.0)	(95.0, 37.0)	(96.0, 42.5)	(97.0, 75.5)	(98.0, 127.5)	(99.0, 230.0)	(100.0, 2122.0)
PID-2861-24_R1	(0.0, 0.0)	(1.0, 0.0)	(2.0, 0.0)	(3.0, 0.0)	(4.0, 0.0)	(5.0, 2.0)	(6.0, 5.0)	(7.0, 6.0)	(8.0, 4.5)	(9.0, 13.0)	(10.0, 23.5)	(11.0, 41.0)	(12.0, 74.5)	(13.0, 155.0)	(14.0, 314.5)	(15.0, 501.5)	(16.0, 784.5)	(17.0, 1197.0)	(18.0, 1649.5)	(19.0, 2198.5)	(20.0, 2782.5)	(21.0, 3454.0)	(22.0, 4310.5)	(23.0, 5163.5)	(24.0, 6112.0)	(25.0, 7265.5)	(26.0, 8745.0)	(27.0, 10541.0)	(28.0, 12627.5)	(29.0, 15208.0)	(30.0, 18131.5)	(31.0, 21581.0)	(32.0, 25865.5)	(33.0, 30737.5)	(34.0, 35740.5)	(35.0, 41150.5)	(36.0, 47290.0)	(37.0, 52982.0)	(38.0, 57502.5)	(39.0, 60462.5)	(40.0, 62237.0)	(41.0, 62330.0)	(42.0, 60507.5)	(43.0, 56872.5)	(44.0, 51340.0)	(45.0, 45174.5)	(46.0, 38229.0)	(47.0, 30839.5)	(48.0, 24351.5)	(49.0, 18852.0)	(50.0, 14060.5)	(51.0, 10258.5)	(52.0, 7199.0)	(53.0, 4826.5)	(54.0, 3209.5)	(55.0, 2104.5)	(56.0, 1406.5)	(57.0, 979.0)	(58.0, 633.5)	(59.0, 437.5)	(60.0, 324.0)	(61.0, 194.0)	(62.0, 123.0)	(63.0, 95.0)	(64.0, 60.0)	(65.0, 38.0)	(66.0, 34.0)	(67.0, 32.0)	(68.0, 20.5)	(69.0, 11.5)	(70.0, 8.0)	(71.0, 7.0)	(72.0, 7.0)	(73.0, 5.0)	(74.0, 4.0)	(75.0, 1.5)	(76.0, 0.5)	(77.0, 1.0)	(78.0, 1.5)	(79.0, 1.5)	(80.0, 0.5)	(81.0, 0.0)	(82.0, 0.0)	(83.0, 0.5)	(84.0, 1.0)	(85.0, 1.0)	(86.0, 0.5)	(87.0, 0.5)	(88.0, 0.5)	(89.0, 0.0)	(90.0, 0.0)	(91.0, 0.5)	(92.0, 0.5)	(93.0, 0.5)	(94.0, 0.5)	(95.0, 0.5)	(96.0, 1.0)	(97.0, 1.0)	(98.0, 0.5)	(99.0, 0.0)	(100.0, 0.0)
PID-2861-24_R2	(0.0, 0.0)	(1.0, 0.0)	(2.0, 0.0)	(3.0, 0.0)	(4.0, 0.0)	(5.0, 1.5)	(6.0, 2.5)	(7.0, 3.5)	(8.0, 5.5)	(9.0, 10.0)	(10.0, 29.5)	(11.0, 53.5)	(12.0, 76.5)	(13.0, 151.5)	(14.0, 292.5)	(15.0, 495.5)	(16.0, 795.0)	(17.0, 1177.5)	(18.0, 1690.5)	(19.0, 2224.5)	(20.0, 2810.5)	(21.0, 3464.0)	(22.0, 4269.5)	(23.0, 5219.5)	(24.0, 6171.5)	(25.0, 7351.0)	(26.0, 8775.5)	(27.0, 10412.5)	(28.0, 12545.5)	(29.0, 15114.5)	(30.0, 17834.5)	(31.0, 21328.0)	(32.0, 25823.5)	(33.0, 30602.5)	(34.0, 35407.0)	(35.0, 40739.0)	(36.0, 46909.0)	(37.0, 52399.5)	(38.0, 56538.5)	(39.0, 59689.5)	(40.0, 61952.5)	(41.0, 62271.0)	(42.0, 60038.5)	(43.0, 56370.0)	(44.0, 51333.5)	(45.0, 45011.5)	(46.0, 37919.5)	(47.0, 30866.5)	(48.0, 24433.0)	(49.0, 18563.5)	(50.0, 13776.5)	(51.0, 10149.0)	(52.0, 7141.5)	(53.0, 4871.0)	(54.0, 3239.5)	(55.0, 2127.5)	(56.0, 1472.5)	(57.0, 1039.5)	(58.0, 733.0)	(59.0, 551.0)	(60.0, 415.0)	(61.0, 292.0)	(62.0, 207.0)	(63.0, 151.5)	(64.0, 112.5)	(65.0, 106.5)	(66.0, 101.5)	(67.0, 83.0)	(68.0, 65.0)	(69.0, 53.0)	(70.0, 54.5)	(71.0, 52.0)	(72.0, 39.5)	(73.0, 35.0)	(74.0, 39.5)	(75.0, 32.5)	(76.0, 31.0)	(77.0, 34.0)	(78.0, 31.0)	(79.0, 29.5)	(80.0, 27.0)	(81.0, 28.0)	(82.0, 31.0)	(83.0, 28.0)	(84.0, 26.0)	(85.0, 30.5)	(86.0, 32.0)	(87.0, 30.0)	(88.0, 29.5)	(89.0, 34.5)	(90.0, 33.5)	(91.0, 30.0)	(92.0, 35.5)	(93.0, 39.5)	(94.0, 34.5)	(95.0, 37.5)	(96.0, 54.0)	(97.0, 73.0)	(98.0, 110.5)	(99.0, 223.0)	(100.0, 2201.0)
PID-2861-25_R1	(0.0, 0.0)	(1.0, 0.0)	(2.0, 0.0)	(3.0, 0.0)	(4.0, 0.5)	(5.0, 0.5)	(6.0, 0.0)	(7.0, 1.0)	(8.0, 3.0)	(9.0, 11.5)	(10.0, 27.0)	(11.0, 52.0)	(12.0, 90.0)	(13.0, 176.5)	(14.0, 319.5)	(15.0, 555.0)	(16.0, 830.5)	(17.0, 1236.0)	(18.0, 1737.5)	(19.0, 2197.5)	(20.0, 3012.0)	(21.0, 4010.0)	(22.0, 4904.0)	(23.0, 5802.0)	(24.0, 7088.5)	(25.0, 8684.5)	(26.0, 10225.5)	(27.0, 12167.0)	(28.0, 14679.5)	(29.0, 17321.0)	(30.0, 20234.0)	(31.0, 24115.0)	(32.0, 28377.0)	(33.0, 32873.0)	(34.0, 37764.0)	(35.0, 42961.5)	(36.0, 48580.0)	(37.0, 53879.5)	(38.0, 57878.0)	(39.0, 60844.5)	(40.0, 62786.0)	(41.0, 62539.5)	(42.0, 60188.5)	(43.0, 56203.0)	(44.0, 50797.0)	(45.0, 44347.0)	(46.0, 37165.0)	(47.0, 29662.5)	(48.0, 22903.0)	(49.0, 17519.0)	(50.0, 13017.5)	(51.0, 9281.5)	(52.0, 6442.0)	(53.0, 4414.0)	(54.0, 2934.0)	(55.0, 1965.0)	(56.0, 1365.5)	(57.0, 879.0)	(58.0, 584.0)	(59.0, 400.0)	(60.0, 290.0)	(61.0, 219.5)	(62.0, 154.0)	(63.0, 109.0)	(64.0, 84.0)	(65.0, 76.0)	(66.0, 75.0)	(67.0, 63.0)	(68.0, 42.0)	(69.0, 18.0)	(70.0, 13.0)	(71.0, 13.0)	(72.0, 9.5)	(73.0, 4.0)	(74.0, 1.0)	(75.0, 1.0)	(76.0, 2.0)	(77.0, 2.0)	(78.0, 1.0)	(79.0, 1.5)	(80.0, 1.0)	(81.0, 0.0)	(82.0, 1.0)	(83.0, 1.0)	(84.0, 1.5)	(85.0, 2.0)	(86.0, 0.5)	(87.0, 0.0)	(88.0, 0.0)	(89.0, 0.0)	(90.0, 1.0)	(91.0, 1.0)	(92.0, 0.5)	(93.0, 1.0)	(94.0, 0.5)	(95.0, 0.0)	(96.0, 0.5)	(97.0, 1.0)	(98.0, 1.5)	(99.0, 1.5)	(100.0, 0.5)
PID-2861-25_R2	(0.0, 0.0)	(1.0, 0.0)	(2.0, 0.0)	(3.0, 0.0)	(4.0, 0.0)	(5.0, 0.0)	(6.0, 0.0)	(7.0, 0.5)	(8.0, 2.5)	(9.0, 12.5)	(10.0, 27.5)	(11.0, 46.0)	(12.0, 81.0)	(13.0, 148.0)	(14.0, 273.0)	(15.0, 535.5)	(16.0, 827.5)	(17.0, 1196.0)	(18.0, 1668.0)	(19.0, 2177.0)	(20.0, 2908.0)	(21.0, 3713.0)	(22.0, 4580.0)	(23.0, 5660.0)	(24.0, 7047.0)	(25.0, 8628.5)	(26.0, 10136.5)	(27.0, 12054.5)	(28.0, 14357.0)	(29.0, 17057.5)	(30.0, 20318.5)	(31.0, 23842.0)	(32.0, 27874.0)	(33.0, 32330.5)	(34.0, 37281.5)	(35.0, 42793.0)	(36.0, 47908.5)	(37.0, 52727.5)	(38.0, 57322.5)	(39.0, 60749.0)	(40.0, 62612.0)	(41.0, 62300.5)	(42.0, 60017.0)	(43.0, 55939.5)	(44.0, 50501.0)	(45.0, 44316.5)	(46.0, 37403.5)	(47.0, 29970.0)	(48.0, 23114.5)	(49.0, 17589.5)	(50.0, 13059.5)	(51.0, 9345.5)	(52.0, 6468.0)	(53.0, 4510.5)	(54.0, 3035.5)	(55.0, 2038.5)	(56.0, 1451.5)	(57.0, 1005.0)	(58.0, 715.5)	(59.0, 524.5)	(60.0, 390.5)	(61.0, 309.5)	(62.0, 245.0)	(63.0, 191.0)	(64.0, 162.5)	(65.0, 139.5)	(66.0, 112.0)	(67.0, 93.5)	(68.0, 81.0)	(69.0, 73.0)	(70.0, 69.5)	(71.0, 61.0)	(72.0, 50.0)	(73.0, 57.0)	(74.0, 59.5)	(75.0, 52.5)	(76.0, 55.0)	(77.0, 52.5)	(78.0, 42.0)	(79.0, 38.0)	(80.0, 37.0)	(81.0, 39.0)	(82.0, 36.0)	(83.0, 31.5)	(84.0, 36.0)	(85.0, 39.5)	(86.0, 43.5)	(87.0, 40.5)	(88.0, 36.5)	(89.0, 34.0)	(90.0, 36.5)	(91.0, 41.5)	(92.0, 42.5)	(93.0, 46.5)	(94.0, 51.0)	(95.0, 45.0)	(96.0, 50.0)	(97.0, 95.0)	(98.0, 162.0)	(99.0, 293.5)	(100.0, 1831.5)
PID-2861-26_R1	(0.0, 0.0)	(1.0, 0.0)	(2.0, 0.0)	(3.0, 0.0)	(4.0, 0.0)	(5.0, 0.5)	(6.0, 1.5)	(7.0, 4.0)	(8.0, 3.0)	(9.0, 7.0)	(10.0, 32.0)	(11.0, 55.0)	(12.0, 96.0)	(13.0, 188.0)	(14.0, 356.5)	(15.0, 626.0)	(16.0, 947.0)	(17.0, 1391.5)	(18.0, 2017.5)	(19.0, 2645.0)	(20.0, 3417.5)	(21.0, 4386.5)	(22.0, 5500.0)	(23.0, 6743.0)	(24.0, 8218.5)	(25.0, 10170.5)	(26.0, 12142.5)	(27.0, 14123.5)	(28.0, 16889.0)	(29.0, 20280.0)	(30.0, 24079.0)	(31.0, 28511.5)	(32.0, 33451.5)	(33.0, 39079.5)	(34.0, 45132.0)	(35.0, 50988.5)	(36.0, 57455.0)	(37.0, 64216.0)	(38.0, 68909.5)	(39.0, 72704.5)	(40.0, 75899.0)	(41.0, 76275.0)	(42.0, 73711.5)	(43.0, 68634.5)	(44.0, 61954.0)	(45.0, 54029.5)	(46.0, 45333.0)	(47.0, 36449.0)	(48.0, 28243.0)	(49.0, 21517.5)	(50.0, 15962.0)	(51.0, 11383.5)	(52.0, 7891.0)	(53.0, 5426.0)	(54.0, 3540.5)	(55.0, 2345.5)	(56.0, 1719.5)	(57.0, 1172.5)	(58.0, 743.0)	(59.0, 515.5)	(60.0, 397.5)	(61.0, 293.5)	(62.0, 208.5)	(63.0, 148.5)	(64.0, 111.5)	(65.0, 95.0)	(66.0, 88.5)	(67.0, 77.0)	(68.0, 47.0)	(69.0, 23.5)	(70.0, 16.0)	(71.0, 13.0)	(72.0, 9.5)	(73.0, 4.5)	(74.0, 1.0)	(75.0, 1.0)	(76.0, 1.0)	(77.0, 0.5)	(78.0, 0.5)	(79.0, 0.5)	(80.0, 1.0)	(81.0, 1.0)	(82.0, 1.5)	(83.0, 1.0)	(84.0, 0.0)	(85.0, 1.0)	(86.0, 1.5)	(87.0, 1.5)	(88.0, 1.0)	(89.0, 0.0)	(90.0, 0.0)	(91.0, 0.0)	(92.0, 0.5)	(93.0, 1.0)	(94.0, 0.5)	(95.0, 0.0)	(96.0, 0.0)	(97.0, 0.0)	(98.0, 0.0)	(99.0, 1.5)	(100.0, 1.5)
PID-2861-26_R2	(0.0, 0.0)	(1.0, 0.0)	(2.0, 0.0)	(3.0, 0.5)	(4.0, 0.5)	(5.0, 0.0)	(6.0, 0.0)	(7.0, 1.5)	(8.0, 5.0)	(9.0, 12.0)	(10.0, 21.5)	(11.0, 50.5)	(12.0, 84.5)	(13.0, 183.5)	(14.0, 342.0)	(15.0, 600.0)	(16.0, 894.0)	(17.0, 1319.0)	(18.0, 1933.5)	(19.0, 2526.5)	(20.0, 3413.5)	(21.0, 4473.5)	(22.0, 5454.0)	(23.0, 6538.0)	(24.0, 8097.5)	(25.0, 10010.5)	(26.0, 11796.5)	(27.0, 13990.0)	(28.0, 17069.0)	(29.0, 20350.0)	(30.0, 23909.5)	(31.0, 28145.5)	(32.0, 32938.5)	(33.0, 38455.0)	(34.0, 44352.5)	(35.0, 50845.5)	(36.0, 57685.5)	(37.0, 63563.5)	(38.0, 68615.0)	(39.0, 73177.0)	(40.0, 75766.5)	(41.0, 75550.0)	(42.0, 72791.0)	(43.0, 67804.5)	(44.0, 61055.0)	(45.0, 53607.5)	(46.0, 45335.5)	(47.0, 36407.5)	(48.0, 28278.0)	(49.0, 21475.0)	(50.0, 15964.5)	(51.0, 11494.0)	(52.0, 8051.0)	(53.0, 5528.0)	(54.0, 3732.5)	(55.0, 2548.0)	(56.0, 1834.0)	(57.0, 1307.5)	(58.0, 902.5)	(59.0, 612.5)	(60.0, 466.5)	(61.0, 385.0)	(62.0, 302.0)	(63.0, 244.5)	(64.0, 218.0)	(65.0, 164.0)	(66.0, 137.0)	(67.0, 135.5)	(68.0, 101.0)	(69.0, 80.0)	(70.0, 65.5)	(71.0, 61.0)	(72.0, 64.0)	(73.0, 60.0)	(74.0, 56.0)	(75.0, 51.0)	(76.0, 46.5)	(77.0, 43.0)	(78.0, 40.0)	(79.0, 42.0)	(80.0, 45.5)	(81.0, 42.5)	(82.0, 38.0)	(83.0, 37.0)	(84.0, 39.5)	(85.0, 36.5)	(86.0, 33.5)	(87.0, 40.0)	(88.0, 40.5)	(89.0, 44.5)	(90.0, 42.0)	(91.0, 37.5)	(92.0, 46.0)	(93.0, 47.5)	(94.0, 51.5)	(95.0, 59.5)	(96.0, 70.0)	(97.0, 96.5)	(98.0, 155.5)	(99.0, 297.5)	(100.0, 2152.5)
PID-2861-27_R1	(0.0, 0.0)	(1.0, 0.0)	(2.0, 0.0)	(3.0, 0.0)	(4.0, 0.0)	(5.0, 0.5)	(6.0, 2.0)	(7.0, 3.5)	(8.0, 8.0)	(9.0, 17.0)	(10.0, 32.5)	(11.0, 60.0)	(12.0, 107.0)	(13.0, 222.5)	(14.0, 417.5)	(15.0, 689.0)	(16.0, 999.5)	(17.0, 1516.0)	(18.0, 2189.5)	(19.0, 2734.5)	(20.0, 3550.5)	(21.0, 4679.5)	(22.0, 5733.5)	(23.0, 6943.0)	(24.0, 8641.0)	(25.0, 10552.0)	(26.0, 12686.0)	(27.0, 14958.5)	(28.0, 17664.0)	(29.0, 21029.0)	(30.0, 24502.0)	(31.0, 28915.5)	(32.0, 33958.5)	(33.0, 39473.5)	(34.0, 45827.5)	(35.0, 52293.0)	(36.0, 58880.0)	(37.0, 65186.0)	(38.0, 70743.5)	(39.0, 74927.5)	(40.0, 77224.5)	(41.0, 77136.0)	(42.0, 74275.0)	(43.0, 69017.5)	(44.0, 62639.5)	(45.0, 54965.5)	(46.0, 46010.0)	(47.0, 36963.5)	(48.0, 28627.0)	(49.0, 21616.5)	(50.0, 15823.5)	(51.0, 11247.0)	(52.0, 7832.0)	(53.0, 5412.0)	(54.0, 3543.5)	(55.0, 2371.0)	(56.0, 1715.5)	(57.0, 1114.5)	(58.0, 699.0)	(59.0, 497.0)	(60.0, 378.0)	(61.0, 281.5)	(62.0, 206.0)	(63.0, 157.0)	(64.0, 115.0)	(65.0, 102.0)	(66.0, 83.0)	(67.0, 51.5)	(68.0, 34.0)	(69.0, 29.0)	(70.0, 25.5)	(71.0, 16.0)	(72.0, 10.5)	(73.0, 7.5)	(74.0, 2.0)	(75.0, 1.0)	(76.0, 1.0)	(77.0, 1.5)	(78.0, 1.0)	(79.0, 0.0)	(80.0, 0.5)	(81.0, 1.0)	(82.0, 2.0)	(83.0, 2.5)	(84.0, 2.5)	(85.0, 4.0)	(86.0, 3.5)	(87.0, 3.0)	(88.0, 2.0)	(89.0, 0.0)	(90.0, 0.0)	(91.0, 0.0)	(92.0, 0.0)	(93.0, 0.0)	(94.0, 0.5)	(95.0, 0.5)	(96.0, 0.0)	(97.0, 0.0)	(98.0, 0.5)	(99.0, 1.0)	(100.0, 1.0)
PID-2861-27_R2	(0.0, 0.0)	(1.0, 0.0)	(2.0, 0.5)	(3.0, 0.5)	(4.0, 1.0)	(5.0, 1.0)	(6.0, 0.5)	(7.0, 0.5)	(8.0, 5.0)	(9.0, 14.5)	(10.0, 25.0)	(11.0, 49.0)	(12.0, 100.5)	(13.0, 217.0)	(14.0, 386.5)	(15.0, 685.0)	(16.0, 1048.0)	(17.0, 1551.0)	(18.0, 2150.0)	(19.0, 2691.0)	(20.0, 3580.0)	(21.0, 4649.5)	(22.0, 5752.5)	(23.0, 6976.5)	(24.0, 8535.0)	(25.0, 10399.5)	(26.0, 12244.5)	(27.0, 14611.5)	(28.0, 17564.5)	(29.0, 20736.0)	(30.0, 24683.5)	(31.0, 29118.5)	(32.0, 33924.5)	(33.0, 39701.0)	(34.0, 45424.0)	(35.0, 51565.5)	(36.0, 58193.0)	(37.0, 64490.0)	(38.0, 70381.5)	(39.0, 74424.5)	(40.0, 76495.5)	(41.0, 76474.0)	(42.0, 73734.5)	(43.0, 68905.5)	(44.0, 62460.5)	(45.0, 54358.5)	(46.0, 45563.0)	(47.0, 36661.0)	(48.0, 28654.5)	(49.0, 21754.5)	(50.0, 16072.0)	(51.0, 11651.5)	(52.0, 7984.0)	(53.0, 5505.5)	(54.0, 3628.0)	(55.0, 2463.0)	(56.0, 1807.5)	(57.0, 1231.5)	(58.0, 841.5)	(59.0, 613.0)	(60.0, 450.5)	(61.0, 365.0)	(62.0, 289.5)	(63.0, 211.0)	(64.0, 184.5)	(65.0, 170.5)	(66.0, 147.5)	(67.0, 118.5)	(68.0, 94.5)	(69.0, 75.5)	(70.0, 68.0)	(71.0, 69.5)	(72.0, 62.0)	(73.0, 51.5)	(74.0, 45.0)	(75.0, 39.0)	(76.0, 45.5)	(77.0, 50.5)	(78.0, 45.0)	(79.0, 42.5)	(80.0, 38.0)	(81.0, 33.0)	(82.0, 35.5)	(83.0, 36.0)	(84.0, 32.5)	(85.0, 38.5)	(86.0, 34.5)	(87.0, 25.5)	(88.0, 29.5)	(89.0, 30.5)	(90.0, 40.5)	(91.0, 48.0)	(92.0, 43.0)	(93.0, 46.0)	(94.0, 45.0)	(95.0, 53.5)	(96.0, 69.5)	(97.0, 87.0)	(98.0, 130.5)	(99.0, 257.5)	(100.0, 2023.5)
PID-2861-28_R1	(0.0, 0.0)	(1.0, 0.0)	(2.0, 0.0)	(3.0, 0.5)	(4.0, 1.5)	(5.0, 1.0)	(6.0, 2.5)	(7.0, 3.5)	(8.0, 2.0)	(9.0, 5.5)	(10.0, 19.0)	(11.0, 36.5)	(12.0, 69.5)	(13.0, 150.0)	(14.0, 284.0)	(15.0, 477.5)	(16.0, 750.0)	(17.0, 1131.5)	(18.0, 1606.5)	(19.0, 2115.0)	(20.0, 2726.5)	(21.0, 3478.5)	(22.0, 4344.5)	(23.0, 5334.0)	(24.0, 6494.0)	(25.0, 7924.5)	(26.0, 9456.0)	(27.0, 11156.5)	(28.0, 13435.5)	(29.0, 16006.0)	(30.0, 19026.5)	(31.0, 22694.0)	(32.0, 26835.5)	(33.0, 31270.5)	(34.0, 36108.0)	(35.0, 41554.0)	(36.0, 47282.5)	(37.0, 52727.5)	(38.0, 57383.5)	(39.0, 60836.0)	(40.0, 63057.0)	(41.0, 63447.5)	(42.0, 61328.5)	(43.0, 57221.5)	(44.0, 51586.0)	(45.0, 45187.5)	(46.0, 37970.0)	(47.0, 30505.0)	(48.0, 23782.0)	(49.0, 17966.5)	(50.0, 13342.0)	(51.0, 9418.0)	(52.0, 6465.5)	(53.0, 4480.0)	(54.0, 2868.5)	(55.0, 1916.5)	(56.0, 1399.0)	(57.0, 929.0)	(58.0, 594.0)	(59.0, 432.0)	(60.0, 323.5)	(61.0, 232.5)	(62.0, 165.5)	(63.0, 129.0)	(64.0, 103.5)	(65.0, 80.0)	(66.0, 66.0)	(67.0, 51.0)	(68.0, 31.5)	(69.0, 20.0)	(70.0, 17.5)	(71.0, 18.0)	(72.0, 11.5)	(73.0, 5.0)	(74.0, 4.0)	(75.0, 2.0)	(76.0, 1.0)	(77.0, 0.5)	(78.0, 0.5)	(79.0, 1.0)	(80.0, 1.0)	(81.0, 1.0)	(82.0, 0.5)	(83.0, 1.5)	(84.0, 2.0)	(85.0, 1.0)	(86.0, 1.0)	(87.0, 1.5)	(88.0, 1.0)	(89.0, 0.0)	(90.0, 0.0)	(91.0, 0.0)	(92.0, 0.5)	(93.0, 0.5)	(94.0, 0.0)	(95.0, 0.0)	(96.0, 0.5)	(97.0, 0.5)	(98.0, 0.5)	(99.0, 0.5)	(100.0, 0.0)
PID-2861-28_R2	(0.0, 0.0)	(1.0, 0.0)	(2.0, 0.0)	(3.0, 0.0)	(4.0, 0.0)	(5.0, 0.0)	(6.0, 0.5)	(7.0, 1.5)	(8.0, 4.0)	(9.0, 9.5)	(10.0, 17.0)	(11.0, 39.0)	(12.0, 73.0)	(13.0, 140.0)	(14.0, 265.0)	(15.0, 477.5)	(16.0, 762.5)	(17.0, 1116.0)	(18.0, 1526.0)	(19.0, 1923.5)	(20.0, 2624.5)	(21.0, 3458.0)	(22.0, 4319.5)	(23.0, 5280.5)	(24.0, 6341.0)	(25.0, 7781.0)	(26.0, 9315.0)	(27.0, 11124.0)	(28.0, 13414.0)	(29.0, 16022.0)	(30.0, 19143.0)	(31.0, 22712.0)	(32.0, 26706.0)	(33.0, 31137.5)	(34.0, 35991.0)	(35.0, 41318.0)	(36.0, 46918.5)	(37.0, 52381.0)	(38.0, 56786.5)	(39.0, 60349.5)	(40.0, 62621.5)	(41.0, 62651.5)	(42.0, 60448.5)	(43.0, 56620.0)	(44.0, 51451.5)	(45.0, 45019.5)	(46.0, 38091.5)	(47.0, 30872.0)	(48.0, 23956.0)	(49.0, 18005.0)	(50.0, 13153.5)	(51.0, 9428.0)	(52.0, 6677.0)	(53.0, 4650.5)	(54.0, 3162.0)	(55.0, 2151.5)	(56.0, 1511.0)	(57.0, 1035.5)	(58.0, 702.0)	(59.0, 465.5)	(60.0, 364.5)	(61.0, 305.5)	(62.0, 229.0)	(63.0, 190.0)	(64.0, 158.0)	(65.0, 122.5)	(66.0, 111.0)	(67.0, 103.5)	(68.0, 81.0)	(69.0, 69.0)	(70.0, 65.5)	(71.0, 56.0)	(72.0, 51.5)	(73.0, 47.0)	(74.0, 37.0)	(75.0, 28.5)	(76.0, 25.0)	(77.0, 28.5)	(78.0, 25.5)	(79.0, 22.0)	(80.0, 29.0)	(81.0, 33.0)	(82.0, 34.0)	(83.0, 31.5)	(84.0, 29.5)	(85.0, 30.5)	(86.0, 29.5)	(87.0, 27.0)	(88.0, 31.0)	(89.0, 36.0)	(90.0, 36.5)	(91.0, 37.5)	(92.0, 35.5)	(93.0, 32.0)	(94.0, 33.0)	(95.0, 37.0)	(96.0, 46.5)	(97.0, 70.5)	(98.0, 121.5)	(99.0, 226.5)	(100.0, 1400.0)
PID-2861-29_R1	(0.0, 0.0)	(1.0, 0.0)	(2.0, 0.0)	(3.0, 0.0)	(4.0, 0.0)	(5.0, 0.5)	(6.0, 2.0)	(7.0, 2.5)	(8.0, 3.5)	(9.0, 9.5)	(10.0, 24.0)	(11.0, 39.5)	(12.0, 63.5)	(13.0, 160.5)	(14.0, 293.5)	(15.0, 518.5)	(16.0, 795.0)	(17.0, 1160.5)	(18.0, 1639.0)	(19.0, 2109.5)	(20.0, 2860.5)	(21.0, 3615.5)	(22.0, 4407.0)	(23.0, 5345.5)	(24.0, 6509.0)	(25.0, 7920.0)	(26.0, 9355.0)	(27.0, 11056.0)	(28.0, 13256.5)	(29.0, 15796.0)	(30.0, 18624.0)	(31.0, 21897.5)	(32.0, 25418.5)	(33.0, 29237.5)	(34.0, 33663.5)	(35.0, 38532.0)	(36.0, 43304.0)	(37.0, 47857.5)	(38.0, 51682.5)	(39.0, 54494.5)	(40.0, 56227.5)	(41.0, 55854.5)	(42.0, 53610.0)	(43.0, 50088.5)	(44.0, 45067.0)	(45.0, 39205.5)	(46.0, 33158.0)	(47.0, 26609.0)	(48.0, 20435.5)	(49.0, 15494.5)	(50.0, 11513.0)	(51.0, 8322.0)	(52.0, 5693.0)	(53.0, 3870.5)	(54.0, 2590.5)	(55.0, 1724.0)	(56.0, 1205.0)	(57.0, 803.5)	(58.0, 554.0)	(59.0, 377.0)	(60.0, 248.0)	(61.0, 201.0)	(62.0, 164.5)	(63.0, 111.0)	(64.0, 85.0)	(65.0, 71.5)	(66.0, 61.5)	(67.0, 48.0)	(68.0, 27.5)	(69.0, 11.5)	(70.0, 11.5)	(71.0, 9.5)	(72.0, 5.0)	(73.0, 4.0)	(74.0, 2.0)	(75.0, 1.0)	(76.0, 0.0)	(77.0, 1.0)	(78.0, 1.5)	(79.0, 1.5)	(80.0, 1.0)	(81.0, 0.5)	(82.0, 0.5)	(83.0, 0.0)	(84.0, 0.5)	(85.0, 0.5)	(86.0, 0.0)	(87.0, 0.0)	(88.0, 0.0)	(89.0, 0.0)	(90.0, 0.5)	(91.0, 0.5)	(92.0, 0.5)	(93.0, 1.0)	(94.0, 0.5)	(95.0, 0.0)	(96.0, 0.0)	(97.0, 0.5)	(98.0, 0.5)	(99.0, 0.5)	(100.0, 0.5)
PID-2861-29_R2	(0.0, 0.0)	(1.0, 0.0)	(2.0, 0.0)	(3.0, 0.0)	(4.0, 0.0)	(5.0, 0.0)	(6.0, 1.0)	(7.0, 4.0)	(8.0, 4.5)	(9.0, 8.0)	(10.0, 25.5)	(11.0, 43.5)	(12.0, 76.0)	(13.0, 163.5)	(14.0, 281.5)	(15.0, 510.0)	(16.0, 796.0)	(17.0, 1141.0)	(18.0, 1620.0)	(19.0, 2115.5)	(20.0, 2814.0)	(21.0, 3588.5)	(22.0, 4323.5)	(23.0, 5160.5)	(24.0, 6258.0)	(25.0, 7706.5)	(26.0, 9200.0)	(27.0, 10951.0)	(28.0, 13164.5)	(29.0, 15489.0)	(30.0, 18123.5)	(31.0, 21463.0)	(32.0, 25410.5)	(33.0, 29439.0)	(34.0, 33537.0)	(35.0, 38189.5)	(36.0, 43095.0)	(37.0, 47454.5)	(38.0, 50817.0)	(39.0, 53467.0)	(40.0, 55538.0)	(41.0, 55855.0)	(42.0, 53609.5)	(43.0, 49684.5)	(44.0, 45112.0)	(45.0, 39546.5)	(46.0, 33028.5)	(47.0, 26475.0)	(48.0, 20582.5)	(49.0, 15722.0)	(50.0, 11706.5)	(51.0, 8323.0)	(52.0, 5746.0)	(53.0, 4004.5)	(54.0, 2676.5)	(55.0, 1832.5)	(56.0, 1317.5)	(57.0, 914.5)	(58.0, 646.0)	(59.0, 471.5)	(60.0, 362.0)	(61.0, 284.5)	(62.0, 217.5)	(63.0, 150.0)	(64.0, 137.0)	(65.0, 120.0)	(66.0, 101.5)	(67.0, 89.0)	(68.0, 57.0)	(69.0, 53.5)	(70.0, 55.0)	(71.0, 41.5)	(72.0, 42.0)	(73.0, 43.5)	(74.0, 41.5)	(75.0, 37.0)	(76.0, 32.0)	(77.0, 31.5)	(78.0, 35.0)	(79.0, 31.0)	(80.0, 29.0)	(81.0, 31.5)	(82.0, 29.0)	(83.0, 29.5)	(84.0, 26.0)	(85.0, 22.5)	(86.0, 22.0)	(87.0, 23.5)	(88.0, 33.0)	(89.0, 31.5)	(90.0, 30.0)	(91.0, 28.0)	(92.0, 25.5)	(93.0, 36.0)	(94.0, 45.0)	(95.0, 43.5)	(96.0, 48.0)	(97.0, 81.0)	(98.0, 120.0)	(99.0, 225.5)	(100.0, 1567.5)
PID-2861-2_R1	(0.0, 0.0)	(1.0, 0.0)	(2.0, 0.0)	(3.0, 0.0)	(4.0, 0.0)	(5.0, 0.5)	(6.0, 3.5)	(7.0, 6.0)	(8.0, 4.5)	(9.0, 9.5)	(10.0, 29.0)	(11.0, 62.0)	(12.0, 104.5)	(13.0, 175.5)	(14.0, 345.5)	(15.0, 583.5)	(16.0, 908.5)	(17.0, 1295.0)	(18.0, 1701.5)	(19.0, 2253.0)	(20.0, 2845.0)	(21.0, 3542.0)	(22.0, 4577.0)	(23.0, 5604.5)	(24.0, 6749.0)	(25.0, 8217.0)	(26.0, 9781.5)	(27.0, 11662.5)	(28.0, 13767.5)	(29.0, 16250.5)	(30.0, 19155.0)	(31.0, 22318.5)	(32.0, 26495.0)	(33.0, 31141.5)	(34.0, 36317.0)	(35.0, 42248.5)	(36.0, 47724.5)	(37.0, 52386.0)	(38.0, 56386.5)	(39.0, 59451.5)	(40.0, 61408.5)	(41.0, 61196.0)	(42.0, 58444.0)	(43.0, 54201.5)	(44.0, 48737.0)	(45.0, 42622.0)	(46.0, 35991.0)	(47.0, 29062.5)	(48.0, 22492.5)	(49.0, 16947.5)	(50.0, 12438.0)	(51.0, 8960.5)	(52.0, 6417.0)	(53.0, 4406.5)	(54.0, 2964.0)	(55.0, 2061.5)	(56.0, 1397.0)	(57.0, 882.5)	(58.0, 597.5)	(59.0, 403.0)	(60.0, 288.0)	(61.0, 202.0)	(62.0, 134.5)	(63.0, 86.5)	(64.0, 63.0)	(65.0, 56.0)	(66.0, 52.0)	(67.0, 42.5)	(68.0, 25.5)	(69.0, 8.0)	(70.0, 2.0)	(71.0, 3.0)	(72.0, 3.5)	(73.0, 1.5)	(74.0, 1.0)	(75.0, 1.0)	(76.0, 0.5)	(77.0, 0.0)	(78.0, 0.0)	(79.0, 0.5)	(80.0, 1.0)	(81.0, 0.5)	(82.0, 0.0)	(83.0, 0.5)	(84.0, 1.0)	(85.0, 0.5)	(86.0, 0.5)	(87.0, 0.5)	(88.0, 0.0)	(89.0, 0.5)	(90.0, 1.0)	(91.0, 1.0)	(92.0, 0.5)	(93.0, 0.0)	(94.0, 0.5)	(95.0, 0.5)	(96.0, 0.5)	(97.0, 0.5)	(98.0, 0.0)	(99.0, 0.5)	(100.0, 0.5)
PID-2861-2_R2	(0.0, 0.0)	(1.0, 0.5)	(2.0, 0.5)	(3.0, 0.0)	(4.0, 0.0)	(5.0, 1.5)	(6.0, 3.5)	(7.0, 4.5)	(8.0, 4.5)	(9.0, 9.5)	(10.0, 19.5)	(11.0, 55.0)	(12.0, 111.0)	(13.0, 201.0)	(14.0, 343.5)	(15.0, 572.5)	(16.0, 883.0)	(17.0, 1205.0)	(18.0, 1624.5)	(19.0, 2111.0)	(20.0, 2709.0)	(21.0, 3516.0)	(22.0, 4487.5)	(23.0, 5468.0)	(24.0, 6677.0)	(25.0, 8107.0)	(26.0, 9592.5)	(27.0, 11555.5)	(28.0, 13646.5)	(29.0, 15903.0)	(30.0, 18828.0)	(31.0, 22129.5)	(32.0, 26397.0)	(33.0, 31024.5)	(34.0, 36100.5)	(35.0, 42143.5)	(36.0, 47473.0)	(37.0, 51795.0)	(38.0, 55695.5)	(39.0, 58957.0)	(40.0, 60628.5)	(41.0, 60206.0)	(42.0, 57943.0)	(43.0, 54050.0)	(44.0, 48860.0)	(45.0, 42687.0)	(46.0, 35761.0)	(47.0, 28926.0)	(48.0, 22610.5)	(49.0, 17153.0)	(50.0, 12692.5)	(51.0, 9287.0)	(52.0, 6598.0)	(53.0, 4430.0)	(54.0, 3070.5)	(55.0, 2152.5)	(56.0, 1484.5)	(57.0, 985.0)	(58.0, 658.0)	(59.0, 470.0)	(60.0, 355.0)	(61.0, 256.0)	(62.0, 194.5)	(63.0, 150.5)	(64.0, 109.0)	(65.0, 99.5)	(66.0, 93.5)	(67.0, 80.0)	(68.0, 66.0)	(69.0, 54.0)	(70.0, 49.5)	(71.0, 41.0)	(72.0, 35.5)	(73.0, 37.5)	(74.0, 38.5)	(75.0, 34.5)	(76.0, 28.5)	(77.0, 28.5)	(78.0, 31.0)	(79.0, 31.0)	(80.0, 28.5)	(81.0, 27.0)	(82.0, 25.0)	(83.0, 34.5)	(84.0, 40.5)	(85.0, 34.5)	(86.0, 36.0)	(87.0, 36.5)	(88.0, 27.5)	(89.0, 23.5)	(90.0, 30.5)	(91.0, 33.0)	(92.0, 33.5)	(93.0, 32.5)	(94.0, 33.0)	(95.0, 40.5)	(96.0, 51.0)	(97.0, 82.0)	(98.0, 140.0)	(99.0, 265.0)	(100.0, 1993.5)
PID-2861-30_R1	(0.0, 0.0)	(1.0, 0.0)	(2.0, 0.0)	(3.0, 0.0)	(4.0, 0.0)	(5.0, 0.0)	(6.0, 1.5)	(7.0, 2.0)	(8.0, 4.0)	(9.0, 11.0)	(10.0, 24.0)	(11.0, 44.5)	(12.0, 79.5)	(13.0, 196.0)	(14.0, 353.5)	(15.0, 594.0)	(16.0, 855.5)	(17.0, 1242.0)	(18.0, 1749.0)	(19.0, 2149.0)	(20.0, 2890.0)	(21.0, 3627.5)	(22.0, 4279.5)	(23.0, 5046.5)	(24.0, 6035.5)	(25.0, 7419.0)	(26.0, 8814.5)	(27.0, 10303.0)	(28.0, 12111.5)	(29.0, 14379.5)	(30.0, 16896.5)	(31.0, 19508.0)	(32.0, 22582.5)	(33.0, 26064.5)	(34.0, 29915.5)	(35.0, 34037.5)	(36.0, 37711.5)	(37.0, 41506.0)	(38.0, 44957.0)	(39.0, 47295.0)	(40.0, 48609.5)	(41.0, 48484.0)	(42.0, 46801.5)	(43.0, 43169.0)	(44.0, 38964.0)	(45.0, 34354.5)	(46.0, 28761.5)	(47.0, 23021.0)	(48.0, 17986.5)	(49.0, 13654.0)	(50.0, 10002.5)	(51.0, 7222.0)	(52.0, 4948.5)	(53.0, 3431.0)	(54.0, 2283.5)	(55.0, 1541.0)	(56.0, 1131.0)	(57.0, 753.5)	(58.0, 529.5)	(59.0, 366.0)	(60.0, 260.5)	(61.0, 197.5)	(62.0, 131.5)	(63.0, 100.5)	(64.0, 78.0)	(65.0, 53.0)	(66.0, 47.0)	(67.0, 39.5)	(68.0, 21.0)	(69.0, 11.0)	(70.0, 14.0)	(71.0, 17.0)	(72.0, 12.0)	(73.0, 4.5)	(74.0, 1.5)	(75.0, 1.0)	(76.0, 0.5)	(77.0, 0.0)	(78.0, 0.5)	(79.0, 0.5)	(80.0, 0.0)	(81.0, 0.0)	(82.0, 0.0)	(83.0, 0.0)	(84.0, 0.0)	(85.0, 1.0)	(86.0, 1.0)	(87.0, 0.5)	(88.0, 0.5)	(89.0, 0.0)	(90.0, 0.5)	(91.0, 1.0)	(92.0, 0.5)	(93.0, 0.0)	(94.0, 0.0)	(95.0, 0.0)	(96.0, 0.0)	(97.0, 0.0)	(98.0, 0.0)	(99.0, 0.0)	(100.0, 0.0)
PID-2861-30_R2	(0.0, 0.0)	(1.0, 0.0)	(2.0, 0.0)	(3.0, 0.0)	(4.0, 0.0)	(5.0, 0.0)	(6.0, 0.5)	(7.0, 0.5)	(8.0, 2.0)	(9.0, 13.0)	(10.0, 23.0)	(11.0, 44.5)	(12.0, 83.5)	(13.0, 168.5)	(14.0, 315.0)	(15.0, 532.0)	(16.0, 847.0)	(17.0, 1269.5)	(18.0, 1686.5)	(19.0, 2087.0)	(20.0, 2725.0)	(21.0, 3507.5)	(22.0, 4222.5)	(23.0, 4992.0)	(24.0, 6084.0)	(25.0, 7424.5)	(26.0, 8783.0)	(27.0, 10362.0)	(28.0, 12095.0)	(29.0, 14249.0)	(30.0, 16743.0)	(31.0, 19366.0)	(32.0, 22483.5)	(33.0, 26104.5)	(34.0, 29783.0)	(35.0, 33734.5)	(36.0, 38019.0)	(37.0, 41891.5)	(38.0, 44962.0)	(39.0, 47487.0)	(40.0, 48628.5)	(41.0, 48091.5)	(42.0, 46186.5)	(43.0, 42957.5)	(44.0, 38957.0)	(45.0, 33958.5)	(46.0, 28379.0)	(47.0, 22795.0)	(48.0, 17703.5)	(49.0, 13372.5)	(50.0, 9948.5)	(51.0, 7138.5)	(52.0, 4979.0)	(53.0, 3463.0)	(54.0, 2269.0)	(55.0, 1565.5)	(56.0, 1166.0)	(57.0, 823.0)	(58.0, 559.0)	(59.0, 402.0)	(60.0, 312.5)	(61.0, 243.0)	(62.0, 174.0)	(63.0, 146.0)	(64.0, 121.5)	(65.0, 108.0)	(66.0, 94.0)	(67.0, 72.5)	(68.0, 62.0)	(69.0, 48.0)	(70.0, 49.5)	(71.0, 45.5)	(72.0, 36.0)	(73.0, 31.5)	(74.0, 29.0)	(75.0, 31.5)	(76.0, 29.5)	(77.0, 32.5)	(78.0, 31.0)	(79.0, 22.5)	(80.0, 28.0)	(81.0, 28.0)	(82.0, 21.0)	(83.0, 21.5)	(84.0, 19.5)	(85.0, 17.5)	(86.0, 19.5)	(87.0, 22.5)	(88.0, 21.5)	(89.0, 19.0)	(90.0, 18.5)	(91.0, 23.5)	(92.0, 24.0)	(93.0, 24.5)	(94.0, 27.5)	(95.0, 34.0)	(96.0, 38.0)	(97.0, 53.5)	(98.0, 88.0)	(99.0, 176.5)	(100.0, 966.0)
PID-2861-31_R1	(0.0, 0.0)	(1.0, 0.0)	(2.0, 0.0)	(3.0, 0.0)	(4.0, 1.0)	(5.0, 1.0)	(6.0, 0.0)	(7.0, 1.5)	(8.0, 5.0)	(9.0, 17.0)	(10.0, 38.5)	(11.0, 57.5)	(12.0, 88.0)	(13.0, 167.0)	(14.0, 280.5)	(15.0, 458.5)	(16.0, 656.5)	(17.0, 921.5)	(18.0, 1291.5)	(19.0, 1605.5)	(20.0, 1982.5)	(21.0, 2415.0)	(22.0, 2903.0)	(23.0, 3512.0)	(24.0, 4212.0)	(25.0, 5005.0)	(26.0, 5887.0)	(27.0, 6862.0)	(28.0, 8050.0)	(29.0, 9582.5)	(30.0, 11210.5)	(31.0, 13043.0)	(32.0, 15266.0)	(33.0, 17754.5)	(34.0, 20319.5)	(35.0, 22729.0)	(36.0, 25626.0)	(37.0, 28475.5)	(38.0, 30687.5)	(39.0, 32376.5)	(40.0, 33246.0)	(41.0, 33436.5)	(42.0, 32033.5)	(43.0, 29625.5)	(44.0, 26705.0)	(45.0, 23039.5)	(46.0, 19378.5)	(47.0, 15651.5)	(48.0, 12029.5)	(49.0, 9017.5)	(50.0, 6647.0)	(51.0, 4806.5)	(52.0, 3339.0)	(53.0, 2252.0)	(54.0, 1496.0)	(55.0, 974.5)	(56.0, 669.5)	(57.0, 437.0)	(58.0, 276.5)	(59.0, 189.5)	(60.0, 154.0)	(61.0, 120.5)	(62.0, 85.0)	(63.0, 55.5)	(64.0, 47.5)	(65.0, 38.5)	(66.0, 26.5)	(67.0, 19.5)	(68.0, 16.5)	(69.0, 11.5)	(70.0, 8.0)	(71.0, 5.0)	(72.0, 4.0)	(73.0, 3.5)	(74.0, 2.0)	(75.0, 1.5)	(76.0, 3.0)	(77.0, 3.0)	(78.0, 1.0)	(79.0, 0.0)	(80.0, 0.0)	(81.0, 0.0)	(82.0, 0.0)	(83.0, 0.0)	(84.0, 0.0)	(85.0, 0.0)	(86.0, 0.0)	(87.0, 0.0)	(88.0, 0.0)	(89.0, 0.0)	(90.0, 0.5)	(91.0, 0.5)	(92.0, 0.0)	(93.0, 0.5)	(94.0, 0.5)	(95.0, 0.0)	(96.0, 0.0)	(97.0, 0.0)	(98.0, 0.0)	(99.0, 0.0)	(100.0, 0.0)
PID-2861-31_R2	(0.0, 0.0)	(1.0, 0.0)	(2.0, 0.0)	(3.0, 0.0)	(4.0, 0.0)	(5.0, 0.0)	(6.0, 0.5)	(7.0, 2.5)	(8.0, 5.0)	(9.0, 15.5)	(10.0, 28.5)	(11.0, 39.0)	(12.0, 59.5)	(13.0, 136.0)	(14.0, 251.5)	(15.0, 402.5)	(16.0, 624.5)	(17.0, 895.0)	(18.0, 1176.0)	(19.0, 1447.0)	(20.0, 1845.0)	(21.0, 2309.5)	(22.0, 2771.5)	(23.0, 3343.5)	(24.0, 3975.0)	(25.0, 4726.0)	(26.0, 5645.0)	(27.0, 6757.5)	(28.0, 7994.5)	(29.0, 9406.5)	(30.0, 10999.5)	(31.0, 12844.0)	(32.0, 15041.5)	(33.0, 17384.5)	(34.0, 19898.0)	(35.0, 22726.0)	(36.0, 25692.0)	(37.0, 28298.0)	(38.0, 30418.5)	(39.0, 31955.5)	(40.0, 32979.5)	(41.0, 33121.5)	(42.0, 31814.5)	(43.0, 29483.0)	(44.0, 26585.0)	(45.0, 23241.5)	(46.0, 19459.0)	(47.0, 15662.5)	(48.0, 12299.0)	(49.0, 9264.5)	(50.0, 6858.0)	(51.0, 4979.0)	(52.0, 3403.5)	(53.0, 2340.5)	(54.0, 1575.5)	(55.0, 1062.5)	(56.0, 744.0)	(57.0, 514.5)	(58.0, 374.0)	(59.0, 266.5)	(60.0, 188.0)	(61.0, 154.5)	(62.0, 126.0)	(63.0, 106.0)	(64.0, 90.5)	(65.0, 70.0)	(66.0, 75.5)	(67.0, 73.5)	(68.0, 48.5)	(69.0, 32.0)	(70.0, 31.0)	(71.0, 31.5)	(72.0, 29.0)	(73.0, 32.5)	(74.0, 29.0)	(75.0, 24.0)	(76.0, 32.0)	(77.0, 30.5)	(78.0, 21.0)	(79.0, 21.5)	(80.0, 22.5)	(81.0, 19.5)	(82.0, 20.0)	(83.0, 23.0)	(84.0, 19.5)	(85.0, 17.5)	(86.0, 18.5)	(87.0, 13.5)	(88.0, 11.0)	(89.0, 17.5)	(90.0, 21.5)	(91.0, 23.0)	(92.0, 27.0)	(93.0, 26.0)	(94.0, 32.5)	(95.0, 37.0)	(96.0, 36.0)	(97.0, 60.0)	(98.0, 97.5)	(99.0, 190.5)	(100.0, 1176.5)
PID-2861-32_R1	(0.0, 0.0)	(1.0, 0.0)	(2.0, 0.0)	(3.0, 0.0)	(4.0, 1.0)	(5.0, 1.0)	(6.0, 0.0)	(7.0, 0.5)	(8.0, 5.0)	(9.0, 11.0)	(10.0, 26.0)	(11.0, 46.0)	(12.0, 66.0)	(13.0, 131.0)	(14.0, 240.5)	(15.0, 400.0)	(16.0, 616.5)	(17.0, 952.5)	(18.0, 1388.5)	(19.0, 1773.5)	(20.0, 2340.0)	(21.0, 2981.5)	(22.0, 3664.5)	(23.0, 4495.0)	(24.0, 5393.5)	(25.0, 6592.0)	(26.0, 7913.0)	(27.0, 9511.0)	(28.0, 11479.5)	(29.0, 13455.5)	(30.0, 15804.0)	(31.0, 18487.5)	(32.0, 21420.0)	(33.0, 24986.0)	(34.0, 28963.5)	(35.0, 33017.0)	(36.0, 37299.5)	(37.0, 41459.0)	(38.0, 44701.0)	(39.0, 47083.5)	(40.0, 48467.5)	(41.0, 48508.0)	(42.0, 46971.5)	(43.0, 43874.0)	(44.0, 39464.5)	(45.0, 34505.5)	(46.0, 29206.5)	(47.0, 23373.5)	(48.0, 18085.0)	(49.0, 13804.5)	(50.0, 10136.0)	(51.0, 7155.5)	(52.0, 4975.5)	(53.0, 3435.0)	(54.0, 2308.5)	(55.0, 1547.5)	(56.0, 1063.5)	(57.0, 710.5)	(58.0, 499.0)	(59.0, 333.0)	(60.0, 230.5)	(61.0, 179.5)	(62.0, 137.0)	(63.0, 109.5)	(64.0, 83.5)	(65.0, 60.0)	(66.0, 60.0)	(67.0, 51.5)	(68.0, 27.5)	(69.0, 15.5)	(70.0, 14.5)	(71.0, 10.0)	(72.0, 4.5)	(73.0, 1.0)	(74.0, 1.0)	(75.0, 1.0)	(76.0, 0.5)	(77.0, 2.0)	(78.0, 2.5)	(79.0, 1.0)	(80.0, 0.5)	(81.0, 0.0)	(82.0, 1.5)	(83.0, 2.0)	(84.0, 0.5)	(85.0, 0.0)	(86.0, 1.0)	(87.0, 3.0)	(88.0, 2.0)	(89.0, 0.0)	(90.0, 0.0)	(91.0, 0.0)	(92.0, 0.0)	(93.0, 0.0)	(94.0, 0.5)	(95.0, 0.5)	(96.0, 1.0)	(97.0, 1.0)	(98.0, 0.5)	(99.0, 0.5)	(100.0, 0.0)
PID-2861-32_R2	(0.0, 0.0)	(1.0, 0.0)	(2.0, 0.0)	(3.0, 0.0)	(4.0, 0.0)	(5.0, 1.0)	(6.0, 1.0)	(7.0, 1.5)	(8.0, 2.5)	(9.0, 12.5)	(10.0, 24.5)	(11.0, 49.0)	(12.0, 78.5)	(13.0, 120.5)	(14.0, 226.0)	(15.0, 402.0)	(16.0, 615.0)	(17.0, 958.0)	(18.0, 1348.5)	(19.0, 1731.5)	(20.0, 2282.0)	(21.0, 2863.5)	(22.0, 3587.5)	(23.0, 4494.0)	(24.0, 5566.0)	(25.0, 6697.0)	(26.0, 7912.0)	(27.0, 9463.0)	(28.0, 11283.5)	(29.0, 13332.5)	(30.0, 15563.5)	(31.0, 18304.0)	(32.0, 21646.0)	(33.0, 25301.5)	(34.0, 28982.5)	(35.0, 32898.5)	(36.0, 37191.5)	(37.0, 41149.5)	(38.0, 44356.0)	(39.0, 46996.0)	(40.0, 48544.5)	(41.0, 48210.0)	(42.0, 46281.0)	(43.0, 43300.5)	(44.0, 39318.0)	(45.0, 34358.0)	(46.0, 28815.0)	(47.0, 23226.0)	(48.0, 18132.5)	(49.0, 13666.0)	(50.0, 10026.5)	(51.0, 7200.0)	(52.0, 4970.5)	(53.0, 3485.5)	(54.0, 2381.0)	(55.0, 1560.0)	(56.0, 1081.5)	(57.0, 743.0)	(58.0, 547.0)	(59.0, 414.0)	(60.0, 303.0)	(61.0, 237.5)	(62.0, 191.0)	(63.0, 147.0)	(64.0, 130.5)	(65.0, 115.0)	(66.0, 93.0)	(67.0, 77.0)	(68.0, 65.0)	(69.0, 53.5)	(70.0, 39.0)	(71.0, 34.5)	(72.0, 30.0)	(73.0, 22.0)	(74.0, 19.0)	(75.0, 22.5)	(76.0, 26.5)	(77.0, 25.5)	(78.0, 26.0)	(79.0, 31.0)	(80.0, 27.0)	(81.0, 17.5)	(82.0, 18.5)	(83.0, 25.5)	(84.0, 25.0)	(85.0, 19.5)	(86.0, 16.0)	(87.0, 17.5)	(88.0, 21.5)	(89.0, 22.5)	(90.0, 21.0)	(91.0, 25.5)	(92.0, 27.5)	(93.0, 25.5)	(94.0, 25.0)	(95.0, 28.5)	(96.0, 44.0)	(97.0, 61.0)	(98.0, 92.5)	(99.0, 178.5)	(100.0, 1060.0)
PID-2861-33_R1	(0.0, 0.0)	(1.0, 0.0)	(2.0, 0.0)	(3.0, 0.0)	(4.0, 0.5)	(5.0, 1.5)	(6.0, 1.0)	(7.0, 1.5)	(8.0, 4.5)	(9.0, 13.5)	(10.0, 31.0)	(11.0, 59.0)	(12.0, 105.5)	(13.0, 220.0)	(14.0, 425.5)	(15.0, 724.5)	(16.0, 1108.5)	(17.0, 1657.5)	(18.0, 2306.5)	(19.0, 2929.5)	(20.0, 3772.5)	(21.0, 4816.0)	(22.0, 6027.0)	(23.0, 7234.0)	(24.0, 8697.5)	(25.0, 10546.5)	(26.0, 12463.0)	(27.0, 14887.5)	(28.0, 17834.0)	(29.0, 20977.0)	(30.0, 24663.0)	(31.0, 29273.5)	(32.0, 34369.5)	(33.0, 39920.5)	(34.0, 46197.5)	(35.0, 53174.5)	(36.0, 60106.0)	(37.0, 66027.0)	(38.0, 71399.0)	(39.0, 76123.0)	(40.0, 78861.5)	(41.0, 79084.0)	(42.0, 76299.5)	(43.0, 70869.0)	(44.0, 64220.5)	(45.0, 56268.5)	(46.0, 47160.0)	(47.0, 37737.5)	(48.0, 29166.0)	(49.0, 22258.0)	(50.0, 16574.0)	(51.0, 11819.0)	(52.0, 8157.5)	(53.0, 5577.0)	(54.0, 3728.0)	(55.0, 2594.5)	(56.0, 1821.0)	(57.0, 1224.0)	(58.0, 876.0)	(59.0, 617.0)	(60.0, 431.5)	(61.0, 326.0)	(62.0, 276.0)	(63.0, 228.5)	(64.0, 179.0)	(65.0, 135.5)	(66.0, 115.5)	(67.0, 98.5)	(68.0, 64.0)	(69.0, 34.5)	(70.0, 30.0)	(71.0, 26.5)	(72.0, 16.0)	(73.0, 5.5)	(74.0, 3.5)	(75.0, 2.0)	(76.0, 1.5)	(77.0, 2.0)	(78.0, 1.5)	(79.0, 1.0)	(80.0, 2.0)	(81.0, 1.5)	(82.0, 0.0)	(83.0, 0.5)	(84.0, 0.5)	(85.0, 0.5)	(86.0, 1.0)	(87.0, 0.5)	(88.0, 0.0)	(89.0, 0.0)	(90.0, 0.0)	(91.0, 0.0)	(92.0, 0.5)	(93.0, 1.0)	(94.0, 1.5)	(95.0, 1.0)	(96.0, 0.5)	(97.0, 0.5)	(98.0, 0.5)	(99.0, 1.0)	(100.0, 1.0)
PID-2861-33_R2	(0.0, 0.0)	(1.0, 0.0)	(2.0, 0.0)	(3.0, 0.0)	(4.0, 0.0)	(5.0, 0.0)	(6.0, 1.5)	(7.0, 3.0)	(8.0, 6.0)	(9.0, 12.5)	(10.0, 38.5)	(11.0, 72.0)	(12.0, 117.5)	(13.0, 236.5)	(14.0, 419.0)	(15.0, 704.0)	(16.0, 1051.5)	(17.0, 1502.0)	(18.0, 2129.0)	(19.0, 2752.0)	(20.0, 3645.0)	(21.0, 4761.0)	(22.0, 5816.5)	(23.0, 6995.0)	(24.0, 8516.5)	(25.0, 10416.5)	(26.0, 12389.0)	(27.0, 14670.0)	(28.0, 17584.0)	(29.0, 20815.5)	(30.0, 24581.5)	(31.0, 29121.0)	(32.0, 34287.5)	(33.0, 39955.0)	(34.0, 46008.5)	(35.0, 52406.5)	(36.0, 59350.0)	(37.0, 66179.5)	(38.0, 71267.0)	(39.0, 75430.0)	(40.0, 78470.0)	(41.0, 78429.0)	(42.0, 75654.5)	(43.0, 70590.0)	(44.0, 63639.0)	(45.0, 55706.0)	(46.0, 46964.0)	(47.0, 37760.5)	(48.0, 29381.5)	(49.0, 22339.0)	(50.0, 16635.0)	(51.0, 12016.0)	(52.0, 8302.0)	(53.0, 5737.0)	(54.0, 3877.5)	(55.0, 2646.5)	(56.0, 1932.0)	(57.0, 1357.0)	(58.0, 956.0)	(59.0, 714.0)	(60.0, 526.0)	(61.0, 414.5)	(62.0, 349.0)	(63.0, 287.0)	(64.0, 251.5)	(65.0, 226.0)	(66.0, 202.5)	(67.0, 162.5)	(68.0, 109.0)	(69.0, 87.0)	(70.0, 93.5)	(71.0, 78.5)	(72.0, 53.0)	(73.0, 46.5)	(74.0, 46.0)	(75.0, 43.0)	(76.0, 45.0)	(77.0, 40.5)	(78.0, 36.5)	(79.0, 43.5)	(80.0, 42.0)	(81.0, 33.5)	(82.0, 33.5)	(83.0, 36.0)	(84.0, 38.0)	(85.0, 42.0)	(86.0, 41.5)	(87.0, 43.5)	(88.0, 46.0)	(89.0, 42.0)	(90.0, 38.0)	(91.0, 33.0)	(92.0, 39.0)	(93.0, 52.5)	(94.0, 52.0)	(95.0, 48.0)	(96.0, 63.5)	(97.0, 103.5)	(98.0, 157.5)	(99.0, 275.5)	(100.0, 2232.5)
PID-2861-34_R1	(0.0, 0.0)	(1.0, 0.0)	(2.0, 0.0)	(3.0, 0.0)	(4.0, 0.5)	(5.0, 0.5)	(6.0, 0.0)	(7.0, 2.0)	(8.0, 5.5)	(9.0, 7.0)	(10.0, 18.0)	(11.0, 37.0)	(12.0, 60.0)	(13.0, 145.5)	(14.0, 280.0)	(15.0, 471.5)	(16.0, 746.5)	(17.0, 1120.0)	(18.0, 1528.0)	(19.0, 1951.0)	(20.0, 2620.0)	(21.0, 3446.0)	(22.0, 4259.0)	(23.0, 5054.0)	(24.0, 6147.0)	(25.0, 7551.5)	(26.0, 8961.5)	(27.0, 10542.0)	(28.0, 12510.5)	(29.0, 14959.0)	(30.0, 17657.5)	(31.0, 20834.0)	(32.0, 24664.0)	(33.0, 28744.0)	(34.0, 33057.0)	(35.0, 37852.0)	(36.0, 42677.5)	(37.0, 47445.5)	(38.0, 51707.5)	(39.0, 54757.0)	(40.0, 56666.5)	(41.0, 56464.0)	(42.0, 54316.0)	(43.0, 50745.5)	(44.0, 45468.5)	(45.0, 39633.5)	(46.0, 33593.5)	(47.0, 26892.5)	(48.0, 20847.5)	(49.0, 15936.5)	(50.0, 11753.0)	(51.0, 8394.0)	(52.0, 5803.0)	(53.0, 4003.0)	(54.0, 2695.0)	(55.0, 1781.0)	(56.0, 1215.5)	(57.0, 866.0)	(58.0, 611.5)	(59.0, 414.0)	(60.0, 319.5)	(61.0, 240.0)	(62.0, 176.5)	(63.0, 127.0)	(64.0, 101.5)	(65.0, 94.5)	(66.0, 81.5)	(67.0, 67.0)	(68.0, 40.5)	(69.0, 18.5)	(70.0, 15.0)	(71.0, 11.5)	(72.0, 9.0)	(73.0, 5.5)	(74.0, 3.0)	(75.0, 3.5)	(76.0, 0.5)	(77.0, 0.5)	(78.0, 1.0)	(79.0, 0.5)	(80.0, 0.0)	(81.0, 0.5)	(82.0, 0.5)	(83.0, 0.0)	(84.0, 2.0)	(85.0, 3.5)	(86.0, 3.0)	(87.0, 1.5)	(88.0, 0.0)	(89.0, 0.0)	(90.0, 0.0)	(91.0, 0.0)	(92.0, 0.0)	(93.0, 0.0)	(94.0, 0.0)	(95.0, 0.0)	(96.0, 0.0)	(97.0, 0.0)	(98.0, 0.5)	(99.0, 1.0)	(100.0, 0.5)
PID-2861-34_R2	(0.0, 0.0)	(1.0, 0.0)	(2.0, 0.0)	(3.0, 0.0)	(4.0, 0.0)	(5.0, 0.0)	(6.0, 0.0)	(7.0, 0.5)	(8.0, 1.5)	(9.0, 7.0)	(10.0, 22.0)	(11.0, 41.5)	(12.0, 71.5)	(13.0, 139.5)	(14.0, 252.0)	(15.0, 428.5)	(16.0, 671.0)	(17.0, 989.0)	(18.0, 1405.0)	(19.0, 1893.0)	(20.0, 2552.5)	(21.0, 3249.0)	(22.0, 4004.0)	(23.0, 4907.0)	(24.0, 6056.5)	(25.0, 7407.5)	(26.0, 8714.5)	(27.0, 10355.5)	(28.0, 12515.0)	(29.0, 14672.0)	(30.0, 17110.0)	(31.0, 20491.0)	(32.0, 24288.0)	(33.0, 28298.0)	(34.0, 32759.0)	(35.0, 37374.5)	(36.0, 42002.5)	(37.0, 46745.0)	(38.0, 50629.5)	(39.0, 53991.5)	(40.0, 56596.5)	(41.0, 56568.0)	(42.0, 54341.5)	(43.0, 50903.5)	(44.0, 46108.5)	(45.0, 40174.0)	(46.0, 33747.5)	(47.0, 27278.5)	(48.0, 21270.0)	(49.0, 16028.5)	(50.0, 11895.5)	(51.0, 8596.0)	(52.0, 6000.0)	(53.0, 4191.5)	(54.0, 2810.5)	(55.0, 1899.0)	(56.0, 1386.0)	(57.0, 989.5)	(58.0, 688.5)	(59.0, 469.0)	(60.0, 366.5)	(61.0, 308.5)	(62.0, 241.5)	(63.0, 197.0)	(64.0, 162.5)	(65.0, 140.5)	(66.0, 121.5)	(67.0, 103.5)	(68.0, 78.5)	(69.0, 66.0)	(70.0, 66.0)	(71.0, 63.0)	(72.0, 54.0)	(73.0, 39.5)	(74.0, 37.0)	(75.0, 35.0)	(76.0, 27.5)	(77.0, 27.0)	(78.0, 26.5)	(79.0, 31.0)	(80.0, 26.5)	(81.0, 20.5)	(82.0, 28.0)	(83.0, 32.5)	(84.0, 25.0)	(85.0, 20.0)	(86.0, 26.0)	(87.0, 28.0)	(88.0, 27.0)	(89.0, 32.5)	(90.0, 34.5)	(91.0, 32.0)	(92.0, 29.5)	(93.0, 24.0)	(94.0, 31.5)	(95.0, 40.0)	(96.0, 42.5)	(97.0, 60.0)	(98.0, 108.0)	(99.0, 209.5)	(100.0, 1168.0)
PID-2861-35_R1	(0.0, 0.0)	(1.0, 0.0)	(2.0, 0.0)	(3.0, 0.0)	(4.0, 0.5)	(5.0, 1.5)	(6.0, 2.0)	(7.0, 5.0)	(8.0, 8.0)	(9.0, 13.5)	(10.0, 32.0)	(11.0, 51.0)	(12.0, 89.5)	(13.0, 192.5)	(14.0, 341.5)	(15.0, 588.5)	(16.0, 836.5)	(17.0, 1226.0)	(18.0, 1753.5)	(19.0, 2203.0)	(20.0, 2923.0)	(21.0, 3821.5)	(22.0, 4698.5)	(23.0, 5509.5)	(24.0, 6620.0)	(25.0, 8077.0)	(26.0, 9459.0)	(27.0, 11106.0)	(28.0, 13277.5)	(29.0, 15646.5)	(30.0, 18043.0)	(31.0, 20810.0)	(32.0, 24423.0)	(33.0, 28342.5)	(34.0, 32400.0)	(35.0, 36997.5)	(36.0, 41437.0)	(37.0, 45923.5)	(38.0, 49726.5)	(39.0, 52124.0)	(40.0, 53853.5)	(41.0, 54111.5)	(42.0, 52347.0)	(43.0, 48688.5)	(44.0, 44055.0)	(45.0, 38917.0)	(46.0, 32581.5)	(47.0, 26121.0)	(48.0, 20291.5)	(49.0, 15381.0)	(50.0, 11447.5)	(51.0, 8188.0)	(52.0, 5823.0)	(53.0, 4109.0)	(54.0, 2775.5)	(55.0, 1912.5)	(56.0, 1397.5)	(57.0, 988.5)	(58.0, 665.0)	(59.0, 436.5)	(60.0, 338.5)	(61.0, 275.5)	(62.0, 222.0)	(63.0, 175.0)	(64.0, 136.5)	(65.0, 113.5)	(66.0, 91.0)	(67.0, 63.5)	(68.0, 37.5)	(69.0, 32.0)	(70.0, 33.0)	(71.0, 25.5)	(72.0, 14.0)	(73.0, 5.0)	(74.0, 2.0)	(75.0, 0.5)	(76.0, 0.5)	(77.0, 0.0)	(78.0, 0.0)	(79.0, 0.0)	(80.0, 0.5)	(81.0, 0.5)	(82.0, 1.0)	(83.0, 1.0)	(84.0, 0.0)	(85.0, 0.0)	(86.0, 0.0)	(87.0, 0.5)	(88.0, 0.5)	(89.0, 0.0)	(90.0, 0.0)	(91.0, 0.0)	(92.0, 0.5)	(93.0, 0.5)	(94.0, 0.5)	(95.0, 0.5)	(96.0, 1.0)	(97.0, 2.0)	(98.0, 1.5)	(99.0, 0.5)	(100.0, 0.0)
PID-2861-35_R2	(0.0, 0.0)	(1.0, 0.0)	(2.0, 0.0)	(3.0, 0.0)	(4.0, 0.5)	(5.0, 0.5)	(6.0, 0.5)	(7.0, 0.5)	(8.0, 4.5)	(9.0, 16.5)	(10.0, 34.0)	(11.0, 47.5)	(12.0, 78.0)	(13.0, 171.0)	(14.0, 308.0)	(15.0, 525.5)	(16.0, 829.0)	(17.0, 1271.0)	(18.0, 1771.5)	(19.0, 2161.5)	(20.0, 2808.5)	(21.0, 3651.0)	(22.0, 4488.0)	(23.0, 5313.5)	(24.0, 6405.5)	(25.0, 7837.0)	(26.0, 9310.0)	(27.0, 10932.0)	(28.0, 12812.0)	(29.0, 15170.0)	(30.0, 17936.0)	(31.0, 20985.0)	(32.0, 24461.5)	(33.0, 27865.0)	(34.0, 32090.0)	(35.0, 36713.0)	(36.0, 40809.0)	(37.0, 45233.5)	(38.0, 49018.0)	(39.0, 51665.0)	(40.0, 53657.0)	(41.0, 54046.5)	(42.0, 52011.5)	(43.0, 48420.5)	(44.0, 44000.5)	(45.0, 38594.5)	(46.0, 32468.5)	(47.0, 26342.5)	(48.0, 20595.5)	(49.0, 15735.5)	(50.0, 11880.0)	(51.0, 8727.0)	(52.0, 6184.5)	(53.0, 4318.0)	(54.0, 2976.5)	(55.0, 2095.5)	(56.0, 1544.5)	(57.0, 1087.0)	(58.0, 734.5)	(59.0, 525.0)	(60.0, 413.5)	(61.0, 327.0)	(62.0, 264.0)	(63.0, 214.5)	(64.0, 174.5)	(65.0, 156.5)	(66.0, 137.0)	(67.0, 118.5)	(68.0, 104.0)	(69.0, 71.0)	(70.0, 60.0)	(71.0, 56.5)	(72.0, 46.5)	(73.0, 39.5)	(74.0, 33.5)	(75.0, 30.5)	(76.0, 32.0)	(77.0, 36.5)	(78.0, 34.5)	(79.0, 30.5)	(80.0, 27.0)	(81.0, 25.5)	(82.0, 31.5)	(83.0, 35.5)	(84.0, 32.0)	(85.0, 30.0)	(86.0, 31.0)	(87.0, 27.5)	(88.0, 29.5)	(89.0, 34.5)	(90.0, 31.0)	(91.0, 31.5)	(92.0, 38.5)	(93.0, 33.0)	(94.0, 34.0)	(95.0, 39.0)	(96.0, 43.0)	(97.0, 72.5)	(98.0, 116.0)	(99.0, 209.5)	(100.0, 1258.5)
PID-2861-36_R1	(0.0, 0.0)	(1.0, 0.0)	(2.0, 0.0)	(3.0, 0.0)	(4.0, 0.5)	(5.0, 1.0)	(6.0, 2.0)	(7.0, 4.5)	(8.0, 12.5)	(9.0, 29.0)	(10.0, 57.0)	(11.0, 115.5)	(12.0, 194.5)	(13.0, 442.0)	(14.0, 783.0)	(15.0, 1204.0)	(16.0, 1658.0)	(17.0, 2301.5)	(18.0, 3183.5)	(19.0, 3925.0)	(20.0, 5111.0)	(21.0, 6489.0)	(22.0, 7784.0)	(23.0, 8952.0)	(24.0, 10718.5)	(25.0, 13184.0)	(26.0, 15165.0)	(27.0, 17177.5)	(28.0, 19765.0)	(29.0, 22692.5)	(30.0, 25972.5)	(31.0, 29227.5)	(32.0, 32990.0)	(33.0, 37522.0)	(34.0, 41650.5)	(35.0, 45737.5)	(36.0, 49593.0)	(37.0, 53618.5)	(38.0, 57204.5)	(39.0, 59412.5)	(40.0, 61122.5)	(41.0, 61207.0)	(42.0, 58081.5)	(43.0, 53265.0)	(44.0, 47963.0)	(45.0, 42033.5)	(46.0, 35648.0)	(47.0, 28730.5)	(48.0, 22408.0)	(49.0, 17666.0)	(50.0, 14093.5)	(51.0, 10994.0)	(52.0, 8351.0)	(53.0, 6455.5)	(54.0, 5043.5)	(55.0, 4238.0)	(56.0, 3790.0)	(57.0, 3071.0)	(58.0, 2276.0)	(59.0, 1786.0)	(60.0, 1660.0)	(61.0, 1441.0)	(62.0, 1190.5)	(63.0, 998.0)	(64.0, 822.0)	(65.0, 699.0)	(66.0, 604.0)	(67.0, 484.0)	(68.0, 295.5)	(69.0, 163.0)	(70.0, 141.5)	(71.0, 126.0)	(72.0, 85.5)	(73.0, 40.5)	(74.0, 15.5)	(75.0, 4.0)	(76.0, 1.5)	(77.0, 0.5)	(78.0, 0.0)	(79.0, 1.0)	(80.0, 1.5)	(81.0, 1.0)	(82.0, 1.5)	(83.0, 1.0)	(84.0, 0.5)	(85.0, 1.0)	(86.0, 1.0)	(87.0, 1.0)	(88.0, 0.5)	(89.0, 0.5)	(90.0, 0.5)	(91.0, 0.0)	(92.0, 1.0)	(93.0, 1.0)	(94.0, 0.0)	(95.0, 1.0)	(96.0, 2.0)	(97.0, 1.0)	(98.0, 1.0)	(99.0, 1.5)	(100.0, 0.5)
PID-2861-36_R2	(0.0, 0.0)	(1.0, 0.0)	(2.0, 0.0)	(3.0, 0.0)	(4.0, 0.0)	(5.0, 0.5)	(6.0, 3.5)	(7.0, 6.0)	(8.0, 11.5)	(9.0, 26.5)	(10.0, 64.0)	(11.0, 116.0)	(12.0, 198.0)	(13.0, 430.0)	(14.0, 703.0)	(15.0, 1189.0)	(16.0, 1693.5)	(17.0, 2185.5)	(18.0, 2972.5)	(19.0, 3791.0)	(20.0, 4990.5)	(21.0, 6421.0)	(22.0, 7641.5)	(23.0, 8769.0)	(24.0, 10599.5)	(25.0, 12848.5)	(26.0, 14908.0)	(27.0, 17159.0)	(28.0, 19505.5)	(29.0, 22417.0)	(30.0, 25910.0)	(31.0, 29143.5)	(32.0, 32685.0)	(33.0, 37141.0)	(34.0, 41472.5)	(35.0, 45437.5)	(36.0, 49423.0)	(37.0, 53508.5)	(38.0, 56896.5)	(39.0, 58924.0)	(40.0, 60510.0)	(41.0, 60460.5)	(42.0, 57422.0)	(43.0, 53130.5)	(44.0, 47678.5)	(45.0, 41598.5)	(46.0, 35525.5)	(47.0, 28665.0)	(48.0, 22591.5)	(49.0, 17986.0)	(50.0, 14250.5)	(51.0, 11155.5)	(52.0, 8554.5)	(53.0, 6645.5)	(54.0, 5242.5)	(55.0, 4438.5)	(56.0, 3871.5)	(57.0, 3074.5)	(58.0, 2375.5)	(59.0, 1906.0)	(60.0, 1674.5)	(61.0, 1450.0)	(62.0, 1251.0)	(63.0, 1085.0)	(64.0, 880.0)	(65.0, 732.5)	(66.0, 653.5)	(67.0, 547.0)	(68.0, 354.0)	(69.0, 231.0)	(70.0, 211.5)	(71.0, 175.0)	(72.0, 108.5)	(73.0, 72.0)	(74.0, 65.0)	(75.0, 58.0)	(76.0, 51.5)	(77.0, 43.0)	(78.0, 36.0)	(79.0, 35.0)	(80.0, 38.0)	(81.0, 37.5)	(82.0, 34.0)	(83.0, 36.5)	(84.0, 30.5)	(85.0, 30.0)	(86.0, 36.5)	(87.0, 37.0)	(88.0, 41.0)	(89.0, 40.5)	(90.0, 37.5)	(91.0, 35.5)	(92.0, 38.0)	(93.0, 42.0)	(94.0, 43.5)	(95.0, 49.0)	(96.0, 58.5)	(97.0, 78.5)	(98.0, 127.0)	(99.0, 240.0)	(100.0, 1974.5)
PID-2861-37_R1	(0.0, 0.0)	(1.0, 0.0)	(2.0, 0.0)	(3.0, 0.0)	(4.0, 0.0)	(5.0, 0.0)	(6.0, 0.5)	(7.0, 1.5)	(8.0, 3.0)	(9.0, 8.0)	(10.0, 13.5)	(11.0, 27.5)	(12.0, 41.0)	(13.0, 80.0)	(14.0, 176.0)	(15.0, 338.0)	(16.0, 511.0)	(17.0, 706.5)	(18.0, 978.5)	(19.0, 1256.5)	(20.0, 1564.5)	(21.0, 1975.5)	(22.0, 2438.0)	(23.0, 2963.5)	(24.0, 3543.0)	(25.0, 4218.0)	(26.0, 4960.0)	(27.0, 5858.0)	(28.0, 6989.0)	(29.0, 8237.0)	(30.0, 9526.5)	(31.0, 11096.0)	(32.0, 12914.0)	(33.0, 14930.0)	(34.0, 17118.5)	(35.0, 19352.0)	(36.0, 21672.5)	(37.0, 23835.0)	(38.0, 25679.5)	(39.0, 27115.0)	(40.0, 28030.5)	(41.0, 27978.5)	(42.0, 26756.5)	(43.0, 24777.5)	(44.0, 22385.5)	(45.0, 19477.0)	(46.0, 16344.5)	(47.0, 13156.0)	(48.0, 10033.5)	(49.0, 7520.5)	(50.0, 5611.5)	(51.0, 4065.0)	(52.0, 2846.5)	(53.0, 1970.5)	(54.0, 1321.0)	(55.0, 893.5)	(56.0, 656.0)	(57.0, 458.0)	(58.0, 299.0)	(59.0, 214.5)	(60.0, 166.0)	(61.0, 118.0)	(62.0, 91.0)	(63.0, 75.0)	(64.0, 48.5)	(65.0, 31.5)	(66.0, 29.0)	(67.0, 26.5)	(68.0, 15.5)	(69.0, 12.0)	(70.0, 9.5)	(71.0, 2.0)	(72.0, 2.5)	(73.0, 2.0)	(74.0, 2.5)	(75.0, 2.0)	(76.0, 0.5)	(77.0, 0.5)	(78.0, 0.5)	(79.0, 0.5)	(80.0, 0.5)	(81.0, 1.0)	(82.0, 0.5)	(83.0, 0.0)	(84.0, 0.5)	(85.0, 0.5)	(86.0, 0.5)	(87.0, 0.5)	(88.0, 0.0)	(89.0, 0.0)	(90.0, 0.0)	(91.0, 0.0)	(92.0, 0.0)	(93.0, 0.0)	(94.0, 0.5)	(95.0, 1.0)	(96.0, 0.5)	(97.0, 0.5)	(98.0, 0.5)	(99.0, 0.0)	(100.0, 0.0)
PID-2861-37_R2	(0.0, 0.0)	(1.0, 0.0)	(2.0, 0.0)	(3.0, 0.0)	(4.0, 0.0)	(5.0, 0.5)	(6.0, 0.5)	(7.0, 0.0)	(8.0, 1.5)	(9.0, 5.5)	(10.0, 13.5)	(11.0, 21.5)	(12.0, 46.0)	(13.0, 102.5)	(14.0, 167.0)	(15.0, 290.5)	(16.0, 462.5)	(17.0, 682.5)	(18.0, 926.0)	(19.0, 1187.5)	(20.0, 1611.5)	(21.0, 2024.0)	(22.0, 2423.5)	(23.0, 2910.5)	(24.0, 3485.5)	(25.0, 4213.0)	(26.0, 4932.0)	(27.0, 5801.0)	(28.0, 6947.0)	(29.0, 8176.0)	(30.0, 9622.5)	(31.0, 11241.0)	(32.0, 12869.0)	(33.0, 14907.5)	(34.0, 17173.0)	(35.0, 19465.0)	(36.0, 21845.0)	(37.0, 24022.5)	(38.0, 25797.5)	(39.0, 27158.0)	(40.0, 27877.0)	(41.0, 27700.5)	(42.0, 26601.5)	(43.0, 24750.5)	(44.0, 22291.5)	(45.0, 19203.0)	(46.0, 16092.5)	(47.0, 12924.0)	(48.0, 9931.5)	(49.0, 7537.0)	(50.0, 5549.5)	(51.0, 3965.5)	(52.0, 2771.0)	(53.0, 1953.5)	(54.0, 1322.5)	(55.0, 910.5)	(56.0, 659.5)	(57.0, 458.0)	(58.0, 323.5)	(59.0, 236.0)	(60.0, 181.5)	(61.0, 142.5)	(62.0, 117.0)	(63.0, 87.5)	(64.0, 74.0)	(65.0, 63.0)	(66.0, 45.5)	(67.0, 42.5)	(68.0, 37.5)	(69.0, 27.0)	(70.0, 22.5)	(71.0, 18.5)	(72.0, 14.5)	(73.0, 16.0)	(74.0, 14.5)	(75.0, 13.5)	(76.0, 14.0)	(77.0, 12.5)	(78.0, 12.0)	(79.0, 8.5)	(80.0, 7.5)	(81.0, 9.0)	(82.0, 9.0)	(83.0, 11.5)	(84.0, 13.0)	(85.0, 9.5)	(86.0, 7.5)	(87.0, 10.5)	(88.0, 10.0)	(89.0, 11.5)	(90.0, 10.5)	(91.0, 9.5)	(92.0, 11.0)	(93.0, 9.0)	(94.0, 9.0)	(95.0, 8.5)	(96.0, 9.0)	(97.0, 17.5)	(98.0, 34.0)	(99.0, 56.5)	(100.0, 387.5)
PID-2861-38_R1	(0.0, 0.0)	(1.0, 0.0)	(2.0, 0.0)	(3.0, 0.0)	(4.0, 0.0)	(5.0, 0.0)	(6.0, 2.5)	(7.0, 3.5)	(8.0, 5.5)	(9.0, 14.5)	(10.0, 32.0)	(11.0, 60.0)	(12.0, 93.0)	(13.0, 207.0)	(14.0, 404.0)	(15.0, 705.0)	(16.0, 1071.0)	(17.0, 1556.0)	(18.0, 2164.0)	(19.0, 2759.0)	(20.0, 3705.0)	(21.0, 4851.5)	(22.0, 5904.0)	(23.0, 6959.5)	(24.0, 8460.0)	(25.0, 10423.0)	(26.0, 12298.0)	(27.0, 14381.0)	(28.0, 17050.0)	(29.0, 20060.0)	(30.0, 23445.5)	(31.0, 27421.5)	(32.0, 31809.0)	(33.0, 36849.0)	(34.0, 42221.0)	(35.0, 47310.0)	(36.0, 52647.5)	(37.0, 58322.5)	(38.0, 62999.0)	(39.0, 66400.5)	(40.0, 68334.5)	(41.0, 68324.5)	(42.0, 65920.5)	(43.0, 61057.0)	(44.0, 54837.0)	(45.0, 47502.5)	(46.0, 39861.0)	(47.0, 32187.0)	(48.0, 25058.0)	(49.0, 19187.0)	(50.0, 14257.0)	(51.0, 10168.0)	(52.0, 7051.5)	(53.0, 5047.5)	(54.0, 3515.0)	(55.0, 2464.0)	(56.0, 1823.5)	(57.0, 1229.0)	(58.0, 799.0)	(59.0, 560.0)	(60.0, 465.5)	(61.0, 359.0)	(62.0, 259.0)	(63.0, 206.0)	(64.0, 150.5)	(65.0, 124.0)	(66.0, 106.5)	(67.0, 83.5)	(68.0, 49.5)	(69.0, 27.0)	(70.0, 24.5)	(71.0, 19.5)	(72.0, 7.5)	(73.0, 3.5)	(74.0, 2.0)	(75.0, 0.5)	(76.0, 0.0)	(77.0, 0.0)	(78.0, 0.0)	(79.0, 0.0)	(80.0, 0.5)	(81.0, 1.0)	(82.0, 1.5)	(83.0, 1.5)	(84.0, 0.5)	(85.0, 1.5)	(86.0, 1.5)	(87.0, 0.0)	(88.0, 0.0)	(89.0, 0.0)	(90.0, 0.0)	(91.0, 0.0)	(92.0, 0.5)	(93.0, 1.5)	(94.0, 1.0)	(95.0, 0.0)	(96.0, 0.5)	(97.0, 1.5)	(98.0, 1.0)	(99.0, 0.0)	(100.0, 0.0)
PID-2861-38_R2	(0.0, 0.0)	(1.0, 0.0)	(2.0, 0.0)	(3.0, 0.0)	(4.0, 0.0)	(5.0, 1.0)	(6.0, 2.0)	(7.0, 1.5)	(8.0, 2.5)	(9.0, 9.0)	(10.0, 24.5)	(11.0, 45.5)	(12.0, 81.5)	(13.0, 169.0)	(14.0, 347.5)	(15.0, 679.0)	(16.0, 1027.5)	(17.0, 1509.0)	(18.0, 2140.0)	(19.0, 2780.0)	(20.0, 3723.5)	(21.0, 4761.5)	(22.0, 5841.5)	(23.0, 6944.0)	(24.0, 8274.5)	(25.0, 10177.5)	(26.0, 11985.0)	(27.0, 14069.0)	(28.0, 16865.0)	(29.0, 19934.5)	(30.0, 23490.0)	(31.0, 27336.0)	(32.0, 31772.5)	(33.0, 36640.5)	(34.0, 41787.0)	(35.0, 47429.0)	(36.0, 52896.5)	(37.0, 58115.0)	(38.0, 62234.5)	(39.0, 65687.0)	(40.0, 68045.0)	(41.0, 67751.5)	(42.0, 65050.0)	(43.0, 60544.0)	(44.0, 54606.5)	(45.0, 47748.5)	(46.0, 40130.0)	(47.0, 32148.0)	(48.0, 25041.5)	(49.0, 18918.5)	(50.0, 14106.0)	(51.0, 10375.5)	(52.0, 7373.5)	(53.0, 5178.5)	(54.0, 3547.0)	(55.0, 2580.5)	(56.0, 1951.0)	(57.0, 1393.0)	(58.0, 946.5)	(59.0, 649.5)	(60.0, 542.0)	(61.0, 455.5)	(62.0, 338.5)	(63.0, 257.0)	(64.0, 216.0)	(65.0, 179.0)	(66.0, 157.0)	(67.0, 130.5)	(68.0, 87.0)	(69.0, 68.0)	(70.0, 62.0)	(71.0, 59.0)	(72.0, 56.0)	(73.0, 48.5)	(74.0, 40.0)	(75.0, 33.5)	(76.0, 35.0)	(77.0, 40.5)	(78.0, 41.0)	(79.0, 40.0)	(80.0, 40.0)	(81.0, 35.5)	(82.0, 30.0)	(83.0, 30.0)	(84.0, 29.5)	(85.0, 26.5)	(86.0, 28.5)	(87.0, 31.0)	(88.0, 29.5)	(89.0, 31.0)	(90.0, 35.0)	(91.0, 33.0)	(92.0, 38.5)	(93.0, 40.5)	(94.0, 40.0)	(95.0, 45.5)	(96.0, 51.0)	(97.0, 83.5)	(98.0, 135.5)	(99.0, 252.0)	(100.0, 1518.0)
PID-2861-39_R1	(0.0, 0.0)	(1.0, 0.0)	(2.0, 0.0)	(3.0, 0.0)	(4.0, 0.0)	(5.0, 0.5)	(6.0, 1.0)	(7.0, 1.0)	(8.0, 6.5)	(9.0, 18.0)	(10.0, 41.0)	(11.0, 82.5)	(12.0, 147.5)	(13.0, 299.5)	(14.0, 507.0)	(15.0, 792.0)	(16.0, 1142.0)	(17.0, 1629.0)	(18.0, 2259.0)	(19.0, 2847.0)	(20.0, 3618.5)	(21.0, 4467.5)	(22.0, 5302.0)	(23.0, 6363.0)	(24.0, 7712.0)	(25.0, 9174.0)	(26.0, 10774.0)	(27.0, 12772.0)	(28.0, 15209.0)	(29.0, 17926.0)	(30.0, 21184.0)	(31.0, 25339.0)	(32.0, 29798.0)	(33.0, 34375.5)	(34.0, 39318.5)	(35.0, 45095.0)	(36.0, 51337.0)	(37.0, 57014.0)	(38.0, 61476.5)	(39.0, 64644.5)	(40.0, 66705.5)	(41.0, 66750.0)	(42.0, 64155.0)	(43.0, 59562.5)	(44.0, 53833.0)	(45.0, 47038.5)	(46.0, 39330.0)	(47.0, 31498.5)	(48.0, 24263.5)	(49.0, 18284.0)	(50.0, 13594.0)	(51.0, 9834.0)	(52.0, 6894.5)	(53.0, 4697.5)	(54.0, 3060.5)	(55.0, 2052.5)	(56.0, 1506.5)	(57.0, 1027.5)	(58.0, 693.5)	(59.0, 495.0)	(60.0, 364.5)	(61.0, 263.5)	(62.0, 186.0)	(63.0, 150.0)	(64.0, 127.5)	(65.0, 100.5)	(66.0, 74.5)	(67.0, 53.0)	(68.0, 36.5)	(69.0, 23.5)	(70.0, 23.0)	(71.0, 19.0)	(72.0, 12.5)	(73.0, 6.5)	(74.0, 6.0)	(75.0, 5.0)	(76.0, 2.0)	(77.0, 1.5)	(78.0, 2.0)	(79.0, 2.0)	(80.0, 2.5)	(81.0, 2.0)	(82.0, 0.0)	(83.0, 0.5)	(84.0, 2.5)	(85.0, 3.0)	(86.0, 1.5)	(87.0, 0.5)	(88.0, 0.5)	(89.0, 0.5)	(90.0, 0.0)	(91.0, 0.5)	(92.0, 1.0)	(93.0, 0.5)	(94.0, 0.0)	(95.0, 0.0)	(96.0, 0.0)	(97.0, 0.0)	(98.0, 1.0)	(99.0, 1.0)	(100.0, 0.0)
PID-2861-39_R2	(0.0, 0.0)	(1.0, 0.0)	(2.0, 0.0)	(3.0, 0.0)	(4.0, 0.0)	(5.0, 0.0)	(6.0, 1.5)	(7.0, 4.0)	(8.0, 8.0)	(9.0, 15.5)	(10.0, 38.0)	(11.0, 80.5)	(12.0, 126.0)	(13.0, 251.5)	(14.0, 462.5)	(15.0, 800.5)	(16.0, 1141.0)	(17.0, 1584.5)	(18.0, 2215.5)	(19.0, 2755.0)	(20.0, 3438.0)	(21.0, 4352.5)	(22.0, 5306.5)	(23.0, 6332.0)	(24.0, 7582.0)	(25.0, 8975.0)	(26.0, 10701.5)	(27.0, 12586.0)	(28.0, 14787.5)	(29.0, 17655.0)	(30.0, 20942.0)	(31.0, 24806.5)	(32.0, 29268.5)	(33.0, 34131.5)	(34.0, 39165.5)	(35.0, 44815.0)	(36.0, 50904.0)	(37.0, 56431.0)	(38.0, 60815.5)	(39.0, 63976.0)	(40.0, 66071.0)	(41.0, 65932.0)	(42.0, 63474.5)	(43.0, 59275.5)	(44.0, 53591.5)	(45.0, 46870.0)	(46.0, 39437.0)	(47.0, 31583.5)	(48.0, 24391.5)	(49.0, 18661.5)	(50.0, 13891.0)	(51.0, 10129.0)	(52.0, 7098.0)	(53.0, 4810.5)	(54.0, 3283.5)	(55.0, 2296.0)	(56.0, 1601.5)	(57.0, 1066.5)	(58.0, 759.0)	(59.0, 562.5)	(60.0, 448.5)	(61.0, 367.0)	(62.0, 283.0)	(63.0, 220.5)	(64.0, 178.0)	(65.0, 155.5)	(66.0, 131.5)	(67.0, 112.0)	(68.0, 91.5)	(69.0, 87.5)	(70.0, 79.0)	(71.0, 59.5)	(72.0, 54.5)	(73.0, 54.5)	(74.0, 55.5)	(75.0, 50.0)	(76.0, 39.0)	(77.0, 37.5)	(78.0, 37.0)	(79.0, 38.0)	(80.0, 45.5)	(81.0, 43.0)	(82.0, 38.5)	(83.0, 40.5)	(84.0, 39.0)	(85.0, 31.5)	(86.0, 31.5)	(87.0, 32.0)	(88.0, 38.0)	(89.0, 44.5)	(90.0, 42.0)	(91.0, 35.0)	(92.0, 29.0)	(93.0, 39.0)	(94.0, 48.5)	(95.0, 48.0)	(96.0, 61.5)	(97.0, 103.5)	(98.0, 169.5)	(99.0, 317.5)	(100.0, 2284.0)
PID-2861-3_R1	(0.0, 0.0)	(1.0, 0.0)	(2.0, 0.0)	(3.0, 0.0)	(4.0, 0.0)	(5.0, 0.5)	(6.0, 1.5)	(7.0, 3.5)	(8.0, 6.5)	(9.0, 9.0)	(10.0, 18.0)	(11.0, 47.5)	(12.0, 95.0)	(13.0, 149.0)	(14.0, 260.0)	(15.0, 459.5)	(16.0, 715.0)	(17.0, 1043.5)	(18.0, 1451.0)	(19.0, 1929.5)	(20.0, 2551.5)	(21.0, 3151.0)	(22.0, 3964.0)	(23.0, 4986.0)	(24.0, 6138.0)	(25.0, 7576.0)	(26.0, 8836.0)	(27.0, 10548.0)	(28.0, 12692.0)	(29.0, 14789.0)	(30.0, 17505.0)	(31.0, 20864.0)	(32.0, 24718.5)	(33.0, 28865.5)	(34.0, 33675.0)	(35.0, 39376.5)	(36.0, 44331.5)	(37.0, 48457.5)	(38.0, 52736.5)	(39.0, 55834.0)	(40.0, 56954.5)	(41.0, 56407.5)	(42.0, 54356.0)	(43.0, 50450.5)	(44.0, 45058.5)	(45.0, 39391.5)	(46.0, 33342.0)	(47.0, 26805.5)	(48.0, 20626.5)	(49.0, 15500.5)	(50.0, 11358.0)	(51.0, 8092.5)	(52.0, 5698.0)	(53.0, 3975.0)	(54.0, 2679.5)	(55.0, 1836.5)	(56.0, 1264.0)	(57.0, 794.0)	(58.0, 516.0)	(59.0, 348.5)	(60.0, 242.5)	(61.0, 172.0)	(62.0, 115.0)	(63.0, 79.5)	(64.0, 58.5)	(65.0, 39.0)	(66.0, 28.5)	(67.0, 25.5)	(68.0, 19.5)	(69.0, 7.0)	(70.0, 4.0)	(71.0, 3.5)	(72.0, 4.5)	(73.0, 5.0)	(74.0, 3.5)	(75.0, 2.0)	(76.0, 2.5)	(77.0, 2.5)	(78.0, 1.5)	(79.0, 0.5)	(80.0, 0.5)	(81.0, 1.0)	(82.0, 1.0)	(83.0, 1.0)	(84.0, 1.0)	(85.0, 1.5)	(86.0, 1.0)	(87.0, 0.5)	(88.0, 1.0)	(89.0, 0.5)	(90.0, 0.0)	(91.0, 0.0)	(92.0, 0.0)	(93.0, 0.0)	(94.0, 0.0)	(95.0, 0.0)	(96.0, 0.5)	(97.0, 1.0)	(98.0, 1.0)	(99.0, 0.5)	(100.0, 0.5)
PID-2861-3_R2	(0.0, 0.0)	(1.0, 0.5)	(2.0, 0.5)	(3.0, 0.0)	(4.0, 0.0)	(5.0, 0.5)	(6.0, 4.0)	(7.0, 5.0)	(8.0, 3.0)	(9.0, 7.5)	(10.0, 14.5)	(11.0, 47.5)	(12.0, 79.5)	(13.0, 125.5)	(14.0, 254.0)	(15.0, 450.0)	(16.0, 706.5)	(17.0, 1021.5)	(18.0, 1374.0)	(19.0, 1867.5)	(20.0, 2428.5)	(21.0, 3081.5)	(22.0, 3927.5)	(23.0, 4908.0)	(24.0, 6114.5)	(25.0, 7399.5)	(26.0, 8812.0)	(27.0, 10744.5)	(28.0, 12691.5)	(29.0, 14698.5)	(30.0, 17431.0)	(31.0, 20494.0)	(32.0, 24446.0)	(33.0, 28618.0)	(34.0, 33222.5)	(35.0, 38895.0)	(36.0, 44236.0)	(37.0, 48568.5)	(38.0, 52647.0)	(39.0, 55629.0)	(40.0, 56627.0)	(41.0, 56113.5)	(42.0, 54030.5)	(43.0, 50341.5)	(44.0, 45089.0)	(45.0, 39297.0)	(46.0, 33024.0)	(47.0, 26522.5)	(48.0, 20655.5)	(49.0, 15735.0)	(50.0, 11623.5)	(51.0, 8465.0)	(52.0, 5979.0)	(53.0, 3959.0)	(54.0, 2658.0)	(55.0, 1854.5)	(56.0, 1292.5)	(57.0, 847.5)	(58.0, 555.5)	(59.0, 380.5)	(60.0, 264.0)	(61.0, 206.5)	(62.0, 159.0)	(63.0, 120.5)	(64.0, 94.5)	(65.0, 80.0)	(66.0, 69.0)	(67.0, 54.5)	(68.0, 55.0)	(69.0, 51.5)	(70.0, 40.0)	(71.0, 31.0)	(72.0, 25.5)	(73.0, 31.0)	(74.0, 32.0)	(75.0, 29.0)	(76.0, 26.0)	(77.0, 27.0)	(78.0, 26.5)	(79.0, 25.5)	(80.0, 29.0)	(81.0, 27.0)	(82.0, 30.0)	(83.0, 30.5)	(84.0, 23.0)	(85.0, 25.0)	(86.0, 29.0)	(87.0, 24.0)	(88.0, 24.5)	(89.0, 22.0)	(90.0, 19.0)	(91.0, 19.0)	(92.0, 18.0)	(93.0, 20.0)	(94.0, 26.5)	(95.0, 32.0)	(96.0, 33.0)	(97.0, 36.5)	(98.0, 60.5)	(99.0, 109.0)	(100.0, 1042.5)
PID-2861-40_R1	(0.0, 0.0)	(1.0, 0.0)	(2.0, 0.0)	(3.0, 0.0)	(4.0, 0.5)	(5.0, 0.5)	(6.0, 2.0)	(7.0, 4.5)	(8.0, 5.5)	(9.0, 15.0)	(10.0, 42.0)	(11.0, 80.0)	(12.0, 132.0)	(13.0, 241.5)	(14.0, 433.5)	(15.0, 753.0)	(16.0, 1116.0)	(17.0, 1526.5)	(18.0, 2121.0)	(19.0, 2711.0)	(20.0, 3458.5)	(21.0, 4385.5)	(22.0, 5238.0)	(23.0, 6097.0)	(24.0, 7415.5)	(25.0, 8995.5)	(26.0, 10399.0)	(27.0, 12362.0)	(28.0, 14675.0)	(29.0, 16980.5)	(30.0, 19960.5)	(31.0, 23496.5)	(32.0, 27413.0)	(33.0, 31657.0)	(34.0, 36508.5)	(35.0, 41840.5)	(36.0, 46940.5)	(37.0, 51630.5)	(38.0, 55837.0)	(39.0, 58943.0)	(40.0, 60349.0)	(41.0, 60311.0)	(42.0, 57913.0)	(43.0, 53562.5)	(44.0, 48245.5)	(45.0, 41942.0)	(46.0, 35224.0)	(47.0, 28547.5)	(48.0, 22121.0)	(49.0, 16524.5)	(50.0, 12144.0)	(51.0, 8772.0)	(52.0, 6184.5)	(53.0, 4173.5)	(54.0, 2751.0)	(55.0, 1880.5)	(56.0, 1347.5)	(57.0, 916.5)	(58.0, 618.0)	(59.0, 432.0)	(60.0, 321.0)	(61.0, 256.5)	(62.0, 208.5)	(63.0, 143.5)	(64.0, 99.5)	(65.0, 78.5)	(66.0, 76.0)	(67.0, 61.0)	(68.0, 29.0)	(69.0, 19.0)	(70.0, 18.5)	(71.0, 18.5)	(72.0, 14.5)	(73.0, 6.0)	(74.0, 3.0)	(75.0, 1.0)	(76.0, 2.5)	(77.0, 2.0)	(78.0, 0.0)	(79.0, 0.5)	(80.0, 0.5)	(81.0, 1.0)	(82.0, 1.0)	(83.0, 0.0)	(84.0, 1.0)	(85.0, 3.0)	(86.0, 3.0)	(87.0, 1.5)	(88.0, 1.5)	(89.0, 1.0)	(90.0, 1.0)	(91.0, 1.0)	(92.0, 0.0)	(93.0, 0.0)	(94.0, 0.0)	(95.0, 0.0)	(96.0, 0.0)	(97.0, 0.5)	(98.0, 0.5)	(99.0, 0.0)	(100.0, 0.5)
PID-2861-40_R2	(0.0, 0.0)	(1.0, 0.0)	(2.0, 0.0)	(3.0, 0.0)	(4.0, 0.0)	(5.0, 0.0)	(6.0, 1.5)	(7.0, 5.0)	(8.0, 8.0)	(9.0, 20.5)	(10.0, 41.0)	(11.0, 76.5)	(12.0, 131.0)	(13.0, 266.5)	(14.0, 485.0)	(15.0, 777.5)	(16.0, 1109.0)	(17.0, 1567.0)	(18.0, 2093.5)	(19.0, 2575.5)	(20.0, 3264.0)	(21.0, 4162.0)	(22.0, 5075.5)	(23.0, 6063.0)	(24.0, 7287.0)	(25.0, 8734.0)	(26.0, 10396.0)	(27.0, 12385.0)	(28.0, 14586.5)	(29.0, 17127.0)	(30.0, 20107.0)	(31.0, 23448.0)	(32.0, 27192.0)	(33.0, 31357.5)	(34.0, 35931.0)	(35.0, 41158.0)	(36.0, 46471.0)	(37.0, 50923.0)	(38.0, 55075.0)	(39.0, 58249.5)	(40.0, 59763.0)	(41.0, 59778.0)	(42.0, 57245.0)	(43.0, 52969.5)	(44.0, 48039.0)	(45.0, 42121.5)	(46.0, 35485.5)	(47.0, 28395.5)	(48.0, 22150.5)	(49.0, 16845.5)	(50.0, 12275.5)	(51.0, 8891.5)	(52.0, 6264.5)	(53.0, 4343.5)	(54.0, 2910.5)	(55.0, 2004.0)	(56.0, 1461.0)	(57.0, 1023.5)	(58.0, 740.5)	(59.0, 523.5)	(60.0, 377.0)	(61.0, 315.0)	(62.0, 262.5)	(63.0, 220.0)	(64.0, 174.5)	(65.0, 149.5)	(66.0, 136.5)	(67.0, 111.0)	(68.0, 84.5)	(69.0, 67.0)	(70.0, 64.5)	(71.0, 67.0)	(72.0, 53.0)	(73.0, 47.0)	(74.0, 44.0)	(75.0, 38.5)	(76.0, 39.0)	(77.0, 36.0)	(78.0, 32.5)	(79.0, 37.5)	(80.0, 36.0)	(81.0, 31.5)	(82.0, 38.0)	(83.0, 35.5)	(84.0, 30.5)	(85.0, 29.5)	(86.0, 33.0)	(87.0, 40.0)	(88.0, 37.0)	(89.0, 29.5)	(90.0, 30.5)	(91.0, 38.5)	(92.0, 42.5)	(93.0, 34.5)	(94.0, 30.0)	(95.0, 32.5)	(96.0, 57.0)	(97.0, 87.0)	(98.0, 128.5)	(99.0, 250.5)	(100.0, 2061.0)
PID-2861-4_R1	(0.0, 0.0)	(1.0, 0.0)	(2.0, 0.0)	(3.0, 0.0)	(4.0, 0.0)	(5.0, 2.0)	(6.0, 3.0)	(7.0, 3.0)	(8.0, 7.0)	(9.0, 10.5)	(10.0, 25.5)	(11.0, 66.0)	(12.0, 122.5)	(13.0, 212.0)	(14.0, 355.5)	(15.0, 558.5)	(16.0, 807.0)	(17.0, 1127.0)	(18.0, 1545.0)	(19.0, 2040.5)	(20.0, 2585.5)	(21.0, 3215.5)	(22.0, 3993.0)	(23.0, 4891.5)	(24.0, 6110.5)	(25.0, 7336.5)	(26.0, 8566.0)	(27.0, 10404.0)	(28.0, 12234.0)	(29.0, 14272.5)	(30.0, 17210.5)	(31.0, 20314.5)	(32.0, 23849.0)	(33.0, 28003.0)	(34.0, 33174.0)	(35.0, 38947.5)	(36.0, 44338.5)	(37.0, 48900.5)	(38.0, 52833.5)	(39.0, 56231.0)	(40.0, 58181.0)	(41.0, 58448.5)	(42.0, 56638.5)	(43.0, 53025.5)	(44.0, 48340.5)	(45.0, 42957.0)	(46.0, 36726.0)	(47.0, 29786.5)	(48.0, 23409.5)	(49.0, 17910.5)	(50.0, 13237.5)	(51.0, 9773.5)	(52.0, 6992.5)	(53.0, 4818.0)	(54.0, 3282.0)	(55.0, 2236.5)	(56.0, 1533.5)	(57.0, 1007.0)	(58.0, 656.0)	(59.0, 441.5)	(60.0, 303.0)	(61.0, 197.5)	(62.0, 142.0)	(63.0, 104.5)	(64.0, 61.0)	(65.0, 40.0)	(66.0, 36.5)	(67.0, 36.5)	(68.0, 27.5)	(69.0, 12.0)	(70.0, 8.0)	(71.0, 7.0)	(72.0, 6.0)	(73.0, 3.5)	(74.0, 1.5)	(75.0, 1.0)	(76.0, 0.5)	(77.0, 2.0)	(78.0, 2.0)	(79.0, 1.0)	(80.0, 0.5)	(81.0, 0.0)	(82.0, 0.5)	(83.0, 0.5)	(84.0, 0.5)	(85.0, 0.5)	(86.0, 1.0)	(87.0, 1.5)	(88.0, 1.0)	(89.0, 0.5)	(90.0, 0.0)	(91.0, 0.0)	(92.0, 0.0)	(93.0, 0.0)	(94.0, 0.0)	(95.0, 0.0)	(96.0, 0.0)	(97.0, 0.0)	(98.0, 1.0)	(99.0, 1.0)	(100.0, 0.0)
PID-2861-4_R2	(0.0, 0.0)	(1.0, 0.0)	(2.0, 0.0)	(3.0, 0.5)	(4.0, 0.5)	(5.0, 0.5)	(6.0, 2.0)	(7.0, 7.0)	(8.0, 10.5)	(9.0, 11.0)	(10.0, 27.0)	(11.0, 63.0)	(12.0, 100.5)	(13.0, 161.5)	(14.0, 291.5)	(15.0, 532.0)	(16.0, 799.5)	(17.0, 1113.5)	(18.0, 1547.0)	(19.0, 1979.0)	(20.0, 2460.5)	(21.0, 3080.0)	(22.0, 3846.0)	(23.0, 4767.5)	(24.0, 5882.5)	(25.0, 7135.5)	(26.0, 8518.0)	(27.0, 10258.5)	(28.0, 12181.5)	(29.0, 14230.5)	(30.0, 16867.0)	(31.0, 19932.0)	(32.0, 23518.0)	(33.0, 27755.5)	(34.0, 32487.5)	(35.0, 37991.0)	(36.0, 43459.0)	(37.0, 48191.5)	(38.0, 52365.0)	(39.0, 56160.0)	(40.0, 58201.0)	(41.0, 58052.0)	(42.0, 56198.5)	(43.0, 52847.5)	(44.0, 48585.0)	(45.0, 43014.5)	(46.0, 36550.0)	(47.0, 29858.0)	(48.0, 23635.0)	(49.0, 18186.0)	(50.0, 13609.0)	(51.0, 10121.5)	(52.0, 7280.5)	(53.0, 5018.0)	(54.0, 3434.0)	(55.0, 2368.5)	(56.0, 1637.5)	(57.0, 1098.5)	(58.0, 754.5)	(59.0, 547.0)	(60.0, 387.5)	(61.0, 269.5)	(62.0, 219.0)	(63.0, 177.0)	(64.0, 123.0)	(65.0, 102.0)	(66.0, 93.0)	(67.0, 87.5)	(68.0, 73.0)	(69.0, 60.0)	(70.0, 61.5)	(71.0, 48.5)	(72.0, 41.0)	(73.0, 44.0)	(74.0, 41.0)	(75.0, 42.5)	(76.0, 40.0)	(77.0, 35.5)	(78.0, 37.5)	(79.0, 32.0)	(80.0, 29.5)	(81.0, 29.0)	(82.0, 31.5)	(83.0, 26.5)	(84.0, 25.0)	(85.0, 32.0)	(86.0, 30.5)	(87.0, 34.0)	(88.0, 37.5)	(89.0, 36.5)	(90.0, 34.0)	(91.0, 30.0)	(92.0, 31.5)	(93.0, 32.0)	(94.0, 41.0)	(95.0, 44.5)	(96.0, 46.0)	(97.0, 72.0)	(98.0, 116.0)	(99.0, 218.5)	(100.0, 1565.0)
PID-2861-5_R1	(0.0, 0.0)	(1.0, 0.0)	(2.0, 0.0)	(3.0, 0.0)	(4.0, 0.0)	(5.0, 0.0)	(6.0, 3.0)	(7.0, 6.0)	(8.0, 4.5)	(9.0, 8.0)	(10.0, 27.5)	(11.0, 64.0)	(12.0, 108.0)	(13.0, 193.5)	(14.0, 353.5)	(15.0, 596.5)	(16.0, 908.0)	(17.0, 1307.0)	(18.0, 1761.5)	(19.0, 2220.0)	(20.0, 2791.5)	(21.0, 3520.5)	(22.0, 4377.5)	(23.0, 5272.0)	(24.0, 6378.5)	(25.0, 7734.0)	(26.0, 9145.0)	(27.0, 10915.0)	(28.0, 12727.0)	(29.0, 14814.0)	(30.0, 17716.5)	(31.0, 20640.5)	(32.0, 23917.0)	(33.0, 27795.0)	(34.0, 32197.0)	(35.0, 37346.0)	(36.0, 42044.5)	(37.0, 45920.5)	(38.0, 49698.5)	(39.0, 52577.5)	(40.0, 53927.0)	(41.0, 53455.0)	(42.0, 51777.5)	(43.0, 48514.5)	(44.0, 43638.5)	(45.0, 38207.0)	(46.0, 32422.5)	(47.0, 26385.5)	(48.0, 20480.5)	(49.0, 15491.5)	(50.0, 11550.0)	(51.0, 8524.5)	(52.0, 6010.5)	(53.0, 4227.0)	(54.0, 2908.0)	(55.0, 1959.0)	(56.0, 1368.5)	(57.0, 924.5)	(58.0, 604.0)	(59.0, 396.5)	(60.0, 302.5)	(61.0, 215.0)	(62.0, 153.0)	(63.0, 118.0)	(64.0, 82.0)	(65.0, 55.0)	(66.0, 46.0)	(67.0, 42.0)	(68.0, 26.5)	(69.0, 17.0)	(70.0, 9.5)	(71.0, 7.5)	(72.0, 6.0)	(73.0, 3.0)	(74.0, 1.0)	(75.0, 0.0)	(76.0, 0.0)	(77.0, 0.0)	(78.0, 0.0)	(79.0, 1.0)	(80.0, 1.5)	(81.0, 1.0)	(82.0, 1.0)	(83.0, 1.0)	(84.0, 1.0)	(85.0, 1.0)	(86.0, 1.0)	(87.0, 0.5)	(88.0, 0.5)	(89.0, 0.5)	(90.0, 0.0)	(91.0, 0.0)	(92.0, 0.0)	(93.0, 0.5)	(94.0, 1.0)	(95.0, 1.0)	(96.0, 0.5)	(97.0, 0.0)	(98.0, 0.0)	(99.0, 0.0)	(100.0, 0.0)
PID-2861-5_R2	(0.0, 0.0)	(1.0, 0.0)	(2.0, 0.0)	(3.0, 0.0)	(4.0, 0.0)	(5.0, 0.0)	(6.0, 1.0)	(7.0, 4.0)	(8.0, 4.5)	(9.0, 9.0)	(10.0, 27.0)	(11.0, 63.0)	(12.0, 111.5)	(13.0, 186.0)	(14.0, 327.0)	(15.0, 549.0)	(16.0, 864.5)	(17.0, 1275.0)	(18.0, 1656.0)	(19.0, 2084.5)	(20.0, 2730.5)	(21.0, 3382.5)	(22.0, 4181.5)	(23.0, 5143.5)	(24.0, 6256.0)	(25.0, 7613.0)	(26.0, 9071.5)	(27.0, 10838.0)	(28.0, 12649.5)	(29.0, 14676.0)	(30.0, 17430.5)	(31.0, 20269.5)	(32.0, 23601.0)	(33.0, 27730.0)	(34.0, 32152.5)	(35.0, 37180.5)	(36.0, 41677.5)	(37.0, 45610.0)	(38.0, 49188.0)	(39.0, 51830.0)	(40.0, 53487.5)	(41.0, 53349.0)	(42.0, 51073.0)	(43.0, 47730.5)	(44.0, 43596.5)	(45.0, 38251.0)	(46.0, 32266.0)	(47.0, 26299.5)	(48.0, 20743.0)	(49.0, 15822.5)	(50.0, 11907.0)	(51.0, 8875.5)	(52.0, 6265.0)	(53.0, 4244.5)	(54.0, 2903.5)	(55.0, 2017.5)	(56.0, 1433.0)	(57.0, 967.0)	(58.0, 692.0)	(59.0, 484.0)	(60.0, 365.0)	(61.0, 294.0)	(62.0, 210.0)	(63.0, 185.5)	(64.0, 155.0)	(65.0, 120.0)	(66.0, 103.5)	(67.0, 88.5)	(68.0, 69.0)	(69.0, 59.5)	(70.0, 58.5)	(71.0, 53.5)	(72.0, 54.5)	(73.0, 47.0)	(74.0, 41.5)	(75.0, 39.0)	(76.0, 31.0)	(77.0, 33.0)	(78.0, 36.5)	(79.0, 35.5)	(80.0, 32.5)	(81.0, 23.0)	(82.0, 20.5)	(83.0, 26.0)	(84.0, 33.5)	(85.0, 30.5)	(86.0, 26.0)	(87.0, 29.5)	(88.0, 27.0)	(89.0, 29.0)	(90.0, 30.0)	(91.0, 31.0)	(92.0, 34.0)	(93.0, 28.5)	(94.0, 24.5)	(95.0, 26.0)	(96.0, 40.5)	(97.0, 79.5)	(98.0, 140.0)	(99.0, 253.0)	(100.0, 1640.0)
PID-2861-6_R1	(0.0, 0.0)	(1.0, 0.0)	(2.0, 0.0)	(3.0, 0.0)	(4.0, 0.0)	(5.0, 0.5)	(6.0, 2.0)	(7.0, 5.0)	(8.0, 6.5)	(9.0, 12.5)	(10.0, 28.0)	(11.0, 60.5)	(12.0, 109.5)	(13.0, 180.5)	(14.0, 345.5)	(15.0, 638.5)	(16.0, 914.0)	(17.0, 1330.5)	(18.0, 1776.5)	(19.0, 2248.5)	(20.0, 2990.0)	(21.0, 3689.0)	(22.0, 4562.0)	(23.0, 5633.0)	(24.0, 6765.5)	(25.0, 8259.0)	(26.0, 9872.5)	(27.0, 11748.0)	(28.0, 13882.5)	(29.0, 16083.5)	(30.0, 18850.5)	(31.0, 21887.0)	(32.0, 25565.0)	(33.0, 30162.0)	(34.0, 34866.0)	(35.0, 40081.5)	(36.0, 44505.5)	(37.0, 48061.5)	(38.0, 51741.5)	(39.0, 54619.5)	(40.0, 56129.5)	(41.0, 56017.0)	(42.0, 53911.0)	(43.0, 50233.5)	(44.0, 45312.5)	(45.0, 39962.5)	(46.0, 34323.0)	(47.0, 27933.5)	(48.0, 22160.5)	(49.0, 17166.5)	(50.0, 13040.5)	(51.0, 9717.0)	(52.0, 7014.5)	(53.0, 5037.0)	(54.0, 3494.0)	(55.0, 2447.5)	(56.0, 1720.5)	(57.0, 1150.0)	(58.0, 788.0)	(59.0, 528.5)	(60.0, 376.0)	(61.0, 276.5)	(62.0, 208.5)	(63.0, 150.5)	(64.0, 97.5)	(65.0, 70.5)	(66.0, 51.5)	(67.0, 40.5)	(68.0, 32.5)	(69.0, 20.5)	(70.0, 15.0)	(71.0, 10.5)	(72.0, 7.5)	(73.0, 3.5)	(74.0, 3.0)	(75.0, 4.0)	(76.0, 1.5)	(77.0, 0.5)	(78.0, 1.0)	(79.0, 0.5)	(80.0, 0.0)	(81.0, 0.5)	(82.0, 0.5)	(83.0, 0.0)	(84.0, 0.0)	(85.0, 0.0)	(86.0, 1.0)	(87.0, 1.0)	(88.0, 0.0)	(89.0, 0.0)	(90.0, 0.5)	(91.0, 0.5)	(92.0, 0.0)	(93.0, 0.0)	(94.0, 0.5)	(95.0, 1.0)	(96.0, 0.5)	(97.0, 0.0)	(98.0, 0.5)	(99.0, 0.5)	(100.0, 0.0)
PID-2861-6_R2	(0.0, 0.0)	(1.0, 0.0)	(2.0, 0.0)	(3.0, 0.0)	(4.0, 0.0)	(5.0, 1.5)	(6.0, 3.0)	(7.0, 8.5)	(8.0, 10.0)	(9.0, 11.5)	(10.0, 21.0)	(11.0, 43.0)	(12.0, 83.5)	(13.0, 167.5)	(14.0, 317.5)	(15.0, 582.5)	(16.0, 924.0)	(17.0, 1319.5)	(18.0, 1710.0)	(19.0, 2198.5)	(20.0, 2831.5)	(21.0, 3518.0)	(22.0, 4500.0)	(23.0, 5495.5)	(24.0, 6642.0)	(25.0, 8213.0)	(26.0, 9837.5)	(27.0, 11765.5)	(28.0, 13890.5)	(29.0, 15880.5)	(30.0, 18515.0)	(31.0, 21710.5)	(32.0, 25288.0)	(33.0, 29442.5)	(34.0, 34015.5)	(35.0, 39128.5)	(36.0, 43929.0)	(37.0, 47907.5)	(38.0, 51451.0)	(39.0, 54363.0)	(40.0, 55779.5)	(41.0, 55608.0)	(42.0, 53862.0)	(43.0, 50198.0)	(44.0, 45324.0)	(45.0, 40098.0)	(46.0, 34417.5)	(47.0, 28274.5)	(48.0, 22438.5)	(49.0, 17238.5)	(50.0, 13087.0)	(51.0, 9933.5)	(52.0, 7142.5)	(53.0, 4974.5)	(54.0, 3527.0)	(55.0, 2579.0)	(56.0, 1855.5)	(57.0, 1260.5)	(58.0, 863.5)	(59.0, 617.0)	(60.0, 483.5)	(61.0, 351.5)	(62.0, 247.5)	(63.0, 184.5)	(64.0, 142.0)	(65.0, 123.5)	(66.0, 121.5)	(67.0, 115.0)	(68.0, 82.0)	(69.0, 53.0)	(70.0, 54.5)	(71.0, 49.5)	(72.0, 42.5)	(73.0, 45.0)	(74.0, 39.0)	(75.0, 28.0)	(76.0, 25.0)	(77.0, 27.5)	(78.0, 28.0)	(79.0, 27.0)	(80.0, 30.5)	(81.0, 34.5)	(82.0, 29.5)	(83.0, 28.5)	(84.0, 31.5)	(85.0, 30.0)	(86.0, 27.0)	(87.0, 26.0)	(88.0, 27.0)	(89.0, 32.0)	(90.0, 26.5)	(91.0, 31.5)	(92.0, 38.5)	(93.0, 29.0)	(94.0, 26.0)	(95.0, 37.0)	(96.0, 47.0)	(97.0, 60.0)	(98.0, 120.5)	(99.0, 239.5)	(100.0, 1548.0)
PID-2861-7_R1	(0.0, 0.0)	(1.0, 0.0)	(2.0, 0.0)	(3.0, 0.0)	(4.0, 0.0)	(5.0, 0.0)	(6.0, 1.5)	(7.0, 4.0)	(8.0, 7.0)	(9.0, 9.0)	(10.0, 20.0)	(11.0, 55.5)	(12.0, 95.0)	(13.0, 152.0)	(14.0, 280.5)	(15.0, 474.0)	(16.0, 765.5)	(17.0, 1122.5)	(18.0, 1470.0)	(19.0, 1951.5)	(20.0, 2473.5)	(21.0, 3066.0)	(22.0, 3985.0)	(23.0, 5097.0)	(24.0, 6264.5)	(25.0, 7557.0)	(26.0, 9033.5)	(27.0, 10918.0)	(28.0, 13077.0)	(29.0, 15333.5)	(30.0, 18121.5)	(31.0, 21286.0)	(32.0, 25430.0)	(33.0, 30358.0)	(34.0, 35653.5)	(35.0, 41947.0)	(36.0, 48037.5)	(37.0, 52852.0)	(38.0, 57162.0)	(39.0, 60999.5)	(40.0, 62879.0)	(41.0, 62516.0)	(42.0, 60688.5)	(43.0, 56859.0)	(44.0, 51228.5)	(45.0, 44897.5)	(46.0, 38274.0)	(47.0, 31313.5)	(48.0, 24415.5)	(49.0, 18567.0)	(50.0, 13548.5)	(51.0, 9698.5)	(52.0, 6869.0)	(53.0, 4581.0)	(54.0, 3039.0)	(55.0, 2078.5)	(56.0, 1393.0)	(57.0, 911.0)	(58.0, 651.5)	(59.0, 452.5)	(60.0, 303.0)	(61.0, 198.5)	(62.0, 145.0)	(63.0, 92.0)	(64.0, 61.0)	(65.0, 47.0)	(66.0, 36.0)	(67.0, 31.0)	(68.0, 28.0)	(69.0, 18.5)	(70.0, 11.0)	(71.0, 7.5)	(72.0, 5.0)	(73.0, 2.5)	(74.0, 1.0)	(75.0, 1.0)	(76.0, 2.0)	(77.0, 1.5)	(78.0, 1.0)	(79.0, 1.5)	(80.0, 2.5)	(81.0, 3.0)	(82.0, 1.5)	(83.0, 1.0)	(84.0, 1.5)	(85.0, 0.5)	(86.0, 0.5)	(87.0, 1.0)	(88.0, 0.5)	(89.0, 0.5)	(90.0, 0.5)	(91.0, 0.0)	(92.0, 0.0)	(93.0, 0.0)	(94.0, 0.0)	(95.0, 0.0)	(96.0, 0.0)	(97.0, 0.5)	(98.0, 1.0)	(99.0, 1.0)	(100.0, 0.5)
PID-2861-7_R2	(0.0, 0.0)	(1.0, 0.0)	(2.0, 0.0)	(3.0, 0.0)	(4.0, 0.0)	(5.0, 0.0)	(6.0, 2.5)	(7.0, 5.5)	(8.0, 7.0)	(9.0, 9.5)	(10.0, 15.5)	(11.0, 36.5)	(12.0, 73.0)	(13.0, 131.5)	(14.0, 249.5)	(15.0, 476.0)	(16.0, 745.5)	(17.0, 1087.0)	(18.0, 1431.0)	(19.0, 1843.5)	(20.0, 2423.5)	(21.0, 3104.5)	(22.0, 3984.0)	(23.0, 4874.5)	(24.0, 5978.5)	(25.0, 7278.5)	(26.0, 8899.0)	(27.0, 10888.5)	(28.0, 12793.0)	(29.0, 15045.0)	(30.0, 18013.5)	(31.0, 21259.0)	(32.0, 25306.5)	(33.0, 30038.0)	(34.0, 35409.0)	(35.0, 41600.0)	(36.0, 47104.5)	(37.0, 51930.0)	(38.0, 56797.0)	(39.0, 60495.5)	(40.0, 62446.0)	(41.0, 62190.0)	(42.0, 60139.0)	(43.0, 56833.0)	(44.0, 51442.5)	(45.0, 45008.0)	(46.0, 38214.5)	(47.0, 31157.0)	(48.0, 24344.5)	(49.0, 18415.0)	(50.0, 13633.5)	(51.0, 9935.5)	(52.0, 7004.5)	(53.0, 4853.0)	(54.0, 3367.0)	(55.0, 2273.5)	(56.0, 1608.0)	(57.0, 1081.0)	(58.0, 724.0)	(59.0, 524.5)	(60.0, 386.5)	(61.0, 306.0)	(62.0, 246.5)	(63.0, 185.0)	(64.0, 136.0)	(65.0, 113.5)	(66.0, 95.0)	(67.0, 89.5)	(68.0, 80.5)	(69.0, 65.0)	(70.0, 49.5)	(71.0, 49.0)	(72.0, 60.0)	(73.0, 52.0)	(74.0, 47.5)	(75.0, 46.5)	(76.0, 40.0)	(77.0, 33.0)	(78.0, 34.5)	(79.0, 37.0)	(80.0, 32.0)	(81.0, 28.0)	(82.0, 31.0)	(83.0, 33.0)	(84.0, 34.0)	(85.0, 33.0)	(86.0, 34.5)	(87.0, 35.0)	(88.0, 33.0)	(89.0, 35.5)	(90.0, 35.0)	(91.0, 32.5)	(92.0, 28.5)	(93.0, 28.0)	(94.0, 36.0)	(95.0, 46.0)	(96.0, 60.0)	(97.0, 90.5)	(98.0, 140.5)	(99.0, 259.0)	(100.0, 1665.5)
PID-2861-8_R1	(0.0, 0.0)	(1.0, 0.0)	(2.0, 0.0)	(3.0, 0.0)	(4.0, 0.0)	(5.0, 0.5)	(6.0, 4.0)	(7.0, 6.0)	(8.0, 4.5)	(9.0, 10.5)	(10.0, 25.5)	(11.0, 55.0)	(12.0, 83.5)	(13.0, 125.5)	(14.0, 267.5)	(15.0, 525.0)	(16.0, 820.5)	(17.0, 1104.5)	(18.0, 1457.0)	(19.0, 1908.5)	(20.0, 2442.0)	(21.0, 3115.5)	(22.0, 4087.5)	(23.0, 5169.0)	(24.0, 6203.5)	(25.0, 7514.5)	(26.0, 9045.0)	(27.0, 10826.0)	(28.0, 12946.0)	(29.0, 15200.5)	(30.0, 18171.5)	(31.0, 21666.0)	(32.0, 25864.5)	(33.0, 30691.5)	(34.0, 36221.5)	(35.0, 42682.0)	(36.0, 48535.0)	(37.0, 53431.0)	(38.0, 58041.0)	(39.0, 61803.0)	(40.0, 63809.0)	(41.0, 63926.5)	(42.0, 61891.5)	(43.0, 57766.5)	(44.0, 52161.5)	(45.0, 45647.0)	(46.0, 38385.0)	(47.0, 31162.5)	(48.0, 24457.0)	(49.0, 18304.0)	(50.0, 13418.5)	(51.0, 9779.5)	(52.0, 6813.0)	(53.0, 4577.5)	(54.0, 3093.0)	(55.0, 2185.5)	(56.0, 1479.5)	(57.0, 881.0)	(58.0, 561.5)	(59.0, 406.0)	(60.0, 305.0)	(61.0, 208.5)	(62.0, 148.0)	(63.0, 104.0)	(64.0, 60.0)	(65.0, 34.0)	(66.0, 39.5)	(67.0, 41.0)	(68.0, 24.5)	(69.0, 14.5)	(70.0, 8.5)	(71.0, 5.5)	(72.0, 5.0)	(73.0, 3.0)	(74.0, 1.5)	(75.0, 3.0)	(76.0, 3.0)	(77.0, 0.5)	(78.0, 0.5)	(79.0, 1.5)	(80.0, 1.0)	(81.0, 0.5)	(82.0, 1.0)	(83.0, 1.0)	(84.0, 1.0)	(85.0, 0.5)	(86.0, 0.0)	(87.0, 0.0)	(88.0, 0.5)	(89.0, 1.0)	(90.0, 0.5)	(91.0, 0.0)	(92.0, 0.5)	(93.0, 0.5)	(94.0, 0.0)	(95.0, 0.0)	(96.0, 0.5)	(97.0, 2.0)	(98.0, 1.5)	(99.0, 0.5)	(100.0, 0.5)
PID-2861-8_R2	(0.0, 0.0)	(1.0, 0.0)	(2.0, 0.0)	(3.0, 0.0)	(4.0, 0.0)	(5.0, 1.0)	(6.0, 3.0)	(7.0, 3.5)	(8.0, 4.0)	(9.0, 8.5)	(10.0, 24.0)	(11.0, 49.0)	(12.0, 82.5)	(13.0, 136.5)	(14.0, 264.5)	(15.0, 475.0)	(16.0, 691.5)	(17.0, 1008.5)	(18.0, 1394.0)	(19.0, 1801.5)	(20.0, 2355.5)	(21.0, 3005.5)	(22.0, 3835.0)	(23.0, 4839.0)	(24.0, 6066.0)	(25.0, 7412.5)	(26.0, 8905.0)	(27.0, 10809.0)	(28.0, 12841.0)	(29.0, 15021.5)	(30.0, 17774.0)	(31.0, 21129.5)	(32.0, 25385.5)	(33.0, 30179.5)	(34.0, 35806.0)	(35.0, 41851.5)	(36.0, 47383.0)	(37.0, 52745.0)	(38.0, 57433.0)	(39.0, 61174.0)	(40.0, 63259.0)	(41.0, 62993.0)	(42.0, 61049.5)	(43.0, 57369.5)	(44.0, 52026.5)	(45.0, 45763.0)	(46.0, 38743.5)	(47.0, 31375.0)	(48.0, 24353.5)	(49.0, 18401.5)	(50.0, 13767.0)	(51.0, 10229.0)	(52.0, 7247.0)	(53.0, 4929.5)	(54.0, 3392.5)	(55.0, 2351.5)	(56.0, 1633.0)	(57.0, 1098.5)	(58.0, 747.0)	(59.0, 549.5)	(60.0, 415.0)	(61.0, 293.5)	(62.0, 223.0)	(63.0, 180.0)	(64.0, 150.5)	(65.0, 135.0)	(66.0, 123.5)	(67.0, 114.0)	(68.0, 100.5)	(69.0, 79.0)	(70.0, 63.5)	(71.0, 66.0)	(72.0, 64.5)	(73.0, 52.0)	(74.0, 49.0)	(75.0, 46.5)	(76.0, 49.5)	(77.0, 58.0)	(78.0, 52.5)	(79.0, 48.5)	(80.0, 48.0)	(81.0, 42.5)	(82.0, 40.5)	(83.0, 42.0)	(84.0, 43.0)	(85.0, 39.5)	(86.0, 32.5)	(87.0, 39.5)	(88.0, 48.5)	(89.0, 53.5)	(90.0, 50.0)	(91.0, 42.0)	(92.0, 45.5)	(93.0, 50.5)	(94.0, 45.5)	(95.0, 48.5)	(96.0, 79.5)	(97.0, 120.0)	(98.0, 186.5)	(99.0, 346.0)	(100.0, 2520.5)
PID-2861-9_R1	(0.0, 0.0)	(1.0, 0.0)	(2.0, 0.0)	(3.0, 0.0)	(4.0, 0.5)	(5.0, 1.0)	(6.0, 0.5)	(7.0, 2.0)	(8.0, 6.5)	(9.0, 21.5)	(10.0, 33.5)	(11.0, 59.5)	(12.0, 110.0)	(13.0, 197.0)	(14.0, 353.0)	(15.0, 628.5)	(16.0, 916.5)	(17.0, 1333.5)	(18.0, 1868.0)	(19.0, 2316.0)	(20.0, 3065.5)	(21.0, 3951.5)	(22.0, 4784.0)	(23.0, 5874.0)	(24.0, 7212.5)	(25.0, 8671.0)	(26.0, 10320.0)	(27.0, 12509.0)	(28.0, 14974.5)	(29.0, 17767.0)	(30.0, 21072.0)	(31.0, 25045.0)	(32.0, 29474.5)	(33.0, 34107.5)	(34.0, 39364.0)	(35.0, 45229.5)	(36.0, 51212.0)	(37.0, 56548.5)	(38.0, 60841.0)	(39.0, 64739.5)	(40.0, 67282.0)	(41.0, 66986.5)	(42.0, 64601.0)	(43.0, 60307.5)	(44.0, 54260.0)	(45.0, 47224.5)	(46.0, 39662.5)	(47.0, 31879.0)	(48.0, 24914.5)	(49.0, 18939.5)	(50.0, 14008.0)	(51.0, 10191.5)	(52.0, 7001.5)	(53.0, 4752.0)	(54.0, 3137.5)	(55.0, 2137.0)	(56.0, 1529.5)	(57.0, 1003.0)	(58.0, 703.5)	(59.0, 492.0)	(60.0, 376.5)	(61.0, 288.5)	(62.0, 225.0)	(63.0, 194.5)	(64.0, 150.5)	(65.0, 123.0)	(66.0, 106.0)	(67.0, 77.5)	(68.0, 50.0)	(69.0, 29.5)	(70.0, 26.5)	(71.0, 27.0)	(72.0, 14.5)	(73.0, 6.0)	(74.0, 4.5)	(75.0, 2.0)	(76.0, 1.0)	(77.0, 1.0)	(78.0, 0.5)	(79.0, 0.5)	(80.0, 0.5)	(81.0, 1.0)	(82.0, 1.0)	(83.0, 1.0)	(84.0, 0.5)	(85.0, 0.0)	(86.0, 0.5)	(87.0, 0.5)	(88.0, 0.0)	(89.0, 0.5)	(90.0, 0.5)	(91.0, 0.0)	(92.0, 0.0)	(93.0, 0.5)	(94.0, 0.5)	(95.0, 0.0)	(96.0, 0.5)	(97.0, 1.0)	(98.0, 2.0)	(99.0, 2.5)	(100.0, 1.0)
PID-2861-9_R2	(0.0, 0.0)	(1.0, 0.0)	(2.0, 0.0)	(3.0, 0.0)	(4.0, 1.0)	(5.0, 1.5)	(6.0, 2.0)	(7.0, 4.5)	(8.0, 5.5)	(9.0, 15.0)	(10.0, 33.5)	(11.0, 55.0)	(12.0, 90.0)	(13.0, 195.0)	(14.0, 344.0)	(15.0, 590.0)	(16.0, 883.0)	(17.0, 1251.5)	(18.0, 1737.5)	(19.0, 2245.0)	(20.0, 2965.0)	(21.0, 3841.5)	(22.0, 4771.0)	(23.0, 5821.5)	(24.0, 7185.5)	(25.0, 8750.0)	(26.0, 10346.5)	(27.0, 12224.0)	(28.0, 14621.0)	(29.0, 17592.5)	(30.0, 21007.0)	(31.0, 24895.0)	(32.0, 29400.0)	(33.0, 34119.0)	(34.0, 39399.0)	(35.0, 45009.5)	(36.0, 50583.5)	(37.0, 55973.5)	(38.0, 60670.5)	(39.0, 64322.5)	(40.0, 66032.0)	(41.0, 66358.5)	(42.0, 64375.5)	(43.0, 59976.0)	(44.0, 54190.5)	(45.0, 47219.5)	(46.0, 39619.5)	(47.0, 32052.0)	(48.0, 25086.0)	(49.0, 18901.5)	(50.0, 14098.0)	(51.0, 10206.0)	(52.0, 7087.5)	(53.0, 4902.0)	(54.0, 3279.0)	(55.0, 2267.0)	(56.0, 1627.5)	(57.0, 1144.0)	(58.0, 824.0)	(59.0, 577.0)	(60.0, 434.5)	(61.0, 349.0)	(62.0, 288.0)	(63.0, 253.5)	(64.0, 226.5)	(65.0, 194.0)	(66.0, 173.0)	(67.0, 134.5)	(68.0, 95.5)	(69.0, 86.0)	(70.0, 78.5)	(71.0, 65.5)	(72.0, 54.5)	(73.0, 47.0)	(74.0, 45.0)	(75.0, 47.0)	(76.0, 46.0)	(77.0, 40.5)	(78.0, 39.5)	(79.0, 36.5)	(80.0, 38.0)	(81.0, 35.5)	(82.0, 30.0)	(83.0, 34.0)	(84.0, 37.5)	(85.0, 34.0)	(86.0, 34.5)	(87.0, 29.0)	(88.0, 26.5)	(89.0, 33.0)	(90.0, 33.5)	(91.0, 34.5)	(92.0, 36.0)	(93.0, 39.5)	(94.0, 41.5)	(95.0, 44.0)	(96.0, 52.0)	(97.0, 79.0)	(98.0, 124.5)	(99.0, 239.5)	(100.0, 1469.0)
