Sample	0	1	2	3	4	5	6	7	8	9	10	11	12	13	14	15	16	17	18	19	20	21	22	23	24	25	26	27	28	29	30	31	32	33	34	35	36	37	38	39	40	41	42	43	44	45	46	47	48	49	50	51	52	53	54	55	56	57	58	59	60	61	62	63	64	65	66	67	68	69	70	71	72	73	74	75	76	77	78	79	80	81	82	83	84	85	86	87	88	89	90	91	92	93	94	95	96	97	98	99	100
PID-2861-10_R1	(0.0, 0.0)	(1.0, 0.0)	(2.0, 0.0)	(3.0, 0.0)	(4.0, 0.0)	(5.0, 0.0)	(6.0, 0.0)	(7.0, 0.00012264761867383583)	(8.0, 0.0004292666653584254)	(9.0, 0.001410447614749112)	(10.0, 0.003372809513530485)	(11.0, 0.005396495221648776)	(12.0, 0.008769304735179262)	(13.0, 0.01680272375831551)	(14.0, 0.029558076100394435)	(15.0, 0.05194126650836947)	(16.0, 0.07861712356992877)	(17.0, 0.11228389489589671)	(18.0, 0.15582379952510841)	(19.0, 0.1999769422476893)	(20.0, 0.26142339920328106)	(21.0, 0.3306579799446614)	(22.0, 0.3989727035459879)	(23.0, 0.48776957946584504)	(24.0, 0.5986430267469927)	(25.0, 0.7236822739849683)	(26.0, 0.8676092544987147)	(27.0, 1.0214706921250416)	(28.0, 1.2275800153064227)	(29.0, 1.4826870621480015)	(30.0, 1.7644086422418024)	(31.0, 2.1097843364273237)	(32.0, 2.493855354304441)	(33.0, 2.926188210129712)	(34.0, 3.4475019133028515)	(35.0, 3.9800991973939834)	(36.0, 4.54801899566318)	(37.0, 5.133416079593399)	(38.0, 5.659390392276144)	(39.0, 6.10834200043172)	(40.0, 6.414409132832278)	(41.0, 6.569190427598658)	(42.0, 6.44298602798328)	(43.0, 6.064618124374497)	(44.0, 5.566362173512039)	(45.0, 4.926754842127985)	(46.0, 4.24103200612257)	(47.0, 3.5112786750132456)	(48.0, 2.750434172570105)	(49.0, 2.077098746050747)	(50.0, 1.5394115857846504)	(51.0, 1.117626425165329)	(52.0, 0.7834116642791263)	(53.0, 0.5462111697639278)	(54.0, 0.36101326556643576)	(55.0, 0.24296493259286875)	(56.0, 0.17483418041955295)	(57.0, 0.11645391393080712)	(58.0, 0.0787397711886026)	(59.0, 0.05629525697129065)	(60.0, 0.04059636178103966)	(61.0, 0.03060058085912204)	(62.0, 0.02471349516277792)	(63.0, 0.02029818089051983)	(64.0, 0.017048018995663182)	(65.0, 0.013123295198100434)	(66.0, 0.00999578092191762)	(67.0, 0.008891952353853098)	(68.0, 0.00588708569634412)	(69.0, 0.0022689809454659628)	(70.0, 0.0026369238014874704)	(71.0, 0.0025755999921505523)	(72.0, 0.0011651523774014404)	(73.0, 0.0004905904746953433)	(74.0, 0.0004905904746953433)	(75.0, 0.0004905904746953433)	(76.0, 0.00024529523734767166)	(77.0, 0.00018397142801075374)	(78.0, 6.132380933691791e-05)	(79.0, 0.0)	(80.0, 0.00012264761867383583)	(81.0, 0.00012264761867383583)	(82.0, 0.00012264761867383583)	(83.0, 0.00018397142801075374)	(84.0, 6.132380933691791e-05)	(85.0, 0.0)	(86.0, 0.0)	(87.0, 0.0)	(88.0, 0.0)	(89.0, 0.0)	(90.0, 0.0)	(91.0, 0.00012264761867383583)	(92.0, 0.00012264761867383583)	(93.0, 0.0)	(94.0, 6.132380933691791e-05)	(95.0, 6.132380933691791e-05)	(96.0, 0.0)	(97.0, 0.0)	(98.0, 6.132380933691791e-05)	(99.0, 6.132380933691791e-05)	(100.0, 0.0)
PID-2861-10_R2	(0.0, 0.0)	(1.0, 6.140122507724274e-05)	(2.0, 6.140122507724274e-05)	(3.0, 0.0)	(4.0, 0.0)	(5.0, 0.0)	(6.0, 6.140122507724274e-05)	(7.0, 6.140122507724274e-05)	(8.0, 0.00018420367523172822)	(9.0, 0.0017806355272400394)	(10.0, 0.003684073504634564)	(11.0, 0.005096301681411148)	(12.0, 0.00871897396096847)	(13.0, 0.01706954057147348)	(14.0, 0.029472588037076513)	(15.0, 0.05084021436395699)	(16.0, 0.07540070439485409)	(17.0, 0.10732934143502032)	(18.0, 0.14822255733646397)	(19.0, 0.18365106420603305)	(20.0, 0.24720133216097928)	(21.0, 0.3210670059289023)	(22.0, 0.3809946016042912)	(23.0, 0.46720192161274)	(24.0, 0.5704173809675851)	(25.0, 0.6961670899257781)	(26.0, 0.8334602291984929)	(27.0, 0.9891123347693034)	(28.0, 1.2018675796619493)	(29.0, 1.4442182150418266)	(30.0, 1.7218131536160408)	(31.0, 2.0628355576950472)	(32.0, 2.451382509983839)	(33.0, 2.883647134527628)	(34.0, 3.3768217743480418)	(35.0, 3.9426954646599106)	(36.0, 4.518884560784757)	(37.0, 5.104652248021653)	(38.0, 5.65787728596761)	(39.0, 6.077370455695332)	(40.0, 6.392113135441278)	(41.0, 6.529897484514612)	(42.0, 6.421094513677737)	(43.0, 6.096036428118814)	(44.0, 5.600528541745465)	(45.0, 5.009725954052236)	(46.0, 4.269534185746074)	(47.0, 3.437915993299898)	(48.0, 2.7222233137995566)	(49.0, 2.1130617598082315)	(50.0, 1.5926863772785995)	(51.0, 1.1677898997440797)	(52.0, 0.8275657115910776)	(53.0, 0.5708471895431257)	(54.0, 0.3790911636268967)	(55.0, 0.26267444088044445)	(56.0, 0.1899139891639118)	(57.0, 0.13446868291916161)	(58.0, 0.09357546701771793)	(59.0, 0.06305905815432829)	(60.0, 0.04875257271133074)	(61.0, 0.042796653878838194)	(62.0, 0.03352506889217454)	(63.0, 0.02658673045844611)	(64.0, 0.022227243477961872)	(65.0, 0.018543169973327306)	(66.0, 0.01842036752317282)	(67.0, 0.015166102594078957)	(68.0, 0.009701393562204353)	(69.0, 0.0071839433340374)	(70.0, 0.007368147009269128)	(71.0, 0.006385727408033245)	(72.0, 0.005219104131565633)	(73.0, 0.00515770290648839)	(74.0, 0.004052480855098021)	(75.0, 0.0041752833052525066)	(76.0, 0.00448228943063872)	(77.0, 0.003438468604325594)	(78.0, 0.0023332465529352243)	(79.0, 0.003684073504634564)	(80.0, 0.004236684530329749)	(81.0, 0.0028858575786304087)	(82.0, 0.002578851453244195)	(83.0, 0.003070061253862137)	(84.0, 0.0025174502281669524)	(85.0, 0.00245604900308971)	(86.0, 0.003070061253862137)	(87.0, 0.0033770673792483507)	(88.0, 0.003315666154171108)	(89.0, 0.0033770673792483507)	(90.0, 0.0041752833052525066)	(91.0, 0.004298085755406992)	(92.0, 0.003868277179866293)	(93.0, 0.003561271054480079)	(94.0, 0.003991079630020778)	(95.0, 0.0046664931058704485)	(96.0, 0.006201523732801517)	(97.0, 0.00939438743681814)	(98.0, 0.013999479317611344)	(99.0, 0.025235903506746767)	(100.0, 0.14533669975783356)
PID-2861-11_R1	(0.0, 0.0)	(1.0, 0.0)	(2.0, 0.0)	(3.0, 0.0)	(4.0, 0.0)	(5.0, 5.799629751636655e-05)	(6.0, 0.0001159925950327331)	(7.0, 0.0002319851900654662)	(8.0, 0.0005799629751636656)	(9.0, 0.0016238963304582637)	(10.0, 0.004639703801309325)	(11.0, 0.008119481652291318)	(12.0, 0.012353211370986076)	(13.0, 0.02325651530406299)	(14.0, 0.04175733421178392)	(15.0, 0.07336531635820369)	(16.0, 0.10845307635560546)	(17.0, 0.1572859588643861)	(18.0, 0.21284641188506526)	(19.0, 0.26544905373240973)	(20.0, 0.34594791468512653)	(21.0, 0.43218840909196354)	(22.0, 0.5239965480603719)	(23.0, 0.6323336318209446)	(24.0, 0.7712927606701588)	(25.0, 0.9409319309055311)	(26.0, 1.099145830530179)	(27.0, 1.2840380270123555)	(28.0, 1.5239687098375638)	(29.0, 1.7989291563626577)	(30.0, 2.095232240373775)	(31.0, 2.432480710431446)	(32.0, 2.8389767597236593)	(33.0, 3.270817191030525)	(34.0, 3.7678454607457863)	(35.0, 4.282562601203539)	(36.0, 4.780924785761677)	(37.0, 5.297845785525053)	(38.0, 5.709097531213607)	(39.0, 6.034282771387875)	(40.0, 6.277461246874)	(41.0, 6.275315383865894)	(42.0, 6.029875052776631)	(43.0, 5.593046939883358)	(44.0, 5.04648983208912)	(45.0, 4.463511049454603)	(46.0, 3.7837944425627863)	(47.0, 3.05014127898075)	(48.0, 2.375180368485276)	(49.0, 1.803394871271418)	(50.0, 1.3326389243310708)	(51.0, 0.9663923055152158)	(52.0, 0.6857482218335181)	(53.0, 0.4708719395353801)	(54.0, 0.3076123620268082)	(55.0, 0.20403097466257752)	(56.0, 0.14748458458412017)	(57.0, 0.10427734293442707)	(58.0, 0.07527919417624378)	(59.0, 0.05347258631008997)	(60.0, 0.039901452691260185)	(61.0, 0.0334638636669435)	(62.0, 0.02447443755190669)	(63.0, 0.018906792990335496)	(64.0, 0.0166449373871972)	(65.0, 0.012411207668502445)	(66.0, 0.01009135576784778)	(67.0, 0.008525455734905884)	(68.0, 0.005683637156603923)	(69.0, 0.003131800065883794)	(70.0, 0.0022618556031382955)	(71.0, 0.0018558815205237296)	(72.0, 0.0011019296528109645)	(73.0, 0.00040597408261456593)	(74.0, 5.799629751636655e-05)	(75.0, 5.799629751636655e-05)	(76.0, 0.00017398889254909965)	(77.0, 0.00017398889254909965)	(78.0, 5.799629751636655e-05)	(79.0, 0.0)	(80.0, 0.0)	(81.0, 0.0001159925950327331)	(82.0, 0.0001159925950327331)	(83.0, 0.00017398889254909965)	(84.0, 0.00017398889254909965)	(85.0, 0.0001159925950327331)	(86.0, 0.0001159925950327331)	(87.0, 5.799629751636655e-05)	(88.0, 0.0001159925950327331)	(89.0, 5.799629751636655e-05)	(90.0, 0.0)	(91.0, 0.0)	(92.0, 5.799629751636655e-05)	(93.0, 0.0001159925950327331)	(94.0, 5.799629751636655e-05)	(95.0, 0.0)	(96.0, 5.799629751636655e-05)	(97.0, 0.0001159925950327331)	(98.0, 0.0001159925950327331)	(99.0, 5.799629751636655e-05)	(100.0, 0.0)
PID-2861-11_R2	(0.0, 0.0)	(1.0, 0.0)	(2.0, 0.0)	(3.0, 0.0)	(4.0, 0.0)	(5.0, 0.0)	(6.0, 5.8070963879279755e-05)	(7.0, 0.00034842578327567856)	(8.0, 0.0008710644581891963)	(9.0, 0.0020905546996540713)	(10.0, 0.004529535182583821)	(11.0, 0.00731694144878925)	(12.0, 0.012311044342407308)	(13.0, 0.023286456515591185)	(14.0, 0.040823887607133666)	(15.0, 0.07055622111332491)	(16.0, 0.10656021871847836)	(17.0, 0.14819709981992193)	(18.0, 0.19529265152601782)	(19.0, 0.253653970224694)	(20.0, 0.344999596406801)	(21.0, 0.43651943548054595)	(22.0, 0.5215353265998115)	(23.0, 0.6219980941109654)	(24.0, 0.7596843494687378)	(25.0, 0.9122948425434849)	(26.0, 1.0636858453767672)	(27.0, 1.2712314702813132)	(28.0, 1.5315636013521243)	(29.0, 1.807342608814824)	(30.0, 2.098510421705533)	(31.0, 2.447342701728366)	(32.0, 2.861679029007027)	(33.0, 3.282983871951202)	(34.0, 3.74267362201958)	(35.0, 4.272106599706974)	(36.0, 4.775756069431967)	(37.0, 5.278418332771013)	(38.0, 5.699723175715187)	(39.0, 6.006454006925543)	(40.0, 6.186996633626224)	(41.0, 6.185196433745966)	(42.0, 5.9968142269215825)	(43.0, 5.589678699163953)	(44.0, 5.077957365459739)	(45.0, 4.4586886066511)	(46.0, 3.7542297438315573)	(47.0, 3.0439637846240863)	(48.0, 2.377773687000989)	(49.0, 1.7990384609800867)	(50.0, 1.3317414146435227)	(51.0, 0.9712949418448332)	(52.0, 0.6880828510055859)	(53.0, 0.48210514212578054)	(54.0, 0.32403597844638105)	(55.0, 0.2220633658743658)	(56.0, 0.16590874380310228)	(57.0, 0.11631614065019735)	(58.0, 0.078047375453752)	(59.0, 0.055806196287987844)	(60.0, 0.04419200351213189)	(61.0, 0.03553942989411921)	(62.0, 0.029848475433949796)	(63.0, 0.02566736603464165)	(64.0, 0.020150624466110077)	(65.0, 0.01730514723602537)	(66.0, 0.014691953861457779)	(67.0, 0.01219490241464875)	(68.0, 0.009755921931719)	(69.0, 0.007258870484909969)	(70.0, 0.005749025424048696)	(71.0, 0.004413393254825261)	(72.0, 0.004355322290945982)	(73.0, 0.003832683616032464)	(74.0, 0.0035423287966360652)	(75.0, 0.0027293353023261488)	(76.0, 0.002903548193963988)	(77.0, 0.0029616191578432675)	(78.0, 0.0029616191578432675)	(79.0, 0.003019690121722547)	(80.0, 0.002845477230084708)	(81.0, 0.002903548193963988)	(82.0, 0.0022066966274126307)	(83.0, 0.0029616191578432675)	(84.0, 0.0035423287966360652)	(85.0, 0.0029616191578432675)	(86.0, 0.0027874062662054284)	(87.0, 0.0025551224106883093)	(88.0, 0.0022066966274126307)	(89.0, 0.00243898048292975)	(90.0, 0.0025551224106883093)	(91.0, 0.00243898048292975)	(92.0, 0.0023228385551711905)	(93.0, 0.002845477230084708)	(94.0, 0.003948825543791024)	(95.0, 0.004355322290945982)	(96.0, 0.0051102448213766185)	(97.0, 0.007433083376547809)	(98.0, 0.012427186270165869)	(99.0, 0.023518740371108304)	(100.0, 0.14442248716776876)
PID-2861-12_R1	(0.0, 0.0)	(1.0, 0.0)	(2.0, 0.0)	(3.0, 0.0)	(4.0, 6.670766964761007e-05)	(5.0, 0.00013341533929522013)	(6.0, 0.0002001230089428302)	(7.0, 0.0006003690268284906)	(8.0, 0.0009339073750665409)	(9.0, 0.0016009840715426416)	(10.0, 0.003001845134142453)	(11.0, 0.0058035672593420755)	(12.0, 0.01000615044714151)	(13.0, 0.02027913157287346)	(14.0, 0.036022141609709436)	(15.0, 0.06257179412945825)	(16.0, 0.09832710506057724)	(17.0, 0.14088659829575245)	(18.0, 0.19338553430842156)	(19.0, 0.24501727061567177)	(20.0, 0.3318039488272125)	(21.0, 0.43053129990567535)	(22.0, 0.5205199462603013)	(23.0, 0.6292534477859058)	(24.0, 0.7664711242510397)	(25.0, 0.9275701464500179)	(26.0, 1.0974078733728332)	(27.0, 1.2935284221368069)	(28.0, 1.5368780010112884)	(29.0, 1.7953702208957774)	(30.0, 2.101091470890774)	(31.0, 2.4761886973192855)	(32.0, 2.869563825231242)	(33.0, 3.3085002915125163)	(34.0, 3.7844595144482143)	(35.0, 4.3189880713345135)	(36.0, 4.848913799015128)	(37.0, 5.336947110157044)	(38.0, 5.764409857258928)	(39.0, 6.078869811977762)	(40.0, 6.283862480804868)	(41.0, 6.266318363687547)	(42.0, 6.038911917858844)	(43.0, 5.64266836015204)	(44.0, 5.0911960551752475)	(45.0, 4.417648714743329)	(46.0, 3.7074121560052244)	(47.0, 3.019455958929422)	(48.0, 2.3343014839788188)	(49.0, 1.7544784194017924)	(50.0, 1.3005327274498057)	(51.0, 0.9425126644510826)	(52.0, 0.6600723911631016)	(53.0, 0.4563471680593004)	(54.0, 0.30785589542372044)	(55.0, 0.1995893475856493)	(56.0, 0.145756258180028)	(57.0, 0.10426408765921452)	(58.0, 0.07271135991589497)	(59.0, 0.0496972138874695)	(60.0, 0.035755310931119)	(61.0, 0.029684912993186475)	(62.0, 0.025282206796444218)	(63.0, 0.02001230089428302)	(64.0, 0.014809102661769434)	(65.0, 0.012207503545512642)	(66.0, 0.009806027438198679)	(67.0, 0.007471259000532327)	(68.0, 0.005069782893218365)	(69.0, 0.0026015991162567924)	(70.0, 0.0014008610625998114)	(71.0, 0.0013341533929522012)	(72.0, 0.0010006150447141508)	(73.0, 0.00046695368753327043)	(74.0, 0.0002001230089428302)	(75.0, 0.0)	(76.0, 0.00013341533929522013)	(77.0, 0.00013341533929522013)	(78.0, 6.670766964761007e-05)	(79.0, 6.670766964761007e-05)	(80.0, 0.0)	(81.0, 0.0)	(82.0, 0.0)	(83.0, 0.0)	(84.0, 0.0)	(85.0, 0.0)	(86.0, 0.0)	(87.0, 6.670766964761007e-05)	(88.0, 0.00013341533929522013)	(89.0, 6.670766964761007e-05)	(90.0, 0.0)	(91.0, 0.0)	(92.0, 0.0)	(93.0, 0.0)	(94.0, 0.0)	(95.0, 6.670766964761007e-05)	(96.0, 0.00013341533929522013)	(97.0, 0.0002001230089428302)	(98.0, 0.00013341533929522013)	(99.0, 0.0)	(100.0, 0.0)
PID-2861-12_R2	(0.0, 0.0)	(1.0, 0.0)	(2.0, 0.0)	(3.0, 6.677292464742226e-05)	(4.0, 6.677292464742226e-05)	(5.0, 0.0)	(6.0, 0.00026709169858968903)	(7.0, 0.0004006375478845336)	(8.0, 0.0006677292464742226)	(9.0, 0.001268685568301023)	(10.0, 0.0026041440612494687)	(11.0, 0.005876017368973159)	(12.0, 0.010283030395703028)	(13.0, 0.01862964597663081)	(14.0, 0.03185068505682042)	(15.0, 0.0587601736897316)	(16.0, 0.09368241328033343)	(17.0, 0.13621676628074142)	(18.0, 0.19424243779935138)	(19.0, 0.2522681093179613)	(20.0, 0.3338646232371113)	(21.0, 0.4306185910512262)	(22.0, 0.5220974978181947)	(23.0, 0.6246607100766353)	(24.0, 0.7609442492820241)	(25.0, 0.9262740107090417)	(26.0, 1.0936737328001294)	(27.0, 1.2891848561677817)	(28.0, 1.5442574283209347)	(29.0, 1.8214318385323847)	(30.0, 2.100943301106494)	(31.0, 2.4695966180849123)	(32.0, 2.8996810257389596)	(33.0, 3.3338385817964986)	(34.0, 3.808660848964319)	(35.0, 4.293231963130662)	(36.0, 4.820337430297413)	(37.0, 5.349045447655703)	(38.0, 5.737463550329758)	(39.0, 6.022450392724956)	(40.0, 6.233653153384753)	(41.0, 6.2604290961683695)	(42.0, 6.023852624142552)	(43.0, 5.563987492095755)	(44.0, 4.998955003729268)	(45.0, 4.39172202698561)	(46.0, 3.6982852045221297)	(47.0, 2.966587496235676)	(48.0, 2.3214274982922825)	(49.0, 1.7877115115854363)	(50.0, 1.334657217852676)	(51.0, 0.9491103509384601)	(52.0, 0.6565781680581031)	(53.0, 0.45852967355384866)	(54.0, 0.3151682043358331)	(55.0, 0.2168116863301801)	(56.0, 0.1561818707503207)	(57.0, 0.11404815529779723)	(58.0, 0.08086201174802837)	(59.0, 0.0542863877383543)	(60.0, 0.04173307790463891)	(61.0, 0.034588374967364735)	(62.0, 0.026375305235731797)	(63.0, 0.02236892975688646)	(64.0, 0.018429327202688545)	(65.0, 0.015290999744259699)	(66.0, 0.012486536909067964)	(67.0, 0.010483349169645296)	(68.0, 0.00881402605345974)	(69.0, 0.006143109067562848)	(70.0, 0.004473785951377291)	(71.0, 0.004674104725319558)	(72.0, 0.004473785951377291)	(73.0, 0.0042734671774350245)	(74.0, 0.00440701302672987)	(75.0, 0.0038060567049030686)	(76.0, 0.0036057379309608027)	(77.0, 0.003071554533781424)	(78.0, 0.0034721920816659577)	(79.0, 0.003071554533781424)	(80.0, 0.0024705982119546236)	(81.0, 0.002737689910544313)	(82.0, 0.002737689910544313)	(83.0, 0.0020031877394226676)	(84.0, 0.002737689910544313)	(85.0, 0.0029380086844865796)	(86.0, 0.0021367335887175123)	(87.0, 0.002337052362659779)	(88.0, 0.0024705982119546236)	(89.0, 0.0024038252873072015)	(90.0, 0.0024705982119546236)	(91.0, 0.0021367335887175123)	(92.0, 0.0022702794380123573)	(93.0, 0.0026041440612494687)	(94.0, 0.003205100383076269)	(95.0, 0.0038728296295504915)	(96.0, 0.004473785951377291)	(97.0, 0.006877611238684493)	(98.0, 0.010483349169645296)	(99.0, 0.01916382937381019)	(100.0, 0.1091737317985354)
PID-2861-13_R1	(0.0, 0.0)	(1.0, 0.0)	(2.0, 0.0)	(3.0, 0.0)	(4.0, 0.0)	(5.0, 5.4471511943968426e-05)	(6.0, 0.0003268290716638105)	(7.0, 0.0009804872149914317)	(8.0, 0.0009804872149914317)	(9.0, 0.0023967465255346106)	(10.0, 0.004248777931629537)	(11.0, 0.005937394801892559)	(12.0, 0.010948773900737653)	(13.0, 0.022932506528410706)	(14.0, 0.03954631767132108)	(15.0, 0.06634630154775353)	(16.0, 0.09750400637970348)	(17.0, 0.14331454792458093)	(18.0, 0.20187142326434696)	(19.0, 0.2489348095839357)	(20.0, 0.32067379081414216)	(21.0, 0.4048867482795173)	(22.0, 0.49759726160815154)	(23.0, 0.5999492325508682)	(24.0, 0.7273580989878103)	(25.0, 0.8683303718988006)	(26.0, 1.0146953244922439)	(27.0, 1.1964122883373225)	(28.0, 1.4089601279426873)	(29.0, 1.6505957549261312)	(30.0, 1.933357373427271)	(31.0, 2.2771815568176)	(32.0, 2.6590813270567626)	(33.0, 3.0884802557110658)	(34.0, 3.5721872817735054)	(35.0, 4.084328437070696)	(36.0, 4.629315914070101)	(37.0, 5.150935112445542)	(38.0, 5.594877934788885)	(39.0, 5.977812663754983)	(40.0, 6.2288173907927895)	(41.0, 6.305404336586008)	(42.0, 6.155171906644544)	(43.0, 5.8057371575239864)	(44.0, 5.3130423319907925)	(45.0, 4.701545138907803)	(46.0, 3.9938512557317645)	(47.0, 3.229507000134)	(48.0, 2.5568927706498776)	(49.0, 1.980475231258804)	(50.0, 1.492138126681127)	(51.0, 1.1080594959642056)	(52.0, 0.7989336656821848)	(53.0, 0.5585508834734523)	(54.0, 0.372639613208688)	(55.0, 0.250187654358647)	(56.0, 0.17921127429565611)	(57.0, 0.1269730943413904)	(58.0, 0.08421295746537519)	(59.0, 0.05855687533976605)	(60.0, 0.04597395608070935)	(61.0, 0.034698353108307885)	(62.0, 0.025383724565889283)	(63.0, 0.02004551639538038)	(64.0, 0.016995111726518148)	(65.0, 0.013672349497936075)	(66.0, 0.013073162866552421)	(67.0, 0.010240644245466063)	(68.0, 0.005665037242172716)	(69.0, 0.0031593476927501683)	(70.0, 0.0017430883822069896)	(71.0, 0.0017975598941509581)	(72.0, 0.0015252023344311159)	(73.0, 0.0007081296552715895)	(74.0, 0.00038130058360777896)	(75.0, 0.00016341453583190526)	(76.0, 0.00016341453583190526)	(77.0, 5.4471511943968426e-05)	(78.0, 5.4471511943968426e-05)	(79.0, 0.00010894302388793685)	(80.0, 5.4471511943968426e-05)	(81.0, 0.0)	(82.0, 0.0)	(83.0, 5.4471511943968426e-05)	(84.0, 0.00016341453583190526)	(85.0, 0.0002178860477758737)	(86.0, 0.0002723575597198421)	(87.0, 0.00016341453583190526)	(88.0, 0.0)	(89.0, 0.0)	(90.0, 0.0)	(91.0, 0.0)	(92.0, 0.0)	(93.0, 0.0)	(94.0, 0.0)	(95.0, 0.0)	(96.0, 5.4471511943968426e-05)	(97.0, 0.00010894302388793685)	(98.0, 5.4471511943968426e-05)	(99.0, 0.0)	(100.0, 0.0)
PID-2861-13_R2	(0.0, 0.0)	(1.0, 0.0)	(2.0, 0.0)	(3.0, 0.0)	(4.0, 5.45460000054546e-05)	(5.0, 5.45460000054546e-05)	(6.0, 5.45460000054546e-05)	(7.0, 0.0001636380000163638)	(8.0, 0.0006545520000654552)	(9.0, 0.0018545640001854566)	(10.0, 0.0036000360003600037)	(11.0, 0.006163698000616369)	(12.0, 0.010472832001047283)	(13.0, 0.020182020002018203)	(14.0, 0.03660036600366003)	(15.0, 0.060382422006038244)	(16.0, 0.08836452000883646)	(17.0, 0.13341951601334195)	(18.0, 0.19227465001922747)	(19.0, 0.2387478420238748)	(20.0, 0.3102576480310258)	(21.0, 0.3930584760393058)	(22.0, 0.4726410900472641)	(23.0, 0.5726239080572624)	(24.0, 0.6872250540687225)	(25.0, 0.83089921808309)	(26.0, 0.9919190100991919)	(27.0, 1.1676116761167612)	(28.0, 1.3831774681383178)	(29.0, 1.6299981181629997)	(30.0, 1.9047463201904746)	(31.0, 2.244949722224495)	(32.0, 2.6344081622634405)	(33.0, 3.053430534305343)	(34.0, 3.5260716243526073)	(35.0, 4.036076724403608)	(36.0, 4.57510029645751)	(37.0, 5.081778090508178)	(38.0, 5.550437322555044)	(39.0, 5.943932166594394)	(40.0, 6.221571306622157)	(41.0, 6.317244990631725)	(42.0, 6.132443142613244)	(43.0, 5.759675778575968)	(44.0, 5.2576343945257635)	(45.0, 4.664555736466455)	(46.0, 4.016385618401638)	(47.0, 3.2958875043295888)	(48.0, 2.6265535382626557)	(49.0, 2.0467841042046784)	(50.0, 1.5432154321543217)	(51.0, 1.1451932701145193)	(52.0, 0.8260991700826099)	(53.0, 0.5942786700594279)	(54.0, 0.4065858840406586)	(55.0, 0.2803664400280367)	(56.0, 0.20296566602029656)	(57.0, 0.1421468760142147)	(58.0, 0.10036464001003648)	(59.0, 0.06987342600698734)	(60.0, 0.05350962600535096)	(61.0, 0.043309524004330954)	(62.0, 0.03572763000357276)	(63.0, 0.02912756400291276)	(64.0, 0.024272970002427296)	(65.0, 0.02160021600216002)	(66.0, 0.016800168001680018)	(67.0, 0.01161829800116183)	(68.0, 0.009436458000943646)	(69.0, 0.008236446000823645)	(70.0, 0.0072000720007200075)	(71.0, 0.0069273420006927345)	(72.0, 0.006000060000600006)	(73.0, 0.005181870000518187)	(74.0, 0.004800048000480005)	(75.0, 0.004418226000441823)	(76.0, 0.004090950000409095)	(77.0, 0.004090950000409095)	(78.0, 0.004418226000441823)	(79.0, 0.0034363980003436394)	(80.0, 0.0027818460002781843)	(81.0, 0.0033273060003327303)	(82.0, 0.002945484000294548)	(83.0, 0.003218214000321821)	(84.0, 0.003981858000398186)	(85.0, 0.003763674000376367)	(86.0, 0.0034363980003436394)	(87.0, 0.003272760000327276)	(88.0, 0.0034909440003490946)	(89.0, 0.003763674000376367)	(90.0, 0.0036000360003600037)	(91.0, 0.00403640400040364)	(92.0, 0.004527318000452732)	(93.0, 0.004309134000430913)	(94.0, 0.004854594000485459)	(95.0, 0.004909140000490914)	(96.0, 0.004363680000436368)	(97.0, 0.00627279000062728)	(98.0, 0.013200132001320013)	(99.0, 0.025800258002580026)	(100.0, 0.1527288000152729)
PID-2861-14_R1	(0.0, 0.0)	(1.0, 0.0)	(2.0, 0.0)	(3.0, 0.0)	(4.0, 5.3969336781614164e-05)	(5.0, 5.3969336781614164e-05)	(6.0, 0.0002698466839080708)	(7.0, 0.0005936627045977557)	(8.0, 0.001025417398850669)	(9.0, 0.0024825894919542515)	(10.0, 0.005019148320690117)	(11.0, 0.006746167097701769)	(12.0, 0.012035162102299957)	(13.0, 0.025419557624140266)	(14.0, 0.04522630422299266)	(15.0, 0.07285860465517911)	(16.0, 0.10497036004023955)	(17.0, 0.14960300155863446)	(18.0, 0.21177567753105395)	(19.0, 0.2679037877839327)	(20.0, 0.3431370432575028)	(21.0, 0.4393643707391209)	(22.0, 0.5340805567908536)	(23.0, 0.6386731314736219)	(24.0, 0.7661487049517945)	(25.0, 0.9089515700759456)	(26.0, 1.0744755259851562)	(27.0, 1.2615872166070126)	(28.0, 1.49387124211508)	(29.0, 1.7742959160323468)	(30.0, 2.0587143208714536)	(31.0, 2.3741111250232065)	(32.0, 2.7694365169485304)	(33.0, 3.214359729376157)	(34.0, 3.6984646803072367)	(35.0, 4.2064780474325705)	(36.0, 4.729656798193538)	(37.0, 5.2553181384464605)	(38.0, 5.660843735023509)	(39.0, 5.982770828925838)	(40.0, 6.201670458912065)	(41.0, 6.211600816879882)	(42.0, 5.992917064240781)	(43.0, 5.583451706078675)	(44.0, 5.089578305190123)	(45.0, 4.505522142539495)	(46.0, 3.837921446550928)	(47.0, 3.1249865076658048)	(48.0, 2.435096475586431)	(49.0, 1.8564372466139636)	(50.0, 1.4138347156679463)	(51.0, 1.0595260196966492)	(52.0, 0.7507134746322529)	(53.0, 0.5260930949471748)	(54.0, 0.3630517285299184)	(55.0, 0.2553289323138166)	(56.0, 0.18867680138852308)	(57.0, 0.13535509664828832)	(58.0, 0.0941225233471351)	(59.0, 0.06427748010690246)	(60.0, 0.04932797381839534)	(61.0, 0.038803953145980584)	(62.0, 0.02984504324023263)	(63.0, 0.023692538847128613)	(64.0, 0.018241635832185587)	(65.0, 0.015111414298851964)	(66.0, 0.013222487511495469)	(67.0, 0.00933669526321925)	(68.0, 0.005774719035632715)	(69.0, 0.0035080068908049204)	(70.0, 0.003184190870115235)	(71.0, 0.003400068217241692)	(72.0, 0.0021587734712645665)	(73.0, 0.0005936627045977557)	(74.0, 0.00010793867356322833)	(75.0, 0.00010793867356322833)	(76.0, 0.00016190801034484246)	(77.0, 0.00016190801034484246)	(78.0, 0.00016190801034484246)	(79.0, 0.00021587734712645665)	(80.0, 0.00016190801034484246)	(81.0, 0.00010793867356322833)	(82.0, 0.00016190801034484246)	(83.0, 0.00016190801034484246)	(84.0, 0.00016190801034484246)	(85.0, 0.00016190801034484246)	(86.0, 0.00021587734712645665)	(87.0, 0.00016190801034484246)	(88.0, 5.3969336781614164e-05)	(89.0, 0.00010793867356322833)	(90.0, 0.00010793867356322833)	(91.0, 5.3969336781614164e-05)	(92.0, 0.0)	(93.0, 5.3969336781614164e-05)	(94.0, 5.3969336781614164e-05)	(95.0, 0.0)	(96.0, 0.0)	(97.0, 0.0)	(98.0, 0.00010793867356322833)	(99.0, 0.00010793867356322833)	(100.0, 0.0)
PID-2861-14_R2	(0.0, 0.0)	(1.0, 0.0)	(2.0, 0.0)	(3.0, 0.0)	(4.0, 0.0)	(5.0, 0.0)	(6.0, 0.0)	(7.0, 0.00032442217706746143)	(8.0, 0.0009732665312023842)	(9.0, 0.0031901514078300375)	(10.0, 0.00508261410739023)	(11.0, 0.007299498984017882)	(12.0, 0.011192565108827419)	(13.0, 0.024656085457127067)	(14.0, 0.04574352696651206)	(15.0, 0.07294091947733423)	(16.0, 0.10711338879510685)	(17.0, 0.15604706716944894)	(18.0, 0.20919823384566802)	(19.0, 0.2629441745131775)	(20.0, 0.34615846293098135)	(21.0, 0.4319681287653249)	(22.0, 0.5319442296649476)	(23.0, 0.6405715886197025)	(24.0, 0.7539571395047804)	(25.0, 0.8959459123346394)	(26.0, 1.0636181075156723)	(27.0, 1.2593528210130407)	(28.0, 1.4846099526235481)	(29.0, 1.7281428668755225)	(30.0, 2.025692073609229)	(31.0, 2.398885717962499)	(32.0, 2.7790544391227194)	(33.0, 3.217673222517927)	(34.0, 3.7041983473934303)	(35.0, 4.17899020353166)	(36.0, 4.689252217695932)	(37.0, 5.21411322982824)	(38.0, 5.621046780596526)	(39.0, 5.9200018167641915)	(40.0, 6.1577492021917966)	(41.0, 6.176024984833263)	(42.0, 5.949199812700263)	(43.0, 5.577790490320864)	(44.0, 5.059255710641372)	(45.0, 4.466752674590499)	(46.0, 3.8012005783366014)	(47.0, 3.072818720457305)	(48.0, 2.4402495455386)	(49.0, 1.8961935545964677)	(50.0, 1.4263761718399386)	(51.0, 1.0519929795040883)	(52.0, 0.756444376195631)	(53.0, 0.541730965339816)	(54.0, 0.3753023885042083)	(55.0, 0.26207904870766424)	(56.0, 0.1951940098689226)	(57.0, 0.14177249137848064)	(58.0, 0.10354474484736477)	(59.0, 0.07504966362827274)	(60.0, 0.056990162438184055)	(61.0, 0.04650051204633614)	(62.0, 0.03779518362835926)	(63.0, 0.031036388272787145)	(64.0, 0.026278196342464373)	(65.0, 0.022276989491965684)	(66.0, 0.020222315703871764)	(67.0, 0.018329853004311572)	(68.0, 0.014220505428123725)	(69.0, 0.009137891320733496)	(70.0, 0.006866936081261267)	(71.0, 0.007461710072551612)	(72.0, 0.007461710072551612)	(73.0, 0.005893669550058883)	(74.0, 0.004920403018856498)	(75.0, 0.004595980841789036)	(76.0, 0.004217488301876998)	(77.0, 0.0038389957619649603)	(78.0, 0.0042715586647215755)	(79.0, 0.004595980841789036)	(80.0, 0.00454191047894446)	(81.0, 0.004001206850498691)	(82.0, 0.0036767846734312294)	(83.0, 0.0036227143105866523)	(84.0, 0.00437969939041073)	(85.0, 0.004812262293167345)	(86.0, 0.004974473381701075)	(87.0, 0.005244825195923959)	(88.0, 0.004055277213343268)	(89.0, 0.0034605032220529222)	(90.0, 0.004001206850498691)	(91.0, 0.004217488301876998)	(92.0, 0.0046500512046336135)	(93.0, 0.004704121567478191)	(94.0, 0.004866332656011921)	(95.0, 0.00610995100143719)	(96.0, 0.007029147169794998)	(97.0, 0.009354172772111804)	(98.0, 0.01665367175612969)	(99.0, 0.03168523262692207)	(100.0, 0.20844124876584397)
PID-2861-15_R1	(0.0, 0.0)	(1.0, 0.0)	(2.0, 0.0)	(3.0, 0.0)	(4.0, 0.0)	(5.0, 0.0)	(6.0, 0.0004948065108619924)	(7.0, 0.0014844195325859775)	(8.0, 0.0016823421369307747)	(9.0, 0.0032657229716891506)	(10.0, 0.0066304072455507)	(11.0, 0.009599246310722656)	(12.0, 0.01662549876496295)	(13.0, 0.028302932421305972)	(14.0, 0.04037621128633859)	(15.0, 0.06353315599467985)	(16.0, 0.0927267401355374)	(17.0, 0.14121777820001266)	(18.0, 0.1976257204382798)	(19.0, 0.2385956995376528)	(20.0, 0.31934812211033)	(21.0, 0.42780970929127876)	(22.0, 0.5311253087592628)	(23.0, 0.6389931281271771)	(24.0, 0.7876330039901198)	(25.0, 0.9503253847615429)	(26.0, 1.1129188042307936)	(27.0, 1.2720485781240103)	(28.0, 1.4632418139210843)	(29.0, 1.7441929507885237)	(30.0, 2.065520298942302)	(31.0, 2.405056526695801)	(32.0, 2.7674528152511244)	(33.0, 3.1633969852428905)	(34.0, 3.5633985686237253)	(35.0, 4.001203369434416)	(36.0, 4.451774178225347)	(37.0, 4.890766514662107)	(38.0, 5.2795854708974606)	(39.0, 5.637231616948508)	(40.0, 5.882655646336056)	(41.0, 5.926396541896257)	(42.0, 5.746188010640319)	(43.0, 5.395963962252201)	(44.0, 4.939257552726581)	(45.0, 4.408726011780353)	(46.0, 3.8255470580784086)	(47.0, 3.164782443473304)	(48.0, 2.572499049971499)	(49.0, 2.0809582620811957)	(50.0, 1.7012437456457026)	(51.0, 1.3698223446703401)	(52.0, 1.0638339983532838)	(53.0, 0.8293946735068719)	(54.0, 0.6078203179428716)	(55.0, 0.46472227500158336)	(56.0, 0.3761519095572867)	(57.0, 0.2785760656153018)	(58.0, 0.20702704414465767)	(59.0, 0.16249445816707836)	(60.0, 0.14299908163911584)	(61.0, 0.11439926531129267)	(62.0, 0.08827348153777946)	(63.0, 0.07065836975109253)	(64.0, 0.062444581670783456)	(65.0, 0.056407942238267145)	(66.0, 0.04393881816454494)	(67.0, 0.03374580404078789)	(68.0, 0.022167331686617265)	(69.0, 0.012271201469377414)	(70.0, 0.011083665843308632)	(71.0, 0.010390936728101843)	(72.0, 0.006927291152067895)	(73.0, 0.002177148647792767)	(74.0, 0.0008906517195515865)	(75.0, 0.0002968839065171955)	(76.0, 0.0002968839065171955)	(77.0, 0.000395845208689594)	(78.0, 0.0002968839065171955)	(79.0, 9.89613021723985e-05)	(80.0, 0.0)	(81.0, 9.89613021723985e-05)	(82.0, 9.89613021723985e-05)	(83.0, 0.0)	(84.0, 0.000197922604344797)	(85.0, 0.000197922604344797)	(86.0, 0.0)	(87.0, 0.0)	(88.0, 0.0)	(89.0, 0.0)	(90.0, 0.0)	(91.0, 0.0)	(92.0, 0.0)	(93.0, 0.0)	(94.0, 0.0)	(95.0, 0.0)	(96.0, 0.0)	(97.0, 0.0)	(98.0, 0.0)	(99.0, 0.0)	(100.0, 0.0)
PID-2861-15_R2	(0.0, 0.0)	(1.0, 0.0)	(2.0, 0.0)	(3.0, 0.0)	(4.0, 0.0)	(5.0, 0.0)	(6.0, 0.0003962389003578037)	(7.0, 0.0009905972508945093)	(8.0, 0.0009905972508945093)	(9.0, 0.0038633292784885863)	(10.0, 0.007033240481351016)	(11.0, 0.007726658556977173)	(12.0, 0.01367024206234423)	(13.0, 0.0268451854992412)	(14.0, 0.04011918866122763)	(15.0, 0.0641907018579642)	(16.0, 0.09668229168730412)	(17.0, 0.1453206167062245)	(18.0, 0.20297337670828497)	(19.0, 0.2452718793214805)	(20.0, 0.31709018001133243)	(21.0, 0.4218953691559715)	(22.0, 0.5263043194002528)	(23.0, 0.6321001057957863)	(24.0, 0.7846520824335408)	(25.0, 0.9452278968035408)	(26.0, 1.097086455365669)	(27.0, 1.2733137062998021)	(28.0, 1.481933487338186)	(29.0, 1.7409746684471001)	(30.0, 2.0431068299699255)	(31.0, 2.398830302766144)	(32.0, 2.7778328109583827)	(33.0, 3.152674810696866)	(34.0, 3.5598102808145087)	(35.0, 3.9974561462597027)	(36.0, 4.480966664421313)	(37.0, 4.9616044505553285)	(38.0, 5.280873944518629)	(39.0, 5.575477566934657)	(40.0, 5.862948889144243)	(41.0, 5.892171508045631)	(42.0, 5.684443264533052)	(43.0, 5.351305409057229)	(44.0, 4.910192453233904)	(45.0, 4.424502621120325)	(46.0, 3.828262135806921)	(47.0, 3.136627135232374)	(48.0, 2.5240417952792096)	(49.0, 2.0439983674957305)	(50.0, 1.6949118962805054)	(51.0, 1.3526605460964525)	(52.0, 1.0418111287657554)	(53.0, 0.8116953873829609)	(54.0, 0.5993113367911781)	(55.0, 0.4868785488146513)	(56.0, 0.4060458131416594)	(57.0, 0.29925942949523127)	(58.0, 0.2238749787021591)	(59.0, 0.17692066900975936)	(60.0, 0.14304224302916715)	(61.0, 0.1061920252958914)	(62.0, 0.09311614158408388)	(63.0, 0.08509230385183836)	(64.0, 0.06706343388555829)	(65.0, 0.05596874467553978)	(66.0, 0.044081577664805666)	(67.0, 0.03199629120389265)	(68.0, 0.02436869237200493)	(69.0, 0.018524168591727324)	(70.0, 0.016542974089938305)	(71.0, 0.015552376839043798)	(72.0, 0.011094689210018504)	(73.0, 0.005943583505367056)	(74.0, 0.0043586279039358414)	(75.0, 0.0035661501032202337)	(76.0, 0.0030708514777729786)	(77.0, 0.0023774334021468223)	(78.0, 0.0022783736770573713)	(79.0, 0.002971791752683528)	(80.0, 0.0037642695533991353)	(81.0, 0.003962389003578037)	(82.0, 0.0034670903781307827)	(83.0, 0.002872732027594077)	(84.0, 0.0025755528523257244)	(85.0, 0.0025755528523257244)	(86.0, 0.0025755528523257244)	(87.0, 0.0031699112028624296)	(88.0, 0.002971791752683528)	(89.0, 0.0024764931272362734)	(90.0, 0.0031699112028624296)	(91.0, 0.002773672302504626)	(92.0, 0.0019811945017890187)	(93.0, 0.003268970927951881)	(94.0, 0.004457687629025292)	(95.0, 0.0043586279039358414)	(96.0, 0.004655807079204194)	(97.0, 0.005844523780277605)	(98.0, 0.010302211409302897)	(99.0, 0.020901601993874145)	(100.0, 0.11352244495251076)
PID-2861-16_R1	(0.0, 0.0)	(1.0, 0.0)	(2.0, 0.0)	(3.0, 0.0)	(4.0, 0.0)	(5.0, 6.843315449468958e-05)	(6.0, 0.00047903208146282716)	(7.0, 0.0006843315449468959)	(8.0, 0.0007527646994415854)	(9.0, 0.002668893025292894)	(10.0, 0.005816818132048615)	(11.0, 0.008691010620825577)	(12.0, 0.014713128216358262)	(13.0, 0.029905288514179347)	(14.0, 0.047561042373809266)	(15.0, 0.07992992444979743)	(16.0, 0.1149676995510785)	(17.0, 0.162255009306909)	(18.0, 0.22432388043359244)	(19.0, 0.272706120661338)	(20.0, 0.3503777510128107)	(21.0, 0.447963429322238)	(22.0, 0.540553487353553)	(23.0, 0.6501834008540458)	(24.0, 0.7784955655315887)	(25.0, 0.9139932114310741)	(26.0, 1.0896611190189425)	(27.0, 1.3020091974159642)	(28.0, 1.5411146392204094)	(29.0, 1.796507171794591)	(30.0, 2.095902222708858)	(31.0, 2.4628407971093838)	(32.0, 2.863311617212307)	(33.0, 3.303815832694624)	(34.0, 3.777167962334392)	(35.0, 4.291990583597941)	(36.0, 4.829533012153728)	(37.0, 5.343671301872331)	(38.0, 5.793961458447389)	(39.0, 6.104579546698784)	(40.0, 6.283942844629366)	(41.0, 6.273472571991679)	(42.0, 6.046479798532793)	(43.0, 5.634512208474762)	(44.0, 5.0782875287419245)	(45.0, 4.448634074236286)	(46.0, 3.7341919413117264)	(47.0, 2.9669878462717616)	(48.0, 2.278002846819227)	(49.0, 1.7282793167633856)	(50.0, 1.2824373152304829)	(51.0, 0.9269955107850651)	(52.0, 0.649909668236067)	(53.0, 0.44180444541771596)	(54.0, 0.2858452863243184)	(55.0, 0.19346052775648745)	(56.0, 0.13720847476185263)	(57.0, 0.09512208474761853)	(58.0, 0.0630269352896091)	(59.0, 0.04619237928391547)	(60.0, 0.03866473228949962)	(61.0, 0.029015657505748384)	(62.0, 0.021761743129311287)	(63.0, 0.017861053323113982)	(64.0, 0.01300229935399102)	(65.0, 0.010812438410160954)	(66.0, 0.010264973174203438)	(67.0, 0.006706449140479579)	(68.0, 0.004105989269681375)	(69.0, 0.002463593561808825)	(70.0, 0.0016423957078725501)	(71.0, 0.0013686630898937918)	(72.0, 0.0011633636264097229)	(73.0, 0.0008211978539362751)	(74.0, 0.00047903208146282716)	(75.0, 0.00034216577247344796)	(76.0, 0.00034216577247344796)	(77.0, 0.00013686630898937917)	(78.0, 0.0)	(79.0, 0.0)	(80.0, 6.843315449468958e-05)	(81.0, 6.843315449468958e-05)	(82.0, 6.843315449468958e-05)	(83.0, 0.00013686630898937917)	(84.0, 6.843315449468958e-05)	(85.0, 6.843315449468958e-05)	(86.0, 6.843315449468958e-05)	(87.0, 0.0)	(88.0, 0.0)	(89.0, 0.0)	(90.0, 0.0)	(91.0, 0.0)	(92.0, 0.0)	(93.0, 6.843315449468958e-05)	(94.0, 0.00013686630898937917)	(95.0, 6.843315449468958e-05)	(96.0, 6.843315449468958e-05)	(97.0, 6.843315449468958e-05)	(98.0, 0.0)	(99.0, 6.843315449468958e-05)	(100.0, 6.843315449468958e-05)
PID-2861-16_R2	(0.0, 0.0)	(1.0, 0.0)	(2.0, 0.0)	(3.0, 0.0)	(4.0, 0.0)	(5.0, 0.0)	(6.0, 0.0002054672084608657)	(7.0, 0.0002054672084608657)	(8.0, 0.0002054672084608657)	(9.0, 0.001780715806660836)	(10.0, 0.00445178951665209)	(11.0, 0.008561133685869403)	(12.0, 0.014451193661747552)	(13.0, 0.028217496628625556)	(14.0, 0.049517597239068636)	(15.0, 0.0772556703812855)	(16.0, 0.11417127883475438)	(17.0, 0.16430527769920558)	(18.0, 0.21800070817697847)	(19.0, 0.2776546877001165)	(20.0, 0.36353998083675837)	(21.0, 0.4566851153390175)	(22.0, 0.5481865121735896)	(23.0, 0.6441396985248139)	(24.0, 0.7768030261210462)	(25.0, 0.9327526373428433)	(26.0, 1.0971264041115358)	(27.0, 1.3106068337023753)	(28.0, 1.5484008829610838)	(29.0, 1.806399207718444)	(30.0, 2.112819304603082)	(31.0, 2.4792358263582925)	(32.0, 2.8860608991108063)	(33.0, 3.3033647994948248)	(34.0, 3.775596933607381)	(35.0, 4.310222610022554)	(36.0, 4.837588445072108)	(37.0, 5.3245457291243605)	(38.0, 5.746917820650413)	(39.0, 6.063542788888608)	(40.0, 6.238463872358291)	(41.0, 6.230245184019856)	(42.0, 6.011628074217495)	(43.0, 5.5761060813499475)	(44.0, 5.002715591605158)	(45.0, 4.388985039932551)	(46.0, 3.6855338072320345)	(47.0, 2.9455094114254834)	(48.0, 2.308150130779878)	(49.0, 1.7539365804914366)	(50.0, 1.2853343670616888)	(51.0, 0.9202191376267304)	(52.0, 0.6483860208330051)	(53.0, 0.4464117549159742)	(54.0, 0.2920373922923771)	(55.0, 0.20437138334907443)	(56.0, 0.14821034636977112)	(57.0, 0.10389791841171109)	(58.0, 0.07657077968641594)	(59.0, 0.05301053978290335)	(60.0, 0.04040855099730359)	(61.0, 0.0347239582298863)	(62.0, 0.02712167151683427)	(63.0, 0.020683698985060478)	(64.0, 0.01582097505148666)	(65.0, 0.013286879480469313)	(66.0, 0.011848609021243255)	(67.0, 0.010341849492530239)	(68.0, 0.008766600894330269)	(69.0, 0.006848906948695522)	(70.0, 0.005479125558956419)	(71.0, 0.004725745794599911)	(72.0, 0.004931213003060777)	(73.0, 0.004794234864086866)	(74.0, 0.003972366030243403)	(75.0, 0.0036984097522955828)	(76.0, 0.003424453474347761)	(77.0, 0.003355964404860806)	(78.0, 0.003424453474347761)	(79.0, 0.003082008126912985)	(80.0, 0.0026025846405042987)	(81.0, 0.002397117432043433)	(82.0, 0.0027395627794782095)	(83.0, 0.0029450299879390748)	(84.0, 0.002123161154095612)	(85.0, 0.0019176939456347463)	(86.0, 0.002123161154095612)	(87.0, 0.0019861830151217015)	(88.0, 0.0019861830151217015)	(89.0, 0.0021916502235825672)	(90.0, 0.0025340955710173437)	(91.0, 0.0026025846405042987)	(92.0, 0.0026025846405042987)	(93.0, 0.002397117432043433)	(94.0, 0.0031504971963999405)	(95.0, 0.003972366030243403)	(96.0, 0.0037668988217825373)	(97.0, 0.004040855099730359)	(98.0, 0.0074653085740781205)	(99.0, 0.015683996912512748)	(100.0, 0.09478887216994604)
PID-2861-17_R1	(0.0, 0.0)	(1.0, 0.0)	(2.0, 0.0)	(3.0, 0.0)	(4.0, 0.0)	(5.0, 0.0)	(6.0, 0.00016341150939943002)	(7.0, 0.00027235251566571674)	(8.0, 0.00027235251566571674)	(9.0, 0.0005991755344645767)	(10.0, 0.001743056100260587)	(11.0, 0.0032137596848554567)	(12.0, 0.005338109307048047)	(13.0, 0.012963979745688116)	(14.0, 0.026853958044639668)	(15.0, 0.047116985210168986)	(16.0, 0.07484247130493896)	(17.0, 0.11210029544800898)	(18.0, 0.16188633531170202)	(19.0, 0.21967953913596708)	(20.0, 0.2827019112610139)	(21.0, 0.3596142616850123)	(22.0, 0.46120175002832464)	(23.0, 0.5754808656016593)	(24.0, 0.6833324618052832)	(25.0, 0.8057276823454563)	(26.0, 0.9889119843822174)	(27.0, 1.1895813179247174)	(28.0, 1.4217346022781745)	(29.0, 1.6835743108391945)	(30.0, 1.9762987946767068)	(31.0, 2.357156552583645)	(32.0, 2.8073007904759413)	(33.0, 3.2938857949643108)	(34.0, 3.8029671172466686)	(35.0, 4.360745069330056)	(36.0, 4.964387185051551)	(37.0, 5.487685308651659)	(38.0, 5.905092774160936)	(39.0, 6.236164492204182)	(40.0, 6.412812333864966)	(41.0, 6.399303649087947)	(42.0, 6.158652966245719)	(43.0, 5.731386339669342)	(44.0, 5.177911557333473)	(45.0, 4.517565647850376)	(46.0, 3.7804707994526803)	(47.0, 3.0331899669690867)	(48.0, 2.358681726671373)	(49.0, 1.7957835472934698)	(50.0, 1.329679451983162)	(51.0, 0.9520354537610792)	(52.0, 0.6609450850175613)	(53.0, 0.4571164622933389)	(54.0, 0.29844388666649235)	(55.0, 0.193424756625792)	(56.0, 0.13819166644878464)	(57.0, 0.09123809274801509)	(58.0, 0.0580655563399308)	(59.0, 0.03976346728719464)	(60.0, 0.03034007024516084)	(61.0, 0.022115024272056198)	(62.0, 0.014707035845948702)	(63.0, 0.009423397042033798)	(64.0, 0.006754342388509775)	(65.0, 0.004956815785116044)	(66.0, 0.004684463269450327)	(67.0, 0.003812935219320034)	(68.0, 0.001906467609660017)	(69.0, 0.0011983510689291535)	(70.0, 0.0010349395595297235)	(71.0, 0.0008715280501302935)	(72.0, 0.0005447050313314335)	(73.0, 0.00027235251566571674)	(74.0, 0.00032682301879886005)	(75.0, 0.00027235251566571674)	(76.0, 0.00010894100626628668)	(77.0, 0.00010894100626628668)	(78.0, 0.00010894100626628668)	(79.0, 0.00016341150939943002)	(80.0, 0.00021788201253257337)	(81.0, 5.447050313314334e-05)	(82.0, 0.00016341150939943002)	(83.0, 0.00021788201253257337)	(84.0, 0.00010894100626628668)	(85.0, 5.447050313314334e-05)	(86.0, 0.0)	(87.0, 0.0)	(88.0, 0.0)	(89.0, 0.0)	(90.0, 0.0)	(91.0, 0.0)	(92.0, 0.0)	(93.0, 0.0)	(94.0, 0.0)	(95.0, 0.0)	(96.0, 0.0)	(97.0, 0.0)	(98.0, 0.00010894100626628668)	(99.0, 0.00010894100626628668)	(100.0, 0.0)
PID-2861-17_R2	(0.0, 0.00010911033072977899)	(1.0, 5.4555165364889495e-05)	(2.0, 0.0)	(3.0, 0.0)	(4.0, 5.4555165364889495e-05)	(5.0, 0.00010911033072977899)	(6.0, 5.4555165364889495e-05)	(7.0, 5.4555165364889495e-05)	(8.0, 0.0001636654960946685)	(9.0, 0.0007092171497435635)	(10.0, 0.0017457652916764638)	(11.0, 0.0026732031028795854)	(12.0, 0.005510071701853839)	(13.0, 0.013093239687573477)	(14.0, 0.02394971759518649)	(15.0, 0.04168014633877558)	(16.0, 0.06895772902122033)	(17.0, 0.10381847968938471)	(18.0, 0.15117236322610877)	(19.0, 0.21052838314310857)	(20.0, 0.2840687460549796)	(21.0, 0.3650286114564756)	(22.0, 0.46360979527083096)	(23.0, 0.5616454274315373)	(24.0, 0.6747382852329533)	(25.0, 0.8152723912129086)	(26.0, 0.9704818366760192)	(27.0, 1.1744090448099762)	(28.0, 1.414288106919395)	(29.0, 1.687882261224316)	(30.0, 2.0065389821206354)	(31.0, 2.373367914034153)	(32.0, 2.8202292735379624)	(33.0, 3.278983659091318)	(34.0, 3.768889044068026)	(35.0, 4.340627177092068)	(36.0, 4.945316629996503)	(37.0, 5.483339670825043)	(38.0, 5.917489676798834)	(39.0, 6.224526147472432)	(40.0, 6.366860573909429)	(41.0, 6.355403989182802)	(42.0, 6.121198664271331)	(43.0, 5.697959691370519)	(44.0, 5.1262761135118415)	(45.0, 4.484543703324646)	(46.0, 3.7776178705264085)	(47.0, 3.0305394360196116)	(48.0, 2.37211314523076)	(49.0, 1.7987929124111364)	(50.0, 1.3190893433576631)	(51.0, 0.9511693081368483)	(52.0, 0.6661731242706657)	(53.0, 0.4578269477421526)	(54.0, 0.29885319586886466)	(55.0, 0.1967804814711564)	(56.0, 0.14118876796433402)	(57.0, 0.09650808753048952)	(58.0, 0.06732107406027364)	(59.0, 0.04762665936354853)	(60.0, 0.03507897132962395)	(61.0, 0.024331603752740714)	(62.0, 0.018112314901143314)	(63.0, 0.014893560144614834)	(64.0, 0.011729360553451241)	(65.0, 0.009165267781301436)	(66.0, 0.008783381623747208)	(67.0, 0.007855943812544088)	(68.0, 0.0065466198437867384)	(69.0, 0.005510071701853839)	(70.0, 0.004528078725285828)	(71.0, 0.0040916374023667115)	(72.0, 0.004909964882840055)	(73.0, 0.004146192567731602)	(74.0, 0.002836868598974254)	(75.0, 0.0033278650872582594)	(76.0, 0.0029459789297040326)	(77.0, 0.0029459789297040326)	(78.0, 0.003382420252623149)	(79.0, 0.0032733099218933692)	(80.0, 0.003436975417988038)	(81.0, 0.0031641995911635907)	(82.0, 0.0032733099218933692)	(83.0, 0.0028914237643391434)	(84.0, 0.0024004272760551376)	(85.0, 0.002836868598974254)	(86.0, 0.0032187547565284804)	(87.0, 0.002618647937514696)	(88.0, 0.002073096283865801)	(89.0, 0.0024549824414200274)	(90.0, 0.0025640927721498064)	(91.0, 0.0030550892604338117)	(92.0, 0.0031096444257987014)	(93.0, 0.0032733099218933692)	(94.0, 0.0036006409140827067)	(95.0, 0.003436975417988038)	(96.0, 0.004364413229191159)	(97.0, 0.006110178520867623)	(98.0, 0.00954715393885566)	(99.0, 0.018057759735778424)	(100.0, 0.16710247151265653)
PID-2861-18_R1	(0.0, 0.0)	(1.0, 0.0)	(2.0, 0.0)	(3.0, 0.0)	(4.0, 0.0)	(5.0, 0.0)	(6.0, 0.0)	(7.0, 0.0002534371141419937)	(8.0, 0.0006589364967691837)	(9.0, 0.0014699352620235636)	(10.0, 0.002078184335964348)	(11.0, 0.004916680014354678)	(12.0, 0.008363424766685792)	(13.0, 0.017537848298625966)	(14.0, 0.03304819968411598)	(15.0, 0.05763159975588938)	(16.0, 0.08991948809757937)	(17.0, 0.13391617111262946)	(18.0, 0.19088883437174967)	(19.0, 0.24537781391227834)	(20.0, 0.31162627554899547)	(21.0, 0.3921179030004927)	(22.0, 0.48629513461565754)	(23.0, 0.5838684235603252)	(24.0, 0.699790559568873)	(25.0, 0.8361397269772657)	(26.0, 1.0003162895184492)	(27.0, 1.1986054876231451)	(28.0, 1.4268002651965963)	(29.0, 1.7150089513988716)	(30.0, 2.0352520888286945)	(31.0, 2.406334711355402)	(32.0, 2.8534991555475355)	(33.0, 3.3264128105364956)	(34.0, 3.8009991504787934)	(35.0, 4.362260983457652)	(36.0, 4.968482560485302)	(37.0, 5.48133790466304)	(38.0, 5.873810619623332)	(39.0, 6.148587138776081)	(40.0, 6.3582303195943375)	(41.0, 6.3676074928175925)	(42.0, 6.113663504447314)	(43.0, 5.689409775373617)	(44.0, 5.122166826501006)	(45.0, 4.462875517772024)	(46.0, 3.7404276801988567)	(47.0, 2.9982624351454423)	(48.0, 2.335473694241301)	(49.0, 1.791851084406724)	(50.0, 1.3316599725476919)	(51.0, 0.9495274918443937)	(52.0, 0.6595447458431244)	(53.0, 0.4496481279107252)	(54.0, 0.2947980511699671)	(55.0, 0.19550138984913398)	(56.0, 0.13254761069626272)	(57.0, 0.09361966996405248)	(58.0, 0.06634983648237396)	(59.0, 0.044503557243334095)	(60.0, 0.03157826442209242)	(61.0, 0.022049028930353452)	(62.0, 0.013888353854981257)	(63.0, 0.00968129776022416)	(64.0, 0.0071976140416326224)	(65.0, 0.005981115893751052)	(66.0, 0.005018054860011475)	(67.0, 0.003446744752331115)	(68.0, 0.0020274969131359494)	(69.0, 0.0012164981478815697)	(70.0, 0.0013685604163667662)	(71.0, 0.0015206226848519624)	(72.0, 0.0011658107250531711)	(73.0, 0.0005068742282839873)	(74.0, 5.068742282839874e-05)	(75.0, 0.0)	(76.0, 5.068742282839874e-05)	(77.0, 0.00015206226848519622)	(78.0, 0.00010137484565679749)	(79.0, 5.068742282839874e-05)	(80.0, 0.00015206226848519622)	(81.0, 0.00010137484565679749)	(82.0, 0.00010137484565679749)	(83.0, 0.00010137484565679749)	(84.0, 5.068742282839874e-05)	(85.0, 0.00010137484565679749)	(86.0, 0.00015206226848519622)	(87.0, 0.00010137484565679749)	(88.0, 0.0)	(89.0, 0.0)	(90.0, 5.068742282839874e-05)	(91.0, 5.068742282839874e-05)	(92.0, 0.00010137484565679749)	(93.0, 0.00015206226848519622)	(94.0, 5.068742282839874e-05)	(95.0, 0.0)	(96.0, 0.0)	(97.0, 0.0)	(98.0, 0.00010137484565679749)	(99.0, 0.00020274969131359497)	(100.0, 0.00010137484565679749)
PID-2861-18_R2	(0.0, 0.0)	(1.0, 0.0)	(2.0, 5.076649796959391e-05)	(3.0, 5.076649796959391e-05)	(4.0, 0.0)	(5.0, 0.0)	(6.0, 5.076649796959391e-05)	(7.0, 0.00015229949390878174)	(8.0, 0.0005076649796959392)	(9.0, 0.0011168629553310661)	(10.0, 0.0020814264167533505)	(11.0, 0.004112086335537107)	(12.0, 0.007158076213712742)	(13.0, 0.01634681234620924)	(14.0, 0.031779827728965794)	(15.0, 0.0558939142645229)	(16.0, 0.08960286891633326)	(17.0, 0.1312313972514003)	(18.0, 0.18281015918850768)	(19.0, 0.23489658610531106)	(20.0, 0.3045989878175635)	(21.0, 0.38897290744302854)	(22.0, 0.4795911063187537)	(23.0, 0.5818855997274854)	(24.0, 0.7033190628707541)	(25.0, 0.8463282876511001)	(26.0, 1.0005569084827264)	(27.0, 1.19763245360069)	(28.0, 1.432275207216153)	(29.0, 1.6888998544524505)	(30.0, 2.00141841595327)	(31.0, 2.3974478666140726)	(32.0, 2.8394717644353267)	(33.0, 3.2950503172144625)	(34.0, 3.7809872357794156)	(35.0, 4.323528799580465)	(36.0, 4.924401069548579)	(37.0, 5.4434377447897075)	(38.0, 5.8278924339134415)	(39.0, 6.1423908888350764)	(40.0, 6.320428997214441)	(41.0, 6.293979651772284)	(42.0, 6.068677933783226)	(43.0, 5.664272010957442)	(44.0, 5.104063705862972)	(45.0, 4.498977816563382)	(46.0, 3.7940849922555704)	(47.0, 3.010199497107071)	(48.0, 2.3374418660140126)	(49.0, 1.7833763071738646)	(50.0, 1.337392622510982)	(51.0, 0.9749198270080816)	(52.0, 0.6761082199590518)	(53.0, 0.45765997919588913)	(54.0, 0.30079150046984393)	(55.0, 0.198395474065173)	(56.0, 0.14138469684531904)	(57.0, 0.10422362033157631)	(58.0, 0.07680971142799559)	(59.0, 0.05330482286807361)	(60.0, 0.039191736432526506)	(61.0, 0.02913996983454691)	(62.0, 0.022134193114742948)	(63.0, 0.015128416394938985)	(64.0, 0.010965563561432285)	(65.0, 0.011727061030976194)	(66.0, 0.010965563561432285)	(67.0, 0.007818040687317462)	(68.0, 0.005990446760412081)	(69.0, 0.0054320152827465485)	(70.0, 0.005076649796959392)	(71.0, 0.004873583805081016)	(72.0, 0.004619751315233046)	(73.0, 0.00375672084974995)	(74.0, 0.0038582538456891375)	(75.0, 0.003553654857871574)	(76.0, 0.002792157388327665)	(77.0, 0.002792157388327665)	(78.0, 0.003147522874114823)	(79.0, 0.003045989878175635)	(80.0, 0.0025890913964492896)	(81.0, 0.0026398578944188834)	(82.0, 0.0034013553639627926)	(83.0, 0.0030967563761452287)	(84.0, 0.002690624392388477)	(85.0, 0.002944456882236447)	(86.0, 0.002944456882236447)	(87.0, 0.002792157388327665)	(88.0, 0.002944456882236447)	(89.0, 0.0029952233802060407)	(90.0, 0.003147522874114823)	(91.0, 0.002893690384266853)	(92.0, 0.0029952233802060407)	(93.0, 0.003553654857871574)	(94.0, 0.00350288835990198)	(95.0, 0.00375672084974995)	(96.0, 0.0038582538456891375)	(97.0, 0.004924350303050609)	(98.0, 0.008579538156861372)	(99.0, 0.015636081374634923)	(100.0, 0.1676817427935687)
PID-2861-19_R1	(0.0, 0.0)	(1.0, 0.0)	(2.0, 0.0)	(3.0, 0.0)	(4.0, 0.0)	(5.0, 0.0)	(6.0, 8.903997984134857e-05)	(7.0, 0.00013355996976202285)	(8.0, 0.00017807995968269715)	(9.0, 0.0008013598185721371)	(10.0, 0.002537639425478434)	(11.0, 0.004318439022305406)	(12.0, 0.0057875986896876565)	(13.0, 0.012821757097154194)	(14.0, 0.026622953972563222)	(15.0, 0.04683502939654935)	(16.0, 0.07902298210919685)	(17.0, 0.12763881110257316)	(18.0, 0.18493603813048098)	(19.0, 0.2384935860050521)	(20.0, 0.2957908130329599)	(21.0, 0.3727213556158851)	(22.0, 0.4749392524737533)	(23.0, 0.5889994666505207)	(24.0, 0.7153026780554737)	(25.0, 0.8444551688153498)	(26.0, 0.9976039341424693)	(27.0, 1.1931357298740708)	(28.0, 1.434478595234046)	(29.0, 1.7251050894362079)	(30.0, 2.0450257370061733)	(31.0, 2.4307469296788953)	(32.0, 2.916816179632817)	(33.0, 3.3804473546667193)	(34.0, 3.8288081731578294)	(35.0, 4.403739322993417)	(36.0, 5.0149097446244335)	(37.0, 5.5076569930664565)	(38.0, 5.904775303158871)	(39.0, 6.190771718409283)	(40.0, 6.33773220513743)	(41.0, 6.30086965348311)	(42.0, 6.069721865814969)	(43.0, 5.658000999028574)	(44.0, 5.095624486350616)	(45.0, 4.444831273690199)	(46.0, 3.713545919253204)	(47.0, 2.9752709263986623)	(48.0, 2.330888592286823)	(49.0, 1.7865426755267384)	(50.0, 1.315966382065211)	(51.0, 0.943378586419088)	(52.0, 0.6560020514811356)	(53.0, 0.45049777800730306)	(54.0, 0.2977496925894696)	(55.0, 0.19633315555017358)	(56.0, 0.1339606496713089)	(57.0, 0.09344745884349531)	(58.0, 0.06482110532450175)	(59.0, 0.045143269779563726)	(60.0, 0.03160919284367874)	(61.0, 0.01860935578684185)	(62.0, 0.010818357550723851)	(63.0, 0.007523878296593954)	(64.0, 0.005164318830798217)	(65.0, 0.004273919032384731)	(66.0, 0.004140359062622708)	(67.0, 0.0032054392742885485)	(68.0, 0.00186983957666832)	(69.0, 0.0010239597681755085)	(70.0, 0.0008903997984134857)	(71.0, 0.0004897198891274171)	(72.0, 0.00044519989920674283)	(73.0, 0.00040067990928606856)	(74.0, 0.00013355996976202285)	(75.0, 4.451998992067429e-05)	(76.0, 4.451998992067429e-05)	(77.0, 0.00013355996976202285)	(78.0, 0.00022259994960337141)	(79.0, 0.00017807995968269715)	(80.0, 8.903997984134857e-05)	(81.0, 0.00017807995968269715)	(82.0, 0.00031163992944472)	(83.0, 0.00022259994960337141)	(84.0, 0.00013355996976202285)	(85.0, 8.903997984134857e-05)	(86.0, 0.0)	(87.0, 4.451998992067429e-05)	(88.0, 8.903997984134857e-05)	(89.0, 4.451998992067429e-05)	(90.0, 0.0)	(91.0, 0.0)	(92.0, 0.0)	(93.0, 0.0)	(94.0, 0.0)	(95.0, 0.0)	(96.0, 4.451998992067429e-05)	(97.0, 0.0002671199395240457)	(98.0, 0.0003561599193653943)	(99.0, 0.00013355996976202285)	(100.0, 0.0)
PID-2861-19_R2	(0.0, 0.0)	(1.0, 0.0)	(2.0, 0.0)	(3.0, 4.459885559336547e-05)	(4.0, 4.459885559336547e-05)	(5.0, 0.0)	(6.0, 8.919771118673095e-05)	(7.0, 8.919771118673095e-05)	(8.0, 0.00013379656678009643)	(9.0, 0.0008919771118673095)	(10.0, 0.0023191404908550046)	(11.0, 0.0041476935701829885)	(12.0, 0.005619455804764049)	(13.0, 0.011952493299021948)	(14.0, 0.025287551121438226)	(15.0, 0.04620441439472663)	(16.0, 0.08014414350127776)	(17.0, 0.125322784217357)	(18.0, 0.17398013566971873)	(19.0, 0.23432238728754218)	(20.0, 0.30130986838877716)	(21.0, 0.3713746705259543)	(22.0, 0.4724802761561138)	(23.0, 0.5888832892547977)	(24.0, 0.7167036093853831)	(25.0, 0.8426953764366406)	(26.0, 0.9840737486676092)	(27.0, 1.1867309484838617)	(28.0, 1.4313110725578782)	(29.0, 1.7011341488977392)	(30.0, 2.040977428519184)	(31.0, 2.4396465986682783)	(32.0, 2.913108049647446)	(33.0, 3.4020453035175118)	(34.0, 3.851155779342702)	(35.0, 4.384201301394606)	(36.0, 4.993154075666419)	(37.0, 5.513087534173873)	(38.0, 5.900027205301912)	(39.0, 6.1216389187453455)	(40.0, 6.262080715008852)	(41.0, 6.26297269212072)	(42.0, 6.022138871916546)	(43.0, 5.615977094027767)	(44.0, 5.074546987124311)	(45.0, 4.405965542924169)	(46.0, 3.6724035661244936)	(47.0, 2.9558337533058903)	(48.0, 2.309373341480058)	(49.0, 1.7846678054241127)	(50.0, 1.3259239767907556)	(51.0, 0.9542371142756477)	(52.0, 0.6709451835465902)	(53.0, 0.4674406054740636)	(54.0, 0.3104972326410104)	(55.0, 0.20283559523862618)	(56.0, 0.14320692531029655)	(57.0, 0.10199758274202683)	(58.0, 0.07501527510804074)	(59.0, 0.05534717979136655)	(60.0, 0.03906859749978816)	(61.0, 0.0262241270888989)	(62.0, 0.018374728504466573)	(63.0, 0.013825645233943296)	(64.0, 0.01074832419800108)	(65.0, 0.00976714937494704)	(66.0, 0.009677951663760308)	(67.0, 0.007849398584432322)	(68.0, 0.00660063062781809)	(69.0, 0.005485659237983953)	(70.0, 0.004593682126116643)	(71.0, 0.004638280981710009)	(72.0, 0.0041476935701829885)	(73.0, 0.003657106158655969)	(74.0, 0.0036125073030626033)	(75.0, 0.0032557164583156798)	(76.0, 0.0030773210359422176)	(77.0, 0.003478710736282507)	(78.0, 0.003389513025095776)	(79.0, 0.002898925613568756)	(80.0, 0.0024529370576351008)	(81.0, 0.0023191404908550046)	(82.0, 0.003032722180348852)	(83.0, 0.003032722180348852)	(84.0, 0.002765129046788659)	(85.0, 0.0025867336244151974)	(86.0, 0.0020961462128881773)	(87.0, 0.0027205301911952936)	(88.0, 0.0028543267579753903)	(89.0, 0.0024083382020417352)	(90.0, 0.0024975359132284663)	(91.0, 0.0027205301911952936)	(92.0, 0.0032557164583156798)	(93.0, 0.003211117602722314)	(94.0, 0.0032557164583156798)	(95.0, 0.003211117602722314)	(96.0, 0.0035233095918758726)	(97.0, 0.006065444360697704)	(98.0, 0.011015917331561272)	(99.0, 0.020203281583794558)	(100.0, 0.1906601076616374)
PID-2861-1_R1	(0.0, 0.0)	(1.0, 0.0)	(2.0, 0.0)	(3.0, 0.0)	(4.0, 0.0)	(5.0, 0.00015129294954682718)	(6.0, 0.0003530168822759301)	(7.0, 0.000554740815005033)	(8.0, 0.0012103435963746175)	(9.0, 0.0014120675291037204)	(10.0, 0.002370256209566959)	(11.0, 0.006909044695971775)	(12.0, 0.012355590879657553)	(13.0, 0.022038339650654493)	(14.0, 0.03772237542034225)	(15.0, 0.06182838538147004)	(16.0, 0.09319645692084555)	(17.0, 0.13601236164259764)	(18.0, 0.18361920976666593)	(19.0, 0.23289028033574932)	(20.0, 0.3036953807236645)	(21.0, 0.3810060779420931)	(22.0, 0.4637633213442076)	(23.0, 0.5643227018096654)	(24.0, 0.6972083424949619)	(25.0, 0.8458788809163108)	(26.0, 0.9996933796222518)	(27.0, 1.2065612726359467)	(28.0, 1.4230614834374564)	(29.0, 1.6598349494782412)	(30.0, 1.9687751524528623)	(31.0, 2.322145051611068)	(32.0, 2.7457653103421844)	(33.0, 3.242712218620329)	(34.0, 3.790392695979844)	(35.0, 4.406508017517706)	(36.0, 4.969216927865539)	(37.0, 5.467828058588699)	(38.0, 5.921101735430994)	(39.0, 6.255459153929481)	(40.0, 6.438624484847506)	(41.0, 6.3763422206173965)	(42.0, 6.127919197461506)	(43.0, 5.715998926828678)	(44.0, 5.149658985691722)	(45.0, 4.484877765382963)	(46.0, 3.7684552182955535)	(47.0, 3.0492085361499375)	(48.0, 2.3603717368632333)	(49.0, 1.7803145683006978)	(50.0, 1.3097934952100652)	(51.0, 0.9485563626754241)	(52.0, 0.6707825073074495)	(53.0, 0.44949135310362354)	(54.0, 0.29845055847270774)	(55.0, 0.19915195258680685)	(56.0, 0.1409041670112784)	(57.0, 0.09773524540725037)	(58.0, 0.06177795439828777)	(59.0, 0.04024392457945603)	(60.0, 0.027737040750251653)	(61.0, 0.021382736869284907)	(62.0, 0.014978002005135892)	(63.0, 0.009834041720543767)	(64.0, 0.0066568897800603965)	(65.0, 0.004740512419133918)	(66.0, 0.005244822250956676)	(67.0, 0.004690081435951642)	(68.0, 0.002218963260020132)	(69.0, 0.001109481630010066)	(70.0, 0.0013616365459214446)	(71.0, 0.001311205562739169)	(72.0, 0.000907757697280963)	(73.0, 0.0003530168822759301)	(74.0, 0.00010086196636455146)	(75.0, 5.043098318227573e-05)	(76.0, 0.0)	(77.0, 0.0)	(78.0, 0.0)	(79.0, 0.0)	(80.0, 5.043098318227573e-05)	(81.0, 5.043098318227573e-05)	(82.0, 5.043098318227573e-05)	(83.0, 5.043098318227573e-05)	(84.0, 5.043098318227573e-05)	(85.0, 5.043098318227573e-05)	(86.0, 0.00010086196636455146)	(87.0, 0.00010086196636455146)	(88.0, 0.0)	(89.0, 0.0)	(90.0, 0.0)	(91.0, 0.0)	(92.0, 0.00010086196636455146)	(93.0, 0.00010086196636455146)	(94.0, 0.0)	(95.0, 0.0)	(96.0, 0.00015129294954682718)	(97.0, 0.00015129294954682718)	(98.0, 0.0)	(99.0, 5.043098318227573e-05)	(100.0, 5.043098318227573e-05)
PID-2861-1_R2	(0.0, 0.0)	(1.0, 0.0)	(2.0, 0.0)	(3.0, 0.0)	(4.0, 0.0)	(5.0, 5.04910252202671e-05)	(6.0, 0.0001009820504405342)	(7.0, 0.0003029461513216026)	(8.0, 0.0004039282017621368)	(9.0, 0.0008078564035242736)	(10.0, 0.002423569210572821)	(11.0, 0.006967761480396859)	(12.0, 0.013279139632930247)	(13.0, 0.023074398525662065)	(14.0, 0.0388275983943854)	(15.0, 0.06780944687081872)	(16.0, 0.10032566711267073)	(17.0, 0.132892378379743)	(18.0, 0.1774254626240186)	(19.0, 0.23301608139153265)	(20.0, 0.2927974552523289)	(21.0, 0.3678776097548661)	(22.0, 0.4602761859079548)	(23.0, 0.5637322965842821)	(24.0, 0.6950089621569766)	(25.0, 0.8456236903890333)	(26.0, 0.9989649339829845)	(27.0, 1.1952235490141627)	(28.0, 1.40829567544369)	(29.0, 1.6451490747519628)	(30.0, 1.9673323066824873)	(31.0, 2.3269293883012296)	(32.0, 2.7381787887203046)	(33.0, 3.221579864179142)	(34.0, 3.7462321072429376)	(35.0, 4.357072530357729)	(36.0, 4.951200424124612)	(37.0, 5.434248062406907)	(38.0, 5.87513569463028)	(39.0, 6.213829491807831)	(40.0, 6.381712150665219)	(41.0, 6.348388074019843)	(42.0, 6.107949811920931)	(43.0, 5.695286662795688)	(44.0, 5.153366489106561)	(45.0, 4.496326777915225)	(46.0, 3.7662265532301635)	(47.0, 3.0378935144278105)	(48.0, 2.3633839085102624)	(49.0, 1.7819292620736664)	(50.0, 1.3067077327005123)	(51.0, 0.955946580495317)	(52.0, 0.6812754032970639)	(53.0, 0.4694150614728232)	(54.0, 0.32142586655222033)	(55.0, 0.21665698922016613)	(56.0, 0.1480901769710434)	(57.0, 0.09901290045694376)	(58.0, 0.0704349801822726)	(59.0, 0.050642498295927894)	(60.0, 0.03680795738557471)	(61.0, 0.028981848476433314)	(62.0, 0.02282194339956073)	(63.0, 0.017722349852313753)	(64.0, 0.014389942187776122)	(65.0, 0.010199187094493953)	(66.0, 0.00817954608568327)	(67.0, 0.00939133069096968)	(68.0, 0.008381510186564339)	(69.0, 0.005755976875110449)	(70.0, 0.004645174320264573)	(71.0, 0.004594683295044306)	(72.0, 0.005453030723788847)	(73.0, 0.005453030723788847)	(74.0, 0.004544192269824039)	(75.0, 0.004241246118502436)	(76.0, 0.003433389714978163)	(77.0, 0.003029461513216026)	(78.0, 0.0031304435636565603)	(79.0, 0.0037363358662997653)	(80.0, 0.003786826891520033)	(81.0, 0.003180934588876827)	(82.0, 0.0037363358662997653)	(83.0, 0.0034838807401984294)	(84.0, 0.0028274974123349574)	(85.0, 0.0027265153618944234)	(86.0, 0.0031304435636565603)	(87.0, 0.0037363358662997653)	(88.0, 0.0038373179167402994)	(89.0, 0.003685844841079498)	(90.0, 0.0033324076645376284)	(91.0, 0.004039282017621368)	(92.0, 0.004544192269824039)	(93.0, 0.0034838807401984294)	(94.0, 0.0037363358662997653)	(95.0, 0.004847138421145642)	(96.0, 0.006008432001211785)	(97.0, 0.00833101916134407)	(98.0, 0.01201686400242357)	(99.0, 0.02206457802125672)	(100.0, 0.13410416298502942)
PID-2861-20_R1	(0.0, 0.0)	(1.0, 0.0)	(2.0, 0.0)	(3.0, 0.0)	(4.0, 0.0)	(5.0, 0.0)	(6.0, 9.606424776890784e-05)	(7.0, 0.00033622486719117747)	(8.0, 0.000624417610497901)	(9.0, 0.0010086746015735325)	(10.0, 0.001921284955378157)	(11.0, 0.004130762654063038)	(12.0, 0.006964657963245819)	(13.0, 0.013545058935416006)	(14.0, 0.026994053623063105)	(15.0, 0.04817622025610729)	(16.0, 0.08006955051538468)	(17.0, 0.12195356254262851)	(18.0, 0.16647934138351728)	(19.0, 0.20937202801233468)	(20.0, 0.2672027051692172)	(21.0, 0.3417485614378897)	(22.0, 0.42686148496114196)	(23.0, 0.5230698291017032)	(24.0, 0.6322948788149515)	(25.0, 0.7478601688809476)	(26.0, 0.8735602370865635)	(27.0, 1.0492137141320115)	(28.0, 1.274340278778447)	(29.0, 1.5341460368694584)	(30.0, 1.8566817487535663)	(31.0, 2.2328213108927253)	(32.0, 2.6869170100963524)	(33.0, 3.1447111828390826)	(34.0, 3.6305080838064496)	(35.0, 4.230765535990471)	(36.0, 4.865510053123529)	(37.0, 5.446266463010462)	(38.0, 5.904637021239805)	(39.0, 6.234569680202119)	(40.0, 6.453740261486883)	(41.0, 6.4940872455498235)	(42.0, 6.314158909478659)	(43.0, 5.9332161349510555)	(44.0, 5.374842694794278)	(45.0, 4.696196816430829)	(46.0, 3.9352238777294253)	(47.0, 3.172233589824875)	(48.0, 2.4857584752682595)	(49.0, 1.9103336311325012)	(50.0, 1.4298202637924244)	(51.0, 1.0276953226317762)	(52.0, 0.7140455536662921)	(53.0, 0.48161810618941947)	(54.0, 0.31225683737283494)	(55.0, 0.21018857411837039)	(56.0, 0.14750665244915798)	(57.0, 0.10072336378569988)	(58.0, 0.0667166200755065)	(59.0, 0.04750377052172493)	(60.0, 0.03621622140887826)	(61.0, 0.0226231303495778)	(62.0, 0.012824577077149197)	(63.0, 0.008357589555894983)	(64.0, 0.0059559833616722865)	(65.0, 0.004611083892907577)	(66.0, 0.004563051769023122)	(67.0, 0.0033622486719117745)	(68.0, 0.0014889958404180716)	(69.0, 0.0008645782299201705)	(70.0, 0.0009606424776890784)	(71.0, 0.0007204818582668089)	(72.0, 0.0005283533627289932)	(73.0, 0.00033622486719117747)	(74.0, 0.00014409637165336178)	(75.0, 0.0002401606194222696)	(76.0, 0.0002401606194222696)	(77.0, 9.606424776890784e-05)	(78.0, 0.00019212849553781568)	(79.0, 0.00019212849553781568)	(80.0, 0.00033622486719117747)	(81.0, 0.00038425699107563137)	(82.0, 0.00014409637165336178)	(83.0, 9.606424776890784e-05)	(84.0, 9.606424776890784e-05)	(85.0, 0.00014409637165336178)	(86.0, 0.00014409637165336178)	(87.0, 4.803212388445392e-05)	(88.0, 9.606424776890784e-05)	(89.0, 0.00014409637165336178)	(90.0, 9.606424776890784e-05)	(91.0, 4.803212388445392e-05)	(92.0, 0.0)	(93.0, 0.0)	(94.0, 4.803212388445392e-05)	(95.0, 4.803212388445392e-05)	(96.0, 4.803212388445392e-05)	(97.0, 9.606424776890784e-05)	(98.0, 9.606424776890784e-05)	(99.0, 9.606424776890784e-05)	(100.0, 4.803212388445392e-05)
PID-2861-20_R2	(0.0, 0.0)	(1.0, 0.0)	(2.0, 0.0)	(3.0, 0.0)	(4.0, 4.8140894919980206e-05)	(5.0, 4.8140894919980206e-05)	(6.0, 9.628178983996041e-05)	(7.0, 0.00014442268475994062)	(8.0, 0.00033698626443986145)	(9.0, 0.0007702543187196833)	(10.0, 0.0016367904272793269)	(11.0, 0.00476594859707804)	(12.0, 0.00698042976339713)	(13.0, 0.012420350889354894)	(14.0, 0.025996083256789308)	(15.0, 0.04640782270286092)	(16.0, 0.07673658650244844)	(17.0, 0.11471975259431282)	(18.0, 0.15722816280865534)	(19.0, 0.204261817145476)	(20.0, 0.2613087776256526)	(21.0, 0.3349162059583023)	(22.0, 0.43071658684906294)	(23.0, 0.5186218609729467)	(24.0, 0.6035423996117918)	(25.0, 0.7178288841518248)	(26.0, 0.8646586136577644)	(27.0, 1.04547581497721)	(28.0, 1.269764244409398)	(29.0, 1.5408456237038064)	(30.0, 1.8435555709606417)	(31.0, 2.210148485776291)	(32.0, 2.67528581249314)	(33.0, 3.1331538640770713)	(34.0, 3.6212062567758307)	(35.0, 4.219164312576905)	(36.0, 4.842540760895728)	(37.0, 5.394427980258381)	(38.0, 5.8562435852257515)	(39.0, 6.221151568719202)	(40.0, 6.44548813904631)	(41.0, 6.475961325530657)	(42.0, 6.260578961658665)	(43.0, 5.88556139023202)	(44.0, 5.360825635604235)	(45.0, 4.672795965407879)	(46.0, 3.91621366084547)	(47.0, 3.1545765623164628)	(48.0, 2.4769934663177415)	(49.0, 1.9069089886753359)	(50.0, 1.420156400139416)	(51.0, 1.028819065334897)	(52.0, 0.7202840697927438)	(53.0, 0.4942144272485168)	(54.0, 0.32735808545586537)	(55.0, 0.21778940861799045)	(56.0, 0.15323246853029698)	(57.0, 0.10995380399723478)	(58.0, 0.08044343541128693)	(59.0, 0.05791349658873619)	(60.0, 0.04000508367850355)	(61.0, 0.026862619365348957)	(62.0, 0.019497062442591983)	(63.0, 0.015693931743913547)	(64.0, 0.012853618943634714)	(65.0, 0.010639137777315625)	(66.0, 0.010350292407795744)	(67.0, 0.009002347350036298)	(68.0, 0.007895106766876754)	(69.0, 0.007076711553237089)	(70.0, 0.005584343810717703)	(71.0, 0.004910371281837981)	(72.0, 0.005488062020877743)	(73.0, 0.005584343810717703)	(74.0, 0.005776907390397624)	(75.0, 0.005536202915797724)	(76.0, 0.004958512176757961)	(77.0, 0.004958512176757961)	(78.0, 0.0038512715935984164)	(79.0, 0.0035624262240785353)	(80.0, 0.0035624262240785353)	(81.0, 0.0035624262240785353)	(82.0, 0.0032254399596386733)	(83.0, 0.003081017274878733)	(84.0, 0.0035142853291585553)	(85.0, 0.003947553383438377)	(86.0, 0.003754989803758456)	(87.0, 0.0036105671189985158)	(88.0, 0.0041882578580382775)	(89.0, 0.0043808214377181985)	(90.0, 0.0041882578580382775)	(91.0, 0.0034661444342385748)	(92.0, 0.003995694278358357)	(93.0, 0.0041882578580382775)	(94.0, 0.003754989803758456)	(95.0, 0.004958512176757961)	(96.0, 0.0067397252887972285)	(97.0, 0.00919491092971622)	(98.0, 0.01468297295059396)	(99.0, 0.0279698599485085)	(100.0, 0.24672208646489857)
PID-2861-21_R1	(0.0, 0.0)	(1.0, 0.0)	(2.0, 0.0)	(3.0, 4.632636553911381e-05)	(4.0, 4.632636553911381e-05)	(5.0, 0.0)	(6.0, 4.632636553911381e-05)	(7.0, 0.00013897909661734145)	(8.0, 0.000509590020930252)	(9.0, 0.0012971382350951868)	(10.0, 0.002084686449260122)	(11.0, 0.004215699264059357)	(12.0, 0.00667099663763239)	(13.0, 0.012786076888795413)	(14.0, 0.027703166592390062)	(15.0, 0.05170022394165102)	(16.0, 0.08032991784482335)	(17.0, 0.12522016605222464)	(18.0, 0.18600035763954198)	(19.0, 0.2418699544797132)	(20.0, 0.3106646073052972)	(21.0, 0.389512081452869)	(22.0, 0.4797558415230626)	(23.0, 0.5811642556881828)	(24.0, 0.6973044540947412)	(25.0, 0.8508300294913643)	(26.0, 1.02617532305691)	(27.0, 1.2143993462423295)	(28.0, 1.4646080465190832)	(29.0, 1.7408521642288188)	(30.0, 2.046189239497118)	(31.0, 2.399891040388252)	(32.0, 2.8376288683673385)	(33.0, 3.321739388251078)	(34.0, 3.800151765173506)	(35.0, 4.347544100383675)	(36.0, 4.93222915985283)	(37.0, 5.43774246061564)	(38.0, 5.8554672986818295)	(39.0, 6.163908240441249)	(40.0, 6.338002722137238)	(41.0, 6.321417883274235)	(42.0, 6.091314825641458)	(43.0, 5.669744899235522)	(44.0, 5.09010941361013)	(45.0, 4.4603024741058785)	(46.0, 3.745116042913039)	(47.0, 3.0061641861986343)	(48.0, 2.3480055109844447)	(49.0, 1.8028368413201532)	(50.0, 1.3433719479032225)	(51.0, 0.9668312488013053)	(52.0, 0.6815998161769815)	(53.0, 0.4676646601173539)	(54.0, 0.31001603818774964)	(55.0, 0.20731048578753433)	(56.0, 0.15014375071226788)	(57.0, 0.10678227256765735)	(58.0, 0.07032342288837477)	(59.0, 0.05026410660993849)	(60.0, 0.039887000729176995)	(61.0, 0.02733255566807715)	(62.0, 0.017418713442706794)	(63.0, 0.01236913959894339)	(64.0, 0.008338745797040487)	(65.0, 0.006717323003171503)	(66.0, 0.006532017541015048)	(67.0, 0.005188552940380747)	(68.0, 0.0025942764701903736)	(69.0, 0.0011118327729387316)	(70.0, 0.001019180041860504)	(71.0, 0.0008338745797040487)	(72.0, 0.0009265273107822763)	(73.0, 0.000741221848625821)	(74.0, 0.0003242845587737967)	(75.0, 0.00013897909661734145)	(76.0, 0.00013897909661734145)	(77.0, 0.0003706109243129105)	(78.0, 0.0002779581932346829)	(79.0, 0.00018530546215645525)	(80.0, 0.0002779581932346829)	(81.0, 0.00023163182769556908)	(82.0, 0.00013897909661734145)	(83.0, 4.632636553911381e-05)	(84.0, 0.00013897909661734145)	(85.0, 0.0002779581932346829)	(86.0, 0.00013897909661734145)	(87.0, 0.0)	(88.0, 0.0)	(89.0, 4.632636553911381e-05)	(90.0, 4.632636553911381e-05)	(91.0, 4.632636553911381e-05)	(92.0, 4.632636553911381e-05)	(93.0, 0.0)	(94.0, 0.0)	(95.0, 0.0)	(96.0, 4.632636553911381e-05)	(97.0, 9.265273107822763e-05)	(98.0, 0.00013897909661734145)	(99.0, 9.265273107822763e-05)	(100.0, 0.0)
PID-2861-21_R2	(0.0, 0.0)	(1.0, 0.0)	(2.0, 0.0)	(3.0, 0.0)	(4.0, 0.0)	(5.0, 0.0)	(6.0, 0.0)	(7.0, 0.0)	(8.0, 0.00018574836390519218)	(9.0, 0.001021616001478557)	(10.0, 0.0016717352751467298)	(11.0, 0.003529218914198651)	(12.0, 0.006269007281800236)	(13.0, 0.01448837238460499)	(14.0, 0.02753719494894474)	(15.0, 0.04815526334242107)	(16.0, 0.07894305465970668)	(17.0, 0.1234762249059765)	(18.0, 0.17943291953241564)	(19.0, 0.23283557415515838)	(20.0, 0.296500825883663)	(21.0, 0.3795303445492839)	(22.0, 0.4770946726904861)	(23.0, 0.5792562728383418)	(24.0, 0.6976244177369255)	(25.0, 0.8513776259594483)	(26.0, 1.0252380945747082)	(27.0, 1.2084788555671804)	(28.0, 1.4453544566372767)	(29.0, 1.7205870948537951)	(30.0, 2.026050279295884)	(31.0, 2.408273975121793)	(32.0, 2.8517946310364155)	(33.0, 3.3180230244384474)	(34.0, 3.8075164004196056)	(35.0, 4.341496509556056)	(36.0, 4.903199562005358)	(37.0, 5.414750556200257)	(38.0, 5.8212608506067705)	(39.0, 6.10977449684251)	(40.0, 6.321852691331263)	(41.0, 6.30759650440154)	(42.0, 6.033803416005287)	(43.0, 5.627896803781465)	(44.0, 5.078592454622836)	(45.0, 4.421832676945052)	(46.0, 3.693838401709628)	(47.0, 2.9729025643026006)	(48.0, 2.3382932790205118)	(49.0, 1.8076102033433776)	(50.0, 1.3434250419443023)	(51.0, 0.9658914923069993)	(52.0, 0.6845291580816095)	(53.0, 0.47166153304625924)	(54.0, 0.318929940825215)	(55.0, 0.21936881777203193)	(56.0, 0.15644655949914812)	(57.0, 0.11182051507092569)	(58.0, 0.07536739865453172)	(59.0, 0.052891846622003476)	(60.0, 0.04360442842674386)	(61.0, 0.03194871859169306)	(62.0, 0.02201118112276527)	(63.0, 0.019224955664187388)	(64.0, 0.015138491658273162)	(65.0, 0.011144901834311532)	(66.0, 0.01044834546966706)	(67.0, 0.00859086183061514)	(68.0, 0.0061296960088713425)	(69.0, 0.005293828371297977)	(70.0, 0.004411523642748314)	(71.0, 0.004086464005914228)	(72.0, 0.004643709097629805)	(73.0, 0.004132901096890526)	(74.0, 0.003993589823961632)	(75.0, 0.0037149672781038433)	(76.0, 0.003575656005174949)	(77.0, 0.003529218914198651)	(78.0, 0.0032505963683408636)	(79.0, 0.0030648480044356712)	(80.0, 0.002786225458577883)	(81.0, 0.002971973822483075)	(82.0, 0.002832662549554181)	(83.0, 0.003204159277364565)	(84.0, 0.0038542785510327373)	(85.0, 0.0032505963683408636)	(86.0, 0.002786225458577883)	(87.0, 0.003018410913459373)	(88.0, 0.0033899076412697575)	(89.0, 0.0036220930961512474)	(90.0, 0.0036685301871275454)	(91.0, 0.004132901096890526)	(92.0, 0.003993589823961632)	(93.0, 0.0037614043690801413)	(94.0, 0.004132901096890526)	(95.0, 0.005061642916416487)	(96.0, 0.0061296960088713425)	(97.0, 0.009101669831354417)	(98.0, 0.016345856023656912)	(99.0, 0.032738149138290124)	(100.0, 0.2619980672882736)
PID-2861-22_R1	(0.0, 0.0)	(1.0, 0.0)	(2.0, 0.0)	(3.0, 0.0)	(4.0, 0.0)	(5.0, 4.9567228527724435e-05)	(6.0, 0.00029740337116634664)	(7.0, 0.00029740337116634664)	(8.0, 0.00044610505674951993)	(9.0, 0.0010904790276099377)	(10.0, 0.0027757647975525687)	(11.0, 0.006096769108910106)	(12.0, 0.009665609562906265)	(13.0, 0.017794635041453073)	(14.0, 0.034994463340573455)	(15.0, 0.05824149352007622)	(16.0, 0.09283941903242787)	(17.0, 0.14612418969973162)	(18.0, 0.20218472516458796)	(19.0, 0.2476378737245113)	(20.0, 0.32491318299923366)	(21.0, 0.4159681818046635)	(22.0, 0.5082127940947587)	(23.0, 0.6141875286870335)	(24.0, 0.7397908857762872)	(25.0, 0.8838828191063821)	(26.0, 1.0469094337340679)	(27.0, 1.2421547469047745)	(28.0, 1.4722953889589991)	(29.0, 1.756662579022554)	(30.0, 2.089109980758002)	(31.0, 2.472760329562589)	(32.0, 2.9007733478994897)	(33.0, 3.367002699431266)	(34.0, 3.8591061442545134)	(35.0, 4.390218997929081)	(36.0, 4.969957302789346)	(37.0, 5.505481639802881)	(38.0, 5.915501754184217)	(39.0, 6.171566056758442)	(40.0, 6.2968224432480016)	(41.0, 6.265347253132897)	(42.0, 6.0387258843041405)	(43.0, 5.621072416729534)	(44.0, 5.055064234171449)	(45.0, 4.402957775660706)	(46.0, 3.6735264406467136)	(47.0, 2.932892911985455)	(48.0, 2.271170411140334)	(49.0, 1.721073308939648)	(50.0, 1.280916319613455)	(51.0, 0.9342431232905503)	(52.0, 0.6580545259340697)	(53.0, 0.4501200022602656)	(54.0, 0.29016655580129885)	(55.0, 0.18850417009093604)	(56.0, 0.13720208856474125)	(57.0, 0.09551604937292499)	(58.0, 0.06394172480076452)	(59.0, 0.04609752253078373)	(60.0, 0.03221869854302089)	(61.0, 0.020570399839005642)	(62.0, 0.013680555073651944)	(63.0, 0.009764744019961713)	(64.0, 0.00783162210738046)	(65.0, 0.006096769108910106)	(66.0, 0.005055857309827893)	(67.0, 0.005154991766883342)	(68.0, 0.003469705996940711)	(69.0, 0.0019331219125812533)	(70.0, 0.0015365840843594577)	(71.0, 0.0006939411993881422)	(72.0, 0.00019826891411089774)	(73.0, 0.00014870168558317332)	(74.0, 4.9567228527724435e-05)	(75.0, 9.913445705544887e-05)	(76.0, 0.00014870168558317332)	(77.0, 9.913445705544887e-05)	(78.0, 4.9567228527724435e-05)	(79.0, 0.0)	(80.0, 0.0)	(81.0, 0.0)	(82.0, 0.0)	(83.0, 0.0)	(84.0, 9.913445705544887e-05)	(85.0, 9.913445705544887e-05)	(86.0, 0.0)	(87.0, 4.9567228527724435e-05)	(88.0, 4.9567228527724435e-05)	(89.0, 4.9567228527724435e-05)	(90.0, 4.9567228527724435e-05)	(91.0, 0.0)	(92.0, 4.9567228527724435e-05)	(93.0, 9.913445705544887e-05)	(94.0, 4.9567228527724435e-05)	(95.0, 4.9567228527724435e-05)	(96.0, 9.913445705544887e-05)	(97.0, 4.9567228527724435e-05)	(98.0, 0.0)	(99.0, 0.0)	(100.0, 0.0)
PID-2861-22_R2	(0.0, 0.0)	(1.0, 0.0)	(2.0, 0.0)	(3.0, 0.0)	(4.0, 0.0)	(5.0, 4.9667377572397654e-05)	(6.0, 0.00014900213271719297)	(7.0, 0.00029800426543438594)	(8.0, 0.0006456759084411696)	(9.0, 0.001142349684165146)	(10.0, 0.0029303752767714615)	(11.0, 0.005016405134812163)	(12.0, 0.007201769747997659)	(13.0, 0.015893560823167247)	(14.0, 0.03362481461651321)	(15.0, 0.060941872281331924)	(16.0, 0.09451701952027274)	(17.0, 0.13837331391669985)	(18.0, 0.1948947895940884)	(19.0, 0.24729387293296792)	(20.0, 0.31946057254566174)	(21.0, 0.4130339118920589)	(22.0, 0.5001504921540443)	(23.0, 0.6031109658616247)	(24.0, 0.7321964801722862)	(25.0, 0.8660500627298978)	(26.0, 1.0140091805180707)	(27.0, 1.2183904392284868)	(28.0, 1.4695087002345293)	(29.0, 1.738358215033918)	(30.0, 2.0491766638819824)	(31.0, 2.4302744519949897)	(32.0, 2.8778271912998648)	(33.0, 3.3441045319495344)	(34.0, 3.8262257660447982)	(35.0, 4.368394859625091)	(36.0, 4.950099185753012)	(37.0, 5.461722842126281)	(38.0, 5.840982937269109)	(39.0, 6.128656388168436)	(40.0, 6.299114827996904)	(41.0, 6.279794218121242)	(42.0, 6.035083048822039)	(43.0, 5.589268667732197)	(44.0, 5.027232623122946)	(45.0, 4.388460480164339)	(46.0, 3.673001906233951)	(47.0, 2.9477588589218007)	(48.0, 2.288921095423946)	(49.0, 1.7399475711162344)	(50.0, 1.3140498084329246)	(51.0, 0.9606167496277429)	(52.0, 0.6620164756624883)	(53.0, 0.44437402714024177)	(54.0, 0.2908024956863883)	(55.0, 0.1970304868297015)	(56.0, 0.1441843970926704)	(57.0, 0.1018181240234152)	(58.0, 0.07013033713222548)	(59.0, 0.051554737920148766)	(60.0, 0.04067758223179368)	(61.0, 0.029601757033149004)	(62.0, 0.02135697235613099)	(63.0, 0.015744558690450057)	(64.0, 0.011473164219223857)	(65.0, 0.010281147157486315)	(66.0, 0.010728153555637892)	(67.0, 0.009387134361183156)	(68.0, 0.007251437125570057)	(69.0, 0.005811083175970525)	(70.0, 0.005662081043253333)	(71.0, 0.005761415798398128)	(72.0, 0.004966737757239765)	(73.0, 0.0037747206955022214)	(74.0, 0.004172059716081403)	(75.0, 0.0042217270936538)	(76.0, 0.0035760511852126315)	(77.0, 0.0032780469197782446)	(78.0, 0.0030297100319162567)	(79.0, 0.003129044787061052)	(80.0, 0.0037250533179298243)	(81.0, 0.0035263838076402335)	(82.0, 0.003129044787061052)	(83.0, 0.0033773816749230407)	(84.0, 0.0034767164300678354)	(85.0, 0.0034767164300678354)	(86.0, 0.0032283795422058475)	(87.0, 0.0029800426543438595)	(88.0, 0.0035760511852126315)	(89.0, 0.0034767164300678354)	(90.0, 0.0030793774094886547)	(91.0, 0.003923722828219414)	(92.0, 0.00466873349180538)	(93.0, 0.003973390205791812)	(94.0, 0.0032780469197782446)	(95.0, 0.004867403002094969)	(96.0, 0.006109087441404912)	(97.0, 0.008344119432162806)	(98.0, 0.014800878516574502)	(99.0, 0.028211070461121868)	(100.0, 0.22101983019716956)
PID-2861-23_R1	(0.0, 0.0)	(1.0, 0.0)	(2.0, 0.0)	(3.0, 0.0)	(4.0, 0.0)	(5.0, 0.0)	(6.0, 0.00011866703690782182)	(7.0, 0.00017800055536173275)	(8.0, 0.00029666759226955455)	(9.0, 0.0010086698137164855)	(10.0, 0.002670008330425991)	(11.0, 0.0052213496239441595)	(12.0, 0.008128692028185794)	(13.0, 0.01821539016535065)	(14.0, 0.03714278255214823)	(15.0, 0.05779084697410923)	(16.0, 0.09006828101303677)	(17.0, 0.138543765589882)	(18.0, 0.1899265925709688)	(19.0, 0.24712410436053897)	(20.0, 0.3204603331695728)	(21.0, 0.39848390993646565)	(22.0, 0.4918155344644675)	(23.0, 0.5959458593510811)	(24.0, 0.7080862092289728)	(25.0, 0.8415866257502723)	(26.0, 0.9963877753965259)	(27.0, 1.1839410272293382)	(28.0, 1.4073317242083128)	(29.0, 1.6878012659399497)	(30.0, 2.006006925408274)	(31.0, 2.3673480527925914)	(32.0, 2.8259961504413225)	(33.0, 3.294493612153403)	(34.0, 3.7731371055211023)	(35.0, 4.356385591923047)	(36.0, 5.011724303246493)	(37.0, 5.566314700235198)	(38.0, 5.967290617946728)	(39.0, 6.2416488072776115)	(40.0, 6.387193928045056)	(41.0, 6.3361671021746915)	(42.0, 6.11538708000769)	(43.0, 5.705629801564981)	(44.0, 5.106005264069758)	(45.0, 4.457905241997688)	(46.0, 3.7338583163046133)	(47.0, 2.967209924361631)	(48.0, 2.308133201375588)	(49.0, 1.7887275808300522)	(50.0, 1.3291894804045123)	(51.0, 0.9454202830446166)	(52.0, 0.6539740403990061)	(53.0, 0.44440805321979265)	(54.0, 0.28830156616755315)	(55.0, 0.18601058035301068)	(56.0, 0.12638039430683023)	(57.0, 0.08615226879507863)	(58.0, 0.06016418771226566)	(59.0, 0.0440848042112558)	(60.0, 0.031150097188303225)	(61.0, 0.018571391276074115)	(62.0, 0.011451369061604806)	(63.0, 0.008069358509731884)	(64.0, 0.004272013328681585)	(65.0, 0.003797345181050298)	(66.0, 0.003441344070326833)	(67.0, 0.0022546737012486147)	(68.0, 0.001424004442893862)	(69.0, 0.0007713357399008417)	(70.0, 0.0008306692583547528)	(71.0, 0.0010680033321703963)	(72.0, 0.0008306692583547528)	(73.0, 0.00047466814763128727)	(74.0, 0.00023733407381564364)	(75.0, 0.00017800055536173275)	(76.0, 0.0003560011107234655)	(77.0, 0.00029666759226955455)	(78.0, 0.00017800055536173275)	(79.0, 0.0003560011107234655)	(80.0, 0.0003560011107234655)	(81.0, 0.00017800055536173275)	(82.0, 5.933351845391091e-05)	(83.0, 0.0)	(84.0, 5.933351845391091e-05)	(85.0, 0.00011866703690782182)	(86.0, 5.933351845391091e-05)	(87.0, 0.0)	(88.0, 0.0)	(89.0, 0.0)	(90.0, 5.933351845391091e-05)	(91.0, 5.933351845391091e-05)	(92.0, 0.0)	(93.0, 0.0)	(94.0, 0.0)	(95.0, 0.0)	(96.0, 0.0)	(97.0, 0.0)	(98.0, 0.0)	(99.0, 5.933351845391091e-05)	(100.0, 5.933351845391091e-05)
PID-2861-23_R2	(0.0, 0.0)	(1.0, 5.947343410908499e-05)	(2.0, 5.947343410908499e-05)	(3.0, 0.0)	(4.0, 0.0)	(5.0, 0.00011894686821816998)	(6.0, 0.00011894686821816998)	(7.0, 0.00017842030232725494)	(8.0, 0.0007731546434181048)	(9.0, 0.0016057827209452946)	(10.0, 0.0022005170620361444)	(11.0, 0.004579454426399544)	(12.0, 0.007850493302399219)	(13.0, 0.016414667814107456)	(14.0, 0.03152092007781504)	(15.0, 0.055905028062539885)	(16.0, 0.0871880544039186)	(17.0, 0.12697578182289646)	(18.0, 0.18050187252107291)	(19.0, 0.2399753066301579)	(20.0, 0.3082508089873875)	(21.0, 0.38913467937574303)	(22.0, 0.4876226862603878)	(23.0, 0.5827801808349238)	(24.0, 0.6892376278901858)	(25.0, 0.8279891496666811)	(26.0, 0.9810142956293568)	(27.0, 1.1677608787318836)	(28.0, 1.4000046389278604)	(29.0, 1.6792324120700146)	(30.0, 1.9782053653363847)	(31.0, 2.3260060080063134)	(32.0, 2.8060160947007384)	(33.0, 3.30053769931778)	(34.0, 3.798806130283694)	(35.0, 4.3526227487074935)	(36.0, 4.9390308090230715)	(37.0, 5.481785368702581)	(38.0, 5.893103639001013)	(39.0, 6.166265121864041)	(40.0, 6.337845979268749)	(41.0, 6.3058492717180625)	(42.0, 6.061175563793287)	(43.0, 5.68137821357267)	(44.0, 5.131367894931852)	(45.0, 4.459318089499193)	(46.0, 3.734455874577664)	(47.0, 2.9954389823381744)	(48.0, 2.3320722982854405)	(49.0, 1.8094197593348016)	(50.0, 1.3521285244700472)	(51.0, 0.9591280718772135)	(52.0, 0.6636640512232793)	(53.0, 0.45848070354693615)	(54.0, 0.2994487407392429)	(55.0, 0.19584601852121686)	(56.0, 0.1405951982338769)	(57.0, 0.10068852394668087)	(58.0, 0.06887023669832042)	(59.0, 0.04858979566712243)	(60.0, 0.03853878530268707)	(61.0, 0.026822518783197326)	(62.0, 0.017366242759852817)	(63.0, 0.01492783196138033)	(64.0, 0.011359425914835233)	(65.0, 0.009039961984580918)	(66.0, 0.009039961984580918)	(67.0, 0.008504701077599153)	(68.0, 0.006542077751999348)	(69.0, 0.004876821596944968)	(70.0, 0.006006816845017584)	(71.0, 0.005828396542690328)	(72.0, 0.004638927860508629)	(73.0, 0.004876821596944968)	(74.0, 0.004103666953526864)	(75.0, 0.004519980992290459)	(76.0, 0.0040441935194177785)	(77.0, 0.0032115654418905892)	(78.0, 0.003865773217090524)	(79.0, 0.003389985744217844)	(80.0, 0.0037468263488723537)	(81.0, 0.003865773217090524)	(82.0, 0.003033145139563334)	(83.0, 0.003152092007781504)	(84.0, 0.003033145139563334)	(85.0, 0.0020815701938179743)	(86.0, 0.0020815701938179743)	(87.0, 0.003271038875999674)	(88.0, 0.0036278794806541836)	(89.0, 0.003033145139563334)	(90.0, 0.002973671705454249)	(91.0, 0.003508932612436014)	(92.0, 0.003033145139563334)	(93.0, 0.0033305123101087593)	(94.0, 0.004163140387635949)	(95.0, 0.004401034124072289)	(96.0, 0.005055241899272224)	(97.0, 0.008980488550471831)	(98.0, 0.015165725697816672)	(99.0, 0.027357779690179093)	(100.0, 0.25240525435895667)
PID-2861-24_R1	(0.0, 0.0)	(1.0, 0.0)	(2.0, 0.0)	(3.0, 0.0)	(4.0, 0.0)	(5.0, 0.00020587781151886356)	(6.0, 0.0005146945287971588)	(7.0, 0.0006176334345565907)	(8.0, 0.00046322507591744296)	(9.0, 0.0013382057748726132)	(10.0, 0.0024190642853466468)	(11.0, 0.004220495136136703)	(12.0, 0.007668948479077668)	(13.0, 0.015955530392711924)	(14.0, 0.03237428586134129)	(15.0, 0.05162386123835504)	(16.0, 0.08075557156827423)	(17.0, 0.12321787019403983)	(18.0, 0.16979772505018273)	(19.0, 0.22631118431211075)	(20.0, 0.2864275052756189)	(21.0, 0.3555509804930774)	(22.0, 0.44371815327603065)	(23.0, 0.5315250398888259)	(24.0, 0.629162592001647)	(25.0, 0.7479026197951516)	(26.0, 0.9002007308662309)	(27.0, 1.0850790056101705)	(28.0, 1.2998610324772248)	(29.0, 1.5654948787894383)	(30.0, 1.8664367697771373)	(31.0, 2.221524525194297)	(32.0, 2.662566266920583)	(33.0, 3.1640846157805345)	(34.0, 3.6790879612949716)	(35.0, 4.2359874414534975)	(36.0, 4.8679808533635285)	(37.0, 5.453909104946215)	(38.0, 5.9192444284317265)	(39.0, 6.223943589479644)	(40.0, 6.406608677749756)	(41.0, 6.416181995985383)	(42.0, 6.228575840238818)	(43.0, 5.854392917803284)	(44.0, 5.284883421689227)	(45.0, 4.650213598229451)	(46.0, 3.935251428277317)	(47.0, 3.1745843841679964)	(48.0, 2.506716763600803)	(49.0, 1.9406042513768078)	(50.0, 1.4473724844304905)	(51.0, 1.0559987647331308)	(52.0, 0.7410571825621494)	(53.0, 0.49683462864789746)	(54.0, 0.3303824180348963)	(55.0, 0.2166349271707242)	(56.0, 0.1447835709506408)	(57.0, 0.10077718873848371)	(58.0, 0.06521179679860004)	(59.0, 0.045035771269751404)	(60.0, 0.0333522054660559)	(61.0, 0.019970147717329762)	(62.0, 0.01266148540841011)	(63.0, 0.009779196047146018)	(64.0, 0.006176334345565907)	(65.0, 0.003911678418858407)	(66.0, 0.00349992279582068)	(67.0, 0.003294044984301817)	(68.0, 0.0021102475680683515)	(69.0, 0.0011837974162334656)	(70.0, 0.0008235112460754543)	(71.0, 0.0007205723403160225)	(72.0, 0.0007205723403160225)	(73.0, 0.0005146945287971588)	(74.0, 0.0004117556230377271)	(75.0, 0.00015440835863914768)	(76.0, 5.146945287971589e-05)	(77.0, 0.00010293890575943178)	(78.0, 0.00015440835863914768)	(79.0, 0.00015440835863914768)	(80.0, 5.146945287971589e-05)	(81.0, 0.0)	(82.0, 0.0)	(83.0, 5.146945287971589e-05)	(84.0, 0.00010293890575943178)	(85.0, 0.00010293890575943178)	(86.0, 5.146945287971589e-05)	(87.0, 5.146945287971589e-05)	(88.0, 5.146945287971589e-05)	(89.0, 0.0)	(90.0, 0.0)	(91.0, 5.146945287971589e-05)	(92.0, 5.146945287971589e-05)	(93.0, 5.146945287971589e-05)	(94.0, 5.146945287971589e-05)	(95.0, 5.146945287971589e-05)	(96.0, 0.00010293890575943178)	(97.0, 0.00010293890575943178)	(98.0, 5.146945287971589e-05)	(99.0, 0.0)	(100.0, 0.0)
PID-2861-24_R2	(0.0, 0.0)	(1.0, 0.0)	(2.0, 0.0)	(3.0, 0.0)	(4.0, 0.0)	(5.0, 0.0001547334509995265)	(6.0, 0.0002578890849992109)	(7.0, 0.00036104471899889523)	(8.0, 0.0005673559869982639)	(9.0, 0.0010315563399968435)	(10.0, 0.003043091202990688)	(11.0, 0.005518826418983112)	(12.0, 0.007891406000975853)	(13.0, 0.01562807855095218)	(14.0, 0.03017302294490767)	(15.0, 0.05111361664684359)	(16.0, 0.08200872902974905)	(17.0, 0.12146575903462832)	(18.0, 0.17438459927646638)	(19.0, 0.22946970783229784)	(20.0, 0.28991890935611286)	(21.0, 0.35733111617490654)	(22.0, 0.4404229793616523)	(23.0, 0.5384208316613525)	(24.0, 0.6366249952290519)	(25.0, 0.7582970655316796)	(26.0, 0.9052422661642299)	(27.0, 1.0741080390217133)	(28.0, 1.2941390063430398)	(29.0, 1.559145830088229)	(30.0, 1.8397291545673704)	(31.0, 2.2001033619452675)	(32.0, 2.6638395145908484)	(33.0, 3.15682028947534)	(34.0, 3.652431533026824)	(35.0, 4.20245737351314)	(36.0, 4.838927635291193)	(37.0, 5.40530364376646)	(38.0, 5.832264812891153)	(39.0, 6.157308215624158)	(40.0, 6.390749415365445)	(41.0, 6.423604484794344)	(42.0, 6.193309531890049)	(43.0, 5.8148830885622065)	(44.0, 5.295339737922796)	(45.0, 4.643189819776792)	(46.0, 3.9116100634510307)	(47.0, 3.184053376851257)	(48.0, 2.5204016055142877)	(49.0, 1.9149296117531405)	(50.0, 1.4211235917966514)	(51.0, 1.0469265294627965)	(52.0, 0.7366859602087457)	(53.0, 0.5024710932124624)	(54.0, 0.3341726763419774)	(55.0, 0.21946361133432843)	(56.0, 0.1518966710645352)	(57.0, 0.10723028154267188)	(58.0, 0.07561307972176862)	(59.0, 0.05683875433382607)	(60.0, 0.042809588109869005)	(61.0, 0.03012144512790783)	(62.0, 0.02135321623793466)	(63.0, 0.01562807855095218)	(64.0, 0.011605008824964489)	(65.0, 0.010986075020966383)	(66.0, 0.010470296850967961)	(67.0, 0.0085619176219738)	(68.0, 0.006705116209979483)	(69.0, 0.005467248601983271)	(70.0, 0.005621982052982796)	(71.0, 0.005364092967983586)	(72.0, 0.0040746475429875315)	(73.0, 0.003610447189988952)	(74.0, 0.0040746475429875315)	(75.0, 0.0033525581049897416)	(76.0, 0.0031978246539902146)	(77.0, 0.0035072915559892677)	(78.0, 0.0031978246539902146)	(79.0, 0.003043091202990688)	(80.0, 0.0027852021179914773)	(81.0, 0.002888357751991162)	(82.0, 0.0031978246539902146)	(83.0, 0.002888357751991162)	(84.0, 0.002682046483991793)	(85.0, 0.0031462468369903725)	(86.0, 0.0033009802879898987)	(87.0, 0.0030946690199905305)	(88.0, 0.003043091202990688)	(89.0, 0.0035588693729891097)	(90.0, 0.0034557137389894257)	(91.0, 0.0030946690199905305)	(92.0, 0.0036620250069887947)	(93.0, 0.0040746475429875315)	(94.0, 0.0035588693729891097)	(95.0, 0.003868336274988163)	(96.0, 0.005570404235982955)	(97.0, 0.007530361281976958)	(98.0, 0.011398697556965121)	(99.0, 0.023003706381929608)	(100.0, 0.22704555043330527)
PID-2861-25_R1	(0.0, 0.0)	(1.0, 0.0)	(2.0, 0.0)	(3.0, 0.0)	(4.0, 5.054456716665352e-05)	(5.0, 5.054456716665352e-05)	(6.0, 0.0)	(7.0, 0.00010108913433330705)	(8.0, 0.00030326740299992116)	(9.0, 0.0011625250448330311)	(10.0, 0.0027294066269992904)	(11.0, 0.005256634985331967)	(12.0, 0.009098022089997635)	(13.0, 0.017842232209828696)	(14.0, 0.0322979784194916)	(15.0, 0.056104469554985416)	(16.0, 0.08395452606381151)	(17.0, 0.1249461700359675)	(18.0, 0.17564237090412102)	(19.0, 0.22214337269744225)	(20.0, 0.30448047261192085)	(21.0, 0.4053674286765612)	(22.0, 0.4957411147705377)	(23.0, 0.5865191574018475)	(24.0, 0.716570328721647)	(25.0, 0.877908587117605)	(26.0, 1.0336869431252311)	(27.0, 1.229951497433347)	(28.0, 1.4839379474457808)	(29.0, 1.7509648957872115)	(30.0, 2.045437544100135)	(31.0, 2.4377644744476994)	(32.0, 2.868606364976254)	(33.0, 3.323103112938803)	(34.0, 3.817530068963008)	(35.0, 4.342940844660371)	(36.0, 4.910910145912056)	(37.0, 5.446632013311417)	(38.0, 5.850836916943146)	(39.0, 6.150717833942901)	(40.0, 6.346982388251017)	(41.0, 6.322063916637856)	(42.0, 6.084403361820252)	(43.0, 5.681512616934857)	(44.0, 5.135024756728998)	(45.0, 4.4829998402791675)	(46.0, 3.7569776774973564)	(47.0, 2.9985564471617203)	(48.0, 2.315244443635731)	(49.0, 1.770980544385206)	(50.0, 1.3159278061838244)	(51.0, 0.9382588003145894)	(52.0, 0.6512162033751641)	(53.0, 0.4462074389472173)	(54.0, 0.2965955201339229)	(55.0, 0.19864014896494833)	(56.0, 0.13803721293213078)	(57.0, 0.0888573490789769)	(58.0, 0.05903605445065132)	(59.0, 0.04043565373332282)	(60.0, 0.029315848956659046)	(61.0, 0.022189064986160897)	(62.0, 0.015567726687329286)	(63.0, 0.011018715642330468)	(64.0, 0.008491487283997793)	(65.0, 0.007682774209331335)	(66.0, 0.007581685074998029)	(67.0, 0.006368615462998345)	(68.0, 0.0042457436419988965)	(69.0, 0.001819604417999527)	(70.0, 0.0013141587463329917)	(71.0, 0.0013141587463329917)	(72.0, 0.0009603467761664169)	(73.0, 0.0004043565373332282)	(74.0, 0.00010108913433330705)	(75.0, 0.00010108913433330705)	(76.0, 0.0002021782686666141)	(77.0, 0.0002021782686666141)	(78.0, 0.00010108913433330705)	(79.0, 0.00015163370149996058)	(80.0, 0.00010108913433330705)	(81.0, 0.0)	(82.0, 0.00010108913433330705)	(83.0, 0.00010108913433330705)	(84.0, 0.00015163370149996058)	(85.0, 0.0002021782686666141)	(86.0, 5.054456716665352e-05)	(87.0, 0.0)	(88.0, 0.0)	(89.0, 0.0)	(90.0, 0.00010108913433330705)	(91.0, 0.00010108913433330705)	(92.0, 5.054456716665352e-05)	(93.0, 0.00010108913433330705)	(94.0, 5.054456716665352e-05)	(95.0, 0.0)	(96.0, 5.054456716665352e-05)	(97.0, 0.00010108913433330705)	(98.0, 0.00015163370149996058)	(99.0, 0.00015163370149996058)	(100.0, 5.054456716665352e-05)
PID-2861-25_R2	(0.0, 0.0)	(1.0, 0.0)	(2.0, 0.0)	(3.0, 0.0)	(4.0, 0.0)	(5.0, 0.0)	(6.0, 0.0)	(7.0, 5.06275282121901e-05)	(8.0, 0.0002531376410609505)	(9.0, 0.0012656882053047524)	(10.0, 0.0027845140516704553)	(11.0, 0.004657732595521489)	(12.0, 0.008201659570374796)	(13.0, 0.014985748350808268)	(14.0, 0.02764263040385579)	(15.0, 0.05422208271525559)	(16.0, 0.0837885591911746)	(17.0, 0.12110104748355871)	(18.0, 0.16889343411586616)	(19.0, 0.22043225783587567)	(20.0, 0.2944497040820976)	(21.0, 0.3759600245037237)	(22.0, 0.4637481584236613)	(23.0, 0.5731036193619918)	(24.0, 0.7135443826226072)	(25.0, 0.8736792543577645)	(26.0, 1.02637187944573)	(27.0, 1.220579077667691)	(28.0, 1.4537188450848264)	(29.0, 1.7271581249588652)	(30.0, 2.057350863958769)	(31.0, 2.4141230552700725)	(32.0, 2.8223834427731735)	(33.0, 3.2736266017284237)	(34.0, 3.7749403860855306)	(35.0, 4.333007629568502)	(36.0, 4.8509778707074185)	(37.0, 5.3389259876165065)	(38.0, 5.8041929718865335)	(39.0, 6.151143422724672)	(40.0, 6.339781592843292)	(41.0, 6.308240642767098)	(42.0, 6.077024721422026)	(43.0, 5.664157228851615)	(44.0, 5.113481604487625)	(45.0, 4.487269708031045)	(46.0, 3.7872935029693044)	(47.0, 3.034614041038674)	(48.0, 2.340460001721336)	(49.0, 1.7810258149766354)	(50.0, 1.3223404093741933)	(51.0, 0.9462791298140452)	(52.0, 0.6549177049528911)	(53.0, 0.45671093200216684)	(54.0, 0.3073597237762061)	(55.0, 0.20640843252109903)	(56.0, 0.14697171439998785)	(57.0, 0.10176133170650209)	(58.0, 0.07244799287164404)	(59.0, 0.05310827709458741)	(60.0, 0.039540099533720466)	(61.0, 0.03133843996334567)	(62.0, 0.02480748882397315)	(63.0, 0.019339715777056617)	(64.0, 0.016453946668961782)	(65.0, 0.014125080371201037)	(66.0, 0.011340566319530582)	(67.0, 0.009467347775679548)	(68.0, 0.008201659570374796)	(69.0, 0.007391619118979754)	(70.0, 0.007037226421494423)	(71.0, 0.006176558441887191)	(72.0, 0.00506275282121901)	(73.0, 0.005771538216189671)	(74.0, 0.006024675857250621)	(75.0, 0.00531589046227996)	(76.0, 0.005569028103340911)	(77.0, 0.00531589046227996)	(78.0, 0.004252712369823968)	(79.0, 0.003847692144126447)	(80.0, 0.003746437087702067)	(81.0, 0.003948947200550827)	(82.0, 0.003645182031277687)	(83.0, 0.0031895342773679758)	(84.0, 0.003645182031277687)	(85.0, 0.0039995747287630175)	(86.0, 0.004404594954460538)	(87.0, 0.004100829785187398)	(88.0, 0.003695809559489877)	(89.0, 0.0034426719184289262)	(90.0, 0.003695809559489877)	(91.0, 0.004202084841611778)	(92.0, 0.004303339898036158)	(93.0, 0.004708360123733679)	(94.0, 0.005164007877643389)	(95.0, 0.004556477539097109)	(96.0, 0.00506275282121901)	(97.0, 0.009619230360316118)	(98.0, 0.016403319140749592)	(99.0, 0.029718359060555585)	(100.0, 0.18544863584125232)
PID-2861-26_R1	(0.0, 0.0)	(1.0, 0.0)	(2.0, 0.0)	(3.0, 0.0)	(4.0, 0.0)	(5.0, 4.204981052355378e-05)	(6.0, 0.00012614943157066136)	(7.0, 0.00033639848418843025)	(8.0, 0.0002522988631413227)	(9.0, 0.000588697347329753)	(10.0, 0.002691187873507442)	(11.0, 0.004625479157590916)	(12.0, 0.008073563620522327)	(13.0, 0.015810728756856223)	(14.0, 0.029981514903293843)	(15.0, 0.052646362775489335)	(16.0, 0.07964234113161087)	(17.0, 0.11702462268705018)	(18.0, 0.1696709854625395)	(19.0, 0.22244349766959948)	(20.0, 0.2874104549284901)	(21.0, 0.36890298772313734)	(22.0, 0.4625479157590916)	(23.0, 0.5670837447206463)	(24.0, 0.6911727355756535)	(25.0, 0.8553351958596075)	(26.0, 1.0211796485645035)	(27.0, 1.1877809978588236)	(28.0, 1.4203584998645995)	(29.0, 1.7055403148353414)	(30.0, 2.0250347751933027)	(31.0, 2.3978063454846072)	(32.0, 2.8132584734573185)	(33.0, 3.2865711407104397)	(34.0, 3.7955840970980583)	(35.0, 4.288113527760444)	(36.0, 4.8319437272615655)	(37.0, 5.40054126516106)	(38.0, 5.795262836545659)	(39.0, 6.114420898419431)	(40.0, 6.383077137854416)	(41.0, 6.4146985953681295)	(42.0, 6.199109216813869)	(43.0, 5.772135440757704)	(44.0, 5.210307922352502)	(45.0, 4.543860475364698)	(46.0, 3.812488120928527)	(47.0, 3.0653470875460234)	(48.0, 2.3752255972334586)	(49.0, 1.809613595881137)	(50.0, 1.342398151153931)	(51.0, 0.957348036189749)	(52.0, 0.6636301096827257)	(53.0, 0.45632454380160564)	(54.0, 0.29775470831728434)	(55.0, 0.1972556611659908)	(56.0, 0.14460929839050146)	(57.0, 0.09860680567773362)	(58.0, 0.06248601843800092)	(59.0, 0.04335335464978395)	(60.0, 0.033429599366225256)	(61.0, 0.02468323877732607)	(62.0, 0.01753477098832193)	(63.0, 0.012488793725495472)	(64.0, 0.009377107746752492)	(65.0, 0.007989463999475218)	(66.0, 0.00744281646266902)	(67.0, 0.0064756708206272825)	(68.0, 0.003952682189214056)	(69.0, 0.001976341094607028)	(70.0, 0.001345593936753721)	(71.0, 0.0010932950736123983)	(72.0, 0.0007989463999475217)	(73.0, 0.000378448294711984)	(74.0, 8.409962104710756e-05)	(75.0, 8.409962104710756e-05)	(76.0, 8.409962104710756e-05)	(77.0, 4.204981052355378e-05)	(78.0, 4.204981052355378e-05)	(79.0, 4.204981052355378e-05)	(80.0, 8.409962104710756e-05)	(81.0, 8.409962104710756e-05)	(82.0, 0.00012614943157066136)	(83.0, 8.409962104710756e-05)	(84.0, 0.0)	(85.0, 8.409962104710756e-05)	(86.0, 0.00012614943157066136)	(87.0, 0.00012614943157066136)	(88.0, 8.409962104710756e-05)	(89.0, 0.0)	(90.0, 0.0)	(91.0, 0.0)	(92.0, 4.204981052355378e-05)	(93.0, 8.409962104710756e-05)	(94.0, 4.204981052355378e-05)	(95.0, 0.0)	(96.0, 0.0)	(97.0, 0.0)	(98.0, 0.0)	(99.0, 0.00012614943157066136)	(100.0, 0.00012614943157066136)
PID-2861-26_R2	(0.0, 0.0)	(1.0, 0.0)	(2.0, 0.0)	(3.0, 4.211890081462166e-05)	(4.0, 4.211890081462166e-05)	(5.0, 0.0)	(6.0, 0.0)	(7.0, 0.00012635670244386498)	(8.0, 0.0004211890081462166)	(9.0, 0.0010108536195509198)	(10.0, 0.0018111127350287316)	(11.0, 0.004254008982276788)	(12.0, 0.007118094237671061)	(13.0, 0.01545763659896615)	(14.0, 0.028809328157201212)	(15.0, 0.05054268097754599)	(16.0, 0.07530859465654353)	(17.0, 0.11110966034897193)	(18.0, 0.16287378945014197)	(19.0, 0.21282680581628327)	(20.0, 0.28754573586142207)	(21.0, 0.37683780558842)	(22.0, 0.4594329700858931)	(23.0, 0.5507467470519928)	(24.0, 0.6821155986927978)	(25.0, 0.8432625132095404)	(26.0, 0.9937112269193688)	(27.0, 1.178486844793114)	(28.0, 1.4378550360095543)	(29.0, 1.7142392631551016)	(30.0, 2.014083718054393)	(31.0, 2.370915045755868)	(32.0, 2.7746668289648313)	(33.0, 3.2393646616525515)	(34.0, 3.7361570967610143)	(35.0, 4.283113142739691)	(36.0, 4.859299705883716)	(37.0, 5.354449503860407)	(38.0, 5.77997675879053)	(39.0, 6.164269609823139)	(40.0, 6.382403397142064)	(41.0, 6.364165913089333)	(42.0, 6.131753818394251)	(43.0, 5.711702020570029)	(44.0, 5.143138978473451)	(45.0, 4.515777950839661)	(46.0, 3.818962855762561)	(47.0, 3.0668877628166764)	(48.0, 2.382076554471743)	(49.0, 1.8090067899880002)	(50.0, 1.344814384110055)	(51.0, 0.9682292919265226)	(52.0, 0.678198540917038)	(53.0, 0.46566656740645707)	(54.0, 0.3144175945811507)	(55.0, 0.214637918551312)	(56.0, 0.15449212818803226)	(57.0, 0.11014092563023566)	(58.0, 0.0760246159703921)	(59.0, 0.05159565349791153)	(60.0, 0.03929693446004201)	(61.0, 0.03243155362725868)	(62.0, 0.02543981609203148)	(63.0, 0.02059614249834999)	(64.0, 0.018363840755175047)	(65.0, 0.013814999467195903)	(66.0, 0.011540578823206334)	(67.0, 0.011414222120762471)	(68.0, 0.008508017964553576)	(69.0, 0.0067390241303394655)	(70.0, 0.005517576006715438)	(71.0, 0.005138505899383842)	(72.0, 0.005391219304271572)	(73.0, 0.005054268097754599)	(74.0, 0.004717316891237625)	(75.0, 0.004296127883091409)	(76.0, 0.003917057775759815)	(77.0, 0.003622225470057463)	(78.0, 0.0033695120651697327)	(79.0, 0.0035379876684282197)	(80.0, 0.0038328199741305712)	(81.0, 0.0035801065692428412)	(82.0, 0.0032010364619112462)	(83.0, 0.003116798660282003)	(84.0, 0.0033273931643551117)	(85.0, 0.003074679759467381)	(86.0, 0.002821966354579651)	(87.0, 0.0033695120651697327)	(88.0, 0.0034116309659843547)	(89.0, 0.003748582172501328)	(90.0, 0.0035379876684282197)	(91.0, 0.0031589175610966243)	(92.0, 0.0038749388749451923)	(93.0, 0.004001295577389058)	(94.0, 0.004338246783906031)	(95.0, 0.005012149196939978)	(96.0, 0.005896646114047032)	(97.0, 0.00812894785722198)	(98.0, 0.013098978153347336)	(99.0, 0.025060745984699886)	(100.0, 0.18132186800694625)
PID-2861-27_R1	(0.0, 0.0)	(1.0, 0.0)	(2.0, 0.0)	(3.0, 0.0)	(4.0, 0.0)	(5.0, 4.1308641230733135e-05)	(6.0, 0.00016523456492293254)	(7.0, 0.0002891604886151319)	(8.0, 0.0006609382596917302)	(9.0, 0.0014044938018449265)	(10.0, 0.0026850616799976535)	(11.0, 0.004957036947687976)	(12.0, 0.00884004922337689)	(13.0, 0.018382345347676243)	(14.0, 0.03449271542766217)	(15.0, 0.056923307615950255)	(16.0, 0.08257597382023554)	(17.0, 0.12524780021158285)	(18.0, 0.1808905399493804)	(19.0, 0.2259169588908795)	(20.0, 0.293332661379436)	(21.0, 0.38660757327843137)	(22.0, 0.4736861889928169)	(23.0, 0.5736117921299603)	(24.0, 0.71389593774953)	(25.0, 0.8717775645333921)	(26.0, 1.048082845306161)	(27.0, 1.235830619699843)	(28.0, 1.4593516773993402)	(29.0, 1.7373588328821739)	(30.0, 2.0242886548708467)	(31.0, 2.3889200310145275)	(32.0, 2.805558986467702)	(33.0, 3.261193299242689)	(34.0, 3.786143512002845)	(35.0, 4.320305551757456)	(36.0, 4.864505591331134)	(37.0, 5.38549017453314)	(38.0, 5.844635721812739)	(39.0, 6.190306431631513)	(40.0, 6.380078329445501)	(41.0, 6.372766699947661)	(42.0, 6.136398654825407)	(43.0, 5.702038292284247)	(44.0, 5.175105264745016)	(45.0, 4.541100239135725)	(46.0, 3.8012211660520627)	(47.0, 3.053823920264408)	(48.0, 2.3650849450243947)	(49.0, 1.7858964863282856)	(50.0, 1.3072945690290114)	(51.0, 0.9291965758441111)	(52.0, 0.6470585562382037)	(53.0, 0.4471247326814554)	(54.0, 0.2927543404022057)	(55.0, 0.19588557671613652)	(56.0, 0.14172994806264538)	(57.0, 0.09207696130330416)	(58.0, 0.05774948044056492)	(59.0, 0.041060789383348735)	(60.0, 0.03122933277043425)	(61.0, 0.023256765012902754)	(62.0, 0.017019160187062052)	(63.0, 0.012970913346450206)	(64.0, 0.00950098748306862)	(65.0, 0.008426962811069558)	(66.0, 0.0068572344443017)	(67.0, 0.004254790046765513)	(68.0, 0.002808987603689853)	(69.0, 0.0023959011913825216)	(70.0, 0.0021067407027673896)	(71.0, 0.0013218765193834603)	(72.0, 0.0008674814658453959)	(73.0, 0.000619629618460997)	(74.0, 0.00016523456492293254)	(75.0, 8.261728246146627e-05)	(76.0, 8.261728246146627e-05)	(77.0, 0.0001239259236921994)	(78.0, 8.261728246146627e-05)	(79.0, 0.0)	(80.0, 4.1308641230733135e-05)	(81.0, 8.261728246146627e-05)	(82.0, 0.00016523456492293254)	(83.0, 0.00020654320615366568)	(84.0, 0.00020654320615366568)	(85.0, 0.0003304691298458651)	(86.0, 0.0002891604886151319)	(87.0, 0.0002478518473843988)	(88.0, 0.00016523456492293254)	(89.0, 0.0)	(90.0, 0.0)	(91.0, 0.0)	(92.0, 0.0)	(93.0, 0.0)	(94.0, 4.1308641230733135e-05)	(95.0, 4.1308641230733135e-05)	(96.0, 0.0)	(97.0, 0.0)	(98.0, 4.1308641230733135e-05)	(99.0, 8.261728246146627e-05)	(100.0, 8.261728246146627e-05)
PID-2861-27_R2	(0.0, 0.0)	(1.0, 0.0)	(2.0, 4.137209733365107e-05)	(3.0, 4.137209733365107e-05)	(4.0, 8.274419466730214e-05)	(5.0, 8.274419466730214e-05)	(6.0, 4.137209733365107e-05)	(7.0, 4.137209733365107e-05)	(8.0, 0.00041372097333651074)	(9.0, 0.001199790822675881)	(10.0, 0.0020686048666825533)	(11.0, 0.004054465538697805)	(12.0, 0.008315791564063866)	(13.0, 0.017955490242804566)	(14.0, 0.031980631238912274)	(15.0, 0.05667977334710197)	(16.0, 0.08671591601133263)	(17.0, 0.12833624592898563)	(18.0, 0.1779000185346996)	(19.0, 0.22266462784971006)	(20.0, 0.2962242169089417)	(21.0, 0.3847191331056213)	(22.0, 0.4759859798236556)	(23.0, 0.5772648740964335)	(24.0, 0.7062217014854237)	(25.0, 0.8604982524426087)	(26.0, 1.013161291603781)	(27.0, 1.2090168003812853)	(28.0, 1.4533604072338284)	(29.0, 1.7157836206211772)	(30.0, 2.0424163290703525)	(31.0, 2.4093868324198375)	(32.0, 2.8070554319908916)	(33.0, 3.2850272724865626)	(34.0, 3.758572298567533)	(35.0, 4.266745770116769)	(36.0, 4.815132920274314)	(37.0, 5.336173114094315)	(38.0, 5.823660536976726)	(39.0, 6.158195316016628)	(40.0, 6.329558543172611)	(41.0, 6.327779542987264)	(42.0, 6.10110182169619)	(43.0, 5.701530105647787)	(44.0, 5.168243771017026)	(45.0, 4.497850305822544)	(46.0, 3.7700737416262875)	(47.0, 3.0334849206979637)	(48.0, 2.3709935260942094)	(49.0, 1.8000585828898246)	(50.0, 1.32986469669288)	(51.0, 0.964093984166071)	(52.0, 0.6606296502237403)	(53.0, 0.45554816374083196)	(54.0, 0.3001959382529722)	(55.0, 0.2037989514655652)	(56.0, 0.1495601318611486)	(57.0, 0.1018994757327826)	(58.0, 0.06962923981253476)	(59.0, 0.05072219133105621)	(60.0, 0.037276259697619614)	(61.0, 0.03020163105356528)	(62.0, 0.02395444435618397)	(63.0, 0.017459025074800752)	(64.0, 0.015266303916117245)	(65.0, 0.014107885190775014)	(66.0, 0.012204768713427065)	(67.0, 0.009805187068075304)	(68.0, 0.007819326396060053)	(69.0, 0.006247186697381312)	(70.0, 0.005626605237376545)	(71.0, 0.0057507215293775)	(72.0, 0.005130140069372732)	(73.0, 0.00426132602536606)	(74.0, 0.0037234887600285965)	(75.0, 0.0032270235920247837)	(76.0, 0.0037648608573622473)	(77.0, 0.004178581830698758)	(78.0, 0.0037234887600285965)	(79.0, 0.0035166282733603412)	(80.0, 0.0031442793973574814)	(81.0, 0.0027305584240209704)	(82.0, 0.002937418910689226)	(83.0, 0.0029787910080228772)	(84.0, 0.0026891863266873197)	(85.0, 0.0031856514946911325)	(86.0, 0.0028546747160219242)	(87.0, 0.0021099769640162045)	(88.0, 0.002440953742685413)	(89.0, 0.002523697937352715)	(90.0, 0.0033511398840257367)	(91.0, 0.003971721344030503)	(92.0, 0.003558000370693992)	(93.0, 0.0038062329546958984)	(94.0, 0.0037234887600285965)	(95.0, 0.004426814414700665)	(96.0, 0.0057507215293775)	(97.0, 0.007198744936055286)	(98.0, 0.01079811740408293)	(99.0, 0.0213066301268303)	(100.0, 0.1674328779092859)
PID-2861-28_R1	(0.0, 0.0)	(1.0, 0.0)	(2.0, 0.0)	(3.0, 5.112981553385152e-05)	(4.0, 0.00015338944660155454)	(5.0, 0.00010225963106770304)	(6.0, 0.00025564907766925757)	(7.0, 0.0003579087087369606)	(8.0, 0.00020451926213540609)	(9.0, 0.0005624279708723667)	(10.0, 0.0019429329902863576)	(11.0, 0.0037324765339711605)	(12.0, 0.0071070443592053615)	(13.0, 0.015338944660155455)	(14.0, 0.02904173522322766)	(15.0, 0.0488289738348282)	(16.0, 0.07669472330077727)	(17.0, 0.11570677255310598)	(18.0, 0.16428009731026494)	(19.0, 0.2162791197081919)	(20.0, 0.27881088410609234)	(21.0, 0.355710126669005)	(22.0, 0.44426696717363584)	(23.0, 0.5454528721151279)	(24.0, 0.6640740441536636)	(25.0, 0.8103564463960126)	(26.0, 0.9669670713762)	(27.0, 1.1408595740068288)	(28.0, 1.3739092732101241)	(29.0, 1.6367676548696548)	(30.0, 1.9456428705096518)	(31.0, 2.3206800674504526)	(32.0, 2.744188329517345)	(33.0, 3.1977097933026077)	(34.0, 3.692390758592621)	(35.0, 4.249296709387332)	(36.0, 4.8350910059586685)	(37.0, 5.391894697122312)	(38.0, 5.868015539373537)	(39.0, 6.221066915634782)	(40.0, 6.448185556236149)	(41.0, 6.488117942168088)	(42.0, 6.271429783935625)	(43.0, 5.85144947914057)	(44.0, 5.275165328258528)	(45.0, 4.620857078871831)	(46.0, 3.8827981916406844)	(47.0, 3.1194300457202813)	(48.0, 2.4319385460521135)	(49.0, 1.8372476615778863)	(50.0, 1.364347997705294)	(51.0, 0.9630812053956272)	(52.0, 0.661159644668234)	(53.0, 0.4581231471833096)	(54.0, 0.29333175171770615)	(55.0, 0.19598058294125284)	(56.0, 0.14306122386371656)	(57.0, 0.09499919726189611)	(58.0, 0.0607422208542156)	(59.0, 0.04417616062124771)	(60.0, 0.03308099065040193)	(61.0, 0.023775364223240957)	(62.0, 0.016923968941704854)	(63.0, 0.01319149240773369)	(64.0, 0.010583871815507264)	(65.0, 0.008180770485416242)	(66.0, 0.0067491356504684)	(67.0, 0.005215241184452855)	(68.0, 0.003221178378632646)	(69.0, 0.0020451926213540606)	(70.0, 0.0017895435436848031)	(71.0, 0.0018406733592186545)	(72.0, 0.001175985757278585)	(73.0, 0.0005112981553385151)	(74.0, 0.00040903852427081217)	(75.0, 0.00020451926213540609)	(76.0, 0.00010225963106770304)	(77.0, 5.112981553385152e-05)	(78.0, 5.112981553385152e-05)	(79.0, 0.00010225963106770304)	(80.0, 0.00010225963106770304)	(81.0, 0.00010225963106770304)	(82.0, 5.112981553385152e-05)	(83.0, 0.00015338944660155454)	(84.0, 0.00020451926213540609)	(85.0, 0.00010225963106770304)	(86.0, 0.00010225963106770304)	(87.0, 0.00015338944660155454)	(88.0, 0.00010225963106770304)	(89.0, 0.0)	(90.0, 0.0)	(91.0, 0.0)	(92.0, 5.112981553385152e-05)	(93.0, 5.112981553385152e-05)	(94.0, 0.0)	(95.0, 0.0)	(96.0, 5.112981553385152e-05)	(97.0, 5.112981553385152e-05)	(98.0, 5.112981553385152e-05)	(99.0, 5.112981553385152e-05)	(100.0, 0.0)
PID-2861-28_R2	(0.0, 0.0)	(1.0, 0.0)	(2.0, 0.0)	(3.0, 0.0)	(4.0, 0.0)	(5.0, 0.0)	(6.0, 5.1194941120698216e-05)	(7.0, 0.00015358482336209463)	(8.0, 0.00040955952896558573)	(9.0, 0.0009727038812932662)	(10.0, 0.0017406279981037394)	(11.0, 0.00399320540741446)	(12.0, 0.00747446140362194)	(13.0, 0.0143345835137955)	(14.0, 0.027133318793970053)	(15.0, 0.0488911687702668)	(16.0, 0.07807228520906478)	(17.0, 0.11426710858139842)	(18.0, 0.15624696030037097)	(19.0, 0.19694693849132602)	(20.0, 0.26872224594254496)	(21.0, 0.35406421279074884)	(22.0, 0.4422730963417119)	(23.0, 0.5406697731756939)	(24.0, 0.6492542432926949)	(25.0, 0.7966956737203056)	(26.0, 0.9537617530786078)	(27.0, 1.1389850500532939)	(28.0, 1.3734578803860917)	(29.0, 1.6404906932716536)	(30.0, 1.9600495157470519)	(31.0, 2.3254790054665957)	(32.0, 2.7344241951387334)	(33.0, 3.1881649582914813)	(34.0, 3.685114251750099)	(35.0, 4.230545154450018)	(36.0, 4.803979689942959)	(37.0, 5.363284421686586)	(38.0, 5.814363047901058)	(39.0, 6.179178198327154)	(40.0, 6.411808010779607)	(41.0, 6.414879707246849)	(42.0, 6.189314796669052)	(43.0, 5.797315132507866)	(44.0, 5.268113026143208)	(45.0, 4.609541303566546)	(46.0, 3.9001841993981525)	(47.0, 3.160980444556391)	(48.0, 2.452852018974893)	(49.0, 1.8435298297563427)	(50.0, 1.346785316062208)	(51.0, 0.9653318097718857)	(52.0, 0.6836572437258039)	(53.0, 0.4761641473636141)	(54.0, 0.32375680764729553)	(55.0, 0.2202918316423644)	(56.0, 0.15471111206675)	(57.0, 0.10602472306096601)	(58.0, 0.0718776973334603)	(59.0, 0.04766249018337004)	(60.0, 0.037321112076989)	(61.0, 0.03128010902474661)	(62.0, 0.02344728303327978)	(63.0, 0.01945407762586532)	(64.0, 0.016177601394140637)	(65.0, 0.012542760574571063)	(66.0, 0.011365276928795003)	(67.0, 0.01059735281198453)	(68.0, 0.00829358046155311)	(69.0, 0.0070649018746563545)	(70.0, 0.006706537286811466)	(71.0, 0.0057338334055182)	(72.0, 0.0052730789354319164)	(73.0, 0.0048123244653456325)	(74.0, 0.003788425642931668)	(75.0, 0.002918111643879798)	(76.0, 0.002559747056034911)	(77.0, 0.002918111643879798)	(78.0, 0.0026109419971556093)	(79.0, 0.0022525774093107216)	(80.0, 0.0029693065850004965)	(81.0, 0.003378866113966082)	(82.0, 0.003481255996207479)	(83.0, 0.0032252812906039875)	(84.0, 0.003020501526121195)	(85.0, 0.003122891408362591)	(86.0, 0.003020501526121195)	(87.0, 0.002764526820517704)	(88.0, 0.003174086349483289)	(89.0, 0.003686035760690272)	(90.0, 0.00373723070181097)	(91.0, 0.0038396205840523666)	(92.0, 0.0036348408195695735)	(93.0, 0.003276476231724686)	(94.0, 0.003378866113966082)	(95.0, 0.003788425642931668)	(96.0, 0.0047611295242249345)	(97.0, 0.007218486698018449)	(98.0, 0.012440370692329665)	(99.0, 0.02319130832767629)	(100.0, 0.143345835137955)
PID-2861-29_R1	(0.0, 0.0)	(1.0, 0.0)	(2.0, 0.0)	(3.0, 0.0)	(4.0, 0.0)	(5.0, 5.648881352025858e-05)	(6.0, 0.00022595525408103433)	(7.0, 0.0002824440676012929)	(8.0, 0.0003954216946418101)	(9.0, 0.001073287456884913)	(10.0, 0.002711463048972412)	(11.0, 0.004462616268100428)	(12.0, 0.00717407931707284)	(13.0, 0.018132909140003005)	(14.0, 0.03315893353639179)	(15.0, 0.05857889962050815)	(16.0, 0.08981721349721114)	(17.0, 0.13111053618052018)	(18.0, 0.18517033071940764)	(19.0, 0.23832630424197096)	(20.0, 0.32317250214939935)	(21.0, 0.4084706105649898)	(22.0, 0.49789240236755916)	(23.0, 0.6039219053450845)	(24.0, 0.7353713744067262)	(25.0, 0.8947828061608959)	(26.0, 1.0569057009640381)	(27.0, 1.2490806445599578)	(28.0, 1.497687912862616)	(29.0, 1.7845945967320092)	(30.0, 2.104095326002592)	(31.0, 2.4739275881197247)	(32.0, 2.8717218129293856)	(33.0, 3.3031833705971207)	(34.0, 3.8032223478784495)	(35.0, 4.353253925125208)	(36.0, 4.892383161362555)	(37.0, 5.40682678609155)	(38.0, 5.838966209521528)	(39.0, 6.156659296759463)	(40.0, 6.352449524420679)	(41.0, 6.310308869534566)	(42.0, 6.056730585642126)	(43.0, 5.658879872018944)	(44.0, 5.091562717834988)	(45.0, 4.429344356936996)	(46.0, 3.7461121574094682)	(47.0, 3.006221677921121)	(48.0, 2.3087542973864887)	(49.0, 1.7505318421792933)	(50.0, 1.300711420117474)	(51.0, 0.940199812231184)	(52.0, 0.6431816307416642)	(53.0, 0.4372799054603217)	(54.0, 0.2926685428484597)	(55.0, 0.1947734290178516)	(56.0, 0.1361380405838232)	(57.0, 0.09077752332705555)	(58.0, 0.06258960538044651)	(59.0, 0.04259256539427497)	(60.0, 0.02801845150604826)	(61.0, 0.02270850303514395)	(62.0, 0.018584819648165073)	(63.0, 0.012540516601497406)	(64.0, 0.009603098298443958)	(65.0, 0.008077900333396977)	(66.0, 0.006948124062991806)	(67.0, 0.005422926097944824)	(68.0, 0.003106884743614222)	(69.0, 0.0012992427109659473)	(70.0, 0.0012992427109659473)	(71.0, 0.001073287456884913)	(72.0, 0.0005648881352025858)	(73.0, 0.00045191050816206866)	(74.0, 0.00022595525408103433)	(75.0, 0.00011297762704051716)	(76.0, 0.0)	(77.0, 0.00011297762704051716)	(78.0, 0.00016946644056077575)	(79.0, 0.00016946644056077575)	(80.0, 0.00011297762704051716)	(81.0, 5.648881352025858e-05)	(82.0, 5.648881352025858e-05)	(83.0, 0.0)	(84.0, 5.648881352025858e-05)	(85.0, 5.648881352025858e-05)	(86.0, 0.0)	(87.0, 0.0)	(88.0, 0.0)	(89.0, 0.0)	(90.0, 5.648881352025858e-05)	(91.0, 5.648881352025858e-05)	(92.0, 5.648881352025858e-05)	(93.0, 0.00011297762704051716)	(94.0, 5.648881352025858e-05)	(95.0, 0.0)	(96.0, 0.0)	(97.0, 5.648881352025858e-05)	(98.0, 5.648881352025858e-05)	(99.0, 5.648881352025858e-05)	(100.0, 5.648881352025858e-05)
PID-2861-29_R2	(0.0, 0.0)	(1.0, 0.0)	(2.0, 0.0)	(3.0, 0.0)	(4.0, 0.0)	(5.0, 0.0)	(6.0, 0.000113157629709762)	(7.0, 0.000452630518839048)	(8.0, 0.000509209333693929)	(9.0, 0.000905261037678096)	(10.0, 0.002885519557598931)	(11.0, 0.0049223568923746465)	(12.0, 0.008599979857941913)	(13.0, 0.018501272457546084)	(14.0, 0.031853872763298)	(15.0, 0.057710391151978624)	(16.0, 0.09007347324897054)	(17.0, 0.12911285549883844)	(18.0, 0.18331536012981445)	(19.0, 0.2393849656510015)	(20.0, 0.3184255700032702)	(21.0, 0.4060661542134809)	(22.0, 0.489237012050156)	(23.0, 0.5839499481172268)	(24.0, 0.7081404467236906)	(25.0, 0.8720492733582809)	(26.0, 1.0410501933298102)	(27.0, 1.2391892029516036)	(28.0, 1.4896636163141619)	(29.0, 1.7526985265745036)	(30.0, 2.0508123020448714)	(31.0, 2.428702206460622)	(32.0, 2.875391949739907)	(33.0, 3.3312474610256833)	(34.0, 3.794967427576288)	(35.0, 4.3214332998009555)	(36.0, 4.876528052342193)	(37.0, 5.369838739061901)	(38.0, 5.750331268960975)	(39.0, 6.050198987691845)	(40.0, 6.284548438820761)	(41.0, 6.320419407438756)	(42.0, 6.066323949925486)	(43.0, 5.62218025331467)	(44.0, 5.104766991466783)	(45.0, 4.4749882033171025)	(46.0, 3.7374267728688744)	(47.0, 2.9958482465659486)	(48.0, 2.329066913501176)	(49.0, 1.779064254296878)	(50.0, 1.3246797921973288)	(51.0, 0.9418109520743491)	(52.0, 0.6502037403122924)	(53.0, 0.45313972817274184)	(54.0, 0.302866395918178)	(55.0, 0.20736135644313886)	(56.0, 0.14908517714261144)	(57.0, 0.10348265236957734)	(58.0, 0.07309982879250625)	(59.0, 0.053353822408152785)	(60.0, 0.04096306195493384)	(61.0, 0.032193345652427284)	(62.0, 0.024611784461873235)	(63.0, 0.0169736444564643)	(64.0, 0.015502595270237392)	(65.0, 0.01357891556517144)	(66.0, 0.011485499415540843)	(67.0, 0.010071029044168817)	(68.0, 0.006449984893456434)	(69.0, 0.006053933189472267)	(70.0, 0.006223669634036909)	(71.0, 0.004696041632955123)	(72.0, 0.004752620447810004)	(73.0, 0.0049223568923746465)	(74.0, 0.004696041632955123)	(75.0, 0.004186832299261194)	(76.0, 0.003621044150712384)	(77.0, 0.0035644653358575026)	(78.0, 0.00396051703984167)	(79.0, 0.003507886521002622)	(80.0, 0.0032815712615830977)	(81.0, 0.0035644653358575026)	(82.0, 0.0032815712615830977)	(83.0, 0.003338150076437979)	(84.0, 0.002942098372453812)	(85.0, 0.002546046668469645)	(86.0, 0.002489467853614764)	(87.0, 0.002659204298179407)	(88.0, 0.0037342017804221457)	(89.0, 0.0035644653358575026)	(90.0, 0.00339472889129286)	(91.0, 0.003168413631873336)	(92.0, 0.002885519557598931)	(93.0, 0.004073674669551432)	(94.0, 0.00509209333693929)	(95.0, 0.0049223568923746465)	(96.0, 0.005431566226068576)	(97.0, 0.00916576800649072)	(98.0, 0.01357891556517144)	(99.0, 0.02551704549955133)	(100.0, 0.17737458457005192)
PID-2861-2_R1	(0.0, 0.0)	(1.0, 0.0)	(2.0, 0.0)	(3.0, 0.0)	(4.0, 0.0)	(5.0, 5.2262222565991504e-05)	(6.0, 0.00036583555796194055)	(7.0, 0.0006271466707918981)	(8.0, 0.00047036000309392357)	(9.0, 0.0009929822287538387)	(10.0, 0.0030312089088275073)	(11.0, 0.006480515598182948)	(12.0, 0.010922804516292225)	(13.0, 0.01834404012066302)	(14.0, 0.036113195793100135)	(15.0, 0.060990013734512086)	(16.0, 0.09496045840240656)	(17.0, 0.135359156445918)	(18.0, 0.1778483433920691)	(19.0, 0.23549357488235773)	(20.0, 0.2973720464004917)	(21.0, 0.37022558465748384)	(22.0, 0.47840838536908625)	(23.0, 0.5858072527421988)	(24.0, 0.7054354801957534)	(25.0, 0.8588773656495045)	(26.0, 1.0224058600584918)	(27.0, 1.2190163413517519)	(28.0, 1.4390402983545763)	(29.0, 1.6985744956172901)	(30.0, 2.002165746503135)	(31.0, 2.3328288286781627)	(32.0, 2.76937517377189)	(33.0, 3.255048008077649)	(34.0, 3.796014273858227)	(35.0, 4.416001020158585)	(36.0, 4.988376881701324)	(37.0, 5.4756175826840625)	(38.0, 5.893767625434561)	(39.0, 6.214135049764089)	(40.0, 6.418689388887379)	(41.0, 6.396477944296833)	(42.0, 6.108826671293616)	(43.0, 5.665381712821178)	(44.0, 5.094207882397456)	(45.0, 4.45504090041538)	(46.0, 3.761939304745201)	(47.0, 3.0377416866482565)	(48.0, 2.351016082131128)	(49.0, 1.771428033874282)	(50.0, 1.3000750485516048)	(51.0, 0.9365912906051339)	(52.0, 0.670733364411935)	(53.0, 0.46058696747408323)	(54.0, 0.30981045537119767)	(55.0, 0.21547714363958298)	(56.0, 0.1460206498493803)	(57.0, 0.09224282282897502)	(58.0, 0.06245335596635985)	(59.0, 0.04212335138818916)	(60.0, 0.03010304019801111)	(61.0, 0.02111393791666057)	(62.0, 0.014058537870251716)	(63.0, 0.009041364503916531)	(64.0, 0.00658504004331493)	(65.0, 0.005853368927391049)	(66.0, 0.005435271146863117)	(67.0, 0.004442288918109278)	(68.0, 0.002665373350865567)	(69.0, 0.0008361955610558641)	(70.0, 0.00020904889026396602)	(71.0, 0.00031357333539594907)	(72.0, 0.00036583555796194055)	(73.0, 0.00015678666769797453)	(74.0, 0.00010452444513198301)	(75.0, 0.00010452444513198301)	(76.0, 5.2262222565991504e-05)	(77.0, 0.0)	(78.0, 0.0)	(79.0, 5.2262222565991504e-05)	(80.0, 0.00010452444513198301)	(81.0, 5.2262222565991504e-05)	(82.0, 0.0)	(83.0, 5.2262222565991504e-05)	(84.0, 0.00010452444513198301)	(85.0, 5.2262222565991504e-05)	(86.0, 5.2262222565991504e-05)	(87.0, 5.2262222565991504e-05)	(88.0, 0.0)	(89.0, 5.2262222565991504e-05)	(90.0, 0.00010452444513198301)	(91.0, 0.00010452444513198301)	(92.0, 5.2262222565991504e-05)	(93.0, 0.0)	(94.0, 5.2262222565991504e-05)	(95.0, 5.2262222565991504e-05)	(96.0, 5.2262222565991504e-05)	(97.0, 5.2262222565991504e-05)	(98.0, 0.0)	(99.0, 5.2262222565991504e-05)	(100.0, 5.2262222565991504e-05)
PID-2861-2_R2	(0.0, 0.0)	(1.0, 5.236312149134359e-05)	(2.0, 5.236312149134359e-05)	(3.0, 0.0)	(4.0, 0.0)	(5.0, 0.00015708936447403078)	(6.0, 0.00036654185043940516)	(7.0, 0.00047126809342209233)	(8.0, 0.00047126809342209233)	(9.0, 0.0009948993083355282)	(10.0, 0.0020421617381624)	(11.0, 0.005759943364047795)	(12.0, 0.011624612971078278)	(13.0, 0.021049974839520123)	(14.0, 0.035973464464553045)	(15.0, 0.059955774107588414)	(16.0, 0.09247327255371278)	(17.0, 0.12619512279413805)	(18.0, 0.17012778172537532)	(19.0, 0.22107709893645264)	(20.0, 0.2837033922400996)	(21.0, 0.36821747032712815)	(22.0, 0.4699590153848087)	(23.0, 0.5726430966293334)	(24.0, 0.6992571243954023)	(25.0, 0.849015651860645)	(26.0, 1.0045864858114268)	(27.0, 1.2101641007864417)	(28.0, 1.4291466748632407)	(29.0, 1.6654614421536742)	(30.0, 1.9717857028780341)	(31.0, 2.317539394085376)	(32.0, 2.7644586360139933)	(33.0, 3.2490793254163783)	(34.0, 3.7806697347964984)	(35.0, 4.4135304211408775)	(36.0, 4.971668933117108)	(37.0, 5.4242957552882825)	(38.0, 5.832780466042254)	(39.0, 6.1743451075302875)	(40.0, 6.349395022675849)	(41.0, 6.305148185015665)	(42.0, 6.068152697145844)	(43.0, 5.660453433214243)	(44.0, 5.116924232134096)	(45.0, 4.470449134201967)	(46.0, 3.7451151753038765)	(47.0, 3.0293113045172095)	(48.0, 2.3679127169600482)	(49.0, 1.7963692458820333)	(50.0, 1.329237839057757)	(51.0, 0.9725926185802157)	(52.0, 0.6909837511997701)	(53.0, 0.46393725641330424)	(54.0, 0.32156192907834097)	(55.0, 0.22542323802023415)	(56.0, 0.15546610770779912)	(57.0, 0.10315534933794687)	(58.0, 0.06890986788260817)	(59.0, 0.04922133420186297)	(60.0, 0.03717781625885395)	(61.0, 0.026809918203567918)	(62.0, 0.020369254260132655)	(63.0, 0.01576129956889442)	(64.0, 0.011415160485112904)	(65.0, 0.010420261176777374)	(66.0, 0.009791903718881253)	(67.0, 0.008378099438614974)	(68.0, 0.006911932036857353)	(69.0, 0.005655217121065108)	(70.0, 0.005183949027643016)	(71.0, 0.004293775962290174)	(72.0, 0.003717781625885395)	(73.0, 0.003927234111850769)	(74.0, 0.004031960354833456)	(75.0, 0.0036130553829027082)	(76.0, 0.002984697925006585)	(77.0, 0.002984697925006585)	(78.0, 0.0032465135324633025)	(79.0, 0.0032465135324633025)	(80.0, 0.002984697925006585)	(81.0, 0.002827608560532554)	(82.0, 0.0026181560745671796)	(83.0, 0.0036130553829027082)	(84.0, 0.004241412840798831)	(85.0, 0.0036130553829027082)	(86.0, 0.0037701447473767386)	(87.0, 0.0038225078688680822)	(88.0, 0.0028799716820238977)	(89.0, 0.002461066710093149)	(90.0, 0.003194150410971959)	(91.0, 0.0034559660184286765)	(92.0, 0.00350832913992002)	(93.0, 0.0034036028969373334)	(94.0, 0.0034559660184286765)	(95.0, 0.004241412840798831)	(96.0, 0.0053410383921170465)	(97.0, 0.008587551924580349)	(98.0, 0.014661674017576207)	(99.0, 0.027752454390412105)	(100.0, 0.20877176538598688)
PID-2861-30_R1	(0.0, 0.0)	(1.0, 0.0)	(2.0, 0.0)	(3.0, 0.0)	(4.0, 0.0)	(5.0, 0.0)	(6.0, 0.00019238267222096816)	(7.0, 0.00025651022962795754)	(8.0, 0.0005130204592559151)	(9.0, 0.0014108062629537665)	(10.0, 0.0030781227555354905)	(11.0, 0.005707352609222055)	(12.0, 0.010196281627711313)	(13.0, 0.025138002503539838)	(14.0, 0.0453381830867415)	(15.0, 0.0761835381995034)	(16.0, 0.10972225072335884)	(17.0, 0.15929285259896164)	(18.0, 0.22431819580964887)	(19.0, 0.2756202417352404)	(20.0, 0.3706572818123987)	(21.0, 0.465245428987708)	(22.0, 0.5488677638464221)	(23.0, 0.6472394369087439)	(24.0, 0.774083745459769)	(25.0, 0.9515246968049085)	(26.0, 1.1305047095278158)	(27.0, 1.3214124479284235)	(28.0, 1.553361823069504)	(29.0, 1.8442444234676079)	(30.0, 2.1670625474543925)	(31.0, 2.502000779791098)	(32.0, 2.896321130286676)	(33.0, 3.34290544006895)	(34.0, 3.8368158872175826)	(35.0, 4.365483470480803)	(36.0, 4.8366927623073614)	(37.0, 5.323356795469003)	(38.0, 5.7659651966920435)	(39.0, 6.065825655127126)	(40.0, 6.234417003550101)	(41.0, 6.218320986640948)	(42.0, 6.002531755966428)	(43.0, 5.5366450514046495)	(44.0, 4.997332293611869)	(45.0, 4.406140341876834)	(46.0, 3.6888094847222512)	(47.0, 2.9525609981326055)	(48.0, 2.3068606226016293)	(49.0, 1.7511953376700664)	(50.0, 1.2828717859268228)	(51.0, 0.9262584391865548)	(52.0, 0.634670435656974)	(53.0, 0.44004329892676125)	(54.0, 0.29287055467772055)	(55.0, 0.19764113192834132)	(56.0, 0.14505653485461)	(57.0, 0.096640229012333)	(58.0, 0.06791108329400176)	(59.0, 0.046941372021916235)	(60.0, 0.03341045740904147)	(61.0, 0.02533038517576081)	(62.0, 0.01686554759803821)	(63.0, 0.012889639038804867)	(64.0, 0.010003898955490345)	(65.0, 0.006797521085140876)	(66.0, 0.006027990396257003)	(67.0, 0.005066077035152162)	(68.0, 0.0026933574110935546)	(69.0, 0.0014108062629537665)	(70.0, 0.001795571607395703)	(71.0, 0.0021803369518376393)	(72.0, 0.0015390613777677452)	(73.0, 0.0005771480166629044)	(74.0, 0.00019238267222096816)	(75.0, 0.00012825511481397877)	(76.0, 6.412755740698939e-05)	(77.0, 0.0)	(78.0, 6.412755740698939e-05)	(79.0, 6.412755740698939e-05)	(80.0, 0.0)	(81.0, 0.0)	(82.0, 0.0)	(83.0, 0.0)	(84.0, 0.0)	(85.0, 0.00012825511481397877)	(86.0, 0.00012825511481397877)	(87.0, 6.412755740698939e-05)	(88.0, 6.412755740698939e-05)	(89.0, 0.0)	(90.0, 6.412755740698939e-05)	(91.0, 0.00012825511481397877)	(92.0, 6.412755740698939e-05)	(93.0, 0.0)	(94.0, 0.0)	(95.0, 0.0)	(96.0, 0.0)	(97.0, 0.0)	(98.0, 0.0)	(99.0, 0.0)	(100.0, 0.0)
PID-2861-30_R2	(0.0, 0.0)	(1.0, 0.0)	(2.0, 0.0)	(3.0, 0.0)	(4.0, 0.0)	(5.0, 0.0)	(6.0, 6.41975435451938e-05)	(7.0, 6.41975435451938e-05)	(8.0, 0.0002567901741807752)	(9.0, 0.0016691361321750386)	(10.0, 0.0029530870030789144)	(11.0, 0.005713581375522247)	(12.0, 0.010720989772047362)	(13.0, 0.021634572174730308)	(14.0, 0.04044445243347208)	(15.0, 0.06830618633208618)	(16.0, 0.10875063876555828)	(17.0, 0.16299756306124702)	(18.0, 0.21653831437793863)	(19.0, 0.26796054675763886)	(20.0, 0.3498766123213061)	(21.0, 0.4503457679695344)	(22.0, 0.5421482552391615)	(23.0, 0.6409482747552148)	(24.0, 0.7811557098579179)	(25.0, 0.9532693241025826)	(26.0, 1.127694049914874)	(27.0, 1.3304298924305962)	(28.0, 1.5529385783582377)	(29.0, 1.8295015959509324)	(30.0, 2.149718943154359)	(31.0, 2.4864992565924458)	(32.0, 2.886770940596729)	(33.0, 3.3516895509510225)	(34.0, 3.8239908788130132)	(35.0, 4.33134406545068)	(36.0, 4.881452816089445)	(37.0, 5.378662790846971)	(38.0, 5.772899905758006)	(39.0, 6.097097500661235)	(40.0, 6.243660492574913)	(41.0, 6.174712330807374)	(42.0, 5.930119689900186)	(43.0, 5.515531953685325)	(44.0, 5.001887407780229)	(45.0, 4.3601045649589265)	(46.0, 3.6437241765381088)	(47.0, 2.9267660102253847)	(48.0, 2.273042424304676)	(49.0, 1.7169633021162078)	(50.0, 1.2773385239187207)	(51.0, 0.9165483291947317)	(52.0, 0.6392791386230398)	(53.0, 0.44463218659401216)	(54.0, 0.2913284526080894)	(55.0, 0.20100250884000173)	(56.0, 0.14970867154739192)	(57.0, 0.10566915667538897)	(58.0, 0.07177285368352665)	(59.0, 0.051614825010335805)	(60.0, 0.04012346471574612)	(61.0, 0.031200006162964183)	(62.0, 0.02234074515372744)	(63.0, 0.018745682715196586)	(64.0, 0.015600003081482091)	(65.0, 0.013866669405761858)	(66.0, 0.012069138186496431)	(67.0, 0.0093086438140531)	(68.0, 0.007960495399604028)	(69.0, 0.006162964180338603)	(70.0, 0.006355556810974185)	(71.0, 0.005841976462612635)	(72.0, 0.004622223135253953)	(73.0, 0.0040444452433472085)	(74.0, 0.00372345752562124)	(75.0, 0.0040444452433472085)	(76.0, 0.0037876550691664334)	(77.0, 0.004172840330437596)	(78.0, 0.003980247699802014)	(79.0, 0.00288888945953372)	(80.0, 0.003595062438530852)	(81.0, 0.003595062438530852)	(82.0, 0.0026962968288981393)	(83.0, 0.0027604943724433327)	(84.0, 0.0025037041982625577)	(85.0, 0.0022469140240817826)	(86.0, 0.0025037041982625577)	(87.0, 0.00288888945953372)	(88.0, 0.0027604943724433327)	(89.0, 0.002439506654717364)	(90.0, 0.00237530911117217)	(91.0, 0.003017284546624108)	(92.0, 0.0030814820901693017)	(93.0, 0.003145679633714495)	(94.0, 0.003530864894985658)	(95.0, 0.0043654329610731775)	(96.0, 0.004879013309434728)	(97.0, 0.006869137159335735)	(98.0, 0.011298767663954106)	(99.0, 0.022661732871453406)	(100.0, 0.12402965412931438)
PID-2861-31_R1	(0.0, 0.0)	(1.0, 0.0)	(2.0, 0.0)	(3.0, 0.0)	(4.0, 0.0001889116422466884)	(5.0, 0.0001889116422466884)	(6.0, 0.0)	(7.0, 0.0002833674633700326)	(8.0, 0.0009445582112334419)	(9.0, 0.0032114979181937023)	(10.0, 0.007273098226497503)	(11.0, 0.010862419429184582)	(12.0, 0.016624224517708577)	(13.0, 0.03154824425519696)	(14.0, 0.05298971565019609)	(15.0, 0.08661598797010663)	(16.0, 0.12402049313495092)	(17.0, 0.17408207833032333)	(18.0, 0.24397938596159804)	(19.0, 0.3032976416270582)	(20.0, 0.37451733075405974)	(21.0, 0.45622161602575245)	(22.0, 0.5484104974421364)	(23.0, 0.6634576875703696)	(24.0, 0.7956958371430515)	(25.0, 0.9455027694446753)	(26.0, 1.1121228379062547)	(27.0, 1.2963116890967756)	(28.0, 1.5207387200858413)	(29.0, 1.8102458118288915)	(30.0, 2.1177939654065)	(31.0, 2.4639745498235563)	(32.0, 2.8839251305379445)	(33.0, 3.354031752268829)	(34.0, 3.838590114631585)	(35.0, 4.29377271662498)	(36.0, 4.841049744213636)	(37.0, 5.379353468795575)	(38.0, 5.797226021445249)	(39.0, 6.116297785199906)	(40.0, 6.280556458133402)	(41.0, 6.316544125981396)	(42.0, 6.051501091909292)	(43.0, 5.596601857379267)	(44.0, 5.044885406197813)	(45.0, 4.352429781542577)	(46.0, 3.660824259277451)	(47.0, 2.956750568624043)	(48.0, 2.2725126004065377)	(49.0, 1.7035107339595124)	(50.0, 1.2556956860137378)	(51.0, 0.9080038084587078)	(52.0, 0.6307759734616925)	(53.0, 0.4254290183395422)	(54.0, 0.2826118168010458)	(55.0, 0.1840943953693978)	(56.0, 0.12647634448415787)	(57.0, 0.08255438766180283)	(58.0, 0.05223406908120933)	(59.0, 0.03579875620574745)	(60.0, 0.02909239290599001)	(61.0, 0.02276385289072595)	(62.0, 0.01605748959096851)	(63.0, 0.010484596144691206)	(64.0, 0.008973303006717698)	(65.0, 0.007273098226497503)	(66.0, 0.0050061585195372415)	(67.0, 0.0036837770238104233)	(68.0, 0.0031170420970703583)	(69.0, 0.0021724838858369166)	(70.0, 0.0015112931379735071)	(71.0, 0.0009445582112334419)	(72.0, 0.0007556465689867536)	(73.0, 0.0006611907478634093)	(74.0, 0.0003778232844933768)	(75.0, 0.0002833674633700326)	(76.0, 0.0005667349267400652)	(77.0, 0.0005667349267400652)	(78.0, 0.0001889116422466884)	(79.0, 0.0)	(80.0, 0.0)	(81.0, 0.0)	(82.0, 0.0)	(83.0, 0.0)	(84.0, 0.0)	(85.0, 0.0)	(86.0, 0.0)	(87.0, 0.0)	(88.0, 0.0)	(89.0, 0.0)	(90.0, 9.44558211233442e-05)	(91.0, 9.44558211233442e-05)	(92.0, 0.0)	(93.0, 9.44558211233442e-05)	(94.0, 9.44558211233442e-05)	(95.0, 0.0)	(96.0, 0.0)	(97.0, 0.0)	(98.0, 0.0)	(99.0, 0.0)	(100.0, 0.0)
PID-2861-31_R2	(0.0, 0.0)	(1.0, 0.0)	(2.0, 0.0)	(3.0, 0.0)	(4.0, 0.0)	(5.0, 0.0)	(6.0, 9.464337430129529e-05)	(7.0, 0.00047321687150647646)	(8.0, 0.0009464337430129529)	(9.0, 0.002933944603340154)	(10.0, 0.005394672335173832)	(11.0, 0.007382183195501033)	(12.0, 0.011262561541854139)	(13.0, 0.025742997809952317)	(14.0, 0.04760561727355153)	(15.0, 0.07618791631254271)	(16.0, 0.11820957450231781)	(17.0, 0.16941163999931858)	(18.0, 0.22260121635664654)	(19.0, 0.2738979252279486)	(20.0, 0.34923405117177964)	(21.0, 0.4371577458976829)	(22.0, 0.5246082237520798)	(23.0, 0.6328802439527617)	(24.0, 0.7524148256952976)	(25.0, 0.8945691738958431)	(26.0, 1.0685236958616238)	(27.0, 1.2791052036820059)	(28.0, 1.5132529117034104)	(29.0, 1.7805258007302684)	(30.0, 2.082059591254195)	(31.0, 2.4311989990516736)	(32.0, 2.8471566291058665)	(33.0, 3.2906554810817363)	(34.0, 3.7664277236943473)	(35.0, 4.301730648742474)	(36.0, 4.863155145097757)	(37.0, 5.356436411956108)	(38.0, 5.757818962367901)	(39.0, 6.048752694970084)	(40.0, 6.242582325539136)	(41.0, 6.269461043840704)	(42.0, 6.022063263417118)	(43.0, 5.580741209050178)	(44.0, 5.032188211599871)	(45.0, 4.399307967647109)	(46.0, 3.6833308410578103)	(47.0, 2.9647036999880747)	(48.0, 2.3280377210632617)	(49.0, 1.7536470824287005)	(50.0, 1.2981285219165661)	(51.0, 0.9424587212922985)	(52.0, 0.6442374488689171)	(53.0, 0.4430256351043632)	(54.0, 0.2982212724233815)	(55.0, 0.20111717039025248)	(56.0, 0.1408293409603274)	(57.0, 0.09738803215603285)	(58.0, 0.07079324397736889)	(59.0, 0.05044491850259039)	(60.0, 0.03558590873728703)	(61.0, 0.029244802659100247)	(62.0, 0.023850130323926414)	(63.0, 0.0200643953518746)	(64.0, 0.017130450748534445)	(65.0, 0.013250072402181342)	(66.0, 0.014291149519495588)	(67.0, 0.013912576022290409)	(68.0, 0.009180407307225644)	(69.0, 0.0060571759552828985)	(70.0, 0.005867889206680308)	(71.0, 0.0059625325809816035)	(72.0, 0.005489315709475127)	(73.0, 0.006151819329584194)	(74.0, 0.005489315709475127)	(75.0, 0.004542881966462174)	(76.0, 0.0060571759552828985)	(77.0, 0.005773245832379013)	(78.0, 0.003975021720654402)	(79.0, 0.004069665094955698)	(80.0, 0.004258951843558289)	(81.0, 0.0036910915977505167)	(82.0, 0.0037857349720518117)	(83.0, 0.004353595217859584)	(84.0, 0.0036910915977505167)	(85.0, 0.0033125181005453355)	(86.0, 0.003501804849147926)	(87.0, 0.0025553711061349726)	(88.0, 0.0020821542346284964)	(89.0, 0.0033125181005453355)	(90.0, 0.004069665094955698)	(91.0, 0.004353595217859584)	(92.0, 0.005110742212269945)	(93.0, 0.004921455463667355)	(94.0, 0.006151819329584194)	(95.0, 0.007003609698295852)	(96.0, 0.006814322949693261)	(97.0, 0.011357204916155435)	(98.0, 0.01845545798875258)	(99.0, 0.036059125608793506)	(100.0, 0.22269585973094783)
PID-2861-32_R1	(0.0, 0.0)	(1.0, 0.0)	(2.0, 0.0)	(3.0, 0.0)	(4.0, 0.00013052495832990705)	(5.0, 0.00013052495832990705)	(6.0, 0.0)	(7.0, 6.526247916495352e-05)	(8.0, 0.0006526247916495353)	(9.0, 0.0014357745416289777)	(10.0, 0.0033936489165775833)	(11.0, 0.006004148083175725)	(12.0, 0.008614647249773866)	(13.0, 0.017098769541217824)	(14.0, 0.031391252478342645)	(15.0, 0.05220998333196282)	(16.0, 0.0804686368103877)	(17.0, 0.12432502280923646)	(18.0, 0.18123390464107594)	(19.0, 0.23148601359809015)	(20.0, 0.3054284024919825)	(21.0, 0.3891601632606179)	(22.0, 0.4783087097999444)	(23.0, 0.5867096876929322)	(24.0, 0.7039863627523537)	(25.0, 0.8604205253107473)	(26.0, 1.0328439952645545)	(27.0, 1.241422878675746)	(28.0, 1.498361259148168)	(29.0, 1.7562785768080644)	(30.0, 2.062816441445851)	(31.0, 2.4130801671241566)	(32.0, 2.7958446074266092)	(33.0, 3.2612966088310573)	(34.0, 3.780459630588263)	(35.0, 4.309542549178541)	(36.0, 4.868515683226368)	(37.0, 5.411434247399616)	(38.0, 5.834596162305175)	(39.0, 6.145571875526179)	(40.0, 6.32621841785477)	(41.0, 6.331504678667131)	(42.0, 6.130953080193229)	(43.0, 5.726652021766342)	(44.0, 5.151102218010617)	(45.0, 4.503828949652608)	(46.0, 3.8121771954624304)	(47.0, 3.0508251135240827)	(48.0, 2.360543871396369)	(49.0, 1.8018317872652019)	(50.0, 1.323000977631938)	(51.0, 0.9339713393296499)	(52.0, 0.6494269301704525)	(53.0, 0.44835323186323073)	(54.0, 0.3013168663045904)	(55.0, 0.20198737301553119)	(56.0, 0.13881329318385616)	(57.0, 0.09273798289339896)	(58.0, 0.06513195420662363)	(59.0, 0.04346481112385905)	(60.0, 0.030086002895043575)	(61.0, 0.023429230020218315)	(62.0, 0.017881919291197267)	(63.0, 0.014292482937124823)	(64.0, 0.010898834020547239)	(65.0, 0.007831497499794423)	(66.0, 0.007831497499794423)	(67.0, 0.006722035353990213)	(68.0, 0.0035894363540724438)	(69.0, 0.0020231368541135594)	(70.0, 0.0018926118957836523)	(71.0, 0.0013052495832990706)	(72.0, 0.0005873623124845817)	(73.0, 0.00013052495832990705)	(74.0, 0.00013052495832990705)	(75.0, 0.00013052495832990705)	(76.0, 6.526247916495352e-05)	(77.0, 0.0002610499166598141)	(78.0, 0.00032631239582476765)	(79.0, 0.00013052495832990705)	(80.0, 6.526247916495352e-05)	(81.0, 0.0)	(82.0, 0.00019578743749486057)	(83.0, 0.0002610499166598141)	(84.0, 6.526247916495352e-05)	(85.0, 0.0)	(86.0, 0.00013052495832990705)	(87.0, 0.00039157487498972114)	(88.0, 0.0002610499166598141)	(89.0, 0.0)	(90.0, 0.0)	(91.0, 0.0)	(92.0, 0.0)	(93.0, 0.0)	(94.0, 6.526247916495352e-05)	(95.0, 6.526247916495352e-05)	(96.0, 0.00013052495832990705)	(97.0, 0.00013052495832990705)	(98.0, 6.526247916495352e-05)	(99.0, 6.526247916495352e-05)	(100.0, 0.0)
PID-2861-32_R2	(0.0, 0.0)	(1.0, 0.0)	(2.0, 0.0)	(3.0, 0.0)	(4.0, 0.0)	(5.0, 0.00013068641076960575)	(6.0, 0.00013068641076960575)	(7.0, 0.00019602961615440863)	(8.0, 0.00032671602692401435)	(9.0, 0.001633580134620072)	(10.0, 0.0032018170638553408)	(11.0, 0.0064036341277106815)	(12.0, 0.01025888324541405)	(13.0, 0.01574771249773749)	(14.0, 0.029535128833930897)	(15.0, 0.05253593712938151)	(16.0, 0.08037214262330752)	(17.0, 0.1251975815172823)	(18.0, 0.17623062492281333)	(19.0, 0.2262835202475723)	(20.0, 0.2982263893762403)	(21.0, 0.374220537238766)	(22.0, 0.4688374986359605)	(23.0, 0.5873047299986082)	(24.0, 0.7274005623436256)	(25.0, 0.8752068929240497)	(26.0, 1.0339908820091206)	(27.0, 1.236685505112779)	(28.0, 1.4746001159188462)	(29.0, 1.7423765715857686)	(30.0, 2.033937954012759)	(31.0, 2.3920840627268634)	(32.0, 2.828838047518886)	(33.0, 3.3065622220871798)	(34.0, 3.7876189001300986)	(35.0, 4.299386884703874)	(36.0, 4.860423646137792)	(37.0, 5.377680459963892)	(38.0, 5.796726436096632)	(39.0, 6.141738560528391)	(40.0, 6.344106467605126)	(41.0, 6.300391863202693)	(42.0, 6.048297776828123)	(43.0, 5.658786929529313)	(44.0, 5.138328298639359)	(45.0, 4.490123701222114)	(46.0, 3.7657289263261893)	(47.0, 3.035322576534863)	(48.0, 2.369671343279876)	(49.0, 1.7859604895774321)	(50.0, 1.310327297581452)	(51.0, 0.9409421575411614)	(52.0, 0.6495768047303253)	(53.0, 0.45550748473746083)	(54.0, 0.31116434404243126)	(55.0, 0.20387080080058495)	(56.0, 0.1413373532473286)	(57.0, 0.09710000320181707)	(58.0, 0.07148546669097433)	(59.0, 0.05410417405861677)	(60.0, 0.03959798246319054)	(61.0, 0.03103802255778136)	(62.0, 0.024961104456994697)	(63.0, 0.019210902383132045)	(64.0, 0.01705457660543355)	(65.0, 0.015028937238504661)	(66.0, 0.012153836201573334)	(67.0, 0.010062853629259641)	(68.0, 0.008494616700024374)	(69.0, 0.006991722976173907)	(70.0, 0.005096770020014624)	(71.0, 0.004508681171551398)	(72.0, 0.003920592323088172)	(73.0, 0.002875101036931326)	(74.0, 0.002483041804622509)	(75.0, 0.002940444242316129)	(76.0, 0.003463189885394552)	(77.0, 0.0033325034746249462)	(78.0, 0.003397846680009749)	(79.0, 0.004051278733857778)	(80.0, 0.003528533090779355)	(81.0, 0.0022870121884681002)	(82.0, 0.002417698599237706)	(83.0, 0.0033325034746249462)	(84.0, 0.003267160269240144)	(85.0, 0.002548385010007312)	(86.0, 0.002090982572313692)	(87.0, 0.0022870121884681002)	(88.0, 0.0028097578315465234)	(89.0, 0.002940444242316129)	(90.0, 0.0027444146261617203)	(91.0, 0.0033325034746249462)	(92.0, 0.003593876296164158)	(93.0, 0.0033325034746249462)	(94.0, 0.003267160269240144)	(95.0, 0.003724562706933764)	(96.0, 0.005750202073862652)	(97.0, 0.00797187105694595)	(98.0, 0.01208849299618853)	(99.0, 0.023327524322374626)	(100.0, 0.13852759541578208)
PID-2861-33_R1	(0.0, 0.0)	(1.0, 0.0)	(2.0, 0.0)	(3.0, 0.0)	(4.0, 4.048571522266941e-05)	(5.0, 0.00012145714566800823)	(6.0, 8.097143044533882e-05)	(7.0, 0.00012145714566800823)	(8.0, 0.0003643714370040247)	(9.0, 0.0010931143110120742)	(10.0, 0.0025101143438055035)	(11.0, 0.00477731439627499)	(12.0, 0.008542485911983247)	(13.0, 0.01781371469797454)	(14.0, 0.03445334365449167)	(15.0, 0.05866380135764798)	(16.0, 0.08975683064865808)	(17.0, 0.1342101459631491)	(18.0, 0.186760604322174)	(19.0, 0.23720580548962006)	(20.0, 0.3054647213550407)	(21.0, 0.38995840902475176)	(22.0, 0.4880148112940571)	(23.0, 0.585747327841581)	(24.0, 0.7042490162983344)	(25.0, 0.8539651911917658)	(26.0, 1.0091469376402575)	(27.0, 1.2054621707549817)	(28.0, 1.4440444905621725)	(29.0, 1.6985376964518726)	(30.0, 1.9969983890733913)	(31.0, 2.370317169141626)	(32.0, 2.782947578691073)	(33.0, 3.2324199890931484)	(34.0, 3.7406776579985404)	(35.0, 4.305615328215669)	(36.0, 4.866868798347535)	(37.0, 5.3463006380143865)	(38.0, 5.781279162366746)	(39.0, 6.1637881997905275)	(40.0, 6.385528462065087)	(41.0, 6.4035446053391745)	(42.0, 6.17807965726413)	(43.0, 5.738364304230717)	(44.0, 5.200025748914881)	(45.0, 4.5561409340135475)	(46.0, 3.8186126598021786)	(47.0, 3.055659356430974)	(48.0, 2.361612740368752)	(49.0, 1.8022620988523512)	(50.0, 1.3420204882010456)	(51.0, 0.9570013364334594)	(52.0, 0.6605244438578515)	(53.0, 0.45157766759365464)	(54.0, 0.3018614927002231)	(55.0, 0.21008037629043158)	(56.0, 0.147448974840962)	(57.0, 0.0991090308650947)	(58.0, 0.07093097307011681)	(59.0, 0.04995937258477405)	(60.0, 0.0349391722371637)	(61.0, 0.026396686325180455)	(62.0, 0.022348114802913512)	(63.0, 0.01850197185675992)	(64.0, 0.01449388604971565)	(65.0, 0.010971628825343409)	(66.0, 0.009352200216436634)	(67.0, 0.007975685898865874)	(68.0, 0.005182171548501684)	(69.0, 0.002793514350364189)	(70.0, 0.0024291429133601644)	(71.0, 0.0021457429068014785)	(72.0, 0.001295542887125421)	(73.0, 0.00044534286744936347)	(74.0, 0.0002834000065586859)	(75.0, 0.00016194286089067764)	(76.0, 0.00012145714566800823)	(77.0, 0.00016194286089067764)	(78.0, 0.00012145714566800823)	(79.0, 8.097143044533882e-05)	(80.0, 0.00016194286089067764)	(81.0, 0.00012145714566800823)	(82.0, 0.0)	(83.0, 4.048571522266941e-05)	(84.0, 4.048571522266941e-05)	(85.0, 4.048571522266941e-05)	(86.0, 8.097143044533882e-05)	(87.0, 4.048571522266941e-05)	(88.0, 0.0)	(89.0, 0.0)	(90.0, 0.0)	(91.0, 0.0)	(92.0, 4.048571522266941e-05)	(93.0, 8.097143044533882e-05)	(94.0, 0.00012145714566800823)	(95.0, 8.097143044533882e-05)	(96.0, 4.048571522266941e-05)	(97.0, 4.048571522266941e-05)	(98.0, 4.048571522266941e-05)	(99.0, 8.097143044533882e-05)	(100.0, 8.097143044533882e-05)
PID-2861-33_R2	(0.0, 0.0)	(1.0, 0.0)	(2.0, 0.0)	(3.0, 0.0)	(4.0, 0.0)	(5.0, 0.0)	(6.0, 0.00012165637588900397)	(7.0, 0.00024331275177800793)	(8.0, 0.00048662550355601587)	(9.0, 0.0010138031324083664)	(10.0, 0.0031225136478177686)	(11.0, 0.005839506042672191)	(12.0, 0.009529749444638644)	(13.0, 0.01918115526516629)	(14.0, 0.03398268099832844)	(15.0, 0.05709739241723919)	(16.0, 0.08528111949819178)	(17.0, 0.12181858439018932)	(18.0, 0.17267094951179296)	(19.0, 0.22319889763102596)	(20.0, 0.2956249934102796)	(21.0, 0.38613733707169856)	(22.0, 0.4717428735722611)	(23.0, 0.5673242328957219)	(24.0, 0.6907243501724682)	(25.0, 0.8448224262985398)	(26.0, 1.00480056059258)	(27.0, 1.1897993561944586)	(28.0, 1.4261371424214973)	(29.0, 1.6882255282117082)	(30.0, 1.9936641359437006)	(31.0, 2.3618368815091233)	(32.0, 2.780861992196149)	(33.0, 3.240520332430102)	(34.0, 3.7314849133928263)	(35.0, 4.250389908684724)	(36.0, 4.813537272674924)	(37.0, 5.367438752097558)	(38.0, 5.780056626987764)	(39.0, 6.117693622205047)	(40.0, 6.364250544006761)	(41.0, 6.360925269732462)	(42.0, 6.135901526463101)	(43.0, 5.725149049336527)	(44.0, 5.1613934034668825)	(45.0, 4.517993383515237)	(46.0, 3.8089800248341215)	(47.0, 3.062537054504489)	(48.0, 2.382964538788513)	(49.0, 1.81178785398964)	(50.0, 1.349169208609054)	(51.0, 0.9745486751215146)	(52.0, 0.6733274884203406)	(53.0, 0.4652950856501439)	(54.0, 0.31448173167307525)	(55.0, 0.21464239919349934)	(56.0, 0.1566934121450371)	(57.0, 0.11005846805425225)	(58.0, 0.07753566356659186)	(59.0, 0.057908434923165886)	(60.0, 0.042660835811744055)	(61.0, 0.03361771187066143)	(62.0, 0.028305383456841592)	(63.0, 0.023276919920096093)	(64.0, 0.02039771902405633)	(65.0, 0.018329560633943264)	(66.0, 0.016423610745015537)	(67.0, 0.013179440721308762)	(68.0, 0.008840363314600955)	(69.0, 0.00705606980156223)	(70.0, 0.00758324743041458)	(71.0, 0.006366683671524541)	(72.0, 0.004298525281411474)	(73.0, 0.0037713476525591226)	(74.0, 0.003730795527262788)	(75.0, 0.0034874827754847806)	(76.0, 0.0036496912766701187)	(77.0, 0.0032847221490031066)	(78.0, 0.00296030514663243)	(79.0, 0.003528034900781115)	(80.0, 0.0034063785248921114)	(81.0, 0.002716992394854422)	(82.0, 0.002716992394854422)	(83.0, 0.0029197530213360954)	(84.0, 0.003081961522521434)	(85.0, 0.0034063785248921114)	(86.0, 0.0033658263995957768)	(87.0, 0.003528034900781115)	(88.0, 0.003730795527262788)	(89.0, 0.0034063785248921114)	(90.0, 0.003081961522521434)	(91.0, 0.002676440269558087)	(92.0, 0.0031630657731141027)	(93.0, 0.004257973156115138)	(94.0, 0.004217421030818804)	(95.0, 0.003893004028448127)	(96.0, 0.005150119912634501)	(97.0, 0.008394289936341275)	(98.0, 0.012773919468345418)	(99.0, 0.022344221038280394)	(100.0, 0.18106523944813424)
PID-2861-34_R1	(0.0, 0.0)	(1.0, 0.0)	(2.0, 0.0)	(3.0, 0.0)	(4.0, 5.673765303563465e-05)	(5.0, 5.673765303563465e-05)	(6.0, 0.0)	(7.0, 0.0002269506121425386)	(8.0, 0.0006241141833919811)	(9.0, 0.000794327142498885)	(10.0, 0.0020425555092828474)	(11.0, 0.004198586324636964)	(12.0, 0.006808518364276158)	(13.0, 0.016510657033369684)	(14.0, 0.031773085699955406)	(15.0, 0.05350360681260348)	(16.0, 0.08470931598220253)	(17.0, 0.12709234279982162)	(18.0, 0.1733902676768995)	(19.0, 0.2213903221450464)	(20.0, 0.2973053019067256)	(21.0, 0.391035904721594)	(22.0, 0.483291328557536)	(23.0, 0.5735041968841951)	(24.0, 0.6975327064200924)	(25.0, 0.8569087737971902)	(26.0, 1.0169089553576798)	(27.0, 1.196256676603321)	(28.0, 1.4196328166046146)	(29.0, 1.6974771035201175)	(30.0, 2.0036902169534376)	(31.0, 2.3641445266888246)	(32.0, 2.7987549489417862)	(33.0, 3.2617341977125647)	(34.0, 3.751153192797949)	(35.0, 4.295267285409685)	(36.0, 4.842842374856596)	(37.0, 5.383892634204408)	(38.0, 5.867524388680157)	(39.0, 6.213567334544493)	(40.0, 6.430248431487581)	(41.0, 6.40726968200815)	(42.0, 6.163524724567063)	(43.0, 5.758361144239596)	(44.0, 5.159551954101508)	(45.0, 4.497423543175652)	(46.0, 3.8120326945051852)	(47.0, 3.0516346685216096)	(48.0, 2.365676443320787)	(49.0, 1.8083992152047832)	(50.0, 1.333675272255628)	(51.0, 0.9525117191622344)	(52.0, 0.6584972011315758)	(53.0, 0.454241650203291)	(54.0, 0.3058159498620708)	(55.0, 0.20209952011293061)	(56.0, 0.13792923452962785)	(57.0, 0.09826961505771921)	(58.0, 0.06939014966258118)	(59.0, 0.04697877671350549)	(60.0, 0.03625536028977054)	(61.0, 0.027234073457104633)	(62.0, 0.020028391521579033)	(63.0, 0.014411363871051202)	(64.0, 0.011517743566233835)	(65.0, 0.01072341642373495)	(66.0, 0.009248237444808448)	(67.0, 0.007602845506775043)	(68.0, 0.004595749895886406)	(69.0, 0.002099293162318482)	(70.0, 0.0017021295910690396)	(71.0, 0.001304966019819597)	(72.0, 0.0010212777546414237)	(73.0, 0.0006241141833919811)	(74.0, 0.00034042591821380793)	(75.0, 0.0003971635712494425)	(76.0, 5.673765303563465e-05)	(77.0, 5.673765303563465e-05)	(78.0, 0.0001134753060712693)	(79.0, 5.673765303563465e-05)	(80.0, 0.0)	(81.0, 5.673765303563465e-05)	(82.0, 5.673765303563465e-05)	(83.0, 0.0)	(84.0, 0.0002269506121425386)	(85.0, 0.0003971635712494425)	(86.0, 0.00034042591821380793)	(87.0, 0.00017021295910690397)	(88.0, 0.0)	(89.0, 0.0)	(90.0, 0.0)	(91.0, 0.0)	(92.0, 0.0)	(93.0, 0.0)	(94.0, 0.0)	(95.0, 0.0)	(96.0, 0.0)	(97.0, 0.0)	(98.0, 5.673765303563465e-05)	(99.0, 0.0001134753060712693)	(100.0, 5.673765303563465e-05)
PID-2861-34_R2	(0.0, 0.0)	(1.0, 0.0)	(2.0, 0.0)	(3.0, 0.0)	(4.0, 0.0)	(5.0, 0.0)	(6.0, 0.0)	(7.0, 5.680369042215935e-05)	(8.0, 0.00017041107126647805)	(9.0, 0.0007952516659102309)	(10.0, 0.0024993623785750114)	(11.0, 0.004714706305039226)	(12.0, 0.008122927730368787)	(13.0, 0.01584822962778246)	(14.0, 0.028629059972768312)	(15.0, 0.048680762691790565)	(16.0, 0.07623055254653785)	(17.0, 0.11235769965503119)	(18.0, 0.15961837008626778)	(19.0, 0.21505877193829528)	(20.0, 0.28998283960512344)	(21.0, 0.36911038036319144)	(22.0, 0.4548839529006521)	(23.0, 0.5574714178030719)	(24.0, 0.6880631020836162)	(25.0, 0.8415466736042907)	(26.0, 0.9900315203678153)	(27.0, 1.176461232333342)	(28.0, 1.4217963712666486)	(29.0, 1.666847491747844)	(30.0, 1.9438222862462928)	(31.0, 2.327928840880934)	(32.0, 2.7592960659468124)	(33.0, 3.21486166313253)	(34.0, 3.721664189079036)	(35.0, 4.246019055365989)	(36.0, 4.771794013913496)	(37.0, 5.310577017567677)	(38.0, 5.751884888457433)	(39.0, 6.1338329028560326)	(40.0, 6.429780129955483)	(41.0, 6.4265423196014195)	(42.0, 6.1735954861515445)	(43.0, 5.7830133108087765)	(44.0, 5.238265919660268)	(45.0, 4.564062918039659)	(46.0, 3.8339650850436455)	(47.0, 3.0990389383617476)	(48.0, 2.416428990558659)	(49.0, 1.8209559038631622)	(50.0, 1.351416598833593)	(51.0, 0.9765690457377635)	(52.0, 0.6816442850659122)	(53.0, 0.4761853368089618)	(54.0, 0.31929354386295766)	(55.0, 0.21574041622336118)	(56.0, 0.15745982985022572)	(57.0, 0.11241450334545335)	(58.0, 0.07821868171131342)	(59.0, 0.05328186161598547)	(60.0, 0.0416371050794428)	(61.0, 0.03504787699047232)	(62.0, 0.027436182473902965)	(63.0, 0.022380654026330785)	(64.0, 0.01846119938720179)	(65.0, 0.015961837008626776)	(66.0, 0.013803296772584722)	(67.0, 0.011758363917386985)	(68.0, 0.008918179396279018)	(69.0, 0.007498087135725034)	(70.0, 0.007498087135725034)	(71.0, 0.007157264993192078)	(72.0, 0.00613479856559321)	(73.0, 0.004487491543350588)	(74.0, 0.004203473091239792)	(75.0, 0.0039762583295511545)	(76.0, 0.0031242029732187642)	(77.0, 0.003067399282796605)	(78.0, 0.0030105955923744455)	(79.0, 0.0035218288061738797)	(80.0, 0.0030105955923744455)	(81.0, 0.0023289513073085333)	(82.0, 0.0031810066636409236)	(83.0, 0.0036922398774403577)	(84.0, 0.0028401845211079675)	(85.0, 0.002272147616886374)	(86.0, 0.002953791901952286)	(87.0, 0.0031810066636409236)	(88.0, 0.003067399282796605)	(89.0, 0.0036922398774403577)	(90.0, 0.0039194546391289956)	(91.0, 0.0036354361870181984)	(92.0, 0.0033514177349074016)	(93.0, 0.0027265771402636488)	(94.0, 0.003578632496596039)	(95.0, 0.004544295233772748)	(96.0, 0.004828313685883545)	(97.0, 0.006816442850659122)	(98.0, 0.01226959713118642)	(99.0, 0.023800746286884767)	(100.0, 0.13269342082616425)
PID-2861-35_R1	(0.0, 0.0)	(1.0, 0.0)	(2.0, 0.0)	(3.0, 0.0)	(4.0, 5.7845130076344e-05)	(5.0, 0.000173535390229032)	(6.0, 0.000231380520305376)	(7.0, 0.00057845130076344)	(8.0, 0.000925522081221504)	(9.0, 0.001561818512061288)	(10.0, 0.003702088324886016)	(11.0, 0.005900203267787088)	(12.0, 0.010354278283665577)	(13.0, 0.022270375079392443)	(14.0, 0.039508223842142955)	(15.0, 0.06808371809985689)	(16.0, 0.09677490261772351)	(17.0, 0.1418362589471955)	(18.0, 0.2028628711777384)	(19.0, 0.25486564311637167)	(20.0, 0.33816263042630706)	(21.0, 0.44211032917349724)	(22.0, 0.5435706873274047)	(23.0, 0.6373954883112346)	(24.0, 0.7658695222107946)	(25.0, 0.934430231253261)	(26.0, 1.0943141707842758)	(27.0, 1.2848560292557532)	(28.0, 1.536077429177315)	(29.0, 1.810147655479033)	(30.0, 2.0873993639349497)	(31.0, 2.4075143137774377)	(32.0, 2.825503223709099)	(33.0, 3.2789511983775594)	(34.0, 3.7483644289470917)	(35.0, 4.280250399999074)	(36.0, 4.793857309946933)	(37.0, 5.312901662121967)	(38.0, 5.75287172148264)	(39.0, 6.03023912019871)	(40.0, 6.230325425132784)	(41.0, 6.2601735122521776)	(42.0, 6.056038048212759)	(43.0, 5.63278523144415)	(44.0, 5.09673441102667)	(45.0, 4.502317854362159)	(46.0, 3.769362211164804)	(47.0, 3.0219452854483633)	(48.0, 2.3475289138882687)	(49.0, 1.7794318914084943)	(50.0, 1.3243642530978958)	(51.0, 0.9472718501302093)	(52.0, 0.6736643848691023)	(53.0, 0.47537127896739495)	(54.0, 0.32109831705378555)	(55.0, 0.2212576225420158)	(56.0, 0.1616771385633815)	(57.0, 0.1143598221609321)	(58.0, 0.07693402300153752)	(59.0, 0.050498798556648315)	(60.0, 0.03916115306168489)	(61.0, 0.03187266667206554)	(62.0, 0.02568323775389674)	(63.0, 0.0202457955267204)	(64.0, 0.015791720510841913)	(65.0, 0.013130844527330088)	(66.0, 0.010527813673894609)	(67.0, 0.007346331519695689)	(68.0, 0.0043383847557258)	(69.0, 0.003702088324886016)	(70.0, 0.003817778585038704)	(71.0, 0.002950101633893544)	(72.0, 0.001619663642137632)	(73.0, 0.00057845130076344)	(74.0, 0.000231380520305376)	(75.0, 5.7845130076344e-05)	(76.0, 5.7845130076344e-05)	(77.0, 0.0)	(78.0, 0.0)	(79.0, 0.0)	(80.0, 5.7845130076344e-05)	(81.0, 5.7845130076344e-05)	(82.0, 0.000115690260152688)	(83.0, 0.000115690260152688)	(84.0, 0.0)	(85.0, 0.0)	(86.0, 0.0)	(87.0, 5.7845130076344e-05)	(88.0, 5.7845130076344e-05)	(89.0, 0.0)	(90.0, 0.0)	(91.0, 0.0)	(92.0, 5.7845130076344e-05)	(93.0, 5.7845130076344e-05)	(94.0, 5.7845130076344e-05)	(95.0, 5.7845130076344e-05)	(96.0, 0.000115690260152688)	(97.0, 0.000231380520305376)	(98.0, 0.000173535390229032)	(99.0, 5.7845130076344e-05)	(100.0, 0.0)
PID-2861-35_R2	(0.0, 0.0)	(1.0, 0.0)	(2.0, 0.0)	(3.0, 0.0)	(4.0, 5.7920011305986205e-05)	(5.0, 5.7920011305986205e-05)	(6.0, 5.7920011305986205e-05)	(7.0, 5.7920011305986205e-05)	(8.0, 0.0005212801017538759)	(9.0, 0.0019113603730975448)	(10.0, 0.003938560768807062)	(11.0, 0.00550240107406869)	(12.0, 0.009035521763733848)	(13.0, 0.019808643866647282)	(14.0, 0.035678726964487505)	(15.0, 0.060873931882591506)	(16.0, 0.09603137874532514)	(17.0, 0.14723266873981694)	(18.0, 0.20521060005710914)	(19.0, 0.2503882088757784)	(20.0, 0.3253367035057245)	(21.0, 0.4229319225563113)	(22.0, 0.5198900214825322)	(23.0, 0.6155159601487153)	(24.0, 0.7420132648409893)	(25.0, 0.9078382572100278)	(26.0, 1.078470610517463)	(27.0, 1.2663631271940823)	(28.0, 1.4841423697045906)	(29.0, 1.7572931430236214)	(30.0, 2.0777066455683375)	(31.0, 2.430902874512241)	(32.0, 2.8336207131227633)	(33.0, 3.2278822300826113)	(34.0, 3.717306325618195)	(35.0, 4.252834750153343)	(36.0, 4.727315482771982)	(37.0, 5.239849662818654)	(38.0, 5.678246228393664)	(39.0, 5.984874768247555)	(40.0, 6.215628093290604)	(41.0, 6.260747782097967)	(42.0, 6.025013336082603)	(43.0, 5.60903181488301)	(44.0, 5.097018914938093)	(45.0, 4.470787752697769)	(46.0, 3.761151774176826)	(47.0, 3.051515795655883)	(48.0, 2.3857831857048777)	(49.0, 1.8228006758106918)	(50.0, 1.3761794686302322)	(51.0, 1.0109358773346833)	(52.0, 0.7164126198437434)	(53.0, 0.5001972176384969)	(54.0, 0.3447978273045359)	(55.0, 0.24274276738338818)	(56.0, 0.17891491492419137)	(57.0, 0.125918104579214)	(58.0, 0.08508449660849374)	(59.0, 0.06081601187128551)	(60.0, 0.047899849350050594)	(61.0, 0.03787968739411498)	(62.0, 0.030581765969560717)	(63.0, 0.024847684850268083)	(64.0, 0.020214083945789187)	(65.0, 0.01812896353877368)	(66.0, 0.01587008309784022)	(67.0, 0.013727042679518731)	(68.0, 0.012047362351645132)	(69.0, 0.008224641605450042)	(70.0, 0.006950401356718344)	(71.0, 0.006544961277576442)	(72.0, 0.005386561051456717)	(73.0, 0.00457568089317291)	(74.0, 0.0038806407575010756)	(75.0, 0.003533120689665158)	(76.0, 0.003706880723583117)	(77.0, 0.004228160825336993)	(78.0, 0.003996480780113048)	(79.0, 0.003533120689665158)	(80.0, 0.003127680610523255)	(81.0, 0.0029539205766052966)	(82.0, 0.003648960712277131)	(83.0, 0.004112320802725021)	(84.0, 0.003706880723583117)	(85.0, 0.003475200678359172)	(86.0, 0.003591040700971145)	(87.0, 0.0031856006218292415)	(88.0, 0.003417280667053186)	(89.0, 0.003996480780113048)	(90.0, 0.003591040700971145)	(91.0, 0.003648960712277131)	(92.0, 0.004459840870560938)	(93.0, 0.0038227207461950896)	(94.0, 0.003938560768807062)	(95.0, 0.004517760881866924)	(96.0, 0.004981120972314814)	(97.0, 0.008398401639368)	(98.0, 0.0134374426229888)	(99.0, 0.02426848473720822)	(100.0, 0.14578466845716728)
PID-2861-36_R1	(0.0, 0.0)	(1.0, 0.0)	(2.0, 0.0)	(3.0, 0.0)	(4.0, 4.6689874647024545e-05)	(5.0, 9.337974929404909e-05)	(6.0, 0.00018675949858809818)	(7.0, 0.0004202088718232209)	(8.0, 0.0011672468661756137)	(9.0, 0.002708012729527424)	(10.0, 0.005322645709760798)	(11.0, 0.01078536104346267)	(12.0, 0.018162361237692548)	(13.0, 0.041273849187969704)	(14.0, 0.07311634369724043)	(15.0, 0.1124292181500351)	(16.0, 0.1548236243295334)	(17.0, 0.21491349300025397)	(18.0, 0.2972744318776053)	(19.0, 0.36651551597914267)	(20.0, 0.47726389864188495)	(21.0, 0.6059411931690846)	(22.0, 0.7268679685048782)	(23.0, 0.8359355156803275)	(24.0, 1.0008908428082652)	(25.0, 1.2311186146927433)	(26.0, 1.4161038980442546)	(27.0, 1.6040306434985285)	(28.0, 1.8456507447968804)	(29.0, 2.119019960855209)	(30.0, 2.42530553853969)	(31.0, 2.7292566224918198)	(32.0, 3.08059792921068)	(33.0, 3.5037949530113104)	(34.0, 3.8893132479717916)	(35.0, 4.27095628333657)	(36.0, 4.630981906739777)	(37.0, 5.006882087522971)	(38.0, 5.3417418684914315)	(39.0, 5.547924354932692)	(40.0, 5.707603726225516)	(41.0, 5.715494315040863)	(42.0, 5.4236359086223125)	(43.0, 4.973872346147525)	(44.0, 4.4787729153904765)	(45.0, 3.9250776919514125)	(46.0, 3.328801302834262)	(47.0, 2.6828468870926776)	(48.0, 2.0924534221810522)	(49.0, 1.6496466510286714)	(50.0, 1.3160474966756808)	(51.0, 1.0266169637387756)	(52.0, 0.779814286354604)	(53.0, 0.602812971567734)	(54.0, 0.47096076556453664)	(55.0, 0.39574337750818006)	(56.0, 0.35390924982444605)	(57.0, 0.2867692100820248)	(58.0, 0.21253230939325576)	(59.0, 0.16677623223917168)	(60.0, 0.1550103838281215)	(61.0, 0.13456021873272475)	(62.0, 0.11116859153456546)	(63.0, 0.09319298979546099)	(64.0, 0.07675815391970836)	(65.0, 0.06527244475654032)	(66.0, 0.05640136857360565)	(67.0, 0.04519579865831976)	(68.0, 0.02759371591639151)	(69.0, 0.015220899134930002)	(70.0, 0.013213234525107946)	(71.0, 0.011765848411050186)	(72.0, 0.007983968564641198)	(73.0, 0.0037818798464089886)	(74.0, 0.001447386114057761)	(75.0, 0.00037351899717619636)	(76.0, 0.00014006962394107366)	(77.0, 4.6689874647024545e-05)	(78.0, 0.0)	(79.0, 9.337974929404909e-05)	(80.0, 0.00014006962394107366)	(81.0, 9.337974929404909e-05)	(82.0, 0.00014006962394107366)	(83.0, 9.337974929404909e-05)	(84.0, 4.6689874647024545e-05)	(85.0, 9.337974929404909e-05)	(86.0, 9.337974929404909e-05)	(87.0, 9.337974929404909e-05)	(88.0, 4.6689874647024545e-05)	(89.0, 4.6689874647024545e-05)	(90.0, 4.6689874647024545e-05)	(91.0, 0.0)	(92.0, 9.337974929404909e-05)	(93.0, 9.337974929404909e-05)	(94.0, 0.0)	(95.0, 9.337974929404909e-05)	(96.0, 0.00018675949858809818)	(97.0, 9.337974929404909e-05)	(98.0, 9.337974929404909e-05)	(99.0, 0.00014006962394107366)	(100.0, 4.6689874647024545e-05)
PID-2861-36_R2	(0.0, 0.0)	(1.0, 0.0)	(2.0, 0.0)	(3.0, 0.0)	(4.0, 0.0)	(5.0, 4.676946907766398e-05)	(6.0, 0.0003273862835436478)	(7.0, 0.0005612336289319678)	(8.0, 0.0010756977887862714)	(9.0, 0.0024787818611161907)	(10.0, 0.005986492041940989)	(11.0, 0.010850516826018043)	(12.0, 0.018520709754754935)	(13.0, 0.04022174340679102)	(14.0, 0.06575787352319555)	(15.0, 0.11121779746668493)	(16.0, 0.1584081917660479)	(17.0, 0.20442934933846924)	(18.0, 0.27804449366671236)	(19.0, 0.35460611454684826)	(20.0, 0.4668060708641642)	(21.0, 0.6006135218953608)	(22.0, 0.7147777959139385)	(23.0, 0.8202429486840709)	(24.0, 0.9914659749773987)	(25.0, 1.201835046888731)	(26.0, 1.394478490019629)	(27.0, 1.6050346398072723)	(28.0, 1.8245237581887495)	(29.0, 2.096862376627987)	(30.0, 2.4235938876045475)	(31.0, 2.7260520441298)	(32.0, 3.0573201936068943)	(33.0, 3.474129702027035)	(34.0, 3.8792936126468383)	(35.0, 4.250175502432714)	(36.0, 4.622974940450773)	(37.0, 5.005128272284366)	(38.0, 5.322038194754617)	(39.0, 5.511688391864544)	(40.0, 5.6600411477788946)	(41.0, 5.655410970340205)	(42.0, 5.371192906755242)	(43.0, 4.969770553661652)	(44.0, 4.459796262838804)	(45.0, 3.89107951885441)	(46.0, 3.323017547437103)	(47.0, 2.6812936622224757)	(48.0, 2.1131849213360914)	(49.0, 1.6823913416617284)	(50.0, 1.332976638182501)	(51.0, 1.0434736245917609)	(52.0, 0.800178846449753)	(53.0, 0.6216130135112319)	(54.0, 0.4903778832793068)	(55.0, 0.4151725770024231)	(56.0, 0.3621359990683522)	(57.0, 0.2875854653585558)	(58.0, 0.22220174758798159)	(59.0, 0.17828521612405507)	(60.0, 0.15663095194109666)	(61.0, 0.13563146032522555)	(62.0, 0.11701721163231527)	(63.0, 0.10148974789853082)	(64.0, 0.0823142655766886)	(65.0, 0.06851727219877772)	(66.0, 0.06112769608450682)	(67.0, 0.051165799170964386)	(68.0, 0.03311278410698609)	(69.0, 0.021607494713880758)	(70.0, 0.01978348541985186)	(71.0, 0.016369314177182393)	(72.0, 0.010148974789853084)	(73.0, 0.006734803547183613)	(74.0, 0.006080030980096317)	(75.0, 0.005425258413009022)	(76.0, 0.00481725531499939)	(77.0, 0.004022174340679102)	(78.0, 0.0033674017735918064)	(79.0, 0.003273862835436479)	(80.0, 0.0035544796499024623)	(81.0, 0.0035077101808247985)	(82.0, 0.0031803238972811505)	(83.0, 0.00341417124266947)	(84.0, 0.0028529376137375025)	(85.0, 0.0028061681446598387)	(86.0, 0.00341417124266947)	(87.0, 0.003460940711747134)	(88.0, 0.003835096464368446)	(89.0, 0.0037883269952907824)	(90.0, 0.0035077101808247985)	(91.0, 0.0033206323045141426)	(92.0, 0.0035544796499024623)	(93.0, 0.003928635402523774)	(94.0, 0.004068943809756766)	(95.0, 0.00458340796961107)	(96.0, 0.005472027882086685)	(97.0, 0.007342806645193245)	(98.0, 0.01187944514572665)	(99.0, 0.02244934515727871)	(100.0, 0.18469263338769504)
PID-2861-37_R1	(0.0, 0.0)	(1.0, 0.0)	(2.0, 0.0)	(3.0, 0.0)	(4.0, 0.0)	(5.0, 0.0)	(6.0, 0.00011221707270544141)	(7.0, 0.0003366512181163242)	(8.0, 0.0006733024362326484)	(9.0, 0.0017954731632870626)	(10.0, 0.003029860963046918)	(11.0, 0.006171938998799277)	(12.0, 0.009201799961846195)	(13.0, 0.017954731632870626)	(14.0, 0.03950040959231538)	(15.0, 0.07585874114887839)	(16.0, 0.1146858483049611)	(17.0, 0.1585627237327887)	(18.0, 0.21960881128454882)	(19.0, 0.28200150370877425)	(20.0, 0.35112722049532613)	(21.0, 0.44336965425919894)	(22.0, 0.5471704465117323)	(23.0, 0.6651105899251512)	(24.0, 0.7951701771907578)	(25.0, 0.9466632253431038)	(26.0, 1.1131933612379787)	(27.0, 1.3147352238169514)	(28.0, 1.5685702422766599)	(29.0, 1.8486640557494418)	(30.0, 2.138071886256775)	(31.0, 2.490321277479156)	(32.0, 2.898342553836141)	(33.0, 3.3508017909844803)	(34.0, 3.841975918216197)	(35.0, 4.3432495819914045)	(36.0, 4.864049016417358)	(37.0, 5.349387855868392)	(38.0, 5.763356637078766)	(39.0, 6.0855318528160876)	(40.0, 6.291001312939751)	(41.0, 6.279330737378384)	(42.0, 6.0050722116862865)	(43.0, 5.560917037918149)	(44.0, 5.024070562095318)	(45.0, 4.371303850167765)	(46.0, 3.668263889668174)	(47.0, 2.952655617025574)	(48.0, 2.251859997980093)	(49.0, 1.6878569905625442)	(50.0, 1.2594122069731688)	(51.0, 0.9123248010952387)	(52.0, 0.6388517949120779)	(53.0, 0.44224748353214455)	(54.0, 0.2964775060877762)	(55.0, 0.20053190892462378)	(56.0, 0.14722879938953912)	(57.0, 0.10279083859818432)	(58.0, 0.06710580947785397)	(59.0, 0.04814112419063436)	(60.0, 0.03725606813820655)	(61.0, 0.02648322915848417)	(62.0, 0.020423507232390337)	(63.0, 0.01683256090581621)	(64.0, 0.010885056052427816)	(65.0, 0.007069675580442809)	(66.0, 0.0065085902169156025)	(67.0, 0.005947504853388395)	(68.0, 0.0034787292538686833)	(69.0, 0.0026932097449305936)	(70.0, 0.0021321243814033867)	(71.0, 0.00044886829082176565)	(72.0, 0.000561085363527207)	(73.0, 0.00044886829082176565)	(74.0, 0.000561085363527207)	(75.0, 0.00044886829082176565)	(76.0, 0.00011221707270544141)	(77.0, 0.00011221707270544141)	(78.0, 0.00011221707270544141)	(79.0, 0.00011221707270544141)	(80.0, 0.00011221707270544141)	(81.0, 0.00022443414541088282)	(82.0, 0.00011221707270544141)	(83.0, 0.0)	(84.0, 0.00011221707270544141)	(85.0, 0.00011221707270544141)	(86.0, 0.00011221707270544141)	(87.0, 0.00011221707270544141)	(88.0, 0.0)	(89.0, 0.0)	(90.0, 0.0)	(91.0, 0.0)	(92.0, 0.0)	(93.0, 0.0)	(94.0, 0.00011221707270544141)	(95.0, 0.00022443414541088282)	(96.0, 0.00011221707270544141)	(97.0, 0.00011221707270544141)	(98.0, 0.00011221707270544141)	(99.0, 0.0)	(100.0, 0.0)
PID-2861-37_R2	(0.0, 0.0)	(1.0, 0.0)	(2.0, 0.0)	(3.0, 0.0)	(4.0, 0.0)	(5.0, 0.00011230491232917019)	(6.0, 0.00011230491232917019)	(7.0, 0.0)	(8.0, 0.0003369147369875106)	(9.0, 0.001235354035620872)	(10.0, 0.0030322326328875954)	(11.0, 0.004829111230154318)	(12.0, 0.010332051934283657)	(13.0, 0.023022507027479888)	(14.0, 0.03750984071794285)	(15.0, 0.06524915406324788)	(16.0, 0.10388204390448244)	(17.0, 0.15329620532931731)	(18.0, 0.20798869763362318)	(19.0, 0.2667241667817792)	(20.0, 0.3619587324369155)	(21.0, 0.4546102851084809)	(22.0, 0.544341910059488)	(23.0, 0.6537268946680996)	(24.0, 0.7828775438466453)	(25.0, 0.9462811912855881)	(26.0, 1.107775655214935)	(27.0, 1.3029615928430325)	(28.0, 1.5603644519014905)	(29.0, 1.836409926406591)	(30.0, 2.1613080377748806)	(31.0, 2.524839038984404)	(32.0, 2.8905038335281823)	(33.0, 3.3483709610942087)	(34.0, 3.857224518857679)	(35.0, 4.372030236974595)	(36.0, 4.906601619661446)	(37.0, 5.395689512854982)	(38.0, 5.7943719516235355)	(39.0, 6.099953618071208)	(40.0, 6.261448082000555)	(41.0, 6.221804447948358)	(42.0, 5.974958250648841)	(43.0, 5.5592054652062535)	(44.0, 5.006889906371394)	(45.0, 4.313182462914111)	(46.0, 3.6145336033143427)	(47.0, 2.902857373884391)	(48.0, 2.2307124735943074)	(49.0, 1.6928842484499114)	(50.0, 1.24647222194146)	(51.0, 0.8906902596826487)	(52.0, 0.6223938241282612)	(53.0, 0.43877529247006797)	(54.0, 0.2970464931106552)	(55.0, 0.2045072453514189)	(56.0, 0.14813017936217548)	(57.0, 0.1028712996935199)	(58.0, 0.07266127827697312)	(59.0, 0.053007918619368335)	(60.0, 0.04076668317548878)	(61.0, 0.032006900013813504)	(62.0, 0.026279349485025826)	(63.0, 0.019653359657604782)	(64.0, 0.016621127024717186)	(65.0, 0.014150418953475444)	(66.0, 0.010219747021954486)	(67.0, 0.009545917547979467)	(68.0, 0.008422868424687764)	(69.0, 0.006064465265775191)	(70.0, 0.0050537210548126585)	(71.0, 0.0041552817561792965)	(72.0, 0.0032568424575459354)	(73.0, 0.003593757194533446)	(74.0, 0.0032568424575459354)	(75.0, 0.0030322326328875954)	(76.0, 0.0031445375452167656)	(77.0, 0.002807622808229255)	(78.0, 0.0026953178959000846)	(79.0, 0.001909183509595893)	(80.0, 0.0016845736849375528)	(81.0, 0.0020214884219250636)	(82.0, 0.0020214884219250636)	(83.0, 0.0025830129835709144)	(84.0, 0.0029199277205584247)	(85.0, 0.002133793334254234)	(86.0, 0.0016845736849375528)	(87.0, 0.0023584031589125743)	(88.0, 0.0022460982465834036)	(89.0, 0.0025830129835709144)	(90.0, 0.0023584031589125743)	(91.0, 0.002133793334254234)	(92.0, 0.002470708071241744)	(93.0, 0.0020214884219250636)	(94.0, 0.0020214884219250636)	(95.0, 0.001909183509595893)	(96.0, 0.0020214884219250636)	(97.0, 0.003930671931520957)	(98.0, 0.007636734038383572)	(99.0, 0.012690455093196232)	(100.0, 0.0870363070551069)
PID-2861-38_R1	(0.0, 0.0)	(1.0, 0.0)	(2.0, 0.0)	(3.0, 0.0)	(4.0, 0.0)	(5.0, 0.0)	(6.0, 0.00022858605807914563)	(7.0, 0.0003200204813108039)	(8.0, 0.0005028893277741204)	(9.0, 0.0013257991368590446)	(10.0, 0.002925901543413064)	(11.0, 0.0054860653938994955)	(12.0, 0.008503401360544217)	(13.0, 0.018926925608953257)	(14.0, 0.03693950698558993)	(15.0, 0.06446126837831907)	(16.0, 0.097926267281106)	(17.0, 0.14227196254846025)	(18.0, 0.19786409187330847)	(19.0, 0.2522675736961451)	(20.0, 0.3387645380732938)	(21.0, 0.44359410430838997)	(22.0, 0.5398288347597103)	(23.0, 0.6363378684807256)	(24.0, 0.7735352205398288)	(25.0, 0.9530209933435739)	(26.0, 1.1244605369029332)	(27.0, 1.3149184404944774)	(28.0, 1.5589569160997732)	(29.0, 1.8341745300270644)	(30.0, 2.1437257698778436)	(31.0, 2.507269036646917)	(32.0, 2.9084375685758177)	(33.0, 3.369267061663375)	(34.0, 3.860452783263843)	(35.0, 4.325762563089752)	(36.0, 4.813793797088728)	(37.0, 5.332684148928388)	(38.0, 5.760277229171239)	(39.0, 6.071291419793725)	(40.0, 6.248125594323751)	(41.0, 6.247211250091434)	(42.0, 6.027402896642528)	(43.0, 5.582711579255358)	(44.0, 5.013989466754444)	(45.0, 4.343363689561846)	(46.0, 3.6446675444371293)	(47.0, 2.9429997805573844)	(48.0, 2.2911637773388924)	(49.0, 1.754352278545827)	(50.0, 1.3035805720137517)	(51.0, 0.9297052154195011)	(52.0, 0.6447498354180381)	(53.0, 0.46151525126179505)	(54.0, 0.3213919976592787)	(55.0, 0.22529441884280593)	(56.0, 0.16673067076292883)	(57.0, 0.112372906151708)	(58.0, 0.07305610416209495)	(59.0, 0.051203277009728626)	(60.0, 0.04256272401433692)	(61.0, 0.032824957940165315)	(62.0, 0.023681515616999486)	(63.0, 0.0188354911857216)	(64.0, 0.013760880696364568)	(65.0, 0.011337868480725623)	(66.0, 0.009737766074171605)	(67.0, 0.007634774339843464)	(68.0, 0.004526003949967084)	(69.0, 0.002468729427254773)	(70.0, 0.002240143369175627)	(71.0, 0.001782971253017336)	(72.0, 0.0006857581742374369)	(73.0, 0.0003200204813108039)	(74.0, 0.0001828688464633165)	(75.0, 4.5717211615829124e-05)	(76.0, 0.0)	(77.0, 0.0)	(78.0, 0.0)	(79.0, 0.0)	(80.0, 4.5717211615829124e-05)	(81.0, 9.143442323165825e-05)	(82.0, 0.0001371516348474874)	(83.0, 0.0001371516348474874)	(84.0, 4.5717211615829124e-05)	(85.0, 0.0001371516348474874)	(86.0, 0.0001371516348474874)	(87.0, 0.0)	(88.0, 0.0)	(89.0, 0.0)	(90.0, 0.0)	(91.0, 0.0)	(92.0, 4.5717211615829124e-05)	(93.0, 0.0001371516348474874)	(94.0, 9.143442323165825e-05)	(95.0, 0.0)	(96.0, 4.5717211615829124e-05)	(97.0, 0.0001371516348474874)	(98.0, 9.143442323165825e-05)	(99.0, 0.0)	(100.0, 0.0)
PID-2861-38_R2	(0.0, 0.0)	(1.0, 0.0)	(2.0, 0.0)	(3.0, 0.0)	(4.0, 0.0)	(5.0, 9.154675567452566e-05)	(6.0, 0.00018309351134905132)	(7.0, 0.00013732013351178848)	(8.0, 0.0002288668891863141)	(9.0, 0.0008239208010707309)	(10.0, 0.0022428955140258787)	(11.0, 0.004165377383190917)	(12.0, 0.007461060587473841)	(13.0, 0.015471401708994834)	(14.0, 0.031812497596897665)	(15.0, 0.06216024710300292)	(16.0, 0.0940642914555751)	(17.0, 0.1381440543128592)	(18.0, 0.19591005714348486)	(19.0, 0.2544999807751813)	(20.0, 0.3408743447540963)	(21.0, 0.4358998771442539)	(22.0, 0.5347703732727416)	(23.0, 0.6357006714039062)	(24.0, 0.7575036298288625)	(25.0, 0.9317171058774849)	(26.0, 1.09718786675919)	(27.0, 1.2879713055849014)	(28.0, 1.543936034450875)	(29.0, 1.8249388009938317)	(30.0, 2.1504332907946075)	(31.0, 2.5025221131188333)	(32.0, 2.9086692946688664)	(33.0, 3.3543189012924572)	(34.0, 3.825464279371403)	(35.0, 4.341971074887077)	(36.0, 4.842502961537546)	(37.0, 5.320239706025058)	(38.0, 5.6973665660262665)	(39.0, 6.0134317399925665)	(40.0, 6.229298989873098)	(41.0, 6.202430017082625)	(42.0, 5.955116456627894)	(43.0, 5.542606775558482)	(44.0, 4.999047913740985)	(45.0, 4.371220263325088)	(46.0, 3.673771305218714)	(47.0, 2.9430451014246506)	(48.0, 2.292468082223634)	(49.0, 1.7319272972285134)	(50.0, 1.291358535544859)	(51.0, 0.9498433635010409)	(52.0, 0.6750200029661149)	(53.0, 0.4740748742605311)	(54.0, 0.3247163423775425)	(55.0, 0.23623640301811347)	(56.0, 0.17860772032099953)	(57.0, 0.12752463065461422)	(58.0, 0.08664900424593854)	(59.0, 0.05945961781060441)	(60.0, 0.0496183415755929)	(61.0, 0.04169954720974643)	(62.0, 0.030988576795826932)	(63.0, 0.02352751620835309)	(64.0, 0.01977409922569754)	(65.0, 0.01638686926574009)	(66.0, 0.014372840640900528)	(67.0, 0.011946851615525597)	(68.0, 0.007964567743683731)	(69.0, 0.006225179385867744)	(70.0, 0.00567589885182059)	(71.0, 0.005401258584797014)	(72.0, 0.005126618317773436)	(73.0, 0.004440017650214494)	(74.0, 0.003661870226981026)	(75.0, 0.003066816315096609)	(76.0, 0.0032041364486083976)	(77.0, 0.003707643604818289)	(78.0, 0.003753416982655552)	(79.0, 0.003661870226981026)	(80.0, 0.003661870226981026)	(81.0, 0.0032499098264456606)	(82.0, 0.0027464026702357694)	(83.0, 0.0027464026702357694)	(84.0, 0.002700629292398507)	(85.0, 0.0024259890253749295)	(86.0, 0.002609082536723981)	(87.0, 0.002837949425910295)	(88.0, 0.002700629292398507)	(89.0, 0.002837949425910295)	(90.0, 0.0032041364486083976)	(91.0, 0.0030210429372593463)	(92.0, 0.003524550093469237)	(93.0, 0.003707643604818289)	(94.0, 0.003661870226981026)	(95.0, 0.004165377383190917)	(96.0, 0.004668884539400809)	(97.0, 0.007644154098822891)	(98.0, 0.012404585393898226)	(99.0, 0.023069782429980465)	(100.0, 0.13896797511392994)
PID-2861-39_R1	(0.0, 0.0)	(1.0, 0.0)	(2.0, 0.0)	(3.0, 0.0)	(4.0, 0.0)	(5.0, 4.76450936035509e-05)	(6.0, 9.52901872071018e-05)	(7.0, 9.52901872071018e-05)	(8.0, 0.0006193862168461616)	(9.0, 0.001715223369727832)	(10.0, 0.003906897675491174)	(11.0, 0.007861440444585897)	(12.0, 0.014055302613047514)	(13.0, 0.028539411068526983)	(14.0, 0.04831212491400061)	(15.0, 0.0754698282680246)	(16.0, 0.10882139379051023)	(17.0, 0.1552277149603688)	(18.0, 0.21526053290084296)	(19.0, 0.27129116297861877)	(20.0, 0.3448075424088978)	(21.0, 0.4257089113477272)	(22.0, 0.5052285725720537)	(23.0, 0.6063314611987887)	(24.0, 0.734877923741169)	(25.0, 0.8741921774379519)	(26.0, 1.0266564769693147)	(27.0, 1.217046271009104)	(28.0, 1.4492684572328112)	(29.0, 1.7081718958745065)	(30.0, 2.018627325795244)	(31.0, 2.4145580536407523)	(32.0, 2.839456998397219)	(33.0, 3.275647830337727)	(34.0, 3.746667225702432)	(35.0, 4.297110992104255)	(36.0, 4.891912340650984)	(37.0, 5.4328747334257015)	(38.0, 5.858107193837394)	(39.0, 6.159986506909491)	(40.0, 6.356379582743328)	(41.0, 6.360619996074044)	(42.0, 6.113341960271615)	(43.0, 5.675721775523)	(44.0, 5.129756647919911)	(45.0, 4.482307470941257)	(46.0, 3.747763062855313)	(47.0, 3.0014979617428956)	(48.0, 2.312073457299514)	(49.0, 1.7422857828946492)	(50.0, 1.2953748048933418)	(51.0, 0.9370837009946389)	(52.0, 0.6569781956993633)	(53.0, 0.4476256544053607)	(54.0, 0.29163561794733506)	(55.0, 0.1955831092425764)	(56.0, 0.14355466702749886)	(57.0, 0.09791066735529708)	(58.0, 0.0660837448281251)	(59.0, 0.04716864266751539)	(60.0, 0.034733273236988604)	(61.0, 0.02510896432907132)	(62.0, 0.017723974820520932)	(63.0, 0.014293528081065269)	(64.0, 0.012149498868905479)	(65.0, 0.00957666381431373)	(66.0, 0.007099118946929083)	(67.0, 0.005050379921976394)	(68.0, 0.0034780918330592154)	(69.0, 0.002239319399366892)	(70.0, 0.002191674305763341)	(71.0, 0.0018105135569349339)	(72.0, 0.0011911273400887722)	(73.0, 0.0006193862168461616)	(74.0, 0.0005717411232426107)	(75.0, 0.000476450936035509)	(76.0, 0.0001905803744142036)	(77.0, 0.00014293528081065268)	(78.0, 0.0001905803744142036)	(79.0, 0.0001905803744142036)	(80.0, 0.0002382254680177545)	(81.0, 0.0001905803744142036)	(82.0, 0.0)	(83.0, 4.76450936035509e-05)	(84.0, 0.0002382254680177545)	(85.0, 0.00028587056162130537)	(86.0, 0.00014293528081065268)	(87.0, 4.76450936035509e-05)	(88.0, 4.76450936035509e-05)	(89.0, 4.76450936035509e-05)	(90.0, 0.0)	(91.0, 4.76450936035509e-05)	(92.0, 9.52901872071018e-05)	(93.0, 4.76450936035509e-05)	(94.0, 0.0)	(95.0, 0.0)	(96.0, 0.0)	(97.0, 0.0)	(98.0, 9.52901872071018e-05)	(99.0, 9.52901872071018e-05)	(100.0, 0.0)
PID-2861-39_R2	(0.0, 0.0)	(1.0, 0.0)	(2.0, 0.0)	(3.0, 0.0)	(4.0, 0.0)	(5.0, 0.0)	(6.0, 0.0001432142236547888)	(7.0, 0.0003819045964127701)	(8.0, 0.0007638091928255402)	(9.0, 0.0014798803110994843)	(10.0, 0.003628093665921316)	(11.0, 0.007685830002806999)	(12.0, 0.012029994787002259)	(13.0, 0.024012251499452922)	(14.0, 0.04415771896022654)	(15.0, 0.07642865735710562)	(16.0, 0.10893828612674268)	(17.0, 0.15128195825400856)	(18.0, 0.21152740833812306)	(19.0, 0.2630367907792954)	(20.0, 0.3282470006167759)	(21.0, 0.41555993897164545)	(22.0, 0.5066441852160912)	(23.0, 0.6045549761214152)	(24.0, 0.7239001625004058)	(25.0, 0.856898438201153)	(26.0, 1.0217380096278148)	(27.0, 1.2016628126127813)	(28.0, 1.4118535548634596)	(29.0, 1.685631412416864)	(30.0, 1.999461514519058)	(31.0, 2.3684290927283453)	(32.0, 2.7944436700267907)	(33.0, 3.258744183115616)	(34.0, 3.7393711177010873)	(35.0, 4.278763622059573)	(36.0, 4.860117893948913)	(37.0, 5.3878145700422575)	(38.0, 5.806429745785206)	(39.0, 6.108182115025845)	(40.0, 6.308204647397034)	(41.0, 6.29493346267169)	(42.0, 6.060300826250594)	(43.0, 5.659396476166289)	(44.0, 5.116710044663743)	(45.0, 4.474967108466634)	(46.0, 3.7652928921826043)	(47.0, 3.0154709552006813)	(48.0, 2.3288064908505204)	(49.0, 1.7817281564892273)	(50.0, 1.3262591871924474)	(51.0, 0.9670779142662372)	(52.0, 0.6776897063344606)	(53.0, 0.4592880152609077)	(54.0, 0.3134959355803327)	(55.0, 0.21921323834093007)	(56.0, 0.15290505278876285)	(57.0, 0.10182531301855482)	(58.0, 0.07246639716932314)	(59.0, 0.0537053338705458)	(60.0, 0.04282105287278185)	(61.0, 0.03503974672087166)	(62.0, 0.02701975019620349)	(63.0, 0.021052490877253954)	(64.0, 0.016994754540368272)	(65.0, 0.014846541185546439)	(66.0, 0.012555113607069818)	(67.0, 0.010693328699557563)	(68.0, 0.008736067642942116)	(69.0, 0.008354163046529346)	(70.0, 0.00754261577915221)	(71.0, 0.005680830871639955)	(72.0, 0.005203450126123993)	(73.0, 0.005203450126123993)	(74.0, 0.0052989262752271855)	(75.0, 0.004773807455159627)	(76.0, 0.0037235698150245087)	(77.0, 0.00358035559136972)	(78.0, 0.0035326175168181235)	(79.0, 0.003628093665921316)	(80.0, 0.00434416478419526)	(81.0, 0.004105474411437279)	(82.0, 0.003675831740472912)	(83.0, 0.0038667840386792975)	(84.0, 0.0037235698150245087)	(85.0, 0.0030074986967505647)	(86.0, 0.0030074986967505647)	(87.0, 0.003055236771302161)	(88.0, 0.003628093665921316)	(89.0, 0.004248688635092068)	(90.0, 0.004009998262334087)	(91.0, 0.0033416652186117387)	(92.0, 0.0027688083239925834)	(93.0, 0.0037235698150245087)	(94.0, 0.0046305932315048376)	(95.0, 0.0045828551569532415)	(96.0, 0.005871783169846341)	(97.0, 0.009881781432180426)	(98.0, 0.016183207272991135)	(99.0, 0.030313677340263627)	(100.0, 0.21806752455169176)
PID-2861-3_R1	(0.0, 0.0)	(1.0, 0.0)	(2.0, 0.0)	(3.0, 0.0)	(4.0, 0.0)	(5.0, 5.6556703468113614e-05)	(6.0, 0.00016967011040434085)	(7.0, 0.00039589692427679526)	(8.0, 0.000735237145085477)	(9.0, 0.0010180206624260451)	(10.0, 0.0020360413248520903)	(11.0, 0.005372886829470794)	(12.0, 0.010745773658941587)	(13.0, 0.016853897633497858)	(14.0, 0.02940948580341908)	(15.0, 0.051975610487196414)	(16.0, 0.08087608595940247)	(17.0, 0.11803384013795311)	(18.0, 0.1641275534644657)	(19.0, 0.21825231868345044)	(20.0, 0.2886088577977838)	(21.0, 0.356420345256052)	(22.0, 0.44838154509520467)	(23.0, 0.563983446984029)	(24.0, 0.6942900917745627)	(25.0, 0.8569471709488574)	(26.0, 0.9994700636885038)	(27.0, 1.1931202163633248)	(28.0, 1.435635360834596)	(29.0, 1.6728341751798645)	(30.0, 1.9800501884186577)	(31.0, 2.359998122317445)	(32.0, 2.7959937493531326)	(33.0, 3.265075047917667)	(34.0, 3.809093978577452)	(35.0, 4.454010068224351)	(36.0, 5.014486999593357)	(37.0, 5.481192916612231)	(38.0, 5.965205184892347)	(39.0, 6.315573962877311)	(40.0, 6.442317535349354)	(41.0, 6.380444501755238)	(42.0, 6.148392347425567)	(43.0, 5.706627936636131)	(44.0, 5.096720446435995)	(45.0, 4.455706769328395)	(46.0, 3.771427214067688)	(47.0, 3.032061429629039)	(48.0, 2.333133688170091)	(49.0, 1.75331436421499)	(50.0, 1.2847420759816688)	(51.0, 0.9153702456314188)	(52.0, 0.6445201927226227)	(53.0, 0.44962579257150326)	(54.0, 0.3030873738856209)	(55.0, 0.2077327718383813)	(56.0, 0.1429753463673912)	(57.0, 0.08981204510736443)	(58.0, 0.05836651797909325)	(59.0, 0.039420022317275184)	(60.0, 0.0274300011820351)	(61.0, 0.019455505993031082)	(62.0, 0.01300804179766613)	(63.0, 0.008992515851430065)	(64.0, 0.006617134305769293)	(65.0, 0.004411422870512862)	(66.0, 0.003223732097682476)	(67.0, 0.0028843918768737945)	(68.0, 0.002205711435256431)	(69.0, 0.0007917938485535905)	(70.0, 0.0004524536277449089)	(71.0, 0.00039589692427679526)	(72.0, 0.0005090103312130226)	(73.0, 0.0005655670346811361)	(74.0, 0.00039589692427679526)	(75.0, 0.00022622681387245446)	(76.0, 0.00028278351734056806)	(77.0, 0.00028278351734056806)	(78.0, 0.00016967011040434085)	(79.0, 5.6556703468113614e-05)	(80.0, 5.6556703468113614e-05)	(81.0, 0.00011311340693622723)	(82.0, 0.00011311340693622723)	(83.0, 0.00011311340693622723)	(84.0, 0.00011311340693622723)	(85.0, 0.00016967011040434085)	(86.0, 0.00011311340693622723)	(87.0, 5.6556703468113614e-05)	(88.0, 0.00011311340693622723)	(89.0, 5.6556703468113614e-05)	(90.0, 0.0)	(91.0, 0.0)	(92.0, 0.0)	(93.0, 0.0)	(94.0, 0.0)	(95.0, 0.0)	(96.0, 5.6556703468113614e-05)	(97.0, 0.00011311340693622723)	(98.0, 0.00011311340693622723)	(99.0, 5.6556703468113614e-05)	(100.0, 5.6556703468113614e-05)
PID-2861-3_R2	(0.0, 0.0)	(1.0, 5.661661380562157e-05)	(2.0, 5.661661380562157e-05)	(3.0, 0.0)	(4.0, 0.0)	(5.0, 5.661661380562157e-05)	(6.0, 0.0004529329104449726)	(7.0, 0.0005661661380562158)	(8.0, 0.00033969968283372945)	(9.0, 0.0008492492070843237)	(10.0, 0.0016418818003630256)	(11.0, 0.00537857831153405)	(12.0, 0.00900204159509383)	(13.0, 0.014210770065211015)	(14.0, 0.02876123981325576)	(15.0, 0.05095495242505942)	(16.0, 0.07999927530734328)	(17.0, 0.11566774200488489)	(18.0, 0.1555824547378481)	(19.0, 0.21146305256399658)	(20.0, 0.27498689325390396)	(21.0, 0.34892819088404575)	(22.0, 0.4447235014431575)	(23.0, 0.5557486811159814)	(24.0, 0.6923645702289463)	(25.0, 0.8378692677093936)	(26.0, 0.9978112017102747)	(27.0, 1.2166344140690022)	(28.0, 1.4370995082280924)	(29.0, 1.6643585960438574)	(30.0, 1.9737683904915795)	(31.0, 2.3206017666648173)	(32.0, 2.7680994821844505)	(33.0, 3.2405085077785563)	(34.0, 3.7618909043145257)	(35.0, 4.404206387939302)	(36.0, 5.0089850566109515)	(37.0, 5.4995680152366635)	(38.0, 5.961389734049118)	(39.0, 6.299051218785845)	(40.0, 6.412057979941867)	(41.0, 6.353912717563492)	(42.0, 6.1180479044492735)	(43.0, 5.700330527791397)	(44.0, 5.105572999763343)	(45.0, 4.449726145439023)	(46.0, 3.7394141086336936)	(47.0, 3.0032282793191962)	(48.0, 2.338888932924033)	(49.0, 1.7817248364629108)	(50.0, 1.3161664211392847)	(51.0, 0.9585192717291733)	(52.0, 0.6770214678876227)	(53.0, 0.44829034811291163)	(54.0, 0.30097391899068426)	(55.0, 0.20999102060505043)	(56.0, 0.14635394668753177)	(57.0, 0.09596516040052858)	(58.0, 0.06290105793804558)	(59.0, 0.04308524310607802)	(60.0, 0.029893572089368194)	(61.0, 0.023382661501721712)	(62.0, 0.01800408319018766)	(63.0, 0.0136446039271548)	(64.0, 0.010700540009262478)	(65.0, 0.009058658208899452)	(66.0, 0.007813092705175778)	(67.0, 0.006171210904812752)	(68.0, 0.006227827518618374)	(69.0, 0.005831511221979022)	(70.0, 0.004529329104449726)	(71.0, 0.003510230055948538)	(72.0, 0.0028874473040867003)	(73.0, 0.003510230055948538)	(74.0, 0.0036234632835597806)	(75.0, 0.0032837636007260512)	(76.0, 0.002944063917892322)	(77.0, 0.0030572971455035654)	(78.0, 0.003000680531697944)	(79.0, 0.0028874473040867003)	(80.0, 0.0032837636007260512)	(81.0, 0.0030572971455035654)	(82.0, 0.003396996828337295)	(83.0, 0.0034536134421429164)	(84.0, 0.0026043642350585925)	(85.0, 0.002830830690281079)	(86.0, 0.0032837636007260512)	(87.0, 0.0027175974626698356)	(88.0, 0.002774214076475457)	(89.0, 0.0024911310074473498)	(90.0, 0.00215143132461362)	(91.0, 0.00215143132461362)	(92.0, 0.002038198097002377)	(93.0, 0.002264664552224863)	(94.0, 0.003000680531697944)	(95.0, 0.0036234632835597806)	(96.0, 0.003736696511171024)	(97.0, 0.004133012807810375)	(98.0, 0.006850610270480211)	(99.0, 0.012342421809625505)	(100.0, 0.11804563978472099)
PID-2861-40_R1	(0.0, 0.0)	(1.0, 0.0)	(2.0, 0.0)	(3.0, 0.0)	(4.0, 5.2151048209993495e-05)	(5.0, 5.2151048209993495e-05)	(6.0, 0.00020860419283997398)	(7.0, 0.0004693594338899415)	(8.0, 0.0005736615303099284)	(9.0, 0.0015645314462998051)	(10.0, 0.004380688049639454)	(11.0, 0.008344167713598959)	(12.0, 0.013767876727438283)	(13.0, 0.02518895628542686)	(14.0, 0.045214958798064364)	(15.0, 0.0785394786042502)	(16.0, 0.1164011396047055)	(17.0, 0.15921715018511015)	(18.0, 0.22122474650679239)	(19.0, 0.2827629833945847)	(20.0, 0.360728800468525)	(21.0, 0.457416843849853)	(22.0, 0.5463343810478919)	(23.0, 0.6359298818726606)	(24.0, 0.7734521960024136)	(25.0, 0.938249508345993)	(26.0, 1.0846375006714446)	(27.0, 1.2893825159438792)	(28.0, 1.5306332649633092)	(29.0, 1.7711017482595892)	(30.0, 2.0819219955911503)	(31.0, 2.4507342085322246)	(32.0, 2.859233369161103)	(33.0, 3.3018914663675285)	(34.0, 3.807913087149095)	(35.0, 4.364051865260466)	(36.0, 4.895992557002399)	(37.0, 5.385169389212138)	(38.0, 5.823916157802814)	(39.0, 6.1478784692832935)	(40.0, 6.2945272168497945)	(41.0, 6.290563737185835)	(42.0, 6.040447309970707)	(43.0, 5.586681039495554)	(44.0, 5.032106792830483)	(45.0, 4.374638528047094)	(46.0, 3.673937044297622)	(47.0, 2.9775640975495787)	(48.0, 2.3072666749065323)	(49.0, 1.7235399922920753)	(50.0, 1.2666446589243219)	(51.0, 0.9149379897961258)	(52.0, 0.6450563153094095)	(53.0, 0.43530479940881567)	(54.0, 0.2869350672513842)	(55.0, 0.1961400923177855)	(56.0, 0.14054707492593246)	(57.0, 0.09559287136891807)	(58.0, 0.06445869558755196)	(59.0, 0.04505850565343438)	(60.0, 0.03348097295081583)	(61.0, 0.02675348773172666)	(62.0, 0.021746987103567286)	(63.0, 0.014967350836268134)	(64.0, 0.010378058593788706)	(65.0, 0.00818771456896898)	(66.0, 0.007926959327919012)	(67.0, 0.006362427881619207)	(68.0, 0.0030247607961796227)	(69.0, 0.001981739831979753)	(70.0, 0.0019295887837697595)	(71.0, 0.0019295887837697595)	(72.0, 0.0015123803980898114)	(73.0, 0.000625812578519922)	(74.0, 0.000312906289259961)	(75.0, 0.00010430209641998699)	(76.0, 0.00026075524104996747)	(77.0, 0.00020860419283997398)	(78.0, 0.0)	(79.0, 5.2151048209993495e-05)	(80.0, 5.2151048209993495e-05)	(81.0, 0.00010430209641998699)	(82.0, 0.00010430209641998699)	(83.0, 0.0)	(84.0, 0.00010430209641998699)	(85.0, 0.000312906289259961)	(86.0, 0.000312906289259961)	(87.0, 0.0001564531446299805)	(88.0, 0.0001564531446299805)	(89.0, 0.00010430209641998699)	(90.0, 0.00010430209641998699)	(91.0, 0.00010430209641998699)	(92.0, 0.0)	(93.0, 0.0)	(94.0, 0.0)	(95.0, 0.0)	(96.0, 0.0)	(97.0, 5.2151048209993495e-05)	(98.0, 5.2151048209993495e-05)	(99.0, 0.0)	(100.0, 5.2151048209993495e-05)
PID-2861-40_R2	(0.0, 0.0)	(1.0, 0.0)	(2.0, 0.0)	(3.0, 0.0)	(4.0, 0.0)	(5.0, 0.0)	(6.0, 0.00015676110652439727)	(7.0, 0.0005225370217479909)	(8.0, 0.0008360592347967854)	(9.0, 0.0021424017891667627)	(10.0, 0.004284803578333525)	(11.0, 0.00799481643274426)	(12.0, 0.01369046996979736)	(13.0, 0.02785122325916791)	(14.0, 0.05068609110955512)	(15.0, 0.08125450688181259)	(16.0, 0.11589871142370436)	(17.0, 0.16376310261582033)	(18.0, 0.21878625100588378)	(19.0, 0.2691588199023901)	(20.0, 0.3411121677970884)	(21.0, 0.43495981690302754)	(22.0, 0.5304273307763855)	(23.0, 0.6336283925716137)	(24.0, 0.7615454554955219)	(25.0, 0.9127676695893905)	(26.0, 1.0864589756184226)	(27.0, 1.2943242028697735)	(28.0, 1.5243972535454138)	(29.0, 1.7898983142955678)	(30.0, 2.1013303792573703)	(31.0, 2.450489617189378)	(32.0, 2.8417653390742736)	(33.0, 3.2770909318925248)	(34.0, 3.7550555456854116)	(35.0, 4.301315748220762)	(36.0, 4.856563587530176)	(37.0, 5.321830551694587)	(38.0, 5.755745294554119)	(39.0, 6.087504049661919)	(40.0, 6.245676006145035)	(41.0, 6.247243617210279)	(42.0, 5.982526361992748)	(43.0, 5.5357049546960395)	(44.0, 5.020431197550346)	(45.0, 4.402008632311599)	(46.0, 3.7084974970476656)	(47.0, 2.9675400002090147)	(48.0, 2.3148912600457745)	(49.0, 1.760479479971156)	(50.0, 1.2828806420934924)	(51.0, 0.9292275857744521)	(52.0, 0.6546866345480578)	(53.0, 0.4539279107924796)	(54.0, 0.30416880035950544)	(55.0, 0.20943283831659473)	(56.0, 0.15268531775476293)	(57.0, 0.10696332835181373)	(58.0, 0.07738773292087744)	(59.0, 0.05470962617701464)	(60.0, 0.039399291439798506)	(61.0, 0.03291983237012342)	(62.0, 0.027433193641769518)	(63.0, 0.0229916289569116)	(64.0, 0.01823654205900488)	(65.0, 0.015623856950264926)	(66.0, 0.01426526069372015)	(67.0, 0.011600321882805397)	(68.0, 0.008830875667541045)	(69.0, 0.007001996091423077)	(70.0, 0.006740727580549082)	(71.0, 0.007001996091423077)	(72.0, 0.005538892430528703)	(73.0, 0.004911848004431114)	(74.0, 0.004598325791382319)	(75.0, 0.004023535067459529)	(76.0, 0.004075788769634329)	(77.0, 0.003762266556585534)	(78.0, 0.0033964906413619404)	(79.0, 0.003919027663109932)	(80.0, 0.003762266556585534)	(81.0, 0.0032919832370123425)	(82.0, 0.0039712813652847305)	(83.0, 0.0037100128544107353)	(84.0, 0.0031874758326627447)	(85.0, 0.003082968428313146)	(86.0, 0.0034487443435367395)	(87.0, 0.004180296173983927)	(88.0, 0.0038667739609351322)	(89.0, 0.003082968428313146)	(90.0, 0.0031874758326627447)	(91.0, 0.004023535067459529)	(92.0, 0.004441564684857922)	(93.0, 0.0036055054500611365)	(94.0, 0.003135222130487945)	(95.0, 0.0033964906413619404)	(96.0, 0.005956922047927095)	(97.0, 0.009092144178415041)	(98.0, 0.013429201458923365)	(99.0, 0.02617910478957434)	(100.0, 0.21538976036452182)
PID-2861-4_R1	(0.0, 0.0)	(1.0, 0.0)	(2.0, 0.0)	(3.0, 0.0)	(4.0, 0.0)	(5.0, 0.0002186511628415468)	(6.0, 0.0003279767442623202)	(7.0, 0.0003279767442623202)	(8.0, 0.0007652790699454137)	(9.0, 0.0011479186049181207)	(10.0, 0.0027878023262297214)	(11.0, 0.0072154883737710436)	(12.0, 0.01339238372404474)	(13.0, 0.02317702326120396)	(14.0, 0.03886524419508494)	(15.0, 0.06105833722350194)	(16.0, 0.08822574420656412)	(17.0, 0.1232099302612116)	(18.0, 0.16890802329509488)	(19.0, 0.2230788488890881)	(20.0, 0.2826612907634096)	(21.0, 0.35153640705849687)	(22.0, 0.4365370466131482)	(23.0, 0.534766081519713)	(24.0, 0.6680339652716358)	(25.0, 0.8020671280935039)	(26.0, 0.9364829304503448)	(27.0, 1.1374233491017265)	(28.0, 1.3374891631017416)	(29.0, 1.5603493608279884)	(30.0, 1.8815479190422206)	(31.0, 2.220894523772301)	(32.0, 2.6073057913040247)	(33.0, 3.0614442565259172)	(34.0, 3.6267668380527365)	(35.0, 4.257958082385572)	(36.0, 4.84733229182496)	(37.0, 5.346075594266529)	(38.0, 5.776053105994431)	(39.0, 6.1474867688715085)	(40.0, 6.360671652642017)	(41.0, 6.389916245672074)	(42.0, 6.192036943300474)	(43.0, 5.797043617627219)	(44.0, 5.284853268670896)	(45.0, 4.696299001092163)	(46.0, 4.015091303259323)	(47.0, 3.2564264309898663)	(48.0, 2.5592571982695946)	(49.0, 1.9580758260367617)	(50.0, 1.4471973840574879)	(51.0, 1.0684935700159288)	(52.0, 0.7644591280847579)	(53.0, 0.5267306512852862)	(54.0, 0.35880655822297824)	(55.0, 0.24450666284755967)	(56.0, 0.16765077910875598)	(57.0, 0.1100908604907188)	(58.0, 0.07171758141202735)	(59.0, 0.04826724419727145)	(60.0, 0.03312565117049434)	(61.0, 0.021591802330602743)	(62.0, 0.015524232561749821)	(63.0, 0.01142452325847082)	(64.0, 0.006668860466667177)	(65.0, 0.004373023256830935)	(66.0, 0.003990383721858229)	(67.0, 0.003990383721858229)	(68.0, 0.003006453489071268)	(69.0, 0.0013119069770492807)	(70.0, 0.0008746046513661872)	(71.0, 0.0007652790699454137)	(72.0, 0.0006559534885246404)	(73.0, 0.00038263953497270686)	(74.0, 0.0001639883721311601)	(75.0, 0.0001093255814207734)	(76.0, 5.46627907103867e-05)	(77.0, 0.0002186511628415468)	(78.0, 0.0002186511628415468)	(79.0, 0.0001093255814207734)	(80.0, 5.46627907103867e-05)	(81.0, 0.0)	(82.0, 5.46627907103867e-05)	(83.0, 5.46627907103867e-05)	(84.0, 5.46627907103867e-05)	(85.0, 5.46627907103867e-05)	(86.0, 0.0001093255814207734)	(87.0, 0.0001639883721311601)	(88.0, 0.0001093255814207734)	(89.0, 5.46627907103867e-05)	(90.0, 0.0)	(91.0, 0.0)	(92.0, 0.0)	(93.0, 0.0)	(94.0, 0.0)	(95.0, 0.0)	(96.0, 0.0)	(97.0, 0.0)	(98.0, 0.0001093255814207734)	(99.0, 0.0001093255814207734)	(100.0, 0.0)
PID-2861-4_R2	(0.0, 0.0)	(1.0, 0.0)	(2.0, 0.0)	(3.0, 5.47472729014686e-05)	(4.0, 5.47472729014686e-05)	(5.0, 5.47472729014686e-05)	(6.0, 0.0002189890916058744)	(7.0, 0.0007664618206205604)	(8.0, 0.0011496927309308405)	(9.0, 0.001204440003832309)	(10.0, 0.002956352736679304)	(11.0, 0.006898156385585044)	(12.0, 0.011004201853195188)	(13.0, 0.017683369147174357)	(14.0, 0.031917660101556194)	(15.0, 0.058251098367162586)	(16.0, 0.08754088936944829)	(17.0, 0.12192217675157056)	(18.0, 0.16938806235714385)	(19.0, 0.2166897061440127)	(20.0, 0.269411329948127)	(21.0, 0.33724320107304656)	(22.0, 0.4211160231580965)	(23.0, 0.5220152471155031)	(24.0, 0.644101665685778)	(25.0, 0.7812983315768584)	(26.0, 0.9326745411494191)	(27.0, 1.1232497981194312)	(28.0, 1.3338078096984793)	(29.0, 1.5581621340486977)	(30.0, 1.8468445040581416)	(31.0, 2.182445286944144)	(32.0, 2.575092728193477)	(33.0, 3.039075866033423)	(34.0, 3.5572040567729215)	(35.0, 4.159807289599387)	(36.0, 4.758523466049847)	(37.0, 5.276706404062248)	(38.0, 5.733681890970806)	(39.0, 6.149213692292952)	(40.0, 6.372692060276748)	(41.0, 6.35637737295211)	(42.0, 6.153429232306365)	(43.0, 5.786513009320723)	(44.0, 5.319792507835704)	(45.0, 4.709853140440442)	(46.0, 4.002025649097354)	(47.0, 3.2692881485840983)	(48.0, 2.5879035900524205)	(49.0, 1.9912678099722156)	(50.0, 1.4901112738321722)	(51.0, 1.1082490453444287)	(52.0, 0.7971750407182843)	(53.0, 0.5494436308391388)	(54.0, 0.37600427028728634)	(55.0, 0.25933783173425673)	(56.0, 0.17929731875230964)	(57.0, 0.1202797585645265)	(58.0, 0.08261363480831611)	(59.0, 0.05989351655420665)	(60.0, 0.04242913649863816)	(61.0, 0.029508780093891573)	(62.0, 0.023979305530843244)	(63.0, 0.01938053460711988)	(64.0, 0.013467829133761275)	(65.0, 0.011168443671899593)	(66.0, 0.01018299275967316)	(67.0, 0.009580772757757004)	(68.0, 0.007993101843614415)	(69.0, 0.006569672748176232)	(70.0, 0.006733914566880638)	(71.0, 0.005310485471442454)	(72.0, 0.0044892763779204245)	(73.0, 0.004817760015329236)	(74.0, 0.0044892763779204245)	(75.0, 0.004653518196624831)	(76.0, 0.004379781832117488)	(77.0, 0.00388705637600427)	(78.0, 0.004106045467610144)	(79.0, 0.0035038254656939902)	(80.0, 0.0032300891011866474)	(81.0, 0.0031753418282851787)	(82.0, 0.003449078192792522)	(83.0, 0.0029016054637778354)	(84.0, 0.00273736364507343)	(85.0, 0.0035038254656939902)	(86.0, 0.0033395836469895844)	(87.0, 0.0037228145572998647)	(88.0, 0.004106045467610144)	(89.0, 0.003996550921807208)	(90.0, 0.0037228145572998647)	(91.0, 0.003284836374088116)	(92.0, 0.003449078192792522)	(93.0, 0.0035038254656939902)	(94.0, 0.0044892763779204245)	(95.0, 0.004872507288230705)	(96.0, 0.005036749106935111)	(97.0, 0.007883607297811478)	(98.0, 0.012701367313140715)	(99.0, 0.023924558257941778)	(100.0, 0.1713589641815967)
PID-2861-5_R1	(0.0, 0.0)	(1.0, 0.0)	(2.0, 0.0)	(3.0, 0.0)	(4.0, 0.0)	(5.0, 0.0)	(6.0, 0.00034926038292908384)	(7.0, 0.0006985207658581677)	(8.0, 0.0005238905743936258)	(9.0, 0.0009313610211442235)	(10.0, 0.0032015535101832687)	(11.0, 0.007450888169153788)	(12.0, 0.012573373785447017)	(13.0, 0.02252729469892591)	(14.0, 0.04115451512181038)	(15.0, 0.06944460613906617)	(16.0, 0.10570947589986937)	(17.0, 0.15216110682943754)	(18.0, 0.20507405484319371)	(19.0, 0.2584526833675221)	(20.0, 0.32498678631551253)	(21.0, 0.40985705936727984)	(22.0, 0.5096291087573548)	(23.0, 0.6137669129340434)	(24.0, 0.7425857841710537)	(25.0, 0.9003932671911781)	(26.0, 1.0646620672954905)	(27.0, 1.27072569322365)	(28.0, 1.4816789645128166)	(29.0, 1.7246477709038162)	(30.0, 2.0625571913877048)	(31.0, 2.402969644615918)	(32.0, 2.7844201928382994)	(33.0, 3.235897447837962)	(34.0, 3.7483788497225707)	(35.0, 4.3478260869565215)	(36.0, 4.894826056687288)	(37.0, 5.346070471431665)	(38.0, 5.785905713667025)	(39.0, 6.121079261151302)	(40.0, 6.278188223405568)	(41.0, 6.2232379231580595)	(42.0, 6.027943159036879)	(43.0, 5.648064282537679)	(44.0, 5.080399740150275)	(45.0, 4.448063816857169)	(46.0, 3.7746315885060735)	(47.0, 3.0718032779251137)	(48.0, 2.3843424241930338)	(49.0, 1.8035224073819676)	(50.0, 1.3446524742769728)	(51.0, 0.9924233780929917)	(52.0, 0.6997431771984195)	(53.0, 0.49210787954707913)	(54.0, 0.3385497311859253)	(55.0, 0.22806703005269174)	(56.0, 0.15932094467948374)	(57.0, 0.10763040800597934)	(58.0, 0.07031775709638888)	(59.0, 0.046160580610460585)	(60.0, 0.03521708861201595)	(61.0, 0.02503032744325101)	(62.0, 0.017812279529383277)	(63.0, 0.013737575061877297)	(64.0, 0.009546450466728291)	(65.0, 0.006403107020366537)	(66.0, 0.0053553258715792855)	(67.0, 0.0048896453610071736)	(68.0, 0.0030851333825402407)	(69.0, 0.001979142169931475)	(70.0, 0.0011059912126087654)	(71.0, 0.0008731509573227097)	(72.0, 0.0006985207658581677)	(73.0, 0.00034926038292908384)	(74.0, 0.00011642012764302794)	(75.0, 0.0)	(76.0, 0.0)	(77.0, 0.0)	(78.0, 0.0)	(79.0, 0.00011642012764302794)	(80.0, 0.00017463019146454192)	(81.0, 0.00011642012764302794)	(82.0, 0.00011642012764302794)	(83.0, 0.00011642012764302794)	(84.0, 0.00011642012764302794)	(85.0, 0.00011642012764302794)	(86.0, 0.00011642012764302794)	(87.0, 5.821006382151397e-05)	(88.0, 5.821006382151397e-05)	(89.0, 5.821006382151397e-05)	(90.0, 0.0)	(91.0, 0.0)	(92.0, 0.0)	(93.0, 5.821006382151397e-05)	(94.0, 0.00011642012764302794)	(95.0, 0.00011642012764302794)	(96.0, 5.821006382151397e-05)	(97.0, 0.0)	(98.0, 0.0)	(99.0, 0.0)	(100.0, 0.0)
PID-2861-5_R2	(0.0, 0.0)	(1.0, 0.0)	(2.0, 0.0)	(3.0, 0.0)	(4.0, 0.0)	(5.0, 0.0)	(6.0, 0.00011662276791311138)	(7.0, 0.0004664910716524455)	(8.0, 0.0005248024556090012)	(9.0, 0.0010496049112180023)	(10.0, 0.003148814733654007)	(11.0, 0.007347234378526016)	(12.0, 0.013003438622311916)	(13.0, 0.021691834831838716)	(14.0, 0.03813564510758742)	(15.0, 0.06402589958429815)	(16.0, 0.10082038286088478)	(17.0, 0.148694029089217)	(18.0, 0.19312730366411243)	(19.0, 0.24310015971488064)	(20.0, 0.3184384677867506)	(21.0, 0.39447651246609916)	(22.0, 0.4876581040286752)	(23.0, 0.5998492067610883)	(24.0, 0.7295920360644247)	(25.0, 0.8878491321225168)	(26.0, 1.0579434391237899)	(27.0, 1.263957558642301)	(28.0, 1.4752197027169023)	(29.0, 1.7115557418928224)	(30.0, 2.032793156109488)	(31.0, 2.3638851942148107)	(32.0, 2.7524139455173415)	(33.0, 3.233949354230578)	(34.0, 3.7497135453263137)	(35.0, 4.336092822393437)	(36.0, 4.860545409698699)	(37.0, 5.31916444451701)	(38.0, 5.7364407081101225)	(39.0, 6.044558060936563)	(40.0, 6.237860298752545)	(41.0, 6.2217080453965785)	(42.0, 5.956274625626337)	(43.0, 5.5664630238767625)	(44.0, 5.08434450132396)	(45.0, 4.460937495444424)	(46.0, 3.762950229484452)	(47.0, 3.067120484730873)	(48.0, 2.4191060748216695)	(49.0, 1.8452637453052048)	(50.0, 1.3886272975414171)	(51.0, 1.0350853766128199)	(52.0, 0.7306416409756428)	(53.0, 0.49500533840720123)	(54.0, 0.3386142066357189)	(55.0, 0.2352864342647022)	(56.0, 0.1671204264194886)	(57.0, 0.1127742165719787)	(58.0, 0.08070295539587306)	(59.0, 0.05644541966994591)	(60.0, 0.042567310288285656)	(61.0, 0.034287093766454745)	(62.0, 0.02449078126175339)	(63.0, 0.02163352344788216)	(64.0, 0.018076529026532263)	(65.0, 0.013994732149573365)	(66.0, 0.012070456479007027)	(67.0, 0.010321114960310357)	(68.0, 0.008046970986004685)	(69.0, 0.006939054690830127)	(70.0, 0.006822431922917016)	(71.0, 0.006239318083351458)	(72.0, 0.00635594085126457)	(73.0, 0.005481270091916235)	(74.0, 0.004839844868394122)	(75.0, 0.004548287948611344)	(76.0, 0.0036153058053064522)	(77.0, 0.0038485513411326755)	(78.0, 0.004256731028828565)	(79.0, 0.004140108260915453)	(80.0, 0.0037902399571761195)	(81.0, 0.0026823236620015616)	(82.0, 0.0023907667422187833)	(83.0, 0.0030321919657408957)	(84.0, 0.003906862725089231)	(85.0, 0.003556994421349897)	(86.0, 0.0030321919657408957)	(87.0, 0.0034403716534367854)	(88.0, 0.003148814733654007)	(89.0, 0.00338206026948023)	(90.0, 0.0034986830373933413)	(91.0, 0.0036153058053064522)	(92.0, 0.003965174109045786)	(93.0, 0.003323748885523674)	(94.0, 0.0028572578138712284)	(95.0, 0.0030321919657408957)	(96.0, 0.004723222100481011)	(97.0, 0.009271510049092355)	(98.0, 0.016327187507835593)	(99.0, 0.029505560282017177)	(100.0, 0.19126133937750264)
PID-2861-6_R1	(0.0, 0.0)	(1.0, 0.0)	(2.0, 0.0)	(3.0, 0.0)	(4.0, 0.0)	(5.0, 5.4887814795339805e-05)	(6.0, 0.00021955125918135922)	(7.0, 0.000548878147953398)	(8.0, 0.0007135415923394175)	(9.0, 0.001372195369883495)	(10.0, 0.003073717628539029)	(11.0, 0.006641425590236117)	(12.0, 0.012020431440179417)	(13.0, 0.019814501141117668)	(14.0, 0.037927480023579804)	(15.0, 0.07009173949364893)	(16.0, 0.10033492544588116)	(17.0, 0.1460564751703992)	(18.0, 0.19501640596784234)	(19.0, 0.2468305031346431)	(20.0, 0.32822913247613206)	(21.0, 0.4049622975600171)	(22.0, 0.5007964221926804)	(23.0, 0.6183661214842983)	(24.0, 0.7426870219957429)	(25.0, 0.9066369247894229)	(26.0, 1.0837599031339844)	(27.0, 1.289644096431304)	(28.0, 1.5239601777926097)	(29.0, 1.7655763385216954)	(30.0, 2.0693255055991058)	(31.0, 2.4026592048512048)	(32.0, 2.8064139704857243)	(33.0, 3.311052539714079)	(34.0, 3.8274371013086355)	(35.0, 4.399971897438825)	(36.0, 4.885619282747991)	(37.0, 5.275981421572448)	(38.0, 5.679955738466149)	(39.0, 5.995890000428125)	(40.0, 6.161651201110051)	(41.0, 6.1493014427811)	(42.0, 5.918113966863128)	(43.0, 5.514414089043404)	(44.0, 4.9742082158276695)	(45.0, 4.386908597517534)	(46.0, 3.7678289344408964)	(47.0, 3.066417549171249)	(48.0, 2.4326828395442557)	(49.0, 1.8844633453684017)	(50.0, 1.4315290976772574)	(51.0, 1.0666897927326338)	(52.0, 0.7700211537638222)	(53.0, 0.5529398462482532)	(54.0, 0.38355604978983454)	(55.0, 0.26867585342318834)	(56.0, 0.18886897071076428)	(57.0, 0.12624197402928153)	(58.0, 0.08650319611745554)	(59.0, 0.05801642023867418)	(60.0, 0.041275636726095535)	(61.0, 0.03035296158182291)	(62.0, 0.0228882187696567)	(63.0, 0.016521232253397283)	(64.0, 0.010703123885091263)	(65.0, 0.007739181886142912)	(66.0, 0.00565344492392)	(67.0, 0.004445912998422524)	(68.0, 0.0035677079616970872)	(69.0, 0.002250400406608932)	(70.0, 0.0016466344438601944)	(71.0, 0.0011526441107021358)	(72.0, 0.0008233172219300972)	(73.0, 0.00038421470356737864)	(74.0, 0.00032932688877203883)	(75.0, 0.00043910251836271844)	(76.0, 0.00016466344438601942)	(77.0, 5.4887814795339805e-05)	(78.0, 0.00010977562959067961)	(79.0, 5.4887814795339805e-05)	(80.0, 0.0)	(81.0, 5.4887814795339805e-05)	(82.0, 5.4887814795339805e-05)	(83.0, 0.0)	(84.0, 0.0)	(85.0, 0.0)	(86.0, 0.00010977562959067961)	(87.0, 0.00010977562959067961)	(88.0, 0.0)	(89.0, 0.0)	(90.0, 5.4887814795339805e-05)	(91.0, 5.4887814795339805e-05)	(92.0, 0.0)	(93.0, 0.0)	(94.0, 5.4887814795339805e-05)	(95.0, 0.00010977562959067961)	(96.0, 5.4887814795339805e-05)	(97.0, 0.0)	(98.0, 5.4887814795339805e-05)	(99.0, 5.4887814795339805e-05)	(100.0, 0.0)
PID-2861-6_R2	(0.0, 0.0)	(1.0, 0.0)	(2.0, 0.0)	(3.0, 0.0)	(4.0, 0.0)	(5.0, 0.00016491227491535876)	(6.0, 0.0003298245498307175)	(7.0, 0.0009345028911870331)	(8.0, 0.001099415166102392)	(9.0, 0.0012643274410177505)	(10.0, 0.002308771848815023)	(11.0, 0.004727485214240284)	(12.0, 0.009180116636954972)	(13.0, 0.01841520403221506)	(14.0, 0.03490643152375094)	(15.0, 0.06404093342546432)	(16.0, 0.10158596134786099)	(17.0, 0.14506783116721061)	(18.0, 0.187999993403509)	(19.0, 0.24170642426761085)	(20.0, 0.31129940428189223)	(21.0, 0.38677425543482147)	(22.0, 0.49473682474607633)	(23.0, 0.6041836045315694)	(24.0, 0.7302315533252087)	(25.0, 0.9029496759198945)	(26.0, 1.0815496696532279)	(27.0, 1.293516913677769)	(28.0, 1.5271426364745273)	(29.0, 1.7459262545289032)	(30.0, 2.0355671800385786)	(31.0, 2.3868852963665974)	(32.0, 2.7802010720397288)	(33.0, 3.2369531027969667)	(34.0, 3.739715658255591)	(35.0, 4.301846632683744)	(36.0, 4.829620883171197)	(37.0, 5.267023207005034)	(38.0, 5.6566009711134155)	(39.0, 5.976750667482433)	(40.0, 6.132482825760836)	(41.0, 6.11362785566218)	(42.0, 5.921669967660703)	(43.0, 5.518844250800786)	(44.0, 4.98298929884248)	(45.0, 4.408434933037371)	(46.0, 3.783912147932907)	(47.0, 3.108541411396208)	(48.0, 2.466922720458852)	(49.0, 1.895226834085608)	(50.0, 1.4388046278782003)	(51.0, 1.092104055247811)	(52.0, 0.7852572823886335)	(53.0, 0.5469040743776349)	(54.0, 0.38776372908431356)	(55.0, 0.2835391713378069)	(56.0, 0.2039964840702988)	(57.0, 0.1385812816872065)	(58.0, 0.09493449959294153)	(59.0, 0.06783391574851758)	(60.0, 0.05315672328105065)	(61.0, 0.03864444308849907)	(62.0, 0.027210525361034195)	(63.0, 0.02028420981458913)	(64.0, 0.015611695358653963)	(65.0, 0.01357777730136454)	(66.0, 0.013357894268144061)	(67.0, 0.012643274410177506)	(68.0, 0.009015204362039612)	(69.0, 0.005826900380342677)	(70.0, 0.005991812655258035)	(71.0, 0.0054421050722068395)	(72.0, 0.0046725144559351655)	(73.0, 0.004947368247460763)	(74.0, 0.004287719147799328)	(75.0, 0.0030783624650866973)	(76.0, 0.0027485379152559796)	(77.0, 0.0030233917067815775)	(78.0, 0.0030783624650866973)	(79.0, 0.002968420948476458)	(80.0, 0.0033532162566122952)	(81.0, 0.003792982323053252)	(82.0, 0.003243274740002056)	(83.0, 0.0031333332233918166)	(84.0, 0.0034631577732225343)	(85.0, 0.003298245498307176)	(86.0, 0.002968420948476458)	(87.0, 0.0028584794318662187)	(88.0, 0.002968420948476458)	(89.0, 0.003518128531527654)	(90.0, 0.0029134501901713385)	(91.0, 0.0034631577732225343)	(92.0, 0.004232748389494208)	(93.0, 0.0031883039816969364)	(94.0, 0.0028584794318662187)	(95.0, 0.00406783611457885)	(96.0, 0.005167251280681242)	(97.0, 0.006596490996614352)	(98.0, 0.01324795275153382)	(99.0, 0.026330993228152286)	(100.0, 0.17018946771265026)
PID-2861-7_R1	(0.0, 0.0)	(1.0, 0.0)	(2.0, 0.0)	(3.0, 0.0)	(4.0, 0.0)	(5.0, 0.0)	(6.0, 0.00015449089585150747)	(7.0, 0.0004119757222706866)	(8.0, 0.0007209575139737015)	(9.0, 0.0009269453751090448)	(10.0, 0.002059878611353433)	(11.0, 0.005716163146505776)	(12.0, 0.009784423403928806)	(13.0, 0.01565507744628609)	(14.0, 0.028889797524231896)	(15.0, 0.04881912308907636)	(16.0, 0.07884185384955264)	(17.0, 0.11561068706221142)	(18.0, 0.15140107793447732)	(19.0, 0.2009926555028112)	(20.0, 0.2547554872591358)	(21.0, 0.3157793911204813)	(22.0, 0.4104308133121715)	(23.0, 0.5249600641034224)	(24.0, 0.645205478041179)	(25.0, 0.7783251332998947)	(26.0, 0.9303956717830618)	(27.0, 1.124487733937839)	(28.0, 1.346851630033442)	(29.0, 1.579257434359393)	(30.0, 1.8664045127820617)	(31.0, 2.1923288060634585)	(32.0, 2.61913565433589)	(33.0, 3.1266897441733756)	(34.0, 3.672094103494481)	(35.0, 4.320286405522122)	(36.0, 4.947570939644526)	(37.0, 5.443435218362582)	(38.0, 5.887339059109246)	(39.0, 6.282578267662686)	(40.0, 6.476155360164626)	(41.0, 6.43876856336856)	(42.0, 6.2505471552561405)	(43.0, 5.856131898147242)	(44.0, 5.276224572085967)	(45.0, 4.624169997662038)	(46.0, 3.9419896985470646)	(47.0, 3.2251004448307863)	(48.0, 2.514648311774987)	(49.0, 1.9122883088499594)	(50.0, 1.3954132682960994)	(51.0, 0.9988866356105636)	(52.0, 0.7074653090693366)	(53.0, 0.47181519593050386)	(54.0, 0.31299855499515417)	(55.0, 0.2140728846849055)	(56.0, 0.1434705452807666)	(57.0, 0.09382747074714887)	(58.0, 0.06710054576483808)	(59.0, 0.04660475358187142)	(60.0, 0.031207160962004505)	(61.0, 0.02044429521768282)	(62.0, 0.01493411993231239)	(63.0, 0.009475441612225792)	(64.0, 0.006282629764627971)	(65.0, 0.0048407147366805675)	(66.0, 0.0037077815004361793)	(67.0, 0.003192811847597821)	(68.0, 0.002883830055894806)	(69.0, 0.0019053877155019254)	(70.0, 0.0011329332362443882)	(71.0, 0.0007724544792575374)	(72.0, 0.0005149696528383582)	(73.0, 0.0002574848264191791)	(74.0, 0.00010299393056767165)	(75.0, 0.00010299393056767165)	(76.0, 0.0002059878611353433)	(77.0, 0.00015449089585150747)	(78.0, 0.00010299393056767165)	(79.0, 0.00015449089585150747)	(80.0, 0.0002574848264191791)	(81.0, 0.00030898179170301494)	(82.0, 0.00015449089585150747)	(83.0, 0.00010299393056767165)	(84.0, 0.00015449089585150747)	(85.0, 5.1496965283835824e-05)	(86.0, 5.1496965283835824e-05)	(87.0, 0.00010299393056767165)	(88.0, 5.1496965283835824e-05)	(89.0, 5.1496965283835824e-05)	(90.0, 5.1496965283835824e-05)	(91.0, 0.0)	(92.0, 0.0)	(93.0, 0.0)	(94.0, 0.0)	(95.0, 0.0)	(96.0, 0.0)	(97.0, 5.1496965283835824e-05)	(98.0, 0.00010299393056767165)	(99.0, 0.00010299393056767165)	(100.0, 5.1496965283835824e-05)
PID-2861-7_R2	(0.0, 0.0)	(1.0, 0.0)	(2.0, 0.0)	(3.0, 0.0)	(4.0, 0.0)	(5.0, 0.0)	(6.0, 0.0002578828335134215)	(7.0, 0.0005673422337295272)	(8.0, 0.0007220719338375802)	(9.0, 0.0009799547673510016)	(10.0, 0.0015988735677832132)	(11.0, 0.003765089369295954)	(12.0, 0.007530178738591908)	(13.0, 0.013564637042805971)	(14.0, 0.025736706784639466)	(15.0, 0.04910089150095546)	(16.0, 0.0769006609537023)	(17.0, 0.11212745601163568)	(18.0, 0.14761213390308248)	(19.0, 0.19016280143279704)	(20.0, 0.24999161880791082)	(21.0, 0.3202389026569668)	(22.0, 0.41096208348698854)	(23.0, 0.5028199487844692)	(24.0, 0.6167010080639962)	(25.0, 0.7508000814909754)	(26.0, 0.9179597341743753)	(27.0, 1.1231828930843561)	(28.0, 1.3196380356548805)	(29.0, 1.5519388920837707)	(30.0, 1.8581489685976074)	(31.0, 2.1929324630647313)	(32.0, 2.6104447705229608)	(33.0, 3.098513821230462)	(34.0, 3.652549300750697)	(35.0, 4.291170349663334)	(36.0, 4.858976772493186)	(37.0, 5.356742217740792)	(38.0, 5.858788518024721)	(39.0, 6.2403003819244764)	(40.0, 6.441500568631647)	(41.0, 6.415093366479874)	(42.0, 6.203526289865462)	(43.0, 5.862502030827313)	(44.0, 5.306455065205674)	(45.0, 4.642716228308831)	(46.0, 3.9419454165194585)	(47.0, 3.21394217751107)	(48.0, 2.511211456186996)	(49.0, 1.8995649516598627)	(50.0, 1.4063382442820929)	(51.0, 1.0248779569490396)	(52.0, 0.7225361229379044)	(53.0, 0.5006021564162538)	(54.0, 0.34731660017587607)	(55.0, 0.2345186487971055)	(56.0, 0.1658702385158327)	(57.0, 0.11150853721120346)	(58.0, 0.07468286858548687)	(59.0, 0.05410381847111583)	(60.0, 0.03986868606117497)	(61.0, 0.031564858822042796)	(62.0, 0.025427247384423358)	(63.0, 0.01908332967999319)	(64.0, 0.01402882614313013)	(65.0, 0.011707880641509337)	(66.0, 0.009799547673510017)	(67.0, 0.00923220543978049)	(68.0, 0.008303827239132172)	(69.0, 0.0067049536713489595)	(70.0, 0.005106080103565746)	(71.0, 0.005054503536863062)	(72.0, 0.006189188004322116)	(73.0, 0.005363962937079168)	(74.0, 0.004899773836755009)	(75.0, 0.00479662070334964)	(76.0, 0.004126125336214744)	(77.0, 0.003404053402377164)	(78.0, 0.0035587831024852168)	(79.0, 0.0038166659359986383)	(80.0, 0.003300900268971795)	(81.0, 0.002888287735350321)	(82.0, 0.0031977471355664265)	(83.0, 0.003404053402377164)	(84.0, 0.0035072065357825326)	(85.0, 0.003404053402377164)	(86.0, 0.0035587831024852168)	(87.0, 0.003610359669187901)	(88.0, 0.003404053402377164)	(89.0, 0.003661936235890586)	(90.0, 0.003610359669187901)	(91.0, 0.0033524768356744798)	(92.0, 0.0029398643020530054)	(93.0, 0.002888287735350321)	(94.0, 0.00371351280259327)	(95.0, 0.004745044136646955)	(96.0, 0.006189188004322116)	(97.0, 0.009335358573185858)	(98.0, 0.01449301524345429)	(99.0, 0.02671666155199047)	(100.0, 0.1718015436866414)
PID-2861-8_R1	(0.0, 0.0)	(1.0, 0.0)	(2.0, 0.0)	(3.0, 0.0)	(4.0, 0.0)	(5.0, 5.092769896433431e-05)	(6.0, 0.0004074215917146745)	(7.0, 0.0006111323875720117)	(8.0, 0.00045834929067900884)	(9.0, 0.0010694816782510206)	(10.0, 0.00259731264718105)	(11.0, 0.005602046886076775)	(12.0, 0.00850492572704383)	(13.0, 0.012782852440047912)	(14.0, 0.02724631894591886)	(15.0, 0.05347408391255103)	(16.0, 0.08357235400047261)	(17.0, 0.1124992870122145)	(18.0, 0.1484033147820702)	(19.0, 0.19439102694686408)	(20.0, 0.24873088174180877)	(21.0, 0.31733049224676707)	(22.0, 0.416333939033433)	(23.0, 0.5264905518932881)	(24.0, 0.6318599610504958)	(25.0, 0.7653923877349804)	(26.0, 0.9212820742648077)	(27.0, 1.1026865379757664)	(28.0, 1.318619981584544)	(29.0, 1.5482529762147275)	(30.0, 1.8508653634608019)	(31.0, 2.2067990515225344)	(32.0, 2.6344389397260497)	(33.0, 3.126094945527733)	(34.0, 3.6893552960732703)	(35.0, 4.347392094391434)	(36.0, 4.943551738467932)	(37.0, 5.442235766726693)	(38.0, 5.911789151177856)	(39.0, 6.2949691581855065)	(40.0, 6.499291086430417)	(41.0, 6.511259095687034)	(42.0, 6.303983360902195)	(43.0, 5.883829844446437)	(44.0, 5.312930339056249)	(45.0, 4.649393349249937)	(46.0, 3.9097194494919454)	(47.0, 3.1740688379521362)	(48.0, 2.491077467141449)	(49.0, 1.8643612036863506)	(50.0, 1.36674665710584)	(51.0, 0.996094864043415)	(52.0, 0.6939408260880193)	(53.0, 0.4662430840184807)	(54.0, 0.31503874579337204)	(55.0, 0.2226049721731053)	(56.0, 0.15069506123546525)	(57.0, 0.08973460557515706)	(58.0, 0.057191805936947435)	(59.0, 0.04135329155903946)	(60.0, 0.03106589636824393)	(61.0, 0.02123685046812741)	(62.0, 0.015074598893442958)	(63.0, 0.010592961384581538)	(64.0, 0.006111323875720118)	(65.0, 0.0034630835295747335)	(66.0, 0.004023288218182411)	(67.0, 0.004176071315075414)	(68.0, 0.0024954572492523813)	(69.0, 0.001476903269965695)	(70.0, 0.0008657708823936834)	(71.0, 0.0005602046886076774)	(72.0, 0.0005092769896433432)	(73.0, 0.00030556619378600586)	(74.0, 0.00015278309689300293)	(75.0, 0.00030556619378600586)	(76.0, 0.00030556619378600586)	(77.0, 5.092769896433431e-05)	(78.0, 5.092769896433431e-05)	(79.0, 0.00015278309689300293)	(80.0, 0.00010185539792866862)	(81.0, 5.092769896433431e-05)	(82.0, 0.00010185539792866862)	(83.0, 0.00010185539792866862)	(84.0, 0.00010185539792866862)	(85.0, 5.092769896433431e-05)	(86.0, 0.0)	(87.0, 0.0)	(88.0, 5.092769896433431e-05)	(89.0, 0.00010185539792866862)	(90.0, 5.092769896433431e-05)	(91.0, 0.0)	(92.0, 5.092769896433431e-05)	(93.0, 5.092769896433431e-05)	(94.0, 0.0)	(95.0, 0.0)	(96.0, 5.092769896433431e-05)	(97.0, 0.00020371079585733724)	(98.0, 0.00015278309689300293)	(99.0, 5.092769896433431e-05)	(100.0, 5.092769896433431e-05)
PID-2861-8_R2	(0.0, 0.0)	(1.0, 0.0)	(2.0, 0.0)	(3.0, 0.0)	(4.0, 0.0)	(5.0, 0.00010209243551203695)	(6.0, 0.0003062773065361109)	(7.0, 0.00035732352429212935)	(8.0, 0.0004083697420481478)	(9.0, 0.0008677857018523142)	(10.0, 0.002450218452288887)	(11.0, 0.005002529340089811)	(12.0, 0.008422625929743048)	(13.0, 0.013935617447393044)	(14.0, 0.027003449192933775)	(15.0, 0.04849390686821756)	(16.0, 0.07059691915657355)	(17.0, 0.10296022121388927)	(18.0, 0.1423168551037795)	(19.0, 0.18391952257493457)	(20.0, 0.24047873184860302)	(21.0, 0.30683881493142706)	(22.0, 0.39152449018866176)	(23.0, 0.49402529544274687)	(24.0, 0.6192927138160161)	(25.0, 0.7567601782329739)	(26.0, 0.9091331382346891)	(27.0, 1.1035171354496074)	(28.0, 1.3109689644100666)	(29.0, 1.533581520044063)	(30.0, 1.8145909487909446)	(31.0, 2.157162116151585)	(32.0, 2.5916675216908143)	(33.0, 3.0810986575355193)	(34.0, 3.6555217459439953)	(35.0, 4.272721564832015)	(36.0, 4.837445871866847)	(37.0, 5.384865511082389)	(38.0, 5.863474848762818)	(39.0, 6.245402650013348)	(40.0, 6.458265378055946)	(41.0, 6.431108790209744)	(42.0, 6.2326921417921)	(43.0, 5.8569919791078044)	(44.0, 5.31151209616699)	(45.0, 4.672056126337347)	(46.0, 3.955418275260604)	(47.0, 3.203150164190159)	(48.0, 2.486308128242392)	(49.0, 1.878653952074748)	(50.0, 1.405506559694213)	(51.0, 1.044303522852626)	(52.0, 0.7398638801557318)	(53.0, 0.5032646608565862)	(54.0, 0.34634858747458536)	(55.0, 0.24007036210655489)	(56.0, 0.16671694719115634)	(57.0, 0.11214854040997259)	(58.0, 0.0762630493274916)	(59.0, 0.05609979331386431)	(60.0, 0.042368360737495336)	(61.0, 0.029964129822782844)	(62.0, 0.02276661311918424)	(63.0, 0.01837663839216665)	(64.0, 0.015364911544561561)	(65.0, 0.013782478794124989)	(66.0, 0.012608415785736562)	(67.0, 0.011638537648372213)	(68.0, 0.010260289768959714)	(69.0, 0.00806530240545092)	(70.0, 0.006482869655014346)	(71.0, 0.00673810074379444)	(72.0, 0.006584962090526384)	(73.0, 0.005308806646625922)	(74.0, 0.005002529340089811)	(75.0, 0.004747298251309718)	(76.0, 0.005053575557845829)	(77.0, 0.005921361259698143)	(78.0, 0.00535985286438194)	(79.0, 0.004951483122333792)	(80.0, 0.004900436904577774)	(81.0, 0.004338928509261571)	(82.0, 0.0041347436382374965)	(83.0, 0.004287882291505552)	(84.0, 0.004389974727017589)	(85.0, 0.00403265120272546)	(86.0, 0.003318004154141201)	(87.0, 0.00403265120272546)	(88.0, 0.004951483122333792)	(89.0, 0.005461945299893977)	(90.0, 0.005104621775601848)	(91.0, 0.004287882291505552)	(92.0, 0.0046452058157976815)	(93.0, 0.0051556679933578665)	(94.0, 0.0046452058157976815)	(95.0, 0.004951483122333792)	(96.0, 0.008116348623206938)	(97.0, 0.012251092261444434)	(98.0, 0.019040239222994894)	(99.0, 0.03532398268716479)	(100.0, 0.2573239837080891)
PID-2861-9_R1	(0.0, 0.0)	(1.0, 0.0)	(2.0, 0.0)	(3.0, 0.0)	(4.0, 4.773994334223524e-05)	(5.0, 9.547988668447047e-05)	(6.0, 4.773994334223524e-05)	(7.0, 0.00019095977336894095)	(8.0, 0.0006206192634490581)	(9.0, 0.002052817563716115)	(10.0, 0.003198576203929761)	(11.0, 0.0056810532577259935)	(12.0, 0.010502787535291753)	(13.0, 0.018809537676840685)	(14.0, 0.03370439999961808)	(15.0, 0.060009108781189695)	(16.0, 0.0875073161463172)	(17.0, 0.12732242889374137)	(18.0, 0.17835642832659088)	(19.0, 0.22113141756123367)	(20.0, 0.2926935926312443)	(21.0, 0.3772887722336851)	(22.0, 0.45677577789850676)	(23.0, 0.5608488543845797)	(24.0, 0.6886486827117433)	(25.0, 0.8279060974410436)	(26.0, 0.9853524305837355)	(27.0, 1.1943579025360413)	(28.0, 1.4297635631566032)	(29.0, 1.696391146722987)	(30.0, 2.011952172215162)	(31.0, 2.3912937620125634)	(32.0, 2.8142219200814256)	(33.0, 3.256580235090577)	(34.0, 3.758470259447496)	(35.0, 4.318507534795258)	(36.0, 4.8897159568851025)	(37.0, 5.3992443721767795)	(38.0, 5.809091785769869)	(39.0, 6.181320124009277)	(40.0, 6.424077735904543)	(41.0, 6.395863429389282)	(42.0, 6.168096159703477)	(43.0, 5.758153266223704)	(44.0, 5.180738651499368)	(45.0, 4.508989908730776)	(46.0, 3.7869710056228105)	(47.0, 3.0438033076142346)	(48.0, 2.37883363680024)	(49.0, 1.8083413138605287)	(50.0, 1.3374822526760624)	(51.0, 0.9730832651447809)	(52.0, 0.6685024266213201)	(53.0, 0.45372042152460373)	(54.0, 0.29956814447252617)	(55.0, 0.20404051784471341)	(56.0, 0.1460364866838976)	(57.0, 0.0957663263445239)	(58.0, 0.06717010028252499)	(59.0, 0.046976104248759476)	(60.0, 0.035948177336703135)	(61.0, 0.02754594730846973)	(62.0, 0.021482974504005856)	(63.0, 0.01857083796012951)	(64.0, 0.014369722946012806)	(65.0, 0.011744026062189869)	(66.0, 0.010120867988553871)	(67.0, 0.007399691218046463)	(68.0, 0.004773994334223524)	(69.0, 0.0028166566571918793)	(70.0, 0.0025302169971384678)	(71.0, 0.002577956940480703)	(72.0, 0.0013844583569248218)	(73.0, 0.0005728793201068229)	(74.0, 0.00042965949008011715)	(75.0, 0.00019095977336894095)	(76.0, 9.547988668447047e-05)	(77.0, 9.547988668447047e-05)	(78.0, 4.773994334223524e-05)	(79.0, 4.773994334223524e-05)	(80.0, 4.773994334223524e-05)	(81.0, 9.547988668447047e-05)	(82.0, 9.547988668447047e-05)	(83.0, 9.547988668447047e-05)	(84.0, 4.773994334223524e-05)	(85.0, 0.0)	(86.0, 4.773994334223524e-05)	(87.0, 4.773994334223524e-05)	(88.0, 0.0)	(89.0, 4.773994334223524e-05)	(90.0, 4.773994334223524e-05)	(91.0, 0.0)	(92.0, 0.0)	(93.0, 4.773994334223524e-05)	(94.0, 4.773994334223524e-05)	(95.0, 0.0)	(96.0, 4.773994334223524e-05)	(97.0, 9.547988668447047e-05)	(98.0, 0.00019095977336894095)	(99.0, 0.0002386997167111762)	(100.0, 9.547988668447047e-05)
PID-2861-9_R2	(0.0, 0.0)	(1.0, 0.0)	(2.0, 0.0)	(3.0, 0.0)	(4.0, 9.559914132851258e-05)	(5.0, 0.00014339871199276887)	(6.0, 0.00019119828265702515)	(7.0, 0.00043019613597830667)	(8.0, 0.0005257952773068192)	(9.0, 0.0014339871199276887)	(10.0, 0.0032025712345051718)	(11.0, 0.005257952773068192)	(12.0, 0.008603922719566132)	(13.0, 0.018641832559059955)	(14.0, 0.032886104617008326)	(15.0, 0.056403493383822424)	(16.0, 0.08441404179307661)	(17.0, 0.11964232537263349)	(18.0, 0.1661035080582906)	(19.0, 0.21462007228251076)	(20.0, 0.2834514540390398)	(21.0, 0.3672441014134811)	(22.0, 0.45610350327833354)	(23.0, 0.556530401243936)	(24.0, 0.6869276300160272)	(25.0, 0.8364924866244852)	(26.0, 0.9891165157554554)	(27.0, 1.168603903599738)	(28.0, 1.3977550453641825)	(29.0, 1.6818278938218578)	(30.0, 2.008251161888064)	(31.0, 2.379940623373321)	(32.0, 2.81061475505827)	(33.0, 3.261747102987521)	(34.0, 3.7665105692020675)	(35.0, 4.302869551625688)	(36.0, 4.835739165390816)	(37.0, 5.351018537151499)	(38.0, 5.800047703971522)	(39.0, 6.149175768103251)	(40.0, 6.312602500204344)	(41.0, 6.343815619848102)	(42.0, 6.154242522593663)	(43.0, 5.733654100318871)	(44.0, 5.180565268162762)	(45.0, 4.514143653961701)	(46.0, 3.7875901798650045)	(47.0, 3.0641436778614852)	(48.0, 2.398200059367067)	(49.0, 1.8069671698208807)	(50.0, 1.3477566944493706)	(51.0, 0.9756848363987994)	(52.0, 0.6775589141658329)	(53.0, 0.46862699079236864)	(54.0, 0.31346958441619277)	(55.0, 0.216723253391738)	(56.0, 0.15558760251215423)	(57.0, 0.1093654176798184)	(58.0, 0.07877369245469437)	(59.0, 0.05516070454655176)	(60.0, 0.04153782690723872)	(61.0, 0.03336410032365089)	(62.0, 0.027532552702611627)	(63.0, 0.024234382326777944)	(64.0, 0.0216532055109081)	(65.0, 0.018546233417731442)	(66.0, 0.01653865144983268)	(67.0, 0.012858084508684942)	(68.0, 0.009129717996872953)	(69.0, 0.008221526154252081)	(70.0, 0.007504532594288238)	(71.0, 0.006261743757017575)	(72.0, 0.005210153202403936)	(73.0, 0.004493159642440092)	(74.0, 0.004301961359783066)	(75.0, 0.004493159642440092)	(76.0, 0.004397560501111579)	(77.0, 0.0038717652238047595)	(78.0, 0.0037761660824762473)	(79.0, 0.003489368658490709)	(80.0, 0.0036327673704834784)	(81.0, 0.0033937695171621964)	(82.0, 0.0028679742398553774)	(83.0, 0.003250370805169428)	(84.0, 0.003584967799819222)	(85.0, 0.003250370805169428)	(86.0, 0.0032981703758336845)	(87.0, 0.002772375098526865)	(88.0, 0.0025333772452055836)	(89.0, 0.003154771663840915)	(90.0, 0.0032025712345051718)	(91.0, 0.0032981703758336845)	(92.0, 0.0034415690878264534)	(93.0, 0.0037761660824762473)	(94.0, 0.003967364365133273)	(95.0, 0.004206362218454554)	(96.0, 0.004971155349082655)	(97.0, 0.0075523321649524945)	(98.0, 0.011902093095399817)	(99.0, 0.022895994348178763)	(100.0, 0.140435138611585)
