strain,phase,window_mid,norm_position,density_drug,density_nd,log2FC,category
AB42,stat,501,0.998955,256.5,344.5,-0.4255451570972374,No substantial change
AB42,stat,1501,0.999477,225.5,327.5,-0.5383674731694317,No substantial change
AB42,stat,2501,1,238,301.5,-0.34119642859214133,No substantial change
AB42,stat,3501,-0.999522,195,284,-0.5424168057550715,No substantial change
AB42,stat,4501,-0.999044,196.5,274,-0.4796465807019203,No substantial change
AB42,stat,5501,-0.998565,181,260.5,-0.5252936751953029,No substantial change
AB42,stat,6501,-0.998087,210.5,315,-0.5815315953208828,No substantial change
AB42,stat,7501,-0.997609,253,388.5,-0.6187772137134,No substantial change
AB42,stat,8501,-0.997131,222.5,376.5,-0.758844528818168,No substantial change
AB42,stat,9501,-0.996652,274,449.5,-0.7141452225539207,No substantial change
AB42,stat,10501,-0.996174,262,415.5,-0.6652816652328942,No substantial change
AB42,stat,11501,-0.995696,246,399.5,-0.6995371875887371,No substantial change
AB42,stat,12501,-0.995218,227.5,423,-0.894791118033891,No substantial change
AB42,stat,13501,-0.994739,198.5,418,-1.074363934937925,Depleted in Meropenem
AB42,stat,14501,-0.994261,250.5,422,-0.7524323955119766,No substantial change
AB42,stat,15501,-0.993783,286.5,471,-0.7171919208558784,No substantial change
AB42,stat,16501,-0.993305,261.5,409,-0.6452898966948074,No substantial change
AB42,stat,17501,-0.992826,307.5,482,-0.6484467360033594,No substantial change
AB42,stat,18501,-0.992348,395.5,601,-0.6036872962383937,No substantial change
AB42,stat,19501,-0.99187,276.5,447,-0.6929953509486106,No substantial change
AB42,stat,20501,-0.991392,297.5,497,-0.7403561833669804,No substantial change
AB42,stat,21501,-0.990913,249,432,-0.7948855700953877,No substantial change
AB42,stat,22501,-0.990435,245.5,438.5,-0.8368538181300401,No substantial change
AB42,stat,23501,-0.989957,285.5,481.5,-0.7540450524806165,No substantial change
AB42,stat,24501,-0.989479,215,444.5,-1.0478467592403098,Depleted in Meropenem
AB42,stat,25501,-0.989,188.5,388.5,-1.0433500751390459,Depleted in Meropenem
AB42,stat,26501,-0.988522,219,403,-0.8798489689267939,No substantial change
AB42,stat,27501,-0.988044,194.5,361.5,-0.894225491964926,No substantial change
AB42,stat,28501,-0.987566,199.5,370,-0.8911365242939663,No substantial change
AB42,stat,29501,-0.987088,154.5,357,-1.208317236124725,Depleted in Meropenem
AB42,stat,30501,-0.986609,181.5,380.5,-1.0679269055077947,Depleted in Meropenem
AB42,stat,31501,-0.986131,221.5,438,-0.9836241710461552,No substantial change
AB42,stat,32501,-0.985653,192,366,-0.9307373375628862,No substantial change
AB42,stat,33501,-0.985175,244.5,485.5,-0.9896368304669586,No substantial change
AB42,stat,34501,-0.984696,315,582.5,-0.8869062211543637,No substantial change
AB42,stat,35501,-0.984218,216.5,451,-1.0587604085286562,Depleted in Meropenem
AB42,stat,36501,-0.98374,205.5,414,-1.0104923738176423,Depleted in Meropenem
AB42,stat,37501,-0.983262,284.5,569.5,-1.00126718940153,Depleted in Meropenem
AB42,stat,38501,-0.982783,327.5,510,-0.6390023404340452,No substantial change
AB42,stat,39501,-0.982305,184.5,339.5,-0.8797907581843358,No substantial change
AB42,stat,40501,-0.981827,179,302,-0.7545889620608224,No substantial change
AB42,stat,41501,-0.981349,165.5,313,-0.9193314401254006,No substantial change
AB42,stat,42501,-0.98087,165,305.5,-0.8887063555729136,No substantial change
AB42,stat,43501,-0.980392,173.5,313.5,-0.8535297802237781,No substantial change
AB42,stat,44501,-0.979914,213,376.5,-0.8217964344460897,No substantial change
AB42,stat,45501,-0.979436,208,362.5,-0.8013974667612047,No substantial change
AB42,stat,46501,-0.978957,203,283.5,-0.48186900775705266,No substantial change
AB42,stat,47501,-0.978479,192,307.5,-0.6794800995054461,No substantial change
AB42,stat,48501,-0.978001,200.5,365,-0.8642942273124592,No substantial change
AB42,stat,49501,-0.977523,268.5,444,-0.7256375883646934,No substantial change
AB42,stat,50501,-0.977044,226.5,383,-0.757833341878722,No substantial change
AB42,stat,51501,-0.976566,245,399.5,-0.7054137539254063,No substantial change
AB42,stat,52501,-0.976088,231.5,368,-0.6686935727967765,No substantial change
AB42,stat,53501,-0.97561,262.5,386,-0.5562834247145955,No substantial change
AB42,stat,54501,-0.975132,263,366.5,-0.4787503988415096,No substantial change
AB42,stat,55501,-0.974653,287.5,399.5,-0.47463354709623917,No substantial change
AB42,stat,56501,-0.974175,315.5,480,-0.6053944006259694,No substantial change
AB42,stat,57501,-0.973697,290,428.5,-0.5632423040975655,No substantial change
AB42,stat,58501,-0.973219,289,424.5,-0.5546950610523598,No substantial change
AB42,stat,59501,-0.97274,335,438.5,-0.38841574709959825,No substantial change
AB42,stat,60501,-0.972262,319,403,-0.3372234147630979,No substantial change
AB42,stat,61501,-0.971784,377.5,458,-0.2788709538845028,No substantial change
AB42,stat,62501,-0.971306,284,359.5,-0.34010084093461573,No substantial change
AB42,stat,63501,-0.970827,315,421,-0.41846840467911717,No substantial change
AB42,stat,64501,-0.970349,284.5,397.5,-0.4825262078651359,No substantial change
AB42,stat,65501,-0.969871,233.5,347,-0.571513112868599,No substantial change
AB42,stat,66501,-0.969393,279.5,429,-0.6181293646563556,No substantial change
AB42,stat,67501,-0.968914,253.5,482,-0.927047399226621,No substantial change
AB42,stat,68501,-0.968436,299.5,469,-0.6470319197265908,No substantial change
AB42,stat,69501,-0.967958,227,387,-0.7696412688534954,No substantial change
AB42,stat,70501,-0.96748,232.5,364,-0.6467077342033026,No substantial change
AB42,stat,71501,-0.967001,198.5,310.5,-0.6454542610775237,No substantial change
AB42,stat,72501,-0.966523,258.5,317,-0.2943185598244726,No substantial change
AB42,stat,73501,-0.966045,265,383,-0.5313520324743956,No substantial change
AB42,stat,74501,-0.965567,365.5,462.5,-0.3395819594512371,No substantial change
AB42,stat,75501,-0.965088,296,398,-0.42717125491469904,No substantial change
AB42,stat,76501,-0.96461,342.5,546,-0.6727969630719633,No substantial change
AB42,stat,77501,-0.964132,283.5,483.5,-0.7701671545346124,No substantial change
AB42,stat,78501,-0.963654,365.5,566,-0.6309306468794449,No substantial change
AB42,stat,79501,-0.963176,491.5,699.5,-0.5091326408241726,No substantial change
AB42,stat,80501,-0.962697,277.5,449,-0.6942276735036786,No substantial change
AB42,stat,81501,-0.962219,305.5,495,-0.6962561451482425,No substantial change
AB42,stat,82501,-0.961741,238.5,378,-0.6643969682155612,No substantial change
AB42,stat,83501,-0.961263,290,479.5,-0.7254779150031962,No substantial change
AB42,stat,84501,-0.960784,273.5,426.5,-0.6410049085257338,No substantial change
AB42,stat,85501,-0.960306,258.5,417.5,-0.6916119170464798,No substantial change
AB42,stat,86501,-0.959828,246.5,400.5,-0.7002145960307987,No substantial change
AB42,stat,87501,-0.95935,209,397,-0.9256360650620749,No substantial change
AB42,stat,88501,-0.958871,243.5,443,-0.8633849264726761,No substantial change
AB42,stat,89501,-0.958393,266,408,-0.617142906470306,No substantial change
AB42,stat,90501,-0.957915,336.5,525.5,-0.6430842593518612,No substantial change
AB42,stat,91501,-0.957437,286,556,-0.9590697359451179,No substantial change
AB42,stat,92501,-0.956958,269.5,479.5,-0.8312455422656254,No substantial change
AB42,stat,93501,-0.95648,240,482,-1.005998740621443,Depleted in Meropenem
AB42,stat,94501,-0.956002,183.5,369,-1.0078407532171834,Depleted in Meropenem
AB42,stat,95501,-0.955524,228.5,391,-0.7749744422492826,No substantial change
AB42,stat,96501,-0.955045,296.5,457.5,-0.6257396386254012,No substantial change
AB42,stat,97501,-0.954567,250.5,404,-0.6895446895565863,No substantial change
AB42,stat,98501,-0.954089,314,506.5,-0.6897977099095111,No substantial change
AB42,stat,99501,-0.953611,230,371.5,-0.6917283495942209,No substantial change
AB42,stat,100501,-0.953132,240,382,-0.6705382324272302,No substantial change
AB42,stat,101501,-0.952654,323,496.5,-0.6202595528344491,No substantial change
AB42,stat,102501,-0.952176,367.5,498.5,-0.43984925467446906,No substantial change
AB42,stat,103501,-0.951698,301,431.5,-0.5195970724192529,No substantial change
AB42,stat,104501,-0.95122,332.5,454.5,-0.4509259538055551,No substantial change
AB42,stat,105501,-0.950741,331.5,442.5,-0.41666858485777214,No substantial change
AB42,stat,106501,-0.950263,344.5,458,-0.4108436153926527,No substantial change
AB42,stat,107501,-0.949785,391.5,537,-0.4559097806943719,No substantial change
AB42,stat,108501,-0.949307,285.5,441,-0.6272879101946778,No substantial change
AB42,stat,109501,-0.948828,360.5,430.5,-0.2560139781560215,No substantial change
AB42,stat,110501,-0.94835,411,507.5,-0.30426942839085563,No substantial change
AB42,stat,111501,-0.947872,351,429,-0.28950661719498483,No substantial change
AB42,stat,112501,-0.947394,297.5,353,-0.24677851507587453,No substantial change
AB42,stat,113501,-0.946915,368,405,-0.13821614171497418,No substantial change
AB42,stat,114501,-0.946437,347,400,-0.20506433719646372,No substantial change
AB42,stat,115501,-0.945959,414,403.5,0.03706209422154487,No substantial change
AB42,stat,116501,-0.945481,331.5,357,-0.1069152039165119,No substantial change
AB42,stat,117501,-0.945002,335.5,372,-0.14898985490784789,No substantial change
AB42,stat,118501,-0.944524,384,419.5,-0.12756449971866712,No substantial change
AB42,stat,119501,-0.944046,318,371,-0.22239242133644802,No substantial change
AB42,stat,120501,-0.943568,255,318.5,-0.3207961253974424,No substantial change
AB42,stat,121501,-0.943089,261.5,285.5,-0.1266797991159014,No substantial change
AB42,stat,122501,-0.942611,288.5,329.5,-0.19170714636256922,No substantial change
AB42,stat,123501,-0.942133,226,296.5,-0.39170933213081605,No substantial change
AB42,stat,124501,-0.941655,217,361.5,-0.7363006045066386,No substantial change
AB42,stat,125501,-0.941176,255,390,-0.6129768768907528,No substantial change
AB42,stat,126501,-0.940698,231,386,-0.7407079958520228,No substantial change
AB42,stat,127501,-0.94022,241,403.5,-0.7435355270478187,No substantial change
AB42,stat,128501,-0.939742,218.5,392,-0.8432203746146097,No substantial change
AB42,stat,129501,-0.939264,199,391.5,-0.9762438767473918,No substantial change
AB42,stat,130501,-0.938785,209,357.5,-0.7744402995848689,No substantial change
AB42,stat,131501,-0.938307,220.5,370.5,-0.7486948867483134,No substantial change
AB42,stat,132501,-0.937829,206.5,388,-0.9099148707676823,No substantial change
AB42,stat,133501,-0.937351,169.5,321.5,-0.9235334641916035,No substantial change
AB42,stat,134501,-0.936872,191,391,-1.0335959692716035,Depleted in Meropenem
AB42,stat,135501,-0.936394,280,489,-0.8044076380072673,No substantial change
AB42,stat,136501,-0.935916,282,421.5,-0.5798374685432888,No substantial change
AB42,stat,137501,-0.935438,196,350.5,-0.8385607898954149,No substantial change
AB42,stat,138501,-0.934959,206,366,-0.8291993111008242,No substantial change
AB42,stat,139501,-0.934481,157.5,315.5,-1.00228817659527,Depleted in Meropenem
AB42,stat,140501,-0.934003,175,339,-0.9539303513040153,No substantial change
AB42,stat,141501,-0.933525,190.5,358.5,-0.9121821212085827,No substantial change
AB42,stat,142501,-0.933046,197,349.5,-0.8270968259190602,No substantial change
AB42,stat,143501,-0.932568,241.5,384,-0.669083121885383,No substantial change
AB42,stat,144501,-0.93209,264,396,-0.5849625007211563,No substantial change
AB42,stat,145501,-0.931612,225.5,371,-0.7182917533654224,No substantial change
AB42,stat,146501,-0.931133,287,442.5,-0.6246267182946721,No substantial change
AB42,stat,147501,-0.930655,290.5,457.5,-0.655233579766876,No substantial change
AB42,stat,148501,-0.930177,193.5,345.5,-0.8363521442438483,No substantial change
AB42,stat,149501,-0.929699,161,299.5,-0.8954953146741688,No substantial change
AB42,stat,150501,-0.92922,198.5,352.5,-0.828484250143198,No substantial change
AB42,stat,151501,-0.928742,217,339.5,-0.6457165318002526,No substantial change
AB42,stat,152501,-0.928264,242.5,341,-0.4917869919496824,No substantial change
AB42,stat,153501,-0.927786,227.5,319.5,-0.4899493858609359,No substantial change
AB42,stat,154501,-0.927308,210.5,324,-0.6221735798182286,No substantial change
AB42,stat,155501,-0.926829,254,383.5,-0.5943980807307676,No substantial change
AB42,stat,156501,-0.926351,261.5,343,-0.391397629925871,No substantial change
AB42,stat,157501,-0.925873,380,408.5,-0.10433665981473561,No substantial change
AB42,stat,158501,-0.925395,366.5,370.5,-0.015660344172021952,No substantial change
AB42,stat,159501,-0.924916,340.5,347,-0.027280864566189736,No substantial change
AB42,stat,160501,-0.924438,315,335,-0.08880926695785589,No substantial change
AB42,stat,161501,-0.92396,365,371.5,-0.02546574677121659,No substantial change
AB42,stat,162501,-0.923482,470.5,509.5,-0.11488742343727713,No substantial change
AB42,stat,163501,-0.923003,503,594,-0.23990453099523876,No substantial change
AB42,stat,164501,-0.922525,346.5,419,-0.27409489156213784,No substantial change
AB42,stat,165501,-0.922047,232,340.5,-0.5535299928844991,No substantial change
AB42,stat,166501,-0.921569,231.5,287.5,-0.3125497625715013,No substantial change
AB42,stat,167501,-0.92109,210.5,288,-0.45224857837591625,No substantial change
AB42,stat,168501,-0.920612,209,286,-0.45251220469750675,No substantial change
AB42,stat,169501,-0.920134,208.5,282.5,-0.43820348385788654,No substantial change
AB42,stat,170501,-0.919656,215.5,337.5,-0.6471996328490952,No substantial change
AB42,stat,171501,-0.919177,209.5,313,-0.5792124132332668,No substantial change
AB42,stat,172501,-0.918699,182.5,252,-0.46552726973253694,No substantial change
AB42,stat,173501,-0.918221,149,203.5,-0.4497164638040856,No substantial change
AB42,stat,174501,-0.917743,171,205.5,-0.26514206879578506,No substantial change
AB42,stat,175501,-0.917264,188.5,236,-0.324222336093177,No substantial change
AB42,stat,176501,-0.916786,152.5,184,-0.2708965236067643,No substantial change
AB42,stat,177501,-0.916308,179,222.5,-0.31384574858950365,No substantial change
AB42,stat,178501,-0.91583,150.5,179,-0.2501961005045543,No substantial change
AB42,stat,179501,-0.915352,148.5,164.5,-0.14762465293447571,No substantial change
AB42,stat,180501,-0.914873,156.5,167,-0.09368544554143389,No substantial change
AB42,stat,181501,-0.914395,152,174,-0.19501598240514273,No substantial change
AB42,stat,182501,-0.913917,176.5,206,-0.22297615391203818,No substantial change
AB42,stat,183501,-0.913439,198.5,222.5,-0.16466632871080228,No substantial change
AB42,stat,184501,-0.91296,180,211,-0.22924609237751037,No substantial change
AB42,stat,185501,-0.912482,155.5,217.5,-0.4841008206054882,No substantial change
AB42,stat,186501,-0.912004,151.5,232.5,-0.6179129225224428,No substantial change
AB42,stat,187501,-0.911526,194,282.5,-0.5421942151154223,No substantial change
AB42,stat,188501,-0.911047,183.5,301,-0.7139834239164892,No substantial change
AB42,stat,189501,-0.910569,183,264,-0.5286942810744109,No substantial change
AB42,stat,190501,-0.910091,136.5,265.5,-0.9598109098843011,No substantial change
AB42,stat,191501,-0.909613,135,229.5,-0.765534746362977,No substantial change
AB42,stat,192501,-0.909134,139.5,238.5,-0.7737241441763241,No substantial change
AB42,stat,193501,-0.908656,165,263,-0.6725967750464865,No substantial change
AB42,stat,194501,-0.908178,178,268,-0.5903557594913746,No substantial change
AB42,stat,195501,-0.9077,180,270.5,-0.5876316874971406,No substantial change
AB42,stat,196501,-0.907221,165.5,230,-0.4748026441371576,No substantial change
AB42,stat,197501,-0.906743,182,268.5,-0.5609836377867164,No substantial change
AB42,stat,198501,-0.906265,221,349.5,-0.6612460859840047,No substantial change
AB42,stat,199501,-0.905787,176,275,-0.6438561897747247,No substantial change
AB42,stat,200501,-0.905308,166.5,255.5,-0.6178011138663592,No substantial change
AB42,stat,201501,-0.90483,138,229,-0.7306793313187749,No substantial change
AB42,stat,202501,-0.904352,216.5,288.5,-0.41420429391875757,No substantial change
AB42,stat,203501,-0.903874,188.5,253,-0.4245728614256458,No substantial change
AB42,stat,204501,-0.903396,192.5,241.5,-0.32716474325350947,No substantial change
AB42,stat,205501,-0.902917,186,210,-0.1750867065580913,No substantial change
AB42,stat,206501,-0.902439,212,256.5,-0.27489456104385496,No substantial change
AB42,stat,207501,-0.901961,183.5,221.5,-0.2715266357118055,No substantial change
AB42,stat,208501,-0.901483,178.5,177,0.012174713946102225,No substantial change
AB42,stat,209501,-0.901004,156.5,195,-0.3173114668169923,No substantial change
AB42,stat,210501,-0.900526,204.5,249.5,-0.28693897239551164,No substantial change
AB42,stat,211501,-0.900048,181.5,213.5,-0.2342665216247398,No substantial change
AB42,stat,212501,-0.89957,243.5,268,-0.1383112283754302,No substantial change
AB42,stat,213501,-0.899091,188.5,203.5,-0.11046427099758284,No substantial change
AB42,stat,214501,-0.898613,241.5,285.5,-0.24146755652706953,No substantial change
AB42,stat,215501,-0.898135,224,281,-0.32707139816332204,No substantial change
AB42,stat,216501,-0.897657,205,291.5,-0.5078719736950503,No substantial change
AB42,stat,217501,-0.897178,161,253.5,-0.6549250588887234,No substantial change
AB42,stat,218501,-0.8967,141,284.5,-1.0127334899077884,Depleted in Meropenem
AB42,stat,219501,-0.896222,152.5,288,-0.9172595689920638,No substantial change
AB42,stat,220501,-0.895744,158,280.5,-0.82807621243169,No substantial change
AB42,stat,221501,-0.895265,186,306.5,-0.7205844525827502,No substantial change
AB42,stat,222501,-0.894787,208,323,-0.6349506365528328,No substantial change
AB42,stat,223501,-0.894309,263,356,-0.43681444167409544,No substantial change
AB42,stat,224501,-0.893831,246,386.5,-0.6518100985856075,No substantial change
AB42,stat,225501,-0.893352,194.5,318.5,-0.7115232172701085,No substantial change
AB42,stat,226501,-0.892874,217,324,-0.5782987704401454,No substantial change
AB42,stat,227501,-0.892396,180.5,230,-0.3496350240572042,No substantial change
AB42,stat,228501,-0.891918,224.5,271.5,-0.2742367530632146,No substantial change
AB42,stat,229501,-0.89144,217.5,296.5,-0.447016703809913,No substantial change
AB42,stat,230501,-0.890961,193,245.5,-0.3471221770466126,No substantial change
AB42,stat,231501,-0.890483,198,212.5,-0.10196241094545448,No substantial change
AB42,stat,232501,-0.890005,266.5,289.5,-0.11942781523006078,No substantial change
AB42,stat,233501,-0.889527,303,345.5,-0.1893679169153076,No substantial change
AB42,stat,234501,-0.889048,210,230,-0.13124453327825267,No substantial change
AB42,stat,235501,-0.88857,207,192.5,0.10477232191706141,No substantial change
AB42,stat,236501,-0.888092,175.5,194.5,-0.14829912468163117,No substantial change
AB42,stat,237501,-0.887614,186,230,-0.30633123983634386,No substantial change
AB42,stat,238501,-0.887135,213,303.5,-0.5108430860298439,No substantial change
AB42,stat,239501,-0.886657,247,354.5,-0.5212745856548384,No substantial change
AB42,stat,240501,-0.886179,185,251.5,-0.44303312928921507,No substantial change
AB42,stat,241501,-0.885701,153,299,-0.9666138315054533,No substantial change
AB42,stat,242501,-0.885222,169.5,330.5,-0.9633649983713477,No substantial change
AB42,stat,243501,-0.884744,205.5,396,-0.9463620363979268,No substantial change
AB42,stat,244501,-0.884266,203.5,401.5,-0.9803711932510674,No substantial change
AB42,stat,245501,-0.883788,197.5,325.5,-0.7208048901011702,No substantial change
AB42,stat,246501,-0.883309,173,280,-0.6946547893082418,No substantial change
AB42,stat,247501,-0.882831,175,287.5,-0.7162070339994087,No substantial change
AB42,stat,248501,-0.882353,181,271.5,-0.5849625007211563,No substantial change
AB42,stat,249501,-0.881875,175.5,270.5,-0.6241575635222546,No substantial change
AB42,stat,250501,-0.881396,194.5,240,-0.3032642506223266,No substantial change
AB42,stat,251501,-0.880918,191,233.5,-0.2898499116739133,No substantial change
AB42,stat,252501,-0.88044,184,247.5,-0.4277227589099591,No substantial change
AB42,stat,253501,-0.879962,179,236.5,-0.4018805960751387,No substantial change
AB42,stat,254501,-0.879484,198,294,-0.5703157247567548,No substantial change
AB42,stat,255501,-0.879005,154,250,-0.6989977439671857,No substantial change
AB42,stat,256501,-0.878527,192,294,-0.6147098441152083,No substantial change
AB42,stat,257501,-0.878049,160.5,257.5,-0.6819991349482776,No substantial change
AB42,stat,258501,-0.877571,139,224.5,-0.6916305620176395,No substantial change
AB42,stat,259501,-0.877092,179,329,-0.878127996470985,No substantial change
AB42,stat,260501,-0.876614,196.5,286,-0.5414858345197829,No substantial change
AB42,stat,261501,-0.876136,208,317.5,-0.610173063518436,No substantial change
AB42,stat,262501,-0.875658,198,277,-0.4843855459695786,No substantial change
AB42,stat,263501,-0.875179,174,247.5,-0.5083412191182437,No substantial change
AB42,stat,264501,-0.874701,205.5,326,-0.6657335705493946,No substantial change
AB42,stat,265501,-0.874223,259.5,388.5,-0.5821800600498293,No substantial change
AB42,stat,266501,-0.873745,223,404.5,-0.8590959925096728,No substantial change
AB42,stat,267501,-0.873266,138.5,280,-1.0155408508957782,Depleted in Meropenem
AB42,stat,268501,-0.872788,208.5,378.5,-0.8602459165410682,No substantial change
AB42,stat,269501,-0.87231,172,317.5,-0.8843480269574303,No substantial change
AB42,stat,270501,-0.871832,244,371.5,-0.6064810629757099,No substantial change
AB42,stat,271501,-0.871353,192,371,-0.9503128758996471,No substantial change
AB42,stat,272501,-0.870875,173,312,-0.8507739912255237,No substantial change
AB42,stat,273501,-0.870397,202,469,-1.2152326297635818,Depleted in Meropenem
AB42,stat,274501,-0.869919,204.5,386.5,-0.9183675709830984,No substantial change
AB42,stat,275501,-0.86944,178,372,-1.0634253801416336,Depleted in Meropenem
AB42,stat,276501,-0.868962,210,414,-0.9792414398332026,No substantial change
AB42,stat,277501,-0.868484,222.5,377,-0.7607591874149042,No substantial change
AB42,stat,278501,-0.86800600000000006,215.5,347,-0.6872477934891628,No substantial change
AB42,stat,279501,-0.867527,213,370,-0.7966718402904739,No substantial change
AB42,stat,280501,-0.867049,230,348.5,-0.599524794924048,No substantial change
AB42,stat,281501,-0.866571,201,347.5,-0.7898174764319411,No substantial change
AB42,stat,282501,-0.866093,165.5,357,-1.109092857221882,Depleted in Meropenem
AB42,stat,283501,-0.865615,232,393.5,-0.7622388303799144,No substantial change
AB42,stat,284501,-0.865136,191.5,348.5,-0.8638142639434662,No substantial change
AB42,stat,285501,-0.864658,227.5,370.5,-0.7036069972197752,No substantial change
AB42,stat,286501,-0.86418,213,382,-0.8427192078099104,No substantial change
AB42,stat,287501,-0.863702,210.5,322,-0.6132404550482209,No substantial change
AB42,stat,288501,-0.863223,240,326.5,-0.44404858593791224,No substantial change
AB42,stat,289501,-0.862745,266.5,376.5,-0.49851433191275224,No substantial change
AB42,stat,290501,-0.862267,264,378,-0.5178483048626193,No substantial change
AB42,stat,291501,-0.861789,243,409,-0.7511445293359679,No substantial change
AB42,stat,292501,-0.86131,235.5,363,-0.6242424883829676,No substantial change
AB42,stat,293501,-0.860832,214,369.5,-0.7879635677450041,No substantial change
AB42,stat,294501,-0.860354,289,403,-0.47971034602728857,No substantial change
AB42,stat,295501,-0.859876,287,432,-0.5899805754877807,No substantial change
AB42,stat,296501,-0.859397,347.5,552.5,-0.6689614866679242,No substantial change
AB42,stat,297501,-0.858919,405.5,544,-0.42390473703306647,No substantial change
AB42,stat,298501,-0.858441,285,419,-0.5559883246472476,No substantial change
AB42,stat,299501,-0.857963,285,461,-0.6938048313772339,No substantial change
AB42,stat,300501,-0.857484,280,360.5,-0.36457243229585606,No substantial change
AB42,stat,301501,-0.857006,255,366.5,-0.5233159512749539,No substantial change
AB42,stat,302501,-0.856528,254,416,-0.7117550313689261,No substantial change
AB42,stat,303501,-0.85605,241.5,344.5,-0.5124807938685182,No substantial change
AB42,stat,304501,-0.855571,232.5,401.5,-0.7881692715219208,No substantial change
AB42,stat,305501,-0.855093,241,394.5,-0.710992153783497,No substantial change
AB42,stat,306501,-0.854615,188,316,-0.7491918964994657,No substantial change
AB42,stat,307501,-0.854137,189.5,335,-0.821963247174043,No substantial change
AB42,stat,308501,-0.853659,184,322.5,-0.8095933942536037,No substantial change
AB42,stat,309501,-0.85318,209.5,399,-0.9294385025229942,No substantial change
AB42,stat,310501,-0.852702,162,340,-1.0695409332530772,Depleted in Meropenem
AB42,stat,311501,-0.852224,243.5,464,-0.93020303304523,No substantial change
AB42,stat,312501,-0.851746,236,408.5,-0.7915492187838422,No substantial change
AB42,stat,313501,-0.851267,201.5,342,-0.7632164863579305,No substantial change
AB42,stat,314501,-0.850789,180.5,366,-1.0198448113968714,Depleted in Meropenem
AB42,stat,315501,-0.850311,208,449.5,-1.1117375873733553,Depleted in Meropenem
AB42,stat,316501,-0.849833,214,416,-0.9589727317399453,No substantial change
AB42,stat,317501,-0.849354,161.5,375.5,-1.2172787428203469,Depleted in Meropenem
AB42,stat,318501,-0.848876,177,305.5,-0.7874230197357323,No substantial change
AB42,stat,319501,-0.848398,193.5,363.5,-0.9096217977751839,No substantial change
AB42,stat,320501,-0.84792,196,362.5,-0.8871273407870888,No substantial change
AB42,stat,321501,-0.847441,198,349,-0.8177266061300427,No substantial change
AB42,stat,322501,-0.846963,229,400,-0.8046524016777807,No substantial change
AB42,stat,323501,-0.846485,197.5,422,-1.0953903456427199,Depleted in Meropenem
AB42,stat,324501,-0.846007,201,358,-0.8327640860853278,No substantial change
AB42,stat,325501,-0.845528,203.5,386,-0.9235720530018334,No substantial change
AB42,stat,326501,-0.84505,185.5,405,-1.1265027211511838,Depleted in Meropenem
AB42,stat,327501,-0.844572,163.5,355,-1.1185283888939619,Depleted in Meropenem
AB42,stat,328501,-0.844094,227.5,397.5,-0.8050883150856591,No substantial change
AB42,stat,329501,-0.843615,251,438,-0.8032435056504015,No substantial change
AB42,stat,330501,-0.843137,235,410.5,-0.804721465212805,No substantial change
AB42,stat,331501,-0.842659,199.5,323.5,-0.6973769657701617,No substantial change
AB42,stat,332501,-0.842181,178,256,-0.5242665690336022,No substantial change
AB42,stat,333501,-0.841703,169.5,244,-0.5255958744265423,No substantial change
AB42,stat,334501,-0.841224,165,216,-0.3885652879176529,No substantial change
AB42,stat,335501,-0.840746,187,286.5,-0.6154968688692682,No substantial change
AB42,stat,336501,-0.840268,154.5,252,-0.7058168955955418,No substantial change
AB42,stat,337501,-0.83979,150.5,181,-0.26622621032350324,No substantial change
AB42,stat,338501,-0.839311,175,227,-0.3753373754585862,No substantial change
AB42,stat,339501,-0.838833,245,249,-0.023363993065510343,No substantial change
AB42,stat,340501,-0.838355,214,231.5,-0.11340139685908944,No substantial change
AB42,stat,341501,-0.837877,163,209.5,-0.3620782794682739,No substantial change
AB42,stat,342501,-0.837398,161.5,167.5,-0.052626930651209936,No substantial change
AB42,stat,343501,-0.83692,152,142.5,0.09310940439148145,No substantial change
AB42,stat,344501,-0.836442,189.5,141.5,0.42139579533920934,No substantial change
AB42,stat,345501,-0.835964,174.5,153,0.18969538351700038,No substantial change
AB42,stat,346501,-0.835485,225,214,0.07231420481589004,No substantial change
AB42,stat,347501,-0.835007,235,224,0.06916202450739553,No substantial change
AB42,stat,348501,-0.834529,248.5,231.5,0.10223365830204977,No substantial change
AB42,stat,349501,-0.834051,269.5,253,0.09114788805819543,No substantial change
AB42,stat,350501,-0.833572,207.5,206,0.010466999051068878,No substantial change
AB42,stat,351501,-0.833094,187.5,190.5,-0.02290040211007877,No substantial change
AB42,stat,352501,-0.832616,151,148.5,0.024085618524313155,No substantial change
AB42,stat,353501,-0.832138,165,171,-0.05153030064008207,No substantial change
AB42,stat,354501,-0.831659,170.5,189,-0.14861449519690023,No substantial change
AB42,stat,355501,-0.831181,158,202,-0.35443073457469176,No substantial change
AB42,stat,356501,-0.830703,156.5,217.5,-0.47485274380347225,No substantial change
AB42,stat,357501,-0.830225,156,225.5,-0.5315814043931326,No substantial change
AB42,stat,358501,-0.829747,197.5,279,-0.4984124687647224,No substantial change
AB42,stat,359501,-0.829268,166.5,286.5,-0.7830129616856427,No substantial change
AB42,stat,360501,-0.82879,152.5,283,-0.8919928103816336,No substantial change
AB42,stat,361501,-0.828312,162.5,270,-0.732519689135014,No substantial change
AB42,stat,362501,-0.827834,156.5,322,-1.0408980311819986,Depleted in Meropenem
AB42,stat,363501,-0.827355,131,246.5,-0.9120208348404614,No substantial change
AB42,stat,364501,-0.826877,187,302,-0.6915102794374421,No substantial change
AB42,stat,365501,-0.826399,174.5,274.5,-0.6535791127955465,No substantial change
AB42,stat,366501,-0.825921,179,294,-0.7158565675721079,No substantial change
AB42,stat,367501,-0.825442,152,264.5,-0.7991963986704401,No substantial change
AB42,stat,368501,-0.824964,144.5,273,-0.9178314584191736,No substantial change
AB42,stat,369501,-0.824486,208,319,-0.6169728956237773,No substantial change
AB42,stat,370501,-0.824008,180,371,-1.0434222802911286,Depleted in Meropenem
AB42,stat,371501,-0.823529,146.5,290,-0.9851522355926867,No substantial change
AB42,stat,372501,-0.823051,154,299.5,-0.9596256520938842,No substantial change
AB42,stat,373501,-0.822573,171,337.5,-0.9808911770522952,No substantial change
AB42,stat,374501,-0.822095,174.5,334,-0.9366210662644,No substantial change
AB42,stat,375501,-0.821616,199.5,348,-0.8026985596263825,No substantial change
AB42,stat,376501,-0.821138,187,305.5,-0.7081341099310929,No substantial change
AB42,stat,377501,-0.82066,162.5,337,-1.0523088732660417,Depleted in Meropenem
AB42,stat,378501,-0.820182,219,379.5,-0.7931690158142929,No substantial change
AB42,stat,379501,-0.819703,185,297.5,-0.6853643976789937,No substantial change
AB42,stat,380501,-0.819225,177.5,235.5,-0.40790803522073865,No substantial change
AB42,stat,381501,-0.818747,194,226,-0.22026612022806002,No substantial change
AB42,stat,382501,-0.818269,235,340,-0.532873989572702,No substantial change
AB42,stat,383501,-0.817791,258,337,-0.38537752575860434,No substantial change
AB42,stat,384501,-0.817312,181,196.5,-0.11853961517540107,No substantial change
AB42,stat,385501,-0.816834,179,209.5,-0.22699065643509522,No substantial change
AB42,stat,386501,-0.816356,247.5,290.5,-0.23110963843755683,No substantial change
AB42,stat,387501,-0.815878,192.5,200,-0.05514155419246095,No substantial change
AB42,stat,388501,-0.815399,225,225,0,No substantial change
AB42,stat,389501,-0.814921,209,220.5,-0.07727571347663786,No substantial change
AB42,stat,390501,-0.814443,229.5,276,-0.26617411336436103,No substantial change
AB42,stat,391501,-0.813965,255,310,-0.2817709684153795,No substantial change
AB42,stat,392501,-0.813486,302,393,-0.37998076293352756,No substantial change
AB42,stat,393501,-0.813008,257.5,309.5,-0.2653669771436839,No substantial change
AB42,stat,394501,-0.81253,231.5,311.5,-0.4282199697637654,No substantial change
AB42,stat,395501,-0.812052,258.5,395,-0.6116883727495306,No substantial change
AB42,stat,396501,-0.811573,167.5,332.5,-0.9891932450434171,No substantial change
AB42,stat,397501,-0.811095,259,422,-0.7042909010206314,No substantial change
AB42,stat,398501,-0.810617,288.5,486.5,-0.7538684861356292,No substantial change
AB42,stat,399501,-0.810139,400.5,683,-0.7700833358813804,No substantial change
AB42,stat,400501,-0.80966,305.5,488.5,-0.6771861821496558,No substantial change
AB42,stat,401501,-0.809182,208.5,355,-0.7677716409473808,No substantial change
AB42,stat,402501,-0.808704,218,382,-0.8092445032588224,No substantial change
AB42,stat,403501,-0.808226,255,464.5,-0.8651813495237949,No substantial change
AB42,stat,404501,-0.807747,262,494,-0.9149442300472274,No substantial change
AB42,stat,405501,-0.807269,210,425,-1.0170735133589415,Depleted in Meropenem
AB42,stat,406501,-0.806791,224,415,-0.889612604176683,No substantial change
AB42,stat,407501,-0.806313,289,525.5,-0.8626212714614997,No substantial change
AB42,stat,408501,-0.805835,262.5,460.5,-0.8108837335378505,No substantial change
AB42,stat,409501,-0.805356,200.5,327,-0.7056883990431622,No substantial change
AB42,stat,410501,-0.804878,180.5,283,-0.6488032159447114,No substantial change
AB42,stat,411501,-0.8044,192.5,268,-0.4773745548755087,No substantial change
AB42,stat,412501,-0.803922,188,317.5,-0.7560239299818908,No substantial change
AB42,stat,413501,-0.803443,220.5,344.5,-0.6437253271467708,No substantial change
AB42,stat,414501,-0.802965,189.5,270.5,-0.5134307456557236,No substantial change
AB42,stat,415501,-0.802487,154.5,257,-0.7341615212895036,No substantial change
AB42,stat,416501,-0.802009,171.5,272,-0.6653980750775271,No substantial change
AB42,stat,417501,-0.80153,203,323,-0.6700544375087486,No substantial change
AB42,stat,418501,-0.801052,153.5,280,-0.8671881715747869,No substantial change
AB42,stat,419501,-0.800574,157.5,321,-1.0272214687350243,Depleted in Meropenem
AB42,stat,420501,-0.800096,203.5,362,-0.8309609028169582,No substantial change
AB42,stat,421501,-0.799617,187,321.5,-0.7817804674403106,No substantial change
AB42,stat,422501,-0.799139,202.5,390.5,-0.9474006403699922,No substantial change
AB42,stat,423501,-0.798661,203.5,358.5,-0.8169443244356578,No substantial change
AB42,stat,424501,-0.798183,187,333.5,-0.8346484912969483,No substantial change
AB42,stat,425501,-0.797704,235,366,-0.6391828917190426,No substantial change
AB42,stat,426501,-0.797226,251,367,-0.5480926988924408,No substantial change
AB42,stat,427501,-0.796748,269.5,407,-0.5947435215137415,No substantial change
AB42,stat,428501,-0.79627,239,332.5,-0.4763437224078034,No substantial change
AB42,stat,429501,-0.795791,250,384,-0.6191782160590692,No substantial change
AB42,stat,430501,-0.795313,358.5,464,-0.3721516864256673,No substantial change
AB42,stat,431501,-0.794835,322.5,376.5,-0.22335070436131169,No substantial change
AB42,stat,432501,-0.794357,395.5,392.5,0.01098504069380246,No substantial change
AB42,stat,433501,-0.793879,369,452.5,-0.2942969759101717,No substantial change
AB42,stat,434501,-0.7934,356.5,406.5,-0.18935327563113966,No substantial change
AB42,stat,435501,-0.792922,276,389.5,-0.49695506128350003,No substantial change
AB42,stat,436501,-0.792444,265.5,363.5,-0.4532435031154407,No substantial change
AB42,stat,437501,-0.791966,282.5,366.5,-0.3755623308312619,No substantial change
AB42,stat,438501,-0.791487,281.5,415,-0.5599764141540576,No substantial change
AB42,stat,439501,-0.791009,301.5,486,-0.6887983117056962,No substantial change
AB42,stat,440501,-0.790531,243.5,474.5,-0.9624863149387674,No substantial change
AB42,stat,441501,-0.790053,253.5,495.5,-0.9668993101831476,No substantial change
AB42,stat,442501,-0.789574,283,524.5,-0.8901407197453852,No substantial change
AB42,stat,443501,-0.789096,193,401,-1.05500138918684,Depleted in Meropenem
AB42,stat,444501,-0.788618,203.5,407.5,-1.0017712648521928,Depleted in Meropenem
AB42,stat,445501,-0.78814,296,551,-0.8964551429422077,No substantial change
AB42,stat,446501,-0.78766099999999994,209.5,368.5,-0.8147143753957182,No substantial change
AB42,stat,447501,-0.787183,158,353.5,-1.161785656632296,Depleted in Meropenem
AB42,stat,448501,-0.786705,150,332,-1.1462207408510439,Depleted in Meropenem
AB42,stat,449501,-0.786227,186.5,371,-0.9922435563655654,No substantial change
AB42,stat,450501,-0.785748,188.5,335.5,-0.8317482429315193,No substantial change
AB42,stat,451501,-0.78527,175,345.5,-0.9813307885559298,No substantial change
AB42,stat,452501,-0.784792,179,286.5,-0.6785755514926484,No substantial change
AB42,stat,453501,-0.784314,219,324.5,-0.5672876083979651,No substantial change
AB42,stat,454501,-0.783835,217,336.5,-0.6329114621658377,No substantial change
AB42,stat,455501,-0.783357,171.5,250,-0.5437195184892746,No substantial change
AB42,stat,456501,-0.782879,196,322,-0.7162070339994087,No substantial change
AB42,stat,457501,-0.782401,214.5,327.5,-0.610517258925267,No substantial change
AB42,stat,458501,-0.781923,192.5,383.5,-0.9943681319206696,No substantial change
AB42,stat,459501,-0.781444,199.5,395,-0.9854639068421194,No substantial change
AB42,stat,460501,-0.780966,205.5,342,-0.734857931204215,No substantial change
AB42,stat,461501,-0.780488,191.5,347.5,-0.8596685856859128,No substantial change
AB42,stat,462501,-0.78001,176,319,-0.8579809951275721,No substantial change
AB42,stat,463501,-0.779531,169,302,-0.8375253030428946,No substantial change
AB42,stat,464501,-0.779053,195.5,357.5,-0.8707746343583994,No substantial change
AB42,stat,465501,-0.778575,166.5,314,-0.9152423818203648,No substantial change
AB42,stat,466501,-0.778097,169.5,308,-0.8616450775585575,No substantial change
AB42,stat,467501,-0.777618,161,293,-0.863839976307631,No substantial change
AB42,stat,468501,-0.77714,177,317.5,-0.8430072315765309,No substantial change
AB42,stat,469501,-0.776662,190.5,319,-0.7437654262715474,No substantial change
AB42,stat,470501,-0.776184,184.5,292,-0.6623475528196211,No substantial change
AB42,stat,471501,-0.775705,196,281.5,-0.5222812679650214,No substantial change
AB42,stat,472501,-0.775227,200.5,334.5,-0.7384039741865407,No substantial change
AB42,stat,473501,-0.774749,186,311,-0.7416119590225712,No substantial change
AB42,stat,474501,-0.774271,212.5,321.5,-0.5973558963028832,No substantial change
AB42,stat,475501,-0.773792,184.5,335,-0.8605402792847388,No substantial change
AB42,stat,476501,-0.773314,194.5,354,-0.8639792050968055,No substantial change
AB42,stat,477501,-0.772836,258.5,413.5,-0.6777230488563399,No substantial change
AB42,stat,478501,-0.772358,213,349,-0.7123736059838139,No substantial change
AB42,stat,479501,-0.771879,220.5,372.5,-0.7564617697920033,No substantial change
AB42,stat,480501,-0.771401,339,427,-0.3329507964841465,No substantial change
AB42,stat,481501,-0.770923,353.5,428,-0.2759005815917482,No substantial change
AB42,stat,482501,-0.770445,446.5,520,-0.21985144790723174,No substantial change
AB42,stat,483501,-0.769967,405.5,455,-0.16616463086878552,No substantial change
AB42,stat,484501,-0.769488,361.5,415,-0.19911568928316928,No substantial change
AB42,stat,485501,-0.76901,397,388,0.03308235495582999,No substantial change
AB42,stat,486501,-0.768532,367,391,-0.09138854446413942,No substantial change
AB42,stat,487501,-0.768054,362,434.5,-0.2633664797311948,No substantial change
AB42,stat,488501,-0.767575,292.5,388.5,-0.40947797393694313,No substantial change
AB42,stat,489501,-0.767097,318.5,421.5,-0.40423925868578187,No substantial change
AB42,stat,490501,-0.766619,313.5,418,-0.4150374992788438,No substantial change
AB42,stat,491501,-0.766141,404.5,485.5,-0.2633315929892147,No substantial change
AB42,stat,492501,-0.765662,289,398.5,-0.46351023148979303,No substantial change
AB42,stat,493501,-0.765184,204,317,-0.6359136881679117,No substantial change
AB42,stat,494501,-0.764706,188,276,-0.5539356051005316,No substantial change
AB42,stat,495501,-0.764228,205.5,316,-0.62078616449542,No substantial change
AB42,stat,496501,-0.763749,201,310,-0.6250727140953088,No substantial change
AB42,stat,497501,-0.763271,203.5,294.5,-0.5332388395642137,No substantial change
AB42,stat,498501,-0.762793,200,280,-0.4854268271702417,No substantial change
AB42,stat,499501,-0.762315,185,269,-0.540080902040312,No substantial change
AB42,stat,500501,-0.761836,178.5,310,-0.7963441412451379,No substantial change
AB42,stat,501501,-0.761358,180.5,320.5,-0.82832551973157,No substantial change
AB42,stat,502501,-0.76088,189.5,343.5,-0.8581122506470085,No substantial change
AB42,stat,503501,-0.760402,217,327,-0.5915955930536031,No substantial change
AB42,stat,504501,-0.759923,191,306.5,-0.6823144356550328,No substantial change
AB42,stat,505501,-0.759445,245.5,347.5,-0.5012899532961768,No substantial change
AB42,stat,506501,-0.758967,272,436.5,-0.6823750023791006,No substantial change
AB42,stat,507501,-0.758489,263,457,-0.7971313657657674,No substantial change
AB42,stat,508501,-0.758011,254,409,-0.687272346169583,No substantial change
AB42,stat,509501,-0.757532,310.5,427.5,-0.4613311515527787,No substantial change
AB42,stat,510501,-0.757054,250.5,329.5,-0.39546786181284327,No substantial change
AB42,stat,511501,-0.756576,247,364.5,-0.5614077727422595,No substantial change
AB42,stat,512501,-0.756098,322,418,-0.37644225396626574,No substantial change
AB42,stat,513501,-0.755619,320,427.5,-0.4178525148858979,No substantial change
AB42,stat,514501,-0.755141,343,414,-0.2714221913265129,No substantial change
AB42,stat,515501,-0.754663,275,412,-0.5832127187711964,No substantial change
AB42,stat,516501,-0.754185,215.5,330.5,-0.6169624024185935,No substantial change
AB42,stat,517501,-0.753706,214,336,-0.6508504363776134,No substantial change
AB42,stat,518501,-0.753228,220,343,-0.6407050526481527,No substantial change
AB42,stat,519501,-0.75275,217.5,272.5,-0.32524082892819806,No substantial change
AB42,stat,520501,-0.752272,195,252,-0.3699496097503057,No substantial change
AB42,stat,521501,-0.751793,265.5,314,-0.24205269808747343,No substantial change
AB42,stat,522501,-0.751315,233,323,-0.47120421003964463,No substantial change
AB42,stat,523501,-0.750837,230.5,270,-0.22819265662149285,No substantial change
AB42,stat,524501,-0.750359,277,365,-0.39801048771819125,No substantial change
AB42,stat,525501,-0.74988,220,277.5,-0.3349842477128087,No substantial change
AB42,stat,526501,-0.749402,195.5,314.5,-0.685891409571937,No substantial change
AB42,stat,527501,-0.748924,174.5,250,-0.5187010584524349,No substantial change
AB42,stat,528501,-0.748446,172.5,278.5,-0.6910809656745004,No substantial change
AB42,stat,529501,-0.747967,190.5,320,-0.7482809073940403,No substantial change
AB42,stat,530501,-0.747489,195,391.5,-1.00553818354143,Depleted in Meropenem
AB42,stat,531501,-0.747011,193,397,-1.0405381598748773,Depleted in Meropenem
AB42,stat,532501,-0.746533,190,327,-0.7832912171671347,No substantial change
AB42,stat,533501,-0.746055,175.5,323.5,-0.8822946816879467,No substantial change
AB42,stat,534501,-0.745576,201,384.5,-0.9357880967828979,No substantial change
AB42,stat,535501,-0.745098,291.5,418,-0.5200070588803865,No substantial change
AB42,stat,536501,-0.74462,289,422,-0.5461735062065063,No substantial change
AB42,stat,537501,-0.744142,288.5,474,-0.7163157402527768,No substantial change
AB42,stat,538501,-0.743663,346,494.5,-0.515198483122386,No substantial change
AB42,stat,539501,-0.743185,360.5,555,-0.6224885119966458,No substantial change
AB42,stat,540501,-0.742707,320,462,-0.5298209465286953,No substantial change
AB42,stat,541501,-0.742229,366.5,508.5,-0.47243457572368813,No substantial change
AB42,stat,542501,-0.74175,313.5,489.5,-0.642843416801656,No substantial change
AB42,stat,543501,-0.741272,235,368.5,-0.64900386253007,No substantial change
AB42,stat,544501,-0.740794,229.5,346.5,-0.5943611987234058,No substantial change
AB42,stat,545501,-0.740316,237,334.5,-0.4971191517432017,No substantial change
AB42,stat,546501,-0.739837,226,322.5,-0.5129763878954287,No substantial change
AB42,stat,547501,-0.739359,325.5,486,-0.5782987704401454,No substantial change
AB42,stat,548501,-0.738881,339,446,-0.3957584367839609,No substantial change
AB42,stat,549501,-0.738403,331,497.5,-0.5878653086237934,No substantial change
AB42,stat,550501,-0.737924,227.5,325,-0.5145731728297583,No substantial change
AB42,stat,551501,-0.737446,179,282.5,-0.6582912800382937,No substantial change
AB42,stat,552501,-0.736968,175,270.5,-0.6282736719944865,No substantial change
AB42,stat,553501,-0.73649,253.5,366.5,-0.5318274511304713,No substantial change
AB42,stat,554501,-0.736011,189,282.5,-0.5798646330814774,No substantial change
AB42,stat,555501,-0.735533,254.5,360,-0.5003312502539793,No substantial change
AB42,stat,556501,-0.735055,331.5,540.5,-0.7052857476220624,No substantial change
AB42,stat,557501,-0.734577,238.5,429.5,-0.8486688651329521,No substantial change
AB42,stat,558501,-0.734099,194.5,367,-0.9160099078570209,No substantial change
AB42,stat,559501,-0.73362,181.5,323,-0.831564616698174,No substantial change
AB42,stat,560501,-0.733142,190,366.5,-0.9478137798028639,No substantial change
AB42,stat,561501,-0.732664,350.5,615.5,-0.8123444124738343,No substantial change
AB42,stat,562501,-0.732186,223,394.5,-0.8229815900931537,No substantial change
AB42,stat,563501,-0.731707,228.5,401,-0.8114080713968507,No substantial change
AB42,stat,564501,-0.731229,157.5,339.5,-1.1080597458574528,Depleted in Meropenem
AB42,stat,565501,-0.730751,181,336,-0.892471535695555,No substantial change
AB42,stat,566501,-0.730273,193,379,-0.9735970009030114,No substantial change
AB42,stat,567501,-0.729794,180,408,-1.1805722456418208,Depleted in Meropenem
AB42,stat,568501,-0.729316,194,398.5,-1.0385230718033442,Depleted in Meropenem
AB42,stat,569501,-0.728838,183.5,333,-0.8597421142280495,No substantial change
AB42,stat,570501,-0.72836,177,318.5,-0.847544012173303,No substantial change
AB42,stat,571501,-0.727881,199,332.5,-0.7405859098449031,No substantial change
AB42,stat,572501,-0.727403,190,340,-0.8395353278067539,No substantial change
AB42,stat,573501,-0.726925,183,299.5,-0.7107123545047432,No substantial change
AB42,stat,574501,-0.726447,170.5,279,-0.710493382805015,No substantial change
AB42,stat,575501,-0.725968,183.5,319,-0.7977763609216567,No substantial change
AB42,stat,576501,-0.72549,183,331,-0.8549875685231754,No substantial change
AB42,stat,577501,-0.725012,193.5,292.5,-0.5961030583263566,No substantial change
AB42,stat,578501,-0.724534,185.5,269.5,-0.5388660861317022,No substantial change
AB42,stat,579501,-0.724055,191.5,235,-0.29531636464004263,No substantial change
AB42,stat,580501,-0.723577,179,206.5,-0.20618219415518885,No substantial change
AB42,stat,581501,-0.723099,145,196.5,-0.4384764122436719,No substantial change
AB42,stat,582501,-0.722621,165,225,-0.4474589769712214,No substantial change
AB42,stat,583501,-0.722143,175.5,219,-0.31945983929661276,No substantial change
AB42,stat,584501,-0.721664,168.5,221.5,-0.3945581073731598,No substantial change
AB42,stat,585501,-0.721186,188,239,-0.3462779563031111,No substantial change
AB42,stat,586501,-0.720708,177,242,-0.45125768719159703,No substantial change
AB42,stat,587501,-0.72023,184.5,217,-0.2340742263840832,No substantial change
AB42,stat,588501,-0.719751,165.5,242,-0.5481758304673768,No substantial change
AB42,stat,589501,-0.719273,196.5,319.5,-0.7012866186883879,No substantial change
AB42,stat,590501,-0.718795,168.5,262,-0.6368182203555918,No substantial change
AB42,stat,591501,-0.718317,157,228.5,-0.5414296061664428,No substantial change
AB42,stat,592501,-0.717838,206,296.5,-0.5253877673627853,No substantial change
AB42,stat,593501,-0.71736,186.5,341.5,-0.8727099480348526,No substantial change
AB42,stat,594501,-0.716882,193.5,302.5,-0.6446015760175465,No substantial change
AB42,stat,595501,-0.716404,172,272.5,-0.6638476649621907,No substantial change
AB42,stat,596501,-0.715925,183,322,-0.8152170398305745,No substantial change
AB42,stat,597501,-0.715447,164,304,-0.8903755088255018,No substantial change
AB42,stat,598501,-0.714969,155.5,301.5,-0.9552434217694823,No substantial change
AB42,stat,599501,-0.714491,173.5,343,-0.9832729135945515,No substantial change
AB42,stat,600501,-0.714012,172.5,285,-0.7243655573865726,No substantial change
AB42,stat,601501,-0.713534,185.5,292.5,-0.6570174378499637,No substantial change
AB42,stat,602501,-0.713056,220,350.5,-0.6719109204859637,No substantial change
AB42,stat,603501,-0.712578,184,288,-0.6463630453852997,No substantial change
AB42,stat,604501,-0.712099,148,322,-1.1214635124856673,Depleted in Meropenem
AB42,stat,605501,-0.711621,152,309,-1.0235355144607892,Depleted in Meropenem
AB42,stat,606501,-0.711143,177,347,-0.9711863024952636,No substantial change
AB42,stat,607501,-0.710665,212,328,-0.6296315500548845,No substantial change
AB42,stat,608501,-0.710187,169,276,-0.7076450204959847,No substantial change
AB42,stat,609501,-0.709708,181,283.5,-0.6473590378590236,No substantial change
AB42,stat,610501,-0.70923,171.5,284.5,-0.7302200761337696,No substantial change
AB42,stat,611501,-0.708752,162.5,284.5,-0.8079889343907651,No substantial change
AB42,stat,612501,-0.708274,190,308.5,-0.6992710708184701,No substantial change
AB42,stat,613501,-0.707795,181,274.5,-0.6008164519219932,No substantial change
AB42,stat,614501,-0.707317,184.5,275,-0.575810802351626,No substantial change
AB42,stat,615501,-0.706839,158.5,270.5,-0.771145753687408,No substantial change
AB42,stat,616501,-0.706361,157,241,-0.6182685873383346,No substantial change
AB42,stat,617501,-0.705882,219,316.5,-0.5312746298271678,No substantial change
AB42,stat,618501,-0.705404,185,250.5,-0.4372853326788963,No substantial change
AB42,stat,619501,-0.704926,170,218.5,-0.36209853336289655,No substantial change
AB42,stat,620501,-0.704448,183,253,-0.46729373641026756,No substantial change
AB42,stat,621501,-0.703969,173.5,237.5,-0.45299185064004927,No substantial change
AB42,stat,622501,-0.703491,227,295,-0.3780226569582887,No substantial change
AB42,stat,623501,-0.703013,172,258,-0.5849625007211563,No substantial change
AB42,stat,624501,-0.702535,150.5,235.5,-0.6459635728530813,No substantial change
AB42,stat,625501,-0.702056,136,234,-0.782901878333065,No substantial change
AB42,stat,626501,-0.701578,204.5,266.5,-0.38203468981742705,No substantial change
AB42,stat,627501,-0.7011,160,247,-0.6264391366973153,No substantial change
AB42,stat,628501,-0.700622,161,253.5,-0.6549250588887234,No substantial change
AB42,stat,629501,-0.700143,174.5,256.5,-0.5557317893974018,No substantial change
AB42,stat,630501,-0.699665,197.5,285,-0.5291092659876386,No substantial change
AB42,stat,631501,-0.699187,186,276.5,-0.5719768591266757,No substantial change
AB42,stat,632501,-0.698709,179,293,-0.7109410771579915,No substantial change
AB42,stat,633501,-0.698231,146.5,331.5,-1.17810820569034,Depleted in Meropenem
AB42,stat,634501,-0.697752,203,329,-0.6966078565500653,No substantial change
AB42,stat,635501,-0.697274,151,326,-1.1103234149059986,Depleted in Meropenem
AB42,stat,636501,-0.696796,157,338.5,-1.1083912746833697,Depleted in Meropenem
AB42,stat,637501,-0.696318,180,397,-1.1411421008132832,Depleted in Meropenem
AB42,stat,638501,-0.695839,190.5,375,-0.9770995978899212,No substantial change
AB42,stat,639501,-0.695361,178,383,-1.1054671509585594,Depleted in Meropenem
AB42,stat,640501,-0.694883,184.5,358.5,-0.9583523026415088,No substantial change
AB42,stat,641501,-0.694405,189.5,354.5,-0.9035877790684246,No substantial change
AB42,stat,642501,-0.693926,260.5,423,-0.6993742908414416,No substantial change
AB42,stat,643501,-0.693448,256,440.5,-0.7829982089204137,No substantial change
AB42,stat,644501,-0.69297,263.5,461,-0.8069637887921235,No substantial change
AB42,stat,645501,-0.692492,273,438.5,-0.6836758915248805,No substantial change
AB42,stat,646501,-0.692013,264,458.5,-0.7963838042366009,No substantial change
AB42,stat,647501,-0.691535,223,365.5,-0.7128276960321326,No substantial change
AB42,stat,648501,-0.691057,223.5,315.5,-0.49736517379923134,No substantial change
AB42,stat,649501,-0.690579,201,295,-0.553519453070275,No substantial change
AB42,stat,650501,-0.6901,194,299,-0.6240888320109773,No substantial change
AB42,stat,651501,-0.689622,189.5,272.5,-0.5240583814931971,No substantial change
AB42,stat,652501,-0.689144,228.5,325.5,-0.5104633781075658,No substantial change
AB42,stat,653501,-0.688666,243.5,366.5,-0.5898914260514697,No substantial change
AB42,stat,654501,-0.688187,227,352,-0.6328831313463823,No substantial change
AB42,stat,655501,-0.687709,181.5,330.5,-0.8646807235119409,No substantial change
AB42,stat,656501,-0.687231,146,332,-1.1852148724669076,Depleted in Meropenem
AB42,stat,657501,-0.686753,182,353,-0.955729733072484,No substantial change
AB42,stat,658501,-0.686275,169,387,-1.195310319862226,Depleted in Meropenem
AB42,stat,659501,-0.685796,189,409,-1.1137146087206762,Depleted in Meropenem
AB42,stat,660501,-0.685318,221,426.5,-0.9484993719268587,No substantial change
AB42,stat,661501,-0.68484,219,408,-0.8976382823703223,No substantial change
AB42,stat,662501,-0.684362,216.5,423.5,-0.9679949446054738,No substantial change
AB42,stat,663501,-0.683883,187,343,-0.8751703062851758,No substantial change
AB42,stat,664501,-0.683405,196.5,376.5,-0.9381205524133218,No substantial change
AB42,stat,665501,-0.682927,212.5,392.5,-0.8852298127539253,No substantial change
AB42,stat,666501,-0.682449,164,332.5,-1.0196585257704682,Depleted in Meropenem
AB42,stat,667501,-0.68197,150.5,291.5,-0.9537323964407943,No substantial change
AB42,stat,668501,-0.681492,185,319.5,-0.7882906604306822,No substantial change
AB42,stat,669501,-0.681014,164,298,-0.861616515844078,No substantial change
AB42,stat,670501,-0.680536,172,238,-0.4685530086058456,No substantial change
AB42,stat,671501,-0.680057,151.5,253,-0.7398195912213592,No substantial change
AB42,stat,672501,-0.679579,198,313,-0.6606622268530087,No substantial change
AB42,stat,673501,-0.679101,222.5,356.5,-0.6800967405901279,No substantial change
AB42,stat,674501,-0.678623,232,371.5,-0.6792374054110241,No substantial change
AB42,stat,675501,-0.678144,217,351.5,-0.6958296466280559,No substantial change
AB42,stat,676501,-0.677666,187.5,289,-0.6241788971174357,No substantial change
AB42,stat,677501,-0.677188,179.5,279.5,-0.6388644390201388,No substantial change
AB42,stat,678501,-0.67671,167.5,303.5,-0.8575354209105472,No substantial change
AB42,stat,679501,-0.676231,179.5,365.5,-1.025887562129386,Depleted in Meropenem
AB42,stat,680501,-0.675753,204.5,419,-1.0348494007576028,Depleted in Meropenem
AB42,stat,681501,-0.675275,239.5,447,-0.9002491754471376,No substantial change
AB42,stat,682501,-0.674797,197.5,391.5,-0.9871596542265754,No substantial change
AB42,stat,683501,-0.674319,238.5,461,-0.9507774844238264,No substantial change
AB42,stat,684501,-0.67384,193.5,310,-0.6799346491298274,No substantial change
AB42,stat,685501,-0.673362,245,404,-0.7215735437492242,No substantial change
AB42,stat,686501,-0.672884,186,288,-0.6307661903342809,No substantial change
AB42,stat,687501,-0.672406,143.5,263.5,-0.8767522249615269,No substantial change
AB42,stat,688501,-0.671927,231.5,418.5,-0.8542154292901073,No substantial change
AB42,stat,689501,-0.671449,218.5,377.5,-0.7888433647118428,No substantial change
AB42,stat,690501,-0.670971,178.5,282,-0.6597710883696939,No substantial change
AB42,stat,691501,-0.670493,167,277,-0.730037873575136,No substantial change
AB42,stat,692501,-0.670014,207,317,-0.6148520726400819,No substantial change
AB42,stat,693501,-0.669536,186.5,239,-0.35783498772551076,No substantial change
AB42,stat,694501,-0.669058,215.5,317.5,-0.5590687225704302,No substantial change
AB42,stat,695501,-0.66858,189.5,270,-0.5107615588797392,No substantial change
AB42,stat,696501,-0.668101,220.5,306,-0.4727529971351312,No substantial change
AB42,stat,697501,-0.667623,192.5,304,-0.6592128778613218,No substantial change
AB42,stat,698501,-0.667145,279.5,426,-0.6080051473826482,No substantial change
AB42,stat,699501,-0.666667,236.5,340,-0.5236945627983066,No substantial change
AB42,stat,700501,-0.666188,237.5,385.5,-0.6988033466967241,No substantial change
AB42,stat,701501,-0.66571,244.5,362,-0.5661552321309716,No substantial change
AB42,stat,702501,-0.665232,215,368,-0.7753691064675526,No substantial change
AB42,stat,703501,-0.664754,276.5,399,-0.5291092659876386,No substantial change
AB42,stat,704501,-0.664275,279,402.5,-0.5287236611727917,No substantial change
AB42,stat,705501,-0.663797,313.5,363.5,-0.21348992111755535,No substantial change
AB42,stat,706501,-0.663319,281,417,-0.5694772532237374,No substantial change
AB42,stat,707501,-0.662841,270.5,405.5,-0.5840733203904578,No substantial change
AB42,stat,708501,-0.662363,257,361,-0.4902304776932929,No substantial change
AB42,stat,709501,-0.661884,201,319.5,-0.6686204297680659,No substantial change
AB42,stat,710501,-0.661406,193.5,313.5,-0.6961318766576287,No substantial change
AB42,stat,711501,-0.660928,241,385.5,-0.6776977136850727,No substantial change
AB42,stat,712501,-0.66045,214,316.5,-0.5645947030271945,No substantial change
AB42,stat,713501,-0.659971,215,334.5,-0.6376695510520005,No substantial change
AB42,stat,714501,-0.659493,206.5,318.5,-0.6251515908368549,No substantial change
AB42,stat,715501,-0.659015,206,352.5,-0.7749789201029377,No substantial change
AB42,stat,716501,-0.658537,247,490.5,-0.989742094634561,No substantial change
AB42,stat,717501,-0.658058,247,475.5,-0.9449342992758858,No substantial change
AB42,stat,718501,-0.65758,158,344,-1.122484006524995,Depleted in Meropenem
AB42,stat,719501,-0.657102,151.5,328.5,-1.1165755768493788,Depleted in Meropenem
AB42,stat,720501,-0.656624,205.5,418.5,-1.0260892288686607,Depleted in Meropenem
AB42,stat,721501,-0.656145,166.5,366.5,-1.1382910210625496,Depleted in Meropenem
AB42,stat,722501,-0.655667,204.5,422,-1.0451421557654363,Depleted in Meropenem
AB42,stat,723501,-0.655189,151,291.5,-0.9489473338754174,No substantial change
AB42,stat,724501,-0.654711,160.5,323.5,-1.0111924148702043,Depleted in Meropenem
AB42,stat,725501,-0.654232,174,364.5,-1.0668315084782087,Depleted in Meropenem
AB42,stat,726501,-0.653754,190,355,-0.9018196060610967,No substantial change
AB42,stat,727501,-0.653276,181.5,252.5,-0.47631383964340646,No substantial change
AB42,stat,728501,-0.652798,216.5,245,-0.17841472427584557,No substantial change
AB42,stat,729501,-0.652319,180,248.5,-0.4652489452326115,No substantial change
AB42,stat,730501,-0.651841,186.5,232,-0.31494917487233426,No substantial change
AB42,stat,731501,-0.651363,184,208.5,-0.1803416173876508,No substantial change
AB42,stat,732501,-0.650885,171.5,221.5,-0.3690981223822059,No substantial change
AB42,stat,733501,-0.650407,165,180,-0.12553088208385899,No substantial change
AB42,stat,734501,-0.649928,168.5,183,-0.11909505710218396,No substantial change
AB42,stat,735501,-0.64945,149,202.5,-0.4426095773098255,No substantial change
AB42,stat,736501,-0.648972,215.5,286.5,-0.41084726966780666,No substantial change
AB42,stat,737501,-0.648494,155,202,-0.38208707747755716,No substantial change
AB42,stat,738501,-0.648015,167.5,203,-0.27731863184004135,No substantial change
AB42,stat,739501,-0.647537,168,228,-0.4405725913859815,No substantial change
AB42,stat,740501,-0.647059,196,273,-0.47804729680464425,No substantial change
AB42,stat,741501,-0.646581,169.5,219.5,-0.37293566639901427,No substantial change
AB42,stat,742501,-0.646102,204.5,248.5,-0.28114500862053743,No substantial change
AB42,stat,743501,-0.645624,235.5,240.5,-0.030309834157258755,No substantial change
AB42,stat,744501,-0.645146,187,244,-0.3838428776752496,No substantial change
AB42,stat,745501,-0.644668,207.5,264.5,-0.3501563858797385,No substantial change
AB42,stat,746501,-0.644189,215.5,371,-0.7837313175317052,No substantial change
AB42,stat,747501,-0.643711,233,358,-0.6196296326099762,No substantial change
AB42,stat,748501,-0.643233,258,422.5,-0.7115802757462927,No substantial change
AB42,stat,749501,-0.642755,245.5,434.5,-0.823633152499707,No substantial change
AB42,stat,750501,-0.642276,193,383,-0.9887435446568767,No substantial change
AB42,stat,751501,-0.641798,168,337.5,-1.006426269159433,Depleted in Meropenem
AB42,stat,752501,-0.64132,174.5,317.5,-0.863529555449876,No substantial change
AB42,stat,753501,-0.640842,157.5,337.5,-1.0995356735509143,Depleted in Meropenem
AB42,stat,754501,-0.640363,191.5,377,-0.9772201313437071,No substantial change
AB42,stat,755501,-0.639885,206,432,-1.0683869749802501,Depleted in Meropenem
AB42,stat,756501,-0.639407,213,468.5,-1.1371956174333486,Depleted in Meropenem
AB42,stat,757501,-0.638929,226.5,411.5,-0.8613813803753906,No substantial change
AB42,stat,758501,-0.638451,187,351.5,-0.9104864191848986,No substantial change
AB42,stat,759501,-0.637972,219,377,-0.7836336536674909,No substantial change
AB42,stat,760501,-0.637494,210,377,-0.8441751956025417,No substantial change
AB42,stat,761501,-0.637016,252.5,377,-0.5782811356295072,No substantial change
AB42,stat,762501,-0.636538,247.5,382.5,-0.6280312226130421,No substantial change
AB42,stat,763501,-0.636059,265,443,-0.7413143391044569,No substantial change
AB42,stat,764501,-0.635581,238,431,-0.8567262957811548,No substantial change
AB42,stat,765501,-0.635103,248.5,418.5,-0.7519817709880575,No substantial change
AB42,stat,766501,-0.634625,358,595.5,-0.7341419205998575,No substantial change
AB42,stat,767501,-0.634146,245.5,410.5,-0.7416591974631117,No substantial change
AB42,stat,768501,-0.633668,212.5,343,-0.6907457351477482,No substantial change
AB42,stat,769501,-0.63319,283,471,-0.7349250067809009,No substantial change
AB42,stat,770501,-0.632712,275,384.5,-0.48355197954980467,No substantial change
AB42,stat,771501,-0.632233,288,384,-0.4150374992788438,No substantial change
AB42,stat,772501,-0.631755,264,380.5,-0.5273585241450921,No substantial change
AB42,stat,773501,-0.631277,210.5,318.5,-0.5974731391899043,No substantial change
AB42,stat,774501,-0.630799,179,268.5,-0.5849625007211563,No substantial change
AB42,stat,775501,-0.63032,202,294,-0.5414608620845697,No substantial change
AB42,stat,776501,-0.629842,191.5,330.5,-0.7873058795827346,No substantial change
AB42,stat,777501,-0.629364,219,320.5,-0.5493934870175675,No substantial change
AB42,stat,778501,-0.628886,195,327,-0.7458165117484719,No substantial change
AB42,stat,779501,-0.628407,200,339.5,-0.7634115744700071,No substantial change
AB42,stat,780501,-0.627929,167.5,348,-1.0549262105035935,Depleted in Meropenem
AB42,stat,781501,-0.627451,155.5,294.5,-0.9213530536998582,No substantial change
AB42,stat,782501,-0.626973,175,287.5,-0.7162070339994087,No substantial change
AB42,stat,783501,-0.626495,172.5,346,-1.0041756759711933,Depleted in Meropenem
AB42,stat,784501,-0.626016,181,320.5,-0.8243346595355356,No substantial change
AB42,stat,785501,-0.625538,183.5,348,-0.9233072430055157,No substantial change
AB42,stat,786501,-0.62506,192,334,-0.7987417917528961,No substantial change
AB42,stat,787501,-0.624582,201,370.5,-0.8822780411269052,No substantial change
AB42,stat,788501,-0.624103,196.5,376,-0.9362033494190308,No substantial change
AB42,stat,789501,-0.623625,168,345.5,-1.0402244776094982,Depleted in Meropenem
AB42,stat,790501,-0.623147,184.5,343.5,-0.896689282757704,No substantial change
AB42,stat,791501,-0.622669,130,278,-1.096573259695053,Depleted in Meropenem
AB42,stat,792501,-0.62219,188,314.5,-0.7423273552016517,No substantial change
AB42,stat,793501,-0.621712,223,392,-0.8138099441949035,No substantial change
AB42,stat,794501,-0.621234,205.5,353.5,-0.782571821127716,No substantial change
AB42,stat,795501,-0.620756,241,440,-0.868470377294698,No substantial change
AB42,stat,796501,-0.620277,182,312.5,-0.779917739350753,No substantial change
AB42,stat,797501,-0.619799,167.5,375,-1.1627295000381084,Depleted in Meropenem
AB42,stat,798501,-0.619321,167,354,-1.0839012576089453,Depleted in Meropenem
AB42,stat,799501,-0.618843,155,300.5,-0.9550967754369479,No substantial change
AB42,stat,800501,-0.618364,174.5,326,-0.9016449280214253,No substantial change
AB42,stat,801501,-0.617886,214,400,-0.9023892033735776,No substantial change
AB42,stat,802501,-0.617408,211,332,-0.6539402426397396,No substantial change
AB42,stat,803501,-0.61693,180.5,299.5,-0.7305571659016146,No substantial change
AB42,stat,804501,-0.616451,186,339.5,-0.8681089531367002,No substantial change
AB42,stat,805501,-0.615973,199,365.5,-0.8771029754087885,No substantial change
AB42,stat,806501,-0.615495,169.5,330,-0.9611807511094718,No substantial change
AB42,stat,807501,-0.615017,172,335,-0.9617525306430369,No substantial change
AB42,stat,808501,-0.614538,177,276.5,-0.6435301201517096,No substantial change
AB42,stat,809501,-0.61406,211.5,354,-0.7430916969630478,No substantial change
AB42,stat,810501,-0.613582,241,468,-0.9574753833534431,No substantial change
AB42,stat,811501,-0.613104,190,442.5,-1.219678036639412,Depleted in Meropenem
AB42,stat,812501,-0.612626,209.5,384,-0.8741560670218047,No substantial change
AB42,stat,813501,-0.612147,229,416.5,-0.8629688972686036,No substantial change
AB42,stat,814501,-0.611669,214.5,346,-0.6897943901371789,No substantial change
AB42,stat,815501,-0.611191,217,380.5,-0.810201411059066,No substantial change
AB42,stat,816501,-0.610713,267.5,424.5,-0.6662256622645292,No substantial change
AB42,stat,817501,-0.610234,257.5,399.5,-0.633623070857396,No substantial change
AB42,stat,818501,-0.609756,166.5,354.5,-1.090263450168254,Depleted in Meropenem
AB42,stat,819501,-0.609278,177.5,342,-0.9461773004938535,No substantial change
AB42,stat,820501,-0.6088,224,375,-0.743391863325639,No substantial change
AB42,stat,821501,-0.608321,185,311,-0.7493893096142903,No substantial change
AB42,stat,822501,-0.607843,227,353.5,-0.6390179175184839,No substantial change
AB42,stat,823501,-0.607365,235.5,377.5,-0.6807495845996581,No substantial change
AB42,stat,824501,-0.606887,228.5,387,-0.7601394010863407,No substantial change
AB42,stat,825501,-0.606408,162,312.5,-0.9478623766648248,No substantial change
AB42,stat,826501,-0.60593,192.5,391.5,-1.0241538617087769,Depleted in Meropenem
AB42,stat,827501,-0.605452,194.5,377,-0.9547943682824724,No substantial change
AB42,stat,828501,-0.604974,207.5,333,-0.682410840836975,No substantial change
AB42,stat,829501,-0.604495,188.5,371,-0.9768546633521389,No substantial change
AB42,stat,830501,-0.604017,221.5,390.5,-0.818015849586961,No substantial change
AB42,stat,831501,-0.603539,185,305.5,-0.7236471093024174,No substantial change
AB42,stat,832501,-0.603061,187,306,-0.710493382805015,No substantial change
AB42,stat,833501,-0.602582,217,342,-0.6563012824414184,No substantial change
AB42,stat,834501,-0.602104,200,299,-0.5801454844233803,No substantial change
AB42,stat,835501,-0.601626,235,397.5,-0.758294103606718,No substantial change
AB42,stat,836501,-0.601148,223,361,-0.6949551269668662,No substantial change
AB42,stat,837501,-0.60067,210,328.5,-0.6455040426562071,No substantial change
AB42,stat,838501,-0.600191,143.5,217.5,-0.5999646640604029,No substantial change
AB42,stat,839501,-0.599713,133.5,245,-0.8759420073150167,No substantial change
AB42,stat,840501,-0.599235,182,318,-0.8050883150856591,No substantial change
AB42,stat,841501,-0.598757,196,285.5,-0.5426370912476347,No substantial change
AB42,stat,842501,-0.598278,179,272,-0.603647063986083,No substantial change
AB42,stat,843501,-0.5978,191.5,261.5,-0.4494665543219842,No substantial change
AB42,stat,844501,-0.597322,187.5,337,-0.8458579957986154,No substantial change
AB42,stat,845501,-0.596844,178,344,-0.9505313237357002,No substantial change
AB42,stat,846501,-0.596365,173,280.5,-0.6972287329720683,No substantial change
AB42,stat,847501,-0.59588699999999994,231.5,305.5,-0.40016018655849306,No substantial change
AB42,stat,848501,-0.595409,242.5,301.5,-0.31417325482559477,No substantial change
AB42,stat,849501,-0.594931,206,277,-0.4272416388659699,No substantial change
AB42,stat,850501,-0.594452,172,245.5,-0.513314459612595,No substantial change
AB42,stat,851501,-0.593974,206.5,261,-0.3379080251504391,No substantial change
AB42,stat,852501,-0.593496,201.5,233.5,-0.21264271118169462,No substantial change
AB42,stat,853501,-0.593018,216.5,276,-0.3503012420514441,No substantial change
AB42,stat,854501,-0.592539,189,270,-0.5145731728297583,No substantial change
AB42,stat,855501,-0.592061,216,295,-0.4496836420857351,No substantial change
AB42,stat,856501,-0.591583,246,362.5,-0.5593226795630569,No substantial change
AB42,stat,857501,-0.591105,204.5,381.5,-0.8995822138927817,No substantial change
AB42,stat,858501,-0.590626,192.5,371,-0.9465607410385396,No substantial change
AB42,stat,859501,-0.590148,211,380,-0.8487564196237628,No substantial change
AB42,stat,860501,-0.58967,167.5,360,-1.1038358109845399,Depleted in Meropenem
AB42,stat,861501,-0.589192,183.5,374.5,-1.0291856556155383,Depleted in Meropenem
AB42,stat,862501,-0.588714,182,352.5,-0.9536848070874597,No substantial change
AB42,stat,863501,-0.588235,213.5,426,-0.996617360605348,No substantial change
AB42,stat,864501,-0.587757,241,447.5,-0.8928545359216572,No substantial change
AB42,stat,865501,-0.587279,225,415.5,-0.8849234755533074,No substantial change
AB42,stat,866501,-0.586801,208,320,-0.6214883767462701,No substantial change
AB42,stat,867501,-0.586322,224.5,398.5,-0.8278642792493247,No substantial change
AB42,stat,868501,-0.585844,253.5,433.5,-0.7740462462184946,No substantial change
AB42,stat,869501,-0.585366,177.5,330.5,-0.8968312471156472,No substantial change
AB42,stat,870501,-0.584888,162.5,344,-1.0819688467862811,Depleted in Meropenem
AB42,stat,871501,-0.584409,184,366.5,-0.9941074320767989,No substantial change
AB42,stat,872501,-0.583931,203.5,429.5,-1.0776293368722165,Depleted in Meropenem
AB42,stat,873501,-0.583453,207.5,320,-0.6249605686530753,No substantial change
AB42,stat,874501,-0.582975,183,280.5,-0.6161571223247503,No substantial change
AB42,stat,875501,-0.582496,298,425,-0.5121505105629025,No substantial change
AB42,stat,876501,-0.582018,339.5,482.5,-0.5071173679107109,No substantial change
AB42,stat,877501,-0.58154,270,351,-0.3785116232537297,No substantial change
AB42,stat,878501,-0.581062,218.5,269,-0.29997289305602576,No substantial change
AB42,stat,879501,-0.580583,237,344.5,-0.5396169238060323,No substantial change
AB42,stat,880501,-0.580105,181.5,272.5,-0.586286681668538,No substantial change
AB42,stat,881501,-0.579627,210.5,299,-0.506325251131709,No substantial change
AB42,stat,882501,-0.579149,179.5,271,-0.5943090075308202,No substantial change
AB42,stat,883501,-0.57867,158.5,213,-0.426370590086431,No substantial change
AB42,stat,884501,-0.578192,163.5,252.5,-0.6269927521410745,No substantial change
AB42,stat,885501,-0.577714,164.5,222,-0.4324720926148645,No substantial change
AB42,stat,886501,-0.577236,187,259,-0.4699138277989172,No substantial change
AB42,stat,887501,-0.576758,184,249,-0.4364399760110681,No substantial change
AB42,stat,888501,-0.576279,163.5,225,-0.4606343657189545,No substantial change
AB42,stat,889501,-0.575801,160.5,305,-0.9262359453279455,No substantial change
AB42,stat,890501,-0.575323,216.5,355.5,-0.7154825348926904,No substantial change
AB42,stat,891501,-0.574845,169.5,314,-0.889479285755283,No substantial change
AB42,stat,892501,-0.574366,184,296.5,-0.6883263384889908,No substantial change
AB42,stat,893501,-0.573888,184,328.5,-0.8361876042653168,No substantial change
AB42,stat,894501,-0.57341,169,320.5,-0.9233011103365568,No substantial change
AB42,stat,895501,-0.572932,161,278.5,-0.7906166392254148,No substantial change
AB42,stat,896501,-0.572453,176.5,325,-0.8807715346446364,No substantial change
AB42,stat,897501,-0.571975,186.5,294,-0.65664052458112665,No substantial change
AB42,stat,898501,-0.571497,159,292.5,-0.8794098591864117,No substantial change
AB42,stat,899501,-0.571019,149,279.5,-0.9075359523810284,No substantial change
AB42,stat,900501,-0.57054,169,323,-0.9345109184117405,No substantial change
AB42,stat,901501,-0.570062,164.5,319,-0.955468840029628,No substantial change
AB42,stat,902501,-0.569584,174,335.5,-0.9472254603514552,No substantial change
AB42,stat,903501,-0.569106,242,397.5,-0.7159478128971233,No substantial change
AB42,stat,904501,-0.568627,194.5,345,-0.8268262066793394,No substantial change
AB42,stat,905501,-0.568149,144.5,264,-0.8694684368577746,No substantial change
AB42,stat,906501,-0.567671,162,286,-0.8200213338937646,No substantial change
AB42,stat,907501,-0.567193,197.5,284,-0.5240382764402167,No substantial change
AB42,stat,908501,-0.566714,176.5,267,-0.5971715584163737,No substantial change
AB42,stat,909501,-0.566236,203,235,-0.21118102937982344,No substantial change
AB42,stat,910501,-0.565758,172,223.5,-0.3778662664812199,No substantial change
AB42,stat,911501,-0.56528,201,252,-0.32622823232098774,No substantial change
AB42,stat,912501,-0.564802,205.5,262,-0.3504284178557674,No substantial change
AB42,stat,913501,-0.564323,199.5,275.5,-0.46566357234881184,No substantial change
AB42,stat,914501,-0.563845,185,229,-0.3078223275806318,No substantial change
AB42,stat,915501,-0.563367,141.5,230,-0.7008318081124929,No substantial change
AB42,stat,916501,-0.562889,193,256,-0.4075429627319196,No substantial change
AB42,stat,917501,-0.56241,179.5,231.5,-0.36702834943718504,No substantial change
AB42,stat,918501,-0.561932,210,298,-0.504923002796039,No substantial change
AB42,stat,919501,-0.561454,226,374,-0.726715497472449,No substantial change
AB42,stat,920501,-0.560976,222.5,358,-0.6861542514104964,No substantial change
AB42,stat,921501,-0.560497,210.5,419,-0.9931300106329554,No substantial change
AB42,stat,922501,-0.560019,263,408,-0.6335063526791932,No substantial change
AB42,stat,923501,-0.559541,234.5,431,-0.8780999465737216,No substantial change
AB42,stat,924501,-0.559063,163,267,-0.7119677774564763,No substantial change
AB42,stat,925501,-0.558584,221.5,335.5,-0.5990060676451653,No substantial change
AB42,stat,926501,-0.558106,231.5,335.5,-0.5353005729399473,No substantial change
AB42,stat,927501,-0.557628,205.5,285,-0.4718235253704211,No substantial change
AB42,stat,928501,-0.55715,177.5,260,-0.5506925986364101,No substantial change
AB42,stat,929501,-0.556671,179.5,308,-0.7789465068718501,No substantial change
AB42,stat,930501,-0.556193,182.5,310.5,-0.766696804453102,No substantial change
AB42,stat,931501,-0.555715,201,349,-0.7960315350307238,No substantial change
AB42,stat,932501,-0.555237,178.5,357.5,-1.002019167636652,Depleted in Meropenem
AB42,stat,933501,-0.554758,207.5,390,-0.9103627875153236,No substantial change
AB42,stat,934501,-0.55428,238,349.5,-0.554330882067493,No substantial change
AB42,stat,935501,-0.553802,220,361,-0.7144953133625115,No substantial change
AB42,stat,936501,-0.553324,202.5,344,-0.7644866569301108,No substantial change
AB42,stat,937501,-0.552846,190,311,-0.7109151617996547,No substantial change
AB42,stat,938501,-0.552367,156,257,-0.7202223303316299,No substantial change
AB42,stat,939501,-0.551889,192.5,289.5,-0.5887049024069729,No substantial change
AB42,stat,940501,-0.551411,155.5,296.5,-0.9311175244154011,No substantial change
AB42,stat,941501,-0.550933,174,344.5,-0.9854166768555631,No substantial change
AB42,stat,942501,-0.550454,155,372,-1.2630344058337937,Depleted in Meropenem
AB42,stat,943501,-0.549976,160.5,323,-1.0089608675716217,Depleted in Meropenem
AB42,stat,944501,-0.549498,177.5,348.5,-0.9733396314763788,No substantial change
AB42,stat,945501,-0.54902,180.5,350,-0.9553560849451579,No substantial change
AB42,stat,946501,-0.548541,165.5,329.5,-0.9934472482008341,No substantial change
AB42,stat,947501,-0.548063,154,276.5,-0.8443491295398058,No substantial change
AB42,stat,948501,-0.547585,152.5,277,-0.8610767335989395,No substantial change
AB42,stat,949501,-0.547107,148,321.5,-1.1192215616989976,Depleted in Meropenem
AB42,stat,950501,-0.546628,138.5,335.5,-1.2764267901509951,Depleted in Meropenem
AB42,stat,951501,-0.54615,171.5,378,-1.1401776580482603,Depleted in Meropenem
AB42,stat,952501,-0.545672,217,398,-0.8750733880991696,No substantial change
AB42,stat,953501,-0.545194,265,479,-0.8540332962856186,No substantial change
AB42,stat,954501,-0.544715,258.5,465.5,-0.8486168872438591,No substantial change
AB42,stat,955501,-0.544237,226.5,379,-0.7426867981248565,No substantial change
AB42,stat,956501,-0.543759,231.5,402,-0.7961833079186922,No substantial change
AB42,stat,957501,-0.543281,203,390.5,-0.9438428209568029,No substantial change
AB42,stat,958501,-0.542802,185.5,342.5,-0.8846848012270856,No substantial change
AB42,stat,959501,-0.542324,155,324,-1.0637255976103872,Depleted in Meropenem
AB42,stat,960501,-0.541846,199.5,391,-0.9707798610850066,No substantial change
AB42,stat,961501,-0.541368,208.5,399.5,-0.938148119483313,No substantial change
AB42,stat,962501,-0.54089,210.5,420,-0.9965690945997265,No substantial change
AB42,stat,963501,-0.540411,220.5,417.5,-0.920997541803894,No substantial change
AB42,stat,964501,-0.539933,261.5,489.5,-0.9044979133567536,No substantial change
AB42,stat,965501,-0.539455,272,396,-0.5418937788292703,No substantial change
AB42,stat,966501,-0.538977,230.5,402.5,-0.8042220325726414,No substantial change
AB42,stat,967501,-0.538498,237,388.5,-0.713027539509451,No substantial change
AB42,stat,968501,-0.53802,126.5,264.5,-1.0641303374197155,Depleted in Meropenem
AB42,stat,969501,-0.537542,136,266.5,-0.9705288815088365,No substantial change
AB42,stat,970501,-0.537064,201,337,-0.7455530900029297,No substantial change
AB42,stat,971501,-0.536585,214.5,335,-0.6431834478455891,No substantial change
AB42,stat,972501,-0.536107,238,335.5,-0.49535119289223994,No substantial change
AB42,stat,973501,-0.535629,220.5,297,-0.4296842752432452,No substantial change
AB42,stat,974501,-0.535151,220,276.5,-0.32977595671004745,No substantial change
AB42,stat,975501,-0.534672,262,412.5,-0.6548273075957279,No substantial change
AB42,stat,976501,-0.534194,292.5,437,-0.5791966550298314,No substantial change
AB42,stat,977501,-0.533716,259.5,333.5,-0.36195222282670425,No substantial change
AB42,stat,978501,-0.533238,224,354,-0.6602506280253932,No substantial change
AB42,stat,979501,-0.532759,235,350,-0.5746941652673292,No substantial change
AB42,stat,980501,-0.532281,181,265.5,-0.5527221637209483,No substantial change
AB42,stat,981501,-0.531803,202,294.5,-0.5439123410786659,No substantial change
AB42,stat,982501,-0.531325,181.5,281.5,-0.6331653740844789,No substantial change
AB42,stat,983501,-0.530846,169,229,-0.4383243518147595,No substantial change
AB42,stat,984501,-0.530368,169,265,-0.6489691131683772,No substantial change
AB42,stat,985501,-0.52989,240.5,298,-0.30927543669211965,No substantial change
AB42,stat,986501,-0.529412,184,247,-0.4248052755276647,No substantial change
AB42,stat,987501,-0.528934,171.5,255,-0.5722886706860455,No substantial change
AB42,stat,988501,-0.528455,196,296,-0.5947435215137415,No substantial change
AB42,stat,989501,-0.527977,165,251,-0.6052213397049563,No substantial change
AB42,stat,990501,-0.527499,163.5,244.5,-0.5805438294541512,No substantial change
AB42,stat,991501,-0.527021,209.5,308,-0.5559801069955497,No substantial change
AB42,stat,992501,-0.526542,196,279.5,-0.5119946287279818,No substantial change
AB42,stat,993501,-0.526064,206.5,281,-0.4444283488014807,No substantial change
AB42,stat,994501,-0.525586,190.5,286,-0.5862241492850675,No substantial change
AB42,stat,995501,-0.525108,245.5,279.5,-0.18712525852849707,No substantial change
AB42,stat,996501,-0.524629,179,199,-0.1528088432793924,No substantial change
AB42,stat,997501,-0.524151,162.5,214,-0.39717107848533006,No substantial change
AB42,stat,998501,-0.523673,165.5,245,-0.5659505321953529,No substantial change
AB42,stat,999501,-0.523195,159.5,237.5,-0.5743710894534408,No substantial change
AB42,stat,1000501,-0.522716,209,274.5,-0.3933032069243159,No substantial change
AB42,stat,1001501,-0.522238,183.5,262.5,-0.5165373597102723,No substantial change
AB42,stat,1002501,-0.52176,157.5,252,-0.6780719051126377,No substantial change
AB42,stat,1003501,-0.521282,241.5,322.5,-0.41727597147484335,No substantial change
AB42,stat,1004501,-0.520803,189.5,345.5,-0.8664878622171667,No substantial change
AB42,stat,1005501,-0.520325,152.5,284.5,-0.8996194098563333,No substantial change
AB42,stat,1006501,-0.519847,181.5,357,-0.9759545260333491,No substantial change
AB42,stat,1007501,-0.519369,190.5,357.5,-0.9081522441724298,No substantial change
AB42,stat,1008501,-0.51889,165.5,293,-0.8240694476150303,No substantial change
AB42,stat,1009501,-0.518412,213.5,364,-0.7697023805782058,No substantial change
AB42,stat,1010501,-0.517934,218.5,433.5,-0.9883987137212366,No substantial change
AB42,stat,1011501,-0.517456,200.5,420,-1.0667870912112023,Depleted in Meropenem
AB42,stat,1012501,-0.516978,201.5,411,-1.0283585551537155,Depleted in Meropenem
AB42,stat,1013501,-0.516499,224,351,-0.6479722982469566,No substantial change
AB42,stat,1014501,-0.516021,225.5,334,-0.5667206692186713,No substantial change
AB42,stat,1015501,-0.515543,223,375,-0.7498468854629384,No substantial change
AB42,stat,1016501,-0.515065,207,322,-0.6374299206152917,No substantial change
AB42,stat,1017501,-0.514586,235,357.5,-0.6052824851007521,No substantial change
AB42,stat,1018501,-0.514108,209,349,-0.7397240941287694,No substantial change
AB42,stat,1019501,-0.51363,260.5,371,-0.5101358143422952,No substantial change
AB42,stat,1020501,-0.513152,326.5,374.5,-0.19788272691232026,No substantial change
AB42,stat,1021501,-0.512673,307.5,371.5,-0.272775800311994,No substantial change
AB42,stat,1022501,-0.512195,341,416,-0.28681178911691974,No substantial change
AB42,stat,1023501,-0.511717,383.5,397,-0.0499124296400243,No substantial change
AB42,stat,1024501,-0.511239,434,470.5,-0.1164996802840575,No substantial change
AB42,stat,1025501,-0.51076,314.5,376.5,-0.25958984779263894,No substantial change
AB42,stat,1026501,-0.510282,387.5,396,-0.0313041199180098,No substantial change
AB42,stat,1027501,-0.509804,339.5,404,-0.250943718507063,No substantial change
AB42,stat,1028501,-0.509326,483.5,532.5,-0.13926563563635933,No substantial change
AB42,stat,1029501,-0.508847,442.5,487,-0.13824431711198237,No substantial change
AB42,stat,1030501,-0.508369,388,447.5,-0.20583102996449112,No substantial change
AB42,stat,1031501,-0.507891,531.5,627,-0.23839575127093426,No substantial change
AB42,stat,1032501,-0.507413,479,586.5,-0.29210545229232815,No substantial change
AB42,stat,1033501,-0.506934,388.5,512,-0.3982292115922899,No substantial change
AB42,stat,1034501,-0.506456,292,402,-0.4612271322989113,No substantial change
AB42,stat,1035501,-0.505978,357,432.5,-0.2767760584949872,No substantial change
AB42,stat,1036501,-0.5055,279,364.5,-0.3856536924977496,No substantial change
AB42,stat,1037501,-0.505022,212.5,325,-0.6129768768907528,No substantial change
AB42,stat,1038501,-0.504543,222,347.5,-0.6464533012607638,No substantial change
AB42,stat,1039501,-0.504065,182.5,288,-0.6581723476749327,No substantial change
AB42,stat,1040501,-0.503587,212.5,332,-0.6437204003218607,No substantial change
AB42,stat,1041501,-0.503109,274.5,516,-0.9105649164180556,No substantial change
AB42,stat,1042501,-0.50263,236.5,459,-0.9566539700744128,No substantial change
AB42,stat,1043501,-0.502152,175.5,327.5,-0.900023876120252,No substantial change
AB42,stat,1044501,-0.501674,214.5,348,-0.6981096583491826,No substantial change
AB42,stat,1045501,-0.501196,171.5,331.5,-0.9508002939397753,No substantial change
AB42,stat,1046501,-0.500717,190,384.5,-1.0169841796308787,Depleted in Meropenem
AB42,stat,1047501,-0.500239,181,447.5,-1.3058979850684134,Depleted in Meropenem
AB42,stat,1048501,-0.499761,158.5,366,-1.2073608081446352,Depleted in Meropenem
AB42,stat,1049501,-0.499283,203.5,392,-0.9458248598489613,No substantial change
AB42,stat,1050501,-0.498804,192,338.5,-0.8180495228538405,No substantial change
AB42,stat,1051501,-0.498326,213,370,-0.7966718402904739,No substantial change
AB42,stat,1052501,-0.497848,194.5,347.5,-0.8372428226246778,No substantial change
AB42,stat,1053501,-0.49737,213.5,376.5,-0.8184137950514376,No substantial change
AB42,stat,1054501,-0.496891,187,344.5,-0.8814657128166548,No substantial change
AB42,stat,1055501,-0.496413,169.5,361.5,-1.0927103738147739,Depleted in Meropenem
AB42,stat,1056501,-0.495935,174,390.5,-1.166235242293251,Depleted in Meropenem
AB42,stat,1057501,-0.495457,218.5,444,-1.0229263968495075,Depleted in Meropenem
AB42,stat,1058501,-0.494978,261.5,462.5,-0.8226424191567331,No substantial change
AB42,stat,1059501,-0.4945,293.5,481.5,-0.7141752947334071,No substantial change
AB42,stat,1060501,-0.494022,188.5,329,-0.8035230604665772,No substantial change
AB42,stat,1061501,-0.493544,183,333,-0.8636785287872195,No substantial change
AB42,stat,1062501,-0.493066,241,396,-0.7164672838496481,No substantial change
AB42,stat,1063501,-0.492587,282.5,388,-0.4578057848845777,No substantial change
AB42,stat,1064501,-0.492109,309.5,338,-0.12708383706791973,No substantial change
AB42,stat,1065501,-0.491631,260,369.5,-0.5070627411176964,No substantial change
AB42,stat,1066501,-0.491153,335.5,473.5,-0.49705165926820144,No substantial change
AB42,stat,1067501,-0.490674,357,421.5,-0.2396085569129825,No substantial change
AB42,stat,1068501,-0.490196,364,388,-0.09211820198843142,No substantial change
AB42,stat,1069501,-0.489718,438.5,504.5,-0.20227742666162413,No substantial change
AB42,stat,1070501,-0.48924,358,487,-0.4439621848180857,No substantial change
AB42,stat,1071501,-0.488761,360.5,450,-0.3199257419762146,No substantial change
AB42,stat,1072501,-0.488283,248,406,-0.7111396067983009,No substantial change
AB42,stat,1073501,-0.487805,239.5,334.5,-0.4819805549052807,No substantial change
AB42,stat,1074501,-0.487327,217,301,-0.4720684443152228,No substantial change
AB42,stat,1075501,-0.486848,219,341,-0.6388408694229991,No substantial change
AB42,stat,1076501,-0.48637,208.5,305.5,-0.551124996374066,No substantial change
AB42,stat,1077501,-0.485892,213,315,-0.5644983981614405,No substantial change
AB42,stat,1078501,-0.485414,160.5,305.5,-0.9285990826964264,No substantial change
AB42,stat,1079501,-0.484935,184.5,301,-0.706142670699306,No substantial change
AB42,stat,1080501,-0.484457,193.5,315.5,-0.7053064388381387,No substantial change
AB42,stat,1081501,-0.483979,191.5,367,-0.9384356709182557,No substantial change
AB42,stat,1082501,-0.483501,211.5,388,-0.8753989890671781,No substantial change
AB42,stat,1083501,-0.483022,194.5,387,-0.9925634111582184,No substantial change
AB42,stat,1084501,-0.482544,240.5,406.5,-0.7572184583049858,No substantial change
AB42,stat,1085501,-0.482066,229.5,376,-0.7122385082638295,No substantial change
AB42,stat,1086501,-0.481588,242,333.5,-0.4626797139099905,No substantial change
AB42,stat,1087501,-0.48111,254.5,357,-0.48825841795340436,No substantial change
AB42,stat,1088501,-0.480631,311.5,413,-0.40690961839544354,No substantial change
AB42,stat,1089501,-0.480153,272,332.5,-0.2897476891382125,No substantial change
AB42,stat,1090501,-0.479675,312,334,-0.09830207361180383,No substantial change
AB42,stat,1091501,-0.479197,288,317.5,-0.14068778021721587,No substantial change
AB42,stat,1092501,-0.478718,307.5,335,-0.12357468511853258,No substantial change
AB42,stat,1093501,-0.47824,371.5,412,-0.14928212664462218,No substantial change
AB42,stat,1094501,-0.477762,397,388,0.03308235495582999,No substantial change
AB42,stat,1095501,-0.477284,385,445.5,-0.21056698593965836,No substantial change
AB42,stat,1096501,-0.476805,359.5,476.5,-0.40648444347064405,No substantial change
AB42,stat,1097501,-0.476327,321.5,384,-0.2562875733932088,No substantial change
AB42,stat,1098501,-0.475849,312,349,-0.1616810073474039,No substantial change
AB42,stat,1099501,-0.475371,427.5,482,-0.17310872645670147,No substantial change
AB42,stat,1100501,-0.474892,392,454,-0.2118386431757067,No substantial change
AB42,stat,1101501,-0.474414,312,399,-0.35484271736009754,No substantial change
AB42,stat,1102501,-0.473936,234,367.5,-0.6512357201403223,No substantial change
AB42,stat,1103501,-0.473458,287,405,-0.49687117109629936,No substantial change
AB42,stat,1104501,-0.472979,257,346.5,-0.4310869929433355,No substantial change
AB42,stat,1105501,-0.472501,218,314,-0.5264364241147007,No substantial change
AB42,stat,1106501,-0.472023,205.5,318.5,-0.6321549785746174,No substantial change
AB42,stat,1107501,-0.471545,226.5,336,-0.5689501827325251,No substantial change
AB42,stat,1108501,-0.471066,255.5,385,-0.5915351546446422,No substantial change
AB42,stat,1109501,-0.470588,222.5,383,-0.7835390560711971,No substantial change
AB42,stat,1110501,-0.47011,206,352,-0.7729310914540789,No substantial change
AB42,stat,1111501,-0.469632,233,347.5,-0.5766830229565896,No substantial change
AB42,stat,1112501,-0.469154,201.5,380.5,-0.9171166149755781,No substantial change
AB42,stat,1113501,-0.468675,284,474.5,-0.7405171575164273,No substantial change
AB42,stat,1114501,-0.468197,240,356,-0.5688428353578793,No substantial change
AB42,stat,1115501,-0.467719,193,332,-0.7825823940788443,No substantial change
AB42,stat,1116501,-0.467241,199.5,373.5,-0.9047194965668914,No substantial change
AB42,stat,1117501,-0.466762,238.5,471.5,-0.983268504669585,No substantial change
AB42,stat,1118501,-0.466284,150,353,-1.2347056827752994,Depleted in Meropenem
AB42,stat,1119501,-0.465806,187,355,-0.9247807545044079,No substantial change
AB42,stat,1120501,-0.465328,195,378,-0.9549121104714619,No substantial change
AB42,stat,1121501,-0.464849,258,470.5,-0.8668236573052827,No substantial change
AB42,stat,1122501,-0.464371,231,317,-0.45658998872334966,No substantial change
AB42,stat,1123501,-0.463893,178.5,280.5,-0.6520766965796931,No substantial change
AB42,stat,1124501,-0.463415,157.5,256,-0.7007919816127212,No substantial change
AB42,stat,1125501,-0.462936,157,275.5,-0.8112877596795307,No substantial change
AB42,stat,1126501,-0.462458,185,247.5,-0.41990325445065974,No substantial change
AB42,stat,1127501,-0.46198,200,237.5,-0.24792751344358557,No substantial change
AB42,stat,1128501,-0.461502,242.5,249,-0.0381609949935909,No substantial change
AB42,stat,1129501,-0.461023,191.5,309,-0.6902624459794174,No substantial change
AB42,stat,1130501,-0.460545,197.5,290,-0.5542002469504692,No substantial change
AB42,stat,1131501,-0.460067,185,282,-0.6081698918824814,No substantial change
AB42,stat,1132501,-0.459589,167.5,278.5,-0.7335162319948969,No substantial change
AB42,stat,1133501,-0.45911,162.5,283,-0.8003623349160656,No substantial change
AB42,stat,1134501,-0.458632,205,393,-0.9389054027531603,No substantial change
AB42,stat,1135501,-0.458154,182,359.5,-0.9820533202406017,No substantial change
AB42,stat,1136501,-0.457676,173,376,-1.1199606240409128,Depleted in Meropenem
AB42,stat,1137501,-0.457198,200,408.5,-1.0303360783709588,Depleted in Meropenem
AB42,stat,1138501,-0.456719,209.5,383,-0.8703941482256055,No substantial change
AB42,stat,1139501,-0.456241,205.5,382,-0.8944342443540657,No substantial change
AB42,stat,1140501,-0.455763,246.5,464,-0.9125371587496606,No substantial change
AB42,stat,1141501,-0.455285,180.5,367,-1.0237812259560417,Depleted in Meropenem
AB42,stat,1142501,-0.454806,152,349.5,-1.2012211319318509,Depleted in Meropenem
AB42,stat,1143501,-0.454328,195.5,399.5,-1.0310268956206246,Depleted in Meropenem
AB42,stat,1144501,-0.45385,181,352.5,-0.9616335602029507,No substantial change
AB42,stat,1145501,-0.453372,205,353.5,-0.7860863053039527,No substantial change
AB42,stat,1146501,-0.452893,188.5,314,-0.7362000356229627,No substantial change
AB42,stat,1147501,-0.452415,202.5,350,-0.7894330140603416,No substantial change
AB42,stat,1148501,-0.451937,199,276.5,-0.4745110496910581,No substantial change
AB42,stat,1149501,-0.451459,201,349.5,-0.798096954196508,No substantial change
AB42,stat,1150501,-0.45098,156,304.5,-0.964896199044084,No substantial change
AB42,stat,1151501,-0.450502,136,270,-0.9893527558004916,No substantial change
AB42,stat,1152501,-0.450024,178.5,316,-0.8240004841480032,No substantial change
AB42,stat,1153501,-0.449546,249.5,426.5,-0.7735059259810296,No substantial change
AB42,stat,1154501,-0.449067,184.5,272.5,-0.5626354136038927,No substantial change
AB42,stat,1155501,-0.448589,236,394.5,-0.7412384406516171,No substantial change
AB42,stat,1156501,-0.448111,249,432,-0.7948855700953877,No substantial change
AB42,stat,1157501,-0.447633,177,322.5,-0.865549800227619,No substantial change
AB42,stat,1158501,-0.447154,211.5,346,-0.710114374516775,No substantial change
AB42,stat,1159501,-0.446676,221.5,349,-0.655920337654634,No substantial change
AB42,stat,1160501,-0.446198,209,352.5,-0.7541203152052732,No substantial change
AB42,stat,1161501,-0.44572,231.5,330,-0.5114538309855794,No substantial change
AB42,stat,1162501,-0.445242,243,375,-0.6259342817774622,No substantial change
AB42,stat,1163501,-0.444763,263.5,330.5,-0.32684730987047705,No substantial change
AB42,stat,1164501,-0.444285,268,332.5,-0.3111213399307795,No substantial change
AB42,stat,1165501,-0.443807,205,325,-0.6648158084103709,No substantial change
AB42,stat,1166501,-0.443329,199,325.5,-0.7098891126219867,No substantial change
AB42,stat,1167501,-0.44285,214.5,315,-0.5543741808877332,No substantial change
AB42,stat,1168501,-0.442372,200,400,-1,No substantial change
AB42,stat,1169501,-0.441894,192.5,368.5,-0.9368061735128062,No substantial change
AB42,stat,1170501,-0.441416,161.5,367.5,-1.1862100850298019,Depleted in Meropenem
AB42,stat,1171501,-0.440937,139,338,-1.281938363558677,Depleted in Meropenem
AB42,stat,1172501,-0.440459,222,425,-0.9369031646749582,No substantial change
AB42,stat,1173501,-0.439981,172.5,352.5,-1.0310268956206246,Depleted in Meropenem
AB42,stat,1174501,-0.439503,203,395.5,-0.9621979672876155,No substantial change
AB42,stat,1175501,-0.439024,174.5,327.5,-0.9082678702151603,No substantial change
AB42,stat,1176501,-0.438546,210,349.5,-0.7349031277093137,No substantial change
AB42,stat,1177501,-0.438068,193,344,-0.8338077174340175,No substantial change
AB42,stat,1178501,-0.43759,197,315,-0.6771561989309025,No substantial change
AB42,stat,1179501,-0.437111,189,270,-0.5145731728297583,No substantial change
AB42,stat,1180501,-0.436633,196.5,303.5,-0.6271672039970756,No substantial change
AB42,stat,1181501,-0.436155,213,273,-0.3580475206940142,No substantial change
AB42,stat,1182501,-0.435677,191,267,-0.4832671036518053,No substantial change
AB42,stat,1183501,-0.435198,183.5,251,-0.45190730110755917,No substantial change
AB42,stat,1184501,-0.43472,194,283,-0.5447454006447546,No substantial change
AB42,stat,1185501,-0.434242,192.5,289,-0.5862110469184151,No substantial change
AB42,stat,1186501,-0.433764,186.5,250.5,-0.4256349729399706,No substantial change
AB42,stat,1187501,-0.433286,198,278.5,-0.49217689726042224,No substantial change
AB42,stat,1188501,-0.432807,189.5,307.5,-0.6983885620555106,No substantial change
AB42,stat,1189501,-0.432329,251,365.5,-0.5421840420016654,No substantial change
AB42,stat,1190501,-0.431851,236,326.5,-0.4682961321845896,No substantial change
AB42,stat,1191501,-0.431373,225.5,366.5,-0.7006857648784309,No substantial change
AB42,stat,1192501,-0.430894,222.5,429,-0.9471723116457854,No substantial change
AB42,stat,1193501,-0.430416,245.5,406,-0.7257567028704831,No substantial change
AB42,stat,1194501,-0.429938,244,365.5,-0.5829902583895511,No substantial change
AB42,stat,1195501,-0.42946,276.5,372,-0.4280231408733243,No substantial change
AB42,stat,1196501,-0.428981,283.5,442,-0.6406976344492026,No substantial change
AB42,stat,1197501,-0.428503,272.5,418,-0.6172467124165941,No substantial change
AB42,stat,1198501,-0.428025,283.5,459,-0.6951454184715791,No substantial change
AB42,stat,1199501,-0.427547,305,415,-0.4443020937840384,No substantial change
AB42,stat,1200501,-0.427068,319,420,-0.3968329039012533,No substantial change
AB42,stat,1201501,-0.42659,476.5,572.5,-0.26479947907436435,No substantial change
AB42,stat,1202501,-0.426112,333,468,-0.49098635251214234,No substantial change
AB42,stat,1203501,-0.425634,269,387,-0.5247273935877861,No substantial change
AB42,stat,1204501,-0.425155,318.5,463.5,-0.5412759663692304,No substantial change
AB42,stat,1205501,-0.424677,339.5,526,-0.6316512250475704,No substantial change
AB42,stat,1206501,-0.424199,300,406.5,-0.4382928515791469,No substantial change
AB42,stat,1207501,-0.423721,356,479.5,-0.4296535740517331,No substantial change
AB42,stat,1208501,-0.423242,310,410.5,-0.4051140065035672,No substantial change
AB42,stat,1209501,-0.422764,248,324,-0.3856536924977496,No substantial change
AB42,stat,1210501,-0.422286,253.5,330.5,-0.38266452450435107,No substantial change
AB42,stat,1211501,-0.421808,309,372,-0.2676957832036568,No substantial change
AB42,stat,1212501,-0.42133,368.5,434,-0.23603042334940968,No substantial change
AB42,stat,1213501,-0.420851,355.5,389,-0.12992059536677666,No substantial change
AB42,stat,1214501,-0.420373,349.5,392,-0.1655611987397718,No substantial change
AB42,stat,1215501,-0.419895,419,438,-0.06398062590182185,No substantial change
AB42,stat,1216501,-0.419417,478,514.5,-0.10616045891321987,No substantial change
AB42,stat,1217501,-0.418938,512,483,0.08412062116422694,No substantial change
AB42,stat,1218501,-0.41846,412,437,-0.08498894231738004,No substantial change
AB42,stat,1219501,-0.417982,404.5,448,-0.14735902962762656,No substantial change
AB42,stat,1220501,-0.417504,293,385.5,-0.3958301954927865,No substantial change
AB42,stat,1221501,-0.417025,338,412,-0.2856210909010341,No substantial change
AB42,stat,1222501,-0.416547,245.5,353.5,-0.5259871904947058,No substantial change
AB42,stat,1223501,-0.416069,232,311,-0.42278977500303044,No substantial change
AB42,stat,1224501,-0.415591,259.5,404.5,-0.6404051640720969,No substantial change
AB42,stat,1225501,-0.415112,276.5,450,-0.70264552098233,No substantial change
AB42,stat,1226501,-0.414634,184,376,-1.0310268956206246,Depleted in Meropenem
AB42,stat,1227501,-0.414156,205,379.5,-0.8884759759100201,No substantial change
AB42,stat,1228501,-0.413678,182.5,317.5,-0.7988601278921487,No substantial change
AB42,stat,1229501,-0.413199,255,383,-0.5868471450660991,No substantial change
AB42,stat,1230501,-0.412721,208,347,-0.73835213443716885,No substantial change
AB42,stat,1231501,-0.412243,176.5,264.5,-0.5835995388428453,No substantial change
AB42,stat,1232501,-0.411765,173.5,215.5,-0.3127522065108373,No substantial change
AB42,stat,1233501,-0.411286,167.5,229.5,-0.4543330580686731,No substantial change
AB42,stat,1234501,-0.410808,198.5,242.5,-0.2888457399315323,No substantial change
AB42,stat,1235501,-0.41033,179,232,-0.3741652178633157,No substantial change
AB42,stat,1236501,-0.409852,140.5,254,-0.8542583665512397,No substantial change
AB42,stat,1237501,-0.409374,212,333.5,-0.6536224966213859,No substantial change
AB42,stat,1238501,-0.408895,222,291.5,-0.39293620685039055,No substantial change
AB42,stat,1239501,-0.408417,166.5,234.5,-0.49406574544411436,No substantial change
AB42,stat,1240501,-0.407939,215.5,300.5,-0.47967712162208725,No substantial change
AB42,stat,1241501,-0.407461,164.5,250,-0.6038405109268455,No substantial change
AB42,stat,1242501,-0.406982,173.5,248.5,-0.5183101889840253,No substantial change
AB42,stat,1243501,-0.406504,163,205.5,-0.3342664294506053,No substantial change
AB42,stat,1244501,-0.406026,189.5,285.5,-0.591292897191751,No substantial change
AB42,stat,1245501,-0.405548,193,273.5,-0.5029399855244762,No substantial change
AB42,stat,1246501,-0.405069,217.5,339.5,-0.642396173508641,No substantial change
AB42,stat,1247501,-0.404591,162.5,262.5,-0.6918777046376681,No substantial change
AB42,stat,1248501,-0.404113,239.5,362.5,-0.5979553391661164,No substantial change
AB42,stat,1249501,-0.403635,147.5,283,-0.9400870985826786,No substantial change
AB42,stat,1250501,-0.403156,136.5,295,-1.1118140033293513,Depleted in Meropenem
AB42,stat,1251501,-0.402678,159,330.5,-1.0556235062233363,Depleted in Meropenem
AB42,stat,1252501,-0.4022,215.5,350.5,-0.701726574921525,No substantial change
AB42,stat,1253501,-0.401722,186,323,-0.7962315435858935,No substantial change
AB42,stat,1254501,-0.401243,219,336,-0.6175303631775868,No substantial change
AB42,stat,1255501,-0.400765,192.5,333,-0.7906637314889984,No substantial change
AB42,stat,1256501,-0.400287,194,270,-0.47690275486370315,No substantial change
AB42,stat,1257501,-0.399809,181.5,316,-0.7999550101813524,No substantial change
AB42,stat,1258501,-0.39933,228,407,-0.8359949701015055,No substantial change
AB42,stat,1259501,-0.398852,154,268.5,-0.8019917372905113,No substantial change
AB42,stat,1260501,-0.398374,206,350,-0.7647105846491106,No substantial change
AB42,stat,1261501,-0.397896,218,359,-0.7196557090461249,No substantial change
AB42,stat,1262501,-0.397418,212.5,332,-0.6437204003218607,No substantial change
AB42,stat,1263501,-0.396939,210,384,-0.8707169830550335,No substantial change
AB42,stat,1264501,-0.396461,194,374.5,-0.9489090662716234,No substantial change
AB42,stat,1265501,-0.395983,223,375,-0.7498468854629384,No substantial change
AB42,stat,1266501,-0.395505,239.5,445,-0.8937796801175797,No substantial change
AB42,stat,1267501,-0.395026,242,440.5,-0.8641349716458192,No substantial change
AB42,stat,1268501,-0.394548,237.5,429,-0.8530501342812356,No substantial change
AB42,stat,1269501,-0.39407,217.5,442.5,-1.024662054234269,Depleted in Meropenem
AB42,stat,1270501,-0.393592,205,332.5,-0.6977304308831059,No substantial change
AB42,stat,1271501,-0.393113,232,373.5,-0.6869834376616651,No substantial change
AB42,stat,1272501,-0.392635,247,447,-0.8557637895986401,No substantial change
AB42,stat,1273501,-0.392157,288,439.5,-0.6097943537010917,No substantial change
AB42,stat,1274501,-0.391679,234,364,-0.6374299206152917,No substantial change
AB42,stat,1275501,-0.3912,224.5,361,-0.6852833921460242,No substantial change
AB42,stat,1276501,-0.390722,282,423.5,-0.586666806933405,No substantial change
AB42,stat,1277501,-0.390244,236.5,369.5,-0.6437341808067558,No substantial change
AB42,stat,1278501,-0.389766,249,428,-0.781465054333066,No substantial change
AB42,stat,1279501,-0.389287,234.5,388,-0.7264687296717512,No substantial change
AB42,stat,1280501,-0.388809,231,383.5,-0.7313337260868759,No substantial change
AB42,stat,1281501,-0.388331,255.5,383,-0.5840211009873358,No substantial change
AB42,stat,1282501,-0.387853,231.5,422.5,-0.8679391479093103,No substantial change
AB42,stat,1283501,-0.387374,292.5,397,-0.440702382672191,No substantial change
AB42,stat,1284501,-0.386896,280,396.5,-0.501894038759012,No substantial change
AB42,stat,1285501,-0.386418,290,403,-0.4747269385130329,No substantial change
AB42,stat,1286501,-0.38594,302,368.5,-0.2871160697699907,No substantial change
AB42,stat,1287501,-0.385462,235,362.5,-0.6253202383372972,No substantial change
AB42,stat,1288501,-0.384983,231,394.5,-0.7721324485974009,No substantial change
AB42,stat,1289501,-0.384505,257.5,381,-0.5652185654227413,No substantial change
AB42,stat,1290501,-0.384027,217,329,-0.6003925412907622,No substantial change
AB42,stat,1291501,-0.383549,214.5,373,-0.7981979827556921,No substantial change
AB42,stat,1292501,-0.38307,208,349,-0.74664350806856,No substantial change
AB42,stat,1293501,-0.382592,196.5,307,-0.643709343111573,No substantial change
AB42,stat,1294501,-0.382114,201,344,-0.7752130635231692,No substantial change
AB42,stat,1295501,-0.381636,244.5,444,-0.8607252113978723,No substantial change
AB42,stat,1296501,-0.381157,199,373.5,-0.9083398122455884,No substantial change
AB42,stat,1297501,-0.380679,185,345,-0.8990710911492191,No substantial change
AB42,stat,1298501,-0.380201,222,386.5,-0.7999087375747415,No substantial change
AB42,stat,1299501,-0.379723,190.5,373,-0.9693846327619158,No substantial change
AB42,stat,1300501,-0.379244,179.5,341.5,-0.9279017344670392,No substantial change
AB42,stat,1301501,-0.378766,186,327,-0.8139880143900511,No substantial change
AB42,stat,1302501,-0.378288,218.5,340.5,-0.6400215185114728,No substantial change
AB42,stat,1303501,-0.37781,210,384.5,-0.8725942702957038,No substantial change
AB42,stat,1304501,-0.377331,192.5,332.5,-0.7884958948062882,No substantial change
AB42,stat,1305501,-0.376853,184.5,312.5,-0.7602353734890532,No substantial change
AB42,stat,1306501,-0.376375,171,320,-0.9040755800014644,No substantial change
AB42,stat,1307501,-0.375897,199,327.5,-0.7187264758811638,No substantial change
AB42,stat,1308501,-0.375418,232.5,422.5,-0.8617206251741528,No substantial change
AB42,stat,1309501,-0.37494,198,357.5,-0.8524428115861421,No substantial change
AB42,stat,1310501,-0.374462,161.5,334,-1.0483139377801274,Depleted in Meropenem
AB42,stat,1311501,-0.373984,194,338.5,-0.8030991813878691,No substantial change
AB42,stat,1312501,-0.373505,178,392,-1.1389764131488105,Depleted in Meropenem
AB42,stat,1313501,-0.373027,181,403.5,-1.1565789761945748,Depleted in Meropenem
AB42,stat,1314501,-0.372549,211.5,398.5,-0.9139220608705221,No substantial change
AB42,stat,1315501,-0.372071,198,304.5,-0.6209417978267229,No substantial change
AB42,stat,1316501,-0.371593,173,310,-0.8414961776375128,No substantial change
AB42,stat,1317501,-0.371114,331.5,545,-0.717247359551701,No substantial change
AB42,stat,1318501,-0.370636,318,529,-0.7342409568296705,No substantial change
AB42,stat,1319501,-0.370158,246,417,-0.7613890681054237,No substantial change
AB42,stat,1320501,-0.36968,225,268,-0.2523079992407353,No substantial change
AB42,stat,1321501,-0.369201,193,264.5,-0.45466687484594537,No substantial change
AB42,stat,1322501,-0.368723,207,337.5,-0.7052567344388682,No substantial change
AB42,stat,1323501,-0.368245,199,329.5,-0.7275100344644029,No substantial change
AB42,stat,1324501,-0.367767,207,364.5,-0.8162880468276119,No substantial change
AB42,stat,1325501,-0.367288,185.5,326,-0.8134527776102741,No substantial change
AB42,stat,1326501,-0.36681,202,385.5,-0.9323755671632394,No substantial change
AB42,stat,1327501,-0.366332,187,354.5,-0.9227473573518795,No substantial change
AB42,stat,1328501,-0.365854,176.5,336,-0.9287930495075799,No substantial change
AB42,stat,1329501,-0.365375,204,371.5,-0.8647930585671006,No substantial change
AB42,stat,1330501,-0.364897,251,353,-0.49198081932040827,No substantial change
AB42,stat,1331501,-0.364419,242,408.5,-0.7553290308710888,No substantial change
AB42,stat,1332501,-0.363941,334,540,-0.6931113045767788,No substantial change
AB42,stat,1333501,-0.363462,358,455.5,-0.34749146653779434,No substantial change
AB42,stat,1334501,-0.362984,264.5,404,-0.611087570637769,No substantial change
AB42,stat,1335501,-0.362506,359,556.5,-0.632397843518908,No substantial change
AB42,stat,1336501,-0.362028,309,438,-0.5033240316967987,No substantial change
AB42,stat,1337501,-0.361549,297,458,-0.6248846672961781,No substantial change
AB42,stat,1338501,-0.361071,346.5,536,-0.6293776483205586,No substantial change
AB42,stat,1339501,-0.360593,277.5,451,-0.7006396620179125,No substantial change
AB42,stat,1340501,-0.360115,230.5,405.5,-0.8149351637879351,No substantial change
AB42,stat,1341501,-0.359637,213.5,347.5,-0.7027769079903794,No substantial change
AB42,stat,1342501,-0.359158,245.5,383.5,-0.6435035531882403,No substantial change
AB42,stat,1343501,-0.35868,224,412.5,-0.8808953870755739,No substantial change
AB42,stat,1344501,-0.358202,208,302,-0.5379650211839868,No substantial change
AB42,stat,1345501,-0.357724,195.5,310,-0.6650996079668854,No substantial change
AB42,stat,1346501,-0.357245,229.5,376.5,-0.7141557112581202,No substantial change
AB42,stat,1347501,-0.356767,237,344,-0.5375215058038388,No substantial change
AB42,stat,1348501,-0.356289,201,382,-0.9263771368568201,No substantial change
AB42,stat,1349501,-0.355811,269,420,-0.6427831551094986,No substantial change
AB42,stat,1350501,-0.355332,291,460.5,-0.6621820031830519,No substantial change
AB42,stat,1351501,-0.354854,262.5,471,-0.8434096370592983,No substantial change
AB42,stat,1352501,-0.354376,311,476.5,-0.6155616337793394,No substantial change
AB42,stat,1353501,-0.353898,221.5,362,-0.7086829985281871,No substantial change
AB42,stat,1354501,-0.353419,200.5,358,-0.8363573508093362,No substantial change
AB42,stat,1355501,-0.352941,204,367.5,-0.8491750977522312,No substantial change
AB42,stat,1356501,-0.352463,250,391.5,-0.6470842126289535,No substantial change
AB42,stat,1357501,-0.351985,255.5,419.5,-0.715347519502202,No substantial change
AB42,stat,1358501,-0.351506,235.5,377.5,-0.6807495845996581,No substantial change
AB42,stat,1359501,-0.351028,347,440.5,-0.34420635634215263,No substantial change
AB42,stat,1360501,-0.35055,262,388,-0.5664898406496773,No substantial change
AB42,stat,1361501,-0.350072,297.5,421.5,-0.5026429627467766,No substantial change
AB42,stat,1362501,-0.349593,266,373.5,-0.48968199728804757,No substantial change
AB42,stat,1363501,-0.349115,223.5,268.5,-0.26464725680209494,No substantial change
AB42,stat,1364501,-0.348637,224,278,-0.31158615066590334,No substantial change
AB42,stat,1365501,-0.348159,242.5,312.5,-0.36587144247495934,No substantial change
AB42,stat,1366501,-0.347681,225,315,-0.4854268271702417,No substantial change
AB42,stat,1367501,-0.347202,184.5,245.5,-0.4121022082542969,No substantial change
AB42,stat,1368501,-0.346724,187,250,-0.41888982477445036,No substantial change
AB42,stat,1369501,-0.346246,177,261.5,-0.563061586163944,No substantial change
AB42,stat,1370501,-0.345768,194,276.5,-0.5112228280475795,No substantial change
AB42,stat,1371501,-0.345289,146,255,-0.8045288779788408,No substantial change
AB42,stat,1372501,-0.344811,150.5,201,-0.4174320144192266,No substantial change
AB42,stat,1373501,-0.344333,193.5,237,-0.2925534927538488,No substantial change
AB42,stat,1374501,-0.343855,255,270.5,-0.08513134696795724,No substantial change
AB42,stat,1375501,-0.343376,200.5,242,-0.27140481081967427,No substantial change
AB42,stat,1376501,-0.342898,202.5,278.5,-0.4597554195680446,No substantial change
AB42,stat,1377501,-0.34242,222,251,-0.17712768760066605,No substantial change
AB42,stat,1378501,-0.341942,247.5,228,0.11839470080223027,No substantial change
AB42,stat,1379501,-0.341463,213.5,224,-0.06926266243711372,No substantial change
AB42,stat,1380501,-0.340985,204.5,223.5,-0.12817398824156886,No substantial change
AB42,stat,1381501,-0.340507,194,278,-0.5190282305363798,No substantial change
AB42,stat,1382501,-0.340029,246.5,314,-0.34917691251371547,No substantial change
AB42,stat,1383501,-0.33955,248,383,-0.6270042715380818,No substantial change
AB42,stat,1384501,-0.339072,187,248.5,-0.41020758167464944,No substantial change
AB42,stat,1385501,-0.338594,187.5,214.5,-0.1940870521163023,No substantial change
AB42,stat,1386501,-0.33811600000000003,198.5,263.5,-0.40866395449425685,No substantial change
AB42,stat,1387501,-0.337637,181.5,240,-0.4030648576127679,No substantial change
AB42,stat,1388501,-0.337159,187,273,-0.5458626810322158,No substantial change
AB42,stat,1389501,-0.336681,205,260,-0.3428877135230085,No substantial change
AB42,stat,1390501,-0.336203,191.5,219,-0.19358647767621637,No substantial change
AB42,stat,1391501,-0.335725,237,288.5,-0.28368425974722344,No substantial change
AB42,stat,1392501,-0.335246,242,297.5,-0.2978826209207114,No substantial change
AB42,stat,1393501,-0.334768,301.5,362.5,-0.26582299300221196,No substantial change
AB42,stat,1394501,-0.33429,331.5,399,-0.26737987610975805,No substantial change
AB42,stat,1395501,-0.333812,273.5,310.5,-0.18305243542792482,No substantial change
AB42,stat,1396501,-0.333333,251.5,315.5,-0.32708160517702195,No substantial change
AB42,stat,1397501,-0.332855,233.5,259.5,-0.15231198864821893,No substantial change
AB42,stat,1398501,-0.332377,278.5,351,-0.33379370296452887,No substantial change
AB42,stat,1399501,-0.331899,282,366.5,-0.3781180357350183,No substantial change
AB42,stat,1400501,-0.33142,268,376,-0.488499661219865,No substantial change
AB42,stat,1401501,-0.330942,339.5,450.5,-0.4081155315688067,No substantial change
AB42,stat,1402501,-0.330464,513,543.5,-0.08332120942025521,No substantial change
AB42,stat,1403501,-0.329986,553,600.5,-0.11888476547092701,No substantial change
AB42,stat,1404501,-0.329507,510.5,507,0.009925213874460876,No substantial change
AB42,stat,1405501,-0.329029,538,484.5,0.1511095071415431,No substantial change
AB42,stat,1406501,-0.328551,412.5,391,0.07722551182582571,No substantial change
AB42,stat,1407501,-0.328073,500.5,501,-0.00144053435921492,No substantial change
AB42,stat,1408501,-0.327594,649.5,554.5,0.22814206528617106,No substantial change
AB42,stat,1409501,-0.327116,521,452,0.2049605998633206,No substantial change
AB42,stat,1410501,-0.326638,576.5,564.5,0.03034702687877093,No substantial change
AB42,stat,1411501,-0.32616,563.5,529,0.09114788805819543,No substantial change
AB42,stat,1412501,-0.325681,429.5,376,0.19192546946082614,No substantial change
AB42,stat,1413501,-0.325203,375,354,0.08314123530024588,No substantial change
AB42,stat,1414501,-0.324725,348.5,354.5,-0.024626971371092977,No substantial change
AB42,stat,1415501,-0.324247,249.5,293,-0.23186084908498733,No substantial change
AB42,stat,1416501,-0.323769,283,293,-0.05009861159036548,No substantial change
AB42,stat,1417501,-0.32329,243.5,290,-0.2521311279325924,No substantial change
AB42,stat,1418501,-0.322812,243.5,305,-0.32488747036790655,No substantial change
AB42,stat,1419501,-0.322334,248,283.5,-0.1930086145553537,No substantial change
AB42,stat,1420501,-0.321856,230,298,-0.3736784695177864,No substantial change
AB42,stat,1421501,-0.321377,241,333.5,-0.4686536149546233,No substantial change
AB42,stat,1422501,-0.320899,249.5,360,-0.5289570909924142,No substantial change
AB42,stat,1423501,-0.320421,248,340.5,-0.45731467762519595,No substantial change
AB42,stat,1424501,-0.319943,323,412.5,-0.35285995443925317,No substantial change
AB42,stat,1425501,-0.319464,343,437,-0.34942470332778597,No substantial change
AB42,stat,1426501,-0.318986,309.5,395,-0.35191324385020073,No substantial change
AB42,stat,1427501,-0.318508,243.5,396.5,-0.7033990936216363,No substantial change
AB42,stat,1428501,-0.31803,299.5,439.5,-0.5533071623546184,No substantial change
AB42,stat,1429501,-0.31755100000000003,273,368.5,-0.43276366817521733,No substantial change
AB42,stat,1430501,-0.317073,276.5,404.5,-0.5488602221952705,No substantial change
AB42,stat,1431501,-0.316595,278.5,421,-0.5961429057263644,No substantial change
AB42,stat,1432501,-0.316117,301.5,427.5,-0.5037664178731754,No substantial change
AB42,stat,1433501,-0.315638,321,384.5,-0.2604103008395233,No substantial change
AB42,stat,1434501,-0.31516,380,429,-0.1749782291685978,No substantial change
AB42,stat,1435501,-0.314682,400,456.5,-0.1906148602094974,No substantial change
AB42,stat,1436501,-0.314204,514.5,510,0.012673830035110521,No substantial change
AB42,stat,1437501,-0.313725,558.5,550,0.02212566207129281,No substantial change
AB42,stat,1438501,-0.313247,419,414,0.017319476200026437,No substantial change
AB42,stat,1439501,-0.312769,453.5,476.5,-0.0713736633814194,No substantial change
AB42,stat,1440501,-0.312291,652,559,0.22202368138788756,No substantial change
AB42,stat,1441501,-0.311813,516,465.5,0.14858989786446053,No substantial change
AB42,stat,1442501,-0.311334,558,544.5,0.03533307311228058,No substantial change
AB42,stat,1443501,-0.310856,526.5,502,0.06874616707494484,No substantial change
AB42,stat,1444501,-0.310378,406,409,-0.010621115756572562,No substantial change
AB42,stat,1445501,-0.3099,323,355,-0.1362848596981195,No substantial change
AB42,stat,1446501,-0.309421,309,419,-0.43934340579497705,No substantial change
AB42,stat,1447501,-0.308943,306.5,437,-0.5117462058098168,No substantial change
AB42,stat,1448501,-0.308465,259,381,-0.5568388998067682,No substantial change
AB42,stat,1449501,-0.307987,225.5,370.5,-0.7163461090504529,No substantial change
AB42,stat,1450501,-0.307508,188,295,-0.6499822925715664,No substantial change
AB42,stat,1451501,-0.30703,225,373,-0.7292506290382008,No substantial change
AB42,stat,1452501,-0.306552,208,321,-0.6259897689812111,No substantial change
AB42,stat,1453501,-0.306074,186.5,244,-0.3877055173076484,No substantial change
AB42,stat,1454501,-0.305595,173,264.5,-0.6124956844773011,No substantial change
AB42,stat,1455501,-0.305117,198,293,-0.5654002343426383,No substantial change
AB42,stat,1456501,-0.304639,241,331,-0.45779807057725597,No substantial change
AB42,stat,1457501,-0.304161,196.5,282.5,-0.5237215550439437,No substantial change
AB42,stat,1458501,-0.303682,187.5,255,-0.4436066514756146,No substantial change
AB42,stat,1459501,-0.303204,245.5,283.5,-0.20762571062753576,No substantial change
AB42,stat,1460501,-0.302726,247,306,-0.3090206111079741,No substantial change
AB42,stat,1461501,-0.302248,264.5,296,-0.16232945351492412,No substantial change
AB42,stat,1462501,-0.301769,263.5,312,-0.24374306722503372,No substantial change
AB42,stat,1463501,-0.301291,305,410.5,-0.42857297932755606,No substantial change
AB42,stat,1464501,-0.300813,324,430.5,-0.4100194245122192,No substantial change
AB42,stat,1465501,-0.300335,395,538.5,-0.44709369147974237,No substantial change
AB42,stat,1466501,-0.299857,317.5,492,-0.6319017236797115,No substantial change
AB42,stat,1467501,-0.299378,413,567,-0.45720695352278345,No substantial change
AB42,stat,1468501,-0.2989,382,531.5,-0.476497053495356,No substantial change
AB42,stat,1469501,-0.298422,275,399,-0.5369571278103238,No substantial change
AB42,stat,1470501,-0.297944,247.5,348,-0.49165878088175646,No substantial change
AB42,stat,1471501,-0.297465,242,357,-0.5609170267545052,No substantial change
AB42,stat,1472501,-0.296987,212.5,302,-0.5070857083000149,No substantial change
AB42,stat,1473501,-0.296509,211.5,272.5,-0.365598566544339,No substantial change
AB42,stat,1474501,-0.296031,240.5,366.5,-0.60777630436377,No substantial change
AB42,stat,1475501,-0.295552,269,429.5,-0.6750519585818394,No substantial change
AB42,stat,1476501,-0.295074,230.5,384,-0.7363395602918182,No substantial change
AB42,stat,1477501,-0.294596,196.5,348.5,-0.8266293436098167,No substantial change
AB42,stat,1478501,-0.294118,228,411.5,-0.8518586062568839,No substantial change
AB42,stat,1479501,-0.293639,303.5,420,-0.4686928114104406,No substantial change
AB42,stat,1480501,-0.293161,276,404.5,-0.5514714356518086,No substantial change
AB42,stat,1481501,-0.292683,260.5,404.5,-0.6348563301514693,No substantial change
AB42,stat,1482501,-0.292205,263.5,416.5,-0.6605135337283329,No substantial change
AB42,stat,1483501,-0.291726,241,362,-0.5869565508532437,No substantial change
AB42,stat,1484501,-0.291248,269.5,355,-0.39753375163953897,No substantial change
AB42,stat,1485501,-0.29077,250.5,388,-0.6312460489919192,No substantial change
AB42,stat,1486501,-0.290292,340,484,-0.5094723011368928,No substantial change
AB42,stat,1487501,-0.289813,289,410.5,-0.506312729277126,No substantial change
AB42,stat,1488501,-0.289335,272.5,422.5,-0.632695111505258,No substantial change
AB42,stat,1489501,-0.288857,291,421.5,-0.5345134780337985,No substantial change
AB42,stat,1490501,-0.288379,340,413.5,-0.282352583033573,No substantial change
AB42,stat,1491501,-0.287901,324,372,-0.19930880822340666,No substantial change
AB42,stat,1492501,-0.287422,299.5,341.5,-0.1893295755013048,No substantial change
AB42,stat,1493501,-0.286944,278.5,375,-0.4292132680432114,No substantial change
AB42,stat,1494501,-0.286466,295.5,422.5,-0.5157932109920143,No substantial change
AB42,stat,1495501,-0.285988,260.5,385,-0.5635750733037556,No substantial change
AB42,stat,1496501,-0.285509,246,406.5,-0.7245970367357878,No substantial change
AB42,stat,1497501,-0.285031,258.5,428,-0.7274465160862124,No substantial change
AB42,stat,1498501,-0.284553,268,415,-0.6308783357765148,No substantial change
AB42,stat,1499501,-0.284075,210.5,351,-0.7376507972381646,No substantial change
AB42,stat,1500501,-0.283596,275.5,430,-0.6422843410183026,No substantial change
AB42,stat,1501501,-0.283118,261,356.5,-0.4498522698740035,No substantial change
AB42,stat,1502501,-0.28264,214.5,341.5,-0.6709079307905448,No substantial change
AB42,stat,1503501,-0.282162,214.5,341,-0.6687940915246269,No substantial change
AB42,stat,1504501,-0.281683,186,326.5,-0.8117803704383995,No substantial change
AB42,stat,1505501,-0.281205,223.5,336,-0.5881864015954426,No substantial change
AB42,stat,1506501,-0.280727,184.5,332.5,-0.849733524328156,No substantial change
AB42,stat,1507501,-0.280249,217.5,396,-0.8644850293435191,No substantial change
AB42,stat,1508501,-0.27977,209.5,329.5,-0.6533282213087003,No substantial change
AB42,stat,1509501,-0.279292,246.5,348.5,-0.49957100949051164,No substantial change
AB42,stat,1510501,-0.278814,259.5,396.5,-0.6115863273460975,No substantial change
AB42,stat,1511501,-0.278336,223,323.5,-0.5367220020722028,No substantial change
AB42,stat,1512501,-0.277857,191,330.5,-0.791077633471943,No substantial change
AB42,stat,1513501,-0.277379,224,371,-0.7279204545631992,No substantial change
AB42,stat,1514501,-0.276901,276,344.5,-0.31983571592612237,No substantial change
AB42,stat,1515501,-0.276423,296,361.5,-0.28839847132216806,No substantial change
AB42,stat,1516501,-0.275945,332,387,-0.22115032479748553,No substantial change
AB42,stat,1517501,-0.275466,314.5,354,-0.17068934320370824,No substantial change
AB42,stat,1518501,-0.274988,358,403.5,-0.17260908601352384,No substantial change
AB42,stat,1519501,-0.27451,428.5,417,0.039247820667836296,No substantial change
AB42,stat,1520501,-0.274032,368,385,-0.06515267952525086,No substantial change
AB42,stat,1521501,-0.273553,424,455,-0.1018022805228594,No substantial change
AB42,stat,1522501,-0.273075,308.5,415.5,-0.4295779876209265,No substantial change
AB42,stat,1523501,-0.272597,280.5,392,-0.4828528835064155,No substantial change
AB42,stat,1524501,-0.272119,293,465.5,-0.6678805031365457,No substantial change
AB42,stat,1525501,-0.27164,289,426,-0.5597839377251593,No substantial change
AB42,stat,1526501,-0.271162,238.5,331,-0.47284195080170605,No substantial change
AB42,stat,1527501,-0.270684,240.5,369.5,-0.619537470376109,No substantial change
AB42,stat,1528501,-0.270206,263,402,-0.6121327018866264,No substantial change
AB42,stat,1529501,-0.269727,243,387.5,-0.673239996555819,No substantial change
AB42,stat,1530501,-0.269249,250.5,402.5,-0.684178179806771,No substantial change
AB42,stat,1531501,-0.268771,227.5,345.5,-0.6028191653021999,No substantial change
AB42,stat,1532501,-0.268293,248.5,437,-0.8143874279383122,No substantial change
AB42,stat,1533501,-0.267814,264.5,488.5,-0.8850908398543597,No substantial change
AB42,stat,1534501,-0.267336,277,432,-0.6411453361142802,No substantial change
AB42,stat,1535501,-0.266858,241.5,398.5,-0.7225565351546985,No substantial change
AB42,stat,1536501,-0.26638,255.5,399,-0.6430654552847245,No substantial change
AB42,stat,1537501,-0.265901,260,462.5,-0.8309417423752199,No substantial change
AB42,stat,1538501,-0.265423,224.5,406,-0.8547642824440292,No substantial change
AB42,stat,1539501,-0.264945,197.5,342,-0.7921436718214326,No substantial change
AB42,stat,1540501,-0.264467,206,383,-0.8947000547417386,No substantial change
AB42,stat,1541501,-0.263989,337,544,-0.6908580600684809,No substantial change
AB42,stat,1542501,-0.26351,409.5,566,-0.4669386011908736,No substantial change
AB42,stat,1543501,-0.263032,339.5,436,-0.3609165605321945,No substantial change
AB42,stat,1544501,-0.262554,341.5,416,-0.28469794985100166,No substantial change
AB42,stat,1545501,-0.262076,322,416,-0.3695228400264751,No substantial change
AB42,stat,1546501,-0.261597,334.5,439,-0.39221472889389736,No substantial change
AB42,stat,1547501,-0.261119,340.5,440.5,-0.37148722090834246,No substantial change
AB42,stat,1548501,-0.260641,362.5,472.5,-0.3823333342061382,No substantial change
AB42,stat,1549501,-0.260163,320.5,433.5,-0.43570763660309403,No substantial change
AB42,stat,1550501,-0.259684,234,352,-0.5890668990538926,No substantial change
AB42,stat,1551501,-0.259206,206.5,340.5,-0.7215130165926257,No substantial change
AB42,stat,1552501,-0.258728,167.5,305,-0.8646481471051137,No substantial change
AB42,stat,1553501,-0.25825,182,342,-0.9100578746872016,No substantial change
AB42,stat,1554501,-0.257771,226,386,-0.7722780748528928,No substantial change
AB42,stat,1555501,-0.257293,215,343.5,-0.6759734392286397,No substantial change
AB42,stat,1556501,-0.256815,223.5,310.5,-0.4743184370371637,No substantial change
AB42,stat,1557501,-0.256337,236.5,327.5,-0.4696547230854175,No substantial change
AB42,stat,1558501,-0.255858,251.5,402,-0.6766371013734015,No substantial change
AB42,stat,1559501,-0.25538,196.5,264,-0.42600861709984705,No substantial change
AB42,stat,1560501,-0.254902,196,315,-0.6844981742720706,No substantial change
AB42,stat,1561501,-0.254424,201.5,343,-0.7674287376448451,No substantial change
AB42,stat,1562501,-0.253945,201.5,259.5,-0.3649546998299135,No substantial change
AB42,stat,1563501,-0.253467,174,262,-0.590479505688722,No substantial change
AB42,stat,1564501,-0.252989,190,293,-0.6249012460913,No substantial change
AB42,stat,1565501,-0.252511,195,295,-0.5972408304995929,No substantial change
AB42,stat,1566501,-0.252033,237,312.5,-0.39896913065119033,No substantial change
AB42,stat,1567501,-0.251554,231.5,305.5,-0.40016018655849306,No substantial change
AB42,stat,1568501,-0.251076,169.5,276.5,-0.705994207098363,No substantial change
AB42,stat,1569501,-0.250598,196.5,253,-0.36460807243570376,No substantial change
AB42,stat,1570501,-0.25012,176.5,203.5,-0.20536061099506672,No substantial change
AB42,stat,1571501,-0.249641,217,249.5,-0.20134477289278124,No substantial change
AB42,stat,1572501,-0.249163,177.5,237.5,-0.4201084888262658,No substantial change
AB42,stat,1573501,-0.248685,182.5,213,-0.22295696645845858,No substantial change
AB42,stat,1574501,-0.248207,177.5,213.5,-0.2664170452284459,No substantial change
AB42,stat,1575501,-0.247728,203.5,217,-0.0926662481782323,No substantial change
AB42,stat,1576501,-0.24725,190,250.5,-0.39881118486426065,No substantial change
AB42,stat,1577501,-0.246772,207.5,242,-0.22189571104030745,No substantial change
AB42,stat,1578501,-0.246294,196,284,-0.5350372753894739,No substantial change
AB42,stat,1579501,-0.245815,166.5,256.5,-0.6234366485357918,No substantial change
AB42,stat,1580501,-0.245337,206,294,-0.513171817653146,No substantial change
AB42,stat,1581501,-0.244859,179,303.5,-0.7617369289914256,No substantial change
AB42,stat,1582501,-0.244381,155,257.5,-0.7323042167963433,No substantial change
AB42,stat,1583501,-0.243902,144.5,282.5,-0.9671813748018714,No substantial change
AB42,stat,1584501,-0.243424,161,274.5,-0.7697454608905816,No substantial change
AB42,stat,1585501,-0.242946,185.5,285,-0.6195427324313006,No substantial change
AB42,stat,1586501,-0.242468,207.5,290,-0.4829415637806473,No substantial change
AB42,stat,1587501,-0.241989,216,310,-0.521236903110769,No substantial change
AB42,stat,1588501,-0.241511,228.5,269.5,-0.23809110769443576,No substantial change
AB42,stat,1589501,-0.241033,248,314.5,-0.34271989649241397,No substantial change
AB42,stat,1590501,-0.240555,177,258,-0.5436217053402567,No substantial change
AB42,stat,1591501,-0.240077,258,311,-0.26954351470734833,No substantial change
AB42,stat,1592501,-0.239598,276,287.5,-0.058893689053568565,No substantial change
AB42,stat,1593501,-0.23912,203.5,253.5,-0.31695695273709346,No substantial change
AB42,stat,1594501,-0.238642,193.5,264,-0.4482043632140432,No substantial change
AB42,stat,1595501,-0.238164,276.5,317.5,-0.1994771114248211,No substantial change
AB42,stat,1596501,-0.237685,249,335.5,-0.43016702413210267,No substantial change
AB42,stat,1597501,-0.237207,303,360.5,-0.25068146576787165,No substantial change
AB42,stat,1598501,-0.236729,359.5,388,-0.11006488174782982,No substantial change
AB42,stat,1599501,-0.236251,347.5,372.5,-0.10022744773865416,No substantial change
AB42,stat,1600501,-0.235772,469,535,-0.1899509687731328,No substantial change
AB42,stat,1601501,-0.235294,468.5,510,-0.12244819919967118,No substantial change
AB42,stat,1602501,-0.234816,420.5,448,-0.09139293180245991,No substantial change
AB42,stat,1603501,-0.234338,361.5,430,-0.25034101263834246,No substantial change
AB42,stat,1604501,-0.233859,351.5,402,-0.19367081210639336,No substantial change
AB42,stat,1605501,-0.233381,263.5,421,-0.6760172714291816,No substantial change
AB42,stat,1606501,-0.232903,251,426.5,-0.764858377367518,No substantial change
AB42,stat,1607501,-0.232425,237,409,-0.7872137840434899,No substantial change
AB42,stat,1608501,-0.231946,213.5,383.5,-0.844990507882443,No substantial change
AB42,stat,1609501,-0.231468,196,317,-0.693629186024199,No substantial change
AB42,stat,1610501,-0.23099,203.5,357,-0.8108952797628527,No substantial change
AB42,stat,1611501,-0.230512,222.5,370,-0.7337199346625521,No substantial change
AB42,stat,1612501,-0.230033,186,310.5,-0.7392906471124501,No substantial change
AB42,stat,1613501,-0.229555,229.5,356,-0.6333830875525899,No substantial change
AB42,stat,1614501,-0.229077,289,362.5,-0.3269115024016181,No substantial change
AB42,stat,1615501,-0.228599,214.5,367.5,-0.7767666022241811,No substantial change
AB42,stat,1616501,-0.228121,197,321,-0.7043776676659269,No substantial change
AB42,stat,1617501,-0.227642,202.5,356.5,-0.8159801686719009,No substantial change
AB42,stat,1618501,-0.227164,177.5,308,-0.795111326302857,No substantial change
AB42,stat,1619501,-0.226686,233.5,418,-0.8400803923712208,No substantial change
AB42,stat,1620501,-0.226208,187.5,358,-0.9330689918810132,No substantial change
AB42,stat,1621501,-0.225729,187.5,360.5,-0.9431086638575793,No substantial change
AB42,stat,1622501,-0.225251,216,362.5,-0.7469496827388284,No substantial change
AB42,stat,1623501,-0.224773,219.5,406,-0.8872587876498181,No substantial change
AB42,stat,1624501,-0.224295,202,394.5,-0.9656700072616637,No substantial change
AB42,stat,1625501,-0.223816,182,348,-0.9351488556500321,No substantial change
AB42,stat,1626501,-0.223338,207.5,405.5,-0.9665905779829859,No substantial change
AB42,stat,1627501,-0.22286,219.5,336,-0.6142402932434021,No substantial change
AB42,stat,1628501,-0.222382,225.5,341,-0.5966443057687916,No substantial change
AB42,stat,1629501,-0.221903,213.5,335.5,-0.6520766965796931,No substantial change
AB42,stat,1630501,-0.221425,224.5,334.5,-0.575290765900314,No substantial change
AB42,stat,1631501,-0.220947,312.5,434,-0.47383885289502997,No substantial change
AB42,stat,1632501,-0.220469,272.5,408.5,-0.5840798484813948,No substantial change
AB42,stat,1633501,-0.21999,233,389.5,-0.7412933734073891,No substantial change
AB42,stat,1634501,-0.219512,228,410.5,-0.848348397613063,No substantial change
AB42,stat,1635501,-0.219034,315.5,524.5,-0.7333027675947186,No substantial change
AB42,stat,1636501,-0.218556,328,552,-0.7509724521600855,No substantial change
AB42,stat,1637501,-0.218077,238,439.5,-0.8849015918354605,No substantial change
AB42,stat,1638501,-0.217599,257,382.5,-0.5736913883861359,No substantial change
AB42,stat,1639501,-0.217121,234,407.5,-0.8002915295350354,No substantial change
AB42,stat,1640501,-0.216643,201.5,344.5,-0.7737241441763241,No substantial change
AB42,stat,1641501,-0.216165,192,365,-0.9267901530462236,No substantial change
AB42,stat,1642501,-0.215686,174,310.5,-0.835505962371753,No substantial change
AB42,stat,1643501,-0.215208,156,314.5,-1.011513988017041,Depleted in Meropenem
AB42,stat,1644501,-0.21473,167.5,310,-0.8881071199291029,No substantial change
AB42,stat,1645501,-0.214252,191,272.5,-0.5126835916285399,No substantial change
AB42,stat,1646501,-0.213773,227.5,358.5,-0.656106573615846,No substantial change
AB42,stat,1647501,-0.213295,172.5,268,-0.6356366387922411,No substantial change
AB42,stat,1648501,-0.212817,151.5,311,-1.0375967866576516,Depleted in Meropenem
AB42,stat,1649501,-0.212339,221.5,338.5,-0.6118491350199784,No substantial change
AB42,stat,1650501,-0.21186,250.5,412.5,-0.7195835159379697,No substantial change
AB42,stat,1651501,-0.211382,228,378.5,-0.73125947582099,No substantial change
AB42,stat,1652501,-0.210904,269.5,428.5,-0.6690099313599944,No substantial change
AB42,stat,1653501,-0.210426,260,441.5,-0.7639018146200115,No substantial change
AB42,stat,1654501,-0.209947,196,380,-0.9551457642157395,No substantial change
AB42,stat,1655501,-0.209469,196,399.5,-1.0273418488127686,Depleted in Meropenem
AB42,stat,1656501,-0.208991,185,385.5,-1.059205589398722,Depleted in Meropenem
AB42,stat,1657501,-0.208513,189,337.5,-0.8365012677171204,No substantial change
AB42,stat,1658501,-0.208034,168.5,343,-1.0254599849909538,Depleted in Meropenem
AB42,stat,1659501,-0.207556,253,462.5,-0.8703159807093644,No substantial change
AB42,stat,1660501,-0.207078,178,336.5,-0.9187292636439193,No substantial change
AB42,stat,1661501,-0.2066,218,376.5,-0.7883217298950017,No substantial change
AB42,stat,1662501,-0.206121,211,346,-0.7135290389295394,No substantial change
AB42,stat,1663501,-0.205643,204,390.5,-0.9367533961704837,No substantial change
AB42,stat,1664501,-0.205165,212,406.5,-0.9391910875118284,No substantial change
AB42,stat,1665501,-0.204687,177,353,-0.9959188231881829,No substantial change
AB42,stat,1666501,-0.204209,265.5,471,-0.8270151988086296,No substantial change
AB42,stat,1667501,-0.20373,224.5,394,-0.8114801847152294,No substantial change
AB42,stat,1668501,-0.203252,221.5,376,-0.7634259631226191,No substantial change
AB42,stat,1669501,-0.202774,231,374,-0.6951454184715791,No substantial change
AB42,stat,1670501,-0.202296,274.5,444,-0.6937535273449075,No substantial change
AB42,stat,1671501,-0.201817,283.5,423.5,-0.5790132343899698,No substantial change
AB42,stat,1672501,-0.201339,248,386.5,-0.6401282935379722,No substantial change
AB42,stat,1673501,-0.200861,255.5,430,-0.751013368651839,No substantial change
AB42,stat,1674501,-0.200383,264,396,-0.5849625007211563,No substantial change
AB42,stat,1675501,-0.199904,334.5,454.5,-0.44227408355264614,No substantial change
AB42,stat,1676501,-0.199426,344,472.5,-0.45790576440633707,No substantial change
AB42,stat,1677501,-0.198948,369.5,427,-0.20866170547433951,No substantial change
AB42,stat,1678501,-0.19847,381.5,402,-0.07551244434439817,No substantial change
AB42,stat,1679501,-0.197991,341,373,-0.12940389123106522,No substantial change
AB42,stat,1680501,-0.197513,314,406,-0.3707151682935491,No substantial change
AB42,stat,1681501,-0.197035,333,424.5,-0.3502423764817763,No substantial change
AB42,stat,1682501,-0.196557,342.5,392.5,-0.19658866593110025,No substantial change
AB42,stat,1683501,-0.196078,288,362,-0.32992088564089306,No substantial change
AB42,stat,1684501,-0.1956,405,503,-0.3126364920335401,No substantial change
AB42,stat,1685501,-0.195122,323,459.5,-0.5085306965951096,No substantial change
AB42,stat,1686501,-0.194644,320,404.5,-0.33806779754261523,No substantial change
AB42,stat,1687501,-0.194165,266,337.5,-0.34346125643700365,No substantial change
AB42,stat,1688501,-0.193687,292.5,425,-0.5390262165542973,No substantial change
AB42,stat,1689501,-0.193209,320.5,558,-0.7999407652104465,No substantial change
AB42,stat,1690501,-0.192731,245.5,443,-0.8515836742403253,No substantial change
AB42,stat,1691501,-0.192253,259,520,-1.0055595253419005,Depleted in Meropenem
AB42,stat,1692501,-0.191774,225.5,442,-0.9709189361360507,No substantial change
AB42,stat,1693501,-0.191296,212,416,-0.9725192635778931,No substantial change
AB42,stat,1694501,-0.190818,178.5,353,-0.9837441092420807,No substantial change
AB42,stat,1695501,-0.19034,205,397,-0.9535150976375119,No substantial change
AB42,stat,1696501,-0.189861,221,417,-0.916001014053232,No substantial change
AB42,stat,1697501,-0.189383,206,383.5,-0.896582240319715,No substantial change
AB42,stat,1698501,-0.188905,199,397,-0.9963705765993088,No substantial change
AB42,stat,1699501,-0.188427,277.5,461,-0.7322789791918698,No substantial change
AB42,stat,1700501,-0.187948,255,383,-0.5868471450660991,No substantial change
AB42,stat,1701501,-0.18747,206.5,320,-0.6319301234679171,No substantial change
AB42,stat,1702501,-0.186992,269.5,346,-0.3604867648842191,No substantial change
AB42,stat,1703501,-0.186514,320.5,426,-0.4105290736070972,No substantial change
AB42,stat,1704501,-0.186035,288.5,419.5,-0.5400994917943407,No substantial change
AB42,stat,1705501,-0.185557,288,353,-0.29359937182886797,No substantial change
AB42,stat,1706501,-0.185079,250,345,-0.4646682670034444,No substantial change
AB42,stat,1707501,-0.184601,267.5,415,-0.6335724449457778,No substantial change
AB42,stat,1708501,-0.184122,296.5,397,-0.4211069025969542,No substantial change
AB42,stat,1709501,-0.183644,272.5,366.5,-0.4275569684695232,No substantial change
AB42,stat,1710501,-0.183166,276,422.5,-0.6142830743913775,No substantial change
AB42,stat,1711501,-0.182688,280,449.5,-0.6828942885694809,No substantial change
AB42,stat,1712501,-0.182209,286,472,-0.7227717125834517,No substantial change
AB42,stat,1713501,-0.181731,232,375,-0.692765790255671,No substantial change
AB42,stat,1714501,-0.181253,227,441.5,-0.9597211403575511,No substantial change
AB42,stat,1715501,-0.180775,282,502,-0.8319922015519786,No substantial change
AB42,stat,1716501,-0.180297,205.5,373,-0.8600372365735548,No substantial change
AB42,stat,1717501,-0.179818,278,487,-0.8088368893588347,No substantial change
AB42,stat,1718501,-0.17934,220.5,431.5,-0.9685819036214346,No substantial change
AB42,stat,1719501,-0.178862,227,455,-1.0031742477951435,Depleted in Meropenem
AB42,stat,1720501,-0.178384,233,427.5,-0.87559446511898,No substantial change
AB42,stat,1721501,-0.177905,184,360.5,-0.9702934931838096,No substantial change
AB42,stat,1722501,-0.177427,178.5,341.5,-0.9359615042609907,No substantial change
AB42,stat,1723501,-0.176949,200,327,-0.7092906357233579,No substantial change
AB42,stat,1724501,-0.176471,228,361,-0.6629650127224294,No substantial change
AB42,stat,1725501,-0.175992,259,380,-0.5530473206443939,No substantial change
AB42,stat,1726501,-0.175514,341.5,532.5,-0.6408959468231101,No substantial change
AB42,stat,1727501,-0.175036,210,337,-0.6823592635157358,No substantial change
AB42,stat,1728501,-0.174558,235,393.5,-0.7437028789424868,No substantial change
AB42,stat,1729501,-0.174079,262.5,454.5,-0.7919628716406222,No substantial change
AB42,stat,1730501,-0.173601,250,432,-0.7891032175013815,No substantial change
AB42,stat,1731501,-0.173123,235,380,-0.693338661765948,No substantial change
AB42,stat,1732501,-0.172645,248,428.5,-0.7889550837256247,No substantial change
AB42,stat,1733501,-0.172166,217.5,373,-0.778160229519147,No substantial change
AB42,stat,1734501,-0.171688,244,426,-0.8039722826629518,No substantial change
AB42,stat,1735501,-0.17121,227,377.5,-0.7337843469215262,No substantial change
AB42,stat,1736501,-0.170732,287,435,-0.5999646640604029,No substantial change
AB42,stat,1737501,-0.170253,292,446,-0.6110753410402875,No substantial change
AB42,stat,1738501,-0.169775,287,457.5,-0.672721006495717,No substantial change
AB42,stat,1739501,-0.169297,233,381.5,-0.7113531021802502,No substantial change
AB42,stat,1740501,-0.168819,236.5,408,-0.7867289686321003,No substantial change
AB42,stat,1741501,-0.168341,225.5,427,-0.9211086363651093,No substantial change
AB42,stat,1742501,-0.167862,252.5,496,-0.9740567327477182,No substantial change
AB42,stat,1743501,-0.167384,244.5,512,-1.0663093450477663,Depleted in Meropenem
AB42,stat,1744501,-0.166906,298.5,510,-0.7727663155940528,No substantial change
AB42,stat,1745501,-0.166428,276,412.5,-0.5797258523550092,No substantial change
AB42,stat,1746501,-0.165949,210,343,-0.7078192485066896,No substantial change
AB42,stat,1747501,-0.165471,213,391,-0.876315177081514,No substantial change
AB42,stat,1748501,-0.164993,222.5,412,-0.8888390013294581,No substantial change
AB42,stat,1749501,-0.164515,216.5,414,-0.9352637427726004,No substantial change
AB42,stat,1750501,-0.164036,254,392,-0.6260251573430423,No substantial change
AB42,stat,1751501,-0.163558,207.5,352.5,-0.7645119210518689,No substantial change
AB42,stat,1752501,-0.16308,204.5,350.5,-0.7773136010688745,No substantial change
AB42,stat,1753501,-0.162602,180.5,341.5,-0.9198867414029194,No substantial change
AB42,stat,1754501,-0.162123,230.5,390.5,-0.7605557977126415,No substantial change
AB42,stat,1755501,-0.161645,224,386.5,-0.7869696818672434,No substantial change
AB42,stat,1756501,-0.161167,248,354.5,-0.5154455068526409,No substantial change
AB42,stat,1757501,-0.160689,309,429.5,-0.47505129323408907,No substantial change
AB42,stat,1758501,-0.16021,364.5,443,-0.28138788422808125,No substantial change
AB42,stat,1759501,-0.159732,363.5,392,-0.10889829019561388,No substantial change
AB42,stat,1760501,-0.159254,332,392.5,-0.24150941243206453,No substantial change
AB42,stat,1761501,-0.158776,394.5,442.5,-0.1656521549569012,No substantial change
AB42,stat,1762501,-0.158297,395.5,372,0.0883750733647605,No substantial change
AB42,stat,1763501,-0.157819,378.5,392.5,-0.0523993537932577,No substantial change
AB42,stat,1764501,-0.157341,354,443,-0.3235573384720209,No substantial change
AB42,stat,1765501,-0.156863,334,422.5,-0.3391032386954944,No substantial change
AB42,stat,1766501,-0.156385,335,432.5,-0.3685390371789523,No substantial change
AB42,stat,1767501,-0.155906,318.5,436.5,-0.45468828137313977,No substantial change
AB42,stat,1768501,-0.155428,287,417,-0.5389966467689757,No substantial change
AB42,stat,1769501,-0.15495,301.5,477,-0.6618312641054268,No substantial change
AB42,stat,1770501,-0.154472,254,409,-0.687272346169583,No substantial change
AB42,stat,1771501,-0.153993,258,380.5,-0.5605253880802914,No substantial change
AB42,stat,1772501,-0.153515,261.5,430,-0.7175257133425188,No substantial change
AB42,stat,1773501,-0.153037,227,411.5,-0.8582001331307108,No substantial change
AB42,stat,1774501,-0.152559,229.5,391,-0.7686744538935442,No substantial change
AB42,stat,1775501,-0.15208,223,354,-0.6667056501626927,No substantial change
AB42,stat,1776501,-0.151602,227,422.5,-0.8962590438786316,No substantial change
AB42,stat,1777501,-0.151124,243.5,460,-0.917712088862033,No substantial change
AB42,stat,1778501,-0.150646,304.5,454,-0.5762500693845825,No substantial change
AB42,stat,1779501,-0.150167,241,434.5,-0.8503230305844387,No substantial change
AB42,stat,1780501,-0.149689,302,511,-0.7587747416125425,No substantial change
AB42,stat,1781501,-0.149211,241.5,350,-0.5353317329965558,No substantial change
AB42,stat,1782501,-0.148733,278,450.5,-0.6964422230900311,No substantial change
AB42,stat,1783501,-0.148254,207,415,-1.0034805687349617,Depleted in Meropenem
AB42,stat,1784501,-0.147776,250.5,408,-0.7037585487762871,No substantial change
AB42,stat,1785501,-0.147298,275.5,456,-0.7269815055935841,No substantial change
AB42,stat,1786501,-0.14682,210.5,376.5,-0.8388296316055323,No substantial change
AB42,stat,1787501,-0.146341,202,364,-0.8495831574469015,No substantial change
AB42,stat,1788501,-0.145863,231.5,418.5,-0.8542154292901073,No substantial change
AB42,stat,1789501,-0.145385,226.5,407.5,-0.8472890090722048,No substantial change
AB42,stat,1790501,-0.144907,254.5,461,-0.8571010943536428,No substantial change
AB42,stat,1791501,-0.144429,265.5,441.5,-0.7337015768443125,No substantial change
AB42,stat,1792501,-0.14395,235.5,433.5,-0.8803049336090518,No substantial change
AB42,stat,1793501,-0.143472,286,436,-0.6083129879985371,No substantial change
AB42,stat,1794501,-0.142994,289.5,398,-0.45920508255441234,No substantial change
AB42,stat,1795501,-0.142516,283.5,431.5,-0.6060118242367263,No substantial change
AB42,stat,1796501,-0.142037,292,419.5,-0.5227024415598059,No substantial change
AB42,stat,1797501,-0.141559,246,409.5,-0.7352051363017689,No substantial change
AB42,stat,1798501,-0.141081,274.5,406,-0.5646735781799777,No substantial change
AB42,stat,1799501,-0.140603,328,442.5,-0.4319816403522761,No substantial change
AB42,stat,1800501,-0.140124,316,407,-0.36510423608914416,No substantial change
AB42,stat,1801501,-0.139646,404,600.5,-0.5718089529538394,No substantial change
AB42,stat,1802501,-0.139168,470,644,-0.4543999315496173,No substantial change
AB42,stat,1803501,-0.13869,517,631,-0.28747572466761434,No substantial change
AB42,stat,1804501,-0.138211,532,645.5,-0.27899084980600114,No substantial change
AB42,stat,1805501,-0.137733,465.5,593,-0.34925093698720994,No substantial change
AB42,stat,1806501,-0.137255,389.5,479,-0.29840232767451097,No substantial change
AB42,stat,1807501,-0.136777,494,629,-0.34854897529461154,No substantial change
AB42,stat,1808501,-0.136298,331,409,-0.3052696261345311,No substantial change
AB42,stat,1809501,-0.13582,435,389.5,0.1593920726744215,No substantial change
AB42,stat,1810501,-0.135342,546,450,0.2789759497028154,No substantial change
AB42,stat,1811501,-0.134864,547,419.5,0.38287002235273343,No substantial change
AB42,stat,1812501,-0.134385,452,318.5,0.5050294001588873,No substantial change
AB42,stat,1813501,-0.133907,419,332,0.33576700235242674,No substantial change
AB42,stat,1814501,-0.133429,341.5,281,0.2813154480691644,No substantial change
AB42,stat,1815501,-0.132951,464,350,0.4067698832952432,No substantial change
AB42,stat,1816501,-0.132473,371.5,294.5,0.3350945767081355,No substantial change
AB42,stat,1817501,-0.131994,417.5,310,0.42950798208717694,No substantial change
AB42,stat,1818501,-0.131516,394,317,0.31371278931696905,No substantial change
AB42,stat,1819501,-0.131038,337,286.5,0.2342134524249537,No substantial change
AB42,stat,1820501,-0.13056,291.5,238.5,0.289506617194985,No substantial change
AB42,stat,1821501,-0.130081,310.5,248.5,0.32134741665819533,No substantial change
AB42,stat,1822501,-0.129603,310,246,0.3336098999349978,No substantial change
AB42,stat,1823501,-0.129125,378.5,283,0.4194912471538493,No substantial change
AB42,stat,1824501,-0.128647,318.5,244.5,0.38145890730406673,No substantial change
AB42,stat,1825501,-0.128168,308.5,254.5,0.2776048330737227,No substantial change
AB42,stat,1826501,-0.12769,554.5,474.5,0.22477937314060048,No substantial change
AB42,stat,1827501,-0.127212,517.5,490.5,0.07730572616744871,No substantial change
AB42,stat,1828501,-0.126734,453,432,0.06847973788276661,No substantial change
AB42,stat,1829501,-0.126255,411.5,379.5,0.1167925450061594,No substantial change
AB42,stat,1830501,-0.125777,450,434.5,0.050568824402637005,No substantial change
AB42,stat,1831501,-0.125299,381.5,316.5,0.2694775574061892,No substantial change
AB42,stat,1832501,-0.124821,423.5,399.5,0.08416646640422193,No substantial change
AB42,stat,1833501,-0.124342,348.5,319,0.12760223210355384,No substantial change
AB42,stat,1834501,-0.123864,260.5,223.5,0.22100854109519055,No substantial change
AB42,stat,1835501,-0.123386,268,238,0.1712714271498289,No substantial change
AB42,stat,1836501,-0.122908,325,323,0.008905553221892057,No substantial change
AB42,stat,1837501,-0.122429,374.5,430.5,-0.201047518938093,No substantial change
AB42,stat,1838501,-0.121951,345.5,401,-0.21491652606666176,No substantial change
AB42,stat,1839501,-0.121473,296.5,305,-0.040777137904244955,No substantial change
AB42,stat,1840501,-0.120995,285,276.5,0.04368243881739704,No substantial change
AB42,stat,1841501,-0.120516,300.5,278.5,0.10968766337115365,No substantial change
AB42,stat,1842501,-0.120038,313.5,308,0.025535092107137478,No substantial change
AB42,stat,1843501,-0.11956,273.5,260.5,0.07025746051404841,No substantial change
AB42,stat,1844501,-0.119082,219.5,205,0.09859703002991223,No substantial change
AB42,stat,1845501,-0.118604,286,235.5,0.28028808716560616,No substantial change
AB42,stat,1846501,-0.118125,250,215.5,0.2142402255729889,No substantial change
AB42,stat,1847501,-0.117647,270.5,225,0.26570359260977827,No substantial change
AB42,stat,1848501,-0.117169,285,292,-0.035006449827913184,No substantial change
AB42,stat,1849501,-0.116691,233,253.5,-0.12165579234906021,No substantial change
AB42,stat,1850501,-0.116212,234.5,261,-0.1544618840545079,No substantial change
AB42,stat,1851501,-0.115734,165,246,-0.576192291093424,No substantial change
AB42,stat,1852501,-0.115256,173.5,272,-0.6486709886720786,No substantial change
AB42,stat,1853501,-0.114778,203,281.5,-0.4716551948950533,No substantial change
AB42,stat,1854501,-0.114299,236,333,-0.49673531770942086,No substantial change
AB42,stat,1855501,-0.113821,349.5,445.5,-0.3501329761464856,No substantial change
AB42,stat,1856501,-0.113343,244,319.5,-0.3889347833841081,No substantial change
AB42,stat,1857501,-0.112865,248.5,322,-0.37381483655233083,No substantial change
AB42,stat,1858501,-0.112386,211.5,316.5,-0.5815478363083916,No substantial change
AB42,stat,1859501,-0.111908,225.5,354,-0.6506219268276164,No substantial change
AB42,stat,1860501,-0.11143,230,368.5,-0.6800307581506944,No substantial change
AB42,stat,1861501,-0.110952,231.5,379,-0.7111856549108553,No substantial change
AB42,stat,1862501,-0.110473,266.5,464,-0.7999892723683962,No substantial change
AB42,stat,1863501,-0.109995,241,473,-0.9728070371094336,No substantial change
AB42,stat,1864501,-0.109517,271.5,476,-0.8100093755035821,No substantial change
AB42,stat,1865501,-0.109039,257,426,-0.7290850710319601,No substantial change
AB42,stat,1866501,-0.10856,270,473.5,-0.8104050184175541,No substantial change
AB42,stat,1867501,-0.108082,287,463.5,-0.6915186019498429,No substantial change
AB42,stat,1868501,-0.107604,266,480.5,-0.8531101852725609,No substantial change
AB42,stat,1869501,-0.107126,271,440,-0.6992106721707879,No substantial change
AB42,stat,1870501,-0.106648,274,430.5,-0.6518373444363172,No substantial change
AB42,stat,1871501,-0.106169,234,352.5,-0.5911147277027514,No substantial change
AB42,stat,1872501,-0.105691,287.5,458,-0.6717856422652062,No substantial change
AB42,stat,1873501,-0.105213,250,392,-0.6489255594531212,No substantial change
AB42,stat,1874501,-0.104735,230.5,367.5,-0.6729774992943888,No substantial change
AB42,stat,1875501,-0.104256,313.5,471.5,-0.5887923278730576,No substantial change
AB42,stat,1876501,-0.103778,298.5,401.5,-0.4276690562525095,No substantial change
AB42,stat,1877501,-0.1033,302,396,-0.3909518807545307,No substantial change
AB42,stat,1878501,-0.102822,383.5,438,-0.19170429209823997,No substantial change
AB42,stat,1879501,-0.102343,452.5,490,-0.1148639570320029,No substantial change
AB42,stat,1880501,-0.101865,479.5,466.5,0.03965373416637223,No substantial change
AB42,stat,1881501,-0.101387,696.5,598.5,0.21877210565775096,No substantial change
AB42,stat,1882501,-0.100909,492.5,472.5,0.05980939523530361,No substantial change
AB42,stat,1883501,-0.10043,384,415,-0.11200502551313088,No substantial change
AB42,stat,1884501,-0.099952,518,523,-0.013858848560387523,No substantial change
AB42,stat,1885501,-0.099474,581,492.5,0.23841443906079013,No substantial change
AB42,stat,1886501,-0.098996,502,488.5,0.0393288019823867,No substantial change
AB42,stat,1887501,-0.098517,612.5,567.5,0.11008945171165552,No substantial change
AB42,stat,1888501,-0.098039,497.5,513.5,-0.045667750887183826,No substantial change
AB42,stat,1889501,-0.097561,413,473.5,-0.1972226440489397,No substantial change
AB42,stat,1890501,-0.097083,362,402,-0.15120580409572323,No substantial change
AB42,stat,1891501,-0.096604,273.5,350.5,-0.35787361121806655,No substantial change
AB42,stat,1892501,-0.096126,239,307,-0.3612280373894308,No substantial change
AB42,stat,1893501,-0.095648,301,351.5,-0.2237612023128332,No substantial change
AB42,stat,1894501,-0.09517,223,281.5,-0.33609121215992477,No substantial change
AB42,stat,1895501,-0.094692,258,308,-0.25555928527164723,No substantial change
AB42,stat,1896501,-0.094213,299,350.5,-0.22926895981251807,No substantial change
AB42,stat,1897501,-0.093735,286,379.5,-0.40808473863707684,No substantial change
AB42,stat,1898501,-0.093257,258,354,-0.45637829465974344,No substantial change
AB42,stat,1899501,-0.092779,266.5,403.5,-0.5984331405186045,No substantial change
AB42,stat,1900501,-0.0923,266,393.5,-0.5649373900062967,No substantial change
AB42,stat,1901501,-0.091822,298.5,382.5,-0.3577288163152091,No substantial change
AB42,stat,1902501,-0.091344,325,449,-0.46627572682533003,No substantial change
AB42,stat,1903501,-0.090866,257.5,359,-0.47941141175247054,No substantial change
AB42,stat,1904501,-0.090387,263,403.5,-0.617505873985478,No substantial change
AB42,stat,1905501,-0.089909,272,403.5,-0.568962022027441,No substantial change
AB42,stat,1906501,-0.089431,280.5,363.5,-0.37395459331080144,No substantial change
AB42,stat,1907501,-0.088953,256.5,382,-0.5746138124286947,No substantial change
AB42,stat,1908501,-0.088474,290,410,-0.49957100949051164,No substantial change
AB42,stat,1909501,-0.087996,295,399,-0.43567379197314215,No substantial change
AB42,stat,1910501,-0.087518,303.5,448,-0.5618022158019221,No substantial change
AB42,stat,1911501,-0.08704,260.5,374.5,-0.5236823461802428,No substantial change
AB42,stat,1912501,-0.086561,255.5,309,-0.2742835469667532,No substantial change
AB42,stat,1913501,-0.086083,242.5,367.5,-0.5997595026492368,No substantial change
AB42,stat,1914501,-0.085605,209.5,321,-0.6156230534229515,No substantial change
AB42,stat,1915501,-0.085127,267.5,383,-0.5178055006364478,No substantial change
AB42,stat,1916501,-0.084648,284,384.5,-0.43709266845714445,No substantial change
AB42,stat,1917501,-0.08417,185.5,317,-0.773063653518604,No substantial change
AB42,stat,1918501,-0.083692,234,307,-0.39173012578677485,No substantial change
AB42,stat,1919501,-0.083214,189,307.5,-0.7022001760055296,No substantial change
AB42,stat,1920501,-0.082736,200,279,-0.48026512205446287,No substantial change
AB42,stat,1921501,-0.082257,228.5,399.5,-0.8060013378699072,No substantial change
AB42,stat,1922501,-0.081779,280.5,403,-0.5227790679191746,No substantial change
AB42,stat,1923501,-0.081301,262.5,370,-0.4952078479628272,No substantial change
AB42,stat,1924501,-0.080823,205.5,379.5,-0.8849614917337835,No substantial change
AB42,stat,1925501,-0.080344,279,410,-0.5553587876762583,No substantial change
AB42,stat,1926501,-0.079866,233,371,-0.6710892319665231,No substantial change
AB42,stat,1927501,-0.079388,302.5,476,-0.6540264311459867,No substantial change
AB42,stat,1928501,-0.07891,369,482.5,-0.38690812609504677,No substantial change
AB42,stat,1929501,-0.078431,274,429.5,-0.6484822381779368,No substantial change
AB42,stat,1930501,-0.077953,269.5,419.5,-0.6383855376873179,No substantial change
AB42,stat,1931501,-0.077475,315,554.5,-0.8158356317744313,No substantial change
AB42,stat,1932501,-0.076997,262.5,419,-0.6746328211458666,No substantial change
AB42,stat,1933501,-0.076518,275,434,-0.6582634240324574,No substantial change
AB42,stat,1934501,-0.07604,237,395.5,-0.7387906355745328,No substantial change
AB42,stat,1935501,-0.075562,215.5,357,-0.7282362049400016,No substantial change
AB42,stat,1936501,-0.075084,228.5,428,-0.9054166313430771,No substantial change
AB42,stat,1937501,-0.074605,168,367.5,-1.1292830169449666,Depleted in Meropenem
AB42,stat,1938501,-0.074127,199.5,407,-1.0286400480439013,Depleted in Meropenem
AB42,stat,1939501,-0.073649,210.5,366,-0.7980234152176463,No substantial change
AB42,stat,1940501,-0.073171,209.5,403,-0.9438295948286158,No substantial change
AB42,stat,1941501,-0.072692,245.5,373.5,-0.6053852184745442,No substantial change
AB42,stat,1942501,-0.072214,205,361,-0.8163749273817249,No substantial change
AB42,stat,1943501,-0.071736,186.5,335,-0.8449854650898969,No substantial change
AB42,stat,1944501,-0.071258,236,370,-0.6487384111544708,No substantial change
AB42,stat,1945501,-0.07078,210,372,-0.8249132934419087,No substantial change
AB42,stat,1946501,-0.070301,294,418.5,-0.5094114677139794,No substantial change
AB42,stat,1947501,-0.069823,416.5,540.5,-0.37597812236910266,No substantial change
AB42,stat,1948501,-0.069345,476.5,573.5,-0.2673172721058831,No substantial change
AB42,stat,1949501,-0.068867,384.5,487,-0.3409381741205156,No substantial change
AB42,stat,1950501,-0.068388,327.5,445.5,-0.4439305250971094,No substantial change
AB42,stat,1951501,-0.06791,255.5,373.5,-0.5477849518516159,No substantial change
AB42,stat,1952501,-0.067432,329,414,-0.3315431837640838,No substantial change
AB42,stat,1953501,-0.066954,318.5,437,-0.4563399072442979,No substantial change
AB42,stat,1954501,-0.066475,324.5,431,-0.4094693910899596,No substantial change
AB42,stat,1955501,-0.065997,331.5,440,-0.40849465341207186,No substantial change
AB42,stat,1956501,-0.065519,345.5,442,-0.35536065900317304,No substantial change
AB42,stat,1957501,-0.065041,296.5,362,-0.2879575925372017,No substantial change
AB42,stat,1958501,-0.064562,258.5,406.5,-0.653091071760093,No substantial change
AB42,stat,1959501,-0.064084,255,401.5,-0.6549027406584566,No substantial change
AB42,stat,1960501,-0.063606,217,388.5,-0.8402195559632308,No substantial change
AB42,stat,1961501,-0.063128,270.5,485.5,-0.843842701592377,No substantial change
AB42,stat,1962501,-0.062649,230,415,-0.8514774752899119,No substantial change
AB42,stat,1963501,-0.062171,194.5,369.5,-0.925804209159959,No substantial change
AB42,stat,1964501,-0.061693,195,357.5,-0.8744691179161412,No substantial change
AB42,stat,1965501,-0.061215,155,308.5,-0.9930022738751803,No substantial change
AB42,stat,1966501,-0.060736,232,397,-0.7750142020153857,No substantial change
AB42,stat,1967501,-0.060258,275.5,412.5,-0.5823418005620206,No substantial change
AB42,stat,1968501,-0.05978,220.5,319.5,-0.5350372753894739,No substantial change
AB42,stat,1969501,-0.059302,233.5,334.5,-0.5185836609317989,No substantial change
AB42,stat,1970501,-0.058824,252.5,347,-0.4586522749391038,No substantial change
AB42,stat,1971501,-0.058345,276,360,-0.38332863955150553,No substantial change
AB42,stat,1972501,-0.057867,365.5,420.5,-0.20223439430270695,No substantial change
AB42,stat,1973501,-0.057389,415,433.5,-0.06292065698754794,No substantial change
AB42,stat,1974501,-0.056911,578.5,604.5,-0.06342538014163358,No substantial change
AB42,stat,1975501,-0.056432,706.5,685.5,0.04353289455471346,No substantial change
AB42,stat,1976501,-0.055954,640,654,-0.03121873061072022,No substantial change
AB42,stat,1977501,-0.055476,389.5,387.5,0.007427017900069237,No substantial change
AB42,stat,1978501,-0.054998,436.5,419.5,0.05731084318961675,No substantial change
AB42,stat,1979501,-0.054519,746.5,665.5,0.16570359422264952,No substantial change
AB42,stat,1980501,-0.054041,592.5,516.5,0.1980468049205619,No substantial change
AB42,stat,1981501,-0.053563,598,491.5,0.28295406785752447,No substantial change
AB42,stat,1982501,-0.053085,674,574,0.23169785450617053,No substantial change
AB42,stat,1983501,-0.052606,685,569.5,0.26640814613977715,No substantial change
AB42,stat,1984501,-0.052128,604.5,531,0.18703047844496992,No substantial change
AB42,stat,1985501,-0.05165,888,763.5,0.2179315195532545,No substantial change
AB42,stat,1986501,-0.051172,836,711,0.23365338246146747,No substantial change
AB42,stat,1987501,-0.050693,722,635.5,0.18410671188221223,No substantial change
AB42,stat,1988501,-0.050215,455.5,358,0.3474914665377943,No substantial change
AB42,stat,1989501,-0.049737,420.5,401,0.06850356380022397,No substantial change
AB42,stat,1990501,-0.049259,448,410,0.12787482255215818,No substantial change
AB42,stat,1991501,-0.04878,481,435,0.14502149303395118,No substantial change
AB42,stat,1992501,-0.048302,468.5,449,0.06133360291803975,No substantial change
AB42,stat,1993501,-0.047824,633,515.5,0.2962330720602328,No substantial change
AB42,stat,1994501,-0.047346,461,431,0.09707888134023995,No substantial change
AB42,stat,1995501,-0.046868,448.5,459,-0.03338616849454678,No substantial change
AB42,stat,1996501,-0.046389,414,494.5,-0.2563397532597855,No substantial change
AB42,stat,1997501,-0.045911,384.5,434.5,-0.17637257885257365,No substantial change
AB42,stat,1998501,-0.045433,385,440,-0.19264507794239588,No substantial change
AB42,stat,1999501,-0.044955,297,363.5,-0.2914924331188285,No substantial change
AB42,stat,2000501,-0.044476,362,481.5,-0.4115461007602539,No substantial change
AB42,stat,2001501,-0.043998,327,334.5,-0.032715575143378306,No substantial change
AB42,stat,2002501,-0.04352,316.5,329.5,-0.05807296557971036,No substantial change
AB42,stat,2003501,-0.043042,266,319.5,-0.26438968544580477,No substantial change
AB42,stat,2004501,-0.042563,271,212.5,0.35083001032880756,No substantial change
AB42,stat,2005501,-0.042085,256,228,0.16710998583525824,No substantial change
AB42,stat,2006501,-0.041607,257,232.5,0.14453764319848447,No substantial change
AB42,stat,2007501,-0.041129,259.5,213.5,0.28149846873739043,No substantial change
AB42,stat,2008501,-0.04065,266.5,275.5,-0.04791678581198169,No substantial change
AB42,stat,2009501,-0.040172,309.5,301.5,0.03778140731417999,No substantial change
AB42,stat,2010501,-0.039694,334,275,0.28041648406203035,No substantial change
AB42,stat,2011501,-0.039216,346.5,298.5,0.21512442087240874,No substantial change
AB42,stat,2012501,-0.038737,360.5,343.5,0.06968916042272243,No substantial change
AB42,stat,2013501,-0.038259,318.5,305,0.06248412980605161,No substantial change
AB42,stat,2014501,-0.037781,323.5,265,0.2877733525419461,No substantial change
AB42,stat,2015501,-0.037303,230,233,-0.018696093709905073,No substantial change
AB42,stat,2016501,-0.036824,195.5,207.5,-0.08594272892693483,No substantial change
AB42,stat,2017501,-0.036346,233,211.5,0.13967229153433056,No substantial change
AB42,stat,2018501,-0.035868,201.5,200,0.010779838753242763,No substantial change
AB42,stat,2019501,-0.03539,269,278,-0.04747871016688332,No substantial change
AB42,stat,2020501,-0.034912,249,249,0,No substantial change
AB42,stat,2021501,-0.034433,246,245,0.005876566336669382,No substantial change
AB42,stat,2022501,-0.033955,257.5,259.5,-0.011162106287300026,No substantial change
AB42,stat,2023501,-0.033477,209.5,231,-0.14094260771670597,No substantial change
AB42,stat,2024501,-0.032999,228.5,272.5,-0.254062064606219,No substantial change
AB42,stat,2025501,-0.03252,186,252.5,-0.4409807665311257,No substantial change
AB42,stat,2026501,-0.032042,213,312.5,-0.5530027593236112,No substantial change
AB42,stat,2027501,-0.031564,212.5,360.5,-0.7625364182157585,No substantial change
AB42,stat,2028501,-0.031086,231,448,-0.9556058806415466,No substantial change
AB42,stat,2029501,-0.030607,221,436.5,-0.9819352842380086,No substantial change
AB42,stat,2030501,-0.030129,166,349,-1.0720437948627275,Depleted in Meropenem
AB42,stat,2031501,-0.029651,168.5,367.5,-1.1249956585418681,Depleted in Meropenem
AB42,stat,2032501,-0.029173,261.5,444,-0.7637487301031645,No substantial change
AB42,stat,2033501,-0.028694,206.5,414,-1.00348898607988,Depleted in Meropenem
AB42,stat,2034501,-0.028216,233,421,-0.853490278412116,No substantial change
AB42,stat,2035501,-0.027738,275,472,-0.7793552409498193,No substantial change
AB42,stat,2036501,-0.02726,243,438,-0.8499745559953925,No substantial change
AB42,stat,2037501,-0.026781,238,438.5,-0.8816152691367896,No substantial change
AB42,stat,2038501,-0.026303,229,457,-0.9968465669611258,No substantial change
AB42,stat,2039501,-0.025825,268,521,-0.9590503718207359,No substantial change
AB42,stat,2040501,-0.025347,282.5,492,-0.8004074480366897,No substantial change
AB42,stat,2041501,-0.024868,311,440,-0.5005889433940571,No substantial change
AB42,stat,2042501,-0.02439,226,443,-0.9709839261398308,No substantial change
AB42,stat,2043501,-0.023912,233,415,-0.8327813815800068,No substantial change
AB42,stat,2044501,-0.023434,222,428,-0.947051120051041,No substantial change
AB42,stat,2045501,-0.022956,184.5,337,-0.8691277751214624,No substantial change
AB42,stat,2046501,-0.022477,243,395,-0.7008963394586845,No substantial change
AB42,stat,2047501,-0.021999,282,392.5,-0.47699749138019587,No substantial change
AB42,stat,2048501,-0.021521,234,298,-0.34880380087875706,No substantial change
AB42,stat,2049501,-0.021043,319.5,396.5,-0.3115049347569841,No substantial change
AB42,stat,2050501,-0.020564,235.5,281,-0.2548430706081429,No substantial change
AB42,stat,2051501,-0.020086,271.5,270,0.007992790753530621,No substantial change
AB42,stat,2052501,-0.019608,271,335.5,-0.3080199148463119,No substantial change
AB42,stat,2053501,-0.01913,351,352,-0.004104398332736508,No substantial change
AB42,stat,2054501,-0.018651,508.5,452,0.16992500144231237,No substantial change
AB42,stat,2055501,-0.018173,610.5,549,0.1531851459822046,No substantial change
AB42,stat,2056501,-0.017695,549,512.5,0.09925414461239034,No substantial change
AB42,stat,2057501,-0.017217,425.5,392,0.11830547757075459,No substantial change
AB42,stat,2058501,-0.016738,520,522.5,-0.006919413939790626,No substantial change
AB42,stat,2059501,-0.01626,582,522,0.15696934633839948,No substantial change
AB42,stat,2060501,-0.015782,527.5,473,0.1573309102551524,No substantial change
AB42,stat,2061501,-0.015304,567,506,0.16421135024791866,No substantial change
AB42,stat,2062501,-0.014825,548.5,573,-0.06304351835371204,No substantial change
AB42,stat,2063501,-0.014347,397,451,-0.1839884261124232,No substantial change
AB42,stat,2064501,-0.013869,414,467.5,-0.1753355972756737,No substantial change
AB42,stat,2065501,-0.013391,346,368.5,-0.09089258145834514,No substantial change
AB42,stat,2066501,-0.012912,296,299,-0.014548308569155241,No substantial change
AB42,stat,2067501,-0.012434,226.5,298.5,-0.39821988121857,No substantial change
AB42,stat,2068501,-0.011956,211,293.5,-0.47611750440286704,No substantial change
AB42,stat,2069501,-0.011478,330,438.5,-0.41011081819891726,No substantial change
AB42,stat,2070501,-0.011,341,529,-0.6334959830898532,No substantial change
AB42,stat,2071501,-0.010521,305.5,436.5,-0.5148092738107106,No substantial change
AB42,stat,2072501,-0.010043,254,397.5,-0.6461263633995519,No substantial change
AB42,stat,2073501,-0.009565,253.5,484.5,-0.9345109184117405,No substantial change
AB42,stat,2074501,-0.009087,233.5,410.5,-0.8139596720681428,No substantial change
AB42,stat,2075501,-0.008608,172.5,338.5,-0.9725594719094653,No substantial change
AB42,stat,2076501,-0.00813,236,464.5,-0.9768917370208116,No substantial change
AB42,stat,2077501,-0.007652,194,346.5,-0.836798699950086,No substantial change
AB42,stat,2078501,-0.007174,245.5,390,-0.6677510994349176,No substantial change
AB42,stat,2079501,-0.006695,227.5,429.5,-0.916791586052405,No substantial change
AB42,stat,2080501,-0.006217,235,407.5,-0.7941393025534402,No substantial change
AB42,stat,2081501,-0.005739,266,439,-0.7227946940341687,No substantial change
AB42,stat,2082501,-0.005261,259,372,-0.5223505234214774,No substantial change
AB42,stat,2083501,-0.004782,286,422.5,-0.5629361943911572,No substantial change
AB42,stat,2084501,-0.004304,239.5,410,-0.7755982537692658,No substantial change
AB42,stat,2085501,-0.003826,229,393,-0.7791817141616624,No substantial change
AB42,stat,2086501,-0.003348,245,399.5,-0.7054137539254063,No substantial change
AB42,stat,2087501,-0.002869,266,417.5,-0.650349951860225,No substantial change
AB42,stat,2088501,-0.002391,210.5,430.5,-1.032193004330448,Depleted in Meropenem
AB42,stat,2089501,-0.001913,206,347.5,-0.7543686404276514,No substantial change
AB42,stat,2090501,-0.001435,206.5,340.5,-0.7215130165926257,No substantial change
AB42,stat,2091501,-9.56e-4,226,328,-0.5373730422028961,No substantial change
AB42,stat,2092501,-4.78e-4,206.5,349.5,-0.759150673955991,No substantial change
AB42,stat,2093501,0,279.5,487,-0.8010734892391521,No substantial change
AB42,stat,2094501,5.23e-4,268,400,-0.5777669993169522,No substantial change
AB42,stat,2095501,0.001045,199,287,-0.5282823061320391,No substantial change
AB42,stat,2096501,0.001568,213.5,333.5,-0.6434506915640945,No substantial change
AB42,stat,2097501,0.00209,210.5,350,-0.7335346887659328,No substantial change
AB42,stat,2098501,0.002613,171,335,-0.9701647704592368,No substantial change
AB42,stat,2099501,0.003135,225,413.5,-0.8779623279542376,No substantial change
AB42,stat,2100501,0.003658,204.5,365.5,-0.8377705630106884,No substantial change
AB42,stat,2101501,0.00418,221.5,393,-0.8272226137035883,No substantial change
AB42,stat,2102501,0.004703,207,322,-0.6374299206152917,No substantial change
AB42,stat,2103501,0.005225,235,316,-0.42726380161210326,No substantial change
AB42,stat,2104501,0.005748,277.5,361,-0.3795110656497027,No substantial change
AB42,stat,2105501,0.006271,269.5,339,-0.3310000003838383,No substantial change
AB42,stat,2106501,0.006793,306,382,-0.3200409853430969,No substantial change
AB42,stat,2107501,0.007316,336.5,379,-0.17159134356077457,No substantial change
AB42,stat,2108501,0.007838,346.5,382.5,-0.1426043954428004,No substantial change
AB42,stat,2109501,0.008361,336.5,349.5,-0.05468595076511941,No substantial change
AB42,stat,2110501,0.008883,401.5,370.5,0.11592644521148052,No substantial change
AB42,stat,2111501,0.009406,658,539.5,0.2864646242472247,No substantial change
AB42,stat,2112501,0.009928,567,563.5,0.008933124770007603,No substantial change
AB42,stat,2113501,0.010451,581.5,525.5,0.14608842751104,No substantial change
AB42,stat,2114501,0.010973,652,645,0.015572803920460985,No substantial change
AB42,stat,2115501,0.011496,474,498.5,-0.07270644549993688,No substantial change
AB42,stat,2116501,0.012018,475,467.5,0.022961148443311267,No substantial change
AB42,stat,2117501,0.012541,673,698.5,-0.05365361079914596,No substantial change
AB42,stat,2118501,0.013064,629,609,0.04661778897295672,No substantial change
AB42,stat,2119501,0.013586,575.5,564,0.02912076573343678,No substantial change
AB42,stat,2120501,0.014109,392,444.5,-0.18132976471456178,No substantial change
AB42,stat,2121501,0.014631,309.5,384,-0.31116690150689147,No substantial change
AB42,stat,2122501,0.015154,232,351,-0.5973462251769887,No substantial change
AB42,stat,2123501,0.015676,291.5,438.5,-0.5890809592442365,No substantial change
AB42,stat,2124501,0.016199,269,415,-0.625505163677663,No substantial change
AB42,stat,2125501,0.016721,271.5,384.5,-0.502031400157465,No substantial change
AB42,stat,2126501,0.017244,316.5,389,-0.2975646555578506,No substantial change
AB42,stat,2127501,0.017766,265.5,398,-0.5840565697394952,No substantial change
AB42,stat,2128501,0.018289,314.5,382.5,-0.282399730700725,No substantial change
AB42,stat,2129501,0.018812,307.5,418,-0.4429165318542805,No substantial change
AB42,stat,2130501,0.019334,354.5,459.5,-0.37427923404951846,No substantial change
AB42,stat,2131501,0.019857,350.5,412,-0.23322989317259518,No substantial change
AB42,stat,2132501,0.020379,329.5,412,-0.3223658721751666,No substantial change
AB42,stat,2133501,0.020902,332.5,389,-0.22641581459764007,No substantial change
AB42,stat,2134501,0.021424,432.5,536.5,-0.3108780382324349,No substantial change
AB42,stat,2135501,0.021947,308,406,-0.39854937649027494,No substantial change
AB42,stat,2136501,0.022469,295.5,387,-0.3891754359668778,No substantial change
AB42,stat,2137501,0.022992,306,407,-0.41149714157359524,No substantial change
AB42,stat,2138501,0.023514,375.5,411.5,-0.1320795229073538,No substantial change
AB42,stat,2139501,0.024037,376,444.5,-0.24145075715213266,No substantial change
AB42,stat,2140501,0.02456,383,454.5,-0.2469359022691501,No substantial change
AB42,stat,2141501,0.025082,350,466.5,-0.4145221590194299,No substantial change
AB42,stat,2142501,0.025605,325.5,422,-0.37458545554154954,No substantial change
AB42,stat,2143501,0.026127,287,365,-0.3468457270916918,No substantial change
AB42,stat,2144501,0.02665,330,407.5,-0.3043340348726241,No substantial change
AB42,stat,2145501,0.027172,403.5,457.5,-0.18120306989362445,No substantial change
AB42,stat,2146501,0.027695,377,489,-0.3752699416835694,No substantial change
AB42,stat,2147501,0.028217,391,416,-0.08941492083373989,No substantial change
AB42,stat,2148501,0.02874,333.5,413.5,-0.3102005679866898,No substantial change
AB42,stat,2149501,0.029262,374,447.5,-0.2588494122639821,No substantial change
AB42,stat,2150501,0.029785,301,412,-0.45288085042351633,No substantial change
AB42,stat,2151501,0.030307,314,465,-0.5664661571037667,No substantial change
AB42,stat,2152501,0.03083,352,470.5,-0.41861929409123955,No substantial change
AB42,stat,2153501,0.031353,293.5,412.5,-0.4910336160231259,No substantial change
AB42,stat,2154501,0.031875,232.5,385.5,-0.7295001439196406,No substantial change
AB42,stat,2155501,0.032398,253.5,366,-0.5298579012807019,No substantial change
AB42,stat,2156501,0.03292,251.5,364.5,-0.53536041452141,No substantial change
AB42,stat,2157501,0.033443,288.5,451.5,-0.6461546688353756,No substantial change
AB42,stat,2158501,0.033965,239.5,412.5,-0.784368463396998,No substantial change
AB42,stat,2159501,0.034488,236.5,416.5,-0.8164763120261525,No substantial change
AB42,stat,2160501,0.03501,236.5,408.5,-0.7884958948062882,No substantial change
AB42,stat,2161501,0.035533,256,401.5,-0.6492561775173145,No substantial change
AB42,stat,2162501,0.036055,253.5,428.5,-0.7573094571091593,No substantial change
AB42,stat,2163501,0.036578,267,361.5,-0.4371559052635638,No substantial change
AB42,stat,2164501,0.037101,290.5,386,-0.41006268386355155,No substantial change
AB42,stat,2165501,0.037623,243.5,357.5,-0.5540214695834097,No substantial change
AB42,stat,2166501,0.038146,270,347,-0.36197625552743,No substantial change
AB42,stat,2167501,0.038668,267,349,-0.38638729452209825,No substantial change
AB42,stat,2168501,0.039191,270.5,357.5,-0.4023146478389364,No substantial change
AB42,stat,2169501,0.039713,359.5,457.5,-0.3477799727321071,No substantial change
AB42,stat,2170501,0.040236,386,431.5,-0.16075971191087463,No substantial change
AB42,stat,2171501,0.040758,447.5,462,-0.0460051692644388,No substantial change
AB42,stat,2172501,0.041281,364,432.5,-0.24876168232539067,No substantial change
AB42,stat,2173501,0.041803,506,548,-0.11503850826621653,No substantial change
AB42,stat,2174501,0.042326,538,620.5,-0.20582503757373247,No substantial change
AB42,stat,2175501,0.042849,327.5,412,-0.3311494307584057,No substantial change
AB42,stat,2176501,0.043371,344.5,470.5,-0.44969074002424536,No substantial change
AB42,stat,2177501,0.043894,254,417,-0.7152188866724978,No substantial change
AB42,stat,2178501,0.044416,229,428,-0.9022631983042031,No substantial change
AB42,stat,2179501,0.044939,187.5,435,-1.2141248053528475,Depleted in Meropenem
AB42,stat,2180501,0.045461,239,411,-0.7821277757009345,No substantial change
AB42,stat,2181501,0.045984,197,352.5,-0.8394276278297795,No substantial change
AB42,stat,2182501,0.046506,229.5,410.5,-0.8388880683639968,No substantial change
AB42,stat,2183501,0.047029,319,557,-0.8041209035751623,No substantial change
AB42,stat,2184501,0.047551,216,421.5,-0.9645013187786137,No substantial change
AB42,stat,2185501,0.048074,210.5,336,-0.6746409997123642,No substantial change
AB42,stat,2186501,0.048596,230.5,384,-0.7363395602918182,No substantial change
AB42,stat,2187501,0.049119,265.5,455.5,-0.7787391929978971,No substantial change
AB42,stat,2188501,0.049642,314.5,600.5,-0.933104228826345,No substantial change
AB42,stat,2189501,0.050164,294,535,-0.8637227364521448,No substantial change
AB42,stat,2190501,0.050687,229,431.5,-0.914012961082011,No substantial change
AB42,stat,2191501,0.051209,261,401,-0.6195524298850359,No substantial change
AB42,stat,2192501,0.051732,226,402,-0.830872728763741,No substantial change
AB42,stat,2193501,0.052254,309.5,483,-0.6420837796215085,No substantial change
AB42,stat,2194501,0.052777,237.5,381.5,-0.6837555436162203,No substantial change
AB42,stat,2195501,0.053299,275,430.5,-0.6465816189848221,No substantial change
AB42,stat,2196501,0.053822,256.5,373,-0.5402168046481837,No substantial change
AB42,stat,2197501,0.054344,316.5,452.5,-0.5157122925422265,No substantial change
AB42,stat,2198501,0.054867,294,415,-0.4972951813979227,No substantial change
AB42,stat,2199501,0.05539,267.5,437,-0.7080943882120891,No substantial change
AB42,stat,2200501,0.055912,320,475.5,-0.571373435973201,No substantial change
AB42,stat,2201501,0.056435,296,463.5,-0.646972162996581,No substantial change
AB42,stat,2202501,0.056957,280,407.5,-0.5413732321734733,No substantial change
AB42,stat,2203501,0.05748,241.5,357,-0.5639008851933265,No substantial change
AB42,stat,2204501,0.058002,282,410,-0.5399287471066526,No substantial change
AB42,stat,2205501,0.058525,201.5,335,-0.7333812568171673,No substantial change
AB42,stat,2206501,0.059047,217,354.5,-0.7080905847950367,No substantial change
AB42,stat,2207501,0.05957,231,469,-1.0216950710993191,Depleted in Meropenem
AB42,stat,2208501,0.060092,243.5,489.5,-1.0073870875213529,Depleted in Meropenem
AB42,stat,2209501,0.060615,237,456,-0.9441467652664826,No substantial change
AB42,stat,2210501,0.061138,206.5,378.5,-0.8741515185662864,No substantial change
AB42,stat,2211501,0.06166,232.5,420.5,-0.8548750842597505,No substantial change
AB42,stat,2212501,0.062183,236,472,-1,No substantial change
AB42,stat,2213501,0.062705,216,420.5,-0.9610744880916756,No substantial change
AB42,stat,2214501,0.063228,204,416.5,-1.029747343394052,Depleted in Meropenem
AB42,stat,2215501,0.06375,200,407.5,-1.0268000593437152,Depleted in Meropenem
AB42,stat,2216501,0.064273,217,410.5,-0.9196871793333253,No substantial change
AB42,stat,2217501,0.064795,217.5,356,-0.7108618402303071,No substantial change
AB42,stat,2218501,0.065318,224,352,-0.6520766965796931,No substantial change
AB42,stat,2219501,0.06584,233,401,-0.78327228180064,No substantial change
AB42,stat,2220501,0.066363,240,405,-0.7548875021634687,No substantial change
AB42,stat,2221501,0.066885,213.5,342.5,-0.6818679182273987,No substantial change
AB42,stat,2222501,0.067408,207,390.5,-0.9156917806426542,No substantial change
AB42,stat,2223501,0.067931,213,375.5,-0.8179594772884335,No substantial change
AB42,stat,2224501,0.068453,279,405.5,-0.5394367923880854,No substantial change
AB42,stat,2225501,0.068976,211,424.5,-1.0085215548458535,Depleted in Meropenem
AB42,stat,2226501,0.069498,251.5,426,-0.7602950304203111,No substantial change
AB42,stat,2227501,0.070021,237.5,488.5,-1.040431048750075,Depleted in Meropenem
AB42,stat,2228501,0.070543,222,399,-0.8458290698722399,No substantial change
AB42,stat,2229501,0.071066,262,407,-0.6354619827287967,No substantial change
AB42,stat,2230501,0.071588,320,486.5,-0.6043678998937492,No substantial change
AB42,stat,2231501,0.072111,245,389.5,-0.6688415790590986,No substantial change
AB42,stat,2232501,0.072633,321.5,510.5,-0.6670922235498542,No substantial change
AB42,stat,2233501,0.073156,242.5,289,-0.2530847454261888,No substantial change
AB42,stat,2234501,0.073679,203.5,207.5,-0.028082541968040126,No substantial change
AB42,stat,2235501,0.074201,275.5,279.5,-0.02079596427203246,No substantial change
AB42,stat,2236501,0.074724,262,255.5,0.03624352059982886,No substantial change
AB42,stat,2237501,0.075246,257,239,0.10475774121312967,No substantial change
AB42,stat,2238501,0.075769,286,258.5,0.14585086646345485,No substantial change
AB42,stat,2239501,0.076291,232,212.5,0.12666196410250805,No substantial change
AB42,stat,2240501,0.076814,254,211.5,0.26417083365221605,No substantial change
AB42,stat,2241501,0.077336,268.5,245.5,0.12919906367071946,No substantial change
AB42,stat,2242501,0.077859,216.5,192.5,0.16950857914446124,No substantial change
AB42,stat,2243501,0.078381,217.5,184.5,0.2373945846756947,No substantial change
AB42,stat,2244501,0.078904,292.5,253,0.20929923977645673,No substantial change
AB42,stat,2245501,0.079426,256.5,231,0.1510659741909966,No substantial change
AB42,stat,2246501,0.079949,271.5,295,-0.11976275644484201,No substantial change
AB42,stat,2247501,0.080472,353.5,376.5,-0.09093964986252924,No substantial change
AB42,stat,2248501,0.080994,231,282.5,-0.29035801588649257,No substantial change
AB42,stat,2249501,0.081517,203,278,-0.4536051555383312,No substantial change
AB42,stat,2250501,0.082039,241.5,297,-0.2984397419649926,No substantial change
AB42,stat,2251501,0.082562,199,347,-0.8021672320346122,No substantial change
AB42,stat,2252501,0.083084,200.5,355.5,-0.8262473231644949,No substantial change
AB42,stat,2253501,0.083607,193.5,321,-0.7302397309778929,No substantial change
AB42,stat,2254501,0.084129,257,426.5,-0.7307773821244121,No substantial change
AB42,stat,2255501,0.084652,290,397.5,-0.45490196015678336,No substantial change
AB42,stat,2256501,0.085174,210,333,-0.6651328494051395,No substantial change
AB42,stat,2257501,0.085697,173.5,294.5,-0.7633319712521998,No substantial change
AB42,stat,2258501,0.08622,235,294,-0.3231553982713647,No substantial change
AB42,stat,2259501,0.086742,198.5,303,-0.6101787863299931,No substantial change
AB42,stat,2260501,0.087265,173,296,-0.7748251379922252,No substantial change
AB42,stat,2261501,0.087787,176.5,260.5,-0.5616151890073279,No substantial change
AB42,stat,2262501,0.08831,262,318.5,-0.28172656071885016,No substantial change
AB42,stat,2263501,0.088832,253.5,325,-0.3584539709124763,No substantial change
AB42,stat,2264501,0.089355,238,276.5,-0.21631790692676345,No substantial change
AB42,stat,2265501,0.089877,217,239,-0.13931557553626928,No substantial change
AB42,stat,2266501,0.0904,248,235,0.07767936382187544,No substantial change
AB42,stat,2267501,0.090922,273,259,0.07594885323329842,No substantial change
AB42,stat,2268501,0.091445,219.5,192.5,0.18936249395309454,No substantial change
AB42,stat,2269501,0.091968,219,225,-0.03899413161586357,No substantial change
AB42,stat,2270501,0.09249,228.5,199,0.1994257345144209,No substantial change
AB42,stat,2271501,0.093013,223.5,192.5,0.2154163856010541,No substantial change
AB42,stat,2272501,0.093535,224,208,0.10691520391651188,No substantial change
AB42,stat,2273501,0.094058,212,168.5,0.3313156733813406,No substantial change
AB42,stat,2274501,0.09458,217,180,0.26969813611480453,No substantial change
AB42,stat,2275501,0.095103,235,177,0.40891139648200237,No substantial change
AB42,stat,2276501,0.095625,246,199.5,0.302269569116894,No substantial change
AB42,stat,2277501,0.096148,256.5,242,0.08395177833245948,No substantial change
AB42,stat,2278501,0.09667,271,228.5,0.24609868629580195,No substantial change
AB42,stat,2279501,0.097193,252,211,0.25618073479273124,No substantial change
AB42,stat,2280501,0.097715,296,264.5,0.16232945351492406,No substantial change
AB42,stat,2281501,0.098238,270.5,261.5,0.048817647579873766,No substantial change
AB42,stat,2282501,0.098761,292,294,-0.009847785956347178,No substantial change
AB42,stat,2283501,0.099283,323.5,302.5,0.09683056983055055,No substantial change
AB42,stat,2284501,0.099806,327.5,309.5,0.08155549721054808,No substantial change
AB42,stat,2285501,0.100328,343.5,341.5,0.008424520528009499,No substantial change
AB42,stat,2286501,0.100851,347.5,358,-0.0429466096533867,No substantial change
AB42,stat,2287501,0.101373,510.5,499,0.03287114554054091,No substantial change
AB42,stat,2288501,0.101896,449,476,-0.0842461285667966,No substantial change
AB42,stat,2289501,0.102418,444,444.5,-0.0016237424796639486,No substantial change
AB42,stat,2290501,0.102941,405.5,394,0.041506284760896815,No substantial change
AB42,stat,2291501,0.103463,416.5,422,-0.018926503341637504,No substantial change
AB42,stat,2292501,0.103986,503.5,502,0.004304414056012678,No substantial change
AB42,stat,2293501,0.104509,415,453,-0.12639971381194795,No substantial change
AB42,stat,2294501,0.105031,440.5,424.5,0.053377465367375185,No substantial change
AB42,stat,2295501,0.105554,383.5,367.5,0.06148232777920668,No substantial change
AB42,stat,2296501,0.106076,303,268.5,0.17439570548753835,No substantial change
AB42,stat,2297501,0.106599,300.5,241,0.3183318444812238,No substantial change
AB42,stat,2298501,0.107121,295.5,248,0.2528180097906574,No substantial change
AB42,stat,2299501,0.107644,290,218.5,0.40841962051433606,No substantial change
AB42,stat,2300501,0.108166,222,169,0.3935364300679217,No substantial change
AB42,stat,2301501,0.108689,221.5,152,0.5432353751114327,No substantial change
AB42,stat,2302501,0.109211,249.5,143.5,0.7979890786615726,No substantial change
AB42,stat,2303501,0.109734,219,120.5,0.8618977233712117,No substantial change
AB42,stat,2304501,0.110257,220.5,136,0.6971720043071812,No substantial change
AB42,stat,2305501,0.110779,236.5,124,0.93150006295252,No substantial change
AB42,stat,2306501,0.111302,230.5,128.5,0.8429983912354599,No substantial change
AB42,stat,2307501,0.111824,222,125.5,0.822872312399334,No substantial change
AB42,stat,2308501,0.112347,230,97.5,1.2381597371947646,Enriched in Meropenem
AB42,stat,2309501,0.112869,205.5,83.5,1.2992902912076307,Enriched in Meropenem
AB42,stat,2310501,0.113392,268.5,158,0.7649975298083096,No substantial change
AB42,stat,2311501,0.113914,232,135,0.7811653980767412,No substantial change
AB42,stat,2312501,0.114437,248,151.5,0.7110223269139243,No substantial change
AB42,stat,2313501,0.114959,261.5,159.5,0.713254522482072,No substantial change
AB42,stat,2314501,0.115482,243.5,137,0.8297458791218155,No substantial change
AB42,stat,2315501,0.116004,303,163.5,0.8900271579748684,No substantial change
AB42,stat,2316501,0.116527,241,165,0.5465671219841459,No substantial change
AB42,stat,2317501,0.11705,263.5,176.5,0.5781347783660343,No substantial change
AB42,stat,2318501,0.117572,266,148.5,0.8409633147004238,No substantial change
AB42,stat,2319501,0.118095,285,149,0.9356495885899425,No substantial change
AB42,stat,2320501,0.118617,243.5,165.5,0.5570905552751245,No substantial change
AB42,stat,2321501,0.11914,255,173.5,0.5555615842805971,No substantial change
AB42,stat,2322501,0.119662,287.5,164,0.8098661412136537,No substantial change
AB42,stat,2323501,0.120185,230.5,148,0.6391695748003882,No substantial change
AB42,stat,2324501,0.120707,259.5,148,0.810137362728931,No substantial change
AB42,stat,2325501,0.12123,251,163.5,0.6183967284526894,No substantial change
AB42,stat,2326501,0.121752,297,168.5,0.8177143396189074,No substantial change
AB42,stat,2327501,0.122275,328.5,176,0.9003179416850323,No substantial change
AB42,stat,2328501,0.122798,237.5,172.5,0.4613311515527787,No substantial change
AB42,stat,2329501,0.12332,268.5,252.5,0.0886387003462556,No substantial change
AB42,stat,2330501,0.123843,275,256,0.10328780841202195,No substantial change
AB42,stat,2331501,0.124365,240.5,264,-0.13450103558841145,No substantial change
AB42,stat,2332501,0.124888,236.5,191.5,0.30449579141443817,No substantial change
AB42,stat,2333501,0.12541,244.5,215,0.1854978053627734,No substantial change
AB42,stat,2334501,0.125933,263,196.5,0.420533487033696,No substantial change
AB42,stat,2335501,0.126455,256.5,232,0.14483402047948196,No substantial change
AB42,stat,2336501,0.126978,280,258,0.11805576152171224,No substantial change
AB42,stat,2337501,0.1275,307.5,319.5,-0.05522952072039218,No substantial change
AB42,stat,2338501,0.128023,263.5,275.5,-0.064249356933943,No substantial change
AB42,stat,2339501,0.128546,324.5,295,0.13750352374993502,No substantial change
AB42,stat,2340501,0.129068,341,362.5,-0.08820925587812439,No substantial change
AB42,stat,2341501,0.129591,371.5,398.5,-0.10121751345187553,No substantial change
AB42,stat,2342501,0.130113,364,485,-0.41404629687579375,No substantial change
AB42,stat,2343501,0.130636,387,494.5,-0.35363695461470046,No substantial change
AB42,stat,2344501,0.131158,336.5,398.5,-0.24397321938015476,No substantial change
AB42,stat,2345501,0.131681,316.5,404.5,-0.3539342030016363,No substantial change
AB42,stat,2346501,0.132203,277,396.5,-0.51743488965479,No substantial change
AB42,stat,2347501,0.132726,284,422.5,-0.5730604116648647,No substantial change
AB42,stat,2348501,0.133248,274.5,462.5,-0.7526472163984758,No substantial change
AB42,stat,2349501,0.133771,294.5,456.5,-0.6323472261537613,No substantial change
AB42,stat,2350501,0.134293,238,406,-0.7705181538772329,No substantial change
AB42,stat,2351501,0.134816,258.5,469,-0.859423642200442,No substantial change
AB42,stat,2352501,0.135339,288,417,-0.5339785720023512,No substantial change
AB42,stat,2353501,0.135861,235.5,371.5,-0.65763515092581315,No substantial change
AB42,stat,2354501,0.136384,271.5,362.5,-0.41702879709793533,No substantial change
AB42,stat,2355501,0.136906,235,321,-0.44991254055730345,No substantial change
AB42,stat,2356501,0.137429,271,389.5,-0.5233304767077975,No substantial change
AB42,stat,2357501,0.137951,250.5,359.5,-0.5211811672440895,No substantial change
AB42,stat,2358501,0.138474,255,366,-0.5213464014251845,No substantial change
AB42,stat,2359501,0.138996,277.5,423.5,-0.6098741980947303,No substantial change
AB42,stat,2360501,0.139519,306.5,464.5,-0.5997915226918714,No substantial change
AB42,stat,2361501,0.140041,269.5,429.5,-0.6723728583859582,No substantial change
AB42,stat,2362501,0.140564,285.5,488,-0.7733904022000434,No substantial change
AB42,stat,2363501,0.141087,225,391,-0.7972436060903152,No substantial change
AB42,stat,2364501,0.141609,258.5,419.5,-0.6985065301248887,No substantial change
AB42,stat,2365501,0.142132,292.5,453.5,-0.6326659260577556,No substantial change
AB42,stat,2366501,0.142654,269,410,-0.6080177369488219,No substantial change
AB42,stat,2367501,0.143177,272,426,-0.6472467789754989,No substantial change
AB42,stat,2368501,0.143699,229,440.5,-0.9437944208234695,No substantial change
AB42,stat,2369501,0.144222,241,407.5,-0.7577669128884782,No substantial change
AB42,stat,2370501,0.144744,283,372.5,-0.39643837251764164,No substantial change
AB42,stat,2371501,0.145267,307.5,409,-0.4115144327151466,No substantial change
AB42,stat,2372501,0.145789,320,404,-0.33628338786443235,No substantial change
AB42,stat,2373501,0.146312,307,454.5,-0.5660416388239278,No substantial change
AB42,stat,2374501,0.146835,363,448,-0.3035291840618535,No substantial change
AB42,stat,2375501,0.147357,336,446,-0.40858247714154455,No substantial change
AB42,stat,2376501,0.14788,292,414.5,-0.5054037326157331,No substantial change
AB42,stat,2377501,0.148402,355.5,443,-0.3174571389356029,No substantial change
AB42,stat,2378501,0.148925,338,441.5,-0.3853901913662816,No substantial change
AB42,stat,2379501,0.149447,368,467.5,-0.34526059871798626,No substantial change
AB42,stat,2380501,0.14997,331.5,459.5,-0.47105599117644675,No substantial change
AB42,stat,2381501,0.150492,313,403,-0.364617181595349,No substantial change
AB42,stat,2382501,0.151015,300,383,-0.35238189142907617,No substantial change
AB42,stat,2383501,0.151537,261,383,-0.5532945853550727,No substantial change
AB42,stat,2384501,0.15206,246,375.5,-0.610154592175032,No substantial change
AB42,stat,2385501,0.152582,322.5,506,-0.6498382243836937,No substantial change
AB42,stat,2386501,0.153105,195.5,330,-0.7552974169384635,No substantial change
AB42,stat,2387501,0.153628,234.5,384.5,-0.7133956754464501,No substantial change
AB42,stat,2388501,0.15415,237,361,-0.607111777988912,No substantial change
AB42,stat,2389501,0.154673,193.5,332,-0.7788496752025144,No substantial change
AB42,stat,2390501,0.155195,320.5,552.5,-0.7856501076600527,No substantial change
AB42,stat,2391501,0.155718,251,459.5,-0.8723774973382624,No substantial change
AB42,stat,2392501,0.15624,220.5,374.5,-0.7641870629012306,No substantial change
AB42,stat,2393501,0.156763,203,345,-0.7651166344803553,No substantial change
AB42,stat,2394501,0.157285,261,394,-0.5941458228864916,No substantial change
AB42,stat,2395501,0.157808,246.5,444,-0.8489720299721943,No substantial change
AB42,stat,2396501,0.15833,260,442.5,-0.7671658319419052,No substantial change
AB42,stat,2397501,0.158853,280,439.5,-0.6504363381984376,No substantial change
AB42,stat,2398501,0.159376,235.5,410,-0.799896849892663,No substantial change
AB42,stat,2399501,0.159898,284.5,468.5,-0.719620395352605,No substantial change
AB42,stat,2400501,0.160421,286,440.5,-0.6231268721420242,No substantial change
AB42,stat,2401501,0.160943,266,454.5,-0.7728540486929174,No substantial change
AB42,stat,2402501,0.161466,219,420.5,-0.9411749306539707,No substantial change
AB42,stat,2403501,0.161988,233.5,416.5,-0.8348939456558856,No substantial change
AB42,stat,2404501,0.162511,257.5,392.5,-0.6081202217084087,No substantial change
AB42,stat,2405501,0.163033,287,481,-0.7449861570943542,No substantial change
AB42,stat,2406501,0.163556,287,438.5,-0.6115261057690452,No substantial change
AB42,stat,2407501,0.164078,282.5,375.5,-0.4105620402117216,No substantial change
AB42,stat,2408501,0.164601,266.5,371,-0.47728365386162735,No substantial change
AB42,stat,2409501,0.165124,297,434,-0.5472321116437135,No substantial change
AB42,stat,2410501,0.165646,347.5,540,-0.6359464294399612,No substantial change
AB42,stat,2411501,0.166169,322,456,-0.5019731360501247,No substantial change
AB42,stat,2412501,0.166691,366,411.5,-0.16904878213758312,No substantial change
AB42,stat,2413501,0.167214,496.5,533,-0.10234181523080205,No substantial change
AB42,stat,2414501,0.167736,447,477.5,-0.09522590173979334,No substantial change
AB42,stat,2415501,0.168259,414,472,-0.18915609186251603,No substantial change
AB42,stat,2416501,0.168781,363,427,-0.2342665216247398,No substantial change
AB42,stat,2417501,0.169304,454.5,531.5,-0.22578939733699752,No substantial change
AB42,stat,2418501,0.169826,363.5,480.5,-0.4025810668541561,No substantial change
AB42,stat,2419501,0.170349,238,289,-0.28010791919273537,No substantial change
AB42,stat,2420501,0.170871,275,272.5,0.013175388747733167,No substantial change
AB42,stat,2421501,0.171394,262.5,341,-0.3774543164706875,No substantial change
AB42,stat,2422501,0.171917,215,275.5,-0.3577156589816974,No substantial change
AB42,stat,2423501,0.172439,217.5,238,-0.1299461725718529,No substantial change
AB42,stat,2424501,0.172962,226.5,246.5,-0.12207659633167645,No substantial change
AB42,stat,2425501,0.173484,242.5,286,-0.23803039970389936,No substantial change
AB42,stat,2426501,0.174007,289.5,401.5,-0.4718366395280779,No substantial change
AB42,stat,2427501,0.174529,244.5,341,-0.47993727407193865,No substantial change
AB42,stat,2428501,0.175052,282,442,-0.6483512069926382,No substantial change
AB42,stat,2429501,0.175574,392.5,688,-0.8097159109231087,No substantial change
AB42,stat,2430501,0.176097,316.5,557.5,-0.8167663053793257,No substantial change
AB42,stat,2431501,0.176619,173,308,-0.8321583130581768,No substantial change
AB42,stat,2432501,0.177142,153,313,-1.0326310042399665,Depleted in Meropenem
AB42,stat,2433501,0.177665,173,316.5,-0.8714334617916166,No substantial change
AB42,stat,2434501,0.178187,214,415,-0.9555005398331401,No substantial change
AB42,stat,2435501,0.17871,203,382,-0.9120929108505724,No substantial change
AB42,stat,2436501,0.179232,195.5,355,-0.860650417084692,No substantial change
AB42,stat,2437501,0.179755,176,335.5,-0.9307373375628862,No substantial change
AB42,stat,2438501,0.180277,236,431.5,-0.8705736998171136,No substantial change
AB42,stat,2439501,0.1808,239.5,385.5,-0.6867052041788541,No substantial change
AB42,stat,2440501,0.181322,237.5,337.5,-0.506959988719883,No substantial change
AB42,stat,2441501,0.181845,227.5,369.5,-0.6997078190600924,No substantial change
AB42,stat,2442501,0.182367,305,417.5,-0.45296695491116595,No substantial change
AB42,stat,2443501,0.18289,231,317.5,-0.4588637402434706,No substantial change
AB42,stat,2444501,0.183413,257.5,358.5,-0.4774006866313239,No substantial change
AB42,stat,2445501,0.183935,232.5,344,-0.5651778487067043,No substantial change
AB42,stat,2446501,0.184458,272,380,-0.4823927670806084,No substantial change
AB42,stat,2447501,0.18498,283.5,383,-0.4339956569827283,No substantial change
AB42,stat,2448501,0.185503,304,408,-0.42449782852791007,No substantial change
AB42,stat,2449501,0.186025,368.5,471,-0.3540624405177134,No substantial change
AB42,stat,2450501,0.186548,389.5,447.5,-0.20026435408994955,No substantial change
AB42,stat,2451501,0.18707,357.5,413.5,-0.20994408750552285,No substantial change
AB42,stat,2452501,0.187593,378,454.5,-0.2658940599730345,No substantial change
AB42,stat,2453501,0.188115,377.5,459,-0.2820175092013667,No substantial change
AB42,stat,2454501,0.188638,335.5,402,-0.26088273497874515,No substantial change
AB42,stat,2455501,0.18916,380.5,413.5,-0.1199908756677292,No substantial change
AB42,stat,2456501,0.189683,313.5,445,-0.5053398930517211,No substantial change
AB42,stat,2457501,0.190206,343.5,461,-0.4244566516112379,No substantial change
AB42,stat,2458501,0.190728,321,456.5,-0.5080415628619188,No substantial change
AB42,stat,2459501,0.191251,308,453,-0.5565806993513337,No substantial change
AB42,stat,2460501,0.191773,265.5,428.5,-0.6905833433083463,No substantial change
AB42,stat,2461501,0.192296,236,429.5,-0.8638712717766222,No substantial change
AB42,stat,2462501,0.192818,242.5,447.5,-0.8839029350771287,No substantial change
AB42,stat,2463501,0.193341,228.5,447.5,-0.9696935170935492,No substantial change
AB42,stat,2464501,0.193863,257.5,413.5,-0.6833148971006938,No substantial change
AB42,stat,2465501,0.194386,257,447.5,-0.8001193229577408,No substantial change
AB42,stat,2466501,0.194908,236,416.5,-0.8195296360037064,No substantial change
AB42,stat,2467501,0.195431,183,387.5,-1.0823526618775576,Depleted in Meropenem
AB42,stat,2468501,0.195954,182.5,406.5,-1.155358888307648,Depleted in Meropenem
AB42,stat,2469501,0.196476,234,428.5,-0.8727866745290952,No substantial change
AB42,stat,2470501,0.196999,293.5,559,-0.9294877797331378,No substantial change
AB42,stat,2471501,0.197521,216,400,-0.888968687611256,No substantial change
AB42,stat,2472501,0.198044,233,412,-0.8223143825289382,No substantial change
AB42,stat,2473501,0.198566,191.5,379.5,-0.9867554934905092,No substantial change
AB42,stat,2474501,0.199089,189.5,413,-1.1239439332483536,Depleted in Meropenem
AB42,stat,2475501,0.199611,187.5,367.5,-0.9708536543404835,No substantial change
AB42,stat,2476501,0.200134,216.5,399,-0.8820217214956207,No substantial change
AB42,stat,2477501,0.200656,212,351.5,-0.7294604245093362,No substantial change
AB42,stat,2478501,0.201179,216.5,371,-0.7770521618940783,No substantial change
AB42,stat,2479501,0.201702,215,426.5,-0.9882090817288298,No substantial change
AB42,stat,2480501,0.202224,222.5,411.5,-0.8870870945678655,No substantial change
AB42,stat,2481501,0.202747,227,402,-0.8245032038880136,No substantial change
AB42,stat,2482501,0.203269,217,457,-1.0744991226135905,Depleted in Meropenem
AB42,stat,2483501,0.203792,186,370,-0.9922226494082809,No substantial change
AB42,stat,2484501,0.204314,196.5,393.5,-1.00183432324888,Depleted in Meropenem
AB42,stat,2485501,0.204837,210.5,406,-0.9476594941187803,No substantial change
AB42,stat,2486501,0.205359,187,407.5,-1.1237617892308032,Depleted in Meropenem
AB42,stat,2487501,0.205882,195.5,349,-0.8360584289023,No substantial change
AB42,stat,2488501,0.206404,184,342.5,-0.8963982217908761,No substantial change
AB42,stat,2489501,0.206927,225.5,416.5,-0.8851890621101668,No substantial change
AB42,stat,2490501,0.207449,185.5,350,-0.9159357352115255,No substantial change
AB42,stat,2491501,0.207972,212.5,437,-1.0401704384755344,Depleted in Meropenem
AB42,stat,2492501,0.208495,229,406.5,-0.8279077539780837,No substantial change
AB42,stat,2493501,0.209017,187,353,-0.9166299133835436,No substantial change
AB42,stat,2494501,0.20954,174.5,332.5,-0.9301273041788998,No substantial change
AB42,stat,2495501,0.210062,198,380,-0.9404989882513384,No substantial change
AB42,stat,2496501,0.210585,212.5,402,-0.9197326601538647,No substantial change
AB42,stat,2497501,0.211107,211.5,401.5,-0.9247423243973648,No substantial change
AB42,stat,2498501,0.21163,212,347,-0.7108713980150618,No substantial change
AB42,stat,2499501,0.212152,261,421,-0.6897704264965117,No substantial change
AB42,stat,2500501,0.212675,253.5,422.5,-0.7369655941662062,No substantial change
AB42,stat,2501501,0.213197,229,376.5,-0.7173022665749842,No substantial change
AB42,stat,2502501,0.21372,224,365,-0.7043977317097754,No substantial change
AB42,stat,2503501,0.214243,182,359,-0.980045393624355,No substantial change
AB42,stat,2504501,0.214765,216,382,-0.82254132587228,No substantial change
AB42,stat,2505501,0.215288,178.5,425,-1.2515387669959646,Depleted in Meropenem
AB42,stat,2506501,0.21581,258.5,422.5,-0.708787060854612,No substantial change
AB42,stat,2507501,0.216333,394.5,656.5,-0.7347697108794283,No substantial change
AB42,stat,2508501,0.216855,247,402,-0.7026844595942509,No substantial change
AB42,stat,2509501,0.217378,235,362.5,-0.6253202383372972,No substantial change
AB42,stat,2510501,0.2179,237.5,413,-0.7982142682011352,No substantial change
AB42,stat,2511501,0.218423,296,457,-0.6265969894291199,No substantial change
AB42,stat,2512501,0.218945,199.5,326.5,-0.7106942453240849,No substantial change
AB42,stat,2513501,0.219468,214.5,273.5,-0.3505631852930109,No substantial change
AB42,stat,2514501,0.219991,210.5,295,-0.4868947211828076,No substantial change
AB42,stat,2515501,0.220513,218.5,287.5,-0.3959286763311392,No substantial change
AB42,stat,2516501,0.221036,177.5,320,-0.8502528804953179,No substantial change
AB42,stat,2517501,0.221558,166,291.5,-0.8123126418535715,No substantial change
AB42,stat,2518501,0.222081,176,324.5,-0.8826430493618412,No substantial change
AB42,stat,2519501,0.222603,219.5,351,-0.6772500907692024,No substantial change
AB42,stat,2520501,0.223126,225.5,375,-0.7337631621278622,No substantial change
AB42,stat,2521501,0.223648,229.5,353,-0.6211740298573724,No substantial change
AB42,stat,2522501,0.224171,210.5,385,-0.8710382125158675,No substantial change
AB42,stat,2523501,0.224693,190,333,-0.8095227587403142,No substantial change
AB42,stat,2524501,0.225216,215,359,-0.7396471842335912,No substantial change
AB42,stat,2525501,0.225738,162,306,-0.9175378398080271,No substantial change
AB42,stat,2526501,0.226261,200.5,316,-0.6563223217221825,No substantial change
AB42,stat,2527501,0.226784,239,350,-0.5503443038515803,No substantial change
AB42,stat,2528501,0.227306,309,427.5,-0.4683175818688856,No substantial change
AB42,stat,2529501,0.227829,274,381.5,-0.47750716387400377,No substantial change
AB42,stat,2530501,0.228351,282,411,-0.5434432312828892,No substantial change
AB42,stat,2531501,0.228874,358,483.5,-0.4335563022125848,No substantial change
AB42,stat,2532501,0.229396,366.5,465,-0.3434175178615818,No substantial change
AB42,stat,2533501,0.229919,347.5,467.5,-0.4279533871641293,No substantial change
AB42,stat,2534501,0.230441,354,419.5,-0.24492145035682578,No substantial change
AB42,stat,2535501,0.230964,349.5,396.5,-0.18202841032854203,No substantial change
AB42,stat,2536501,0.231486,301,356.5,-0.24413858968418597,No substantial change
AB42,stat,2537501,0.232009,307,368.5,-0.26342596372489036,No substantial change
AB42,stat,2538501,0.232532,308,367.5,-0.25481389902882534,No substantial change
AB42,stat,2539501,0.233054,271.5,344,-0.34145636689773645,No substantial change
AB42,stat,2540501,0.233577,281,373,-0.4086055000343118,No substantial change
AB42,stat,2541501,0.234099,307.5,395.5,-0.36309128424618947,No substantial change
AB42,stat,2542501,0.234622,371,492,-0.40723912871843665,No substantial change
AB42,stat,2543501,0.235144,389.5,578.5,-0.5706936310458208,No substantial change
AB42,stat,2544501,0.235667,264.5,431,-0.7044201469750725,No substantial change
AB42,stat,2545501,0.236189,233,415,-0.8327813815800068,No substantial change
AB42,stat,2546501,0.236712,216.5,430,-0.9899696348627355,No substantial change
AB42,stat,2547501,0.237234,316.5,577,-0.8663658192171411,No substantial change
AB42,stat,2548501,0.237757,256,435.5,-0.7665289085988646,No substantial change
AB42,stat,2549501,0.238279,257.5,421,-0.7092478009958153,No substantial change
AB42,stat,2550501,0.238802,243,379,-0.6412415345653106,No substantial change
AB42,stat,2551501,0.239325,267,394.5,-0.5631855583259046,No substantial change
AB42,stat,2552501,0.239847,283,499,-0.8182377625053782,No substantial change
AB42,stat,2553501,0.24037,256,442,-0.7879025593914314,No substantial change
AB42,stat,2554501,0.240892,240,440.5,-0.8761076133118951,No substantial change
AB42,stat,2555501,0.241415,234.5,428,-0.8680228738857705,No substantial change
AB42,stat,2556501,0.241937,213.5,370.5,-0.7952374726853435,No substantial change
AB42,stat,2557501,0.24246,328.5,518.5,-0.658450618490896,No substantial change
AB42,stat,2558501,0.242982,216.5,397.5,-0.8765878354449929,No substantial change
AB42,stat,2559501,0.243505,195,454,-1.2192181735413044,Depleted in Meropenem
AB42,stat,2560501,0.244027,216,415.5,-0.9438171646068761,No substantial change
AB42,stat,2561501,0.24455,198,361.5,-0.868495216871508,No substantial change
AB42,stat,2562501,0.245073,218.5,349.5,-0.6776591758748379,No substantial change
AB42,stat,2563501,0.245595,209.5,376.5,-0.8456996209725767,No substantial change
AB42,stat,2564501,0.246118,228,399.5,-0.8091616787632351,No substantial change
AB42,stat,2565501,0.24664,244.5,376.5,-0.6228153997196945,No substantial change
AB42,stat,2566501,0.247163,243.5,479,-0.9761038836538379,No substantial change
AB42,stat,2567501,0.247685,260.5,492,-0.9173749430607318,No substantial change
AB42,stat,2568501,0.248208,217,395,-0.8641576106199859,No substantial change
AB42,stat,2569501,0.24873,233,447.5,-0.9415577274973386,No substantial change
AB42,stat,2570501,0.249253,234.5,432.5,-0.8831122100087104,No substantial change
AB42,stat,2571501,0.249775,214,397,-0.8915282107418109,No substantial change
AB42,stat,2572501,0.250298,213.5,352,-0.7213393590168068,No substantial change
AB42,stat,2573501,0.250821,240,441.5,-0.8793790320399476,No substantial change
AB42,stat,2574501,0.251343,231.5,456,-0.9780216309045053,No substantial change
AB42,stat,2575501,0.251866,224.5,440,-0.9707880787835126,No substantial change
AB42,stat,2576501,0.252388,181.5,403.5,-1.1525991252820296,Depleted in Meropenem
AB42,stat,2577501,0.252911,227.5,394,-0.7923290843703176,No substantial change
AB42,stat,2578501,0.253433,183,358,-0.968115938980214,No substantial change
AB42,stat,2579501,0.253956,263.5,517,-0.97236131867772,No substantial change
AB42,stat,2580501,0.254478,238.5,420.5,-0.8181165342496328,No substantial change
AB42,stat,2581501,0.255001,201.5,360,-0.8372170678017073,No substantial change
AB42,stat,2582501,0.255523,184.5,354,-0.9401285440226013,No substantial change
AB42,stat,2583501,0.256046,209,374.5,-0.8414627763778683,No substantial change
AB42,stat,2584501,0.256568,221,432.5,-0.9686537631326555,No substantial change
AB42,stat,2585501,0.257091,215,369.5,-0.7812377045566905,No substantial change
AB42,stat,2586501,0.257614,255,468.5,-0.8775518008003289,No substantial change
AB42,stat,2587501,0.258136,243,418.5,-0.7842713089445628,No substantial change
AB42,stat,2588501,0.25865899999999997,228,378.5,-0.73125947582099,No substantial change
AB42,stat,2589501,0.259181,274,468,-0.7723326366228778,No substantial change
AB42,stat,2590501,0.259704,200,380.5,-0.9278964537288207,No substantial change
AB42,stat,2591501,0.260226,195.5,356,-0.8647086336590455,No substantial change
AB42,stat,2592501,0.260749,253,486.5,-0.9433024200868014,No substantial change
AB42,stat,2593501,0.261271,244.5,399,-0.7065542812701119,No substantial change
AB42,stat,2594501,0.261794,252,409,-0.6986771094418325,No substantial change
AB42,stat,2595501,0.262316,244,486,-0.9940751660428945,No substantial change
AB42,stat,2596501,0.262839,212.5,413,-0.9586789403943812,No substantial change
AB42,stat,2597501,0.263362,219.5,434,-0.9834741029091213,No substantial change
AB42,stat,2598501,0.263884,210,406,-0.9510903995190535,No substantial change
AB42,stat,2599501,0.264407,249.5,429,-0.7819378321622851,No substantial change
AB42,stat,2600501,0.264929,215,359.5,-0.7416551108498375,No substantial change
AB42,stat,2601501,0.265452,220,390,-0.8259706002249511,No substantial change
AB42,stat,2602501,0.265974,265,415.5,-0.648856117319783,No substantial change
AB42,stat,2603501,0.266497,242.5,357,-0.5579393269546096,No substantial change
AB42,stat,2604501,0.267019,241.5,390.5,-0.6932993593062061,No substantial change
AB42,stat,2605501,0.267542,206.5,402,-0.9610537197594832,No substantial change
AB42,stat,2606501,0.268064,199.5,451,-1.1767386870330352,Depleted in Meropenem
AB42,stat,2607501,0.268587,185,391.5,-1.0814870367747285,Depleted in Meropenem
AB42,stat,2608501,0.26911,199,447.5,-1.16911925160797,Depleted in Meropenem
AB42,stat,2609501,0.269632,217,436,-1.006633092332447,Depleted in Meropenem
AB42,stat,2610501,0.270155,259.5,496.5,-0.9360591791704931,No substantial change
AB42,stat,2611501,0.270677,274.5,496,-0.8535339713816765,No substantial change
AB42,stat,2612501,0.2712,233.5,445,-0.9303827861440981,No substantial change
AB42,stat,2613501,0.271722,292.5,578,-0.9826328680299118,No substantial change
AB42,stat,2614501,0.272245,227.5,424.5,-0.8998980084669798,No substantial change
AB42,stat,2615501,0.272767,247,471,-0.9312160180281055,No substantial change
AB42,stat,2616501,0.27329,229.5,419.5,-0.8701766570260152,No substantial change
AB42,stat,2617501,0.273812,224,366,-0.7083449162264384,No substantial change
AB42,stat,2618501,0.274335,265,421,-0.6678278736158346,No substantial change
AB42,stat,2619501,0.274857,217.5,378,-0.7973708334849822,No substantial change
AB42,stat,2620501,0.27538,246,385,-0.6462001302430238,No substantial change
AB42,stat,2621501,0.275903,250,379.5,-0.6021717907533792,No substantial change
AB42,stat,2622501,0.276425,260.5,450.5,-0.7902437335350303,No substantial change
AB42,stat,2623501,0.276948,312.5,446.5,-0.5148039855717734,No substantial change
AB42,stat,2624501,0.27747,495,658,-0.4106590587682696,No substantial change
AB42,stat,2625501,0.277993,437.5,511.5,-0.22545122302563747,No substantial change
AB42,stat,2626501,0.278515,325.5,416.5,-0.3556589521999121,No substantial change
AB42,stat,2627501,0.279038,337,459,-0.4457455622319495,No substantial change
AB42,stat,2628501,0.27956,346.5,488,-0.49402579542567243,No substantial change
AB42,stat,2629501,0.280083,352,495,-0.49185309632967467,No substantial change
AB42,stat,2630501,0.280605,274,383,-0.4831684989644303,No substantial change
AB42,stat,2631501,0.281128,264,387,-0.5517956367859569,No substantial change
AB42,stat,2632501,0.281651,257,417,-0.6982790242507854,No substantial change
AB42,stat,2633501,0.282173,246,403.5,-0.7139103579385405,No substantial change
AB42,stat,2634501,0.282696,217.5,382.5,-0.8144443468439235,No substantial change
AB42,stat,2635501,0.283218,255.5,397.5,-0.6376315692340965,No substantial change
AB42,stat,2636501,0.283741,206.5,427.5,-1.049782638353815,Depleted in Meropenem
AB42,stat,2637501,0.284263,222,438,-0.9803711932510674,No substantial change
AB42,stat,2638501,0.284786,200,376.5,-0.9126498648972036,No substantial change
AB42,stat,2639501,0.285308,181,363.5,-1.005965666836389,Depleted in Meropenem
AB42,stat,2640501,0.285831,220,412,-0.9051408136585588,No substantial change
AB42,stat,2641501,0.286353,178,368,-1.0478285250906152,Depleted in Meropenem
AB42,stat,2642501,0.286876,200,396.5,-0.9873208659292537,No substantial change
AB42,stat,2643501,0.287399,212.5,399.5,-0.9107326619029127,No substantial change
AB42,stat,2644501,0.287921,227.5,430,-0.9184701145034015,No substantial change
AB42,stat,2645501,0.288444,168,380,-1.1775381855521876,Depleted in Meropenem
AB42,stat,2646501,0.288966,188.5,327,-0.7947261122294182,No substantial change
AB42,stat,2647501,0.289489,205,351.5,-0.7779007795670893,No substantial change
AB42,stat,2648501,0.290011,182,347,-0.9309972123795647,No substantial change
AB42,stat,2649501,0.290534,216.5,399.5,-0.8838284782012518,No substantial change
AB42,stat,2650501,0.291056,194,364,-0.9078817980115687,No substantial change
AB42,stat,2651501,0.291579,228.5,403.5,-0.8203745082197107,No substantial change
AB42,stat,2652501,0.292101,258,444.5,-0.7848123534065158,No substantial change
AB42,stat,2653501,0.292624,225,342.5,-0.606178986630852,No substantial change
AB42,stat,2654501,0.293146,252.5,367.5,-0.5414608620845697,No substantial change
AB42,stat,2655501,0.293669,228,355.5,-0.6408157354546735,No substantial change
AB42,stat,2656501,0.294192,231,374,-0.6951454184715791,No substantial change
AB42,stat,2657501,0.294714,219,405,-0.8869910381708137,No substantial change
AB42,stat,2658501,0.295237,219.5,395,-0.8476317135291072,No substantial change
AB42,stat,2659501,0.295759,215.5,357.5,-0.7302553725766535,No substantial change
AB42,stat,2660501,0.296282,222,338,-0.6064635699320783,No substantial change
AB42,stat,2661501,0.296804,233.5,404,-0.7909327430421329,No substantial change
AB42,stat,2662501,0.297327,217,391.5,-0.85131726484656145,No substantial change
AB42,stat,2663501,0.297849,233.5,362.5,-0.6345584451926348,No substantial change
AB42,stat,2664501,0.298372,216.5,415,-0.9387443115075622,No substantial change
AB42,stat,2665501,0.298894,216,403,-0.899748526364499,No substantial change
AB42,stat,2666501,0.299417,188,381,-1.0190583358156846,Depleted in Meropenem
AB42,stat,2667501,0.29994,238.5,388,-0.702067386181616,No substantial change
AB42,stat,2668501,0.300462,268,378.5,-0.4980602995279592,No substantial change
AB42,stat,2669501,0.300985,222,339,-0.6107255967862378,No substantial change
AB42,stat,2670501,0.301507,251.5,384,-0.6105479109156292,No substantial change
AB42,stat,2671501,0.30203,270,489,-0.8568750579014027,No substantial change
AB42,stat,2672501,0.302552,269,426.5,-0.6649395687616662,No substantial change
AB42,stat,2673501,0.303075,255,398,-0.6422711836847907,No substantial change
AB42,stat,2674501,0.303597,261.5,411,-0.6523274474347417,No substantial change
AB42,stat,2675501,0.30412,296.5,451,-0.6050953287093772,No substantial change
AB42,stat,2676501,0.304642,281.5,407,-0.5318938721860174,No substantial change
AB42,stat,2677501,0.305165,268,379.5,-0.5018668849576939,No substantial change
AB42,stat,2678501,0.305688,320.5,409.5,-0.3535390950222676,No substantial change
AB42,stat,2679501,0.30621,249,377.5,-0.6003309021443605,No substantial change
AB42,stat,2680501,0.306733,265.5,389.5,-0.5529114672575156,No substantial change
AB42,stat,2681501,0.307255,216,391.5,-0.8579809951275721,No substantial change
AB42,stat,2682501,0.307778,258.5,486,-0.9107920332908463,No substantial change
AB42,stat,2683501,0.3083,312.5,548.5,-0.8116354308537436,No substantial change
AB42,stat,2684501,0.308823,233,425.5,-0.8688291770316825,No substantial change
AB42,stat,2685501,0.309345,200,351.5,-0.8135246892978105,No substantial change
AB42,stat,2686501,0.309868,245.5,430,-0.8086136352747672,No substantial change
AB42,stat,2687501,0.31039,288.5,458.5,-0.6683504149495719,No substantial change
AB42,stat,2688501,0.310913,256.5,384.5,-0.5840247723547725,No substantial change
AB42,stat,2689501,0.311435,256,435,-0.7648715907360907,No substantial change
AB42,stat,2690501,0.311958,397,575.5,-0.5356769209892726,No substantial change
AB42,stat,2691501,0.312481,378,549.5,-0.5397332467281586,No substantial change
AB42,stat,2692501,0.313003,301,490,-0.7030182622428685,No substantial change
AB42,stat,2693501,0.313526,261.5,390,-0.5766631775026694,No substantial change
AB42,stat,2694501,0.314048,249.5,397.5,-0.6719150448344572,No substantial change
AB42,stat,2695501,0.314571,322,466,-0.5332692665396633,No substantial change
AB42,stat,2696501,0.315093,279,398.5,-0.5143146021612842,No substantial change
AB42,stat,2697501,0.315616,362.5,476.5,-0.3944952190076451,No substantial change
AB42,stat,2698501,0.316138,282,403.5,-0.5168735108789867,No substantial change
AB42,stat,2699501,0.316661,264,329,-0.31754965437678806,No substantial change
AB42,stat,2700501,0.317183,292,366.5,-0.32784482925379466,No substantial change
AB42,stat,2701501,0.317706,278.5,378.5,-0.44261597264569996,No substantial change
AB42,stat,2702501,0.318229,311.5,395.5,-0.3444455314487899,No substantial change
AB42,stat,2703501,0.318751,346.5,471.5,-0.44440241853788276,No substantial change
AB42,stat,2704501,0.319274,283,390.5,-0.4645204953100971,No substantial change
AB42,stat,2705501,0.319796,276.5,401.5,-0.5381205072826075,No substantial change
AB42,stat,2706501,0.320319,302,463,-0.6164636439351576,No substantial change
AB42,stat,2707501,0.320841,313.5,541.5,-0.7884958948062882,No substantial change
AB42,stat,2708501,0.321364,320.5,492,-0.618333958720499,No substantial change
AB42,stat,2709501,0.321886,341.5,542.5,-0.6677375590417511,No substantial change
AB42,stat,2710501,0.322409,278,478,-0.7819257352572411,No substantial change
AB42,stat,2711501,0.322931,231,391.5,-0.7611194558749832,No substantial change
AB42,stat,2712501,0.323454,261.5,400.5,-0.6149912961617686,No substantial change
AB42,stat,2713501,0.323977,252.5,395,-0.6455692654253082,No substantial change
AB42,stat,2714501,0.324499,237,356,-0.5869901820681386,No substantial change
AB42,stat,2715501,0.325022,227.5,412.5,-0.8585275740471195,No substantial change
AB42,stat,2716501,0.325544,266.5,431.5,-0.695225026419779,No substantial change
AB42,stat,2717501,0.326067,353,494.5,-0.48630233748793056,No substantial change
AB42,stat,2718501,0.326589,373,480.5,-0.3653608005185127,No substantial change
AB42,stat,2719501,0.327112,334,422.5,-0.3391032386954944,No substantial change
AB42,stat,2720501,0.327634,292.5,379.5,-0.37566326094469943,No substantial change
AB42,stat,2721501,0.328157,308.5,367.5,-0.25247376057430887,No substantial change
AB42,stat,2722501,0.328679,316,394.5,-0.32010074183635556,No substantial change
AB42,stat,2723501,0.329202,310,411,-0.4068701784074454,No substantial change
AB42,stat,2724501,0.329724,229,327.5,-0.5161473083278686,No substantial change
AB42,stat,2725501,0.330247,206.5,296,-0.5194553942095045,No substantial change
AB42,stat,2726501,0.33077,212,289,-0.4470052279374796,No substantial change
AB42,stat,2727501,0.331292,218,307.5,-0.49625827544967577,No substantial change
AB42,stat,2728501,0.331815,220.5,300,-0.44418384493836033,No substantial change
AB42,stat,2729501,0.332337,235,348.5,-0.5684978993034234,No substantial change
AB42,stat,2730501,0.33286,220,345,-0.6490928381408719,No substantial change
AB42,stat,2731501,0.333382,166.5,342.5,-1.040581810776627,Depleted in Meropenem
AB42,stat,2732501,0.333905,133.5,339,-1.34444553144879,Depleted in Meropenem
AB42,stat,2733501,0.334427,205.5,409.5,-0.9947250579593258,No substantial change
AB42,stat,2734501,0.33495,164.5,370.5,-1.1713859585705924,Depleted in Meropenem
AB42,stat,2735501,0.335472,234,397.5,-0.7644463305883132,No substantial change
AB42,stat,2736501,0.335995,210,359.5,-0.7756024427731751,No substantial change
AB42,stat,2737501,0.336518,198,371.5,-0.9078617804589865,No substantial change
AB42,stat,2738501,0.33704,238.5,428,-0.8436215303956355,No substantial change
AB42,stat,2739501,0.337563,196.5,386,-0.9740715350094739,No substantial change
AB42,stat,2740501,0.338085,185,318,-0.7815014947680433,No substantial change
AB42,stat,2741501,0.338608,250.5,404,-0.6895446895565863,No substantial change
AB42,stat,2742501,0.33913,263,424.5,-0.6907017542607362,No substantial change
AB42,stat,2743501,0.339653,264.5,482.5,-0.867261220041417,No substantial change
AB42,stat,2744501,0.340175,206.5,430,-1.058194878170015,Depleted in Meropenem
AB42,stat,2745501,0.340698,263.5,458.5,-0.7991187719578396,No substantial change
AB42,stat,2746501,0.34122,241.5,400.5,-0.7297790535729369,No substantial change
AB42,stat,2747501,0.341743,224,432,-0.9475325801058645,No substantial change
AB42,stat,2748501,0.342266,214.5,411,-0.9381607461821374,No substantial change
AB42,stat,2749501,0.342788,224.5,393,-0.8078138675174595,No substantial change
AB42,stat,2750501,0.343311,238.5,446,-0.9030544439147931,No substantial change
AB42,stat,2751501,0.343833,230,451,-0.9714935723110056,No substantial change
AB42,stat,2752501,0.344356,242,391.5,-0.694005260016446,No substantial change
AB42,stat,2753501,0.344878,256,449.5,-0.8121773055144473,No substantial change
AB42,stat,2754501,0.345401,191.5,382.5,-0.998115355655057,No substantial change
AB42,stat,2755501,0.345923,176,356.5,-1.0183266478065909,Depleted in Meropenem
AB42,stat,2756501,0.346446,229,427.5,-0.9005768216763161,No substantial change
AB42,stat,2757501,0.346968,224.5,366.5,-0.7070977533926649,No substantial change
AB42,stat,2758501,0.347491,198.5,322.5,-0.7001601531676587,No substantial change
AB42,stat,2759501,0.348013,224.5,325.5,-0.5359420984244886,No substantial change
AB42,stat,2760501,0.348536,252.5,316,-0.3236411705379458,No substantial change
AB42,stat,2761501,0.349059,245.5,354.5,-0.530062602924823,No substantial change
AB42,stat,2762501,0.349581,215,316,-0.5555878985876427,No substantial change
AB42,stat,2763501,0.350104,187.5,287.5,-0.6166713604484944,No substantial change
AB42,stat,2764501,0.350626,202,300,-0.5706072077440861,No substantial change
AB42,stat,2765501,0.351149,228.5,365.5,-0.6776772408943675,No substantial change
AB42,stat,2766501,0.351671,243.5,393.5,-0.6924418634251444,No substantial change
AB42,stat,2767501,0.352194,241,357,-0.566890927799138,No substantial change
AB42,stat,2768501,0.352716,340,457,-0.42665941892036796,No substantial change
AB42,stat,2769501,0.353239,362,463.5,-0.3565796415423254,No substantial change
AB42,stat,2770501,0.353761,328,424,-0.3703684499451154,No substantial change
AB42,stat,2771501,0.354284,447.5,467,-0.06153486755804311,No substantial change
AB42,stat,2772501,0.354807,487,483.5,0.010405882605500983,No substantial change
AB42,stat,2773501,0.355329,642.5,590,0.12298149983203682,No substantial change
AB42,stat,2774501,0.355852,529.5,481.5,0.1370948861488772,No substantial change
AB42,stat,2775501,0.356374,656.5,552.5,0.24882054661409297,No substantial change
AB42,stat,2776501,0.356897,561.5,539.5,0.05766306291258417,No substantial change
AB42,stat,2777501,0.357419,446,397.5,0.16608884974858698,No substantial change
AB42,stat,2778501,0.357942,560.5,531.5,0.07664468127432197,No substantial change
AB42,stat,2779501,0.358464,566.5,557.5,0.023104151012848687,No substantial change
AB42,stat,2780501,0.358987,477.5,490.5,-0.038752403296127703,No substantial change
AB42,stat,2781501,0.359509,372.5,414,-0.15239034214980132,No substantial change
AB42,stat,2782501,0.360032,300,346.5,-0.20789285164133287,No substantial change
AB42,stat,2783501,0.360555,314,366,-0.22107908939241552,No substantial change
AB42,stat,2784501,0.361077,230,324,-0.4943599519402494,No substantial change
AB42,stat,2785501,0.3616,229,302,-0.399200951228135,No substantial change
AB42,stat,2786501,0.362122,366,419,-0.1951065954153091,No substantial change
AB42,stat,2787501,0.362645,380,428.5,-0.17329578578155194,No substantial change
AB42,stat,2788501,0.363167,377,410.5,-0.12281769850914057,No substantial change
AB42,stat,2789501,0.36369,382.5,480.5,-0.32907668319373623,No substantial change
AB42,stat,2790501,0.364212,398.5,436.5,-0.1314019296389683,No substantial change
AB42,stat,2791501,0.364735,444,469.5,-0.08056548130366861,No substantial change
AB42,stat,2792501,0.365257,479,510.5,-0.09188530514162126,No substantial change
AB42,stat,2793501,0.36578,419.5,514,-0.29309754875405486,No substantial change
AB42,stat,2794501,0.366302,430.5,514.5,-0.25715783949712445,No substantial change
AB42,stat,2795501,0.366825,407,470,-0.20763196229875272,No substantial change
AB42,stat,2796501,0.367348,299,412.5,-0.46424863493507307,No substantial change
AB42,stat,2797501,0.36787,273.5,385,-0.49331761278970726,No substantial change
AB42,stat,2798501,0.368393,200.5,371,-0.8878169501658829,No substantial change
AB42,stat,2799501,0.368915,241,419.5,-0.7996376642098616,No substantial change
AB42,stat,2800501,0.369438,236.5,434,-0.875854859105084,No substantial change
AB42,stat,2801501,0.36996,195,362,-0.8925155733335947,No substantial change
AB42,stat,2802501,0.370483,228,349,-0.6141932120449105,No substantial change
AB42,stat,2803501,0.371005,251.5,377.5,-0.5859182444069142,No substantial change
AB42,stat,2804501,0.371528,228.5,364,-0.6717442851406266,No substantial change
AB42,stat,2805501,0.37205,213,328,-0.6228423843922454,No substantial change
AB42,stat,2806501,0.372573,243,365,-0.5869401501615986,No substantial change
AB42,stat,2807501,0.373096,296,349.5,-0.23969527974648655,No substantial change
AB42,stat,2808501,0.373618,318,443.5,-0.47990733901670846,No substantial change
AB42,stat,2809501,0.374141,314,402.5,-0.3582242241103524,No substantial change
AB42,stat,2810501,0.374663,288.5,409,-0.5035295242962664,No substantial change
AB42,stat,2811501,0.375186,274.5,372.5,-0.44043427634432536,No substantial change
AB42,stat,2812501,0.375708,357.5,528,-0.5625946876927016,No substantial change
AB42,stat,2813501,0.376231,349.5,503.5,-0.5266993226313482,No substantial change
AB42,stat,2814501,0.376753,260.5,391,-0.5858852350288442,No substantial change
AB42,stat,2815501,0.377276,309.5,418,-0.4335635328666182,No substantial change
AB42,stat,2816501,0.377798,329,496.5,-0.5937061337931325,No substantial change
AB42,stat,2817501,0.378321,301.5,451,-0.5809694313552962,No substantial change
AB42,stat,2818501,0.378843,360.5,463,-0.3610129340194139,No substantial change
AB42,stat,2819501,0.379366,345,496,-0.5237437587213438,No substantial change
AB42,stat,2820501,0.379889,348.5,460.5,-0.40204250022291244,No substantial change
AB42,stat,2821501,0.380411,271,406.5,-0.5849625007211563,No substantial change
AB42,stat,2822501,0.380934,272.5,399,-0.550132516558057,No substantial change
AB42,stat,2823501,0.381456,270.5,396,-0.5498718362527943,No substantial change
AB42,stat,2824501,0.381979,235.5,388,-0.7203295925743446,No substantial change
AB42,stat,2825501,0.382501,223.5,402.5,-0.8487139518186616,No substantial change
AB42,stat,2826501,0.383024,232,437,-0.9135084743730264,No substantial change
AB42,stat,2827501,0.383546,252,458.5,-0.8634980000951379,No substantial change
AB42,stat,2828501,0.384069,291,450.5,-0.6305079529052546,No substantial change
AB42,stat,2829501,0.384591,239,413.5,-0.790876711190526,No substantial change
AB42,stat,2830501,0.385114,220,446.5,-1.021156651596563,Depleted in Meropenem
AB42,stat,2831501,0.385637,234,407,-0.7985202646828425,No substantial change
AB42,stat,2832501,0.386159,225.5,390,-0.7903466904942296,No substantial change
AB42,stat,2833501,0.386682,235,339,-0.5286245165713441,No substantial change
AB42,stat,2834501,0.387204,220.5,411,-0.8983597381241625,No substantial change
AB42,stat,2835501,0.387727,224,435,-0.9575166686784866,No substantial change
AB42,stat,2836501,0.388249,165.5,399,-1.269557529415128,Depleted in Meropenem
AB42,stat,2837501,0.388772,184,386,-1.0688950812110676,Depleted in Meropenem
AB42,stat,2838501,0.389294,210.5,394,-0.9043753963899803,No substantial change
AB42,stat,2839501,0.389817,217.5,414.5,-0.9303567007596596,No substantial change
AB42,stat,2840501,0.390339,312,522.5,-0.7438850081059967,No substantial change
AB42,stat,2841501,0.390862,335,527,-0.65364186629208,No substantial change
AB42,stat,2842501,0.391385,310.5,427,-0.4596428014000089,No substantial change
AB42,stat,2843501,0.391907,253.5,450.5,-0.8295413588101982,No substantial change
AB42,stat,2844501,0.39243,256,406,-0.6653359171851763,No substantial change
AB42,stat,2845501,0.392952,229,376.5,-0.7173022665749842,No substantial change
AB42,stat,2846501,0.393475,267.5,427,-0.6746971783319811,No substantial change
AB42,stat,2847501,0.393997,267.5,479,-0.840486764447671,No substantial change
AB42,stat,2848501,0.39452,315.5,544,-0.7859666462677904,No substantial change
AB42,stat,2849501,0.395042,249,449.5,-0.8521753734463664,No substantial change
AB42,stat,2850501,0.395565,269.5,479,-0.8297403829836746,No substantial change
AB42,stat,2851501,0.396087,286.5,510.5,-0.8333758221208967,No substantial change
AB42,stat,2852501,0.39661,440,602.5,-0.45345771759266446,No substantial change
AB42,stat,2853501,0.397132,460,490.5,-0.09261927527486347,No substantial change
AB42,stat,2854501,0.397655,392.5,416,-0.08389087436210275,No substantial change
AB42,stat,2855501,0.398178,343,403,-0.232571262355155,No substantial change
AB42,stat,2856501,0.3987,300.5,363.5,-0.27459037320840896,No substantial change
AB42,stat,2857501,0.399223,277.5,425,-0.6149750697875958,No substantial change
AB42,stat,2858501,0.399745,345.5,533.5,-0.6268025604361663,No substantial change
AB42,stat,2859501,0.400268,243,390.5,-0.6843662345361984,No substantial change
AB42,stat,2860501,0.40079,257,469.5,-0.8693567984598963,No substantial change
AB42,stat,2861501,0.401313,283.5,546,-0.9455522159776235,No substantial change
AB42,stat,2862501,0.401835,314.5,563.5,-0.8413555932929319,No substantial change
AB42,stat,2863501,0.402358,197,436,-1.14613250532055,Depleted in Meropenem
AB42,stat,2864501,0.40288,212,382,-0.8495083734725495,No substantial change
AB42,stat,2865501,0.403403,209.5,412,-0.9756940934838666,No substantial change
AB42,stat,2866501,0.403926,208,362.5,-0.8013974667612047,No substantial change
AB42,stat,2867501,0.404448,192,390,-1.0223678130284544,Depleted in Meropenem
AB42,stat,2868501,0.404971,198.5,418,-1.074363934937925,Depleted in Meropenem
AB42,stat,2869501,0.405493,165.5,317,-0.9376516233321897,No substantial change
AB42,stat,2870501,0.406016,180.5,368,-1.027706929169842,Depleted in Meropenem
AB42,stat,2871501,0.406538,182.5,380.5,-1.0599999897361658,Depleted in Meropenem
AB42,stat,2872501,0.407061,187,352.5,-0.9145849873985192,No substantial change
AB42,stat,2873501,0.407583,210.5,291,-0.4671989198418878,No substantial change
AB42,stat,2874501,0.408106,210.5,301.5,-0.5183377688336887,No substantial change
AB42,stat,2875501,0.408628,182.5,307,-0.7503421916027997,No substantial change
AB42,stat,2876501,0.409151,216.5,329,-0.6037205590085165,No substantial change
AB42,stat,2877501,0.409674,209.5,322.5,-0.6223489166112649,No substantial change
AB42,stat,2878501,0.410196,195,333,-0.7720480533216514,No substantial change
AB42,stat,2879501,0.410719,200,298.5,-0.5777309314900803,No substantial change
AB42,stat,2880501,0.411241,177,257,-0.5380189991108807,No substantial change
AB42,stat,2881501,0.411764,187,307.5,-0.7175481403389655,No substantial change
AB42,stat,2882501,0.412286,231,392,-0.7629608026991507,No substantial change
AB42,stat,2883501,0.412809,218,371.5,-0.7690340757616699,No substantial change
AB42,stat,2884501,0.413331,213,363.5,-0.771101933693756,No substantial change
AB42,stat,2885501,0.413854,175.5,301.5,-0.780686971595524,No substantial change
AB42,stat,2886501,0.414376,157.5,247,-0.6491592131973989,No substantial change
AB42,stat,2887501,0.414899,173,243,-0.49018427596905634,No substantial change
AB42,stat,2888501,0.415421,194.5,263,-0.4352926443061103,No substantial change
AB42,stat,2889501,0.415944,155,229.5,-0.5662259381395705,No substantial change
AB42,stat,2890501,0.416467,180.5,230.5,-0.352767913542167,No substantial change
AB42,stat,2891501,0.416989,208.5,289,-0.4710221090560153,No substantial change
AB42,stat,2892501,0.417512,161,235,-0.5456000684503828,No substantial change
AB42,stat,2893501,0.418034,179,309,-0.7876472506401181,No substantial change
AB42,stat,2894501,0.418557,184,258.5,-0.49045851425792175,No substantial change
AB42,stat,2895501,0.419079,168.5,245,-0.540033157820712,No substantial change
AB42,stat,2896501,0.419602,188,269.5,-0.5195526110748682,No substantial change
AB42,stat,2897501,0.420124,289,363.5,-0.3308858714189155,No substantial change
AB42,stat,2898501,0.420647,211,245.5,-0.21848002560750795,No substantial change
AB42,stat,2899501,0.421169,248.5,302,-0.28130269776279265,No substantial change
AB42,stat,2900501,0.421692,214,292.5,-0.45082582806962,No substantial change
AB42,stat,2901501,0.422215,201,271,-0.43109735017494305,No substantial change
AB42,stat,2902501,0.422737,236,310,-0.3934813559123964,No substantial change
AB42,stat,2903501,0.42326,186,266.5,-0.5188329116511444,No substantial change
AB42,stat,2904501,0.423782,226,308,-0.4466075782797137,No substantial change
AB42,stat,2905501,0.424305,194.5,311.5,-0.6794620080378099,No substantial change
AB42,stat,2906501,0.424827,194,295.5,-0.6071014779904047,No substantial change
AB42,stat,2907501,0.42535,178,328.5,-0.8840161293559319,No substantial change
AB42,stat,2908501,0.425872,197.5,288,-0.5442161583778472,No substantial change
AB42,stat,2909501,0.426395,187.5,295,-0.6538243588659605,No substantial change
AB42,stat,2910501,0.426917,162,260.5,-0.6852895593938834,No substantial change
AB42,stat,2911501,0.42744,175,304.5,-0.7990873060740037,No substantial change
AB42,stat,2912501,0.427963,204.5,372.5,-0.8651395824077751,No substantial change
AB42,stat,2913501,0.428485,263.5,458.5,-0.7991187719578396,No substantial change
AB42,stat,2914501,0.429008,170.5,376.5,-1.1428781256477558,Depleted in Meropenem
AB42,stat,2915501,0.42953,142.5,310.5,-1.1236313491683774,Depleted in Meropenem
AB42,stat,2916501,0.430053,191,366,-0.9382710102482937,No substantial change
AB42,stat,2917501,0.430575,189.5,368,-0.957507917885921,No substantial change
AB42,stat,2918501,0.431098,184,352,-0.9358696625802845,No substantial change
AB42,stat,2919501,0.43162,182,368.5,-1.0177261688963735,Depleted in Meropenem
AB42,stat,2920501,0.432143,185.5,366,-0.9804244616632393,No substantial change
AB42,stat,2921501,0.432665,201,375,-0.8996950942043145,No substantial change
AB42,stat,2922501,0.433188,178,298.5,-0.7458536902984073,No substantial change
AB42,stat,2923501,0.43371,228,367.5,-0.6887104255589851,No substantial change
AB42,stat,2924501,0.434233,320,471.5,-0.5591858657877341,No substantial change
AB42,stat,2925501,0.434756,390,575,-0.560087832082127,No substantial change
AB42,stat,2926501,0.435278,248.5,336.5,-0.43736065304803085,No substantial change
AB42,stat,2927501,0.435801,236.5,332,-0.4893430580075296,No substantial change
AB42,stat,2928501,0.436323,360.5,424,-0.2340650053223767,No substantial change
AB42,stat,2929501,0.436846,306.5,377,-0.2986774495778828,No substantial change
AB42,stat,2930501,0.437368,302.5,395.5,-0.38674255231083493,No substantial change
AB42,stat,2931501,0.437891,364,447,-0.29633638098462156,No substantial change
AB42,stat,2932501,0.438413,385,525,-0.4474589769712214,No substantial change
AB42,stat,2933501,0.438936,323.5,455,-0.492100833093551,No substantial change
AB42,stat,2934501,0.439458,275.5,394.5,-0.5179729814423009,No substantial change
AB42,stat,2935501,0.439981,259,396.5,-0.6143687680174246,No substantial change
AB42,stat,2936501,0.440504,242.5,361.5,-0.5760108998766279,No substantial change
AB42,stat,2937501,0.441026,293,412,-0.4917436727609705,No substantial change
AB42,stat,2938501,0.441549,284,430,-0.5984457300847782,No substantial change
AB42,stat,2939501,0.442071,233.5,369.5,-0.6621518144364891,No substantial change
AB42,stat,2940501,0.442594,286.5,370,-0.3689901317594073,No substantial change
AB42,stat,2941501,0.443116,326.5,411.5,-0.3338094388751949,No substantial change
AB42,stat,2942501,0.443639,349.5,463.5,-0.40727688325009426,No substantial change
AB42,stat,2943501,0.444161,286,357,-0.3199089272507102,No substantial change
AB42,stat,2944501,0.444684,349.5,393.5,-0.17107118013204992,No substantial change
AB42,stat,2945501,0.445206,358.5,418,-0.22152982337897809,No substantial change
AB42,stat,2946501,0.445729,386,444.5,-0.20358257156168963,No substantial change
AB42,stat,2947501,0.446252,387.5,409,-0.0779045327801489,No substantial change
AB42,stat,2948501,0.446774,356.5,372.5,-0.06333834890563585,No substantial change
AB42,stat,2949501,0.447297,332,391.5,-0.23782906594411596,No substantial change
AB42,stat,2950501,0.447819,256,332.5,-0.37721053038855185,No substantial change
AB42,stat,2951501,0.448342,279,375.5,-0.4285477856850843,No substantial change
AB42,stat,2952501,0.448864,260,368.5,-0.5031529960666151,No substantial change
AB42,stat,2953501,0.449387,304.5,403,-0.40433761062163504,No substantial change
AB42,stat,2954501,0.449909,340,414,-0.2840960213616235,No substantial change
AB42,stat,2955501,0.450432,353.5,403,-0.1890696237185685,No substantial change
AB42,stat,2956501,0.450954,392.5,490.5,-0.32156048244024943,No substantial change
AB42,stat,2957501,0.451477,446.5,493.5,-0.1443899093351748,No substantial change
AB42,stat,2958501,0.451999,449.5,452,-0.008001656900740431,No substantial change
AB42,stat,2959501,0.452522,451,525,-0.21918998929810402,No substantial change
AB42,stat,2960501,0.453045,332.5,425.5,-0.35580479129741077,No substantial change
AB42,stat,2961501,0.453567,240.5,366.5,-0.60777630436377,No substantial change
AB42,stat,2962501,0.45409,268,425,-0.6652298405672916,No substantial change
AB42,stat,2963501,0.454612,203.5,368,-0.8546769717907658,No substantial change
AB42,stat,2964501,0.455135,243.5,397.5,-0.7070330880893756,No substantial change
AB42,stat,2965501,0.455657,229,395,-0.7865050549675214,No substantial change
AB42,stat,2966501,0.45618,203.5,346.5,-0.7678265578709667,No substantial change
AB42,stat,2967501,0.456702,196.5,338,-0.7824939340235778,No substantial change
AB42,stat,2968501,0.457225,242,442.5,-0.8706704076957653,No substantial change
AB42,stat,2969501,0.457747,214,343,-0.6805977797716655,No substantial change
AB42,stat,2970501,0.45827,226,373,-0.7228528578400502,No substantial change
AB42,stat,2971501,0.458793,316.5,527,-0.7355974622088732,No substantial change
AB42,stat,2972501,0.459315,257.5,397,-0.6245665750723771,No substantial change
AB42,stat,2973501,0.459838,268.5,384,-0.5161842227357436,No substantial change
AB42,stat,2974501,0.46036,199.5,388,-0.959667905964782,No substantial change
AB42,stat,2975501,0.460883,247.5,471,-0.9282985346458112,No substantial change
AB42,stat,2976501,0.461405,238,385,-0.6938968722743203,No substantial change
AB42,stat,2977501,0.461928,235,403.5,-0.7799079167127807,No substantial change
AB42,stat,2978501,0.46245000000000003,224,390.5,-0.8018238160843751,No substantial change
AB42,stat,2979501,0.462973,199,350.5,-0.8166460134669744,No substantial change
AB42,stat,2980501,0.463495,264.5,452.5,-0.7746500698565418,No substantial change
AB42,stat,2981501,0.464018,264.5,432,-0.7077635900494429,No substantial change
AB42,stat,2982501,0.464541,268,426,-0.6686204297680659,No substantial change
AB42,stat,2983501,0.465063,230.5,447.5,-0.957120931722281,No substantial change
AB42,stat,2984501,0.465586,261,451.5,-0.7906761809109737,No substantial change
AB42,stat,2985501,0.466108,267.5,436,-0.704789243488417,No substantial change
AB42,stat,2986501,0.466631,208,346.5,-0.7362718239961215,No substantial change
AB42,stat,2987501,0.467153,197,375.5,-0.9306172780578954,No substantial change
AB42,stat,2988501,0.467676,180.5,300,-0.7329636636087099,No substantial change
AB42,stat,2989501,0.468198,173.5,340,-0.9705990835594409,No substantial change
AB42,stat,2990501,0.468721,171,361.5,-1.07999932206522,Depleted in Meropenem
AB42,stat,2991501,0.469243,180,311.5,-0.791235256694327,No substantial change
AB42,stat,2992501,0.469766,185,352,-0.9280501581209852,No substantial change
AB42,stat,2993501,0.470288,201,341,-0.7625762378452438,No substantial change
AB42,stat,2994501,0.470811,147.5,318.5,-1.1105784180070968,Depleted in Meropenem
AB42,stat,2995501,0.471334,182,312,-0.777607578663552,No substantial change
AB42,stat,2996501,0.471856,205.5,299,-0.5410070905164222,No substantial change
AB42,stat,2997501,0.472379,169,255.5,-0.5963000446554371,No substantial change
AB42,stat,2998501,0.472901,185,292,-0.6584430983637052,No substantial change
AB42,stat,2999501,0.473424,239.5,315,-0.39532617265109865,No substantial change
AB42,stat,3000501,0.473946,191.5,289,-0.5937251005757216,No substantial change
AB42,stat,3001501,0.474469,177,262.5,-0.5685680624704876,No substantial change
AB42,stat,3002501,0.474991,195.5,341,-0.8026031317168201,No substantial change
AB42,stat,3003501,0.475514,300,399,-0.41142624572646497,No substantial change
AB42,stat,3004501,0.476036,207.5,337,-0.6996372549475713,No substantial change
AB42,stat,3005501,0.476559,160,284.5,-0.8303567474192195,No substantial change
AB42,stat,3006501,0.477082,208,383,-0.8807608637838648,No substantial change
AB42,stat,3007501,0.477604,170,349,-1.0376922900719503,Depleted in Meropenem
AB42,stat,3008501,0.478127,152.5,356,-1.223067998516149,Depleted in Meropenem
AB42,stat,3009501,0.478649,189.5,389,-1.0375723068151004,Depleted in Meropenem
AB42,stat,3010501,0.479172,156,300.5,-0.9458189618489371,No substantial change
AB42,stat,3011501,0.479694,149.5,294,-0.9756706706382595,No substantial change
AB42,stat,3012501,0.480217,176.5,287.5,-0.7038937725605572,No substantial change
AB42,stat,3013501,0.480739,171.5,377,-1.136355947095852,Depleted in Meropenem
AB42,stat,3014501,0.481262,220,404.5,-0.8786361789053179,No substantial change
AB42,stat,3015501,0.481784,253.5,417.5,-0.7197904503580742,No substantial change
AB42,stat,3016501,0.482307,290,489,-0.7537815649372991,No substantial change
AB42,stat,3017501,0.48283,253,408,-0.6894317672771855,No substantial change
AB42,stat,3018501,0.483352,235.5,400.5,-0.7660751827959269,No substantial change
AB42,stat,3019501,0.483875,279.5,444,-0.667711393506916,No substantial change
AB42,stat,3020501,0.484397,321,426,-0.4082801331035351,No substantial change
AB42,stat,3021501,0.48492,291.5,396,-0.4420045468791131,No substantial change
AB42,stat,3022501,0.485442,328.5,414,-0.3337373971769957,No substantial change
AB42,stat,3023501,0.485965,432,528,-0.28950661719498483,No substantial change
AB42,stat,3024501,0.486487,351.5,442,-0.3305216803188964,No substantial change
AB42,stat,3025501,0.48701,385.5,483.5,-0.326785029561807,No substantial change
AB42,stat,3026501,0.487532,601,724,-0.26862470637202,No substantial change
AB42,stat,3027501,0.488055,576.5,637.5,-0.14510473409444846,No substantial change
AB42,stat,3028501,0.488577,642.5,785,-0.2889961996977488,No substantial change
AB42,stat,3029501,0.4891,645.5,703.5,-0.12413332792934206,No substantial change
AB42,stat,3030501,0.489623,511,511.5,-0.001410948807707308,No substantial change
AB42,stat,3031501,0.490145,384.5,386,-0.005617249306253915,No substantial change
AB42,stat,3032501,0.490668,311,380,-0.2890848382003453,No substantial change
AB42,stat,3033501,0.49119,364.5,377.5,-0.05055782988550416,No substantial change
AB42,stat,3034501,0.491713,387.5,413,-0.09194547125784543,No substantial change
AB42,stat,3035501,0.492235,323.5,411,-0.3453726816891754,No substantial change
AB42,stat,3036501,0.492758,341,425.5,-0.3193873926617902,No substantial change
AB42,stat,3037501,0.49328,305.5,380.5,-0.31672407368481587,No substantial change
AB42,stat,3038501,0.493803,273,377,-0.46566357234881184,No substantial change
AB42,stat,3039501,0.494325,263.5,391,-0.5693656456701377,No substantial change
AB42,stat,3040501,0.494848,209,399.5,-0.9346925608470941,No substantial change
AB42,stat,3041501,0.495371,239,470.5,-0.977184104747788,No substantial change
AB42,stat,3042501,0.495893,225.5,406,-0.8483522939297954,No substantial change
AB42,stat,3043501,0.496416,244,436,-0.8374469872140401,No substantial change
AB42,stat,3044501,0.496938,276.5,515,-0.8972929518358737,No substantial change
AB42,stat,3045501,0.497461,250.5,461.5,-0.8815200444505658,No substantial change
AB42,stat,3046501,0.497983,224.5,412.5,-0.8776786743920313,No substantial change
AB42,stat,3047501,0.498506,190.5,364.5,-0.9361278168336152,No substantial change
AB42,stat,3048501,0.499028,193,405,-1.0693210605039067,Depleted in Meropenem
AB42,stat,3049501,0.499551,207.5,437,-1.0745219432663111,Depleted in Meropenem
AB42,stat,3050501,0.500073,160.5,408.5,-1.3477627810233803,Depleted in Meropenem
AB42,stat,3051501,0.500596,186,390.5,-1.0700199270339479,Depleted in Meropenem
AB42,stat,3052501,0.501119,232,498.5,-1.1034686992706237,Depleted in Meropenem
AB42,stat,3053501,0.501641,201.5,392.5,-0.961912815251022,No substantial change
AB42,stat,3054501,0.502164,242.5,390,-0.6854893766751207,No substantial change
AB42,stat,3055501,0.502686,219.5,350.5,-0.6751935044752649,No substantial change
AB42,stat,3056501,0.503209,234.5,351,-0.5818831077891842,No substantial change
AB42,stat,3057501,0.503731,226,318,-0.4927039928691678,No substantial change
AB42,stat,3058501,0.504254,236.5,367,-0.6339398795038175,No substantial change
AB42,stat,3059501,0.504776,237,338.5,-0.5142687746767376,No substantial change
AB42,stat,3060501,0.505299,248,403.5,-0.702228552890905,No substantial change
AB42,stat,3061501,0.505821,221,388,-0.8120102827956962,No substantial change
AB42,stat,3062501,0.506344,273,397.5,-0.5420539092518654,No substantial change
AB42,stat,3063501,0.506866,334.5,435,-0.37900919009462974,No substantial change
AB42,stat,3064501,0.507389,470.5,516.5,-0.1345736261365227,No substantial change
AB42,stat,3065501,0.507912,359.5,413,-0.2001500109801476,No substantial change
AB42,stat,3066501,0.508434,290.5,412.5,-0.5058559557286493,No substantial change
AB42,stat,3067501,0.508957,320.5,409,-0.35177648632300784,No substantial change
AB42,stat,3068501,0.509479,277,398,-0.5228824544944606,No substantial change
AB42,stat,3069501,0.510002,262,391,-0.577601795769902,No substantial change
AB42,stat,3070501,0.510524,294.5,449.5,-0.6100534816839867,No substantial change
AB42,stat,3071501,0.511047,246,375,-0.6082322800440033,No substantial change
AB42,stat,3072501,0.511569,248,403,-0.7004397181410921,No substantial change
AB42,stat,3073501,0.512092,278.5,405,-0.5402445804319553,No substantial change
AB42,stat,3074501,0.512614,243.5,369.5,-0.6016525920638087,No substantial change
AB42,stat,3075501,0.513137,290,463.5,-0.6765164386105962,No substantial change
AB42,stat,3076501,0.51366,292,393,-0.42856094337858924,No substantial change
AB42,stat,3077501,0.514182,276,398,-0.5281001637654797,No substantial change
AB42,stat,3078501,0.514705,329,455,-0.46777896135081715,No substantial change
AB42,stat,3079501,0.515227,286.5,389.5,-0.44308818930476435,No substantial change
AB42,stat,3080501,0.51575,299.5,491.5,-0.714635413551795,No substantial change
AB42,stat,3081501,0.516272,252.5,416.5,-0.7220331077263906,No substantial change
AB42,stat,3082501,0.516795,260.5,439.5,-0.7545797928648958,No substantial change
AB42,stat,3083501,0.517317,325,500.5,-0.6229303509201767,No substantial change
AB42,stat,3084501,0.51784,421,628,-0.5769443258252309,No substantial change
AB42,stat,3085501,0.518362,404.5,637.5,-0.6562856393162427,No substantial change
AB42,stat,3086501,0.518885,276,435.5,-0.6580044518206956,No substantial change
AB42,stat,3087501,0.519407,324.5,491,-0.5975045463155545,No substantial change
AB42,stat,3088501,0.51993,251.5,437,-0.7970748796950713,No substantial change
AB42,stat,3089501,0.520453,228.5,403.5,-0.8203745082197107,No substantial change
AB42,stat,3090501,0.520975,243.5,436.5,-0.8420598815470979,No substantial change
AB42,stat,3091501,0.521498,214.5,422.5,-0.9779736936700012,No substantial change
AB42,stat,3092501,0.52202,212,412.5,-0.960329854569979,No substantial change
AB42,stat,3093501,0.522543,187.5,341,-0.8628811436409294,No substantial change
AB42,stat,3094501,0.523065,197.5,394.5,-0.9981726469489932,No substantial change
AB42,stat,3095501,0.523588,176,382.5,-1.119884318942717,Depleted in Meropenem
AB42,stat,3096501,0.52411,241,422.5,-0.809918194939585,No substantial change
AB42,stat,3097501,0.524633,224,390,-0.7999753916920067,No substantial change
AB42,stat,3098501,0.525155,194.5,370.5,-0.929703387319642,No substantial change
AB42,stat,3099501,0.525678,201,341,-0.7625762378452438,No substantial change
AB42,stat,3100501,0.526201,206.5,326.5,-0.6609412101269853,No substantial change
AB42,stat,3101501,0.526723,268,409.5,-0.6116304511832362,No substantial change
AB42,stat,3102501,0.527246,244,344.5,-0.497622835141405,No substantial change
AB42,stat,3103501,0.527768,194,319,-0.7174997715777418,No substantial change
AB42,stat,3104501,0.528291,246.5,329.5,-0.4186908186301403,No substantial change
AB42,stat,3105501,0.528813,284.5,360,-0.3395682540230929,No substantial change
AB42,stat,3106501,0.529336,275.5,469,-0.7675356039442189,No substantial change
AB42,stat,3107501,0.529858,298.5,489,-0.7121035336874286,No substantial change
AB42,stat,3108501,0.530381,282.5,490,-0.7945308817000204,No substantial change
AB42,stat,3109501,0.530903,280,416,-0.5711567011961256,No substantial change
AB42,stat,3110501,0.531426,226,389.5,-0.7853005556464815,No substantial change
AB42,stat,3111501,0.531949,258.5,410.5,-0.6672179414628702,No substantial change
AB42,stat,3112501,0.532471,227,426,-0.9081611329349232,No substantial change
AB42,stat,3113501,0.532994,167,349.5,-1.0654443529013842,Depleted in Meropenem
AB42,stat,3114501,0.533516,152.5,332.5,-1.1245450979383034,Depleted in Meropenem
AB42,stat,3115501,0.534039,187.5,334,-0.832957507090809,No substantial change
AB42,stat,3116501,0.534561,243.5,392,-0.6869318820328661,No substantial change
AB42,stat,3117501,0.535084,206.5,368,-0.8335639846375676,No substantial change
AB42,stat,3118501,0.535606,210,309.5,-0.5595500815481421,No substantial change
AB42,stat,3119501,0.536129,239.5,383.5,-0.6792009217667531,No substantial change
AB42,stat,3120501,0.536651,259.5,457.5,-0.8180372048135238,No substantial change
AB42,stat,3121501,0.537174,194.5,391.5,-1.0092421523048487,Depleted in Meropenem
AB42,stat,3122501,0.537696,207.5,374.5,-0.851854382224464,No substantial change
AB42,stat,3123501,0.538219,203,352.5,-0.7961435301009795,No substantial change
AB42,stat,3124501,0.538742,285,438,-0.6199689505490693,No substantial change
AB42,stat,3125501,0.539264,219.5,336,-0.6142402932434021,No substantial change
AB42,stat,3126501,0.539787,172.5,275,-0.6728352567464905,No substantial change
AB42,stat,3127501,0.540309,204,313.5,-0.6198962908305434,No substantial change
AB42,stat,3128501,0.540832,216,356.5,-0.7228707642804196,No substantial change
AB42,stat,3129501,0.541354,202.5,318,-0.6511048575123682,No substantial change
AB42,stat,3130501,0.541877,179,259.5,-0.5357749510936245,No substantial change
AB42,stat,3131501,0.542399,206.5,296,-0.5194553942095045,No substantial change
AB42,stat,3132501,0.542922,215,315.5,-0.5533033453930888,No substantial change
AB42,stat,3133501,0.543444,218,309.5,-0.5056112744373383,No substantial change
AB42,stat,3134501,0.543967,332.5,443.5,-0.415579763912512,No substantial change
AB42,stat,3135501,0.54449,218.5,305,-0.4811759629496503,No substantial change
AB42,stat,3136501,0.545012,224,314,-0.487265826834023,No substantial change
AB42,stat,3137501,0.545535,272,366.5,-0.43020654688347254,No substantial change
AB42,stat,3138501,0.546057,240,326.5,-0.44404858593791224,No substantial change
AB42,stat,3139501,0.54658,213,343,-0.6873551459469741,No substantial change
AB42,stat,3140501,0.547102,326,446.5,-0.4537882108901453,No substantial change
AB42,stat,3141501,0.547625,279,391,-0.4869034854781648,No substantial change
AB42,stat,3142501,0.548147,297.5,464.5,-0.642788928187347,No substantial change
AB42,stat,3143501,0.54867,306,412.5,-0.43086246644052634,No substantial change
AB42,stat,3144501,0.549192,303,432,-0.5117135186905177,No substantial change
AB42,stat,3145501,0.549715,218,378,-0.7940580994441462,No substantial change
AB42,stat,3146501,0.550238,239,423,-0.8236470451392011,No substantial change
AB42,stat,3147501,0.55076,225,397.5,-0.8210298589546807,No substantial change
AB42,stat,3148501,0.551283,234,450.5,-0.9450185762301341,No substantial change
AB42,stat,3149501,0.551805,273.5,482,-0.8174923134374051,No substantial change
AB42,stat,3150501,0.552328,234.5,372.5,-0.6676525028341473,No substantial change
AB42,stat,3151501,0.55285,195,377.5,-0.9530025204628306,No substantial change
AB42,stat,3152501,0.553373,230,352.5,-0.6159893963417805,No substantial change
AB42,stat,3153501,0.553895,199.5,363.5,-0.8655666176972485,No substantial change
AB42,stat,3154501,0.554418,224,425,-0.9239641089674598,No substantial change
AB42,stat,3155501,0.55494,219.5,374,-0.7688173303522784,No substantial change
AB42,stat,3156501,0.555463,241.5,387.5,-0.6821731213258269,No substantial change
AB42,stat,3157501,0.555985,225,405.5,-0.849776913000236,No substantial change
AB42,stat,3158501,0.556508,252,432,-0.777607578663552,No substantial change
AB42,stat,3159501,0.557031,217.5,346.5,-0.6718399514011232,No substantial change
AB42,stat,3160501,0.557553,246.5,398.5,-0.6929920776125602,No substantial change
AB42,stat,3161501,0.558076,309.5,416,-0.4266441189268276,No substantial change
AB42,stat,3162501,0.558598,290.5,476.5,-0.713938050505413,No substantial change
AB42,stat,3163501,0.559121,252,401.5,-0.6719762540173981,No substantial change
AB42,stat,3164501,0.559643,285.5,434,-0.6042042970816366,No substantial change
AB42,stat,3165501,0.560166,340,489,-0.5242997188145321,No substantial change
AB42,stat,3166501,0.560688,351,555.5,-0.6623158810845314,No substantial change
AB42,stat,3167501,0.561211,234.5,470.5,-1.00460680021316,Depleted in Meropenem
AB42,stat,3168501,0.561733,282,448,-0.6678035696588106,No substantial change
AB42,stat,3169501,0.562256,369.5,559,-0.597273918697039,No substantial change
AB42,stat,3170501,0.562779,272,440,-0.6938968722743203,No substantial change
AB42,stat,3171501,0.563301,189,307.5,-0.7022001760055296,No substantial change
AB42,stat,3172501,0.563824,217,311,-0.5192195376861232,No substantial change
AB42,stat,3173501,0.564346,196,286.5,-0.5476814846416966,No substantial change
AB42,stat,3174501,0.564869,175,294,-0.7484612330040356,No substantial change
AB42,stat,3175501,0.565391,189,326,-0.786485730010005,No substantial change
AB42,stat,3176501,0.565914,199.5,349.5,-0.8089037091530906,No substantial change
AB42,stat,3177501,0.566436,189.5,345,-0.8643985134944397,No substantial change
AB42,stat,3178501,0.566959,210,339,-0.6908959454702214,No substantial change
AB42,stat,3179501,0.567481,215,327.5,-0.6071582468353524,No substantial change
AB42,stat,3180501,0.568004,183.5,291,-0.6652390900650711,No substantial change
AB42,stat,3181501,0.568527,182,284.5,-0.6444902021078855,No substantial change
AB42,stat,3182501,0.569049,213,331,-0.6359777865813795,No substantial change
AB42,stat,3183501,0.569572,204,321,-0.6540041451508076,No substantial change
AB42,stat,3184501,0.570094,193.5,332,-0.7788496752025144,No substantial change
AB42,stat,3185501,0.570617,200.5,325.5,-0.6990553067107153,No substantial change
AB42,stat,3186501,0.571139,204.5,332,-0.6990823984051759,No substantial change
AB42,stat,3187501,0.571662,181,390,-1.1074844266664052,Depleted in Meropenem
AB42,stat,3188501,0.572184,154.5,345.5,-1.161078872483884,Depleted in Meropenem
AB42,stat,3189501,0.572707,211.5,361,-0.7713411737672213,No substantial change
AB42,stat,3190501,0.573229,212.5,338,-0.6695604052571201,No substantial change
AB42,stat,3191501,0.573752,229.5,345,-0.5881022082517233,No substantial change
AB42,stat,3192501,0.574274,223,356,-0.674833531046093,No substantial change
AB42,stat,3193501,0.574797,191.5,344.5,-0.8471595907793342,No substantial change
AB42,stat,3194501,0.57532,201,357.5,-0.8307477404868232,No substantial change
AB42,stat,3195501,0.575842,180.5,288.5,-0.6765724817583114,No substantial change
AB42,stat,3196501,0.576365,163.5,336,-1.0391705972806777,Depleted in Meropenem
AB42,stat,3197501,0.576887,199,355,-0.8350505938483955,No substantial change
AB42,stat,3198501,0.57741,187,399,-1.0933504763347093,Depleted in Meropenem
AB42,stat,3199501,0.577932,231.5,417.5,-0.8507640041011783,No substantial change
AB42,stat,3200501,0.578455,179.5,385.5,-1.102747016091983,Depleted in Meropenem
AB42,stat,3201501,0.578977,206.5,372,-0.8491608396885861,No substantial change
AB42,stat,3202501,0.5795,215,389.5,-0.857286668472209,No substantial change
AB42,stat,3203501,0.580022,179,318.5,-0.8313337849920439,No substantial change
AB42,stat,3204501,0.580545,280.5,459.5,-0.7120640906802417,No substantial change
AB42,stat,3205501,0.581068,234.5,433.5,-0.8864440707064585,No substantial change
AB42,stat,3206501,0.58159,184.5,351,-0.9278502142441646,No substantial change
AB42,stat,3207501,0.582113,204.5,464.5,-1.183577753440904,Depleted in Meropenem
AB42,stat,3208501,0.582635,339.5,509.5,-0.5856705719210822,No substantial change
AB42,stat,3209501,0.583158,227,336.5,-0.567914207319402,No substantial change
AB42,stat,3210501,0.58368,257,386,-0.5868324880742022,No substantial change
AB42,stat,3211501,0.584203,273,363,-0.41106859707589816,No substantial change
AB42,stat,3212501,0.584725,289.5,349,-0.26966368822041564,No substantial change
AB42,stat,3213501,0.585248,284.5,347.5,-0.28858432530428785,No substantial change
AB42,stat,3214501,0.58577,226.5,227.5,-0.006355495039823505,No substantial change
AB42,stat,3215501,0.586293,228.5,216,0.08116285289460128,No substantial change
AB42,stat,3216501,0.586816,345.5,354,-0.03506364969473887,No substantial change
AB42,stat,3217501,0.587338,423,321,0.3980843659976466,No substantial change
AB42,stat,3218501,0.587861,338,275,0.2975916278701623,No substantial change
AB42,stat,3219501,0.588383,266,213,0.3205728152753514,No substantial change
AB42,stat,3220501,0.588906,303.5,245.5,0.305973491940989,No substantial change
AB42,stat,3221501,0.589428,320.5,276.5,0.2130448763840341,No substantial change
AB42,stat,3222501,0.589951,237,210.5,0.171066825831863,No substantial change
AB42,stat,3223501,0.590473,238,202.5,0.23303966553595654,No substantial change
AB42,stat,3224501,0.590996,263,230.5,0.1902960488629643,No substantial change
AB42,stat,3225501,0.591518,260.5,271,-0.05700947907536338,No substantial change
AB42,stat,3226501,0.592041,258,254,0.022542568651088227,No substantial change
AB42,stat,3227501,0.592563,417.5,425,-0.025686643663649603,No substantial change
AB42,stat,3228501,0.593086,359,400,-0.1560161559516734,No substantial change
AB42,stat,3229501,0.593609,308.5,336.5,-0.12533601546089926,No substantial change
AB42,stat,3230501,0.594131,342.5,377.5,-0.14037265636455223,No substantial change
AB42,stat,3231501,0.594654,438,604,-0.46361767972390544,No substantial change
AB42,stat,3232501,0.595176,307,471.5,-0.6190191153049173,No substantial change
AB42,stat,3233501,0.595699,395,540.5,-0.452441964670185,No substantial change
AB42,stat,3234501,0.596221,376.5,585,-0.6357867597988386,No substantial change
AB42,stat,3235501,0.596744,273,409,-0.5831998920218964,No substantial change
AB42,stat,3236501,0.597266,265,359,-0.4379914843724899,No substantial change
AB42,stat,3237501,0.597789,229.5,361,-0.653504683473363,No substantial change
AB42,stat,3238501,0.598311,198,333,-0.7500217469916525,No substantial change
AB42,stat,3239501,0.598834,195.5,290.5,-0.5713695560971767,No substantial change
AB42,stat,3240501,0.599357,196.5,320.5,-0.7057950443601345,No substantial change
AB42,stat,3241501,0.599879,178.5,316,-0.8240004841480032,No substantial change
AB42,stat,3242501,0.600402,177.5,279.5,-0.6550292584511456,No substantial change
AB42,stat,3243501,0.600924,266.5,435,-0.7068798679769147,No substantial change
AB42,stat,3244501,0.601447,187.5,324.5,-0.7913278826158952,No substantial change
AB42,stat,3245501,0.601969,189.5,342.5,-0.8539061396767975,No substantial change
AB42,stat,3246501,0.602492,258.5,431.5,-0.7391962788640205,No substantial change
AB42,stat,3247501,0.603014,233,361,-0.6316688822328906,No substantial change
AB42,stat,3248501,0.603537,423,668.5,-0.6602698969734031,No substantial change
AB42,stat,3249501,0.604059,388.5,672.5,-0.7916196690362763,No substantial change
AB42,stat,3250501,0.604582,222.5,341.5,-0.6180802424363303,No substantial change
AB42,stat,3251501,0.605105,217,362,-0.7382946546387261,No substantial change
AB42,stat,3252501,0.605627,257.5,397,-0.6245665750723771,No substantial change
AB42,stat,3253501,0.60615,250,403.5,-0.6906405786156934,No substantial change
AB42,stat,3254501,0.606672,252,451,-0.8397036997554645,No substantial change
AB42,stat,3255501,0.607195,266.5,425.5,-0.6750235989267868,No substantial change
AB42,stat,3256501,0.607717,289,464,-0.6830553126268935,No substantial change
AB42,stat,3257501,0.60824,329.5,463.5,-0.4922908736174791,No substantial change
AB42,stat,3258501,0.608762,288,413.5,-0.5218185177289623,No substantial change
AB42,stat,3259501,0.609285,271,412.5,-0.6061012677793065,No substantial change
AB42,stat,3260501,0.609807,289.5,432.5,-0.5791367845348503,No substantial change
AB42,stat,3261501,0.61033,360.5,489,-0.43983520571141127,No substantial change
AB42,stat,3262501,0.610852,249.5,413.5,-0.7288475138340142,No substantial change
AB42,stat,3263501,0.611375,252.5,385.5,-0.6104474722758771,No substantial change
AB42,stat,3264501,0.611898,267,408,-0.6117294102839417,No substantial change
AB42,stat,3265501,0.61242,224.5,428,-0.9308953516599999,No substantial change
AB42,stat,3266501,0.612943,193,339.5,-0.8148107269766515,No substantial change
AB42,stat,3267501,0.613465,216,393.5,-0.8653323233440178,No substantial change
AB42,stat,3268501,0.613988,220,391,-0.8296650837826927,No substantial change
AB42,stat,3269501,0.61451,214,395.5,-0.8860668980716448,No substantial change
AB42,stat,3270501,0.615033,181,358,-0.983969890181051,No substantial change
AB42,stat,3271501,0.615555,218,389.5,-0.8372951932847429,No substantial change
AB42,stat,3272501,0.616078,229,452.5,-0.9825701938736238,No substantial change
AB42,stat,3273501,0.6166,255,463,-0.8605149464013784,No substantial change
AB42,stat,3274501,0.617123,202,399,-0.9820334534705512,No substantial change
AB42,stat,3275501,0.617646,202,377.5,-0.9021213514606464,No substantial change
AB42,stat,3276501,0.618168,253,473.5,-0.904227040774075,No substantial change
AB42,stat,3277501,0.618691,217.5,407.5,-0.9057846583823492,No substantial change
AB42,stat,3278501,0.619213,190.5,352.5,-0.8878322597928339,No substantial change
AB42,stat,3279501,0.619736,188,339.5,-0.8526789125670944,No substantial change
AB42,stat,3280501,0.620258,177,357.5,-1.0141938815827545,Depleted in Meropenem
AB42,stat,3281501,0.620781,185,393,-1.0870040417422944,Depleted in Meropenem
AB42,stat,3282501,0.621303,188,396.5,-1.076588204026341,Depleted in Meropenem
AB42,stat,3283501,0.621826,179.5,374,-1.0590544260645853,Depleted in Meropenem
AB42,stat,3284501,0.622348,176.5,315.5,-0.8379718217113687,No substantial change
AB42,stat,3285501,0.622871,182,286.5,-0.6545966885582085,No substantial change
AB42,stat,3286501,0.623394,224.5,361.5,-0.6872802022099708,No substantial change
AB42,stat,3287501,0.623916,210,382,-0.8631833103696261,No substantial change
AB42,stat,3288501,0.624439,261,400,-0.6159501932048402,No substantial change
AB42,stat,3289501,0.624961,315,410,-0.3802720811181672,No substantial change
AB42,stat,3290501,0.625484,344.5,492.5,-0.5156197416394472,No substantial change
AB42,stat,3291501,0.626006,371,569,-0.6170094656857787,No substantial change
AB42,stat,3292501,0.626529,341.5,487,-0.5120361937922517,No substantial change
AB42,stat,3293501,0.627051,400,428.5,-0.09929520433777513,No substantial change
AB42,stat,3294501,0.627574,298.5,394,-0.4004646981915713,No substantial change
AB42,stat,3295501,0.628096,289,412.5,-0.5133246266324994,No substantial change
AB42,stat,3296501,0.628619,412,606.5,-0.5578633079372919,No substantial change
AB42,stat,3297501,0.629141,254.5,377.5,-0.568810988136746,No substantial change
AB42,stat,3298501,0.629664,248.5,399,-0.6831428946600595,No substantial change
AB42,stat,3299501,0.630187,231.5,317.5,-0.45574439839929193,No substantial change
AB42,stat,3300501,0.630709,217,321.5,-0.5671236948834679,No substantial change
AB42,stat,3301501,0.631232,202.5,380,-0.9080775105589607,No substantial change
AB42,stat,3302501,0.631754,231,418.5,-0.8573347711342862,No substantial change
AB42,stat,3303501,0.632277,256.5,443.5,-0.78997527869401,No substantial change
AB42,stat,3304501,0.632799,267.5,360,-0.4284580150411654,No substantial change
AB42,stat,3305501,0.633322,257,400,-0.6382316405808467,No substantial change
AB42,stat,3306501,0.633844,241.5,339.5,-0.4913883854089586,No substantial change
AB42,stat,3307501,0.634367,338,469,-0.4725646762331923,No substantial change
AB42,stat,3308501,0.634889,335.5,482,-0.5227203800297782,No substantial change
AB42,stat,3309501,0.635412,297.5,400,-0.4271103315794188,No substantial change
AB42,stat,3310501,0.635935,277.5,387.5,-0.4817085389241315,No substantial change
AB42,stat,3311501,0.636457,286.5,407.5,-0.5082649203615349,No substantial change
AB42,stat,3312501,0.63698,245,381.5,-0.6389013078319599,No substantial change
AB42,stat,3313501,0.637502,231,353,-0.6117753318551228,No substantial change
AB42,stat,3314501,0.638025,253.5,445,-0.8118195888504195,No substantial change
AB42,stat,3315501,0.638547,234,382.5,-0.7089512179966095,No substantial change
AB42,stat,3316501,0.63907,207.5,345,-0.7334850254312443,No substantial change
AB42,stat,3317501,0.639592,187,354,-0.9207110901953609,No substantial change
AB42,stat,3318501,0.640115,190.5,363,-0.9301785505024286,No substantial change
AB42,stat,3319501,0.640637,211,381.5,-0.8544400581273455,No substantial change
AB42,stat,3320501,0.64116,238,465.5,-0.9678195942508503,No substantial change
AB42,stat,3321501,0.641683,173.5,368.5,-1.0867289565168088,Depleted in Meropenem
AB42,stat,3322501,0.642205,159.5,344,-1.1088521409372285,Depleted in Meropenem
AB42,stat,3323501,0.642728,223.5,455.5,-1.027176222618733,Depleted in Meropenem
AB42,stat,3324501,0.64325,225,405,-0.84799690655495,No substantial change
AB42,stat,3325501,0.643773,215,430,-1,No substantial change
AB42,stat,3326501,0.644295,235.5,425,-0.851735781412281,No substantial change
AB42,stat,3327501,0.644818,306,502,-0.7141557112581202,No substantial change
AB42,stat,3328501,0.64534,249,405,-0.7017761657039061,No substantial change
AB42,stat,3329501,0.645863,257.5,426,-0.7262809981552575,No substantial change
AB42,stat,3330501,0.646385,242,381,-0.6547839502187275,No substantial change
AB42,stat,3331501,0.646908,295,409,-0.4713858886925451,No substantial change
AB42,stat,3332501,0.64743,254.5,352.5,-0.46995760121046054,No substantial change
AB42,stat,3333501,0.647953,241,324.5,-0.4291853317691768,No substantial change
AB42,stat,3334501,0.648476,237.5,362.5,-0.6100534816839867,No substantial change
AB42,stat,3335501,0.648998,211.5,369.5,-0.8049167010262013,No substantial change
AB42,stat,3336501,0.649521,193,311,-0.6883137328625221,No substantial change
AB42,stat,3337501,0.650043,197.5,291.5,-0.5616432301360311,No substantial change
AB42,stat,3338501,0.650566,208,336,-0.6918777046376681,No substantial change
AB42,stat,3339501,0.651088,174.5,275.5,-0.6588252823615054,No substantial change
AB42,stat,3340501,0.651611,268,408.5,-0.608103077687911,No substantial change
AB42,stat,3341501,0.652133,206,327.5,-0.6688505692415944,No substantial change
AB42,stat,3342501,0.652656,249,383,-0.6211986498568761,No substantial change
AB42,stat,3343501,0.653178,307,535,-0.8013002359183299,No substantial change
AB42,stat,3344501,0.653701,272,402,-0.5635888499285892,No substantial change
AB42,stat,3345501,0.654224,206.5,370,-0.8413834890968669,No substantial change
AB42,stat,3346501,0.654746,173.5,307.5,-0.8256507476483413,No substantial change
AB42,stat,3347501,0.655269,170.5,297,-0.8006911917765933,No substantial change
AB42,stat,3348501,0.655791,198.5,306.5,-0.6267480665478239,No substantial change
AB42,stat,3349501,0.656314,220,415,-0.9156078127096274,No substantial change
AB42,stat,3350501,0.656836,211,413.5,-0.9706443304640895,No substantial change
AB42,stat,3351501,0.657359,179.5,404.5,-1.1721558586069263,Depleted in Meropenem
AB42,stat,3352501,0.657881,203.5,424.5,-1.0607357592867914,Depleted in Meropenem
AB42,stat,3353501,0.658404,250.5,509,-1.022855052880487,Depleted in Meropenem
AB42,stat,3354501,0.658926,188.5,368.5,-0.9671000958264054,No substantial change
AB42,stat,3355501,0.659449,188,371.5,-0.9826295488609588,No substantial change
AB42,stat,3356501,0.659972,176,323,-0.8759587360566278,No substantial change
AB42,stat,3357501,0.660494,198.5,376,-0.9215936545346795,No substantial change
AB42,stat,3358501,0.661017,237,405.5,-0.7748148553190137,No substantial change
AB42,stat,3359501,0.661539,201.5,339,-0.7505054346083765,No substantial change
AB42,stat,3360501,0.662062,153.5,297.5,-0.9546510128251263,No substantial change
AB42,stat,3361501,0.662584,222.5,401,-0.8497969006011601,No substantial change
AB42,stat,3362501,0.663107,206.5,377.5,-0.8703348627929958,No substantial change
AB42,stat,3363501,0.663629,175.5,281,-0.6790990999163653,No substantial change
AB42,stat,3364501,0.664152,198,373.5,-0.9156078127096274,No substantial change
AB42,stat,3365501,0.664674,220.5,418,-0.9227242865233621,No substantial change
AB42,stat,3366501,0.665197,174,315.5,-0.8585526991338207,No substantial change
AB42,stat,3367501,0.665719,186.5,379,-1.023022217915854,Depleted in Meropenem
AB42,stat,3368501,0.666242,182.5,375,-1.0389941316158635,Depleted in Meropenem
AB42,stat,3369501,0.666765,225,336,-0.5785362315617233,No substantial change
AB42,stat,3370501,0.667287,196,393,-1.003675658143398,Depleted in Meropenem
AB42,stat,3371501,0.66781,184.5,324,-0.8123729968242287,No substantial change
AB42,stat,3372501,0.668332,180.5,318.5,-0.8192945353691292,No substantial change
AB42,stat,3373501,0.668855,191,323.5,-0.7601930739567588,No substantial change
AB42,stat,3374501,0.669377,213,471.5,-1.1464043404492583,Depleted in Meropenem
AB42,stat,3375501,0.6699,225,422.5,-0.9090263399525095,No substantial change
AB42,stat,3376501,0.670422,186.5,375.5,-1.009637277259034,Depleted in Meropenem
AB42,stat,3377501,0.670945,213,477,-1.1631358357796733,Depleted in Meropenem
AB42,stat,3378501,0.671467,202,376,-0.8963773689258425,No substantial change
AB42,stat,3379501,0.67199,199,437,-1.1348648489569495,Depleted in Meropenem
AB42,stat,3380501,0.672513,189.5,438.5,-1.2103789942736414,Depleted in Meropenem
AB42,stat,3381501,0.673035,185,345.5,-0.9011604398719465,No substantial change
AB42,stat,3382501,0.673558,154.5,377.5,-1.2888698063080668,Depleted in Meropenem
AB42,stat,3383501,0.67408,232,429.5,-0.8885333260108914,No substantial change
AB42,stat,3384501,0.674603,206,393.5,-0.9337192983242679,No substantial change
AB42,stat,3385501,0.675125,218.5,386,-0.820967567767482,No substantial change
AB42,stat,3386501,0.675648,217.5,403.5,-0.8915532725416898,No substantial change
AB42,stat,3387501,0.67617,330.5,582.5,-0.817607778033951,No substantial change
AB42,stat,3388501,0.676693,294.5,510.5,-0.7936433270473409,No substantial change
AB42,stat,3389501,0.677215,242,413.5,-0.7728802818966803,No substantial change
AB42,stat,3390501,0.677738,271,418.5,-0.6269347711964722,No substantial change
AB42,stat,3391501,0.67826,201.5,375.5,-0.8980330689863044,No substantial change
AB42,stat,3392501,0.678783,216,378.5,-0.8092619878222632,No substantial change
AB42,stat,3393501,0.679306,259,439,-0.7612688418488044,No substantial change
AB42,stat,3394501,0.679828,224,371.5,-0.7298634784809921,No substantial change
AB42,stat,3395501,0.680351,179.5,331,-0.8828473729841664,No substantial change
AB42,stat,3396501,0.680873,160,318,-0.990954860396993,No substantial change
AB42,stat,3397501,0.681396,206.5,340.5,-0.7215130165926257,No substantial change
AB42,stat,3398501,0.681918,236,409.5,-0.7950765922791675,No substantial change
AB42,stat,3399501,0.682441,273,381,-0.4808900465734697,No substantial change
AB42,stat,3400501,0.682963,291,400,-0.45898084686644075,No substantial change
AB42,stat,3401501,0.683486,206.5,347.5,-0.7508711961914243,No substantial change
AB42,stat,3402501,0.684008,231.5,340,-0.5545225528774653,No substantial change
AB42,stat,3403501,0.684531,272.5,413,-0.5998855517551567,No substantial change
AB42,stat,3404501,0.685054,309,448,-0.5358918941532295,No substantial change
AB42,stat,3405501,0.685576,276.5,366.5,-0.4065337178991049,No substantial change
AB42,stat,3406501,0.686099,401,507,-0.33838351054842014,No substantial change
AB42,stat,3407501,0.686621,449,519,-0.20901909361673388,No substantial change
AB42,stat,3408501,0.687144,427,476,-0.15672550368745308,No substantial change
AB42,stat,3409501,0.687666,565,605.5,-0.09987609239177869,No substantial change
AB42,stat,3410501,0.688189,592,565,0.0673463083263997,No substantial change
AB42,stat,3411501,0.688711,431.5,425,0.02189771815389101,No substantial change
AB42,stat,3412501,0.689234,399,381.5,0.06470568938781525,No substantial change
AB42,stat,3413501,0.689756,398.5,442,-0.14946664540095977,No substantial change
AB42,stat,3414501,0.690279,483.5,554,-0.1963700865723472,No substantial change
AB42,stat,3415501,0.690802,544,699,-0.361685804125097,No substantial change
AB42,stat,3416501,0.691324,389,595.5,-0.6143313528779222,No substantial change
AB42,stat,3417501,0.691847,260,400.5,-0.6232906193802555,No substantial change
AB42,stat,3418501,0.692369,256,398.5,-0.6384359139904718,No substantial change
AB42,stat,3419501,0.692892,246.5,463.5,-0.910981692247619,No substantial change
AB42,stat,3420501,0.693414,262.5,431.5,-0.7170431366254701,No substantial change
AB42,stat,3421501,0.693937,262.5,459.5,-0.8077474387355494,No substantial change
AB42,stat,3422501,0.694459,263,452,-0.7812599731228854,No substantial change
AB42,stat,3423501,0.694982,199.5,377.5,-0.9200878979900955,No substantial change
AB42,stat,3424501,0.695504,228.5,358.5,-0.6497789536438349,No substantial change
AB42,stat,3425501,0.696027,183,313.5,-0.7766217945179964,No substantial change
AB42,stat,3426501,0.696549,186,334.5,-0.8467035895334294,No substantial change
AB42,stat,3427501,0.697072,221.5,380,-0.7786927197759296,No substantial change
AB42,stat,3428501,0.697595,194,355.5,-0.8737929074322878,No substantial change
AB42,stat,3429501,0.698117,213,340,-0.6746813159118635,No substantial change
AB42,stat,3430501,0.69864,196,319,-0.7027027696496612,No substantial change
AB42,stat,3431501,0.699162,283,427,-0.5934340167886082,No substantial change
AB42,stat,3432501,0.699685,219,344,-0.6514776951009245,No substantial change
AB42,stat,3433501,0.700207,164,296.5,-0.8543362899279201,No substantial change
AB42,stat,3434501,0.70073,175,317,-0.8571279183070785,No substantial change
AB42,stat,3435501,0.701252,232.5,462,-0.9906621354206637,No substantial change
AB42,stat,3436501,0.701775,270.5,445.5,-0.7197968376951067,No substantial change
AB42,stat,3437501,0.702297,240,431.5,-0.8463261535704364,No substantial change
AB42,stat,3438501,0.70282,183.5,370,-1.0117452076730995,Depleted in Meropenem
AB42,stat,3439501,0.703343,210,394,-0.9078063017902536,No substantial change
AB42,stat,3440501,0.703865,371.5,689,-0.8911417721656952,No substantial change
AB42,stat,3441501,0.704388,268,482.5,-0.8482959416976703,No substantial change
AB42,stat,3442501,0.70491,226,424.5,-0.9094417811378508,No substantial change
AB42,stat,3443501,0.705433,255,377,-0.5640672764098063,No substantial change
AB42,stat,3444501,0.705955,266.5,401.5,-0.5912644547581386,No substantial change
AB42,stat,3445501,0.706478,207.5,237,-0.19177572266397205,No substantial change
AB42,stat,3446501,0.707,218.5,305.5,-0.4835391003181312,No substantial change
AB42,stat,3447501,0.707523,226,250.5,-0.14848783078002076,No substantial change
AB42,stat,3448501,0.708045,222,296,-0.4150374992788438,No substantial change
AB42,stat,3449501,0.708568,311,369,-0.24670623592979346,No substantial change
AB42,stat,3450501,0.709091,289,391.5,-0.4379428147903619,No substantial change
AB42,stat,3451501,0.709613,246,343,-0.47955026083357244,No substantial change
AB42,stat,3452501,0.710136,275,365,-0.4084648453553576,No substantial change
AB42,stat,3453501,0.710658,257.5,390.5,-0.6007501160713987,No substantial change
AB42,stat,3454501,0.711181,248,379.5,-0.6137597650285912,No substantial change
AB42,stat,3455501,0.711703,249.5,411.5,-0.7218526150843653,No substantial change
AB42,stat,3456501,0.712226,255,417,-0.7095501365858058,No substantial change
AB42,stat,3457501,0.712748,215.5,347,-0.6872477934891628,No substantial change
AB42,stat,3458501,0.713271,271.5,408,-0.5876169541671341,No substantial change
AB42,stat,3459501,0.713793,242.5,348,-0.5211025587742382,No substantial change
AB42,stat,3460501,0.714316,335,440,-0.39334242817952486,No substantial change
AB42,stat,3461501,0.714838,441.5,538.5,-0.28653290689574157,No substantial change
AB42,stat,3462501,0.715361,712,812.5,-0.1904905718367814,No substantial change
AB42,stat,3463501,0.715884,624,792.5,-0.34486490616452126,No substantial change
AB42,stat,3464501,0.716406,392.5,532.5,-0.44008887133421126,No substantial change
AB42,stat,3465501,0.716929,306.5,421.5,-0.4596455572513008,No substantial change
AB42,stat,3466501,0.717451,298,458,-0.6200352676347824,No substantial change
AB42,stat,3467501,0.717974,325.5,424.5,-0.38310701038740297,No substantial change
AB42,stat,3468501,0.718496,290,393,-0.4384764122436719,No substantial change
AB42,stat,3469501,0.719019,279.5,372,-0.4124543382648413,No substantial change
AB42,stat,3470501,0.719541,351.5,415,-0.23958664716175174,No substantial change
AB42,stat,3471501,0.720064,363.5,389,-0.09781479106659763,No substantial change
AB42,stat,3472501,0.720586,470.5,502.5,-0.09492887333775413,No substantial change
AB42,stat,3473501,0.721109,713,800.5,-0.1669993260723688,No substantial change
AB42,stat,3474501,0.721632,710.5,804.5,-0.17925777148066602,No substantial change
AB42,stat,3475501,0.722154,552.5,669.5,-0.2771095910455167,No substantial change
AB42,stat,3476501,0.722677,315.5,414.5,-0.39373209651320135,No substantial change
AB42,stat,3477501,0.723199,260.5,362,-0.4747063248046971,No substantial change
AB42,stat,3478501,0.723722,274.5,339,-0.3044791241311452,No substantial change
AB42,stat,3479501,0.724244,374.5,406,-0.11651400872642516,No substantial change
AB42,stat,3480501,0.724767,326,375.5,-0.20394094328319426,No substantial change
AB42,stat,3481501,0.725289,471.5,502,-0.09042959327567535,No substantial change
AB42,stat,3482501,0.725812,396.5,439.5,-0.14854229943942557,No substantial change
AB42,stat,3483501,0.726334,314,380.5,-0.27713189461191834,No substantial change
AB42,stat,3484501,0.726857,529.5,550,-0.05480093441968542,No substantial change
AB42,stat,3485501,0.72738,571,624.5,-0.12921082624511457,No substantial change
AB42,stat,3486501,0.727902,367.5,458,-0.3176033483732172,No substantial change
AB42,stat,3487501,0.728425,450.5,552,-0.29314116096463044,No substantial change
AB42,stat,3488501,0.728947,429,506.5,-0.23958462130159247,No substantial change
AB42,stat,3489501,0.72947,385,440,-0.19264507794239588,No substantial change
AB42,stat,3490501,0.729992,266,313,-0.23473641143142865,No substantial change
AB42,stat,3491501,0.730515,229.5,281.5,-0.2946407686664216,No substantial change
AB42,stat,3492501,0.731037,244,257.5,-0.07769128450769452,No substantial change
AB42,stat,3493501,0.73156,249,273,-0.13275520885177156,No substantial change
AB42,stat,3494501,0.732082,242.5,314.5,-0.3750752698047992,No substantial change
AB42,stat,3495501,0.732605,227,268,-0.23954070316685755,No substantial change
AB42,stat,3496501,0.733127,247.5,307.5,-0.3131578852596302,No substantial change
AB42,stat,3497501,0.73365,232,271,-0.22416804622629952,No substantial change
AB42,stat,3498501,0.734173,207,299.5,-0.5329252352894605,No substantial change
AB42,stat,3499501,0.734695,259,395,-0.6089005553779112,No substantial change
AB42,stat,3500501,0.735218,207,371.5,-0.843731443039271,No substantial change
AB42,stat,3501501,0.73574,233,449.5,-0.9479911608601672,No substantial change
AB42,stat,3502501,0.736263,250,430.5,-0.7840851427347569,No substantial change
AB42,stat,3503501,0.736785,281.5,522,-0.890914884489655,No substantial change
AB42,stat,3504501,0.737308,202.5,375.5,-0.8908909997422848,No substantial change
AB42,stat,3505501,0.73783,199,377,-0.9217960927250154,No substantial change
AB42,stat,3506501,0.738353,205.5,429,-1.0618392538178627,Depleted in Meropenem
AB42,stat,3507501,0.738875,170.5,367.5,-1.1079725106995544,Depleted in Meropenem
AB42,stat,3508501,0.739398,196.5,394,-1.0036663171977698,Depleted in Meropenem
AB42,stat,3509501,0.739921,213,382,-0.8427192078099104,No substantial change
AB42,stat,3510501,0.740443,202,356,-0.8175219482146029,No substantial change
AB42,stat,3511501,0.740966,209,387.5,-0.8906933680807173,No substantial change
AB42,stat,3512501,0.741488,230.5,405.5,-0.8149351637879351,No substantial change
AB42,stat,3513501,0.742011,197.5,345.5,-0.8068330573237933,No substantial change
AB42,stat,3514501,0.742533,239.5,365,-0.6078708080311993,No substantial change
AB42,stat,3515501,0.743056,249,367.5,-0.5615985076556458,No substantial change
AB42,stat,3516501,0.743578,288.5,346.5,-0.2642840334917313,No substantial change
AB42,stat,3517501,0.744101,326,395,-0.2769806888333878,No substantial change
AB42,stat,3518501,0.744623,318,421,-0.4047934677820408,No substantial change
AB42,stat,3519501,0.745146,256.5,369,-0.5246619904533422,No substantial change
AB42,stat,3520501,0.745669,280.5,401.5,-0.5173992169085216,No substantial change
AB42,stat,3521501,0.746191,319,434.5,-0.44579975304953073,No substantial change
AB42,stat,3522501,0.746714,383,511,-0.4159788990126642,No substantial change
AB42,stat,3523501,0.747236,331.5,396.5,-0.2583119955913906,No substantial change
AB42,stat,3524501,0.747759,279,376,-0.4304675398484498,No substantial change
AB42,stat,3525501,0.748281,378.5,480.5,-0.3442431307880187,No substantial change
AB42,stat,3526501,0.748804,351,429.5,-0.2911871008339029,No substantial change
AB42,stat,3527501,0.749326,338.5,501,-0.5656547696202117,No substantial change
AB42,stat,3528501,0.749849,256,376.5,-0.5565060546719283,No substantial change
AB42,stat,3529501,0.750371,222.5,346,-0.6369667017829644,No substantial change
AB42,stat,3530501,0.750894,241,396.5,-0.7182877194740167,No substantial change
AB42,stat,3531501,0.751416,219,397.5,-0.86002399057054435,No substantial change
AB42,stat,3532501,0.751939,347.5,523.5,-0.5911765593199387,No substantial change
AB42,stat,3533501,0.752462,267.5,454.5,-0.7647414029055979,No substantial change
AB42,stat,3534501,0.752984,208,390,-0.9068905956085186,No substantial change
AB42,stat,3535501,0.753507,198.5,357,-0.8467850668861419,No substantial change
AB42,stat,3536501,0.754029,270.5,426,-0.655224836399023,No substantial change
AB42,stat,3537501,0.754552,200.5,369,-0.8800185796054757,No substantial change
AB42,stat,3538501,0.755074,202.5,339,-0.7433633653643568,No substantial change
AB42,stat,3539501,0.755597,216,357.5,-0.7269119295022832,No substantial change
AB42,stat,3540501,0.756119,238.5,367.5,-0.6237549837182151,No substantial change
AB42,stat,3541501,0.756642,234,365,-0.641387934183975,No substantial change
AB42,stat,3542501,0.757164,254.5,353,-0.47200252719548497,No substantial change
AB42,stat,3543501,0.757687,274.5,406,-0.5646735781799777,No substantial change
AB42,stat,3544501,0.75821,255,377,-0.5640672764098063,No substantial change
AB42,stat,3545501,0.758732,248,408.5,-0.7199959577588083,No substantial change
AB42,stat,3546501,0.759255,225.5,374,-0.7299108366322558,No substantial change
AB42,stat,3547501,0.759777,233,381.5,-0.7113531021802502,No substantial change
AB42,stat,3548501,0.7603,353,665.5,-0.9147704826407115,No substantial change
AB42,stat,3549501,0.760822,390,620.5,-0.669957086380746,No substantial change
AB42,stat,3550501,0.761345,425.5,704.5,-0.7274405746236738,No substantial change
AB42,stat,3551501,0.761867,270.5,520.5,-0.9442695694726017,No substantial change
AB42,stat,3552501,0.76239,278,561.5,-1.0142011396770936,Depleted in Meropenem
AB42,stat,3553501,0.762912,205,417.5,-1.0261522878559686,Depleted in Meropenem
AB42,stat,3554501,0.763435,181,292,-0.6899786717968118,No substantial change
AB42,stat,3555501,0.763958,172.5,294.5,-0.7716712721649294,No substantial change
AB42,stat,3556501,0.76448,178.5,319.5,-0.8398918569178948,No substantial change
AB42,stat,3557501,0.765003,155.5,284.5,-0.8715140721759792,No substantial change
AB42,stat,3558501,0.765525,169.5,281.5,-0.7318496489438858,No substantial change
AB42,stat,3559501,0.766048,188.5,328.5,-0.8013288470536652,No substantial change
AB42,stat,3560501,0.76657,236.5,333.5,-0.49584657784518993,No substantial change
AB42,stat,3561501,0.767093,243.5,388,-0.6721348801047855,No substantial change
AB42,stat,3562501,0.767615,179,302,-0.7545889620608224,No substantial change
AB42,stat,3563501,0.768138,169,247,-0.5474877953024933,No substantial change
AB42,stat,3564501,0.76866,182,306,-0.7495932024939556,No substantial change
AB42,stat,3565501,0.769183,213,310,-0.5414147850483992,No substantial change
AB42,stat,3566501,0.769705,167,342,-1.0341482224118457,Depleted in Meropenem
AB42,stat,3567501,0.770228,175,352,-1.0082205068049686,Depleted in Meropenem
AB42,stat,3568501,0.770751,170,341,-1.0042369928864707,Depleted in Meropenem
AB42,stat,3569501,0.771273,181,404.5,-1.1601500053467722,Depleted in Meropenem
AB42,stat,3570501,0.771796,342.5,664.5,-0.9561652114282855,No substantial change
AB42,stat,3571501,0.772318,237,380.5,-0.6830093946052862,No substantial change
AB42,stat,3572501,0.772841,161.5,310,-0.9407340505803126,No substantial change
AB42,stat,3573501,0.773363,193.5,347.5,-0.8446794114664594,No substantial change
AB42,stat,3574501,0.773886,192.5,346.5,-0.84799690655495,No substantial change
AB42,stat,3575501,0.774408,257,412.5,-0.6826257599393,No substantial change
AB42,stat,3576501,0.774931,285.5,476,-0.7374708279451008,No substantial change
AB42,stat,3577501,0.775453,239,381,-0.6727803795125734,No substantial change
AB42,stat,3578501,0.775976,214.5,369.5,-0.7845967166466055,No substantial change
AB42,stat,3579501,0.776499,240.5,379,-0.6561609544010497,No substantial change
AB42,stat,3580501,0.777021,240,385.5,-0.6836964543065157,No substantial change
AB42,stat,3581501,0.777544,258,386,-0.5812297818448262,No substantial change
AB42,stat,3582501,0.778066,227,378.5,-0.7376010026948167,No substantial change
AB42,stat,3583501,0.778589,262,389.5,-0.572056516524219,No substantial change
AB42,stat,3584501,0.779111,256,358,-0.4838157772642564,No substantial change
AB42,stat,3585501,0.779634,255,340.5,-0.4171575511532131,No substantial change
AB42,stat,3586501,0.780156,230.5,341,-0.5650049885948346,No substantial change
AB42,stat,3587501,0.780679,238.5,353.5,-0.5677209488038873,No substantial change
AB42,stat,3588501,0.781201,235.5,340.5,-0.5319277383992879,No substantial change
AB42,stat,3589501,0.781724,214.5,340.5,-0.6666771505125255,No substantial change
AB42,stat,3590501,0.782247,247,372.5,-0.5927293837648464,No substantial change
AB42,stat,3591501,0.782769,304,485.5,-0.6753999719756069,No substantial change
AB42,stat,3592501,0.783292,307.5,464,-0.5935383949009698,No substantial change
AB42,stat,3593501,0.783814,292.5,429.5,-0.5542215066676965,No substantial change
AB42,stat,3594501,0.784337,430,534,-0.3125030820980937,No substantial change
AB42,stat,3595501,0.784859,322.5,391,-0.27786944699673577,No substantial change
AB42,stat,3596501,0.785382,245,309,-0.33482508890180396,No substantial change
AB42,stat,3597501,0.785904,270,332,-0.29822383429609384,No substantial change
AB42,stat,3598501,0.786427,380,405.5,-0.09370249588632518,No substantial change
AB42,stat,3599501,0.786949,667,698,-0.06554027502506728,No substantial change
AB42,stat,3600501,0.787472,790.5,716,0.1428058750941144,No substantial change
AB42,stat,3601501,0.787994,373.5,369.5,0.015533878643086262,No substantial change
AB42,stat,3602501,0.788517,454.5,479,-0.0757453615420732,No substantial change
AB42,stat,3603501,0.78904,322.5,407.5,-0.33750089880782347,No substantial change
AB42,stat,3604501,0.789562,282,355.5,-0.3341543972206218,No substantial change
AB42,stat,3605501,0.790085,239.5,274.5,-0.19678049326901834,No substantial change
AB42,stat,3606501,0.790607,231,317,-0.45658998872334966,No substantial change
AB42,stat,3607501,0.79113,236.5,341,-0.5279315556847771,No substantial change
AB42,stat,3608501,0.791652,190,282,-0.5696957440678457,No substantial change
AB42,stat,3609501,0.792175,219.5,314,-0.5165436193562688,No substantial change
AB42,stat,3610501,0.792697,249,425,-0.7713170989569831,No substantial change
AB42,stat,3611501,0.79322,254,402,-0.6623670044067628,No substantial change
AB42,stat,3612501,0.793742,214.5,328.5,-0.614915722822784,No substantial change
AB42,stat,3613501,0.794265,202.5,379,-0.9042759403991045,No substantial change
AB42,stat,3614501,0.794788,195.5,333.5,-0.7705181538772329,No substantial change
AB42,stat,3615501,0.79531,243,434.5,-0.8383998632086194,No substantial change
AB42,stat,3616501,0.795833,258.5,398.5,-0.6244154436755373,No substantial change
AB42,stat,3617501,0.796355,308.5,437.5,-0.50401252757027315,No substantial change
AB42,stat,3618501,0.796878,246,338,-0.45836493094294434,No substantial change
AB42,stat,3619501,0.7974,249,397,-0.6729932650748769,No substantial change
AB42,stat,3620501,0.797923,340,523,-0.6212762001092397,No substantial change
AB42,stat,3621501,0.798445,300.5,424.5,-0.498399562841853,No substantial change
AB42,stat,3622501,0.798968,266,452.5,-0.7664915464693781,No substantial change
AB42,stat,3623501,0.79949,269,451,-0.7455212606987568,No substantial change
AB42,stat,3624501,0.800013,218,367.5,-0.7534161149468005,No substantial change
AB42,stat,3625501,0.800536,213,339,-0.6704318429105057,No substantial change
AB42,stat,3626501,0.801058,229.5,337.5,-0.5563933485243852,No substantial change
AB42,stat,3627501,0.801581,208,327,-0.6527071073569903,No substantial change
AB42,stat,3628501,0.802103,181,310.5,-0.778603571137276,No substantial change
AB42,stat,3629501,0.802626,211,372,-0.8180596224008462,No substantial change
AB42,stat,3630501,0.803148,193,379,-0.9735970009030114,No substantial change
AB42,stat,3631501,0.803671,227,434,-0.9350027451535643,No substantial change
AB42,stat,3632501,0.804193,224.5,392.5,-0.8059772090378424,No substantial change
AB42,stat,3633501,0.804716,250.5,404.5,-0.6913290992347693,No substantial change
AB42,stat,3634501,0.805238,218,437,-1.003305144723672,Depleted in Meropenem
AB42,stat,3635501,0.805761,197,356,-0.8536816115100215,No substantial change
AB42,stat,3636501,0.806283,215.5,383,-0.829656522835859,No substantial change
AB42,stat,3637501,0.806806,217.5,389,-0.8387547542501012,No substantial change
AB42,stat,3638501,0.807329,175,374.5,-1.0976107966264224,Depleted in Meropenem
AB42,stat,3639501,0.807851,205.5,386,-0.9094624535863975,No substantial change
AB42,stat,3640501,0.808374,208,396,-0.9289169019385173,No substantial change
AB42,stat,3641501,0.808896,187.5,387,-1.0454429707611672,Depleted in Meropenem
AB42,stat,3642501,0.809419,210,411.5,-0.970503102755503,No substantial change
AB42,stat,3643501,0.809941,223.5,407,-0.8647539630829294,No substantial change
AB42,stat,3644501,0.810464,214.5,363.5,-0.7609777164200487,No substantial change
AB42,stat,3645501,0.810986,200,323,-0.6915341649192001,No substantial change
AB42,stat,3646501,0.811509,262,446,-0.7674768983828544,No substantial change
AB42,stat,3647501,0.812031,283.5,473,-0.7384914483971663,No substantial change
AB42,stat,3648501,0.812554,206,346.5,-0.7502110149539952,No substantial change
AB42,stat,3649501,0.813077,247,430.5,-0.8015021958121664,No substantial change
AB42,stat,3650501,0.813599,243,438,-0.8499745559953925,No substantial change
AB42,stat,3651501,0.814122,264.5,466.5,-0.8186093587377331,No substantial change
AB42,stat,3652501,0.814644,225.5,376,-0.7376052284222564,No substantial change
AB42,stat,3653501,0.815167,241,387,-0.6833004199144488,No substantial change
AB42,stat,3654501,0.815689,254,409.5,-0.6890349548688427,No substantial change
AB42,stat,3655501,0.816212,158.5,286.5,-0.8540522986174975,No substantial change
AB42,stat,3656501,0.816734,169.5,293,-0.7896153912859041,No substantial change
AB42,stat,3657501,0.817257,176.5,269,-0.607937989285444,No substantial change
AB42,stat,3658501,0.817779,209,360,-0.7844939642487918,No substantial change
AB42,stat,3659501,0.818302,175,334,-0.9324931806417235,No substantial change
AB42,stat,3660501,0.818824,255,395.5,-0.633180447613934,No substantial change
AB42,stat,3661501,0.819347,248,457,-0.8818540446711944,No substantial change
AB42,stat,3662501,0.81987,214.5,444,-1.0495820288505604,Depleted in Meropenem
AB42,stat,3663501,0.820392,210,451,-1.1027381055892582,Depleted in Meropenem
AB42,stat,3664501,0.820915,166.5,350.5,-1.0738922669393611,Depleted in Meropenem
AB42,stat,3665501,0.821437,196,395.5,-1.0128240403575837,Depleted in Meropenem
AB42,stat,3666501,0.82196,217.5,463.5,-1.09155393788944,Depleted in Meropenem
AB42,stat,3667501,0.822482,224,432.5,-0.9492014004664829,No substantial change
AB42,stat,3668501,0.823005,215.5,383.5,-0.8315387084138353,No substantial change
AB42,stat,3669501,0.823527,199,380,-0.9332309877872991,No substantial change
AB42,stat,3670501,0.82405,175,289.5,-0.7262084261569078,No substantial change
AB42,stat,3671501,0.824572,212.5,348.5,-0.713695814843359,No substantial change
AB42,stat,3672501,0.825095,188,363.5,-0.9512227022419568,No substantial change
AB42,stat,3673501,0.825618,201,378.5,-0.913097798806803,No substantial change
AB42,stat,3674501,0.82614,194.5,324,-0.7362236578984328,No substantial change
AB42,stat,3675501,0.826663,182,319,-0.8096179735661732,No substantial change
AB42,stat,3676501,0.827185,191,347.5,-0.8634403395751212,No substantial change
AB42,stat,3677501,0.827708,178.5,359.5,-1.010067696410198,Depleted in Meropenem
AB42,stat,3678501,0.82823,222.5,410,-0.8818185736516858,No substantial change
AB42,stat,3679501,0.828753,201,422,-1.0700474975282566,Depleted in Meropenem
AB42,stat,3680501,0.829275,219,395,-0.850921783463292,No substantial change
AB42,stat,3681501,0.829798,326,510.5,-0.647038996646724,No substantial change
AB42,stat,3682501,0.83032,230,416,-0.8549496671967168,No substantial change
AB42,stat,3683501,0.830843,230.5,337.5,-0.5501207515088552,No substantial change
AB42,stat,3684501,0.831366,200.5,333.5,-0.7340845247296647,No substantial change
AB42,stat,3685501,0.831888,214.5,353,-0.7186905357716347,No substantial change
AB42,stat,3686501,0.832411,203,325.5,-0.6811778159804592,No substantial change
AB42,stat,3687501,0.832933,229.5,370.5,-0.6909793888920259,No substantial change
AB42,stat,3688501,0.833456,183.5,305.5,-0.7353923169755168,No substantial change
AB42,stat,3689501,0.833978,158.5,273.5,-0.7870579926531492,No substantial change
AB42,stat,3690501,0.834501,184.5,330.5,-0.8410294554472956,No substantial change
AB42,stat,3691501,0.835023,172,360.5,-1.0675906945387246,Depleted in Meropenem
AB42,stat,3692501,0.835546,166.5,307,-0.8827164782989172,No substantial change
AB42,stat,3693501,0.836068,231,416,-0.8486906767250345,No substantial change
AB42,stat,3694501,0.836591,200,353,-0.8196681834964555,No substantial change
AB42,stat,3695501,0.837113,183,338.5,-0.8873121852909545,No substantial change
AB42,stat,3696501,0.837636,231.5,385.5,-0.735718666654798,No substantial change
AB42,stat,3697501,0.838159,173.5,268,-0.6272973378795116,No substantial change
AB42,stat,3698501,0.838681,165,272.5,-0.7237902054184728,No substantial change
AB42,stat,3699501,0.839204,204,269.5,-0.40171612078100993,No substantial change
AB42,stat,3700501,0.839726,162.5,251,-0.6272476460349552,No substantial change
AB42,stat,3701501,0.840249,134,263,-0.9728297988345298,No substantial change
AB42,stat,3702501,0.840771,144.5,225,-0.6388555087163582,No substantial change
AB42,stat,3703501,0.841294,153,232.5,-0.6036990633027419,No substantial change
AB42,stat,3704501,0.841816,155,207,-0.41736255222508767,No substantial change
AB42,stat,3705501,0.842339,163.5,247.5,-0.59813788946888935,No substantial change
AB42,stat,3706501,0.842861,212.5,313.5,-0.5610026017769749,No substantial change
AB42,stat,3707501,0.843384,186.5,323.5,-0.7945900817372697,No substantial change
AB42,stat,3708501,0.843907,170.5,288.5,-0.75879957962131,No substantial change
AB42,stat,3709501,0.844429,178.5,269.5,-0.5943611987234058,No substantial change
AB42,stat,3710501,0.844952,158,236.5,-0.5819156251622922,No substantial change
AB42,stat,3711501,0.845474,194.5,251.5,-0.3707882448193352,No substantial change
AB42,stat,3712501,0.845997,199,327,-0.7165222049544335,No substantial change
AB42,stat,3713501,0.846519,202.5,249.5,-0.3011179075652734,No substantial change
AB42,stat,3714501,0.847042,263.5,355.5,-0.4320465979822007,No substantial change
AB42,stat,3715501,0.847564,253,330,-0.38332863955150553,No substantial change
AB42,stat,3716501,0.848087,209.5,205.5,0.027811850017668668,No substantial change
AB42,stat,3717501,0.848609,281.5,316,-0.1667896360968734,No substantial change
AB42,stat,3718501,0.849132,223,232,-0.057081095207267465,No substantial change
AB42,stat,3719501,0.849655,222.5,191.5,0.2164609439288029,No substantial change
AB42,stat,3720501,0.850177,239.5,220,0.12252213221152063,No substantial change
AB42,stat,3721501,0.8507,199.5,178.5,0.16046467219324612,No substantial change
AB42,stat,3722501,0.851222,189.5,179,0.08223826090683538,No substantial change
AB42,stat,3723501,0.851745,197.5,185.5,0.09043346644366201,No substantial change
AB42,stat,3724501,0.852267,234.5,219.5,0.09536698298001826,No substantial change
AB42,stat,3725501,0.85279,214,204,0.06904164442965142,No substantial change
AB42,stat,3726501,0.853312,183,179,0.031884061019786,No substantial change
AB42,stat,3727501,0.853835,194.5,186,0.06446753387816048,No substantial change
AB42,stat,3728501,0.854357,239,267.5,-0.16252827330776065,No substantial change
AB42,stat,3729501,0.85488,223.5,284.5,-0.3481538211232642,No substantial change
AB42,stat,3730501,0.855402,216,275.5,-0.3510210064076891,No substantial change
AB42,stat,3731501,0.855925,190,273.5,-0.5255414144616086,No substantial change
AB42,stat,3732501,0.856448,183,289,-0.6592258442166362,No substantial change
AB42,stat,3733501,0.85697,167,304,-0.8642232209695334,No substantial change
AB42,stat,3734501,0.857493,163.5,312,-0.9322553933641657,No substantial change
AB42,stat,3735501,0.858015,210,375.5,-0.8384235798481492,No substantial change
AB42,stat,3736501,0.858538,192.5,332.5,-0.7884958948062882,No substantial change
AB42,stat,3737501,0.85906,241,397,-0.7201058609129961,No substantial change
AB42,stat,3738501,0.859583,255.5,432.5,-0.7593768415864657,No substantial change
AB42,stat,3739501,0.860105,201.5,347.5,-0.7862331390829024,No substantial change
AB42,stat,3740501,0.860628,245.5,401,-0.7078792121402272,No substantial change
AB42,stat,3741501,0.86115,184,306.5,-0.7361813076337687,No substantial change
AB42,stat,3742501,0.861673,164.5,262.5,-0.6742298388182434,No substantial change
AB42,stat,3743501,0.862196,227,363,-0.6772772507048357,No substantial change
AB42,stat,3744501,0.862718,214,309.5,-0.5323286128131177,No substantial change
AB42,stat,3745501,0.863241,207.5,347.5,-0.7439016413765828,No substantial change
AB42,stat,3746501,0.863763,202.5,296,-0.5476752678569627,No substantial change
AB42,stat,3747501,0.864286,188,282.5,-0.5875182056249127,No substantial change
AB42,stat,3748501,0.864808,169.5,272,-0.6823213781139955,No substantial change
AB42,stat,3749501,0.865331,165.5,261,-0.6572185897626668,No substantial change
AB42,stat,3750501,0.865853,173,295.5,-0.7723860925408077,No substantial change
AB42,stat,3751501,0.866376,172.5,274.5,-0.6702097873396672,No substantial change
AB42,stat,3752501,0.866898,158,250.5,-0.6648860450181054,No substantial change
AB42,stat,3753501,0.867421,137.5,297.5,-1.1134580497832838,Depleted in Meropenem
AB42,stat,3754501,0.867944,237,421,-0.828933174168137,No substantial change
AB42,stat,3755501,0.868466,244,403,-0.723898690965081,No substantial change
AB42,stat,3756501,0.868989,184.5,325,-0.8168189018554207,No substantial change
AB42,stat,3757501,0.869511,203,342,-0.7525165977007217,No substantial change
AB42,stat,3758501,0.870034,234.5,332,-0.5015953188315482,No substantial change
AB42,stat,3759501,0.870556,195,309,-0.6641327141547637,No substantial change
AB42,stat,3760501,0.871079,220,380,-0.7884958948062882,No substantial change
AB42,stat,3761501,0.871601,232,367.5,-0.6636194445961547,No substantial change
AB42,stat,3762501,0.872124,274,443,-0.6931308055944916,No substantial change
AB42,stat,3763501,0.872646,279,453,-0.6992459282170475,No substantial change
AB42,stat,3764501,0.873169,212.5,316,-0.5724617171520388,No substantial change
AB42,stat,3765501,0.873691,164.5,301,-0.8716759030244606,No substantial change
AB42,stat,3766501,0.874214,178,343.5,-0.9484328578517025,No substantial change
AB42,stat,3767501,0.874737,192,418,-1.1223966313597264,Depleted in Meropenem
AB42,stat,3768501,0.875259,164,283,-0.7871062382137987,No substantial change
AB42,stat,3769501,0.875782,155.5,251,-0.6907727838201695,No substantial change
AB42,stat,3770501,0.876304,197,320,-0.6998762754309862,No substantial change
AB42,stat,3771501,0.876827,178.5,314.5,-0.8171359428501895,No substantial change
AB42,stat,3772501,0.877349,188.5,253,-0.4245728614256458,No substantial change
AB42,stat,3773501,0.877872,179.5,245.5,-0.4517391804916418,No substantial change
AB42,stat,3774501,0.878394,190,245,-0.36678233067162275,No substantial change
AB42,stat,3775501,0.878917,157,202.5,-0.36715734888036,No substantial change
AB42,stat,3776501,0.879439,162.5,162.5,0,No substantial change
AB42,stat,3777501,0.879962,197,185.5,0.08677644283557309,No substantial change
AB42,stat,3778501,0.880485,175,160.5,0.12478162471002555,No substantial change
AB42,stat,3779501,0.881007,179.5,169.5,0.08269857068670738,No substantial change
AB42,stat,3780501,0.88153,196,198,-0.014646775964401337,No substantial change
AB42,stat,3781501,0.882052,195,162.5,0.2630344058337938,No substantial change
AB42,stat,3782501,0.882575,196,164,0.25715783949712445,No substantial change
AB42,stat,3783501,0.883097,197,168.5,0.22544703827451776,No substantial change
AB42,stat,3784501,0.88362,202.5,180,0.16992500144231237,No substantial change
AB42,stat,3785501,0.884142,156.5,147.5,0.08544770268341463,No substantial change
AB42,stat,3786501,0.884665,202.5,201.5,0.007142069244019771,No substantial change
AB42,stat,3787501,0.885187,218.5,231,-0.08025957191545918,No substantial change
AB42,stat,3788501,0.88571,202.5,201.5,0.007142069244019771,No substantial change
AB42,stat,3789501,0.886233,169,169,0,No substantial change
AB42,stat,3790501,0.886755,183.5,211.5,-0.2048776002767369,No substantial change
AB42,stat,3791501,0.887278,156.5,172,-0.13624590776947967,No substantial change
AB42,stat,3792501,0.8878,164,165,-0.008770209627732149,No substantial change
AB42,stat,3793501,0.888323,185,166.5,0.15200309344505006,No substantial change
AB42,stat,3794501,0.888845,209.5,202.5,0.04902833592736449,No substantial change
AB42,stat,3795501,0.889368,257.5,263.5,-0.033230529566633964,No substantial change
AB42,stat,3796501,0.88989,235.5,259,-0.13722503807377076,No substantial change
AB42,stat,3797501,0.890413,217,222.5,-0.03611029340928084,No substantial change
AB42,stat,3798501,0.890935,228.5,265,-0.21379819439249179,No substantial change
AB42,stat,3799501,0.891458,195.5,249.5,-0.35187120802990823,No substantial change
AB42,stat,3800501,0.89198,193,263.5,-0.44920211436913426,No substantial change
AB42,stat,3801501,0.892503,175.5,231.5,-0.39954116295567565,No substantial change
AB42,stat,3802501,0.893026,170,231,-0.4423581052783559,No substantial change
AB42,stat,3803501,0.893548,173,203,-0.23070768954845167,No substantial change
AB42,stat,3804501,0.894071,206.5,281.5,-0.4469931406607842,No substantial change
AB42,stat,3805501,0.894593,181.5,252,-0.4734541855041658,No substantial change
AB42,stat,3806501,0.895116,192.5,254,-0.39997005118990214,No substantial change
AB42,stat,3807501,0.895638,165,250.5,-0.6023445789493926,No substantial change
AB42,stat,3808501,0.896161,201.5,271,-0.42751301282590415,No substantial change
AB42,stat,3809501,0.896683,255,381,-0.579293750634464,No substantial change
AB42,stat,3810501,0.897206,285,494,-0.7935491225325738,No substantial change
AB42,stat,3811501,0.897728,266,521,-0.9698571267773187,No substantial change
AB42,stat,3812501,0.898251,202,404,-1,No substantial change
AB42,stat,3813501,0.898774,217,448,-1.0458036896131249,Depleted in Meropenem
AB42,stat,3814501,0.899296,206,382.5,-0.8928154103967958,No substantial change
AB42,stat,3815501,0.899819,184.5,340,-0.8819139300773058,No substantial change
AB42,stat,3816501,0.900341,180,320.5,-0.8323274502890664,No substantial change
AB42,stat,3817501,0.900864,172.5,331,-0.9402348551416861,No substantial change
AB42,stat,3818501,0.901386,164,368,-1.1660099514389293,Depleted in Meropenem
AB42,stat,3819501,0.901909,191,402,-1.07362286314318,Depleted in Meropenem
AB42,stat,3820501,0.902431,195,379,-0.9587237244214809,No substantial change
AB42,stat,3821501,0.902954,169.5,391.5,-1.2077270341546968,Depleted in Meropenem
AB42,stat,3822501,0.903476,205,390.5,-0.9296986386365335,No substantial change
AB42,stat,3823501,0.903999,167,350.5,-1.0695663415365708,Depleted in Meropenem
AB42,stat,3824501,0.904522,195.5,392,-1.003685046807856,Depleted in Meropenem
AB42,stat,3825501,0.905044,221.5,447,-1.0129681326282995,Depleted in Meropenem
AB42,stat,3826501,0.905567,206,419.5,-1.026026473256605,Depleted in Meropenem
AB42,stat,3827501,0.906089,220.5,387,-0.8115549105868897,No substantial change
AB42,stat,3828501,0.906612,245,392.5,-0.6799109047764188,No substantial change
AB42,stat,3829501,0.907134,232.5,389.5,-0.7443926120662755,No substantial change
AB42,stat,3830501,0.907657,193,339,-0.8126844258682634,No substantial change
AB42,stat,3831501,0.908179,220,351.5,-0.6760211655478755,No substantial change
AB42,stat,3832501,0.908702,221,400,-0.8559536303832932,No substantial change
AB42,stat,3833501,0.909224,214.5,370,-0.7865476230167666,No substantial change
AB42,stat,3834501,0.909747,270,466.5,-0.7889176738009278,No substantial change
AB42,stat,3835501,0.910269,301.5,478.5,-0.6663609225859408,No substantial change
AB42,stat,3836501,0.910792,262,338,-0.3674564347447341,No substantial change
AB42,stat,3837501,0.911315,343.5,389.5,-0.18131322924356905,No substantial change
AB42,stat,3838501,0.911837,393.5,474.5,-0.27004445151362305,No substantial change
AB42,stat,3839501,0.91236,397,429.5,-0.1135191239955058,No substantial change
AB42,stat,3840501,0.912882,414.5,413.5,0.0034847723244755555,No substantial change
AB42,stat,3841501,0.913405,379.5,404.5,-0.0920398170145112,No substantial change
AB42,stat,3842501,0.913927,364,344.5,0.07943446749440491,No substantial change
AB42,stat,3843501,0.91445,413.5,464,-0.1662374759562974,No substantial change
AB42,stat,3844501,0.914972,318,415.5,-0.38582171148598915,No substantial change
AB42,stat,3845501,0.915495,249.5,310,-0.31322839993697704,No substantial change
AB42,stat,3846501,0.916017,230.5,301.5,-0.3873912514707469,No substantial change
AB42,stat,3847501,0.91654,199,310,-0.6394997847305887,No substantial change
AB42,stat,3848501,0.917063,222.5,323.5,-0.5399603761387475,No substantial change
AB42,stat,3849501,0.917585,206,334,-0.6972037652908339,No substantial change
AB42,stat,3850501,0.918108,222.5,403.5,-0.8587633374240201,No substantial change
AB42,stat,3851501,0.91863,224.5,409.5,-0.8671480068998616,No substantial change
AB42,stat,3852501,0.919153,201,313,-0.6389671557536897,No substantial change
AB42,stat,3853501,0.919675,196.5,297.5,-0.5983603559366995,No substantial change
AB42,stat,3854501,0.920198,255.5,418.5,-0.7119043316127224,No substantial change
AB42,stat,3855501,0.92072,243.5,389.5,-0.677701555979327,No substantial change
AB42,stat,3856501,0.921243,179,317,-0.8245232528751507,No substantial change
AB42,stat,3857501,0.921765,177,304.5,-0.782692867823335,No substantial change
AB42,stat,3858501,0.922288,207,317.5,-0.6171258241602029,No substantial change
AB42,stat,3859501,0.922811,208,352.5,-0.7610397291450638,No substantial change
AB42,stat,3860501,0.923333,216.5,339.5,-0.6490445495180069,No substantial change
AB42,stat,3861501,0.923856,172,318.5,-0.8888848075542025,No substantial change
AB42,stat,3862501,0.924378,136.5,264,-0.9516369784386008,No substantial change
AB42,stat,3863501,0.924901,157,292,-0.8952038099883901,No substantial change
AB42,stat,3864501,0.925423,213,342,-0.6831428946600595,No substantial change
AB42,stat,3865501,0.925946,206.5,288,-0.4799270300228671,No substantial change
AB42,stat,3866501,0.926468,212.5,274.5,-0.36934330798013443,No substantial change
AB42,stat,3867501,0.926991,182.5,245,-0.42488528523519087,No substantial change
AB42,stat,3868501,0.927513,181,281.5,-0.6371452249970242,No substantial change
AB42,stat,3869501,0.928036,174.5,329,-0.9148605475255894,No substantial change
AB42,stat,3870501,0.928558,171.5,315.5,-0.8794314288097367,No substantial change
AB42,stat,3871501,0.929081,159,311,-0.9678878148462472,No substantial change
AB42,stat,3872501,0.929604,195,445.5,-1.1919513077723112,Depleted in Meropenem
AB42,stat,3873501,0.930126,200.5,356.5,-0.8302998399889677,No substantial change
AB42,stat,3874501,0.930649,182,291.5,-0.6795574330018002,No substantial change
AB42,stat,3875501,0.931171,202.5,336.5,-0.7326845968383301,No substantial change
AB42,stat,3876501,0.931694,231,472.5,-1.0324214776923775,Depleted in Meropenem
AB42,stat,3877501,0.932216,269,433,-0.6867608521701007,No substantial change
AB42,stat,3878501,0.932739,165,310,-0.9098021910284219,No substantial change
AB42,stat,3879501,0.933261,167.5,343,-1.0340474808276776,Depleted in Meropenem
AB42,stat,3880501,0.933784,192.5,314,-0.7059061133093633,No substantial change
AB42,stat,3881501,0.934306,189,272.5,-0.527869995443216,No substantial change
AB42,stat,3882501,0.934829,200,278,-0.4750848829487828,No substantial change
AB42,stat,3883501,0.935352,283,326,-0.20406991139919525,No substantial change
AB42,stat,3884501,0.935874,228,252.5,-0.14724956347441537,No substantial change
AB42,stat,3885501,0.936397,198,218.5,-0.1421328494209888,No substantial change
AB42,stat,3886501,0.936919,212,191.5,0.14671987263824207,No substantial change
AB42,stat,3887501,0.937442,182.5,162.5,0.16745674585156273,No substantial change
AB42,stat,3888501,0.937964,226.5,201,0.17231554886730652,No substantial change
AB42,stat,3889501,0.938487,202.5,229.5,-0.18057224564182092,No substantial change
AB42,stat,3890501,0.939009,185,202,-0.12683002223548254,No substantial change
AB42,stat,3891501,0.939532,189,217,-0.19930880822340666,No substantial change
AB42,stat,3892501,0.940054,198,203,-0.03597929710556656,No substantial change
AB42,stat,3893501,0.940577,205.5,237,-0.20574866521657628,No substantial change
AB42,stat,3894501,0.9411,234.5,214,0.1319771261142295,No substantial change
AB42,stat,3895501,0.941622,197.5,236.5,-0.2599875302749299,No substantial change
AB42,stat,3896501,0.942145,200,207,-0.0496307677246006,No substantial change
AB42,stat,3897501,0.942667,255.5,258,-0.014047774485632807,No substantial change
AB42,stat,3898501,0.94319,242.5,264,-0.12255318228396338,No substantial change
AB42,stat,3899501,0.943712,210,239.5,-0.18963632807005762,No substantial change
AB42,stat,3900501,0.944235,189.5,272.5,-0.5240583814931971,No substantial change
AB42,stat,3901501,0.944757,206,294,-0.513171817653146,No substantial change
AB42,stat,3902501,0.94528,185.5,292,-0.6545491822592139,No substantial change
AB42,stat,3903501,0.945802,134,270,-1.0107264065930586,Depleted in Meropenem
AB42,stat,3904501,0.946325,195,317,-0.7010087163897967,No substantial change
AB42,stat,3905501,0.946847,161,245.5,-0.6086623362000761,No substantial change
AB42,stat,3906501,0.94737,198,238,-0.2654611432283338,No substantial change
AB42,stat,3907501,0.947893,177,217,-0.29394568236148183,No substantial change
AB42,stat,3908501,0.948415,204,233,-0.1917608026827846,No substantial change
AB42,stat,3909501,0.948938,212.5,245.5,-0.208260183289629,No substantial change
AB42,stat,3910501,0.94946,228,213.5,0.09479775454425139,No substantial change
AB42,stat,3911501,0.949983,203.5,176.5,0.2053606109950668,No substantial change
AB42,stat,3912501,0.950505,187.5,182,0.042952145184546806,No substantial change
AB42,stat,3913501,0.951028,218.5,197.5,0.14578062643613296,No substantial change
AB42,stat,3914501,0.95155,193,185.5,0.05718166064727703,No substantial change
AB42,stat,3915501,0.952073,204.5,182,0.16816239274305256,No substantial change
AB42,stat,3916501,0.952595,239.5,200,0.26002565596145555,No substantial change
AB42,stat,3917501,0.953118,189.5,189.5,0,No substantial change
AB42,stat,3918501,0.953641,155,158.5,-0.03221462486516966,No substantial change
AB42,stat,3919501,0.954163,191.5,164,0.22364857730687343,No substantial change
AB42,stat,3920501,0.954686,191,196.5,-0.04095667422285773,No substantial change
AB42,stat,3921501,0.955208,170.5,215,-0.3345649205652878,No substantial change
AB42,stat,3922501,0.955731,191.5,206.5,-0.10879738949448825,No substantial change
AB42,stat,3923501,0.956253,204.5,226,-0.14422192947343887,No substantial change
AB42,stat,3924501,0.956776,168,224.5,-0.4182542119623866,No substantial change
AB42,stat,3925501,0.957298,233,296.5,-0.34770214989172343,No substantial change
AB42,stat,3926501,0.957821,303,326,-0.10555417075812669,No substantial change
AB42,stat,3927501,0.958343,264.5,310.5,-0.23132554610645567,No substantial change
AB42,stat,3928501,0.958866,183,259.5,-0.5038908900738384,No substantial change
AB42,stat,3929501,0.959388,218.5,234,-0.09887525008280613,No substantial change
AB42,stat,3930501,0.959911,184,226.5,-0.2998052839892221,No substantial change
AB42,stat,3931501,0.960434,222,272.5,-0.29569655331418265,No substantial change
AB42,stat,3932501,0.960956,231.5,285,-0.2999497257918677,No substantial change
AB42,stat,3933501,0.961479,231.5,362.5,-0.6469688016420605,No substantial change
AB42,stat,3934501,0.962001,304,517,-0.766092956871349,No substantial change
AB42,stat,3935501,0.962524,281,426,-0.6002833000049123,No substantial change
AB42,stat,3936501,0.963046,208,336.5,-0.6940229764692248,No substantial change
AB42,stat,3937501,0.963569,183.5,354.5,-0.9500055643963035,No substantial change
AB42,stat,3938501,0.964091,188,370.5,-0.9787408806281964,No substantial change
AB42,stat,3939501,0.964614,160.5,343.5,-1.0977368016957971,Depleted in Meropenem
AB42,stat,3940501,0.965136,225.5,390,-0.7903466904942296,No substantial change
AB42,stat,3941501,0.965659,182.5,315,-0.7874553646198991,No substantial change
AB42,stat,3942501,0.966182,235,439,-0.9015601829703584,No substantial change
AB42,stat,3943501,0.966704,285,437.5,-0.618321097667587,No substantial change
AB42,stat,3944501,0.967227,232,376.5,-0.6985250595443561,No substantial change
AB42,stat,3945501,0.967749,242.5,359,-0.5659990967485613,No substantial change
AB42,stat,3946501,0.968272,285,479,-0.7490637366840762,No substantial change
AB42,stat,3947501,0.968794,311,554.5,-0.8342728800311073,No substantial change
AB42,stat,3948501,0.969317,182,378.5,-1.0563548497870354,Depleted in Meropenem
AB42,stat,3949501,0.969839,196.5,396,-1.0109711178210032,Depleted in Meropenem
AB42,stat,3950501,0.970362,203.5,425.5,-1.0641303374197155,Depleted in Meropenem
AB42,stat,3951501,0.970884,204,343.5,-0.7517409468466044,No substantial change
AB42,stat,3952501,0.971407,194.5,360,-0.8882267513434828,No substantial change
AB42,stat,3953501,0.97193,228.5,380.5,-0.7357022884454757,No substantial change
AB42,stat,3954501,0.972452,306,458,-0.5818159454042922,No substantial change
AB42,stat,3955501,0.972975,296,445,-0.5882081602248103,No substantial change
AB42,stat,3956501,0.973497,336.5,474.5,-0.4958015824107923,No substantial change
AB42,stat,3957501,0.97402,350,477.5,-0.4481458110907822,No substantial change
AB42,stat,3958501,0.974542,303.5,434.5,-0.517659660558718,No substantial change
AB42,stat,3959501,0.975065,342,467.5,-0.4509700398891011,No substantial change
AB42,stat,3960501,0.975587,416,524,-0.33298328339635813,No substantial change
AB42,stat,3961501,0.97611,289,449.5,-0.6372516230137685,No substantial change
AB42,stat,3962501,0.976632,297.5,431.5,-0.5364708909836491,No substantial change
AB42,stat,3963501,0.977155,292.5,421,-0.5253836085956293,No substantial change
AB42,stat,3964501,0.977677,247.5,366,-0.5644151233170704,No substantial change
AB42,stat,3965501,0.9782,260.5,391.5,-0.5877289350125324,No substantial change
AB42,stat,3966501,0.978723,222,353.5,-0.6711505384592928,No substantial change
AB42,stat,3967501,0.979245,204,301.5,-0.5635888499285892,No substantial change
AB42,stat,3968501,0.979768,199,279.5,-0.49007985229954126,No substantial change
AB42,stat,3969501,0.98029,200,255,-0.35049724708413327,No substantial change
AB42,stat,3970501,0.980813,170.5,232,-0.44435306610339964,No substantial change
AB42,stat,3971501,0.981335,209,215.5,-0.044184927008215406,No substantial change
AB42,stat,3972501,0.981858,187.5,216,-0.20414071678022527,No substantial change
AB42,stat,3973501,0.98238,234.5,275.5,-0.23246439605578106,No substantial change
AB42,stat,3974501,0.982903,232,252,-0.11929892837234443,No substantial change
AB42,stat,3975501,0.983425,202.5,232.5,-0.19930880822340666,No substantial change
AB42,stat,3976501,0.983948,249.5,289,-0.21202967716341825,No substantial change
AB42,stat,3977501,0.984471,203,277.5,-0.45100804405229217,No substantial change
AB42,stat,3978501,0.984993,247,346.5,-0.4883443105525361,No substantial change
AB42,stat,3979501,0.985516,323,445.5,-0.46389126682799703,No substantial change
AB42,stat,3980501,0.986038,288.5,412,-0.514073018537736,No substantial change
AB42,stat,3981501,0.986561,261,437.5,-0.7452332101498068,No substantial change
AB42,stat,3982501,0.987083,218,358.5,-0.7176449839249783,No substantial change
AB42,stat,3983501,0.987606,182,377.5,-1.052538194013745,Depleted in Meropenem
AB42,stat,3984501,0.988128,195.5,371,-0.9242505793134509,No substantial change
AB42,stat,3985501,0.988651,197.5,358.5,-0.8601204656374394,No substantial change
AB42,stat,3986501,0.989173,274,462,-0.7537169584555308,No substantial change
AB42,stat,3987501,0.989696,286,470,-0.7166456097866103,No substantial change
AB42,stat,3988501,0.990219,277,457.5,-0.7238857671222165,No substantial change
AB42,stat,3989501,0.990741,305.5,468.5,-0.6168766678404574,No substantial change
AB42,stat,3990501,0.991264,291.5,455,-0.642370661885562,No substantial change
AB42,stat,3991501,0.991786,280.5,434,-0.6296942718356866,No substantial change
AB42,stat,3992501,0.992309,202,371,-0.8770638938690084,No substantial change
AB42,stat,3993501,0.992831,255.5,427,-0.7409127786828691,No substantial change
AB42,stat,3994501,0.993354,242,479.5,-0.9865237677435361,No substantial change
AB42,stat,3995501,0.993876,219,408.5,-0.89940520854451,No substantial change
AB42,stat,3996501,0.994399,192,379.5,-0.9829935746943103,No substantial change
AB42,stat,3997501,0.99492100000000006,172.5,328,-0.9270994529525524,No substantial change
AB42,stat,3998501,0.995444,185,404,-1.1268300222354826,Depleted in Meropenem
AB42,stat,3999501,0.995966,175.5,352,-1.0041043983327365,Depleted in Meropenem
AB42,stat,4000501,0.996489,176.5,333,-0.9158539938000819,No substantial change
AB42,stat,4001501,0.997012,186.5,346,-0.8915964073814869,No substantial change
AB42,stat,4002501,0.997534,232.5,343,-0.5609778601774186,No substantial change
AB42,stat,4003501,0.998057,274.5,359.5,-0.38918562143409924,No substantial change
AB42,exp,501,0.998955,392,363.5,0.10889829019561376,No substantial change
AB42,exp,1501,0.999477,303.5,352,-0.21387891238161522,No substantial change
AB42,exp,2501,1,341.5,389,-0.18788457669610154,No substantial change
AB42,exp,3501,-0.999522,278,388.5,-0.4828297156842025,No substantial change
AB42,exp,4501,-0.999044,268,385,-0.5226254451244913,No substantial change
AB42,exp,5501,-0.998565,264.5,343,-0.37494085405878647,No substantial change
AB42,exp,6501,-0.998087,308,377,-0.2916341725737629,No substantial change
AB42,exp,7501,-0.997609,354.5,433.5,-0.29024636598231884,No substantial change
AB42,exp,8501,-0.997131,367.5,398,-0.11502418081992205,No substantial change
AB42,exp,9501,-0.996652,413,418.5,-0.01908584113089835,No substantial change
AB42,exp,10501,-0.996174,315.5,414,-0.3919907625167761,No substantial change
AB42,exp,11501,-0.995696,355,404,-0.18653626835975032,No substantial change
AB42,exp,12501,-0.995218,299.5,392.5,-0.3901366509902036,No substantial change
AB42,exp,13501,-0.994739,261.5,381,-0.5429800512463806,No substantial change
AB42,exp,14501,-0.994261,336,375.5,-0.16035167473551143,No substantial change
AB42,exp,15501,-0.993783,332.5,437,-0.3942789391120463,No substantial change
AB42,exp,16501,-0.993305,328,427.5,-0.38222860515517654,No substantial change
AB42,exp,17501,-0.992826,388.5,419,-0.10903564529164154,No substantial change
AB42,exp,18501,-0.992348,495,447.5,0.14554084281535326,No substantial change
AB42,exp,19501,-0.99187,367.5,437.5,-0.25153876699596445,No substantial change
AB42,exp,20501,-0.991392,413,462,-0.1617510699966122,No substantial change
AB42,exp,21501,-0.990913,382,372.5,0.036332212686224746,No substantial change
AB42,exp,22501,-0.990435,348,434,-0.3186077365957511,No substantial change
AB42,exp,23501,-0.989957,364.5,457,-0.32627535073113273,No substantial change
AB42,exp,24501,-0.989479,330,376.5,-0.1901838404261124,No substantial change
AB42,exp,25501,-0.989,268,367.5,-0.45551124926595427,No substantial change
AB42,exp,26501,-0.988522,286,400,-0.48398485299633537,No substantial change
AB42,exp,27501,-0.988044,281,380.5,-0.43732632328261933,No substantial change
AB42,exp,28501,-0.987566,294.5,427.5,-0.5376567859427995,No substantial change
AB42,exp,29501,-0.987088,270.5,360,-0.41236831250285944,No substantial change
AB42,exp,30501,-0.986609,268.5,347,-0.3700135745928482,No substantial change
AB42,exp,31501,-0.986131,341.5,400.5,-0.2299166641186197,No substantial change
AB42,exp,32501,-0.985653,267.5,346.5,-0.3733164608487044,No substantial change
AB42,exp,33501,-0.985175,343.5,418.5,-0.28491752373224366,No substantial change
AB42,exp,34501,-0.984696,447,465,-0.05695588481207597,No substantial change
AB42,exp,35501,-0.984218,330,420,-0.34792330342030686,No substantial change
AB42,exp,36501,-0.98374,317.5,389.5,-0.294866736402141,No substantial change
AB42,exp,37501,-0.983262,421,424.5,-0.011944320486642346,No substantial change
AB42,exp,38501,-0.982783,461,423.5,0.1224047810971393,No substantial change
AB42,exp,39501,-0.982305,303.5,393.5,-0.37466711925180424,No substantial change
AB42,exp,40501,-0.981827,294,376.5,-0.35683370983556384,No substantial change
AB42,exp,41501,-0.981349,278,384.5,-0.467898715238319,No substantial change
AB42,exp,42501,-0.98087,243,403,-0.7298235249221864,No substantial change
AB42,exp,43501,-0.980392,287,379,-0.4011471114954039,No substantial change
AB42,exp,44501,-0.979914,351.5,450.5,-0.3580024167410033,No substantial change
AB42,exp,45501,-0.979436,323.5,429,-0.40721193550703816,No substantial change
AB42,exp,46501,-0.978957,288,340,-0.2394659346953894,No substantial change
AB42,exp,47501,-0.978479,311.5,372.5,-0.25800826232552215,No substantial change
AB42,exp,48501,-0.978001,346.5,435,-0.3281600485988769,No substantial change
AB42,exp,49501,-0.977523,408.5,464,-0.1837887269818887,No substantial change
AB42,exp,50501,-0.977044,316,406,-0.3615551690080732,No substantial change
AB42,exp,51501,-0.976566,354.5,383,-0.11155876468544094,No substantial change
AB42,exp,52501,-0.976088,322.5,381.5,-0.24238389652391407,No substantial change
AB42,exp,53501,-0.97561,318,380.5,-0.25886968821919004,No substantial change
AB42,exp,54501,-0.975132,308.5,369.5,-0.260303874996733,No substantial change
AB42,exp,55501,-0.974653,359,419.5,-0.2246869666167719,No substantial change
AB42,exp,56501,-0.974175,355.5,426,-0.26100387060642294,No substantial change
AB42,exp,57501,-0.973697,289.5,354,-0.29018601209376077,No substantial change
AB42,exp,58501,-0.973219,282,348.5,-0.30546349346962953,No substantial change
AB42,exp,59501,-0.97274,256,331,-0.3706874068072177,No substantial change
AB42,exp,60501,-0.972262,277.5,325.5,-0.23016977192816723,No substantial change
AB42,exp,61501,-0.971784,298.5,401,-0.4258713051901153,No substantial change
AB42,exp,62501,-0.971306,247,358,-0.5354485456795787,No substantial change
AB42,exp,63501,-0.970827,294.5,403,-0.45251220469750675,No substantial change
AB42,exp,64501,-0.970349,306,392,-0.3573220014225564,No substantial change
AB42,exp,65501,-0.969871,330.5,394,-0.2535453579486846,No substantial change
AB42,exp,66501,-0.969393,389.5,448.5,-0.203484656857592,No substantial change
AB42,exp,67501,-0.968914,363,434.5,-0.2593866288186495,No substantial change
AB42,exp,68501,-0.968436,389.5,479,-0.29840232767451097,No substantial change
AB42,exp,69501,-0.967958,317.5,366.5,-0.20705660647428373,No substantial change
AB42,exp,70501,-0.96748,312,383,-0.2957983630627088,No substantial change
AB42,exp,71501,-0.967001,302,396.5,-0.3927723163788994,No substantial change
AB42,exp,72501,-0.966523,353,388,-0.13638846891594741,No substantial change
AB42,exp,73501,-0.966045,364.5,378,-0.05246741989413554,No substantial change
AB42,exp,74501,-0.965567,427.5,410.5,0.05854219799545529,No substantial change
AB42,exp,75501,-0.965088,366.5,346,0.08304116049708729,No substantial change
AB42,exp,76501,-0.96461,413.5,376,0.13715466749363722,No substantial change
AB42,exp,77501,-0.964132,398.5,350,0.18722480215814297,No substantial change
AB42,exp,78501,-0.963654,422.5,401,0.07534910471462629,No substantial change
AB42,exp,79501,-0.963176,523,495.5,0.07792588906045311,No substantial change
AB42,exp,80501,-0.962697,315.5,397.5,-0.33331485518916865,No substantial change
AB42,exp,81501,-0.962219,351.5,409.5,-0.22033876256847343,No substantial change
AB42,exp,82501,-0.961741,268.5,336.5,-0.3256844166249044,No substantial change
AB42,exp,83501,-0.961263,354.5,440,-0.3117178962851435,No substantial change
AB42,exp,84501,-0.960784,338.5,444,-0.39140384277510915,No substantial change
AB42,exp,85501,-0.960306,303.5,394.5,-0.37832878375777657,No substantial change
AB42,exp,86501,-0.959828,282.5,390,-0.4652232564470607,No substantial change
AB42,exp,87501,-0.95935,255.5,357.5,-0.48461995072813036,No substantial change
AB42,exp,88501,-0.958871,288.5,364.5,-0.33734749568145456,No substantial change
AB42,exp,89501,-0.958393,302,396,-0.3909518807545307,No substantial change
AB42,exp,90501,-0.957915,368.5,448,-0.28183411296253436,No substantial change
AB42,exp,91501,-0.957437,384.5,426,-0.14786983226401174,No substantial change
AB42,exp,92501,-0.956958,313.5,399.5,-0.34973006012593777,No substantial change
AB42,exp,93501,-0.95648,315.5,387,-0.29469356116186124,No substantial change
AB42,exp,94501,-0.956002,283.5,373.5,-0.3977595078470083,No substantial change
AB42,exp,95501,-0.955524,310,330.5,-0.0923820562334542,No substantial change
AB42,exp,96501,-0.955045,308.5,367,-0.25050957369379484,No substantial change
AB42,exp,97501,-0.954567,285.5,347.5,-0.283522232248027,No substantial change
AB42,exp,98501,-0.954089,373,450.5,-0.2723514755583008,No substantial change
AB42,exp,99501,-0.953611,275,324,-0.2365621944726028,No substantial change
AB42,exp,100501,-0.953132,289.5,368.5,-0.3481012711058331,No substantial change
AB42,exp,101501,-0.952654,323,406,-0.3299455624912514,No substantial change
AB42,exp,102501,-0.952176,353.5,409,-0.21039062813235004,No substantial change
AB42,exp,103501,-0.951698,276.5,364.5,-0.3986393340922301,No substantial change
AB42,exp,104501,-0.95122,266.5,343.5,-0.3661745660589243,No substantial change
AB42,exp,105501,-0.950741,303.5,396.5,-0.38562434944829627,No substantial change
AB42,exp,106501,-0.950263,330,387.5,-0.2317302859157842,No substantial change
AB42,exp,107501,-0.949785,360.5,451,-0.3231281740145585,No substantial change
AB42,exp,108501,-0.949307,285.5,386.5,-0.4369776685620047,No substantial change
AB42,exp,109501,-0.948828,318,339.5,-0.09438480896037642,No substantial change
AB42,exp,110501,-0.94835,387,406,-0.06914616104076593,No substantial change
AB42,exp,111501,-0.947872,336.5,439,-0.38361443492504116,No substantial change
AB42,exp,112501,-0.947394,257.5,315.5,-0.2930675729119683,No substantial change
AB42,exp,113501,-0.946915,292.5,402.5,-0.4605521585312124,No substantial change
AB42,exp,114501,-0.946437,265.5,338.5,-0.3504439727708431,No substantial change
AB42,exp,115501,-0.945959,224.5,336,-0.5817457880376135,No substantial change
AB42,exp,116501,-0.945481,230.5,313,-0.4413959065032804,No substantial change
AB42,exp,117501,-0.945002,243.5,332.5,-0.4494325683062098,No substantial change
AB42,exp,118501,-0.944524,332.5,390.5,-0.23196820775342733,No substantial change
AB42,exp,119501,-0.944046,287.5,375.5,-0.38525095168253426,No substantial change
AB42,exp,120501,-0.943568,248,332.5,-0.4230142200016767,No substantial change
AB42,exp,121501,-0.943089,271.5,316.5,-0.22125330162397983,No substantial change
AB42,exp,122501,-0.942611,334,356.5,-0.09405397396983589,No substantial change
AB42,exp,123501,-0.942133,276,329,-0.2534193169570724,No substantial change
AB42,exp,124501,-0.941655,322,377.5,-0.2294159560978243,No substantial change
AB42,exp,125501,-0.941176,315.5,382.5,-0.27781974259746517,No substantial change
AB42,exp,126501,-0.940698,302,348,-0.20453875652364942,No substantial change
AB42,exp,127501,-0.94022,338,341,-0.012748492741988133,No substantial change
AB42,exp,128501,-0.939742,312,421.5,-0.433986602079834,No substantial change
AB42,exp,129501,-0.939264,286.5,387,-0.43379842738750546,No substantial change
AB42,exp,130501,-0.938785,267,379.5,-0.5072601437279123,No substantial change
AB42,exp,131501,-0.938307,262.5,370.5,-0.4971561197523488,No substantial change
AB42,exp,132501,-0.937829,267,336.5,-0.33376676292276325,No substantial change
AB42,exp,133501,-0.937351,238.5,289.5,-0.27957408198372496,No substantial change
AB42,exp,134501,-0.936872,287,342,-0.25294558821021007,No substantial change
AB42,exp,135501,-0.936394,396,447.5,-0.17638725207200923,No substantial change
AB42,exp,136501,-0.935916,345,400.5,-0.21520588074317873,No substantial change
AB42,exp,137501,-0.935438,307,388,-0.33781799681694835,No substantial change
AB42,exp,138501,-0.934959,302,337,-0.1582000418567796,No substantial change
AB42,exp,139501,-0.934481,237,305,-0.3639221835519895,No substantial change
AB42,exp,140501,-0.934003,254.5,342,-0.42633066881020265,No substantial change
AB42,exp,141501,-0.933525,278,368.5,-0.40657973637156225,No substantial change
AB42,exp,142501,-0.933046,322,363,-0.17290885988113378,No substantial change
AB42,exp,143501,-0.932568,325,371.5,-0.19292249262277936,No substantial change
AB42,exp,144501,-0.93209,350,416.5,-0.2509615735332188,No substantial change
AB42,exp,145501,-0.931612,271,326.5,-0.26879014019255915,No substantial change
AB42,exp,146501,-0.931133,368,419,-0.18724447764233867,No substantial change
AB42,exp,147501,-0.930655,340.5,372,-0.1276478230959603,No substantial change
AB42,exp,148501,-0.930177,255.5,329.5,-0.3669551740704304,No substantial change
AB42,exp,149501,-0.929699,172,284,-0.7234823648025842,No substantial change
AB42,exp,150501,-0.92922,236.5,317,-0.422642656800012,No substantial change
AB42,exp,151501,-0.928742,243,323.5,-0.41280939838672676,No substantial change
AB42,exp,152501,-0.928264,222.5,335,-0.5903557594913746,No substantial change
AB42,exp,153501,-0.927786,221,283,-0.3567556834404508,No substantial change
AB42,exp,154501,-0.927308,198,310,-0.646767785194628,No substantial change
AB42,exp,155501,-0.926829,230.5,307,-0.4134719049408414,No substantial change
AB42,exp,156501,-0.926351,202,293,-0.536545371670453,No substantial change
AB42,exp,157501,-0.925873,217.5,310.5,-0.5135778674843907,No substantial change
AB42,exp,158501,-0.925395,206.5,317.5,-0.6206148102400829,No substantial change
AB42,exp,159501,-0.924916,197.5,270,-0.45110675398636557,No substantial change
AB42,exp,160501,-0.924438,184.5,241,-0.38541233016956566,No substantial change
AB42,exp,161501,-0.92396,236,288.5,-0.28978445928364127,No substantial change
AB42,exp,162501,-0.923482,350,370,-0.08017034868398333,No substantial change
AB42,exp,163501,-0.923003,409,391,0.06493223563439642,No substantial change
AB42,exp,164501,-0.922525,323.5,307.5,0.07317930176590527,No substantial change
AB42,exp,165501,-0.922047,242.5,297,-0.29247818372627576,No substantial change
AB42,exp,166501,-0.921569,227.5,335,-0.5582945502590763,No substantial change
AB42,exp,167501,-0.92109,259.5,335,-0.3684265569872541,No substantial change
AB42,exp,168501,-0.920612,253,391,-0.6280312226130421,No substantial change
AB42,exp,169501,-0.920134,244.5,318.5,-0.38145890730406656,No substantial change
AB42,exp,170501,-0.919656,284,376,-0.4048417321729552,No substantial change
AB42,exp,171501,-0.919177,246.5,329.5,-0.4186908186301403,No substantial change
AB42,exp,172501,-0.918699,256,304,-0.24792751344358557,No substantial change
AB42,exp,173501,-0.918221,250,309,-0.30567874324228744,No substantial change
AB42,exp,174501,-0.917743,224.5,328.5,-0.5491779255811826,No substantial change
AB42,exp,175501,-0.917264,250,365,-0.5459683691052926,No substantial change
AB42,exp,176501,-0.916786,239,303.5,-0.34468589827493357,No substantial change
AB42,exp,177501,-0.916308,244.5,301,-0.2999290218074682,No substantial change
AB42,exp,178501,-0.91583,253,314,-0.3116271741973168,No substantial change
AB42,exp,179501,-0.915352,225,302,-0.4246235481080418,No substantial change
AB42,exp,180501,-0.914873,218,290,-0.4117247652380082,No substantial change
AB42,exp,181501,-0.914395,217.5,296.5,-0.447016703809913,No substantial change
AB42,exp,182501,-0.913917,226.5,291.5,-0.36398483315426133,No substantial change
AB42,exp,183501,-0.913439,304,335.5,-0.142241442756598,No substantial change
AB42,exp,184501,-0.91296,261,351.5,-0.4294748825026508,No substantial change
AB42,exp,185501,-0.912482,250,357.5,-0.5160151470036648,No substantial change
AB42,exp,186501,-0.912004,208,308,-0.5663468225538092,No substantial change
AB42,exp,187501,-0.911526,258,338.5,-0.39178476815174257,No substantial change
AB42,exp,188501,-0.911047,267.5,301,-0.17022459547119276,No substantial change
AB42,exp,189501,-0.910569,263,346,-0.39570923834442223,No substantial change
AB42,exp,190501,-0.910091,226,359,-0.6676610714078636,No substantial change
AB42,exp,191501,-0.909613,219,308.5,-0.4943396195482444,No substantial change
AB42,exp,192501,-0.909134,210.5,330,-0.6486457911794196,No substantial change
AB42,exp,193501,-0.908656,250,274,-0.1322477982984397,No substantial change
AB42,exp,194501,-0.908178,271,335.5,-0.3080199148463119,No substantial change
AB42,exp,195501,-0.9077,261,329.5,-0.33622865843816724,No substantial change
AB42,exp,196501,-0.907221,241.5,340,-0.4935115573019285,No substantial change
AB42,exp,197501,-0.906743,290.5,336,-0.20992306937423136,No substantial change
AB42,exp,198501,-0.906265,376.5,370,0.025124594155615947,No substantial change
AB42,exp,199501,-0.905787,254.5,353,-0.47200252719548497,No substantial change
AB42,exp,200501,-0.905308,229,360,-0.6526493082327308,No substantial change
AB42,exp,201501,-0.90483,236.5,366.5,-0.6319730147944166,No substantial change
AB42,exp,202501,-0.904352,301,358.5,-0.25220963194220275,No substantial change
AB42,exp,203501,-0.903874,275,374,-0.4436066514756146,No substantial change
AB42,exp,204501,-0.903396,252,334,-0.40642436897413586,No substantial change
AB42,exp,205501,-0.902917,266.5,323.5,-0.2796301792333318,No substantial change
AB42,exp,206501,-0.902439,319,364.5,-0.19236239056206764,No substantial change
AB42,exp,207501,-0.901961,286,341.5,-0.255870431511701,No substantial change
AB42,exp,208501,-0.901483,258.5,336,-0.3782969524638256,No substantial change
AB42,exp,209501,-0.901004,230,320,-0.4764380439429871,No substantial change
AB42,exp,210501,-0.900526,297.5,335.5,-0.17342309800487773,No substantial change
AB42,exp,211501,-0.900048,256,324.5,-0.34207466799913844,No substantial change
AB42,exp,212501,-0.89957,322,307,0.06882203274443763,No substantial change
AB42,exp,213501,-0.899091,254,274.5,-0.11197765223303285,No substantial change
AB42,exp,214501,-0.898613,284.5,312,-0.13311737655566647,No substantial change
AB42,exp,215501,-0.898135,305,318,-0.060217522834106724,No substantial change
AB42,exp,216501,-0.897657,317.5,331,-0.06007462514768957,No substantial change
AB42,exp,217501,-0.897178,231.5,294,-0.3448039615761279,No substantial change
AB42,exp,218501,-0.8967,238,323,-0.4405725913859815,No substantial change
AB42,exp,219501,-0.896222,232.5,370,-0.6702945545209184,No substantial change
AB42,exp,220501,-0.895744,270,328.5,-0.2829339632714988,No substantial change
AB42,exp,221501,-0.895265,294.5,381,-0.3715233636628613,No substantial change
AB42,exp,222501,-0.894787,365,384,-0.07320984695377655,No substantial change
AB42,exp,223501,-0.894309,337,348,-0.0463387146668699,No substantial change
AB42,exp,224501,-0.893831,383.5,401.5,-0.066173410014381,No substantial change
AB42,exp,225501,-0.893352,310.5,436,-0.4897348665564449,No substantial change
AB42,exp,226501,-0.892874,298,408,-0.4532568215093341,No substantial change
AB42,exp,227501,-0.892396,273.5,347.5,-0.3454721448183132,No substantial change
AB42,exp,228501,-0.891918,303.5,371.5,-0.29166569428291406,No substantial change
AB42,exp,229501,-0.89144,347.5,419,-0.2699372660884819,No substantial change
AB42,exp,230501,-0.890961,311.5,386,-0.3093686842440786,No substantial change
AB42,exp,231501,-0.890483,317.5,369.5,-0.21881777248662274,No substantial change
AB42,exp,232501,-0.890005,356.5,398.5,-0.16067764754658362,No substantial change
AB42,exp,233501,-0.889527,390,372.5,0.06623369840008683,No substantial change
AB42,exp,234501,-0.889048,322.5,368,-0.19040660574639634,No substantial change
AB42,exp,235501,-0.88857,273,361,-0.40309788596731855,No substantial change
AB42,exp,236501,-0.888092,275,342,-0.3145647064738759,No substantial change
AB42,exp,237501,-0.887614,291.5,329.5,-0.17678258180755527,No substantial change
AB42,exp,238501,-0.887135,359.5,336,0.09753053766053763,No substantial change
AB42,exp,239501,-0.886657,386.5,379.5,0.026368528509381144,No substantial change
AB42,exp,240501,-0.886179,266,356.5,-0.4224758309426985,No substantial change
AB42,exp,241501,-0.885701,260.5,371.5,-0.512078838260088,No substantial change
AB42,exp,242501,-0.885222,261,345.5,-0.40463590381837394,No substantial change
AB42,exp,243501,-0.884744,363.5,457.5,-0.3318163792518104,No substantial change
AB42,exp,244501,-0.884266,344,387.5,-0.17178774545950204,No substantial change
AB42,exp,245501,-0.883788,290,352,-0.2795225286223628,No substantial change
AB42,exp,246501,-0.883309,269,307,-0.19063248281355533,No substantial change
AB42,exp,247501,-0.882831,288.5,364,-0.33536713155321385,No substantial change
AB42,exp,248501,-0.882353,296,364.5,-0.3003216386979872,No substantial change
AB42,exp,249501,-0.881875,270.5,356.5,-0.3982734826170728,No substantial change
AB42,exp,250501,-0.881396,271.5,356.5,-0.39294987863952663,No substantial change
AB42,exp,251501,-0.880918,267,341.5,-0.3550458366025366,No substantial change
AB42,exp,252501,-0.88044,281.5,388,-0.46292173010689813,No substantial change
AB42,exp,253501,-0.879962,227,357,-0.6532317767381848,No substantial change
AB42,exp,254501,-0.879484,297.5,390,-0.39058445555430493,No substantial change
AB42,exp,255501,-0.879005,277,355.5,-0.359963583570227,No substantial change
AB42,exp,256501,-0.878527,273.5,372.5,-0.44569959255696734,No substantial change
AB42,exp,257501,-0.878049,269,342.5,-0.348497815291265,No substantial change
AB42,exp,258501,-0.877571,233.5,356,-0.6084546912567358,No substantial change
AB42,exp,259501,-0.877092,279.5,391.5,-0.4861640244478507,No substantial change
AB42,exp,260501,-0.876614,292,329.5,-0.1743100961280345,No substantial change
AB42,exp,261501,-0.876136,315,382,-0.27822080964846985,No substantial change
AB42,exp,262501,-0.875658,283,360.5,-0.3491972064089402,No substantial change
AB42,exp,263501,-0.875179,261,329,-0.33403777716535704,No substantial change
AB42,exp,264501,-0.874701,269.5,329,-0.28780231098273595,No substantial change
AB42,exp,265501,-0.874223,385,348.5,0.14369978971384062,No substantial change
AB42,exp,266501,-0.873745,361.5,434,-0.2636993954933616,No substantial change
AB42,exp,267501,-0.873266,221,351.5,-0.6694783196811038,No substantial change
AB42,exp,268501,-0.872788,280.5,380,-0.43799864772215497,No substantial change
AB42,exp,269501,-0.87231,226.5,309.5,-0.45042835916802965,No substantial change
AB42,exp,270501,-0.871832,321,402,-0.3246222040566255,No substantial change
AB42,exp,271501,-0.871353,258,359.5,-0.4786207050160436,No substantial change
AB42,exp,272501,-0.870875,244.5,349,-0.5133925712574184,No substantial change
AB42,exp,273501,-0.870397,317.5,370.5,-0.22271695064630567,No substantial change
AB42,exp,274501,-0.869919,253.5,356,-0.48989149396305715,No substantial change
AB42,exp,275501,-0.86944,252.5,370.5,-0.5531901546666768,No substantial change
AB42,exp,276501,-0.868962,272.5,370.5,-0.44321731264154524,No substantial change
AB42,exp,277501,-0.868484,310.5,313,-0.011569388712136988,No substantial change
AB42,exp,278501,-0.86800600000000006,253,349.5,-0.4661550706811262,No substantial change
AB42,exp,279501,-0.867527,289,353.5,-0.29064072230871996,No substantial change
AB42,exp,280501,-0.867049,264.5,335.5,-0.3430450440861579,No substantial change
AB42,exp,281501,-0.866571,233,314.5,-0.4327300622250089,No substantial change
AB42,exp,282501,-0.866093,228,319,-0.4845225996001278,No substantial change
AB42,exp,283501,-0.865615,272.5,337,-0.30649236151756976,No substantial change
AB42,exp,284501,-0.865136,205,307.5,-0.5849625007211563,No substantial change
AB42,exp,285501,-0.864658,208.5,313,-0.5861152734879547,No substantial change
AB42,exp,286501,-0.86418,228.5,322,-0.4948665230565473,No substantial change
AB42,exp,287501,-0.863702,206.5,303.5,-0.5555547348362366,No substantial change
AB42,exp,288501,-0.863223,209.5,266.5,-0.3471852890598243,No substantial change
AB42,exp,289501,-0.862745,290.5,345,-0.24805819826100256,No substantial change
AB42,exp,290501,-0.862267,311.5,341,-0.13053957600017066,No substantial change
AB42,exp,291501,-0.861789,261.5,327.5,-0.3246839601778713,No substantial change
AB42,exp,292501,-0.86131,257.5,365,-0.5033240316967987,No substantial change
AB42,exp,293501,-0.860832,255.5,392.5,-0.6193693628413681,No substantial change
AB42,exp,294501,-0.860354,326,401.5,-0.3005280232862369,No substantial change
AB42,exp,295501,-0.859876,322.5,329,-0.028788423424624995,No substantial change
AB42,exp,296501,-0.859397,408.5,388.5,0.07242147973797343,No substantial change
AB42,exp,297501,-0.858919,396.5,386.5,0.03685245177913091,No substantial change
AB42,exp,298501,-0.858441,274.5,320,-0.22126575588216374,No substantial change
AB42,exp,299501,-0.857963,276,356.5,-0.36923380966571906,No substantial change
AB42,exp,300501,-0.857484,252.5,348.5,-0.4648752682292661,No substantial change
AB42,exp,301501,-0.857006,208,318,-0.6124432371432633,No substantial change
AB42,exp,302501,-0.856528,251,385,-0.6171710816314917,No substantial change
AB42,exp,303501,-0.85605,230.5,359,-0.6392170933937135,No substantial change
AB42,exp,304501,-0.855571,263.5,387.5,-0.5563933485243852,No substantial change
AB42,exp,305501,-0.855093,264.5,392,-0.5675859320011825,No substantial change
AB42,exp,306501,-0.854615,229.5,344,-0.58391441128829,No substantial change
AB42,exp,307501,-0.854137,237,333,-0.49063511817300315,No substantial change
AB42,exp,308501,-0.853659,240.5,333,-0.46948528330122025,No substantial change
AB42,exp,309501,-0.85318,265,325.5,-0.296665183715074,No substantial change
AB42,exp,310501,-0.852702,216,345.5,-0.6776543982247901,No substantial change
AB42,exp,311501,-0.852224,302.5,405.5,-0.42276677205531604,No substantial change
AB42,exp,312501,-0.851746,306,372.5,-0.28370877265687217,No substantial change
AB42,exp,313501,-0.851267,271.5,392.5,-0.5317404559746279,No substantial change
AB42,exp,314501,-0.850789,269,406,-0.5938735546285521,No substantial change
AB42,exp,315501,-0.850311,309,463.5,-0.5849625007211563,No substantial change
AB42,exp,316501,-0.849833,247.5,409.5,-0.7264349266740368,No substantial change
AB42,exp,317501,-0.849354,223.5,411,-0.8788635624983653,No substantial change
AB42,exp,318501,-0.848876,246.5,364.5,-0.5643311679490256,No substantial change
AB42,exp,319501,-0.848398,240,394,-0.7151612238478576,No substantial change
AB42,exp,320501,-0.84792,292,411,-0.4931700248016656,No substantial change
AB42,exp,321501,-0.847441,247.5,412,-0.7352158122162464,No substantial change
AB42,exp,322501,-0.846963,271,402,-0.5689026498250571,No substantial change
AB42,exp,323501,-0.846485,273.5,401.5,-0.553859154724758,No substantial change
AB42,exp,324501,-0.846007,262.5,381.5,-0.5393656342810456,No substantial change
AB42,exp,325501,-0.845528,230,388,-0.7544227912427525,No substantial change
AB42,exp,326501,-0.84505,243.5,416.5,-0.7743947232832054,No substantial change
AB42,exp,327501,-0.844572,243.5,381.5,-0.6477612847521884,No substantial change
AB42,exp,328501,-0.844094,271.5,404,-0.5734030949474331,No substantial change
AB42,exp,329501,-0.843615,351,407.5,-0.21532902881387916,No substantial change
AB42,exp,330501,-0.843137,376.5,379.5,-0.011450020743538071,No substantial change
AB42,exp,331501,-0.842659,270,364.5,-0.43295940727610627,No substantial change
AB42,exp,332501,-0.842181,247,358.5,-0.537462077117227,No substantial change
AB42,exp,333501,-0.841703,237,359,-0.5990967849247922,No substantial change
AB42,exp,334501,-0.841224,220,353.5,-0.6842066912847393,No substantial change
AB42,exp,335501,-0.840746,260,419.5,-0.6901591874113688,No substantial change
AB42,exp,336501,-0.840268,258.5,356,-0.46171296065146306,No substantial change
AB42,exp,337501,-0.83979,198,334,-0.7543476723944426,No substantial change
AB42,exp,338501,-0.839311,259.5,358.5,-0.46623858034402405,No substantial change
AB42,exp,339501,-0.838833,343.5,368,-0.09939566723891274,No substantial change
AB42,exp,340501,-0.838355,246,347.5,-0.49835466227162994,No substantial change
AB42,exp,341501,-0.837877,239,386,-0.6915902292873319,No substantial change
AB42,exp,342501,-0.837398,246,322,-0.3884023727753771,No substantial change
AB42,exp,343501,-0.83692,272.5,372.5,-0.4509841956852351,No substantial change
AB42,exp,344501,-0.836442,251,372.5,-0.569553061398752,No substantial change
AB42,exp,345501,-0.835964,234,333,-0.5090136474878575,No substantial change
AB42,exp,346501,-0.835485,358,396.5,-0.14736127843972197,No substantial change
AB42,exp,347501,-0.835007,359,445,-0.30982149203070874,No substantial change
AB42,exp,348501,-0.834529,408.5,418.5,-0.034891544404660274,No substantial change
AB42,exp,349501,-0.834051,399,380,0.070389327891398,No substantial change
AB42,exp,350501,-0.833572,292,365.5,-0.32390303707242013,No substantial change
AB42,exp,351501,-0.833094,283.5,367,-0.3724313279009839,No substantial change
AB42,exp,352501,-0.832616,231.5,325.5,-0.4916453499053992,No substantial change
AB42,exp,353501,-0.832138,231.5,336,-0.537449039518524,No substantial change
AB42,exp,354501,-0.831659,255,324,-0.34549656602576667,No substantial change
AB42,exp,355501,-0.831181,251,333.5,-0.40999939723381296,No substantial change
AB42,exp,356501,-0.830703,252.5,328,-0.3774124269789267,No substantial change
AB42,exp,357501,-0.830225,254.5,317,-0.31681718406371195,No substantial change
AB42,exp,358501,-0.829747,294.5,356,-0.27360960713593696,No substantial change
AB42,exp,359501,-0.829268,270,344.5,-0.35154457565346037,No substantial change
AB42,exp,360501,-0.82879,266.5,356.5,-0.4197665436847122,No substantial change
AB42,exp,361501,-0.828312,253,301.5,-0.25302061720577473,No substantial change
AB42,exp,362501,-0.827834,270,330.5,-0.2916908644568608,No substantial change
AB42,exp,363501,-0.827355,220,306.5,-0.4783835501661219,No substantial change
AB42,exp,364501,-0.826877,252,352,-0.4821516951373807,No substantial change
AB42,exp,365501,-0.826399,269,359.5,-0.41838559788267377,No substantial change
AB42,exp,366501,-0.825921,252.5,338,-0.42073985864302726,No substantial change
AB42,exp,367501,-0.825442,241,305.5,-0.3421392335887679,No substantial change
AB42,exp,368501,-0.824964,268.5,313.5,-0.22354335481662627,No substantial change
AB42,exp,369501,-0.824486,275.5,366.5,-0.4117608795626543,No substantial change
AB42,exp,370501,-0.824008,254,370.5,-0.5446450455336679,No substantial change
AB42,exp,371501,-0.823529,217,338,-0.6393282038377052,No substantial change
AB42,exp,372501,-0.823051,230,320.5,-0.4786904956743657,No substantial change
AB42,exp,373501,-0.822573,300.5,359.5,-0.2586267797281125,No substantial change
AB42,exp,374501,-0.822095,259,356,-0.45892514327984396,No substantial change
AB42,exp,375501,-0.821616,290,361,-0.31594593687223654,No substantial change
AB42,exp,376501,-0.821138,275,329.5,-0.26084684659602986,No substantial change
AB42,exp,377501,-0.82066,261,388,-0.5720068456172431,No substantial change
AB42,exp,378501,-0.820182,265.5,396,-0.5767885692754561,No substantial change
AB42,exp,379501,-0.819703,266,348,-0.38766106034753867,No substantial change
AB42,exp,380501,-0.819225,240.5,328.5,-0.4498564765522876,No substantial change
AB42,exp,381501,-0.818747,239.5,323.5,-0.4337400562563274,No substantial change
AB42,exp,382501,-0.818269,366.5,343.5,0.09350309931571187,No substantial change
AB42,exp,383501,-0.817791,381,364.5,0.06387218316638482,No substantial change
AB42,exp,384501,-0.817312,263.5,313,-0.24835969529540372,No substantial change
AB42,exp,385501,-0.816834,251,313.5,-0.32077807885126697,No substantial change
AB42,exp,386501,-0.816356,365.5,346.5,0.07701605381522371,No substantial change
AB42,exp,387501,-0.815878,267.5,322.5,-0.26976026902210715,No substantial change
AB42,exp,388501,-0.815399,297,353,-0.24920525247041453,No substantial change
AB42,exp,389501,-0.814921,318.5,355,-0.156525652135744,No substantial change
AB42,exp,390501,-0.814443,357.5,434.5,-0.28141293514864835,No substantial change
AB42,exp,391501,-0.813965,348,392,-0.17176634826647993,No substantial change
AB42,exp,392501,-0.813486,405.5,490.5,-0.27455122200196574,No substantial change
AB42,exp,393501,-0.813008,340.5,403.5,-0.24491387526570907,No substantial change
AB42,exp,394501,-0.81253,298.5,347,-0.2172047313134559,No substantial change
AB42,exp,395501,-0.812052,314.5,447.5,-0.5088276652723296,No substantial change
AB42,exp,396501,-0.811573,242.5,401,-0.7256174893804302,No substantial change
AB42,exp,397501,-0.811095,295.5,408.5,-0.46717794796815104,No substantial change
AB42,exp,398501,-0.810617,313,427.5,-0.4497617628406419,No substantial change
AB42,exp,399501,-0.810139,426,536,-0.33137957023193415,No substantial change
AB42,exp,400501,-0.80966,323.5,429,-0.40721193550703816,No substantial change
AB42,exp,401501,-0.809182,280,376,-0.425305834732671,No substantial change
AB42,exp,402501,-0.808704,270,335.5,-0.3133533591493527,No substantial change
AB42,exp,403501,-0.808226,329.5,444,-0.43028121134205416,No substantial change
AB42,exp,404501,-0.807747,342,436,-0.3503318098910286,No substantial change
AB42,exp,405501,-0.807269,275,371.5,-0.4339305921265743,No substantial change
AB42,exp,406501,-0.806791,315,379,-0.26684601978381295,No substantial change
AB42,exp,407501,-0.806313,347,452,-0.38138710983692675,No substantial change
AB42,exp,408501,-0.805835,371.5,427,-0.2008738590818942,No substantial change
AB42,exp,409501,-0.805356,280.5,349,-0.3152262656008595,No substantial change
AB42,exp,410501,-0.804878,249.5,349,-0.4841872208723917,No substantial change
AB42,exp,411501,-0.8044,248.5,328,-0.4004499630557976,No substantial change
AB42,exp,412501,-0.803922,273.5,320.5,-0.22878352382618442,No substantial change
AB42,exp,413501,-0.803443,293.5,392,-0.4174931510051561,No substantial change
AB42,exp,414501,-0.802965,288,367,-0.3497112514009003,No substantial change
AB42,exp,415501,-0.802487,247,323,-0.38702312310924736,No substantial change
AB42,exp,416501,-0.802009,264.5,342,-0.37072860277187214,No substantial change
AB42,exp,417501,-0.80153,262,377.5,-0.526909832674991,No substantial change
AB42,exp,418501,-0.801052,246.5,319,-0.3719687773869579,No substantial change
AB42,exp,419501,-0.800574,238.5,360,-0.5940076403241632,No substantial change
AB42,exp,420501,-0.800096,262.5,409,-0.6397834203882639,No substantial change
AB42,exp,421501,-0.799617,262,370.5,-0.49990673076838354,No substantial change
AB42,exp,422501,-0.799139,247,388.5,-0.6534035568230323,No substantial change
AB42,exp,423501,-0.798661,265,402,-0.601203141728367,No substantial change
AB42,exp,424501,-0.798183,252,338,-0.42359951278226776,No substantial change
AB42,exp,425501,-0.797704,271,384,-0.5028134593672847,No substantial change
AB42,exp,426501,-0.797226,293.5,358.5,-0.2886126155918526,No substantial change
AB42,exp,427501,-0.796748,293.5,356,-0.2785167378563456,No substantial change
AB42,exp,428501,-0.79627,220.5,366,-0.731064992726522,No substantial change
AB42,exp,429501,-0.795791,219.5,341,-0.6355507994888143,No substantial change
AB42,exp,430501,-0.795313,340,342,-0.008461578748196181,No substantial change
AB42,exp,431501,-0.794835,260.5,302.5,-0.21565176988344867,No substantial change
AB42,exp,432501,-0.794357,244,317.5,-0.3798754440966419,No substantial change
AB42,exp,433501,-0.793879,263,327,-0.31422783620578015,No substantial change
AB42,exp,434501,-0.7934,272.5,366,-0.42558741861975374,No substantial change
AB42,exp,435501,-0.792922,273.5,360.5,-0.39845842644826596,No substantial change
AB42,exp,436501,-0.792444,306.5,388.5,-0.34202752471692854,No substantial change
AB42,exp,437501,-0.791966,258,372,-0.5279315556847771,No substantial change
AB42,exp,438501,-0.791487,289.5,355,-0.29425567640280775,No substantial change
AB42,exp,439501,-0.791009,348,445,-0.3547180300050319,No substantial change
AB42,exp,440501,-0.790531,318,411,-0.3701116283973274,No substantial change
AB42,exp,441501,-0.790053,300.5,386.5,-0.3631034232136619,No substantial change
AB42,exp,442501,-0.789574,346.5,383,-0.14448903978774333,No substantial change
AB42,exp,443501,-0.789096,285.5,385.5,-0.4332401145521914,No substantial change
AB42,exp,444501,-0.788618,329,420.5,-0.3540182165199028,No substantial change
AB42,exp,445501,-0.78814,416.5,416,0.0017329672244555366,No substantial change
AB42,exp,446501,-0.78766099999999994,293,353,-0.2687675188489324,No substantial change
AB42,exp,447501,-0.787183,263,367,-0.4807172635509103,No substantial change
AB42,exp,448501,-0.786705,237.5,318.5,-0.4233658590379902,No substantial change
AB42,exp,449501,-0.786227,252,349,-0.46980330270973575,No substantial change
AB42,exp,450501,-0.785748,252,386,-0.615177113768164,No substantial change
AB42,exp,451501,-0.78527,272.5,360.5,-0.4037430295765338,No substantial change
AB42,exp,452501,-0.784792,302.5,337.5,-0.15795235977623645,No substantial change
AB42,exp,453501,-0.784314,290.5,332,-0.19264507794239588,No substantial change
AB42,exp,454501,-0.783835,291,342.5,-0.2350848349396051,No substantial change
AB42,exp,455501,-0.783357,253.5,322.5,-0.347313413307276,No substantial change
AB42,exp,456501,-0.782879,292,337.5,-0.20891913305817603,No substantial change
AB42,exp,457501,-0.782401,284.5,403,-0.5023511862213855,No substantial change
AB42,exp,458501,-0.781923,292.5,407.5,-0.4783634346476731,No substantial change
AB42,exp,459501,-0.781444,324,367.5,-0.18175043683910197,No substantial change
AB42,exp,460501,-0.780966,266,327,-0.29786438999689296,No substantial change
AB42,exp,461501,-0.780488,277.5,350,-0.33486715059486055,No substantial change
AB42,exp,462501,-0.78001,234.5,352,-0.5859875061219209,No substantial change
AB42,exp,463501,-0.779531,260.5,352,-0.4342920563587889,No substantial change
AB42,exp,464501,-0.779053,300.5,413.5,-0.4605223384600893,No substantial change
AB42,exp,465501,-0.778575,277,346.5,-0.3229693760880255,No substantial change
AB42,exp,466501,-0.778097,247.5,340.5,-0.4602262730450992,No substantial change
AB42,exp,467501,-0.777618,240.5,333.5,-0.47164986741454296,No substantial change
AB42,exp,468501,-0.77714,266.5,360,-0.4338613735704988,No substantial change
AB42,exp,469501,-0.776662,282.5,325,-0.20218885061326677,No substantial change
AB42,exp,470501,-0.776184,249.5,342,-0.45495650954863737,No substantial change
AB42,exp,471501,-0.775705,267.5,347,-0.37539677128975163,No substantial change
AB42,exp,472501,-0.775227,268.5,343.5,-0.35538801083268745,No substantial change
AB42,exp,473501,-0.774749,229.5,314,-0.45227040547781905,No substantial change
AB42,exp,474501,-0.774271,221,324,-0.5519474434931931,No substantial change
AB42,exp,475501,-0.773792,210,288.5,-0.4581819909793599,No substantial change
AB42,exp,476501,-0.773314,255,378.5,-0.5697960531268736,No substantial change
AB42,exp,477501,-0.772836,261.5,398.5,-0.6077687777435303,No substantial change
AB42,exp,478501,-0.772358,224,308.5,-0.4617717570918138,No substantial change
AB42,exp,479501,-0.771879,252,365,-0.534472730267463,No substantial change
AB42,exp,480501,-0.771401,314,357.5,-0.1871786827741248,No substantial change
AB42,exp,481501,-0.770923,283,324,-0.1951917600527424,No substantial change
AB42,exp,482501,-0.770445,348.5,411.5,-0.23973377455320258,No substantial change
AB42,exp,483501,-0.769967,292.5,390,-0.4150374992788438,No substantial change
AB42,exp,484501,-0.769488,270,391.5,-0.5360529002402097,No substantial change
AB42,exp,485501,-0.76901,305,330,-0.11365678179556724,No substantial change
AB42,exp,486501,-0.768532,288.5,382,-0.4050013193902663,No substantial change
AB42,exp,487501,-0.768054,306.5,361.5,-0.23810857326033633,No substantial change
AB42,exp,488501,-0.767575,282.5,353.5,-0.3234593475068489,No substantial change
AB42,exp,489501,-0.767097,283,416,-0.5557814753092097,No substantial change
AB42,exp,490501,-0.766619,306,374.5,-0.29143406576609926,No substantial change
AB42,exp,491501,-0.766141,359.5,383,-0.09135262148565933,No substantial change
AB42,exp,492501,-0.765662,321.5,414,-0.3648120301713779,No substantial change
AB42,exp,493501,-0.765184,279,419.5,-0.5884056886106356,No substantial change
AB42,exp,494501,-0.764706,252.5,345,-0.45031297402637427,No substantial change
AB42,exp,495501,-0.764228,260.5,358.5,-0.4606897464233966,No substantial change
AB42,exp,496501,-0.763749,298.5,335.5,-0.1685818349353785,No substantial change
AB42,exp,497501,-0.763271,250,388.5,-0.635986503745623,No substantial change
AB42,exp,498501,-0.762793,290.5,365.5,-0.3313332425479085,No substantial change
AB42,exp,499501,-0.762315,267.5,331,-0.30729232551870844,No substantial change
AB42,exp,500501,-0.761836,305,323.5,-0.084956469542258925,No substantial change
AB42,exp,501501,-0.761358,282.5,343,-0.27995770887026217,No substantial change
AB42,exp,502501,-0.76088,255.5,376,-0.5574093707400161,No substantial change
AB42,exp,503501,-0.760402,296.5,356,-0.2638451364203942,No substantial change
AB42,exp,504501,-0.759923,234.5,344,-0.5528206421867214,No substantial change
AB42,exp,505501,-0.759445,297,375.5,-0.3383499767135061,No substantial change
AB42,exp,506501,-0.758967,315.5,401.5,-0.3477599825347654,No substantial change
AB42,exp,507501,-0.758489,306,405.5,-0.40617026152462127,No substantial change
AB42,exp,508501,-0.758011,304.5,351,-0.20502880239822824,No substantial change
AB42,exp,509501,-0.757532,300.5,380.5,-0.34053146279235996,No substantial change
AB42,exp,510501,-0.757054,242.5,303.5,-0.32371176918119204,No substantial change
AB42,exp,511501,-0.756576,235,323,-0.45887340812892524,No substantial change
AB42,exp,512501,-0.756098,285,314,-0.13980263983952296,No substantial change
AB42,exp,513501,-0.755619,293.5,367.5,-0.32438374661367464,No substantial change
AB42,exp,514501,-0.755141,328.5,371,-0.17552581629847377,No substantial change
AB42,exp,515501,-0.754663,286,395.5,-0.46766254769440235,No substantial change
AB42,exp,516501,-0.754185,218.5,364.5,-0.7382855348263387,No substantial change
AB42,exp,517501,-0.753706,255,397,-0.6386417602840998,No substantial change
AB42,exp,518501,-0.753228,277.5,392.5,-0.5002048825415212,No substantial change
AB42,exp,519501,-0.75275,270,372.5,-0.4642810182986931,No substantial change
AB42,exp,520501,-0.752272,244.5,346,-0.5009375726844908,No substantial change
AB42,exp,521501,-0.751793,327,375.5,-0.19952227201618916,No substantial change
AB42,exp,522501,-0.751315,356,366,-0.039966407317644746,No substantial change
AB42,exp,523501,-0.750837,290,405,-0.48186900775705266,No substantial change
AB42,exp,524501,-0.750359,373,415,-0.15393570597904935,No substantial change
AB42,exp,525501,-0.74988,305,373,-0.2903663878049892,No substantial change
AB42,exp,526501,-0.749402,316.5,399.5,-0.3359900034996355,No substantial change
AB42,exp,527501,-0.748924,276,375,-0.4422223286050742,No substantial change
AB42,exp,528501,-0.748446,318,383.5,-0.270199812218578,No substantial change
AB42,exp,529501,-0.747967,270.5,343,-0.3425799823459971,No substantial change
AB42,exp,530501,-0.747489,315,344.5,-0.12915215431701246,No substantial change
AB42,exp,531501,-0.747011,290.5,345,-0.24805819826100256,No substantial change
AB42,exp,532501,-0.746533,271.5,312,-0.20059383105788678,No substantial change
AB42,exp,533501,-0.746055,270,387.5,-0.521236903110769,No substantial change
AB42,exp,534501,-0.745576,299.5,404,-0.4317992899630091,No substantial change
AB42,exp,535501,-0.745098,332,425.5,-0.35797589033903787,No substantial change
AB42,exp,536501,-0.74462,331,415,-0.32628011942706947,No substantial change
AB42,exp,537501,-0.744142,383.5,450.5,-0.23230052831060527,No substantial change
AB42,exp,538501,-0.743663,357.5,406,-0.18353648551942445,No substantial change
AB42,exp,539501,-0.743185,383,438.5,-0.19523245051977595,No substantial change
AB42,exp,540501,-0.742707,285,393,-0.4635673932065025,No substantial change
AB42,exp,541501,-0.742229,321.5,375.5,-0.22399417018632442,No substantial change
AB42,exp,542501,-0.74175,325,416,-0.3561438102252753,No substantial change
AB42,exp,543501,-0.741272,251.5,389.5,-0.631064928256142,No substantial change
AB42,exp,544501,-0.740794,256.5,370.5,-0.5305147166987798,No substantial change
AB42,exp,545501,-0.740316,291.5,394.5,-0.43652941681296203,No substantial change
AB42,exp,546501,-0.739837,288,351.5,-0.28745587763022296,No substantial change
AB42,exp,547501,-0.739359,471,455.5,0.04827600581073255,No substantial change
AB42,exp,548501,-0.738881,421.5,460,-0.12610123000229295,No substantial change
AB42,exp,549501,-0.738403,463.5,458.5,0.015647605030476474,No substantial change
AB42,exp,550501,-0.737924,296.5,324,-0.12796170833862114,No substantial change
AB42,exp,551501,-0.737446,256,321.5,-0.32867492732794734,No substantial change
AB42,exp,552501,-0.736968,245.5,335,-0.4484380710304418,No substantial change
AB42,exp,553501,-0.73649,338,409.5,-0.27684020535882436,No substantial change
AB42,exp,554501,-0.736011,255,342,-0.42349907802703995,No substantial change
AB42,exp,555501,-0.735533,299.5,380.5,-0.3453404507147598,No substantial change
AB42,exp,556501,-0.735055,422,397.5,0.0862881385354674,No substantial change
AB42,exp,557501,-0.734577,337.5,332.5,0.02153316154964145,No substantial change
AB42,exp,558501,-0.734099,280,326.5,-0.2216561646014644,No substantial change
AB42,exp,559501,-0.73362,255.5,359,-0.49066055288543,No substantial change
AB42,exp,560501,-0.733142,242.5,382.5,-0.6574750005055242,No substantial change
AB42,exp,561501,-0.732664,378,456,-0.270647589943669,No substantial change
AB42,exp,562501,-0.732186,298.5,344,-0.20467763343729295,No substantial change
AB42,exp,563501,-0.731707,261.5,377.5,-0.5296656979654999,No substantial change
AB42,exp,564501,-0.731229,228,340,-0.5765009219729602,No substantial change
AB42,exp,565501,-0.730751,258.5,336.5,-0.3804422242953824,No substantial change
AB42,exp,566501,-0.730273,257,325,-0.3386713587219387,No substantial change
AB42,exp,567501,-0.729794,256,395.5,-0.6275338844727917,No substantial change
AB42,exp,568501,-0.729316,273,348,-0.35018635492887595,No substantial change
AB42,exp,569501,-0.728838,256.5,364,-0.5049796245916421,No substantial change
AB42,exp,570501,-0.72836,237,309,-0.3827197790061155,No substantial change
AB42,exp,571501,-0.727881,297,369.5,-0.31511143334538505,No substantial change
AB42,exp,572501,-0.727403,292.5,351.5,-0.2650880646017685,No substantial change
AB42,exp,573501,-0.726925,233.5,363,-0.6365469982860887,No substantial change
AB42,exp,574501,-0.726447,233,344,-0.5620786100478178,No substantial change
AB42,exp,575501,-0.725968,264,348,-0.39854937649027494,No substantial change
AB42,exp,576501,-0.72549,269.5,338,-0.3267379735296788,No substantial change
AB42,exp,577501,-0.725012,275.5,324,-0.2339414943134671,No substantial change
AB42,exp,578501,-0.724534,253.5,302.5,-0.25494939515861637,No substantial change
AB42,exp,579501,-0.724055,261.5,318,-0.282215819037414,No substantial change
AB42,exp,580501,-0.723577,250,343,-0.45628048151072537,No substantial change
AB42,exp,581501,-0.723099,239.5,338.5,-0.4991301778388166,No substantial change
AB42,exp,582501,-0.722621,272,332,-0.28757659009658537,No substantial change
AB42,exp,583501,-0.722143,236,340,-0.5267478867758606,No substantial change
AB42,exp,584501,-0.721664,240.5,354,-0.5577124663129555,No substantial change
AB42,exp,585501,-0.721186,286.5,380,-0.4074642795740431,No substantial change
AB42,exp,586501,-0.720708,276.5,397.5,-0.5236753799370107,No substantial change
AB42,exp,587501,-0.72023,258,348,-0.43171624042547413,No substantial change
AB42,exp,588501,-0.719751,266.5,348.5,-0.38702312310924736,No substantial change
AB42,exp,589501,-0.719273,318.5,389,-0.28847678272989147,No substantial change
AB42,exp,590501,-0.718795,250,335,-0.42223300068304764,No substantial change
AB42,exp,591501,-0.718317,213.5,361,-0.7577627672666806,No substantial change
AB42,exp,592501,-0.717838,263.5,351,-0.4136680686673462,No substantial change
AB42,exp,593501,-0.71736,287,368.5,-0.36061388241938186,No substantial change
AB42,exp,594501,-0.716882,296.5,377.5,-0.3484445396664375,No substantial change
AB42,exp,595501,-0.716404,305,330,-0.11365678179556724,No substantial change
AB42,exp,596501,-0.715925,303.5,361.5,-0.2522991306954357,No substantial change
AB42,exp,597501,-0.715447,260,298.5,-0.19921930823635045,No substantial change
AB42,exp,598501,-0.714969,245.5,390.5,-0.6695995238272862,No substantial change
AB42,exp,599501,-0.714491,278,370,-0.41244038779280473,No substantial change
AB42,exp,600501,-0.714012,257,304,-0.24230296424970732,No substantial change
AB42,exp,601501,-0.713534,252.5,310.5,-0.2983098805813244,No substantial change
AB42,exp,602501,-0.713056,309.5,382,-0.3036332288214841,No substantial change
AB42,exp,603501,-0.712578,273.5,366.5,-0.4222723653412554,No substantial change
AB42,exp,604501,-0.712099,308.5,379,-0.29692735902167383,No substantial change
AB42,exp,605501,-0.711621,290.5,393,-0.4359911488540775,No substantial change
AB42,exp,606501,-0.711143,297,390,-0.39301119294884496,No substantial change
AB42,exp,607501,-0.710665,293.5,415.5,-0.5014879736602924,No substantial change
AB42,exp,608501,-0.710187,237.5,336,-0.50053371956045,No substantial change
AB42,exp,609501,-0.709708,279.5,356,-0.34902895812320767,No substantial change
AB42,exp,610501,-0.70923,319,370.5,-0.21591711854096443,No substantial change
AB42,exp,611501,-0.708752,271.5,328.5,-0.274941172517968,No substantial change
AB42,exp,612501,-0.708274,319,376.5,-0.23909344090705875,No substantial change
AB42,exp,613501,-0.707795,297.5,389,-0.38688048679088616,No substantial change
AB42,exp,614501,-0.707317,274.5,368,-0.4228996170518142,No substantial change
AB42,exp,615501,-0.706839,282.5,363,-0.36171868069320057,No substantial change
AB42,exp,616501,-0.706361,252,329.5,-0.3868547315081352,No substantial change
AB42,exp,617501,-0.705882,319.5,374.5,-0.2291497875117566,No substantial change
AB42,exp,618501,-0.705404,275,361.5,-0.39456402853909595,No substantial change
AB42,exp,619501,-0.704926,235.5,340,-0.5298076865249186,No substantial change
AB42,exp,620501,-0.704448,255,325,-0.3499424710569589,No substantial change
AB42,exp,621501,-0.703969,283,314,-0.14996250605974465,No substantial change
AB42,exp,622501,-0.703491,350.5,398,-0.18335398653302565,No substantial change
AB42,exp,623501,-0.703013,246.5,332,-0.4295955949690132,No substantial change
AB42,exp,624501,-0.702535,284.5,356,-0.32344858865981585,No substantial change
AB42,exp,625501,-0.702056,238.5,328.5,-0.461904104316818,No substantial change
AB42,exp,626501,-0.701578,299,365.5,-0.28972592175433226,No substantial change
AB42,exp,627501,-0.7011,255,314,-0.300267312032769,No substantial change
AB42,exp,628501,-0.700622,210.5,340,-0.6917145130713056,No substantial change
AB42,exp,629501,-0.700143,267.5,339.5,-0.34387268295622253,No substantial change
AB42,exp,630501,-0.699665,290.5,341,-0.23123357561964356,No substantial change
AB42,exp,631501,-0.699187,262.5,387.5,-0.561878887608115,No substantial change
AB42,exp,632501,-0.698709,260.5,335,-0.3628777230666266,No substantial change
AB42,exp,633501,-0.698231,243.5,322,-0.4031389160322748,No substantial change
AB42,exp,634501,-0.697752,244,361.5,-0.5671144993882314,No substantial change
AB42,exp,635501,-0.697274,245,323.5,-0.4009839629899369,No substantial change
AB42,exp,636501,-0.696796,235,302.5,-0.3642743855969572,No substantial change
AB42,exp,637501,-0.696318,228.5,330,-0.5302718591877461,No substantial change
AB42,exp,638501,-0.695839,248.5,345.5,-0.47543985882597245,No substantial change
AB42,exp,639501,-0.695361,222,334,-0.5892884261239462,No substantial change
AB42,exp,640501,-0.694883,201,336.5,-0.7434110034313886,No substantial change
AB42,exp,641501,-0.694405,238.5,330,-0.46847675824030416,No substantial change
AB42,exp,642501,-0.693926,319.5,396.5,-0.3115049347569841,No substantial change
AB42,exp,643501,-0.693448,288.5,370,-0.35895395187082957,No substantial change
AB42,exp,644501,-0.69297,309.5,375.5,-0.27887349830000707,No substantial change
AB42,exp,645501,-0.692492,321,375.5,-0.22623961039196858,No substantial change
AB42,exp,646501,-0.692013,353,374.5,-0.0852975351875708,No substantial change
AB42,exp,647501,-0.691535,285.5,335.5,-0.2328220208373408,No substantial change
AB42,exp,648501,-0.691057,301.5,379.5,-0.33194188351538156,No substantial change
AB42,exp,649501,-0.690579,299.5,378.5,-0.33773729719694595,No substantial change
AB42,exp,650501,-0.6901,286.5,349.5,-0.2867573166185315,No substantial change
AB42,exp,651501,-0.689622,304.5,317,-0.05804061223307481,No substantial change
AB42,exp,652501,-0.689144,304,347,-0.19086433913467535,No substantial change
AB42,exp,653501,-0.688666,340,355,-0.06228427825434273,No substantial change
AB42,exp,654501,-0.688187,304,377,-0.3104931998250787,No substantial change
AB42,exp,655501,-0.687709,245,347,-0.5021539135756904,No substantial change
AB42,exp,656501,-0.687231,240.5,338,-0.49098635251214234,No substantial change
AB42,exp,657501,-0.686753,277.5,376,-0.4382448904401692,No substantial change
AB42,exp,658501,-0.686275,298.5,332,-0.1534523100821198,No substantial change
AB42,exp,659501,-0.685796,286.5,390,-0.44493898499270573,No substantial change
AB42,exp,660501,-0.685318,303,366,-0.2725258548110915,No substantial change
AB42,exp,661501,-0.68484,296,380,-0.3604022427019981,No substantial change
AB42,exp,662501,-0.684362,272.5,420.5,-0.6258495705908557,No substantial change
AB42,exp,663501,-0.683883,262,350.5,-0.4198476324731728,No substantial change
AB42,exp,664501,-0.683405,309.5,396.5,-0.35738145648971376,No substantial change
AB42,exp,665501,-0.682927,309.5,415,-0.4231719270200224,No substantial change
AB42,exp,666501,-0.682449,246.5,335.5,-0.44472511982227203,No substantial change
AB42,exp,667501,-0.68197,221.5,286,-0.3687084482233711,No substantial change
AB42,exp,668501,-0.681492,247,331,-0.42232017522254006,No substantial change
AB42,exp,669501,-0.681014,249.5,363.5,-0.5429155485823338,No substantial change
AB42,exp,670501,-0.680536,233,365,-0.6475665091130992,No substantial change
AB42,exp,671501,-0.680057,227,302,-0.41185625203416404,No substantial change
AB42,exp,672501,-0.679579,317.5,361.5,-0.18723905529158963,No substantial change
AB42,exp,673501,-0.679101,295,348,-0.2383723515995246,No substantial change
AB42,exp,674501,-0.678623,354,384,-0.11735695063815874,No substantial change
AB42,exp,675501,-0.678144,320.5,384.5,-0.2626592413430854,No substantial change
AB42,exp,676501,-0.677666,241,345.5,-0.519652564158297,No substantial change
AB42,exp,677501,-0.677188,260.5,341,-0.3884883667456643,No substantial change
AB42,exp,678501,-0.67671,237,360.5,-0.6051122003425633,No substantial change
AB42,exp,679501,-0.676231,231,338,-0.5491303948661267,No substantial change
AB42,exp,680501,-0.675753,301,380,-0.33623593157124576,No substantial change
AB42,exp,681501,-0.675275,312,413.5,-0.40634130030902627,No substantial change
AB42,exp,682501,-0.674797,299,395,-0.40170716886636015,No substantial change
AB42,exp,683501,-0.674319,340,471.5,-0.4717230245373949,No substantial change
AB42,exp,684501,-0.67384,291,392,-0.4298345012069244,No substantial change
AB42,exp,685501,-0.673362,360,393,-0.1265324059289318,No substantial change
AB42,exp,686501,-0.672884,248,335.5,-0.4359726458133083,No substantial change
AB42,exp,687501,-0.672406,249,316.5,-0.34605975736026034,No substantial change
AB42,exp,688501,-0.671927,397,471,-0.24658805246982535,No substantial change
AB42,exp,689501,-0.671449,332.5,417.5,-0.3284218569728627,No substantial change
AB42,exp,690501,-0.670971,267.5,355.5,-0.410310668330906,No substantial change
AB42,exp,691501,-0.670493,271,350.5,-0.3711215926567516,No substantial change
AB42,exp,692501,-0.670014,263.5,371.5,-0.4955592489013816,No substantial change
AB42,exp,693501,-0.669536,243,317,-0.38352652653362634,No substantial change
AB42,exp,694501,-0.669058,288.5,409,-0.5035295242962664,No substantial change
AB42,exp,695501,-0.66858,238.5,347,-0.5409463965727495,No substantial change
AB42,exp,696501,-0.668101,266,339,-0.34985902763515436,No substantial change
AB42,exp,697501,-0.667623,253.5,352.5,-0.4756375102828153,No substantial change
AB42,exp,698501,-0.667145,337,451.5,-0.42197739629899966,No substantial change
AB42,exp,699501,-0.666667,262.5,384,-0.5487888881676712,No substantial change
AB42,exp,700501,-0.666188,256,383,-0.581200581924957,No substantial change
AB42,exp,701501,-0.66571,234.5,349.5,-0.5757045328600597,No substantial change
AB42,exp,702501,-0.665232,239.5,304,-0.3440456677074053,No substantial change
AB42,exp,703501,-0.664754,263.5,369,-0.4858178544231813,No substantial change
AB42,exp,704501,-0.664275,220.5,357,-0.6951454184715791,No substantial change
AB42,exp,705501,-0.663797,256,389.5,-0.6054795180616693,No substantial change
AB42,exp,706501,-0.663319,318,406.5,-0.3542285867906725,No substantial change
AB42,exp,707501,-0.662841,351.5,424,-0.27053957549066393,No substantial change
AB42,exp,708501,-0.662363,304,351,-0.20739970686097522,No substantial change
AB42,exp,709501,-0.661884,263.5,342.5,-0.37830102621067435,No substantial change
AB42,exp,710501,-0.661406,271,340,-0.3272418947838301,No substantial change
AB42,exp,711501,-0.660928,325,416.5,-0.35787677744973084,No substantial change
AB42,exp,712501,-0.66045,271,381.5,-0.4933902054806588,No substantial change
AB42,exp,713501,-0.659971,260.5,380,-0.5447160460524397,No substantial change
AB42,exp,714501,-0.659493,268.5,381.5,-0.5067609688491178,No substantial change
AB42,exp,715501,-0.659015,297,374,-0.3325753390868709,No substantial change
AB42,exp,716501,-0.658537,355,422,-0.24942397431514077,No substantial change
AB42,exp,717501,-0.658058,324.5,403,-0.3125613605288289,No substantial change
AB42,exp,718501,-0.65758,249.5,360.5,-0.5309594439035619,No substantial change
AB42,exp,719501,-0.657102,223.5,308,-0.4626555195115836,No substantial change
AB42,exp,720501,-0.656624,293,367.5,-0.3268435853014789,No substantial change
AB42,exp,721501,-0.656145,311.5,360.5,-0.21076709621682072,No substantial change
AB42,exp,722501,-0.655667,331.5,406.5,-0.2942464819624401,No substantial change
AB42,exp,723501,-0.655189,249,331,-0.41068547473913686,No substantial change
AB42,exp,724501,-0.654711,270.5,338.5,-0.32352723974818143,No substantial change
AB42,exp,725501,-0.654232,307.5,389,-0.33918374475958973,No substantial change
AB42,exp,726501,-0.653754,322,422.5,-0.3918906530549296,No substantial change
AB42,exp,727501,-0.653276,283,324.5,-0.19741642516725622,No substantial change
AB42,exp,728501,-0.652798,287.5,371.5,-0.3698002547068587,No substantial change
AB42,exp,729501,-0.652319,301,382,-0.3438091512760466,No substantial change
AB42,exp,730501,-0.651841,291.5,394,-0.43469974625587987,No substantial change
AB42,exp,731501,-0.651363,269,405,-0.590315735215363,No substantial change
AB42,exp,732501,-0.650885,254,364.5,-0.5210903175547712,No substantial change
AB42,exp,733501,-0.650407,278,358.5,-0.36688823597839726,No substantial change
AB42,exp,734501,-0.649928,248,341,-0.4594316186372972,No substantial change
AB42,exp,735501,-0.64945,270,350.5,-0.3764550369597922,No substantial change
AB42,exp,736501,-0.648972,350,421.5,-0.26817770910975347,No substantial change
AB42,exp,737501,-0.648494,268.5,357.5,-0.4130211536803391,No substantial change
AB42,exp,738501,-0.648015,271,363,-0.4216766966418791,No substantial change
AB42,exp,739501,-0.647537,320.5,389.5,-0.28129897144292815,No substantial change
AB42,exp,740501,-0.647059,349.5,415.5,-0.24955602139490815,No substantial change
AB42,exp,741501,-0.646581,289.5,409.5,-0.5003001036517719,No substantial change
AB42,exp,742501,-0.646102,314.5,384.5,-0.28992358108253735,No substantial change
AB42,exp,743501,-0.645624,319,392.5,-0.29913623001411993,No substantial change
AB42,exp,744501,-0.645146,268.5,345,-0.3616742736801189,No substantial change
AB42,exp,745501,-0.644668,289.5,388.5,-0.42435125041847355,No substantial change
AB42,exp,746501,-0.644189,335.5,410,-0.2893111433052626,No substantial change
AB42,exp,747501,-0.643711,381.5,355,0.10386403244248592,No substantial change
AB42,exp,748501,-0.643233,356.5,353.5,0.012191861634489338,No substantial change
AB42,exp,749501,-0.642755,351,361.5,-0.04252461664655711,No substantial change
AB42,exp,750501,-0.642276,263,348,-0.40402450655642586,No substantial change
AB42,exp,751501,-0.641798,226,337.5,-0.5785647295230056,No substantial change
AB42,exp,752501,-0.64132,225,349,-0.6333020349926151,No substantial change
AB42,exp,753501,-0.640842,234,375,-0.6803820657998387,No substantial change
AB42,exp,754501,-0.640363,270,382.5,-0.5025003405291831,No substantial change
AB42,exp,755501,-0.639885,296,427.5,-0.5303272441443104,No substantial change
AB42,exp,756501,-0.639407,327.5,383.5,-0.22773167107812073,No substantial change
AB42,exp,757501,-0.638929,321.5,386,-0.2637821099401332,No substantial change
AB42,exp,758501,-0.638451,276.5,378.5,-0.4530138197510246,No substantial change
AB42,exp,759501,-0.637972,252.5,396.5,-0.6510374780648214,No substantial change
AB42,exp,760501,-0.637494,295.5,438.5,-0.5694187122672005,No substantial change
AB42,exp,761501,-0.637016,280,378,-0.43295940727610627,No substantial change
AB42,exp,762501,-0.636538,283.5,406.5,-0.519906617132799,No substantial change
AB42,exp,763501,-0.636059,315.5,372.5,-0.23960042036697496,No substantial change
AB42,exp,764501,-0.635581,323.5,424.5,-0.391998841560531,No substantial change
AB42,exp,765501,-0.635103,249.5,417,-0.741007568107403,No substantial change
AB42,exp,766501,-0.634625,375,537,-0.5180314926021694,No substantial change
AB42,exp,767501,-0.634146,301,374.5,-0.31520223169904904,No substantial change
AB42,exp,768501,-0.633668,240.5,328.5,-0.4498564765522876,No substantial change
AB42,exp,769501,-0.63319,288.5,381,-0.4012196788478395,No substantial change
AB42,exp,770501,-0.632712,263,362.5,-0.46291819560999437,No substantial change
AB42,exp,771501,-0.632233,299,398,-0.41262294634554386,No substantial change
AB42,exp,772501,-0.631755,316,352.5,-0.15769869910905304,No substantial change
AB42,exp,773501,-0.631277,285.5,365,-0.3544057184045369,No substantial change
AB42,exp,774501,-0.630799,220,334,-0.6023445789493926,No substantial change
AB42,exp,775501,-0.63032,270,319.5,-0.24285652389616355,No substantial change
AB42,exp,776501,-0.629842,279,383.5,-0.4589614556737459,No substantial change
AB42,exp,777501,-0.629364,277,358,-0.3700736112150681,No substantial change
AB42,exp,778501,-0.628886,253,381.5,-0.5925456721402204,No substantial change
AB42,exp,779501,-0.628407,299,405,-0.4377764235738821,No substantial change
AB42,exp,780501,-0.627929,267.5,375.5,-0.4892740162257626,No substantial change
AB42,exp,781501,-0.627451,234,353.5,-0.5952016852259944,No substantial change
AB42,exp,782501,-0.626973,259,379.5,-0.5511477877289125,No substantial change
AB42,exp,783501,-0.626495,293,369.5,-0.3346736997239031,No substantial change
AB42,exp,784501,-0.626016,266.5,372,-0.48116708834885547,No substantial change
AB42,exp,785501,-0.625538,299,411,-0.45899290948357785,No substantial change
AB42,exp,786501,-0.62506,276.5,350.5,-0.3421349637759162,No substantial change
AB42,exp,787501,-0.624582,300,371.5,-0.3083997100427154,No substantial change
AB42,exp,788501,-0.624103,332.5,388.5,-0.22456025801915808,No substantial change
AB42,exp,789501,-0.623625,277.5,380.5,-0.45540868226607717,No substantial change
AB42,exp,790501,-0.623147,249,356.5,-0.517756334375807,No substantial change
AB42,exp,791501,-0.622669,232.5,334.5,-0.5247754946460672,No substantial change
AB42,exp,792501,-0.62219,296,344.5,-0.21890680707534155,No substantial change
AB42,exp,793501,-0.621712,310,371,-0.2591509713465657,No substantial change
AB42,exp,794501,-0.621234,280,328.5,-0.23046654337736322,No substantial change
AB42,exp,795501,-0.620756,355,404,-0.18653626835975032,No substantial change
AB42,exp,796501,-0.620277,237.5,335,-0.4962335821268245,No substantial change
AB42,exp,797501,-0.619799,284.5,382,-0.4251439857291667,No substantial change
AB42,exp,798501,-0.619321,277.5,382.5,-0.46297197634254583,No substantial change
AB42,exp,799501,-0.618843,254.5,326.5,-0.35941733547073546,No substantial change
AB42,exp,800501,-0.618364,279.5,388.5,-0.4750663155645199,No substantial change
AB42,exp,801501,-0.617886,350,398.5,-0.18722480215814302,No substantial change
AB42,exp,802501,-0.617408,297,379,-0.351734917370326,No substantial change
AB42,exp,803501,-0.61693,250,342,-0.45206823022381076,No substantial change
AB42,exp,804501,-0.616451,253,368,-0.5405683813627028,No substantial change
AB42,exp,805501,-0.615973,300,393,-0.3895668117627255,No substantial change
AB42,exp,806501,-0.615495,252,339,-0.4278615396364273,No substantial change
AB42,exp,807501,-0.615017,302.5,354.5,-0.22885048507755926,No substantial change
AB42,exp,808501,-0.614538,245,314,-0.35798280988905634,No substantial change
AB42,exp,809501,-0.61406,249.5,385.5,-0.6276910445777737,No substantial change
AB42,exp,810501,-0.613582,375.5,461.5,-0.29751774013150245,No substantial change
AB42,exp,811501,-0.613104,319,383,-0.2637879681600876,No substantial change
AB42,exp,812501,-0.612626,310,405,-0.3856536924977496,No substantial change
AB42,exp,813501,-0.612147,313.5,381.5,-0.28321761403249157,No substantial change
AB42,exp,814501,-0.611669,273.5,321.5,-0.23327790453539068,No substantial change
AB42,exp,815501,-0.611191,317.5,395.5,-0.3169211028132635,No substantial change
AB42,exp,816501,-0.610713,334.5,367,-0.1337738522017519,No substantial change
AB42,exp,817501,-0.610234,320,336,-0.07038932789139803,No substantial change
AB42,exp,818501,-0.609756,240,304.5,-0.3434078222978138,No substantial change
AB42,exp,819501,-0.609278,216,296,-0.4545658634654813,No substantial change
AB42,exp,820501,-0.6088,277,352,-0.34568945258810885,No substantial change
AB42,exp,821501,-0.608321,235.5,335,-0.5084340357323516,No substantial change
AB42,exp,822501,-0.607843,288,364.5,-0.3398500028846248,No substantial change
AB42,exp,823501,-0.607365,274.5,343,-0.32140242716761364,No substantial change
AB42,exp,824501,-0.606887,306.5,378,-0.3024991605302912,No substantial change
AB42,exp,825501,-0.606408,244,333,-0.4486410295083758,No substantial change
AB42,exp,826501,-0.60593,308.5,364,-0.2386679610492784,No substantial change
AB42,exp,827501,-0.605452,268.5,383,-0.5124223039395445,No substantial change
AB42,exp,828501,-0.604974,264.5,308,-0.21966262858087568,No substantial change
AB42,exp,829501,-0.604495,291,346,-0.2497528847284408,No substantial change
AB42,exp,830501,-0.604017,353,411.5,-0.22122424715044545,No substantial change
AB42,exp,831501,-0.603539,281.5,365,-0.37476154168715,No substantial change
AB42,exp,832501,-0.603061,289.5,395.5,-0.45011434648355514,No substantial change
AB42,exp,833501,-0.602582,301.5,407.5,-0.4346420572183552,No substantial change
AB42,exp,834501,-0.602104,268,380.5,-0.5056634530457729,No substantial change
AB42,exp,835501,-0.601626,367,382,-0.057792575192535854,No substantial change
AB42,exp,836501,-0.601148,321.5,377.5,-0.23165790688449386,No substantial change
AB42,exp,837501,-0.60067,307,440,-0.5192648681544801,No substantial change
AB42,exp,838501,-0.600191,226,339.5,-0.5870888018295441,No substantial change
AB42,exp,839501,-0.599713,241.5,321,-0.41055010828652994,No substantial change
AB42,exp,840501,-0.599235,269.5,379,-0.4919125754185863,No substantial change
AB42,exp,841501,-0.598757,311.5,366.5,-0.23458103510981007,No substantial change
AB42,exp,842501,-0.598278,262.5,341.5,-0.3795681557366054,No substantial change
AB42,exp,843501,-0.5978,282.5,368,-0.3814548987544628,No substantial change
AB42,exp,844501,-0.597322,311,348,-0.16217272571812577,No substantial change
AB42,exp,845501,-0.596844,298,394.5,-0.404712969551297,No substantial change
AB42,exp,846501,-0.596365,289,366.5,-0.3427437056331331,No substantial change
AB42,exp,847501,-0.59588699999999994,335,386,-0.20443975192294567,No substantial change
AB42,exp,848501,-0.595409,331.5,335.5,-0.017303896087595774,No substantial change
AB42,exp,849501,-0.594931,323.5,343.5,-0.08654438682559251,No substantial change
AB42,exp,850501,-0.594452,263,338.5,-0.3640930342826943,No substantial change
AB42,exp,851501,-0.593974,316.5,363,-0.1977640485674094,No substantial change
AB42,exp,852501,-0.593496,297.5,389.5,-0.38873365986636327,No substantial change
AB42,exp,853501,-0.593018,319.5,356.5,-0.15808614549689373,No substantial change
AB42,exp,854501,-0.592539,290,333,-0.19946927705632764,No substantial change
AB42,exp,855501,-0.592061,284.5,328.5,-0.20746471801574767,No substantial change
AB42,exp,856501,-0.591583,345,388,-0.16946029052159636,No substantial change
AB42,exp,857501,-0.591105,321,408.5,-0.3477627810233802,No substantial change
AB42,exp,858501,-0.590626,300,381,-0.34482849699744106,No substantial change
AB42,exp,859501,-0.590148,332,455,-0.45468330373913396,No substantial change
AB42,exp,860501,-0.58967,286.5,358,-0.3214244485073515,No substantial change
AB42,exp,861501,-0.589192,264.5,343,-0.37494085405878647,No substantial change
AB42,exp,862501,-0.588714,272,378,-0.4747795829707333,No substantial change
AB42,exp,863501,-0.588235,306,429.5,-0.4891264784458117,No substantial change
AB42,exp,864501,-0.587757,334,382.5,-0.19561164510596188,No substantial change
AB42,exp,865501,-0.587279,328,383,-0.22364857730687349,No substantial change
AB42,exp,866501,-0.586801,306.5,368.5,-0.2657775454042882,No substantial change
AB42,exp,867501,-0.586322,336,356,-0.0834160081876375,No substantial change
AB42,exp,868501,-0.585844,375,450,-0.2630344058337938,No substantial change
AB42,exp,869501,-0.585366,249,360,-0.5318511642615938,No substantial change
AB42,exp,870501,-0.584888,277,339.5,-0.29352559819554347,No substantial change
AB42,exp,871501,-0.584409,292,352.5,-0.2716548884061387,No substantial change
AB42,exp,872501,-0.583931,308,323.5,-0.07083536129760615,No substantial change
AB42,exp,873501,-0.583453,299.5,360,-0.26544090354088895,No substantial change
AB42,exp,874501,-0.582975,283,384.5,-0.4421815451299441,No substantial change
AB42,exp,875501,-0.582496,463.5,451,0.039441905370149945,No substantial change
AB42,exp,876501,-0.582018,495,472.5,0.06711419585853703,No substantial change
AB42,exp,877501,-0.58154,389.5,436.5,-0.16435832556777077,No substantial change
AB42,exp,878501,-0.581062,324,386,-0.2526070343834557,No substantial change
AB42,exp,879501,-0.580583,347,406.5,-0.22831968949676687,No substantial change
AB42,exp,880501,-0.580105,310,381,-0.29752278221908457,No substantial change
AB42,exp,881501,-0.579627,319,435,-0.4474589769712214,No substantial change
AB42,exp,882501,-0.579149,328,381,-0.21609518287523835,No substantial change
AB42,exp,883501,-0.57867,250.5,349.5,-0.48048185218022793,No substantial change
AB42,exp,884501,-0.578192,290.5,329,-0.1795494203307126,No substantial change
AB42,exp,885501,-0.577714,278.5,319.5,-0.19813860360696262,No substantial change
AB42,exp,886501,-0.577236,307,428.5,-0.4810565487423205,No substantial change
AB42,exp,887501,-0.576758,321,360,-0.1654236092073715,No substantial change
AB42,exp,888501,-0.576279,242,334.5,-0.4669991633668663,No substantial change
AB42,exp,889501,-0.575801,324,399,-0.30039493333772116,No substantial change
AB42,exp,890501,-0.575323,373.5,413,-0.14503353863020824,No substantial change
AB42,exp,891501,-0.574845,295.5,368,-0.3165476358794804,No substantial change
AB42,exp,892501,-0.574366,293.5,349.5,-0.25193195226538434,No substantial change
AB42,exp,893501,-0.573888,289,373,-0.368106137754559,No substantial change
AB42,exp,894501,-0.57341,287.5,321.5,-0.16125678149620976,No substantial change
AB42,exp,895501,-0.572932,237.5,363,-0.6120420347774405,No substantial change
AB42,exp,896501,-0.572453,281.5,352.5,-0.32448833520592624,No substantial change
AB42,exp,897501,-0.571975,250,340,-0.4436066514756146,No substantial change
AB42,exp,898501,-0.571497,262.5,295,-0.1683975316957187,No substantial change
AB42,exp,899501,-0.571019,246,323,-0.392875849354685,No substantial change
AB42,exp,900501,-0.57054,271,308.5,-0.1869776377955464,No substantial change
AB42,exp,901501,-0.570062,245.5,342.5,-0.4803809635331961,No substantial change
AB42,exp,902501,-0.569584,279.5,348,-0.3162390230055383,No substantial change
AB42,exp,903501,-0.569106,328.5,416.5,-0.3424231250432179,No substantial change
AB42,exp,904501,-0.568627,277.5,411.5,-0.5684046591841575,No substantial change
AB42,exp,905501,-0.568149,260,349,-0.4247154131811978,No substantial change
AB42,exp,906501,-0.567671,269.5,397.5,-0.5606695874192124,No substantial change
AB42,exp,907501,-0.567193,305,356,-0.22306799851614906,No substantial change
AB42,exp,908501,-0.566714,285,330.5,-0.21368835245558768,No substantial change
AB42,exp,909501,-0.566236,272.5,329.5,-0.2740222353437631,No substantial change
AB42,exp,910501,-0.565758,273.5,353.5,-0.37016938201684235,No substantial change
AB42,exp,911501,-0.56528,360.5,395,-0.1318533938236428,No substantial change
AB42,exp,912501,-0.564802,349.5,393.5,-0.17107118013204992,No substantial change
AB42,exp,913501,-0.564323,293,412.5,-0.4934934547109302,No substantial change
AB42,exp,914501,-0.563845,312.5,335.5,-0.10245657665073417,No substantial change
AB42,exp,915501,-0.563367,268.5,307.5,-0.19566432224118963,No substantial change
AB42,exp,916501,-0.562889,297,395,-0.41138972226369946,No substantial change
AB42,exp,917501,-0.56241,260,353.5,-0.4431985917809444,No substantial change
AB42,exp,918501,-0.561932,338.5,377.5,-0.1573208106374445,No substantial change
AB42,exp,919501,-0.561454,333,420,-0.33486715059486055,No substantial change
AB42,exp,920501,-0.560976,331.5,422,-0.3482341285945974,No substantial change
AB42,exp,921501,-0.560497,342.5,487,-0.5078177842344532,No substantial change
AB42,exp,922501,-0.560019,407,478,-0.23198182371450146,No substantial change
AB42,exp,923501,-0.559541,388.5,456.5,-0.23270026157651202,No substantial change
AB42,exp,924501,-0.559063,283.5,299,-0.07679674925587615,No substantial change
AB42,exp,925501,-0.558584,338.5,316,0.09923127539789374,No substantial change
AB42,exp,926501,-0.558106,319,365,-0.19434004000251026,No substantial change
AB42,exp,927501,-0.557628,307.5,374.5,-0.2843793082321489,No substantial change
AB42,exp,928501,-0.55715,271.5,375.5,-0.46786070970991017,No substantial change
AB42,exp,929501,-0.556671,295.5,355.5,-0.2666914294418829,No substantial change
AB42,exp,930501,-0.556193,312.5,399,-0.3525325566728963,No substantial change
AB42,exp,931501,-0.555715,304,412.5,-0.4403227956895927,No substantial change
AB42,exp,932501,-0.555237,280.5,372,-0.40730185049923856,No substantial change
AB42,exp,933501,-0.554758,335,375,-0.1627295000381085,No substantial change
AB42,exp,934501,-0.55428,315.5,379.5,-0.26645988043291724,No substantial change
AB42,exp,935501,-0.553802,281,394.5,-0.4894551697925324,No substantial change
AB42,exp,936501,-0.553324,305.5,357.5,-0.2267708618470223,No substantial change
AB42,exp,937501,-0.552846,303.5,342,-0.17229980863021574,No substantial change
AB42,exp,938501,-0.552367,266.5,317,-0.2503473073802314,No substantial change
AB42,exp,939501,-0.551889,262,338.5,-0.36958902203754657,No substantial change
AB42,exp,940501,-0.551411,232,305.5,-0.39704757469115737,No substantial change
AB42,exp,941501,-0.550933,271,382,-0.4952797866818771,No substantial change
AB42,exp,942501,-0.550454,267.5,340.5,-0.34811590672356185,No substantial change
AB42,exp,943501,-0.549976,269.5,315.5,-0.22735473223004346,No substantial change
AB42,exp,944501,-0.549498,260.5,378,-0.5371028619425644,No substantial change
AB42,exp,945501,-0.54902,269,341,-0.34216556646754837,No substantial change
AB42,exp,946501,-0.548541,245.5,342,-0.4782733005712048,No substantial change
AB42,exp,947501,-0.548063,223,289,-0.374025782580374,No substantial change
AB42,exp,948501,-0.547585,220,332.5,-0.5958508168638924,No substantial change
AB42,exp,949501,-0.547107,240,319,-0.41052201815635075,No substantial change
AB42,exp,950501,-0.546628,239,352.5,-0.5606126393054074,No substantial change
AB42,exp,951501,-0.54615,249.5,356.5,-0.5148622611066277,No substantial change
AB42,exp,952501,-0.545672,354.5,390,-0.1376884965100946,No substantial change
AB42,exp,953501,-0.545194,430,439.5,-0.031526505553943804,No substantial change
AB42,exp,954501,-0.544715,396.5,388,0.031264213516850645,No substantial change
AB42,exp,955501,-0.544237,323,332,-0.03964907665299986,No substantial change
AB42,exp,956501,-0.543759,319.5,369,-0.20780488511340164,No substantial change
AB42,exp,957501,-0.543281,272,387,-0.508726914894071,No substantial change
AB42,exp,958501,-0.542802,265.5,397.5,-0.5822429993675642,No substantial change
AB42,exp,959501,-0.542324,227.5,345,-0.6007298165794727,No substantial change
AB42,exp,960501,-0.541846,269,372,-0.4676964485514072,No substantial change
AB42,exp,961501,-0.541368,293,368,-0.32880510163476495,No substantial change
AB42,exp,962501,-0.54089,281.5,335.5,-0.253177844119954,No substantial change
AB42,exp,963501,-0.540411,297,390,-0.39301119294884496,No substantial change
AB42,exp,964501,-0.539933,319.5,381,-0.2539750665463277,No substantial change
AB42,exp,965501,-0.539455,330.5,405,-0.2932716362642953,No substantial change
AB42,exp,966501,-0.538977,288,336.5,-0.2245376931680048,No substantial change
AB42,exp,967501,-0.538498,280.5,363.5,-0.37395459331080144,No substantial change
AB42,exp,968501,-0.53802,158.5,311.5,-0.9747493228845946,No substantial change
AB42,exp,969501,-0.537542,196.5,275,-0.4849023061534154,No substantial change
AB42,exp,970501,-0.537064,313,403,-0.364617181595349,No substantial change
AB42,exp,971501,-0.536585,274.5,381.5,-0.47487690782933184,No substantial change
AB42,exp,972501,-0.536107,323.5,396.5,-0.29355515371147084,No substantial change
AB42,exp,973501,-0.535629,309,382,-0.30596580013137403,No substantial change
AB42,exp,974501,-0.535151,299.5,347.5,-0.2144569748220842,No substantial change
AB42,exp,975501,-0.534672,419,410,0.03132633419390558,No substantial change
AB42,exp,976501,-0.534194,448,401.5,0.15809874454028963,No substantial change
AB42,exp,977501,-0.533716,373.5,355,0.07328921839719262,No substantial change
AB42,exp,978501,-0.533238,369.5,387.5,-0.06862194601544903,No substantial change
AB42,exp,979501,-0.532759,396,384.5,0.04251683211778316,No substantial change
AB42,exp,980501,-0.532281,293,397,-0.4382383427207099,No substantial change
AB42,exp,981501,-0.531803,294,391.5,-0.4131961524546763,No substantial change
AB42,exp,982501,-0.531325,309,399,-0.3687819083179712,No substantial change
AB42,exp,983501,-0.530846,251.5,371.5,-0.5628038107330691,No substantial change
AB42,exp,984501,-0.530368,295.5,386.5,-0.387310283747315,No substantial change
AB42,exp,985501,-0.52989,361,414.5,-0.1993732646085795,No substantial change
AB42,exp,986501,-0.529412,338.5,376,-0.15157682810264067,No substantial change
AB42,exp,987501,-0.528934,283,329.5,-0.21947641217616934,No substantial change
AB42,exp,988501,-0.528455,349,399.5,-0.1949684667183246,No substantial change
AB42,exp,989501,-0.527977,298.5,339,-0.18355434187153882,No substantial change
AB42,exp,990501,-0.527499,299,374,-0.32289278568953167,No substantial change
AB42,exp,991501,-0.527021,341.5,467.5,-0.45308078648490857,No substantial change
AB42,exp,992501,-0.526542,331.5,389.5,-0.23261445794908137,No substantial change
AB42,exp,993501,-0.526064,364,372.5,-0.0333019751508277,No substantial change
AB42,exp,994501,-0.525586,319.5,330.5,-0.04883434056069724,No substantial change
AB42,exp,995501,-0.525108,316.5,428,-0.43540529697280556,No substantial change
AB42,exp,996501,-0.524629,257.5,332.5,-0.3687819083179712,No substantial change
AB42,exp,997501,-0.524151,257,338.5,-0.3973874743811186,No substantial change
AB42,exp,998501,-0.523673,281,347,-0.3043655323573348,No substantial change
AB42,exp,999501,-0.523195,280,337,-0.2673217642368919,No substantial change
AB42,exp,1000501,-0.522716,373,382,-0.034397007780510906,No substantial change
AB42,exp,1001501,-0.522238,313,316.5,-0.01604284249572304,No substantial change
AB42,exp,1002501,-0.52176,246.5,300.5,-0.28577734433327384,No substantial change
AB42,exp,1003501,-0.521282,335.5,391.5,-0.22269954109085718,No substantial change
AB42,exp,1004501,-0.520803,328,395,-0.2681568384463816,No substantial change
AB42,exp,1005501,-0.520325,226.5,383,-0.757833341878722,No substantial change
AB42,exp,1006501,-0.519847,307.5,378,-0.2977998239944704,No substantial change
AB42,exp,1007501,-0.519369,316.5,403.5,-0.35036317384943905,No substantial change
AB42,exp,1008501,-0.51889,281,350.5,-0.3188443137896971,No substantial change
AB42,exp,1009501,-0.518412,310,388,-0.32378843691289005,No substantial change
AB42,exp,1010501,-0.517934,332,414,-0.31844752615240046,No substantial change
AB42,exp,1011501,-0.517456,341.5,430.5,-0.33412765910675346,No substantial change
AB42,exp,1012501,-0.516978,316.5,389.5,-0.29941782863332794,No substantial change
AB42,exp,1013501,-0.516499,316,397,-0.3292144489658548,No substantial change
AB42,exp,1014501,-0.516021,287,379.5,-0.40304914873977843,No substantial change
AB42,exp,1015501,-0.515543,300,385.5,-0.3617683594191534,No substantial change
AB42,exp,1016501,-0.515065,256,346.5,-0.43671154213721375,No substantial change
AB42,exp,1017501,-0.514586,248,332,-0.4208431209600496,No substantial change
AB42,exp,1018501,-0.514108,256,347,-0.438791852578261,No substantial change
AB42,exp,1019501,-0.51363,265,336,-0.3424688733281988,No substantial change
AB42,exp,1020501,-0.513152,291,365,-0.3268773108590958,No substantial change
AB42,exp,1021501,-0.512673,269.5,344.5,-0.35421870995178595,No substantial change
AB42,exp,1022501,-0.512195,267.5,330.5,-0.3051113802191823,No substantial change
AB42,exp,1023501,-0.511717,249,352,-0.4994296865692163,No substantial change
AB42,exp,1024501,-0.511239,321.5,390.5,-0.2805038108140319,No substantial change
AB42,exp,1025501,-0.51076,221.5,307.5,-0.4732797116715839,No substantial change
AB42,exp,1026501,-0.510282,295,359,-0.2832688895738477,No substantial change
AB42,exp,1027501,-0.509804,301,391.5,-0.37924882053133857,No substantial change
AB42,exp,1028501,-0.509326,408.5,510,-0.3201611687131744,No substantial change
AB42,exp,1029501,-0.508847,358.5,419,-0.22497712499744676,No substantial change
AB42,exp,1030501,-0.508369,332,383.5,-0.20804333615600867,No substantial change
AB42,exp,1031501,-0.507891,458.5,476.5,-0.05555448031488755,No substantial change
AB42,exp,1032501,-0.507413,485,417.5,0.21620854971307552,No substantial change
AB42,exp,1033501,-0.506934,462.5,430.5,0.10344012800683057,No substantial change
AB42,exp,1034501,-0.506456,354.5,401.5,-0.1796143602777984,No substantial change
AB42,exp,1035501,-0.505978,421.5,491,-0.22019039337261073,No substantial change
AB42,exp,1036501,-0.5055,364,395.5,-0.11973924427409557,No substantial change
AB42,exp,1037501,-0.505022,296,388,-0.390459476558178,No substantial change
AB42,exp,1038501,-0.504543,322.5,387,-0.2630344058337938,No substantial change
AB42,exp,1039501,-0.504065,246,336.5,-0.45194818927107727,No substantial change
AB42,exp,1040501,-0.503587,286,351.5,-0.29750954229414595,No substantial change
AB42,exp,1041501,-0.503109,420,493.5,-0.232660756790275,No substantial change
AB42,exp,1042501,-0.50263,365.5,410.5,-0.16751081582536737,No substantial change
AB42,exp,1043501,-0.502152,262,340,-0.3759679346002514,No substantial change
AB42,exp,1044501,-0.501674,307.5,370.5,-0.2688871320792317,No substantial change
AB42,exp,1045501,-0.501196,288.5,311.5,-0.11066084437851939,No substantial change
AB42,exp,1046501,-0.500717,304.5,373,-0.2927334023489054,No substantial change
AB42,exp,1047501,-0.500239,292,405,-0.47195353889196984,No substantial change
AB42,exp,1048501,-0.499761,273.5,373,-0.44763479746268114,No substantial change
AB42,exp,1049501,-0.499283,310.5,377,-0.27997125504818293,No substantial change
AB42,exp,1050501,-0.498804,299,373.5,-0.32096275859113216,No substantial change
AB42,exp,1051501,-0.498326,308,355.5,-0.20691920892451385,No substantial change
AB42,exp,1052501,-0.497848,307,376.5,-0.2944112093017487,No substantial change
AB42,exp,1053501,-0.49737,360.5,385.5,-0.09673160067421178,No substantial change
AB42,exp,1054501,-0.496891,304.5,361.5,-0.2475534190447854,No substantial change
AB42,exp,1055501,-0.496413,296,387,-0.3867363905154606,No substantial change
AB42,exp,1056501,-0.495935,299.5,387,-0.3697775633556246,No substantial change
AB42,exp,1057501,-0.495457,373,380,-0.026823788075709985,No substantial change
AB42,exp,1058501,-0.494978,376.5,407.5,-0.11415019444651174,No substantial change
AB42,exp,1059501,-0.4945,412.5,414.5,-0.006977982362572269,No substantial change
AB42,exp,1060501,-0.494022,280,390.5,-0.47989572119701285,No substantial change
AB42,exp,1061501,-0.493544,287.5,356,-0.3083152851346603,No substantial change
AB42,exp,1062501,-0.493066,325.5,343,-0.07555103300717675,No substantial change
AB42,exp,1063501,-0.492587,336,413.5,-0.2994260963925144,No substantial change
AB42,exp,1064501,-0.492109,294.5,390,-0.40520648991915004,No substantial change
AB42,exp,1065501,-0.491631,292.5,357,-0.2874874495583329,No substantial change
AB42,exp,1066501,-0.491153,344,415,-0.2707027715321891,No substantial change
AB42,exp,1067501,-0.490674,290,389.5,-0.4255704280467348,No substantial change
AB42,exp,1068501,-0.490196,279.5,382,-0.45072435519255866,No substantial change
AB42,exp,1069501,-0.489718,317.5,406,-0.354723135525648,No substantial change
AB42,exp,1070501,-0.48924,338,403.5,-0.25554542699559607,No substantial change
AB42,exp,1071501,-0.488761,361,426.5,-0.24054690443111915,No substantial change
AB42,exp,1072501,-0.488283,324,356,-0.13588342808177303,No substantial change
AB42,exp,1073501,-0.487805,262.5,347.5,-0.40469555505738486,No substantial change
AB42,exp,1074501,-0.487327,297,351.5,-0.24306175827176954,No substantial change
AB42,exp,1075501,-0.486848,304,397,-0.38506768369937233,No substantial change
AB42,exp,1076501,-0.48637,286.5,376.5,-0.39411472591502333,No substantial change
AB42,exp,1077501,-0.485892,305.5,357,-0.22475169421037022,No substantial change
AB42,exp,1078501,-0.485414,293,340,-0.2146340817154538,No substantial change
AB42,exp,1079501,-0.484935,284.5,353,-0.31123953096459844,No substantial change
AB42,exp,1080501,-0.484457,289.5,375,-0.3733272473940066,No substantial change
AB42,exp,1081501,-0.483979,319,391.5,-0.29545588352617136,No substantial change
AB42,exp,1082501,-0.483501,305,361.5,-0.24518640450086918,No substantial change
AB42,exp,1083501,-0.483022,322.5,383.5,-0.24992741719231695,No substantial change
AB42,exp,1084501,-0.482544,345.5,396.5,-0.19863515531571985,No substantial change
AB42,exp,1085501,-0.482066,344.5,353.5,-0.03720623210510749,No substantial change
AB42,exp,1086501,-0.481588,349,356.5,-0.03067504023423581,No substantial change
AB42,exp,1087501,-0.48111,332,327.5,0.019688334922112066,No substantial change
AB42,exp,1088501,-0.480631,397.5,379.5,0.06685497475625132,No substantial change
AB42,exp,1089501,-0.480153,311.5,333.5,-0.09845459816058305,No substantial change
AB42,exp,1090501,-0.479675,327,364,-0.15464781470061367,No substantial change
AB42,exp,1091501,-0.479197,300,384.5,-0.35802109746594574,No substantial change
AB42,exp,1092501,-0.478718,277.5,403,-0.538292067290499,No substantial change
AB42,exp,1093501,-0.47824,347,430.5,-0.311077574818583,No substantial change
AB42,exp,1094501,-0.477762,326.5,430.5,-0.39893024585041326,No substantial change
AB42,exp,1095501,-0.477284,272,326,-0.26126531298073824,No substantial change
AB42,exp,1096501,-0.476805,285,417.5,-0.5508142783093104,No substantial change
AB42,exp,1097501,-0.476327,262.5,378.5,-0.5279758774322466,No substantial change
AB42,exp,1098501,-0.475849,302.5,371,-0.2944840444588465,No substantial change
AB42,exp,1099501,-0.475371,450,416.5,0.11160850585148951,No substantial change
AB42,exp,1100501,-0.474892,415.5,437,-0.07278480273025387,No substantial change
AB42,exp,1101501,-0.474414,358,461,-0.3648071631650816,No substantial change
AB42,exp,1102501,-0.473936,321,458,-0.5127743009746407,No substantial change
AB42,exp,1103501,-0.473458,376.5,459.5,-0.2874149966171064,No substantial change
AB42,exp,1104501,-0.472979,327,373.5,-0.19181760729115457,No substantial change
AB42,exp,1105501,-0.472501,299,389.5,-0.3814778438635641,No substantial change
AB42,exp,1106501,-0.472023,303.5,378,-0.3166897179653906,No substantial change
AB42,exp,1107501,-0.471545,288,351,-0.28540221886224837,No substantial change
AB42,exp,1108501,-0.471066,308.5,367,-0.25050957369379484,No substantial change
AB42,exp,1109501,-0.470588,229.5,347,-0.5964415091644528,No substantial change
AB42,exp,1110501,-0.47011,213,356.5,-0.7430486462180498,No substantial change
AB42,exp,1111501,-0.469632,261,371,-0.5073693800509187,No substantial change
AB42,exp,1112501,-0.469154,302.5,396.5,-0.3903857235420216,No substantial change
AB42,exp,1113501,-0.468675,350.5,430.5,-0.29659879338622086,No substantial change
AB42,exp,1114501,-0.468197,332.5,410,-0.302269569116894,No substantial change
AB42,exp,1115501,-0.467719,288.5,367,-0.3472087441977303,No substantial change
AB42,exp,1116501,-0.467241,290.5,391.5,-0.4304741438865118,No substantial change
AB42,exp,1117501,-0.466762,381.5,466.5,-0.29019402401722827,No substantial change
AB42,exp,1118501,-0.466284,300,359.5,-0.261029269943417,No substantial change
AB42,exp,1119501,-0.465806,304,366,-0.26777232484045693,No substantial change
AB42,exp,1120501,-0.465328,327,359.5,-0.13670113494121522,No substantial change
AB42,exp,1121501,-0.464849,442.5,451,-0.027449978285021097,No substantial change
AB42,exp,1122501,-0.464371,367.5,320,0.1996723448363644,No substantial change
AB42,exp,1123501,-0.463893,299.5,370.5,-0.30691753951704825,No substantial change
AB42,exp,1124501,-0.463415,270.5,345,-0.35096776783871625,No substantial change
AB42,exp,1125501,-0.462936,267,370.5,-0.47263380061827986,No substantial change
AB42,exp,1126501,-0.462458,299.5,372.5,-0.3146844225607383,No substantial change
AB42,exp,1127501,-0.46198,293,345,-0.2356956972432835,No substantial change
AB42,exp,1128501,-0.461502,321,390,-0.28090082662730764,No substantial change
AB42,exp,1129501,-0.461023,333.5,378,-0.1806994730364876,No substantial change
AB42,exp,1130501,-0.460545,350,393,-0.1671743904262777,No substantial change
AB42,exp,1131501,-0.460067,274.5,353.5,-0.3649040658042001,No substantial change
AB42,exp,1132501,-0.459589,299.5,385,-0.36230244279347806,No substantial change
AB42,exp,1133501,-0.45911,259,351,-0.4385189326180068,No substantial change
AB42,exp,1134501,-0.458632,320,385,-0.26678654069490126,No substantial change
AB42,exp,1135501,-0.458154,284.5,379.5,-0.4156712331088843,No substantial change
AB42,exp,1136501,-0.457676,299.5,385.5,-0.3641748571262486,No substantial change
AB42,exp,1137501,-0.457198,320,403,-0.3327079336406049,No substantial change
AB42,exp,1138501,-0.456719,304.5,379,-0.3157556202647594,No substantial change
AB42,exp,1139501,-0.456241,324,383,-0.24135057904033236,No substantial change
AB42,exp,1140501,-0.455763,365.5,408.5,-0.1604646721932461,No substantial change
AB42,exp,1141501,-0.455285,293,397.5,-0.4400541957494699,No substantial change
AB42,exp,1142501,-0.454806,271.5,359,-0.4030316460186898,No substantial change
AB42,exp,1143501,-0.454328,310,343,-0.14594036089857482,No substantial change
AB42,exp,1144501,-0.45385,264.5,329.5,-0.317010742894026,No substantial change
AB42,exp,1145501,-0.453372,282,392.5,-0.47699749138019587,No substantial change
AB42,exp,1146501,-0.452893,302,335.5,-0.15176421687510458,No substantial change
AB42,exp,1147501,-0.452415,325,409,-0.33166112502593187,No substantial change
AB42,exp,1148501,-0.451937,301,362.5,-0.2682175081425948,No substantial change
AB42,exp,1149501,-0.451459,278.5,355,-0.35014169705201276,No substantial change
AB42,exp,1150501,-0.45098,258,366,-0.5044725828607883,No substantial change
AB42,exp,1151501,-0.450502,232.5,319,-0.4563257077694757,No substantial change
AB42,exp,1152501,-0.450024,278.5,350.5,-0.33173711667059147,No substantial change
AB42,exp,1153501,-0.449546,376.5,405.5,-0.10705204954534477,No substantial change
AB42,exp,1154501,-0.449067,261,339,-0.37723546656645945,No substantial change
AB42,exp,1155501,-0.448589,304.5,367,-0.2693378349368804,No substantial change
AB42,exp,1156501,-0.448111,333,381.5,-0.1961608797632683,No substantial change
AB42,exp,1157501,-0.447633,248,320.5,-0.36998423623186577,No substantial change
AB42,exp,1158501,-0.447154,290.5,346,-0.2522338742321957,No substantial change
AB42,exp,1159501,-0.446676,301,331,-0.13706773004751568,No substantial change
AB42,exp,1160501,-0.446198,309,371,-0.2638123487164288,No substantial change
AB42,exp,1161501,-0.44572,321.5,426.5,-0.4077270039903428,No substantial change
AB42,exp,1162501,-0.445242,391,417.5,-0.09460759005406232,No substantial change
AB42,exp,1163501,-0.444763,367,364,0.01184161264451646,No substantial change
AB42,exp,1164501,-0.444285,388,421,-0.11776358087926846,No substantial change
AB42,exp,1165501,-0.443807,340.5,408.5,-0.2626812801336123,No substantial change
AB42,exp,1166501,-0.443329,322,374.5,-0.2179050303441341,No substantial change
AB42,exp,1167501,-0.44285,353,406,-0.20181154391399594,No substantial change
AB42,exp,1168501,-0.442372,317,388.5,-0.29343175826830287,No substantial change
AB42,exp,1169501,-0.441894,303.5,366,-0.27014713202836044,No substantial change
AB42,exp,1170501,-0.441416,270.5,360,-0.41236831250285944,No substantial change
AB42,exp,1171501,-0.440937,258,304.5,-0.23907116248307836,No substantial change
AB42,exp,1172501,-0.440459,351,384.5,-0.13151256765726577,No substantial change
AB42,exp,1173501,-0.439981,318,380.5,-0.25886968821919004,No substantial change
AB42,exp,1174501,-0.439503,348.5,420.5,-0.2709471443867211,No substantial change
AB42,exp,1175501,-0.439024,299,398.5,-0.41443423979236665,No substantial change
AB42,exp,1176501,-0.438546,309,415.5,-0.4272416388659699,No substantial change
AB42,exp,1177501,-0.438068,358,433.5,-0.27607240595757865,No substantial change
AB42,exp,1178501,-0.43759,322.5,365,-0.17859730345676314,No substantial change
AB42,exp,1179501,-0.437111,308,347,-0.1720053118833595,No substantial change
AB42,exp,1180501,-0.436633,319.5,342.5,-0.10028805690089458,No substantial change
AB42,exp,1181501,-0.436155,317,348,-0.134604465709321,No substantial change
AB42,exp,1182501,-0.435677,331,345.5,-0.06185449358104076,No substantial change
AB42,exp,1183501,-0.435198,324,394,-0.28220181657175153,No substantial change
AB42,exp,1184501,-0.43472,267,360.5,-0.43315951755326854,No substantial change
AB42,exp,1185501,-0.434242,314.5,398.5,-0.3415197071111826,No substantial change
AB42,exp,1186501,-0.433764,316,355.5,-0.16992500144231246,No substantial change
AB42,exp,1187501,-0.433286,333.5,378.5,-0.18260653880114674,No substantial change
AB42,exp,1188501,-0.432807,280.5,383.5,-0.4512258068941406,No substantial change
AB42,exp,1189501,-0.432329,331.5,377,-0.18555565315607656,No substantial change
AB42,exp,1190501,-0.431851,271.5,373,-0.45822343245087616,No substantial change
AB42,exp,1191501,-0.431373,271.5,341,-0.328819541219811,No substantial change
AB42,exp,1192501,-0.430894,258,378,-0.5510151687978185,No substantial change
AB42,exp,1193501,-0.430416,241.5,342,-0.5019731360501247,No substantial change
AB42,exp,1194501,-0.429938,250,334.5,-0.42007811597937394,No substantial change
AB42,exp,1195501,-0.42946,262.5,345.5,-0.3963682878347736,No substantial change
AB42,exp,1196501,-0.428981,254.5,346,-0.4431063815610294,No substantial change
AB42,exp,1197501,-0.428503,299,401.5,-0.4252545033192095,No substantial change
AB42,exp,1198501,-0.428025,324,356,-0.13588342808177303,No substantial change
AB42,exp,1199501,-0.427547,356,353,0.012209057695217521,No substantial change
AB42,exp,1200501,-0.427068,367,334,0.1359319603691606,No substantial change
AB42,exp,1201501,-0.42659,484,430.5,0.16899380987775064,No substantial change
AB42,exp,1202501,-0.426112,373,420,-0.17121369741088494,No substantial change
AB42,exp,1203501,-0.425634,299,407.5,-0.4466545749203349,No substantial change
AB42,exp,1204501,-0.425155,309,430.5,-0.47840639949246944,No substantial change
AB42,exp,1205501,-0.424677,346,444.5,-0.3614113811930454,No substantial change
AB42,exp,1206501,-0.424199,298,379,-0.34688551770893017,No substantial change
AB42,exp,1207501,-0.423721,374.5,400.5,-0.09683652394995913,No substantial change
AB42,exp,1208501,-0.423242,281.5,384,-0.44797138864092667,No substantial change
AB42,exp,1209501,-0.422764,264.5,378,-0.5151185121070468,No substantial change
AB42,exp,1210501,-0.422286,313,356,-0.18571458403377944,No substantial change
AB42,exp,1211501,-0.421808,293.5,400,-0.4466394966646725,No substantial change
AB42,exp,1212501,-0.42133,338.5,419,-0.30779441012435493,No substantial change
AB42,exp,1213501,-0.420851,351.5,343,0.03531611289972288,No substantial change
AB42,exp,1214501,-0.420373,322.5,362.5,-0.16868183459168035,No substantial change
AB42,exp,1215501,-0.419895,308.5,375,-0.28162010623382533,No substantial change
AB42,exp,1216501,-0.419417,353,396,-0.16583224680842928,No substantial change
AB42,exp,1217501,-0.418938,313.5,412,-0.39417889438117937,No substantial change
AB42,exp,1218501,-0.41846,332.5,401,-0.2702478960663683,No substantial change
AB42,exp,1219501,-0.417982,338,407,-0.26800554798406273,No substantial change
AB42,exp,1220501,-0.417504,327.5,400,-0.2885050933499121,No substantial change
AB42,exp,1221501,-0.417025,403,419,-0.056170405171384254,No substantial change
AB42,exp,1222501,-0.416547,290,386.5,-0.41441551390991294,No substantial change
AB42,exp,1223501,-0.416069,282.5,355.5,-0.3315986923168652,No substantial change
AB42,exp,1224501,-0.415591,340.5,375.5,-0.14115810950220065,No substantial change
AB42,exp,1225501,-0.415112,342,398,-0.21877210565775107,No substantial change
AB42,exp,1226501,-0.414634,271.5,336,-0.30750903497439874,No substantial change
AB42,exp,1227501,-0.414156,301.5,382.5,-0.3433017456799294,No substantial change
AB42,exp,1228501,-0.413678,270,352.5,-0.384663850235325,No substantial change
AB42,exp,1229501,-0.413199,360,446,-0.30904680359063,No substantial change
AB42,exp,1230501,-0.412721,351.5,409,-0.21857615386921347,No substantial change
AB42,exp,1231501,-0.412243,275,337,-0.29331697276983654,No substantial change
AB42,exp,1232501,-0.411765,296.5,358,-0.27192748271825273,No substantial change
AB42,exp,1233501,-0.411286,278,365,-0.3928115810438722,No substantial change
AB42,exp,1234501,-0.410808,308,406.5,-0.40032500138012644,No substantial change
AB42,exp,1235501,-0.41033,317.5,374.5,-0.23820912679922293,No substantial change
AB42,exp,1236501,-0.409852,287.5,333.5,-0.2141248053528475,No substantial change
AB42,exp,1237501,-0.409374,379,340,0.15666310203338998,No substantial change
AB42,exp,1238501,-0.408895,343.5,374.5,-0.12465561964065093,No substantial change
AB42,exp,1239501,-0.408417,299,382,-0.3534271538376437,No substantial change
AB42,exp,1240501,-0.407939,321,382.5,-0.25288645045771097,No substantial change
AB42,exp,1241501,-0.407461,257.5,345.5,-0.42411327831767787,No substantial change
AB42,exp,1242501,-0.406982,280,351,-0.3260442033595942,No substantial change
AB42,exp,1243501,-0.406504,249.5,335,-0.4251212800078743,No substantial change
AB42,exp,1244501,-0.406026,327.5,377.5,-0.20498173778762865,No substantial change
AB42,exp,1245501,-0.405548,300.5,425.5,-0.5017941409747771,No substantial change
AB42,exp,1246501,-0.405069,353.5,445,-0.33209512104436123,No substantial change
AB42,exp,1247501,-0.404591,287,354,-0.3026986234073096,No substantial change
AB42,exp,1248501,-0.404113,338.5,383.5,-0.18007074392793673,No substantial change
AB42,exp,1249501,-0.403635,268.5,328,-0.2887737266326711,No substantial change
AB42,exp,1250501,-0.403156,253.5,348,-0.45710155884538783,No substantial change
AB42,exp,1251501,-0.402678,307.5,354.5,-0.2051992170129139,No substantial change
AB42,exp,1252501,-0.4022,309,409.5,-0.4062566137366341,No substantial change
AB42,exp,1253501,-0.401722,300.5,386,-0.361235856556895,No substantial change
AB42,exp,1254501,-0.401243,335.5,413,-0.29982901521926175,No substantial change
AB42,exp,1255501,-0.400765,354.5,391,-0.14138298006783614,No substantial change
AB42,exp,1256501,-0.400287,299,333,-0.15537669287315717,No substantial change
AB42,exp,1257501,-0.399809,317,374,-0.2385554297482295,No substantial change
AB42,exp,1258501,-0.39933,355.5,418,-0.23365338246146752,No substantial change
AB42,exp,1259501,-0.398852,264.5,318.5,-0.26802565014227464,No substantial change
AB42,exp,1260501,-0.398374,366.5,398,-0.11895523240983702,No substantial change
AB42,exp,1261501,-0.397896,340.5,396.5,-0.21966606769190725,No substantial change
AB42,exp,1262501,-0.397418,315.5,387,-0.29469356116186124,No substantial change
AB42,exp,1263501,-0.396939,341,396.5,-0.2175491266798059,No substantial change
AB42,exp,1264501,-0.396461,306,380,-0.31246776563829615,No substantial change
AB42,exp,1265501,-0.395983,332,386.5,-0.21928517257792263,No substantial change
AB42,exp,1266501,-0.395505,377.5,421,-0.15734358885395483,No substantial change
AB42,exp,1267501,-0.395026,348,392,-0.17176634826647993,No substantial change
AB42,exp,1268501,-0.394548,294,379,-0.3663816933347274,No substantial change
AB42,exp,1269501,-0.39407,293,359,-0.2930831794008035,No substantial change
AB42,exp,1270501,-0.393592,251.5,318.5,-0.3407349724507734,No substantial change
AB42,exp,1271501,-0.393113,252.5,329.5,-0.3839950773688946,No substantial change
AB42,exp,1272501,-0.392635,285,342.5,-0.26514206879578506,No substantial change
AB42,exp,1273501,-0.392157,344.5,381.5,-0.14717907413023912,No substantial change
AB42,exp,1274501,-0.391679,279,339.5,-0.28314645241554426,No substantial change
AB42,exp,1275501,-0.3912,270,326,-0.27191255718024665,No substantial change
AB42,exp,1276501,-0.390722,332,384,-0.20992306937423136,No substantial change
AB42,exp,1277501,-0.390244,331,382.5,-0.20862853077279636,No substantial change
AB42,exp,1278501,-0.389766,341.5,429,-0.3290920692094552,No substantial change
AB42,exp,1279501,-0.389287,298,392,-0.3955413236530466,No substantial change
AB42,exp,1280501,-0.388809,290.5,364,-0.3254002867941673,No substantial change
AB42,exp,1281501,-0.388331,312.5,347,-0.15107947302881147,No substantial change
AB42,exp,1282501,-0.387853,302,342,-0.17944777556081895,No substantial change
AB42,exp,1283501,-0.387374,305,355.5,-0.2210403171691666,No substantial change
AB42,exp,1284501,-0.386896,284.5,349.5,-0.2968638030688545,No substantial change
AB42,exp,1285501,-0.386418,279.5,375.5,-0.4259646246710816,No substantial change
AB42,exp,1286501,-0.38594,270.5,360,-0.41236831250285944,No substantial change
AB42,exp,1287501,-0.385462,280.5,405,-0.5299211371631943,No substantial change
AB42,exp,1288501,-0.384983,282.5,372.5,-0.39898955804697384,No substantial change
AB42,exp,1289501,-0.384505,303.5,390,-0.36177760749392857,No substantial change
AB42,exp,1290501,-0.384027,303,335,-0.14484330187218383,No substantial change
AB42,exp,1291501,-0.383549,344.5,355.5,-0.04534557691512399,No substantial change
AB42,exp,1292501,-0.38307,312,402,-0.3656494723166802,No substantial change
AB42,exp,1293501,-0.382592,268.5,377.5,-0.49155455622702876,No substantial change
AB42,exp,1294501,-0.382114,307,399.5,-0.3799568475577974,No substantial change
AB42,exp,1295501,-0.381636,401,421.5,-0.07193039448716192,No substantial change
AB42,exp,1296501,-0.381157,343,392.5,-0.19448407760617697,No substantial change
AB42,exp,1297501,-0.380679,315.5,350.5,-0.15177443902807417,No substantial change
AB42,exp,1298501,-0.380201,328,371.5,-0.17966639592051248,No substantial change
AB42,exp,1299501,-0.379723,320,365.5,-0.191799501065075,No substantial change
AB42,exp,1300501,-0.379244,276,369.5,-0.42090609736798185,No substantial change
AB42,exp,1301501,-0.378766,265.5,355.5,-0.4211376988152617,No substantial change
AB42,exp,1302501,-0.378288,298,384,-0.3657939802589947,No substantial change
AB42,exp,1303501,-0.37781,331,422.5,-0.3521201243623289,No substantial change
AB42,exp,1304501,-0.377331,287,363,-0.3389188113200629,No substantial change
AB42,exp,1305501,-0.376853,259,356,-0.45892514327984396,No substantial change
AB42,exp,1306501,-0.376375,278,375.5,-0.43372802479076433,No substantial change
AB42,exp,1307501,-0.375897,292.5,377,-0.3661278987978974,No substantial change
AB42,exp,1308501,-0.375418,326.5,408.5,-0.32325308659925256,No substantial change
AB42,exp,1309501,-0.37494,291,397,-0.448119854234674,No substantial change
AB42,exp,1310501,-0.374462,274.5,359.5,-0.38918562143409924,No substantial change
AB42,exp,1311501,-0.373984,286.5,323.5,-0.1752305732356027,No substantial change
AB42,exp,1312501,-0.373505,289,363,-0.3289000554950718,No substantial change
AB42,exp,1313501,-0.373027,297.5,406.5,-0.4503656838797219,No substantial change
AB42,exp,1314501,-0.372549,307,408.5,-0.412097422775504,No substantial change
AB42,exp,1315501,-0.372071,260,373,-0.5206640072267832,No substantial change
AB42,exp,1316501,-0.371593,278,349.5,-0.33020757265192896,No substantial change
AB42,exp,1317501,-0.371114,493.5,521,-0.0782332878221106,No substantial change
AB42,exp,1318501,-0.370636,515.5,437.5,0.23668941064841734,No substantial change
AB42,exp,1319501,-0.370158,372.5,358.5,0.05526730664761932,No substantial change
AB42,exp,1320501,-0.36968,288.5,351,-0.28289971165907823,No substantial change
AB42,exp,1321501,-0.369201,300,340.5,-0.18269229751619034,No substantial change
AB42,exp,1322501,-0.368723,311.5,377,-0.2753323602446624,No substantial change
AB42,exp,1323501,-0.368245,340,387.5,-0.1886615640238981,No substantial change
AB42,exp,1324501,-0.367767,361,353.5,0.03028862207777208,No substantial change
AB42,exp,1325501,-0.367288,286.5,375,-0.38835545662633836,No substantial change
AB42,exp,1326501,-0.36681,306.5,364,-0.24805137650791476,No substantial change
AB42,exp,1327501,-0.366332,282,405.5,-0.5240067518184794,No substantial change
AB42,exp,1328501,-0.365854,291.5,405.5,-0.47620603101677655,No substantial change
AB42,exp,1329501,-0.365375,318,402.5,-0.339962017717624,No substantial change
AB42,exp,1330501,-0.364897,364,359.5,0.017946679759398346,No substantial change
AB42,exp,1331501,-0.364419,389.5,359.5,0.11563155762237126,No substantial change
AB42,exp,1332501,-0.363941,470.5,357,0.398270648699437,No substantial change
AB42,exp,1333501,-0.363462,477,308.5,0.6287187768560937,No substantial change
AB42,exp,1334501,-0.362984,418,253.5,0.7215171950775422,No substantial change
AB42,exp,1335501,-0.362506,544.5,346.5,0.6520766965796931,No substantial change
AB42,exp,1336501,-0.362028,404,318,0.3453285274674393,No substantial change
AB42,exp,1337501,-0.361549,401,361,0.15160339956774938,No substantial change
AB42,exp,1338501,-0.361071,511,425,0.26586044991255725,No substantial change
AB42,exp,1339501,-0.360593,368.5,423,-0.19899304402488008,No substantial change
AB42,exp,1340501,-0.360115,394.5,486.5,-0.3024145047676529,No substantial change
AB42,exp,1341501,-0.359637,316.5,400,-0.33779450034638336,No substantial change
AB42,exp,1342501,-0.359158,369.5,453,-0.29393668590008426,No substantial change
AB42,exp,1343501,-0.35868,346.5,424,-0.29120891242598534,No substantial change
AB42,exp,1344501,-0.358202,287.5,435.5,-0.5991107627671269,No substantial change
AB42,exp,1345501,-0.357724,299.5,403.5,-0.4300126704889946,No substantial change
AB42,exp,1346501,-0.357245,286,416.5,-0.5423013485871581,No substantial change
AB42,exp,1347501,-0.356767,302.5,417.5,-0.4648410551994576,No substantial change
AB42,exp,1348501,-0.356289,244.5,382,-0.6437381730835149,No substantial change
AB42,exp,1349501,-0.355811,300.5,367,-0.2884150721320273,No substantial change
AB42,exp,1350501,-0.355332,354,397,-0.16538964705996026,No substantial change
AB42,exp,1351501,-0.354854,319.5,397.5,-0.3151389292247232,No substantial change
AB42,exp,1352501,-0.354376,364,415,-0.18917288603559088,No substantial change
AB42,exp,1353501,-0.353898,270.5,369.5,-0.44994577031933564,No substantial change
AB42,exp,1354501,-0.353419,275,361.5,-0.39456402853909595,No substantial change
AB42,exp,1355501,-0.352941,248.5,356,-0.5186313894041117,No substantial change
AB42,exp,1356501,-0.352463,332,381.5,-0.20049981548760576,No substantial change
AB42,exp,1357501,-0.351985,393,392.5,0.0018366584796171057,No substantial change
AB42,exp,1358501,-0.351506,344,335,0.038247469356963076,No substantial change
AB42,exp,1359501,-0.351028,424,340.5,0.3164094665511279,No substantial change
AB42,exp,1360501,-0.35055,374,295,0.34232331563843305,No substantial change
AB42,exp,1361501,-0.350072,441.5,368.5,0.26074881855339627,No substantial change
AB42,exp,1362501,-0.349593,411,332.5,0.30578405329313085,No substantial change
AB42,exp,1363501,-0.349115,365.5,340.5,0.10221660794036605,No substantial change
AB42,exp,1364501,-0.348637,310.5,322,-0.05246741989413554,No substantial change
AB42,exp,1365501,-0.348159,377,440,-0.22293900025599533,No substantial change
AB42,exp,1366501,-0.347681,386.5,451.5,-0.22425757355601086,No substantial change
AB42,exp,1367501,-0.347202,309.5,415,-0.4231719270200224,No substantial change
AB42,exp,1368501,-0.346724,328.5,425,-0.3715694707027345,No substantial change
AB42,exp,1369501,-0.346246,300,430,-0.5193741590935794,No substantial change
AB42,exp,1370501,-0.345768,305.5,421.5,-0.4643602511233528,No substantial change
AB42,exp,1371501,-0.345289,307.5,400.5,-0.3812158321821079,No substantial change
AB42,exp,1372501,-0.344811,261.5,333,-0.34871123082432076,No substantial change
AB42,exp,1373501,-0.344333,307,338.5,-0.1409171782048173,No substantial change
AB42,exp,1374501,-0.343855,337.5,391,-0.21228110536915898,No substantial change
AB42,exp,1375501,-0.343376,326,338.5,-0.05428386934391924,No substantial change
AB42,exp,1376501,-0.342898,379,390.5,-0.0431246999708876,No substantial change
AB42,exp,1377501,-0.34242,388,372,0.060754031079096237,No substantial change
AB42,exp,1378501,-0.341942,364.5,343.5,0.08560871550883686,No substantial change
AB42,exp,1379501,-0.341463,339,397,-0.22785373400661393,No substantial change
AB42,exp,1380501,-0.340985,351,451,-0.3616564029508202,No substantial change
AB42,exp,1381501,-0.340507,403.5,423.5,-0.06979329605441827,No substantial change
AB42,exp,1382501,-0.340029,396,417,-0.07454695336505403,No substantial change
AB42,exp,1383501,-0.33955,418,522.5,-0.3219280948873623,No substantial change
AB42,exp,1384501,-0.339072,282,410.5,-0.5416870593790113,No substantial change
AB42,exp,1385501,-0.338594,268,368.5,-0.4594316186372972,No substantial change
AB42,exp,1386501,-0.33811600000000003,354.5,399.5,-0.17240987568846058,No substantial change
AB42,exp,1387501,-0.337637,304,390.5,-0.3612512246983937,No substantial change
AB42,exp,1388501,-0.337159,318,406.5,-0.3542285867906725,No substantial change
AB42,exp,1389501,-0.336681,382.5,389,-0.024310407406177813,No substantial change
AB42,exp,1390501,-0.336203,311.5,394,-0.3389634664323744,No substantial change
AB42,exp,1391501,-0.335725,363.5,407.5,-0.16484469519884562,No substantial change
AB42,exp,1392501,-0.335246,401,381.5,0.07191917962038989,No substantial change
AB42,exp,1393501,-0.334768,436.5,411.5,0.08508922320781437,No substantial change
AB42,exp,1394501,-0.33429,465,424,0.1331664514321944,No substantial change
AB42,exp,1395501,-0.333812,430,361.5,0.25034101263834246,No substantial change
AB42,exp,1396501,-0.333333,342,327.5,0.06250141846108524,No substantial change
AB42,exp,1397501,-0.332855,309,355,-0.20021218648766992,No substantial change
AB42,exp,1398501,-0.332377,387,410.5,-0.08504865563339446,No substantial change
AB42,exp,1399501,-0.331899,361.5,410,-0.18162826255432823,No substantial change
AB42,exp,1400501,-0.33142,348.5,408,-0.22741049610307254,No substantial change
AB42,exp,1401501,-0.330942,382.5,436.5,-0.19052190604942593,No substantial change
AB42,exp,1402501,-0.330464,438.5,501.5,-0.19367285816744753,No substantial change
AB42,exp,1403501,-0.329986,427.5,459,-0.10256973364054771,No substantial change
AB42,exp,1404501,-0.329507,389,434,-0.15792488745828748,No substantial change
AB42,exp,1405501,-0.329029,356.5,412.5,-0.21049204268929003,No substantial change
AB42,exp,1406501,-0.328551,277,365.5,-0.3999854299032491,No substantial change
AB42,exp,1407501,-0.328073,332,402,-0.27601225983200384,No substantial change
AB42,exp,1408501,-0.327594,382.5,490,-0.3573220014225564,No substantial change
AB42,exp,1409501,-0.327116,295,427,-0.5335211153712868,No substantial change
AB42,exp,1410501,-0.326638,405,447,-0.14235292341133063,No substantial change
AB42,exp,1411501,-0.32616,442,434.5,0.024690192577031488,No substantial change
AB42,exp,1412501,-0.325681,344,345,-0.004187796963433385,No substantial change
AB42,exp,1413501,-0.325203,343,337,0.025459984990953786,No substantial change
AB42,exp,1414501,-0.324725,348,347.5,0.0020743282378583826,No substantial change
AB42,exp,1415501,-0.324247,256,301,-0.23361967675970202,No substantial change
AB42,exp,1416501,-0.323769,303.5,397.5,-0.38925834391603553,No substantial change
AB42,exp,1417501,-0.32329,312,359,-0.20243781496080304,No substantial change
AB42,exp,1418501,-0.322812,305.5,391.5,-0.35783992747231114,No substantial change
AB42,exp,1419501,-0.322334,302,359.5,-0.25144322111421885,No substantial change
AB42,exp,1420501,-0.321856,307.5,368.5,-0.2610782088684675,No substantial change
AB42,exp,1421501,-0.321377,311.5,346,-0.15153987461272272,No substantial change
AB42,exp,1422501,-0.320899,294.5,399,-0.438121112391885,No substantial change
AB42,exp,1423501,-0.320421,280,410,-0.5501970825604795,No substantial change
AB42,exp,1424501,-0.319943,351,429,-0.28950661719498483,No substantial change
AB42,exp,1425501,-0.319464,360.5,436,-0.27432887553610386,No substantial change
AB42,exp,1426501,-0.318986,300,383.5,-0.3542640770070526,No substantial change
AB42,exp,1427501,-0.318508,281.5,333,-0.24238725499103259,No substantial change
AB42,exp,1428501,-0.31803,304,380.5,-0.32382513005996005,No substantial change
AB42,exp,1429501,-0.31755100000000003,275.5,333,-0.27346985850010463,No substantial change
AB42,exp,1430501,-0.317073,288,371,-0.36535037517849095,No substantial change
AB42,exp,1431501,-0.316595,294.5,365.5,-0.3116037721219767,No substantial change
AB42,exp,1432501,-0.316117,311.5,406.5,-0.384023189051026,No substantial change
AB42,exp,1433501,-0.315638,285,368,-0.36874384700490875,No substantial change
AB42,exp,1434501,-0.31516,293,370.5,-0.3385728778835859,No substantial change
AB42,exp,1435501,-0.314682,340,370,-0.1219905243786103,No substantial change
AB42,exp,1436501,-0.314204,360.5,439.5,-0.28586390590258154,No substantial change
AB42,exp,1437501,-0.313725,364,440,-0.27356507332596336,No substantial change
AB42,exp,1438501,-0.313247,261.5,357.5,-0.4511322954188105,No substantial change
AB42,exp,1439501,-0.312769,314.5,425,-0.4344028241457749,No substantial change
AB42,exp,1440501,-0.312291,433,486,-0.166589288879056,No substantial change
AB42,exp,1441501,-0.311813,308.5,383,-0.31207390277553926,No substantial change
AB42,exp,1442501,-0.311334,367,429,-0.2251975846563328,No substantial change
AB42,exp,1443501,-0.310856,379,403,-0.08858199035687568,No substantial change
AB42,exp,1444501,-0.310378,319,401,-0.33004581269005095,No substantial change
AB42,exp,1445501,-0.3099,297,373.5,-0.3306453119884713,No substantial change
AB42,exp,1446501,-0.309421,345.5,392,-0.1821679437269497,No substantial change
AB42,exp,1447501,-0.308943,342.5,406,-0.24537573933728718,No substantial change
AB42,exp,1448501,-0.308465,325.5,413,-0.34348423825380986,No substantial change
AB42,exp,1449501,-0.307987,330.5,446.5,-0.4340099036135312,No substantial change
AB42,exp,1450501,-0.307508,316,396.5,-0.32739630752687543,No substantial change
AB42,exp,1451501,-0.30703,354,409.5,-0.21011409155801114,No substantial change
AB42,exp,1452501,-0.306552,319.5,352,-0.13975949769030277,No substantial change
AB42,exp,1453501,-0.306074,287,349.5,-0.2842417186997487,No substantial change
AB42,exp,1454501,-0.305595,302,374,-0.30848972056255775,No substantial change
AB42,exp,1455501,-0.305117,348.5,393.5,-0.17520497963906334,No substantial change
AB42,exp,1456501,-0.304639,365.5,399.5,-0.12832409697553945,No substantial change
AB42,exp,1457501,-0.304161,330,336,-0.025995208532944573,No substantial change
AB42,exp,1458501,-0.303682,297,312,-0.07108309806148262,No substantial change
AB42,exp,1459501,-0.303204,322.5,346.5,-0.10355619182659724,No substantial change
AB42,exp,1460501,-0.302726,368,381.5,-0.05197729077751756,No substantial change
AB42,exp,1461501,-0.302248,329,380.5,-0.20980886976830387,No substantial change
AB42,exp,1462501,-0.301769,319,338.5,-0.08559940981012742,No substantial change
AB42,exp,1463501,-0.301291,387,423.5,-0.13002840318778833,No substantial change
AB42,exp,1464501,-0.300813,383,413.5,-0.1105429372463176,No substantial change
AB42,exp,1465501,-0.300335,444.5,463.5,-0.06038591979576083,No substantial change
AB42,exp,1466501,-0.299857,364.5,456.5,-0.32469604565728494,No substantial change
AB42,exp,1467501,-0.299378,361,451,-0.32112859636821,No substantial change
AB42,exp,1468501,-0.2989,365,435.5,-0.25477625483148497,No substantial change
AB42,exp,1469501,-0.298422,326,416.5,-0.35344453113447,No substantial change
AB42,exp,1470501,-0.297944,315.5,376,-0.25309265669508846,No substantial change
AB42,exp,1471501,-0.297465,328.5,361.5,-0.1381022766287882,No substantial change
AB42,exp,1472501,-0.296987,311.5,396.5,-0.34808870267997666,No substantial change
AB42,exp,1473501,-0.296509,287.5,352.5,-0.2940613014544184,No substantial change
AB42,exp,1474501,-0.296031,363,383,-0.07737484392920645,No substantial change
AB42,exp,1475501,-0.295552,422.5,461.5,-0.12737930647622756,No substantial change
AB42,exp,1476501,-0.295074,370,402,-0.11967023066261644,No substantial change
AB42,exp,1477501,-0.294596,307,408,-0.4103304966013162,No substantial change
AB42,exp,1478501,-0.294118,330.5,424.5,-0.36111428204534685,No substantial change
AB42,exp,1479501,-0.293639,369.5,429,-0.2154032833533947,No substantial change
AB42,exp,1480501,-0.293161,344.5,419.5,-0.28416682773553187,No substantial change
AB42,exp,1481501,-0.292683,359.5,394.5,-0.13403352957416076,No substantial change
AB42,exp,1482501,-0.292205,329.5,414,-0.3293523024912735,No substantial change
AB42,exp,1483501,-0.291726,259.5,396.5,-0.6115863273460975,No substantial change
AB42,exp,1484501,-0.291248,281.5,367.5,-0.38460932764349715,No substantial change
AB42,exp,1485501,-0.29077,258,369.5,-0.5182032987228968,No substantial change
AB42,exp,1486501,-0.290292,347,389.5,-0.1666876654834083,No substantial change
AB42,exp,1487501,-0.289813,300,365,-0.2829339632714988,No substantial change
AB42,exp,1488501,-0.289335,269.5,357.5,-0.4076579689132463,No substantial change
AB42,exp,1489501,-0.288857,280,319.5,-0.190389104002028,No substantial change
AB42,exp,1490501,-0.288379,296,359.5,-0.28039459481034795,No substantial change
AB42,exp,1491501,-0.287901,273.5,346,-0.339231204844168,No substantial change
AB42,exp,1492501,-0.287422,263,292,-0.1509055695877148,No substantial change
AB42,exp,1493501,-0.286944,237.5,337,-0.5048210779635484,No substantial change
AB42,exp,1494501,-0.286466,314,363,-0.20920498910412375,No substantial change
AB42,exp,1495501,-0.285988,282.5,320.5,-0.18207348931619102,No substantial change
AB42,exp,1496501,-0.285509,290.5,370.5,-0.35093537890130505,No substantial change
AB42,exp,1497501,-0.285031,332.5,361,-0.11864449649861908,No substantial change
AB42,exp,1498501,-0.284553,313,348.5,-0.15499599893580468,No substantial change
AB42,exp,1499501,-0.284075,270,351,-0.3785116232537297,No substantial change
AB42,exp,1500501,-0.283596,339,422,-0.31595772557084123,No substantial change
AB42,exp,1501501,-0.283118,324.5,379,-0.22397937017195313,No substantial change
AB42,exp,1502501,-0.28264,305.5,352.5,-0.20645087746742632,No substantial change
AB42,exp,1503501,-0.282162,372,373.5,-0.005805621681205801,No substantial change
AB42,exp,1504501,-0.281683,321.5,358,-0.15514084993630914,No substantial change
AB42,exp,1505501,-0.281205,318,421,-0.4047934677820408,No substantial change
AB42,exp,1506501,-0.280727,343,367,-0.0975714866704004,No substantial change
AB42,exp,1507501,-0.280249,339.5,437,-0.3642217052558666,No substantial change
AB42,exp,1508501,-0.27977,290,358.5,-0.3059202186869703,No substantial change
AB42,exp,1509501,-0.279292,320.5,361,-0.17167448026843002,No substantial change
AB42,exp,1510501,-0.278814,359.5,427,-0.2482442991811925,No substantial change
AB42,exp,1511501,-0.278336,295.5,375,-0.3437324652057107,No substantial change
AB42,exp,1512501,-0.277857,272,309,-0.1840001866540352,No substantial change
AB42,exp,1513501,-0.277379,314,374,-0.2522737109960096,No substantial change
AB42,exp,1514501,-0.276901,293,372.5,-0.34633976092727614,No substantial change
AB42,exp,1515501,-0.276423,301,354.5,-0.23602214047981404,No substantial change
AB42,exp,1516501,-0.275945,302,348,-0.20453875652364942,No substantial change
AB42,exp,1517501,-0.275466,311,363,-0.22305496786514817,No substantial change
AB42,exp,1518501,-0.274988,298,337.5,-0.1795751714760317,No substantial change
AB42,exp,1519501,-0.27451,304.5,346,-0.18432980973039229,No substantial change
AB42,exp,1520501,-0.274032,249.5,299.5,-0.2635161874515251,No substantial change
AB42,exp,1521501,-0.273553,314.5,376.5,-0.25958984779263894,No substantial change
AB42,exp,1522501,-0.273075,317.5,368,-0.21294917439748462,No substantial change
AB42,exp,1523501,-0.272597,278.5,318,-0.19134943794432366,No substantial change
AB42,exp,1524501,-0.272119,308.5,407,-0.3997583051168292,No substantial change
AB42,exp,1525501,-0.27164,297.5,400.5,-0.4289125742134042,No substantial change
AB42,exp,1526501,-0.271162,285,340.5,-0.25669287895996723,No substantial change
AB42,exp,1527501,-0.270684,336.5,352,-0.06496892402698022,No substantial change
AB42,exp,1528501,-0.270206,366,342,0.0978473233981446,No substantial change
AB42,exp,1529501,-0.269727,344,361.5,-0.07158708224901994,No substantial change
AB42,exp,1530501,-0.269249,335,390,-0.219313028404476,No substantial change
AB42,exp,1531501,-0.268771,340,389,-0.19423540884849022,No substantial change
AB42,exp,1532501,-0.268293,353.5,430,-0.28262644478006155,No substantial change
AB42,exp,1533501,-0.267814,355,422.5,-0.2511323167775023,No substantial change
AB42,exp,1534501,-0.267336,346,379,-0.13142581053436708,No substantial change
AB42,exp,1535501,-0.266858,339,387.5,-0.19291103702525594,No substantial change
AB42,exp,1536501,-0.26638,339.5,396,-0.22208885583487775,No substantial change
AB42,exp,1537501,-0.265901,355,424.5,-0.25794552916099417,No substantial change
AB42,exp,1538501,-0.265423,300,380.5,-0.3429339530076646,No substantial change
AB42,exp,1539501,-0.264945,253.5,364.5,-0.5239330673235965,No substantial change
AB42,exp,1540501,-0.264467,274,382.5,-0.48128385461948736,No substantial change
AB42,exp,1541501,-0.263989,437.5,478.5,-0.12923590776633434,No substantial change
AB42,exp,1542501,-0.26351,479.5,439,0.12730987548277273,No substantial change
AB42,exp,1543501,-0.263032,394,365,0.1102991656889967,No substantial change
AB42,exp,1544501,-0.262554,382,352.5,0.1159493807495928,No substantial change
AB42,exp,1545501,-0.262076,326.5,384.5,-0.23590060641539573,No substantial change
AB42,exp,1546501,-0.261597,324.5,415.5,-0.35662999877120605,No substantial change
AB42,exp,1547501,-0.261119,325.5,366,-0.1691861051184069,No substantial change
AB42,exp,1548501,-0.260641,380,418.5,-0.139228204219396,No substantial change
AB42,exp,1549501,-0.260163,336.5,436.5,-0.3753751490191229,No substantial change
AB42,exp,1550501,-0.259684,272,327,-0.2656839842477432,No substantial change
AB42,exp,1551501,-0.259206,282,327,-0.21359547309928892,No substantial change
AB42,exp,1552501,-0.258728,240.5,312.5,-0.37781929577940754,No substantial change
AB42,exp,1553501,-0.25825,278.5,329.5,-0.24260113766802008,No substantial change
AB42,exp,1554501,-0.257771,298.5,364,-0.2862075189338913,No substantial change
AB42,exp,1555501,-0.257293,300.5,388.5,-0.37054960769652456,No substantial change
AB42,exp,1556501,-0.256815,322.5,385,-0.25555928527164723,No substantial change
AB42,exp,1557501,-0.256337,361.5,409.5,-0.1798678046898909,No substantial change
AB42,exp,1558501,-0.255858,415.5,388.5,0.09693387836263455,No substantial change
AB42,exp,1559501,-0.25538,316.5,373.5,-0.23890274336089581,No substantial change
AB42,exp,1560501,-0.254902,358,321.5,0.155140849936309,No substantial change
AB42,exp,1561501,-0.254424,387,389.5,-0.009289761917258962,No substantial change
AB42,exp,1562501,-0.253945,339,335.5,0.01497250693616023,No substantial change
AB42,exp,1563501,-0.253467,331,372,-0.16847140430081373,No substantial change
AB42,exp,1564501,-0.252989,359,441,-0.29679481173446925,No substantial change
AB42,exp,1565501,-0.252511,355.5,415,-0.2232617766148718,No substantial change
AB42,exp,1566501,-0.252033,348,466,-0.42124264880555196,No substantial change
AB42,exp,1567501,-0.251554,348,416.5,-0.2592291895168193,No substantial change
AB42,exp,1568501,-0.251076,304.5,374,-0.2965960419813042,No substantial change
AB42,exp,1569501,-0.250598,307.5,373.5,-0.28052183256263485,No substantial change
AB42,exp,1570501,-0.25012,325,342.5,-0.07566426993207229,No substantial change
AB42,exp,1571501,-0.249641,390,376,0.0527414620719732,No substantial change
AB42,exp,1572501,-0.249163,328.5,347.5,-0.0811196072885401,No substantial change
AB42,exp,1573501,-0.248685,337.5,389,-0.20488265304799874,No substantial change
AB42,exp,1574501,-0.248207,329,404,-0.29626770901655336,No substantial change
AB42,exp,1575501,-0.247728,320.5,384.5,-0.2626592413430854,No substantial change
AB42,exp,1576501,-0.24725,345.5,371.5,-0.10467650015033762,No substantial change
AB42,exp,1577501,-0.246772,371.5,400,-0.10663778923612852,No substantial change
AB42,exp,1578501,-0.246294,388,396.5,-0.03126421351685083,No substantial change
AB42,exp,1579501,-0.245815,318.5,389.5,-0.29032995580536874,No substantial change
AB42,exp,1580501,-0.245337,318,419.5,-0.3996440451554679,No substantial change
AB42,exp,1581501,-0.244859,321,435.5,-0.44009942147656145,No substantial change
AB42,exp,1582501,-0.244381,260,345.5,-0.4101740873598041,No substantial change
AB42,exp,1583501,-0.243902,274.5,385,-0.48805229657706517,No substantial change
AB42,exp,1584501,-0.243424,297,374,-0.3325753390868709,No substantial change
AB42,exp,1585501,-0.242946,343.5,372,-0.11499252228993134,No substantial change
AB42,exp,1586501,-0.242468,336.5,369,-0.13301431145007894,No substantial change
AB42,exp,1587501,-0.241989,371.5,452,-0.2829605618765914,No substantial change
AB42,exp,1588501,-0.241511,354.5,451,-0.34734180601586484,No substantial change
AB42,exp,1589501,-0.241033,395,441.5,-0.16056078458400072,No substantial change
AB42,exp,1590501,-0.240555,349,389,-0.15654311877653973,No substantial change
AB42,exp,1591501,-0.240077,367,404,-0.13857522990858193,No substantial change
AB42,exp,1592501,-0.239598,378.5,457.5,-0.2734784431856732,No substantial change
AB42,exp,1593501,-0.23912,303.5,362,-0.2542931808275233,No substantial change
AB42,exp,1594501,-0.238642,312,371.5,-0.2518161816763479,No substantial change
AB42,exp,1595501,-0.238164,395.5,425.5,-0.10548143721317088,No substantial change
AB42,exp,1596501,-0.237685,369.5,424,-0.1984899004170482,No substantial change
AB42,exp,1597501,-0.237207,408,384,0.0874628412503394,No substantial change
AB42,exp,1598501,-0.236729,387,455,-0.23353297894164834,No substantial change
AB42,exp,1599501,-0.236251,335.5,333,0.010790589128921384,No substantial change
AB42,exp,1600501,-0.235772,478,463,0.045998424720512285,No substantial change
AB42,exp,1601501,-0.235294,429,441,-0.039801008057975026,No substantial change
AB42,exp,1602501,-0.234816,329.5,433,-0.3940885597186732,No substantial change
AB42,exp,1603501,-0.234338,317.5,358,-0.17320299560472824,No substantial change
AB42,exp,1604501,-0.233859,310.5,365.5,-0.23527813773195597,No substantial change
AB42,exp,1605501,-0.233381,306,365.5,-0.2563397532597855,No substantial change
AB42,exp,1606501,-0.232903,319,382,-0.2600162142708793,No substantial change
AB42,exp,1607501,-0.232425,313.5,381.5,-0.28321761403249157,No substantial change
AB42,exp,1608501,-0.231946,292.5,391,-0.4187319828365853,No substantial change
AB42,exp,1609501,-0.231468,275.5,350,-0.3453026032611712,No substantial change
AB42,exp,1610501,-0.23099,331.5,380.5,-0.1988875833909576,No substantial change
AB42,exp,1611501,-0.230512,333.5,376.5,-0.1749631034873432,No substantial change
AB42,exp,1612501,-0.230033,300.5,361,-0.26463384617598545,No substantial change
AB42,exp,1613501,-0.229555,348.5,386.5,-0.14930975805642427,No substantial change
AB42,exp,1614501,-0.229077,359.5,431,-0.26169609864980037,No substantial change
AB42,exp,1615501,-0.228599,356.5,395.5,-0.1497756180289037,No substantial change
AB42,exp,1616501,-0.228121,282.5,372.5,-0.39898955804697384,No substantial change
AB42,exp,1617501,-0.227642,310,344.5,-0.1522357674300537,No substantial change
AB42,exp,1618501,-0.227164,264,362,-0.4554517677247519,No substantial change
AB42,exp,1619501,-0.226686,306.5,357,-0.22003700033831827,No substantial change
AB42,exp,1620501,-0.226208,303.5,378,-0.3166897179653906,No substantial change
AB42,exp,1621501,-0.225729,306.5,366.5,-0.2579261244430303,No substantial change
AB42,exp,1622501,-0.225251,313,373.5,-0.2549455858566188,No substantial change
AB42,exp,1623501,-0.224773,343,385.5,-0.16852228374222206,No substantial change
AB42,exp,1624501,-0.224295,327.5,364.5,-0.15442390790212449,No substantial change
AB42,exp,1625501,-0.223816,267,335,-0.3273213536575808,No substantial change
AB42,exp,1626501,-0.223338,307,401,-0.385363581084741,No substantial change
AB42,exp,1627501,-0.22286,275.5,357,-0.37387175545794205,No substantial change
AB42,exp,1628501,-0.222382,301.5,381.5,-0.33952505493444574,No substantial change
AB42,exp,1629501,-0.221903,311.5,360.5,-0.21076709621682072,No substantial change
AB42,exp,1630501,-0.221425,306.5,384,-0.3252192370303746,No substantial change
AB42,exp,1631501,-0.220947,376.5,428.5,-0.18664533944057177,No substantial change
AB42,exp,1632501,-0.220469,368.5,344.5,0.09716063639077821,No substantial change
AB42,exp,1633501,-0.21999,308,383,-0.3144140412300557,No substantial change
AB42,exp,1634501,-0.219512,264.5,358,-0.4366918651502307,No substantial change
AB42,exp,1635501,-0.219034,410.5,422,-0.03986077692938038,No substantial change
AB42,exp,1636501,-0.218556,388,457.5,-0.23771509098427718,No substantial change
AB42,exp,1637501,-0.218077,293.5,395,-0.42849214995441315,No substantial change
AB42,exp,1638501,-0.217599,356,366,-0.039966407317644746,No substantial change
AB42,exp,1639501,-0.217121,349.5,387,-0.1470411107689738,No substantial change
AB42,exp,1640501,-0.216643,290,357.5,-0.30189034165081735,No substantial change
AB42,exp,1641501,-0.216165,284,361.5,-0.3481047174464358,No substantial change
AB42,exp,1642501,-0.215686,312.5,362,-0.21213350753375598,No substantial change
AB42,exp,1643501,-0.215208,287,360,-0.3269461696539868,No substantial change
AB42,exp,1644501,-0.21473,271.5,356,-0.3909250431620363,No substantial change
AB42,exp,1645501,-0.214252,306.5,352.5,-0.20173618359537435,No substantial change
AB42,exp,1646501,-0.213773,387,366.5,0.07852036801059836,No substantial change
AB42,exp,1647501,-0.213295,285.5,350.5,-0.2959236986477803,No substantial change
AB42,exp,1648501,-0.212817,299.5,372,-0.31274661831924583,No substantial change
AB42,exp,1649501,-0.212339,360,409,-0.1841039366120742,No substantial change
AB42,exp,1650501,-0.21186,405.5,454.5,-0.1645783799768341,No substantial change
AB42,exp,1651501,-0.211382,346.5,405.5,-0.22684656208005918,No substantial change
AB42,exp,1652501,-0.210904,407.5,420,-0.04358926854768275,No substantial change
AB42,exp,1653501,-0.210426,414.5,476,-0.19958947181219308,No substantial change
AB42,exp,1654501,-0.209947,363.5,418.5,-0.20327225863074938,No substantial change
AB42,exp,1655501,-0.209469,339.5,409,-0.268689268697017,No substantial change
AB42,exp,1656501,-0.208991,340,363.5,-0.09642061778189259,No substantial change
AB42,exp,1657501,-0.208513,287,365,-0.3468457270916918,No substantial change
AB42,exp,1658501,-0.208034,297,346.5,-0.22239242133644802,No substantial change
AB42,exp,1659501,-0.207556,374,413.5,-0.14484905928363798,No substantial change
AB42,exp,1660501,-0.207078,282.5,330.5,-0.2263994042051416,No substantial change
AB42,exp,1661501,-0.2066,337.5,375,-0.15200309344504995,No substantial change
AB42,exp,1662501,-0.206121,309.5,354,-0.19380995086873284,No substantial change
AB42,exp,1663501,-0.205643,314,370,-0.23676071162468515,No substantial change
AB42,exp,1664501,-0.205165,335.5,364.5,-0.11960604812675363,No substantial change
AB42,exp,1665501,-0.204687,309,343.5,-0.15270326091372557,No substantial change
AB42,exp,1666501,-0.204209,413.5,454.5,-0.1363929650228325,No substantial change
AB42,exp,1667501,-0.20373,351,381,-0.11831996718876128,No substantial change
AB42,exp,1668501,-0.203252,312.5,414,-0.4057745779498758,No substantial change
AB42,exp,1669501,-0.202774,347,406.5,-0.22831968949676687,No substantial change
AB42,exp,1670501,-0.202296,351.5,414.5,-0.23784741242321514,No substantial change
AB42,exp,1671501,-0.201817,338,413,-0.28911853513726105,No substantial change
AB42,exp,1672501,-0.201339,306.5,365.5,-0.2539843322616559,No substantial change
AB42,exp,1673501,-0.200861,321.5,370.5,-0.20465480497788657,No substantial change
AB42,exp,1674501,-0.200383,300.5,374,-0.31567327917645127,No substantial change
AB42,exp,1675501,-0.199904,362.5,405,-0.15994091286969028,No substantial change
AB42,exp,1676501,-0.199426,356,412.5,-0.21251687816678036,No substantial change
AB42,exp,1677501,-0.198948,296.5,377.5,-0.3484445396664375,No substantial change
AB42,exp,1678501,-0.19847,272,373.5,-0.4575015915388978,No substantial change
AB42,exp,1679501,-0.197991,277,374,-0.4331522938384484,No substantial change
AB42,exp,1680501,-0.197513,295.5,373.5,-0.33795011261170477,No substantial change
AB42,exp,1681501,-0.197035,357,423,-0.24473358909085005,No substantial change
AB42,exp,1682501,-0.196557,361.5,365.5,-0.015875759001319545,No substantial change
AB42,exp,1683501,-0.196078,325.5,330.5,-0.021992728342056237,No substantial change
AB42,exp,1684501,-0.1956,413,465,-0.17108893457594834,No substantial change
AB42,exp,1685501,-0.195122,410,404.5,0.01948420707546859,No substantial change
AB42,exp,1686501,-0.194644,385.5,387,-0.005602706229376023,No substantial change
AB42,exp,1687501,-0.194165,374,335,0.15887717454250186,No substantial change
AB42,exp,1688501,-0.193687,368,399.5,-0.1184897368709639,No substantial change
AB42,exp,1689501,-0.193209,507,476,0.09102417369539698,No substantial change
AB42,exp,1690501,-0.192731,359,406,-0.17749588336212493,No substantial change
AB42,exp,1691501,-0.192253,399,482.5,-0.2741401959330971,No substantial change
AB42,exp,1692501,-0.191774,339,432,-0.3497460390271247,No substantial change
AB42,exp,1693501,-0.191296,328,402,-0.293499686560845,No substantial change
AB42,exp,1694501,-0.190818,269.5,341.5,-0.341600305537585,No substantial change
AB42,exp,1695501,-0.19034,349.5,409.5,-0.22857099626557226,No substantial change
AB42,exp,1696501,-0.189861,328,407.5,-0.3131042445003562,No substantial change
AB42,exp,1697501,-0.189383,340,432.5,-0.3471653863863851,No substantial change
AB42,exp,1698501,-0.188905,281.5,399,-0.5032538241421163,No substantial change
AB42,exp,1699501,-0.188427,386,407.5,-0.07819921185035952,No substantial change
AB42,exp,1700501,-0.187948,369.5,368.5,0.0039097450510812365,No substantial change
AB42,exp,1701501,-0.18747,309,339.5,-0.13580473634035725,No substantial change
AB42,exp,1702501,-0.186992,289.5,379,-0.3886345001818552,No substantial change
AB42,exp,1703501,-0.186514,387.5,414,-0.09543445733772525,No substantial change
AB42,exp,1704501,-0.186035,380,408.5,-0.10433665981473561,No substantial change
AB42,exp,1705501,-0.185557,301,376,-0.3209691749179354,No substantial change
AB42,exp,1706501,-0.185079,266.5,335.5,-0.33217723344100775,No substantial change
AB42,exp,1707501,-0.184601,291.5,307.5,-0.07709052702610575,No substantial change
AB42,exp,1708501,-0.184122,312,379,-0.2806518193088434,No substantial change
AB42,exp,1709501,-0.183644,273.5,334,-0.28830726968149556,No substantial change
AB42,exp,1710501,-0.183166,304.5,351.5,-0.20708246116620288,No substantial change
AB42,exp,1711501,-0.182688,341,360.5,-0.08022752021664999,No substantial change
AB42,exp,1712501,-0.182209,359,404.5,-0.17215585860692628,No substantial change
AB42,exp,1713501,-0.181731,276.5,347,-0.32765618234355387,No substantial change
AB42,exp,1714501,-0.181253,308.5,364.5,-0.24064832517751927,No substantial change
AB42,exp,1715501,-0.180775,339.5,431,-0.3442762948443663,No substantial change
AB42,exp,1716501,-0.180297,290.5,366.5,-0.33527503472928305,No substantial change
AB42,exp,1717501,-0.179818,415.5,426.5,-0.03769726454794575,No substantial change
AB42,exp,1718501,-0.17934,337,402.5,-0.25624019182012087,No substantial change
AB42,exp,1719501,-0.178862,341,399.5,-0.22842376390380434,No substantial change
AB42,exp,1720501,-0.178384,354.5,423,-0.25487203588043356,No substantial change
AB42,exp,1721501,-0.177905,252.5,306,-0.27724826505349476,No substantial change
AB42,exp,1722501,-0.177427,277,349,-0.33334106016046394,No substantial change
AB42,exp,1723501,-0.176949,306.5,335.5,-0.13042569250940203,No substantial change
AB42,exp,1724501,-0.176471,364,397,-0.1252005569442616,No substantial change
AB42,exp,1725501,-0.175992,375,377.5,-0.009586048829198078,No substantial change
AB42,exp,1726501,-0.175514,453.5,440.5,0.04196053160810889,No substantial change
AB42,exp,1727501,-0.175036,319,377.5,-0.24292022044757186,No substantial change
AB42,exp,1728501,-0.174558,332,392,-0.23967041276828338,No substantial change
AB42,exp,1729501,-0.174079,390,450.5,-0.2080529820639279,No substantial change
AB42,exp,1730501,-0.173601,365.5,422.5,-0.20907993521710924,No substantial change
AB42,exp,1731501,-0.173123,293.5,394.5,-0.42666479690340636,No substantial change
AB42,exp,1732501,-0.172645,362,397.5,-0.1349651630885123,No substantial change
AB42,exp,1733501,-0.172166,308,348,-0.1761569551538269,No substantial change
AB42,exp,1734501,-0.171688,330.5,372.5,-0.17259015384183218,No substantial change
AB42,exp,1735501,-0.17121,289.5,327,-0.1757272875088459,No substantial change
AB42,exp,1736501,-0.170732,371,395,-0.09043346644366197,No substantial change
AB42,exp,1737501,-0.170253,329,385.5,-0.22864327617979285,No substantial change
AB42,exp,1738501,-0.169775,373.5,443.5,-0.24782586151182678,No substantial change
AB42,exp,1739501,-0.169297,326,412.5,-0.33952215490210064,No substantial change
AB42,exp,1740501,-0.168819,307.5,362.5,-0.23739458467569455,No substantial change
AB42,exp,1741501,-0.168341,328.5,395,-0.2659592827421357,No substantial change
AB42,exp,1742501,-0.167862,374,447.5,-0.2588494122639821,No substantial change
AB42,exp,1743501,-0.167384,383.5,383,0.0018821855779764236,No substantial change
AB42,exp,1744501,-0.166906,408,469.5,-0.202556005682279,No substantial change
AB42,exp,1745501,-0.166428,378.5,419.5,-0.14837751045409164,No substantial change
AB42,exp,1746501,-0.165949,287,398.5,-0.47352898731478393,No substantial change
AB42,exp,1747501,-0.165471,342,387,-0.1783372412585124,No substantial change
AB42,exp,1748501,-0.164993,312,411.5,-0.3993464015593774,No substantial change
AB42,exp,1749501,-0.164515,373,407.5,-0.12762442886320205,No substantial change
AB42,exp,1750501,-0.164036,368,376,-0.031026895620624544,No substantial change
AB42,exp,1751501,-0.163558,321,367.5,-0.19517095260142356,No substantial change
AB42,exp,1752501,-0.16308,329,380.5,-0.20980886976830387,No substantial change
AB42,exp,1753501,-0.162602,298.5,341.5,-0.19415464702528534,No substantial change
AB42,exp,1754501,-0.162123,330,373.5,-0.17864221854342135,No substantial change
AB42,exp,1755501,-0.161645,289.5,405,-0.4843585597827505,No substantial change
AB42,exp,1756501,-0.161167,297,402,-0.43673257037816277,No substantial change
AB42,exp,1757501,-0.160689,377,421.5,-0.160968107673418,No substantial change
AB42,exp,1758501,-0.16021,422,418.5,0.012015376156841229,No substantial change
AB42,exp,1759501,-0.159732,354.5,393.5,-0.1505780082679703,No substantial change
AB42,exp,1760501,-0.159254,318.5,380.5,-0.25660308124724507,No substantial change
AB42,exp,1761501,-0.158776,356.5,379.5,-0.09019780897157814,No substantial change
AB42,exp,1762501,-0.158297,294,343,-0.22239242133644802,No substantial change
AB42,exp,1763501,-0.157819,254.5,331.5,-0.38134321403689236,No substantial change
AB42,exp,1764501,-0.157341,326,380.5,-0.22302448927246793,No substantial change
AB42,exp,1765501,-0.156863,291.5,392.5,-0.42919677057849304,No substantial change
AB42,exp,1766501,-0.156385,335,416.5,-0.3141554000204129,No substantial change
AB42,exp,1767501,-0.155906,339.5,385,-0.1814468713375319,No substantial change
AB42,exp,1768501,-0.155428,326.5,361.5,-0.146912655404687,No substantial change
AB42,exp,1769501,-0.15495,335,431.5,-0.3651994638338203,No substantial change
AB42,exp,1770501,-0.154472,333,395.5,-0.24815551740152964,No substantial change
AB42,exp,1771501,-0.153993,307.5,349.5,-0.18470604514883418,No substantial change
AB42,exp,1772501,-0.153515,329.5,395.5,-0.26339922946474004,No substantial change
AB42,exp,1773501,-0.153037,314.5,387.5,-0.3011362932823107,No substantial change
AB42,exp,1774501,-0.152559,306,361.5,-0.24046399425846604,No substantial change
AB42,exp,1775501,-0.15208,315.5,372.5,-0.23960042036697496,No substantial change
AB42,exp,1776501,-0.151602,375,411.5,-0.1340018350383825,No substantial change
AB42,exp,1777501,-0.151124,346,391,-0.1763965696706276,No substantial change
AB42,exp,1778501,-0.150646,365.5,416,-0.18671212218865474,No substantial change
AB42,exp,1779501,-0.150167,371,401,-0.11218304983411702,No substantial change
AB42,exp,1780501,-0.149689,412.5,405,0.026472211361191177,No substantial change
AB42,exp,1781501,-0.149211,303,371.5,-0.29404441706564527,No substantial change
AB42,exp,1782501,-0.148733,387,444.5,-0.19984985268535968,No substantial change
AB42,exp,1783501,-0.148254,385,366,0.07301479729822118,No substantial change
AB42,exp,1784501,-0.147776,338.5,388,-0.1969008186121309,No substantial change
AB42,exp,1785501,-0.147298,398,395.5,0.0090907360708569,No substantial change
AB42,exp,1786501,-0.14682,319,396.5,-0.31376444193910896,No substantial change
AB42,exp,1787501,-0.146341,305.5,359,-0.23281146400432176,No substantial change
AB42,exp,1788501,-0.145863,337,436,-0.37157954359506795,No substantial change
AB42,exp,1789501,-0.145385,322.5,382.5,-0.24616058726939766,No substantial change
AB42,exp,1790501,-0.144907,362,434,-0.2617053453612739,No substantial change
AB42,exp,1791501,-0.144429,342,407,-0.25103246938034923,No substantial change
AB42,exp,1792501,-0.14395,328,366,-0.15814783366595878,No substantial change
AB42,exp,1793501,-0.143472,329.5,380.5,-0.2076179884954937,No substantial change
AB42,exp,1794501,-0.142994,334.5,372.5,-0.1552342147080631,No substantial change
AB42,exp,1795501,-0.142516,319.5,397.5,-0.3151389292247232,No substantial change
AB42,exp,1796501,-0.142037,342,362,-0.08199337219730746,No substantial change
AB42,exp,1797501,-0.141559,296,393,-0.4089321366296568,No substantial change
AB42,exp,1798501,-0.141081,303,389,-0.36045236151324095,No substantial change
AB42,exp,1799501,-0.140603,393,413.5,-0.07335801691266826,No substantial change
AB42,exp,1800501,-0.140124,407,471.5,-0.2122289764088496,No substantial change
AB42,exp,1801501,-0.139646,555,493.5,0.16943768678107077,No substantial change
AB42,exp,1802501,-0.139168,579.5,420,0.4644193333403491,No substantial change
AB42,exp,1803501,-0.13869,590,333,0.8251927771779415,No substantial change
AB42,exp,1804501,-0.138211,626,364.5,0.7802438426056812,No substantial change
AB42,exp,1805501,-0.137733,542.5,478.5,0.18110421284581604,No substantial change
AB42,exp,1806501,-0.137255,429,446,-0.056066062420759136,No substantial change
AB42,exp,1807501,-0.136777,567.5,590.5,-0.05731666721887985,No substantial change
AB42,exp,1808501,-0.136298,371,422,-0.1858238120863818,No substantial change
AB42,exp,1809501,-0.13582,338,398,-0.23574518426146449,No substantial change
AB42,exp,1810501,-0.135342,370,408,-0.14104388145518346,No substantial change
AB42,exp,1811501,-0.134864,320,392,-0.29278174922784583,No substantial change
AB42,exp,1812501,-0.134385,246.5,296.5,-0.2664444581680922,No substantial change
AB42,exp,1813501,-0.133907,232,277,-0.25576117092161615,No substantial change
AB42,exp,1814501,-0.133429,161,237.5,-0.5608668251036933,No substantial change
AB42,exp,1815501,-0.132951,266.5,297,-0.15632739804159,No substantial change
AB42,exp,1816501,-0.132473,214,252.5,-0.23867259123801018,No substantial change
AB42,exp,1817501,-0.131994,214,303,-0.501706997071804,No substantial change
AB42,exp,1818501,-0.131516,216.5,247,-0.19014401685795274,No substantial change
AB42,exp,1819501,-0.131038,205,243.5,-0.24829786257689604,No substantial change
AB42,exp,1820501,-0.13056,164.5,211.5,-0.36257007938470825,No substantial change
AB42,exp,1821501,-0.130081,168,216.5,-0.3659057919479645,No substantial change
AB42,exp,1822501,-0.129603,160,209.5,-0.3888783388119893,No substantial change
AB42,exp,1823501,-0.129125,206.5,214,-0.05146901498170155,No substantial change
AB42,exp,1824501,-0.128647,184,207.5,-0.17340557017727432,No substantial change
AB42,exp,1825501,-0.128168,169,217.5,-0.3639921544539064,No substantial change
AB42,exp,1826501,-0.12769,357.5,403,-0.1728365968622156,No substantial change
AB42,exp,1827501,-0.127212,427.5,422,0.018681421066075066,No substantial change
AB42,exp,1828501,-0.126734,306.5,386,-0.3327137735772988,No substantial change
AB42,exp,1829501,-0.126255,381,386,-0.018809849774758452,No substantial change
AB42,exp,1830501,-0.125777,441.5,395.5,0.15873574317567404,No substantial change
AB42,exp,1831501,-0.125299,373.5,342,0.1271119179033392,No substantial change
AB42,exp,1832501,-0.124821,478,380,0.33101119964980064,No substantial change
AB42,exp,1833501,-0.124342,397,380.5,0.06124255363941246,No substantial change
AB42,exp,1834501,-0.123864,312.5,296,0.07825901392049955,No substantial change
AB42,exp,1835501,-0.123386,351,380.5,-0.11642542319898479,No substantial change
AB42,exp,1836501,-0.122908,482,449.5,0.10071203071551423,No substantial change
AB42,exp,1837501,-0.122429,513.5,437.5,0.23108125959850392,No substantial change
AB42,exp,1838501,-0.121951,485.5,447,0.11919646423587446,No substantial change
AB42,exp,1839501,-0.121473,430,477,-0.14965260641605133,No substantial change
AB42,exp,1840501,-0.120995,431,452.5,-0.0702299228814695,No substantial change
AB42,exp,1841501,-0.120516,462.5,444.5,0.05726994657390437,No substantial change
AB42,exp,1842501,-0.120038,508,502.5,0.015704900705874787,No substantial change
AB42,exp,1843501,-0.11956,458.5,456.5,0.0063068736108322495,No substantial change
AB42,exp,1844501,-0.119082,366,386,-0.0767571989840379,No substantial change
AB42,exp,1845501,-0.118604,423.5,412.5,0.037967850199020416,No substantial change
AB42,exp,1846501,-0.118125,398.5,369.5,0.10900535984432075,No substantial change
AB42,exp,1847501,-0.117647,371,416,-0.1651643415202888,No substantial change
AB42,exp,1848501,-0.117169,487.5,435,0.16438681790088228,No substantial change
AB42,exp,1849501,-0.116691,404,380.5,0.08645883924824917,No substantial change
AB42,exp,1850501,-0.116212,417.5,430.5,-0.04423704003542937,No substantial change
AB42,exp,1851501,-0.115734,326,369.5,-0.18070239991507342,No substantial change
AB42,exp,1852501,-0.115256,306.5,387,-0.3364464924536288,No substantial change
AB42,exp,1853501,-0.114778,339.5,446,-0.39363213567557287,No substantial change
AB42,exp,1854501,-0.114299,418,413.5,0.015615612909608036,No substantial change
AB42,exp,1855501,-0.113821,529.5,478,0.14762006601158786,No substantial change
AB42,exp,1856501,-0.113343,405,421.5,-0.057610723170095184,No substantial change
AB42,exp,1857501,-0.112865,357,411,-0.20321431965258313,No substantial change
AB42,exp,1858501,-0.112386,367.5,352.5,0.06012099243757093,No substantial change
AB42,exp,1859501,-0.111908,349.5,418,-0.25821048670544633,No substantial change
AB42,exp,1860501,-0.11143,359,416.5,-0.21433265154249637,No substantial change
AB42,exp,1861501,-0.110952,307,374,-0.2847996145174574,No substantial change
AB42,exp,1862501,-0.110473,355,388.5,-0.13009557401566563,No substantial change
AB42,exp,1863501,-0.109995,335.5,394.5,-0.23371253381327498,No substantial change
AB42,exp,1864501,-0.109517,380,427.5,-0.16992500144231246,No substantial change
AB42,exp,1865501,-0.109039,383.5,394,-0.03896905195344284,No substantial change
AB42,exp,1866501,-0.10856,334.5,423.5,-0.34035575869073775,No substantial change
AB42,exp,1867501,-0.108082,371.5,455.5,-0.2940888432634546,No substantial change
AB42,exp,1868501,-0.107604,397.5,419.5,-0.07771595026810547,No substantial change
AB42,exp,1869501,-0.107126,383,450,-0.2325806092920799,No substantial change
AB42,exp,1870501,-0.106648,381.5,427.5,-0.1642413629387298,No substantial change
AB42,exp,1871501,-0.106169,336.5,359,-0.09337733921273435,No substantial change
AB42,exp,1872501,-0.105691,413.5,415,-0.005224007063012411,No substantial change
AB42,exp,1873501,-0.105213,395,402.5,-0.027136129937514106,No substantial change
AB42,exp,1874501,-0.104735,356,443.5,-0.31705686333466604,No substantial change
AB42,exp,1875501,-0.104256,401,477.5,-0.2518984964681907,No substantial change
AB42,exp,1876501,-0.103778,404.5,412.5,-0.028254416703200582,No substantial change
AB42,exp,1877501,-0.1033,348,340.5,0.03143250783665707,No substantial change
AB42,exp,1878501,-0.102822,375,383.5,-0.03233598211969012,No substantial change
AB42,exp,1879501,-0.102343,431.5,476,-0.1416010141289885,No substantial change
AB42,exp,1880501,-0.101865,390,436.5,-0.16250752987982928,No substantial change
AB42,exp,1881501,-0.101387,505.5,511.5,-0.017023147842313985,No substantial change
AB42,exp,1882501,-0.100909,317,415.5,-0.3903656366309372,No substantial change
AB42,exp,1883501,-0.10043,266,344.5,-0.3730777372031018,No substantial change
AB42,exp,1884501,-0.099952,359.5,455,-0.33987477464676086,No substantial change
AB42,exp,1885501,-0.099474,347,453.5,-0.38616688795026155,No substantial change
AB42,exp,1886501,-0.098996,353,348.5,0.018509527402757225,No substantial change
AB42,exp,1887501,-0.098517,439.5,413.5,0.08797583597212938,No substantial change
AB42,exp,1888501,-0.098039,403,424,-0.07328442603523183,No substantial change
AB42,exp,1889501,-0.097561,366,416.5,-0.18647284708150516,No substantial change
AB42,exp,1890501,-0.097083,359,413.5,-0.20390348534822333,No substantial change
AB42,exp,1891501,-0.096604,323,402.5,-0.31745461830805444,No substantial change
AB42,exp,1892501,-0.096126,286,391,-0.45115346052896277,No substantial change
AB42,exp,1893501,-0.095648,374,471.5,-0.33421950078746,No substantial change
AB42,exp,1894501,-0.09517,333,364,-0.12841627312743417,No substantial change
AB42,exp,1895501,-0.094692,374.5,389,-0.054804436527440846,No substantial change
AB42,exp,1896501,-0.094213,436.5,435.5,0.0033089350305753854,No substantial change
AB42,exp,1897501,-0.093735,428.5,402,0.09209970293357131,No substantial change
AB42,exp,1898501,-0.093257,377,404.5,-0.10157517916131326,No substantial change
AB42,exp,1899501,-0.092779,401.5,378,0.08701375329624174,No substantial change
AB42,exp,1900501,-0.0923,399,347.5,0.1993757686114759,No substantial change
AB42,exp,1901501,-0.091822,388.5,385,0.013056152825446284,No substantial change
AB42,exp,1902501,-0.091344,420.5,457.5,-0.1216659429162605,No substantial change
AB42,exp,1903501,-0.090866,323.5,389,-0.2660044429936845,No substantial change
AB42,exp,1904501,-0.090387,316.5,377.5,-0.25427114478409996,No substantial change
AB42,exp,1905501,-0.089909,324,359,-0.14799003093842658,No substantial change
AB42,exp,1906501,-0.089431,313.5,397.5,-0.3424894173696787,No substantial change
AB42,exp,1907501,-0.088953,275.5,311,-0.17486226155944487,No substantial change
AB42,exp,1908501,-0.088474,316.5,351.5,-0.1513191896441939,No substantial change
AB42,exp,1909501,-0.087996,345.5,388.5,-0.1692288880194515,No substantial change
AB42,exp,1910501,-0.087518,389.5,406.5,-0.06163202401335854,No substantial change
AB42,exp,1911501,-0.08704,332.5,387.5,-0.220841969773048,No substantial change
AB42,exp,1912501,-0.086561,338,388.5,-0.2008913521255258,No substantial change
AB42,exp,1913501,-0.086083,384.5,367,0.06720353511861372,No substantial change
AB42,exp,1914501,-0.085605,293.5,356.5,-0.280541573333836,No substantial change
AB42,exp,1915501,-0.085127,381.5,447.5,-0.23020462531708824,No substantial change
AB42,exp,1916501,-0.084648,425,415.5,0.03261436425471953,No substantial change
AB42,exp,1917501,-0.08417,350.5,429,-0.29156320348892234,No substantial change
AB42,exp,1918501,-0.083692,362,388,-0.1000669551039223,No substantial change
AB42,exp,1919501,-0.083214,323,378.5,-0.22875913529180678,No substantial change
AB42,exp,1920501,-0.082736,306,385.5,-0.3331992072223826,No substantial change
AB42,exp,1921501,-0.082257,393,415.5,-0.08031916451173804,No substantial change
AB42,exp,1922501,-0.081779,448,399,0.16710998583525824,No substantial change
AB42,exp,1923501,-0.081301,392.5,421,-0.10112757928740673,No substantial change
AB42,exp,1924501,-0.080823,344,382.5,-0.15305118287791614,No substantial change
AB42,exp,1925501,-0.080344,378,396.5,-0.06893463148290575,No substantial change
AB42,exp,1926501,-0.079866,322,371.5,-0.20630152242397928,No substantial change
AB42,exp,1927501,-0.079388,425.5,436.5,-0.03682252194347742,No substantial change
AB42,exp,1928501,-0.07891,439.5,453.5,-0.045239385385118396,No substantial change
AB42,exp,1929501,-0.078431,349,369,-0.08039377985074377,No substantial change
AB42,exp,1930501,-0.077953,361,386,-0.09660201038090944,No substantial change
AB42,exp,1931501,-0.077475,464,435.5,0.09145208652870745,No substantial change
AB42,exp,1932501,-0.076997,377,422.5,-0.1643868179008823,No substantial change
AB42,exp,1933501,-0.076518,377.5,431.5,-0.1928839149665137,No substantial change
AB42,exp,1934501,-0.07604,319.5,387.5,-0.27838037921460557,No substantial change
AB42,exp,1935501,-0.075562,319.5,341.5,-0.09606964734309605,No substantial change
AB42,exp,1936501,-0.075084,362,403,-0.15479014144476194,No substantial change
AB42,exp,1937501,-0.074605,290.5,336.5,-0.21206834120578816,No substantial change
AB42,exp,1938501,-0.074127,309.5,330.5,-0.09471086229342697,No substantial change
AB42,exp,1939501,-0.073649,306,327.5,-0.09796325373216082,No substantial change
AB42,exp,1940501,-0.073171,288.5,369.5,-0.3570030455006685,No substantial change
AB42,exp,1941501,-0.072692,317.5,402,-0.3404389095194003,No substantial change
AB42,exp,1942501,-0.072214,308,373.5,-0.2781778920943357,No substantial change
AB42,exp,1943501,-0.071736,277,348,-0.32920132979953987,No substantial change
AB42,exp,1944501,-0.071258,282.5,343,-0.27995770887026217,No substantial change
AB42,exp,1945501,-0.07078,319,383.5,-0.2656701537380641,No substantial change
AB42,exp,1946501,-0.070301,373,374.5,-0.005790088203513348,No substantial change
AB42,exp,1947501,-0.069823,469.5,366.5,0.35731195951996264,No substantial change
AB42,exp,1948501,-0.069345,498,437,0.18851246256748272,No substantial change
AB42,exp,1949501,-0.068867,395,401,-0.021749583390454963,No substantial change
AB42,exp,1950501,-0.068388,341.5,410,-0.26373833121535567,No substantial change
AB42,exp,1951501,-0.06791,248,344.5,-0.47416386231741614,No substantial change
AB42,exp,1952501,-0.067432,350.5,364.5,-0.05650437031631393,No substantial change
AB42,exp,1953501,-0.066954,325,399.5,-0.2977557850121599,No substantial change
AB42,exp,1954501,-0.066475,330.5,379,-0.19754757666339998,No substantial change
AB42,exp,1955501,-0.065997,301,390,-0.3737106369899086,No substantial change
AB42,exp,1956501,-0.065519,302,361.5,-0.25944709762603885,No substantial change
AB42,exp,1957501,-0.065041,308.5,356.5,-0.20863158729447018,No substantial change
AB42,exp,1958501,-0.064562,334,377,-0.17471642079461197,No substantial change
AB42,exp,1959501,-0.064084,300.5,381,-0.34242600678213664,No substantial change
AB42,exp,1960501,-0.063606,307,345.5,-0.1704470550180791,No substantial change
AB42,exp,1961501,-0.063128,383.5,446,-0.21781713241737133,No substantial change
AB42,exp,1962501,-0.062649,378.5,413,-0.1258484814337137,No substantial change
AB42,exp,1963501,-0.062171,313,362.5,-0.2118183379696785,No substantial change
AB42,exp,1964501,-0.061693,313.5,353,-0.1712027404691414,No substantial change
AB42,exp,1965501,-0.061215,278,324.5,-0.22313359527563115,No substantial change
AB42,exp,1966501,-0.060736,376,418,-0.15277028040324533,No substantial change
AB42,exp,1967501,-0.060258,426,473,-0.15098675311355697,No substantial change
AB42,exp,1968501,-0.05978,300.5,357,-0.24855908331791424,No substantial change
AB42,exp,1969501,-0.059302,318.5,420,-0.39909595540982234,No substantial change
AB42,exp,1970501,-0.058824,348.5,381,-0.12863234162489898,No substantial change
AB42,exp,1971501,-0.058345,344.5,394.5,-0.19552131730916722,No substantial change
AB42,exp,1972501,-0.057867,453.5,420.5,0.10899675027337823,No substantial change
AB42,exp,1973501,-0.057389,392,415.5,-0.08399482265513622,No substantial change
AB42,exp,1974501,-0.056911,567.5,471,0.26889333256549425,No substantial change
AB42,exp,1975501,-0.056432,599,501.5,0.2563063021766051,No substantial change
AB42,exp,1976501,-0.055954,512,513.5,-0.004220466318195033,No substantial change
AB42,exp,1977501,-0.055476,274.5,308,-0.16612420168970268,No substantial change
AB42,exp,1978501,-0.054998,303,326.5,-0.1077651980734799,No substantial change
AB42,exp,1979501,-0.054519,510,499.5,0.030012569066439725,No substantial change
AB42,exp,1980501,-0.054041,367.5,412,-0.16490008745949164,No substantial change
AB42,exp,1981501,-0.053563,392.5,373.5,0.07158441098975218,No substantial change
AB42,exp,1982501,-0.053085,436,475,-0.12359937844138391,No substantial change
AB42,exp,1983501,-0.052606,398.5,446,-0.162463985929833,No substantial change
AB42,exp,1984501,-0.052128,376.5,410.5,-0.12473235710587655,No substantial change
AB42,exp,1985501,-0.05165,649.5,543.5,0.25704949042057196,No substantial change
AB42,exp,1986501,-0.051172,590,467.5,0.3357485894742045,No substantial change
AB42,exp,1987501,-0.050693,497,475.5,0.06380051070172266,No substantial change
AB42,exp,1988501,-0.050215,282,350,-0.31165975943353524,No substantial change
AB42,exp,1989501,-0.049737,302.5,325.5,-0.10572240100367856,No substantial change
AB42,exp,1990501,-0.049259,321,367,-0.19320676572090958,No substantial change
AB42,exp,1991501,-0.04878,326.5,349.5,-0.0982094638290057,No substantial change
AB42,exp,1992501,-0.048302,339.5,377,-0.15115294902393245,No substantial change
AB42,exp,1993501,-0.047824,428.5,411.5,0.05840277369087425,No substantial change
AB42,exp,1994501,-0.047346,330,374,-0.18057224564182092,No substantial change
AB42,exp,1995501,-0.046868,330.5,408,-0.3039188804638039,No substantial change
AB42,exp,1996501,-0.046389,347.5,378.5,-0.12328032237486183,No substantial change
AB42,exp,1997501,-0.045911,317.5,365,-0.2011398721078513,No substantial change
AB42,exp,1998501,-0.045433,326,400.5,-0.29693027817763257,No substantial change
AB42,exp,1999501,-0.044955,328,388.5,-0.24421878378962628,No substantial change
AB42,exp,2000501,-0.044476,422,498,-0.23890274336089581,No substantial change
AB42,exp,2001501,-0.043998,347.5,413,-0.24912880380857558,No substantial change
AB42,exp,2002501,-0.04352,397,433,-0.1252280175837672,No substantial change
AB42,exp,2003501,-0.043042,367,422.5,-0.20317127832633383,No substantial change
AB42,exp,2004501,-0.042563,323,323,0,No substantial change
AB42,exp,2005501,-0.042085,343,360,-0.06978833015686248,No substantial change
AB42,exp,2006501,-0.041607,344.5,406,-0.2369757444808849,No substantial change
AB42,exp,2007501,-0.041129,373,421,-0.17464460281115837,No substantial change
AB42,exp,2008501,-0.04065,452.5,384.5,0.2349341940087413,No substantial change
AB42,exp,2009501,-0.040172,506.5,390,0.37708814505152755,No substantial change
AB42,exp,2010501,-0.039694,453,308,0.5565806993513337,No substantial change
AB42,exp,2011501,-0.039216,570,399,0.5145731728297582,No substantial change
AB42,exp,2012501,-0.038737,605,392,0.6260814880467486,No substantial change
AB42,exp,2013501,-0.038259,523.5,365.5,0.5183181309783711,No substantial change
AB42,exp,2014501,-0.037781,529.5,462.5,0.19517731858866208,No substantial change
AB42,exp,2015501,-0.037303,447,421.5,0.08474220024123535,No substantial change
AB42,exp,2016501,-0.036824,386.5,474.5,-0.2959396730962619,No substantial change
AB42,exp,2017501,-0.036346,387.5,450.5,-0.2173307956519386,No substantial change
AB42,exp,2018501,-0.035868,374.5,400,-0.09503428131597359,No substantial change
AB42,exp,2019501,-0.03539,430,437,-0.023296619911138003,No substantial change
AB42,exp,2020501,-0.034912,425,413.5,0.039575511853789325,No substantial change
AB42,exp,2021501,-0.034433,401,450,-0.16632276476211683,No substantial change
AB42,exp,2022501,-0.033955,381.5,368.5,0.05001843773946086,No substantial change
AB42,exp,2023501,-0.033477,356.5,357.5,-0.00404116522186361,No substantial change
AB42,exp,2024501,-0.032999,371,371.5,-0.0019430239177929739,No substantial change
AB42,exp,2025501,-0.03252,296,381.5,-0.3660858812055806,No substantial change
AB42,exp,2026501,-0.032042,333.5,358.5,-0.10428635751731968,No substantial change
AB42,exp,2027501,-0.031564,354,410.5,-0.21363286169480733,No substantial change
AB42,exp,2028501,-0.031086,397.5,477,-0.2630344058337938,No substantial change
AB42,exp,2029501,-0.030607,383.5,410,-0.09639733200251253,No substantial change
AB42,exp,2030501,-0.030129,287.5,355,-0.30425706856030676,No substantial change
AB42,exp,2031501,-0.029651,333.5,364.5,-0.12823205314235206,No substantial change
AB42,exp,2032501,-0.029173,392,409.5,-0.06300979752580035,No substantial change
AB42,exp,2033501,-0.028694,352,401,-0.18802680781762313,No substantial change
AB42,exp,2034501,-0.028216,377.5,407,-0.10855215005380581,No substantial change
AB42,exp,2035501,-0.027738,426,405.5,0.07115151600856533,No substantial change
AB42,exp,2036501,-0.02726,380.5,394.5,-0.052128846509913104,No substantial change
AB42,exp,2037501,-0.026781,335,396.5,-0.24315977035884373,No substantial change
AB42,exp,2038501,-0.026303,391,434,-0.15052643513712696,No substantial change
AB42,exp,2039501,-0.025825,393.5,421,-0.09745659755890969,No substantial change
AB42,exp,2040501,-0.025347,399,387,0.04405518007793556,No substantial change
AB42,exp,2041501,-0.024868,408,486.5,-0.2538706528096159,No substantial change
AB42,exp,2042501,-0.02439,390.5,396.5,-0.021998317561999093,No substantial change
AB42,exp,2043501,-0.023912,354,374,-0.07928890980463921,No substantial change
AB42,exp,2044501,-0.023434,312,361,-0.2104528080249227,No substantial change
AB42,exp,2045501,-0.022956,333.5,396.5,-0.24963410451939352,No substantial change
AB42,exp,2046501,-0.022477,320,347.5,-0.11894107272350736,No substantial change
AB42,exp,2047501,-0.021999,411,402.5,0.030149610679703533,No substantial change
AB42,exp,2048501,-0.021521,330,343.5,-0.057844074572284306,No substantial change
AB42,exp,2049501,-0.021043,401.5,437.5,-0.12388302920237668,No substantial change
AB42,exp,2050501,-0.020564,321.5,356,-0.1470585036384505,No substantial change
AB42,exp,2051501,-0.020086,317,348,-0.134604465709321,No substantial change
AB42,exp,2052501,-0.019608,337,363,-0.10722095681389214,No substantial change
AB42,exp,2053501,-0.01913,380,376,0.01526675665331057,No substantial change
AB42,exp,2054501,-0.018651,411.5,422.5,-0.03805891074792106,No substantial change
AB42,exp,2055501,-0.018173,479,480.5,-0.0045107750375702116,No substantial change
AB42,exp,2056501,-0.017695,361,401.5,-0.15340115063014342,No substantial change
AB42,exp,2057501,-0.017217,277.5,354.5,-0.35329785600204777,No substantial change
AB42,exp,2058501,-0.016738,376,450,-0.2591923395393996,No substantial change
AB42,exp,2059501,-0.01626,384,488.5,-0.34725225124722914,No substantial change
AB42,exp,2060501,-0.015782,317.5,378.5,-0.2535367083262034,No substantial change
AB42,exp,2061501,-0.015304,391.5,458,-0.22633529080590323,No substantial change
AB42,exp,2062501,-0.014825,461,477,-0.04922251557617361,No substantial change
AB42,exp,2063501,-0.014347,423,401.5,0.07525767560263524,No substantial change
AB42,exp,2064501,-0.013869,434.5,456,-0.0696776473503415,No substantial change
AB42,exp,2065501,-0.013391,404.5,383.5,0.0769131249270443,No substantial change
AB42,exp,2066501,-0.012912,367.5,344,0.09533568502162881,No substantial change
AB42,exp,2067501,-0.012434,347.5,340.5,0.029358179598798526,No substantial change
AB42,exp,2068501,-0.011956,377,414.5,-0.13680757822708614,No substantial change
AB42,exp,2069501,-0.011478,440,415,0.08439218729037261,No substantial change
AB42,exp,2070501,-0.011,513,462.5,0.14950546020337954,No substantial change
AB42,exp,2071501,-0.010521,426.5,422.5,0.013594400148743397,No substantial change
AB42,exp,2072501,-0.010043,368.5,403.5,-0.13090405418271062,No substantial change
AB42,exp,2073501,-0.009565,462.5,476.5,-0.04302284850626743,No substantial change
AB42,exp,2074501,-0.009087,387,408,-0.07623558582708535,No substantial change
AB42,exp,2075501,-0.008608,311,381,-0.29287641736271947,No substantial change
AB42,exp,2076501,-0.00813,350.5,389.5,-0.15220888405104605,No substantial change
AB42,exp,2077501,-0.007652,330,370.5,-0.1670075180600181,No substantial change
AB42,exp,2078501,-0.007174,385,383.5,0.005631868079330326,No substantial change
AB42,exp,2079501,-0.006695,394.5,382,0.046452661977709794,No substantial change
AB42,exp,2080501,-0.006217,384.5,415,-0.11012773827246065,No substantial change
AB42,exp,2081501,-0.005739,435.5,419.5,0.05400190815904131,No substantial change
AB42,exp,2082501,-0.005261,372.5,425,-0.19022241567554019,No substantial change
AB42,exp,2083501,-0.004782,396.5,383,0.04997647377902121,No substantial change
AB42,exp,2084501,-0.004304,320,367,-0.19770815795585042,No substantial change
AB42,exp,2085501,-0.003826,323.5,361.5,-0.1602299349586102,No substantial change
AB42,exp,2086501,-0.003348,334.5,328,0.028310396023377166,No substantial change
AB42,exp,2087501,-0.002869,385,357,0.10893437155316393,No substantial change
AB42,exp,2088501,-0.002391,323.5,396,-0.29173471808710205,No substantial change
AB42,exp,2089501,-0.001913,311,347.5,-0.1600983974802672,No substantial change
AB42,exp,2090501,-0.001435,321,376,-0.22815936455533428,No substantial change
AB42,exp,2091501,-9.56e-4,334.5,370,-0.14551905987485125,No substantial change
AB42,exp,2092501,-4.78e-4,357,372,-0.05937854707893164,No substantial change
AB42,exp,2093501,0,478,481.5,-0.0105251798627107,No substantial change
AB42,exp,2094501,5.23e-4,417,408.5,0.029711305298980067,No substantial change
AB42,exp,2095501,0.001045,341.5,342,-0.0021107465958074547,No substantial change
AB42,exp,2096501,0.001568,357.5,419.5,-0.23072756877407147,No substantial change
AB42,exp,2097501,0.00209,375.5,418,-0.15469003456661098,No substantial change
AB42,exp,2098501,0.002613,279,339.5,-0.28314645241554426,No substantial change
AB42,exp,2099501,0.003135,368.5,415.5,-0.17318385767527486,No substantial change
AB42,exp,2100501,0.003658,354,405.5,-0.19595255413427554,No substantial change
AB42,exp,2101501,0.00418,361,374,-0.05103943300046572,No substantial change
AB42,exp,2102501,0.004703,296,347,-0.22933848694931117,No substantial change
AB42,exp,2103501,0.005225,371,355.5,0.06156962700138798,No substantial change
AB42,exp,2104501,0.005748,374.5,393,-0.06956359379985533,No substantial change
AB42,exp,2105501,0.006271,368,388,-0.07635088613011487,No substantial change
AB42,exp,2106501,0.006793,378.5,441.5,-0.22212013766273433,No substantial change
AB42,exp,2107501,0.007316,393.5,434.5,-0.14299254130691375,No substantial change
AB42,exp,2108501,0.007838,384.5,412,-0.0996607392213919,No substantial change
AB42,exp,2109501,0.008361,345.5,362.5,-0.06929528451403837,No substantial change
AB42,exp,2110501,0.008883,361.5,381.5,-0.07768740988341259,No substantial change
AB42,exp,2111501,0.009406,530.5,505,0.07106936327560777,No substantial change
AB42,exp,2112501,0.009928,414.5,461,-0.15339464893358756,No substantial change
AB42,exp,2113501,0.010451,320,383.5,-0.261154672615571,No substantial change
AB42,exp,2114501,0.010973,458,533.5,-0.22014067272748095,No substantial change
AB42,exp,2115501,0.011496,327,424,-0.3747736290651166,No substantial change
AB42,exp,2116501,0.012018,308,381,-0.30686064679842057,No substantial change
AB42,exp,2117501,0.012541,478.5,508,-0.08630957228614031,No substantial change
AB42,exp,2118501,0.013064,543.5,444,0.2917203586772033,No substantial change
AB42,exp,2119501,0.013586,577,436.5,0.4025896650160424,No substantial change
AB42,exp,2120501,0.014109,436,435,0.0033127340408356087,No substantial change
AB42,exp,2121501,0.014631,331.5,355.5,-0.10084068950682747,No substantial change
AB42,exp,2122501,0.015154,302.5,318.5,-0.0743582300943435,No substantial change
AB42,exp,2123501,0.015676,400,405.5,-0.01970191444254833,No substantial change
AB42,exp,2124501,0.016199,370,383.5,-0.05170130698662128,No substantial change
AB42,exp,2125501,0.016721,387,426.5,-0.14021217517387988,No substantial change
AB42,exp,2126501,0.017244,381,436,-0.19453713728360428,No substantial change
AB42,exp,2127501,0.017766,391,384,0.026062296586196205,No substantial change
AB42,exp,2128501,0.018289,367,409,-0.1563207800985361,No substantial change
AB42,exp,2129501,0.018812,383,450,-0.2325806092920799,No substantial change
AB42,exp,2130501,0.019334,398,408,-0.035800721427846786,No substantial change
AB42,exp,2131501,0.019857,337,372.5,-0.14449183416766537,No substantial change
AB42,exp,2132501,0.020379,329.5,366,-0.1515651832759908,No substantial change
AB42,exp,2133501,0.020902,345,339,0.02531108852918755,No substantial change
AB42,exp,2134501,0.021424,413.5,465.5,-0.17089383838751898,No substantial change
AB42,exp,2135501,0.021947,309.5,369.5,-0.2556349549318863,No substantial change
AB42,exp,2136501,0.022469,324,364,-0.16794463731407164,No substantial change
AB42,exp,2137501,0.022992,345.5,388.5,-0.1692288880194515,No substantial change
AB42,exp,2138501,0.023514,355.5,396.5,-0.1574713060845632,No substantial change
AB42,exp,2139501,0.024037,347.5,360.5,-0.05298628162995268,No substantial change
AB42,exp,2140501,0.02456,361.5,392,-0.11685800716409035,No substantial change
AB42,exp,2141501,0.025082,357,378,-0.08246216019197299,No substantial change
AB42,exp,2142501,0.025605,358,370.5,-0.04951395504157739,No substantial change
AB42,exp,2143501,0.026127,314.5,346.5,-0.13979533525792462,No substantial change
AB42,exp,2144501,0.02665,329,363.5,-0.14386778018435287,No substantial change
AB42,exp,2145501,0.027172,430,401,0.10073442313454005,No substantial change
AB42,exp,2146501,0.027695,408,394,0.05037352251511932,No substantial change
AB42,exp,2147501,0.028217,333.5,350,-0.06966816064774382,No substantial change
AB42,exp,2148501,0.02874,319,332,-0.05762681758205544,No substantial change
AB42,exp,2149501,0.029262,374.5,438,-0.22596515114242227,No substantial change
AB42,exp,2150501,0.029785,349,327.5,0.09173212978483972,No substantial change
AB42,exp,2151501,0.030307,373.5,388,-0.05494840939789053,No substantial change
AB42,exp,2152501,0.03083,434.5,459,-0.07913797659940776,No substantial change
AB42,exp,2153501,0.031353,426.5,437,-0.03508753818230815,No substantial change
AB42,exp,2154501,0.031875,359,409,-0.1881169991186975,No substantial change
AB42,exp,2155501,0.032398,352,390.5,-0.14974711950468203,No substantial change
AB42,exp,2156501,0.03292,373,415.5,-0.15567284651510668,No substantial change
AB42,exp,2157501,0.033443,376,396.5,-0.07658820402634109,No substantial change
AB42,exp,2158501,0.033965,327.5,385.5,-0.2352359534902217,No substantial change
AB42,exp,2159501,0.034488,334.5,389.5,-0.21961711742020834,No substantial change
AB42,exp,2160501,0.03501,357,394.5,-0.1441012259843589,No substantial change
AB42,exp,2161501,0.035533,384,409,-0.09099453222059264,No substantial change
AB42,exp,2162501,0.036055,413,414,-0.0034889860798798843,No substantial change
AB42,exp,2163501,0.036578,392.5,406,-0.04878707340618694,No substantial change
AB42,exp,2164501,0.037101,373.5,372,0.005805621681205884,No substantial change
AB42,exp,2165501,0.037623,347.5,368,-0.08269278844614318,No substantial change
AB42,exp,2166501,0.038146,329.5,345,-0.06631789665747966,No substantial change
AB42,exp,2167501,0.038668,326,398.5,-0.28970775975939417,No substantial change
AB42,exp,2168501,0.039191,331.5,380,-0.1969905482183601,No substantial change
AB42,exp,2169501,0.039713,419.5,440,-0.06883271308483642,No substantial change
AB42,exp,2170501,0.040236,409,441.5,-0.11031259470671716,No substantial change
AB42,exp,2171501,0.040758,415.5,430.5,-0.05116476062649954,No substantial change
AB42,exp,2172501,0.041281,358.5,354,0.01822375861890725,No substantial change
AB42,exp,2173501,0.041803,452,430.5,0.07030953501834378,No substantial change
AB42,exp,2174501,0.042326,513.5,442,0.21631790692676364,No substantial change
AB42,exp,2175501,0.042849,388,377,0.041492128918463364,No substantial change
AB42,exp,2176501,0.043371,427,450,-0.07568893159654667,No substantial change
AB42,exp,2177501,0.043894,321,351,-0.1288977331822576,No substantial change
AB42,exp,2178501,0.044416,312,333,-0.09397614820901384,No substantial change
AB42,exp,2179501,0.044939,322,371.5,-0.20630152242397928,No substantial change
AB42,exp,2180501,0.045461,359.5,407.5,-0.18080828867914206,No substantial change
AB42,exp,2181501,0.045984,300.5,338,-0.1696582555709988,No substantial change
AB42,exp,2182501,0.046506,340.5,377.5,-0.14882184620037012,No substantial change
AB42,exp,2183501,0.047029,511.5,477,0.10074497373981724,No substantial change
AB42,exp,2184501,0.047551,344,379,-0.13978928346899372,No substantial change
AB42,exp,2185501,0.048074,331.5,364.5,-0.13690994421434938,No substantial change
AB42,exp,2186501,0.048596,403.5,417.5,-0.04920752408363424,No substantial change
AB42,exp,2187501,0.049119,449,427,0.07247937512065664,No substantial change
AB42,exp,2188501,0.049642,511,451.5,0.1785973034567631,No substantial change
AB42,exp,2189501,0.050164,475,410.5,0.21054529144050527,No substantial change
AB42,exp,2190501,0.050687,331,407.5,-0.29996884231122223,No substantial change
AB42,exp,2191501,0.051209,361,382.5,-0.08346091069284317,No substantial change
AB42,exp,2192501,0.051732,358.5,400.5,-0.15982912370680544,No substantial change
AB42,exp,2193501,0.052254,429.5,452.5,-0.07525966083210417,No substantial change
AB42,exp,2194501,0.052777,327.5,349,-0.09173212978483959,No substantial change
AB42,exp,2195501,0.053299,383.5,368.5,0.05756195840786378,No substantial change
AB42,exp,2196501,0.053822,332,340,-0.03435150479077704,No substantial change
AB42,exp,2197501,0.054344,349.5,373,-0.09388317487980143,No substantial change
AB42,exp,2198501,0.054867,305.5,366,-0.26067126846531297,No substantial change
AB42,exp,2199501,0.05539,353,387.5,-0.13452812689041954,No substantial change
AB42,exp,2200501,0.055912,439.5,414,0.08623239764407889,No substantial change
AB42,exp,2201501,0.056435,419,438,-0.06398062590182185,No substantial change
AB42,exp,2202501,0.056957,386,360.5,0.0986015880272579,No substantial change
AB42,exp,2203501,0.05748,313.5,346,-0.14230659483468575,No substantial change
AB42,exp,2204501,0.058002,395.5,398.5,-0.010902029517679887,No substantial change
AB42,exp,2205501,0.058525,356,362,-0.024112456116807544,No substantial change
AB42,exp,2206501,0.059047,381.5,368.5,0.05001843773946086,No substantial change
AB42,exp,2207501,0.05957,420,446,-0.08665438225418201,No substantial change
AB42,exp,2208501,0.060092,416,468.5,-0.1714655195180947,No substantial change
AB42,exp,2209501,0.060615,416.5,433,-0.05605052936117723,No substantial change
AB42,exp,2210501,0.061138,333.5,425.5,-0.3514723705013777,No substantial change
AB42,exp,2211501,0.06166,353,406.5,-0.20358716880384745,No substantial change
AB42,exp,2212501,0.062183,376.5,395,-0.06920278839253714,No substantial change
AB42,exp,2213501,0.062705,422,395,0.09539034564271975,No substantial change
AB42,exp,2214501,0.063228,373.5,356.5,0.06720616634534911,No substantial change
AB42,exp,2215501,0.06375,327,376.5,-0.20335922917384563,No substantial change
AB42,exp,2216501,0.064273,366.5,386.5,-0.07665521579103556,No substantial change
AB42,exp,2217501,0.064795,329,376,-0.19264507794239588,No substantial change
AB42,exp,2218501,0.065318,386,397.5,-0.04235401290363728,No substantial change
AB42,exp,2219501,0.06584,387.5,437.5,-0.1750867065580913,No substantial change
AB42,exp,2220501,0.066363,431.5,421,0.03554032611255888,No substantial change
AB42,exp,2221501,0.066885,375,400,-0.09310940439148147,No substantial change
AB42,exp,2222501,0.067408,348,368,-0.0806184602082846,No substantial change
AB42,exp,2223501,0.067931,355,369,-0.05580179166835162,No substantial change
AB42,exp,2224501,0.068453,376.5,406.5,-0.11060548740309957,No substantial change
AB42,exp,2225501,0.068976,413,362.5,0.18816078651714868,No substantial change
AB42,exp,2226501,0.069498,454.5,458.5,-0.012641439400947285,No substantial change
AB42,exp,2227501,0.070021,489,457.5,0.09606272178082897,No substantial change
AB42,exp,2228501,0.070543,404,455.5,-0.173095761050256,No substantial change
AB42,exp,2229501,0.071066,493,431.5,0.1922270871989565,No substantial change
AB42,exp,2230501,0.071588,570.5,449.5,0.3439057707742344,No substantial change
AB42,exp,2231501,0.072111,471.5,389.5,0.27563444261342734,No substantial change
AB42,exp,2232501,0.072633,672.5,485,0.47154952036949643,No substantial change
AB42,exp,2233501,0.073156,460,397.5,0.21067900077265747,No substantial change
AB42,exp,2234501,0.073679,394,429.5,-0.12446250168208736,No substantial change
AB42,exp,2235501,0.074201,458.5,411,0.1577833399133715,No substantial change
AB42,exp,2236501,0.074724,453,377.5,0.2630344058337938,No substantial change
AB42,exp,2237501,0.075246,452,377,0.26175824914652335,No substantial change
AB42,exp,2238501,0.075769,558.5,443,0.33425058192829654,No substantial change
AB42,exp,2239501,0.076291,427,434,-0.02345897282398891,No substantial change
AB42,exp,2240501,0.076814,372,297,0.32483969030726567,No substantial change
AB42,exp,2241501,0.077336,465.5,366.5,0.34496796942498176,No substantial change
AB42,exp,2242501,0.077859,353,336,0.07120695049242005,No substantial change
AB42,exp,2243501,0.078381,359.5,301.5,0.253833768539213,No substantial change
AB42,exp,2244501,0.078904,473.5,330.5,0.5187141539606933,No substantial change
AB42,exp,2245501,0.079426,393,329.5,0.25425084725055475,No substantial change
AB42,exp,2246501,0.079949,422.5,333,0.3434291640982845,No substantial change
AB42,exp,2247501,0.080472,583.5,404.5,0.5285929532773707,No substantial change
AB42,exp,2248501,0.080994,494,415.5,0.24966256481433327,No substantial change
AB42,exp,2249501,0.081517,408,437,-0.09906412752910279,No substantial change
AB42,exp,2250501,0.082039,395.5,425,-0.10378514655227235,No substantial change
AB42,exp,2251501,0.082562,393.5,401,-0.027238600947433907,No substantial change
AB42,exp,2252501,0.083084,383,387,-0.01498917421945319,No substantial change
AB42,exp,2253501,0.083607,412.5,394,0.06619848967680195,No substantial change
AB42,exp,2254501,0.084129,497.5,430,0.21035986584155097,No substantial change
AB42,exp,2255501,0.084652,448.5,433.5,0.04907599169742634,No substantial change
AB42,exp,2256501,0.085174,386,444,-0.20195882908202553,No substantial change
AB42,exp,2257501,0.085697,344.5,378.5,-0.13578931728144036,No substantial change
AB42,exp,2258501,0.08622,398.5,420,-0.07580960367565093,No substantial change
AB42,exp,2259501,0.086742,372,393,-0.07922669115057504,No substantial change
AB42,exp,2260501,0.087265,386,408,-0.07996830470341522,No substantial change
AB42,exp,2261501,0.087787,356,355.5,0.0020276813469825494,No substantial change
AB42,exp,2262501,0.08831,418.5,395,0.08337496948587861,No substantial change
AB42,exp,2263501,0.088832,462.5,396,0.223952935324065,No substantial change
AB42,exp,2264501,0.089355,472.5,436.5,0.11433267547899487,No substantial change
AB42,exp,2265501,0.089877,443.5,409,0.11683326135931502,No substantial change
AB42,exp,2266501,0.0904,481.5,325,0.5670960799276424,No substantial change
AB42,exp,2267501,0.090922,434.5,321.5,0.43453743948645285,No substantial change
AB42,exp,2268501,0.091445,333,266.5,0.3213866443120862,No substantial change
AB42,exp,2269501,0.091968,391.5,346.5,0.17615695515382698,No substantial change
AB42,exp,2270501,0.09249,380,359.5,0.08000764789165014,No substantial change
AB42,exp,2271501,0.093013,396.5,350.5,0.17790642169335524,No substantial change
AB42,exp,2272501,0.093535,411.5,340.5,0.27323763240955456,No substantial change
AB42,exp,2273501,0.094058,366.5,353,0.05414501486263152,No substantial change
AB42,exp,2274501,0.09458,352.5,330,0.09515723304034003,No substantial change
AB42,exp,2275501,0.095103,351,330.5,0.08682075879686894,No substantial change
AB42,exp,2276501,0.095625,404,308.5,0.3890848036023768,No substantial change
AB42,exp,2277501,0.096148,419.5,307,0.4504321550696438,No substantial change
AB42,exp,2278501,0.09667,415,338.5,0.2939555026592904,No substantial change
AB42,exp,2279501,0.097193,378.5,327,0.21100266448764898,No substantial change
AB42,exp,2280501,0.097715,378,326.5,0.2113032426746419,No substantial change
AB42,exp,2281501,0.098238,384.5,338,0.1859603516796423,No substantial change
AB42,exp,2282501,0.098761,394,345,0.19159926779084477,No substantial change
AB42,exp,2283501,0.099283,380.5,418,-0.13560648857733731,No substantial change
AB42,exp,2284501,0.099806,366.5,383,-0.06353119379114529,No substantial change
AB42,exp,2285501,0.100328,371,398.5,-0.1031605373696684,No substantial change
AB42,exp,2286501,0.100851,380,383.5,-0.013227159171985605,No substantial change
AB42,exp,2287501,0.101373,476,462.5,0.04150820790426893,No substantial change
AB42,exp,2288501,0.101896,379.5,448,-0.23939884664213776,No substantial change
AB42,exp,2289501,0.102418,425.5,456,-0.09987469247877905,No substantial change
AB42,exp,2290501,0.102941,441,465,-0.0764520604378732,No substantial change
AB42,exp,2291501,0.103463,495,472,0.06864166560513069,No substantial change
AB42,exp,2292501,0.103986,572.5,461.5,0.31094504533853207,No substantial change
AB42,exp,2293501,0.104509,547.5,390.5,0.48753641634655653,No substantial change
AB42,exp,2294501,0.105031,628,411,0.6116261652099441,No substantial change
AB42,exp,2295501,0.105554,535,384,0.4784325805673532,No substantial change
AB42,exp,2296501,0.106076,452,423,0.09566510929523796,No substantial change
AB42,exp,2297501,0.106599,487.5,407.5,0.2586021595185331,No substantial change
AB42,exp,2298501,0.107121,472,373.5,0.33767861657260406,No substantial change
AB42,exp,2299501,0.107644,428.5,404.5,0.08315550168252239,No substantial change
AB42,exp,2300501,0.108166,348,324.5,0.10086882784958968,No substantial change
AB42,exp,2301501,0.108689,324,342.5,-0.08011017496326438,No substantial change
AB42,exp,2302501,0.109211,353,382,-0.11390445476456848,No substantial change
AB42,exp,2303501,0.109734,339,341.5,-0.010600305153746614,No substantial change
AB42,exp,2304501,0.110257,394,340.5,0.21054083144430524,No substantial change
AB42,exp,2305501,0.110779,374.5,310,0.2726975031845134,No substantial change
AB42,exp,2306501,0.111302,370,319,0.21396884675144281,No substantial change
AB42,exp,2307501,0.111824,347.5,321.5,0.11219424028292241,No substantial change
AB42,exp,2308501,0.112347,359.5,273,0.39709081951944536,No substantial change
AB42,exp,2309501,0.112869,291.5,248,0.2331557628136211,No substantial change
AB42,exp,2310501,0.113392,387,335,0.2081724707992756,No substantial change
AB42,exp,2311501,0.113914,370,313.5,0.23905982771427323,No substantial change
AB42,exp,2312501,0.114437,390.5,313,0.3191598912093609,No substantial change
AB42,exp,2313501,0.114959,434,354,0.2939456823614818,No substantial change
AB42,exp,2314501,0.115482,384.5,303.5,0.3412870817061446,No substantial change
AB42,exp,2315501,0.116004,446.5,328,0.4449643605031392,No substantial change
AB42,exp,2316501,0.116527,472,404.5,0.22264715693186374,No substantial change
AB42,exp,2317501,0.11705,547,433.5,0.33550883957072164,No substantial change
AB42,exp,2318501,0.117572,501,452,0.1484878307800207,No substantial change
AB42,exp,2319501,0.118095,486.5,432,0.17140849261764304,No substantial change
AB42,exp,2320501,0.118617,433,472.5,-0.12594730438171003,No substantial change
AB42,exp,2321501,0.11914,525.5,437.5,0.26440774724248717,No substantial change
AB42,exp,2322501,0.119662,518.5,409.5,0.340480537172217,No substantial change
AB42,exp,2323501,0.120185,389,349,0.1565431187765397,No substantial change
AB42,exp,2324501,0.120707,441,359,0.29679481173446937,No substantial change
AB42,exp,2325501,0.12123,408.5,430.5,-0.07567715925116059,No substantial change
AB42,exp,2326501,0.121752,506,434.5,0.21978120787990993,No substantial change
AB42,exp,2327501,0.122275,547.5,445.5,0.29743353296661384,No substantial change
AB42,exp,2328501,0.122798,400.5,395,0.019949589344244952,No substantial change
AB42,exp,2329501,0.12332,441.5,404.5,0.12627373521848842,No substantial change
AB42,exp,2330501,0.123843,450.5,381,0.2417361083202166,No substantial change
AB42,exp,2331501,0.124365,422,426,-0.013610431518653144,No substantial change
AB42,exp,2332501,0.124888,390.5,425,-0.12214029288308478,No substantial change
AB42,exp,2333501,0.12541,403.5,402.5,0.003579890275801069,No substantial change
AB42,exp,2334501,0.125933,371.5,408.5,-0.13697386760708727,No substantial change
AB42,exp,2335501,0.126455,464.5,443.5,0.06674449208158893,No substantial change
AB42,exp,2336501,0.126978,464,460,0.01249094418319683,No substantial change
AB42,exp,2337501,0.1275,551.5,459.5,0.26329602430234816,No substantial change
AB42,exp,2338501,0.128023,402.5,429,-0.09198886449756621,No substantial change
AB42,exp,2339501,0.128546,434,478,-0.13931557553626928,No substantial change
AB42,exp,2340501,0.129068,532,457.5,0.21765450232978487,No substantial change
AB42,exp,2341501,0.129591,478,410,0.22138670847530242,No substantial change
AB42,exp,2342501,0.130113,470,475.5,-0.016784584295563773,No substantial change
AB42,exp,2343501,0.130636,448.5,431,0.05742011583016314,No substantial change
AB42,exp,2344501,0.131158,367.5,353.5,0.05603403491432795,No substantial change
AB42,exp,2345501,0.131681,355.5,351,0.01837852931485452,No substantial change
AB42,exp,2346501,0.132203,366,341,0.1020719092598699,No substantial change
AB42,exp,2347501,0.132726,375,393.5,-0.06947304012424314,No substantial change
AB42,exp,2348501,0.133248,401,413,-0.04253954496452502,No substantial change
AB42,exp,2349501,0.133771,419.5,413.5,0.020783481268548627,No substantial change
AB42,exp,2350501,0.134293,370.5,359.5,0.04348177186653606,No substantial change
AB42,exp,2351501,0.134816,364.5,362,0.009929117243731663,No substantial change
AB42,exp,2352501,0.135339,408,380.5,0.10067269846795013,No substantial change
AB42,exp,2353501,0.135861,380.5,411,-0.1112419401781374,No substantial change
AB42,exp,2354501,0.136384,382.5,410.5,-0.10192247419779073,No substantial change
AB42,exp,2355501,0.136906,331,375.5,-0.18198169070705406,No substantial change
AB42,exp,2356501,0.137429,424.5,433.5,-0.030267439668796473,No substantial change
AB42,exp,2357501,0.137951,377.5,394.5,-0.06354865580101722,No substantial change
AB42,exp,2358501,0.138474,352,383,-0.12176896328765976,No substantial change
AB42,exp,2359501,0.138996,389.5,413.5,-0.0862640011096055,No substantial change
AB42,exp,2360501,0.139519,402,437.5,-0.1220875155407626,No substantial change
AB42,exp,2361501,0.140041,367,370,-0.0117452076730994,No substantial change
AB42,exp,2362501,0.140564,414,418.5,-0.015596855051018503,No substantial change
AB42,exp,2363501,0.141087,372,409,-0.13679822183371748,No substantial change
AB42,exp,2364501,0.141609,395,386.5,0.03138423913961798,No substantial change
AB42,exp,2365501,0.142132,394.5,389.5,0.018401971951789494,No substantial change
AB42,exp,2366501,0.142654,342.5,393,-0.19842532441071742,No substantial change
AB42,exp,2367501,0.143177,380,441.5,-0.21641401931751825,No substantial change
AB42,exp,2368501,0.143699,372,395.5,-0.08837507336476041,No substantial change
AB42,exp,2369501,0.144222,325.5,390,-0.2608165805839751,No substantial change
AB42,exp,2370501,0.144744,350.5,375.5,-0.09939846350364853,No substantial change
AB42,exp,2371501,0.145267,379.5,382,-0.00947275262028237,No substantial change
AB42,exp,2372501,0.145789,369.5,384.5,-0.05740923381567559,No substantial change
AB42,exp,2373501,0.146312,353,399,-0.17672056295116548,No substantial change
AB42,exp,2374501,0.146835,400.5,374,0.09876397252107338,No substantial change
AB42,exp,2375501,0.147357,404,408,-0.014213859219700802,No substantial change
AB42,exp,2376501,0.14788,330.5,395.5,-0.2590274229651001,No substantial change
AB42,exp,2377501,0.148402,391.5,403,-0.04176753123692669,No substantial change
AB42,exp,2378501,0.148925,392,367.5,0.09310940439148145,No substantial change
AB42,exp,2379501,0.149447,376.5,391,-0.054518742635424146,No substantial change
AB42,exp,2380501,0.14997,365.5,393.5,-0.10649222955504913,No substantial change
AB42,exp,2381501,0.150492,383,443,-0.20996230663006119,No substantial change
AB42,exp,2382501,0.151015,371.5,379.5,-0.03073767487687001,No substantial change
AB42,exp,2383501,0.151537,350.5,396,-0.1760859860689865,No substantial change
AB42,exp,2384501,0.15206,378,387,-0.03394733192333771,No substantial change
AB42,exp,2385501,0.152582,474,455,0.059020513812200595,No substantial change
AB42,exp,2386501,0.153105,317,359,-0.1795010036836441,No substantial change
AB42,exp,2387501,0.153628,337,385.5,-0.1939822687331758,No substantial change
AB42,exp,2388501,0.15415,360.5,382.5,-0.08546048833919166,No substantial change
AB42,exp,2389501,0.154673,346.5,343,0.014646775964401261,No substantial change
AB42,exp,2390501,0.155195,539,485,0.1523005256780155,No substantial change
AB42,exp,2391501,0.155718,440,410,0.10187961401921365,No substantial change
AB42,exp,2392501,0.15624,418.5,447.5,-0.09666005960127508,No substantial change
AB42,exp,2393501,0.156763,364.5,417.5,-0.19585738303447753,No substantial change
AB42,exp,2394501,0.157285,386.5,432,-0.16056289823862113,No substantial change
AB42,exp,2395501,0.157808,369,422.5,-0.1953305251091506,No substantial change
AB42,exp,2396501,0.15833,401.5,410.5,-0.0319822342604903,No substantial change
AB42,exp,2397501,0.158853,423,399,0.08426891689760395,No substantial change
AB42,exp,2398501,0.159376,323,379.5,-0.23256572072154133,No substantial change
AB42,exp,2399501,0.159898,354.5,420,-0.2446037004266065,No substantial change
AB42,exp,2400501,0.160421,364.5,443,-0.28138788422808125,No substantial change
AB42,exp,2401501,0.160943,362,402.5,-0.15299908591877395,No substantial change
AB42,exp,2402501,0.161466,333,380.5,-0.19237427643228325,No substantial change
AB42,exp,2403501,0.161988,316,379.5,-0.2641753272383634,No substantial change
AB42,exp,2404501,0.162511,330,399,-0.27392272197653006,No substantial change
AB42,exp,2405501,0.163033,383,427.5,-0.15858002784830316,No substantial change
AB42,exp,2406501,0.163556,346.5,411,-0.24628304154446912,No substantial change
AB42,exp,2407501,0.164078,310.5,374,-0.2684450016671553,No substantial change
AB42,exp,2408501,0.164601,311,381,-0.29287641736271947,No substantial change
AB42,exp,2409501,0.165124,337,412.5,-0.2916455279513196,No substantial change
AB42,exp,2410501,0.165646,392.5,414,-0.07693811372033589,No substantial change
AB42,exp,2411501,0.166169,340.5,352.5,-0.04996845927408481,No substantial change
AB42,exp,2412501,0.166691,297,369.5,-0.31511143334538505,No substantial change
AB42,exp,2413501,0.167214,358,423.5,-0.24240238206794212,No substantial change
AB42,exp,2414501,0.167736,385,378.5,0.02456514559653213,No substantial change
AB42,exp,2415501,0.168259,389,423,-0.12088750813375782,No substantial change
AB42,exp,2416501,0.168781,408.5,437,-0.09729720135491486,No substantial change
AB42,exp,2417501,0.169304,474.5,446,0.08936437710080468,No substantial change
AB42,exp,2418501,0.169826,470,467.5,0.0076943917900007385,No substantial change
AB42,exp,2419501,0.170349,359,404.5,-0.17215585860692628,No substantial change
AB42,exp,2420501,0.170871,341.5,364.5,-0.09403323603684664,No substantial change
AB42,exp,2421501,0.171394,405.5,390.5,0.05437936607529364,No substantial change
AB42,exp,2422501,0.171917,390.5,383.5,0.02609597063904595,No substantial change
AB42,exp,2423501,0.172439,360,408.5,-0.1823391718160087,No substantial change
AB42,exp,2424501,0.172962,323,366.5,-0.1822790334398869,No substantial change
AB42,exp,2425501,0.173484,368,366.5,0.005892567923201158,No substantial change
AB42,exp,2426501,0.174007,461,419.5,0.13609593998951477,No substantial change
AB42,exp,2427501,0.174529,350,346.5,0.014499569695115169,No substantial change
AB42,exp,2428501,0.175052,518.5,428.5,0.2750487847007258,No substantial change
AB42,exp,2429501,0.175574,705.5,502.5,0.48952248653097324,No substantial change
AB42,exp,2430501,0.176097,602.5,490.5,0.29670810489808513,No substantial change
AB42,exp,2431501,0.176619,310.5,391.5,-0.3344190390705592,No substantial change
AB42,exp,2432501,0.177142,294.5,363,-0.3017019141652899,No substantial change
AB42,exp,2433501,0.177665,304,364,-0.2598671267551107,No substantial change
AB42,exp,2434501,0.178187,399.5,402,-0.008999998250951833,No substantial change
AB42,exp,2435501,0.17871,378,420.5,-0.1537195660340716,No substantial change
AB42,exp,2436501,0.179232,345.5,395.5,-0.19499198408453322,No substantial change
AB42,exp,2437501,0.179755,326,377.5,-0.21160467998136379,No substantial change
AB42,exp,2438501,0.180277,448,463,-0.04751346120263223,No substantial change
AB42,exp,2439501,0.1808,364.5,414.5,-0.1854532871688133,No substantial change
AB42,exp,2440501,0.181322,380.5,435.5,-0.19477626509531915,No substantial change
AB42,exp,2441501,0.181845,388.5,372.5,0.060674173058186,No substantial change
AB42,exp,2442501,0.182367,428.5,413,0.05315342269305456,No substantial change
AB42,exp,2443501,0.18289,372,393.5,-0.081061014399455,No substantial change
AB42,exp,2444501,0.183413,371.5,421,-0.18045802252779977,No substantial change
AB42,exp,2445501,0.183935,362,420.5,-0.21611610317193886,No substantial change
AB42,exp,2446501,0.184458,355,404.5,-0.18832067803793312,No substantial change
AB42,exp,2447501,0.18498,356.5,386.5,-0.11656633748095936,No substantial change
AB42,exp,2448501,0.185503,341.5,396,-0.2136148517895192,No substantial change
AB42,exp,2449501,0.186025,397,410.5,-0.04824321463484708,No substantial change
AB42,exp,2450501,0.186548,346.5,397,-0.19628365500574405,No substantial change
AB42,exp,2451501,0.18707,343.5,383.5,-0.1589164786848333,No substantial change
AB42,exp,2452501,0.187593,347.5,387,-0.15532058853354053,No substantial change
AB42,exp,2453501,0.188115,427,442,-0.04981029977094117,No substantial change
AB42,exp,2454501,0.188638,358,386.5,-0.11050882666059095,No substantial change
AB42,exp,2455501,0.18916,356.5,392.5,-0.13879057733510125,No substantial change
AB42,exp,2456501,0.189683,380,400.5,-0.0758028240777623,No substantial change
AB42,exp,2457501,0.190206,346.5,433,-0.3215116725895112,No substantial change
AB42,exp,2458501,0.190728,388.5,395,-0.023938054656755168,No substantial change
AB42,exp,2459501,0.191251,353.5,397.5,-0.1692446453623188,No substantial change
AB42,exp,2460501,0.191773,291.5,358.5,-0.29847723550140837,No substantial change
AB42,exp,2461501,0.192296,295,366,-0.31112869403483884,No substantial change
AB42,exp,2462501,0.192818,347.5,360,-0.050983928718804916,No substantial change
AB42,exp,2463501,0.193341,319.5,412.5,-0.3685781881861837,No substantial change
AB42,exp,2464501,0.193863,362,398.5,-0.13859002690726643,No substantial change
AB42,exp,2465501,0.194386,366.5,407,-0.1512155961324351,No substantial change
AB42,exp,2466501,0.194908,387.5,427.5,-0.1417281096116603,No substantial change
AB42,exp,2467501,0.195431,333.5,360.5,-0.11231249805623744,No substantial change
AB42,exp,2468501,0.195954,348,335.5,0.05277453964854485,No substantial change
AB42,exp,2469501,0.196476,386,391.5,-0.020411460022960203,No substantial change
AB42,exp,2470501,0.196999,456.5,464.5,-0.025063736398430868,No substantial change
AB42,exp,2471501,0.197521,343.5,395,-0.2015425542463652,No substantial change
AB42,exp,2472501,0.198044,322.5,390.5,-0.2760233878313629,No substantial change
AB42,exp,2473501,0.198566,332,348,-0.06790406450180363,No substantial change
AB42,exp,2474501,0.199089,338.5,405,-0.2587660741969903,No substantial change
AB42,exp,2475501,0.199611,328.5,364,-0.14804507987636664,No substantial change
AB42,exp,2476501,0.200134,365.5,405,-0.14805050181954973,No substantial change
AB42,exp,2477501,0.200656,317.5,371.5,-0.22660561887906802,No substantial change
AB42,exp,2478501,0.201179,332,410,-0.30444066815852117,No substantial change
AB42,exp,2479501,0.201702,356,406,-0.1896024862187784,No substantial change
AB42,exp,2480501,0.202224,382,400.5,-0.06822960437296142,No substantial change
AB42,exp,2481501,0.202747,346,390,-0.17270208611288612,No substantial change
AB42,exp,2482501,0.203269,385,433.5,-0.17117354763957124,No substantial change
AB42,exp,2483501,0.203792,302,364,-0.26938990087361725,No substantial change
AB42,exp,2484501,0.204314,317,376.5,-0.24816702453252087,No substantial change
AB42,exp,2485501,0.204837,351,403,-0.19930880822340666,No substantial change
AB42,exp,2486501,0.205359,318.5,385,-0.27356507332596336,No substantial change
AB42,exp,2487501,0.205882,298.5,377,-0.33683359200385937,No substantial change
AB42,exp,2488501,0.206404,328.5,351,-0.0955776599822311,No substantial change
AB42,exp,2489501,0.206927,356,439,-0.3023436985689605,No substantial change
AB42,exp,2490501,0.207449,278.5,360,-0.3703195789896429,No substantial change
AB42,exp,2491501,0.207972,357.5,344,0.055534676963653766,No substantial change
AB42,exp,2492501,0.208495,374.5,389.5,-0.0566576096029181,No substantial change
AB42,exp,2493501,0.209017,322.5,380.5,-0.23859729319292905,No substantial change
AB42,exp,2494501,0.20954,296.5,374,-0.33500616534163313,No substantial change
AB42,exp,2495501,0.210062,352.5,415,-0.23548807894813117,No substantial change
AB42,exp,2496501,0.210585,377,380,-0.011434895062283595,No substantial change
AB42,exp,2497501,0.211107,344.5,389.5,-0.17711934535737775,No substantial change
AB42,exp,2498501,0.21163,325.5,392,-0.26819611094957263,No substantial change
AB42,exp,2499501,0.212152,406,433.5,-0.09455226603665878,No substantial change
AB42,exp,2500501,0.212675,314.5,417.5,-0.4087161804821253,No substantial change
AB42,exp,2501501,0.213197,320.5,392.5,-0.29236829716024826,No substantial change
AB42,exp,2502501,0.21372,313.5,376,-0.2622672188755984,No substantial change
AB42,exp,2503501,0.214243,309,373,-0.27156879235086323,No substantial change
AB42,exp,2504501,0.214765,301,363.5,-0.27219187715989224,No substantial change
AB42,exp,2505501,0.215288,272.5,339,-0.3150290434720553,No substantial change
AB42,exp,2506501,0.21581,313.5,403.5,-0.3641032304757415,No substantial change
AB42,exp,2507501,0.216333,564.5,544.5,0.05204153205609407,No substantial change
AB42,exp,2508501,0.216855,374.5,420,-0.1654236092073715,No substantial change
AB42,exp,2509501,0.217378,367.5,415.5,-0.17710422704661774,No substantial change
AB42,exp,2510501,0.2179,422,439.5,-0.05862016643621892,No substantial change
AB42,exp,2511501,0.218423,421,468,-0.1526882965170084,No substantial change
AB42,exp,2512501,0.218945,316,390.5,-0.30539798996487644,No substantial change
AB42,exp,2513501,0.219468,349.5,424.5,-0.28047209817760216,No substantial change
AB42,exp,2514501,0.219991,358.5,388,-0.11408353348522286,No substantial change
AB42,exp,2515501,0.220513,358,392.5,-0.1327330665147329,No substantial change
AB42,exp,2516501,0.221036,339.5,373,-0.1357640560105059,No substantial change
AB42,exp,2517501,0.221558,283.5,352,-0.3122266936950684,No substantial change
AB42,exp,2518501,0.222081,333,401.5,-0.26987781044605236,No substantial change
AB42,exp,2519501,0.222603,332.5,375,-0.1735362549946912,No substantial change
AB42,exp,2520501,0.223126,367,464,-0.3383447422843594,No substantial change
AB42,exp,2521501,0.223648,339,365,-0.10661119063103575,No substantial change
AB42,exp,2522501,0.224171,379.5,356.5,0.09019780897157816,No substantial change
AB42,exp,2523501,0.224693,345.5,384.5,-0.15429788757356808,No substantial change
AB42,exp,2524501,0.225216,336,385,-0.1963972128035035,No substantial change
AB42,exp,2525501,0.225738,294.5,374,-0.3447706360571759,No substantial change
AB42,exp,2526501,0.226261,312,368.5,-0.24011859023282128,No substantial change
AB42,exp,2527501,0.226784,360,397.5,-0.14295795384204296,No substantial change
AB42,exp,2528501,0.227306,382.5,417.5,-0.12631644978140044,No substantial change
AB42,exp,2529501,0.227829,351,403.5,-0.20109764297321958,No substantial change
AB42,exp,2530501,0.228351,319.5,384,-0.26529037977416176,No substantial change
AB42,exp,2531501,0.228874,358.5,421,-0.23184711436449143,No substantial change
AB42,exp,2532501,0.229396,320.5,388,-0.27573229556838674,No substantial change
AB42,exp,2533501,0.229919,316,375,-0.2469660372061403,No substantial change
AB42,exp,2534501,0.230441,286.5,348,-0.2805521670918234,No substantial change
AB42,exp,2535501,0.230964,281,344.5,-0.2939338524833652,No substantial change
AB42,exp,2536501,0.231486,269.5,340,-0.33524947338519634,No substantial change
AB42,exp,2537501,0.232009,295,393,-0.41381435800940286,No substantial change
AB42,exp,2538501,0.232532,294,414,-0.49381461266296073,No substantial change
AB42,exp,2539501,0.233054,319,391.5,-0.29545588352617136,No substantial change
AB42,exp,2540501,0.233577,329,355.5,-0.11176197588417383,No substantial change
AB42,exp,2541501,0.234099,348.5,333,0.06563647879716081,No substantial change
AB42,exp,2542501,0.234622,393.5,415.5,-0.07848484126285814,No substantial change
AB42,exp,2543501,0.235144,478.5,413.5,0.2106315953147509,No substantial change
AB42,exp,2544501,0.235667,350,405.5,-0.2123469923849442,No substantial change
AB42,exp,2545501,0.236189,317,378,-0.25390339408166546,No substantial change
AB42,exp,2546501,0.236712,290,359,-0.30793094380811686,No substantial change
AB42,exp,2547501,0.237234,413.5,450.5,-0.12363977664226382,No substantial change
AB42,exp,2548501,0.237757,342.5,402,-0.2310915133310395,No substantial change
AB42,exp,2549501,0.238279,327.5,380.5,-0.21640154707873288,No substantial change
AB42,exp,2550501,0.238802,334.5,415.5,-0.3128422661288836,No substantial change
AB42,exp,2551501,0.239325,344,399.5,-0.21578693822587874,No substantial change
AB42,exp,2552501,0.239847,429,449,-0.06573779724160132,No substantial change
AB42,exp,2553501,0.24037,370,433,-0.2268417542104127,No substantial change
AB42,exp,2554501,0.240892,343.5,387,-0.17202346732631016,No substantial change
AB42,exp,2555501,0.241415,336,389.5,-0.21316209528290894,No substantial change
AB42,exp,2556501,0.241937,318.5,372.5,-0.22594705309322347,No substantial change
AB42,exp,2557501,0.24246,456.5,502.5,-0.13850873608206893,No substantial change
AB42,exp,2558501,0.242982,344.5,432,-0.3265273294591772,No substantial change
AB42,exp,2559501,0.243505,344,407,-0.2426202295641491,No substantial change
AB42,exp,2560501,0.244027,321,384,-0.25853301359885306,No substantial change
AB42,exp,2561501,0.24455,326,339.5,-0.05853961001365419,No substantial change
AB42,exp,2562501,0.245073,352,355.5,-0.014274130982117965,No substantial change
AB42,exp,2563501,0.245595,316.5,363,-0.1977640485674094,No substantial change
AB42,exp,2564501,0.246118,351,409.5,-0.22239242133644802,No substantial change
AB42,exp,2565501,0.24664,382,428,-0.1640381583653982,No substantial change
AB42,exp,2566501,0.247163,439.5,444,-0.014696511206701837,No substantial change
AB42,exp,2567501,0.247685,419,402.5,0.05796146069737216,No substantial change
AB42,exp,2568501,0.248208,318,375,-0.2378638300988879,No substantial change
AB42,exp,2569501,0.24873,349,400,-0.19677296356507237,No substantial change
AB42,exp,2570501,0.249253,335.5,422.5,-0.3326385749693631,No substantial change
AB42,exp,2571501,0.249775,337.5,406,-0.26659222524698306,No substantial change
AB42,exp,2572501,0.250298,356,412,-0.21076709621682072,No substantial change
AB42,exp,2573501,0.250821,353,407,-0.20536061099506672,No substantial change
AB42,exp,2574501,0.251343,343.5,415.5,-0.27453837795224445,No substantial change
AB42,exp,2575501,0.251866,358.5,399.5,-0.15622238422607207,No substantial change
AB42,exp,2576501,0.252388,275,367.5,-0.4183126313117047,No substantial change
AB42,exp,2577501,0.252911,317,391,-0.3026857671679451,No substantial change
AB42,exp,2578501,0.253433,332,390.5,-0.23413930679505457,No substantial change
AB42,exp,2579501,0.253956,453,489,-0.11032341490599867,No substantial change
AB42,exp,2580501,0.254478,363,397,-0.12916945914720712,No substantial change
AB42,exp,2581501,0.255001,334.5,394.5,-0.23801908937199756,No substantial change
AB42,exp,2582501,0.255523,336.5,372,-0.14469611649771436,No substantial change
AB42,exp,2583501,0.256046,318.5,375.5,-0.23751953525797134,No substantial change
AB42,exp,2584501,0.256568,337,427,-0.3414874784386319,No substantial change
AB42,exp,2585501,0.257091,300.5,375.5,-0.32144791680308626,No substantial change
AB42,exp,2586501,0.257614,378.5,498,-0.39585244208234927,No substantial change
AB42,exp,2587501,0.258136,388,438.5,-0.17652019025760537,No substantial change
AB42,exp,2588501,0.25865899999999997,355.5,374.5,-0.07511615883933585,No substantial change
AB42,exp,2589501,0.259181,383,423,-0.14331327119499268,No substantial change
AB42,exp,2590501,0.259704,286.5,350.5,-0.2908793052537183,No substantial change
AB42,exp,2591501,0.260226,300.5,359,-0.2566188531118659,No substantial change
AB42,exp,2592501,0.260749,387.5,458.5,-0.2427254234334545,No substantial change
AB42,exp,2593501,0.261271,311,394,-0.34128104932577374,No substantial change
AB42,exp,2594501,0.261794,314.5,413,-0.39308176454015625,No substantial change
AB42,exp,2595501,0.262316,389.5,431.5,-0.14773723111728582,No substantial change
AB42,exp,2596501,0.262839,308,392.5,-0.3497623030840879,No substantial change
AB42,exp,2597501,0.263362,295.5,376,-0.34757453150010487,No substantial change
AB42,exp,2598501,0.263884,286.5,379.5,-0.4055647466585615,No substantial change
AB42,exp,2599501,0.264407,379,399,-0.07419089805125408,No substantial change
AB42,exp,2600501,0.264929,309.5,372,-0.26536321189376666,No substantial change
AB42,exp,2601501,0.265452,318,386,-0.27957408198372496,No substantial change
AB42,exp,2602501,0.265974,373.5,402,-0.10608725838969156,No substantial change
AB42,exp,2603501,0.266497,344.5,368.5,-0.0971606363907784,No substantial change
AB42,exp,2604501,0.267019,374,420.5,-0.1690675303675076,No substantial change
AB42,exp,2605501,0.267542,324,441,-0.44478484267289575,No substantial change
AB42,exp,2606501,0.268064,352.5,395.5,-0.16605443718663598,No substantial change
AB42,exp,2607501,0.268587,328,399,-0.2826929316042622,No substantial change
AB42,exp,2608501,0.26911,328.5,377.5,-0.20058327389011169,No substantial change
AB42,exp,2609501,0.269632,345.5,411,-0.2504526832934243,No substantial change
AB42,exp,2610501,0.270155,394.5,444,-0.17053437633664748,No substantial change
AB42,exp,2611501,0.270677,417.5,432,-0.049255114802053905,No substantial change
AB42,exp,2612501,0.2712,353,400,-0.1803318165035445,No substantial change
AB42,exp,2613501,0.271722,445.5,486,-0.12553088208385899,No substantial change
AB42,exp,2614501,0.272245,325,434.5,-0.41891645889858325,No substantial change
AB42,exp,2615501,0.272767,383,451,-0.23578304133042383,No substantial change
AB42,exp,2616501,0.27329,340.5,409.5,-0.26620865362893736,No substantial change
AB42,exp,2617501,0.273812,326,372.5,-0.19236846111844633,No substantial change
AB42,exp,2618501,0.274335,364,437,-0.26369482930190213,No substantial change
AB42,exp,2619501,0.274857,313,381.5,-0.2855203999019122,No substantial change
AB42,exp,2620501,0.27538,329.5,395,-0.2615741880564135,No substantial change
AB42,exp,2621501,0.275903,301.5,338,-0.1648652443820996,No substantial change
AB42,exp,2622501,0.276425,311.5,366.5,-0.23458103510981007,No substantial change
AB42,exp,2623501,0.276948,320,421.5,-0.39746072605471994,No substantial change
AB42,exp,2624501,0.27747,500,495.5,0.013043037475598814,No substantial change
AB42,exp,2625501,0.277993,369,423,-0.19703684705955363,No substantial change
AB42,exp,2626501,0.278515,273.5,378.5,-0.46875246719317515,No substantial change
AB42,exp,2627501,0.279038,356,410.5,-0.205504980811407,No substantial change
AB42,exp,2628501,0.27956,374.5,398.5,-0.08961400553172079,No substantial change
AB42,exp,2629501,0.280083,396.5,459.5,-0.21274399558505616,No substantial change
AB42,exp,2630501,0.280605,312,350,-0.16580889297008042,No substantial change
AB42,exp,2631501,0.281128,279,378.5,-0.44002817815654405,No substantial change
AB42,exp,2632501,0.281651,350,431,-0.30033294725676923,No substantial change
AB42,exp,2633501,0.282173,349.5,389,-0.15447769961075544,No substantial change
AB42,exp,2634501,0.282696,310.5,366.5,-0.23921992991333046,No substantial change
AB42,exp,2635501,0.283218,326.5,372.5,-0.19015743380309313,No substantial change
AB42,exp,2636501,0.283741,345.5,369.5,-0.09688865375789245,No substantial change
AB42,exp,2637501,0.284263,303.5,360,-0.24630039007399263,No substantial change
AB42,exp,2638501,0.284786,282.5,350.5,-0.31116357670807315,No substantial change
AB42,exp,2639501,0.285308,285,338.5,-0.24819391452289263,No substantial change
AB42,exp,2640501,0.285831,327,369.5,-0.1762837286480685,No substantial change
AB42,exp,2641501,0.286353,258.5,320,-0.30790762457242765,No substantial change
AB42,exp,2642501,0.286876,306.5,332.5,-0.1174672666977704,No substantial change
AB42,exp,2643501,0.287399,368,370,-0.007819504459299177,No substantial change
AB42,exp,2644501,0.287921,357,424,-0.24814019053409955,No substantial change
AB42,exp,2645501,0.288444,303,352,-0.21625763516434626,No substantial change
AB42,exp,2646501,0.288966,311,377.5,-0.27956206408183876,No substantial change
AB42,exp,2647501,0.289489,287,331.5,-0.2079581334368999,No substantial change
AB42,exp,2648501,0.290011,287,361,-0.33094810021148324,No substantial change
AB42,exp,2649501,0.290534,332.5,404,-0.28100095236324285,No substantial change
AB42,exp,2650501,0.291056,346.5,384.5,-0.1501282458246128,No substantial change
AB42,exp,2651501,0.291579,335.5,402.5,-0.2626760168017957,No substantial change
AB42,exp,2652501,0.292101,319.5,413,-0.370325850472451,No substantial change
AB42,exp,2653501,0.292624,299,367,-0.29563457864510767,No substantial change
AB42,exp,2654501,0.293146,329,381.5,-0.21359547309928892,No substantial change
AB42,exp,2655501,0.293669,301,390.5,-0.3755590613822773,No substantial change
AB42,exp,2656501,0.294192,293.5,378.5,-0.3669327968756794,No substantial change
AB42,exp,2657501,0.294714,315,356.5,-0.1785502480566092,No substantial change
AB42,exp,2658501,0.295237,306.5,340.5,-0.15176772432128965,No substantial change
AB42,exp,2659501,0.295759,304.5,320.5,-0.07388212871240862,No substantial change
AB42,exp,2660501,0.296282,306.5,363.5,-0.24606829022881277,No substantial change
AB42,exp,2661501,0.296804,345.5,387,-0.16364785575615184,No substantial change
AB42,exp,2662501,0.297327,335,382.5,-0.19129865223487935,No substantial change
AB42,exp,2663501,0.297849,307.5,371,-0.2708327763942011,No substantial change
AB42,exp,2664501,0.298372,338,407,-0.26800554798406273,No substantial change
AB42,exp,2665501,0.298894,295,335.5,-0.18559781195097994,No substantial change
AB42,exp,2666501,0.299417,302,362.5,-0.263432445577218,No substantial change
AB42,exp,2667501,0.29994,323,390,-0.2719399590556857,No substantial change
AB42,exp,2668501,0.300462,336,362.5,-0.10951976212353644,No substantial change
AB42,exp,2669501,0.300985,293,349,-0.25232637178740436,No substantial change
AB42,exp,2670501,0.301507,356.5,389,-0.12586807854230384,No substantial change
AB42,exp,2671501,0.30203,393,419,-0.09242093144074506,No substantial change
AB42,exp,2672501,0.302552,295,337.5,-0.19417254768898956,No substantial change
AB42,exp,2673501,0.303075,291,317.5,-0.12573743875124432,No substantial change
AB42,exp,2674501,0.303597,273,338.5,-0.3102548826551443,No substantial change
AB42,exp,2675501,0.30412,350,368,-0.07235084422468406,No substantial change
AB42,exp,2676501,0.304642,293.5,360.5,-0.29663875613077034,No substantial change
AB42,exp,2677501,0.305165,314,349,-0.15246247731802526,No substantial change
AB42,exp,2678501,0.305688,358.5,397,-0.1471658884410531,No substantial change
AB42,exp,2679501,0.30621,316.5,368.5,-0.2194591196667284,No substantial change
AB42,exp,2680501,0.306733,333.5,387.5,-0.216509548977015,No substantial change
AB42,exp,2681501,0.307255,266,363.5,-0.4505291184184048,No substantial change
AB42,exp,2682501,0.307778,383.5,436,-0.185101557273993,No substantial change
AB42,exp,2683501,0.3083,432.5,474,-0.1321869263741721,No substantial change
AB42,exp,2684501,0.308823,361,449.5,-0.3163222786272763,No substantial change
AB42,exp,2685501,0.309345,282.5,384.5,-0.44473273065927654,No substantial change
AB42,exp,2686501,0.309868,345,430.5,-0.31941687573131267,No substantial change
AB42,exp,2687501,0.31039,414.5,449.5,-0.1169490140186969,No substantial change
AB42,exp,2688501,0.310913,363,384,-0.08113676272540549,No substantial change
AB42,exp,2689501,0.311435,347.5,401,-0.20658925884405047,No substantial change
AB42,exp,2690501,0.311958,508,435.5,0.22215577817330123,No substantial change
AB42,exp,2691501,0.312481,490,429,0.1918041015030249,No substantial change
AB42,exp,2692501,0.313003,404.5,439,-0.11808123710538057,No substantial change
AB42,exp,2693501,0.313526,286,389,-0.44375500820780245,No substantial change
AB42,exp,2694501,0.314048,306,391.5,-0.3554806545983888,No substantial change
AB42,exp,2695501,0.314571,384.5,442.5,-0.2026938570085332,No substantial change
AB42,exp,2696501,0.315093,339,442,-0.3827610962550876,No substantial change
AB42,exp,2697501,0.315616,419,462.5,-0.14250312170432294,No substantial change
AB42,exp,2698501,0.316138,351,428,-0.2861397660965863,No substantial change
AB42,exp,2699501,0.316661,345.5,447.5,-0.37320197176336023,No substantial change
AB42,exp,2700501,0.317183,313,426.5,-0.44638308438567176,No substantial change
AB42,exp,2701501,0.317706,295,353.5,-0.26099526056019534,No substantial change
AB42,exp,2702501,0.318229,280,391.5,-0.4835854803460742,No substantial change
AB42,exp,2703501,0.318751,358,396.5,-0.14736127843972197,No substantial change
AB42,exp,2704501,0.319274,295.5,364.5,-0.3027606841494047,No substantial change
AB42,exp,2705501,0.319796,307,384,-0.32286765535097683,No substantial change
AB42,exp,2706501,0.320319,337,382.5,-0.1827111563981557,No substantial change
AB42,exp,2707501,0.320841,360,414.5,-0.20337519516607577,No substantial change
AB42,exp,2708501,0.321364,385,463,-0.2661537476779727,No substantial change
AB42,exp,2709501,0.321886,411,483,-0.23288479515409016,No substantial change
AB42,exp,2710501,0.322409,345.5,426.5,-0.3038600309300317,No substantial change
AB42,exp,2711501,0.322931,327.5,384.5,-0.23148869153701396,No substantial change
AB42,exp,2712501,0.323454,324.5,356,-0.13365876296725918,No substantial change
AB42,exp,2713501,0.323977,312.5,339,-0.11742908358689458,No substantial change
AB42,exp,2714501,0.324499,268,375.5,-0.4865799070564993,No substantial change
AB42,exp,2715501,0.325022,287,372.5,-0.37618968867383606,No substantial change
AB42,exp,2716501,0.325544,318.5,391.5,-0.2977189350347403,No substantial change
AB42,exp,2717501,0.326067,393.5,422.5,-0.10258770566206027,No substantial change
AB42,exp,2718501,0.326589,386,433,-0.16576617745864453,No substantial change
AB42,exp,2719501,0.327112,268,358.5,-0.4197401182441324,No substantial change
AB42,exp,2720501,0.327634,312.5,332,-0.0873270517974753,No substantial change
AB42,exp,2721501,0.328157,318.5,380.5,-0.25660308124724507,No substantial change
AB42,exp,2722501,0.328679,339,397,-0.22785373400661393,No substantial change
AB42,exp,2723501,0.329202,375.5,452.5,-0.26910488445629593,No substantial change
AB42,exp,2724501,0.329724,328,387.5,-0.24050049554351624,No substantial change
AB42,exp,2725501,0.330247,336.5,386,-0.19799434265776336,No substantial change
AB42,exp,2726501,0.33077,291,389.5,-0.4206041751533853,No substantial change
AB42,exp,2727501,0.331292,324.5,385.5,-0.24851238191589575,No substantial change
AB42,exp,2728501,0.331815,313,373.5,-0.2549455858566188,No substantial change
AB42,exp,2729501,0.332337,371,386,-0.05718166064727717,No substantial change
AB42,exp,2730501,0.33286,365,393,-0.10663284849122684,No substantial change
AB42,exp,2731501,0.333382,282.5,387,-0.45408269884186026,No substantial change
AB42,exp,2732501,0.333905,286.5,355.5,-0.3113144208625103,No substantial change
AB42,exp,2733501,0.334427,319.5,435.5,-0.44685678765187026,No substantial change
AB42,exp,2734501,0.33495,295.5,362,-0.2928315669056728,No substantial change
AB42,exp,2735501,0.335472,367,428.5,-0.22351514126928704,No substantial change
AB42,exp,2736501,0.335995,323,415,-0.3615771715403621,No substantial change
AB42,exp,2737501,0.336518,331,354,-0.09691814327577976,No substantial change
AB42,exp,2738501,0.33704,371.5,462.5,-0.3160911548650782,No substantial change
AB42,exp,2739501,0.337563,313,377,-0.2684018663360459,No substantial change
AB42,exp,2740501,0.338085,338.5,364,-0.10478261662369948,No substantial change
AB42,exp,2741501,0.338608,367,393,-0.09874924941539374,No substantial change
AB42,exp,2742501,0.33913,354.5,403,-0.1849942112884512,No substantial change
AB42,exp,2743501,0.339653,365.5,465,-0.3473593100429564,No substantial change
AB42,exp,2744501,0.340175,286,366.5,-0.3577980513554225,No substantial change
AB42,exp,2745501,0.340698,358,428,-0.25765120913689044,No substantial change
AB42,exp,2746501,0.34122,335.5,333.5,0.008626005015598445,No substantial change
AB42,exp,2747501,0.341743,325.5,430.5,-0.4033556942312085,No substantial change
AB42,exp,2748501,0.342266,294.5,420,-0.5121216938356621,No substantial change
AB42,exp,2749501,0.342788,323.5,390.5,-0.2715568361494719,No substantial change
AB42,exp,2750501,0.343311,367,402,-0.13141543833571584,No substantial change
AB42,exp,2751501,0.343833,314.5,362.5,-0.2049209780230076,No substantial change
AB42,exp,2752501,0.344356,324,400,-0.3040061868900999,No substantial change
AB42,exp,2753501,0.344878,373,402.5,-0.10981315274674155,No substantial change
AB42,exp,2754501,0.345401,315,384,-0.28575448233387735,No substantial change
AB42,exp,2755501,0.345923,330.5,384,-0.21645603921346443,No substantial change
AB42,exp,2756501,0.346446,355.5,456.5,-0.36076530036480664,No substantial change
AB42,exp,2757501,0.346968,375,381.5,-0.024792461451287207,No substantial change
AB42,exp,2758501,0.347491,335.5,347.5,-0.05070021141068622,No substantial change
AB42,exp,2759501,0.348013,351,383.5,-0.1277555471983727,No substantial change
AB42,exp,2760501,0.348536,313,405.5,-0.37353925728465465,No substantial change
AB42,exp,2761501,0.349059,380,440,-0.21150410519371174,No substantial change
AB42,exp,2762501,0.349581,359.5,411.5,-0.19490065998232795,No substantial change
AB42,exp,2763501,0.350104,302,390.5,-0.3707739988169003,No substantial change
AB42,exp,2764501,0.350626,328,371.5,-0.17966639592051248,No substantial change
AB42,exp,2765501,0.351149,383.5,448.5,-0.22588140741632776,No substantial change
AB42,exp,2766501,0.351671,380.5,479.5,-0.3336343615145853,No substantial change
AB42,exp,2767501,0.352194,327,423,-0.3713670276218672,No substantial change
AB42,exp,2768501,0.352716,392,456.5,-0.21976120586901385,No substantial change
AB42,exp,2769501,0.353239,392.5,437,-0.15494062572160894,No substantial change
AB42,exp,2770501,0.353761,382.5,408.5,-0.09487633056566938,No substantial change
AB42,exp,2771501,0.354284,386.5,427,-0.14376765569564298,No substantial change
AB42,exp,2772501,0.354807,360.5,447.5,-0.3118884229107963,No substantial change
AB42,exp,2773501,0.355329,427.5,506.5,-0.24463784902787794,No substantial change
AB42,exp,2774501,0.355852,332.5,436.5,-0.3926273132408882,No substantial change
AB42,exp,2775501,0.356374,402.5,524.5,-0.3819539895752882,No substantial change
AB42,exp,2776501,0.356897,399,483,-0.27563444261342734,No substantial change
AB42,exp,2777501,0.357419,308,396,-0.36257007938470825,No substantial change
AB42,exp,2778501,0.357942,357.5,458.5,-0.3589784919293027,No substantial change
AB42,exp,2779501,0.358464,394.5,444,-0.17053437633664748,No substantial change
AB42,exp,2780501,0.358987,369.5,432.5,-0.2271257683779361,No substantial change
AB42,exp,2781501,0.359509,371.5,421,-0.18045802252779977,No substantial change
AB42,exp,2782501,0.360032,300,390,-0.3785116232537297,No substantial change
AB42,exp,2783501,0.360555,345,365,-0.08130010210184817,No substantial change
AB42,exp,2784501,0.361077,313.5,391,-0.3187031645053134,No substantial change
AB42,exp,2785501,0.3616,274,393.5,-0.5221877425469598,No substantial change
AB42,exp,2786501,0.362122,436.5,459,-0.07251249978436798,No substantial change
AB42,exp,2787501,0.362645,429,415.5,0.04612917072920111,No substantial change
AB42,exp,2788501,0.363167,384,411.5,-0.09978611970046954,No substantial change
AB42,exp,2789501,0.36369,446,474.5,-0.08936437710080472,No substantial change
AB42,exp,2790501,0.364212,387,416,-0.10424996199668182,No substantial change
AB42,exp,2791501,0.364735,366.5,450.5,-0.2977139076797268,No substantial change
AB42,exp,2792501,0.365257,361.5,468,-0.37251288263228666,No substantial change
AB42,exp,2793501,0.36578,357.5,437.5,-0.2913397750539393,No substantial change
AB42,exp,2794501,0.366302,417,415.5,0.005198906674319175,No substantial change
AB42,exp,2795501,0.366825,388.5,426,-0.13293883181812816,No substantial change
AB42,exp,2796501,0.367348,353,403.5,-0.1929004900066001,No substantial change
AB42,exp,2797501,0.36787,331,388.5,-0.2310833816004923,No substantial change
AB42,exp,2798501,0.368393,303.5,350.5,-0.20771792775494113,No substantial change
AB42,exp,2799501,0.368915,360.5,389,-0.10977089574536945,No substantial change
AB42,exp,2800501,0.369438,338,423.5,-0.3253387230500142,No substantial change
AB42,exp,2801501,0.36996,317,416,-0.39210068800168496,No substantial change
AB42,exp,2802501,0.370483,336,374,-0.15457703710887633,No substantial change
AB42,exp,2803501,0.371005,354,401,-0.1798528763719229,No substantial change
AB42,exp,2804501,0.371528,332,403,-0.2795965971810426,No substantial change
AB42,exp,2805501,0.37205,327.5,409.5,-0.3223685452161959,No substantial change
AB42,exp,2806501,0.372573,345.5,434,-0.32900933205622074,No substantial change
AB42,exp,2807501,0.373096,314.5,393.5,-0.3233036186281972,No substantial change
AB42,exp,2808501,0.373618,373,460.5,-0.30402552583609777,No substantial change
AB42,exp,2809501,0.374141,379.5,409,-0.10800095752628247,No substantial change
AB42,exp,2810501,0.374663,330,369,-0.1611547918145803,No substantial change
AB42,exp,2811501,0.375186,273,305.5,-0.16227142889887716,No substantial change
AB42,exp,2812501,0.375708,365,414.5,-0.1834756377283709,No substantial change
AB42,exp,2813501,0.376231,362.5,440,-0.2795225286223628,No substantial change
AB42,exp,2814501,0.376753,240.5,339.5,-0.49737468047468975,No substantial change
AB42,exp,2815501,0.377276,311,359.5,-0.2090771903086953,No substantial change
AB42,exp,2816501,0.377798,363.5,420.5,-0.21015043633554983,No substantial change
AB42,exp,2817501,0.378321,335,406.5,-0.27909425672989285,No substantial change
AB42,exp,2818501,0.378843,334,425.5,-0.3493110292119103,No substantial change
AB42,exp,2819501,0.379366,335,389.5,-0.21746223271653434,No substantial change
AB42,exp,2820501,0.379889,329.5,410,-0.3153454444973942,No substantial change
AB42,exp,2821501,0.380411,310,374,-0.27077005461339915,No substantial change
AB42,exp,2822501,0.380934,310,366,-0.2395754330098048,No substantial change
AB42,exp,2823501,0.381456,299,320.5,-0.10017887242063592,No substantial change
AB42,exp,2824501,0.381979,278,308,-0.1478454679713939,No substantial change
AB42,exp,2825501,0.382501,274.5,342,-0.31719017588069914,No substantial change
AB42,exp,2826501,0.383024,282.5,432,-0.6127804448609184,No substantial change
AB42,exp,2827501,0.383546,324,414.5,-0.3553782886111257,No substantial change
AB42,exp,2828501,0.384069,329.5,384.5,-0.2227051329537748,No substantial change
AB42,exp,2829501,0.384591,326,388,-0.2511846879560501,No substantial change
AB42,exp,2830501,0.385114,292.5,401.5,-0.45696336304654755,No substantial change
AB42,exp,2831501,0.385637,306.5,379.5,-0.30821281172468484,No substantial change
AB42,exp,2832501,0.386159,341.5,409.5,-0.2619778733509181,No substantial change
AB42,exp,2833501,0.386682,357.5,362,-0.018046455417453672,No substantial change
AB42,exp,2834501,0.387204,352,391,-0.15159317867005512,No substantial change
AB42,exp,2835501,0.387727,349.5,446.5,-0.35336771974578635,No substantial change
AB42,exp,2836501,0.388249,304,382.5,-0.3313884241364287,No substantial change
AB42,exp,2837501,0.388772,301.5,356.5,-0.24174407454380337,No substantial change
AB42,exp,2838501,0.389294,333.5,382,-0.19588587685116363,No substantial change
AB42,exp,2839501,0.389817,333,405.5,-0.28417973714601086,No substantial change
AB42,exp,2840501,0.390339,472,483,-0.03323632947393191,No substantial change
AB42,exp,2841501,0.390862,492.5,481.5,0.03258792650027941,No substantial change
AB42,exp,2842501,0.391385,389,440.5,-0.17937186393422164,No substantial change
AB42,exp,2843501,0.391907,436,406,0.10284840759175015,No substantial change
AB42,exp,2844501,0.39243,398,471,-0.2429586290691343,No substantial change
AB42,exp,2845501,0.392952,362.5,468.5,-0.3700680527568899,No substantial change
AB42,exp,2846501,0.393475,366,446,-0.2852000616362622,No substantial change
AB42,exp,2847501,0.393997,374.5,488,-0.38191542910413523,No substantial change
AB42,exp,2848501,0.39452,396.5,452,-0.18900190671120937,No substantial change
AB42,exp,2849501,0.395042,359,419,-0.2229663998763002,No substantial change
AB42,exp,2850501,0.395565,358.5,451.5,-0.3327528687789535,No substantial change
AB42,exp,2851501,0.396087,361.5,420.5,-0.21811015330402647,No substantial change
AB42,exp,2852501,0.39661,447,442,0.016228461791886126,No substantial change
AB42,exp,2853501,0.397132,383.5,342,0.16523025261703542,No substantial change
AB42,exp,2854501,0.397655,305,350.5,-0.20060520156037465,No substantial change
AB42,exp,2855501,0.398178,295,350,-0.2466399675831252,No substantial change
AB42,exp,2856501,0.3987,327,322,0.022229947383465523,No substantial change
AB42,exp,2857501,0.399223,312,383.5,-0.297680548640685,No substantial change
AB42,exp,2858501,0.399745,433.5,476.5,-0.136444220688107,No substantial change
AB42,exp,2859501,0.400268,308,393,-0.35159896156370507,No substantial change
AB42,exp,2860501,0.40079,351,413.5,-0.23641629886671392,No substantial change
AB42,exp,2861501,0.401313,409.5,435.5,-0.08880926695785589,No substantial change
AB42,exp,2862501,0.401835,433.5,457.5,-0.07773974994956982,No substantial change
AB42,exp,2863501,0.402358,284,346.5,-0.28696442263253175,No substantial change
AB42,exp,2864501,0.40288,297,384.5,-0.37252066716106075,No substantial change
AB42,exp,2865501,0.403403,304,399,-0.39231742277876036,No substantial change
AB42,exp,2866501,0.403926,297.5,378,-0.34549656602576667,No substantial change
AB42,exp,2867501,0.404448,317,382.5,-0.27097690744060676,No substantial change
AB42,exp,2868501,0.404971,298.5,383.5,-0.36149564623812847,No substantial change
AB42,exp,2869501,0.405493,281.5,311,-0.14377965805037304,No substantial change
AB42,exp,2870501,0.406016,279.5,374,-0.4201899870444466,No substantial change
AB42,exp,2871501,0.406538,293,343.5,-0.2294094343958522,No substantial change
AB42,exp,2872501,0.407061,311,402,-0.3702809210483261,No substantial change
AB42,exp,2873501,0.407583,310.5,381,-0.2951977292728406,No substantial change
AB42,exp,2874501,0.408106,326.5,359.5,-0.13890877889286699,No substantial change
AB42,exp,2875501,0.408628,337.5,367.5,-0.12285674778553347,No substantial change
AB42,exp,2876501,0.409151,334.5,429,-0.35897143685808475,No substantial change
AB42,exp,2877501,0.409674,358,413.5,-0.20792774190701827,No substantial change
AB42,exp,2878501,0.410196,362,389,-0.10378045790298661,No substantial change
AB42,exp,2879501,0.410719,355.5,373.5,-0.0712586831698219,No substantial change
AB42,exp,2880501,0.411241,283.5,396,-0.4821516951373807,No substantial change
AB42,exp,2881501,0.411764,282,381,-0.4340958350945284,No substantial change
AB42,exp,2882501,0.412286,417.5,400.5,0.0599739549527046,No substantial change
AB42,exp,2883501,0.412809,336,380.5,-0.17943522072478518,No substantial change
AB42,exp,2884501,0.413331,377.5,413.5,-0.13141068495883343,No substantial change
AB42,exp,2885501,0.413854,294,373,-0.34335947541887346,No substantial change
AB42,exp,2886501,0.414376,277.5,333,-0.2630344058337938,No substantial change
AB42,exp,2887501,0.414899,293,399.5,-0.44729483850572893,No substantial change
AB42,exp,2888501,0.415421,331,396.5,-0.26048964889676074,No substantial change
AB42,exp,2889501,0.415944,284,396,-0.4796095005749276,No substantial change
AB42,exp,2890501,0.416467,364,351.5,0.050413761126161125,No substantial change
AB42,exp,2891501,0.416989,370.5,399,-0.1069152039165119,No substantial change
AB42,exp,2892501,0.417512,301.5,381.5,-0.33952505493444574,No substantial change
AB42,exp,2893501,0.418034,361,406.5,-0.1712565151878568,No substantial change
AB42,exp,2894501,0.418557,309.5,416.5,-0.42837708615128295,No substantial change
AB42,exp,2895501,0.419079,320,405.5,-0.3416300093299106,No substantial change
AB42,exp,2896501,0.419602,338.5,440.5,-0.37998618534541684,No substantial change
AB42,exp,2897501,0.420124,477.5,447,0.09522590173979317,No substantial change
AB42,exp,2898501,0.420647,350.5,353,-0.01025373926055706,No substantial change
AB42,exp,2899501,0.421169,429.5,458.5,-0.09426360245659078,No substantial change
AB42,exp,2900501,0.421692,430.5,434,-0.011681805047635324,No substantial change
AB42,exp,2901501,0.422215,339.5,393.5,-0.21295206126275454,No substantial change
AB42,exp,2902501,0.422737,440,425.5,0.0483443918386968,No substantial change
AB42,exp,2903501,0.42326,339.5,364,-0.10052687595396445,No substantial change
AB42,exp,2904501,0.423782,370,383,-0.049819121408644876,No substantial change
AB42,exp,2905501,0.424305,339,402,-0.24591022804258475,No substantial change
AB42,exp,2906501,0.424827,352.5,442.5,-0.3280541976842039,No substantial change
AB42,exp,2907501,0.42535,349.5,414,-0.24433831212388887,No substantial change
AB42,exp,2908501,0.425872,327.5,411,-0.3276434872568703,No substantial change
AB42,exp,2909501,0.426395,334,376.5,-0.17280176219787596,No substantial change
AB42,exp,2910501,0.426917,280,377.5,-0.43104981726747477,No substantial change
AB42,exp,2911501,0.42744,306.5,381.5,-0.315795983143749,No substantial change
AB42,exp,2912501,0.427963,339,420.5,-0.3108205271188003,No substantial change
AB42,exp,2913501,0.428485,384.5,425,-0.14447924306323764,No substantial change
AB42,exp,2914501,0.429008,277.5,348.5,-0.3286708846309548,No substantial change
AB42,exp,2915501,0.42953,259.5,328,-0.3379612762602029,No substantial change
AB42,exp,2916501,0.430053,276.5,378,-0.45110675398636557,No substantial change
AB42,exp,2917501,0.430575,303,338,-0.15770545280923337,No substantial change
AB42,exp,2918501,0.431098,285,369,-0.3726588970082921,No substantial change
AB42,exp,2919501,0.43162,256,388,-0.5999128421871277,No substantial change
AB42,exp,2920501,0.432143,321.5,371.5,-0.20854347321064898,No substantial change
AB42,exp,2921501,0.432665,345,395.5,-0.19708133280726042,No substantial change
AB42,exp,2922501,0.433188,293,382,-0.3826719736135008,No substantial change
AB42,exp,2923501,0.43371,344,384.5,-0.16057503325972858,No substantial change
AB42,exp,2924501,0.434233,447.5,478,-0.09512293582912977,No substantial change
AB42,exp,2925501,0.434756,512.5,446.5,0.19889182927158544,No substantial change
AB42,exp,2926501,0.435278,314,349,-0.15246247731802526,No substantial change
AB42,exp,2927501,0.435801,318.5,365.5,-0.19857803369613702,No substantial change
AB42,exp,2928501,0.436323,367.5,453.5,-0.3033583008047957,No substantial change
AB42,exp,2929501,0.436846,294.5,380.5,-0.3696288196730847,No substantial change
AB42,exp,2930501,0.437368,249,361,-0.5358530948190902,No substantial change
AB42,exp,2931501,0.437891,328.5,417.5,-0.3458828270390849,No substantial change
AB42,exp,2932501,0.438413,402.5,426.5,-0.08355695831631092,No substantial change
AB42,exp,2933501,0.438936,341,441,-0.37100691653334805,No substantial change
AB42,exp,2934501,0.439458,298,391.5,-0.3936999768288792,No substantial change
AB42,exp,2935501,0.439981,339.5,421.5,-0.3121210566973506,No substantial change
AB42,exp,2936501,0.440504,320,410,-0.3575520046180836,No substantial change
AB42,exp,2937501,0.441026,363.5,424,-0.2221089006436049,No substantial change
AB42,exp,2938501,0.441549,344.5,401.5,-0.22089600481302316,No substantial change
AB42,exp,2939501,0.442071,290,384,-0.40505341070622164,No substantial change
AB42,exp,2940501,0.442594,356,382.5,-0.10358250661361633,No substantial change
AB42,exp,2941501,0.443116,362.5,422,-0.2192620038048883,No substantial change
AB42,exp,2942501,0.443639,373.5,387,-0.05122532335517311,No substantial change
AB42,exp,2943501,0.444161,301.5,336,-0.15630323087867545,No substantial change
AB42,exp,2944501,0.444684,320,407,-0.3469568893788848,No substantial change
AB42,exp,2945501,0.445206,273,387,-0.5034326152245577,No substantial change
AB42,exp,2946501,0.445729,303.5,387.5,-0.35249979390591785,No substantial change
AB42,exp,2947501,0.446252,301,347.5,-0.20724949085116776,No substantial change
AB42,exp,2948501,0.446774,322,351,-0.12441034218994367,No substantial change
AB42,exp,2949501,0.447297,353,361,-0.03233065361599071,No substantial change
AB42,exp,2950501,0.447819,264,389.5,-0.5610853987032158,No substantial change
AB42,exp,2951501,0.448342,282.5,372.5,-0.39898955804697384,No substantial change
AB42,exp,2952501,0.448864,304.5,374.5,-0.29852349055241867,No substantial change
AB42,exp,2953501,0.449387,342.5,376.5,-0.13654587682403915,No substantial change
AB42,exp,2954501,0.449909,316,411.5,-0.38096787224452267,No substantial change
AB42,exp,2955501,0.450432,304,410.5,-0.4333108983342193,No substantial change
AB42,exp,2956501,0.450954,367.5,421,-0.1960759833426693,No substantial change
AB42,exp,2957501,0.451477,359,402,-0.16321165735587728,No substantial change
AB42,exp,2958501,0.451999,327,359,-0.13469320832496878,No substantial change
AB42,exp,2959501,0.452522,377.5,418.5,-0.14875097833790243,No substantial change
AB42,exp,2960501,0.453045,305.5,375.5,-0.29764052769554233,No substantial change
AB42,exp,2961501,0.453567,250,330,-0.40053792958372875,No substantial change
AB42,exp,2962501,0.45409,307,364.5,-0.24768015895675774,No substantial change
AB42,exp,2963501,0.454612,278.5,368.5,-0.40398729175503795,No substantial change
AB42,exp,2964501,0.455135,331.5,376,-0.18172379156504959,No substantial change
AB42,exp,2965501,0.455657,324,372.5,-0.20124661246489917,No substantial change
AB42,exp,2966501,0.45618,266.5,383,-0.5232088591657813,No substantial change
AB42,exp,2967501,0.456702,287,346.5,-0.2718046154615259,No substantial change
AB42,exp,2968501,0.457225,372.5,417.5,-0.1645357720118906,No substantial change
AB42,exp,2969501,0.457747,306.5,393,-0.35864223856782507,No substantial change
AB42,exp,2970501,0.45827,325,383.5,-0.23878685958711662,No substantial change
AB42,exp,2971501,0.458793,478.5,431,0.1508310553969273,No substantial change
AB42,exp,2972501,0.459315,371.5,386.5,-0.05710620338625111,No substantial change
AB42,exp,2973501,0.459838,370,440,-0.24997825300834742,No substantial change
AB42,exp,2974501,0.46036,321.5,435.5,-0.4378539812709173,No substantial change
AB42,exp,2975501,0.460883,389.5,399.5,-0.036572174866307525,No substantial change
AB42,exp,2976501,0.461405,324,358.5,-0.14597930581727997,No substantial change
AB42,exp,2977501,0.461928,306,399.5,-0.384663850235325,No substantial change
AB42,exp,2978501,0.46245000000000003,298.5,398,-0.4150374992788438,No substantial change
AB42,exp,2979501,0.462973,253,350,-0.46821753713801867,No substantial change
AB42,exp,2980501,0.463495,284,414,-0.5437398379946431,No substantial change
AB42,exp,2981501,0.464018,316,420.5,-0.41218124207804124,No substantial change
AB42,exp,2982501,0.464541,332.5,364,-0.13058410981014437,No substantial change
AB42,exp,2983501,0.465063,355,382,-0.10575361364370427,No substantial change
AB42,exp,2984501,0.465586,375.5,414,-0.14081785998505342,No substantial change
AB42,exp,2985501,0.466108,389,427.5,-0.13615426478706824,No substantial change
AB42,exp,2986501,0.466631,326.5,397,-0.28205601559652704,No substantial change
AB42,exp,2987501,0.467153,335,413,-0.30198068607431056,No substantial change
AB42,exp,2988501,0.467676,267,352,-0.39873568694974326,No substantial change
AB42,exp,2989501,0.468198,340.5,421,-0.30616543505432486,No substantial change
AB42,exp,2990501,0.468721,339,401,-0.24231696331857647,No substantial change
AB42,exp,2991501,0.469243,316,374.5,-0.2450411602816481,No substantial change
AB42,exp,2992501,0.469766,336.5,430,-0.3537301549791432,No substantial change
AB42,exp,2993501,0.470288,376,408,-0.1178364902938583,No substantial change
AB42,exp,2994501,0.470811,300.5,330.5,-0.13728528079650623,No substantial change
AB42,exp,2995501,0.471334,324,358,-0.14396577437963162,No substantial change
AB42,exp,2996501,0.471856,331.5,396,-0.25649155996702183,No substantial change
AB42,exp,2997501,0.472379,289,389,-0.4287006624855131,No substantial change
AB42,exp,2998501,0.472901,324.5,420,-0.37217084966698405,No substantial change
AB42,exp,2999501,0.473424,392.5,451,-0.20043477947639166,No substantial change
AB42,exp,3000501,0.473946,380.5,423,-0.15276120961640427,No substantial change
AB42,exp,3001501,0.474469,329,349.5,-0.087204871640195,No substantial change
AB42,exp,3002501,0.474991,371.5,367.5,0.015617960814869564,No substantial change
AB42,exp,3003501,0.475514,416,374,0.1535452582534555,No substantial change
AB42,exp,3004501,0.476036,335,414.5,-0.3072110061506156,No substantial change
AB42,exp,3005501,0.476559,255.5,367.5,-0.5244209587861055,No substantial change
AB42,exp,3006501,0.477082,331.5,369.5,-0.1565654940335632,No substantial change
AB42,exp,3007501,0.477604,287,354,-0.3026986234073096,No substantial change
AB42,exp,3008501,0.478127,269,377,-0.4869583507120401,No substantial change
AB42,exp,3009501,0.478649,318.5,401.5,-0.3341066152610142,No substantial change
AB42,exp,3010501,0.479172,323.5,373.5,-0.20734253079672957,No substantial change
AB42,exp,3011501,0.479694,265,365.5,-0.4638790465018759,No substantial change
AB42,exp,3012501,0.480217,233,347,-0.5746057079239807,No substantial change
AB42,exp,3013501,0.480739,284.5,347,-0.2865070102716791,No substantial change
AB42,exp,3014501,0.481262,300.5,346,-0.20340704692553924,No substantial change
AB42,exp,3015501,0.481784,356,391.5,-0.13713506632464284,No substantial change
AB42,exp,3016501,0.482307,366,434.5,-0.24751252853035768,No substantial change
AB42,exp,3017501,0.48283,314,392,-0.3200890952235813,No substantial change
AB42,exp,3018501,0.483352,291.5,349.5,-0.26179657217493996,No substantial change
AB42,exp,3019501,0.483875,314.5,374,-0.24997825300834742,No substantial change
AB42,exp,3020501,0.484397,354,409,-0.2083514828587514,No substantial change
AB42,exp,3021501,0.48492,279.5,316.5,-0.17935721658515114,No substantial change
AB42,exp,3022501,0.485442,277,352,-0.34568945258810885,No substantial change
AB42,exp,3023501,0.485965,322.5,425.5,-0.3998599713753462,No substantial change
AB42,exp,3024501,0.486487,283,352.5,-0.3168212044542735,No substantial change
AB42,exp,3025501,0.48701,304,395.5,-0.37960637102920625,No substantial change
AB42,exp,3026501,0.487532,484.5,531,-0.1322151953890726,No substantial change
AB42,exp,3027501,0.488055,468.5,476,-0.022912525648756763,No substantial change
AB42,exp,3028501,0.488577,497.5,516.5,-0.0540718234340484,No substantial change
AB42,exp,3029501,0.4891,442.5,481,-0.12035943879968211,No substantial change
AB42,exp,3030501,0.489623,348.5,382.5,-0.13430109171159105,No substantial change
AB42,exp,3031501,0.490145,281,378,-0.4278161040001466,No substantial change
AB42,exp,3032501,0.490668,259,319,-0.30060432607831544,No substantial change
AB42,exp,3033501,0.49119,272.5,363,-0.413713318331462,No substantial change
AB42,exp,3034501,0.491713,317,387,-0.28785072600500294,No substantial change
AB42,exp,3035501,0.492235,305.5,362,-0.24481731726447586,No substantial change
AB42,exp,3036501,0.492758,298.5,411,-0.46140746241687797,No substantial change
AB42,exp,3037501,0.49328,290,358.5,-0.3059202186869703,No substantial change
AB42,exp,3038501,0.493803,299,360.5,-0.2698537750427175,No substantial change
AB42,exp,3039501,0.494325,308,388.5,-0.3349842477128087,No substantial change
AB42,exp,3040501,0.494848,301.5,375.5,-0.31665490561418697,No substantial change
AB42,exp,3041501,0.495371,341,415,-0.28333959721011454,No substantial change
AB42,exp,3042501,0.495893,330.5,386.5,-0.22581814241715578,No substantial change
AB42,exp,3043501,0.496416,335,367,-0.13161896749807792,No substantial change
AB42,exp,3044501,0.496938,394.5,425.5,-0.10913383167250419,No substantial change
AB42,exp,3045501,0.497461,320,389,-0.28169825009882954,No substantial change
AB42,exp,3046501,0.497983,275,362,-0.3965580786711834,No substantial change
AB42,exp,3047501,0.498506,252,339,-0.4278615396364273,No substantial change
AB42,exp,3048501,0.499028,268,353,-0.3974351828134079,No substantial change
AB42,exp,3049501,0.499551,310,413,-0.4138735661452079,No substantial change
AB42,exp,3050501,0.500073,346.5,395.5,-0.19082234233557804,No substantial change
AB42,exp,3051501,0.500596,286,411.5,-0.5248772836432363,No substantial change
AB42,exp,3052501,0.501119,402,455,-0.17867104390713004,No substantial change
AB42,exp,3053501,0.501641,321,378.5,-0.23772000286342848,No substantial change
AB42,exp,3054501,0.502164,311.5,373,-0.2599434672312359,No substantial change
AB42,exp,3055501,0.502686,339,387.5,-0.19291103702525594,No substantial change
AB42,exp,3056501,0.503209,308.5,364,-0.2386679610492784,No substantial change
AB42,exp,3057501,0.503731,295.5,324,-0.1328356827070922,No substantial change
AB42,exp,3058501,0.504254,370.5,426.5,-0.20307219901245627,No substantial change
AB42,exp,3059501,0.504776,333.5,373.5,-0.1634214816046521,No substantial change
AB42,exp,3060501,0.505299,307.5,411.5,-0.42030602019502344,No substantial change
AB42,exp,3061501,0.505821,334,371.5,-0.15351410806454405,No substantial change
AB42,exp,3062501,0.506344,312,391,-0.325622578445104,No substantial change
AB42,exp,3063501,0.506866,333,421,-0.338298055995134,No substantial change
AB42,exp,3064501,0.507389,360,392.5,-0.12469574744931461,No substantial change
AB42,exp,3065501,0.507912,270,337,-0.3197891841310275,No substantial change
AB42,exp,3066501,0.508434,287.5,361,-0.3284368810554335,No substantial change
AB42,exp,3067501,0.508957,318.5,374.5,-0.2336723462024507,No substantial change
AB42,exp,3068501,0.509479,265,393.5,-0.570371276056925,No substantial change
AB42,exp,3069501,0.510002,265,349.5,-0.399300095924875,No substantial change
AB42,exp,3070501,0.510524,312,384.5,-0.3014375690995782,No substantial change
AB42,exp,3071501,0.511047,282,314.5,-0.15736485448049564,No substantial change
AB42,exp,3072501,0.511569,272.5,332.5,-0.2870981107242632,No substantial change
AB42,exp,3073501,0.512092,276,354,-0.35908109330482835,No substantial change
AB42,exp,3074501,0.512614,238.5,312,-0.3875567628567369,No substantial change
AB42,exp,3075501,0.513137,264,389,-0.5592322256277384,No substantial change
AB42,exp,3076501,0.51366,272.5,359,-0.3977276141587627,No substantial change
AB42,exp,3077501,0.514182,297,343,-0.20774564537204648,No substantial change
AB42,exp,3078501,0.514705,342,400,-0.22600367488882686,No substantial change
AB42,exp,3079501,0.515227,331.5,391,-0.23815973719476455,No substantial change
AB42,exp,3080501,0.51575,345,421,-0.28722387140086475,No substantial change
AB42,exp,3081501,0.516272,274.5,345.5,-0.33187956138305985,No substantial change
AB42,exp,3082501,0.516795,340,394,-0.21266088331867444,No substantial change
AB42,exp,3083501,0.517317,373.5,389,-0.058661912196954824,No substantial change
AB42,exp,3084501,0.51784,480,438.5,0.1304575631637855,No substantial change
AB42,exp,3085501,0.518362,452.5,495,-0.12951073299640425,No substantial change
AB42,exp,3086501,0.518885,321,385.5,-0.2641575627927311,No substantial change
AB42,exp,3087501,0.519407,349.5,380,-0.12070696295551138,No substantial change
AB42,exp,3088501,0.51993,271.5,366,-0.4308914504796809,No substantial change
AB42,exp,3089501,0.520453,289.5,365,-0.33433311577814295,No substantial change
AB42,exp,3090501,0.520975,272.5,375.5,-0.4625566778499831,No substantial change
AB42,exp,3091501,0.521498,266,383,-0.5259181464237674,No substantial change
AB42,exp,3092501,0.52202,274,346,-0.3365961446761979,No substantial change
AB42,exp,3093501,0.522543,284.5,341.5,-0.26345692598350845,No substantial change
AB42,exp,3094501,0.523065,269.5,360,-0.41771163357716923,No substantial change
AB42,exp,3095501,0.523588,278.5,381,-0.4521136701532903,No substantial change
AB42,exp,3096501,0.52411,339,403.5,-0.25128340014143635,No substantial change
AB42,exp,3097501,0.524633,317,370,-0.22304243037690485,No substantial change
AB42,exp,3098501,0.525155,303.5,367,-0.2740835465875306,No substantial change
AB42,exp,3099501,0.525678,306,401.5,-0.3918683348246626,No substantial change
AB42,exp,3100501,0.526201,297,363.5,-0.2914924331188285,No substantial change
AB42,exp,3101501,0.526723,412.5,458,-0.15095347896376587,No substantial change
AB42,exp,3102501,0.527246,358.5,392,-0.12888053541330347,No substantial change
AB42,exp,3103501,0.527768,309,372.5,-0.2696335874451494,No substantial change
AB42,exp,3104501,0.528291,304.5,377.5,-0.3100344163061089,No substantial change
AB42,exp,3105501,0.528813,349.5,421,-0.2685277776909597,No substantial change
AB42,exp,3106501,0.529336,396,462,-0.22239242133644802,No substantial change
AB42,exp,3107501,0.529858,332.5,447,-0.4269204907947658,No substantial change
AB42,exp,3108501,0.530381,372,433,-0.21906440361869353,No substantial change
AB42,exp,3109501,0.530903,325,372,-0.19486290319221453,No substantial change
AB42,exp,3110501,0.531426,319.5,388,-0.28024072124013333,No substantial change
AB42,exp,3111501,0.531949,348,400,-0.2009126939259964,No substantial change
AB42,exp,3112501,0.532471,341.5,382,-0.1616870597456583,No substantial change
AB42,exp,3113501,0.532994,259.5,344,-0.4066740263442171,No substantial change
AB42,exp,3114501,0.533516,270.5,338,-0.321394652455369,No substantial change
AB42,exp,3115501,0.534039,311,319,-0.03664184363426687,No substantial change
AB42,exp,3116501,0.534561,338,372,-0.13827937482584712,No substantial change
AB42,exp,3117501,0.535084,328,441,-0.42708284093943694,No substantial change
AB42,exp,3118501,0.535606,309.5,411.5,-0.41095302120736094,No substantial change
AB42,exp,3119501,0.536129,381,419,-0.13715924620602957,No substantial change
AB42,exp,3120501,0.536651,348.5,426,-0.2896947743574152,No substantial change
AB42,exp,3121501,0.537174,344.5,406,-0.2369757444808849,No substantial change
AB42,exp,3122501,0.537696,297.5,415.5,-0.4819588085750386,No substantial change
AB42,exp,3123501,0.538219,330,377,-0.19209849902284856,No substantial change
AB42,exp,3124501,0.538742,437,413.5,0.07974595032932373,No substantial change
AB42,exp,3125501,0.539264,292,354.5,-0.2798172583594988,No substantial change
AB42,exp,3126501,0.539787,243.5,343,-0.4942868040904702,No substantial change
AB42,exp,3127501,0.540309,311,423,-0.4437430829893473,No substantial change
AB42,exp,3128501,0.540832,383.5,453,-0.24028447254330168,No substantial change
AB42,exp,3129501,0.541354,349.5,425.5,-0.2838666763105263,No substantial change
AB42,exp,3130501,0.541877,327.5,396.5,-0.27582595927916587,No substantial change
AB42,exp,3131501,0.542399,372.5,412,-0.14540391183369447,No substantial change
AB42,exp,3132501,0.542922,340.5,383,-0.16968959391288602,No substantial change
AB42,exp,3133501,0.543444,371.5,443.5,-0.25557189376246775,No substantial change
AB42,exp,3134501,0.543967,494.5,486,0.025014207153329908,No substantial change
AB42,exp,3135501,0.54449,331.5,417.5,-0.33276732724882685,No substantial change
AB42,exp,3136501,0.545012,314.5,410.5,-0.3843222048985157,No substantial change
AB42,exp,3137501,0.545535,432.5,460,-0.08893372842028831,No substantial change
AB42,exp,3138501,0.546057,326.5,391,-0.26008561576092154,No substantial change
AB42,exp,3139501,0.54658,304,416,-0.45251220469750675,No substantial change
AB42,exp,3140501,0.547102,383.5,455,-0.2466399675831252,No substantial change
AB42,exp,3141501,0.547625,316.5,391.5,-0.30680680786269926,No substantial change
AB42,exp,3142501,0.548147,351.5,377.5,-0.10295195513990597,No substantial change
AB42,exp,3143501,0.54867,298,394.5,-0.404712969551297,No substantial change
AB42,exp,3144501,0.549192,303.5,415.5,-0.4531519605146624,No substantial change
AB42,exp,3145501,0.549715,287,320.5,-0.15927361994305325,No substantial change
AB42,exp,3146501,0.550238,275,348.5,-0.3417270374564012,No substantial change
AB42,exp,3147501,0.55076,300,358.5,-0.25701061820602394,No substantial change
AB42,exp,3148501,0.551283,274,385.5,-0.4925549669545075,No substantial change
AB42,exp,3149501,0.551805,388,437.5,-0.1732263645325634,No substantial change
AB42,exp,3150501,0.552328,305.5,357.5,-0.2267708618470223,No substantial change
AB42,exp,3151501,0.55285,279.5,383.5,-0.45637829465974344,No substantial change
AB42,exp,3152501,0.553373,318,373.5,-0.2320814775048817,No substantial change
AB42,exp,3153501,0.553895,287,379,-0.4011471114954039,No substantial change
AB42,exp,3154501,0.554418,368,430.5,-0.22630747133983115,No substantial change
AB42,exp,3155501,0.55494,315.5,397.5,-0.33331485518916865,No substantial change
AB42,exp,3156501,0.555463,336.5,348,-0.048480801238411225,No substantial change
AB42,exp,3157501,0.555985,316,376,-0.25080810350053434,No substantial change
AB42,exp,3158501,0.556508,306,395,-0.3683210003718135,No substantial change
AB42,exp,3159501,0.557031,297.5,386.5,-0.3775787457295415,No substantial change
AB42,exp,3160501,0.557553,274,358.5,-0.38779722574137804,No substantial change
AB42,exp,3161501,0.558076,316,299,0.07977907397899785,No substantial change
AB42,exp,3162501,0.558598,310.5,361.5,-0.21940237873063648,No substantial change
AB42,exp,3163501,0.559121,233,319,-0.45322646911058906,No substantial change
AB42,exp,3164501,0.559643,295,397,-0.4284240528937543,No substantial change
AB42,exp,3165501,0.560166,347,438,-0.3359952070229125,No substantial change
AB42,exp,3166501,0.560688,365.5,439,-0.26434953358292085,No substantial change
AB42,exp,3167501,0.561211,332.5,420,-0.33703498727757075,No substantial change
AB42,exp,3168501,0.561733,342.5,350.5,-0.03331045616273413,No substantial change
AB42,exp,3169501,0.562256,450,436,0.04559686644011059,No substantial change
AB42,exp,3170501,0.562779,420.5,433.5,-0.04392619296669072,No substantial change
AB42,exp,3171501,0.563301,306,339,-0.1477536204436922,No substantial change
AB42,exp,3172501,0.563824,287.5,362.5,-0.3344190390705592,No substantial change
AB42,exp,3173501,0.564346,299.5,395.5,-0.4011216916840061,No substantial change
AB42,exp,3174501,0.564869,259.5,381.5,-0.5559485184766497,No substantial change
AB42,exp,3175501,0.565391,304,391.5,-0.3649409838474552,No substantial change
AB42,exp,3176501,0.565914,368,424,-0.20435849850618626,No substantial change
AB42,exp,3177501,0.566436,306,364,-0.2504067975060445,No substantial change
AB42,exp,3178501,0.566959,340.5,390.5,-0.19766775012990812,No substantial change
AB42,exp,3179501,0.567481,349,370.5,-0.08624650609618159,No substantial change
AB42,exp,3180501,0.568004,336,381.5,-0.1832218240557701,No substantial change
AB42,exp,3181501,0.568527,317.5,351,-0.14471443864503256,No substantial change
AB42,exp,3182501,0.569049,374.5,418.5,-0.16026190409159274,No substantial change
AB42,exp,3183501,0.569572,308.5,394.5,-0.35475481086404065,No substantial change
AB42,exp,3184501,0.570094,324,368.5,-0.18567080621044496,No substantial change
AB42,exp,3185501,0.570617,350,341,0.037583182808156305,No substantial change
AB42,exp,3186501,0.571139,305,379,-0.31338860572084304,No substantial change
AB42,exp,3187501,0.571662,290,387.5,-0.4181434101466654,No substantial change
AB42,exp,3188501,0.572184,269,333.5,-0.31008058862796084,No substantial change
AB42,exp,3189501,0.572707,290.5,381.5,-0.39314489343000164,No substantial change
AB42,exp,3190501,0.573229,313.5,396.5,-0.33885542290193954,No substantial change
AB42,exp,3191501,0.573752,301,365,-0.2781329770076774,No substantial change
AB42,exp,3192501,0.574274,303,381,-0.33047320402037106,No substantial change
AB42,exp,3193501,0.574797,337,398.5,-0.24183113280861326,No substantial change
AB42,exp,3194501,0.57532,338.5,455,-0.4267107115110618,No substantial change
AB42,exp,3195501,0.575842,278,327.5,-0.23641002370130512,No substantial change
AB42,exp,3196501,0.576365,300,372.5,-0.31227792485364314,No substantial change
AB42,exp,3197501,0.576887,294.5,374,-0.3447706360571759,No substantial change
AB42,exp,3198501,0.57741,327,401,-0.29431160095683784,No substantial change
AB42,exp,3199501,0.577932,379.5,465.5,-0.2946812821433275,No substantial change
AB42,exp,3200501,0.578455,333.5,379,-0.18451108698650667,No substantial change
AB42,exp,3201501,0.578977,369.5,403,-0.12520547438181634,No substantial change
AB42,exp,3202501,0.5795,333.5,419.5,-0.33098404925523817,No substantial change
AB42,exp,3203501,0.580022,291,373,-0.358156477346954,No substantial change
AB42,exp,3204501,0.580545,381.5,475.5,-0.31776228402603296,No substantial change
AB42,exp,3205501,0.581068,361.5,462.5,-0.35545771845255664,No substantial change
AB42,exp,3206501,0.58159,273,397,-0.5402380562231054,No substantial change
AB42,exp,3207501,0.582113,366,466.5,-0.3500334325677162,No substantial change
AB42,exp,3208501,0.582635,538,508.5,0.08135839869912403,No substantial change
AB42,exp,3209501,0.583158,350,416.5,-0.2509615735332188,No substantial change
AB42,exp,3210501,0.58368,478.5,473,0.016678741146630392,No substantial change
AB42,exp,3211501,0.584203,425.5,445.5,-0.06626629983595936,No substantial change
AB42,exp,3212501,0.584725,452.5,435,0.056902391234476914,No substantial change
AB42,exp,3213501,0.585248,436,464,-0.08979667035064569,No substantial change
AB42,exp,3214501,0.58577,334,391.5,-0.22916420481698854,No substantial change
AB42,exp,3215501,0.586293,291.5,325.5,-0.15916165996513898,No substantial change
AB42,exp,3216501,0.586816,525.5,411,0.35455237028049547,No substantial change
AB42,exp,3217501,0.587338,511.5,412,0.3120899025621102,No substantial change
AB42,exp,3218501,0.587861,429.5,449.5,-0.06566298437598371,No substantial change
AB42,exp,3219501,0.588383,392,371.5,0.07749144357661189,No substantial change
AB42,exp,3220501,0.588906,368.5,412.5,-0.1627295000381085,No substantial change
AB42,exp,3221501,0.589428,414,438,-0.08130010210184817,No substantial change
AB42,exp,3222501,0.589951,346.5,417.5,-0.26892084522420096,No substantial change
AB42,exp,3223501,0.590473,359,412,-0.1986604933601671,No substantial change
AB42,exp,3224501,0.590996,338,392.5,-0.215669407496805,No substantial change
AB42,exp,3225501,0.591518,334.5,449.5,-0.4263149048729864,No substantial change
AB42,exp,3226501,0.592041,314,359,-0.19321928493142432,No substantial change
AB42,exp,3227501,0.592563,485.5,452.5,0.10155350344862447,No substantial change
AB42,exp,3228501,0.593086,455.5,451.5,0.012725066321192482,No substantial change
AB42,exp,3229501,0.593609,370,393,-0.08700404174229437,No substantial change
AB42,exp,3230501,0.594131,333,387.5,-0.21867413309033773,No substantial change
AB42,exp,3231501,0.594654,480.5,509.5,-0.08454571539206342,No substantial change
AB42,exp,3232501,0.595176,335,422,-0.3330819033620503,No substantial change
AB42,exp,3233501,0.595699,414,531.5,-0.36043892403177946,No substantial change
AB42,exp,3234501,0.596221,434,552,-0.34697322433368966,No substantial change
AB42,exp,3235501,0.596744,351,426,-0.2793823999212775,No substantial change
AB42,exp,3236501,0.597266,328.5,387.5,-0.23830293983927026,No substantial change
AB42,exp,3237501,0.597789,327.5,410.5,-0.32588731535299226,No substantial change
AB42,exp,3238501,0.598311,285,365.5,-0.3589094869003334,No substantial change
AB42,exp,3239501,0.598834,315,380,-0.270647589943669,No substantial change
AB42,exp,3240501,0.599357,297,391,-0.39670567650658656,No substantial change
AB42,exp,3241501,0.599879,273.5,376.5,-0.4611090318793716,No substantial change
AB42,exp,3242501,0.600402,280.5,372.5,-0.4092396547407311,No substantial change
AB42,exp,3243501,0.600924,461,492.5,-0.09535697391440055,No substantial change
AB42,exp,3244501,0.601447,301,359.5,-0.25622828367959566,No substantial change
AB42,exp,3245501,0.601969,317,385.5,-0.2822480197756271,No substantial change
AB42,exp,3246501,0.602492,418.5,489,-0.22460684240188988,No substantial change
AB42,exp,3247501,0.603014,334.5,408.5,-0.28832986750422246,No substantial change
AB42,exp,3248501,0.603537,579.5,524.5,0.14386588842920417,No substantial change
AB42,exp,3249501,0.604059,592.5,521,0.18553178150711314,No substantial change
AB42,exp,3250501,0.604582,325.5,397,-0.28648146397732227,No substantial change
AB42,exp,3251501,0.605105,330,454.5,-0.4618142699482913,No substantial change
AB42,exp,3252501,0.605627,304,407.5,-0.42272873567485436,No substantial change
AB42,exp,3253501,0.60615,317.5,417.5,-0.3950196057018864,No substantial change
AB42,exp,3254501,0.606672,298.5,439.5,-0.558132233878599,No substantial change
AB42,exp,3255501,0.607195,340,440.5,-0.3736072727827119,No substantial change
AB42,exp,3256501,0.607717,352,408,-0.21299372333419825,No substantial change
AB42,exp,3257501,0.60824,323.5,389,-0.2660044429936845,No substantial change
AB42,exp,3258501,0.608762,300,402,-0.42223300068304764,No substantial change
AB42,exp,3259501,0.609285,285.5,349,-0.2897362908468094,No substantial change
AB42,exp,3260501,0.609807,307.5,355,-0.20723261416544225,No substantial change
AB42,exp,3261501,0.61033,356.5,406.5,-0.18935327563113966,No substantial change
AB42,exp,3262501,0.610852,291.5,365,-0.32440058056688315,No substantial change
AB42,exp,3263501,0.611375,263,319.5,-0.28075313165469207,No substantial change
AB42,exp,3264501,0.611898,284,346.5,-0.28696442263253175,No substantial change
AB42,exp,3265501,0.61242,268.5,356.5,-0.40897998845847544,No substantial change
AB42,exp,3266501,0.612943,235,314,-0.4181038023266274,No substantial change
AB42,exp,3267501,0.613465,290.5,322,-0.1485225247100881,No substantial change
AB42,exp,3268501,0.613988,285.5,361,-0.3385080915243282,No substantial change
AB42,exp,3269501,0.61451,277.5,361.5,-0.3815078757136494,No substantial change
AB42,exp,3270501,0.615033,242.5,302,-0.3165638022505888,No substantial change
AB42,exp,3271501,0.615555,269,311.5,-0.21162599046737768,No substantial change
AB42,exp,3272501,0.616078,305.5,389,-0.3485977751674623,No substantial change
AB42,exp,3273501,0.6166,321,415,-0.37053803911198396,No substantial change
AB42,exp,3274501,0.617123,276.5,359,-0.37670436358834425,No substantial change
AB42,exp,3275501,0.617646,289,333.5,-0.20661726868390617,No substantial change
AB42,exp,3276501,0.618168,357.5,417,-0.22210414177891186,No substantial change
AB42,exp,3277501,0.618691,342,423,-0.30666133823405195,No substantial change
AB42,exp,3278501,0.619213,263,360,-0.45293410703737247,No substantial change
AB42,exp,3279501,0.619736,280,369.5,-0.40014753720118457,No substantial change
AB42,exp,3280501,0.620258,255,339,-0.41078802627748606,No substantial change
AB42,exp,3281501,0.620781,265,368.5,-0.47567225964450827,No substantial change
AB42,exp,3282501,0.621303,280,383,-0.45191756497999064,No substantial change
AB42,exp,3283501,0.621826,324.5,341,-0.07155326102503388,No substantial change
AB42,exp,3284501,0.622348,254.5,358.5,-0.4943074626262094,No substantial change
AB42,exp,3285501,0.622871,263.5,340.5,-0.3698518363748565,No substantial change
AB42,exp,3286501,0.623394,299,347,-0.21479017838015585,No substantial change
AB42,exp,3287501,0.623916,296,362.5,-0.29238381927334695,No substantial change
AB42,exp,3288501,0.624439,318.5,389,-0.28847678272989147,No substantial change
AB42,exp,3289501,0.624961,292,331,-0.1808628479272005,No substantial change
AB42,exp,3290501,0.625484,375.5,385,-0.036045538067991864,No substantial change
AB42,exp,3291501,0.626006,409,477,-0.2218884230637628,No substantial change
AB42,exp,3292501,0.626529,328.5,349.5,-0.08939908505310681,No substantial change
AB42,exp,3293501,0.627051,298,365.5,-0.2945590754902757,No substantial change
AB42,exp,3294501,0.627574,282,358,-0.3442644248654629,No substantial change
AB42,exp,3295501,0.628096,368.5,399,-0.11472412712727605,No substantial change
AB42,exp,3296501,0.628619,528,511.5,0.045803689613124754,No substantial change
AB42,exp,3297501,0.629141,351.5,444,-0.33703498727757075,No substantial change
AB42,exp,3298501,0.629664,325,400.5,-0.3013625244928933,No substantial change
AB42,exp,3299501,0.630187,306.5,360,-0.23210983263889326,No substantial change
AB42,exp,3300501,0.630709,294,364,-0.3081222953623318,No substantial change
AB42,exp,3301501,0.631232,282,331,-0.23113605440842414,No substantial change
AB42,exp,3302501,0.631754,309,376.5,-0.2850430267675535,No substantial change
AB42,exp,3303501,0.632277,321.5,425,-0.4026441036971168,No substantial change
AB42,exp,3304501,0.632799,287,379.5,-0.40304914873977843,No substantial change
AB42,exp,3305501,0.633322,335,393,-0.23036821691347165,No substantial change
AB42,exp,3306501,0.633844,293,365,-0.31699579934513167,No substantial change
AB42,exp,3307501,0.634367,384,437.5,-0.18817670599853503,No substantial change
AB42,exp,3308501,0.634889,364,382.5,-0.07152129738131793,No substantial change
AB42,exp,3309501,0.635412,256,350,-0.4512111118323288,No substantial change
AB42,exp,3310501,0.635935,247,361.5,-0.5494846053664401,No substantial change
AB42,exp,3311501,0.636457,275,371,-0.43198756820878126,No substantial change
AB42,exp,3312501,0.63698,272,402,-0.5635888499285892,No substantial change
AB42,exp,3313501,0.637502,305,335.5,-0.13750352374993496,No substantial change
AB42,exp,3314501,0.638025,337.5,367.5,-0.12285674778553347,No substantial change
AB42,exp,3315501,0.638547,305.5,343,-0.16703619635408284,No substantial change
AB42,exp,3316501,0.63907,297,344.5,-0.21404105190352563,No substantial change
AB42,exp,3317501,0.639592,228.5,345,-0.5944021966074617,No substantial change
AB42,exp,3318501,0.640115,270,383.5,-0.5062671704521025,No substantial change
AB42,exp,3319501,0.640637,280,402,-0.521768674233962,No substantial change
AB42,exp,3320501,0.64116,380.5,399.5,-0.07029904942443138,No substantial change
AB42,exp,3321501,0.641683,269,378,-0.49078006166444854,No substantial change
AB42,exp,3322501,0.642205,235,346.5,-0.5601945955722138,No substantial change
AB42,exp,3323501,0.642728,314.5,404.5,-0.36307968555068837,No substantial change
AB42,exp,3324501,0.64325,309,402.5,-0.3813819450976048,No substantial change
AB42,exp,3325501,0.643773,311,417,-0.423132803314061,No substantial change
AB42,exp,3326501,0.644295,315,391,-0.3118167789200735,No substantial change
AB42,exp,3327501,0.644818,406,462.5,-0.18797363821849822,No substantial change
AB42,exp,3328501,0.64534,310,395,-0.3495844377902278,No substantial change
AB42,exp,3329501,0.645863,297,416.5,-0.48785356456478185,No substantial change
AB42,exp,3330501,0.646385,260,346.5,-0.4143437291087593,No substantial change
AB42,exp,3331501,0.646908,292,398.5,-0.4486113551104545,No substantial change
AB42,exp,3332501,0.64743,319,368.5,-0.2081081953302004,No substantial change
AB42,exp,3333501,0.647953,331,358,-0.11312837045703873,No substantial change
AB42,exp,3334501,0.648476,322.5,415.5,-0.365549316459728,No substantial change
AB42,exp,3335501,0.648998,325,426.5,-0.3921060234024733,No substantial change
AB42,exp,3336501,0.649521,289.5,413,-0.5125784334302088,No substantial change
AB42,exp,3337501,0.650043,308,429.5,-0.4797277804435623,No substantial change
AB42,exp,3338501,0.650566,325,405.5,-0.31926219630145625,No substantial change
AB42,exp,3339501,0.651088,283,317.5,-0.16595453882764585,No substantial change
AB42,exp,3340501,0.651611,389.5,399,-0.03476541816067664,No substantial change
AB42,exp,3341501,0.652133,316,370,-0.22760071233920912,No substantial change
AB42,exp,3342501,0.652656,351,396,-0.17402939977504894,No substantial change
AB42,exp,3343501,0.653178,519,477.5,0.12023380543476991,No substantial change
AB42,exp,3344501,0.653701,408,405.5,0.008867237754222468,No substantial change
AB42,exp,3345501,0.654224,323,379,-0.23066368347716676,No substantial change
AB42,exp,3346501,0.654746,273,383.5,-0.490325626583081,No substantial change
AB42,exp,3347501,0.655269,260,420,-0.6918777046376681,No substantial change
AB42,exp,3348501,0.655791,290,381.5,-0.39563015681959607,No substantial change
AB42,exp,3349501,0.656314,369.5,425,-0.2018884768789132,No substantial change
AB42,exp,3350501,0.656836,387,446,-0.20471014377589453,No substantial change
AB42,exp,3351501,0.657359,314.5,406,-0.3684197103058871,No substantial change
AB42,exp,3352501,0.657881,271,380.5,-0.48960360214967386,No substantial change
AB42,exp,3353501,0.658404,394,449.5,-0.19012548605807103,No substantial change
AB42,exp,3354501,0.658926,306.5,352,-0.19968835494651577,No substantial change
AB42,exp,3355501,0.659449,312,359.5,-0.20444574157704953,No substantial change
AB42,exp,3356501,0.659972,286.5,351,-0.29293589154765587,No substantial change
AB42,exp,3357501,0.660494,288.5,333.5,-0.20911544253910247,No substantial change
AB42,exp,3358501,0.661017,340.5,392.5,-0.20503785576691813,No substantial change
AB42,exp,3359501,0.661539,296,373,-0.33357845462628805,No substantial change
AB42,exp,3360501,0.662062,250.5,359.5,-0.5211811672440895,No substantial change
AB42,exp,3361501,0.662584,355.5,381,-0.09994143787390673,No substantial change
AB42,exp,3362501,0.663107,303.5,407,-0.4233322780105649,No substantial change
AB42,exp,3363501,0.663629,267.5,380,-0.5064605270424385,No substantial change
AB42,exp,3364501,0.664152,316,369,-0.22369625788329314,No substantial change
AB42,exp,3365501,0.664674,345.5,371,-0.10273347623254481,No substantial change
AB42,exp,3366501,0.665197,282.5,365,-0.36964559646482953,No substantial change
AB42,exp,3367501,0.665719,331.5,404.5,-0.28713083231738984,No substantial change
AB42,exp,3368501,0.666242,290.5,415,-0.5145731728297583,No substantial change
AB42,exp,3369501,0.666765,303.5,384.5,-0.3412870817061444,No substantial change
AB42,exp,3370501,0.667287,302,376,-0.31618411235255844,No substantial change
AB42,exp,3371501,0.66781,254,312,-0.2967175320900825,No substantial change
AB42,exp,3372501,0.668332,299.5,336,-0.16590522998997453,No substantial change
AB42,exp,3373501,0.668855,335.5,352.5,-0.0713104910859723,No substantial change
AB42,exp,3374501,0.669377,357.5,403.5,-0.17462543161202856,No substantial change
AB42,exp,3375501,0.6699,317,378.5,-0.25581045984632445,No substantial change
AB42,exp,3376501,0.670422,258,374.5,-0.5375946530354968,No substantial change
AB42,exp,3377501,0.670945,335.5,445.5,-0.4091126653217384,No substantial change
AB42,exp,3378501,0.671467,282.5,360,-0.3497460390271247,No substantial change
AB42,exp,3379501,0.67199,309,348,-0.17148046794435365,No substantial change
AB42,exp,3380501,0.672513,315.5,370,-0.2298852655337632,No substantial change
AB42,exp,3381501,0.673035,259.5,354,-0.44801482172511653,No substantial change
AB42,exp,3382501,0.673558,279.5,363.5,-0.37910708107640423,No substantial change
AB42,exp,3383501,0.67408,320,395,-0.30378074817710293,No substantial change
AB42,exp,3384501,0.674603,283.5,382,-0.43022390309351993,No substantial change
AB42,exp,3385501,0.675125,273.5,371.5,-0.44182137774603963,No substantial change
AB42,exp,3386501,0.675648,286.5,379,-0.4036627094141869,No substantial change
AB42,exp,3387501,0.67617,375.5,408,-0.1197562444572239,No substantial change
AB42,exp,3388501,0.676693,346.5,406,-0.22862437504796254,No substantial change
AB42,exp,3389501,0.677215,274,363.5,-0.40777947095906764,No substantial change
AB42,exp,3390501,0.677738,277,357.5,-0.3680572656165633,No substantial change
AB42,exp,3391501,0.67826,263,361,-0.45693603759486856,No substantial change
AB42,exp,3392501,0.678783,247.5,328,-0.4062672896511118,No substantial change
AB42,exp,3393501,0.679306,299,385,-0.3647129613841586,No substantial change
AB42,exp,3394501,0.679828,281.5,339.5,-0.27027665216450214,No substantial change
AB42,exp,3395501,0.680351,250.5,298,-0.2505017272669531,No substantial change
AB42,exp,3396501,0.680873,260,354.5,-0.44727400421106167,No substantial change
AB42,exp,3397501,0.681396,239.5,365,-0.6078708080311993,No substantial change
AB42,exp,3398501,0.681918,352.5,430,-0.2867134023033044,No substantial change
AB42,exp,3399501,0.682441,385,426.5,-0.14768729573602654,No substantial change
AB42,exp,3400501,0.682963,392,372,0.07555103300717676,No substantial change
AB42,exp,3401501,0.683486,333.5,401.5,-0.26771322633272954,No substantial change
AB42,exp,3402501,0.684008,330.5,405.5,-0.2950516427095814,No substantial change
AB42,exp,3403501,0.684531,385,450,-0.22506655563477343,No substantial change
AB42,exp,3404501,0.685054,424,438,-0.04686660503797431,No substantial change
AB42,exp,3405501,0.685576,374,367,0.027258207044423822,No substantial change
AB42,exp,3406501,0.686099,475.5,424,0.16538107629736412,No substantial change
AB42,exp,3407501,0.686621,484.5,398.5,0.28191694142460927,No substantial change
AB42,exp,3408501,0.687144,396.5,349.5,0.182028410328542,No substantial change
AB42,exp,3409501,0.687666,468.5,406.5,0.204793695584159,No substantial change
AB42,exp,3410501,0.688189,434,393,0.14316573018587284,No substantial change
AB42,exp,3411501,0.688711,336.5,410.5,-0.2867757171674878,No substantial change
AB42,exp,3412501,0.689234,255.5,379.5,-0.570776594477845,No substantial change
AB42,exp,3413501,0.689756,334,431,-0.3678397666150458,No substantial change
AB42,exp,3414501,0.690279,387.5,434,-0.16349873228287934,No substantial change
AB42,exp,3415501,0.690802,483.5,532,-0.13791035602434837,No substantial change
AB42,exp,3416501,0.691324,387,488,-0.33454758141847596,No substantial change
AB42,exp,3417501,0.691847,240,355,-0.5647846187835259,No substantial change
AB42,exp,3418501,0.692369,290,402,-0.47114260116399403,No substantial change
AB42,exp,3419501,0.692892,306.5,433,-0.4984799510359435,No substantial change
AB42,exp,3420501,0.693414,306.5,368,-0.26381869236623146,No substantial change
AB42,exp,3421501,0.693937,349.5,438.5,-0.3272843870692966,No substantial change
AB42,exp,3422501,0.694459,310,422,-0.4449747834329475,No substantial change
AB42,exp,3423501,0.694982,276,396.5,-0.5226525989258094,No substantial change
AB42,exp,3424501,0.695504,322.5,396,-0.2962012697689931,No substantial change
AB42,exp,3425501,0.696027,261,356.5,-0.4498522698740035,No substantial change
AB42,exp,3426501,0.696549,261,378.5,-0.5362434934158471,No substantial change
AB42,exp,3427501,0.697072,300.5,400.5,-0.41443725169752477,No substantial change
AB42,exp,3428501,0.697595,351.5,390.5,-0.15179785906944407,No substantial change
AB42,exp,3429501,0.698117,336.5,393.5,-0.22575713089716926,No substantial change
AB42,exp,3430501,0.69864,336,393,-0.2260680794798462,No substantial change
AB42,exp,3431501,0.699162,391,478.5,-0.2913503171786733,No substantial change
AB42,exp,3432501,0.699685,299.5,397,-0.40658300435417216,No substantial change
AB42,exp,3433501,0.700207,255.5,353.5,-0.46838692387177755,No substantial change
AB42,exp,3434501,0.70073,276,319,-0.20888815698670038,No substantial change
AB42,exp,3435501,0.701252,355,420,-0.24257030327407825,No substantial change
AB42,exp,3436501,0.701775,387,402.5,-0.056655216857569,No substantial change
AB42,exp,3437501,0.702297,348,408.5,-0.23124877229695515,No substantial change
AB42,exp,3438501,0.70282,298.5,368.5,-0.3039336878302647,No substantial change
AB42,exp,3439501,0.703343,328.5,422,-0.3613496283848556,No substantial change
AB42,exp,3440501,0.703865,542,558.5,-0.04326442912944325,No substantial change
AB42,exp,3441501,0.704388,369,438.5,-0.24895602638433692,No substantial change
AB42,exp,3442501,0.70491,373.5,402.5,-0.10788054021274218,No substantial change
AB42,exp,3443501,0.705433,349.5,433.5,-0.3107395378463985,No substantial change
AB42,exp,3444501,0.705955,366.5,455.5,-0.3136378556682388,No substantial change
AB42,exp,3445501,0.706478,280,353.5,-0.33628338786443235,No substantial change
AB42,exp,3446501,0.707,320.5,349.5,-0.12496809875669547,No substantial change
AB42,exp,3447501,0.707523,313,387,-0.306170909211792,No substantial change
AB42,exp,3448501,0.708045,321.5,360,-0.16317816900172732,No substantial change
AB42,exp,3449501,0.708568,415.5,383,0.11750408484538748,No substantial change
AB42,exp,3450501,0.709091,389,365,0.0918736912188123,No substantial change
AB42,exp,3451501,0.709613,372.5,384,-0.043865885371632204,No substantial change
AB42,exp,3452501,0.710136,357.5,435.5,-0.28472947693311274,No substantial change
AB42,exp,3453501,0.710658,367,410,-0.15984384666223325,No substantial change
AB42,exp,3454501,0.711181,314,370,-0.23676071162468515,No substantial change
AB42,exp,3455501,0.711703,277,380,-0.45611344228175943,No substantial change
AB42,exp,3456501,0.712226,314.5,377,-0.261504506389375,No substantial change
AB42,exp,3457501,0.712748,250.5,325.5,-0.3778469399704271,No substantial change
AB42,exp,3458501,0.713271,248,337.5,-0.44454738155131807,No substantial change
AB42,exp,3459501,0.713793,220,354.5,-0.6882821037148564,No substantial change
AB42,exp,3460501,0.714316,279.5,390,-0.4806258409064206,No substantial change
AB42,exp,3461501,0.714838,405,494.5,-0.28804861298712364,No substantial change
AB42,exp,3462501,0.715361,593.5,602,-0.020515457117795365,No substantial change
AB42,exp,3463501,0.715884,519,549,-0.08107161064731774,No substantial change
AB42,exp,3464501,0.716406,318,412.5,-0.37536735384882286,No substantial change
AB42,exp,3465501,0.716929,278.5,340.5,-0.2899774706720394,No substantial change
AB42,exp,3466501,0.717451,265,342,-0.36800396543533626,No substantial change
AB42,exp,3467501,0.717974,294,392,-0.4150374992788438,No substantial change
AB42,exp,3468501,0.718496,245,329.5,-0.4274967160054813,No substantial change
AB42,exp,3469501,0.719019,224,311,-0.4734158480729984,No substantial change
AB42,exp,3470501,0.719541,258.5,358,-0.46979530694932187,No substantial change
AB42,exp,3471501,0.720064,276,338.5,-0.29448756679682775,No substantial change
AB42,exp,3472501,0.720586,366.5,438,-0.2571176714673615,No substantial change
AB42,exp,3473501,0.721109,680,551,0.30348242756654414,No substantial change
AB42,exp,3474501,0.721632,615,482.5,0.35005746807115956,No substantial change
AB42,exp,3475501,0.722154,495.5,515,-0.05568737488409263,No substantial change
AB42,exp,3476501,0.722677,272.5,373,-0.452919400590949,No substantial change
AB42,exp,3477501,0.723199,288.5,338.5,-0.2305845149295143,No substantial change
AB42,exp,3478501,0.723722,253,395.5,-0.6445403097784818,No substantial change
AB42,exp,3479501,0.724244,325,413.5,-0.34744761125545776,No substantial change
AB42,exp,3480501,0.724767,298.5,386,-0.37086991600327546,No substantial change
AB42,exp,3481501,0.725289,359,448,-0.31951488823455276,No substantial change
AB42,exp,3482501,0.725812,248.5,354.5,-0.5125397756772299,No substantial change
AB42,exp,3483501,0.726334,213,297.5,-0.4820362379694676,No substantial change
AB42,exp,3484501,0.726857,432,436.5,-0.014950341465971444,No substantial change
AB42,exp,3485501,0.72738,406,505,-0.3148036604539808,No substantial change
AB42,exp,3486501,0.727902,323,443.5,-0.45739993960713904,No substantial change
AB42,exp,3487501,0.728425,399.5,473.5,-0.24516892254040815,No substantial change
AB42,exp,3488501,0.728947,432.5,417.5,0.05092393516267249,No substantial change
AB42,exp,3489501,0.72947,379,364.5,0.05627903384415472,No substantial change
AB42,exp,3490501,0.729992,293,331,-0.1759305523849699,No substantial change
AB42,exp,3491501,0.730515,255.5,373,-0.5458523393176165,No substantial change
AB42,exp,3492501,0.731037,260,349.5,-0.42678083234698194,No substantial change
AB42,exp,3493501,0.73156,314,325,-0.04967515902418987,No substantial change
AB42,exp,3494501,0.732082,318.5,375.5,-0.23751953525797134,No substantial change
AB42,exp,3495501,0.732605,263.5,296.5,-0.1702291429087891,No substantial change
AB42,exp,3496501,0.733127,293,356.5,-0.28300141202164014,No substantial change
AB42,exp,3497501,0.73365,288,312,-0.1154772174199359,No substantial change
AB42,exp,3498501,0.734173,260,311,-0.25840295710214806,No substantial change
AB42,exp,3499501,0.734695,333,411,-0.3036162166104207,No substantial change
AB42,exp,3500501,0.735218,277,366.5,-0.40392722208462356,No substantial change
AB42,exp,3501501,0.73574,296,413.5,-0.4822901535423249,No substantial change
AB42,exp,3502501,0.736263,326,432,-0.40615934793239095,No substantial change
AB42,exp,3503501,0.736785,423,459,-0.1178364902938583,No substantial change
AB42,exp,3504501,0.737308,322.5,358.5,-0.15267395839128833,No substantial change
AB42,exp,3505501,0.73783,322,373.5,-0.21404755467462022,No substantial change
AB42,exp,3506501,0.738353,354.5,403.5,-0.18678304603826423,No substantial change
AB42,exp,3507501,0.738875,335.5,393,-0.22821654605842293,No substantial change
AB42,exp,3508501,0.739398,315.5,400.5,-0.34416223742616103,No substantial change
AB42,exp,3509501,0.739921,323,377,-0.22303035857473943,No substantial change
AB42,exp,3510501,0.740443,298,385.5,-0.3714185294528727,No substantial change
AB42,exp,3511501,0.740966,322,392.5,-0.2856319656643723,No substantial change
AB42,exp,3512501,0.741488,376,480,-0.35230174393088115,No substantial change
AB42,exp,3513501,0.742011,297,405,-0.4474589769712214,No substantial change
AB42,exp,3514501,0.742533,353,440.5,-0.31947383564923326,No substantial change
AB42,exp,3515501,0.743056,330.5,381.5,-0.20703278532683878,No substantial change
AB42,exp,3516501,0.743578,366,422.5,-0.2071076928855042,No substantial change
AB42,exp,3517501,0.744101,417,376.5,0.14739751877273533,No substantial change
AB42,exp,3518501,0.744623,378.5,430.5,-0.18571993741111234,No substantial change
AB42,exp,3519501,0.745146,351,400,-0.18852896947016407,No substantial change
AB42,exp,3520501,0.745669,356,424.5,-0.2538873125866408,No substantial change
AB42,exp,3521501,0.746191,339.5,383,-0.17393281768022523,No substantial change
AB42,exp,3522501,0.746714,406.5,416,-0.03332817606606438,No substantial change
AB42,exp,3523501,0.747236,265.5,412.5,-0.6356822583290245,No substantial change
AB42,exp,3524501,0.747759,238.5,301.5,-0.33816873589457336,No substantial change
AB42,exp,3525501,0.748281,254,343.5,-0.4354816020459343,No substantial change
AB42,exp,3526501,0.748804,241.5,358,-0.5679363984284833,No substantial change
AB42,exp,3527501,0.749326,301.5,389.5,-0.36946532616158445,No substantial change
AB42,exp,3528501,0.749849,266.5,312,-0.22741049610307254,No substantial change
AB42,exp,3529501,0.750371,260.5,311.5,-0.25794879074549365,No substantial change
AB42,exp,3530501,0.750894,265.5,342,-0.3652844640817443,No substantial change
AB42,exp,3531501,0.751416,295.5,355.5,-0.2666914294418829,No substantial change
AB42,exp,3532501,0.751939,406,458.5,-0.17544200640987812,No substantial change
AB42,exp,3533501,0.752462,316,383,-0.2774198337478541,No substantial change
AB42,exp,3534501,0.752984,255,311,-0.28641733327174457,No substantial change
AB42,exp,3535501,0.753507,283,302,-0.09374649649319657,No substantial change
AB42,exp,3536501,0.754029,292.5,349.5,-0.2568558309046695,No substantial change
AB42,exp,3537501,0.754552,247.5,317.5,-0.35932806669255635,No substantial change
AB42,exp,3538501,0.755074,239,326.5,-0.45007237356568225,No substantial change
AB42,exp,3539501,0.755597,249.5,327,-0.3902508201608219,No substantial change
AB42,exp,3540501,0.756119,244,335.5,-0.4594316186372972,No substantial change
AB42,exp,3541501,0.756642,242.5,324.5,-0.4202337309246484,No substantial change
AB42,exp,3542501,0.757164,219,310.5,-0.503662398619308,No substantial change
AB42,exp,3543501,0.757687,278.5,355.5,-0.3521722322793835,No substantial change
AB42,exp,3544501,0.75821,231.5,355,-0.616806831131808,No substantial change
AB42,exp,3545501,0.758732,310.5,384,-0.30651304250067474,No substantial change
AB42,exp,3546501,0.759255,293,358,-0.28905892284200846,No substantial change
AB42,exp,3547501,0.759777,303,381,-0.33047320402037106,No substantial change
AB42,exp,3548501,0.7603,538.5,468,0.20243781496080288,No substantial change
AB42,exp,3549501,0.760822,481,448,0.10253816171243771,No substantial change
AB42,exp,3550501,0.761345,549,484.5,0.18030948359011753,No substantial change
AB42,exp,3551501,0.761867,375,476,-0.3440709779247003,No substantial change
AB42,exp,3552501,0.76239,400.5,493.5,-0.3012478420476875,No substantial change
AB42,exp,3553501,0.762912,326,412,-0.33777237295214085,No substantial change
AB42,exp,3554501,0.763435,285.5,380.5,-0.41440570814070254,No substantial change
AB42,exp,3555501,0.763958,296,358,-0.2743624116353066,No substantial change
AB42,exp,3556501,0.76448,303,362,-0.2566719036102544,No substantial change
AB42,exp,3557501,0.765003,302,370.5,-0.29492499298075486,No substantial change
AB42,exp,3558501,0.765525,300,361.5,-0.26903314645523685,No substantial change
AB42,exp,3559501,0.766048,295,353.5,-0.26099526056019534,No substantial change
AB42,exp,3560501,0.76657,330,337,-0.030282566936042754,No substantial change
AB42,exp,3561501,0.767093,418.5,395,0.08337496948587861,No substantial change
AB42,exp,3562501,0.767615,352,398.5,-0.17900429535317453,No substantial change
AB42,exp,3563501,0.768138,243.5,330,-0.43854425216347354,No substantial change
AB42,exp,3564501,0.76866,261,317,-0.2804330335695228,No substantial change
AB42,exp,3565501,0.769183,289.5,334,-0.20628475448481567,No substantial change
AB42,exp,3566501,0.769705,281,357.5,-0.34737311144482574,No substantial change
AB42,exp,3567501,0.770228,268,402.5,-0.586755782544207,No substantial change
AB42,exp,3568501,0.770751,293,374,-0.35213760546538875,No substantial change
AB42,exp,3569501,0.771273,305.5,418,-0.4523305622621532,No substantial change
AB42,exp,3570501,0.771796,527,571.5,-0.11695053657726352,No substantial change
AB42,exp,3571501,0.772318,359.5,331,0.11916055363208011,No substantial change
AB42,exp,3572501,0.772841,255,321.5,-0.3343214904690893,No substantial change
AB42,exp,3573501,0.773363,270.5,386,-0.5129722534412651,No substantial change
AB42,exp,3574501,0.773886,306.5,376,-0.29484558798685595,No substantial change
AB42,exp,3575501,0.774408,336.5,427,-0.34362956501017333,No substantial change
AB42,exp,3576501,0.774931,342.5,421,-0.2977162452185069,No substantial change
AB42,exp,3577501,0.775453,275,361.5,-0.39456402853909595,No substantial change
AB42,exp,3578501,0.775976,203,300.5,-0.5658852635260093,No substantial change
AB42,exp,3579501,0.776499,217,318,-0.5513317228398761,No substantial change
AB42,exp,3580501,0.777021,250,299.5,-0.2606279081266986,No substantial change
AB42,exp,3581501,0.777544,255,331.5,-0.3785116232537297,No substantial change
AB42,exp,3582501,0.778066,262,325.5,-0.3130907316281852,No substantial change
AB42,exp,3583501,0.778589,277,336.5,-0.28072052856112883,No substantial change
AB42,exp,3584501,0.779111,279.5,357.5,-0.3550949588225616,No substantial change
AB42,exp,3585501,0.779634,306.5,373.5,-0.28522116909845563,No substantial change
AB42,exp,3586501,0.780156,300,326.5,-0.12212049105054984,No substantial change
AB42,exp,3587501,0.780679,322.5,376.5,-0.22335070436131169,No substantial change
AB42,exp,3588501,0.781201,295.5,362,-0.2928315669056728,No substantial change
AB42,exp,3589501,0.781724,312.5,380.5,-0.2840402639540961,No substantial change
AB42,exp,3590501,0.782247,302.5,364.5,-0.26898367216498015,No substantial change
AB42,exp,3591501,0.782769,439.5,454,-0.04682913214751088,No substantial change
AB42,exp,3592501,0.783292,413,380.5,0.11824532791589991,No substantial change
AB42,exp,3593501,0.783814,366.5,368,-0.005892567923200987,No substantial change
AB42,exp,3594501,0.784337,463,403,0.2002323547322691,No substantial change
AB42,exp,3595501,0.784859,381.5,393,-0.04284625542407593,No substantial change
AB42,exp,3596501,0.785382,298,330,-0.14715369378365414,No substantial change
AB42,exp,3597501,0.785904,281,350.5,-0.3188443137896971,No substantial change
AB42,exp,3598501,0.786427,302.5,373.5,-0.3041731006272803,No substantial change
AB42,exp,3599501,0.786949,474.5,502.5,-0.08271550904518149,No substantial change
AB42,exp,3600501,0.787472,485,476,0.027023173766546418,No substantial change
AB42,exp,3601501,0.787994,228,275,-0.2703977942472803,No substantial change
AB42,exp,3602501,0.788517,325.5,406.5,-0.32059780890939216,No substantial change
AB42,exp,3603501,0.78904,276.5,346.5,-0.32557587190250664,No substantial change
AB42,exp,3604501,0.789562,259,354,-0.4507972623964436,No substantial change
AB42,exp,3605501,0.790085,261,342.5,-0.3920541812780045,No substantial change
AB42,exp,3606501,0.790607,253,348,-0.45994992115441813,No substantial change
AB42,exp,3607501,0.79113,263.5,347.5,-0.3992100159736552,No substantial change
AB42,exp,3608501,0.791652,260,321.5,-0.30630711429949287,No substantial change
AB42,exp,3609501,0.792175,247.5,359,-0.5365553188560793,No substantial change
AB42,exp,3610501,0.792697,347.5,433,-0.3173540471158552,No substantial change
AB42,exp,3611501,0.79322,356.5,434,-0.2837929660005913,No substantial change
AB42,exp,3612501,0.793742,239,341,-0.5127611210434239,No substantial change
AB42,exp,3613501,0.794265,246,343,-0.47955026083357244,No substantial change
AB42,exp,3614501,0.794788,303,338,-0.15770545280923337,No substantial change
AB42,exp,3615501,0.79531,288,389,-0.43370134354387957,No substantial change
AB42,exp,3616501,0.795833,290.5,370,-0.3489871071117833,No substantial change
AB42,exp,3617501,0.796355,315,369,-0.22826898767311726,No substantial change
AB42,exp,3618501,0.796878,257,346,-0.42900367844284654,No substantial change
AB42,exp,3619501,0.7974,233,331.5,-0.5086789154583077,No substantial change
AB42,exp,3620501,0.797923,334.5,447,-0.4182686205418569,No substantial change
AB42,exp,3621501,0.798445,303,363,-0.26065175452279976,No substantial change
AB42,exp,3622501,0.798968,286,353,-0.3036530364927909,No substantial change
AB42,exp,3623501,0.79949,324,381,-0.23379718460869722,No substantial change
AB42,exp,3624501,0.800013,314,395,-0.33108809417283824,No substantial change
AB42,exp,3625501,0.800536,263,366,-0.47678084899174006,No substantial change
AB42,exp,3626501,0.801058,303.5,395,-0.38015613680878324,No substantial change
AB42,exp,3627501,0.801581,293,332.5,-0.18245367596630407,No substantial change
AB42,exp,3628501,0.802103,281,369,-0.3930506858394699,No substantial change
AB42,exp,3629501,0.802626,282.5,346,-0.29252117033417446,No substantial change
AB42,exp,3630501,0.803148,280.5,361.5,-0.3659948763423249,No substantial change
AB42,exp,3631501,0.803671,317,378,-0.25390339408166546,No substantial change
AB42,exp,3632501,0.804193,300,345.5,-0.20372320989237772,No substantial change
AB42,exp,3633501,0.804716,308.5,324.5,-0.0729479888497207,No substantial change
AB42,exp,3634501,0.805238,299.5,349.5,-0.2227364525866508,No substantial change
AB42,exp,3635501,0.805761,241.5,323,-0.4195109758581518,No substantial change
AB42,exp,3636501,0.806283,296.5,339.5,-0.19537946969872813,No substantial change
AB42,exp,3637501,0.806806,293,374,-0.35213760546538875,No substantial change
AB42,exp,3638501,0.807329,226,350,-0.6310321494171411,No substantial change
AB42,exp,3639501,0.807851,274.5,346,-0.3339658886315261,No substantial change
AB42,exp,3640501,0.808374,269,324.5,-0.2706123054425144,No substantial change
AB42,exp,3641501,0.808896,277.5,357.5,-0.3654554704282834,No substantial change
AB42,exp,3642501,0.809419,270,343.5,-0.34735069176726935,No substantial change
AB42,exp,3643501,0.809941,270,374,-0.4700788628368058,No substantial change
AB42,exp,3644501,0.810464,285.5,415,-0.5396205908714442,No substantial change
AB42,exp,3645501,0.810986,226,354,-0.6474265876678097,No substantial change
AB42,exp,3646501,0.811509,342,396.5,-0.21332454081808055,No substantial change
AB42,exp,3647501,0.812031,397,430,-0.11519765244650257,No substantial change
AB42,exp,3648501,0.812554,282.5,362.5,-0.35973012759974676,No substantial change
AB42,exp,3649501,0.813077,314.5,365.5,-0.2168113890731482,No substantial change
AB42,exp,3650501,0.813599,333,443,-0.4117845214837561,No substantial change
AB42,exp,3651501,0.814122,316.5,420,-0.4081838282377813,No substantial change
AB42,exp,3652501,0.814644,271,353,-0.3813753319173087,No substantial change
AB42,exp,3653501,0.815167,313.5,373,-0.25071018745319884,No substantial change
AB42,exp,3654501,0.815689,346.5,436.5,-0.3331263014922264,No substantial change
AB42,exp,3655501,0.816212,243,326.5,-0.42612667794064973,No substantial change
AB42,exp,3656501,0.816734,256.5,308,-0.2639715250878474,No substantial change
AB42,exp,3657501,0.817257,259,359,-0.4710317461364975,No substantial change
AB42,exp,3658501,0.817779,336.5,406,-0.27087322257485913,No substantial change
AB42,exp,3659501,0.818302,288,364,-0.337869638756384,No substantial change
AB42,exp,3660501,0.818824,364.5,413,-0.1802229670925083,No substantial change
AB42,exp,3661501,0.819347,332,387.5,-0.22301306881467509,No substantial change
AB42,exp,3662501,0.81987,349.5,399,-0.1910962908469094,No substantial change
AB42,exp,3663501,0.820392,316.5,423,-0.41845216369160837,No substantial change
AB42,exp,3664501,0.820915,243,371.5,-0.6124058969328153,No substantial change
AB42,exp,3665501,0.821437,315.5,371.5,-0.23572220555604717,No substantial change
AB42,exp,3666501,0.82196,337.5,376.5,-0.15776236273373495,No substantial change
AB42,exp,3667501,0.822482,334,355.5,-0.09000145714536306,No substantial change
AB42,exp,3668501,0.823005,322.5,401.5,-0.316100827206698,No substantial change
AB42,exp,3669501,0.823527,324,394,-0.28220181657175153,No substantial change
AB42,exp,3670501,0.82405,225.5,363.5,-0.6888279306642133,No substantial change
AB42,exp,3671501,0.824572,275.5,379,-0.4601455295999341,No substantial change
AB42,exp,3672501,0.825095,304,393,-0.3704579888150209,No substantial change
AB42,exp,3673501,0.825618,327.5,350.5,-0.09791953758581053,No substantial change
AB42,exp,3674501,0.82614,275,317,-0.2050512217273852,No substantial change
AB42,exp,3675501,0.826663,252.5,348.5,-0.4648752682292661,No substantial change
AB42,exp,3676501,0.827185,287,370,-0.3664745338406244,No substantial change
AB42,exp,3677501,0.827708,246.5,340,-0.46394709975979026,No substantial change
AB42,exp,3678501,0.82823,293,395.5,-0.432777030050544,No substantial change
AB42,exp,3679501,0.828753,324.5,363.5,-0.1637368859204558,No substantial change
AB42,exp,3680501,0.829275,274.5,372.5,-0.44043427634432536,No substantial change
AB42,exp,3681501,0.829798,425,479,-0.17256281471111612,No substantial change
AB42,exp,3682501,0.83032,336,406.5,-0.2747941192962674,No substantial change
AB42,exp,3683501,0.830843,321,336,-0.06588793565645709,No substantial change
AB42,exp,3684501,0.831366,319.5,388,-0.28024072124013333,No substantial change
AB42,exp,3685501,0.831888,308.5,376,-0.2854621725282195,No substantial change
AB42,exp,3686501,0.832411,309.5,350,-0.17741551261806424,No substantial change
AB42,exp,3687501,0.832933,343,369.5,-0.10736578797333868,No substantial change
AB42,exp,3688501,0.833456,267,325,-0.2835999762282629,No substantial change
AB42,exp,3689501,0.833978,259,360,-0.4750448086431208,No substantial change
AB42,exp,3690501,0.834501,289,398,-0.4616989380429701,No substantial change
AB42,exp,3691501,0.835023,273,370,-0.43862431959645964,No substantial change
AB42,exp,3692501,0.835546,246.5,338,-0.4554355999042728,No substantial change
AB42,exp,3693501,0.836068,342.5,392.5,-0.19658866593110025,No substantial change
AB42,exp,3694501,0.836591,317,377.5,-0.25199380407303396,No substantial change
AB42,exp,3695501,0.837113,291,366.5,-0.33279404522552797,No substantial change
AB42,exp,3696501,0.837636,366.5,402,-0.13338230304511678,No substantial change
AB42,exp,3697501,0.838159,258,335,-0.37679002992188076,No substantial change
AB42,exp,3698501,0.838681,272,356.5,-0.3902954251935487,No substantial change
AB42,exp,3699501,0.839204,296,362,-0.29039252145425554,No substantial change
AB42,exp,3700501,0.839726,256,329.5,-0.3641346550080517,No substantial change
AB42,exp,3701501,0.840249,238,301.5,-0.34119642859214133,No substantial change
AB42,exp,3702501,0.840771,246.5,351.5,-0.5119370426946238,No substantial change
AB42,exp,3703501,0.841294,263,335.5,-0.35124996690788113,No substantial change
AB42,exp,3704501,0.841816,268,321,-0.26034029666453073,No substantial change
AB42,exp,3705501,0.842339,299.5,313,-0.0636066541438326,No substantial change
AB42,exp,3706501,0.842861,330.5,320.5,0.044325914888950615,No substantial change
AB42,exp,3707501,0.843384,343.5,357,-0.05561397521099954,No substantial change
AB42,exp,3708501,0.843907,283,410,-0.5348218566735639,No substantial change
AB42,exp,3709501,0.844429,290,393.5,-0.44031073549255195,No substantial change
AB42,exp,3710501,0.844952,275,358,-0.3805279688522344,No substantial change
AB42,exp,3711501,0.845474,281,393.5,-0.48579350528656035,No substantial change
AB42,exp,3712501,0.845997,343.5,396.5,-0.2070107668858783,No substantial change
AB42,exp,3713501,0.846519,305,400.5,-0.39299299995846154,No substantial change
AB42,exp,3714501,0.847042,449,404,0.15236015198935232,No substantial change
AB42,exp,3715501,0.847564,453,404,0.16515575729444049,No substantial change
AB42,exp,3716501,0.848087,313,349,-0.15706437927703393,No substantial change
AB42,exp,3717501,0.848609,438,426.5,0.03838512828288332,No substantial change
AB42,exp,3718501,0.849132,372,370,0.007777350591719181,No substantial change
AB42,exp,3719501,0.849655,331,357,-0.10909285722188194,No substantial change
AB42,exp,3720501,0.850177,393,422,-0.10271368644857866,No substantial change
AB42,exp,3721501,0.8507,336.5,416.5,-0.3077099907552305,No substantial change
AB42,exp,3722501,0.851222,293,352,-0.2646747642150494,No substantial change
AB42,exp,3723501,0.851745,272.5,376.5,-0.4663936350076394,No substantial change
AB42,exp,3724501,0.852267,372.5,375.5,-0.011572482164747853,No substantial change
AB42,exp,3725501,0.85279,308,360,-0.22506655563477343,No substantial change
AB42,exp,3726501,0.853312,267.5,330.5,-0.3051113802191823,No substantial change
AB42,exp,3727501,0.853835,304.5,333,-0.12907994916492976,No substantial change
AB42,exp,3728501,0.854357,395.5,430,-0.12065896511666849,No substantial change
AB42,exp,3729501,0.85488,351.5,368.5,-0.06813993002253443,No substantial change
AB42,exp,3730501,0.855402,354.5,350,0.018430705407187376,No substantial change
AB42,exp,3731501,0.855925,298,333.5,-0.16237443072242336,No substantial change
AB42,exp,3732501,0.856448,306,374.5,-0.29143406576609926,No substantial change
AB42,exp,3733501,0.85697,266,388,-0.5446304066859381,No substantial change
AB42,exp,3734501,0.857493,290.5,404,-0.47581712934726594,No substantial change
AB42,exp,3735501,0.858015,317.5,403.5,-0.345812081618252,No substantial change
AB42,exp,3736501,0.858538,283.5,359,-0.3406351088808226,No substantial change
AB42,exp,3737501,0.85906,395,453.5,-0.1992498974640572,No substantial change
AB42,exp,3738501,0.859583,377,460,-0.28706933767571086,No substantial change
AB42,exp,3739501,0.860105,342,379.5,-0.15010356052956844,No substantial change
AB42,exp,3740501,0.860628,371,449.5,-0.276901928893644,No substantial change
AB42,exp,3741501,0.86115,247,393.5,-0.6718525939228087,No substantial change
AB42,exp,3742501,0.861673,250.5,351.5,-0.48871408587732684,No substantial change
AB42,exp,3743501,0.862196,341.5,414,-0.2777451892092348,No substantial change
AB42,exp,3744501,0.862718,338.5,353.5,-0.06255438123440213,No substantial change
AB42,exp,3745501,0.863241,352.5,372.5,-0.07961716806336806,No substantial change
AB42,exp,3746501,0.863763,315.5,346,-0.13313203265417559,No substantial change
AB42,exp,3747501,0.864286,288.5,332.5,-0.2047830217430695,No substantial change
AB42,exp,3748501,0.864808,272.5,339.5,-0.31715534458044303,No substantial change
AB42,exp,3749501,0.865331,260,340.5,-0.38914317498361656,No substantial change
AB42,exp,3750501,0.865853,292,381.5,-0.38571468795451336,No substantial change
AB42,exp,3751501,0.866376,274,368.5,-0.4274887261345431,No substantial change
AB42,exp,3752501,0.866898,264,302,-0.19401061996662544,No substantial change
AB42,exp,3753501,0.867421,294,373,-0.34335947541887346,No substantial change
AB42,exp,3754501,0.867944,348,422.5,-0.27986403532081827,No substantial change
AB42,exp,3755501,0.868466,378,424.5,-0.16737831933196584,No substantial change
AB42,exp,3756501,0.868989,291.5,373.5,-0.3576123595887406,No substantial change
AB42,exp,3757501,0.869511,293.5,383,-0.3839838888149049,No substantial change
AB42,exp,3758501,0.870034,359.5,386.5,-0.10447664348554965,No substantial change
AB42,exp,3759501,0.870556,292.5,276,0.08376835769259773,No substantial change
AB42,exp,3760501,0.871079,340.5,402,-0.23954070316685755,No substantial change
AB42,exp,3761501,0.871601,372.5,402.5,-0.11174835765245546,No substantial change
AB42,exp,3762501,0.872124,405,427.5,-0.07800251200127321,No substantial change
AB42,exp,3763501,0.872646,399,395,0.014536093157880587,No substantial change
AB42,exp,3764501,0.873169,276.5,295,-0.09343547401449659,No substantial change
AB42,exp,3765501,0.873691,277.5,328,-0.24120804338061533,No substantial change
AB42,exp,3766501,0.874214,301.5,394,-0.3860376275562914,No substantial change
AB42,exp,3767501,0.874737,306.5,386,-0.3327137735772988,No substantial change
AB42,exp,3768501,0.875259,274.5,326,-0.24806581522587887,No substantial change
AB42,exp,3769501,0.875782,241,323,-0.4225010184639634,No substantial change
AB42,exp,3770501,0.876304,301.5,334.5,-0.14984820874137605,No substantial change
AB42,exp,3771501,0.876827,327.5,370.5,-0.1779786358810212,No substantial change
AB42,exp,3772501,0.877349,285.5,380.5,-0.41440570814070254,No substantial change
AB42,exp,3773501,0.877872,280,385.5,-0.4613040329700679,No substantial change
AB42,exp,3774501,0.878394,278,334,-0.2647632197505448,No substantial change
AB42,exp,3775501,0.878917,269,330,-0.2948598516891916,No substantial change
AB42,exp,3776501,0.879439,251.5,291,-0.2104607531027567,No substantial change
AB42,exp,3777501,0.879962,266.5,343.5,-0.3661745660589243,No substantial change
AB42,exp,3778501,0.880485,316.5,357,-0.17371857460075846,No substantial change
AB42,exp,3779501,0.881007,282.5,323.5,-0.19551484468995745,No substantial change
AB42,exp,3780501,0.88153,317.5,373,-0.23241903859570956,No substantial change
AB42,exp,3781501,0.882052,311,378,-0.28147165409047004,No substantial change
AB42,exp,3782501,0.882575,304.5,339,-0.15484304523001155,No substantial change
AB42,exp,3783501,0.883097,324,360.5,-0.1540054463561977,No substantial change
AB42,exp,3784501,0.88362,309,350.5,-0.1818076061062487,No substantial change
AB42,exp,3785501,0.884142,275,340,-0.30610312772567977,No substantial change
AB42,exp,3786501,0.884665,359.5,391.5,-0.12302053685174277,No substantial change
AB42,exp,3787501,0.885187,359,378,-0.07440239039802125,No substantial change
AB42,exp,3788501,0.88571,282,348,-0.3033921434499348,No substantial change
AB42,exp,3789501,0.886233,266.5,392.5,-0.5585571210198136,No substantial change
AB42,exp,3790501,0.886755,301,389,-0.3700066682264899,No substantial change
AB42,exp,3791501,0.887278,251,332.5,-0.4056669764377799,No substantial change
AB42,exp,3792501,0.8878,236.5,345,-0.5447561783261362,No substantial change
AB42,exp,3793501,0.888323,298.5,327.5,-0.13376397516000763,No substantial change
AB42,exp,3794501,0.888845,316,367,-0.21585550466610995,No substantial change
AB42,exp,3795501,0.889368,369.5,399.5,-0.11262113878182578,No substantial change
AB42,exp,3796501,0.88989,341.5,387,-0.18044798785431987,No substantial change
AB42,exp,3797501,0.890413,271.5,386.5,-0.5095162161204858,No substantial change
AB42,exp,3798501,0.890935,355,428.5,-0.27147617972045535,No substantial change
AB42,exp,3799501,0.891458,359.5,380.5,-0.08190468306424765,No substantial change
AB42,exp,3800501,0.89198,309.5,397.5,-0.36101545095745297,No substantial change
AB42,exp,3801501,0.892503,283.5,369.5,-0.382225629203922,No substantial change
AB42,exp,3802501,0.893026,256.5,359.5,-0.48703294483224385,No substantial change
AB42,exp,3803501,0.893548,265.5,323.5,-0.28505385118835386,No substantial change
AB42,exp,3804501,0.894071,307.5,314.5,-0.03247360665268704,No substantial change
AB42,exp,3805501,0.894593,266,315,-0.24392558288608923,No substantial change
AB42,exp,3806501,0.895116,247.5,337.5,-0.4474589769712214,No substantial change
AB42,exp,3807501,0.895638,241.5,315,-0.38332863955150553,No substantial change
AB42,exp,3808501,0.896161,268,351.5,-0.39129168861476293,No substantial change
AB42,exp,3809501,0.896683,339.5,399.5,-0.23478392868324507,No substantial change
AB42,exp,3810501,0.897206,356,438,-0.29905362863477575,No substantial change
AB42,exp,3811501,0.897728,383,434.5,-0.182011784889443,No substantial change
AB42,exp,3812501,0.898251,275,355,-0.3683874059800225,No substantial change
AB42,exp,3813501,0.898774,323.5,397,-0.2953732951504503,No substantial change
AB42,exp,3814501,0.899296,264,352.5,-0.41708532792770253,No substantial change
AB42,exp,3815501,0.899819,249.5,327,-0.3902508201608219,No substantial change
AB42,exp,3816501,0.900341,227.5,363.5,-0.6760888188335358,No substantial change
AB42,exp,3817501,0.900864,257.5,339.5,-0.3988391421741511,No substantial change
AB42,exp,3818501,0.901386,202.5,289,-0.5131475847286918,No substantial change
AB42,exp,3819501,0.901909,251.5,318.5,-0.3407349724507734,No substantial change
AB42,exp,3820501,0.902431,264.5,345,-0.38332863955150553,No substantial change
AB42,exp,3821501,0.902954,261,335,-0.3601112887752502,No substantial change
AB42,exp,3822501,0.903476,304,347.5,-0.19294165416728434,No substantial change
AB42,exp,3823501,0.903999,258.5,335,-0.3739968150302001,No substantial change
AB42,exp,3824501,0.904522,276,349,-0.3385587694314832,No substantial change
AB42,exp,3825501,0.905044,326,353.5,-0.11683825057832133,No substantial change
AB42,exp,3826501,0.905567,271,370,-0.44923241916244067,No substantial change
AB42,exp,3827501,0.906089,277,382,-0.46368666198656044,No substantial change
AB42,exp,3828501,0.906612,329,372,-0.17721503737278993,No substantial change
AB42,exp,3829501,0.907134,325.5,388,-0.25339910902149215,No substantial change
AB42,exp,3830501,0.907657,310.5,326,-0.07027869601059605,No substantial change
AB42,exp,3831501,0.908179,290,380,-0.3899465183160133,No substantial change
AB42,exp,3832501,0.908702,297,396.5,-0.4168579349032126,No substantial change
AB42,exp,3833501,0.909224,283,389.5,-0.46082127522978683,No substantial change
AB42,exp,3834501,0.909747,320.5,398.5,-0.31425536737173076,No substantial change
AB42,exp,3835501,0.910269,343,360.5,-0.07179068306801013,No substantial change
AB42,exp,3836501,0.910792,249,308.5,-0.30912474708133686,No substantial change
AB42,exp,3837501,0.911315,317,351,-0.14698819016515338,No substantial change
AB42,exp,3838501,0.911837,378.5,409,-0.11180754295601723,No substantial change
AB42,exp,3839501,0.91236,272.5,389.5,-0.5153670983973804,No substantial change
AB42,exp,3840501,0.912882,273.5,346,-0.339231204844168,No substantial change
AB42,exp,3841501,0.913405,303.5,373.5,-0.299411726533555,No substantial change
AB42,exp,3842501,0.913927,275,402,-0.5477638827669066,No substantial change
AB42,exp,3843501,0.91445,394,396,-0.007304800623233399,No substantial change
AB42,exp,3844501,0.914972,357,355,0.008105049637055278,No substantial change
AB42,exp,3845501,0.915495,300,331.5,-0.14404636961670686,No substantial change
AB42,exp,3846501,0.916017,285,334.5,-0.23104429158935685,No substantial change
AB42,exp,3847501,0.91654,298.5,354.5,-0.24805469597471105,No substantial change
AB42,exp,3848501,0.917063,281,300.5,-0.09679486049025941,No substantial change
AB42,exp,3849501,0.917585,284,351,-0.3055801007998786,No substantial change
AB42,exp,3850501,0.918108,312,403,-0.36923380966571906,No substantial change
AB42,exp,3851501,0.91863,306.5,395.5,-0.3677906207820104,No substantial change
AB42,exp,3852501,0.919153,273,364,-0.4150374992788438,No substantial change
AB42,exp,3853501,0.919675,279,367.5,-0.39747912789453915,No substantial change
AB42,exp,3854501,0.920198,346.5,413,-0.25328642928223166,No substantial change
AB42,exp,3855501,0.92072,342,381.5,-0.1576867319486326,No substantial change
AB42,exp,3856501,0.921243,274.5,351,-0.3546648812993621,No substantial change
AB42,exp,3857501,0.921765,287,371,-0.3703684499451154,No substantial change
AB42,exp,3858501,0.922288,328.5,349,-0.08733366588732262,No substantial change
AB42,exp,3859501,0.922811,306.5,343,-0.16232150248203087,No substantial change
AB42,exp,3860501,0.923333,331.5,345,-0.05758749155294365,No substantial change
AB42,exp,3861501,0.923856,297,303,-0.028854862672185143,No substantial change
AB42,exp,3862501,0.924378,245,340,-0.4727529971351312,No substantial change
AB42,exp,3863501,0.924901,252.5,372.5,-0.5609570377103668,No substantial change
AB42,exp,3864501,0.925423,328,397,-0.2754431925248741,No substantial change
AB42,exp,3865501,0.925946,288.5,360,-0.31942558768419216,No substantial change
AB42,exp,3866501,0.926468,266.5,306.5,-0.20175154093160572,No substantial change
AB42,exp,3867501,0.926991,276,355.5,-0.36518129284124634,No substantial change
AB42,exp,3868501,0.927513,277,342,-0.30411034883670945,No substantial change
AB42,exp,3869501,0.928036,327,363,-0.15067891249766815,No substantial change
AB42,exp,3870501,0.928558,267.5,365,-0.4483575724788702,No substantial change
AB42,exp,3871501,0.929081,298,367.5,-0.3024319192615652,No substantial change
AB42,exp,3872501,0.929604,384.5,388.5,-0.014931000445883623,No substantial change
AB42,exp,3873501,0.930126,300,342,-0.18903382439001706,No substantial change
AB42,exp,3874501,0.930649,307,324.5,-0.0799798226289592,No substantial change
AB42,exp,3875501,0.931171,289.5,376.5,-0.3790865166826916,No substantial change
AB42,exp,3876501,0.931694,346.5,417.5,-0.26892084522420096,No substantial change
AB42,exp,3877501,0.932216,367.5,388,-0.07831240246340099,No substantial change
AB42,exp,3878501,0.932739,242.5,368,-0.601721018982523,No substantial change
AB42,exp,3879501,0.933261,261.5,351.5,-0.4267137428255938,No substantial change
AB42,exp,3880501,0.933784,299,337.5,-0.17474201774008827,No substantial change
AB42,exp,3881501,0.934306,287,340,-0.24448400946201396,No substantial change
AB42,exp,3882501,0.934829,310.5,343.5,-0.1457168305976187,No substantial change
AB42,exp,3883501,0.935352,424.5,382,0.15219191551728994,No substantial change
AB42,exp,3884501,0.935874,300.5,285,0.07640307165908133,No substantial change
AB42,exp,3885501,0.936397,349,368.5,-0.07843758288541743,No substantial change
AB42,exp,3886501,0.936919,344,343.5,0.002098465883997877,No substantial change
AB42,exp,3887501,0.937442,251.5,309,-0.2970484380988474,No substantial change
AB42,exp,3888501,0.937964,333,379.5,-0.1885777083442041,No substantial change
AB42,exp,3889501,0.938487,327.5,385,-0.2333635391574511,No substantial change
AB42,exp,3890501,0.939009,297.5,352.5,-0.24473358909085005,No substantial change
AB42,exp,3891501,0.939532,313,330.5,-0.07848761457507329,No substantial change
AB42,exp,3892501,0.940054,300,339,-0.17632277264046295,No substantial change
AB42,exp,3893501,0.940577,344.5,412.5,-0.2598901364288867,No substantial change
AB42,exp,3894501,0.9411,329,421.5,-0.3574450472068407,No substantial change
AB42,exp,3895501,0.941622,341,357.5,-0.06817150264157922,No substantial change
AB42,exp,3896501,0.942145,322.5,361.5,-0.16469648664050124,No substantial change
AB42,exp,3897501,0.942667,407.5,444,-0.12375961723166605,No substantial change
AB42,exp,3898501,0.94319,420,386.5,0.11992091374127531,No substantial change
AB42,exp,3899501,0.943712,307,318.5,-0.05305471688612101,No substantial change
AB42,exp,3900501,0.944235,337,342.5,-0.023355396666030634,No substantial change
AB42,exp,3901501,0.944757,335.5,351,-0.06515826410437715,No substantial change
AB42,exp,3902501,0.94528,324.5,409,-0.33388236494261025,No substantial change
AB42,exp,3903501,0.945802,292.5,427.5,-0.5474877953024933,No substantial change
AB42,exp,3904501,0.946325,327,428.5,-0.3900045686144174,No substantial change
AB42,exp,3905501,0.946847,273,331.5,-0.28010791919273537,No substantial change
AB42,exp,3906501,0.94737,317.5,366,-0.20508705662451424,No substantial change
AB42,exp,3907501,0.947893,278.5,386.5,-0.47279108658481556,No substantial change
AB42,exp,3908501,0.948415,306,402.5,-0.3954571303093275,No substantial change
AB42,exp,3909501,0.948938,328,356,-0.11818142634831401,No substantial change
AB42,exp,3910501,0.94946,324,328,-0.017702001733458983,No substantial change
AB42,exp,3911501,0.949983,283.5,283,0.0025466821103465307,No substantial change
AB42,exp,3912501,0.950505,337,312.5,0.10889240163240911,No substantial change
AB42,exp,3913501,0.951028,345.5,425,-0.2987771306368055,No substantial change
AB42,exp,3914501,0.95155,292,362.5,-0.3120126260222796,No substantial change
AB42,exp,3915501,0.952073,330.5,393,-0.2498790407509147,No substantial change
AB42,exp,3916501,0.952595,300,349,-0.21826453571377144,No substantial change
AB42,exp,3917501,0.953118,306.5,336.5,-0.13471943091953562,No substantial change
AB42,exp,3918501,0.953641,290.5,356,-0.29333907756186883,No substantial change
AB42,exp,3919501,0.954163,290,412,-0.5065914371682839,No substantial change
AB42,exp,3920501,0.954686,323.5,356,-0.13811152897389026,No substantial change
AB42,exp,3921501,0.955208,319,331.5,-0.055452446347718336,No substantial change
AB42,exp,3922501,0.955731,292.5,368,-0.331269141586246,No substantial change
AB42,exp,3923501,0.956253,315,340.5,-0.11230296962479239,No substantial change
AB42,exp,3924501,0.956776,294,370.5,-0.3336573874694693,No substantial change
AB42,exp,3925501,0.957298,392,413.5,-0.07703367505606652,No substantial change
AB42,exp,3926501,0.957821,434,407.5,0.09089498332603951,No substantial change
AB42,exp,3927501,0.958343,418,399.5,0.06530743915290595,No substantial change
AB42,exp,3928501,0.958866,309.5,322,-0.0571212789003524,No substantial change
AB42,exp,3929501,0.959388,309.5,346,-0.16083262842246002,No substantial change
AB42,exp,3930501,0.959911,281.5,328.5,-0.2227584482421,No substantial change
AB42,exp,3931501,0.960434,382.5,412.5,-0.10893437155316406,No substantial change
AB42,exp,3932501,0.960956,360.5,414.5,-0.2013728422549279,No substantial change
AB42,exp,3933501,0.961479,367,396.5,-0.11154080286076565,No substantial change
AB42,exp,3934501,0.962001,509.5,472,0.1102952868039725,No substantial change
AB42,exp,3935501,0.962524,386.5,441.5,-0.19194502372361863,No substantial change
AB42,exp,3936501,0.963046,304.5,369.5,-0.2791321362398186,No substantial change
AB42,exp,3937501,0.963569,282,387.5,-0.45850114776280626,No substantial change
AB42,exp,3938501,0.964091,273,360.5,-0.40109830832097004,No substantial change
AB42,exp,3939501,0.964614,270,351.5,-0.3805652820217044,No substantial change
AB42,exp,3940501,0.965136,336,402,-0.2587342684001684,No substantial change
AB42,exp,3941501,0.965659,250.5,339,-0.43647466994113543,No substantial change
AB42,exp,3942501,0.966182,329,445,-0.43571775211851854,No substantial change
AB42,exp,3943501,0.966704,355.5,427,-0.26438651000107505,No substantial change
AB42,exp,3944501,0.967227,344.5,428,-0.3131068136968555,No substantial change
AB42,exp,3945501,0.967749,307,401,-0.385363581084741,No substantial change
AB42,exp,3946501,0.968272,347.5,395.5,-0.18666471686192201,No substantial change
AB42,exp,3947501,0.968794,365.5,469.5,-0.3612537517013372,No substantial change
AB42,exp,3948501,0.969317,244.5,337,-0.4629141262296247,No substantial change
AB42,exp,3949501,0.969839,272,357.5,-0.3943365904154124,No substantial change
AB42,exp,3950501,0.970362,246,370.5,-0.5908152269665938,No substantial change
AB42,exp,3951501,0.970884,224.5,304,-0.4373558787024385,No substantial change
AB42,exp,3952501,0.971407,268.5,330,-0.29754393626040326,No substantial change
AB42,exp,3953501,0.97193,260.5,354,-0.44246598780448926,No substantial change
AB42,exp,3954501,0.972452,357,415,-0.2171872622051874,No substantial change
AB42,exp,3955501,0.972975,327,355.5,-0.12055892412133278,No substantial change
AB42,exp,3956501,0.973497,344.5,380.5,-0.1433924707992541,No substantial change
AB42,exp,3957501,0.97402,313,383,-0.2911817349923388,No substantial change
AB42,exp,3958501,0.974542,310,398,-0.36050021526941123,No substantial change
AB42,exp,3959501,0.975065,286.5,403,-0.4922446997710625,No substantial change
AB42,exp,3960501,0.975587,378,445.5,-0.2370391973008493,No substantial change
AB42,exp,3961501,0.97611,287.5,361.5,-0.3304336911193803,No substantial change
AB42,exp,3962501,0.976632,326.5,406,-0.3143967356387454,No substantial change
AB42,exp,3963501,0.977155,339,407,-0.26374352112990324,No substantial change
AB42,exp,3964501,0.977677,331,404.5,-0.2893084856227598,No substantial change
AB42,exp,3965501,0.9782,328.5,398.5,-0.27868635366814215,No substantial change
AB42,exp,3966501,0.978723,294,387,-0.39651741130804585,No substantial change
AB42,exp,3967501,0.979245,299.5,375.5,-0.3262569047254862,No substantial change
AB42,exp,3968501,0.979768,297,373.5,-0.3306453119884713,No substantial change
AB42,exp,3969501,0.98029,271,392,-0.5325608027613367,No substantial change
AB42,exp,3970501,0.980813,282.5,341,-0.2715208717216223,No substantial change
AB42,exp,3971501,0.981335,254.5,332.5,-0.3856886843128567,No substantial change
AB42,exp,3972501,0.981858,244.5,345,-0.4967618967132976,No substantial change
AB42,exp,3973501,0.98238,299,411.5,-0.4607469462235207,No substantial change
AB42,exp,3974501,0.982903,343,434.5,-0.34114760064158794,No substantial change
AB42,exp,3975501,0.983425,314,346,-0.14000747874509756,No substantial change
AB42,exp,3976501,0.983948,341,358,-0.07018784824008392,No substantial change
AB42,exp,3977501,0.984471,327.5,354.5,-0.11429072081470348,No substantial change
AB42,exp,3978501,0.984993,410.5,330.5,0.312731950270113,No substantial change
AB42,exp,3979501,0.985516,443,399.5,0.14911119562704142,No substantial change
AB42,exp,3980501,0.986038,403,396,0.025279408448357833,No substantial change
AB42,exp,3981501,0.986561,378.5,412.5,-0.12410081914744645,No substantial change
AB42,exp,3982501,0.987083,291,362,-0.3149705441749215,No substantial change
AB42,exp,3983501,0.987606,315,381.5,-0.27633122844725155,No substantial change
AB42,exp,3984501,0.988128,281.5,381.5,-0.4385481347543009,No substantial change
AB42,exp,3985501,0.988651,270.5,365,-0.4322678699405643,No substantial change
AB42,exp,3986501,0.989173,415.5,439,-0.07937246276501368,No substantial change
AB42,exp,3987501,0.989696,430,391,0.13716805228210807,No substantial change
AB42,exp,3988501,0.990219,409,359,0.18811699911869734,No substantial change
AB42,exp,3989501,0.990741,416.5,432,-0.05271481679792095,No substantial change
AB42,exp,3990501,0.991264,365.5,387,-0.08246216019197299,No substantial change
AB42,exp,3991501,0.991786,342.5,387,-0.17622957829652114,No substantial change
AB42,exp,3992501,0.992309,320,402,-0.3291235962915662,No substantial change
AB42,exp,3993501,0.992831,363.5,418,-0.20154757816128846,No substantial change
AB42,exp,3994501,0.993354,412.5,455,-0.14147242595288048,No substantial change
AB42,exp,3995501,0.993876,308.5,392.5,-0.3474221646295714,No substantial change
AB42,exp,3996501,0.994399,292,354,-0.2777809912029803,No substantial change
AB42,exp,3997501,0.99492100000000006,275.5,311.5,-0.1771798444528443,No substantial change
AB42,exp,3998501,0.995444,274.5,370.5,-0.4326673933006352,No substantial change
AB42,exp,3999501,0.995966,241,379,-0.6531647019411302,No substantial change
AB42,exp,4000501,0.996489,249,331.5,-0.4128631280445068,No substantial change
AB42,exp,4001501,0.997012,272,355,-0.38421237314170503,No substantial change
AB42,exp,4002501,0.997534,333,354,-0.08822718301173522,No substantial change
AB42,exp,4003501,0.998057,386,412,-0.09404348991513792,No substantial change
