window_start	window_end	window_mid	raw_count	norm_position	log2_ratio
1	1000	501	363.0	-0.999439	-0.039206
1001	2000	1501	381.0	-0.998610	0.030615
2001	3000	2501	275.0	-0.997782	-0.439744
3001	4000	3501	354.0	-0.996953	-0.075426
4001	5000	4501	321.0	-0.996124	-0.216602
5001	6000	5501	330.0	-0.995295	-0.176710
6001	7000	6501	284.0	-0.994467	-0.393285
7001	8000	7501	420.0	-0.993638	0.171214
8001	9000	8501	392.0	-0.992809	0.071678
9001	10000	9501	351.0	-0.991980	-0.087705
10001	11000	10501	332.0	-0.991152	-0.167992
11001	12000	11501	549.0	-0.990323	0.557631
12001	13000	12501	432.0	-0.989494	0.211856
13001	14000	13501	384.0	-0.988666	0.041931
14001	15000	14501	334.0	-0.987837	-0.159328
15001	16000	15501	315.0	-0.987008	-0.243824
16001	17000	16501	296.0	-0.986179	-0.333578
17001	18000	17501	374.0	-0.985351	0.003863
18001	19000	18501	341.0	-0.984522	-0.129404
19001	20000	19501	363.0	-0.983693	-0.039206
20001	21000	20501	385.0	-0.982865	0.045683
21001	22000	21501	456.0	-0.982036	0.289858
22001	23000	22501	458.0	-0.981207	0.296172
23001	24000	23501	515.0	-0.980378	0.465397
24001	25000	24501	498.0	-0.979550	0.416970
25001	26000	25501	472.0	-0.978721	0.339611
26001	27000	26501	387.0	-0.977892	0.053158
27001	28000	27501	399.0	-0.977063	0.097213
28001	29000	28501	384.0	-0.976235	0.041931
29001	30000	29501	377.0	-0.975406	0.015389
30001	31000	30501	318.0	-0.974577	-0.230149
31001	32000	31501	360.0	-0.973749	-0.051179
32001	33000	32501	328.0	-0.972920	-0.185480
33001	34000	33501	295.0	-0.972091	-0.338461
34001	35000	34501	465.0	-0.971262	0.318055
35001	36000	35501	371.0	-0.970434	-0.007756
36001	37000	36501	376.0	-0.969605	0.011557
37001	38000	37501	370.0	-0.968776	-0.011650
38001	39000	38501	383.0	-0.967948	0.038169
39001	40000	39501	393.0	-0.967119	0.075354
40001	41000	40501	397.0	-0.966290	0.089963
41001	42000	41501	466.0	-0.965461	0.321154
42001	43000	42501	394.0	-0.964633	0.079020
43001	44000	43501	407.0	-0.963804	0.125853
44001	45000	44501	418.0	-0.962975	0.164327
45001	46000	45501	471.0	-0.962146	0.336551
46001	47000	46501	349.0	-0.961318	-0.095949
47001	48000	47501	366.0	-0.960489	-0.027332
48001	49000	48501	398.0	-0.959660	0.093593
49001	50000	49501	436.0	-0.958832	0.225153
50001	51000	50501	471.0	-0.958003	0.336551
51001	52000	51501	439.0	-0.957174	0.235045
52001	53000	52501	415.0	-0.956345	0.153936
53001	54000	53501	419.0	-0.955517	0.167775
54001	55000	54501	423.0	-0.954688	0.181482
55001	56000	55501	414.0	-0.953859	0.150455
56001	57000	56501	409.0	-0.953031	0.132925
57001	58000	57501	356.0	-0.952202	-0.067298
58001	59000	58501	371.0	-0.951373	-0.007756
59001	60000	59501	445.0	-0.950544	0.254630
60001	61000	60501	506.0	-0.949716	0.439962
61001	62000	61501	434.0	-0.948887	0.218519
62001	63000	62501	416.0	-0.948058	0.157408
63001	64000	63501	372.0	-0.947229	-0.003873
64001	65000	64501	466.0	-0.946401	0.321154
65001	66000	65501	407.0	-0.945572	0.125853
66001	67000	66501	422.0	-0.944743	0.178067
67001	68000	67501	347.0	-0.943915	-0.104240
68001	69000	68501	333.0	-0.943086	-0.163653
69001	70000	69501	426.0	-0.942257	0.191678
70001	71000	70501	423.0	-0.941428	0.181482
71001	72000	71501	529.0	-0.940600	0.504092
72001	73000	72501	434.0	-0.939771	0.218519
73001	74000	73501	372.0	-0.938942	-0.003873
74001	75000	74501	399.0	-0.938114	0.097213
75001	76000	75501	360.0	-0.937285	-0.051179
76001	77000	76501	334.0	-0.936456	-0.159328
77001	78000	77501	431.0	-0.935627	0.208512
78001	79000	78501	328.0	-0.934799	-0.185480
79001	80000	79501	326.0	-0.933970	-0.194304
80001	81000	80501	361.0	-0.933141	-0.047177
81001	82000	81501	409.0	-0.932312	0.132925
82001	83000	82501	391.0	-0.931484	0.067993
83001	84000	83501	389.0	-0.930655	0.060595
84001	85000	84501	417.0	-0.929826	0.160872
85001	86000	85501	372.0	-0.928998	-0.003873
86001	87000	86501	360.0	-0.928169	-0.051179
87001	88000	87501	451.0	-0.927340	0.273952
88001	89000	88501	407.0	-0.926511	0.125853
89001	90000	89501	381.0	-0.925683	0.030615
90001	91000	90501	499.0	-0.924854	0.419864
91001	92000	91501	495.0	-0.924025	0.408253
92001	93000	92501	355.0	-0.923197	-0.071357
93001	94000	93501	386.0	-0.922368	0.049425
94001	95000	94501	349.0	-0.921539	-0.095949
95001	96000	95501	305.0	-0.920710	-0.290366
96001	97000	96501	269.0	-0.919882	-0.471569
97001	98000	97501	345.0	-0.919053	-0.112579
98001	99000	98501	432.0	-0.918224	0.211856
99001	100000	99501	449.0	-0.917395	0.267540
100001	101000	100501	360.0	-0.916567	-0.051179
101001	102000	101501	357.0	-0.915738	-0.063252
102001	103000	102501	386.0	-0.914909	0.049425
103001	104000	103501	347.0	-0.914081	-0.104240
104001	105000	104501	354.0	-0.913252	-0.075426
105001	106000	105501	354.0	-0.912423	-0.075426
106001	107000	106501	392.0	-0.911594	0.071678
107001	108000	107501	404.0	-0.910766	0.115180
108001	109000	108501	396.0	-0.909937	0.086325
109001	110000	109501	368.0	-0.909108	-0.019470
110001	111000	110501	360.0	-0.908280	-0.051179
111001	112000	111501	379.0	-0.907451	0.023022
112001	113000	112501	332.0	-0.906622	-0.167992
113001	114000	113501	236.0	-0.905793	-0.660389
114001	115000	114501	274.0	-0.904965	-0.445000
115001	116000	115501	320.0	-0.904136	-0.221104
116001	117000	116501	330.0	-0.903307	-0.176710
117001	118000	117501	325.0	-0.902478	-0.198736
118001	119000	118501	317.0	-0.901650	-0.234693
119001	120000	119501	296.0	-0.900821	-0.333578
120001	121000	120501	283.0	-0.899992	-0.398374
121001	122000	121501	324.0	-0.899164	-0.203182
122001	123000	122501	406.0	-0.898335	0.122304
123001	124000	123501	425.0	-0.897506	0.188287
124001	125000	124501	412.0	-0.896677	0.143469
125001	126000	125501	426.0	-0.895849	0.191678
126001	127000	126501	490.0	-0.895020	0.393606
127001	128000	127501	464.0	-0.894191	0.314949
128001	129000	128501	327.0	-0.893363	-0.189885
129001	130000	129501	258.0	-0.892534	-0.531805
130001	131000	130501	339.0	-0.891705	-0.137890
131001	132000	131501	345.0	-0.890876	-0.112579
132001	133000	132501	381.0	-0.890048	0.030615
133001	134000	133501	319.0	-0.889219	-0.225619
134001	135000	134501	279.0	-0.888390	-0.418911
135001	136000	135501	343.0	-0.887561	-0.120967
136001	137000	136501	284.0	-0.886733	-0.393285
137001	138000	137501	337.0	-0.885904	-0.146427
138001	139000	138501	339.0	-0.885075	-0.137890
139001	140000	139501	339.0	-0.884247	-0.137890
140001	141000	140501	278.0	-0.883418	-0.424091
141001	142000	141501	324.0	-0.882589	-0.203182
142001	143000	142501	475.0	-0.881760	0.348752
143001	144000	143501	608.0	-0.880932	0.704896
144001	145000	144501	447.0	-0.880103	0.261099
145001	146000	145501	369.0	-0.879274	-0.015555
146001	147000	146501	357.0	-0.878446	-0.063252
147001	148000	147501	369.0	-0.877617	-0.015555
148001	149000	148501	382.0	-0.876788	0.034397
149001	150000	149501	330.0	-0.875959	-0.176710
150001	151000	150501	433.0	-0.875131	0.215191
151001	152000	151501	369.0	-0.874302	-0.015555
152001	153000	152501	404.0	-0.873473	0.115180
153001	154000	153501	349.0	-0.872644	-0.095949
154001	155000	154501	355.0	-0.871816	-0.071357
155001	156000	155501	401.0	-0.870987	0.104427
156001	157000	156501	371.0	-0.870158	-0.007756
157001	158000	157501	372.0	-0.869330	-0.003873
158001	159000	158501	362.0	-0.868501	-0.043186
159001	160000	159501	373.0	-0.867672	0.000000
160001	161000	160501	361.0	-0.866843	-0.047177
161001	162000	161501	362.0	-0.866015	-0.043186
162001	163000	162501	451.0	-0.865186	0.273952
163001	164000	163501	500.0	-0.864357	0.422752
164001	165000	164501	394.0	-0.863529	0.079020
165001	166000	165501	358.0	-0.862700	-0.059216
166001	167000	166501	335.0	-0.861871	-0.155015
167001	168000	167501	399.0	-0.861042	0.097213
168001	169000	168501	403.0	-0.860214	0.111604
169001	170000	169501	334.0	-0.859385	-0.159328
170001	171000	170501	348.0	-0.858556	-0.100088
171001	172000	171501	263.0	-0.857727	-0.504113
172001	173000	172501	360.0	-0.856899	-0.051179
173001	174000	173501	398.0	-0.856070	0.093593
174001	175000	174501	396.0	-0.855241	0.086325
175001	176000	175501	389.0	-0.854413	0.060595
176001	177000	176501	354.0	-0.853584	-0.075426
177001	178000	177501	452.0	-0.852755	0.277147
178001	179000	178501	476.0	-0.851926	0.351786
179001	180000	179501	367.0	-0.851098	-0.023396
180001	181000	180501	305.0	-0.850269	-0.290366
181001	182000	181501	361.0	-0.849440	-0.047177
182001	183000	182501	408.0	-0.848612	0.129394
183001	184000	183501	412.0	-0.847783	0.143469
184001	185000	184501	424.0	-0.846954	0.184889
185001	186000	185501	409.0	-0.846125	0.132925
186001	187000	186501	476.0	-0.845297	0.351786
187001	188000	187501	428.0	-0.844468	0.198435
188001	189000	188501	410.0	-0.843639	0.136448
189001	190000	189501	339.0	-0.842810	-0.137890
190001	191000	190501	459.0	-0.841982	0.299319
191001	192000	191501	410.0	-0.841153	0.136448
192001	193000	192501	517.0	-0.840324	0.470989
193001	194000	193501	433.0	-0.839496	0.215191
194001	195000	194501	482.0	-0.838667	0.369858
195001	196000	195501	495.0	-0.837838	0.408253
196001	197000	196501	440.0	-0.837009	0.238328
197001	198000	197501	358.0	-0.836181	-0.059216
198001	199000	198501	294.0	-0.835352	-0.343359
199001	200000	199501	335.0	-0.834523	-0.155015
200001	201000	200501	365.0	-0.833695	-0.031279
201001	202000	201501	376.0	-0.832866	0.011557
202001	203000	202501	461.0	-0.832037	0.305591
203001	204000	203501	479.0	-0.831208	0.360850
204001	205000	204501	540.0	-0.830380	0.533784
205001	206000	205501	497.0	-0.829551	0.414070
206001	207000	206501	434.0	-0.828722	0.218519
207001	208000	207501	416.0	-0.827893	0.157408
208001	209000	208501	476.0	-0.827065	0.351786
209001	210000	209501	526.0	-0.826236	0.495887
210001	211000	210501	447.0	-0.825407	0.261099
211001	212000	211501	424.0	-0.824579	0.184889
212001	213000	212501	471.0	-0.823750	0.336551
213001	214000	213501	577.0	-0.822921	0.629396
214001	215000	214501	503.0	-0.822092	0.431383
215001	216000	215501	385.0	-0.821264	0.045683
216001	217000	216501	434.0	-0.820435	0.218519
217001	218000	217501	452.0	-0.819606	0.277147
218001	219000	218501	495.0	-0.818778	0.408253
219001	220000	219501	428.0	-0.817949	0.198435
220001	221000	220501	280.0	-0.817120	-0.413749
221001	222000	221501	274.0	-0.816291	-0.445000
222001	223000	222501	240.0	-0.815463	-0.636141
223001	224000	223501	262.0	-0.814634	-0.509609
224001	225000	224501	386.0	-0.813805	0.049425
225001	226000	225501	282.0	-0.812976	-0.403480
226001	227000	226501	387.0	-0.812148	0.053158
227001	228000	227501	504.0	-0.811319	0.434248
228001	229000	228501	400.0	-0.810490	0.100824
229001	230000	229501	337.0	-0.809662	-0.146427
230001	231000	230501	301.0	-0.808833	-0.309412
231001	232000	231501	282.0	-0.808004	-0.403480
232001	233000	232501	278.0	-0.807175	-0.424091
233001	234000	233501	288.0	-0.806347	-0.373107
234001	235000	234501	257.0	-0.805518	-0.537407
235001	236000	235501	298.0	-0.804689	-0.323863
236001	237000	236501	429.0	-0.803861	0.201802
237001	238000	237501	381.0	-0.803032	0.030615
238001	239000	238501	311.0	-0.802203	-0.262261
239001	240000	239501	343.0	-0.801374	-0.120967
240001	241000	240501	252.0	-0.800546	-0.565752
241001	242000	241501	269.0	-0.799717	-0.471569
242001	243000	242501	269.0	-0.798888	-0.471569
243001	244000	243501	346.0	-0.798059	-0.108404
244001	245000	244501	367.0	-0.797231	-0.023396
245001	246000	245501	315.0	-0.796402	-0.243824
246001	247000	246501	218.0	-0.795573	-0.774847
247001	248000	247501	309.0	-0.794745	-0.271569
248001	249000	248501	305.0	-0.793916	-0.290366
249001	250000	249501	224.0	-0.793087	-0.735677
250001	251000	250501	264.0	-0.792258	-0.498638
251001	252000	251501	323.0	-0.791430	-0.207641
252001	253000	252501	303.0	-0.790601	-0.299858
253001	254000	253501	331.0	-0.789772	-0.172344
254001	255000	254501	312.0	-0.788944	-0.257630
255001	256000	255501	275.0	-0.788115	-0.439744
256001	257000	256501	278.0	-0.787286	-0.424091
257001	258000	257501	266.0	-0.786457	-0.487749
258001	259000	258501	264.0	-0.785629	-0.498638
259001	260000	259501	240.0	-0.784800	-0.636141
260001	261000	260501	329.0	-0.783971	-0.181088
261001	262000	261501	352.0	-0.783142	-0.083600
262001	263000	262501	317.0	-0.782314	-0.234693
263001	264000	263501	298.0	-0.781485	-0.323863
264001	265000	264501	339.0	-0.780656	-0.137890
265001	266000	265501	240.0	-0.779828	-0.636141
266001	267000	266501	254.0	-0.778999	-0.554347
267001	268000	267501	262.0	-0.778170	-0.509609
268001	269000	268501	278.0	-0.777341	-0.424091
269001	270000	269501	269.0	-0.776513	-0.471569
270001	271000	270501	303.0	-0.775684	-0.299858
271001	272000	271501	292.0	-0.774855	-0.353207
272001	273000	272501	291.0	-0.774027	-0.358156
273001	274000	273501	268.0	-0.773198	-0.476943
274001	275000	274501	290.0	-0.772369	-0.363123
275001	276000	275501	236.0	-0.771540	-0.660389
276001	277000	276501	278.0	-0.770712	-0.424091
277001	278000	277501	311.0	-0.769883	-0.262261
278001	279000	278501	333.0	-0.769054	-0.163653
279001	280000	279501	334.0	-0.768225	-0.159328
280001	281000	280501	290.0	-0.767397	-0.363123
281001	282000	281501	350.0	-0.766568	-0.091821
282001	283000	282501	327.0	-0.765739	-0.189885
283001	284000	283501	385.0	-0.764911	0.045683
284001	285000	284501	358.0	-0.764082	-0.059216
285001	286000	285501	381.0	-0.763253	0.030615
286001	287000	286501	352.0	-0.762424	-0.083600
287001	288000	287501	279.0	-0.761596	-0.418911
288001	289000	288501	325.0	-0.760767	-0.198736
289001	290000	289501	347.0	-0.759938	-0.104240
290001	291000	290501	275.0	-0.759110	-0.439744
291001	292000	291501	382.0	-0.758281	0.034397
292001	293000	292501	357.0	-0.757452	-0.063252
293001	294000	293501	256.0	-0.756623	-0.543032
294001	295000	294501	263.0	-0.755795	-0.504113
295001	296000	295501	267.0	-0.754966	-0.482336
296001	297000	296501	311.0	-0.754137	-0.262261
297001	298000	297501	281.0	-0.753308	-0.408606
298001	299000	298501	319.0	-0.752480	-0.225619
299001	300000	299501	280.0	-0.751651	-0.413749
300001	301000	300501	224.0	-0.750822	-0.735677
301001	302000	301501	300.0	-0.749994	-0.314213
302001	303000	302501	367.0	-0.749165	-0.023396
303001	304000	303501	367.0	-0.748336	-0.023396
304001	305000	304501	296.0	-0.747507	-0.333578
305001	306000	305501	324.0	-0.746679	-0.203182
306001	307000	306501	267.0	-0.745850	-0.482336
307001	308000	307501	320.0	-0.745021	-0.221104
308001	309000	308501	355.0	-0.744193	-0.071357
309001	310000	309501	378.0	-0.743364	0.019211
310001	311000	310501	401.0	-0.742535	0.104427
311001	312000	311501	303.0	-0.741706	-0.299858
312001	313000	312501	360.0	-0.740878	-0.051179
313001	314000	313501	273.0	-0.740049	-0.450275
314001	315000	314501	380.0	-0.739220	0.026824
315001	316000	315501	330.0	-0.738391	-0.176710
316001	317000	316501	330.0	-0.737563	-0.176710
317001	318000	317501	337.0	-0.736734	-0.146427
318001	319000	318501	336.0	-0.735905	-0.150714
319001	320000	319501	322.0	-0.735077	-0.212115
320001	321000	320501	292.0	-0.734248	-0.353207
321001	322000	321501	409.0	-0.733419	0.132925
322001	323000	322501	400.0	-0.732590	0.100824
323001	324000	323501	384.0	-0.731762	0.041931
324001	325000	324501	394.0	-0.730933	0.079020
325001	326000	325501	304.0	-0.730104	-0.295104
326001	327000	326501	296.0	-0.729276	-0.333578
327001	328000	327501	318.0	-0.728447	-0.230149
328001	329000	328501	333.0	-0.727618	-0.163653
329001	330000	329501	388.0	-0.726789	0.056881
330001	331000	330501	318.0	-0.725961	-0.230149
331001	332000	331501	351.0	-0.725132	-0.087705
332001	333000	332501	335.0	-0.724303	-0.155015
333001	334000	333501	322.0	-0.723474	-0.212115
334001	335000	334501	543.0	-0.722646	0.541777
335001	336000	335501	437.0	-0.721817	0.228458
336001	337000	336501	378.0	-0.720988	0.019211
337001	338000	337501	339.0	-0.720160	-0.137890
338001	339000	338501	451.0	-0.719331	0.273952
339001	340000	339501	423.0	-0.718502	0.181482
340001	341000	340501	404.0	-0.717673	0.115180
341001	342000	341501	347.0	-0.716845	-0.104240
342001	343000	342501	378.0	-0.716016	0.019211
343001	344000	343501	322.0	-0.715187	-0.212115
344001	345000	344501	430.0	-0.714359	0.205161
345001	346000	345501	475.0	-0.713530	0.348752
346001	347000	346501	350.0	-0.712701	-0.091821
347001	348000	347501	383.0	-0.711872	0.038169
348001	349000	348501	385.0	-0.711044	0.045683
349001	350000	349501	302.0	-0.710215	-0.304627
350001	351000	350501	345.0	-0.709386	-0.112579
351001	352000	351501	392.0	-0.708557	0.071678
352001	353000	352501	432.0	-0.707729	0.211856
353001	354000	353501	499.0	-0.706900	0.419864
354001	355000	354501	430.0	-0.706071	0.205161
355001	356000	355501	415.0	-0.705243	0.153936
356001	357000	356501	410.0	-0.704414	0.136448
357001	358000	357501	403.0	-0.703585	0.111604
358001	359000	358501	402.0	-0.702756	0.108020
359001	360000	359501	348.0	-0.701928	-0.100088
360001	361000	360501	356.0	-0.701099	-0.067298
361001	362000	361501	428.0	-0.700270	0.198435
362001	363000	362501	418.0	-0.699442	0.164327
363001	364000	363501	451.0	-0.698613	0.273952
364001	365000	364501	394.0	-0.697784	0.079020
365001	366000	365501	437.0	-0.696955	0.228458
366001	367000	366501	585.0	-0.696127	0.649261
367001	368000	367501	459.0	-0.695298	0.299319
368001	369000	368501	343.0	-0.694469	-0.120967
369001	370000	369501	420.0	-0.693640	0.171214
370001	371000	370501	426.0	-0.692812	0.191678
371001	372000	371501	318.0	-0.691983	-0.230149
372001	373000	372501	328.0	-0.691154	-0.185480
373001	374000	373501	385.0	-0.690326	0.045683
374001	375000	374501	384.0	-0.689497	0.041931
375001	376000	375501	331.0	-0.688668	-0.172344
376001	377000	376501	345.0	-0.687839	-0.112579
377001	378000	377501	346.0	-0.687011	-0.108404
378001	379000	378501	415.0	-0.686182	0.153936
379001	380000	379501	456.0	-0.685353	0.289858
380001	381000	380501	331.0	-0.684525	-0.172344
381001	382000	381501	410.0	-0.683696	0.136448
382001	383000	382501	386.0	-0.682867	0.049425
383001	384000	383501	382.0	-0.682038	0.034397
384001	385000	384501	445.0	-0.681210	0.254630
385001	386000	385501	318.0	-0.680381	-0.230149
386001	387000	386501	410.0	-0.679552	0.136448
387001	388000	387501	396.0	-0.678723	0.086325
388001	389000	388501	358.0	-0.677895	-0.059216
389001	390000	389501	322.0	-0.677066	-0.212115
390001	391000	390501	379.0	-0.676237	0.023022
391001	392000	391501	401.0	-0.675409	0.104427
392001	393000	392501	336.0	-0.674580	-0.150714
393001	394000	393501	340.0	-0.673751	-0.133641
394001	395000	394501	335.0	-0.672922	-0.155015
395001	396000	395501	405.0	-0.672094	0.118746
396001	397000	396501	467.0	-0.671265	0.324247
397001	398000	397501	484.0	-0.670436	0.375831
398001	399000	398501	334.0	-0.669608	-0.159328
399001	400000	399501	414.0	-0.668779	0.150455
400001	401000	400501	460.0	-0.667950	0.302458
401001	402000	401501	402.0	-0.667121	0.108020
402001	403000	402501	316.0	-0.666293	-0.239251
403001	404000	403501	371.0	-0.665464	-0.007756
404001	405000	404501	369.0	-0.664635	-0.015555
405001	406000	405501	410.0	-0.663806	0.136448
406001	407000	406501	430.0	-0.662978	0.205161
407001	408000	407501	352.0	-0.662149	-0.083600
408001	409000	408501	349.0	-0.661320	-0.095949
409001	410000	409501	401.0	-0.660492	0.104427
410001	411000	410501	412.0	-0.659663	0.143469
411001	412000	411501	376.0	-0.658834	0.011557
412001	413000	412501	467.0	-0.658005	0.324247
413001	414000	413501	582.0	-0.657177	0.641844
414001	415000	414501	418.0	-0.656348	0.164327
415001	416000	415501	360.0	-0.655519	-0.051179
416001	417000	416501	346.0	-0.654691	-0.108404
417001	418000	417501	400.0	-0.653862	0.100824
418001	419000	418501	334.0	-0.653033	-0.159328
419001	420000	419501	350.0	-0.652204	-0.091821
420001	421000	420501	371.0	-0.651376	-0.007756
421001	422000	421501	345.0	-0.650547	-0.112579
422001	423000	422501	347.0	-0.649718	-0.104240
423001	424000	423501	298.0	-0.648889	-0.323863
424001	425000	424501	430.0	-0.648061	0.205161
425001	426000	425501	436.0	-0.647232	0.225153
426001	427000	426501	320.0	-0.646403	-0.221104
427001	428000	427501	324.0	-0.645575	-0.203182
428001	429000	428501	365.0	-0.644746	-0.031279
429001	430000	429501	404.0	-0.643917	0.115180
430001	431000	430501	376.0	-0.643088	0.011557
431001	432000	431501	435.0	-0.642260	0.221840
432001	433000	432501	465.0	-0.641431	0.318055
433001	434000	433501	415.0	-0.640602	0.153936
434001	435000	434501	476.0	-0.639774	0.351786
435001	436000	435501	519.0	-0.638945	0.476559
436001	437000	436501	461.0	-0.638116	0.305591
437001	438000	437501	362.0	-0.637287	-0.043186
438001	439000	438501	457.0	-0.636459	0.293019
439001	440000	439501	474.0	-0.635630	0.345711
440001	441000	440501	518.0	-0.634801	0.473776
441001	442000	441501	542.0	-0.633972	0.539117
442001	443000	442501	368.0	-0.633144	-0.019470
443001	444000	443501	353.0	-0.632315	-0.079507
444001	445000	444501	447.0	-0.631486	0.261099
445001	446000	445501	320.0	-0.630658	-0.221104
446001	447000	446501	354.0	-0.629829	-0.075426
447001	448000	447501	458.0	-0.629000	0.296172
448001	449000	448501	358.0	-0.628171	-0.059216
449001	450000	449501	313.0	-0.627343	-0.253013
450001	451000	450501	339.0	-0.626514	-0.137890
451001	452000	451501	401.0	-0.625685	0.104427
452001	453000	452501	408.0	-0.624857	0.129394
453001	454000	453501	364.0	-0.624028	-0.035237
454001	455000	454501	451.0	-0.623199	0.273952
455001	456000	455501	385.0	-0.622370	0.045683
456001	457000	456501	350.0	-0.621542	-0.091821
457001	458000	457501	346.0	-0.620713	-0.108404
458001	459000	458501	440.0	-0.619884	0.238328
459001	460000	459501	404.0	-0.619055	0.115180
460001	461000	460501	363.0	-0.618227	-0.039206
461001	462000	461501	328.0	-0.617398	-0.185480
462001	463000	462501	370.0	-0.616569	-0.011650
463001	464000	463501	363.0	-0.615741	-0.039206
464001	465000	464501	333.0	-0.614912	-0.163653
465001	466000	465501	276.0	-0.614083	-0.434507
466001	467000	466501	306.0	-0.613254	-0.285644
467001	468000	467501	341.0	-0.612426	-0.129404
468001	469000	468501	354.0	-0.611597	-0.075426
469001	470000	469501	340.0	-0.610768	-0.133641
470001	471000	470501	334.0	-0.609940	-0.159328
471001	472000	471501	351.0	-0.609111	-0.087705
472001	473000	472501	345.0	-0.608282	-0.112579
473001	474000	473501	436.0	-0.607453	0.225153
474001	475000	474501	527.0	-0.606625	0.498627
475001	476000	475501	461.0	-0.605796	0.305591
476001	477000	476501	349.0	-0.604967	-0.095949
477001	478000	477501	361.0	-0.604138	-0.047177
478001	479000	478501	468.0	-0.603310	0.327333
479001	480000	479501	355.0	-0.602481	-0.071357
480001	481000	480501	359.0	-0.601652	-0.055192
481001	482000	481501	333.0	-0.600824	-0.163653
482001	483000	482501	417.0	-0.599995	0.160872
483001	484000	483501	431.0	-0.599166	0.208512
484001	485000	484501	429.0	-0.598337	0.201802
485001	486000	485501	342.0	-0.597509	-0.125179
486001	487000	486501	310.0	-0.596680	-0.266907
487001	488000	487501	289.0	-0.595851	-0.368106
488001	489000	488501	335.0	-0.595023	-0.155015
489001	490000	489501	324.0	-0.594194	-0.203182
490001	491000	490501	376.0	-0.593365	0.011557
491001	492000	491501	348.0	-0.592536	-0.100088
492001	493000	492501	317.0	-0.591708	-0.234693
493001	494000	493501	384.0	-0.590879	0.041931
494001	495000	494501	398.0	-0.590050	0.093593
495001	496000	495501	376.0	-0.589221	0.011557
496001	497000	496501	393.0	-0.588393	0.075354
497001	498000	497501	421.0	-0.587564	0.174645
498001	499000	498501	363.0	-0.586735	-0.039206
499001	500000	499501	357.0	-0.585907	-0.063252
500001	501000	500501	296.0	-0.585078	-0.333578
501001	502000	501501	256.0	-0.584249	-0.543032
502001	503000	502501	261.0	-0.583420	-0.515126
503001	504000	503501	288.0	-0.582592	-0.373107
504001	505000	504501	243.0	-0.581763	-0.618219
505001	506000	505501	388.0	-0.580934	0.056881
506001	507000	506501	358.0	-0.580106	-0.059216
507001	508000	507501	440.0	-0.579277	0.238328
508001	509000	508501	372.0	-0.578448	-0.003873
509001	510000	509501	332.0	-0.577619	-0.167992
510001	511000	510501	335.0	-0.576791	-0.155015
511001	512000	511501	314.0	-0.575962	-0.248411
512001	513000	512501	246.0	-0.575133	-0.600517
513001	514000	513501	411.0	-0.574304	0.139963
514001	515000	514501	348.0	-0.573476	-0.100088
515001	516000	515501	308.0	-0.572647	-0.276245
516001	517000	516501	313.0	-0.571818	-0.253013
517001	518000	517501	400.0	-0.570990	0.100824
518001	519000	518501	459.0	-0.570161	0.299319
519001	520000	519501	372.0	-0.569332	-0.003873
520001	521000	520501	367.0	-0.568503	-0.023396
521001	522000	521501	397.0	-0.567675	0.089963
522001	523000	522501	403.0	-0.566846	0.111604
523001	524000	523501	395.0	-0.566017	0.082677
524001	525000	524501	413.0	-0.565189	0.146966
525001	526000	525501	411.0	-0.564360	0.139963
526001	527000	526501	439.0	-0.563531	0.235045
527001	528000	527501	359.0	-0.562702	-0.055192
528001	529000	528501	316.0	-0.561874	-0.239251
529001	530000	529501	428.0	-0.561045	0.198435
530001	531000	530501	416.0	-0.560216	0.157408
531001	532000	531501	441.0	-0.559387	0.241603
532001	533000	532501	533.0	-0.558559	0.514960
533001	534000	533501	378.0	-0.557730	0.019211
534001	535000	534501	327.0	-0.556901	-0.189885
535001	536000	535501	374.0	-0.556073	0.003863
536001	537000	536501	369.0	-0.555244	-0.015555
537001	538000	537501	402.0	-0.554415	0.108020
538001	539000	538501	499.0	-0.553586	0.419864
539001	540000	539501	465.0	-0.552758	0.318055
540001	541000	540501	432.0	-0.551929	0.211856
541001	542000	541501	336.0	-0.551100	-0.150714
542001	543000	542501	321.0	-0.550272	-0.216602
543001	544000	543501	478.0	-0.549443	0.357835
544001	545000	544501	372.0	-0.548614	-0.003873
545001	546000	545501	422.0	-0.547785	0.178067
546001	547000	546501	486.0	-0.546957	0.381781
547001	548000	547501	461.0	-0.546128	0.305591
548001	549000	548501	445.0	-0.545299	0.254630
549001	550000	549501	389.0	-0.544470	0.060595
550001	551000	550501	439.0	-0.543642	0.235045
551001	552000	551501	414.0	-0.542813	0.150455
552001	553000	552501	413.0	-0.541984	0.146966
553001	554000	553501	407.0	-0.541156	0.125853
554001	555000	554501	383.0	-0.540327	0.038169
555001	556000	555501	327.0	-0.539498	-0.189885
556001	557000	556501	424.0	-0.538669	0.184889
557001	558000	557501	456.0	-0.537841	0.289858
558001	559000	558501	432.0	-0.537012	0.211856
559001	560000	559501	373.0	-0.536183	0.000000
560001	561000	560501	406.0	-0.535355	0.122304
561001	562000	561501	335.0	-0.534526	-0.155015
562001	563000	562501	411.0	-0.533697	0.139963
563001	564000	563501	396.0	-0.532868	0.086325
564001	565000	564501	400.0	-0.532040	0.100824
565001	566000	565501	378.0	-0.531211	0.019211
566001	567000	566501	333.0	-0.530382	-0.163653
567001	568000	567501	387.0	-0.529553	0.053158
568001	569000	568501	363.0	-0.528725	-0.039206
569001	570000	569501	351.0	-0.527896	-0.087705
570001	571000	570501	371.0	-0.527067	-0.007756
571001	572000	571501	369.0	-0.526239	-0.015555
572001	573000	572501	359.0	-0.525410	-0.055192
573001	574000	573501	442.0	-0.524581	0.244871
574001	575000	574501	320.0	-0.523752	-0.221104
575001	576000	575501	408.0	-0.522924	0.129394
576001	577000	576501	388.0	-0.522095	0.056881
577001	578000	577501	453.0	-0.521266	0.280335
578001	579000	578501	334.0	-0.520438	-0.159328
579001	580000	579501	317.0	-0.519609	-0.234693
580001	581000	580501	389.0	-0.518780	0.060595
581001	582000	581501	315.0	-0.517951	-0.243824
582001	583000	582501	341.0	-0.517123	-0.129404
583001	584000	583501	396.0	-0.516294	0.086325
584001	585000	584501	346.0	-0.515465	-0.108404
585001	586000	585501	325.0	-0.514636	-0.198736
586001	587000	586501	366.0	-0.513808	-0.027332
587001	588000	587501	314.0	-0.512979	-0.248411
588001	589000	588501	350.0	-0.512150	-0.091821
589001	590000	589501	400.0	-0.511322	0.100824
590001	591000	590501	379.0	-0.510493	0.023022
591001	592000	591501	382.0	-0.509664	0.034397
592001	593000	592501	377.0	-0.508835	0.015389
593001	594000	593501	331.0	-0.508007	-0.172344
594001	595000	594501	369.0	-0.507178	-0.015555
595001	596000	595501	391.0	-0.506349	0.067993
596001	597000	596501	443.0	-0.505521	0.248131
597001	598000	597501	364.0	-0.504692	-0.035237
598001	599000	598501	348.0	-0.503863	-0.100088
599001	600000	599501	310.0	-0.503034	-0.266907
600001	601000	600501	352.0	-0.502206	-0.083600
601001	602000	601501	433.0	-0.501377	0.215191
602001	603000	602501	422.0	-0.500548	0.178067
603001	604000	603501	300.0	-0.499719	-0.314213
604001	605000	604501	281.0	-0.498891	-0.408606
605001	606000	605501	344.0	-0.498062	-0.116767
606001	607000	606501	395.0	-0.497233	0.082677
607001	608000	607501	418.0	-0.496405	0.164327
608001	609000	608501	385.0	-0.495576	0.045683
609001	610000	609501	393.0	-0.494747	0.075354
610001	611000	610501	446.0	-0.493918	0.257868
611001	612000	611501	432.0	-0.493090	0.211856
612001	613000	612501	364.0	-0.492261	-0.035237
613001	614000	613501	326.0	-0.491432	-0.194304
614001	615000	614501	336.0	-0.490604	-0.150714
615001	616000	615501	333.0	-0.489775	-0.163653
616001	617000	616501	371.0	-0.488946	-0.007756
617001	618000	617501	385.0	-0.488117	0.045683
618001	619000	618501	361.0	-0.487289	-0.047177
619001	620000	619501	411.0	-0.486460	0.139963
620001	621000	620501	325.0	-0.485631	-0.198736
621001	622000	621501	286.0	-0.484802	-0.383160
622001	623000	622501	348.0	-0.483974	-0.100088
623001	624000	623501	277.0	-0.483145	-0.429290
624001	625000	624501	340.0	-0.482316	-0.133641
625001	626000	625501	290.0	-0.481488	-0.363123
626001	627000	626501	257.0	-0.480659	-0.537407
627001	628000	627501	224.0	-0.479830	-0.735677
628001	629000	628501	222.0	-0.479001	-0.748616
629001	630000	629501	304.0	-0.478173	-0.295104
630001	631000	630501	321.0	-0.477344	-0.216602
631001	632000	631501	243.0	-0.476515	-0.618219
632001	633000	632501	346.0	-0.475687	-0.108404
633001	634000	633501	260.0	-0.474858	-0.520664
634001	635000	634501	215.0	-0.474029	-0.794839
635001	636000	635501	256.0	-0.473200	-0.543032
636001	637000	636501	301.0	-0.472372	-0.309412
637001	638000	637501	216.0	-0.471543	-0.788144
638001	639000	638501	272.0	-0.470714	-0.455569
639001	640000	639501	285.0	-0.469885	-0.388214
640001	641000	640501	389.0	-0.469057	0.060595
641001	642000	641501	452.0	-0.468228	0.277147
642001	643000	642501	497.0	-0.467399	0.414070
643001	644000	643501	295.0	-0.466571	-0.338461
644001	645000	644501	319.0	-0.465742	-0.225619
645001	646000	645501	372.0	-0.464913	-0.003873
646001	647000	646501	501.0	-0.464084	0.425635
647001	648000	647501	339.0	-0.463256	-0.137890
648001	649000	648501	349.0	-0.462427	-0.095949
649001	650000	649501	355.0	-0.461598	-0.071357
650001	651000	650501	308.0	-0.460770	-0.276245
651001	652000	651501	349.0	-0.459941	-0.095949
652001	653000	652501	423.0	-0.459112	0.181482
653001	654000	653501	371.0	-0.458283	-0.007756
654001	655000	654501	301.0	-0.457455	-0.309412
655001	656000	655501	320.0	-0.456626	-0.221104
656001	657000	656501	302.0	-0.455797	-0.304627
657001	658000	657501	308.0	-0.454968	-0.276245
658001	659000	658501	335.0	-0.454140	-0.155015
659001	660000	659501	468.0	-0.453311	0.327333
660001	661000	660501	348.0	-0.452482	-0.100088
661001	662000	661501	364.0	-0.451654	-0.035237
662001	663000	662501	334.0	-0.450825	-0.159328
663001	664000	663501	339.0	-0.449996	-0.137890
664001	665000	664501	375.0	-0.449167	0.007715
665001	666000	665501	312.0	-0.448339	-0.257630
666001	667000	666501	319.0	-0.447510	-0.225619
667001	668000	667501	341.0	-0.446681	-0.129404
668001	669000	668501	325.0	-0.445853	-0.198736
669001	670000	669501	352.0	-0.445024	-0.083600
670001	671000	670501	343.0	-0.444195	-0.120967
671001	672000	671501	342.0	-0.443366	-0.125179
672001	673000	672501	293.0	-0.442538	-0.348275
673001	674000	673501	307.0	-0.441709	-0.280937
674001	675000	674501	330.0	-0.440880	-0.176710
675001	676000	675501	327.0	-0.440051	-0.189885
676001	677000	676501	306.0	-0.439223	-0.285644
677001	678000	677501	331.0	-0.438394	-0.172344
678001	679000	678501	377.0	-0.437565	0.015389
679001	680000	679501	362.0	-0.436737	-0.043186
680001	681000	680501	430.0	-0.435908	0.205161
681001	682000	681501	382.0	-0.435079	0.034397
682001	683000	682501	340.0	-0.434250	-0.133641
683001	684000	683501	338.0	-0.433422	-0.142152
684001	685000	684501	435.0	-0.432593	0.221840
685001	686000	685501	386.0	-0.431764	0.049425
686001	687000	686501	317.0	-0.430936	-0.234693
687001	688000	687501	276.0	-0.430107	-0.434507
688001	689000	688501	387.0	-0.429278	0.053158
689001	690000	689501	516.0	-0.428449	0.468195
690001	691000	690501	397.0	-0.427621	0.089963
691001	692000	691501	393.0	-0.426792	0.075354
692001	693000	692501	335.0	-0.425963	-0.155015
693001	694000	693501	383.0	-0.425134	0.038169
694001	695000	694501	361.0	-0.424306	-0.047177
695001	696000	695501	430.0	-0.423477	0.205161
696001	697000	696501	406.0	-0.422648	0.122304
697001	698000	697501	408.0	-0.421820	0.129394
698001	699000	698501	425.0	-0.420991	0.188287
699001	700000	699501	371.0	-0.420162	-0.007756
700001	701000	700501	416.0	-0.419333	0.157408
701001	702000	701501	272.0	-0.418505	-0.455569
702001	703000	702501	283.0	-0.417676	-0.398374
703001	704000	703501	393.0	-0.416847	0.075354
704001	705000	704501	436.0	-0.416019	0.225153
705001	706000	705501	487.0	-0.415190	0.384746
706001	707000	706501	422.0	-0.414361	0.178067
707001	708000	707501	363.0	-0.413532	-0.039206
708001	709000	708501	386.0	-0.412704	0.049425
709001	710000	709501	465.0	-0.411875	0.318055
710001	711000	710501	411.0	-0.411046	0.139963
711001	712000	711501	376.0	-0.410217	0.011557
712001	713000	712501	386.0	-0.409389	0.049425
713001	714000	713501	381.0	-0.408560	0.030615
714001	715000	714501	395.0	-0.407731	0.082677
715001	716000	715501	476.0	-0.406903	0.351786
716001	717000	716501	373.0	-0.406074	0.000000
717001	718000	717501	318.0	-0.405245	-0.230149
718001	719000	718501	285.0	-0.404416	-0.388214
719001	720000	719501	329.0	-0.403588	-0.181088
720001	721000	720501	346.0	-0.402759	-0.108404
721001	722000	721501	375.0	-0.401930	0.007715
722001	723000	722501	341.0	-0.401102	-0.129404
723001	724000	723501	349.0	-0.400273	-0.095949
724001	725000	724501	408.0	-0.399444	0.129394
725001	726000	725501	333.0	-0.398615	-0.163653
726001	727000	726501	310.0	-0.397787	-0.266907
727001	728000	727501	438.0	-0.396958	0.231755
728001	729000	728501	358.0	-0.396129	-0.059216
729001	730000	729501	392.0	-0.395300	0.071678
730001	731000	730501	434.0	-0.394472	0.218519
731001	732000	731501	339.0	-0.393643	-0.137890
732001	733000	732501	385.0	-0.392814	0.045683
733001	734000	733501	372.0	-0.391986	-0.003873
734001	735000	734501	369.0	-0.391157	-0.015555
735001	736000	735501	325.0	-0.390328	-0.198736
736001	737000	736501	394.0	-0.389499	0.079020
737001	738000	737501	461.0	-0.388671	0.305591
738001	739000	738501	341.0	-0.387842	-0.129404
739001	740000	739501	357.0	-0.387013	-0.063252
740001	741000	740501	323.0	-0.386185	-0.207641
741001	742000	741501	409.0	-0.385356	0.132925
742001	743000	742501	398.0	-0.384527	0.093593
743001	744000	743501	402.0	-0.383698	0.108020
744001	745000	744501	379.0	-0.382870	0.023022
745001	746000	745501	349.0	-0.382041	-0.095949
746001	747000	746501	379.0	-0.381212	0.023022
747001	748000	747501	395.0	-0.380383	0.082677
748001	749000	748501	423.0	-0.379555	0.181482
749001	750000	749501	436.0	-0.378726	0.225153
750001	751000	750501	472.0	-0.377897	0.339611
751001	752000	751501	433.0	-0.377069	0.215191
752001	753000	752501	381.0	-0.376240	0.030615
753001	754000	753501	379.0	-0.375411	0.023022
754001	755000	754501	416.0	-0.374582	0.157408
755001	756000	755501	344.0	-0.373754	-0.116767
756001	757000	756501	401.0	-0.372925	0.104427
757001	758000	757501	353.0	-0.372096	-0.079507
758001	759000	758501	364.0	-0.371268	-0.035237
759001	760000	759501	523.0	-0.370439	0.487635
760001	761000	760501	426.0	-0.369610	0.191678
761001	762000	761501	385.0	-0.368781	0.045683
762001	763000	762501	315.0	-0.367953	-0.243824
763001	764000	763501	354.0	-0.367124	-0.075426
764001	765000	764501	515.0	-0.366295	0.465397
765001	766000	765501	385.0	-0.365466	0.045683
766001	767000	766501	358.0	-0.364638	-0.059216
767001	768000	767501	418.0	-0.363809	0.164327
768001	769000	768501	339.0	-0.362980	-0.137890
769001	770000	769501	321.0	-0.362152	-0.216602
770001	771000	770501	421.0	-0.361323	0.174645
771001	772000	771501	329.0	-0.360494	-0.181088
772001	773000	772501	347.0	-0.359665	-0.104240
773001	774000	773501	324.0	-0.358837	-0.203182
774001	775000	774501	488.0	-0.358008	0.387706
775001	776000	775501	443.0	-0.357179	0.248131
776001	777000	776501	332.0	-0.356351	-0.167992
777001	778000	777501	395.0	-0.355522	0.082677
778001	779000	778501	385.0	-0.354693	0.045683
779001	780000	779501	375.0	-0.353864	0.007715
780001	781000	780501	359.0	-0.353036	-0.055192
781001	782000	781501	344.0	-0.352207	-0.116767
782001	783000	782501	324.0	-0.351378	-0.203182
783001	784000	783501	359.0	-0.350549	-0.055192
784001	785000	784501	258.0	-0.349721	-0.531805
785001	786000	785501	343.0	-0.348892	-0.120967
786001	787000	786501	371.0	-0.348063	-0.007756
787001	788000	787501	397.0	-0.347235	0.089963
788001	789000	788501	397.0	-0.346406	0.089963
789001	790000	789501	324.0	-0.345577	-0.203182
790001	791000	790501	383.0	-0.344748	0.038169
791001	792000	791501	376.0	-0.343920	0.011557
792001	793000	792501	378.0	-0.343091	0.019211
793001	794000	793501	319.0	-0.342262	-0.225619
794001	795000	794501	332.0	-0.341434	-0.167992
795001	796000	795501	362.0	-0.340605	-0.043186
796001	797000	796501	394.0	-0.339776	0.079020
797001	798000	797501	291.0	-0.338947	-0.358156
798001	799000	798501	382.0	-0.338119	0.034397
799001	800000	799501	364.0	-0.337290	-0.035237
800001	801000	800501	312.0	-0.336461	-0.257630
801001	802000	801501	289.0	-0.335632	-0.368106
802001	803000	802501	394.0	-0.334804	0.079020
803001	804000	803501	362.0	-0.333975	-0.043186
804001	805000	804501	365.0	-0.333146	-0.031279
805001	806000	805501	386.0	-0.332318	0.049425
806001	807000	806501	410.0	-0.331489	0.136448
807001	808000	807501	420.0	-0.330660	0.171214
808001	809000	808501	479.0	-0.329831	0.360850
809001	810000	809501	369.0	-0.329003	-0.015555
810001	811000	810501	385.0	-0.328174	0.045683
811001	812000	811501	523.0	-0.327345	0.487635
812001	813000	812501	403.0	-0.326517	0.111604
813001	814000	813501	312.0	-0.325688	-0.257630
814001	815000	814501	374.0	-0.324859	0.003863
815001	816000	815501	330.0	-0.324030	-0.176710
816001	817000	816501	347.0	-0.323202	-0.104240
817001	818000	817501	374.0	-0.322373	0.003863
818001	819000	818501	351.0	-0.321544	-0.087705
819001	820000	819501	397.0	-0.320715	0.089963
820001	821000	820501	377.0	-0.319887	0.015389
821001	822000	821501	412.0	-0.319058	0.143469
822001	823000	822501	399.0	-0.318229	0.097213
823001	824000	823501	391.0	-0.317401	0.067993
824001	825000	824501	371.0	-0.316572	-0.007756
825001	826000	825501	353.0	-0.315743	-0.079507
826001	827000	826501	344.0	-0.314914	-0.116767
827001	828000	827501	408.0	-0.314086	0.129394
828001	829000	828501	346.0	-0.313257	-0.108404
829001	830000	829501	372.0	-0.312428	-0.003873
830001	831000	830501	383.0	-0.311600	0.038169
831001	832000	831501	351.0	-0.310771	-0.087705
832001	833000	832501	335.0	-0.309942	-0.155015
833001	834000	833501	328.0	-0.309113	-0.185480
834001	835000	834501	337.0	-0.308285	-0.146427
835001	836000	835501	306.0	-0.307456	-0.285644
836001	837000	836501	319.0	-0.306627	-0.225619
837001	838000	837501	398.0	-0.305798	0.093593
838001	839000	838501	336.0	-0.304970	-0.150714
839001	840000	839501	436.0	-0.304141	0.225153
840001	841000	840501	352.0	-0.303312	-0.083600
841001	842000	841501	300.0	-0.302484	-0.314213
842001	843000	842501	304.0	-0.301655	-0.295104
843001	844000	843501	370.0	-0.300826	-0.011650
844001	845000	844501	352.0	-0.299997	-0.083600
845001	846000	845501	333.0	-0.299169	-0.163653
846001	847000	846501	312.0	-0.298340	-0.257630
847001	848000	847501	391.0	-0.297511	0.067993
848001	849000	848501	405.0	-0.296683	0.118746
849001	850000	849501	447.0	-0.295854	0.261099
850001	851000	850501	335.0	-0.295025	-0.155015
851001	852000	851501	316.0	-0.294196	-0.239251
852001	853000	852501	353.0	-0.293368	-0.079507
853001	854000	853501	420.0	-0.292539	0.171214
854001	855000	854501	346.0	-0.291710	-0.108404
855001	856000	855501	332.0	-0.290881	-0.167992
856001	857000	856501	362.0	-0.290053	-0.043186
857001	858000	857501	357.0	-0.289224	-0.063252
858001	859000	858501	316.0	-0.288395	-0.239251
859001	860000	859501	322.0	-0.287567	-0.212115
860001	861000	860501	335.0	-0.286738	-0.155015
861001	862000	861501	370.0	-0.285909	-0.011650
862001	863000	862501	436.0	-0.285080	0.225153
863001	864000	863501	438.0	-0.284252	0.231755
864001	865000	864501	372.0	-0.283423	-0.003873
865001	866000	865501	384.0	-0.282594	0.041931
866001	867000	866501	382.0	-0.281766	0.034397
867001	868000	867501	413.0	-0.280937	0.146966
868001	869000	868501	380.0	-0.280108	0.026824
869001	870000	869501	407.0	-0.279279	0.125853
870001	871000	870501	437.0	-0.278451	0.228458
871001	872000	871501	367.0	-0.277622	-0.023396
872001	873000	872501	426.0	-0.276793	0.191678
873001	874000	873501	362.0	-0.275964	-0.043186
874001	875000	874501	404.0	-0.275136	0.115180
875001	876000	875501	398.0	-0.274307	0.093593
876001	877000	876501	454.0	-0.273478	0.283517
877001	878000	877501	474.0	-0.272650	0.345711
878001	879000	878501	372.0	-0.271821	-0.003873
879001	880000	879501	437.0	-0.270992	0.228458
880001	881000	880501	408.0	-0.270163	0.129394
881001	882000	881501	426.0	-0.269335	0.191678
882001	883000	882501	303.0	-0.268506	-0.299858
883001	884000	883501	416.0	-0.267677	0.157408
884001	885000	884501	377.0	-0.266849	0.015389
885001	886000	885501	308.0	-0.266020	-0.276245
886001	887000	886501	297.0	-0.265191	-0.328713
887001	888000	887501	305.0	-0.264362	-0.290366
888001	889000	888501	354.0	-0.263534	-0.075426
889001	890000	889501	475.0	-0.262705	0.348752
890001	891000	890501	592.0	-0.261876	0.666422
891001	892000	891501	399.0	-0.261047	0.097213
892001	893000	892501	439.0	-0.260219	0.235045
893001	894000	893501	459.0	-0.259390	0.299319
894001	895000	894501	488.0	-0.258561	0.387706
895001	896000	895501	474.0	-0.257733	0.345711
896001	897000	896501	397.0	-0.256904	0.089963
897001	898000	897501	411.0	-0.256075	0.139963
898001	899000	898501	369.0	-0.255246	-0.015555
899001	900000	899501	371.0	-0.254418	-0.007756
900001	901000	900501	326.0	-0.253589	-0.194304
901001	902000	901501	444.0	-0.252760	0.251384
902001	903000	902501	337.0	-0.251932	-0.146427
903001	904000	903501	343.0	-0.251103	-0.120967
904001	905000	904501	344.0	-0.250274	-0.116767
905001	906000	905501	381.0	-0.249445	0.030615
906001	907000	906501	329.0	-0.248617	-0.181088
907001	908000	907501	322.0	-0.247788	-0.212115
908001	909000	908501	357.0	-0.246959	-0.063252
909001	910000	909501	353.0	-0.246130	-0.079507
910001	911000	910501	395.0	-0.245302	0.082677
911001	912000	911501	371.0	-0.244473	-0.007756
912001	913000	912501	356.0	-0.243644	-0.067298
913001	914000	913501	326.0	-0.242816	-0.194304
914001	915000	914501	340.0	-0.241987	-0.133641
915001	916000	915501	359.0	-0.241158	-0.055192
916001	917000	916501	392.0	-0.240329	0.071678
917001	918000	917501	357.0	-0.239501	-0.063252
918001	919000	918501	342.0	-0.238672	-0.125179
919001	920000	919501	439.0	-0.237843	0.235045
920001	921000	920501	382.0	-0.237015	0.034397
921001	922000	921501	479.0	-0.236186	0.360850
922001	923000	922501	400.0	-0.235357	0.100824
923001	924000	923501	310.0	-0.234528	-0.266907
924001	925000	924501	471.0	-0.233700	0.336551
925001	926000	925501	583.0	-0.232871	0.644320
926001	927000	926501	431.0	-0.232042	0.208512
927001	928000	927501	361.0	-0.231213	-0.047177
928001	929000	928501	333.0	-0.230385	-0.163653
929001	930000	929501	332.0	-0.229556	-0.167992
930001	931000	930501	396.0	-0.228727	0.086325
931001	932000	931501	438.0	-0.227899	0.231755
932001	933000	932501	392.0	-0.227070	0.071678
933001	934000	933501	379.0	-0.226241	0.023022
934001	935000	934501	335.0	-0.225412	-0.155015
935001	936000	935501	425.0	-0.224584	0.188287
936001	937000	936501	361.0	-0.223755	-0.047177
937001	938000	937501	431.0	-0.222926	0.208512
938001	939000	938501	340.0	-0.222098	-0.133641
939001	940000	939501	388.0	-0.221269	0.056881
940001	941000	940501	385.0	-0.220440	0.045683
941001	942000	941501	388.0	-0.219611	0.056881
942001	943000	942501	424.0	-0.218783	0.184889
943001	944000	943501	339.0	-0.217954	-0.137890
944001	945000	944501	352.0	-0.217125	-0.083600
945001	946000	945501	383.0	-0.216296	0.038169
946001	947000	946501	350.0	-0.215468	-0.091821
947001	948000	947501	385.0	-0.214639	0.045683
948001	949000	948501	367.0	-0.213810	-0.023396
949001	950000	949501	399.0	-0.212982	0.097213
950001	951000	950501	386.0	-0.212153	0.049425
951001	952000	951501	366.0	-0.211324	-0.027332
952001	953000	952501	351.0	-0.210495	-0.087705
953001	954000	953501	375.0	-0.209667	0.007715
954001	955000	954501	348.0	-0.208838	-0.100088
955001	956000	955501	366.0	-0.208009	-0.027332
956001	957000	956501	444.0	-0.207181	0.251384
957001	958000	957501	419.0	-0.206352	0.167775
958001	959000	958501	346.0	-0.205523	-0.108404
959001	960000	959501	407.0	-0.204694	0.125853
960001	961000	960501	378.0	-0.203866	0.019211
961001	962000	961501	352.0	-0.203037	-0.083600
962001	963000	962501	419.0	-0.202208	0.167775
963001	964000	963501	398.0	-0.201379	0.093593
964001	965000	964501	344.0	-0.200551	-0.116767
965001	966000	965501	349.0	-0.199722	-0.095949
966001	967000	966501	415.0	-0.198893	0.153936
967001	968000	967501	412.0	-0.198065	0.143469
968001	969000	968501	342.0	-0.197236	-0.125179
969001	970000	969501	327.0	-0.196407	-0.189885
970001	971000	970501	321.0	-0.195578	-0.216602
971001	972000	971501	339.0	-0.194750	-0.137890
972001	973000	972501	344.0	-0.193921	-0.116767
973001	974000	973501	366.0	-0.193092	-0.027332
974001	975000	974501	361.0	-0.192264	-0.047177
975001	976000	975501	348.0	-0.191435	-0.100088
976001	977000	976501	344.0	-0.190606	-0.116767
977001	978000	977501	366.0	-0.189777	-0.027332
978001	979000	978501	468.0	-0.188949	0.327333
979001	980000	979501	494.0	-0.188120	0.405335
980001	981000	980501	402.0	-0.187291	0.108020
981001	982000	981501	417.0	-0.186462	0.160872
982001	983000	982501	393.0	-0.185634	0.075354
983001	984000	983501	430.0	-0.184805	0.205161
984001	985000	984501	365.0	-0.183976	-0.031279
985001	986000	985501	312.0	-0.183148	-0.257630
986001	987000	986501	347.0	-0.182319	-0.104240
987001	988000	987501	391.0	-0.181490	0.067993
988001	989000	988501	410.0	-0.180661	0.136448
989001	990000	989501	377.0	-0.179833	0.015389
990001	991000	990501	385.0	-0.179004	0.045683
991001	992000	991501	447.0	-0.178175	0.261099
992001	993000	992501	421.0	-0.177347	0.174645
993001	994000	993501	386.0	-0.176518	0.049425
994001	995000	994501	404.0	-0.175689	0.115180
995001	996000	995501	400.0	-0.174860	0.100824
996001	997000	996501	471.0	-0.174032	0.336551
997001	998000	997501	384.0	-0.173203	0.041931
998001	999000	998501	371.0	-0.172374	-0.007756
999001	1000000	999501	467.0	-0.171545	0.324247
1000001	1001000	1000501	436.0	-0.170717	0.225153
1001001	1002000	1001501	379.0	-0.169888	0.023022
1002001	1003000	1002501	503.0	-0.169059	0.431383
1003001	1004000	1003501	519.0	-0.168231	0.476559
1004001	1005000	1004501	406.0	-0.167402	0.122304
1005001	1006000	1005501	459.0	-0.166573	0.299319
1006001	1007000	1006501	385.0	-0.165744	0.045683
1007001	1008000	1007501	321.0	-0.164916	-0.216602
1008001	1009000	1008501	435.0	-0.164087	0.221840
1009001	1010000	1009501	415.0	-0.163258	0.153936
1010001	1011000	1010501	380.0	-0.162430	0.026824
1011001	1012000	1011501	556.0	-0.161601	0.575909
1012001	1013000	1012501	456.0	-0.160772	0.289858
1013001	1014000	1013501	388.0	-0.159943	0.056881
1014001	1015000	1014501	282.0	-0.159115	-0.403480
1015001	1016000	1015501	349.0	-0.158286	-0.095949
1016001	1017000	1016501	325.0	-0.157457	-0.198736
1017001	1018000	1017501	417.0	-0.156628	0.160872
1018001	1019000	1018501	354.0	-0.155800	-0.075426
1019001	1020000	1019501	352.0	-0.154971	-0.083600
1020001	1021000	1020501	418.0	-0.154142	0.164327
1021001	1022000	1021501	425.0	-0.153314	0.188287
1022001	1023000	1022501	414.0	-0.152485	0.150455
1023001	1024000	1023501	434.0	-0.151656	0.218519
1024001	1025000	1024501	455.0	-0.150827	0.286691
1025001	1026000	1025501	398.0	-0.149999	0.093593
1026001	1027000	1026501	460.0	-0.149170	0.302458
1027001	1028000	1027501	358.0	-0.148341	-0.059216
1028001	1029000	1028501	315.0	-0.147513	-0.243824
1029001	1030000	1029501	289.0	-0.146684	-0.368106
1030001	1031000	1030501	316.0	-0.145855	-0.239251
1031001	1032000	1031501	260.0	-0.145026	-0.520664
1032001	1033000	1032501	326.0	-0.144198	-0.194304
1033001	1034000	1033501	393.0	-0.143369	0.075354
1034001	1035000	1034501	422.0	-0.142540	0.178067
1035001	1036000	1035501	370.0	-0.141711	-0.011650
1036001	1037000	1036501	353.0	-0.140883	-0.079507
1037001	1038000	1037501	410.0	-0.140054	0.136448
1038001	1039000	1038501	268.0	-0.139225	-0.476943
1039001	1040000	1039501	346.0	-0.138397	-0.108404
1040001	1041000	1040501	396.0	-0.137568	0.086325
1041001	1042000	1041501	447.0	-0.136739	0.261099
1042001	1043000	1042501	321.0	-0.135910	-0.216602
1043001	1044000	1043501	439.0	-0.135082	0.235045
1044001	1045000	1044501	366.0	-0.134253	-0.027332
1045001	1046000	1045501	371.0	-0.133424	-0.007756
1046001	1047000	1046501	377.0	-0.132596	0.015389
1047001	1048000	1047501	427.0	-0.131767	0.195060
1048001	1049000	1048501	406.0	-0.130938	0.122304
1049001	1050000	1049501	382.0	-0.130109	0.034397
1050001	1051000	1050501	346.0	-0.129281	-0.108404
1051001	1052000	1051501	374.0	-0.128452	0.003863
1052001	1053000	1052501	348.0	-0.127623	-0.100088
1053001	1054000	1053501	459.0	-0.126794	0.299319
1054001	1055000	1054501	447.0	-0.125966	0.261099
1055001	1056000	1055501	346.0	-0.125137	-0.108404
1056001	1057000	1056501	368.0	-0.124308	-0.019470
1057001	1058000	1057501	249.0	-0.123480	-0.583030
1058001	1059000	1058501	259.0	-0.122651	-0.526224
1059001	1060000	1059501	262.0	-0.121822	-0.509609
1060001	1061000	1060501	266.0	-0.120993	-0.487749
1061001	1062000	1061501	236.0	-0.120165	-0.660389
1062001	1063000	1062501	289.0	-0.119336	-0.368106
1063001	1064000	1063501	282.0	-0.118507	-0.403480
1064001	1065000	1064501	277.0	-0.117679	-0.429290
1065001	1066000	1065501	359.0	-0.116850	-0.055192
1066001	1067000	1066501	338.0	-0.116021	-0.142152
1067001	1068000	1067501	444.0	-0.115192	0.251384
1068001	1069000	1068501	345.0	-0.114364	-0.112579
1069001	1070000	1069501	320.0	-0.113535	-0.221104
1070001	1071000	1070501	307.0	-0.112706	-0.280937
1071001	1072000	1071501	307.0	-0.111877	-0.280937
1072001	1073000	1072501	358.0	-0.111049	-0.059216
1073001	1074000	1073501	389.0	-0.110220	0.060595
1074001	1075000	1074501	422.0	-0.109391	0.178067
1075001	1076000	1075501	280.0	-0.108563	-0.413749
1076001	1077000	1076501	393.0	-0.107734	0.075354
1077001	1078000	1077501	379.0	-0.106905	0.023022
1078001	1079000	1078501	419.0	-0.106076	0.167775
1079001	1080000	1079501	429.0	-0.105248	0.201802
1080001	1081000	1080501	353.0	-0.104419	-0.079507
1081001	1082000	1081501	331.0	-0.103590	-0.172344
1082001	1083000	1082501	247.0	-0.102762	-0.594665
1083001	1084000	1083501	281.0	-0.101933	-0.408606
1084001	1085000	1084501	323.0	-0.101104	-0.207641
1085001	1086000	1085501	356.0	-0.100275	-0.067298
1086001	1087000	1086501	341.0	-0.099447	-0.129404
1087001	1088000	1087501	350.0	-0.098618	-0.091821
1088001	1089000	1088501	393.0	-0.097789	0.075354
1089001	1090000	1089501	350.0	-0.096960	-0.091821
1090001	1091000	1090501	384.0	-0.096132	0.041931
1091001	1092000	1091501	345.0	-0.095303	-0.112579
1092001	1093000	1092501	316.0	-0.094474	-0.239251
1093001	1094000	1093501	310.0	-0.093646	-0.266907
1094001	1095000	1094501	301.0	-0.092817	-0.309412
1095001	1096000	1095501	289.0	-0.091988	-0.368106
1096001	1097000	1096501	332.0	-0.091159	-0.167992
1097001	1098000	1097501	390.0	-0.090331	0.064298
1098001	1099000	1098501	367.0	-0.089502	-0.023396
1099001	1100000	1099501	394.0	-0.088673	0.079020
1100001	1101000	1100501	372.0	-0.087845	-0.003873
1101001	1102000	1101501	359.0	-0.087016	-0.055192
1102001	1103000	1102501	329.0	-0.086187	-0.181088
1103001	1104000	1103501	324.0	-0.085358	-0.203182
1104001	1105000	1104501	436.0	-0.084530	0.225153
1105001	1106000	1105501	306.0	-0.083701	-0.285644
1106001	1107000	1106501	456.0	-0.082872	0.289858
1107001	1108000	1107501	355.0	-0.082043	-0.071357
1108001	1109000	1108501	297.0	-0.081215	-0.328713
1109001	1110000	1109501	339.0	-0.080386	-0.137890
1110001	1111000	1110501	309.0	-0.079557	-0.271569
1111001	1112000	1111501	347.0	-0.078729	-0.104240
1112001	1113000	1112501	498.0	-0.077900	0.416970
1113001	1114000	1113501	347.0	-0.077071	-0.104240
1114001	1115000	1114501	312.0	-0.076242	-0.257630
1115001	1116000	1115501	290.0	-0.075414	-0.363123
1116001	1117000	1116501	246.0	-0.074585	-0.600517
1117001	1118000	1117501	277.0	-0.073756	-0.429290
1118001	1119000	1118501	442.0	-0.072928	0.244871
1119001	1120000	1119501	411.0	-0.072099	0.139963
1120001	1121000	1120501	427.0	-0.071270	0.195060
1121001	1122000	1121501	443.0	-0.070441	0.248131
1122001	1123000	1122501	364.0	-0.069613	-0.035237
1123001	1124000	1123501	296.0	-0.068784	-0.333578
1124001	1125000	1124501	345.0	-0.067955	-0.112579
1125001	1126000	1125501	306.0	-0.067126	-0.285644
1126001	1127000	1126501	255.0	-0.066298	-0.548678
1127001	1128000	1127501	298.0	-0.065469	-0.323863
1128001	1129000	1128501	263.0	-0.064640	-0.504113
1129001	1130000	1129501	342.0	-0.063812	-0.125179
1130001	1131000	1130501	329.0	-0.062983	-0.181088
1131001	1132000	1131501	311.0	-0.062154	-0.262261
1132001	1133000	1132501	317.0	-0.061325	-0.234693
1133001	1134000	1133501	306.0	-0.060497	-0.285644
1134001	1135000	1134501	310.0	-0.059668	-0.266907
1135001	1136000	1135501	356.0	-0.058839	-0.067298
1136001	1137000	1136501	386.0	-0.058011	0.049425
1137001	1138000	1137501	364.0	-0.057182	-0.035237
1138001	1139000	1138501	356.0	-0.056353	-0.067298
1139001	1140000	1139501	408.0	-0.055524	0.129394
1140001	1141000	1140501	344.0	-0.054696	-0.116767
1141001	1142000	1141501	454.0	-0.053867	0.283517
1142001	1143000	1142501	337.0	-0.053038	-0.146427
1143001	1144000	1143501	311.0	-0.052209	-0.262261
1144001	1145000	1144501	320.0	-0.051381	-0.221104
1145001	1146000	1145501	381.0	-0.050552	0.030615
1146001	1147000	1146501	304.0	-0.049723	-0.295104
1147001	1148000	1147501	354.0	-0.048895	-0.075426
1148001	1149000	1148501	428.0	-0.048066	0.198435
1149001	1150000	1149501	393.0	-0.047237	0.075354
1150001	1151000	1150501	351.0	-0.046408	-0.087705
1151001	1152000	1151501	410.0	-0.045580	0.136448
1152001	1153000	1152501	374.0	-0.044751	0.003863
1153001	1154000	1153501	430.0	-0.043922	0.205161
1154001	1155000	1154501	407.0	-0.043094	0.125853
1155001	1156000	1155501	398.0	-0.042265	0.093593
1156001	1157000	1156501	396.0	-0.041436	0.086325
1157001	1158000	1157501	313.0	-0.040607	-0.253013
1158001	1159000	1158501	346.0	-0.039779	-0.108404
1159001	1160000	1159501	457.0	-0.038950	0.293019
1160001	1161000	1160501	389.0	-0.038121	0.060595
1161001	1162000	1161501	380.0	-0.037292	0.026824
1162001	1163000	1162501	447.0	-0.036464	0.261099
1163001	1164000	1163501	292.0	-0.035635	-0.353207
1164001	1165000	1164501	306.0	-0.034806	-0.285644
1165001	1166000	1165501	358.0	-0.033978	-0.059216
1166001	1167000	1166501	429.0	-0.033149	0.201802
1167001	1168000	1167501	498.0	-0.032320	0.416970
1168001	1169000	1168501	477.0	-0.031491	0.354814
1169001	1170000	1169501	331.0	-0.030663	-0.172344
1170001	1171000	1170501	352.0	-0.029834	-0.083600
1171001	1172000	1171501	420.0	-0.029005	0.171214
1172001	1173000	1172501	383.0	-0.028177	0.038169
1173001	1174000	1173501	349.0	-0.027348	-0.095949
1174001	1175000	1174501	446.0	-0.026519	0.257868
1175001	1176000	1175501	459.0	-0.025690	0.299319
1176001	1177000	1176501	476.0	-0.024862	0.351786
1177001	1178000	1177501	413.0	-0.024033	0.146966
1178001	1179000	1178501	408.0	-0.023204	0.129394
1179001	1180000	1179501	414.0	-0.022375	0.150455
1180001	1181000	1180501	337.0	-0.021547	-0.146427
1181001	1182000	1181501	339.0	-0.020718	-0.137890
1182001	1183000	1182501	434.0	-0.019889	0.218519
1183001	1184000	1183501	504.0	-0.019061	0.434248
1184001	1185000	1184501	510.0	-0.018232	0.451322
1185001	1186000	1185501	409.0	-0.017403	0.132925
1186001	1187000	1186501	466.0	-0.016574	0.321154
1187001	1188000	1187501	332.0	-0.015746	-0.167992
1188001	1189000	1188501	316.0	-0.014917	-0.239251
1189001	1190000	1189501	376.0	-0.014088	0.011557
1190001	1191000	1190501	277.0	-0.013260	-0.429290
1191001	1192000	1191501	252.0	-0.012431	-0.565752
1192001	1193000	1192501	325.0	-0.011602	-0.198736
1193001	1194000	1193501	312.0	-0.010773	-0.257630
1194001	1195000	1194501	346.0	-0.009945	-0.108404
1195001	1196000	1195501	333.0	-0.009116	-0.163653
1196001	1197000	1196501	405.0	-0.008287	0.118746
1197001	1198000	1197501	379.0	-0.007458	0.023022
1198001	1199000	1198501	335.0	-0.006630	-0.155015
1199001	1200000	1199501	312.0	-0.005801	-0.257630
1200001	1201000	1200501	348.0	-0.004972	-0.100088
1201001	1202000	1201501	372.0	-0.004144	-0.003873
1202001	1203000	1202501	389.0	-0.003315	0.060595
1203001	1204000	1203501	333.0	-0.002486	-0.163653
1204001	1205000	1204501	325.0	-0.001657	-0.198736
1205001	1206000	1205501	324.0	-0.000829	-0.203182
1206001	1207000	1206501	297.0	0.000000	-0.328713
1207001	1208000	1207501	468.0	0.000364	0.327333
1208001	1209000	1208501	400.0	0.000728	0.100824
1209001	1210000	1209501	331.0	0.001092	-0.172344
1210001	1211000	1210501	324.0	0.001456	-0.203182
1211001	1212000	1211501	402.0	0.001820	0.108020
1212001	1213000	1212501	259.0	0.002184	-0.526224
1213001	1214000	1213501	427.0	0.002548	0.195060
1214001	1215000	1214501	375.0	0.002912	0.007715
1215001	1216000	1215501	364.0	0.003275	-0.035237
1216001	1217000	1216501	328.0	0.003639	-0.185480
1217001	1218000	1217501	355.0	0.004003	-0.071357
1218001	1219000	1218501	376.0	0.004367	0.011557
1219001	1220000	1219501	411.0	0.004731	0.139963
1220001	1221000	1220501	422.0	0.005095	0.178067
1221001	1222000	1221501	440.0	0.005459	0.238328
1222001	1223000	1222501	427.0	0.005823	0.195060
1223001	1224000	1223501	338.0	0.006187	-0.142152
1224001	1225000	1224501	357.0	0.006551	-0.063252
1225001	1226000	1225501	477.0	0.006915	0.354814
1226001	1227000	1226501	378.0	0.007279	0.019211
1227001	1228000	1227501	344.0	0.007643	-0.116767
1228001	1229000	1228501	435.0	0.008007	0.221840
1229001	1230000	1229501	397.0	0.008371	0.089963
1230001	1231000	1230501	319.0	0.008735	-0.225619
1231001	1232000	1231501	407.0	0.009099	0.125853
1232001	1233000	1232501	456.0	0.009463	0.289858
1233001	1234000	1233501	491.0	0.009826	0.396547
1234001	1235000	1234501	418.0	0.010190	0.164327
1235001	1236000	1235501	401.0	0.010554	0.104427
1236001	1237000	1236501	317.0	0.010918	-0.234693
1237001	1238000	1237501	338.0	0.011282	-0.142152
1238001	1239000	1238501	347.0	0.011646	-0.104240
1239001	1240000	1239501	383.0	0.012010	0.038169
1240001	1241000	1240501	354.0	0.012374	-0.075426
1241001	1242000	1241501	376.0	0.012738	0.011557
1242001	1243000	1242501	352.0	0.013102	-0.083600
1243001	1244000	1243501	368.0	0.013466	-0.019470
1244001	1245000	1244501	376.0	0.013830	0.011557
1245001	1246000	1245501	279.0	0.014194	-0.418911
1246001	1247000	1246501	250.0	0.014558	-0.577248
1247001	1248000	1247501	289.0	0.014922	-0.368106
1248001	1249000	1248501	399.0	0.015286	0.097213
1249001	1250000	1249501	350.0	0.015650	-0.091821
1250001	1251000	1250501	313.0	0.016014	-0.253013
1251001	1252000	1251501	358.0	0.016377	-0.059216
1252001	1253000	1252501	330.0	0.016741	-0.176710
1253001	1254000	1253501	348.0	0.017105	-0.100088
1254001	1255000	1254501	326.0	0.017469	-0.194304
1255001	1256000	1255501	275.0	0.017833	-0.439744
1256001	1257000	1256501	333.0	0.018197	-0.163653
1257001	1258000	1257501	248.0	0.018561	-0.588836
1258001	1259000	1258501	318.0	0.018925	-0.230149
1259001	1260000	1259501	328.0	0.019289	-0.185480
1260001	1261000	1260501	383.0	0.019653	0.038169
1261001	1262000	1261501	310.0	0.020017	-0.266907
1262001	1263000	1262501	280.0	0.020381	-0.413749
1263001	1264000	1263501	394.0	0.020745	0.079020
1264001	1265000	1264501	315.0	0.021109	-0.243824
1265001	1266000	1265501	333.0	0.021473	-0.163653
1266001	1267000	1266501	430.0	0.021837	0.205161
1267001	1268000	1267501	427.0	0.022201	0.195060
1268001	1269000	1268501	411.0	0.022565	0.139963
1269001	1270000	1269501	358.0	0.022928	-0.059216
1270001	1271000	1270501	374.0	0.023292	0.003863
1271001	1272000	1271501	368.0	0.023656	-0.019470
1272001	1273000	1272501	330.0	0.024020	-0.176710
1273001	1274000	1273501	354.0	0.024384	-0.075426
1274001	1275000	1274501	427.0	0.024748	0.195060
1275001	1276000	1275501	349.0	0.025112	-0.095949
1276001	1277000	1276501	410.0	0.025476	0.136448
1277001	1278000	1277501	399.0	0.025840	0.097213
1278001	1279000	1278501	380.0	0.026204	0.026824
1279001	1280000	1279501	376.0	0.026568	0.011557
1280001	1281000	1280501	376.0	0.026932	0.011557
1281001	1282000	1281501	327.0	0.027296	-0.189885
1282001	1283000	1282501	336.0	0.027660	-0.150714
1283001	1284000	1283501	434.0	0.028024	0.218519
1284001	1285000	1284501	448.0	0.028388	0.264323
1285001	1286000	1285501	451.0	0.028752	0.273952
1286001	1287000	1286501	340.0	0.029116	-0.133641
1287001	1288000	1287501	506.0	0.029479	0.439962
1288001	1289000	1288501	483.0	0.029843	0.372848
1289001	1290000	1289501	326.0	0.030207	-0.194304
1290001	1291000	1290501	415.0	0.030571	0.153936
1291001	1292000	1291501	294.0	0.030935	-0.343359
1292001	1293000	1292501	332.0	0.031299	-0.167992
1293001	1294000	1293501	386.0	0.031663	0.049425
1294001	1295000	1294501	367.0	0.032027	-0.023396
1295001	1296000	1295501	241.0	0.032391	-0.630142
1296001	1297000	1296501	356.0	0.032755	-0.067298
1297001	1298000	1297501	521.0	0.033119	0.482108
1298001	1299000	1298501	343.0	0.033483	-0.120967
1299001	1300000	1299501	276.0	0.033847	-0.434507
1300001	1301000	1300501	333.0	0.034211	-0.163653
1301001	1302000	1301501	319.0	0.034575	-0.225619
1302001	1303000	1302501	354.0	0.034939	-0.075426
1303001	1304000	1303501	343.0	0.035303	-0.120967
1304001	1305000	1304501	386.0	0.035666	0.049425
1305001	1306000	1305501	333.0	0.036030	-0.163653
1306001	1307000	1306501	306.0	0.036394	-0.285644
1307001	1308000	1307501	334.0	0.036758	-0.159328
1308001	1309000	1308501	353.0	0.037122	-0.079507
1309001	1310000	1309501	314.0	0.037486	-0.248411
1310001	1311000	1310501	396.0	0.037850	0.086325
1311001	1312000	1311501	393.0	0.038214	0.075354
1312001	1313000	1312501	402.0	0.038578	0.108020
1313001	1314000	1313501	376.0	0.038942	0.011557
1314001	1315000	1314501	387.0	0.039306	0.053158
1315001	1316000	1315501	371.0	0.039670	-0.007756
1316001	1317000	1316501	439.0	0.040034	0.235045
1317001	1318000	1317501	409.0	0.040398	0.132925
1318001	1319000	1318501	299.0	0.040762	-0.319030
1319001	1320000	1319501	308.0	0.041126	-0.276245
1320001	1321000	1320501	435.0	0.041490	0.221840
1321001	1322000	1321501	342.0	0.041854	-0.125179
1322001	1323000	1322501	393.0	0.042217	0.075354
1323001	1324000	1323501	313.0	0.042581	-0.253013
1324001	1325000	1324501	329.0	0.042945	-0.181088
1325001	1326000	1325501	307.0	0.043309	-0.280937
1326001	1327000	1326501	407.0	0.043673	0.125853
1327001	1328000	1327501	386.0	0.044037	0.049425
1328001	1329000	1328501	332.0	0.044401	-0.167992
1329001	1330000	1329501	350.0	0.044765	-0.091821
1330001	1331000	1330501	151.0	0.045129	-1.304627
1331001	1332000	1331501	177.0	0.045493	-1.075426
1332001	1333000	1332501	315.0	0.045857	-0.243824
1333001	1334000	1333501	311.0	0.046221	-0.262261
1334001	1335000	1334501	273.0	0.046585	-0.450275
1335001	1336000	1335501	281.0	0.046949	-0.408606
1336001	1337000	1336501	257.0	0.047313	-0.537407
1337001	1338000	1337501	257.0	0.047677	-0.537407
1338001	1339000	1338501	189.0	0.048041	-0.980789
1339001	1340000	1339501	165.0	0.048405	-1.176710
1340001	1341000	1340501	356.0	0.048768	-0.067298
1341001	1342000	1341501	398.0	0.049132	0.093593
1342001	1343000	1342501	380.0	0.049496	0.026824
1343001	1344000	1343501	339.0	0.049860	-0.137890
1344001	1345000	1344501	350.0	0.050224	-0.091821
1345001	1346000	1345501	413.0	0.050588	0.146966
1346001	1347000	1346501	428.0	0.050952	0.198435
1347001	1348000	1347501	373.0	0.051316	0.000000
1348001	1349000	1348501	364.0	0.051680	-0.035237
1349001	1350000	1349501	336.0	0.052044	-0.150714
1350001	1351000	1350501	484.0	0.052408	0.375831
1351001	1352000	1351501	475.0	0.052772	0.348752
1352001	1353000	1352501	476.0	0.053136	0.351786
1353001	1354000	1353501	505.0	0.053500	0.437108
1354001	1355000	1354501	508.0	0.053864	0.445653
1355001	1356000	1355501	470.0	0.054228	0.333485
1356001	1357000	1356501	364.0	0.054592	-0.035237
1357001	1358000	1357501	296.0	0.054956	-0.333578
1358001	1359000	1358501	243.0	0.055319	-0.618219
1359001	1360000	1359501	243.0	0.055683	-0.618219
1360001	1361000	1360501	335.0	0.056047	-0.155015
1361001	1362000	1361501	422.0	0.056411	0.178067
1362001	1363000	1362501	344.0	0.056775	-0.116767
1363001	1364000	1363501	378.0	0.057139	0.019211
1364001	1365000	1364501	297.0	0.057503	-0.328713
1365001	1366000	1365501	380.0	0.057867	0.026824
1366001	1367000	1366501	449.0	0.058231	0.267540
1367001	1368000	1367501	396.0	0.058595	0.086325
1368001	1369000	1368501	383.0	0.058959	0.038169
1369001	1370000	1369501	277.0	0.059323	-0.429290
1370001	1371000	1370501	292.0	0.059687	-0.353207
1371001	1372000	1371501	445.0	0.060051	0.254630
1372001	1373000	1372501	381.0	0.060415	0.030615
1373001	1374000	1373501	356.0	0.060779	-0.067298
1374001	1375000	1374501	471.0	0.061143	0.336551
1375001	1376000	1375501	356.0	0.061507	-0.067298
1376001	1377000	1376501	391.0	0.061870	0.067993
1377001	1378000	1377501	366.0	0.062234	-0.027332
1378001	1379000	1378501	400.0	0.062598	0.100824
1379001	1380000	1379501	371.0	0.062962	-0.007756
1380001	1381000	1380501	384.0	0.063326	0.041931
1381001	1382000	1381501	352.0	0.063690	-0.083600
1382001	1383000	1382501	346.0	0.064054	-0.108404
1383001	1384000	1383501	372.0	0.064418	-0.003873
1384001	1385000	1384501	377.0	0.064782	0.015389
1385001	1386000	1385501	348.0	0.065146	-0.100088
1386001	1387000	1386501	369.0	0.065510	-0.015555
1387001	1388000	1387501	355.0	0.065874	-0.071357
1388001	1389000	1388501	381.0	0.066238	0.030615
1389001	1390000	1389501	385.0	0.066602	0.045683
1390001	1391000	1390501	368.0	0.066966	-0.019470
1391001	1392000	1391501	342.0	0.067330	-0.125179
1392001	1393000	1392501	355.0	0.067694	-0.071357
1393001	1394000	1393501	338.0	0.068057	-0.142152
1394001	1395000	1394501	350.0	0.068421	-0.091821
1395001	1396000	1395501	378.0	0.068785	0.019211
1396001	1397000	1396501	382.0	0.069149	0.034397
1397001	1398000	1397501	292.0	0.069513	-0.353207
1398001	1399000	1398501	367.0	0.069877	-0.023396
1399001	1400000	1399501	392.0	0.070241	0.071678
1400001	1401000	1400501	375.0	0.070605	0.007715
1401001	1402000	1401501	406.0	0.070969	0.122304
1402001	1403000	1402501	398.0	0.071333	0.093593
1403001	1404000	1403501	335.0	0.071697	-0.155015
1404001	1405000	1404501	393.0	0.072061	0.075354
1405001	1406000	1405501	364.0	0.072425	-0.035237
1406001	1407000	1406501	395.0	0.072789	0.082677
1407001	1408000	1407501	392.0	0.073153	0.071678
1408001	1409000	1408501	401.0	0.073517	0.104427
1409001	1410000	1409501	375.0	0.073881	0.007715
1410001	1411000	1410501	397.0	0.074245	0.089963
1411001	1412000	1411501	404.0	0.074608	0.115180
1412001	1413000	1412501	459.0	0.074972	0.299319
1413001	1414000	1413501	374.0	0.075336	0.003863
1414001	1415000	1414501	394.0	0.075700	0.079020
1415001	1416000	1415501	339.0	0.076064	-0.137890
1416001	1417000	1416501	330.0	0.076428	-0.176710
1417001	1418000	1417501	292.0	0.076792	-0.353207
1418001	1419000	1418501	412.0	0.077156	0.143469
1419001	1420000	1419501	360.0	0.077520	-0.051179
1420001	1421000	1420501	387.0	0.077884	0.053158
1421001	1422000	1421501	270.0	0.078248	-0.466216
1422001	1423000	1422501	319.0	0.078612	-0.225619
1423001	1424000	1423501	337.0	0.078976	-0.146427
1424001	1425000	1424501	379.0	0.079340	0.023022
1425001	1426000	1425501	330.0	0.079704	-0.176710
1426001	1427000	1426501	435.0	0.080068	0.221840
1427001	1428000	1427501	420.0	0.080432	0.171214
1428001	1429000	1428501	375.0	0.080796	0.007715
1429001	1430000	1429501	377.0	0.081159	0.015389
1430001	1431000	1430501	329.0	0.081523	-0.181088
1431001	1432000	1431501	451.0	0.081887	0.273952
1432001	1433000	1432501	453.0	0.082251	0.280335
1433001	1434000	1433501	386.0	0.082615	0.049425
1434001	1435000	1434501	311.0	0.082979	-0.262261
1435001	1436000	1435501	317.0	0.083343	-0.234693
1436001	1437000	1436501	301.0	0.083707	-0.309412
1437001	1438000	1437501	425.0	0.084071	0.188287
1438001	1439000	1438501	409.0	0.084435	0.132925
1439001	1440000	1439501	392.0	0.084799	0.071678
1440001	1441000	1440501	430.0	0.085163	0.205161
1441001	1442000	1441501	373.0	0.085527	0.000000
1442001	1443000	1442501	354.0	0.085891	-0.075426
1443001	1444000	1443501	323.0	0.086255	-0.207641
1444001	1445000	1444501	365.0	0.086619	-0.031279
1445001	1446000	1445501	391.0	0.086983	0.067993
1446001	1447000	1446501	382.0	0.087347	0.034397
1447001	1448000	1447501	337.0	0.087710	-0.146427
1448001	1449000	1448501	308.0	0.088074	-0.276245
1449001	1450000	1449501	346.0	0.088438	-0.108404
1450001	1451000	1450501	307.0	0.088802	-0.280937
1451001	1452000	1451501	272.0	0.089166	-0.455569
1452001	1453000	1452501	358.0	0.089530	-0.059216
1453001	1454000	1453501	384.0	0.089894	0.041931
1454001	1455000	1454501	441.0	0.090258	0.241603
1455001	1456000	1455501	375.0	0.090622	0.007715
1456001	1457000	1456501	358.0	0.090986	-0.059216
1457001	1458000	1457501	371.0	0.091350	-0.007756
1458001	1459000	1458501	358.0	0.091714	-0.059216
1459001	1460000	1459501	394.0	0.092078	0.079020
1460001	1461000	1460501	356.0	0.092442	-0.067298
1461001	1462000	1461501	347.0	0.092806	-0.104240
1462001	1463000	1462501	339.0	0.093170	-0.137890
1463001	1464000	1463501	306.0	0.093534	-0.285644
1464001	1465000	1464501	345.0	0.093897	-0.112579
1465001	1466000	1465501	366.0	0.094261	-0.027332
1466001	1467000	1466501	382.0	0.094625	0.034397
1467001	1468000	1467501	296.0	0.094989	-0.333578
1468001	1469000	1468501	388.0	0.095353	0.056881
1469001	1470000	1469501	364.0	0.095717	-0.035237
1470001	1471000	1470501	403.0	0.096081	0.111604
1471001	1472000	1471501	440.0	0.096445	0.238328
1472001	1473000	1472501	434.0	0.096809	0.218519
1473001	1474000	1473501	454.0	0.097173	0.283517
1474001	1475000	1474501	446.0	0.097537	0.257868
1475001	1476000	1475501	329.0	0.097901	-0.181088
1476001	1477000	1476501	335.0	0.098265	-0.155015
1477001	1478000	1477501	365.0	0.098629	-0.031279
1478001	1479000	1478501	347.0	0.098993	-0.104240
1479001	1480000	1479501	430.0	0.099357	0.205161
1480001	1481000	1480501	370.0	0.099721	-0.011650
1481001	1482000	1481501	367.0	0.100085	-0.023396
1482001	1483000	1482501	330.0	0.100448	-0.176710
1483001	1484000	1483501	330.0	0.100812	-0.176710
1484001	1485000	1484501	375.0	0.101176	0.007715
1485001	1486000	1485501	452.0	0.101540	0.277147
1486001	1487000	1486501	368.0	0.101904	-0.019470
1487001	1488000	1487501	386.0	0.102268	0.049425
1488001	1489000	1488501	380.0	0.102632	0.026824
1489001	1490000	1489501	368.0	0.102996	-0.019470
1490001	1491000	1490501	354.0	0.103360	-0.075426
1491001	1492000	1491501	474.0	0.103724	0.345711
1492001	1493000	1492501	337.0	0.104088	-0.146427
1493001	1494000	1493501	367.0	0.104452	-0.023396
1494001	1495000	1494501	358.0	0.104816	-0.059216
1495001	1496000	1495501	343.0	0.105180	-0.120967
1496001	1497000	1496501	401.0	0.105544	0.104427
1497001	1498000	1497501	329.0	0.105908	-0.181088
1498001	1499000	1498501	391.0	0.106272	0.067993
1499001	1500000	1499501	341.0	0.106636	-0.129404
1500001	1501000	1500501	331.0	0.106999	-0.172344
1501001	1502000	1501501	366.0	0.107363	-0.027332
1502001	1503000	1502501	406.0	0.107727	0.122304
1503001	1504000	1503501	427.0	0.108091	0.195060
1504001	1505000	1504501	388.0	0.108455	0.056881
1505001	1506000	1505501	459.0	0.108819	0.299319
1506001	1507000	1506501	453.0	0.109183	0.280335
1507001	1508000	1507501	329.0	0.109547	-0.181088
1508001	1509000	1508501	375.0	0.109911	0.007715
1509001	1510000	1509501	418.0	0.110275	0.164327
1510001	1511000	1510501	335.0	0.110639	-0.155015
1511001	1512000	1511501	328.0	0.111003	-0.185480
1512001	1513000	1512501	333.0	0.111367	-0.163653
1513001	1514000	1513501	323.0	0.111731	-0.207641
1514001	1515000	1514501	326.0	0.112095	-0.194304
1515001	1516000	1515501	309.0	0.112459	-0.271569
1516001	1517000	1516501	426.0	0.112823	0.191678
1517001	1518000	1517501	390.0	0.113187	0.064298
1518001	1519000	1518501	354.0	0.113550	-0.075426
1519001	1520000	1519501	412.0	0.113914	0.143469
1520001	1521000	1520501	488.0	0.114278	0.387706
1521001	1522000	1521501	321.0	0.114642	-0.216602
1522001	1523000	1522501	359.0	0.115006	-0.055192
1523001	1524000	1523501	396.0	0.115370	0.086325
1524001	1525000	1524501	435.0	0.115734	0.221840
1525001	1526000	1525501	371.0	0.116098	-0.007756
1526001	1527000	1526501	399.0	0.116462	0.097213
1527001	1528000	1527501	337.0	0.116826	-0.146427
1528001	1529000	1528501	317.0	0.117190	-0.234693
1529001	1530000	1529501	362.0	0.117554	-0.043186
1530001	1531000	1530501	266.0	0.117918	-0.487749
1531001	1532000	1531501	347.0	0.118282	-0.104240
1532001	1533000	1532501	358.0	0.118646	-0.059216
1533001	1534000	1533501	341.0	0.119010	-0.129404
1534001	1535000	1534501	322.0	0.119374	-0.212115
1535001	1536000	1535501	320.0	0.119738	-0.221104
1536001	1537000	1536501	381.0	0.120101	0.030615
1537001	1538000	1537501	298.0	0.120465	-0.323863
1538001	1539000	1538501	375.0	0.120829	0.007715
1539001	1540000	1539501	395.0	0.121193	0.082677
1540001	1541000	1540501	443.0	0.121557	0.248131
1541001	1542000	1541501	438.0	0.121921	0.231755
1542001	1543000	1542501	444.0	0.122285	0.251384
1543001	1544000	1543501	350.0	0.122649	-0.091821
1544001	1545000	1544501	374.0	0.123013	0.003863
1545001	1546000	1545501	329.0	0.123377	-0.181088
1546001	1547000	1546501	324.0	0.123741	-0.203182
1547001	1548000	1547501	336.0	0.124105	-0.150714
1548001	1549000	1548501	366.0	0.124469	-0.027332
1549001	1550000	1549501	349.0	0.124833	-0.095949
1550001	1551000	1550501	358.0	0.125197	-0.059216
1551001	1552000	1551501	343.0	0.125561	-0.120967
1552001	1553000	1552501	362.0	0.125925	-0.043186
1553001	1554000	1553501	387.0	0.126288	0.053158
1554001	1555000	1554501	460.0	0.126652	0.302458
1555001	1556000	1555501	386.0	0.127016	0.049425
1556001	1557000	1556501	334.0	0.127380	-0.159328
1557001	1558000	1557501	428.0	0.127744	0.198435
1558001	1559000	1558501	434.0	0.128108	0.218519
1559001	1560000	1559501	427.0	0.128472	0.195060
1560001	1561000	1560501	444.0	0.128836	0.251384
1561001	1562000	1561501	440.0	0.129200	0.238328
1562001	1563000	1562501	416.0	0.129564	0.157408
1563001	1564000	1563501	372.0	0.129928	-0.003873
1564001	1565000	1564501	466.0	0.130292	0.321154
1565001	1566000	1565501	469.0	0.130656	0.330412
1566001	1567000	1566501	368.0	0.131020	-0.019470
1567001	1568000	1567501	455.0	0.131384	0.286691
1568001	1569000	1568501	476.0	0.131748	0.351786
1569001	1570000	1569501	443.0	0.132112	0.248131
1570001	1571000	1570501	418.0	0.132476	0.164327
1571001	1572000	1571501	323.0	0.132839	-0.207641
1572001	1573000	1572501	319.0	0.133203	-0.225619
1573001	1574000	1573501	313.0	0.133567	-0.253013
1574001	1575000	1574501	358.0	0.133931	-0.059216
1575001	1576000	1575501	354.0	0.134295	-0.075426
1576001	1577000	1576501	445.0	0.134659	0.254630
1577001	1578000	1577501	387.0	0.135023	0.053158
1578001	1579000	1578501	517.0	0.135387	0.470989
1579001	1580000	1579501	423.0	0.135751	0.181482
1580001	1581000	1580501	393.0	0.136115	0.075354
1581001	1582000	1581501	367.0	0.136479	-0.023396
1582001	1583000	1582501	423.0	0.136843	0.181482
1583001	1584000	1583501	355.0	0.137207	-0.071357
1584001	1585000	1584501	380.0	0.137571	0.026824
1585001	1586000	1585501	443.0	0.137935	0.248131
1586001	1587000	1586501	423.0	0.138299	0.181482
1587001	1588000	1587501	361.0	0.138663	-0.047177
1588001	1589000	1588501	379.0	0.139027	0.023022
1589001	1590000	1589501	415.0	0.139390	0.153936
1590001	1591000	1590501	478.0	0.139754	0.357835
1591001	1592000	1591501	411.0	0.140118	0.139963
1592001	1593000	1592501	453.0	0.140482	0.280335
1593001	1594000	1593501	387.0	0.140846	0.053158
1594001	1595000	1594501	382.0	0.141210	0.034397
1595001	1596000	1595501	370.0	0.141574	-0.011650
1596001	1597000	1596501	397.0	0.141938	0.089963
1597001	1598000	1597501	350.0	0.142302	-0.091821
1598001	1599000	1598501	340.0	0.142666	-0.133641
1599001	1600000	1599501	329.0	0.143030	-0.181088
1600001	1601000	1600501	365.0	0.143394	-0.031279
1601001	1602000	1601501	361.0	0.143758	-0.047177
1602001	1603000	1602501	398.0	0.144122	0.093593
1603001	1604000	1603501	383.0	0.144486	0.038169
1604001	1605000	1604501	301.0	0.144850	-0.309412
1605001	1606000	1605501	253.0	0.145214	-0.560038
1606001	1607000	1606501	260.0	0.145578	-0.520664
1607001	1608000	1607501	271.0	0.145941	-0.460883
1608001	1609000	1608501	329.0	0.146305	-0.181088
1609001	1610000	1609501	510.0	0.146669	0.451322
1610001	1611000	1610501	393.0	0.147033	0.075354
1611001	1612000	1611501	381.0	0.147397	0.030615
1612001	1613000	1612501	401.0	0.147761	0.104427
1613001	1614000	1613501	414.0	0.148125	0.150455
1614001	1615000	1614501	410.0	0.148489	0.136448
1615001	1616000	1615501	425.0	0.148853	0.188287
1616001	1617000	1616501	418.0	0.149217	0.164327
1617001	1618000	1617501	431.0	0.149581	0.208512
1618001	1619000	1618501	354.0	0.149945	-0.075426
1619001	1620000	1619501	282.0	0.150309	-0.403480
1620001	1621000	1620501	274.0	0.150673	-0.445000
1621001	1622000	1621501	305.0	0.151037	-0.290366
1622001	1623000	1622501	377.0	0.151401	0.015389
1623001	1624000	1623501	378.0	0.151765	0.019211
1624001	1625000	1624501	420.0	0.152129	0.171214
1625001	1626000	1625501	467.0	0.152492	0.324247
1626001	1627000	1626501	346.0	0.152856	-0.108404
1627001	1628000	1627501	344.0	0.153220	-0.116767
1628001	1629000	1628501	411.0	0.153584	0.139963
1629001	1630000	1629501	399.0	0.153948	0.097213
1630001	1631000	1630501	514.0	0.154312	0.462593
1631001	1632000	1631501	394.0	0.154676	0.079020
1632001	1633000	1632501	393.0	0.155040	0.075354
1633001	1634000	1633501	381.0	0.155404	0.030615
1634001	1635000	1634501	365.0	0.155768	-0.031279
1635001	1636000	1635501	349.0	0.156132	-0.095949
1636001	1637000	1636501	371.0	0.156496	-0.007756
1637001	1638000	1637501	296.0	0.156860	-0.333578
1638001	1639000	1638501	281.0	0.157224	-0.408606
1639001	1640000	1639501	334.0	0.157588	-0.159328
1640001	1641000	1640501	347.0	0.157952	-0.104240
1641001	1642000	1641501	388.0	0.158316	0.056881
1642001	1643000	1642501	428.0	0.158679	0.198435
1643001	1644000	1643501	376.0	0.159043	0.011557
1644001	1645000	1644501	368.0	0.159407	-0.019470
1645001	1646000	1645501	346.0	0.159771	-0.108404
1646001	1647000	1646501	366.0	0.160135	-0.027332
1647001	1648000	1647501	420.0	0.160499	0.171214
1648001	1649000	1648501	398.0	0.160863	0.093593
1649001	1650000	1649501	321.0	0.161227	-0.216602
1650001	1651000	1650501	335.0	0.161591	-0.155015
1651001	1652000	1651501	409.0	0.161955	0.132925
1652001	1653000	1652501	400.0	0.162319	0.100824
1653001	1654000	1653501	357.0	0.162683	-0.063252
1654001	1655000	1654501	430.0	0.163047	0.205161
1655001	1656000	1655501	376.0	0.163411	0.011557
1656001	1657000	1656501	416.0	0.163775	0.157408
1657001	1658000	1657501	394.0	0.164139	0.079020
1658001	1659000	1658501	419.0	0.164503	0.167775
1659001	1660000	1659501	382.0	0.164867	0.034397
1660001	1661000	1660501	325.0	0.165230	-0.198736
1661001	1662000	1661501	367.0	0.165594	-0.023396
1662001	1663000	1662501	395.0	0.165958	0.082677
1663001	1664000	1663501	325.0	0.166322	-0.198736
1664001	1665000	1664501	343.0	0.166686	-0.120967
1665001	1666000	1665501	308.0	0.167050	-0.276245
1666001	1667000	1666501	282.0	0.167414	-0.403480
1667001	1668000	1667501	282.0	0.167778	-0.403480
1668001	1669000	1668501	351.0	0.168142	-0.087705
1669001	1670000	1669501	353.0	0.168506	-0.079507
1670001	1671000	1670501	330.0	0.168870	-0.176710
1671001	1672000	1671501	317.0	0.169234	-0.234693
1672001	1673000	1672501	370.0	0.169598	-0.011650
1673001	1674000	1673501	387.0	0.169962	0.053158
1674001	1675000	1674501	309.0	0.170326	-0.271569
1675001	1676000	1675501	371.0	0.170690	-0.007756
1676001	1677000	1676501	397.0	0.171054	0.089963
1677001	1678000	1677501	419.0	0.171418	0.167775
1678001	1679000	1678501	425.0	0.171781	0.188287
1679001	1680000	1679501	466.0	0.172145	0.321154
1680001	1681000	1680501	481.0	0.172509	0.366861
1681001	1682000	1681501	368.0	0.172873	-0.019470
1682001	1683000	1682501	394.0	0.173237	0.079020
1683001	1684000	1683501	456.0	0.173601	0.289858
1684001	1685000	1684501	456.0	0.173965	0.289858
1685001	1686000	1685501	400.0	0.174329	0.100824
1686001	1687000	1686501	361.0	0.174693	-0.047177
1687001	1688000	1687501	390.0	0.175057	0.064298
1688001	1689000	1688501	405.0	0.175421	0.118746
1689001	1690000	1689501	353.0	0.175785	-0.079507
1690001	1691000	1690501	355.0	0.176149	-0.071357
1691001	1692000	1691501	451.0	0.176513	0.273952
1692001	1693000	1692501	354.0	0.176877	-0.075426
1693001	1694000	1693501	396.0	0.177241	0.086325
1694001	1695000	1694501	482.0	0.177605	0.369858
1695001	1696000	1695501	473.0	0.177969	0.342665
1696001	1697000	1696501	421.0	0.178332	0.174645
1697001	1698000	1697501	471.0	0.178696	0.336551
1698001	1699000	1698501	414.0	0.179060	0.150455
1699001	1700000	1699501	474.0	0.179424	0.345711
1700001	1701000	1700501	457.0	0.179788	0.293019
1701001	1702000	1701501	343.0	0.180152	-0.120967
1702001	1703000	1702501	381.0	0.180516	0.030615
1703001	1704000	1703501	408.0	0.180880	0.129394
1704001	1705000	1704501	409.0	0.181244	0.132925
1705001	1706000	1705501	326.0	0.181608	-0.194304
1706001	1707000	1706501	389.0	0.181972	0.060595
1707001	1708000	1707501	369.0	0.182336	-0.015555
1708001	1709000	1708501	412.0	0.182700	0.143469
1709001	1710000	1709501	411.0	0.183064	0.139963
1710001	1711000	1710501	412.0	0.183428	0.143469
1711001	1712000	1711501	364.0	0.183792	-0.035237
1712001	1713000	1712501	288.0	0.184156	-0.373107
1713001	1714000	1713501	365.0	0.184520	-0.031279
1714001	1715000	1714501	344.0	0.184883	-0.116767
1715001	1716000	1715501	366.0	0.185247	-0.027332
1716001	1717000	1716501	402.0	0.185611	0.108020
1717001	1718000	1717501	435.0	0.185975	0.221840
1718001	1719000	1718501	380.0	0.186339	0.026824
1719001	1720000	1719501	357.0	0.186703	-0.063252
1720001	1721000	1720501	459.0	0.187067	0.299319
1721001	1722000	1721501	364.0	0.187431	-0.035237
1722001	1723000	1722501	337.0	0.187795	-0.146427
1723001	1724000	1723501	336.0	0.188159	-0.150714
1724001	1725000	1724501	415.0	0.188523	0.153936
1725001	1726000	1725501	398.0	0.188887	0.093593
1726001	1727000	1726501	338.0	0.189251	-0.142152
1727001	1728000	1727501	341.0	0.189615	-0.129404
1728001	1729000	1728501	457.0	0.189979	0.293019
1729001	1730000	1729501	461.0	0.190343	0.305591
1730001	1731000	1730501	382.0	0.190707	0.034397
1731001	1732000	1731501	418.0	0.191070	0.164327
1732001	1733000	1732501	341.0	0.191434	-0.129404
1733001	1734000	1733501	343.0	0.191798	-0.120967
1734001	1735000	1734501	397.0	0.192162	0.089963
1735001	1736000	1735501	396.0	0.192526	0.086325
1736001	1737000	1736501	360.0	0.192890	-0.051179
1737001	1738000	1737501	382.0	0.193254	0.034397
1738001	1739000	1738501	331.0	0.193618	-0.172344
1739001	1740000	1739501	490.0	0.193982	0.393606
1740001	1741000	1740501	460.0	0.194346	0.302458
1741001	1742000	1741501	456.0	0.194710	0.289858
1742001	1743000	1742501	570.0	0.195074	0.611786
1743001	1744000	1743501	476.0	0.195438	0.351786
1744001	1745000	1744501	332.0	0.195802	-0.167992
1745001	1746000	1745501	445.0	0.196166	0.254630
1746001	1747000	1746501	346.0	0.196530	-0.108404
1747001	1748000	1747501	293.0	0.196894	-0.348275
1748001	1749000	1748501	691.0	0.197258	0.889510
1749001	1750000	1749501	444.0	0.197621	0.251384
1750001	1751000	1750501	554.0	0.197985	0.570710
1751001	1752000	1751501	555.0	0.198349	0.573312
1752001	1753000	1752501	468.0	0.198713	0.327333
1753001	1754000	1753501	404.0	0.199077	0.115180
1754001	1755000	1754501	425.0	0.199441	0.188287
1755001	1756000	1755501	389.0	0.199805	0.060595
1756001	1757000	1756501	247.0	0.200169	-0.594665
1757001	1758000	1757501	417.0	0.200533	0.160872
1758001	1759000	1758501	415.0	0.200897	0.153936
1759001	1760000	1759501	560.0	0.201261	0.586251
1760001	1761000	1760501	443.0	0.201625	0.248131
1761001	1762000	1761501	460.0	0.201989	0.302458
1762001	1763000	1762501	434.0	0.202353	0.218519
1763001	1764000	1763501	469.0	0.202717	0.330412
1764001	1765000	1764501	507.0	0.203081	0.442810
1765001	1766000	1765501	547.0	0.203445	0.552365
1766001	1767000	1766501	471.0	0.203809	0.336551
1767001	1768000	1767501	498.0	0.204172	0.416970
1768001	1769000	1768501	453.0	0.204536	0.280335
1769001	1770000	1769501	379.0	0.204900	0.023022
1770001	1771000	1770501	376.0	0.205264	0.011557
1771001	1772000	1771501	393.0	0.205628	0.075354
1772001	1773000	1772501	390.0	0.205992	0.064298
1773001	1774000	1773501	415.0	0.206356	0.153936
1774001	1775000	1774501	381.0	0.206720	0.030615
1775001	1776000	1775501	376.0	0.207084	0.011557
1776001	1777000	1776501	508.0	0.207448	0.445653
1777001	1778000	1777501	504.0	0.207812	0.434248
1778001	1779000	1778501	448.0	0.208176	0.264323
1779001	1780000	1779501	469.0	0.208540	0.330412
1780001	1781000	1780501	298.0	0.208904	-0.323863
1781001	1782000	1781501	474.0	0.209268	0.345711
1782001	1783000	1782501	626.0	0.209632	0.746987
1783001	1784000	1783501	571.0	0.209996	0.614315
1784001	1785000	1784501	536.0	0.210360	0.523057
1785001	1786000	1785501	331.0	0.210723	-0.172344
1786001	1787000	1786501	257.0	0.211087	-0.537407
1787001	1788000	1787501	339.0	0.211451	-0.137890
1788001	1789000	1788501	499.0	0.211815	0.419864
1789001	1790000	1789501	529.0	0.212179	0.504092
1790001	1791000	1790501	388.0	0.212543	0.056881
1791001	1792000	1791501	340.0	0.212907	-0.133641
1792001	1793000	1792501	353.0	0.213271	-0.079507
1793001	1794000	1793501	381.0	0.213635	0.030615
1794001	1795000	1794501	375.0	0.213999	0.007715
1795001	1796000	1795501	351.0	0.214363	-0.087705
1796001	1797000	1796501	382.0	0.214727	0.034397
1797001	1798000	1797501	312.0	0.215091	-0.257630
1798001	1799000	1798501	385.0	0.215455	0.045683
1799001	1800000	1799501	311.0	0.215819	-0.262261
1800001	1801000	1800501	409.0	0.216183	0.132925
1801001	1802000	1801501	329.0	0.216547	-0.181088
1802001	1803000	1802501	394.0	0.216911	0.079020
1803001	1804000	1803501	470.0	0.217274	0.333485
1804001	1805000	1804501	425.0	0.217638	0.188287
1805001	1806000	1805501	344.0	0.218002	-0.116767
1806001	1807000	1806501	335.0	0.218366	-0.155015
1807001	1808000	1807501	382.0	0.218730	0.034397
1808001	1809000	1808501	350.0	0.219094	-0.091821
1809001	1810000	1809501	322.0	0.219458	-0.212115
1810001	1811000	1810501	345.0	0.219822	-0.112579
1811001	1812000	1811501	385.0	0.220186	0.045683
1812001	1813000	1812501	341.0	0.220550	-0.129404
1813001	1814000	1813501	373.0	0.220914	0.000000
1814001	1815000	1814501	369.0	0.221278	-0.015555
1815001	1816000	1815501	338.0	0.221642	-0.142152
1816001	1817000	1816501	320.0	0.222006	-0.221104
1817001	1818000	1817501	338.0	0.222370	-0.142152
1818001	1819000	1818501	475.0	0.222734	0.348752
1819001	1820000	1819501	571.0	0.223098	0.614315
1820001	1821000	1820501	559.0	0.223461	0.583673
1821001	1822000	1821501	359.0	0.223825	-0.055192
1822001	1823000	1822501	358.0	0.224189	-0.059216
1823001	1824000	1823501	429.0	0.224553	0.201802
1824001	1825000	1824501	443.0	0.224917	0.248131
1825001	1826000	1825501	321.0	0.225281	-0.216602
1826001	1827000	1826501	374.0	0.225645	0.003863
1827001	1828000	1827501	293.0	0.226009	-0.348275
1828001	1829000	1828501	409.0	0.226373	0.132925
1829001	1830000	1829501	422.0	0.226737	0.178067
1830001	1831000	1830501	365.0	0.227101	-0.031279
1831001	1832000	1831501	330.0	0.227465	-0.176710
1832001	1833000	1832501	323.0	0.227829	-0.207641
1833001	1834000	1833501	367.0	0.228193	-0.023396
1834001	1835000	1834501	429.0	0.228557	0.201802
1835001	1836000	1835501	376.0	0.228921	0.011557
1836001	1837000	1836501	315.0	0.229285	-0.243824
1837001	1838000	1837501	355.0	0.229649	-0.071357
1838001	1839000	1838501	330.0	0.230012	-0.176710
1839001	1840000	1839501	372.0	0.230376	-0.003873
1840001	1841000	1840501	390.0	0.230740	0.064298
1841001	1842000	1841501	398.0	0.231104	0.093593
1842001	1843000	1842501	540.0	0.231468	0.533784
1843001	1844000	1843501	366.0	0.231832	-0.027332
1844001	1845000	1844501	363.0	0.232196	-0.039206
1845001	1846000	1845501	427.0	0.232560	0.195060
1846001	1847000	1846501	379.0	0.232924	0.023022
1847001	1848000	1847501	327.0	0.233288	-0.189885
1848001	1849000	1848501	378.0	0.233652	0.019211
1849001	1850000	1849501	363.0	0.234016	-0.039206
1850001	1851000	1850501	345.0	0.234380	-0.112579
1851001	1852000	1851501	356.0	0.234744	-0.067298
1852001	1853000	1852501	325.0	0.235108	-0.198736
1853001	1854000	1853501	336.0	0.235472	-0.150714
1854001	1855000	1854501	360.0	0.235836	-0.051179
1855001	1856000	1855501	392.0	0.236200	0.071678
1856001	1857000	1856501	392.0	0.236563	0.071678
1857001	1858000	1857501	371.0	0.236927	-0.007756
1858001	1859000	1858501	364.0	0.237291	-0.035237
1859001	1860000	1859501	366.0	0.237655	-0.027332
1860001	1861000	1860501	443.0	0.238019	0.248131
1861001	1862000	1861501	412.0	0.238383	0.143469
1862001	1863000	1862501	377.0	0.238747	0.015389
1863001	1864000	1863501	370.0	0.239111	-0.011650
1864001	1865000	1864501	360.0	0.239475	-0.051179
1865001	1866000	1865501	261.0	0.239839	-0.515126
1866001	1867000	1866501	246.0	0.240203	-0.600517
1867001	1868000	1867501	299.0	0.240567	-0.319030
1868001	1869000	1868501	328.0	0.240931	-0.185480
1869001	1870000	1869501	345.0	0.241295	-0.112579
1870001	1871000	1870501	424.0	0.241659	0.184889
1871001	1872000	1871501	395.0	0.242023	0.082677
1872001	1873000	1872501	394.0	0.242387	0.079020
1873001	1874000	1873501	345.0	0.242751	-0.112579
1874001	1875000	1874501	378.0	0.243114	0.019211
1875001	1876000	1875501	364.0	0.243478	-0.035237
1876001	1877000	1876501	439.0	0.243842	0.235045
1877001	1878000	1877501	446.0	0.244206	0.257868
1878001	1879000	1878501	311.0	0.244570	-0.262261
1879001	1880000	1879501	463.0	0.244934	0.311837
1880001	1881000	1880501	408.0	0.245298	0.129394
1881001	1882000	1881501	396.0	0.245662	0.086325
1882001	1883000	1882501	431.0	0.246026	0.208512
1883001	1884000	1883501	481.0	0.246390	0.366861
1884001	1885000	1884501	429.0	0.246754	0.201802
1885001	1886000	1885501	412.0	0.247118	0.143469
1886001	1887000	1886501	375.0	0.247482	0.007715
1887001	1888000	1887501	334.0	0.247846	-0.159328
1888001	1889000	1888501	346.0	0.248210	-0.108404
1889001	1890000	1889501	494.0	0.248574	0.405335
1890001	1891000	1890501	363.0	0.248938	-0.039206
1891001	1892000	1891501	467.0	0.249302	0.324247
1892001	1893000	1892501	339.0	0.249665	-0.137890
1893001	1894000	1893501	274.0	0.250029	-0.445000
1894001	1895000	1894501	302.0	0.250393	-0.304627
1895001	1896000	1895501	355.0	0.250757	-0.071357
1896001	1897000	1896501	328.0	0.251121	-0.185480
1897001	1898000	1897501	427.0	0.251485	0.195060
1898001	1899000	1898501	384.0	0.251849	0.041931
1899001	1900000	1899501	461.0	0.252213	0.305591
1900001	1901000	1900501	422.0	0.252577	0.178067
1901001	1902000	1901501	324.0	0.252941	-0.203182
1902001	1903000	1902501	333.0	0.253305	-0.163653
1903001	1904000	1903501	365.0	0.253669	-0.031279
1904001	1905000	1904501	341.0	0.254033	-0.129404
1905001	1906000	1905501	334.0	0.254397	-0.159328
1906001	1907000	1906501	377.0	0.254761	0.015389
1907001	1908000	1907501	454.0	0.255125	0.283517
1908001	1909000	1908501	451.0	0.255489	0.273952
1909001	1910000	1909501	385.0	0.255852	0.045683
1910001	1911000	1910501	407.0	0.256216	0.125853
1911001	1912000	1911501	351.0	0.256580	-0.087705
1912001	1913000	1912501	402.0	0.256944	0.108020
1913001	1914000	1913501	450.0	0.257308	0.270749
1914001	1915000	1914501	390.0	0.257672	0.064298
1915001	1916000	1915501	347.0	0.258036	-0.104240
1916001	1917000	1916501	403.0	0.258400	0.111604
1917001	1918000	1917501	430.0	0.258764	0.205161
1918001	1919000	1918501	393.0	0.259128	0.075354
1919001	1920000	1919501	396.0	0.259492	0.086325
1920001	1921000	1920501	373.0	0.259856	0.000000
1921001	1922000	1921501	405.0	0.260220	0.118746
1922001	1923000	1922501	357.0	0.260584	-0.063252
1923001	1924000	1923501	372.0	0.260948	-0.003873
1924001	1925000	1924501	405.0	0.261312	0.118746
1925001	1926000	1925501	433.0	0.261676	0.215191
1926001	1927000	1926501	404.0	0.262040	0.115180
1927001	1928000	1927501	344.0	0.262403	-0.116767
1928001	1929000	1928501	398.0	0.262767	0.093593
1929001	1930000	1929501	402.0	0.263131	0.108020
1930001	1931000	1930501	403.0	0.263495	0.111604
1931001	1932000	1931501	320.0	0.263859	-0.221104
1932001	1933000	1932501	411.0	0.264223	0.139963
1933001	1934000	1933501	406.0	0.264587	0.122304
1934001	1935000	1934501	359.0	0.264951	-0.055192
1935001	1936000	1935501	432.0	0.265315	0.211856
1936001	1937000	1936501	523.0	0.265679	0.487635
1937001	1938000	1937501	514.0	0.266043	0.462593
1938001	1939000	1938501	422.0	0.266407	0.178067
1939001	1940000	1939501	431.0	0.266771	0.208512
1940001	1941000	1940501	396.0	0.267135	0.086325
1941001	1942000	1941501	328.0	0.267499	-0.185480
1942001	1943000	1942501	330.0	0.267863	-0.176710
1943001	1944000	1943501	296.0	0.268227	-0.333578
1944001	1945000	1944501	310.0	0.268591	-0.266907
1945001	1946000	1945501	341.0	0.268954	-0.129404
1946001	1947000	1946501	335.0	0.269318	-0.155015
1947001	1948000	1947501	381.0	0.269682	0.030615
1948001	1949000	1948501	440.0	0.270046	0.238328
1949001	1950000	1949501	415.0	0.270410	0.153936
1950001	1951000	1950501	404.0	0.270774	0.115180
1951001	1952000	1951501	383.0	0.271138	0.038169
1952001	1953000	1952501	324.0	0.271502	-0.203182
1953001	1954000	1953501	323.0	0.271866	-0.207641
1954001	1955000	1954501	296.0	0.272230	-0.333578
1955001	1956000	1955501	225.0	0.272594	-0.729251
1956001	1957000	1956501	394.0	0.272958	0.079020
1957001	1958000	1957501	384.0	0.273322	0.041931
1958001	1959000	1958501	358.0	0.273686	-0.059216
1959001	1960000	1959501	396.0	0.274050	0.086325
1960001	1961000	1960501	437.0	0.274414	0.228458
1961001	1962000	1961501	414.0	0.274778	0.150455
1962001	1963000	1962501	356.0	0.275142	-0.067298
1963001	1964000	1963501	501.0	0.275505	0.425635
1964001	1965000	1964501	386.0	0.275869	0.049425
1965001	1966000	1965501	426.0	0.276233	0.191678
1966001	1967000	1966501	422.0	0.276597	0.178067
1967001	1968000	1967501	494.0	0.276961	0.405335
1968001	1969000	1968501	488.0	0.277325	0.387706
1969001	1970000	1969501	418.0	0.277689	0.164327
1970001	1971000	1970501	284.0	0.278053	-0.393285
1971001	1972000	1971501	355.0	0.278417	-0.071357
1972001	1973000	1972501	388.0	0.278781	0.056881
1973001	1974000	1973501	390.0	0.279145	0.064298
1974001	1975000	1974501	349.0	0.279509	-0.095949
1975001	1976000	1975501	347.0	0.279873	-0.104240
1976001	1977000	1976501	467.0	0.280237	0.324247
1977001	1978000	1977501	540.0	0.280601	0.533784
1978001	1979000	1978501	347.0	0.280965	-0.104240
1979001	1980000	1979501	480.0	0.281329	0.363859
1980001	1981000	1980501	400.0	0.281692	0.100824
1981001	1982000	1981501	470.0	0.282056	0.333485
1982001	1983000	1982501	407.0	0.282420	0.125853
1983001	1984000	1983501	398.0	0.282784	0.093593
1984001	1985000	1984501	356.0	0.283148	-0.067298
1985001	1986000	1985501	400.0	0.283512	0.100824
1986001	1987000	1986501	341.0	0.283876	-0.129404
1987001	1988000	1987501	315.0	0.284240	-0.243824
1988001	1989000	1988501	331.0	0.284604	-0.172344
1989001	1990000	1989501	311.0	0.284968	-0.262261
1990001	1991000	1990501	389.0	0.285332	0.060595
1991001	1992000	1991501	230.0	0.285696	-0.697542
1992001	1993000	1992501	290.0	0.286060	-0.363123
1993001	1994000	1993501	383.0	0.286424	0.038169
1994001	1995000	1994501	369.0	0.286788	-0.015555
1995001	1996000	1995501	368.0	0.287152	-0.019470
1996001	1997000	1996501	291.0	0.287516	-0.358156
1997001	1998000	1997501	295.0	0.287880	-0.338461
1998001	1999000	1998501	305.0	0.288243	-0.290366
1999001	2000000	1999501	328.0	0.288607	-0.185480
2000001	2001000	2000501	353.0	0.288971	-0.079507
2001001	2002000	2001501	401.0	0.289335	0.104427
2002001	2003000	2002501	307.0	0.289699	-0.280937
2003001	2004000	2003501	359.0	0.290063	-0.055192
2004001	2005000	2004501	406.0	0.290427	0.122304
2005001	2006000	2005501	191.0	0.290791	-0.965603
2006001	2007000	2006501	318.0	0.291155	-0.230149
2007001	2008000	2007501	241.0	0.291519	-0.630142
2008001	2009000	2008501	253.0	0.291883	-0.560038
2009001	2010000	2009501	383.0	0.292247	0.038169
2010001	2011000	2010501	463.0	0.292611	0.311837
2011001	2012000	2011501	391.0	0.292975	0.067993
2012001	2013000	2012501	387.0	0.293339	0.053158
2013001	2014000	2013501	350.0	0.293703	-0.091821
2014001	2015000	2014501	412.0	0.294067	0.143469
2015001	2016000	2015501	388.0	0.294431	0.056881
2016001	2017000	2016501	373.0	0.294794	0.000000
2017001	2018000	2017501	397.0	0.295158	0.089963
2018001	2019000	2018501	294.0	0.295522	-0.343359
2019001	2020000	2019501	389.0	0.295886	0.060595
2020001	2021000	2020501	411.0	0.296250	0.139963
2021001	2022000	2021501	389.0	0.296614	0.060595
2022001	2023000	2022501	417.0	0.296978	0.160872
2023001	2024000	2023501	417.0	0.297342	0.160872
2024001	2025000	2024501	349.0	0.297706	-0.095949
2025001	2026000	2025501	350.0	0.298070	-0.091821
2026001	2027000	2026501	371.0	0.298434	-0.007756
2027001	2028000	2027501	362.0	0.298798	-0.043186
2028001	2029000	2028501	412.0	0.299162	0.143469
2029001	2030000	2029501	375.0	0.299526	0.007715
2030001	2031000	2030501	488.0	0.299890	0.387706
2031001	2032000	2031501	358.0	0.300254	-0.059216
2032001	2033000	2032501	338.0	0.300618	-0.142152
2033001	2034000	2033501	411.0	0.300982	0.139963
2034001	2035000	2034501	492.0	0.301345	0.399483
2035001	2036000	2035501	441.0	0.301709	0.241603
2036001	2037000	2036501	385.0	0.302073	0.045683
2037001	2038000	2037501	318.0	0.302437	-0.230149
2038001	2039000	2038501	319.0	0.302801	-0.225619
2039001	2040000	2039501	377.0	0.303165	0.015389
2040001	2041000	2040501	389.0	0.303529	0.060595
2041001	2042000	2041501	379.0	0.303893	0.023022
2042001	2043000	2042501	351.0	0.304257	-0.087705
2043001	2044000	2043501	359.0	0.304621	-0.055192
2044001	2045000	2044501	410.0	0.304985	0.136448
2045001	2046000	2045501	508.0	0.305349	0.445653
2046001	2047000	2046501	465.0	0.305713	0.318055
2047001	2048000	2047501	510.0	0.306077	0.451322
2048001	2049000	2048501	452.0	0.306441	0.277147
2049001	2050000	2049501	404.0	0.306805	0.115180
2050001	2051000	2050501	379.0	0.307169	0.023022
2051001	2052000	2051501	427.0	0.307533	0.195060
2052001	2053000	2052501	520.0	0.307896	0.479336
2053001	2054000	2053501	452.0	0.308260	0.277147
2054001	2055000	2054501	460.0	0.308624	0.302458
2055001	2056000	2055501	436.0	0.308988	0.225153
2056001	2057000	2056501	445.0	0.309352	0.254630
2057001	2058000	2057501	358.0	0.309716	-0.059216
2058001	2059000	2058501	333.0	0.310080	-0.163653
2059001	2060000	2059501	363.0	0.310444	-0.039206
2060001	2061000	2060501	331.0	0.310808	-0.172344
2061001	2062000	2061501	333.0	0.311172	-0.163653
2062001	2063000	2062501	361.0	0.311536	-0.047177
2063001	2064000	2063501	339.0	0.311900	-0.137890
2064001	2065000	2064501	357.0	0.312264	-0.063252
2065001	2066000	2065501	356.0	0.312628	-0.067298
2066001	2067000	2066501	336.0	0.312992	-0.150714
2067001	2068000	2067501	345.0	0.313356	-0.112579
2068001	2069000	2068501	392.0	0.313720	0.071678
2069001	2070000	2069501	440.0	0.314083	0.238328
2070001	2071000	2070501	406.0	0.314447	0.122304
2071001	2072000	2071501	388.0	0.314811	0.056881
2072001	2073000	2072501	295.0	0.315175	-0.338461
2073001	2074000	2073501	439.0	0.315539	0.235045
2074001	2075000	2074501	446.0	0.315903	0.257868
2075001	2076000	2075501	366.0	0.316267	-0.027332
2076001	2077000	2076501	330.0	0.316631	-0.176710
2077001	2078000	2077501	443.0	0.316995	0.248131
2078001	2079000	2078501	393.0	0.317359	0.075354
2079001	2080000	2079501	391.0	0.317723	0.067993
2080001	2081000	2080501	399.0	0.318087	0.097213
2081001	2082000	2081501	452.0	0.318451	0.277147
2082001	2083000	2082501	515.0	0.318815	0.465397
2083001	2084000	2083501	433.0	0.319179	0.215191
2084001	2085000	2084501	365.0	0.319543	-0.031279
2085001	2086000	2085501	367.0	0.319907	-0.023396
2086001	2087000	2086501	398.0	0.320271	0.093593
2087001	2088000	2087501	348.0	0.320634	-0.100088
2088001	2089000	2088501	437.0	0.320998	0.228458
2089001	2090000	2089501	345.0	0.321362	-0.112579
2090001	2091000	2090501	409.0	0.321726	0.132925
2091001	2092000	2091501	330.0	0.322090	-0.176710
2092001	2093000	2092501	314.0	0.322454	-0.248411
2093001	2094000	2093501	367.0	0.322818	-0.023396
2094001	2095000	2094501	352.0	0.323182	-0.083600
2095001	2096000	2095501	363.0	0.323546	-0.039206
2096001	2097000	2096501	408.0	0.323910	0.129394
2097001	2098000	2097501	407.0	0.324274	0.125853
2098001	2099000	2098501	466.0	0.324638	0.321154
2099001	2100000	2099501	451.0	0.325002	0.273952
2100001	2101000	2100501	340.0	0.325366	-0.133641
2101001	2102000	2101501	382.0	0.325730	0.034397
2102001	2103000	2102501	396.0	0.326094	0.086325
2103001	2104000	2103501	434.0	0.326458	0.218519
2104001	2105000	2104501	396.0	0.326822	0.086325
2105001	2106000	2105501	331.0	0.327185	-0.172344
2106001	2107000	2106501	398.0	0.327549	0.093593
2107001	2108000	2107501	351.0	0.327913	-0.087705
2108001	2109000	2108501	407.0	0.328277	0.125853
2109001	2110000	2109501	266.0	0.328641	-0.487749
2110001	2111000	2110501	396.0	0.329005	0.086325
2111001	2112000	2111501	321.0	0.329369	-0.216602
2112001	2113000	2112501	344.0	0.329733	-0.116767
2113001	2114000	2113501	345.0	0.330097	-0.112579
2114001	2115000	2114501	414.0	0.330461	0.150455
2115001	2116000	2115501	352.0	0.330825	-0.083600
2116001	2117000	2116501	349.0	0.331189	-0.095949
2117001	2118000	2117501	324.0	0.331553	-0.203182
2118001	2119000	2118501	320.0	0.331917	-0.221104
2119001	2120000	2119501	363.0	0.332281	-0.039206
2120001	2121000	2120501	283.0	0.332645	-0.398374
2121001	2122000	2121501	357.0	0.333009	-0.063252
2122001	2123000	2122501	381.0	0.333373	0.030615
2123001	2124000	2123501	396.0	0.333736	0.086325
2124001	2125000	2124501	397.0	0.334100	0.089963
2125001	2126000	2125501	365.0	0.334464	-0.031279
2126001	2127000	2126501	301.0	0.334828	-0.309412
2127001	2128000	2127501	384.0	0.335192	0.041931
2128001	2129000	2128501	434.0	0.335556	0.218519
2129001	2130000	2129501	401.0	0.335920	0.104427
2130001	2131000	2130501	358.0	0.336284	-0.059216
2131001	2132000	2131501	412.0	0.336648	0.143469
2132001	2133000	2132501	372.0	0.337012	-0.003873
2133001	2134000	2133501	314.0	0.337376	-0.248411
2134001	2135000	2134501	350.0	0.337740	-0.091821
2135001	2136000	2135501	523.0	0.338104	0.487635
2136001	2137000	2136501	378.0	0.338468	0.019211
2137001	2138000	2137501	360.0	0.338832	-0.051179
2138001	2139000	2138501	447.0	0.339196	0.261099
2139001	2140000	2139501	386.0	0.339560	0.049425
2140001	2141000	2140501	410.0	0.339924	0.136448
2141001	2142000	2141501	337.0	0.340287	-0.146427
2142001	2143000	2142501	336.0	0.340651	-0.150714
2143001	2144000	2143501	463.0	0.341015	0.311837
2144001	2145000	2144501	430.0	0.341379	0.205161
2145001	2146000	2145501	477.0	0.341743	0.354814
2146001	2147000	2146501	478.0	0.342107	0.357835
2147001	2148000	2147501	425.0	0.342471	0.188287
2148001	2149000	2148501	404.0	0.342835	0.115180
2149001	2150000	2149501	408.0	0.343199	0.129394
2150001	2151000	2150501	456.0	0.343563	0.289858
2151001	2152000	2151501	448.0	0.343927	0.264323
2152001	2153000	2152501	318.0	0.344291	-0.230149
2153001	2154000	2153501	270.0	0.344655	-0.466216
2154001	2155000	2154501	291.0	0.345019	-0.358156
2155001	2156000	2155501	403.0	0.345383	0.111604
2156001	2157000	2156501	487.0	0.345747	0.384746
2157001	2158000	2157501	324.0	0.346111	-0.203182
2158001	2159000	2158501	377.0	0.346474	0.015389
2159001	2160000	2159501	351.0	0.346838	-0.087705
2160001	2161000	2160501	377.0	0.347202	0.015389
2161001	2162000	2161501	421.0	0.347566	0.174645
2162001	2163000	2162501	572.0	0.347930	0.616840
2163001	2164000	2163501	545.0	0.348294	0.547081
2164001	2165000	2164501	530.0	0.348658	0.506817
2165001	2166000	2165501	725.0	0.349022	0.958805
2166001	2167000	2166501	586.0	0.349386	0.651725
2167001	2168000	2167501	501.0	0.349750	0.425635
2168001	2169000	2168501	485.0	0.350114	0.378809
2169001	2170000	2169501	407.0	0.350478	0.125853
2170001	2171000	2170501	402.0	0.350842	0.108020
2171001	2172000	2171501	372.0	0.351206	-0.003873
2172001	2173000	2172501	236.0	0.351570	-0.660389
2173001	2174000	2173501	287.0	0.351934	-0.378125
2174001	2175000	2174501	355.0	0.352298	-0.071357
2175001	2176000	2175501	431.0	0.352662	0.208512
2176001	2177000	2176501	430.0	0.353025	0.205161
2177001	2178000	2177501	379.0	0.353389	0.023022
2178001	2179000	2178501	394.0	0.353753	0.079020
2179001	2180000	2179501	409.0	0.354117	0.132925
2180001	2181000	2180501	366.0	0.354481	-0.027332
2181001	2182000	2181501	351.0	0.354845	-0.087705
2182001	2183000	2182501	338.0	0.355209	-0.142152
2183001	2184000	2183501	320.0	0.355573	-0.221104
2184001	2185000	2184501	407.0	0.355937	0.125853
2185001	2186000	2185501	457.0	0.356301	0.293019
2186001	2187000	2186501	371.0	0.356665	-0.007756
2187001	2188000	2187501	457.0	0.357029	0.293019
2188001	2189000	2188501	382.0	0.357393	0.034397
2189001	2190000	2189501	394.0	0.357757	0.079020
2190001	2191000	2190501	379.0	0.358121	0.023022
2191001	2192000	2191501	384.0	0.358485	0.041931
2192001	2193000	2192501	407.0	0.358849	0.125853
2193001	2194000	2193501	387.0	0.359213	0.053158
2194001	2195000	2194501	400.0	0.359576	0.100824
2195001	2196000	2195501	300.0	0.359940	-0.314213
2196001	2197000	2196501	346.0	0.360304	-0.108404
2197001	2198000	2197501	309.0	0.360668	-0.271569
2198001	2199000	2198501	379.0	0.361032	0.023022
2199001	2200000	2199501	360.0	0.361396	-0.051179
2200001	2201000	2200501	391.0	0.361760	0.067993
2201001	2202000	2201501	328.0	0.362124	-0.185480
2202001	2203000	2202501	356.0	0.362488	-0.067298
2203001	2204000	2203501	358.0	0.362852	-0.059216
2204001	2205000	2204501	389.0	0.363216	0.060595
2205001	2206000	2205501	490.0	0.363580	0.393606
2206001	2207000	2206501	327.0	0.363944	-0.189885
2207001	2208000	2207501	366.0	0.364308	-0.027332
2208001	2209000	2208501	382.0	0.364672	0.034397
2209001	2210000	2209501	413.0	0.365036	0.146966
2210001	2211000	2210501	423.0	0.365400	0.181482
2211001	2212000	2211501	370.0	0.365764	-0.011650
2212001	2213000	2212501	425.0	0.366127	0.188287
2213001	2214000	2213501	374.0	0.366491	0.003863
2214001	2215000	2214501	497.0	0.366855	0.414070
2215001	2216000	2215501	437.0	0.367219	0.228458
2216001	2217000	2216501	456.0	0.367583	0.289858
2217001	2218000	2217501	454.0	0.367947	0.283517
2218001	2219000	2218501	392.0	0.368311	0.071678
2219001	2220000	2219501	487.0	0.368675	0.384746
2220001	2221000	2220501	656.0	0.369039	0.814520
2221001	2222000	2221501	586.0	0.369403	0.651725
2222001	2223000	2222501	395.0	0.369767	0.082677
2223001	2224000	2223501	448.0	0.370131	0.264323
2224001	2225000	2224501	374.0	0.370495	0.003863
2225001	2226000	2225501	389.0	0.370859	0.060595
2226001	2227000	2226501	358.0	0.371223	-0.059216
2227001	2228000	2227501	318.0	0.371587	-0.230149
2228001	2229000	2228501	454.0	0.371951	0.283517
2229001	2230000	2229501	466.0	0.372315	0.321154
2230001	2231000	2230501	387.0	0.372678	0.053158
2231001	2232000	2231501	428.0	0.373042	0.198435
2232001	2233000	2232501	434.0	0.373406	0.218519
2233001	2234000	2233501	396.0	0.373770	0.086325
2234001	2235000	2234501	377.0	0.374134	0.015389
2235001	2236000	2235501	378.0	0.374498	0.019211
2236001	2237000	2236501	403.0	0.374862	0.111604
2237001	2238000	2237501	404.0	0.375226	0.115180
2238001	2239000	2238501	448.0	0.375590	0.264323
2239001	2240000	2239501	404.0	0.375954	0.115180
2240001	2241000	2240501	449.0	0.376318	0.267540
2241001	2242000	2241501	435.0	0.376682	0.221840
2242001	2243000	2242501	377.0	0.377046	0.015389
2243001	2244000	2243501	415.0	0.377410	0.153936
2244001	2245000	2244501	478.0	0.377774	0.357835
2245001	2246000	2245501	371.0	0.378138	-0.007756
2246001	2247000	2246501	371.0	0.378502	-0.007756
2247001	2248000	2247501	318.0	0.378865	-0.230149
2248001	2249000	2248501	451.0	0.379229	0.273952
2249001	2250000	2249501	337.0	0.379593	-0.146427
2250001	2251000	2250501	387.0	0.379957	0.053158
2251001	2252000	2251501	444.0	0.380321	0.251384
2252001	2253000	2252501	440.0	0.380685	0.238328
2253001	2254000	2253501	434.0	0.381049	0.218519
2254001	2255000	2254501	437.0	0.381413	0.228458
2255001	2256000	2255501	432.0	0.381777	0.211856
2256001	2257000	2256501	359.0	0.382141	-0.055192
2257001	2258000	2257501	398.0	0.382505	0.093593
2258001	2259000	2258501	444.0	0.382869	0.251384
2259001	2260000	2259501	447.0	0.383233	0.261099
2260001	2261000	2260501	381.0	0.383597	0.030615
2261001	2262000	2261501	442.0	0.383961	0.244871
2262001	2263000	2262501	306.0	0.384325	-0.285644
2263001	2264000	2263501	305.0	0.384689	-0.290366
2264001	2265000	2264501	409.0	0.385053	0.132925
2265001	2266000	2265501	409.0	0.385416	0.132925
2266001	2267000	2266501	447.0	0.385780	0.261099
2267001	2268000	2267501	471.0	0.386144	0.336551
2268001	2269000	2268501	476.0	0.386508	0.351786
2269001	2270000	2269501	490.0	0.386872	0.393606
2270001	2271000	2270501	312.0	0.387236	-0.257630
2271001	2272000	2271501	420.0	0.387600	0.171214
2272001	2273000	2272501	400.0	0.387964	0.100824
2273001	2274000	2273501	414.0	0.388328	0.150455
2274001	2275000	2274501	398.0	0.388692	0.093593
2275001	2276000	2275501	416.0	0.389056	0.157408
2276001	2277000	2276501	369.0	0.389420	-0.015555
2277001	2278000	2277501	341.0	0.389784	-0.129404
2278001	2279000	2278501	440.0	0.390148	0.238328
2279001	2280000	2279501	400.0	0.390512	0.100824
2280001	2281000	2280501	367.0	0.390876	-0.023396
2281001	2282000	2281501	391.0	0.391240	0.067993
2282001	2283000	2282501	365.0	0.391604	-0.031279
2283001	2284000	2283501	323.0	0.391967	-0.207641
2284001	2285000	2284501	382.0	0.392331	0.034397
2285001	2286000	2285501	476.0	0.392695	0.351786
2286001	2287000	2286501	515.0	0.393059	0.465397
2287001	2288000	2287501	368.0	0.393423	-0.019470
2288001	2289000	2288501	462.0	0.393787	0.308717
2289001	2290000	2289501	323.0	0.394151	-0.207641
2290001	2291000	2290501	324.0	0.394515	-0.203182
2291001	2292000	2291501	507.0	0.394879	0.442810
2292001	2293000	2292501	347.0	0.395243	-0.104240
2293001	2294000	2293501	307.0	0.395607	-0.280937
2294001	2295000	2294501	373.0	0.395971	0.000000
2295001	2296000	2295501	351.0	0.396335	-0.087705
2296001	2297000	2296501	417.0	0.396699	0.160872
2297001	2298000	2297501	394.0	0.397063	0.079020
2298001	2299000	2298501	363.0	0.397427	-0.039206
2299001	2300000	2299501	317.0	0.397791	-0.234693
2300001	2301000	2300501	442.0	0.398155	0.244871
2301001	2302000	2301501	394.0	0.398518	0.079020
2302001	2303000	2302501	293.0	0.398882	-0.348275
2303001	2304000	2303501	355.0	0.399246	-0.071357
2304001	2305000	2304501	367.0	0.399610	-0.023396
2305001	2306000	2305501	328.0	0.399974	-0.185480
2306001	2307000	2306501	472.0	0.400338	0.339611
2307001	2308000	2307501	363.0	0.400702	-0.039206
2308001	2309000	2308501	291.0	0.401066	-0.358156
2309001	2310000	2309501	385.0	0.401430	0.045683
2310001	2311000	2310501	340.0	0.401794	-0.133641
2311001	2312000	2311501	359.0	0.402158	-0.055192
2312001	2313000	2312501	351.0	0.402522	-0.087705
2313001	2314000	2313501	455.0	0.402886	0.286691
2314001	2315000	2314501	469.0	0.403250	0.330412
2315001	2316000	2315501	388.0	0.403614	0.056881
2316001	2317000	2316501	401.0	0.403978	0.104427
2317001	2318000	2317501	373.0	0.404342	0.000000
2318001	2319000	2318501	425.0	0.404706	0.188287
2319001	2320000	2319501	354.0	0.405069	-0.075426
2320001	2321000	2320501	343.0	0.405433	-0.120967
2321001	2322000	2321501	365.0	0.405797	-0.031279
2322001	2323000	2322501	362.0	0.406161	-0.043186
2323001	2324000	2323501	360.0	0.406525	-0.051179
2324001	2325000	2324501	422.0	0.406889	0.178067
2325001	2326000	2325501	359.0	0.407253	-0.055192
2326001	2327000	2326501	391.0	0.407617	0.067993
2327001	2328000	2327501	341.0	0.407981	-0.129404
2328001	2329000	2328501	369.0	0.408345	-0.015555
2329001	2330000	2329501	423.0	0.408709	0.181482
2330001	2331000	2330501	416.0	0.409073	0.157408
2331001	2332000	2331501	388.0	0.409437	0.056881
2332001	2333000	2332501	375.0	0.409801	0.007715
2333001	2334000	2333501	334.0	0.410165	-0.159328
2334001	2335000	2334501	417.0	0.410529	0.160872
2335001	2336000	2335501	307.0	0.410893	-0.280937
2336001	2337000	2336501	247.0	0.411256	-0.594665
2337001	2338000	2337501	392.0	0.411620	0.071678
2338001	2339000	2338501	417.0	0.411984	0.160872
2339001	2340000	2339501	400.0	0.412348	0.100824
2340001	2341000	2340501	379.0	0.412712	0.023022
2341001	2342000	2341501	497.0	0.413076	0.414070
2342001	2343000	2342501	431.0	0.413440	0.208512
2343001	2344000	2343501	376.0	0.413804	0.011557
2344001	2345000	2344501	437.0	0.414168	0.228458
2345001	2346000	2345501	409.0	0.414532	0.132925
2346001	2347000	2346501	341.0	0.414896	-0.129404
2347001	2348000	2347501	318.0	0.415260	-0.230149
2348001	2349000	2348501	364.0	0.415624	-0.035237
2349001	2350000	2349501	353.0	0.415988	-0.079507
2350001	2351000	2350501	440.0	0.416352	0.238328
2351001	2352000	2351501	401.0	0.416716	0.104427
2352001	2353000	2352501	403.0	0.417080	0.111604
2353001	2354000	2353501	377.0	0.417444	0.015389
2354001	2355000	2354501	436.0	0.417807	0.225153
2355001	2356000	2355501	414.0	0.418171	0.150455
2356001	2357000	2356501	429.0	0.418535	0.201802
2357001	2358000	2357501	389.0	0.418899	0.060595
2358001	2359000	2358501	346.0	0.419263	-0.108404
2359001	2360000	2359501	429.0	0.419627	0.201802
2360001	2361000	2360501	399.0	0.419991	0.097213
2361001	2362000	2361501	375.0	0.420355	0.007715
2362001	2363000	2362501	308.0	0.420719	-0.276245
2363001	2364000	2363501	443.0	0.421083	0.248131
2364001	2365000	2364501	501.0	0.421447	0.425635
2365001	2366000	2365501	490.0	0.421811	0.393606
2366001	2367000	2366501	391.0	0.422175	0.067993
2367001	2368000	2367501	411.0	0.422539	0.139963
2368001	2369000	2368501	365.0	0.422903	-0.031279
2369001	2370000	2369501	438.0	0.423267	0.231755
2370001	2371000	2370501	420.0	0.423631	0.171214
2371001	2372000	2371501	349.0	0.423995	-0.095949
2372001	2373000	2372501	384.0	0.424358	0.041931
2373001	2374000	2373501	422.0	0.424722	0.178067
2374001	2375000	2374501	342.0	0.425086	-0.125179
2375001	2376000	2375501	469.0	0.425450	0.330412
2376001	2377000	2376501	391.0	0.425814	0.067993
2377001	2378000	2377501	399.0	0.426178	0.097213
2378001	2379000	2378501	357.0	0.426542	-0.063252
2379001	2380000	2379501	323.0	0.426906	-0.207641
2380001	2381000	2380501	364.0	0.427270	-0.035237
2381001	2382000	2381501	401.0	0.427634	0.104427
2382001	2383000	2382501	311.0	0.427998	-0.262261
2383001	2384000	2383501	456.0	0.428362	0.289858
2384001	2385000	2384501	418.0	0.428726	0.164327
2385001	2386000	2385501	388.0	0.429090	0.056881
2386001	2387000	2386501	371.0	0.429454	-0.007756
2387001	2388000	2387501	350.0	0.429818	-0.091821
2388001	2389000	2388501	353.0	0.430182	-0.079507
2389001	2390000	2389501	348.0	0.430546	-0.100088
2390001	2391000	2390501	343.0	0.430909	-0.120967
2391001	2392000	2391501	339.0	0.431273	-0.137890
2392001	2393000	2392501	375.0	0.431637	0.007715
2393001	2394000	2393501	493.0	0.432001	0.402412
2394001	2395000	2394501	418.0	0.432365	0.164327
2395001	2396000	2395501	341.0	0.432729	-0.129404
2396001	2397000	2396501	401.0	0.433093	0.104427
2397001	2398000	2397501	392.0	0.433457	0.071678
2398001	2399000	2398501	373.0	0.433821	0.000000
2399001	2400000	2399501	391.0	0.434185	0.067993
2400001	2401000	2400501	388.0	0.434549	0.056881
2401001	2402000	2401501	427.0	0.434913	0.195060
2402001	2403000	2402501	426.0	0.435277	0.191678
2403001	2404000	2403501	387.0	0.435641	0.053158
2404001	2405000	2404501	374.0	0.436005	0.003863
2405001	2406000	2405501	354.0	0.436369	-0.075426
2406001	2407000	2406501	444.0	0.436733	0.251384
2407001	2408000	2407501	485.0	0.437097	0.378809
2408001	2409000	2408501	473.0	0.437460	0.342665
2409001	2410000	2409501	514.0	0.437824	0.462593
2410001	2411000	2410501	387.0	0.438188	0.053158
2411001	2412000	2411501	323.0	0.438552	-0.207641
2412001	2413000	2412501	320.0	0.438916	-0.221104
2413001	2414000	2413501	318.0	0.439280	-0.230149
2414001	2415000	2414501	330.0	0.439644	-0.176710
2415001	2416000	2415501	253.0	0.440008	-0.560038
2416001	2417000	2416501	369.0	0.440372	-0.015555
2417001	2418000	2417501	365.0	0.440736	-0.031279
2418001	2419000	2418501	396.0	0.441100	0.086325
2419001	2420000	2419501	382.0	0.441464	0.034397
2420001	2421000	2420501	388.0	0.441828	0.056881
2421001	2422000	2421501	469.0	0.442192	0.330412
2422001	2423000	2422501	395.0	0.442556	0.082677
2423001	2424000	2423501	281.0	0.442920	-0.408606
2424001	2425000	2424501	377.0	0.443284	0.015389
2425001	2426000	2425501	332.0	0.443647	-0.167992
2426001	2427000	2426501	328.0	0.444011	-0.185480
2427001	2428000	2427501	420.0	0.444375	0.171214
2428001	2429000	2428501	399.0	0.444739	0.097213
2429001	2430000	2429501	458.0	0.445103	0.296172
2430001	2431000	2430501	395.0	0.445467	0.082677
2431001	2432000	2431501	412.0	0.445831	0.143469
2432001	2433000	2432501	444.0	0.446195	0.251384
2433001	2434000	2433501	384.0	0.446559	0.041931
2434001	2435000	2434501	419.0	0.446923	0.167775
2435001	2436000	2435501	433.0	0.447287	0.215191
2436001	2437000	2436501	451.0	0.447651	0.273952
2437001	2438000	2437501	345.0	0.448015	-0.112579
2438001	2439000	2438501	189.0	0.448379	-0.980789
2439001	2440000	2439501	234.0	0.448743	-0.672667
2440001	2441000	2440501	256.0	0.449107	-0.543032
2441001	2442000	2441501	248.0	0.449471	-0.588836
2442001	2443000	2442501	183.0	0.449835	-1.027332
2443001	2444000	2443501	184.0	0.450198	-1.019470
2444001	2445000	2444501	197.0	0.450562	-0.920980
2445001	2446000	2445501	190.0	0.450926	-0.973176
2446001	2447000	2446501	230.0	0.451290	-0.697542
2447001	2448000	2447501	206.0	0.451654	-0.856531
2448001	2449000	2448501	263.0	0.452018	-0.504113
2449001	2450000	2449501	239.0	0.452382	-0.642165
2450001	2451000	2450501	229.0	0.452746	-0.703828
2451001	2452000	2451501	249.0	0.453110	-0.583030
2452001	2453000	2452501	212.0	0.453474	-0.815111
2453001	2454000	2453501	226.0	0.453838	-0.722853
2454001	2455000	2454501	246.0	0.454202	-0.600517
2455001	2456000	2455501	251.0	0.454566	-0.571488
2456001	2457000	2456501	231.0	0.454930	-0.691283
2457001	2458000	2457501	220.0	0.455294	-0.761672
2458001	2459000	2458501	267.0	0.455658	-0.482336
2459001	2460000	2459501	331.0	0.456022	-0.172344
2460001	2461000	2460501	300.0	0.456386	-0.314213
2461001	2462000	2461501	329.0	0.456749	-0.181088
2462001	2463000	2462501	335.0	0.457113	-0.155015
2463001	2464000	2463501	310.0	0.457477	-0.266907
2464001	2465000	2464501	259.0	0.457841	-0.526224
2465001	2466000	2465501	284.0	0.458205	-0.393285
2466001	2467000	2466501	447.0	0.458569	0.261099
2467001	2468000	2467501	527.0	0.458933	0.498627
2468001	2469000	2468501	391.0	0.459297	0.067993
2469001	2470000	2469501	413.0	0.459661	0.146966
2470001	2471000	2470501	347.0	0.460025	-0.104240
2471001	2472000	2471501	325.0	0.460389	-0.198736
2472001	2473000	2472501	285.0	0.460753	-0.388214
2473001	2474000	2473501	350.0	0.461117	-0.091821
2474001	2475000	2474501	343.0	0.461481	-0.120967
2475001	2476000	2475501	323.0	0.461845	-0.207641
2476001	2477000	2476501	373.0	0.462209	0.000000
2477001	2478000	2477501	344.0	0.462573	-0.116767
2478001	2479000	2478501	354.0	0.462937	-0.075426
2479001	2480000	2479501	402.0	0.463300	0.108020
2480001	2481000	2480501	390.0	0.463664	0.064298
2481001	2482000	2481501	309.0	0.464028	-0.271569
2482001	2483000	2482501	312.0	0.464392	-0.257630
2483001	2484000	2483501	384.0	0.464756	0.041931
2484001	2485000	2484501	348.0	0.465120	-0.100088
2485001	2486000	2485501	329.0	0.465484	-0.181088
2486001	2487000	2486501	360.0	0.465848	-0.051179
2487001	2488000	2487501	443.0	0.466212	0.248131
2488001	2489000	2488501	471.0	0.466576	0.336551
2489001	2490000	2489501	423.0	0.466940	0.181482
2490001	2491000	2490501	389.0	0.467304	0.060595
2491001	2492000	2491501	393.0	0.467668	0.075354
2492001	2493000	2492501	480.0	0.468032	0.363859
2493001	2494000	2493501	411.0	0.468396	0.139963
2494001	2495000	2494501	415.0	0.468760	0.153936
2495001	2496000	2495501	398.0	0.469124	0.093593
2496001	2497000	2496501	342.0	0.469487	-0.125179
2497001	2498000	2497501	404.0	0.469851	0.115180
2498001	2499000	2498501	384.0	0.470215	0.041931
2499001	2500000	2499501	360.0	0.470579	-0.051179
2500001	2501000	2500501	452.0	0.470943	0.277147
2501001	2502000	2501501	420.0	0.471307	0.171214
2502001	2503000	2502501	344.0	0.471671	-0.116767
2503001	2504000	2503501	393.0	0.472035	0.075354
2504001	2505000	2504501	470.0	0.472399	0.333485
2505001	2506000	2505501	353.0	0.472763	-0.079507
2506001	2507000	2506501	278.0	0.473127	-0.424091
2507001	2508000	2507501	372.0	0.473491	-0.003873
2508001	2509000	2508501	411.0	0.473855	0.139963
2509001	2510000	2509501	317.0	0.474219	-0.234693
2510001	2511000	2510501	319.0	0.474583	-0.225619
2511001	2512000	2511501	351.0	0.474947	-0.087705
2512001	2513000	2512501	360.0	0.475311	-0.051179
2513001	2514000	2513501	297.0	0.475675	-0.328713
2514001	2515000	2514501	369.0	0.476038	-0.015555
2515001	2516000	2515501	455.0	0.476402	0.286691
2516001	2517000	2516501	398.0	0.476766	0.093593
2517001	2518000	2517501	412.0	0.477130	0.143469
2518001	2519000	2518501	421.0	0.477494	0.174645
2519001	2520000	2519501	350.0	0.477858	-0.091821
2520001	2521000	2520501	361.0	0.478222	-0.047177
2521001	2522000	2521501	394.0	0.478586	0.079020
2522001	2523000	2522501	364.0	0.478950	-0.035237
2523001	2524000	2523501	369.0	0.479314	-0.015555
2524001	2525000	2524501	382.0	0.479678	0.034397
2525001	2526000	2525501	420.0	0.480042	0.171214
2526001	2527000	2526501	381.0	0.480406	0.030615
2527001	2528000	2527501	414.0	0.480770	0.150455
2528001	2529000	2528501	410.0	0.481134	0.136448
2529001	2530000	2529501	346.0	0.481498	-0.108404
2530001	2531000	2530501	333.0	0.481862	-0.163653
2531001	2532000	2531501	423.0	0.482226	0.181482
2532001	2533000	2532501	378.0	0.482589	0.019211
2533001	2534000	2533501	407.0	0.482953	0.125853
2534001	2535000	2534501	435.0	0.483317	0.221840
2535001	2536000	2535501	380.0	0.483681	0.026824
2536001	2537000	2536501	436.0	0.484045	0.225153
2537001	2538000	2537501	402.0	0.484409	0.108020
2538001	2539000	2538501	373.0	0.484773	0.000000
2539001	2540000	2539501	371.0	0.485137	-0.007756
2540001	2541000	2540501	439.0	0.485501	0.235045
2541001	2542000	2541501	451.0	0.485865	0.273952
2542001	2543000	2542501	366.0	0.486229	-0.027332
2543001	2544000	2543501	408.0	0.486593	0.129394
2544001	2545000	2544501	389.0	0.486957	0.060595
2545001	2546000	2545501	281.0	0.487321	-0.408606
2546001	2547000	2546501	374.0	0.487685	0.003863
2547001	2548000	2547501	313.0	0.488049	-0.253013
2548001	2549000	2548501	384.0	0.488413	0.041931
2549001	2550000	2549501	536.0	0.488777	0.523057
2550001	2551000	2550501	434.0	0.489140	0.218519
2551001	2552000	2551501	325.0	0.489504	-0.198736
2552001	2553000	2552501	325.0	0.489868	-0.198736
2553001	2554000	2553501	434.0	0.490232	0.218519
2554001	2555000	2554501	608.0	0.490596	0.704896
2555001	2556000	2555501	470.0	0.490960	0.333485
2556001	2557000	2556501	415.0	0.491324	0.153936
2557001	2558000	2557501	424.0	0.491688	0.184889
2558001	2559000	2558501	420.0	0.492052	0.171214
2559001	2560000	2559501	328.0	0.492416	-0.185480
2560001	2561000	2560501	384.0	0.492780	0.041931
2561001	2562000	2561501	450.0	0.493144	0.270749
2562001	2563000	2562501	408.0	0.493508	0.129394
2563001	2564000	2563501	506.0	0.493872	0.439962
2564001	2565000	2564501	415.0	0.494236	0.153936
2565001	2566000	2565501	319.0	0.494600	-0.225619
2566001	2567000	2566501	297.0	0.494964	-0.328713
2567001	2568000	2567501	234.0	0.495328	-0.672667
2568001	2569000	2568501	223.0	0.495691	-0.742132
2569001	2570000	2569501	254.0	0.496055	-0.554347
2570001	2571000	2570501	242.0	0.496419	-0.624169
2571001	2572000	2571501	210.0	0.496783	-0.828786
2572001	2573000	2572501	251.0	0.497147	-0.571488
2573001	2574000	2573501	209.0	0.497511	-0.835673
2574001	2575000	2574501	259.0	0.497875	-0.526224
2575001	2576000	2575501	244.0	0.498239	-0.612294
2576001	2577000	2576501	231.0	0.498603	-0.691283
2577001	2578000	2577501	255.0	0.498967	-0.548678
2578001	2579000	2578501	303.0	0.499331	-0.299858
2579001	2580000	2579501	294.0	0.499695	-0.343359
2580001	2581000	2580501	352.0	0.500059	-0.083600
2581001	2582000	2581501	371.0	0.500423	-0.007756
2582001	2583000	2582501	453.0	0.500787	0.280335
2583001	2584000	2583501	357.0	0.501151	-0.063252
2584001	2585000	2584501	453.0	0.501515	0.280335
2585001	2586000	2585501	378.0	0.501878	0.019211
2586001	2587000	2586501	539.0	0.502242	0.531110
2587001	2588000	2587501	433.0	0.502606	0.215191
2588001	2589000	2588501	407.0	0.502970	0.125853
2589001	2590000	2589501	459.0	0.503334	0.299319
2590001	2591000	2590501	413.0	0.503698	0.146966
2591001	2592000	2591501	331.0	0.504062	-0.172344
2592001	2593000	2592501	363.0	0.504426	-0.039206
2593001	2594000	2593501	392.0	0.504790	0.071678
2594001	2595000	2594501	349.0	0.505154	-0.095949
2595001	2596000	2595501	401.0	0.505518	0.104427
2596001	2597000	2596501	483.0	0.505882	0.372848
2597001	2598000	2597501	416.0	0.506246	0.157408
2598001	2599000	2598501	403.0	0.506610	0.111604
2599001	2600000	2599501	380.0	0.506974	0.026824
2600001	2601000	2600501	348.0	0.507338	-0.100088
2601001	2602000	2601501	348.0	0.507702	-0.100088
2602001	2603000	2602501	467.0	0.508066	0.324247
2603001	2604000	2603501	409.0	0.508429	0.132925
2604001	2605000	2604501	435.0	0.508793	0.221840
2605001	2606000	2605501	407.0	0.509157	0.125853
2606001	2607000	2606501	392.0	0.509521	0.071678
2607001	2608000	2607501	474.0	0.509885	0.345711
2608001	2609000	2608501	398.0	0.510249	0.093593
2609001	2610000	2609501	379.0	0.510613	0.023022
2610001	2611000	2610501	400.0	0.510977	0.100824
2611001	2612000	2611501	355.0	0.511341	-0.071357
2612001	2613000	2612501	346.0	0.511705	-0.108404
2613001	2614000	2613501	417.0	0.512069	0.160872
2614001	2615000	2614501	354.0	0.512433	-0.075426
2615001	2616000	2615501	450.0	0.512797	0.270749
2616001	2617000	2616501	341.0	0.513161	-0.129404
2617001	2618000	2617501	280.0	0.513525	-0.413749
2618001	2619000	2618501	375.0	0.513889	0.007715
2619001	2620000	2619501	467.0	0.514253	0.324247
2620001	2621000	2620501	434.0	0.514617	0.218519
2621001	2622000	2621501	461.0	0.514980	0.305591
2622001	2623000	2622501	409.0	0.515344	0.132925
2623001	2624000	2623501	374.0	0.515708	0.003863
2624001	2625000	2624501	483.0	0.516072	0.372848
2625001	2626000	2625501	507.0	0.516436	0.442810
2626001	2627000	2626501	429.0	0.516800	0.201802
2627001	2628000	2627501	368.0	0.517164	-0.019470
2628001	2629000	2628501	325.0	0.517528	-0.198736
2629001	2630000	2629501	487.0	0.517892	0.384746
2630001	2631000	2630501	444.0	0.518256	0.251384
2631001	2632000	2631501	417.0	0.518620	0.160872
2632001	2633000	2632501	316.0	0.518984	-0.239251
2633001	2634000	2633501	367.0	0.519348	-0.023396
2634001	2635000	2634501	386.0	0.519712	0.049425
2635001	2636000	2635501	347.0	0.520076	-0.104240
2636001	2637000	2636501	381.0	0.520440	0.030615
2637001	2638000	2637501	349.0	0.520804	-0.095949
2638001	2639000	2638501	385.0	0.521168	0.045683
2639001	2640000	2639501	421.0	0.521531	0.174645
2640001	2641000	2640501	345.0	0.521895	-0.112579
2641001	2642000	2641501	319.0	0.522259	-0.225619
2642001	2643000	2642501	342.0	0.522623	-0.125179
2643001	2644000	2643501	348.0	0.522987	-0.100088
2644001	2645000	2644501	337.0	0.523351	-0.146427
2645001	2646000	2645501	326.0	0.523715	-0.194304
2646001	2647000	2646501	347.0	0.524079	-0.104240
2647001	2648000	2647501	421.0	0.524443	0.174645
2648001	2649000	2648501	325.0	0.524807	-0.198736
2649001	2650000	2649501	351.0	0.525171	-0.087705
2650001	2651000	2650501	398.0	0.525535	0.093593
2651001	2652000	2651501	409.0	0.525899	0.132925
2652001	2653000	2652501	350.0	0.526263	-0.091821
2653001	2654000	2653501	409.0	0.526627	0.132925
2654001	2655000	2654501	407.0	0.526991	0.125853
2655001	2656000	2655501	390.0	0.527355	0.064298
2656001	2657000	2656501	370.0	0.527719	-0.011650
2657001	2658000	2657501	390.0	0.528082	0.064298
2658001	2659000	2658501	439.0	0.528446	0.235045
2659001	2660000	2659501	380.0	0.528810	0.026824
2660001	2661000	2660501	402.0	0.529174	0.108020
2661001	2662000	2661501	419.0	0.529538	0.167775
2662001	2663000	2662501	361.0	0.529902	-0.047177
2663001	2664000	2663501	407.0	0.530266	0.125853
2664001	2665000	2664501	329.0	0.530630	-0.181088
2665001	2666000	2665501	359.0	0.530994	-0.055192
2666001	2667000	2666501	385.0	0.531358	0.045683
2667001	2668000	2667501	478.0	0.531722	0.357835
2668001	2669000	2668501	426.0	0.532086	0.191678
2669001	2670000	2669501	399.0	0.532450	0.097213
2670001	2671000	2670501	418.0	0.532814	0.164327
2671001	2672000	2671501	469.0	0.533178	0.330412
2672001	2673000	2672501	438.0	0.533542	0.231755
2673001	2674000	2673501	472.0	0.533906	0.339611
2674001	2675000	2674501	477.0	0.534269	0.354814
2675001	2676000	2675501	431.0	0.534633	0.208512
2676001	2677000	2676501	337.0	0.534997	-0.146427
2677001	2678000	2677501	338.0	0.535361	-0.142152
2678001	2679000	2678501	388.0	0.535725	0.056881
2679001	2680000	2679501	412.0	0.536089	0.143469
2680001	2681000	2680501	434.0	0.536453	0.218519
2681001	2682000	2681501	372.0	0.536817	-0.003873
2682001	2683000	2682501	386.0	0.537181	0.049425
2683001	2684000	2683501	466.0	0.537545	0.321154
2684001	2685000	2684501	406.0	0.537909	0.122304
2685001	2686000	2685501	322.0	0.538273	-0.212115
2686001	2687000	2686501	405.0	0.538637	0.118746
2687001	2688000	2687501	357.0	0.539001	-0.063252
2688001	2689000	2688501	366.0	0.539365	-0.027332
2689001	2690000	2689501	372.0	0.539729	-0.003873
2690001	2691000	2690501	444.0	0.540093	0.251384
2691001	2692000	2691501	345.0	0.540457	-0.112579
2692001	2693000	2692501	357.0	0.540820	-0.063252
2693001	2694000	2693501	379.0	0.541184	0.023022
2694001	2695000	2694501	372.0	0.541548	-0.003873
2695001	2696000	2695501	322.0	0.541912	-0.212115
2696001	2697000	2696501	400.0	0.542276	0.100824
2697001	2698000	2697501	373.0	0.542640	0.000000
2698001	2699000	2698501	362.0	0.543004	-0.043186
2699001	2700000	2699501	354.0	0.543368	-0.075426
2700001	2701000	2700501	380.0	0.543732	0.026824
2701001	2702000	2701501	349.0	0.544096	-0.095949
2702001	2703000	2702501	387.0	0.544460	0.053158
2703001	2704000	2703501	385.0	0.544824	0.045683
2704001	2705000	2704501	345.0	0.545188	-0.112579
2705001	2706000	2705501	399.0	0.545552	0.097213
2706001	2707000	2706501	349.0	0.545916	-0.095949
2707001	2708000	2707501	392.0	0.546280	0.071678
2708001	2709000	2708501	432.0	0.546644	0.211856
2709001	2710000	2709501	521.0	0.547008	0.482108
2710001	2711000	2710501	443.0	0.547371	0.248131
2711001	2712000	2711501	373.0	0.547735	0.000000
2712001	2713000	2712501	503.0	0.548099	0.431383
2713001	2714000	2713501	482.0	0.548463	0.369858
2714001	2715000	2714501	394.0	0.548827	0.079020
2715001	2716000	2715501	412.0	0.549191	0.143469
2716001	2717000	2716501	362.0	0.549555	-0.043186
2717001	2718000	2717501	630.0	0.549919	0.756176
2718001	2719000	2718501	458.0	0.550283	0.296172
2719001	2720000	2719501	296.0	0.550647	-0.333578
2720001	2721000	2720501	241.0	0.551011	-0.630142
2721001	2722000	2721501	473.0	0.551375	0.342665
2722001	2723000	2722501	444.0	0.551739	0.251384
2723001	2724000	2723501	443.0	0.552103	0.248131
2724001	2725000	2724501	606.0	0.552467	0.700142
2725001	2726000	2725501	317.0	0.552831	-0.234693
2726001	2727000	2726501	245.0	0.553195	-0.606394
2727001	2728000	2727501	390.0	0.553559	0.064298
2728001	2729000	2728501	537.0	0.553922	0.525746
2729001	2730000	2729501	422.0	0.554286	0.178067
2730001	2731000	2730501	428.0	0.554650	0.198435
2731001	2732000	2731501	439.0	0.555014	0.235045
2732001	2733000	2732501	456.0	0.555378	0.289858
2733001	2734000	2733501	387.0	0.555742	0.053158
2734001	2735000	2734501	392.0	0.556106	0.071678
2735001	2736000	2735501	436.0	0.556470	0.225153
2736001	2737000	2736501	444.0	0.556834	0.251384
2737001	2738000	2737501	591.0	0.557198	0.663982
2738001	2739000	2738501	434.0	0.557562	0.218519
2739001	2740000	2739501	353.0	0.557926	-0.079507
2740001	2741000	2740501	336.0	0.558290	-0.150714
2741001	2742000	2741501	383.0	0.558654	0.038169
2742001	2743000	2742501	347.0	0.559018	-0.104240
2743001	2744000	2743501	376.0	0.559382	0.011557
2744001	2745000	2744501	393.0	0.559746	0.075354
2745001	2746000	2745501	362.0	0.560110	-0.043186
2746001	2747000	2746501	378.0	0.560473	0.019211
2747001	2748000	2747501	402.0	0.560837	0.108020
2748001	2749000	2748501	310.0	0.561201	-0.266907
2749001	2750000	2749501	361.0	0.561565	-0.047177
2750001	2751000	2750501	395.0	0.561929	0.082677
2751001	2752000	2751501	343.0	0.562293	-0.120967
2752001	2753000	2752501	328.0	0.562657	-0.185480
2753001	2754000	2753501	371.0	0.563021	-0.007756
2754001	2755000	2754501	384.0	0.563385	0.041931
2755001	2756000	2755501	336.0	0.563749	-0.150714
2756001	2757000	2756501	312.0	0.564113	-0.257630
2757001	2758000	2757501	310.0	0.564477	-0.266907
2758001	2759000	2758501	344.0	0.564841	-0.116767
2759001	2760000	2759501	357.0	0.565205	-0.063252
2760001	2761000	2760501	412.0	0.565569	0.143469
2761001	2762000	2761501	303.0	0.565933	-0.299858
2762001	2763000	2762501	405.0	0.566297	0.118746
2763001	2764000	2763501	329.0	0.566660	-0.181088
2764001	2765000	2764501	443.0	0.567024	0.248131
2765001	2766000	2765501	336.0	0.567388	-0.150714
2766001	2767000	2766501	378.0	0.567752	0.019211
2767001	2768000	2767501	380.0	0.568116	0.026824
2768001	2769000	2768501	397.0	0.568480	0.089963
2769001	2770000	2769501	376.0	0.568844	0.011557
2770001	2771000	2770501	348.0	0.569208	-0.100088
2771001	2772000	2771501	374.0	0.569572	0.003863
2772001	2773000	2772501	408.0	0.569936	0.129394
2773001	2774000	2773501	509.0	0.570300	0.448490
2774001	2775000	2774501	526.0	0.570664	0.495887
2775001	2776000	2775501	531.0	0.571028	0.509536
2776001	2777000	2776501	578.0	0.571392	0.631894
2777001	2778000	2777501	462.0	0.571756	0.308717
2778001	2779000	2778501	345.0	0.572120	-0.112579
2779001	2780000	2779501	325.0	0.572484	-0.198736
2780001	2781000	2780501	202.0	0.572848	-0.884820
2781001	2782000	2781501	364.0	0.573211	-0.035237
2782001	2783000	2782501	355.0	0.573575	-0.071357
2783001	2784000	2783501	390.0	0.573939	0.064298
2784001	2785000	2784501	342.0	0.574303	-0.125179
2785001	2786000	2785501	349.0	0.574667	-0.095949
2786001	2787000	2786501	298.0	0.575031	-0.323863
2787001	2788000	2787501	287.0	0.575395	-0.378125
2788001	2789000	2788501	242.0	0.575759	-0.624169
2789001	2790000	2789501	277.0	0.576123	-0.429290
2790001	2791000	2790501	240.0	0.576487	-0.636141
2791001	2792000	2791501	258.0	0.576851	-0.531805
2792001	2793000	2792501	277.0	0.577215	-0.429290
2793001	2794000	2793501	243.0	0.577579	-0.618219
2794001	2795000	2794501	303.0	0.577943	-0.299858
2795001	2796000	2795501	353.0	0.578307	-0.079507
2796001	2797000	2796501	390.0	0.578671	0.064298
2797001	2798000	2797501	387.0	0.579035	0.053158
2798001	2799000	2798501	404.0	0.579399	0.115180
2799001	2800000	2799501	375.0	0.579762	0.007715
2800001	2801000	2800501	425.0	0.580126	0.188287
2801001	2802000	2801501	359.0	0.580490	-0.055192
2802001	2803000	2802501	357.0	0.580854	-0.063252
2803001	2804000	2803501	383.0	0.581218	0.038169
2804001	2805000	2804501	314.0	0.581582	-0.248411
2805001	2806000	2805501	212.0	0.581946	-0.815111
2806001	2807000	2806501	332.0	0.582310	-0.167992
2807001	2808000	2807501	375.0	0.582674	0.007715
2808001	2809000	2808501	265.0	0.583038	-0.493183
2809001	2810000	2809501	288.0	0.583402	-0.373107
2810001	2811000	2810501	262.0	0.583766	-0.509609
2811001	2812000	2811501	372.0	0.584130	-0.003873
2812001	2813000	2812501	312.0	0.584494	-0.257630
2813001	2814000	2813501	288.0	0.584858	-0.373107
2814001	2815000	2814501	349.0	0.585222	-0.095949
2815001	2816000	2815501	321.0	0.585586	-0.216602
2816001	2817000	2816501	387.0	0.585950	0.053158
2817001	2818000	2817501	286.0	0.586313	-0.383160
2818001	2819000	2818501	306.0	0.586677	-0.285644
2819001	2820000	2819501	281.0	0.587041	-0.408606
2820001	2821000	2820501	352.0	0.587405	-0.083600
2821001	2822000	2821501	436.0	0.587769	0.225153
2822001	2823000	2822501	463.0	0.588133	0.311837
2823001	2824000	2823501	430.0	0.588497	0.205161
2824001	2825000	2824501	410.0	0.588861	0.136448
2825001	2826000	2825501	338.0	0.589225	-0.142152
2826001	2827000	2826501	432.0	0.589589	0.211856
2827001	2828000	2827501	447.0	0.589953	0.261099
2828001	2829000	2828501	455.0	0.590317	0.286691
2829001	2830000	2829501	367.0	0.590681	-0.023396
2830001	2831000	2830501	271.0	0.591045	-0.460883
2831001	2832000	2831501	338.0	0.591409	-0.142152
2832001	2833000	2832501	340.0	0.591773	-0.133641
2833001	2834000	2833501	390.0	0.592137	0.064298
2834001	2835000	2834501	300.0	0.592501	-0.314213
2835001	2836000	2835501	268.0	0.592864	-0.476943
2836001	2837000	2836501	324.0	0.593228	-0.203182
2837001	2838000	2837501	371.0	0.593592	-0.007756
2838001	2839000	2838501	353.0	0.593956	-0.079507
2839001	2840000	2839501	407.0	0.594320	0.125853
2840001	2841000	2840501	448.0	0.594684	0.264323
2841001	2842000	2841501	435.0	0.595048	0.221840
2842001	2843000	2842501	343.0	0.595412	-0.120967
2843001	2844000	2843501	347.0	0.595776	-0.104240
2844001	2845000	2844501	432.0	0.596140	0.211856
2845001	2846000	2845501	371.0	0.596504	-0.007756
2846001	2847000	2846501	348.0	0.596868	-0.100088
2847001	2848000	2847501	398.0	0.597232	0.093593
2848001	2849000	2848501	436.0	0.597596	0.225153
2849001	2850000	2849501	361.0	0.597960	-0.047177
2850001	2851000	2850501	403.0	0.598324	0.111604
2851001	2852000	2851501	450.0	0.598688	0.270749
2852001	2853000	2852501	537.0	0.599051	0.525746
2853001	2854000	2853501	432.0	0.599415	0.211856
2854001	2855000	2854501	440.0	0.599779	0.238328
2855001	2856000	2855501	430.0	0.600143	0.205161
2856001	2857000	2856501	467.0	0.600507	0.324247
2857001	2858000	2857501	415.0	0.600871	0.153936
2858001	2859000	2858501	387.0	0.601235	0.053158
2859001	2860000	2859501	451.0	0.601599	0.273952
2860001	2861000	2860501	342.0	0.601963	-0.125179
2861001	2862000	2861501	312.0	0.602327	-0.257630
2862001	2863000	2862501	389.0	0.602691	0.060595
2863001	2864000	2863501	364.0	0.603055	-0.035237
2864001	2865000	2864501	384.0	0.603419	0.041931
2865001	2866000	2865501	447.0	0.603783	0.261099
2866001	2867000	2866501	405.0	0.604147	0.118746
2867001	2868000	2867501	423.0	0.604511	0.181482
2868001	2869000	2868501	457.0	0.604875	0.293019
2869001	2870000	2869501	344.0	0.605239	-0.116767
2870001	2871000	2870501	428.0	0.605602	0.198435
2871001	2872000	2871501	412.0	0.605966	0.143469
2872001	2873000	2872501	466.0	0.606330	0.321154
2873001	2874000	2873501	469.0	0.606694	0.330412
2874001	2875000	2874501	460.0	0.607058	0.302458
2875001	2876000	2875501	467.0	0.607422	0.324247
2876001	2877000	2876501	481.0	0.607786	0.366861
2877001	2878000	2877501	394.0	0.608150	0.079020
2878001	2879000	2878501	436.0	0.608514	0.225153
2879001	2880000	2879501	422.0	0.608878	0.178067
2880001	2881000	2880501	340.0	0.609242	-0.133641
2881001	2882000	2881501	367.0	0.609606	-0.023396
2882001	2883000	2882501	385.0	0.609970	0.045683
2883001	2884000	2883501	427.0	0.610334	0.195060
2884001	2885000	2884501	308.0	0.610698	-0.276245
2885001	2886000	2885501	381.0	0.611062	0.030615
2886001	2887000	2886501	349.0	0.611426	-0.095949
2887001	2888000	2887501	298.0	0.611790	-0.323863
2888001	2889000	2888501	332.0	0.612153	-0.167992
2889001	2890000	2889501	434.0	0.612517	0.218519
2890001	2891000	2890501	349.0	0.612881	-0.095949
2891001	2892000	2891501	325.0	0.613245	-0.198736
2892001	2893000	2892501	360.0	0.613609	-0.051179
2893001	2894000	2893501	317.0	0.613973	-0.234693
2894001	2895000	2894501	335.0	0.614337	-0.155015
2895001	2896000	2895501	313.0	0.614701	-0.253013
2896001	2897000	2896501	325.0	0.615065	-0.198736
2897001	2898000	2897501	268.0	0.615429	-0.476943
2898001	2899000	2898501	283.0	0.615793	-0.398374
2899001	2900000	2899501	269.0	0.616157	-0.471569
2900001	2901000	2900501	278.0	0.616521	-0.424091
2901001	2902000	2901501	295.0	0.616885	-0.338461
2902001	2903000	2902501	332.0	0.617249	-0.167992
2903001	2904000	2903501	298.0	0.617613	-0.323863
2904001	2905000	2904501	278.0	0.617977	-0.424091
2905001	2906000	2905501	277.0	0.618341	-0.429290
2906001	2907000	2906501	325.0	0.618704	-0.198736
2907001	2908000	2907501	282.0	0.619068	-0.403480
2908001	2909000	2908501	255.0	0.619432	-0.548678
2909001	2910000	2909501	241.0	0.619796	-0.630142
2910001	2911000	2910501	306.0	0.620160	-0.285644
2911001	2912000	2911501	336.0	0.620524	-0.150714
2912001	2913000	2912501	308.0	0.620888	-0.276245
2913001	2914000	2913501	383.0	0.621252	0.038169
2914001	2915000	2914501	346.0	0.621616	-0.108404
2915001	2916000	2915501	282.0	0.621980	-0.403480
2916001	2917000	2916501	295.0	0.622344	-0.338461
2917001	2918000	2917501	300.0	0.622708	-0.314213
2918001	2919000	2918501	312.0	0.623072	-0.257630
2919001	2920000	2919501	354.0	0.623436	-0.075426
2920001	2921000	2920501	351.0	0.623800	-0.087705
2921001	2922000	2921501	306.0	0.624164	-0.285644
2922001	2923000	2922501	286.0	0.624528	-0.383160
2923001	2924000	2923501	304.0	0.624891	-0.295104
2924001	2925000	2924501	332.0	0.625255	-0.167992
2925001	2926000	2925501	354.0	0.625619	-0.075426
2926001	2927000	2926501	288.0	0.625983	-0.373107
2927001	2928000	2927501	254.0	0.626347	-0.554347
2928001	2929000	2928501	292.0	0.626711	-0.353207
2929001	2930000	2929501	225.0	0.627075	-0.729251
2930001	2931000	2930501	296.0	0.627439	-0.333578
2931001	2932000	2931501	260.0	0.627803	-0.520664
2932001	2933000	2932501	267.0	0.628167	-0.482336
2933001	2934000	2933501	290.0	0.628531	-0.363123
2934001	2935000	2934501	337.0	0.628895	-0.146427
2935001	2936000	2935501	351.0	0.629259	-0.087705
2936001	2937000	2936501	286.0	0.629623	-0.383160
2937001	2938000	2937501	294.0	0.629987	-0.343359
2938001	2939000	2938501	250.0	0.630351	-0.577248
2939001	2940000	2939501	296.0	0.630715	-0.333578
2940001	2941000	2940501	455.0	0.631079	0.286691
2941001	2942000	2941501	318.0	0.631442	-0.230149
2942001	2943000	2942501	306.0	0.631806	-0.285644
2943001	2944000	2943501	286.0	0.632170	-0.383160
2944001	2945000	2944501	322.0	0.632534	-0.212115
2945001	2946000	2945501	285.0	0.632898	-0.388214
2946001	2947000	2946501	301.0	0.633262	-0.309412
2947001	2948000	2947501	360.0	0.633626	-0.051179
2948001	2949000	2948501	322.0	0.633990	-0.212115
2949001	2950000	2949501	332.0	0.634354	-0.167992
2950001	2951000	2950501	341.0	0.634718	-0.129404
2951001	2952000	2951501	332.0	0.635082	-0.167992
2952001	2953000	2952501	329.0	0.635446	-0.181088
2953001	2954000	2953501	310.0	0.635810	-0.266907
2954001	2955000	2954501	321.0	0.636174	-0.216602
2955001	2956000	2955501	347.0	0.636538	-0.104240
2956001	2957000	2956501	308.0	0.636902	-0.276245
2957001	2958000	2957501	217.0	0.637266	-0.781481
2958001	2959000	2958501	202.0	0.637630	-0.884820
2959001	2960000	2959501	223.0	0.637993	-0.742132
2960001	2961000	2960501	225.0	0.638357	-0.729251
2961001	2962000	2961501	238.0	0.638721	-0.648214
2962001	2963000	2962501	267.0	0.639085	-0.482336
2963001	2964000	2963501	285.0	0.639449	-0.388214
2964001	2965000	2964501	259.0	0.639813	-0.526224
2965001	2966000	2965501	241.0	0.640177	-0.630142
2966001	2967000	2966501	390.0	0.640541	0.064298
2967001	2968000	2967501	347.0	0.640905	-0.104240
2968001	2969000	2968501	318.0	0.641269	-0.230149
2969001	2970000	2969501	386.0	0.641633	0.049425
2970001	2971000	2970501	399.0	0.641997	0.097213
2971001	2972000	2971501	425.0	0.642361	0.188287
2972001	2973000	2972501	394.0	0.642725	0.079020
2973001	2974000	2973501	375.0	0.643089	0.007715
2974001	2975000	2974501	423.0	0.643453	0.181482
2975001	2976000	2975501	393.0	0.643817	0.075354
2976001	2977000	2976501	340.0	0.644181	-0.133641
2977001	2978000	2977501	309.0	0.644544	-0.271569
2978001	2979000	2978501	343.0	0.644908	-0.120967
2979001	2980000	2979501	340.0	0.645272	-0.133641
2980001	2981000	2980501	433.0	0.645636	0.215191
2981001	2982000	2981501	389.0	0.646000	0.060595
2982001	2983000	2982501	362.0	0.646364	-0.043186
2983001	2984000	2983501	403.0	0.646728	0.111604
2984001	2985000	2984501	451.0	0.647092	0.273952
2985001	2986000	2985501	447.0	0.647456	0.261099
2986001	2987000	2986501	505.0	0.647820	0.437108
2987001	2988000	2987501	381.0	0.648184	0.030615
2988001	2989000	2988501	410.0	0.648548	0.136448
2989001	2990000	2989501	408.0	0.648912	0.129394
2990001	2991000	2990501	368.0	0.649276	-0.019470
2991001	2992000	2991501	402.0	0.649640	0.108020
2992001	2993000	2992501	342.0	0.650004	-0.125179
2993001	2994000	2993501	344.0	0.650368	-0.116767
2994001	2995000	2994501	389.0	0.650732	0.060595
2995001	2996000	2995501	375.0	0.651095	0.007715
2996001	2997000	2996501	307.0	0.651459	-0.280937
2997001	2998000	2997501	258.0	0.651823	-0.531805
2998001	2999000	2998501	339.0	0.652187	-0.137890
2999001	3000000	2999501	318.0	0.652551	-0.230149
3000001	3001000	3000501	321.0	0.652915	-0.216602
3001001	3002000	3001501	324.0	0.653279	-0.203182
3002001	3003000	3002501	346.0	0.653643	-0.108404
3003001	3004000	3003501	281.0	0.654007	-0.408606
3004001	3005000	3004501	272.0	0.654371	-0.455569
3005001	3006000	3005501	329.0	0.654735	-0.181088
3006001	3007000	3006501	295.0	0.655099	-0.338461
3007001	3008000	3007501	370.0	0.655463	-0.011650
3008001	3009000	3008501	418.0	0.655827	0.164327
3009001	3010000	3009501	357.0	0.656191	-0.063252
3010001	3011000	3010501	425.0	0.656555	0.188287
3011001	3012000	3011501	384.0	0.656919	0.041931
3012001	3013000	3012501	358.0	0.657282	-0.059216
3013001	3014000	3013501	330.0	0.657646	-0.176710
3014001	3015000	3014501	360.0	0.658010	-0.051179
3015001	3016000	3015501	348.0	0.658374	-0.100088
3016001	3017000	3016501	436.0	0.658738	0.225153
3017001	3018000	3017501	404.0	0.659102	0.115180
3018001	3019000	3018501	392.0	0.659466	0.071678
3019001	3020000	3019501	384.0	0.659830	0.041931
3020001	3021000	3020501	324.0	0.660194	-0.203182
3021001	3022000	3021501	324.0	0.660558	-0.203182
3022001	3023000	3022501	292.0	0.660922	-0.353207
3023001	3024000	3023501	343.0	0.661286	-0.120967
3024001	3025000	3024501	434.0	0.661650	0.218519
3025001	3026000	3025501	356.0	0.662014	-0.067298
3026001	3027000	3026501	381.0	0.662378	0.030615
3027001	3028000	3027501	320.0	0.662742	-0.221104
3028001	3029000	3028501	356.0	0.663106	-0.067298
3029001	3030000	3029501	490.0	0.663470	0.393606
3030001	3031000	3030501	356.0	0.663833	-0.067298
3031001	3032000	3031501	418.0	0.664197	0.164327
3032001	3033000	3032501	361.0	0.664561	-0.047177
3033001	3034000	3033501	419.0	0.664925	0.167775
3034001	3035000	3034501	425.0	0.665289	0.188287
3035001	3036000	3035501	426.0	0.665653	0.191678
3036001	3037000	3036501	398.0	0.666017	0.093593
3037001	3038000	3037501	383.0	0.666381	0.038169
3038001	3039000	3038501	377.0	0.666745	0.015389
3039001	3040000	3039501	373.0	0.667109	0.000000
3040001	3041000	3040501	309.0	0.667473	-0.271569
3041001	3042000	3041501	287.0	0.667837	-0.378125
3042001	3043000	3042501	311.0	0.668201	-0.262261
3043001	3044000	3043501	365.0	0.668565	-0.031279
3044001	3045000	3044501	370.0	0.668929	-0.011650
3045001	3046000	3045501	418.0	0.669293	0.164327
3046001	3047000	3046501	381.0	0.669657	0.030615
3047001	3048000	3047501	465.0	0.670021	0.318055
3048001	3049000	3048501	389.0	0.670384	0.060595
3049001	3050000	3049501	408.0	0.670748	0.129394
3050001	3051000	3050501	384.0	0.671112	0.041931
3051001	3052000	3051501	439.0	0.671476	0.235045
3052001	3053000	3052501	457.0	0.671840	0.293019
3053001	3054000	3053501	330.0	0.672204	-0.176710
3054001	3055000	3054501	368.0	0.672568	-0.019470
3055001	3056000	3055501	287.0	0.672932	-0.378125
3056001	3057000	3056501	434.0	0.673296	0.218519
3057001	3058000	3057501	432.0	0.673660	0.211856
3058001	3059000	3058501	416.0	0.674024	0.157408
3059001	3060000	3059501	394.0	0.674388	0.079020
3060001	3061000	3060501	410.0	0.674752	0.136448
3061001	3062000	3061501	421.0	0.675116	0.174645
3062001	3063000	3062501	466.0	0.675480	0.321154
3063001	3064000	3063501	421.0	0.675844	0.174645
3064001	3065000	3064501	461.0	0.676208	0.305591
3065001	3066000	3065501	444.0	0.676572	0.251384
3066001	3067000	3066501	382.0	0.676935	0.034397
3067001	3068000	3067501	402.0	0.677299	0.108020
3068001	3069000	3068501	411.0	0.677663	0.139963
3069001	3070000	3069501	362.0	0.678027	-0.043186
3070001	3071000	3070501	278.0	0.678391	-0.424091
3071001	3072000	3071501	371.0	0.678755	-0.007756
3072001	3073000	3072501	336.0	0.679119	-0.150714
3073001	3074000	3073501	315.0	0.679483	-0.243824
3074001	3075000	3074501	297.0	0.679847	-0.328713
3075001	3076000	3075501	313.0	0.680211	-0.253013
3076001	3077000	3076501	439.0	0.680575	0.235045
3077001	3078000	3077501	430.0	0.680939	0.205161
3078001	3079000	3078501	330.0	0.681303	-0.176710
3079001	3080000	3079501	349.0	0.681667	-0.095949
3080001	3081000	3080501	361.0	0.682031	-0.047177
3081001	3082000	3081501	433.0	0.682395	0.215191
3082001	3083000	3082501	346.0	0.682759	-0.108404
3083001	3084000	3083501	415.0	0.683123	0.153936
3084001	3085000	3084501	361.0	0.683486	-0.047177
3085001	3086000	3085501	362.0	0.683850	-0.043186
3086001	3087000	3086501	384.0	0.684214	0.041931
3087001	3088000	3087501	353.0	0.684578	-0.079507
3088001	3089000	3088501	421.0	0.684942	0.174645
3089001	3090000	3089501	354.0	0.685306	-0.075426
3090001	3091000	3090501	450.0	0.685670	0.270749
3091001	3092000	3091501	302.0	0.686034	-0.304627
3092001	3093000	3092501	365.0	0.686398	-0.031279
3093001	3094000	3093501	333.0	0.686762	-0.163653
3094001	3095000	3094501	488.0	0.687126	0.387706
3095001	3096000	3095501	484.0	0.687490	0.375831
3096001	3097000	3096501	273.0	0.687854	-0.450275
3097001	3098000	3097501	374.0	0.688218	0.003863
3098001	3099000	3098501	374.0	0.688582	0.003863
3099001	3100000	3099501	352.0	0.688946	-0.083600
3100001	3101000	3100501	352.0	0.689310	-0.083600
3101001	3102000	3101501	274.0	0.689673	-0.445000
3102001	3103000	3102501	253.0	0.690037	-0.560038
3103001	3104000	3103501	238.0	0.690401	-0.648214
3104001	3105000	3104501	297.0	0.690765	-0.328713
3105001	3106000	3105501	381.0	0.691129	0.030615
3106001	3107000	3106501	367.0	0.691493	-0.023396
3107001	3108000	3107501	435.0	0.691857	0.221840
3108001	3109000	3108501	356.0	0.692221	-0.067298
3109001	3110000	3109501	349.0	0.692585	-0.095949
3110001	3111000	3110501	287.0	0.692949	-0.378125
3111001	3112000	3111501	352.0	0.693313	-0.083600
3112001	3113000	3112501	288.0	0.693677	-0.373107
3113001	3114000	3113501	319.0	0.694041	-0.225619
3114001	3115000	3114501	383.0	0.694405	0.038169
3115001	3116000	3115501	368.0	0.694769	-0.019470
3116001	3117000	3116501	357.0	0.695133	-0.063252
3117001	3118000	3117501	320.0	0.695497	-0.221104
3118001	3119000	3118501	364.0	0.695861	-0.035237
3119001	3120000	3119501	384.0	0.696224	0.041931
3120001	3121000	3120501	328.0	0.696588	-0.185480
3121001	3122000	3121501	414.0	0.696952	0.150455
3122001	3123000	3122501	443.0	0.697316	0.248131
3123001	3124000	3123501	336.0	0.697680	-0.150714
3124001	3125000	3124501	377.0	0.698044	0.015389
3125001	3126000	3125501	418.0	0.698408	0.164327
3126001	3127000	3126501	422.0	0.698772	0.178067
3127001	3128000	3127501	412.0	0.699136	0.143469
3128001	3129000	3128501	401.0	0.699500	0.104427
3129001	3130000	3129501	446.0	0.699864	0.257868
3130001	3131000	3130501	342.0	0.700228	-0.125179
3131001	3132000	3131501	371.0	0.700592	-0.007756
3132001	3133000	3132501	385.0	0.700956	0.045683
3133001	3134000	3133501	414.0	0.701320	0.150455
3134001	3135000	3134501	418.0	0.701684	0.164327
3135001	3136000	3135501	388.0	0.702048	0.056881
3136001	3137000	3136501	407.0	0.702412	0.125853
3137001	3138000	3137501	362.0	0.702775	-0.043186
3138001	3139000	3138501	314.0	0.703139	-0.248411
3139001	3140000	3139501	382.0	0.703503	0.034397
3140001	3141000	3140501	395.0	0.703867	0.082677
3141001	3142000	3141501	370.0	0.704231	-0.011650
3142001	3143000	3142501	406.0	0.704595	0.122304
3143001	3144000	3143501	349.0	0.704959	-0.095949
3144001	3145000	3144501	411.0	0.705323	0.139963
3145001	3146000	3145501	382.0	0.705687	0.034397
3146001	3147000	3146501	348.0	0.706051	-0.100088
3147001	3148000	3147501	358.0	0.706415	-0.059216
3148001	3149000	3148501	326.0	0.706779	-0.194304
3149001	3150000	3149501	290.0	0.707143	-0.363123
3150001	3151000	3150501	258.0	0.707507	-0.531805
3151001	3152000	3151501	378.0	0.707871	0.019211
3152001	3153000	3152501	287.0	0.708235	-0.378125
3153001	3154000	3153501	300.0	0.708599	-0.314213
3154001	3155000	3154501	329.0	0.708963	-0.181088
3155001	3156000	3155501	294.0	0.709326	-0.343359
3156001	3157000	3156501	301.0	0.709690	-0.309412
3157001	3158000	3157501	252.0	0.710054	-0.565752
3158001	3159000	3158501	349.0	0.710418	-0.095949
3159001	3160000	3159501	388.0	0.710782	0.056881
3160001	3161000	3160501	317.0	0.711146	-0.234693
3161001	3162000	3161501	308.0	0.711510	-0.276245
3162001	3163000	3162501	325.0	0.711874	-0.198736
3163001	3164000	3163501	354.0	0.712238	-0.075426
3164001	3165000	3164501	323.0	0.712602	-0.207641
3165001	3166000	3165501	379.0	0.712966	0.023022
3166001	3167000	3166501	205.0	0.713330	-0.863552
3167001	3168000	3167501	209.0	0.713694	-0.835673
3168001	3169000	3168501	206.0	0.714058	-0.856531
3169001	3170000	3169501	299.0	0.714422	-0.319030
3170001	3171000	3170501	333.0	0.714786	-0.163653
3171001	3172000	3171501	357.0	0.715150	-0.063252
3172001	3173000	3172501	247.0	0.715514	-0.594665
3173001	3174000	3173501	206.0	0.715877	-0.856531
3174001	3175000	3174501	203.0	0.716241	-0.877696
3175001	3176000	3175501	200.0	0.716605	-0.899176
3176001	3177000	3176501	210.0	0.716969	-0.828786
3177001	3178000	3177501	229.0	0.717333	-0.703828
3178001	3179000	3178501	246.0	0.717697	-0.600517
3179001	3180000	3179501	292.0	0.718061	-0.353207
3180001	3181000	3180501	241.0	0.718425	-0.630142
3181001	3182000	3181501	246.0	0.718789	-0.600517
3182001	3183000	3182501	225.0	0.719153	-0.729251
3183001	3184000	3183501	245.0	0.719517	-0.606394
3184001	3185000	3184501	289.0	0.719881	-0.368106
3185001	3186000	3185501	316.0	0.720245	-0.239251
3186001	3187000	3186501	279.0	0.720609	-0.418911
3187001	3188000	3187501	191.0	0.720973	-0.965603
3188001	3189000	3188501	218.0	0.721337	-0.774847
3189001	3190000	3189501	236.0	0.721701	-0.660389
3190001	3191000	3190501	253.0	0.722064	-0.560038
3191001	3192000	3191501	294.0	0.722428	-0.343359
3192001	3193000	3192501	328.0	0.722792	-0.185480
3193001	3194000	3193501	370.0	0.723156	-0.011650
3194001	3195000	3194501	397.0	0.723520	0.089963
3195001	3196000	3195501	299.0	0.723884	-0.319030
3196001	3197000	3196501	301.0	0.724248	-0.309412
3197001	3198000	3197501	280.0	0.724612	-0.413749
3198001	3199000	3198501	343.0	0.724976	-0.120967
3199001	3200000	3199501	400.0	0.725340	0.100824
3200001	3201000	3200501	383.0	0.725704	0.038169
3201001	3202000	3201501	366.0	0.726068	-0.027332
3202001	3203000	3202501	406.0	0.726432	0.122304
3203001	3204000	3203501	295.0	0.726796	-0.338461
3204001	3205000	3204501	324.0	0.727160	-0.203182
3205001	3206000	3205501	396.0	0.727524	0.086325
3206001	3207000	3206501	279.0	0.727888	-0.418911
3207001	3208000	3207501	223.0	0.728252	-0.742132
3208001	3209000	3208501	323.0	0.728615	-0.207641
3209001	3210000	3209501	308.0	0.728979	-0.276245
3210001	3211000	3210501	386.0	0.729343	0.049425
3211001	3212000	3211501	389.0	0.729707	0.060595
3212001	3213000	3212501	370.0	0.730071	-0.011650
3213001	3214000	3213501	381.0	0.730435	0.030615
3214001	3215000	3214501	313.0	0.730799	-0.253013
3215001	3216000	3215501	264.0	0.731163	-0.498638
3216001	3217000	3216501	368.0	0.731527	-0.019470
3217001	3218000	3217501	326.0	0.731891	-0.194304
3218001	3219000	3218501	247.0	0.732255	-0.594665
3219001	3220000	3219501	348.0	0.732619	-0.100088
3220001	3221000	3220501	433.0	0.732983	0.215191
3221001	3222000	3221501	295.0	0.733347	-0.338461
3222001	3223000	3222501	312.0	0.733711	-0.257630
3223001	3224000	3223501	367.0	0.734075	-0.023396
3224001	3225000	3224501	379.0	0.734439	0.023022
3225001	3226000	3225501	372.0	0.734803	-0.003873
3226001	3227000	3226501	370.0	0.735166	-0.011650
3227001	3228000	3227501	343.0	0.735530	-0.120967
3228001	3229000	3228501	461.0	0.735894	0.305591
3229001	3230000	3229501	257.0	0.736258	-0.537407
3230001	3231000	3230501	330.0	0.736622	-0.176710
3231001	3232000	3231501	386.0	0.736986	0.049425
3232001	3233000	3232501	407.0	0.737350	0.125853
3233001	3234000	3233501	388.0	0.737714	0.056881
3234001	3235000	3234501	536.0	0.738078	0.523057
3235001	3236000	3235501	487.0	0.738442	0.384746
3236001	3237000	3236501	359.0	0.738806	-0.055192
3237001	3238000	3237501	393.0	0.739170	0.075354
3238001	3239000	3238501	433.0	0.739534	0.215191
3239001	3240000	3239501	385.0	0.739898	0.045683
3240001	3241000	3240501	448.0	0.740262	0.264323
3241001	3242000	3241501	380.0	0.740626	0.026824
3242001	3243000	3242501	429.0	0.740990	0.201802
3243001	3244000	3243501	365.0	0.741354	-0.031279
3244001	3245000	3244501	385.0	0.741717	0.045683
3245001	3246000	3245501	283.0	0.742081	-0.398374
3246001	3247000	3246501	431.0	0.742445	0.208512
3247001	3248000	3247501	364.0	0.742809	-0.035237
3248001	3249000	3248501	250.0	0.743173	-0.577248
3249001	3250000	3249501	346.0	0.743537	-0.108404
3250001	3251000	3250501	320.0	0.743901	-0.221104
3251001	3252000	3251501	322.0	0.744265	-0.212115
3252001	3253000	3252501	223.0	0.744629	-0.742132
3253001	3254000	3253501	330.0	0.744993	-0.176710
3254001	3255000	3254501	361.0	0.745357	-0.047177
3255001	3256000	3255501	333.0	0.745721	-0.163653
3256001	3257000	3256501	282.0	0.746085	-0.403480
3257001	3258000	3257501	374.0	0.746449	0.003863
3258001	3259000	3258501	311.0	0.746813	-0.262261
3259001	3260000	3259501	326.0	0.747177	-0.194304
3260001	3261000	3260501	366.0	0.747541	-0.027332
3261001	3262000	3261501	300.0	0.747905	-0.314213
3262001	3263000	3262501	284.0	0.748268	-0.393285
3263001	3264000	3263501	190.0	0.748632	-0.973176
3264001	3265000	3264501	267.0	0.748996	-0.482336
3265001	3266000	3265501	235.0	0.749360	-0.666515
3266001	3267000	3266501	330.0	0.749724	-0.176710
3267001	3268000	3267501	413.0	0.750088	0.146966
3268001	3269000	3268501	383.0	0.750452	0.038169
3269001	3270000	3269501	381.0	0.750816	0.030615
3270001	3271000	3270501	349.0	0.751180	-0.095949
3271001	3272000	3271501	321.0	0.751544	-0.216602
3272001	3273000	3272501	369.0	0.751908	-0.015555
3273001	3274000	3273501	309.0	0.752272	-0.271569
3274001	3275000	3274501	321.0	0.752636	-0.216602
3275001	3276000	3275501	316.0	0.753000	-0.239251
3276001	3277000	3276501	345.0	0.753364	-0.112579
3277001	3278000	3277501	380.0	0.753728	0.026824
3278001	3279000	3278501	335.0	0.754092	-0.155015
3279001	3280000	3279501	320.0	0.754455	-0.221104
3280001	3281000	3280501	411.0	0.754819	0.139963
3281001	3282000	3281501	471.0	0.755183	0.336551
3282001	3283000	3282501	419.0	0.755547	0.167775
3283001	3284000	3283501	360.0	0.755911	-0.051179
3284001	3285000	3284501	318.0	0.756275	-0.230149
3285001	3286000	3285501	308.0	0.756639	-0.276245
3286001	3287000	3286501	400.0	0.757003	0.100824
3287001	3288000	3287501	447.0	0.757367	0.261099
3288001	3289000	3288501	421.0	0.757731	0.174645
3289001	3290000	3289501	366.0	0.758095	-0.027332
3290001	3291000	3290501	380.0	0.758459	0.026824
3291001	3292000	3291501	300.0	0.758823	-0.314213
3292001	3293000	3292501	396.0	0.759187	0.086325
3293001	3294000	3293501	322.0	0.759551	-0.212115
3294001	3295000	3294501	295.0	0.759915	-0.338461
3295001	3296000	3295501	361.0	0.760279	-0.047177
3296001	3297000	3296501	379.0	0.760643	0.023022
3297001	3298000	3297501	399.0	0.761006	0.097213
3298001	3299000	3298501	408.0	0.761370	0.129394
3299001	3300000	3299501	346.0	0.761734	-0.108404
3300001	3301000	3300501	399.0	0.762098	0.097213
3301001	3302000	3301501	430.0	0.762462	0.205161
3302001	3303000	3302501	367.0	0.762826	-0.023396
3303001	3304000	3303501	383.0	0.763190	0.038169
3304001	3305000	3304501	395.0	0.763554	0.082677
3305001	3306000	3305501	354.0	0.763918	-0.075426
3306001	3307000	3306501	310.0	0.764282	-0.266907
3307001	3308000	3307501	414.0	0.764646	0.150455
3308001	3309000	3308501	353.0	0.765010	-0.079507
3309001	3310000	3309501	347.0	0.765374	-0.104240
3310001	3311000	3310501	408.0	0.765738	0.129394
3311001	3312000	3311501	396.0	0.766102	0.086325
3312001	3313000	3312501	367.0	0.766466	-0.023396
3313001	3314000	3313501	387.0	0.766830	0.053158
3314001	3315000	3314501	414.0	0.767194	0.150455
3315001	3316000	3315501	332.0	0.767557	-0.167992
3316001	3317000	3316501	413.0	0.767921	0.146966
3317001	3318000	3317501	422.0	0.768285	0.178067
3318001	3319000	3318501	363.0	0.768649	-0.039206
3319001	3320000	3319501	411.0	0.769013	0.139963
3320001	3321000	3320501	439.0	0.769377	0.235045
3321001	3322000	3321501	313.0	0.769741	-0.253013
3322001	3323000	3322501	250.0	0.770105	-0.577248
3323001	3324000	3323501	236.0	0.770469	-0.660389
3324001	3325000	3324501	227.0	0.770833	-0.716483
3325001	3326000	3325501	213.0	0.771197	-0.808322
3326001	3327000	3326501	347.0	0.771561	-0.104240
3327001	3328000	3327501	395.0	0.771925	0.082677
3328001	3329000	3328501	361.0	0.772289	-0.047177
3329001	3330000	3329501	438.0	0.772653	0.231755
3330001	3331000	3330501	351.0	0.773017	-0.087705
3331001	3332000	3331501	397.0	0.773381	0.089963
3332001	3333000	3332501	346.0	0.773745	-0.108404
3333001	3334000	3333501	455.0	0.774108	0.286691
3334001	3335000	3334501	419.0	0.774472	0.167775
3335001	3336000	3335501	313.0	0.774836	-0.253013
3336001	3337000	3336501	354.0	0.775200	-0.075426
3337001	3338000	3337501	332.0	0.775564	-0.167992
3338001	3339000	3338501	380.0	0.775928	0.026824
3339001	3340000	3339501	357.0	0.776292	-0.063252
3340001	3341000	3340501	369.0	0.776656	-0.015555
3341001	3342000	3341501	322.0	0.777020	-0.212115
3342001	3343000	3342501	332.0	0.777384	-0.167992
3343001	3344000	3343501	408.0	0.777748	0.129394
3344001	3345000	3344501	391.0	0.778112	0.067993
3345001	3346000	3345501	331.0	0.778476	-0.172344
3346001	3347000	3346501	316.0	0.778840	-0.239251
3347001	3348000	3347501	311.0	0.779204	-0.262261
3348001	3349000	3348501	345.0	0.779568	-0.112579
3349001	3350000	3349501	281.0	0.779932	-0.408606
3350001	3351000	3350501	321.0	0.780296	-0.216602
3351001	3352000	3351501	306.0	0.780659	-0.285644
3352001	3353000	3352501	440.0	0.781023	0.238328
3353001	3354000	3353501	517.0	0.781387	0.470989
3354001	3355000	3354501	500.0	0.781751	0.422752
3355001	3356000	3355501	406.0	0.782115	0.122304
3356001	3357000	3356501	397.0	0.782479	0.089963
3357001	3358000	3357501	503.0	0.782843	0.431383
3358001	3359000	3358501	550.0	0.783207	0.560256
3359001	3360000	3359501	461.0	0.783571	0.305591
3360001	3361000	3360501	515.0	0.783935	0.465397
3361001	3362000	3361501	513.0	0.784299	0.459783
3362001	3363000	3362501	424.0	0.784663	0.184889
3363001	3364000	3363501	498.0	0.785027	0.416970
3364001	3365000	3364501	602.0	0.785391	0.690588
3365001	3366000	3365501	544.0	0.785755	0.544431
3366001	3367000	3366501	491.0	0.786119	0.396547
3367001	3368000	3367501	345.0	0.786483	-0.112579
3368001	3369000	3368501	353.0	0.786846	-0.079507
3369001	3370000	3369501	424.0	0.787210	0.184889
3370001	3371000	3370501	511.0	0.787574	0.454148
3371001	3372000	3371501	404.0	0.787938	0.115180
3372001	3373000	3372501	382.0	0.788302	0.034397
3373001	3374000	3373501	321.0	0.788666	-0.216602
3374001	3375000	3374501	358.0	0.789030	-0.059216
3375001	3376000	3375501	370.0	0.789394	-0.011650
3376001	3377000	3376501	443.0	0.789758	0.248131
3377001	3378000	3377501	430.0	0.790122	0.205161
3378001	3379000	3378501	434.0	0.790486	0.218519
3379001	3380000	3379501	362.0	0.790850	-0.043186
3380001	3381000	3380501	354.0	0.791214	-0.075426
3381001	3382000	3381501	329.0	0.791578	-0.181088
3382001	3383000	3382501	320.0	0.791942	-0.221104
3383001	3384000	3383501	365.0	0.792306	-0.031279
3384001	3385000	3384501	432.0	0.792670	0.211856
3385001	3386000	3385501	381.0	0.793034	0.030615
3386001	3387000	3386501	414.0	0.793397	0.150455
3387001	3388000	3387501	419.0	0.793761	0.167775
3388001	3389000	3388501	462.0	0.794125	0.308717
3389001	3390000	3389501	319.0	0.794489	-0.225619
3390001	3391000	3390501	341.0	0.794853	-0.129404
3391001	3392000	3391501	355.0	0.795217	-0.071357
3392001	3393000	3392501	479.0	0.795581	0.360850
3393001	3394000	3393501	498.0	0.795945	0.416970
3394001	3395000	3394501	420.0	0.796309	0.171214
3395001	3396000	3395501	390.0	0.796673	0.064298
3396001	3397000	3396501	438.0	0.797037	0.231755
3397001	3398000	3397501	467.0	0.797401	0.324247
3398001	3399000	3398501	445.0	0.797765	0.254630
3399001	3400000	3399501	528.0	0.798129	0.501362
3400001	3401000	3400501	406.0	0.798493	0.122304
3401001	3402000	3401501	385.0	0.798857	0.045683
3402001	3403000	3402501	442.0	0.799221	0.244871
3403001	3404000	3403501	439.0	0.799585	0.235045
3404001	3405000	3404501	410.0	0.799948	0.136448
3405001	3406000	3405501	584.0	0.800312	0.646793
3406001	3407000	3406501	531.0	0.800676	0.509536
3407001	3408000	3407501	432.0	0.801040	0.211856
3408001	3409000	3408501	378.0	0.801404	0.019211
3409001	3410000	3409501	351.0	0.801768	-0.087705
3410001	3411000	3410501	379.0	0.802132	0.023022
3411001	3412000	3411501	292.0	0.802496	-0.353207
3412001	3413000	3412501	314.0	0.802860	-0.248411
3413001	3414000	3413501	269.0	0.803224	-0.471569
3414001	3415000	3414501	308.0	0.803588	-0.276245
3415001	3416000	3415501	357.0	0.803952	-0.063252
3416001	3417000	3416501	382.0	0.804316	0.034397
3417001	3418000	3417501	385.0	0.804680	0.045683
3418001	3419000	3418501	280.0	0.805044	-0.413749
3419001	3420000	3419501	427.0	0.805408	0.195060
3420001	3421000	3420501	400.0	0.805772	0.100824
3421001	3422000	3421501	301.0	0.806136	-0.309412
3422001	3423000	3422501	361.0	0.806499	-0.047177
3423001	3424000	3423501	323.0	0.806863	-0.207641
3424001	3425000	3424501	292.0	0.807227	-0.353207
3425001	3426000	3425501	296.0	0.807591	-0.333578
3426001	3427000	3426501	270.0	0.807955	-0.466216
3427001	3428000	3427501	347.0	0.808319	-0.104240
3428001	3429000	3428501	412.0	0.808683	0.143469
3429001	3430000	3429501	297.0	0.809047	-0.328713
3430001	3431000	3430501	284.0	0.809411	-0.393285
3431001	3432000	3431501	343.0	0.809775	-0.120967
3432001	3433000	3432501	394.0	0.810139	0.079020
3433001	3434000	3433501	386.0	0.810503	0.049425
3434001	3435000	3434501	419.0	0.810867	0.167775
3435001	3436000	3435501	337.0	0.811231	-0.146427
3436001	3437000	3436501	247.0	0.811595	-0.594665
3437001	3438000	3437501	355.0	0.811959	-0.071357
3438001	3439000	3438501	313.0	0.812323	-0.253013
3439001	3440000	3439501	314.0	0.812686	-0.248411
3440001	3441000	3440501	351.0	0.813050	-0.087705
3441001	3442000	3441501	398.0	0.813414	0.093593
3442001	3443000	3442501	307.0	0.813778	-0.280937
3443001	3444000	3443501	387.0	0.814142	0.053158
3444001	3445000	3444501	353.0	0.814506	-0.079507
3445001	3446000	3445501	420.0	0.814870	0.171214
3446001	3447000	3446501	427.0	0.815234	0.195060
3447001	3448000	3447501	431.0	0.815598	0.208512
3448001	3449000	3448501	368.0	0.815962	-0.019470
3449001	3450000	3449501	456.0	0.816326	0.289858
3450001	3451000	3450501	426.0	0.816690	0.191678
3451001	3452000	3451501	397.0	0.817054	0.089963
3452001	3453000	3452501	464.0	0.817418	0.314949
3453001	3454000	3453501	481.0	0.817782	0.366861
3454001	3455000	3454501	444.0	0.818146	0.251384
3455001	3456000	3455501	532.0	0.818510	0.512251
3456001	3457000	3456501	486.0	0.818874	0.381781
3457001	3458000	3457501	429.0	0.819237	0.201802
3458001	3459000	3458501	492.0	0.819601	0.399483
3459001	3460000	3459501	462.0	0.819965	0.308717
3460001	3461000	3460501	441.0	0.820329	0.241603
3461001	3462000	3461501	366.0	0.820693	-0.027332
3462001	3463000	3462501	287.0	0.821057	-0.378125
3463001	3464000	3463501	357.0	0.821421	-0.063252
3464001	3465000	3464501	316.0	0.821785	-0.239251
3465001	3466000	3465501	409.0	0.822149	0.132925
3466001	3467000	3466501	314.0	0.822513	-0.248411
3467001	3468000	3467501	316.0	0.822877	-0.239251
3468001	3469000	3468501	368.0	0.823241	-0.019470
3469001	3470000	3469501	364.0	0.823605	-0.035237
3470001	3471000	3470501	506.0	0.823969	0.439962
3471001	3472000	3471501	344.0	0.824333	-0.116767
3472001	3473000	3472501	306.0	0.824697	-0.285644
3473001	3474000	3473501	331.0	0.825061	-0.172344
3474001	3475000	3474501	397.0	0.825425	0.089963
3475001	3476000	3475501	280.0	0.825788	-0.413749
3476001	3477000	3476501	307.0	0.826152	-0.280937
3477001	3478000	3477501	322.0	0.826516	-0.212115
3478001	3479000	3478501	273.0	0.826880	-0.450275
3479001	3480000	3479501	268.0	0.827244	-0.476943
3480001	3481000	3480501	238.0	0.827608	-0.648214
3481001	3482000	3481501	284.0	0.827972	-0.393285
3482001	3483000	3482501	304.0	0.828336	-0.295104
3483001	3484000	3483501	313.0	0.828700	-0.253013
3484001	3485000	3484501	349.0	0.829064	-0.095949
3485001	3486000	3485501	353.0	0.829428	-0.079507
3486001	3487000	3486501	313.0	0.829792	-0.253013
3487001	3488000	3487501	374.0	0.830156	0.003863
3488001	3489000	3488501	342.0	0.830520	-0.125179
3489001	3490000	3489501	422.0	0.830884	0.178067
3490001	3491000	3490501	383.0	0.831248	0.038169
3491001	3492000	3491501	371.0	0.831612	-0.007756
3492001	3493000	3492501	338.0	0.831976	-0.142152
3493001	3494000	3493501	483.0	0.832339	0.372848
3494001	3495000	3494501	506.0	0.832703	0.439962
3495001	3496000	3495501	433.0	0.833067	0.215191
3496001	3497000	3496501	311.0	0.833431	-0.262261
3497001	3498000	3497501	370.0	0.833795	-0.011650
3498001	3499000	3498501	371.0	0.834159	-0.007756
3499001	3500000	3499501	347.0	0.834523	-0.104240
3500001	3501000	3500501	332.0	0.834887	-0.167992
3501001	3502000	3501501	305.0	0.835251	-0.290366
3502001	3503000	3502501	349.0	0.835615	-0.095949
3503001	3504000	3503501	261.0	0.835979	-0.515126
3504001	3505000	3504501	248.0	0.836343	-0.588836
3505001	3506000	3505501	210.0	0.836707	-0.828786
3506001	3507000	3506501	271.0	0.837071	-0.460883
3507001	3508000	3507501	238.0	0.837435	-0.648214
3508001	3509000	3508501	218.0	0.837799	-0.774847
3509001	3510000	3509501	303.0	0.838163	-0.299858
3510001	3511000	3510501	293.0	0.838527	-0.348275
3511001	3512000	3511501	259.0	0.838890	-0.526224
3512001	3513000	3512501	272.0	0.839254	-0.455569
3513001	3514000	3513501	209.0	0.839618	-0.835673
3514001	3515000	3514501	265.0	0.839982	-0.493183
3515001	3516000	3515501	271.0	0.840346	-0.460883
3516001	3517000	3516501	241.0	0.840710	-0.630142
3517001	3518000	3517501	224.0	0.841074	-0.735677
3518001	3519000	3518501	177.0	0.841438	-1.075426
3519001	3520000	3519501	265.0	0.841802	-0.493183
3520001	3521000	3520501	259.0	0.842166	-0.526224
3521001	3522000	3521501	264.0	0.842530	-0.498638
3522001	3523000	3522501	273.0	0.842894	-0.450275
3523001	3524000	3523501	264.0	0.843258	-0.498638
3524001	3525000	3524501	276.0	0.843622	-0.434507
3525001	3526000	3525501	227.0	0.843986	-0.716483
3526001	3527000	3526501	267.0	0.844350	-0.482336
3527001	3528000	3527501	272.0	0.844714	-0.455569
3528001	3529000	3528501	332.0	0.845077	-0.167992
3529001	3530000	3529501	362.0	0.845441	-0.043186
3530001	3531000	3530501	377.0	0.845805	0.015389
3531001	3532000	3531501	409.0	0.846169	0.132925
3532001	3533000	3532501	390.0	0.846533	0.064298
3533001	3534000	3533501	310.0	0.846897	-0.266907
3534001	3535000	3534501	302.0	0.847261	-0.304627
3535001	3536000	3535501	297.0	0.847625	-0.328713
3536001	3537000	3536501	300.0	0.847989	-0.314213
3537001	3538000	3537501	318.0	0.848353	-0.230149
3538001	3539000	3538501	313.0	0.848717	-0.253013
3539001	3540000	3539501	421.0	0.849081	0.174645
3540001	3541000	3540501	381.0	0.849445	0.030615
3541001	3542000	3541501	344.0	0.849809	-0.116767
3542001	3543000	3542501	487.0	0.850173	0.384746
3543001	3544000	3543501	409.0	0.850537	0.132925
3544001	3545000	3544501	413.0	0.850901	0.146966
3545001	3546000	3545501	423.0	0.851265	0.181482
3546001	3547000	3546501	437.0	0.851628	0.228458
3547001	3548000	3547501	435.0	0.851992	0.221840
3548001	3549000	3548501	442.0	0.852356	0.244871
3549001	3550000	3549501	456.0	0.852720	0.289858
3550001	3551000	3550501	421.0	0.853084	0.174645
3551001	3552000	3551501	499.0	0.853448	0.419864
3552001	3553000	3552501	437.0	0.853812	0.228458
3553001	3554000	3553501	319.0	0.854176	-0.225619
3554001	3555000	3554501	398.0	0.854540	0.093593
3555001	3556000	3555501	498.0	0.854904	0.416970
3556001	3557000	3556501	692.0	0.855268	0.891596
3557001	3558000	3557501	256.0	0.855632	-0.543032
3558001	3559000	3558501	338.0	0.855996	-0.142152
3559001	3560000	3559501	372.0	0.856360	-0.003873
3560001	3561000	3560501	393.0	0.856724	0.075354
3561001	3562000	3561501	359.0	0.857088	-0.055192
3562001	3563000	3562501	355.0	0.857452	-0.071357
3563001	3564000	3563501	328.0	0.857816	-0.185480
3564001	3565000	3564501	343.0	0.858179	-0.120967
3565001	3566000	3565501	348.0	0.858543	-0.100088
3566001	3567000	3566501	333.0	0.858907	-0.163653
3567001	3568000	3567501	465.0	0.859271	0.318055
3568001	3569000	3568501	334.0	0.859635	-0.159328
3569001	3570000	3569501	310.0	0.859999	-0.266907
3570001	3571000	3570501	367.0	0.860363	-0.023396
3571001	3572000	3571501	304.0	0.860727	-0.295104
3572001	3573000	3572501	315.0	0.861091	-0.243824
3573001	3574000	3573501	322.0	0.861455	-0.212115
3574001	3575000	3574501	307.0	0.861819	-0.280937
3575001	3576000	3575501	307.0	0.862183	-0.280937
3576001	3577000	3576501	405.0	0.862547	0.118746
3577001	3578000	3577501	348.0	0.862911	-0.100088
3578001	3579000	3578501	434.0	0.863275	0.218519
3579001	3580000	3579501	439.0	0.863639	0.235045
3580001	3581000	3580501	383.0	0.864003	0.038169
3581001	3582000	3581501	321.0	0.864367	-0.216602
3582001	3583000	3582501	354.0	0.864730	-0.075426
3583001	3584000	3583501	471.0	0.865094	0.336551
3584001	3585000	3584501	383.0	0.865458	0.038169
3585001	3586000	3585501	347.0	0.865822	-0.104240
3586001	3587000	3586501	381.0	0.866186	0.030615
3587001	3588000	3587501	375.0	0.866550	0.007715
3588001	3589000	3588501	319.0	0.866914	-0.225619
3589001	3590000	3589501	373.0	0.867278	0.000000
3590001	3591000	3590501	289.0	0.867642	-0.368106
3591001	3592000	3591501	292.0	0.868006	-0.353207
3592001	3593000	3592501	317.0	0.868370	-0.234693
3593001	3594000	3593501	249.0	0.868734	-0.583030
3594001	3595000	3594501	377.0	0.869098	0.015389
3595001	3596000	3595501	391.0	0.869462	0.067993
3596001	3597000	3596501	385.0	0.869826	0.045683
3597001	3598000	3597501	398.0	0.870190	0.093593
3598001	3599000	3598501	449.0	0.870554	0.267540
3599001	3600000	3599501	325.0	0.870918	-0.198736
3600001	3601000	3600501	470.0	0.871281	0.333485
3601001	3602000	3601501	457.0	0.871645	0.293019
3602001	3603000	3602501	415.0	0.872009	0.153936
3603001	3604000	3603501	424.0	0.872373	0.184889
3604001	3605000	3604501	402.0	0.872737	0.108020
3605001	3606000	3605501	402.0	0.873101	0.108020
3606001	3607000	3606501	397.0	0.873465	0.089963
3607001	3608000	3607501	344.0	0.873829	-0.116767
3608001	3609000	3608501	354.0	0.874193	-0.075426
3609001	3610000	3609501	376.0	0.874557	0.011557
3610001	3611000	3610501	400.0	0.874921	0.100824
3611001	3612000	3611501	384.0	0.875285	0.041931
3612001	3613000	3612501	327.0	0.875649	-0.189885
3613001	3614000	3613501	415.0	0.876013	0.153936
3614001	3615000	3614501	320.0	0.876377	-0.221104
3615001	3616000	3615501	310.0	0.876741	-0.266907
3616001	3617000	3616501	364.0	0.877105	-0.035237
3617001	3618000	3617501	343.0	0.877468	-0.120967
3618001	3619000	3618501	480.0	0.877832	0.363859
3619001	3620000	3619501	435.0	0.878196	0.221840
3620001	3621000	3620501	414.0	0.878560	0.150455
3621001	3622000	3621501	409.0	0.878924	0.132925
3622001	3623000	3622501	418.0	0.879288	0.164327
3623001	3624000	3623501	360.0	0.879652	-0.051179
3624001	3625000	3624501	466.0	0.880016	0.321154
3625001	3626000	3625501	335.0	0.880380	-0.155015
3626001	3627000	3626501	351.0	0.880744	-0.087705
3627001	3628000	3627501	353.0	0.881108	-0.079507
3628001	3629000	3628501	376.0	0.881472	0.011557
3629001	3630000	3629501	317.0	0.881836	-0.234693
3630001	3631000	3630501	447.0	0.882200	0.261099
3631001	3632000	3631501	418.0	0.882564	0.164327
3632001	3633000	3632501	390.0	0.882928	0.064298
3633001	3634000	3633501	476.0	0.883292	0.351786
3634001	3635000	3634501	365.0	0.883656	-0.031279
3635001	3636000	3635501	373.0	0.884019	0.000000
3636001	3637000	3636501	339.0	0.884383	-0.137890
3637001	3638000	3637501	326.0	0.884747	-0.194304
3638001	3639000	3638501	340.0	0.885111	-0.133641
3639001	3640000	3639501	302.0	0.885475	-0.304627
3640001	3641000	3640501	323.0	0.885839	-0.207641
3641001	3642000	3641501	286.0	0.886203	-0.383160
3642001	3643000	3642501	324.0	0.886567	-0.203182
3643001	3644000	3643501	371.0	0.886931	-0.007756
3644001	3645000	3644501	425.0	0.887295	0.188287
3645001	3646000	3645501	376.0	0.887659	0.011557
3646001	3647000	3646501	403.0	0.888023	0.111604
3647001	3648000	3647501	403.0	0.888387	0.111604
3648001	3649000	3648501	394.0	0.888751	0.079020
3649001	3650000	3649501	341.0	0.889115	-0.129404
3650001	3651000	3650501	252.0	0.889479	-0.565752
3651001	3652000	3651501	319.0	0.889843	-0.225619
3652001	3653000	3652501	387.0	0.890207	0.053158
3653001	3654000	3653501	335.0	0.890570	-0.155015
3654001	3655000	3654501	626.0	0.890934	0.746987
3655001	3656000	3655501	450.0	0.891298	0.270749
3656001	3657000	3656501	498.0	0.891662	0.416970
3657001	3658000	3657501	514.0	0.892026	0.462593
3658001	3659000	3658501	409.0	0.892390	0.132925
3659001	3660000	3659501	516.0	0.892754	0.468195
3660001	3661000	3660501	557.0	0.893118	0.578502
3661001	3662000	3661501	436.0	0.893482	0.225153
3662001	3663000	3662501	405.0	0.893846	0.118746
3663001	3664000	3663501	411.0	0.894210	0.139963
3664001	3665000	3664501	512.0	0.894574	0.456968
3665001	3666000	3665501	427.0	0.894938	0.195060
3666001	3667000	3666501	450.0	0.895302	0.270749
3667001	3668000	3667501	518.0	0.895666	0.473776
3668001	3669000	3668501	532.0	0.896030	0.512251
3669001	3670000	3669501	474.0	0.896394	0.345711
3670001	3671000	3670501	435.0	0.896758	0.221840
3671001	3672000	3671501	461.0	0.897121	0.305591
3672001	3673000	3672501	361.0	0.897485	-0.047177
3673001	3674000	3673501	363.0	0.897849	-0.039206
3674001	3675000	3674501	434.0	0.898213	0.218519
3675001	3676000	3675501	454.0	0.898577	0.283517
3676001	3677000	3676501	490.0	0.898941	0.393606
3677001	3678000	3677501	433.0	0.899305	0.215191
3678001	3679000	3678501	222.0	0.899669	-0.748616
3679001	3680000	3679501	523.0	0.900033	0.487635
3680001	3681000	3680501	350.0	0.900397	-0.091821
3681001	3682000	3681501	445.0	0.900761	0.254630
3682001	3683000	3682501	351.0	0.901125	-0.087705
3683001	3684000	3683501	413.0	0.901489	0.146966
3684001	3685000	3684501	470.0	0.901853	0.333485
3685001	3686000	3685501	461.0	0.902217	0.305591
3686001	3687000	3686501	479.0	0.902581	0.360850
3687001	3688000	3687501	356.0	0.902945	-0.067298
3688001	3689000	3688501	372.0	0.903309	-0.003873
3689001	3690000	3689501	400.0	0.903672	0.100824
3690001	3691000	3690501	318.0	0.904036	-0.230149
3691001	3692000	3691501	344.0	0.904400	-0.116767
3692001	3693000	3692501	364.0	0.904764	-0.035237
3693001	3694000	3693501	366.0	0.905128	-0.027332
3694001	3695000	3694501	348.0	0.905492	-0.100088
3695001	3696000	3695501	498.0	0.905856	0.416970
3696001	3697000	3696501	374.0	0.906220	0.003863
3697001	3698000	3697501	404.0	0.906584	0.115180
3698001	3699000	3698501	396.0	0.906948	0.086325
3699001	3700000	3699501	447.0	0.907312	0.261099
3700001	3701000	3700501	463.0	0.907676	0.311837
3701001	3702000	3701501	410.0	0.908040	0.136448
3702001	3703000	3702501	473.0	0.908404	0.342665
3703001	3704000	3703501	504.0	0.908768	0.434248
3704001	3705000	3704501	556.0	0.909132	0.575909
3705001	3706000	3705501	366.0	0.909496	-0.027332
3706001	3707000	3706501	373.0	0.909859	0.000000
3707001	3708000	3707501	406.0	0.910223	0.122304
3708001	3709000	3708501	388.0	0.910587	0.056881
3709001	3710000	3709501	315.0	0.910951	-0.243824
3710001	3711000	3710501	358.0	0.911315	-0.059216
3711001	3712000	3711501	340.0	0.911679	-0.133641
3712001	3713000	3712501	323.0	0.912043	-0.207641
3713001	3714000	3713501	411.0	0.912407	0.139963
3714001	3715000	3714501	386.0	0.912771	0.049425
3715001	3716000	3715501	370.0	0.913135	-0.011650
3716001	3717000	3716501	322.0	0.913499	-0.212115
3717001	3718000	3717501	356.0	0.913863	-0.067298
3718001	3719000	3718501	448.0	0.914227	0.264323
3719001	3720000	3719501	396.0	0.914591	0.086325
3720001	3721000	3720501	391.0	0.914955	0.067993
3721001	3722000	3721501	445.0	0.915319	0.254630
3722001	3723000	3722501	395.0	0.915683	0.082677
3723001	3724000	3723501	440.0	0.916047	0.238328
3724001	3725000	3724501	471.0	0.916410	0.336551
3725001	3726000	3725501	444.0	0.916774	0.251384
3726001	3727000	3726501	454.0	0.917138	0.283517
3727001	3728000	3727501	471.0	0.917502	0.336551
3728001	3729000	3728501	415.0	0.917866	0.153936
3729001	3730000	3729501	469.0	0.918230	0.330412
3730001	3731000	3730501	369.0	0.918594	-0.015555
3731001	3732000	3731501	403.0	0.918958	0.111604
3732001	3733000	3732501	311.0	0.919322	-0.262261
3733001	3734000	3733501	343.0	0.919686	-0.120967
3734001	3735000	3734501	424.0	0.920050	0.184889
3735001	3736000	3735501	392.0	0.920414	0.071678
3736001	3737000	3736501	570.0	0.920778	0.611786
3737001	3738000	3737501	385.0	0.921142	0.045683
3738001	3739000	3738501	400.0	0.921506	0.100824
3739001	3740000	3739501	506.0	0.921870	0.439962
3740001	3741000	3740501	416.0	0.922234	0.157408
3741001	3742000	3741501	422.0	0.922598	0.178067
3742001	3743000	3742501	370.0	0.922961	-0.011650
3743001	3744000	3743501	387.0	0.923325	0.053158
3744001	3745000	3744501	382.0	0.923689	0.034397
3745001	3746000	3745501	434.0	0.924053	0.218519
3746001	3747000	3746501	359.0	0.924417	-0.055192
3747001	3748000	3747501	454.0	0.924781	0.283517
3748001	3749000	3748501	389.0	0.925145	0.060595
3749001	3750000	3749501	409.0	0.925509	0.132925
3750001	3751000	3750501	372.0	0.925873	-0.003873
3751001	3752000	3751501	289.0	0.926237	-0.368106
3752001	3753000	3752501	269.0	0.926601	-0.471569
3753001	3754000	3753501	234.0	0.926965	-0.672667
3754001	3755000	3754501	332.0	0.927329	-0.167992
3755001	3756000	3755501	282.0	0.927693	-0.403480
3756001	3757000	3756501	236.0	0.928057	-0.660389
3757001	3758000	3757501	269.0	0.928421	-0.471569
3758001	3759000	3758501	283.0	0.928785	-0.398374
3759001	3760000	3759501	333.0	0.929149	-0.163653
3760001	3761000	3760501	434.0	0.929512	0.218519
3761001	3762000	3761501	452.0	0.929876	0.277147
3762001	3763000	3762501	420.0	0.930240	0.171214
3763001	3764000	3763501	376.0	0.930604	0.011557
3764001	3765000	3764501	468.0	0.930968	0.327333
3765001	3766000	3765501	504.0	0.931332	0.434248
3766001	3767000	3766501	419.0	0.931696	0.167775
3767001	3768000	3767501	359.0	0.932060	-0.055192
3768001	3769000	3768501	332.0	0.932424	-0.167992
3769001	3770000	3769501	352.0	0.932788	-0.083600
3770001	3771000	3770501	319.0	0.933152	-0.225619
3771001	3772000	3771501	352.0	0.933516	-0.083600
3772001	3773000	3772501	402.0	0.933880	0.108020
3773001	3774000	3773501	390.0	0.934244	0.064298
3774001	3775000	3774501	384.0	0.934608	0.041931
3775001	3776000	3775501	319.0	0.934972	-0.225619
3776001	3777000	3776501	375.0	0.935336	0.007715
3777001	3778000	3777501	413.0	0.935700	0.146966
3778001	3779000	3778501	331.0	0.936063	-0.172344
3779001	3780000	3779501	408.0	0.936427	0.129394
3780001	3781000	3780501	432.0	0.936791	0.211856
3781001	3782000	3781501	388.0	0.937155	0.056881
3782001	3783000	3782501	388.0	0.937519	0.056881
3783001	3784000	3783501	419.0	0.937883	0.167775
3784001	3785000	3784501	550.0	0.938247	0.560256
3785001	3786000	3785501	408.0	0.938611	0.129394
3786001	3787000	3786501	282.0	0.938975	-0.403480
3787001	3788000	3787501	361.0	0.939339	-0.047177
3788001	3789000	3788501	380.0	0.939703	0.026824
3789001	3790000	3789501	337.0	0.940067	-0.146427
3790001	3791000	3790501	450.0	0.940431	0.270749
3791001	3792000	3791501	520.0	0.940795	0.479336
3792001	3793000	3792501	404.0	0.941159	0.115180
3793001	3794000	3793501	409.0	0.941523	0.132925
3794001	3795000	3794501	406.0	0.941887	0.122304
3795001	3796000	3795501	380.0	0.942250	0.026824
3796001	3797000	3796501	481.0	0.942614	0.366861
3797001	3798000	3797501	430.0	0.942978	0.205161
3798001	3799000	3798501	408.0	0.943342	0.129394
3799001	3800000	3799501	389.0	0.943706	0.060595
3800001	3801000	3800501	478.0	0.944070	0.357835
3801001	3802000	3801501	400.0	0.944434	0.100824
3802001	3803000	3802501	521.0	0.944798	0.482108
3803001	3804000	3803501	413.0	0.945162	0.146966
3804001	3805000	3804501	461.0	0.945526	0.305591
3805001	3806000	3805501	521.0	0.945890	0.482108
3806001	3807000	3806501	487.0	0.946254	0.384746
3807001	3808000	3807501	448.0	0.946618	0.264323
3808001	3809000	3808501	449.0	0.946982	0.267540
3809001	3810000	3809501	402.0	0.947346	0.108020
3810001	3811000	3810501	404.0	0.947710	0.115180
3811001	3812000	3811501	365.0	0.948074	-0.031279
3812001	3813000	3812501	467.0	0.948438	0.324247
3813001	3814000	3813501	391.0	0.948801	0.067993
3814001	3815000	3814501	488.0	0.949165	0.387706
3815001	3816000	3815501	430.0	0.949529	0.205161
3816001	3817000	3816501	448.0	0.949893	0.264323
3817001	3818000	3817501	489.0	0.950257	0.390659
3818001	3819000	3818501	480.0	0.950621	0.363859
3819001	3820000	3819501	346.0	0.950985	-0.108404
3820001	3821000	3820501	324.0	0.951349	-0.203182
3821001	3822000	3821501	463.0	0.951713	0.311837
3822001	3823000	3822501	371.0	0.952077	-0.007756
3823001	3824000	3823501	432.0	0.952441	0.211856
3824001	3825000	3824501	449.0	0.952805	0.267540
3825001	3826000	3825501	392.0	0.953169	0.071678
3826001	3827000	3826501	349.0	0.953533	-0.095949
3827001	3828000	3827501	396.0	0.953897	0.086325
3828001	3829000	3828501	459.0	0.954261	0.299319
3829001	3830000	3829501	460.0	0.954625	0.302458
3830001	3831000	3830501	451.0	0.954989	0.273952
3831001	3832000	3831501	417.0	0.955352	0.160872
3832001	3833000	3832501	414.0	0.955716	0.150455
3833001	3834000	3833501	344.0	0.956080	-0.116767
3834001	3835000	3834501	518.0	0.956444	0.473776
3835001	3836000	3835501	593.0	0.956808	0.668856
3836001	3837000	3836501	459.0	0.957172	0.299319
3837001	3838000	3837501	430.0	0.957536	0.205161
3838001	3839000	3838501	429.0	0.957900	0.201802
3839001	3840000	3839501	378.0	0.958264	0.019211
3840001	3841000	3840501	250.0	0.958628	-0.577248
3841001	3842000	3841501	325.0	0.958992	-0.198736
3842001	3843000	3842501	415.0	0.959356	0.153936
3843001	3844000	3843501	427.0	0.959720	0.195060
3844001	3845000	3844501	520.0	0.960084	0.479336
3845001	3846000	3845501	635.0	0.960448	0.767581
3846001	3847000	3846501	547.0	0.960812	0.552365
3847001	3848000	3847501	405.0	0.961176	0.118746
3848001	3849000	3848501	403.0	0.961540	0.111604
3849001	3850000	3849501	377.0	0.961903	0.015389
3850001	3851000	3850501	342.0	0.962267	-0.125179
3851001	3852000	3851501	385.0	0.962631	0.045683
3852001	3853000	3852501	363.0	0.962995	-0.039206
3853001	3854000	3853501	404.0	0.963359	0.115180
3854001	3855000	3854501	541.0	0.963723	0.536453
3855001	3856000	3855501	438.0	0.964087	0.231755
3856001	3857000	3856501	370.0	0.964451	-0.011650
3857001	3858000	3857501	463.0	0.964815	0.311837
3858001	3859000	3858501	504.0	0.965179	0.434248
3859001	3860000	3859501	323.0	0.965543	-0.207641
3860001	3861000	3860501	346.0	0.965907	-0.108404
3861001	3862000	3861501	374.0	0.966271	0.003863
3862001	3863000	3862501	359.0	0.966635	-0.055192
3863001	3864000	3863501	371.0	0.966999	-0.007756
3864001	3865000	3864501	359.0	0.967363	-0.055192
3865001	3866000	3865501	444.0	0.967727	0.251384
3866001	3867000	3866501	403.0	0.968090	0.111604
3867001	3868000	3867501	444.0	0.968454	0.251384
3868001	3869000	3868501	443.0	0.968818	0.248131
3869001	3870000	3869501	394.0	0.969182	0.079020
3870001	3871000	3870501	323.0	0.969546	-0.207641
3871001	3872000	3871501	496.0	0.969910	0.411164
3872001	3873000	3872501	380.0	0.970274	0.026824
3873001	3874000	3873501	413.0	0.970638	0.146966
3874001	3875000	3874501	467.0	0.971002	0.324247
3875001	3876000	3875501	412.0	0.971366	0.143469
3876001	3877000	3876501	321.0	0.971730	-0.216602
3877001	3878000	3877501	354.0	0.972094	-0.075426
3878001	3879000	3878501	378.0	0.972458	0.019211
3879001	3880000	3879501	396.0	0.972822	0.086325
3880001	3881000	3880501	436.0	0.973186	0.225153
3881001	3882000	3881501	348.0	0.973550	-0.100088
3882001	3883000	3882501	381.0	0.973914	0.030615
3883001	3884000	3883501	408.0	0.974278	0.129394
3884001	3885000	3884501	454.0	0.974641	0.283517
3885001	3886000	3885501	418.0	0.975005	0.164327
3886001	3887000	3886501	455.0	0.975369	0.286691
3887001	3888000	3887501	433.0	0.975733	0.215191
3888001	3889000	3888501	465.0	0.976097	0.318055
3889001	3890000	3889501	569.0	0.976461	0.609253
3890001	3891000	3890501	619.0	0.976825	0.730764
3891001	3892000	3891501	502.0	0.977189	0.428512
3892001	3893000	3892501	518.0	0.977553	0.473776
3893001	3894000	3893501	398.0	0.977917	0.093593
3894001	3895000	3894501	369.0	0.978281	-0.015555
3895001	3896000	3895501	427.0	0.978645	0.195060
3896001	3897000	3896501	362.0	0.979009	-0.043186
3897001	3898000	3897501	504.0	0.979373	0.434248
3898001	3899000	3898501	445.0	0.979737	0.254630
3899001	3900000	3899501	373.0	0.980101	0.000000
3900001	3901000	3900501	408.0	0.980465	0.129394
3901001	3902000	3901501	466.0	0.980829	0.321154
3902001	3903000	3902501	489.0	0.981192	0.390659
3903001	3904000	3903501	417.0	0.981556	0.160872
3904001	3905000	3904501	369.0	0.981920	-0.015555
3905001	3906000	3905501	295.0	0.982284	-0.338461
3906001	3907000	3906501	377.0	0.982648	0.015389
3907001	3908000	3907501	370.0	0.983012	-0.011650
3908001	3909000	3908501	379.0	0.983376	0.023022
3909001	3910000	3909501	319.0	0.983740	-0.225619
3910001	3911000	3910501	355.0	0.984104	-0.071357
3911001	3912000	3911501	345.0	0.984468	-0.112579
3912001	3913000	3912501	402.0	0.984832	0.108020
3913001	3914000	3913501	343.0	0.985196	-0.120967
3914001	3915000	3914501	238.0	0.985560	-0.648214
3915001	3916000	3915501	275.0	0.985924	-0.439744
3916001	3917000	3916501	283.0	0.986288	-0.398374
3917001	3918000	3917501	286.0	0.986652	-0.383160
3918001	3919000	3918501	257.0	0.987016	-0.537407
3919001	3920000	3919501	297.0	0.987380	-0.328713
3920001	3921000	3920501	454.0	0.987743	0.283517
3921001	3922000	3921501	422.0	0.988107	0.178067
3922001	3923000	3922501	264.0	0.988471	-0.498638
3923001	3924000	3923501	372.0	0.988835	-0.003873
3924001	3925000	3924501	273.0	0.989199	-0.450275
3925001	3926000	3925501	288.0	0.989563	-0.373107
3926001	3927000	3926501	303.0	0.989927	-0.299858
3927001	3928000	3927501	309.0	0.990291	-0.271569
3928001	3929000	3928501	242.0	0.990655	-0.624169
3929001	3930000	3929501	244.0	0.991019	-0.612294
3930001	3931000	3930501	372.0	0.991383	-0.003873
3931001	3932000	3931501	359.0	0.991747	-0.055192
3932001	3933000	3932501	290.0	0.992111	-0.363123
3933001	3934000	3933501	288.0	0.992475	-0.373107
3934001	3935000	3934501	265.0	0.992839	-0.493183
3935001	3936000	3935501	293.0	0.993203	-0.348275
3936001	3937000	3936501	382.0	0.993567	0.034397
3937001	3938000	3937501	402.0	0.993931	0.108020
3938001	3939000	3938501	418.0	0.994294	0.164327
3939001	3940000	3939501	327.0	0.994658	-0.189885
3940001	3941000	3940501	331.0	0.995022	-0.172344
3941001	3942000	3941501	383.0	0.995386	0.038169
3942001	3943000	3942501	264.0	0.995750	-0.498638
3943001	3944000	3943501	278.0	0.996114	-0.424091
3944001	3945000	3944501	389.0	0.996478	0.060595
3945001	3946000	3945501	386.0	0.996842	0.049425
3946001	3947000	3946501	338.0	0.997206	-0.142152
3947001	3948000	3947501	320.0	0.997570	-0.221104
3948001	3949000	3948501	285.0	0.997934	-0.388214
3949001	3950000	3949501	340.0	0.998298	-0.133641
3950001	3951000	3950501	381.0	0.998662	0.030615
3951001	3952000	3951501	362.0	0.999026	-0.043186
3952001	3953000	3952501	628.0	0.999390	0.751589
3953001	3954000	3953501	603.0	0.999754	0.692982
